{"Light":{"Led410Enable":true;"Led470Enable":true;"Led560Enable":false;"Led410Value":50.0;"Led470Value":50.0;"Led560Value":100.0};"Excitation":{"mode":1;"discontinuous":false;"interval_time":1;"continuous_time":1};"Channels":[{"Name":"CH1";"ChanelColor":"#00000000";"Roi1":"337.456338028169;222.898591549295;102.304225352113;102.304225352113";"Roi2":"319;227;102.304225352113;102.304225352113"}];"AllMarking":[{"id":0;"type":1;"opened":true;"name":"STIM";"Levels":0;"color":"#FFFF0000";"key":0;"threshold":0.0;"ID":"0";"all":true;"channels":["AllChannel";"CH1"];"enable":true};{"id":0;"type":2;"opened":true;"name":"Input1";"Levels":0;"color":"#FFFF0000";"key":0;"threshold":0.0;"ID":"0";"all":true;"channels":["AllChannel";"CH1"];"enable":true};{"id":0;"type":2;"opened":true;"name":"Input2";"Levels":0;"color":"#FF604A7B";"key":0;"threshold":0.0;"ID":"0";"all":true;"channels":["AllChannel";"CH1"];"enable":true};{"id":0;"type":2;"opened":true;"name":"Input3";"Levels":0;"color":"#FF92D050";"key":0;"threshold":0.0;"ID":"0";"all":true;"channels":["AllChannel";"CH1"];"enable":true};{"id":0;"type":2;"opened":true;"name":"Input4";"Levels":0;"color":"#FF0099FF";"key":0;"threshold":0.0;"ID":"0";"all":true;"channels":["AllChannel";"CH1"];"enable":true}];"Fps":30.0}
TimeStamp,Events,CH1-410,CH1-470,
0.000,,422.952,451.317,
66.664,,418.448,456.715,
133.332,,417.535,458.211,
199.993,,415.409,456.581,
266.664,,416.269,451.822,
333.332,,412.312,445.550,
399.995,,413.737,436.324,
466.662,,411.747,431.803,
533.328,,409.069,425.149,
599.997,,410.795,423.041,
666.662,,410.366,426.627,
733.327,,406.842,429.786,
799.996,,407.238,430.748,
866.664,,407.754,433.963,
933.329,,408.344,438.810,
999.994,,411.366,441.420,
1066.662,,409.304,446.637,
1133.327,,406.862,458.470,
1199.995,,400.461,461.424,
1266.663,,396.939,463.061,
1333.327,,399.486,480.935,
1399.997,,402.525,471.415,
1466.663,,400.939,474.441,
1533.332,,405.003,476.134,
1599.995,,404.418,469.140,
1666.661,,403.499,461.221,
1733.327,,401.696,450.961,
1799.996,,402.747,447.429,
1866.661,,406.354,443.816,
1933.330,,405.192,439.321,
1999.997,,402.905,436.215,
2066.661,,400.396,437.226,
2133.331,,400.806,434.190,
2199.994,,400.167,430.310,
2266.661,,400.334,426.476,
2333.330,,401.245,422.850,
2399.995,,400.808,417.498,
2466.662,,398.875,416.461,
2533.330,,399.563,417.630,
2599.998,,400.018,416.275,
2666.660,,399.077,412.171,
2733.331,,397.193,410.330,
2799.995,,396.181,412.587,
2866.666,,395.976,414.500,
2933.331,,399.580,411.317,
2999.997,,398.529,407.668,
3066.664,,400.692,414.274,
3133.331,,399.842,408.918,
3199.994,,394.436,407.015,
3266.661,,395.755,414.034,
3333.329,,396.688,420.822,
3399.994,,398.301,423.395,
3466.662,,397.819,428.727,
3533.332,,399.381,433.893,
3599.997,,397.615,426.115,
3666.664,,397.684,421.988,
3733.330,,398.912,422.833,
3799.997,,401.081,431.401,
3866.662,,398.946,431.304,
3933.330,,395.041,426.382,
3999.997,,397.035,431.741,
4066.663,,396.721,423.857,
4133.332,,394.597,419.645,
4199.995,,394.587,423.065,
4266.662,,400.465,424.569,
4333.330,,402.338,417.350,
4399.996,,403.248,411.212,
4466.663,,401.024,406.796,
4533.333,,399.843,406.571,
4599.995,,399.619,402.639,
4666.664,,398.610,402.318,
4733.328,,398.549,396.119,
4799.997,,394.004,390.605,
4866.663,,391.503,392.428,
4933.329,,389.889,394.966,
4999.996,,390.539,400.103,
5066.668,,389.901,401.434,
5133.332,,389.029,404.324,
5199.993,,388.723,404.532,
5266.664,,390.145,410.180,
5333.333,,388.178,405.665,
5399.997,,391.508,419.489,
5466.664,,393.920,430.506,
5533.328,,398.783,444.943,
5599.996,,397.685,447.994,
5666.666,,397.114,457.617,
5733.326,,396.471,459.291,
5799.995,,394.651,462.660,
5866.660,,395.036,465.268,
5933.329,,393.725,463.045,
5999.999,,394.235,467.695,
6066.665,,396.004,472.048,
6133.329,,396.021,467.733,
6199.994,,395.971,469.050,
6266.662,,394.431,465.519,
6333.330,,391.007,453.998,
6400.000,,382.765,441.621,
6466.663,,384.994,440.402,
6533.330,,383.302,451.295,
6599.994,,382.565,450.699,
6666.661,,386.642,471.917,
6733.332,,381.920,490.620,
6799.998,,384.546,480.574,
6866.661,,386.909,490.337,
6933.326,,383.060,474.123,
6999.999,,388.550,470.437,
7066.665,,388.122,452.588,
7133.330,,388.146,446.255,
7199.995,,389.196,434.256,
7266.666,,386.768,428.466,
7333.332,,388.720,421.367,
7399.995,,385.546,415.701,
7466.662,,387.247,413.633,
7533.327,,386.146,407.743,
7599.998,,386.902,409.742,
7666.664,,388.019,408.935,
7733.327,,385.608,408.573,
7799.999,,389.032,420.812,
7866.660,,388.463,415.027,
7933.330,,386.266,413.131,
7999.993,,388.328,411.102,
8066.661,,386.743,408.578,
8133.328,,388.361,402.381,
8199.998,,384.998,400.167,
8266.661,,388.701,403.147,
8333.332,,388.902,399.658,
8399.998,,387.765,394.201,
8466.662,,385.564,395.648,
8533.331,,388.636,397.343,
8599.994,,388.303,393.314,
8666.661,,383.781,385.339,
8733.329,,384.606,385.572,
8799.998,,386.846,386.699,
8866.660,,389.814,387.091,
8933.329,,389.691,384.709,
8999.997,,387.996,385.667,
9066.662,,388.569,393.887,
9133.330,,389.120,398.885,
9199.999,,385.170,398.097,
9266.662,,388.277,400.473,
9333.329,,388.282,406.996,
9399.997,,387.046,408.074,
9466.663,,388.421,413.914,
9533.333,,388.353,421.070,
9599.995,,391.468,425.353,
9666.663,,392.328,430.647,
9733.333,,391.232,442.440,
9799.999,,391.499,446.987,
9866.661,,391.456,447.931,
9933.331,,392.226,451.049,
9999.999,,391.292,443.438,
10066.663,,389.903,441.105,
10133.330,,389.959,441.884,
10199.997,,390.638,433.163,
10266.664,,390.757,432.034,
10333.332,,390.594,425.099,
10399.994,,389.322,419.497,
10466.660,,389.492,421.010,
10533.327,,390.888,418.436,
10599.997,,390.052,412.931,
10666.661,,389.795,408.176,
10733.331,,390.007,401.979,
10799.998,,385.852,390.897,
10866.662,,381.802,387.568,
10933.331,,384.791,389.475,
10999.993,,387.523,398.430,
11066.666,,388.230,410.560,
11133.329,,389.100,420.227,
11199.993,,389.550,420.816,
11266.666,,387.405,415.428,
11333.333,,387.333,416.943,
11399.996,,388.274,421.276,
11466.660,,389.688,422.737,
11533.328,,389.756,418.984,
11599.997,,389.684,416.573,
11666.663,,389.688,412.671,
11733.328,,387.599,416.767,
11799.997,,387.729,419.050,
11866.665,,385.711,416.938,
11933.331,,381.456,410.121,
11999.998,,379.968,411.443,
12066.661,,381.219,416.168,
12133.331,,386.398,421.850,
12199.996,,387.874,430.760,
12266.660,,388.468,433.970,
12333.328,,391.158,432.561,
12399.995,,386.339,423.073,
12466.667,,385.713,418.717,
12533.328,,388.412,416.011,
12599.996,,387.318,413.708,
12666.662,,388.283,417.726,
12733.333,,385.807,424.544,
12799.998,,387.375,428.414,
12866.662,,386.185,438.596,
12933.330,,386.473,439.676,
13000.000,,388.149,439.608,
13066.662,,386.592,449.720,
13133.328,,387.605,454.647,
13199.996,,385.548,445.378,
13266.661,,384.506,436.516,
13333.333,,385.860,429.422,
13399.998,,385.354,426.972,
13466.664,,385.167,424.768,
13533.328,,385.634,419.131,
13599.997,,385.780,418.305,
13666.660,,385.989,417.411,
13733.331,,385.522,423.427,
13799.996,,385.347,418.756,
13866.666,,384.351,411.195,
13933.329,,383.265,404.698,
13999.995,,381.916,401.003,
14066.661,,384.408,400.807,
14133.333,,384.163,393.967,
14199.997,,380.625,390.821,
14266.663,,382.858,387.361,
14333.330,,382.508,386.538,
14399.996,,382.621,398.375,
14466.663,,384.151,399.158,
14533.331,,386.118,404.364,
14599.995,,385.629,412.442,
14666.660,,387.214,421.275,
14733.330,,384.800,421.143,
14799.997,,383.332,418.878,
14866.665,,384.487,428.847,
14933.329,,387.069,431.937,
14999.998,,386.041,425.632,
15066.660,,386.540,428.337,
15133.328,,384.844,432.609,
15199.999,,385.219,428.690,
15266.662,,384.830,425.930,
15333.328,,385.536,425.720,
15399.994,,385.398,416.962,
15466.665,,382.457,410.622,
15533.327,,381.938,411.622,
15599.998,,383.688,413.441,
15666.664,,384.729,412.726,
15733.331,,383.396,408.115,
15799.994,,378.820,401.631,
15866.664,,377.550,405.773,
15933.333,,382.338,404.346,
15999.972,,385.926,408.785,
16066.614,,388.849,416.078,
16133.261,,386.169,410.687,
16199.900,,383.309,408.401,
16266.542,,382.527,411.674,
16333.181,,381.724,412.884,
16399.825,,383.737,411.407,
16466.466,,384.558,426.013,
16533.108,,383.571,438.536,
16599.747,,381.108,452.389,
16666.390,,382.084,465.174,
16733.029,,382.491,464.386,
16799.671,,382.627,457.756,
16866.312,,383.149,449.813,
16932.954,,380.593,449.979,
16999.592,,379.761,447.885,
17066.233,,382.079,439.454,
17132.871,,383.715,436.171,
17199.509,,382.714,430.831,
17266.152,,381.639,427.012,
17332.788,,380.516,421.309,
17399.429,,380.705,412.813,
17466.066,,379.733,408.588,
17532.705,,379.627,404.742,
17599.340,,378.309,400.505,
17665.982,,378.535,395.228,
17732.618,,379.227,393.643,
17799.254,,380.268,393.653,
17865.890,,383.687,397.083,
17932.528,,383.731,400.864,
17999.168,,383.778,414.983,
18065.803,,382.473,425.232,
18132.437,,382.499,434.217,
18199.077,,381.450,439.248,
18265.709,,384.175,447.938,
18332.348,,382.447,445.495,
18398.986,,379.248,433.782,
18465.617,,379.264,433.009,
18532.258,,380.065,421.036,
18598.889,,378.225,410.813,
18665.528,,379.167,411.717,
18732.157,,381.100,408.959,
18798.795,,381.059,414.796,
18865.430,,383.714,415.862,
18932.066,,384.701,412.280,
18998.694,,380.636,405.359,
19065.332,,380.476,397.721,
19131.962,,379.973,399.382,
19198.601,,380.706,400.099,
19265.232,,381.915,400.151,
19331.861,,381.275,396.186,
19398.494,,380.893,396.890,
19465.128,,381.117,394.816,
19531.765,,379.190,392.258,
19598.396,,380.292,392.381,
19665.024,,379.904,395.377,
19731.658,,380.700,398.874,
19798.288,,381.214,399.345,
19864.920,,380.933,398.986,
19931.550,,381.017,398.366,
19998.186,,380.271,400.531,
20064.816,,380.820,398.603,
20131.443,,380.074,401.163,
20198.071,,380.213,400.923,
20264.703,,378.766,401.782,
20331.336,,377.991,399.573,
20397.964,,378.384,402.531,
20464.592,,379.274,404.656,
20531.223,,379.456,404.253,
20597.853,,378.839,408.468,
20664.483,,378.280,415.849,
20731.109,,377.909,420.415,
20797.741,,376.400,415.010,
20864.367,,376.418,415.451,
20930.993,,377.047,416.875,
20997.625,,376.246,414.855,
21064.255,,377.216,419.108,
21130.879,,377.460,424.642,
21197.505,,380.623,417.291,
21264.133,,378.073,410.704,
21330.763,,378.065,415.174,
21397.388,,376.954,418.506,
21464.011,,376.673,417.504,
21530.641,,377.432,417.646,
21597.270,,377.157,410.060,
21663.889,,379.160,408.120,
21730.519,,378.513,403.847,
21797.147,,377.053,398.826,
21863.767,,376.471,395.228,
21930.394,,376.512,397.250,
21997.019,,377.993,390.904,
22063.644,,376.417,393.296,
22130.271,,376.764,388.093,
22196.890,,377.098,386.711,
22263.520,,377.304,384.965,
22330.142,,377.229,388.203,
22396.767,,377.736,388.047,
22463.388,,377.641,395.320,
22530.016,,377.787,405.224,
22596.633,,375.413,408.715,
22663.261,,373.935,411.303,
22729.883,,373.225,427.136,
22796.502,,374.032,426.557,
22863.127,,374.622,422.630,
22929.752,,373.451,416.690,
22996.373,,373.497,406.460,
23062.992,,371.309,396.195,
23129.614,,370.558,406.380,
23196.235,,377.647,406.110,
23262.858,,377.193,403.646,
23329.481,,376.432,405.466,
23396.100,,376.656,401.112,
23462.719,,375.923,399.360,
23529.344,,374.060,393.737,
23595.963,,377.048,394.787,
23662.579,,377.425,398.997,
23729.201,,379.193,406.191,
23795.821,,380.839,417.971,
23862.443,,375.707,422.156,
23929.057,,375.164,441.640,
23995.714,,377.051,458.872,
24062.374,,376.400,469.985,
24129.030,,374.570,475.457,
24195.690,,375.916,467.084,
24262.349,,377.121,456.458,
24329.005,,377.554,444.224,
24395.669,,375.101,431.271,
24462.324,,374.997,420.896,
24528.983,,374.652,422.084,
24595.636,,377.144,420.157,
24662.298,,375.784,417.067,
24728.952,,374.398,416.079,
24795.611,,376.831,408.793,
24862.269,,376.490,405.507,
24928.929,,375.702,399.548,
24995.591,,378.086,396.890,
25062.248,,376.664,396.373,
25128.903,,377.155,392.723,
25195.565,,376.378,394.255,
25262.220,,376.928,391.538,
25328.879,,376.982,392.695,
25395.536,,373.417,388.222,
25462.195,,374.250,391.752,
25528.853,,374.038,396.727,
25595.513,,369.746,400.507,
25662.169,,375.803,411.413,
25728.826,,374.139,420.095,
25795.488,,375.642,416.868,
25862.144,,374.313,415.517,
25928.801,,374.008,415.133,
25995.465,,375.212,417.318,
26062.118,,377.085,419.531,
26128.777,,378.752,417.457,
26195.435,,381.458,420.831,
26262.099,,380.091,425.614,
26328.757,,378.973,425.118,
26395.410,,377.825,426.258,
26462.072,,377.571,424.129,
26528.731,,377.813,424.125,
26595.389,,377.351,423.329,
26662.049,,377.845,428.940,
26728.704,,378.570,423.537,
26795.363,,378.111,421.096,
26862.026,,379.282,414.663,
26928.684,,377.430,412.362,
26995.339,,377.525,409.393,
27061.996,,377.283,405.027,
27128.658,,375.925,402.433,
27195.314,,377.377,404.870,
27261.978,,377.960,405.699,
27328.632,,377.736,409.266,
27395.292,,378.372,412.001,
27461.955,,374.883,412.768,
27528.611,,376.598,417.913,
27595.267,,376.544,421.335,
27661.929,,377.222,427.168,
27728.590,,377.912,422.458,
27795.249,,376.549,415.245,
27861.904,,376.218,415.122,
27928.562,,375.758,414.277,
27995.222,,375.195,409.671,
28061.882,,375.224,410.349,
28128.540,,376.233,411.657,
28195.201,,376.287,415.030,
28261.862,,375.546,410.742,
28328.517,,374.117,404.020,
28395.176,,374.466,409.868,
28461.835,,374.830,404.036,
28528.495,,373.131,402.848,
28595.152,,374.718,404.369,
28661.813,,375.169,402.256,
28728.474,,373.678,401.343,
28795.133,,374.328,403.077,
28861.794,,374.871,402.752,
28928.454,,373.541,403.509,
28995.107,,374.941,408.775,
29061.768,,373.615,415.095,
29128.427,,372.821,417.825,
29195.088,,374.622,413.517,
29261.749,,374.351,406.559,
29328.405,,374.277,405.391,
29395.067,,372.131,404.499,
29461.728,,372.968,405.710,
29528.381,,373.459,401.060,
29595.041,,374.162,393.960,
29661.699,,373.889,392.177,
29728.364,,373.212,394.400,
29795.024,,374.228,398.996,
29861.680,,373.236,399.681,
29928.340,,374.718,395.768,
29994.998,,373.828,394.378,
30061.657,,373.299,394.359,
30128.316,,372.463,397.265,
30194.975,,374.251,399.450,
30261.638,,371.779,393.230,
30328.294,,369.831,387.696,
30394.954,,369.192,386.573,
30461.617,,369.810,387.909,
30528.273,,370.394,397.840,
30594.933,,372.627,400.548,
30661.593,,374.414,396.323,
30728.258,,372.769,388.870,
30794.917,,370.784,385.819,
30861.574,,370.556,394.342,
30928.233,,371.014,396.322,
30994.894,,371.561,400.575,
31061.551,,372.372,395.532,
31128.216,,371.350,395.335,
31194.873,,371.910,393.168,
31261.532,,372.109,394.332,
31328.190,,371.510,404.166,
31394.850,,373.851,415.372,
31461.513,,373.035,413.053,
31528.169,,371.201,411.466,
31594.829,,372.373,408.151,
31661.491,,371.776,402.293,
31728.154,,372.069,400.868,
31794.811,,371.124,401.235,
31861.471,,372.871,400.475,
31928.135,,374.556,398.347,
31994.790,,373.949,391.731,
32061.451,,372.901,391.892,
32128.109,,372.934,391.069,
32194.765,,372.487,388.015,
32261.420,,373.011,386.651,
32328.085,,375.075,384.814,
32394.739,,375.877,385.064,
32461.402,,374.111,381.468,
32528.056,,371.472,378.080,
32594.719,,371.590,375.520,
32661.371,,370.516,376.075,
32728.034,,372.399,375.644,
32794.694,,370.243,380.675,
32861.353,,372.153,383.149,
32928.007,,370.513,389.943,
32994.669,,373.077,386.250,
33061.322,,373.018,386.154,
33127.986,,373.397,384.620,
33194.641,,371.333,390.153,
33261.301,,372.566,396.335,
33327.957,,373.737,397.947,
33394.618,,372.977,395.233,
33461.278,,369.535,394.636,
33527.938,,368.366,396.781,
33594.593,,369.558,398.915,
33661.251,,370.839,407.081,
33727.907,,371.278,407.597,
33794.571,,371.508,400.456,
33861.226,,368.332,393.030,
33927.888,,367.578,386.607,
33994.547,,367.259,383.197,
34061.207,,367.451,380.082,
34127.864,,369.246,385.522,
34194.521,,369.903,389.056,
34261.182,,371.666,397.087,
34327.837,,371.149,400.500,
34394.497,,370.325,399.246,
34461.159,,369.189,397.963,
34527.814,,370.238,400.990,
34594.472,,370.150,401.978,
34661.131,,369.308,408.919,
34727.789,,369.191,401.965,
34794.453,,370.412,397.725,
34861.111,,370.067,401.661,
34927.767,,371.274,404.914,
34994.424,,369.591,409.221,
35061.084,,368.828,406.802,
35127.742,,367.498,413.102,
35194.406,,368.450,414.866,
35261.064,,367.271,417.044,
35327.723,,366.829,416.569,
35394.383,,366.432,415.950,
35461.037,,366.897,413.656,
35527.697,,367.609,410.376,
35594.354,,366.778,405.237,
35661.013,,366.021,399.345,
35727.671,,365.524,394.894,
35794.330,,366.262,392.771,
35860.991,,367.403,387.396,
35927.652,,367.056,388.956,
35994.313,,370.755,391.376,
36060.968,,372.105,389.971,
36127.631,,373.047,391.755,
36194.287,,375.508,397.317,
36260.946,,374.422,398.715,
36327.605,,373.905,395.543,
36394.265,,373.571,388.428,
36460.924,,371.650,385.444,
36527.582,,371.661,388.124,
36594.243,,370.752,388.077,
36660.899,,370.410,389.098,
36727.561,,369.947,386.766,
36794.218,,368.489,385.324,
36860.879,,370.218,384.941,
36927.536,,369.476,383.588,
36994.198,,371.001,382.999,
37060.852,,371.189,390.771,
37127.513,,370.914,393.925,
37194.175,,371.225,393.976,
37260.836,,368.735,387.770,
37327.490,,369.574,385.757,
37394.150,,367.507,382.384,
37460.809,,368.928,378.631,
37527.468,,368.560,375.987,
37594.127,,367.561,377.652,
37660.790,,369.635,380.236,
37727.450,,368.414,382.940,
37794.109,,370.297,382.327,
37860.767,,369.237,384.348,
37927.428,,369.811,385.752,
37994.087,,368.773,393.451,
38060.743,,369.865,392.919,
38127.400,,369.967,398.452,
38194.062,,370.959,407.787,
38260.723,,371.405,415.046,
38327.381,,369.644,407.192,
38394.042,,370.833,399.661,
38460.701,,370.420,390.882,
38527.357,,370.567,386.759,
38594.020,,371.919,387.182,
38660.677,,369.882,384.756,
38727.338,,369.277,380.190,
38793.995,,368.801,377.164,
38860.658,,368.966,373.839,
38927.319,,367.919,370.546,
38993.978,,366.599,371.627,
39060.633,,366.211,374.683,
39127.283,,368.075,378.662,
39193.952,,366.506,381.938,
39260.613,,368.990,385.694,
39327.270,,368.761,388.871,
39393.931,,369.659,386.639,
39460.594,,369.699,395.528,
39527.251,,368.324,395.213,
39593.909,,368.910,393.625,
39660.572,,368.065,390.147,
39727.231,,367.701,388.732,
39793.892,,368.344,385.256,
39860.550,,371.236,387.637,
39927.207,,372.109,390.545,
39993.866,,371.133,391.789,
40060.526,,370.540,392.366,
40127.187,,370.112,391.402,
40193.847,,369.484,398.298,
40260.500,,369.306,396.985,
40327.163,,368.749,402.960,
40393.818,,370.517,408.625,
40460.480,,368.744,419.297,
40527.140,,371.458,421.183,
40593.793,,369.809,412.179,
40660.457,,370.016,407.859,
40727.114,,369.998,406.832,
40793.772,,368.676,404.450,
40860.433,,369.761,400.713,
40927.092,,369.482,394.751,
40993.745,,368.281,392.436,
41060.409,,368.650,397.471,
41127.062,,369.892,400.426,
41193.723,,369.106,404.767,
41260.386,,369.554,404.776,
41327.044,,370.709,405.340,
41393.702,,368.878,404.189,
41460.357,,369.161,400.631,
41527.020,,369.491,395.228,
41593.676,,369.829,396.400,
41660.333,,370.303,399.815,
41726.994,,369.199,403.106,
41793.654,,369.447,406.912,
41860.311,,367.221,418.952,
41926.968,,369.904,425.057,
41993.632,,370.047,429.190,
42060.288,,370.611,432.340,
42126.947,,370.791,434.267,
42193.609,,367.179,429.669,
42260.267,,369.241,429.913,
42326.925,,368.167,417.515,
42393.584,,366.567,409.599,
42460.241,,367.667,409.432,
42526.898,,369.763,408.449,
42593.556,,368.974,405.108,
42660.218,,370.142,406.725,
42726.880,,370.897,405.716,
42793.535,,370.620,404.270,
42860.192,,370.122,404.305,
42926.851,,369.782,404.889,
42993.511,,368.926,402.986,
43060.170,,369.769,400.384,
43126.827,,369.873,398.986,
43193.492,,369.847,397.112,
43260.148,,370.206,396.767,
43326.804,,369.472,397.439,
43393.468,,369.858,395.122,
43460.126,,370.589,392.600,
43526.786,,369.742,391.343,
43593.445,,371.110,389.763,
43660.105,,368.101,397.172,
43726.764,,369.332,402.967,
43793.417,,368.334,401.543,
43860.078,,368.761,400.049,
43926.738,,366.689,401.912,
43993.397,,367.302,406.579,
44060.053,,366.820,406.385,
44126.717,,366.707,407.439,
44193.376,,367.010,414.107,
44260.032,,365.775,413.957,
44326.691,,365.021,410.567,
44393.350,,365.917,403.930,
44460.008,,366.504,399.805,
44526.668,,366.171,393.046,
44593.330,,366.517,389.649,
44659.986,,365.927,388.884,
44726.648,,366.368,385.331,
44793.306,,365.043,384.158,
44859.964,,368.027,383.297,
44926.626,,367.589,384.336,
44993.281,,366.823,384.557,
45059.940,,367.965,388.221,
45126.601,,367.907,397.150,
45193.260,,369.219,396.848,
45259.917,,365.761,398.409,
45326.582,,366.581,393.045,
45393.240,,366.227,388.780,
45459.896,,367.501,389.966,
45526.557,,369.336,392.748,
45593.219,,372.790,390.669,
45659.877,,370.278,388.794,
45726.535,,366.424,387.080,
45793.192,,370.980,392.308,
45859.855,,369.155,390.533,
45926.514,,369.640,388.123,
45993.172,,366.857,392.077,
46059.830,,368.544,392.072,
46126.490,,366.869,386.819,
46193.151,,364.605,382.484,
46259.812,,365.773,384.058,
46326.471,,365.912,382.289,
46393.124,,365.561,383.938,
46459.783,,364.464,384.221,
46526.448,,360.808,391.770,
46593.104,,358.409,393.940,
46659.765,,359.353,394.478,
46726.423,,364.296,404.539,
46793.086,,367.399,402.009,
46859.745,,360.824,405.110,
46926.403,,364.480,395.617,
46993.061,,363.815,396.788,
47059.721,,365.031,398.891,
47126.382,,369.143,396.729,
47193.036,,367.495,392.517,
47259.702,,369.090,391.657,
47326.358,,370.020,391.646,
47393.018,,370.423,385.517,
47459.679,,368.730,386.379,
47526.337,,369.285,386.931,
47592.994,,367.978,388.915,
47659.658,,365.883,387.526,
47726.317,,368.181,388.444,
47792.975,,367.915,388.117,
47859.634,,368.589,387.990,
47926.292,,369.623,387.725,
47992.948,,369.010,389.892,
48059.609,,371.192,393.406,
48126.269,,368.824,402.580,
48192.926,,370.591,405.164,
48259.584,,371.733,413.264,
48326.245,,371.942,415.324,
48392.902,,374.387,414.212,
48459.557,,373.893,416.703,
48526.217,,376.121,415.007,
48592.873,,372.881,415.330,
48659.534,,372.026,415.378,
48726.195,,372.510,439.556,
48792.849,,371.974,458.039,
48859.510,,369.909,462.613,
48926.170,,369.899,459.440,
48992.826,,368.756,454.338,
49059.482,,367.946,443.255,
49126.143,,368.443,438.131,
49192.804,,367.917,437.601,
49259.463,,367.210,430.068,
49326.121,,367.014,424.202,
49392.778,,366.496,417.943,
49459.435,,365.882,416.322,
49526.095,,365.163,409.554,
49592.752,,364.943,402.013,
49659.413,,364.661,396.932,
49726.068,,365.618,394.913,
49792.727,,367.046,392.515,
49859.387,,366.300,396.901,
49926.042,,366.630,397.161,
49992.700,,366.389,394.119,
50059.358,,359.905,392.067,
50126.023,,364.565,383.333,
50192.680,,359.886,386.092,
50259.338,,364.442,383.939,
50325.998,,364.476,378.339,
50392.654,,359.024,369.961,
50459.310,,363.209,374.616,
50525.969,,364.473,375.663,
50592.631,,368.264,375.625,
50659.287,,368.144,372.366,
50725.948,,365.173,369.836,
50792.606,,364.094,369.522,
50859.265,,365.322,369.923,
50925.922,,363.171,373.245,
50992.582,,363.036,377.067,
51059.241,,364.320,383.437,
51125.897,,365.028,383.925,
51192.553,,363.285,397.750,
51259.216,,363.448,416.444,
51325.872,,363.951,420.270,
51392.533,,364.623,419.154,
51459.193,,366.908,418.615,
51525.850,,367.383,408.776,
51592.508,,367.381,399.504,
51659.168,,364.156,397.800,
51725.826,,366.415,396.003,
51792.479,,366.200,400.304,
51859.144,,366.112,398.451,
51925.798,,365.087,395.380,
51992.456,,365.440,392.781,
52059.117,,366.330,388.746,
52125.777,,366.217,382.070,
52192.434,,366.458,378.714,
52259.090,,366.917,378.437,
52325.750,,366.508,378.115,
52392.412,,366.336,375.541,
52459.071,,366.572,375.166,
52525.726,,366.553,378.196,
52592.386,,367.512,378.584,
52659.046,,366.546,381.635,
52725.705,,365.863,395.939,
52792.362,,365.501,410.264,
52859.021,,364.958,419.039,
52925.678,,366.774,417.982,
52992.334,,363.580,422.434,
53058.997,,364.989,413.258,
53125.656,,363.255,407.707,
53192.312,,364.534,404.586,
53258.975,,365.211,406.534,
53325.634,,364.353,411.825,
53392.286,,365.519,409.286,
53458.947,,365.212,400.965,
53525.607,,365.407,395.428,
53592.266,,366.204,389.497,
53658.921,,365.646,384.573,
53725.583,,366.152,382.121,
53792.244,,365.045,378.710,
53858.903,,366.322,378.294,
53925.562,,366.442,379.399,
53992.217,,365.686,383.113,
54058.873,,366.429,384.804,
54125.532,,365.913,382.866,
54192.191,,366.209,381.339,
54258.856,,365.826,378.871,
54325.512,,363.557,380.172,
54392.169,,364.934,381.961,
54458.832,,362.060,386.700,
54525.490,,363.719,388.541,
54592.144,,363.906,387.549,
54658.804,,365.374,384.736,
54725.461,,364.936,380.590,
54792.121,,365.382,377.569,
54858.780,,365.205,375.356,
54925.438,,364.823,374.438,
54992.101,,366.332,376.436,
55058.760,,364.452,379.544,
55125.418,,362.887,389.451,
55192.077,,361.447,399.582,
55258.731,,363.143,397.971,
55325.394,,365.670,396.665,
55392.047,,366.283,405.111,
55458.710,,366.191,402.600,
55525.367,,367.131,403.237,
55592.030,,365.593,400.519,
55658.684,,365.464,399.071,
55725.348,,366.361,404.617,
55792.004,,365.786,409.328,
55858.663,,363.981,419.554,
55925.321,,363.798,425.746,
55991.982,,364.113,423.051,
56058.634,,363.884,415.099,
56125.295,,365.035,405.316,
56191.949,,364.305,399.414,
56258.609,,364.699,392.845,
56325.271,,364.925,390.077,
56391.924,,363.767,383.360,
56458.581,,364.187,383.208,
56525.241,,364.477,383.820,
56591.898,,365.001,381.823,
56658.557,,364.369,381.582,
56725.218,,362.876,383.713,
56791.872,,361.631,385.758,
56858.530,,363.160,393.098,
56925.193,,364.238,393.896,
56991.845,,361.536,396.080,
57058.504,,361.686,400.022,
57125.163,,365.853,401.538,
57191.819,,364.495,402.647,
57258.478,,362.465,405.218,
57325.140,,363.185,410.864,
57391.796,,361.530,408.526,
57458.456,,360.504,401.462,
57525.111,,362.774,397.606,
57591.770,,362.733,389.185,
57658.427,,360.652,381.323,
57725.085,,363.233,384.911,
57791.742,,362.701,383.071,
57858.401,,363.155,380.774,
57925.063,,362.885,382.128,
57991.717,,363.727,385.119,
58058.378,,362.102,388.810,
58125.035,,361.547,385.640,
58191.692,,361.102,381.308,
58258.352,,361.109,378.926,
58325.007,,361.250,380.061,
58391.667,,361.305,391.117,
58458.325,,362.657,395.082,
58524.979,,365.469,397.926,
58591.643,,365.519,404.343,
58658.298,,367.978,414.073,
58724.956,,366.202,417.896,
58791.615,,367.120,414.292,
58858.272,,366.274,410.460,
58924.927,,366.554,411.612,
58991.586,,366.004,413.611,
59058.245,,366.158,417.993,
59124.903,,365.361,414.004,
59191.560,,364.646,407.567,
59258.221,,365.112,401.051,
59324.879,,364.440,401.132,
59391.533,,363.915,402.380,
59458.194,,363.960,409.357,
59524.850,,365.320,414.141,
59591.507,,362.232,415.018,
59658.169,,362.752,415.601,
59724.828,,363.269,415.290,
59791.483,,362.952,410.429,
59858.143,,361.795,413.280,
59924.802,,361.272,414.741,
59991.457,,363.248,412.569,
60058.117,,363.795,407.352,
60124.773,,363.517,400.504,
60191.429,,362.914,396.434,
60258.091,,363.502,394.191,
60324.747,,363.186,393.041,
60391.407,,363.632,391.463,
60458.065,,363.982,388.096,
60524.725,,363.272,386.897,
60591.379,,363.804,386.602,
60658.040,,363.499,388.161,
60724.699,,364.735,390.807,
60791.358,,361.277,391.615,
60858.013,,362.948,391.591,
60924.673,,362.387,394.411,
60991.329,,362.992,404.376,
61057.989,,362.834,405.058,
61124.645,,363.817,400.551,
61191.303,,363.693,395.714,
61257.963,,364.161,393.920,
61324.618,,364.488,395.554,
61391.280,,365.053,393.875,
61457.932,,364.640,390.317,
61524.590,,364.829,384.923,
61591.250,,363.827,381.887,
61657.906,,364.144,382.576,
61724.564,,363.862,383.381,
61791.226,,361.576,381.342,
61857.882,,361.118,382.573,
61924.542,,360.365,388.530,
61991.196,,361.555,393.389,
62057.860,,364.279,392.340,
62124.513,,365.072,385.536,
62191.175,,363.912,378.275,
62257.829,,362.368,375.786,
62324.489,,361.391,376.014,
62391.151,,361.973,373.546,
62457.806,,362.036,371.482,
62524.467,,362.122,375.339,
62591.123,,363.336,379.386,
62657.778,,363.771,382.322,
62724.440,,362.764,378.132,
62791.094,,362.125,377.010,
62857.753,,362.106,377.746,
62924.411,,361.887,381.335,
62991.073,,362.774,374.776,
63057.728,,360.404,372.945,
63124.389,,361.713,373.517,
63191.042,,362.935,376.886,
63257.701,,363.509,380.794,
63324.358,,365.015,381.960,
63391.019,,363.512,386.872,
63457.676,,365.636,388.659,
63524.334,,365.703,388.789,
63590.993,,366.862,389.180,
63657.655,,367.089,392.969,
63724.311,,365.097,402.165,
63790.971,,364.192,403.608,
63857.628,,363.915,400.814,
63924.287,,361.912,395.679,
63990.945,,363.010,390.988,
64057.600,,361.817,392.002,
64124.258,,362.301,392.737,
64190.914,,361.409,395.981,
64257.570,,358.381,392.976,
64324.228,,361.092,397.980,
64390.888,,363.031,392.903,
64457.548,,360.497,398.407,
64524.200,,359.286,401.244,
64590.859,,358.617,398.051,
64657.516,,357.793,394.601,
64724.177,,358.597,391.828,
64790.833,,359.093,393.050,
64857.489,,359.441,389.271,
64924.147,,360.697,384.772,
64990.809,,359.452,383.146,
65057.468,,358.769,378.866,
65124.122,,357.923,375.400,
65190.781,,359.092,375.682,
65257.439,,360.257,376.321,
65324.094,,359.134,377.610,
65390.752,,358.651,383.776,
65457.411,,359.435,392.305,
65524.072,,359.674,402.703,
65590.729,,359.679,406.497,
65657.381,,360.330,400.411,
65724.044,,360.324,391.702,
65790.699,,360.348,386.072,
65857.357,,359.208,382.291,
65924.017,,357.802,379.153,
65990.674,,359.623,376.493,
66057.331,,359.366,377.342,
66123.988,,358.956,375.483,
66190.645,,360.190,373.709,
66257.305,,359.582,372.938,
66323.957,,359.300,372.354,
66390.615,,361.242,368.978,
66457.275,,359.731,366.895,
66523.937,,357.339,364.931,
66590.590,,358.364,363.593,
66657.246,,359.037,365.484,
66723.909,,359.872,375.621,
66790.564,,361.582,381.519,
66857.223,,358.361,389.612,
66923.876,,361.458,408.550,
66990.540,,358.823,412.167,
67057.193,,358.815,408.598,
67123.854,,359.776,403.284,
67190.507,,361.427,408.428,
67257.167,,365.038,402.792,
67323.826,,363.963,398.678,
67390.481,,364.194,398.851,
67457.140,,365.147,394.257,
67523.797,,364.971,392.440,
67590.457,,363.622,390.238,
67657.114,,361.969,391.878,
67723.772,,362.152,396.428,
67790.427,,362.714,399.255,
67857.090,,361.835,395.477,
67923.741,,363.246,392.201,
67990.404,,363.523,389.683,
68057.058,,363.203,388.715,
68123.719,,364.979,386.545,
68190.375,,363.890,383.561,
68257.034,,364.598,380.655,
68323.688,,363.199,380.547,
68390.346,,362.247,379.456,
68457.006,,361.222,382.634,
68523.667,,361.253,382.064,
68590.324,,363.133,384.308,
68656.980,,362.968,382.601,
68723.638,,363.441,383.378,
68790.293,,361.599,390.489,
68856.952,,364.839,392.014,
68923.607,,365.825,396.199,
68990.269,,365.473,401.373,
69056.926,,364.570,408.642,
69123.586,,365.080,410.225,
69190.240,,362.298,408.461,
69256.900,,364.556,415.634,
69323.558,,366.658,412.471,
69390.214,,365.745,414.206,
69456.874,,365.988,416.111,
69523.531,,365.044,418.390,
69590.189,,366.697,415.446,
69656.843,,365.367,421.464,
69723.502,,365.872,417.251,
69790.162,,364.146,409.535,
69856.816,,363.962,405.717,
69923.476,,363.693,400.185,
69990.137,,364.030,395.976,
70056.793,,364.328,393.296,
70123.452,,363.689,394.292,
70190.107,,364.161,394.581,
70256.766,,364.390,391.941,
70323.422,,363.525,389.781,
70390.079,,364.179,391.079,
70456.739,,364.000,390.120,
70523.394,,363.714,389.983,
70590.054,,363.776,387.070,
70656.712,,363.494,379.955,
70723.369,,363.623,377.764,
70790.024,,364.456,379.393,
70856.683,,363.645,379.145,
70923.340,,362.645,378.794,
70989.996,,362.503,380.014,
71056.657,,363.528,385.265,
71123.314,,363.741,388.483,
71189.969,,364.035,391.304,
71256.632,,363.393,395.100,
71323.289,,363.406,395.851,
71389.943,,364.279,396.666,
71456.601,,363.638,403.971,
71523.260,,364.777,406.133,
71589.915,,364.422,409.399,
71656.575,,362.839,411.559,
71723.235,,362.837,411.921,
71789.889,,361.967,410.755,
71856.551,,361.517,412.665,
71923.209,,363.913,415.771,
71989.866,,363.774,415.097,
72056.523,,363.191,414.832,
72123.180,,362.895,414.708,
72189.841,,361.721,417.131,
72256.499,,364.047,419.019,
72323.158,,364.093,422.286,
72389.815,,362.351,416.448,
72456.474,,362.247,408.522,
72523.131,,361.709,404.191,
72589.792,,362.079,399.459,
72656.447,,359.976,399.529,
72723.104,,361.060,399.650,
72789.767,,361.990,397.029,
72856.421,,359.915,393.479,
72923.083,,361.068,389.512,
72989.744,,358.573,385.920,
73056.402,,358.611,383.136,
73123.060,,358.354,380.430,
73189.713,,359.294,375.335,
73256.373,,360.867,371.959,
73323.032,,358.618,368.795,
73389.688,,357.032,364.668,
73456.350,,355.731,363.665,
73523.007,,355.421,369.721,
73589.663,,356.626,370.802,
73656.327,,357.285,370.522,
73722.980,,355.249,374.375,
73789.640,,354.817,382.276,
73856.301,,355.218,394.275,
73922.957,,355.079,397.510,
73989.617,,355.494,396.718,
74056.276,,355.023,403.863,
74122.937,,355.361,413.314,
74189.590,,355.794,412.925,
74256.250,,356.018,412.424,
74322.911,,356.487,406.268,
74389.565,,357.792,401.908,
74456.223,,359.377,399.031,
74522.884,,364.686,400.741,
74589.546,,362.940,397.146,
74656.202,,363.051,398.605,
74722.857,,364.394,404.802,
74789.515,,364.252,406.946,
74856.179,,363.656,414.089,
74922.833,,364.372,411.582,
74989.492,,361.203,405.823,
75056.154,,360.701,405.827,
75122.812,,364.436,404.119,
75189.466,,363.653,399.595,
75256.125,,363.428,396.263,
75322.788,,365.443,393.024,
75389.447,,365.436,386.935,
75456.103,,363.377,384.012,
75522.764,,361.880,383.499,
75589.420,,359.564,388.117,
75656.076,,360.443,384.615,
75722.735,,359.084,384.200,
75789.396,,358.332,385.095,
75856.053,,355.088,385.145,
75922.713,,354.849,389.982,
75989.367,,355.468,387.217,
76056.025,,355.544,386.368,
76122.688,,357.319,381.692,
76189.346,,356.048,378.415,
76256.003,,355.063,374.797,
76322.659,,358.260,373.830,
76389.322,,356.413,371.210,
76455.982,,357.004,368.679,
76522.638,,357.160,371.047,
76589.297,,358.000,370.592,
76655.956,,359.030,368.639,
76722.616,,357.389,365.042,
76789.275,,358.427,359.792,
76855.930,,356.378,359.958,
76922.588,,356.908,362.563,
76989.246,,355.419,367.049,
77055.909,,355.067,373.527,
77122.567,,358.890,378.915,
77189.224,,359.386,384.543,
77255.885,,358.997,386.480,
77322.538,,359.937,381.270,
77389.198,,359.379,377.041,
77455.854,,357.991,368.821,
77522.516,,355.980,365.864,
77589.176,,357.053,365.630,
77655.834,,357.850,366.333,
77722.494,,357.234,377.222,
77789.150,,356.463,397.088,
77855.806,,358.068,404.347,
77922.468,,356.455,406.348,
77989.122,,356.514,403.980,
78055.782,,358.496,400.774,
78122.445,,359.783,403.612,
78189.098,,358.354,394.358,
78255.761,,358.301,393.114,
78322.421,,359.635,390.022,
78389.074,,360.099,391.071,
78455.736,,361.102,392.175,
78522.392,,358.204,390.187,
78589.050,,361.771,390.140,
78655.711,,361.710,394.502,
78722.368,,361.756,397.864,
78789.025,,362.521,393.162,
78855.689,,360.352,391.932,
78922.346,,361.432,391.832,
78989.006,,361.328,386.899,
79055.663,,362.274,381.392,
79122.321,,361.338,377.227,
79188.976,,359.151,371.082,
79255.641,,359.658,367.524,
79322.293,,359.040,364.834,
79388.957,,358.576,365.090,
79455.611,,359.242,365.759,
79522.271,,358.557,365.959,
79588.932,,359.206,368.056,
79655.587,,363.271,370.307,
79722.249,,363.380,370.577,
79788.903,,362.767,368.804,
79855.568,,362.640,368.090,
79922.224,,359.611,369.379,
79988.884,,360.812,378.150,
80055.535,,360.068,381.421,
80122.199,,359.695,387.328,
80188.852,,359.357,397.341,
80255.510,,360.570,402.422,
80322.171,,358.183,405.325,
80388.827,,358.985,398.681,
80455.482,,357.364,400.367,
80522.142,,357.296,395.468,
80588.795,,358.144,395.556,
80655.458,,357.852,399.133,
80722.111,,359.341,393.963,
80788.771,,358.471,392.045,
80855.431,,356.379,387.947,
80922.089,,356.147,382.270,
80988.741,,354.502,384.210,
81055.399,,357.801,379.234,
81122.058,,358.941,380.736,
81188.714,,356.697,379.824,
81255.371,,355.008,376.689,
81322.030,,353.799,374.658,
81388.689,,357.276,372.961,
81455.346,,358.081,372.678,
81522.004,,356.537,370.606,
81588.657,,358.846,371.788,
81655.315,,358.217,366.541,
81721.977,,357.775,363.515,
81788.636,,358.757,365.891,
81855.288,,357.675,376.892,
81921.946,,357.954,385.990,
81988.602,,357.694,386.139,
82055.261,,358.463,384.961,
82121.918,,357.687,385.872,
82188.579,,357.876,384.174,
82255.233,,358.547,380.538,
82321.890,,356.855,379.133,
82388.547,,356.762,381.706,
82455.196,,357.680,381.597,
82521.861,,358.711,380.191,
82588.523,,358.367,378.588,
82655.177,,360.047,375.443,
82721.834,,362.505,376.070,
82788.492,,361.110,374.611,
82855.149,,363.172,376.047,
82921.808,,362.678,374.411,
82988.469,,361.692,375.481,
83055.127,,361.179,378.518,
83121.780,,359.603,379.697,
83188.442,,359.259,379.544,
83255.099,,359.919,379.449,
83321.757,,358.819,386.181,
83388.408,,357.496,393.777,
83455.070,,357.837,396.917,
83521.725,,358.071,396.440,
83588.383,,355.393,404.161,
83655.043,,357.507,402.788,
83721.701,,357.593,405.517,
83788.356,,356.588,409.280,
83855.012,,356.246,409.880,
83921.673,,357.987,404.773,
83988.332,,357.370,399.625,
84054.984,,357.560,398.486,
84121.643,,355.970,400.601,
84188.301,,356.523,406.057,
84254.957,,359.543,403.328,
84321.613,,359.062,401.088,
84388.271,,360.547,405.591,
84454.930,,360.139,410.113,
84521.590,,360.324,410.660,
84588.247,,360.242,405.995,
84654.900,,360.449,407.781,
84721.562,,360.383,407.659,
84788.221,,359.735,402.677,
84854.877,,359.966,401.928,
84921.534,,358.520,394.545,
84988.194,,358.304,387.382,
85054.848,,358.012,384.601,
85121.508,,357.701,386.819,
85188.165,,358.816,386.707,
85254.818,,358.937,390.239,
85321.476,,360.250,394.996,
85388.139,,360.470,398.938,
85454.794,,358.887,395.370,
85521.453,,358.450,393.951,
85588.110,,357.861,392.979,
85654.769,,358.802,396.071,
85721.420,,358.919,396.592,
85788.084,,360.112,399.235,
85854.741,,360.038,401.568,
85921.394,,359.136,402.003,
85988.052,,358.063,393.225,
86054.708,,356.709,386.038,
86121.370,,358.844,381.907,
86188.025,,357.796,380.036,
86254.681,,358.554,378.496,
86321.341,,356.870,381.750,
86387.995,,358.477,382.804,
86454.653,,357.530,386.791,
86521.316,,357.396,392.114,
86587.973,,356.885,395.356,
86654.625,,356.979,394.767,
86721.286,,357.238,392.577,
86787.940,,359.104,388.849,
86854.597,,360.683,388.055,
86921.261,,361.553,390.533,
86987.916,,360.150,401.074,
87054.573,,358.684,404.740,
87121.229,,357.260,406.114,
87187.888,,358.437,404.122,
87254.546,,356.683,396.293,
87321.202,,354.173,392.740,
87387.861,,352.802,390.525,
87454.520,,352.032,390.670,
87521.174,,353.825,388.811,
87587.834,,353.328,387.927,
87654.490,,353.650,389.237,
87721.146,,353.505,387.713,
87787.802,,352.744,384.830,
87854.462,,356.517,386.511,
87921.119,,357.880,382.562,
87987.777,,357.788,385.814,
88054.434,,357.755,386.034,
88121.095,,354.666,388.044,
88187.754,,353.273,392.558,
88254.411,,353.581,395.841,
88321.073,,353.490,392.528,
88387.729,,353.327,387.720,
88454.389,,354.654,381.580,
88521.049,,355.171,375.210,
88587.703,,352.833,368.284,
88654.365,,356.005,368.595,
88721.021,,356.574,366.945,
88787.680,,353.082,359.831,
88854.342,,355.780,364.860,
88920.997,,355.731,367.912,
88987.654,,357.341,375.724,
89054.319,,357.725,387.220,
89120.973,,355.728,392.861,
89187.633,,356.925,397.149,
89254.292,,357.324,395.783,
89320.952,,358.207,390.929,
89387.609,,358.528,388.859,
89454.270,,358.887,396.438,
89520.928,,358.729,387.749,
89587.584,,354.396,382.065,
89654.245,,357.733,377.786,
89720.903,,357.419,376.209,
89787.562,,359.018,376.790,
89854.218,,358.406,376.744,
89920.874,,360.381,375.703,
89987.538,,359.485,375.243,
90054.194,,359.368,379.521,
90120.851,,359.231,382.864,
90187.510,,354.017,380.904,
90254.167,,355.785,387.324,
90320.829,,359.529,397.532,
90387.487,,361.377,394.830,
90454.147,,360.448,388.718,
90520.802,,358.627,393.217,
90587.465,,361.782,394.854,
90654.124,,361.160,396.810,
90720.782,,359.644,401.639,
90787.440,,360.292,398.503,
90854.098,,359.310,394.885,
90920.757,,359.637,388.774,
90987.413,,361.279,385.701,
91054.077,,360.978,379.724,
91120.736,,361.342,374.118,
91187.390,,360.427,370.324,
91254.052,,360.356,367.941,
91320.711,,359.891,368.638,
91387.365,,359.809,366.189,
91454.027,,360.299,367.537,
91520.686,,360.766,375.198,
91587.343,,362.583,374.107,
91654.002,,363.357,379.063,
91720.660,,364.631,374.789,
91787.322,,364.255,378.067,
91853.980,,362.471,379.574,
91920.637,,362.023,384.900,
91987.294,,363.616,384.205,
92053.953,,362.692,381.193,
92120.617,,361.180,377.011,
92187.271,,359.375,373.164,
92253.933,,359.843,376.190,
92320.591,,360.481,384.184,
92387.247,,359.593,389.665,
92453.906,,360.241,391.475,
92520.565,,359.315,393.062,
92587.225,,359.324,392.839,
92653.884,,360.330,389.278,
92720.540,,359.457,386.364,
92787.203,,359.385,383.180,
92853.859,,361.931,379.413,
92920.516,,361.702,378.137,
92987.174,,360.473,378.059,
93053.834,,359.675,377.798,
93120.495,,358.316,375.281,
93187.154,,360.323,370.604,
93253.814,,360.347,373.843,
93320.467,,361.159,376.559,
93387.132,,360.299,379.063,
93453.789,,359.917,380.112,
93520.450,,360.807,379.203,
93587.108,,360.107,374.462,
93653.767,,360.445,372.719,
93720.426,,361.258,373.309,
93787.083,,358.327,370.986,
93853.743,,357.931,369.291,
93920.396,,361.030,372.944,
93987.059,,361.236,368.650,
94053.714,,358.823,368.851,
94120.378,,358.264,374.364,
94187.031,,359.567,379.173,
94253.689,,359.704,386.750,
94320.349,,359.153,390.897,
94387.011,,359.505,395.179,
94453.668,,358.255,398.499,
94520.328,,359.895,399.555,
94586.988,,358.720,397.603,
94653.645,,358.117,390.842,
94720.303,,359.310,386.587,
94786.965,,359.071,383.929,
94853.619,,360.732,383.582,
94920.282,,360.391,385.602,
94986.936,,360.698,378.974,
95053.598,,358.853,373.806,
95120.257,,356.428,366.520,
95186.914,,355.738,369.617,
95253.571,,358.477,374.071,
95320.233,,360.267,378.426,
95386.889,,361.536,379.254,
95453.549,,361.945,380.044,
95520.210,,360.859,379.224,
95586.868,,360.119,379.370,
95653.524,,361.448,382.004,
95720.189,,361.451,381.273,
95786.841,,358.981,387.082,
95853.502,,357.623,417.393,
95920.164,,358.619,433.855,
95986.819,,357.796,438.290,
96053.477,,356.946,445.618,
96120.139,,357.099,445.678,
96186.794,,356.633,440.232,
96253.452,,356.618,429.049,
96320.108,,357.545,417.794,
96386.768,,355.990,406.684,
96453.425,,356.007,400.355,
96520.087,,357.669,391.396,
96586.743,,359.578,387.274,
96653.402,,357.731,382.758,
96720.058,,356.448,380.082,
96786.719,,359.267,387.554,
96853.373,,359.539,387.869,
96920.030,,361.870,394.745,
96986.690,,358.771,393.502,
97053.352,,357.838,388.826,
97120.008,,358.708,384.040,
97186.663,,359.418,382.261,
97253.326,,360.202,378.571,
97319.979,,359.043,379.416,
97386.637,,356.626,378.442,
97453.296,,357.509,387.857,
97519.956,,360.241,387.701,
97586.615,,360.777,392.350,
97653.268,,360.670,390.697,
97719.927,,360.269,387.592,
97786.586,,359.187,379.489,
97853.244,,357.490,370.887,
97919.907,,353.908,365.831,
97986.564,,354.927,362.724,
98053.218,,356.581,367.517,
98119.875,,356.759,366.578,
98186.537,,355.756,371.571,
98253.192,,354.736,377.416,
98319.851,,351.325,380.882,
98386.514,,353.801,384.013,
98453.168,,355.599,386.955,
98519.827,,355.552,390.382,
98586.485,,357.108,384.785,
98653.145,,354.614,380.555,
98719.798,,354.813,375.978,
98786.461,,355.276,376.176,
98853.119,,356.615,375.246,
98919.776,,354.378,368.710,
98986.433,,354.369,367.680,
99053.090,,356.364,366.459,
99119.752,,354.885,361.754,
99186.408,,354.206,360.437,
99253.064,,350.332,355.247,
99319.722,,349.352,356.977,
99386.380,,350.005,363.108,
99453.041,,355.833,373.892,
99519.696,,361.522,377.320,
99586.356,,359.076,369.452,
99653.016,,358.035,364.659,
99719.674,,356.476,360.601,
99786.334,,354.288,359.640,
99852.989,,355.219,361.594,
99919.648,,357.723,362.920,
99986.308,,356.833,365.473,
100052.961,,356.835,369.348,
100119.623,,356.607,372.250,
100186.278,,357.232,371.502,
100252.938,,355.806,375.538,
100319.597,,355.666,376.081,
100386.252,,356.059,377.941,
100452.915,,357.581,372.626,
100519.569,,357.053,368.577,
100586.230,,356.024,367.984,
100652.885,,357.478,362.636,
100719.545,,357.280,362.530,
100786.202,,356.275,360.322,
100852.861,,356.676,368.415,
100919.520,,357.278,385.093,
100986.180,,358.867,387.883,
101052.837,,359.087,402.095,
101119.492,,359.784,413.300,
101186.150,,358.840,410.839,
101252.812,,358.629,410.788,
101319.467,,359.597,420.463,
101386.128,,359.952,422.850,
101452.782,,361.278,420.402,
101519.439,,360.653,413.462,
101586.102,,360.869,402.694,
101652.757,,361.170,398.866,
101719.417,,361.244,392.125,
101786.077,,360.285,388.572,
101852.734,,359.406,387.340,
101919.391,,360.279,383.268,
101986.051,,358.894,381.811,
102052.710,,358.086,381.967,
102119.363,,358.363,381.064,
102186.021,,358.243,379.135,
102252.680,,356.340,378.928,
102319.343,,356.466,380.493,
102385.999,,355.254,379.717,
102452.658,,356.105,376.783,
102519.317,,356.187,374.502,
102585.970,,358.040,375.435,
102652.628,,359.277,380.502,
102719.287,,361.218,379.455,
102785.944,,360.830,379.104,
102852.604,,359.715,378.142,
102919.260,,361.163,374.593,
102985.924,,360.917,375.273,
103052.581,,360.306,374.158,
103119.240,,361.082,376.782,
103185.898,,360.822,375.268,
103252.555,,360.397,373.800,
103319.211,,359.344,370.807,
103385.869,,360.360,368.739,
103452.527,,358.857,364.401,
103519.190,,357.587,365.607,
103585.844,,356.789,368.194,
103652.503,,358.460,372.434,
103719.162,,357.227,383.339,
103785.820,,357.827,395.703,
103852.477,,356.499,396.337,
103919.133,,356.197,397.850,
103985.797,,357.092,413.984,
104052.451,,357.926,426.631,
104119.108,,359.034,427.067,
104185.765,,356.783,424.277,
104252.428,,356.184,422.550,
104319.079,,357.132,428.793,
104385.740,,357.422,428.235,
104452.399,,358.419,415.926,
104519.056,,356.864,409.532,
104585.717,,360.172,407.866,
104652.370,,360.596,404.057,
104719.033,,361.125,398.574,
104785.690,,361.132,391.848,
104852.345,,359.665,383.972,
104919.002,,357.771,380.367,
104985.661,,358.391,378.038,
105052.321,,357.977,375.352,
105118.978,,356.692,374.621,
105185.635,,356.471,375.485,
105252.289,,356.918,375.640,
105318.953,,357.174,380.919,
105385.607,,358.835,381.178,
105452.263,,358.292,379.775,
105518.925,,357.565,389.774,
105585.584,,361.682,384.151,
105652.240,,359.528,380.144,
105718.899,,358.731,375.896,
105785.555,,358.421,370.411,
105852.213,,359.806,368.862,
105918.872,,359.116,367.250,
105985.531,,358.939,365.950,
106052.189,,357.680,365.490,
106118.846,,355.997,361.871,
106185.504,,356.546,362.816,
106252.157,,357.089,364.118,
106318.815,,358.145,370.949,
106385.479,,359.149,380.771,
106452.137,,358.419,381.603,
106518.792,,357.282,386.176,
106585.448,,359.449,396.116,
106652.104,,357.695,404.531,
106718.767,,356.050,408.968,
106785.424,,355.503,422.720,
106852.077,,355.287,427.396,
106918.740,,355.931,427.274,
106985.399,,355.432,419.196,
107052.057,,355.922,418.298,
107118.712,,355.461,408.005,
107185.372,,354.896,401.838,
107252.027,,357.301,395.987,
107318.687,,358.670,392.761,
107385.347,,359.096,385.145,
107452.000,,359.741,383.470,
107518.659,,359.734,376.542,
107585.319,,361.797,374.905,
107651.977,,360.849,371.707,
107718.632,,361.567,371.846,
107785.292,,361.200,371.469,
107851.949,,360.063,371.971,
107918.603,,359.238,371.770,
107985.268,,358.396,369.738,
108051.920,,356.642,374.007,
108118.578,,357.289,372.929,
108185.239,,356.464,373.732,
108251.893,,358.249,375.434,
108318.552,,358.622,374.454,
108385.215,,357.942,376.513,
108451.868,,358.765,377.099,
108518.526,,359.121,379.663,
108585.188,,359.566,379.435,
108651.841,,358.834,379.157,
108718.503,,357.523,380.043,
108785.160,,356.428,381.733,
108851.814,,356.468,384.469,
108918.473,,358.021,387.754,
108985.130,,357.341,394.834,
109051.789,,359.608,403.758,
109118.446,,357.712,410.170,
109185.106,,357.051,406.919,
109251.762,,357.423,411.243,
109318.420,,356.707,409.204,
109385.083,,351.971,398.568,
109451.740,,348.680,391.722,
109518.392,,352.191,393.880,
109585.052,,356.616,392.020,
109651.714,,357.559,393.927,
109718.370,,358.327,391.045,
109785.031,,355.270,382.462,
109851.684,,354.807,381.156,
109918.346,,353.882,378.867,
109984.998,,355.623,378.485,
110051.661,,354.652,379.458,
110118.317,,356.609,379.958,
110184.974,,354.679,373.659,
110251.633,,356.545,373.381,
110318.293,,357.018,374.770,
110384.951,,355.701,374.391,
110451.604,,354.092,371.191,
110518.263,,354.589,371.976,
110584.922,,354.996,368.458,
110651.581,,354.749,368.090,
110718.235,,355.094,368.336,
110784.895,,354.824,370.344,
110851.551,,355.383,371.652,
110918.208,,355.394,370.731,
110984.866,,354.676,370.011,
111051.527,,355.039,372.710,
111118.183,,354.699,377.451,
111184.843,,353.589,379.733,
111251.498,,353.020,379.812,
111318.159,,349.135,373.722,
111384.818,,347.376,385.240,
111451.475,,345.973,387.050,
111518.132,,348.888,381.956,
111584.787,,346.967,381.141,
111651.446,,345.406,382.595,
111718.105,,349.719,383.364,
111784.765,,350.008,397.822,
111851.422,,346.799,394.712,
111918.082,,352.560,385.510,
111984.741,,350.200,388.418,
112051.394,,352.322,388.503,
112118.055,,351.929,393.101,
112184.711,,351.152,392.320,
112251.370,,352.180,393.862,
112318.027,,351.519,397.319,
112384.689,,351.422,396.735,
112451.343,,352.100,404.134,
112518.000,,349.284,400.399,
112584.657,,350.774,406.176,
112651.315,,354.808,403.661,
112717.979,,349.635,385.261,
112784.636,,347.283,379.199,
112851.294,,349.856,380.637,
112917.947,,353.707,381.636,
112984.605,,353.261,377.885,
113051.262,,350.097,377.156,
113117.920,,352.491,378.705,
113184.585,,354.259,379.183,
113251.242,,350.925,377.515,
113317.900,,348.408,379.204,
113384.555,,350.861,383.838,
113451.215,,348.276,376.681,
113517.872,,345.913,370.153,
113584.533,,348.447,369.221,
113651.187,,352.324,371.229,
113717.843,,354.313,369.075,
113784.507,,352.697,361.719,
113851.163,,351.310,361.395,
113917.818,,352.426,365.652,
113984.476,,350.894,367.313,
114051.136,,350.863,366.151,
114117.797,,352.631,362.686,
114184.453,,348.489,357.408,
114251.109,,350.399,357.526,
114317.767,,353.024,363.855,
114384.429,,356.876,362.986,
114451.086,,352.877,357.473,
114517.744,,352.753,358.528,
114584.399,,351.352,354.848,
114651.056,,351.244,355.313,
114717.719,,354.412,357.725,
114784.377,,354.687,361.052,
114851.035,,355.589,360.928,
114917.687,,352.655,358.949,
114984.345,,352.367,363.080,
115051.008,,350.308,363.391,
115117.663,,351.444,368.668,
115184.325,,351.645,367.942,
115250.980,,348.115,367.556,
115317.640,,349.573,375.701,
115384.295,,351.707,378.734,
115450.954,,353.589,382.602,
115517.609,,354.278,386.402,
115584.273,,355.777,390.467,
115650.927,,355.163,387.454,
115717.583,,353.687,383.635,
115784.247,,351.660,377.588,
115850.902,,351.060,367.685,
115917.561,,349.193,362.345,
115984.217,,350.329,362.441,
116050.877,,353.024,365.130,
116117.535,,354.642,366.651,
116184.194,,354.404,368.616,
116250.854,,354.654,368.509,
116317.509,,353.565,367.151,
116384.165,,352.203,363.867,
116450.826,,350.698,361.000,
116517.483,,351.475,363.396,
116584.144,,352.281,363.543,
116650.802,,351.407,360.455,
116717.457,,347.487,358.736,
116784.118,,347.593,361.360,
116850.772,,350.221,364.698,
116917.428,,352.632,365.398,
116984.089,,353.376,369.844,
117050.748,,354.368,374.584,
117117.407,,356.648,379.842,
117184.067,,356.569,385.443,
117250.721,,353.372,378.395,
117317.382,,351.916,380.302,
117384.036,,352.055,378.119,
117450.694,,352.583,374.598,
117517.352,,352.205,369.393,
117584.011,,352.963,367.173,
117650.672,,352.921,366.449,
117717.330,,355.139,372.485,
117783.984,,356.569,372.848,
117850.645,,355.464,369.403,
117917.302,,353.946,367.293,
117983.959,,353.203,367.621,
118050.615,,352.558,370.439,
118117.273,,353.363,379.846,
118183.937,,356.333,382.991,
118250.593,,356.321,384.779,
118317.251,,355.845,385.560,
118383.907,,354.356,387.786,
118450.568,,355.945,388.253,
118517.224,,358.073,384.812,
118583.880,,354.896,388.842,
118650.542,,355.798,388.268,
118717.198,,354.222,388.760,
118783.857,,353.912,384.027,
118850.517,,350.156,369.486,
118917.170,,346.307,362.444,
118983.828,,346.545,361.833,
119050.492,,349.642,370.918,
119117.144,,353.070,378.116,
119183.804,,354.122,385.164,
119250.460,,356.591,385.054,
119317.119,,358.573,390.071,
119383.776,,355.187,387.841,
119450.440,,356.135,383.751,
119517.097,,354.764,386.328,
119583.751,,355.212,394.590,
119650.414,,355.383,399.139,
119717.066,,355.401,398.992,
119783.727,,357.128,396.876,
119850.384,,354.857,398.029,
119917.047,,355.928,399.943,
119983.705,,356.133,396.314,
120050.360,,354.755,390.382,
120117.020,,355.500,387.472,
120183.677,,354.059,386.952,
120250.336,,355.250,388.831,
120316.989,,356.395,389.838,
120383.645,,355.108,387.939,
120450.304,,356.200,392.566,
120516.965,,356.326,404.634,
120583.623,,356.533,412.479,
120650.283,,354.993,414.798,
120716.940,,353.903,409.209,
120783.595,,354.383,399.442,
120850.255,,354.375,391.547,
120916.911,,355.223,389.754,
120983.571,,355.161,385.462,
121050.226,,355.804,381.214,
121116.883,,355.363,384.314,
121183.545,,356.089,381.563,
121250.199,,355.589,377.862,
121316.855,,355.062,374.777,
121383.518,,353.587,372.120,
121450.175,,352.858,378.102,
121516.828,,353.363,391.120,
121583.488,,355.170,394.700,
121650.146,,356.068,405.634,
121716.806,,356.705,406.849,
121783.458,,359.027,404.381,
121850.116,,358.729,405.224,
121916.777,,356.824,400.964,
121983.434,,356.445,400.008,
122050.094,,357.005,395.852,
122116.749,,356.833,393.090,
122183.405,,357.786,388.305,
122250.064,,356.695,381.699,
122316.723,,353.209,381.672,
122383.382,,353.749,388.696,
122450.041,,354.614,394.039,
122516.696,,353.621,414.429,
122583.352,,354.077,408.061,
122650.014,,353.703,399.680,
122716.669,,353.846,391.272,
122783.327,,353.365,382.567,
122849.987,,353.473,380.577,
122916.643,,352.664,380.154,
122983.303,,352.967,385.903,
123049.960,,352.711,392.630,
123116.621,,351.312,387.495,
123183.276,,351.343,381.297,
123249.932,,349.992,379.460,
123316.589,,349.287,380.793,
123383.246,,352.113,381.194,
123449.910,,352.291,377.588,
123516.563,,350.785,372.121,
123583.221,,352.335,371.379,
123649.883,,346.495,362.576,
123716.534,,348.666,362.757,
123783.192,,349.639,365.866,
123849.854,,349.523,365.857,
123916.509,,347.789,364.455,
123983.172,,350.599,368.775,
124049.827,,353.588,369.731,
124116.488,,352.944,368.537,
124183.140,,353.546,370.552,
124249.797,,352.173,366.224,
124316.458,,348.149,372.563,
124383.113,,352.805,378.157,
124449.772,,351.821,378.019,
124516.434,,350.353,378.251,
124583.092,,352.230,377.760,
124649.745,,351.640,380.472,
124716.402,,352.466,383.391,
124783.064,,354.334,383.794,
124849.719,,354.293,381.295,
124916.379,,355.588,373.534,
124983.032,,354.474,377.138,
125049.694,,358.925,380.432,
125116.349,,356.328,372.471,
125183.010,,354.705,375.508,
125249.666,,357.268,379.068,
125316.321,,354.843,378.954,
125382.982,,353.618,385.283,
125449.637,,352.010,385.760,
125516.295,,352.792,382.160,
125582.953,,352.862,379.212,
125649.614,,352.087,377.218,
125716.270,,352.160,379.145,
125782.927,,352.951,378.302,
125849.585,,351.957,375.956,
125916.247,,353.236,373.943,
125982.904,,351.758,373.355,
126049.560,,351.600,376.204,
126116.221,,351.244,376.903,
126182.874,,352.042,377.740,
126249.530,,352.869,375.546,
126316.191,,353.154,373.630,
126382.850,,354.544,371.715,
126449.509,,354.551,372.259,
126516.166,,354.871,369.923,
126582.825,,353.881,370.120,
126649.481,,354.911,369.291,
126716.138,,354.584,368.876,
126782.796,,355.622,368.352,
126849.452,,355.800,366.222,
126916.112,,355.650,364.353,
126982.767,,354.569,361.111,
127049.428,,354.791,361.935,
127116.084,,355.237,362.443,
127182.741,,355.876,363.359,
127249.403,,349.206,359.641,
127316.060,,352.768,369.227,
127382.719,,353.445,372.121,
127449.375,,353.874,374.683,
127516.034,,355.257,370.130,
127582.687,,352.954,368.618,
127649.351,,353.732,373.029,
127716.004,,354.581,378.776,
127782.661,,354.421,382.989,
127849.324,,356.977,382.033,
127915.976,,356.213,384.334,
127982.637,,356.849,387.500,
128049.298,,353.376,389.842,
128115.953,,352.322,392.010,
128182.618,,352.464,395.181,
128249.275,,352.661,394.975,
128315.931,,354.545,389.406,
128382.595,,354.686,384.252,
128449.250,,352.191,378.070,
128515.910,,351.303,378.279,
128582.565,,351.250,374.661,
128649.224,,353.699,373.351,
128715.886,,352.029,373.020,
128782.543,,350.937,383.479,
128849.203,,353.153,383.132,
128915.864,,353.505,377.379,
128982.518,,352.140,375.051,
129049.183,,352.389,387.489,
129115.840,,352.694,394.029,
129182.501,,350.215,397.220,
129249.155,,350.060,395.037,
129315.819,,350.777,390.880,
129382.472,,349.763,380.589,
129449.132,,349.241,375.572,
129515.791,,349.007,371.462,
129582.449,,350.446,368.842,
129649.107,,349.658,366.238,
129715.766,,351.569,366.906,
129782.429,,350.710,367.976,
129849.088,,352.663,369.788,
129915.745,,352.298,367.772,
129982.407,,351.443,363.202,
130049.061,,350.369,365.114,
130115.719,,350.973,364.722,
130182.385,,349.999,369.785,
130249.038,,350.258,367.866,
130315.700,,350.147,371.189,
130382.360,,350.465,371.205,
130449.019,,348.664,371.765,
130515.675,,350.728,373.793,
130582.338,,349.074,372.999,
130648.995,,349.947,369.583,
130715.651,,350.691,366.641,
130782.314,,352.362,368.961,
130848.970,,350.234,369.348,
130915.629,,352.249,369.485,
130982.286,,351.851,368.049,
131048.945,,354.536,364.699,
131115.609,,352.672,365.370,
131182.263,,352.261,367.182,
131248.924,,352.722,375.923,
131315.586,,353.471,380.531,
131382.238,,354.332,387.621,
131448.904,,353.528,400.666,
131515.560,,352.545,397.219,
131582.220,,353.854,389.925,
131648.878,,352.913,388.645,
131715.536,,352.720,386.760,
131782.195,,352.739,382.076,
131848.852,,352.770,376.207,
131915.511,,353.006,373.185,
131982.176,,353.658,384.346,
132048.834,,353.598,383.591,
132115.492,,353.027,382.891,
132182.146,,353.174,380.778,
132248.809,,353.011,378.539,
132315.469,,352.360,382.337,
132382.129,,352.616,383.606,
132448.785,,354.355,397.442,
132515.441,,353.035,400.520,
132582.100,,352.369,399.963,
132648.761,,351.535,401.374,
132715.422,,352.067,397.013,
132782.079,,352.346,393.798,
132848.741,,350.911,390.742,
132915.395,,350.766,389.854,
132982.057,,351.467,396.035,
133048.717,,351.275,393.073,
133115.376,,351.768,392.968,
133182.031,,350.446,390.401,
133248.689,,352.827,386.115,
133315.351,,352.465,388.448,
133382.013,,352.655,388.989,
133448.668,,352.567,390.825,
133515.326,,352.205,394.827,
133581.987,,354.410,397.196,
133648.645,,354.034,399.262,
133715.307,,353.054,394.271,
133781.962,,352.691,393.636,
133848.620,,352.179,394.298,
133915.280,,351.280,396.720,
133981.939,,350.263,401.827,
134048.600,,350.358,406.410,
134115.256,,349.498,403.075,
134181.918,,349.770,394.115,
134248.578,,350.348,390.941,
134315.237,,350.525,388.093,
134381.897,,349.717,384.531,
134448.557,,351.756,384.239,
134515.215,,350.000,378.819,
134581.874,,351.476,382.355,
134648.528,,351.723,381.115,
134715.191,,351.990,379.979,
134781.852,,351.394,382.896,
134848.510,,351.976,386.998,
134915.170,,354.553,389.685,
134981.823,,356.713,390.041,
135048.484,,354.953,392.612,
135115.145,,353.880,393.058,
135181.806,,352.810,394.674,
135248.459,,353.349,396.611,
135315.119,,353.606,393.119,
135381.782,,353.146,386.144,
135448.440,,354.048,379.120,
135515.099,,352.452,377.464,
135581.760,,353.459,376.736,
135648.417,,352.904,375.314,
135715.074,,351.668,373.605,
135781.737,,350.286,372.499,
135848.396,,351.059,375.346,
135915.052,,351.792,380.228,
135981.711,,353.656,380.441,
136048.366,,354.001,377.935,
136115.027,,354.711,377.554,
136181.686,,353.744,374.123,
136248.345,,352.557,375.648,
136315.003,,352.803,375.982,
136381.656,,352.244,378.826,
136448.316,,353.396,377.071,
136514.975,,353.426,377.018,
136581.635,,351.467,373.638,
136648.292,,351.445,372.221,
136714.946,,351.364,372.688,
136781.605,,350.343,377.565,
136848.263,,351.824,382.960,
136914.922,,352.046,384.723,
136981.581,,351.674,379.616,
137048.240,,351.457,375.119,
137114.899,,350.700,369.951,
137181.557,,351.453,368.739,
137248.210,,351.904,372.842,
137314.872,,354.571,380.487,
137381.529,,353.829,375.683,
137448.189,,352.025,376.380,
137514.841,,350.930,375.841,
137581.502,,350.893,375.325,
137648.157,,351.421,372.663,
137714.820,,350.702,374.488,
137781.479,,350.385,378.015,
137848.133,,352.412,378.467,
137914.791,,354.265,374.941,
137981.450,,354.954,374.664,
138048.109,,353.566,372.177,
138114.768,,355.531,376.242,
138181.423,,354.273,372.786,
138248.080,,351.933,366.735,
138314.737,,350.083,365.177,
138381.395,,349.079,361.453,
138448.060,,349.004,356.784,
138514.717,,349.354,356.864,
138581.373,,348.259,354.601,
138648.029,,349.019,351.812,
138714.685,,350.497,352.097,
138781.345,,349.828,353.000,
138848.005,,350.367,348.936,
138914.665,,349.648,347.224,
138981.318,,348.374,344.244,
139047.978,,345.793,346.203,
139114.637,,349.719,356.197,
139181.293,,350.973,361.188,
139247.951,,350.915,365.103,
139314.611,,349.616,370.487,
139381.267,,349.233,369.841,
139447.924,,347.785,366.931,
139514.588,,348.060,370.078,
139581.245,,349.510,373.371,
139647.904,,351.793,376.503,
139714.558,,350.861,376.761,
139781.219,,350.573,375.455,
139847.872,,349.805,366.225,
139914.531,,349.565,366.104,
139981.189,,351.339,367.594,
140047.850,,352.867,369.161,
140114.507,,350.868,371.681,
140181.168,,351.003,372.817,
140247.824,,351.397,374.691,
140314.479,,350.473,376.669,
140381.137,,351.003,375.561,
140447.798,,351.953,372.705,
140514.453,,351.184,372.596,
140581.115,,352.483,375.494,
140647.772,,352.019,371.165,
140714.429,,352.749,367.193,
140781.086,,354.336,362.347,
140847.743,,353.185,360.076,
140914.404,,352.215,359.646,
140981.062,,350.792,359.406,
141047.722,,350.051,360.151,
141114.377,,350.066,356.766,
141181.037,,349.010,358.415,
141247.690,,351.548,365.376,
141314.348,,351.027,367.356,
141381.010,,351.785,366.393,
141447.669,,352.499,367.746,
141514.327,,353.861,365.141,
141580.983,,353.058,364.246,
141647.640,,351.366,359.943,
141714.300,,351.585,360.834,
141780.955,,351.261,360.718,
141847.618,,351.341,360.001,
141914.272,,352.425,360.611,
141980.930,,353.227,361.521,
142047.593,,352.868,360.939,
142114.245,,350.495,357.700,
142180.906,,349.947,359.116,
142247.563,,350.445,362.791,
142314.222,,351.721,369.112,
142380.879,,350.100,371.556,
142447.539,,350.668,371.255,
142514.197,,349.590,371.239,
142580.851,,350.525,369.600,
142647.509,,349.972,368.190,
142714.171,,349.536,369.363,
142780.828,,351.979,372.279,
142847.488,,352.966,375.028,
142914.142,,352.651,375.875,
142980.804,,353.308,386.593,
143047.463,,348.782,398.581,
143114.118,,350.379,402.281,
143180.775,,349.840,401.660,
143247.432,,350.218,399.219,
143314.095,,352.257,394.375,
143380.749,,354.471,393.427,
143447.406,,352.998,391.813,
143514.068,,353.572,393.250,
143580.727,,353.124,385.890,
143647.381,,349.303,379.608,
143714.038,,348.061,377.682,
143780.698,,347.838,376.186,
143847.355,,347.898,374.051,
143914.017,,347.643,371.987,
143980.669,,346.813,371.295,
144047.329,,347.571,373.079,
144113.985,,348.743,369.064,
144180.643,,349.758,368.253,
144247.304,,349.620,366.318,
144313.961,,347.917,366.397,
144380.619,,348.174,365.397,
144447.275,,349.745,366.637,
144513.933,,349.847,364.005,
144580.588,,350.568,357.836,
144647.249,,347.603,357.570,
144713.907,,350.742,357.698,
144780.563,,352.692,358.948,
144847.215,,351.211,359.557,
144913.877,,349.505,359.128,
144980.530,,349.325,362.753,
145047.188,,349.788,361.719,
145113.846,,349.676,360.538,
145180.506,,348.861,360.515,
145247.165,,348.400,359.557,
145313.818,,349.298,362.488,
145380.476,,348.826,360.396,
145447.135,,348.831,361.123,
145513.792,,349.993,363.137,
145580.447,,349.096,362.286,
145647.109,,349.639,359.439,
145713.766,,351.046,357.672,
145780.425,,351.119,356.861,
145847.081,,350.864,354.312,
145913.739,,352.849,352.743,
145980.396,,350.922,353.025,
146047.050,,346.113,351.923,
146113.705,,350.848,352.067,
146180.367,,344.352,352.603,
146247.023,,349.421,361.701,
146313.680,,350.666,375.344,
146380.337,,351.111,381.497,
146446.997,,351.311,389.326,
146513.652,,350.276,390.181,
146580.307,,350.537,387.833,
146646.968,,350.609,395.493,
146713.625,,354.202,393.907,
146780.284,,353.127,389.707,
146846.940,,351.961,392.283,
146913.594,,351.973,385.833,
146980.257,,353.165,381.649,
147046.911,,353.862,380.739,
147113.571,,354.018,380.067,
147180.224,,352.872,381.864,
147246.884,,354.737,378.792,
147313.541,,353.239,372.186,
147380.197,,350.354,370.856,
147446.858,,350.377,373.264,
147513.510,,350.209,371.980,
147580.171,,350.892,370.701,
147646.827,,350.359,370.888,
147713.487,,351.422,370.126,
147780.141,,351.896,369.236,
147846.797,,350.506,365.371,
147913.456,,350.727,364.350,
147980.112,,349.788,363.051,
148046.772,,349.428,362.395,
148113.429,,349.410,365.180,
148180.090,,348.037,370.922,
148246.745,,350.392,376.642,
148313.402,,350.307,383.953,
148380.060,,351.156,380.540,
148446.717,,350.445,371.694,
148513.370,,348.154,374.007,
148580.034,,346.556,373.121,
148646.690,,347.974,372.659,
148713.346,,348.730,371.442,
148780.005,,347.911,366.754,
148846.663,,348.478,363.666,
148913.315,,347.863,361.733,
148979.977,,346.848,361.483,
149046.634,,346.923,361.815,
149113.293,,346.317,364.312,
149179.945,,347.678,365.766,
149246.608,,347.691,366.614,
149313.266,,348.632,373.131,
149379.919,,347.910,376.381,
149446.580,,348.777,376.795,
149513.234,,350.301,375.621,
149579.894,,350.206,376.209,
149646.550,,350.079,372.411,
149713.207,,348.740,369.111,
149779.862,,347.903,367.558,
149846.524,,347.831,366.712,
149913.178,,347.833,363.590,
149979.836,,348.200,364.900,
150046.496,,348.903,369.219,
150113.149,,351.226,376.834,
150179.807,,352.242,383.612,
150246.465,,352.328,387.757,
150313.123,,351.872,386.220,
150379.780,,351.555,380.023,
150446.440,,349.867,373.240,
150513.097,,351.436,371.361,
150579.753,,351.823,369.582,
150646.411,,354.520,368.786,
150713.065,,352.230,372.697,
150779.724,,350.520,371.124,
150846.385,,349.129,366.842,
150913.037,,347.586,365.497,
150979.694,,347.047,359.716,
151046.353,,346.438,355.408,
151113.014,,346.016,353.645,
151179.670,,346.918,355.627,
151246.327,,349.007,356.703,
151312.981,,349.354,359.208,
151379.642,,347.287,357.079,
151446.296,,346.237,353.979,
151512.956,,346.234,354.955,
151579.610,,348.519,355.260,
151646.271,,348.999,358.316,
151712.930,,349.173,369.438,
151779.587,,349.786,383.782,
151846.245,,348.719,394.063,
151912.899,,350.455,399.874,
151979.557,,349.578,398.890,
152046.217,,350.937,395.071,
152112.875,,350.615,391.482,
152179.531,,350.571,386.934,
152246.193,,349.886,388.553,
152312.851,,349.100,384.599,
152379.511,,351.084,381.243,
152446.166,,349.959,379.929,
152512.827,,352.372,382.094,
152579.486,,353.490,383.119,
152646.146,,352.852,382.274,
152712.800,,351.354,383.024,
152779.460,,350.535,386.920,
152846.122,,350.047,387.732,
152912.779,,349.667,386.476,
152979.440,,350.344,383.662,
153046.093,,350.121,380.125,
153112.755,,350.667,374.807,
153179.410,,351.093,374.775,
153246.072,,352.467,376.864,
153312.728,,351.451,376.966,
153379.387,,351.432,373.181,
153446.046,,350.275,372.754,
153512.707,,349.013,372.687,
153579.361,,347.259,367.724,
153646.019,,341.521,366.171,
153712.684,,340.195,373.252,
153779.340,,343.633,387.349,
153845.997,,348.265,396.914,
153912.660,,351.726,398.169,
153979.318,,350.948,390.987,
154045.971,,346.972,379.557,
154112.631,,347.771,380.479,
154179.292,,348.561,372.902,
154245.948,,350.375,369.956,
154312.609,,350.566,363.681,
154379.267,,350.357,362.908,
154445.927,,350.014,364.284,
154512.582,,351.446,366.265,
154579.241,,351.686,368.822,
154645.900,,352.882,368.395,
154712.557,,353.028,367.325,
154779.217,,352.069,366.335,
154845.880,,352.780,363.009,
154912.537,,352.748,363.728,
154979.195,,354.536,362.476,
155045.855,,352.721,363.315,
155112.512,,352.259,365.829,
155179.171,,353.156,366.886,
155245.826,,352.193,368.435,
155312.485,,352.558,370.429,
155379.148,,351.973,368.980,
155445.807,,352.115,367.984,
155512.461,,352.660,366.007,
155579.119,,351.395,366.578,
155645.782,,352.217,365.954,
155712.440,,349.823,365.540,
155779.100,,349.952,365.596,
155845.757,,349.490,363.106,
155912.412,,349.435,362.153,
155979.071,,348.609,361.998,
156045.731,,348.093,364.126,
156112.389,,347.629,369.007,
156179.053,,350.299,372.436,
156245.706,,351.720,376.976,
156312.365,,350.432,376.230,
156379.027,,349.965,374.039,
156445.684,,351.131,378.554,
156512.346,,353.729,378.734,
156579.000,,352.641,375.309,
156645.663,,354.003,377.238,
156712.319,,353.652,380.501,
156778.974,,352.931,387.486,
156845.634,,352.423,394.633,
156912.292,,351.984,398.912,
156978.954,,352.921,403.303,
157045.614,,351.833,398.126,
157112.272,,350.716,392.377,
157178.929,,350.957,383.828,
157245.586,,350.854,376.870,
157312.246,,351.320,372.640,
157378.904,,351.009,368.031,
157445.563,,351.468,369.571,
157512.225,,351.682,369.181,
157578.880,,351.902,364.325,
157645.539,,350.614,358.929,
157712.199,,348.719,364.847,
157778.860,,349.367,372.373,
157845.516,,350.632,373.886,
157912.171,,349.282,372.635,
157978.831,,349.041,370.615,
158045.494,,351.784,373.241,
158112.147,,351.231,373.594,
158178.807,,351.572,375.865,
158245.465,,350.844,371.098,
158312.129,,351.782,369.189,
158378.785,,349.934,363.979,
158445.446,,352.973,364.747,
158512.104,,352.522,364.257,
158578.760,,351.572,363.389,
158645.422,,351.961,367.020,
158712.080,,350.020,376.857,
158778.735,,350.728,374.637,
158845.396,,349.885,375.261,
158912.051,,350.204,377.478,
158978.712,,350.352,375.367,
159045.368,,349.036,370.809,
159112.032,,349.508,365.100,
159178.687,,349.714,368.655,
159245.347,,349.914,373.726,
159312.008,,350.658,374.117,
159378.665,,349.345,371.688,
159445.319,,350.844,370.640,
159511.983,,350.947,376.549,
159578.643,,351.122,374.418,
159645.298,,350.858,379.132,
159711.959,,351.006,372.633,
159778.614,,349.942,371.869,
159845.275,,351.702,369.675,
159911.935,,351.066,368.644,
159978.592,,349.194,371.811,
160045.246,,348.118,376.961,
160111.903,,348.898,377.489,
160178.560,,347.749,372.329,
160245.220,,346.655,372.194,
160311.878,,346.119,372.957,
160378.533,,347.204,373.561,
160445.195,,346.609,368.565,
160511.853,,347.304,372.155,
160578.505,,346.737,372.931,
160645.166,,347.287,375.558,
160711.825,,347.933,374.349,
160778.478,,347.866,373.691,
160845.136,,347.490,374.163,
160911.795,,346.816,375.821,
160978.455,,347.984,376.813,
161045.108,,348.115,376.107,
161111.768,,349.145,375.571,
161178.422,,349.320,368.176,
161245.081,,345.756,362.989,
161311.743,,345.791,360.908,
161378.394,,347.020,361.150,
161445.054,,347.880,366.818,
161511.714,,348.461,365.149,
161578.368,,347.632,364.870,
161645.028,,347.456,367.773,
161711.686,,348.269,369.172,
161778.339,,347.376,368.484,
161845.003,,345.896,369.710,
161911.654,,347.003,371.630,
161978.312,,347.156,375.694,
162044.973,,346.575,379.001,
162111.632,,346.878,383.642,
162178.287,,347.114,389.930,
162244.946,,347.967,386.973,
162311.604,,346.890,384.058,
162378.260,,348.230,378.569,
162444.914,,346.947,376.560,
162511.575,,348.015,376.329,
162578.235,,348.374,370.374,
162644.892,,347.338,367.197,
162711.543,,348.673,367.552,
162778.206,,347.407,363.161,
162844.863,,347.120,361.579,
162911.517,,349.483,362.118,
162978.178,,350.005,360.566,
163044.832,,348.849,358.218,
163111.492,,349.696,356.424,
163178.151,,347.582,358.225,
163244.802,,349.324,356.409,
163311.462,,350.090,356.721,
163378.119,,350.764,355.044,
163444.781,,349.574,356.642,
163511.434,,349.700,359.020,
163578.093,,350.564,364.780,
163644.751,,350.373,363.487,
163711.411,,347.799,363.554,
163778.063,,347.797,361.525,
163844.724,,346.771,360.490,
163911.381,,344.850,360.646,
163978.037,,345.183,359.409,
164044.698,,344.814,359.115,
164111.352,,344.572,359.715,
164178.009,,346.470,367.856,
164244.666,,347.474,365.379,
164311.324,,348.144,363.701,
164377.982,,347.939,363.811,
164444.642,,347.087,366.939,
164511.296,,347.106,369.928,
164577.955,,347.312,374.257,
164644.612,,348.948,382.574,
164711.271,,349.080,389.299,
164777.927,,348.268,396.764,
164844.584,,347.152,412.458,
164911.241,,348.758,411.578,
164977.899,,349.292,402.277,
165044.559,,349.506,395.787,
165111.218,,350.682,393.225,
165177.875,,351.641,390.007,
165244.526,,351.991,390.437,
165311.184,,351.023,384.462,
165377.845,,349.699,379.879,
165444.503,,349.927,379.144,
165511.157,,347.859,378.918,
165577.819,,348.584,377.377,
165644.473,,346.776,376.668,
165711.131,,348.792,377.019,
165777.790,,347.819,377.449,
165844.447,,349.235,375.824,
165911.103,,348.404,368.974,
165977.763,,345.001,365.185,
166044.415,,345.727,368.201,
166111.077,,345.478,371.316,
166177.736,,344.720,367.919,
166244.392,,344.310,366.843,
166311.046,,344.942,368.495,
166377.704,,346.043,371.060,
166444.366,,346.128,368.921,
166511.018,,347.117,367.388,
166577.675,,348.766,371.246,
166644.334,,347.535,373.542,
166710.985,,346.992,365.023,
166777.647,,344.104,359.247,
166844.310,,344.149,355.735,
166910.967,,345.399,355.314,
166977.622,,345.101,357.249,
167044.279,,345.190,356.913,
167110.939,,344.620,355.744,
167177.595,,344.737,354.885,
167244.250,,346.344,358.067,
167310.913,,346.520,353.744,
167377.569,,343.106,358.566,
167444.223,,347.280,363.595,
167510.879,,346.971,368.025,
167577.540,,346.539,376.662,
167644.194,,351.382,380.731,
167710.855,,349.397,379.709,
167777.508,,349.428,377.978,
167844.172,,349.021,375.189,
167910.829,,348.358,373.395,
167977.484,,348.092,371.751,
168044.145,,349.381,372.574,
168110.802,,349.736,369.437,
168177.459,,348.450,368.195,
168244.123,,349.109,366.296,
168310.777,,348.951,369.298,
168377.436,,351.501,368.684,
168444.093,,349.693,367.183,
168510.757,,349.971,363.274,
168577.411,,348.350,366.705,
168644.073,,346.739,374.008,
168710.731,,347.029,380.291,
168777.391,,348.727,377.539,
168844.049,,347.287,373.449,
168910.704,,348.008,370.369,
168977.365,,347.022,372.275,
169044.020,,349.336,378.540,
169110.682,,349.541,380.578,
169177.341,,350.232,381.227,
169243.999,,350.836,381.291,
169310.660,,348.919,382.181,
169377.318,,348.278,380.594,
169443.973,,348.318,383.657,
169510.634,,349.644,382.315,
169577.294,,349.626,374.368,
169643.951,,347.542,367.649,
169710.607,,348.807,365.409,
169777.266,,348.955,361.206,
169843.928,,348.409,361.891,
169910.583,,349.183,361.762,
169977.245,,350.412,363.028,
170043.906,,351.096,364.130,
170110.559,,351.699,364.079,
170177.220,,349.459,365.766,
170243.875,,349.705,364.324,
170310.535,,349.945,362.770,
170377.197,,349.707,361.207,
170443.856,,350.608,359.280,
170510.514,,349.606,357.419,
170577.168,,349.493,358.086,
170643.829,,349.737,360.280,
170710.490,,349.498,359.890,
170777.144,,351.620,362.844,
170843.807,,348.484,361.600,
170910.464,,347.081,363.633,
170977.122,,347.352,371.226,
171043.779,,348.600,388.074,
171110.439,,347.317,398.087,
171177.099,,348.212,390.614,
171243.754,,347.233,386.950,
171310.420,,346.824,380.783,
171377.075,,347.861,373.664,
171443.734,,346.886,373.740,
171510.392,,346.736,372.009,
171577.048,,346.780,371.338,
171643.711,,345.870,370.955,
171710.365,,346.772,370.902,
171777.025,,346.607,371.781,
171843.682,,345.877,380.712,
171910.341,,348.058,389.000,
171977.006,,352.332,397.361,
172043.664,,351.220,413.427,
172110.321,,351.448,424.449,
172176.979,,349.828,419.134,
172243.638,,348.679,408.931,
172310.293,,343.994,408.062,
172376.954,,347.370,406.340,
172443.612,,347.289,406.337,
172510.273,,347.394,396.027,
172576.934,,345.827,385.748,
172643.591,,346.836,381.209,
172710.249,,346.855,374.395,
172776.909,,344.870,373.048,
172843.564,,345.615,378.891,
172910.221,,348.478,384.396,
172976.880,,348.600,385.360,
173043.539,,350.707,387.011,
173110.200,,350.868,391.364,
173176.860,,349.688,393.635,
173243.515,,350.759,389.723,
173310.178,,350.459,385.366,
173376.833,,350.322,379.819,
173443.494,,350.485,377.221,
173510.149,,350.449,374.601,
173576.813,,350.289,375.725,
173643.470,,349.433,378.665,
173710.126,,350.497,380.376,
173776.786,,350.576,382.704,
173843.444,,349.906,385.946,
173910.106,,351.178,384.111,
173976.763,,351.134,382.477,
174043.421,,350.879,384.977,
174110.082,,351.791,385.563,
174176.740,,351.581,384.050,
174243.400,,348.201,378.266,
174310.059,,345.854,376.410,
174376.714,,345.771,377.184,
174443.373,,346.924,383.331,
174510.029,,348.140,388.034,
174576.689,,350.017,399.244,
174643.346,,350.598,399.158,
174710.007,,348.380,404.644,
174776.664,,347.614,403.327,
174843.322,,348.300,408.513,
174909.984,,348.230,412.622,
174976.641,,349.540,414.034,
175043.300,,350.568,413.317,
175109.963,,349.412,415.794,
175176.617,,350.620,408.133,
175243.275,,349.457,408.369,
175309.938,,350.340,405.469,
175376.598,,350.481,401.032,
175443.256,,350.107,402.196,
175509.913,,349.976,404.034,
175576.569,,349.848,400.629,
175643.228,,348.141,394.947,
175709.890,,346.626,388.084,
175776.547,,348.638,382.395,
175843.202,,346.545,377.578,
175909.867,,348.822,374.763,
175976.521,,349.908,375.404,
176043.182,,349.460,372.364,
176109.837,,347.707,372.823,
176176.496,,347.680,371.691,
176243.149,,346.911,369.592,
176309.810,,349.600,371.273,
176376.470,,345.622,365.478,
176443.125,,345.905,364.797,
176509.785,,346.778,364.903,
176576.442,,344.502,363.650,
176643.094,,345.925,367.321,
176709.756,,346.641,367.043,
176776.413,,347.692,367.380,
176843.068,,346.585,369.456,
176909.731,,347.790,373.667,
176976.383,,348.084,374.553,
177043.044,,346.996,374.996,
177109.702,,347.143,378.635,
177176.358,,346.038,380.177,
177243.014,,347.375,384.851,
177309.673,,346.756,388.443,
177376.329,,349.457,386.134,
177442.986,,349.807,387.684,
177509.646,,351.067,385.467,
177576.300,,350.529,382.305,
177642.963,,350.034,383.354,
177709.616,,352.124,380.229,
177776.277,,352.234,374.019,
177842.934,,351.004,369.451,
177909.591,,348.658,364.413,
177976.247,,350.547,369.112,
178042.906,,352.038,369.887,
178109.565,,351.144,368.700,
178176.220,,351.310,370.092,
178242.876,,352.303,365.081,
178309.538,,351.920,363.144,
178376.195,,351.130,362.915,
178442.848,,353.743,362.779,
178509.508,,351.461,361.095,
178576.165,,351.274,359.577,
178642.822,,351.247,362.580,
178709.480,,351.283,364.580,
178776.140,,350.504,367.136,
178842.795,,349.100,367.367,
178909.450,,345.797,364.118,
178976.109,,345.659,363.155,
179042.767,,346.774,363.702,
179109.423,,346.862,363.495,
179176.082,,348.194,365.153,
179242.742,,347.896,365.811,
179309.398,,348.327,367.102,
179376.054,,349.352,366.349,
179442.715,,346.828,370.037,
179509.367,,347.548,374.322,
179576.031,,348.081,375.993,
179642.686,,347.852,377.338,
179709.339,,348.087,385.220,
179775.999,,346.834,383.605,
179842.658,,347.571,390.534,
179909.313,,350.151,388.611,
179975.975,,349.331,384.002,
180042.633,,347.558,379.738,
180109.288,,349.047,378.179,
180175.947,,349.090,378.284,
180242.605,,349.398,377.200,
180309.260,,349.408,373.212,
180375.921,,349.432,371.055,
180442.576,,349.890,368.977,
180509.229,,349.036,378.196,
180575.892,,349.427,391.224,
180642.547,,350.011,412.781,
180709.206,,350.093,449.289,
180775.859,,348.883,450.080,
180842.520,,349.243,445.215,
180909.176,,349.406,441.760,
180975.834,,348.639,432.046,
181042.496,,348.140,418.116,
181109.148,,347.352,415.254,
181175.808,,348.016,420.257,
181242.467,,346.970,423.540,
181309.121,,348.964,424.896,
181375.777,,350.805,428.746,
181442.439,,348.679,432.095,
181509.098,,347.558,431.256,
181575.756,,350.005,427.489,
181642.412,,347.568,420.947,
181709.067,,346.346,411.638,
181775.724,,346.998,406.871,
181842.382,,348.150,403.003,
181909.040,,349.103,396.572,
181975.695,,347.482,392.457,
182042.355,,347.660,390.789,
182109.010,,345.164,386.217,
182175.668,,346.856,383.926,
182242.331,,348.157,390.069,
182308.983,,347.688,394.634,
182375.639,,348.225,402.313,
182442.298,,350.410,401.675,
182508.957,,350.331,405.598,
182575.612,,351.253,401.866,
182642.276,,348.506,405.834,
182708.931,,348.008,409.345,
182775.590,,348.099,409.940,
182842.248,,348.190,413.784,
182908.899,,347.519,412.469,
182975.559,,348.741,407.407,
183042.219,,349.143,397.446,
183108.873,,346.162,389.480,
183175.534,,345.238,384.222,
183242.188,,345.692,386.944,
183308.850,,345.690,386.127,
183375.505,,346.049,388.170,
183442.166,,347.022,382.823,
183508.824,,349.682,384.228,
183575.481,,349.794,385.715,
183642.138,,348.634,387.272,
183708.792,,349.156,388.163,
183775.450,,349.080,386.580,
183842.107,,349.021,382.534,
183908.764,,348.713,379.310,
183975.421,,348.562,384.849,
184042.082,,349.886,386.694,
184108.738,,347.631,383.148,
184175.396,,348.092,385.413,
184242.056,,349.287,384.967,
184308.712,,348.834,384.799,
184375.371,,345.252,383.791,
184442.026,,347.344,393.790,
184508.682,,346.810,390.831,
184575.343,,347.500,384.132,
184642.001,,347.881,377.055,
184708.656,,347.736,374.492,
184775.316,,347.758,371.284,
184841.973,,343.652,367.384,
184908.634,,344.002,367.343,
184975.292,,344.405,367.559,
185041.944,,345.094,369.421,
185108.605,,345.392,373.309,
185175.264,,345.442,371.251,
185241.916,,345.241,370.225,
185308.575,,345.212,365.610,
185375.234,,344.606,363.896,
185441.891,,347.032,363.212,
185508.553,,346.032,357.075,
185575.209,,344.210,355.510,
185641.868,,345.160,357.561,
185708.524,,345.752,357.473,
185775.180,,346.576,360.615,
185841.842,,345.843,364.701,
185908.494,,346.551,370.717,
185975.157,,346.177,382.475,
186041.809,,347.653,393.727,
186108.469,,345.929,405.786,
186175.129,,345.946,415.436,
186241.787,,345.980,421.921,
186308.445,,345.262,425.965,
186375.101,,346.005,423.542,
186441.755,,347.397,419.208,
186508.412,,348.277,412.161,
186575.076,,347.285,409.458,
186641.734,,350.823,400.056,
186708.389,,347.823,387.279,
186775.047,,347.073,380.271,
186841.705,,346.847,375.585,
186908.364,,346.291,371.152,
186975.016,,345.461,366.088,
187041.679,,346.456,364.046,
187108.334,,344.638,358.969,
187174.990,,344.189,357.347,
187241.648,,346.040,360.464,
187308.307,,346.465,361.934,
187374.967,,345.991,361.658,
187441.625,,346.528,359.803,
187508.284,,346.821,358.980,
187574.936,,346.840,362.631,
187641.598,,346.007,364.955,
187708.255,,345.678,363.991,
187774.916,,346.996,369.665,
187841.573,,345.234,364.950,
187908.229,,347.060,363.633,
187974.886,,347.092,363.891,
188041.544,,347.259,362.520,
188108.199,,347.508,362.102,
188174.862,,347.880,364.428,
188241.516,,348.013,370.234,
188308.171,,347.950,371.289,
188374.830,,347.816,377.873,
188441.487,,347.470,380.142,
188508.144,,346.801,410.341,
188574.806,,348.005,422.340,
188641.466,,348.753,425.637,
188708.123,,347.328,450.096,
188774.779,,348.147,498.279,
188841.438,,347.797,528.225,
188908.090,,346.131,525.582,
188974.748,,345.648,507.490,
189041.407,,345.764,489.291,
189108.070,,345.093,471.919,
189174.721,,343.812,460.098,
189241.383,,343.157,451.692,
189308.041,,342.747,439.782,
189374.696,,342.570,430.427,
189441.354,,344.868,421.462,
189508.010,,344.700,412.853,
189574.667,,342.892,409.482,
189641.326,,344.141,405.067,
189707.983,,345.123,411.072,
189774.641,,346.224,407.884,
189841.301,,345.022,406.033,
189907.961,,346.017,400.145,
189974.617,,346.212,394.162,
190041.271,,345.783,390.572,
190107.929,,346.391,385.944,
190174.586,,344.818,375.680,
190241.248,,344.292,374.375,
190307.908,,344.212,381.692,
190374.562,,342.886,386.683,
190441.221,,343.569,387.915,
190507.880,,342.878,388.652,
190574.536,,344.858,383.609,
190641.196,,343.626,377.547,
190707.850,,343.364,376.410,
190774.512,,343.403,377.669,
190841.169,,342.753,384.252,
190907.821,,342.282,385.895,
190974.484,,342.197,383.534,
191041.141,,342.063,382.102,
191107.798,,342.167,380.472,
191174.453,,342.906,384.502,
191241.113,,342.749,381.242,
191307.769,,342.468,375.145,
191374.426,,341.623,369.649,
191441.086,,342.466,366.368,
191507.742,,342.762,368.626,
191574.401,,342.941,374.169,
191641.062,,342.170,378.888,
191707.715,,340.889,373.435,
191774.377,,342.226,376.527,
191841.030,,343.486,382.132,
191907.692,,342.529,379.351,
191974.348,,341.520,376.550,
192041.004,,342.399,374.550,
192107.667,,342.766,378.019,
192174.319,,342.510,383.001,
192240.981,,343.010,384.695,
192307.642,,342.544,389.369,
192374.296,,343.104,398.199,
192440.958,,341.818,398.874,
192507.613,,342.275,391.013,
192574.268,,342.076,390.079,
192640.926,,341.823,388.949,
192707.590,,340.647,382.985,
192774.244,,341.373,383.960,
192840.906,,342.070,385.182,
192907.562,,341.943,386.773,
192974.223,,341.613,381.218,
193040.877,,342.264,375.830,
193107.533,,341.541,373.196,
193174.197,,342.392,376.076,
193240.852,,342.234,379.897,
193307.511,,341.726,382.484,
193374.167,,342.371,387.943,
193440.830,,342.586,390.261,
193507.482,,342.255,392.823,
193574.142,,340.796,385.741,
193640.799,,340.639,383.199,
193707.461,,343.749,377.409,
193774.115,,341.077,371.883,
193840.773,,342.616,379.760,
193907.432,,340.803,377.759,
193974.092,,344.580,379.925,
194040.746,,341.770,389.499,
194107.406,,341.628,394.307,
194174.066,,341.923,398.515,
194240.723,,342.233,397.574,
194307.382,,341.617,391.603,
194374.041,,342.365,389.747,
194440.697,,342.260,390.796,
194507.356,,340.218,387.345,
194574.015,,341.113,383.716,
194640.672,,341.023,382.589,
194707.333,,341.712,383.801,
194773.987,,341.040,388.725,
194840.644,,342.201,393.658,
194907.302,,342.513,396.475,
194973.961,,340.952,396.396,
195040.621,,339.690,392.254,
195107.276,,340.621,386.505,
195173.936,,340.641,384.044,
195240.594,,341.920,386.604,
195307.253,,341.931,387.732,
195373.909,,341.049,392.215,
195440.570,,340.764,392.119,
195507.227,,340.715,389.478,
195573.884,,345.188,392.127,
195640.546,,342.447,392.403,
195707.205,,342.307,404.205,
195773.858,,342.664,406.029,
195840.518,,342.167,402.140,
195907.175,,340.906,387.277,
195973.834,,338.974,391.923,
196040.489,,343.944,387.487,
196107.152,,339.859,384.246,
196173.806,,343.235,389.589,
196240.466,,340.391,388.631,
196307.122,,342.861,394.049,
196373.784,,342.339,391.994,
196440.443,,342.098,387.883,
196507.102,,341.240,386.151,
196573.759,,341.446,391.310,
196640.418,,341.823,385.778,
196707.070,,342.779,377.712,
196773.732,,342.155,372.078,
196840.390,,342.407,370.524,
196907.051,,340.862,370.021,
196973.707,,342.486,371.958,
197040.363,,341.039,373.352,
197107.020,,342.477,375.911,
197173.681,,340.925,373.767,
197240.338,,342.377,368.322,
197306.998,,341.063,364.152,
197373.656,,341.541,362.103,
197440.314,,342.394,362.868,
197506.974,,342.544,368.079,
197573.628,,341.079,366.596,
197640.284,,341.470,379.408,
197706.942,,342.045,380.645,
197773.604,,338.130,379.609,
197840.261,,341.327,377.826,
197906.920,,340.926,376.770,
197973.575,,341.660,379.311,
198040.235,,341.265,385.222,
198106.896,,342.134,388.057,
198173.555,,341.621,384.293,
198240.208,,340.889,377.876,
198306.865,,340.894,375.016,
198373.528,,341.132,378.571,
198440.187,,342.119,381.684,
198506.846,,341.267,376.259,
198573.498,,340.826,369.735,
198640.160,,342.381,364.368,
198706.818,,339.973,362.332,
198773.475,,343.996,364.985,
198840.131,,342.841,359.746,
198906.794,,339.536,363.665,
198973.452,,343.088,362.024,
199040.107,,339.495,357.042,
199106.768,,340.077,364.828,
199173.425,,342.836,369.809,
199240.081,,340.973,365.653,
199306.742,,339.019,372.021,
199373.395,,342.212,376.518,
199440.059,,341.399,369.591,
199506.714,,341.571,367.503,
199573.375,,343.322,369.746,
199640.032,,343.727,367.683,
199706.690,,338.928,374.479,
199773.346,,343.753,378.432,
199840.004,,343.226,380.417,
199906.664,,339.372,391.564,
199973.321,,343.758,396.546,
200039.979,,342.847,391.719,
200106.639,,342.166,389.823,
200173.295,,344.050,390.429,
200239.951,,342.810,382.262,
200306.611,,344.452,389.922,
200373.270,,342.655,381.932,
200439.929,,341.749,380.029,
200506.586,,343.661,384.149,
200573.243,,344.157,379.414,
200639.905,,338.985,379.201,
200706.564,,345.567,377.959,
200773.223,,345.287,367.646,
200839.878,,344.333,370.006,
200906.538,,347.472,367.366,
200973.194,,348.290,365.650,
201039.855,,344.791,376.842,
201106.512,,348.603,378.115,
201173.172,,348.393,365.813,
201239.826,,347.370,371.455,
201306.487,,350.281,378.603,
201373.146,,344.893,388.482,
201439.798,,345.792,386.727,
201506.461,,346.477,380.145,
201573.115,,343.482,375.385,
201639.774,,344.540,366.087,
201706.437,,341.880,357.930,
201773.092,,342.407,360.773,
201839.754,,343.490,362.455,
201906.409,,339.243,363.953,
201973.064,,340.803,361.941,
202039.722,,341.231,364.670,
202106.385,,342.261,374.273,
202173.040,,343.598,372.831,
202239.700,,341.301,366.728,
202306.357,,340.970,367.533,
202373.018,,343.058,365.089,
202439.676,,342.301,360.107,
202506.330,,342.638,357.504,
202572.989,,342.671,358.457,
202639.650,,342.021,351.952,
202706.310,,342.528,355.261,
202772.964,,343.982,361.739,
202839.623,,343.708,367.929,
202906.283,,344.410,375.075,
202972.941,,344.658,376.035,
203039.596,,344.183,371.655,
203106.260,,344.112,372.800,
203172.918,,342.675,368.227,
203239.573,,341.196,368.311,
203306.229,,344.882,371.521,
203372.887,,345.747,361.216,
203439.550,,345.407,362.376,
203506.210,,346.147,360.643,
203572.864,,345.474,355.403,
203639.524,,343.003,360.743,
203706.178,,345.105,358.259,
203772.841,,346.461,358.519,
203839.500,,342.284,359.470,
203906.158,,345.992,363.272,
203972.813,,346.431,367.427,
204039.471,,345.975,369.884,
204106.127,,347.707,370.961,
204172.787,,343.336,363.960,
204239.446,,342.018,369.358,
204306.105,,343.891,367.785,
204372.765,,341.471,367.255,
204439.418,,344.843,371.030,
204506.081,,346.107,370.441,
204572.735,,347.990,364.614,
204639.399,,345.902,364.644,
204706.056,,347.455,362.821,
204772.715,,344.224,365.170,
204839.367,,347.198,360.083,
204906.031,,342.216,353.597,
204972.688,,342.647,357.159,
205039.343,,344.271,359.685,
205106.001,,342.030,364.605,
205172.664,,344.233,367.087,
205239.320,,345.255,364.356,
205305.976,,344.636,366.959,
205372.636,,345.684,372.767,
205439.293,,345.709,373.007,
205505.952,,343.204,378.469,
205572.611,,344.780,385.925,
205639.270,,345.930,383.274,
205705.928,,344.891,377.981,
205772.585,,346.730,384.627,
205839.241,,347.830,385.604,
205905.903,,346.473,383.651,
205972.561,,348.084,381.425,
206039.222,,344.276,379.550,
206105.879,,346.485,373.924,
206172.536,,345.652,365.079,
206239.195,,345.361,369.195,
206305.851,,346.106,368.919,
206372.506,,342.720,361.429,
206439.170,,343.272,357.765,
206505.826,,342.144,351.790,
206572.483,,341.408,352.018,
206639.145,,341.240,360.722,
206705.803,,339.442,360.173,
206772.456,,339.535,362.849,
206839.115,,339.219,368.900,
206905.776,,339.485,370.556,
206972.431,,339.107,365.871,
207039.091,,339.514,367.562,
207105.748,,340.049,369.787,
207172.408,,340.034,377.554,
207239.065,,340.740,379.307,
207305.724,,342.415,376.069,
207372.386,,342.886,371.548,
207439.039,,340.624,371.432,
207505.701,,340.787,369.617,
207572.360,,342.931,364.151,
207639.013,,342.422,363.582,
207705.676,,344.632,357.859,
207772.332,,342.507,363.481,
207838.989,,343.526,364.914,
207905.648,,342.205,364.779,
207972.305,,335.306,363.983,
208038.962,,337.854,363.639,
208105.625,,337.263,356.665,
208172.279,,338.306,353.809,
208238.941,,338.975,353.749,
208305.598,,337.910,358.304,
208372.259,,339.285,362.417,
208438.912,,340.364,364.466,
208505.574,,343.686,367.952,
208572.228,,343.482,356.528,
208638.885,,338.987,357.697,
208705.545,,339.394,366.324,
208772.206,,338.793,364.322,
208838.866,,337.065,357.533,
208905.520,,333.378,351.417,
208972.181,,337.565,352.965,
209038.838,,338.558,352.025,
209105.495,,338.398,352.477,
209172.155,,339.050,356.389,
209238.810,,342.658,361.468,
209305.468,,346.348,362.167,
209372.126,,343.421,351.211,
209438.785,,340.162,345.793,
209505.446,,339.635,342.792,
209572.104,,343.071,352.283,
209638.763,,346.214,352.735,
209705.418,,345.779,358.338,
209772.078,,343.941,366.263,
209838.735,,342.288,367.906,
209905.393,,340.691,379.676,
209972.050,,341.575,381.855,
210038.712,,339.866,383.117,
210105.371,,340.543,378.332,
210172.028,,339.496,372.557,
210238.686,,339.507,368.314,
210305.344,,342.141,371.272,
210372.001,,341.091,370.153,
210438.655,,342.474,372.566,
210505.314,,339.276,372.894,
210571.978,,342.469,373.794,
210638.629,,341.051,375.812,
210705.291,,342.344,378.390,
210771.950,,341.104,378.716,
210838.605,,341.428,384.136,
210905.266,,343.483,383.880,
210971.923,,343.511,383.841,
211038.584,,341.768,385.465,
211105.242,,342.925,382.533,
211171.901,,339.753,381.823,
211238.558,,341.036,378.740,
211305.212,,339.994,373.793,
211371.870,,340.900,372.142,
211438.532,,342.216,367.643,
211505.191,,341.538,366.908,
211571.844,,342.202,363.397,
211638.508,,342.105,359.698,
211705.166,,340.448,355.945,
211771.819,,341.023,360.734,
211838.483,,341.307,362.519,
211905.140,,338.713,368.374,
211971.793,,340.378,372.387,
212038.453,,338.576,367.702,
212105.111,,338.282,368.177,
212171.770,,343.110,366.482,
212238.430,,343.199,359.014,
212305.085,,342.392,358.761,
212371.744,,342.333,354.987,
212438.401,,340.915,354.695,
212505.063,,342.328,359.462,
212571.719,,343.016,362.601,
212638.378,,342.030,365.211,
212705.033,,341.385,371.896,
212771.693,,342.099,366.848,
212838.352,,339.804,368.144,
212905.012,,343.732,369.220,
212971.667,,343.038,368.171,
213038.325,,345.551,367.540,
213104.987,,343.403,367.100,
213171.643,,342.709,370.391,
213238.298,,342.914,370.853,
213304.960,,341.806,365.429,
213371.614,,341.177,367.743,
213438.273,,343.356,370.432,
213504.932,,342.575,371.093,
213571.591,,339.682,370.240,
213638.252,,340.846,369.818,
213704.910,,339.153,360.809,
213771.564,,337.580,360.281,
213838.225,,339.465,368.936,
213904.883,,340.853,375.771,
213971.539,,339.869,380.672,
214038.200,,341.737,385.097,
214104.860,,340.927,386.423,
214171.516,,342.763,380.382,
214238.170,,341.460,373.364,
214304.833,,343.048,364.892,
214371.488,,343.354,359.856,
214438.144,,341.425,351.375,
214504.802,,339.224,352.160,
214571.460,,341.576,351.331,
214638.119,,342.738,347.951,
214704.781,,341.960,348.823,
214771.435,,342.223,349.125,
214838.098,,341.686,352.407,
214904.755,,342.643,350.449,
214971.412,,339.676,354.307,
215038.069,,341.069,356.280,
215104.727,,342.622,359.756,
215171.387,,340.441,361.640,
215238.046,,341.109,365.576,
215304.704,,340.234,367.577,
215371.362,,339.929,374.998,
215438.016,,340.777,381.834,
215504.679,,341.596,386.043,
215571.338,,341.004,380.639,
215637.996,,341.764,376.457,
215704.654,,341.792,378.057,
215771.314,,341.831,372.986,
215837.967,,340.869,371.728,
215904.630,,339.564,373.504,
215971.283,,340.853,373.284,
216037.946,,338.932,382.324,
216104.599,,340.182,382.924,
216171.261,,341.417,381.418,
216237.920,,340.279,375.127,
216304.575,,339.869,373.361,
216371.236,,342.898,374.232,
216437.888,,341.247,374.666,
216504.550,,341.691,373.005,
216571.205,,340.544,378.052,
216637.862,,340.599,378.358,
216704.522,,342.308,385.370,
216771.184,,342.074,386.507,
216837.841,,340.175,380.608,
216904.499,,338.948,377.690,
216971.154,,341.031,373.191,
217037.811,,339.080,368.560,
217104.470,,340.461,373.792,
217171.129,,341.475,374.340,
217237.786,,342.867,371.993,
217304.447,,341.476,367.283,
217371.105,,340.789,362.485,
217437.762,,340.589,357.481,
217504.421,,339.071,350.988,
217571.077,,339.307,350.406,
217637.737,,340.099,363.536,
217704.389,,340.270,382.987,
217771.049,,339.461,395.677,
217837.710,,338.703,391.414,
217904.366,,338.936,386.833,
217971.027,,340.439,383.817,
218037.679,,342.371,376.951,
218104.342,,341.034,368.628,
218171.000,,339.224,363.578,
218237.656,,339.405,357.473,
218304.316,,338.437,353.008,
218370.970,,338.952,349.975,
218437.628,,338.427,347.881,
218504.288,,339.171,347.721,
218570.944,,338.947,345.947,
218637.602,,338.609,347.284,
218704.261,,338.988,356.154,
218770.920,,339.406,362.754,
218837.577,,338.662,361.996,
218904.233,,338.225,361.732,
218970.892,,338.869,363.799,
219037.549,,339.845,365.383,
219104.212,,338.636,368.262,
219170.866,,339.142,371.227,
219237.524,,339.523,367.502,
219304.185,,339.497,364.458,
219370.841,,341.958,360.919,
219437.501,,344.717,358.725,
219504.155,,345.988,352.325,
219570.819,,342.640,348.933,
219637.475,,341.531,347.726,
219704.133,,340.846,343.156,
219770.788,,340.730,343.049,
219837.449,,341.395,341.601,
219904.107,,339.117,341.600,
219970.764,,340.410,341.390,
220037.420,,339.571,343.210,
220104.082,,339.981,344.425,
220170.735,,340.697,345.949,
220237.393,,340.938,351.196,
220304.053,,341.341,350.992,
220370.712,,340.770,357.481,
220437.372,,339.009,360.227,
220504.028,,338.410,362.444,
220570.684,,338.240,360.295,
220637.341,,337.657,357.452,
220703.997,,340.225,356.393,
220770.660,,339.850,357.957,
220837.314,,339.908,358.349,
220903.976,,340.117,356.436,
220970.632,,338.015,354.874,
221037.294,,338.236,353.255,
221103.946,,338.028,350.067,
221170.609,,336.484,364.838,
221237.264,,339.471,371.470,
221303.922,,340.459,369.522,
221370.577,,339.895,365.990,
221437.240,,338.835,359.394,
221503.894,,338.323,362.739,
221570.555,,340.081,358.225,
221637.214,,339.132,356.576,
221703.870,,339.052,355.069,
221770.527,,340.733,356.163,
221837.189,,340.179,355.561,
221903.845,,339.396,355.190,
221970.501,,338.562,358.359,
222037.157,,338.927,355.302,
222103.821,,340.001,356.629,
222170.473,,339.800,357.042,
222237.134,,339.303,361.447,
222303.791,,340.012,361.260,
222370.452,,339.488,358.666,
222437.111,,339.098,352.486,
222503.766,,338.280,347.442,
222570.421,,340.276,348.992,
222637.081,,340.603,347.129,
222703.738,,340.031,352.132,
222770.400,,346.096,355.797,
222837.054,,343.820,356.536,
222903.717,,344.568,356.541,
222970.375,,343.570,356.359,
223037.028,,342.620,354.270,
223103.685,,343.043,355.494,
223170.349,,342.380,352.091,
223237.006,,341.357,348.996,
223303.660,,341.126,355.420,
223370.317,,343.078,367.598,
223436.976,,340.727,367.600,
223503.636,,341.083,363.125,
223570.297,,341.141,360.120,
223636.951,,341.359,356.110,
223703.606,,340.555,358.553,
223770.266,,335.787,363.930,
223836.925,,341.772,370.014,
223903.583,,340.560,368.280,
223970.239,,342.462,371.910,
224036.897,,342.942,373.763,
224103.559,,343.437,369.303,
224170.217,,339.840,368.359,
224236.872,,339.561,368.636,
224303.529,,338.039,366.876,
224370.187,,337.843,369.753,
224436.847,,337.874,367.617,
224503.502,,337.991,371.855,
224570.160,,337.987,373.754,
224636.819,,338.377,371.006,
224703.476,,339.015,363.774,
224770.132,,339.383,357.946,
224836.788,,339.204,354.900,
224903.451,,339.220,354.487,
224970.108,,338.524,353.907,
225036.764,,337.729,354.170,
225103.419,,338.010,348.301,
225170.077,,335.974,348.957,
225236.736,,336.056,351.509,
225303.396,,339.895,351.360,
225370.053,,338.209,349.867,
225436.709,,340.437,351.055,
225503.369,,340.879,347.688,
225570.023,,341.201,343.625,
225636.683,,338.040,341.619,
225703.341,,337.287,342.548,
225769.995,,339.793,347.279,
225836.653,,339.556,352.249,
225903.315,,338.376,357.187,
225969.972,,336.801,361.900,
226036.628,,337.776,360.958,
226103.282,,336.841,360.769,
226169.941,,338.607,359.355,
226236.602,,340.996,358.354,
226303.256,,339.259,354.840,
226369.914,,339.657,350.934,
226436.576,,337.202,344.474,
226503.231,,334.723,350.880,
226569.888,,339.356,357.251,
226636.549,,339.308,363.502,
226703.203,,340.816,375.190,
226769.863,,341.106,387.967,
226836.520,,340.219,389.421,
226903.180,,338.043,383.664,
226969.838,,335.764,381.056,
227036.492,,339.002,370.771,
227103.148,,340.212,366.944,
227169.804,,340.674,365.108,
227236.466,,343.315,365.783,
227303.122,,343.214,371.933,
227369.777,,344.149,381.359,
227436.441,,342.314,382.473,
227503.096,,340.703,389.915,
227569.751,,340.441,391.320,
227636.412,,340.237,385.949,
227703.066,,338.951,378.831,
227769.724,,339.905,382.275,
227836.385,,340.083,377.338,
227903.039,,340.836,369.905,
227969.701,,340.713,370.629,
228036.358,,342.517,365.853,
228103.014,,340.465,361.278,
228169.675,,340.171,364.184,
228236.328,,344.767,365.170,
228302.984,,344.568,363.508,
228369.646,,343.565,361.008,
228436.304,,343.063,355.528,
228502.960,,342.896,353.677,
228569.615,,341.436,348.465,
228636.278,,339.869,347.330,
228702.933,,339.806,348.036,
228769.590,,341.119,346.354,
228836.246,,339.607,341.293,
228902.905,,340.376,344.203,
228969.562,,341.231,345.558,
229036.223,,340.382,351.736,
229102.881,,342.574,357.646,
229169.535,,341.156,359.413,
229236.191,,339.837,360.597,
229302.851,,340.039,367.591,
229369.507,,342.537,367.443,
229436.165,,340.932,367.288,
229502.828,,341.479,365.293,
229569.485,,342.646,361.180,
229636.137,,341.909,358.929,
229702.798,,341.857,356.232,
229769.459,,344.562,353.803,
229836.112,,342.142,348.911,
229902.773,,341.972,350.007,
229969.430,,342.309,349.825,
230036.083,,340.425,347.825,
230102.746,,342.759,354.595,
230169.402,,345.137,359.941,
230236.059,,342.695,356.929,
230302.713,,343.957,365.407,
230369.372,,343.464,373.505,
230436.035,,343.369,371.990,
230502.690,,342.895,374.488,
230569.347,,342.980,371.965,
230636.002,,342.919,368.912,
230702.659,,340.714,363.095,
230769.317,,342.178,359.205,
230835.980,,340.776,353.594,
230902.636,,341.282,347.221,
230969.289,,339.073,346.949,
231035.953,,339.102,345.702,
231102.605,,341.163,347.478,
231169.267,,343.994,343.054,
231235.920,,343.373,346.611,
231302.581,,343.753,351.760,
231369.235,,344.705,351.807,
231435.894,,340.922,353.027,
231502.554,,343.736,357.082,
231569.212,,342.818,356.044,
231635.869,,340.557,359.467,
231702.524,,342.137,360.168,
231769.181,,344.020,357.289,
231835.841,,339.197,355.451,
231902.500,,339.305,356.292,
231969.159,,338.508,358.766,
232035.817,,340.239,358.855,
232102.474,,344.326,356.268,
232169.134,,347.097,363.435,
232235.790,,345.277,349.761,
232302.452,,339.894,345.183,
232369.112,,341.025,342.135,
232435.765,,339.144,340.736,
232502.429,,340.721,339.363,
232569.087,,340.282,340.692,
232635.741,,341.411,339.384,
232702.402,,340.806,339.277,
232769.059,,339.953,341.252,
232835.715,,340.930,345.177,
232902.375,,341.397,357.906,
232969.036,,342.723,374.037,
233035.695,,341.004,381.291,
233102.349,,340.230,377.420,
233169.013,,340.063,376.900,
233235.667,,342.279,381.608,
233302.327,,341.679,383.212,
233368.985,,342.829,381.966,
233435.646,,342.594,373.692,
233502.302,,342.153,370.154,
233568.961,,342.221,365.117,
233635.616,,341.541,365.007,
233702.277,,341.689,364.377,
233768.936,,341.508,361.555,
233835.596,,342.284,358.463,
233902.253,,343.261,359.397,
233968.913,,342.238,355.465,
234035.570,,343.572,360.485,
234102.232,,344.047,360.656,
234168.890,,342.047,358.599,
234235.545,,341.411,357.540,
234302.206,,339.745,352.647,
234368.862,,339.385,353.349,
234435.524,,339.891,354.037,
234502.181,,340.023,359.400,
234568.835,,340.303,362.859,
234635.494,,338.771,362.439,
234702.156,,338.575,359.046,
234768.813,,339.268,352.485,
234835.475,,339.793,352.704,
234902.134,,338.802,354.570,
234968.788,,339.003,353.416,
235035.447,,340.048,350.442,
235102.107,,338.686,351.661,
235168.763,,338.598,352.900,
235235.423,,338.832,350.236,
235302.079,,339.450,357.571,
235368.739,,338.388,355.819,
235435.400,,339.056,356.019,
235502.055,,340.661,357.380,
235568.719,,341.638,358.380,
235635.373,,344.535,356.341,
235702.036,,341.754,352.982,
235768.692,,340.796,358.245,
235835.349,,340.626,358.320,
235902.007,,341.291,367.504,
235968.665,,342.831,368.909,
236035.323,,342.096,371.184,
236101.984,,343.366,367.356,
236168.641,,340.681,360.587,
236235.298,,340.665,367.529,
236301.960,,342.361,366.581,
236368.615,,341.190,369.767,
236435.273,,338.476,372.087,
236501.934,,339.465,370.916,
236568.594,,337.241,367.005,
236635.255,,334.480,364.386,
236701.908,,334.799,364.373,
236768.570,,334.672,368.129,
236835.227,,335.927,367.663,
236901.887,,336.285,364.562,
236968.545,,336.753,372.799,
237035.206,,336.418,376.037,
237101.864,,337.218,375.046,
237168.518,,337.847,373.303,
237235.180,,337.954,369.239,
237301.838,,339.486,367.691,
237368.498,,340.737,363.762,
237435.151,,339.903,360.285,
237501.816,,341.373,356.888,
237568.471,,341.075,355.095,
237635.128,,340.505,357.177,
237701.790,,339.964,358.488,
237768.445,,338.602,368.230,
237835.105,,338.374,371.197,
237901.764,,338.144,365.665,
237968.425,,335.724,373.379,
238035.083,,339.058,381.873,
238101.742,,338.293,387.355,
238168.394,,337.664,393.886,
238235.059,,338.040,387.340,
238301.713,,338.437,382.599,
238368.372,,338.919,376.486,
238435.031,,337.939,368.843,
238501.689,,339.165,367.165,
238568.352,,337.420,362.704,
238635.008,,337.773,362.004,
238701.668,,339.194,361.614,
238768.324,,337.713,358.798,
238834.985,,339.965,354.819,
238901.641,,338.749,354.138,
238968.297,,338.177,356.684,
239034.956,,337.981,354.489,
239101.618,,337.709,354.988,
239168.275,,337.799,354.662,
239234.933,,337.931,354.895,
239301.595,,339.445,359.989,
239368.252,,337.483,360.890,
239434.909,,337.839,358.036,
239501.564,,338.158,355.000,
239568.229,,337.203,356.395,
239634.883,,337.521,358.264,
239701.543,,338.150,362.231,
239768.201,,337.729,361.826,
239834.858,,334.026,356.187,
239901.516,,329.565,362.322,
239968.178,,332.464,359.611,
240034.835,,331.897,356.380,
240101.497,,330.059,353.144,
240168.150,,330.740,352.998,
240234.808,,333.415,361.434,
240301.470,,331.114,377.000,
240368.125,,331.429,377.680,
240434.784,,336.267,380.311,
240501.443,,333.668,384.749,
240568.099,,336.118,391.894,
240634.761,,335.792,398.358,
240701.420,,336.123,404.511,
240768.076,,335.718,403.907,
240834.734,,335.293,394.880,
240901.393,,335.382,385.350,
240968.052,,334.455,385.521,
241034.712,,336.589,377.768,
241101.366,,332.014,370.617,
241168.025,,332.860,368.118,
241234.686,,336.865,365.622,
241301.344,,333.526,354.436,
241368.004,,333.597,354.996,
241434.658,,336.536,355.617,
241501.321,,336.409,360.120,
241567.974,,334.896,356.605,
241634.635,,331.861,354.879,
241701.295,,333.326,361.375,
241767.949,,335.845,363.646,
241834.613,,336.983,360.624,
241901.268,,338.189,355.944,
241967.924,,333.874,353.864,
242034.588,,334.627,353.380,
242101.241,,335.000,348.927,
242167.901,,334.321,347.214,
242234.563,,333.462,350.937,
242301.219,,334.050,354.231,
242367.876,,334.608,356.308,
242434.539,,335.725,357.752,
242501.194,,334.352,355.430,
242567.851,,334.728,355.754,
242634.513,,335.143,353.980,
242701.167,,334.301,353.037,
242767.827,,335.291,348.613,
242834.486,,334.122,347.308,
242901.144,,336.333,346.304,
242967.804,,335.680,341.720,
243034.464,,334.798,344.558,
243101.119,,336.154,347.894,
243167.774,,336.578,348.735,
243234.436,,335.711,352.725,
243301.094,,336.333,353.704,
243367.750,,336.619,358.207,
243434.409,,335.871,361.184,
243501.071,,334.754,366.536,
243567.728,,335.935,369.241,
243634.387,,337.946,374.633,
243701.045,,339.992,375.292,
243767.705,,336.343,370.713,
243834.363,,337.599,373.339,
243901.018,,336.638,375.287,
243967.674,,338.247,368.255,
244034.336,,336.531,361.816,
244100.994,,336.977,357.485,
244167.653,,336.915,352.615,
244234.313,,337.274,353.595,
244300.969,,335.943,349.441,
244367.629,,332.905,346.910,
244434.287,,334.031,346.775,
244500.943,,335.905,352.580,
244567.600,,338.328,354.039,
244634.262,,338.505,353.343,
244700.921,,337.815,350.142,
244767.578,,337.902,345.334,
244834.236,,335.919,343.945,
244900.895,,334.917,342.240,
244967.553,,337.127,342.824,
245034.211,,340.480,342.493,
245100.872,,338.464,338.955,
245167.528,,337.527,344.555,
245234.189,,338.774,351.666,
245300.844,,337.516,350.612,
245367.506,,333.350,347.408,
245434.159,,334.923,347.599,
245500.819,,337.701,348.373,
245567.476,,338.966,348.089,
245634.134,,340.086,351.227,
245700.795,,339.603,355.642,
245767.455,,339.548,355.853,
245834.110,,339.254,355.714,
245900.772,,339.054,353.842,
245967.429,,338.112,349.005,
246034.087,,337.976,345.921,
246100.745,,337.073,343.338,
246167.404,,335.873,341.492,
246234.061,,336.805,338.783,
246300.718,,332.934,336.173,
246367.377,,331.837,337.316,
246434.037,,334.151,340.046,
246500.697,,337.294,346.143,
246567.350,,339.156,355.762,
246634.012,,340.476,368.322,
246700.673,,337.962,375.466,
246767.331,,338.249,375.018,
246833.984,,337.809,366.139,
246900.642,,336.347,358.779,
246967.300,,336.435,354.522,
247033.964,,337.366,350.490,
247100.617,,337.002,348.976,
247167.275,,337.787,344.420,
247233.934,,333.991,338.296,
247300.593,,334.751,339.368,
247367.252,,337.863,345.989,
247433.914,,340.233,349.665,
247500.568,,340.213,352.583,
247567.230,,340.786,351.012,
247633.889,,340.064,356.732,
247700.545,,340.582,359.395,
247767.203,,338.128,360.036,
247833.861,,338.532,359.099,
247900.522,,338.289,358.872,
247967.178,,338.887,358.307,
248033.835,,338.139,352.242,
248100.493,,337.439,347.392,
248167.149,,336.355,345.869,
248233.811,,337.426,346.187,
248300.468,,336.857,344.840,
248367.123,,337.599,346.210,
248433.786,,337.893,352.656,
248500.442,,338.656,351.613,
248567.098,,338.678,353.390,
248633.759,,339.297,354.611,
248700.413,,340.335,354.600,
248767.071,,340.167,350.743,
248833.728,,343.405,349.520,
248900.386,,342.628,349.546,
248967.046,,343.830,347.322,
249033.709,,341.800,350.215,
249100.362,,342.608,350.692,
249167.019,,341.290,360.028,
249233.676,,341.100,364.547,
249300.340,,341.010,367.896,
249366.994,,339.386,367.137,
249433.650,,338.762,365.166,
249500.314,,337.869,367.215,
249566.972,,338.357,365.828,
249633.627,,338.902,364.490,
249700.284,,339.411,361.345,
249766.942,,338.825,360.880,
249833.597,,337.961,362.850,
249900.256,,337.556,359.117,
249966.914,,337.086,355.732,
250033.577,,338.980,360.482,
250100.235,,337.292,361.553,
250166.891,,337.552,360.394,
250233.549,,337.660,357.120,
250300.203,,337.611,355.459,
250366.861,,339.361,351.994,
250433.521,,338.441,352.537,
250500.178,,338.948,348.246,
250566.838,,338.062,349.423,
250633.495,,338.518,348.580,
250700.156,,338.080,348.549,
250766.810,,338.143,347.169,
250833.470,,339.074,343.180,
250900.127,,338.442,345.009,
250966.783,,338.380,345.830,
251033.444,,339.529,352.412,
251100.101,,341.708,353.447,
251166.757,,340.495,357.090,
251233.421,,340.049,357.015,
251300.078,,337.091,350.939,
251366.732,,338.971,354.684,
251433.389,,340.317,353.247,
251500.047,,340.827,349.464,
251566.706,,339.972,349.564,
251633.362,,339.970,351.359,
251700.023,,338.838,354.226,
251766.680,,339.974,353.287,
251833.339,,339.316,351.575,
251899.999,,338.817,349.915,
251966.656,,338.358,347.086,
252033.311,,337.803,347.297,
252099.968,,338.584,353.600,
252166.629,,341.022,360.882,
252233.283,,340.218,359.802,
252299.946,,338.664,363.823,
252366.605,,340.077,366.007,
252433.262,,339.903,368.018,
252499.919,,342.437,366.866,
252566.579,,343.126,365.075,
252633.231,,342.223,366.234,
252699.891,,344.108,364.397,
252766.552,,343.458,366.601,
252833.208,,341.562,366.689,
252899.868,,342.774,365.846,
252966.521,,341.445,363.963,
253033.180,,342.174,361.961,
253099.838,,341.281,366.707,
253166.495,,342.982,373.707,
253233.157,,341.922,371.104,
253299.813,,341.809,369.682,
253366.474,,343.245,379.074,
253433.130,,342.534,376.269,
253499.790,,342.696,377.037,
253566.448,,342.919,374.161,
253633.102,,344.470,367.630,
253699.759,,343.103,364.244,
253766.421,,342.995,363.395,
253833.076,,344.027,361.454,
253899.735,,343.271,361.334,
253966.390,,342.598,359.036,
254033.049,,341.005,356.750,
254099.706,,340.423,356.581,
254166.365,,341.179,358.932,
254233.026,,342.316,358.067,
254299.681,,341.121,357.362,
254366.341,,340.585,360.540,
254433.000,,340.098,364.636,
254499.658,,341.648,369.951,
254566.317,,340.334,369.967,
254632.974,,338.985,368.728,
254699.634,,339.998,371.061,
254766.286,,340.603,373.308,
254832.948,,338.860,373.779,
254899.607,,339.205,372.440,
254966.264,,340.220,369.892,
255032.918,,338.605,365.646,
255099.578,,337.923,363.137,
255166.236,,337.849,363.121,
255232.895,,336.947,364.635,
255299.550,,337.068,360.439,
255366.207,,337.476,357.201,
255432.865,,339.742,353.366,
255499.526,,340.332,352.595,
255566.182,,339.449,351.370,
255632.842,,337.175,349.345,
255699.500,,337.832,351.881,
255766.155,,338.357,354.487,
255832.813,,339.407,352.126,
255899.475,,339.316,352.974,
255966.131,,339.979,350.073,
256032.792,,341.031,352.181,
256099.447,,340.031,350.665,
256166.108,,339.983,352.198,
256232.762,,340.615,358.270,
256299.424,,339.923,356.241,
256366.078,,339.200,357.316,
256432.738,,339.940,357.054,
256499.397,,339.083,356.979,
256566.056,,337.617,354.078,
256632.712,,338.113,349.654,
256699.369,,338.060,347.841,
256766.031,,338.852,348.100,
256832.691,,338.733,347.878,
256899.347,,340.995,350.344,
256966.005,,341.523,348.305,
257032.664,,339.425,350.271,
257099.325,,339.027,348.152,
257165.978,,339.301,349.888,
257232.640,,339.925,350.598,
257299.294,,340.161,350.887,
257365.951,,339.590,349.396,
257432.615,,341.104,347.029,
257499.270,,340.465,345.829,
257565.933,,339.850,342.397,
257632.588,,339.437,340.632,
257699.244,,340.047,339.584,
257765.906,,340.217,340.543,
257832.565,,339.991,344.776,
257899.218,,340.203,346.259,
257965.877,,339.522,350.923,
258032.537,,339.219,358.924,
258099.194,,338.837,373.985,
258165.854,,338.797,386.686,
258232.512,,338.468,381.099,
258299.171,,339.824,372.159,
258365.829,,341.690,368.967,
258432.485,,341.461,363.509,
258499.145,,343.400,357.561,
258565.807,,341.684,352.556,
258632.463,,336.759,344.499,
258699.117,,339.544,347.884,
258765.779,,339.445,348.416,
258832.436,,339.369,348.715,
258899.092,,339.547,346.670,
258965.756,,337.833,342.713,
259032.412,,338.824,346.366,
259099.070,,338.072,346.360,
259165.729,,338.630,349.684,
259232.389,,338.002,354.358,
259299.045,,338.949,355.667,
259365.704,,338.381,352.275,
259432.362,,338.523,349.906,
259499.016,,338.537,351.197,
259565.675,,338.435,350.535,
259632.333,,340.709,353.561,
259698.995,,341.432,348.046,
259765.652,,341.694,349.435,
259832.311,,341.391,353.248,
259898.970,,344.019,354.370,
259965.627,,343.028,357.831,
260032.286,,343.427,358.825,
260098.943,,341.652,361.818,
260165.602,,341.578,361.027,
260232.263,,341.707,359.162,
260298.915,,341.260,358.156,
260365.580,,340.011,351.909,
260432.235,,340.822,352.131,
260498.896,,339.257,350.339,
260565.551,,338.513,351.693,
260632.212,,339.363,350.211,
260698.868,,338.802,348.449,
260765.524,,340.311,347.811,
260832.184,,340.481,346.840,
260898.841,,339.245,345.341,
260965.501,,338.828,344.576,
261032.162,,338.684,344.285,
261098.816,,339.547,348.911,
261165.472,,339.827,357.181,
261232.133,,337.760,358.671,
261298.792,,338.577,355.463,
261365.450,,337.458,353.924,
261432.108,,338.606,357.372,
261498.768,,338.564,364.949,
261565.426,,337.479,366.860,
261632.084,,336.588,367.479,
261698.739,,338.448,367.811,
261765.403,,338.776,366.588,
261832.055,,339.718,369.970,
261898.718,,339.283,379.619,
261965.373,,339.130,374.025,
262032.032,,339.067,370.010,
262098.689,,338.984,367.362,
262165.352,,339.350,363.155,
262232.007,,338.192,360.284,
262298.665,,337.311,357.485,
262365.325,,336.854,356.388,
262431.983,,338.409,351.382,
262498.641,,338.195,354.023,
262565.300,,337.548,354.198,
262631.960,,338.640,355.414,
262698.614,,338.846,360.239,
262765.276,,338.457,356.810,
262831.930,,337.417,353.171,
262898.588,,336.887,358.247,
262965.248,,337.006,355.839,
263031.907,,336.759,354.176,
263098.562,,339.216,357.294,
263165.223,,338.992,363.746,
263231.883,,339.217,364.227,
263298.541,,338.158,362.119,
263365.200,,337.038,358.693,
263431.854,,336.722,357.937,
263498.513,,337.407,359.921,
263565.170,,336.443,362.511,
263631.829,,336.250,361.425,
263698.489,,337.399,363.279,
263765.148,,338.998,365.621,
263831.806,,338.878,367.981,
263898.462,,338.834,365.784,
263965.123,,340.404,363.817,
264031.778,,339.549,365.370,
264098.441,,340.070,365.297,
264165.095,,339.166,368.790,
264231.753,,338.095,374.211,
264298.412,,338.014,377.411,
264365.068,,340.763,383.005,
264431.726,,340.699,382.451,
264498.385,,340.783,379.526,
264565.048,,338.781,375.108,
264631.700,,339.561,370.923,
264698.360,,339.340,368.365,
264765.021,,339.235,372.279,
264831.674,,338.752,367.004,
264898.336,,336.818,364.675,
264964.992,,337.390,365.541,
265031.650,,338.336,368.149,
265098.309,,336.533,369.256,
265164.966,,337.704,367.645,
265231.626,,338.675,369.995,
265298.286,,339.425,373.528,
265364.939,,337.869,372.733,
265431.600,,336.756,373.938,
265498.255,,337.003,371.230,
265564.915,,336.910,368.446,
265631.577,,337.152,367.197,
265698.233,,338.162,362.060,
265764.891,,336.379,357.403,
265831.551,,339.032,355.513,
265898.209,,337.822,353.982,
265964.863,,337.439,359.457,
266031.522,,337.232,367.050,
266098.183,,337.437,363.715,
266164.841,,339.567,356.515,
266231.495,,338.826,354.252,
266298.157,,338.033,354.562,
266364.810,,338.044,360.073,
266431.473,,339.131,359.506,
266498.129,,337.647,354.620,
266564.788,,338.729,351.819,
266631.443,,337.285,351.552,
266698.101,,337.429,352.188,
266764.760,,336.353,352.437,
266831.418,,336.871,350.001,
266898.075,,336.712,348.562,
266964.734,,337.787,345.406,
267031.395,,336.811,341.594,
267098.051,,337.126,339.650,
267164.708,,337.245,341.625,
267231.366,,337.721,346.827,
267298.025,,337.484,354.869,
267364.683,,337.239,355.985,
267431.344,,337.191,353.212,
267497.998,,337.332,352.669,
267564.661,,337.324,351.695,
267631.316,,337.774,353.680,
267697.975,,337.154,354.925,
267764.634,,338.148,357.862,
267831.289,,336.680,354.974,
267897.951,,337.032,352.350,
267964.604,,337.741,352.840,
268031.261,,338.583,355.056,
268097.921,,338.785,357.990,
268164.577,,335.419,356.660,
268231.236,,337.060,361.296,
268297.895,,335.940,359.497,
268364.556,,336.061,357.496,
268431.214,,337.553,352.728,
268497.869,,336.952,348.813,
268564.531,,336.954,346.318,
268631.185,,336.781,347.188,
268697.846,,337.074,348.649,
268764.504,,337.372,352.225,
268831.161,,339.651,351.528,
268897.820,,337.436,349.090,
268964.479,,337.585,350.002,
269031.136,,337.231,349.074,
269097.793,,338.060,347.952,
269164.451,,337.080,344.773,
269231.107,,336.296,344.336,
269297.767,,337.104,345.435,
269364.422,,338.811,345.503,
269431.085,,337.401,345.294,
269497.739,,336.624,342.285,
269564.400,,336.906,342.121,
269631.061,,336.570,344.532,
269697.719,,337.611,341.959,
269764.374,,335.967,338.532,
269831.029,,335.900,335.948,
269897.688,,335.077,337.353,
269964.350,,335.376,339.801,
270031.004,,339.546,343.218,
270097.664,,339.536,343.945,
270164.322,,339.560,345.052,
270230.984,,340.388,351.433,
270297.637,,338.739,358.224,
270364.297,,336.956,358.574,
270430.957,,337.447,356.009,
270497.616,,337.060,353.287,
270564.274,,337.225,353.928,
270630.927,,338.471,357.368,
270697.585,,338.336,360.909,
270764.242,,338.603,362.794,
270830.905,,340.491,364.441,
270897.559,,341.254,364.025,
270964.218,,342.499,365.893,
271030.877,,341.095,363.924,
271097.538,,339.884,356.141,
271164.193,,339.676,356.947,
271230.854,,341.198,356.602,
271297.511,,339.327,354.961,
271364.171,,337.026,358.478,
271430.826,,337.889,357.132,
271497.483,,339.224,355.004,
271564.139,,339.867,350.474,
271630.799,,337.854,363.637,
271697.459,,337.394,367.155,
271764.116,,337.871,367.309,
271830.774,,335.417,364.228,
271897.429,,337.493,363.051,
271964.091,,341.523,363.525,
272030.751,,337.979,363.498,
272097.406,,339.826,364.461,
272164.061,,338.448,359.706,
272230.723,,337.583,363.042,
272297.378,,336.747,362.009,
272364.034,,336.787,358.153,
272430.693,,337.151,352.721,
272497.353,,337.553,351.649,
272564.011,,339.434,349.342,
272630.668,,338.730,346.344,
272697.328,,337.754,346.040,
272763.984,,337.347,345.994,
272830.644,,336.306,344.664,
272897.300,,336.281,343.979,
272963.957,,337.048,345.419,
273030.615,,337.345,346.275,
273097.278,,337.595,343.193,
273163.932,,336.209,339.825,
273230.589,,335.358,337.923,
273297.250,,336.930,342.702,
273363.910,,337.174,346.470,
273430.567,,336.801,353.101,
273497.225,,335.905,356.211,
273563.882,,335.047,363.241,
273630.537,,333.567,370.650,
273697.196,,333.675,374.606,
273763.858,,334.058,379.175,
273830.510,,334.444,379.829,
273897.169,,334.626,378.363,
273963.828,,333.531,374.531,
274030.483,,334.886,374.810,
274097.142,,334.254,373.724,
274163.800,,334.109,374.376,
274230.458,,334.107,378.438,
274297.120,,333.906,380.584,
274363.779,,333.701,398.364,
274430.433,,333.750,405.916,
274497.088,,332.988,402.839,
274563.750,,333.804,398.423,
274630.407,,333.707,395.361,
274697.068,,333.870,389.444,
274763.726,,333.207,388.093,
274830.383,,333.764,387.093,
274897.040,,333.888,385.481,
274963.700,,333.967,378.981,
275030.354,,334.717,369.368,
275097.015,,333.921,361.121,
275163.669,,334.310,359.448,
275230.333,,333.918,355.237,
275296.984,,332.826,354.885,
275363.643,,332.814,355.270,
275430.300,,333.376,356.809,
275496.960,,333.524,355.585,
275563.621,,334.322,353.631,
275630.278,,334.552,357.397,
275696.937,,333.756,354.018,
275763.595,,332.870,348.868,
275830.253,,333.713,346.717,
275896.906,,332.492,349.202,
275963.565,,333.183,349.840,
276030.222,,332.368,354.312,
276096.885,,333.494,354.732,
276163.543,,332.407,354.579,
276230.199,,332.119,357.011,
276296.856,,333.320,361.097,
276363.514,,334.100,358.856,
276430.175,,334.089,351.416,
276496.827,,333.464,349.133,
276563.490,,335.118,344.704,
276630.145,,333.476,339.252,
276696.807,,333.324,337.777,
276763.463,,334.123,337.456,
276830.121,,333.070,337.971,
276896.776,,331.941,343.319,
276963.434,,332.850,349.718,
277030.093,,332.916,354.509,
277096.751,,332.315,356.004,
277163.412,,332.407,358.321,
277230.070,,333.483,363.085,
277296.725,,333.566,364.567,
277363.381,,332.587,370.821,
277430.042,,332.060,370.423,
277496.699,,332.071,364.301,
277563.360,,331.710,358.504,
277630.015,,333.220,354.424,
277696.672,,332.810,352.507,
277763.334,,333.811,353.230,
277829.987,,334.304,354.360,
277896.648,,336.227,352.850,
277963.305,,337.774,351.413,
278029.960,,336.743,349.882,
278096.617,,337.155,349.820,
278163.280,,336.875,347.927,
278229.939,,337.836,348.929,
278296.596,,337.077,353.251,
278363.251,,336.004,354.105,
278429.910,,335.929,357.575,
278496.571,,334.611,356.922,
278563.228,,336.131,358.674,
278629.887,,336.289,359.262,
278696.543,,335.432,358.477,
278763.200,,335.624,360.580,
278829.859,,334.745,362.606,
278896.514,,335.626,361.010,
278963.172,,335.308,361.042,
279029.832,,336.214,359.044,
279096.491,,334.987,360.563,
279163.146,,335.517,360.687,
279229.807,,335.046,363.561,
279296.463,,335.511,364.190,
279363.120,,335.394,366.183,
279429.781,,336.250,364.686,
279496.434,,335.691,364.002,
279563.099,,336.013,367.081,
279629.753,,335.203,382.770,
279696.408,,335.681,385.417,
279763.070,,335.180,386.566,
279829.730,,335.083,380.994,
279896.384,,334.541,379.825,
279963.044,,334.162,382.679,
280029.698,,337.527,377.757,
280096.359,,335.537,379.566,
280163.017,,335.035,382.259,
280229.677,,334.497,378.209,
280296.335,,334.541,370.507,
280362.989,,334.464,364.251,
280429.650,,335.043,363.327,
280496.307,,334.461,361.326,
280562.963,,334.774,359.635,
280629.621,,334.582,360.453,
280696.284,,335.144,359.322,
280762.937,,338.074,356.528,
280829.598,,334.959,357.373,
280896.256,,334.269,363.382,
280962.916,,334.507,367.765,
281029.571,,335.269,373.354,
281096.229,,334.824,398.317,
281162.884,,335.291,400.155,
281229.548,,334.935,398.007,
281296.206,,333.864,393.980,
281362.861,,333.915,395.770,
281429.518,,334.718,396.976,
281496.175,,335.263,390.601,
281562.836,,334.752,383.767,
281629.492,,334.119,375.495,
281696.155,,335.358,369.862,
281762.806,,336.390,361.205,
281829.469,,334.773,358.806,
281896.128,,334.412,360.036,
281962.787,,334.287,357.382,
282029.444,,334.354,354.310,
282096.101,,333.992,349.974,
282162.755,,333.887,351.916,
282229.413,,335.036,353.199,
282296.075,,337.091,355.786,
282362.732,,338.840,350.747,
282429.392,,335.653,351.837,
282496.046,,336.639,350.183,
282562.705,,336.863,351.747,
282629.364,,337.159,351.578,
282696.019,,337.360,352.550,
282762.677,,337.038,350.117,
282829.340,,336.403,354.145,
282895.998,,335.828,350.557,
282962.653,,336.754,350.734,
283029.314,,336.965,347.695,
283095.968,,335.333,346.162,
283162.625,,335.723,345.481,
283229.282,,334.963,342.863,
283295.941,,335.644,339.841,
283362.602,,335.093,342.631,
283429.262,,334.296,353.303,
283495.918,,334.969,350.738,
283562.579,,336.454,352.602,
283629.231,,335.687,350.454,
283695.895,,337.205,350.366,
283762.548,,337.103,350.518,
283829.209,,336.513,349.863,
283895.869,,337.872,350.703,
283962.527,,337.593,352.107,
284029.183,,336.527,351.342,
284095.842,,337.508,356.988,
284162.501,,337.738,363.709,
284229.156,,337.095,363.872,
284295.814,,336.145,362.551,
284362.471,,336.306,361.751,
284429.133,,336.151,365.703,
284495.789,,337.466,365.427,
284562.447,,337.729,362.818,
284629.106,,335.267,365.975,
284695.764,,333.856,375.343,
284762.423,,334.587,383.416,
284829.075,,335.754,394.187,
284895.740,,338.687,399.406,
284962.393,,338.192,395.297,
285029.049,,336.715,396.495,
285095.713,,339.647,396.756,
285162.365,,336.454,394.719,
285229.027,,338.624,394.132,
285295.687,,336.307,388.377,
285362.340,,336.073,390.784,
285429.002,,338.196,384.236,
285495.658,,335.153,379.811,
285562.314,,338.592,378.291,
285628.976,,338.275,372.472,
285695.629,,339.339,366.111,
285762.291,,338.082,356.938,
285828.949,,335.885,353.563,
285895.608,,336.462,351.456,
285962.264,,335.782,349.509,
286028.920,,335.347,346.094,
286095.578,,336.192,346.099,
286162.238,,336.635,345.634,
286228.898,,336.728,346.841,
286295.553,,336.961,345.652,
286362.215,,337.531,343.745,
286428.870,,338.098,342.324,
286495.529,,337.526,340.768,
286562.186,,336.718,339.685,
286628.847,,337.057,343.956,
286695.503,,336.493,348.528,
286762.163,,336.960,350.458,
286828.820,,336.834,353.506,
286895.478,,336.350,356.772,
286962.138,,335.986,359.625,
287028.790,,336.804,359.964,
287095.453,,337.409,356.504,
287162.106,,336.470,355.643,
287228.767,,336.201,357.331,
287295.427,,335.187,357.979,
287362.080,,336.190,356.542,
287428.742,,336.600,359.221,
287495.399,,335.412,354.553,
287562.058,,331.455,354.806,
287628.717,,336.198,355.995,
287695.371,,336.401,357.172,
287762.031,,335.250,355.481,
287828.691,,331.580,359.720,
287895.350,,331.750,350.552,
287962.002,,336.367,355.182,
288028.663,,338.189,355.537,
288095.318,,337.337,356.139,
288161.981,,337.241,355.181,
288228.636,,336.852,352.995,
288295.297,,337.334,349.455,
288361.954,,340.538,356.852,
288428.612,,341.466,352.727,
288495.271,,339.568,355.783,
288561.928,,340.980,359.004,
288628.587,,338.933,357.470,
288695.245,,336.294,352.721,
288761.900,,334.613,350.650,
288828.559,,333.149,348.370,
288895.216,,332.345,347.450,
288961.874,,333.846,348.010,
289028.535,,334.340,346.669,
289095.190,,336.002,345.703,
289161.848,,336.342,345.813,
289228.508,,336.022,348.638,
289295.164,,335.868,345.839,
289361.820,,335.036,341.092,
289428.483,,333.021,338.772,
289495.137,,332.959,336.954,
289561.794,,332.995,336.292,
289628.457,,333.714,337.905,
289695.114,,333.422,334.521,
289761.769,,331.555,341.226,
289828.425,,334.483,346.909,
289895.088,,335.784,346.893,
289961.746,,335.623,351.495,
290028.401,,337.521,359.450,
290095.064,,339.320,361.273,
290161.720,,340.475,363.527,
290228.374,,341.174,360.717,
290295.035,,341.538,357.413,
290361.691,,342.103,356.976,
290428.347,,342.586,354.499,
290495.007,,343.360,354.029,
290561.666,,343.179,351.867,
290628.324,,342.418,356.170,
290694.985,,341.707,356.847,
290761.638,,341.009,357.936,
290828.295,,340.805,356.570,
290894.955,,341.993,354.221,
290961.615,,342.170,351.530,
291028.275,,341.739,348.656,
291094.928,,340.041,345.301,
291161.588,,339.045,343.399,
291228.243,,338.642,345.651,
291294.904,,338.001,349.705,
291361.561,,337.905,351.357,
291428.223,,337.446,349.294,
291494.877,,337.480,346.014,
291561.533,,338.539,344.327,
291628.197,,338.305,342.222,
291694.853,,338.137,339.810,
291761.508,,336.722,340.647,
291828.165,,335.914,349.052,
291894.823,,338.154,355.104,
291961.484,,340.100,354.296,
292028.143,,339.413,353.476,
292094.798,,338.964,347.899,
292161.461,,337.399,344.829,
292228.114,,338.600,343.352,
292294.775,,337.029,346.657,
292361.429,,338.470,346.813,
292428.089,,338.741,350.032,
292494.746,,337.286,351.467,
292561.408,,337.625,349.441,
292628.062,,338.183,349.688,
292694.720,,336.378,345.126,
292761.379,,336.849,349.010,
292828.035,,336.857,349.528,
292894.696,,337.947,358.177,
292961.357,,337.010,358.264,
293028.011,,338.136,360.056,
293094.668,,338.936,360.623,
293161.327,,334.904,359.683,
293227.987,,334.689,361.161,
293294.643,,333.568,363.062,
293361.302,,336.801,366.899,
293427.960,,335.973,363.381,
293494.617,,337.111,362.155,
293561.274,,337.609,360.030,
293627.934,,336.308,360.859,
293694.589,,338.016,361.811,
293761.253,,338.257,362.609,
293827.908,,338.933,363.742,
293894.569,,339.513,371.972,
293961.221,,336.245,370.485,
294027.884,,335.905,369.016,
294094.538,,335.495,376.269,
294161.195,,336.311,374.414,
294227.853,,335.859,374.273,
294294.511,,336.155,375.655,
294361.169,,336.554,369.643,
294427.828,,337.742,363.980,
294494.485,,335.952,357.569,
294561.142,,335.732,353.183,
294627.805,,335.094,356.506,
294694.461,,336.673,357.969,
294761.122,,336.368,358.979,
294827.775,,335.264,356.119,
294894.432,,334.284,351.723,
294961.096,,334.295,349.043,
295027.754,,336.391,351.104,
295094.407,,337.450,349.516,
295161.069,,337.920,350.145,
295227.725,,336.953,358.697,
295294.382,,336.654,357.474,
295361.044,,337.843,362.472,
295427.699,,337.156,364.373,
295494.360,,336.169,368.808,
295561.016,,336.199,367.273,
295627.673,,335.974,365.090,
295694.330,,335.746,360.078,
295760.992,,335.451,360.234,
295827.647,,335.470,357.286,
295894.305,,335.725,358.351,
295960.964,,335.148,356.789,
296027.623,,334.921,357.492,
296094.280,,335.318,364.221,
296160.936,,335.440,368.976,
296227.600,,334.597,364.584,
296294.254,,334.550,360.575,
296360.913,,334.571,358.789,
296427.573,,333.898,357.506,
296494.230,,334.748,358.893,
296560.893,,335.568,356.346,
296627.552,,334.653,353.712,
296694.208,,335.338,350.589,
296760.862,,336.914,348.091,
296827.525,,336.855,347.840,
296894.185,,335.871,349.040,
296960.843,,336.131,347.316,
297027.500,,336.274,347.901,
297094.158,,335.228,348.607,
297160.815,,334.376,353.411,
297227.475,,337.917,356.032,
297294.136,,338.064,356.357,
297360.794,,336.551,356.454,
297427.447,,337.066,356.589,
297494.107,,338.343,359.306,
297560.766,,334.520,364.454,
297627.423,,335.364,367.742,
297694.086,,337.698,362.349,
297760.745,,334.580,355.549,
297827.403,,332.597,355.773,
297894.057,,332.787,354.722,
297960.717,,334.635,354.712,
298027.376,,335.738,351.498,
298094.038,,332.823,356.050,
298160.691,,336.742,357.417,
298227.351,,331.960,351.685,
298294.013,,337.477,356.288,
298360.671,,337.899,359.670,
298427.329,,337.249,361.508,
298493.985,,337.600,366.227,
298560.643,,335.016,372.749,
298627.303,,333.016,370.166,
298693.958,,333.168,364.958,
298760.621,,332.675,358.594,
298827.275,,332.043,355.412,
298893.938,,332.720,353.091,
298960.595,,335.859,353.786,
299027.252,,336.421,354.969,
299093.913,,336.627,351.795,
299160.571,,336.455,351.664,
299227.227,,336.274,349.480,
299293.887,,335.935,346.641,
299360.545,,334.004,343.821,
299427.202,,332.902,344.763,
299493.863,,335.388,346.806,
299560.523,,335.177,350.689,
299627.183,,335.881,354.495,
299693.839,,334.698,362.939,
299760.498,,335.652,375.210,
299827.156,,336.016,380.145,
299893.816,,336.395,381.865,
299960.470,,336.617,380.230,
300027.129,,336.007,372.754,
300093.789,,336.114,365.967,
300160.445,,336.320,360.893,
300227.107,,336.478,358.736,
300293.768,,336.342,355.593,
300360.424,,337.939,360.885,
300427.078,,340.741,359.128,
300493.744,,339.523,356.711,
300560.399,,338.417,358.405,
300627.057,,339.987,359.672,
300693.715,,339.219,356.169,
300760.375,,337.958,355.530,
300827.036,,337.217,354.710,
300893.688,,337.057,352.570,
300960.349,,337.112,349.535,
301027.011,,338.475,346.749,
301093.669,,336.442,345.301,
301160.324,,337.112,346.701,
301226.983,,336.630,348.582,
301293.640,,336.185,347.119,
301360.302,,335.934,343.775,
301426.957,,336.162,341.607,
301493.615,,335.037,344.207,
301560.276,,335.475,345.346,
301626.934,,335.306,347.625,
301693.594,,335.259,345.450,
301760.249,,334.719,349.060,
301826.911,,334.636,349.852,
301893.568,,335.168,349.741,
301960.225,,337.298,348.696,
302026.885,,337.619,347.968,
302093.544,,339.464,350.829,
302160.202,,338.242,349.198,
302226.862,,340.020,346.134,
302293.519,,339.968,343.052,
302360.180,,338.374,343.081,
302426.835,,338.944,344.379,
302493.497,,337.126,348.627,
302560.155,,336.517,348.575,
302626.811,,336.225,351.598,
302693.471,,336.619,354.528,
302760.132,,337.106,352.762,
302826.786,,334.471,347.032,
302893.449,,333.221,347.858,
302960.102,,332.998,346.159,
303026.764,,332.837,346.015,
303093.424,,333.863,351.519,
303160.083,,334.574,352.975,
303226.740,,334.965,353.033,
303293.399,,335.327,352.960,
303360.053,,334.211,351.907,
303426.717,,334.212,348.043,
303493.370,,334.282,347.028,
303560.029,,334.417,362.334,
303626.688,,334.204,377.382,
303693.348,,334.282,380.451,
303760.008,,334.045,375.946,
303826.667,,334.444,368.839,
303893.326,,334.390,364.134,
303959.983,,333.027,357.499,
304026.642,,332.562,352.096,
304093.295,,333.495,349.732,
304159.954,,333.693,351.341,
304226.612,,334.569,349.193,
304293.268,,334.830,346.439,
304359.927,,334.687,345.260,
304426.583,,334.690,342.172,
304493.244,,334.711,340.964,
304559.903,,334.227,339.222,
304626.560,,332.946,343.242,
304693.213,,334.154,348.974,
304759.875,,335.357,350.132,
304826.532,,333.429,342.510,
304893.190,,331.750,346.572,
304959.846,,334.180,346.804,
305026.507,,332.055,352.153,
305093.160,,331.635,353.171,
305159.820,,332.597,353.251,
305226.480,,332.929,358.726,
305293.139,,334.574,361.039,
305359.797,,334.694,363.090,
305426.450,,333.083,364.698,
305493.108,,334.008,368.977,
305559.765,,333.245,373.272,
305626.426,,333.431,376.692,
305693.085,,334.253,374.350,
305759.737,,333.872,369.051,
305826.399,,335.282,364.503,
305893.058,,334.680,368.168,
305959.712,,334.005,366.605,
306026.369,,333.928,365.692,
306093.025,,334.722,363.639,
306159.689,,335.172,362.886,
306226.341,,335.897,362.572,
306293.000,,334.461,367.001,
306359.658,,334.495,370.035,
306426.318,,335.901,369.794,
306492.977,,336.635,369.794,
306559.634,,335.923,373.775,
306626.291,,333.900,390.629,
306692.945,,333.873,399.438,
306759.603,,335.607,418.516,
306826.263,,334.377,465.108,
306892.922,,334.069,468.166,
306959.576,,335.765,454.849,
307026.237,,334.442,443.146,
307092.897,,334.371,430.879,
307159.554,,333.012,424.481,
307226.212,,333.501,425.385,
307292.865,,336.526,419.061,
307359.524,,335.296,420.183,
307426.183,,334.640,413.351,
307492.838,,335.191,411.581,
307559.497,,335.140,410.473,
307626.153,,334.992,416.836,
307692.813,,334.910,418.452,
307759.470,,335.166,410.817,
307826.125,,335.472,402.607,
307892.788,,335.378,396.001,
307959.441,,336.483,395.356,
308026.102,,335.535,392.281,
308092.763,,336.503,398.120,
308159.417,,337.458,394.102,
308226.073,,334.914,384.721,
308292.731,,333.592,380.553,
308359.388,,335.801,378.474,
308426.050,,336.214,379.216,
308492.702,,336.278,379.155,
308559.363,,336.892,379.160,
308626.023,,335.507,374.387,
308692.679,,334.877,373.605,
308759.333,,334.813,379.251,
308825.996,,334.939,383.318,
308892.650,,337.103,376.928,
308959.310,,335.118,369.083,
309025.968,,335.517,364.589,
309092.624,,336.192,366.892,
309159.286,,336.512,363.620,
309225.938,,335.438,362.225,
309292.597,,335.810,363.444,
309359.257,,336.215,365.364,
309425.911,,336.078,362.047,
309492.569,,336.609,358.781,
309559.226,,336.543,357.848,
309625.885,,338.055,356.411,
309692.547,,338.687,356.270,
309759.201,,337.309,352.863,
309825.860,,336.347,351.651,
309892.514,,336.395,355.104,
309959.177,,338.053,363.976,
310025.836,,342.871,368.956,
310092.488,,339.062,369.497,
310159.145,,336.454,369.605,
310225.805,,337.701,368.746,
310292.461,,336.822,369.051,
310359.120,,336.079,365.189,
310425.777,,335.402,367.553,
310492.438,,335.780,371.352,
310559.095,,336.010,375.764,
310625.752,,337.177,375.979,
310692.413,,338.056,371.701,
310759.064,,337.532,366.529,
310825.728,,336.234,366.104,
310892.385,,336.500,361.703,
310959.043,,337.711,356.217,
311025.698,,336.096,351.287,
311092.359,,334.451,351.763,
311159.015,,334.671,359.225,
311225.670,,337.196,369.330,
311292.331,,337.826,369.568,
311358.987,,339.061,367.233,
311425.642,,341.860,375.481,
311492.299,,340.216,373.283,
311558.961,,337.354,370.969,
311625.615,,338.331,367.833,
311692.279,,338.249,363.960,
311758.936,,338.609,360.851,
311825.594,,338.036,363.508,
311892.248,,338.063,366.043,
311958.904,,337.866,369.380,
312025.562,,337.900,370.121,
312092.223,,337.930,370.478,
312158.878,,337.824,372.537,
312225.538,,338.122,368.871,
312292.199,,335.452,365.340,
312358.856,,336.383,365.304,
312425.512,,336.810,370.353,
312492.171,,335.961,406.918,
312558.823,,337.216,428.213,
312625.482,,338.537,430.935,
312692.142,,338.242,431.267,
312758.801,,337.935,427.833,
312825.459,,338.362,423.617,
312892.116,,337.637,416.797,
312958.770,,338.381,425.399,
313025.432,,336.557,424.650,
313092.090,,336.222,417.031,
313158.747,,336.687,401.020,
313225.406,,333.822,388.822,
313292.065,,335.198,380.777,
313358.722,,335.042,374.302,
313425.380,,336.214,369.375,
313492.035,,335.037,369.203,
313558.696,,334.479,368.703,
313625.348,,334.763,366.107,
313692.012,,335.544,368.691,
313758.666,,335.982,364.094,
313825.321,,335.275,360.186,
313891.980,,334.642,356.431,
313958.643,,334.355,358.093,
314025.297,,334.317,353.829,
314091.956,,334.654,352.345,
314158.617,,334.646,350.416,
314225.274,,335.036,355.345,
314291.929,,335.328,359.156,
314358.590,,336.366,364.386,
314425.245,,336.891,363.575,
314491.901,,336.352,365.873,
314558.561,,335.653,366.333,
314625.217,,333.999,364.081,
314691.877,,333.752,366.783,
314758.532,,333.442,383.570,
314825.189,,333.563,385.736,
314891.849,,333.873,380.445,
314958.505,,333.868,374.385,
315025.166,,333.725,366.586,
315091.826,,333.420,360.769,
315158.482,,333.531,357.252,
315225.140,,333.037,354.220,
315291.798,,334.039,353.353,
315358.454,,333.389,352.667,
315425.112,,333.705,353.100,
315491.770,,333.633,358.780,
315558.426,,333.244,363.821,
315625.082,,333.219,363.677,
315691.741,,332.570,359.073,
315758.403,,333.006,358.707,
315825.057,,333.741,360.003,
315891.715,,333.114,365.379,
315958.377,,333.034,363.703,
316025.029,,332.782,362.365,
316091.686,,333.983,373.560,
316158.348,,333.170,380.004,
316225.008,,334.163,376.369,
316291.664,,333.491,369.180,
316358.324,,333.144,363.300,
316424.979,,332.523,357.909,
316491.637,,333.061,351.813,
316558.293,,333.261,347.919,
316624.954,,332.552,350.917,
316691.611,,332.065,353.063,
316758.267,,332.898,356.462,
316824.926,,331.942,357.818,
316891.586,,332.616,356.664,
316958.241,,332.696,351.287,
317024.900,,331.951,347.289,
317091.554,,332.178,348.903,
317158.211,,332.121,352.142,
317224.871,,331.940,354.571,
317291.527,,331.950,357.109,
317358.185,,333.045,354.800,
317424.843,,333.054,351.393,
317491.504,,331.872,345.093,
317558.162,,329.882,349.443,
317624.821,,333.219,344.562,
317691.478,,332.202,341.248,
317758.135,,333.534,343.462,
317824.793,,334.177,347.829,
317891.451,,334.130,356.837,
317958.106,,337.019,366.462,
318024.763,,333.840,382.204,
318091.427,,332.716,388.072,
318158.080,,334.541,394.443,
318224.740,,334.428,384.067,
318291.396,,329.773,379.043,
318358.057,,334.486,375.943,
318424.712,,338.969,377.934,
318491.369,,338.140,380.197,
318558.029,,340.360,372.197,
318624.689,,338.829,368.597,
318691.347,,338.443,356.857,
318758.004,,335.437,351.170,
318824.658,,334.501,347.042,
318891.318,,333.488,346.347,
318957.977,,334.262,349.034,
319024.630,,331.720,347.061,
319091.294,,336.128,348.728,
319157.951,,338.292,350.165,
319224.606,,337.388,360.297,
319291.262,,337.021,359.497,
319357.924,,333.040,357.839,
319424.579,,334.116,361.177,
319491.236,,336.017,356.841,
319557.898,,334.246,358.763,
319624.555,,333.995,355.385,
319691.214,,333.026,353.675,
319757.872,,332.409,358.616,
319824.524,,332.216,353.393,
319891.185,,331.111,351.015,
319957.845,,331.339,346.239,
320024.500,,331.891,341.763,
320091.154,,330.796,343.981,
320157.818,,333.030,342.984,
320224.474,,331.189,342.155,
320291.134,,333.627,349.078,
320357.791,,337.946,351.101,
320424.446,,331.321,349.136,
320491.107,,334.075,347.441,
320557.762,,334.000,345.013,
320624.422,,334.855,347.735,
320691.081,,337.467,346.583,
320757.739,,336.298,344.083,
320824.394,,337.531,348.801,
320891.052,,336.709,347.014,
320957.709,,338.261,353.729,
321024.372,,339.246,352.190,
321091.025,,335.235,348.168,
321157.684,,336.451,348.360,
321224.343,,336.803,347.909,
321291.003,,332.724,344.165,
321357.657,,334.509,344.556,
321424.318,,333.635,340.897,
321490.977,,334.297,344.434,
321557.634,,335.782,344.154,
321624.293,,333.411,348.143,
321690.948,,334.578,348.554,
321757.607,,332.645,344.618,
321824.266,,333.234,344.737,
321890.926,,332.860,341.254,
321957.580,,333.029,340.217,
322024.239,,333.166,340.137,
322090.899,,332.936,339.512,
322157.555,,333.123,337.186,
322224.209,,333.017,335.570,
322290.868,,333.069,338.671,
322357.530,,334.328,338.869,
322424.188,,334.169,348.660,
322490.835,,336.162,352.017,
322557.504,,334.923,357.393,
322624.158,,336.153,356.985,
322690.819,,334.536,355.385,
322757.474,,336.599,354.093,
322824.132,,333.711,348.994,
322890.794,,332.974,351.999,
322957.452,,330.592,359.435,
323024.105,,333.751,358.514,
323090.769,,334.389,359.794,
323157.426,,333.376,357.546,
323224.083,,332.514,357.143,
323290.743,,333.948,359.457,
323357.401,,332.986,360.094,
323424.054,,334.596,367.278,
323490.717,,335.741,364.311,
323557.374,,332.565,360.310,
323624.031,,337.995,360.388,
323690.687,,337.141,355.725,
323757.349,,335.950,351.441,
323824.005,,332.270,348.742,
323890.661,,334.293,350.659,
323957.322,,335.066,355.331,
324023.979,,333.278,359.107,
324090.637,,333.458,356.467,
324157.293,,332.940,353.369,
324223.953,,333.739,352.123,
324290.612,,332.742,347.647,
324357.271,,335.189,348.035,
324423.924,,334.452,349.577,
324490.583,,336.663,355.214,
324557.243,,335.061,357.649,
324623.897,,333.854,355.912,
324690.555,,333.487,362.884,
324757.216,,335.237,363.984,
324823.873,,334.928,362.345,
324890.532,,335.211,361.632,
324957.193,,334.842,361.003,
325023.846,,335.388,356.208,
325090.505,,334.782,352.067,
325157.164,,335.251,348.680,
325223.821,,331.587,352.700,
325290.482,,334.391,355.032,
325357.135,,333.399,350.642,
325423.798,,333.871,349.698,
325490.453,,332.127,347.517,
325557.112,,332.091,350.920,
325623.772,,334.545,352.530,
325690.428,,334.069,354.438,
325757.084,,334.963,350.445,
325823.744,,334.099,352.597,
325890.400,,333.360,349.022,
325957.058,,332.897,348.227,
326023.719,,331.984,346.109,
326090.375,,331.932,352.093,
326157.036,,333.095,350.158,
326223.694,,332.337,351.322,
326290.347,,332.755,346.300,
326357.008,,332.093,342.273,
326423.668,,333.964,340.473,
326490.322,,333.160,336.857,
326556.984,,335.030,337.743,
326623.637,,334.047,338.671,
326690.298,,334.151,337.199,
326756.956,,333.890,338.834,
326823.613,,335.442,343.260,
326890.270,,333.643,344.551,
326956.926,,333.366,346.264,
327023.585,,333.696,349.989,
327090.242,,331.157,357.723,
327156.904,,334.019,362.010,
327223.559,,332.963,359.031,
327290.216,,331.186,353.650,
327356.880,,330.258,352.383,
327423.531,,332.821,352.229,
327490.196,,333.073,351.608,
327556.849,,331.915,351.914,
327623.510,,331.870,353.011,
327690.164,,334.321,348.201,
327756.827,,332.331,346.425,
327823.483,,333.185,347.805,
327890.143,,332.337,348.920,
327956.798,,331.589,346.942,
328023.459,,332.221,343.618,
328090.111,,331.585,347.343,
328156.772,,331.619,350.173,
328223.429,,332.013,346.861,
328290.088,,331.830,342.579,
328356.747,,331.824,339.376,
328423.405,,332.949,337.642,
328490.061,,332.791,342.978,
328556.720,,332.683,342.888,
328623.376,,334.301,343.201,
328690.036,,332.695,345.609,
328756.693,,336.291,345.425,
328823.347,,337.502,343.515,
328890.007,,335.730,342.516,
328956.666,,335.890,339.113,
329023.324,,334.680,335.237,
329089.983,,334.524,335.419,
329156.638,,332.891,333.795,
329223.299,,333.089,332.845,
329289.958,,333.692,332.262,
329356.616,,332.992,331.724,
329423.271,,333.185,332.896,
329489.926,,332.409,335.279,
329556.585,,333.889,335.486,
329623.244,,335.641,333.478,
329689.903,,333.633,333.284,
329756.561,,334.891,339.165,
329823.216,,334.530,345.014,
329889.877,,337.622,357.843,
329956.531,,336.966,369.289,
330023.193,,337.071,372.711,
330089.851,,336.842,374.362,
330156.505,,336.609,374.735,
330223.166,,337.328,369.147,
330289.818,,336.958,367.605,
330356.483,,335.478,362.758,
330423.138,,336.542,362.829,
330489.797,,337.354,360.129,
330556.453,,335.436,355.965,
330623.112,,335.880,353.647,
330689.769,,333.508,348.225,
330756.427,,334.337,346.536,
330823.085,,336.226,343.321,
330889.746,,336.225,342.365,
330956.406,,335.957,342.095,
331023.063,,335.426,338.606,
331089.718,,331.833,337.102,
331156.373,,333.213,343.814,
331223.038,,334.384,345.256,
331289.694,,331.871,344.457,
331356.348,,333.013,348.529,
331423.009,,332.117,356.559,
331489.668,,328.423,356.281,
331556.326,,331.773,362.679,
331622.982,,332.872,369.609,
331689.642,,332.579,373.738,
331756.298,,333.309,378.443,
331822.953,,332.096,382.616,
331889.617,,331.594,381.490,
331956.272,,331.770,374.404,
332022.927,,332.116,369.116,
332089.588,,333.757,368.868,
332156.248,,333.918,367.248,
332222.905,,332.148,369.253,
332289.563,,333.069,367.815,
332356.217,,333.014,365.701,
332422.876,,332.640,363.603,
332489.532,,334.045,367.107,
332556.193,,333.841,366.971,
332622.849,,334.784,367.819,
332689.511,,335.261,362.288,
332756.167,,334.422,356.016,
332822.823,,334.222,351.058,
332889.479,,334.271,349.499,
332956.140,,333.349,345.403,
333022.801,,333.087,345.091,
333089.452,,333.914,346.037,
333156.116,,334.299,342.217,
333222.772,,333.359,344.810,
333289.428,,333.845,346.033,
333356.090,,333.386,346.395,
333422.748,,334.791,349.553,
333489.402,,334.217,352.524,
333556.064,,333.506,352.654,
333622.716,,333.434,348.920,
333689.377,,333.945,345.486,
333756.035,,334.179,342.988,
333822.690,,332.792,343.707,
333889.348,,333.678,339.085,
333956.007,,331.376,338.386,
334022.663,,334.153,339.030,
334089.327,,332.786,345.913,
334155.980,,332.754,346.200,
334222.639,,332.502,346.208,
334289.299,,334.251,346.872,
334355.955,,335.684,350.195,
334422.610,,336.084,351.442,
334489.275,,337.381,353.448,
334555.931,,336.595,354.935,
334622.585,,336.499,349.790,
334689.247,,334.903,343.622,
334755.903,,332.185,340.578,
334822.563,,334.542,342.705,
334889.217,,333.542,338.177,
334955.878,,333.124,338.937,
335022.537,,333.999,341.871,
335089.192,,335.396,344.481,
335155.851,,335.623,342.196,
335222.509,,334.946,339.485,
335289.169,,333.829,341.872,
335355.823,,332.477,344.685,
335422.481,,333.411,341.935,
335489.137,,333.306,338.510,
335555.798,,333.342,337.594,
335622.454,,335.102,334.158,
335689.114,,332.172,333.071,
335755.775,,333.486,336.729,
335822.432,,336.635,348.607,
335889.085,,338.550,353.667,
335955.748,,336.645,352.951,
336022.405,,336.130,353.312,
336089.060,,334.980,351.265,
336155.718,,335.258,351.530,
336222.378,,334.583,354.008,
336289.034,,335.678,352.148,
336355.694,,332.486,349.132,
336422.353,,331.275,348.725,
336489.011,,330.639,345.852,
336555.669,,332.321,348.179,
336622.321,,333.193,348.610,
336688.979,,332.717,348.109,
336755.637,,332.179,347.908,
336822.294,,332.705,346.829,
336888.954,,333.467,346.651,
336955.613,,332.470,347.230,
337022.273,,331.634,344.797,
337088.927,,332.156,342.327,
337155.589,,330.457,344.987,
337222.242,,330.152,348.318,
337288.905,,330.968,349.229,
337355.563,,332.210,351.595,
337422.218,,332.242,354.849,
337488.880,,337.238,352.226,
337555.537,,334.528,349.681,
337622.191,,333.902,347.562,
337688.846,,334.019,345.151,
337755.509,,332.767,341.886,
337822.166,,330.707,341.662,
337888.824,,331.501,345.136,
337955.478,,330.862,345.914,
338022.141,,332.454,351.964,
338088.800,,332.423,355.752,
338155.456,,332.318,349.878,
338222.112,,332.412,344.960,
338288.771,,331.407,341.629,
338355.430,,332.869,340.522,
338422.088,,332.465,341.291,
338488.747,,331.193,339.724,
338555.400,,333.326,344.798,
338622.062,,332.744,345.330,
338688.721,,333.513,348.118,
338755.376,,332.398,352.713,
338822.031,,333.937,348.951,
338888.690,,334.464,351.388,
338955.346,,334.857,351.340,
339022.004,,334.211,348.927,
339088.662,,332.524,352.462,
339155.326,,333.311,352.741,
339221.983,,332.924,355.636,
339288.637,,332.683,353.062,
339355.295,,334.429,348.305,
339421.957,,333.741,342.551,
339488.612,,333.687,341.106,
339555.269,,333.959,340.072,
339621.927,,334.101,343.529,
339688.583,,333.862,350.436,
339755.246,,334.274,356.912,
339821.902,,333.572,363.572,
339888.560,,332.655,364.258,
339955.221,,333.409,366.625,
340021.879,,332.513,362.022,
340088.532,,332.554,359.051,
340155.193,,332.128,356.770,
340221.851,,332.196,355.061,
340288.510,,332.609,352.206,
340355.166,,331.764,351.404,
340421.824,,331.584,347.962,
340488.480,,332.588,343.724,
340555.136,,332.964,344.747,
340621.794,,333.025,341.567,
340688.454,,333.836,339.467,
340755.110,,332.526,340.031,
340821.767,,334.600,343.720,
340888.425,,333.340,342.987,
340955.084,,333.048,346.783,
341021.746,,332.258,348.288,
341088.402,,333.227,347.234,
341155.059,,332.651,347.261,
341221.715,,332.903,348.907,
341288.376,,333.539,363.037,
341355.030,,331.883,368.306,
341421.688,,332.612,368.018,
341488.345,,332.577,364.277,
341555.010,,332.759,361.804,
341621.665,,333.411,361.414,
341688.322,,333.371,356.725,
341754.982,,334.047,352.618,
341821.639,,333.755,348.865,
341888.294,,333.560,346.494,
341954.954,,334.737,345.744,
342021.612,,336.003,345.293,
342088.268,,333.388,345.930,
342154.931,,333.944,346.309,
342221.584,,333.016,346.223,
342288.245,,334.915,348.239,
342354.904,,335.122,349.126,
342421.558,,333.637,346.957,
342488.215,,333.266,347.777,
342554.875,,333.241,346.316,
342621.532,,332.779,345.013,
342688.192,,332.514,344.993,
342754.850,,333.795,345.110,
342821.509,,334.096,342.895,
342888.162,,333.404,344.976,
342954.822,,334.401,347.785,
343021.482,,333.480,348.599,
343088.140,,334.054,345.928,
343154.798,,334.479,345.763,
343221.456,,333.434,339.903,
343288.114,,333.525,342.517,
343354.772,,333.727,344.005,
343421.426,,332.213,345.300,
343488.087,,334.807,353.407,
343554.745,,336.582,359.394,
343621.402,,336.130,361.928,
343688.055,,334.636,359.991,
343754.717,,333.499,361.536,
343821.376,,332.456,368.301,
343888.034,,333.653,376.841,
343954.690,,334.223,392.885,
344021.345,,334.156,404.253,
344088.003,,335.013,404.015,
344154.665,,335.471,400.103,
344221.322,,335.645,402.669,
344287.978,,335.350,403.766,
344354.641,,336.009,402.962,
344421.297,,336.904,402.147,
344487.955,,337.060,403.071,
344554.610,,336.143,402.421,
344621.272,,336.985,401.497,
344687.925,,336.318,395.061,
344754.582,,337.402,385.248,
344821.244,,336.687,375.978,
344887.904,,337.502,369.542,
344954.558,,336.303,364.861,
345021.219,,337.314,363.951,
345087.872,,337.477,364.317,
345154.535,,339.333,362.654,
345221.192,,333.134,355.269,
345287.848,,333.869,356.842,
345354.507,,334.936,361.354,
345421.162,,337.524,361.055,
345487.822,,333.158,355.937,
345554.478,,333.967,348.076,
345621.139,,331.778,344.106,
345687.799,,333.679,347.236,
345754.454,,335.383,346.718,
345821.115,,335.144,351.266,
345887.768,,337.420,351.180,
345954.428,,338.143,349.901,
346021.083,,337.831,346.841,
346087.742,,333.529,340.503,
346154.402,,331.608,341.725,
346221.057,,333.599,344.545,
346287.715,,335.705,347.439,
346354.379,,338.130,346.955,
346421.034,,337.239,344.963,
346487.690,,334.272,344.710,
346554.349,,336.285,344.021,
346621.007,,336.474,343.459,
346687.667,,335.387,342.636,
346754.322,,335.769,339.480,
346820.984,,334.694,338.450,
346887.642,,333.659,341.560,
346954.297,,335.881,345.830,
347020.955,,337.537,350.073,
347087.610,,338.597,350.833,
347154.273,,338.628,346.450,
347220.930,,335.423,344.474,
347287.586,,334.896,346.159,
347354.245,,334.288,347.063,
347420.899,,334.455,342.036,
347487.560,,332.371,341.817,
347554.216,,332.141,344.225,
347620.877,,331.981,347.200,
347687.531,,333.475,348.506,
347754.189,,333.478,352.224,
347820.852,,337.784,348.179,
347887.511,,335.579,347.869,
347954.165,,335.111,349.182,
348020.826,,335.069,352.672,
348087.485,,336.183,351.959,
348154.142,,335.328,348.845,
348220.797,,335.210,351.804,
348287.459,,333.988,352.000,
348354.112,,334.870,351.331,
348420.770,,334.605,350.504,
348487.431,,334.690,346.554,
348554.090,,334.689,346.342,
348620.747,,335.363,346.701,
348687.405,,334.842,349.419,
348754.059,,334.420,361.476,
348820.718,,332.842,360.050,
348887.375,,334.451,354.970,
348954.036,,333.505,349.452,
349020.693,,334.557,344.255,
349087.352,,335.180,341.331,
349154.010,,334.121,338.376,
349220.670,,334.108,338.569,
349287.324,,333.933,343.973,
349353.985,,333.974,347.128,
349420.640,,334.081,349.113,
349487.298,,333.258,349.054,
349553.954,,333.504,347.699,
349620.618,,333.200,347.349,
349687.276,,333.906,344.928,
349753.927,,335.724,343.029,
349820.591,,335.399,346.232,
349887.245,,335.481,345.050,
349953.903,,332.312,348.442,
350020.566,,332.915,349.535,
350087.223,,334.222,349.713,
350153.877,,334.228,348.677,
350220.537,,333.411,351.073,
350287.193,,332.581,350.218,
350353.853,,332.569,348.700,
350420.507,,331.989,352.313,
350487.167,,332.661,354.467,
350553.825,,332.924,352.367,
350620.484,,334.136,347.155,
350687.144,,335.112,344.775,
350753.797,,333.775,342.398,
350820.459,,333.147,343.394,
350887.118,,333.369,345.743,
350953.770,,335.941,346.807,
351020.434,,335.633,348.130,
351087.087,,333.514,348.163,
351153.747,,332.582,348.065,
351220.403,,332.716,348.289,
351287.060,,332.525,347.849,
351353.721,,332.575,346.928,
351420.376,,332.370,342.940,
351487.036,,332.607,339.987,
351553.692,,331.926,339.519,
351620.352,,333.041,341.617,
351687.013,,333.286,339.825,
351753.666,,332.379,340.480,
351820.324,,333.333,344.804,
351886.982,,332.879,346.146,
351953.646,,334.778,345.882,
352020.300,,334.458,347.626,
352086.961,,334.003,348.614,
352153.615,,335.268,346.559,
352220.277,,336.315,344.849,
352286.935,,337.254,347.332,
352353.589,,336.284,348.036,
352420.253,,333.138,345.722,
352486.906,,331.665,343.509,
352553.567,,332.703,347.083,
352620.222,,333.528,346.240,
352686.883,,332.151,346.762,
352753.540,,333.196,345.720,
352820.202,,333.451,342.217,
352886.861,,333.195,341.679,
352953.515,,332.187,338.844,
353020.177,,330.568,337.382,
353086.831,,332.460,339.328,
353153.491,,333.009,341.009,
353220.145,,332.510,349.343,
353286.810,,334.484,362.914,
353353.463,,334.169,366.621,
353420.121,,333.226,369.155,
353486.785,,333.417,363.372,
353553.437,,332.328,365.145,
353620.097,,332.795,365.830,
353686.753,,333.106,368.213,
353753.414,,333.949,364.489,
353820.071,,334.378,361.870,
353886.730,,333.277,360.937,
353953.390,,333.439,356.049,
354020.045,,333.662,353.667,
354086.703,,335.102,347.674,
354153.361,,334.277,344.254,
354220.023,,333.693,341.443,
354286.682,,333.543,343.447,
354353.337,,333.756,343.084,
354419.995,,332.437,341.989,
354486.652,,334.227,341.509,
354553.314,,334.050,342.955,
354619.974,,335.629,343.345,
354686.632,,334.808,341.641,
354753.286,,334.481,338.918,
354819.946,,332.278,335.901,
354886.602,,331.413,339.127,
354953.263,,331.602,338.159,
355019.917,,333.416,337.567,
355086.577,,333.205,338.104,
355153.238,,333.269,337.089,
355219.897,,333.918,336.465,
355286.555,,333.398,338.690,
355353.212,,332.951,335.118,
355419.868,,331.237,335.644,
355486.529,,331.980,335.261,
355553.187,,332.104,335.176,
355619.847,,332.120,338.172,
355686.506,,333.501,339.800,
355753.157,,332.489,340.289,
355819.819,,333.239,339.671,
355886.475,,333.260,338.021,
355953.139,,332.554,338.370,
356019.792,,331.986,353.531,
356086.452,,332.766,363.973,
356153.108,,334.601,368.626,
356219.770,,335.351,369.204,
356286.426,,336.022,364.946,
356353.085,,334.608,363.312,
356419.744,,333.425,364.809,
356486.403,,332.128,358.703,
356553.059,,331.701,353.884,
356619.718,,332.336,349.163,
356686.378,,332.008,348.241,
356753.035,,332.784,345.746,
356819.695,,332.543,343.462,
356886.347,,331.802,342.377,
356953.009,,332.032,344.645,
357019.668,,331.743,346.330,
357086.323,,333.043,345.154,
357152.981,,333.749,340.076,
357219.642,,334.354,337.169,
357286.298,,334.126,337.096,
357352.961,,334.735,339.452,
357419.616,,334.560,339.738,
357486.275,,334.374,341.951,
357552.931,,334.516,343.908,
357619.591,,335.002,345.823,
357686.247,,334.554,343.196,
357752.906,,333.977,342.864,
357819.568,,334.252,345.812,
357886.226,,334.524,343.778,
357952.885,,334.534,343.377,
358019.538,,333.808,342.716,
358086.202,,331.994,350.055,
358152.855,,332.417,355.123,
358219.513,,332.585,355.866,
358286.172,,334.833,357.701,
358352.833,,335.209,366.126,
358419.488,,332.702,370.322,
358486.148,,331.037,373.672,
358552.803,,330.860,373.888,
358619.465,,330.268,368.130,
358686.122,,331.420,360.834,
358752.780,,332.362,358.202,
358819.437,,332.093,358.218,
358886.099,,333.052,359.525,
358952.756,,332.858,354.559,
359019.411,,331.375,350.705,
359086.069,,331.253,342.651,
359152.727,,329.855,341.220,
359219.390,,333.973,342.289,
359286.046,,333.638,343.550,
359352.702,,333.134,344.176,
359419.365,,333.447,339.765,
359486.022,,333.245,338.205,
359552.682,,331.707,335.947,
359619.340,,328.821,327.450,
359685.993,,328.071,330.423,
359752.655,,331.958,331.829,
359819.314,,331.379,334.686,
359885.969,,331.750,339.679,
359952.627,,333.845,342.151,
360019.285,,332.565,351.186,
360085.940,,332.974,363.277,
360152.602,,331.770,370.005,
360219.258,,332.094,367.278,
360285.916,,332.441,363.125,
360352.573,,332.618,361.105,
360419.233,,332.817,357.752,
360485.890,,332.630,354.598,
360552.543,,332.906,353.596,
360619.199,,332.843,349.409,
360685.859,,332.900,348.667,
360752.517,,334.024,345.534,
360819.172,,336.752,344.592,
360885.828,,336.407,344.139,
360952.492,,336.687,340.658,
361019.148,,334.161,341.394,
361085.803,,332.816,343.683,
361152.462,,335.066,345.836,
361219.117,,332.763,344.074,
361285.774,,333.292,344.285,
361352.436,,333.509,343.240,
361419.089,,333.573,341.050,
361485.745,,333.091,342.826,
361552.407,,333.986,340.728,
361619.064,,334.139,337.659,
361685.723,,332.642,334.580,
361752.375,,332.025,335.515,
361819.032,,332.643,335.124,
361885.691,,333.271,333.478,
361952.348,,332.816,330.384,
362019.009,,332.716,328.371,
362085.661,,331.718,329.073,
362152.321,,332.954,330.142,
362218.982,,331.655,333.486,
362285.633,,333.831,335.486,
362352.293,,334.071,339.036,
362418.954,,333.042,337.707,
362485.610,,332.741,337.146,
362552.265,,332.837,339.493,
362618.926,,335.563,341.345,
362685.583,,336.638,342.360,
362752.235,,338.331,342.915,
362818.897,,338.250,343.443,
362885.552,,337.894,343.212,
362952.207,,338.445,343.865,
363018.869,,336.570,343.883,
363085.521,,335.481,348.629,
363152.184,,335.574,347.098,
363218.836,,333.324,343.528,
363285.499,,331.174,339.527,
363352.155,,330.398,337.048,
363418.814,,329.447,336.924,
363485.467,,332.562,340.234,
363552.127,,332.674,343.081,
363618.785,,332.875,344.804,
363685.439,,333.704,343.957,
363752.096,,333.583,342.781,
363818.755,,332.706,341.994,
363885.413,,331.901,338.257,
363952.067,,328.990,331.324,
364018.727,,329.660,335.865,
364085.385,,332.336,341.164,
364152.041,,331.322,341.636,
364218.699,,331.276,339.193,
364285.357,,333.763,340.089,
364352.013,,329.784,341.678,
364418.672,,330.352,343.189,
364485.328,,328.518,342.049,
364551.989,,330.150,347.059,
364618.642,,331.094,342.622,
364685.303,,331.668,343.316,
364751.958,,331.735,339.682,
364818.617,,330.855,335.375,
364885.275,,326.412,333.360,
364951.929,,329.574,333.730,
365018.585,,329.828,336.319,
365085.248,,329.774,346.947,
365151.899,,330.188,346.029,
365218.561,,332.338,351.096,
365285.219,,332.189,357.305,
365351.878,,331.374,352.911,
365418.530,,330.456,354.454,
365485.190,,331.598,360.909,
365551.847,,331.623,362.503,
365618.503,,331.680,363.707,
365685.160,,333.157,366.932,
365751.820,,332.230,374.198,
365818.474,,332.219,371.977,
365885.137,,331.243,373.464,
365951.788,,332.795,376.243,
366018.451,,333.783,373.805,
366085.104,,332.492,373.730,
366151.766,,335.323,369.648,
366218.420,,333.372,364.771,
366285.080,,334.802,358.751,
366351.734,,333.090,352.026,
366418.393,,334.060,350.717,
366485.049,,333.247,348.408,
366551.704,,332.486,345.938,
366618.365,,331.458,345.805,
366685.022,,333.725,348.489,
366751.682,,334.010,347.648,
366818.334,,333.545,346.327,
366884.994,,334.192,344.634,
366951.650,,334.065,345.477,
367018.309,,334.130,347.432,
367084.970,,333.491,355.174,
367151.625,,332.737,355.372,
367218.283,,333.275,352.811,
367284.939,,333.550,353.699,
367351.598,,334.719,354.346,
367418.253,,335.400,354.291,
367484.912,,335.713,357.071,
367551.571,,335.006,357.083,
367618.226,,335.393,356.637,
367684.883,,334.739,355.426,
367751.538,,334.854,355.352,
367818.196,,333.514,356.337,
367884.854,,333.823,356.323,
367951.512,,333.868,353.773,
368018.174,,333.678,347.572,
368084.828,,333.823,342.958,
368151.494,,332.247,340.558,
368218.152,,332.100,344.395,
368284.811,,335.201,346.334,
368351.465,,337.108,349.166,
368418.125,,338.967,347.809,
368484.784,,337.584,345.233,
368551.443,,335.789,345.029,
368618.101,,335.869,343.866,
368684.759,,334.557,345.519,
368751.423,,335.410,345.928,
368818.083,,334.875,343.729,
368884.737,,334.157,343.883,
368951.400,,331.929,341.817,
369018.060,,331.573,339.072,
369084.716,,331.617,336.847,
369151.373,,331.730,335.662,
369218.036,,331.819,334.558,
369284.696,,332.510,333.644,
369351.354,,331.822,332.399,
369418.012,,332.024,331.950,
369484.672,,332.240,332.057,
369551.326,,331.652,330.786,
369617.988,,331.778,334.404,
369684.647,,333.093,338.994,
369751.305,,333.572,341.035,
369817.963,,334.252,343.350,
369884.623,,332.056,344.441,
369951.281,,333.272,347.068,
370017.944,,335.062,351.041,
370084.599,,332.948,354.925,
370151.263,,332.752,354.394,
370217.917,,334.177,355.893,
370284.579,,334.943,353.730,
370351.237,,335.866,349.907,
370417.899,,336.400,347.061,
370484.555,,335.363,344.089,
370551.211,,335.295,345.242,
370617.870,,334.867,346.929,
370684.535,,333.499,347.909,
370751.194,,334.056,346.259,
370817.848,,333.629,343.981,
370884.505,,334.093,342.719,
370951.170,,332.310,340.045,
371017.823,,331.967,336.861,
371084.487,,332.868,335.227,
371151.141,,333.378,334.290,
371217.802,,332.194,335.716,
371284.466,,332.155,336.757,
371351.122,,333.041,337.168,
371417.782,,331.353,336.008,
371484.441,,330.901,336.346,
371551.097,,333.401,335.472,
371617.759,,333.541,338.126,
371684.417,,333.342,338.249,
371751.074,,333.678,337.787,
371817.731,,332.742,339.854,
371884.396,,334.061,340.445,
371951.052,,332.650,340.187,
372017.712,,331.716,338.497,
372084.371,,330.445,338.794,
372151.030,,332.329,339.703,
372217.688,,332.332,340.407,
372284.344,,331.967,339.330,
372351.007,,331.038,338.267,
372417.666,,331.908,340.144,
372484.326,,332.755,341.391,
372550.982,,332.525,344.684,
372617.642,,330.610,352.906,
372684.303,,333.557,352.002,
372750.958,,331.152,351.570,
372817.621,,333.203,349.022,
372884.282,,334.521,345.164,
372950.939,,333.194,340.972,
373017.600,,332.030,337.774,
373084.256,,331.391,339.121,
373150.913,,331.784,339.895,
373217.574,,331.491,341.199,
373284.234,,331.427,342.011,
373350.891,,331.605,340.093,
373417.550,,331.350,339.838,
373484.206,,331.611,341.582,
373550.868,,331.253,341.887,
373617.525,,331.541,341.029,
373684.188,,331.148,340.724,
373750.842,,331.727,339.798,
373817.502,,331.298,339.218,
373884.167,,331.252,344.252,
373950.823,,331.577,349.880,
374017.481,,330.817,347.938,
374084.143,,330.066,348.884,
374150.801,,331.563,349.057,
374217.460,,332.650,352.104,
374284.120,,331.030,352.115,
374350.778,,332.656,349.770,
374417.435,,331.901,348.980,
374484.093,,332.186,347.740,
374550.752,,333.302,351.244,
374617.413,,333.184,350.676,
374684.069,,332.570,349.220,
374750.727,,330.432,345.111,
374817.391,,329.377,344.199,
374884.051,,329.080,344.084,
374950.708,,329.346,343.030,
375017.367,,329.192,345.780,
375084.026,,329.179,343.906,
375150.683,,330.295,345.028,
375217.344,,331.247,347.670,
375284.000,,331.184,342.448,
375350.663,,330.900,342.330,
375417.322,,330.001,340.495,
375483.978,,329.203,342.381,
375550.640,,329.146,343.958,
375617.298,,330.110,344.468,
375683.959,,331.367,345.459,
375750.618,,332.892,350.628,
375817.278,,335.530,351.178,
375883.932,,334.379,349.754,
375950.594,,333.134,349.998,
376017.254,,331.457,351.710,
376083.912,,331.557,351.894,
376150.571,,330.754,349.677,
376217.225,,332.744,352.266,
376283.888,,330.683,351.630,
376350.546,,330.917,353.510,
376417.207,,331.335,355.493,
376483.866,,330.791,355.879,
376550.524,,333.402,356.057,
376617.182,,334.622,352.898,
376683.841,,334.381,352.122,
376750.500,,337.838,358.324,
376817.155,,338.906,353.594,
376883.816,,335.508,350.531,
376950.474,,334.329,352.485,
377017.136,,334.658,349.757,
377083.791,,333.692,348.129,
377150.453,,333.356,347.689,
377217.113,,332.393,353.805,
377283.769,,332.312,353.211,
377350.427,,332.334,351.336,
377417.088,,332.289,349.651,
377483.746,,332.412,346.139,
377550.402,,331.568,341.576,
377617.063,,332.109,340.221,
377683.725,,334.173,337.770,
377750.379,,332.279,337.554,
377817.041,,331.324,337.815,
377883.700,,331.498,339.043,
377950.359,,332.381,343.172,
378017.017,,333.947,341.367,
378083.671,,332.998,337.876,
378150.331,,331.572,336.865,
378216.992,,334.139,337.064,
378283.648,,332.688,338.979,
378350.311,,332.661,340.536,
378416.965,,330.388,340.659,
378483.626,,331.647,341.735,
378550.286,,332.456,341.352,
378616.945,,331.932,341.655,
378683.603,,331.927,338.338,
378750.262,,331.281,337.200,
378816.924,,331.528,334.691,
378883.583,,332.239,333.878,
378950.239,,331.887,338.556,
379016.898,,331.702,341.878,
379083.555,,332.777,344.500,
379150.218,,332.039,346.995,
379216.875,,332.569,350.872,
379283.530,,331.881,354.225,
379350.193,,332.525,355.927,
379416.853,,334.091,354.668,
379483.511,,331.988,356.338,
379550.170,,331.580,361.645,
379616.824,,332.464,363.177,
379683.488,,332.607,363.099,
379750.147,,331.543,362.000,
379816.801,,331.423,358.020,
379883.461,,331.277,360.056,
379950.120,,331.339,358.509,
380016.783,,331.087,356.722,
380083.436,,331.500,355.314,
380150.099,,331.248,354.939,
380216.756,,331.501,355.015,
380283.415,,330.552,352.649,
380350.074,,330.956,351.029,
380416.736,,331.372,351.354,
380483.393,,332.731,350.379,
380550.048,,331.628,350.374,
380616.708,,330.936,348.309,
380683.365,,331.215,347.589,
380750.027,,330.907,348.592,
380816.688,,332.191,350.455,
380883.346,,330.805,346.915,
380950.002,,331.041,343.947,
381016.659,,330.094,343.187,
381083.318,,330.627,342.450,
381149.981,,329.542,345.326,
381216.637,,330.913,344.500,
381283.299,,331.783,344.769,
381349.956,,331.855,343.583,
381416.613,,331.862,345.269,
381483.271,,331.022,346.243,
381549.930,,330.875,342.105,
381616.589,,331.529,346.083,
381683.251,,332.712,348.016,
381749.906,,335.185,354.595,
381816.565,,336.017,357.546,
381883.226,,335.673,358.966,
381949.887,,334.982,359.736,
382016.541,,334.979,359.837,
382083.201,,335.846,364.598,
382149.859,,335.523,363.367,
382216.522,,333.631,356.065,
382283.180,,332.441,352.997,
382349.837,,328.048,356.796,
382416.496,,335.253,366.387,
382483.159,,331.578,373.195,
382549.816,,336.868,380.165,
382616.474,,334.890,378.533,
382683.136,,334.614,377.784,
382749.792,,335.617,375.710,
382816.447,,335.533,373.190,
382883.110,,335.917,369.147,
382949.769,,335.684,374.106,
383016.429,,337.231,371.418,
383083.083,,334.768,367.654,
383149.747,,334.464,359.124,
383216.402,,331.124,355.437,
383283.065,,330.642,354.483,
383349.723,,331.509,356.548,
383416.380,,330.389,359.238,
383483.042,,329.235,356.178,
383549.699,,331.136,352.339,
383616.355,,331.998,352.907,
383683.018,,333.964,350.433,
383749.671,,333.168,350.814,
383816.335,,331.921,351.194,
383882.989,,331.367,360.675,
383949.649,,331.822,361.592,
384016.304,,333.670,365.505,
384082.965,,333.497,368.053,
384149.620,,331.811,363.398,
384216.281,,331.161,368.925,
384282.933,,331.236,372.775,
384349.593,,331.474,372.150,
384416.247,,330.836,372.958,
384482.903,,332.785,372.708,
384549.563,,332.649,371.181,
384616.218,,332.612,365.507,
384682.876,,334.353,357.850,
384749.535,,332.670,354.074,
384816.191,,332.931,350.623,
384882.849,,333.582,352.538,
384949.504,,331.625,350.376,
385016.167,,331.978,351.459,
385082.820,,331.206,350.370,
385149.478,,331.990,346.401,
385216.138,,331.274,344.647,
385282.790,,331.192,343.834,
385349.452,,330.037,342.655,
385416.108,,329.195,340.550,
385482.767,,330.485,342.294,
385549.420,,331.159,343.221,
385616.080,,332.145,349.222,
385682.734,,330.576,353.874,
385749.392,,329.802,348.443,
385816.049,,330.595,346.724,
385882.710,,331.542,345.461,
385949.364,,330.653,347.489,
386016.025,,330.955,344.253,
386082.682,,330.898,341.649,
386149.340,,330.323,343.173,
386215.992,,331.170,344.398,
386282.652,,331.942,354.600,
386349.311,,333.320,362.519,
386415.965,,334.231,365.715,
386482.622,,333.434,366.056,
386549.279,,332.709,362.487,
386615.939,,333.928,359.793,
386682.594,,333.638,355.176,
386749.251,,333.492,353.100,
386815.907,,332.949,355.454,
386882.568,,333.581,352.038,
386949.226,,332.299,351.962,
387015.880,,332.138,351.204,
387082.534,,330.962,351.172,
387149.191,,330.798,350.215,
387215.848,,331.635,346.564,
387282.509,,331.087,345.545,
387349.169,,329.982,347.997,
387415.825,,330.239,347.081,
387482.481,,330.498,345.131,
387549.137,,331.756,344.929,
387615.793,,331.576,343.017,
387682.451,,330.466,346.852,
387749.110,,332.404,353.259,
387815.770,,333.617,350.743,
387882.421,,332.355,347.651,
387949.081,,335.891,348.114,
388015.738,,335.202,343.708,
388082.397,,334.233,340.031,
388149.056,,331.820,346.840,
388215.712,,335.165,351.406,
388282.365,,335.007,355.692,
388349.027,,335.737,356.416,
388415.679,,334.788,355.407,
388482.339,,333.476,353.735,
388548.994,,332.167,357.193,
388615.651,,332.379,356.843,
388682.309,,332.468,357.611,
388748.970,,331.879,357.381,
388815.627,,330.079,355.812,
388882.283,,329.313,359.614,
388948.941,,329.788,361.257,
389015.596,,332.452,359.839,
389082.252,,332.107,355.735,
389148.914,,331.958,352.391,
389215.568,,331.006,348.864,
389282.228,,330.549,344.924,
389348.879,,330.630,344.200,
389415.540,,329.772,343.437,
389482.199,,328.704,340.953,
389548.853,,328.062,339.380,
389615.511,,328.102,339.357,
389682.170,,329.189,348.086,
389748.822,,329.821,352.576,
389815.483,,330.281,358.088,
389882.140,,331.060,366.798,
389948.796,,331.785,368.186,
390015.455,,331.727,364.294,
390082.113,,332.187,357.411,
390148.765,,330.072,351.809,
390215.429,,331.830,348.696,
390282.080,,331.581,345.209,
390348.743,,332.182,342.162,
390415.397,,330.523,340.204,
390482.056,,331.373,341.527,
390548.713,,331.620,356.288,
390615.369,,330.875,385.303,
390682.024,,331.010,397.130,
390748.686,,331.194,445.845,
390815.341,,329.873,461.790,
390881.998,,330.996,455.582,
390948.652,,331.401,445.495,
391015.315,,330.682,435.025,
391081.967,,330.457,420.889,
391148.627,,331.659,412.222,
391215.286,,330.907,407.462,
391281.939,,331.572,406.113,
391348.599,,331.157,406.641,
391415.258,,331.329,412.139,
391481.914,,332.259,410.614,
391548.568,,332.460,405.919,
391615.228,,331.911,402.848,
391681.885,,332.006,394.722,
391748.539,,330.838,393.513,
391815.199,,330.619,389.543,
391881.855,,331.853,383.554,
391948.511,,330.382,377.130,
392015.176,,330.972,377.443,
392081.833,,330.585,378.851,
392148.491,,329.815,377.596,
392215.151,,330.275,374.788,
392281.810,,329.813,369.462,
392348.465,,330.327,371.388,
392415.126,,329.507,377.533,
392481.780,,332.234,381.246,
392548.440,,332.777,375.888,
392615.099,,330.992,370.983,
392681.755,,331.708,377.175,
392748.416,,332.369,384.539,
392815.074,,332.823,380.890,
392881.735,,331.717,372.032,
392948.394,,331.285,366.348,
393015.049,,331.469,361.855,
393081.709,,331.236,361.125,
393148.368,,331.377,358.935,
393215.028,,330.860,361.922,
393281.685,,333.899,362.317,
393348.345,,333.671,359.802,
393415.001,,332.237,355.957,
393481.664,,332.026,354.211,
393548.317,,332.126,357.932,
393614.977,,333.146,355.710,
393681.635,,332.643,357.572,
393748.298,,331.235,355.874,
393814.951,,334.399,355.024,
393881.609,,334.120,354.316,
393948.268,,332.253,357.118,
394014.928,,333.825,361.536,
394081.589,,333.859,360.238,
394148.246,,332.433,360.324,
394214.902,,336.250,362.223,
394281.566,,332.661,356.013,
394348.222,,330.920,349.660,
394414.879,,330.993,344.240,
394481.541,,329.577,340.274,
394548.197,,330.300,336.735,
394614.859,,330.432,334.605,
394681.517,,330.768,332.205,
394748.175,,330.479,331.355,
394814.832,,329.543,329.856,
394881.491,,329.893,331.020,
394948.151,,331.597,334.822,
395014.810,,333.293,337.566,
395081.465,,330.852,338.150,
395148.129,,331.421,343.255,
395214.783,,329.891,346.515,
395281.442,,329.735,351.991,
395348.100,,330.361,353.567,
395414.760,,330.672,355.152,
395481.416,,330.986,360.829,
395548.075,,329.702,366.771,
395614.738,,330.067,371.586,
395681.395,,330.068,370.340,
395748.054,,330.443,377.910,
395814.715,,329.973,406.220,
395881.368,,331.158,406.138,
395948.030,,329.914,393.339,
396014.684,,330.058,386.448,
396081.343,,330.702,384.228,
396148.002,,330.116,381.771,
396214.664,,330.598,380.073,
396281.318,,332.108,373.340,
396347.983,,330.978,366.641,
396414.641,,330.651,369.778,
396481.295,,329.813,362.386,
396547.956,,331.321,359.054,
396614.612,,331.108,361.197,
396681.271,,331.114,365.052,
396747.933,,330.616,372.193,
396814.589,,332.833,376.123,
396881.250,,334.904,385.395,
396947.904,,333.483,381.532,
397014.564,,333.271,374.468,
397081.222,,330.533,370.114,
397147.886,,331.807,373.053,
397214.539,,333.341,375.129,
397281.197,,335.156,371.679,
397347.860,,334.707,381.499,
397414.515,,331.768,411.593,
397481.178,,331.787,409.053,
397547.833,,332.835,394.348,
397614.495,,331.387,383.613,
397681.150,,330.885,374.741,
397747.811,,329.550,373.561,
397814.469,,328.805,373.856,
397881.127,,328.422,375.028,
397947.783,,329.808,372.465,
398014.447,,330.435,371.665,
398081.100,,329.500,374.338,
398147.765,,332.040,376.472,
398214.418,,330.636,374.417,
398281.081,,330.292,370.526,
398347.737,,331.002,366.612,
398414.394,,331.248,364.987,
398481.056,,331.982,365.719,
398547.715,,331.747,366.913,
398614.373,,332.366,367.612,
398681.028,,331.468,371.228,
398747.690,,329.911,374.815,
398814.349,,329.691,376.066,
398881.008,,329.433,379.433,
398947.668,,328.359,378.003,
399014.324,,328.534,373.001,
399080.980,,327.359,367.177,
399147.638,,327.493,361.918,
399214.300,,329.052,357.379,
399280.958,,328.897,357.329,
399347.616,,328.275,355.715,
399414.276,,328.642,359.430,
399480.936,,329.014,366.828,
399547.592,,329.351,370.736,
399614.251,,329.432,370.697,
399680.907,,328.816,365.519,
399747.572,,328.876,364.087,
399814.228,,328.786,368.788,
399880.883,,328.745,375.944,
399947.540,,326.922,375.305,
400014.202,,328.462,378.329,
400080.857,,328.463,375.175,
400147.515,,328.351,369.328,
400214.174,,328.865,370.383,
400280.826,,328.029,372.216,
400347.483,,327.110,370.808,
400414.144,,327.753,369.361,
400480.804,,328.303,364.629,
400547.459,,328.126,358.980,
400614.118,,327.628,358.259,
400680.774,,328.438,367.174,
400747.428,,327.010,374.045,
400814.089,,328.923,375.690,
400880.742,,327.903,371.961,
400947.400,,327.977,365.215,
401014.061,,327.702,364.724,
401080.714,,327.373,366.514,
401147.371,,326.739,371.344,
401214.032,,327.667,372.648,
401280.688,,327.941,375.660,
401347.348,,328.156,385.871,
401414.001,,328.055,386.298,
401480.660,,327.595,381.094,
401547.319,,327.042,374.098,
401613.974,,327.333,372.554,
401680.631,,327.121,379.645,
401747.287,,327.328,380.646,
401813.946,,327.450,377.022,
401880.605,,328.228,370.321,
401947.259,,327.924,367.741,
402013.919,,327.649,362.961,
402080.575,,327.715,361.916,
402147.236,,328.407,366.434,
402213.888,,328.225,366.825,
402280.549,,328.511,365.049,
402347.207,,326.825,363.906,
402413.864,,327.679,363.844,
402480.520,,327.474,369.029,
402547.174,,327.503,369.410,
402613.834,,325.913,381.038,
402680.491,,328.924,377.282,
402747.150,,327.884,376.814,
402813.808,,328.437,373.235,
402880.461,,328.018,374.269,
402947.119,,328.055,371.783,
403013.778,,328.217,367.053,
403080.434,,328.579,373.720,
403147.090,,328.029,377.608,
403213.746,,328.030,377.477,
403280.405,,328.414,385.138,
403347.063,,328.616,385.781,
403413.721,,328.321,383.920,
403480.381,,328.525,381.676,
403547.036,,329.319,385.756,
403613.694,,328.125,381.996,
403680.352,,328.475,377.186,
403747.009,,328.746,379.922,
403813.666,,328.617,377.473,
403880.320,,328.152,376.240,
403946.979,,327.865,371.794,
404013.637,,329.357,367.628,
404080.295,,330.849,379.339,
404146.952,,330.016,395.879,
404213.609,,331.026,398.789,
404280.267,,326.898,390.216,
404346.925,,328.572,392.142,
404413.578,,329.832,386.329,
404480.238,,328.798,384.183,
404546.895,,328.365,375.546,
404613.552,,329.052,375.081,
404680.206,,328.108,379.265,
404746.869,,327.510,386.418,
404813.523,,326.782,382.932,
404880.179,,327.298,374.534,
404946.841,,327.327,378.202,
405013.495,,328.832,404.079,
405080.152,,328.206,411.155,
405146.809,,327.213,412.908,
405213.466,,327.399,407.665,
405280.122,,328.787,398.985,
405346.785,,327.220,396.690,
405413.438,,329.155,398.097,
405480.097,,327.421,390.368,
405546.752,,327.266,391.790,
405613.412,,328.256,391.856,
405680.067,,328.891,386.117,
405746.724,,327.685,382.854,
405813.384,,328.632,382.247,
405880.043,,328.246,382.908,
405946.697,,327.857,373.051,
406013.358,,328.873,366.369,
406080.015,,328.644,360.984,
406146.669,,328.429,357.379,
406213.329,,328.164,358.503,
406279.987,,328.842,363.597,
406346.644,,329.201,368.479,
406413.297,,329.112,364.653,
406479.955,,327.778,359.940,
406546.610,,328.871,356.793,
406613.270,,329.296,355.766,
406679.925,,328.236,346.183,
406746.582,,328.419,353.029,
406813.242,,328.111,346.952,
406879.898,,328.435,344.435,
406946.557,,327.601,343.862,
407013.213,,328.284,342.227,
407079.873,,327.942,346.161,
407146.526,,327.014,348.253,
407213.189,,328.445,349.862,
407279.843,,328.177,354.146,
407346.501,,327.564,350.109,
407413.161,,325.857,356.384,
407479.817,,328.613,357.838,
407546.472,,327.681,362.287,
407613.126,,328.571,376.078,
407679.788,,328.407,368.827,
407746.445,,326.240,364.079,
407813.100,,328.907,361.838,
407879.761,,327.418,354.789,
407946.417,,325.562,354.642,
408013.074,,328.231,355.535,
408079.734,,327.923,352.062,
408146.389,,328.100,355.616,
408213.047,,330.069,358.519,
408279.707,,328.840,357.007,
408346.366,,327.911,358.214,
408413.027,,328.136,355.932,
408479.682,,326.875,354.337,
408546.340,,328.820,356.284,
408612.999,,328.739,355.891,
408679.657,,327.311,348.985,
408746.317,,331.539,352.547,
408812.977,,331.898,350.377,
408879.636,,328.665,352.280,
408946.293,,331.812,358.017,
409012.950,,335.080,351.354,
409079.608,,329.015,360.989,
409146.269,,330.853,370.691,
409212.924,,332.868,368.395,
409279.584,,332.583,374.233,
409346.244,,335.791,369.570,
409412.900,,333.489,365.810,
409479.560,,333.735,363.430,
409546.218,,334.559,358.752,
409612.877,,334.104,355.281,
409679.535,,332.837,348.590,
409746.197,,331.605,347.433,
409812.854,,332.741,345.697,
409879.508,,328.332,350.039,
409946.170,,331.737,349.505,
410012.828,,330.451,346.981,
410079.489,,330.572,349.327,
410146.144,,329.735,353.377,
410212.805,,328.149,365.624,
410279.458,,329.884,370.632,
410346.122,,328.954,366.569,
410412.775,,329.019,372.494,
410479.435,,330.634,367.569,
410546.093,,327.454,362.700,
410612.756,,329.951,360.154,
410679.413,,330.489,354.358,
410746.068,,328.947,347.575,
410812.730,,327.568,344.768,
410879.387,,327.348,340.655,
410946.047,,327.428,344.754,
411012.704,,329.586,341.643,
411079.363,,327.174,339.021,
411146.024,,328.368,339.628,
411212.682,,328.578,340.547,
411279.340,,327.061,341.305,
411345.994,,327.305,341.622,
411412.655,,327.521,337.001,
411479.312,,327.645,337.665,
411545.970,,331.442,338.464,
411612.628,,331.794,336.001,
411679.286,,332.302,337.260,
411745.948,,332.925,339.065,
411812.605,,330.479,340.641,
411879.260,,329.973,339.371,
411945.918,,326.598,341.625,
412012.579,,327.643,349.417,
412079.241,,326.139,350.304,
412145.896,,324.882,355.342,
412212.557,,327.350,361.005,
412279.215,,327.211,354.145,
412345.873,,329.571,353.395,
412412.529,,331.715,351.202,
412479.189,,330.187,341.125,
412545.845,,330.652,350.105,
412612.503,,332.461,357.489,
412679.163,,330.312,356.439,
412745.821,,330.956,363.551,
412812.481,,329.439,373.338,
412879.138,,330.370,367.944,
412945.799,,330.159,377.727,
413012.455,,330.648,379.966,
413079.117,,331.431,390.424,
413145.776,,330.112,401.970,
413212.432,,332.009,408.743,
413279.089,,331.915,410.008,
413345.745,,327.596,406.987,
413412.407,,329.335,410.961,
413479.066,,328.299,412.774,
413545.722,,328.778,410.791,
413612.385,,330.468,402.346,
413679.041,,331.675,389.281,
413745.699,,330.139,382.685,
413812.360,,332.268,380.400,
413879.015,,332.614,381.950,
413945.677,,333.048,380.675,
414012.330,,332.604,377.636,
414078.990,,329.811,367.943,
414145.651,,331.104,367.239,
414212.308,,331.428,363.782,
414278.966,,330.093,354.641,
414345.624,,329.549,359.177,
414412.280,,329.691,354.210,
414478.943,,330.572,350.010,
414545.600,,330.884,346.342,
414612.255,,330.778,346.048,
414678.915,,330.615,347.710,
414745.577,,329.962,350.471,
414812.231,,330.659,347.677,
414878.892,,327.910,340.986,
414945.550,,328.026,339.354,
415012.207,,328.872,340.774,
415078.865,,329.828,340.712,
415145.524,,330.328,340.702,
415212.184,,331.785,342.977,
415278.841,,332.779,339.437,
415345.501,,330.101,339.005,
415412.158,,330.282,334.722,
415478.816,,327.273,332.637,
415545.474,,327.163,329.852,
415612.131,,325.205,333.118,
415678.791,,325.895,338.179,
415745.450,,325.589,349.533,
415812.109,,323.633,375.625,
415878.765,,324.397,384.258,
415945.429,,325.359,396.333,
416012.084,,325.938,396.077,
416078.743,,326.603,390.887,
416145.401,,326.249,379.429,
416212.056,,325.346,371.003,
416278.718,,327.551,368.168,
416345.373,,328.087,364.141,
416412.031,,327.253,369.899,
416478.689,,328.704,367.299,
416545.345,,328.406,364.714,
416612.007,,329.376,364.634,
416678.663,,330.827,360.780,
416745.321,,332.065,356.359,
416811.979,,328.878,353.812,
416878.634,,330.737,350.322,
416945.296,,330.934,348.224,
417011.955,,330.908,347.386,
417078.610,,332.217,345.520,
417145.271,,330.697,347.615,
417211.929,,328.821,344.579,
417278.587,,330.159,344.051,
417345.241,,327.554,342.466,
417411.903,,328.279,348.684,
417478.557,,328.932,356.316,
417545.214,,328.498,359.223,
417611.871,,332.463,356.658,
417678.529,,331.984,350.803,
417745.188,,331.047,350.133,
417811.848,,331.254,345.293,
417878.509,,331.349,342.642,
417945.165,,328.898,343.568,
418011.825,,328.485,340.278,
418078.479,,329.382,341.292,
418145.135,,328.520,339.304,
418211.797,,329.375,339.940,
418278.451,,329.781,354.025,
418345.113,,329.853,361.081,
418411.772,,331.359,367.347,
418478.430,,328.460,375.248,
418545.087,,328.544,380.218,
418611.744,,328.651,378.685,
418678.402,,329.598,376.227,
418745.056,,329.656,373.382,
418811.717,,330.661,378.110,
418878.375,,329.670,382.259,
418945.030,,329.735,385.738,
419011.690,,329.270,393.520,
419078.346,,329.733,394.357,
419145.007,,329.403,395.188,
419211.664,,329.598,390.958,
419278.323,,329.330,388.979,
419344.981,,329.396,386.974,
419411.638,,329.494,393.676,
419478.297,,329.155,392.971,
419544.957,,329.736,385.697,
419611.615,,329.318,378.163,
419678.273,,329.505,372.960,
419744.929,,330.821,368.018,
419811.583,,329.275,361.254,
419878.240,,328.435,360.531,
419944.899,,330.116,358.886,
420011.558,,331.333,363.028,
420078.220,,330.034,360.279,
420144.875,,330.211,372.923,
420211.536,,331.863,369.966,
420278.193,,324.696,371.425,
420344.849,,327.201,387.633,
420411.508,,327.824,392.437,
420478.165,,325.998,393.247,
420544.820,,326.611,383.621,
420611.479,,324.791,379.054,
420678.142,,325.523,373.542,
420744.796,,324.298,361.385,
420811.452,,324.618,365.438,
420878.116,,326.249,361.301,
420944.771,,324.802,358.022,
421011.428,,324.473,358.005,
421078.085,,325.492,352.193,
421144.748,,325.020,349.623,
421211.399,,325.130,349.937,
421278.058,,325.809,349.880,
421344.715,,325.449,346.925,
421411.378,,327.990,343.179,
421478.035,,323.928,342.228,
421544.694,,325.886,343.771,
421611.348,,325.881,344.113,
421678.008,,326.220,344.516,
421744.667,,325.885,343.175,
421811.321,,325.372,339.408,
421877.984,,325.647,340.947,
421944.641,,325.140,336.499,
422011.297,,323.714,334.189,
422077.954,,327.258,338.641,
422144.611,,328.621,333.377,
422211.272,,326.529,332.662,
422277.928,,327.640,333.026,
422344.585,,326.710,333.361,
422411.241,,327.549,334.719,
422477.900,,328.318,332.485,
422544.561,,326.461,335.972,
422611.221,,326.383,338.627,
422677.874,,324.700,338.082,
422744.533,,326.041,337.709,
422811.193,,325.863,339.897,
422877.853,,328.179,337.832,
422944.508,,327.950,340.513,
423011.169,,326.318,337.328,
423077.821,,326.137,340.990,
423144.479,,327.146,346.825,
423211.141,,327.043,347.235,
423277.801,,330.061,352.814,
423344.459,,329.529,355.735,
423411.113,,328.206,353.662,
423477.772,,326.059,358.679,
423544.432,,328.896,361.990,
423611.084,,327.958,361.286,
423677.748,,328.788,352.760,
423744.405,,326.199,355.340,
423811.064,,326.259,355.864,
423877.719,,325.639,349.706,
423944.376,,327.766,353.475,
424011.036,,327.323,355.708,
424077.696,,324.676,355.124,
424144.353,,326.848,354.908,
424211.010,,327.946,349.133,
424277.674,,325.628,345.933,
424344.328,,327.824,347.087,
424410.988,,327.459,346.336,
424477.646,,327.505,347.803,
424544.308,,328.506,347.562,
424610.966,,327.927,354.778,
424677.628,,330.470,352.360,
424744.282,,329.650,348.814,
424810.940,,329.284,341.403,
424877.601,,328.477,341.470,
424944.263,,328.024,340.092,
425010.918,,326.761,341.104,
425077.575,,328.424,342.503,
425144.234,,328.169,345.037,
425210.899,,326.876,351.317,
425277.555,,329.541,350.216,
425344.214,,328.000,349.062,
425410.872,,327.784,348.435,
425477.528,,330.006,339.928,
425544.187,,326.528,338.590,
425610.847,,326.603,337.845,
425677.507,,327.420,337.572,
425744.168,,327.038,333.705,
425810.824,,328.137,339.921,
425877.482,,327.189,339.283,
425944.140,,328.849,340.115,
426010.800,,327.969,338.771,
426077.461,,330.385,337.025,
426144.118,,329.884,339.431,
426210.780,,330.585,337.886,
426277.440,,330.101,335.607,
426344.097,,331.823,333.554,
426410.757,,329.717,334.706,
426477.416,,329.476,340.329,
426544.075,,326.927,343.499,
426610.730,,325.541,348.338,
426677.393,,328.364,345.822,
426744.048,,325.696,341.645,
426810.705,,327.595,339.654,
426877.364,,328.671,336.698,
426944.026,,329.695,333.767,
427010.684,,324.786,334.278,
427077.341,,328.592,337.363,
427144.004,,327.295,338.650,
427210.663,,327.124,339.097,
427277.321,,330.762,342.211,
427343.981,,329.211,342.489,
427410.638,,326.191,345.483,
427477.294,,327.591,344.979,
427543.958,,327.355,346.430,
427610.614,,329.970,351.213,
427677.271,,330.541,356.209,
427743.933,,329.813,348.487,
427810.593,,329.777,351.387,
427877.249,,331.266,357.832,
427943.907,,332.922,359.757,
428010.567,,331.997,353.194,
428077.227,,330.007,352.499,
428143.881,,329.033,348.430,
428210.542,,328.504,344.436,
428277.200,,327.188,343.859,
428343.862,,326.504,340.719,
428410.519,,327.692,339.552,
428477.175,,329.077,337.246,
428543.838,,328.659,339.374,
428610.499,,330.114,335.766,
428677.154,,329.081,334.006,
428743.814,,327.374,329.326,
428810.473,,326.004,331.957,
428877.132,,326.447,334.482,
428943.788,,328.091,336.982,
429010.452,,328.165,338.072,
429077.111,,326.214,335.039,
429143.768,,326.425,333.689,
429210.425,,326.620,336.273,
429277.085,,326.023,340.307,
429343.745,,327.836,340.073,
429410.404,,324.654,341.491,
429477.065,,326.816,342.823,
429543.719,,325.739,344.496,
429610.381,,326.949,343.297,
429677.041,,327.516,344.731,
429743.696,,327.643,344.169,
429810.359,,327.415,346.999,
429877.013,,326.357,353.944,
429943.671,,327.144,353.682,
430010.329,,326.591,348.684,
430076.991,,326.734,348.643,
430143.650,,327.059,348.533,
430210.309,,327.657,349.517,
430276.966,,328.085,353.486,
430343.626,,326.392,354.177,
430410.282,,326.605,349.758,
430476.945,,328.034,345.516,
430543.600,,328.147,341.341,
430610.262,,327.292,340.992,
430676.923,,326.782,341.194,
430743.579,,327.661,340.863,
430810.240,,328.153,342.042,
430876.898,,327.089,351.330,
430943.555,,326.838,360.964,
431010.216,,327.543,381.527,
431076.877,,327.270,388.886,
431143.534,,326.809,386.687,
431210.192,,327.304,382.484,
431276.851,,326.219,377.827,
431343.511,,326.725,374.607,
431410.165,,326.096,366.572,
431476.830,,326.996,358.969,
431543.485,,326.001,355.358,
431610.144,,326.609,352.478,
431676.806,,326.561,351.057,
431743.465,,326.407,350.305,
431810.125,,326.548,353.398,
431876.779,,325.767,358.730,
431943.437,,326.125,360.738,
432010.094,,326.523,359.613,
432076.748,,326.778,353.897,
432143.411,,326.008,349.938,
432210.065,,326.790,348.879,
432276.726,,326.802,351.209,
432343.378,,326.246,351.972,
432410.034,,327.069,355.328,
432476.695,,326.547,354.460,
432543.351,,326.721,349.415,
432610.007,,325.638,346.202,
432676.667,,327.007,345.305,
432743.321,,327.120,346.740,
432809.978,,325.898,343.641,
432876.640,,326.456,339.279,
432943.294,,324.350,341.695,
433009.947,,326.718,346.859,
433076.607,,329.535,343.250,
433143.267,,326.793,346.389,
433209.921,,327.566,346.996,
433276.577,,326.086,341.592,
433343.237,,326.842,344.664,
433409.896,,327.259,334.868,
433476.548,,321.428,334.941,
433543.206,,327.105,338.671,
433609.865,,326.345,332.286,
433676.524,,328.382,345.982,
433743.175,,329.399,345.643,
433809.835,,326.158,343.823,
433876.491,,330.224,346.347,
433943.148,,327.937,347.840,
434009.810,,328.834,354.405,
434076.465,,331.318,357.802,
434143.124,,326.260,357.168,
434209.778,,324.037,361.246,
434276.432,,324.948,359.841,
434343.095,,326.254,362.234,
434409.746,,328.163,358.830,
434476.406,,326.354,354.518,
434543.063,,329.408,351.692,
434609.724,,327.886,347.475,
434676.377,,328.746,350.783,
434743.036,,327.957,344.915,
434809.692,,326.771,343.299,
434876.350,,330.085,341.627,
434943.007,,329.014,336.805,
435009.664,,327.265,335.613,
435076.318,,327.522,336.361,
435142.972,,327.046,343.672,
435209.631,,327.712,345.716,
435276.293,,327.120,344.292,
435342.948,,327.344,346.354,
435409.606,,326.851,349.554,
435476.262,,324.685,347.723,
435542.920,,327.128,349.898,
435609.575,,329.088,342.332,
435676.236,,327.490,343.784,
435742.893,,326.175,347.414,
435809.546,,326.897,349.184,
435876.206,,326.946,348.932,
435942.862,,327.007,345.010,
436009.519,,326.084,343.492,
436076.179,,326.006,341.196,
436142.834,,326.520,340.061,
436209.488,,326.565,337.993,
436276.147,,326.800,335.643,
436342.803,,325.551,336.298,
436409.462,,326.241,336.812,
436476.119,,326.230,338.173,
436542.775,,326.275,338.648,
436609.434,,325.759,345.062,
436676.093,,325.441,347.123,
436742.750,,326.842,347.034,
436809.404,,326.900,348.442,
436876.062,,326.527,348.695,
436942.718,,326.959,347.360,
437009.376,,326.916,348.430,
437076.031,,326.809,348.218,
437142.687,,330.487,351.281,
437209.344,,330.039,355.880,
437276.006,,330.852,360.920,
437342.659,,330.474,362.412,
437409.322,,328.142,366.311,
437475.974,,326.661,364.379,
437542.630,,327.561,366.110,
437609.290,,328.595,370.887,
437675.950,,326.357,380.924,
437742.603,,325.584,388.982,
437809.263,,323.822,384.114,
437875.919,,325.497,373.241,
437942.574,,324.918,364.841,
438009.233,,324.833,360.124,
438075.890,,325.427,360.854,
438142.544,,326.828,363.832,
438209.203,,328.646,365.101,
438275.862,,326.718,359.062,
438342.518,,325.489,350.545,
438409.177,,325.014,348.415,
438475.835,,326.637,344.367,
438542.492,,323.838,339.335,
438609.144,,325.446,337.227,
438675.802,,323.210,334.383,
438742.463,,325.234,338.546,
438809.117,,323.027,332.718,
438875.776,,325.931,336.979,
438942.433,,326.693,335.092,
439009.087,,324.234,337.681,
439075.744,,328.024,334.603,
439142.405,,324.134,332.256,
439209.057,,324.083,331.841,
439275.718,,325.827,339.277,
439342.376,,328.135,369.967,
439409.028,,329.466,377.272,
439475.690,,328.062,376.169,
439542.345,,329.449,390.181,
439609.000,,326.001,393.205,
439675.658,,324.587,394.730,
439742.313,,325.030,390.512,
439808.974,,325.503,379.308,
439875.631,,323.852,377.564,
439942.287,,325.224,373.236,
440008.950,,324.432,364.301,
440075.606,,326.245,365.277,
440142.261,,327.530,358.675,
440208.919,,325.182,358.267,
440275.578,,325.971,353.505,
440342.235,,325.207,350.915,
440408.897,,325.690,351.598,
440475.551,,325.455,347.050,
440542.209,,325.799,346.207,
440608.869,,325.587,348.234,
440675.531,,326.332,350.078,
440742.186,,327.625,356.704,
440808.843,,326.881,353.973,
440875.500,,327.977,353.736,
440942.163,,327.464,351.471,
441008.820,,327.423,350.204,
441075.475,,326.871,352.279,
441142.138,,326.939,357.122,
441208.794,,326.261,356.907,
441275.452,,326.516,360.063,
441342.108,,326.278,366.669,
441408.764,,326.228,365.055,
441475.428,,326.157,362.270,
441542.087,,325.692,354.212,
441608.741,,325.280,349.779,
441675.401,,326.090,348.339,
441742.057,,328.161,345.259,
441808.720,,326.389,349.354,
441875.377,,326.770,350.481,
441942.035,,325.972,349.002,
442008.693,,326.502,347.149,
442075.351,,326.020,345.744,
442142.008,,326.359,344.452,
442208.666,,325.411,347.314,
442275.324,,328.880,353.594,
442341.985,,327.596,354.044,
442408.643,,327.491,349.662,
442475.300,,325.825,344.699,
442541.957,,326.613,342.814,
442608.613,,326.666,344.250,
442675.270,,326.670,345.009,
442741.927,,327.028,341.936,
442808.589,,326.375,338.478,
442875.245,,327.651,338.400,
442941.905,,328.117,339.070,
443008.562,,327.352,339.965,
443075.219,,327.670,340.658,
443141.877,,327.156,339.733,
443208.537,,327.555,339.988,
443275.196,,326.889,340.418,
443341.854,,327.735,337.879,
443408.514,,326.165,335.759,
443475.171,,326.607,335.580,
443541.826,,327.940,336.869,
443608.484,,328.432,335.778,
443675.144,,327.921,335.883,
443741.806,,327.645,337.230,
443808.458,,327.561,341.087,
443875.121,,329.370,346.062,
443941.777,,327.841,346.798,
444008.433,,328.651,349.219,
444075.092,,326.118,345.479,
444141.755,,325.731,343.436,
444208.410,,324.981,342.075,
444275.066,,324.503,344.227,
444341.727,,326.444,344.658,
444408.383,,326.702,342.299,
444475.043,,325.041,338.019,
444541.699,,325.383,337.127,
444608.361,,324.764,337.867,
444675.015,,324.796,337.543,
444741.674,,325.469,336.195,
444808.332,,325.560,335.288,
444874.989,,325.945,334.056,
444941.648,,328.067,334.126,
445008.310,,328.841,339.176,
445074.967,,329.997,353.923,
445141.621,,328.456,364.317,
445208.286,,328.690,365.757,
445274.941,,329.046,362.350,
445341.597,,329.739,366.884,
445408.255,,328.526,366.176,
445474.917,,328.089,364.363,
445541.573,,328.939,364.687,
445608.230,,329.567,375.908,
445674.892,,329.134,375.020,
445741.546,,329.372,367.600,
445808.208,,328.786,357.670,
445874.862,,328.495,351.577,
445941.524,,330.052,350.523,
446008.183,,331.268,348.905,
446074.842,,332.453,345.811,
446141.500,,330.494,344.791,
446208.155,,328.950,345.973,
446274.812,,328.530,348.616,
446341.470,,329.387,351.777,
446408.129,,329.931,356.203,
446474.787,,330.169,361.079,
446541.444,,327.874,361.396,
446608.105,,329.388,358.057,
446674.762,,329.694,358.339,
446741.424,,330.426,362.407,
446808.079,,328.795,362.457,
446874.740,,329.827,363.384,
446941.398,,328.319,370.221,
447008.055,,329.046,367.562,
447074.708,,327.633,364.768,
447141.367,,327.860,359.892,
447208.031,,328.089,354.727,
447274.683,,327.018,348.831,
447341.347,,324.340,346.203,
447408.005,,327.874,351.274,
447474.665,,328.241,356.979,
447541.317,,328.582,361.974,
447607.977,,328.422,365.119,
447674.638,,327.972,360.113,
447741.296,,327.952,356.959,
447807.954,,327.643,352.134,
447874.611,,328.951,346.992,
447941.265,,328.228,341.564,
448007.929,,328.215,337.703,
448074.585,,328.635,340.154,
448141.243,,330.995,340.639,
448207.899,,329.997,339.934,
448274.561,,331.184,345.849,
448341.218,,332.091,348.739,
448407.874,,331.031,360.672,
448474.530,,331.276,370.806,
448541.191,,331.498,375.461,
448607.849,,331.301,374.021,
448674.508,,330.998,377.995,
448741.167,,330.418,374.824,
448807.827,,330.851,373.063,
448874.481,,331.136,372.498,
448941.142,,330.514,367.582,
449007.796,,330.391,364.117,
449074.458,,330.648,362.182,
449141.113,,331.115,357.528,
449207.774,,332.005,351.235,
449274.430,,328.208,346.370,
449341.093,,330.448,353.934,
449407.748,,333.092,358.489,
449474.404,,331.675,366.892,
449541.065,,331.472,370.647,
449607.723,,327.622,362.571,
449674.379,,328.121,361.076,
449741.041,,327.568,355.778,
449807.701,,328.424,353.601,
449874.357,,326.976,351.681,
449941.017,,327.176,349.139,
450007.669,,327.719,347.582,
450074.329,,330.193,342.723,
450140.992,,329.058,340.179,
450207.648,,329.597,336.481,
450274.305,,328.172,334.515,
450340.966,,328.135,332.704,
450407.623,,330.134,331.845,
450474.284,,329.403,332.153,
450540.941,,328.514,334.752,
450607.595,,326.916,348.347,
450674.253,,328.651,356.439,
450740.916,,328.950,369.637,
450807.569,,328.908,379.730,
450874.231,,328.807,376.885,
450940.887,,328.815,374.044,
451007.548,,327.697,366.306,
451074.206,,328.654,358.810,
451140.864,,327.570,352.107,
451207.523,,327.239,348.313,
451274.177,,328.052,348.848,
451340.839,,328.171,348.377,
451407.494,,328.495,344.040,
451474.154,,328.637,340.810,
451540.809,,329.258,338.085,
451607.473,,328.977,336.254,
451674.127,,329.245,339.847,
451740.786,,328.795,343.849,
451807.447,,328.752,346.451,
451874.106,,329.708,346.796,
451940.758,,329.311,345.099,
452007.417,,329.598,344.392,
452074.077,,327.742,344.538,
452140.736,,329.068,351.995,
452207.391,,328.304,357.549,
452274.052,,329.090,361.106,
452340.711,,328.598,357.197,
452407.371,,328.172,351.823,
452474.029,,328.713,346.983,
452540.687,,327.254,341.086,
452607.342,,326.743,336.757,
452674.005,,328.255,335.377,
452740.659,,328.150,332.574,
452807.318,,327.800,329.977,
452873.980,,328.550,330.717,
452940.634,,327.692,329.817,
453007.293,,329.924,328.911,
453073.950,,329.996,326.809,
453140.606,,328.763,327.433,
453207.264,,327.475,330.502,
453273.923,,329.475,329.590,
453340.587,,330.864,331.808,
453407.242,,329.450,332.321,
453473.898,,329.838,331.665,
453540.556,,332.168,335.160,
453607.214,,331.515,342.969,
453673.875,,331.677,340.224,
453740.530,,326.737,336.716,
453807.190,,326.611,333.622,
453873.847,,326.086,332.090,
453940.508,,326.505,330.702,
454007.167,,329.329,336.223,
454073.824,,329.693,338.224,
454140.482,,329.936,341.008,
454207.144,,329.407,339.037,
454273.801,,328.394,338.404,
454340.460,,327.980,336.613,
454407.114,,329.480,336.261,
454473.775,,327.399,334.315,
454540.431,,326.808,336.171,
454607.093,,327.920,335.847,
454673.749,,326.650,335.395,
454740.404,,326.187,332.663,
454807.066,,326.268,332.517,
454873.724,,325.366,331.724,
454940.384,,326.709,332.071,
455007.039,,327.135,330.227,
455073.695,,326.762,329.572,
455140.357,,326.748,327.420,
455207.017,,326.889,329.894,
455273.672,,327.838,332.167,
455340.329,,329.020,335.492,
455406.986,,328.738,338.091,
455473.645,,328.439,341.083,
455540.303,,328.825,342.788,
455606.962,,330.135,340.303,
455673.625,,327.577,343.278,
455740.278,,326.896,343.342,
455806.940,,327.906,345.527,
455873.599,,327.733,349.650,
455940.257,,330.024,352.141,
456006.913,,329.358,350.938,
456073.568,,327.838,351.280,
456140.226,,329.170,349.365,
456206.882,,331.402,352.201,
456273.541,,331.060,351.697,
456340.197,,330.445,348.813,
456406.854,,329.710,350.923,
456473.512,,329.662,354.789,
456540.171,,332.085,357.695,
456606.832,,331.641,356.229,
456673.486,,329.720,354.421,
456740.146,,329.507,357.038,
456806.801,,331.805,363.313,
456873.459,,333.857,368.237,
456940.117,,333.721,370.270,
457006.770,,330.842,367.941,
457073.430,,329.794,365.193,
457140.088,,326.916,363.295,
457206.744,,326.360,362.669,
457273.406,,325.950,359.205,
457340.060,,326.848,355.404,
457406.718,,326.087,349.437,
457473.377,,328.174,340.981,
457540.033,,327.769,339.389,
457606.690,,326.469,339.080,
457673.350,,328.212,338.872,
457740.003,,326.211,338.937,
457806.661,,327.411,336.786,
457873.323,,327.213,338.025,
457939.978,,326.320,337.385,
458006.631,,326.298,340.602,
458073.292,,327.499,338.660,
458139.950,,325.178,336.309,
458206.607,,324.191,335.610,
458273.267,,323.573,334.013,
458339.921,,322.436,335.976,
458406.576,,323.110,336.961,
458473.234,,324.879,334.977,
458539.897,,323.989,332.747,
458606.550,,324.278,330.823,
458673.212,,323.701,330.617,
458739.868,,324.497,333.287,
458806.522,,326.832,334.718,
458873.179,,325.295,336.139,
458939.841,,326.778,339.648,
459006.495,,326.736,340.262,
459073.155,,324.732,339.933,
459139.814,,325.006,338.966,
459206.465,,326.359,341.868,
459273.128,,326.405,339.594,
459339.779,,326.473,337.152,
459406.438,,326.311,334.872,
459473.097,,326.332,333.977,
459539.752,,326.498,331.745,
459606.412,,326.768,328.538,
459673.068,,326.641,328.082,
459739.731,,326.743,328.462,
459806.383,,328.036,329.488,
459873.040,,326.286,332.648,
459939.700,,326.233,334.940,
460006.356,,328.853,333.123,
460073.012,,327.728,332.802,
460139.670,,325.447,333.587,
460206.326,,325.240,333.899,
460272.990,,324.604,335.311,
460339.644,,324.020,334.175,
460406.298,,326.680,335.448,
460472.957,,328.460,336.421,
460539.616,,326.162,333.245,
460606.275,,324.130,336.089,
460672.932,,324.361,342.337,
460739.589,,325.958,341.086,
460806.249,,324.614,343.115,
460872.901,,324.307,349.171,
460939.563,,324.530,354.306,
461006.222,,326.507,358.250,
461072.877,,327.471,355.932,
461139.531,,328.316,354.952,
461206.193,,328.264,349.595,
461272.851,,327.174,349.696,
461339.506,,327.340,349.854,
461406.164,,328.630,348.177,
461472.824,,328.420,349.086,
461539.477,,328.639,351.125,
461606.137,,327.202,348.789,
461672.790,,326.796,349.097,
461739.449,,325.246,346.916,
461806.106,,325.782,347.376,
461872.765,,327.596,347.728,
461939.419,,328.126,348.016,
462006.077,,326.970,349.969,
462072.736,,326.765,347.186,
462139.392,,328.100,343.234,
462206.052,,327.497,342.606,
462272.710,,328.266,345.637,
462339.364,,329.650,345.334,
462406.021,,330.788,343.026,
462472.683,,331.376,343.548,
462539.338,,329.764,343.721,
462605.994,,328.873,337.788,
462672.652,,325.020,334.432,
462739.310,,325.888,335.634,
462805.970,,327.477,334.041,
462872.626,,328.496,342.372,
462939.282,,327.421,350.869,
463005.943,,327.032,363.437,
463072.600,,327.197,380.387,
463139.255,,336.985,399.783,
463205.911,,333.401,392.914,
463272.570,,328.341,394.485,
463339.229,,327.120,393.930,
463405.887,,327.927,390.721,
463472.543,,327.268,384.069,
463539.198,,328.073,377.306,
463605.860,,330.524,369.010,
463672.518,,329.595,361.314,
463739.171,,329.712,350.319,
463805.827,,326.385,353.268,
463872.484,,330.128,353.537,
463939.141,,331.235,351.894,
464005.801,,333.213,346.238,
464072.461,,330.917,341.445,
464139.118,,329.228,339.193,
464205.773,,327.900,336.252,
464272.432,,327.314,334.758,
464339.089,,329.026,333.432,
464405.747,,328.497,331.043,
464472.404,,328.102,329.994,
464539.064,,327.808,327.971,
464605.722,,327.439,329.078,
464672.378,,328.114,327.601,
464739.035,,327.012,328.942,
464805.693,,327.712,330.354,
464872.352,,325.950,331.369,
464939.006,,326.195,330.546,
465005.662,,325.273,331.543,
465072.321,,326.076,339.088,
465138.980,,328.069,343.314,
465205.638,,325.724,344.712,
465272.295,,326.104,346.568,
465338.951,,328.982,344.365,
465405.609,,327.496,337.713,
465472.263,,325.958,335.268,
465538.922,,326.077,335.280,
465605.584,,325.825,337.939,
465672.238,,325.975,346.271,
465738.894,,325.426,356.524,
465805.551,,326.189,360.242,
465872.213,,325.943,355.309,
465938.869,,325.946,350.713,
466005.529,,326.389,346.753,
466072.182,,326.302,345.267,
466138.839,,326.663,347.187,
466205.498,,326.173,344.277,
466272.156,,326.220,345.378,
466338.810,,326.370,348.719,
466405.471,,326.720,355.479,
466472.128,,326.025,373.487,
466538.782,,325.540,367.882,
466605.445,,325.346,358.901,
466672.103,,327.344,352.982,
466738.756,,327.415,350.101,
466805.416,,326.783,350.357,
466872.071,,327.568,351.327,
466938.732,,327.484,349.334,
467005.389,,327.640,348.456,
467072.045,,326.544,348.950,
467138.699,,326.264,350.542,
467205.361,,325.798,355.159,
467272.018,,326.249,353.722,
467338.677,,327.331,349.958,
467405.334,,326.683,351.981,
467471.990,,326.282,361.840,
467538.646,,326.211,378.559,
467605.306,,324.697,375.596,
467671.959,,325.173,366.415,
467738.617,,324.802,359.884,
467805.274,,326.876,359.209,
467871.934,,329.202,361.087,
467938.590,,329.804,365.023,
468005.247,,331.283,368.583,
468071.904,,330.823,360.578,
468138.561,,327.444,357.056,
468205.221,,328.068,357.428,
468271.876,,329.477,358.582,
468338.540,,330.642,365.449,
468405.196,,328.692,367.727,
468471.849,,326.530,364.351,
468538.511,,328.827,362.530,
468605.165,,328.712,368.255,
468671.827,,329.045,379.661,
468738.481,,332.546,382.695,
468805.141,,331.482,376.908,
468871.796,,330.595,369.620,
468938.450,,331.065,366.920,
469005.110,,331.157,365.166,
469071.768,,331.442,360.333,
469138.426,,330.998,359.537,
469205.085,,332.739,355.342,
469271.738,,331.827,352.763,
469338.400,,331.572,350.439,
469405.057,,330.965,350.255,
469471.713,,330.099,349.317,
469538.370,,330.433,346.002,
469605.029,,330.089,338.775,
469671.688,,325.155,340.556,
469738.341,,327.096,339.677,
469804.999,,327.085,342.123,
469871.661,,326.819,344.669,
469938.316,,326.738,345.935,
470004.969,,327.234,352.099,
470071.633,,327.975,355.993,
470138.287,,327.964,355.550,
470204.941,,327.279,358.078,
470271.603,,326.925,357.046,
470338.259,,326.657,360.417,
470404.914,,326.836,368.584,
470471.576,,327.305,369.705,
470538.229,,327.798,369.756,
470604.889,,326.720,364.991,
470671.546,,325.626,360.347,
470738.203,,326.025,361.814,
470804.862,,325.495,368.645,
470871.519,,326.912,369.702,
470938.174,,327.278,365.399,
471004.832,,328.632,359.912,
471071.491,,328.362,355.648,
471138.146,,328.935,354.079,
471204.805,,328.964,354.553,
471271.466,,328.062,356.070,
471338.124,,328.313,354.710,
471404.777,,325.759,351.223,
471471.434,,326.823,348.701,
471538.094,,326.668,344.477,
471604.753,,325.861,343.883,
471671.406,,326.399,341.144,
471738.066,,326.370,343.790,
471804.727,,325.577,342.825,
471871.381,,326.717,338.925,
471938.038,,327.549,336.283,
472004.701,,327.430,334.308,
472071.358,,327.336,332.560,
472138.019,,326.780,334.914,
472204.676,,328.337,334.308,
472271.336,,325.993,337.390,
472337.992,,326.957,342.389,
472404.651,,326.969,343.326,
472471.308,,326.860,344.904,
472537.968,,326.792,346.140,
472604.630,,327.003,345.047,
472671.290,,326.332,345.519,
472737.948,,326.776,345.557,
472804.606,,326.103,349.016,
472871.263,,328.004,358.733,
472937.923,,326.668,357.389,
473004.582,,325.375,351.499,
473071.238,,326.139,351.233,
473137.895,,326.029,353.583,
473204.557,,325.735,351.988,
473271.213,,326.250,350.189,
473337.873,,327.084,349.260,
473404.536,,327.607,343.475,
473471.191,,327.456,341.488,
473537.851,,327.765,344.475,
473604.511,,327.016,343.802,
473671.167,,327.971,340.523,
473737.829,,330.156,341.641,
473804.489,,327.571,339.950,
473871.144,,326.036,346.136,
473937.804,,329.196,349.916,
474004.466,,328.393,352.100,
474071.123,,328.824,352.041,
474137.781,,330.188,346.261,
474204.438,,327.635,342.298,
474271.100,,326.945,340.395,
474337.757,,325.970,341.050,
474404.415,,325.925,340.630,
474471.078,,326.967,341.524,
474537.737,,326.397,339.756,
474604.393,,329.047,338.002,
474671.049,,327.131,337.029,
474737.712,,326.455,336.058,
474804.369,,325.980,334.539,
474871.031,,326.753,333.530,
474937.690,,326.441,330.912,
475004.343,,327.270,329.840,
475071.007,,327.211,330.003,
475137.661,,326.828,329.186,
475204.322,,326.738,332.277,
475270.980,,326.232,336.945,
475337.638,,327.112,338.852,
475404.297,,327.819,344.592,
475470.956,,328.054,347.044,
475537.620,,329.204,355.714,
475604.278,,329.965,354.508,
475670.935,,327.789,352.744,
475737.592,,329.921,346.912,
475804.251,,327.060,336.554,
475870.911,,326.841,334.442,
475937.568,,327.142,330.251,
476004.226,,326.706,329.094,
476070.889,,326.022,329.746,
476137.549,,327.202,330.129,
476204.204,,326.062,334.798,
476270.865,,326.615,339.359,
476337.521,,327.538,340.618,
476404.182,,326.306,340.992,
476470.840,,325.322,346.620,
476537.496,,327.700,345.539,
476604.160,,327.849,341.647,
476670.818,,328.189,343.490,
476737.476,,332.535,346.491,
476804.137,,332.850,345.869,
476870.794,,330.839,345.945,
476937.449,,329.789,350.992,
477004.112,,332.616,359.987,
477070.768,,334.496,365.693,
477137.430,,329.092,371.269,
477204.091,,326.664,382.291,
477270.746,,326.744,396.369,
477337.404,,326.361,404.612,
477404.061,,326.361,405.149,
477470.726,,326.623,397.131,
477537.381,,325.731,382.759,
477604.041,,325.575,373.620,
477670.699,,326.404,363.747,
477737.356,,325.365,357.624,
477804.014,,325.735,359.403,
477870.674,,326.246,359.115,
477937.333,,326.846,356.833,
478003.994,,326.029,356.861,
478070.656,,327.570,359.456,
478137.309,,328.874,356.951,
478203.970,,329.511,355.858,
478270.631,,327.805,350.065,
478337.289,,328.022,346.270,
478403.944,,327.627,345.424,
478470.607,,328.666,346.320,
478537.263,,328.907,346.136,
478603.921,,327.684,346.880,
478670.579,,326.939,346.373,
478737.241,,325.552,345.477,
478803.901,,324.140,342.852,
478870.559,,322.372,340.678,
478937.219,,324.033,338.291,
479003.874,,326.599,337.838,
479070.533,,324.858,335.796,
479137.192,,323.709,335.670,
479203.852,,325.903,337.676,
479270.513,,325.350,339.647,
479337.169,,325.152,338.041,
479403.830,,324.950,336.784,
479470.486,,325.992,338.464,
479537.147,,325.390,338.845,
479603.804,,326.319,339.936,
479670.462,,326.867,338.120,
479737.122,,325.560,334.348,
479803.781,,324.640,332.701,
479870.440,,324.630,331.018,
479937.102,,324.093,330.939,
480003.756,,325.899,330.959,
480070.416,,326.326,331.294,
480137.079,,325.671,330.773,
480203.737,,323.671,332.015,
480270.389,,325.416,334.448,
480337.053,,325.397,339.364,
480403.707,,324.564,343.774,
480470.363,,324.390,348.012,
480537.023,,325.022,349.293,
480603.686,,325.907,350.943,
480670.345,,325.201,350.535,
480736.999,,324.862,354.266,
480803.658,,325.092,355.924,
480870.319,,325.725,354.121,
480936.978,,326.687,349.977,
481003.634,,326.653,344.363,
481070.295,,327.562,338.546,
481136.951,,325.773,337.406,
481203.606,,327.256,337.559,
481270.265,,327.690,337.352,
481336.926,,327.506,335.512,
481403.584,,325.934,335.473,
481470.239,,326.277,334.214,
481536.900,,326.106,335.845,
481603.560,,326.081,345.347,
481670.214,,326.062,348.313,
481736.878,,325.165,346.599,
481803.536,,325.674,346.324,
481870.191,,326.198,344.959,
481936.851,,326.342,342.063,
482003.509,,324.945,339.483,
482070.167,,326.161,338.822,
482136.828,,324.555,335.407,
482203.483,,326.299,335.024,
482270.143,,325.592,330.140,
482336.803,,326.240,331.099,
482403.460,,325.811,331.536,
482470.118,,328.599,334.787,
482536.776,,327.688,342.882,
482603.436,,327.070,346.175,
482670.092,,325.913,349.395,
482736.746,,326.078,349.387,
482803.406,,326.460,349.255,
482870.065,,326.214,351.328,
482936.727,,325.061,349.158,
483003.381,,325.603,348.346,
483070.041,,326.082,344.039,
483136.698,,325.634,340.259,
483203.354,,327.113,335.790,
483270.013,,327.594,336.462,
483336.673,,326.937,334.382,
483403.335,,325.902,335.143,
483469.988,,325.010,341.432,
483536.652,,325.581,341.323,
483603.309,,324.945,343.684,
483669.963,,325.925,344.440,
483736.624,,326.062,343.546,
483803.283,,324.954,342.832,
483869.944,,325.493,349.771,
483936.599,,327.915,348.554,
484003.257,,327.819,342.156,
484069.915,,327.948,343.292,
484136.573,,328.998,344.880,
484203.234,,329.517,346.244,
484269.889,,328.253,350.361,
484336.551,,324.226,363.332,
484403.211,,324.423,372.415,
484469.865,,324.659,372.281,
484536.526,,325.627,366.426,
484603.186,,325.850,360.993,
484669.841,,325.226,355.218,
484736.502,,325.657,354.129,
484803.155,,327.544,354.912,
484869.814,,327.357,351.269,
484936.477,,327.997,348.026,
485003.132,,325.127,340.684,
485069.791,,324.345,340.771,
485136.449,,326.862,341.172,
485203.106,,325.179,343.138,
485269.762,,325.189,344.555,
485336.425,,326.180,345.820,
485403.085,,326.069,343.849,
485469.741,,325.905,343.050,
485536.401,,326.328,341.084,
485603.054,,327.224,337.898,
485669.717,,327.839,331.781,
485736.371,,325.351,328.445,
485803.035,,325.407,325.800,
485869.690,,324.962,326.127,
485936.348,,325.829,325.474,
486003.010,,325.788,322.590,
486069.666,,326.907,324.503,
486136.327,,326.864,327.028,
486202.979,,328.190,331.472,
486269.644,,329.678,338.000,
486336.297,,328.967,343.583,
486402.960,,327.281,348.697,
486469.614,,326.436,356.782,
486536.273,,326.834,368.081,
486602.932,,326.257,374.169,
486669.593,,325.787,383.453,
486736.252,,325.565,385.447,
486802.906,,325.626,377.855,
486869.565,,326.762,375.717,
486936.224,,327.718,377.931,
487002.881,,325.956,371.728,
487069.540,,326.207,373.183,
487136.195,,325.293,368.603,
487202.856,,326.231,369.128,
487269.514,,325.486,368.873,
487336.176,,326.659,374.196,
487402.829,,326.327,375.242,
487469.489,,325.941,372.829,
487536.149,,324.149,373.901,
487602.810,,325.635,373.326,
487669.462,,325.261,377.919,
487736.122,,325.293,377.606,
487802.784,,324.793,368.356,
487869.437,,325.672,364.444,
487936.096,,325.427,364.209,
488002.753,,325.728,364.508,
488069.410,,326.508,357.908,
488136.072,,325.099,353.145,
488202.729,,326.222,347.717,
488269.385,,325.288,344.328,
488336.047,,326.332,343.661,
488402.704,,326.134,340.468,
488469.359,,324.825,340.413,
488536.019,,325.878,338.745,
488602.678,,324.875,338.961,
488669.335,,324.722,337.317,
488735.995,,323.856,338.517,
488802.649,,325.322,340.560,
488869.304,,324.893,340.159,
488935.962,,325.123,339.702,
489002.625,,326.027,338.590,
489069.284,,326.143,338.463,
489135.939,,326.483,339.758,
489202.597,,325.583,344.637,
489269.251,,327.527,350.562,
489335.908,,326.149,352.463,
489402.572,,326.037,348.513,
489469.226,,324.294,346.784,
489535.883,,325.322,352.622,
489602.546,,325.342,356.043,
489669.201,,325.555,364.249,
489735.858,,321.871,355.038,
489802.513,,319.064,358.748,
489869.176,,316.506,362.040,
489935.832,,317.696,358.281,
490002.488,,319.715,361.211,
490069.144,,317.466,371.081,
490135.806,,318.319,371.778,
490202.463,,321.610,381.172,
490269.119,,318.002,383.376,
490335.778,,323.201,383.425,
490402.439,,322.286,385.451,
490469.096,,323.769,381.580,
490535.751,,323.621,378.666,
490602.409,,323.630,370.731,
490669.070,,323.438,369.042,
490735.726,,323.171,375.910,
490802.383,,324.374,375.311,
490869.038,,323.871,372.770,
490935.697,,323.806,365.586,
491002.356,,322.116,359.845,
491069.017,,323.291,357.502,
491135.675,,322.572,350.315,
491202.329,,322.993,350.359,
491268.984,,323.900,351.273,
491335.646,,323.121,346.368,
491402.306,,324.102,346.861,
491468.958,,324.761,348.268,
491535.617,,324.998,347.331,
491602.279,,322.757,340.870,
491668.934,,319.735,343.096,
491735.590,,322.115,347.300,
491802.249,,324.582,346.114,
491868.907,,323.595,338.852,
491935.566,,322.967,336.252,
492002.226,,322.870,335.405,
492068.883,,321.794,332.724,
492135.537,,323.620,332.012,
492202.197,,324.948,335.975,
492268.856,,326.004,341.093,
492335.511,,326.439,350.181,
492402.172,,328.209,357.189,
492468.829,,324.241,355.309,
492535.488,,323.394,360.630,
492602.143,,326.651,361.680,
492668.799,,326.440,356.701,
492735.456,,324.303,352.542,
492802.115,,320.849,352.103,
492868.775,,323.296,354.679,
492935.429,,325.970,359.061,
493002.092,,327.758,357.637,
493068.744,,326.738,351.808,
493135.403,,325.284,346.275,
493202.063,,326.455,344.206,
493268.719,,322.765,340.385,
493335.380,,324.824,340.243,
493402.036,,324.777,340.531,
493468.696,,327.307,342.293,
493535.352,,325.401,336.989,
493602.010,,319.154,333.037,
493668.664,,320.109,332.594,
493735.325,,323.240,340.405,
493801.986,,326.251,360.326,
493868.638,,326.452,386.086,
493935.296,,326.081,386.212,
494001.958,,324.883,393.608,
494068.616,,325.518,414.667,
494135.274,,326.541,414.368,
494201.929,,325.554,405.976,
494268.588,,327.566,398.727,
494335.245,,326.086,395.162,
494401.902,,326.019,389.154,
494468.559,,327.144,381.769,
494535.222,,328.145,378.715,
494601.874,,328.000,372.266,
494668.533,,327.906,363.813,
494735.193,,327.487,361.191,
494801.852,,327.481,357.452,
494868.510,,325.724,354.474,
494935.162,,326.899,351.523,
495001.823,,326.510,351.079,
495068.480,,326.625,352.114,
495135.140,,329.751,356.397,
495201.796,,327.535,357.223,
495268.451,,327.775,357.967,
495335.114,,327.653,352.722,
495401.768,,328.647,347.413,
495468.429,,328.667,346.026,
495535.084,,329.316,342.279,
495601.742,,330.977,340.484,
495668.400,,328.368,339.071,
495735.058,,329.165,337.682,
495801.718,,328.904,339.132,
495868.373,,329.638,337.577,
495935.030,,329.442,336.316,
496001.688,,330.376,338.249,
496068.350,,328.569,337.021,
496135.006,,329.187,338.783,
496201.665,,330.655,342.162,
496268.324,,330.370,338.530,
496334.982,,329.114,336.962,
496401.637,,328.675,339.895,
496468.299,,329.733,341.122,
496534.953,,329.132,341.735,
496601.612,,328.856,342.805,
496668.273,,326.868,348.071,
496734.929,,324.670,350.631,
496801.589,,325.775,352.234,
496868.245,,328.448,348.093,
496934.904,,328.245,341.644,
497001.561,,326.219,337.367,
497068.219,,324.396,349.935,
497134.878,,325.083,358.898,
497201.536,,325.585,365.989,
497268.196,,326.098,368.492,
497334.854,,325.879,364.332,
497401.510,,324.716,355.899,
497468.170,,324.447,347.644,
497534.824,,324.215,342.966,
497601.487,,325.019,338.790,
497668.146,,325.048,337.131,
497734.800,,323.818,336.606,
497801.463,,323.930,335.233,
497868.116,,323.987,335.581,
497934.774,,323.862,334.682,
498001.434,,322.809,334.251,
498068.090,,323.107,333.304,
498134.753,,323.540,332.536,
498201.409,,323.986,335.242,
498268.065,,327.250,335.849,
498334.728,,328.789,332.896,
498401.385,,327.929,328.836,
498468.042,,325.828,327.501,
498534.697,,323.920,331.112,
498601.357,,323.833,330.101,
498668.017,,323.818,328.930,
498734.672,,324.679,327.706,
498801.328,,324.428,326.219,
498867.987,,326.460,324.323,
498934.649,,328.803,326.511,
499001.309,,327.667,332.409,
499067.965,,325.784,340.717,
499134.624,,324.429,340.670,
499201.282,,324.667,338.708,
499267.940,,324.742,338.305,
499334.596,,323.190,335.342,
499401.255,,324.454,330.667,
499467.914,,323.921,328.253,
499534.573,,324.954,329.773,
499601.227,,327.900,331.362,
499667.888,,329.997,332.664,
499734.546,,326.774,329.741,
499801.203,,326.423,331.208,
499867.865,,324.952,331.763,
499934.521,,323.133,336.313,
500001.180,,323.876,335.433,
500067.835,,324.995,333.273,
500134.493,,324.561,335.224,
500201.150,,323.939,336.129,
500267.809,,324.858,337.660,
500334.466,,324.446,342.349,
500401.125,,324.048,346.558,
500467.783,,324.800,348.000,
500534.443,,323.702,348.088,
500601.102,,324.878,347.229,
500667.761,,324.409,348.626,
500734.416,,326.501,351.518,
500801.079,,325.626,351.100,
500867.732,,326.138,346.756,
500934.389,,325.916,344.454,
501001.050,,325.918,342.506,
501067.710,,325.623,341.995,
501134.364,,325.833,341.405,
501201.021,,325.793,338.798,
501267.681,,326.307,336.492,
501334.337,,326.295,334.290,
501400.998,,328.891,333.668,
501467.654,,326.674,335.682,
501534.312,,326.776,337.211,
501600.972,,326.772,338.197,
501667.634,,326.978,337.887,
501734.288,,326.844,335.939,
501800.946,,326.964,335.187,
501867.604,,326.500,333.709,
501934.263,,324.711,330.090,
502000.919,,324.308,329.369,
502067.579,,325.495,327.826,
502134.239,,326.279,325.501,
502200.894,,326.093,323.879,
502267.552,,326.267,323.550,
502334.212,,326.405,324.193,
502400.868,,326.163,327.830,
502467.529,,324.846,333.042,
502534.184,,324.249,337.960,
502600.843,,323.703,342.868,
502667.504,,324.599,342.858,
502734.162,,324.096,342.833,
502800.817,,325.356,342.543,
502867.479,,323.558,343.860,
502934.135,,321.991,345.508,
503000.796,,322.852,343.195,
503067.452,,324.721,339.028,
503134.107,,324.531,338.883,
503200.770,,323.013,345.011,
503267.428,,323.820,347.701,
503334.086,,323.916,346.985,
503400.741,,322.912,353.841,
503467.399,,324.103,358.174,
503534.055,,323.949,356.547,
503600.719,,323.532,353.039,
503667.373,,324.682,355.518,
503734.032,,325.337,356.197,
503800.692,,324.584,359.882,
503867.349,,324.269,364.313,
503934.006,,325.063,363.863,
504000.666,,324.632,358.757,
504067.322,,323.348,356.718,
504133.980,,323.415,362.788,
504200.643,,323.844,367.682,
504267.298,,323.185,365.480,
504333.960,,324.232,357.908,
504400.617,,324.326,354.771,
504467.274,,326.459,363.555,
504533.929,,327.437,361.903,
504600.589,,326.788,359.804,
504667.252,,324.994,353.049,
504733.904,,326.185,348.549,
504800.569,,324.896,341.430,
504867.221,,324.231,341.014,
504933.883,,325.597,336.695,
505000.539,,325.322,337.329,
505067.196,,326.067,335.976,
505133.857,,325.264,331.783,
505200.513,,323.894,328.788,
505267.171,,324.700,327.929,
505333.835,,324.496,328.021,
505400.490,,324.258,327.414,
505467.146,,324.679,331.594,
505533.806,,325.032,333.729,
505600.467,,325.306,342.501,
505667.123,,323.889,346.842,
505733.780,,323.916,347.241,
505800.437,,323.048,344.333,
505867.096,,323.194,347.780,
505933.757,,322.929,348.340,
506000.417,,324.157,350.429,
506067.076,,323.724,351.304,
506133.734,,325.766,352.002,
506200.388,,325.484,346.075,
506267.051,,323.941,346.116,
506333.708,,323.192,342.659,
506400.367,,323.720,338.541,
506467.022,,325.083,337.218,
506533.680,,324.000,334.932,
506600.340,,322.743,333.496,
506666.996,,323.123,334.939,
506733.654,,325.476,334.600,
506800.316,,324.330,333.414,
506866.973,,324.035,332.225,
506933.633,,324.545,331.808,
507000.288,,325.675,332.638,
507066.950,,326.342,332.184,
507133.607,,326.140,332.990,
507200.262,,327.160,332.032,
507266.924,,325.528,330.366,
507333.582,,325.077,339.733,
507400.240,,325.357,345.014,
507466.897,,325.648,345.999,
507533.557,,325.580,343.338,
507600.217,,325.347,342.203,
507666.874,,325.434,343.912,
507733.531,,325.268,343.967,
507800.186,,325.526,339.238,
507866.850,,326.383,347.938,
507933.506,,328.762,349.799,
508000.163,,328.306,348.931,
508066.824,,329.777,344.251,
508133.483,,327.679,340.821,
508200.135,,327.652,341.031,
508266.799,,329.040,342.950,
508333.459,,328.576,344.581,
508400.111,,328.829,345.649,
508466.772,,330.155,345.624,
508533.431,,328.100,344.703,
508600.091,,327.787,341.872,
508666.749,,327.648,338.090,
508733.405,,327.727,336.623,
508800.063,,327.538,335.137,
508866.720,,327.785,336.888,
508933.383,,327.358,333.077,
509000.037,,328.241,339.692,
509066.699,,329.152,339.745,
509133.353,,322.921,352.242,
509200.011,,325.634,362.190,
509266.675,,327.956,364.276,
509333.327,,331.210,366.129,
509399.990,,328.941,357.217,
509466.645,,327.075,349.813,
509533.306,,326.737,348.361,
509599.961,,327.996,346.298,
509666.622,,328.500,345.054,
509733.278,,327.579,339.177,
509799.939,,325.807,337.599,
509866.595,,327.832,362.140,
509933.256,,327.380,373.226,
509999.916,,327.127,394.694,
510066.569,,325.446,423.791,
510133.232,,324.266,435.864,
510199.890,,324.878,441.888,
510266.543,,323.620,431.160,
510333.203,,322.312,417.936,
510399.866,,321.061,410.553,
510466.522,,320.855,407.603,
510533.182,,321.330,407.810,
510599.838,,321.507,411.042,
510666.497,,322.075,403.219,
510733.156,,321.835,399.795,
510799.809,,322.271,389.770,
510866.473,,321.614,386.019,
510933.128,,323.540,383.874,
510999.788,,325.141,388.497,
511066.442,,325.177,383.715,
511133.104,,326.988,381.807,
511199.759,,324.902,374.509,
511266.420,,326.055,372.491,
511333.076,,324.778,374.149,
511399.737,,328.311,375.001,
511466.394,,325.940,367.452,
511533.056,,325.710,361.265,
511599.710,,325.723,357.259,
511666.371,,325.172,352.570,
511733.027,,322.632,351.468,
511799.684,,322.934,351.547,
511866.348,,322.812,349.079,
511933.002,,322.863,348.999,
511999.661,,323.143,358.721,
512066.320,,320.994,360.644,
512132.975,,322.586,357.383,
512199.637,,322.811,355.867,
512266.294,,321.953,358.126,
512332.949,,321.816,354.973,
512399.608,,321.964,352.863,
512466.265,,322.043,355.401,
512532.924,,321.947,347.153,
512599.579,,322.065,344.847,
512666.243,,322.788,351.028,
512732.898,,322.599,356.065,
512799.558,,322.934,356.513,
512866.216,,322.665,360.468,
512932.874,,321.731,359.067,
512999.526,,322.889,360.705,
513066.186,,323.006,356.892,
513132.846,,323.210,359.086,
513199.504,,322.392,360.254,
513266.159,,324.061,355.961,
513332.822,,324.004,357.671,
513399.478,,323.363,355.480,
513466.138,,325.079,353.426,
513532.794,,324.325,360.771,
513599.447,,322.674,363.536,
513666.111,,324.716,367.149,
513732.767,,324.384,373.291,
513799.423,,323.471,381.490,
513866.083,,321.611,387.291,
513932.741,,322.083,381.879,
513999.401,,322.706,374.048,
514066.055,,322.841,370.605,
514132.715,,322.031,370.100,
514199.375,,323.999,364.560,
514266.032,,321.679,361.413,
514332.688,,322.043,362.978,
514399.343,,324.188,363.287,
514466.002,,322.553,358.052,
514532.661,,322.218,356.000,
514599.321,,322.871,358.597,
514665.980,,323.149,357.914,
514732.637,,318.742,357.873,
514799.295,,322.535,365.257,
514865.953,,321.798,366.414,
514932.606,,322.134,364.015,
514999.267,,322.751,356.260,
515065.923,,323.151,352.098,
515132.581,,323.234,350.150,
515199.241,,322.930,347.710,
515265.897,,323.559,348.475,
515332.558,,320.373,346.661,
515399.211,,320.605,355.229,
515465.873,,323.952,350.444,
515532.529,,319.470,350.127,
515599.184,,323.929,352.282,
515665.842,,323.261,350.814,
515732.499,,323.192,347.364,
515799.163,,323.260,344.936,
515865.815,,323.349,340.555,
515932.478,,322.485,339.742,
515999.133,,323.266,336.992,
516065.789,,321.899,336.981,
516132.450,,322.221,335.439,
516199.107,,322.072,332.910,
516265.767,,323.777,330.394,
516332.427,,322.779,334.266,
516399.084,,323.202,336.824,
516465.736,,323.277,337.894,
516532.396,,323.216,340.673,
516599.057,,323.364,348.748,
516665.712,,321.366,356.977,
516732.371,,322.514,357.812,
516799.030,,323.061,352.174,
516865.690,,322.288,351.261,
516932.348,,322.005,350.250,
516999.001,,321.585,346.610,
517065.659,,321.898,345.943,
517132.321,,323.377,346.614,
517198.979,,323.320,349.313,
517265.634,,322.061,348.904,
517332.291,,321.574,342.910,
517398.946,,321.995,337.668,
517465.609,,322.329,335.545,
517532.262,,322.699,333.677,
517598.919,,323.271,337.596,
517665.579,,325.851,342.982,
517732.242,,324.267,339.834,
517798.896,,328.970,353.094,
517865.555,,327.065,354.623,
517932.213,,321.110,355.166,
517998.873,,327.760,363.626,
518065.530,,326.845,367.853,
518132.188,,319.099,367.797,
518198.845,,323.571,364.258,
518265.503,,322.574,355.673,
518332.156,,319.202,354.323,
518398.819,,322.422,350.733,
518465.477,,324.423,349.318,
518532.130,,319.795,349.207,
518598.793,,323.648,347.367,
518665.449,,321.432,351.211,
518732.106,,323.909,350.728,
518798.762,,323.978,350.520,
518865.421,,322.942,340.264,
518932.080,,319.719,343.995,
518998.742,,324.984,346.584,
519065.399,,325.965,340.563,
519132.056,,321.145,340.177,
519198.711,,325.874,341.537,
519265.372,,326.160,337.157,
519332.026,,320.301,343.926,
519398.684,,325.805,354.906,
519465.346,,321.392,358.513,
519532.001,,324.460,364.553,
519598.656,,325.755,365.182,
519665.314,,326.738,363.307,
519731.975,,325.601,362.336,
519798.630,,326.471,369.040,
519865.293,,319.953,371.345,
519931.948,,321.878,367.377,
519998.608,,322.616,360.793,
520065.262,,320.405,362.857,
520131.921,,323.767,358.727,
520198.584,,322.414,351.043,
520265.237,,319.629,349.239,
520331.896,,322.897,353.251,
520398.556,,325.986,348.944,
520465.212,,322.851,351.080,
520531.875,,325.904,351.823,
520598.533,,327.770,344.390,
520665.191,,323.319,341.203,
520731.850,,320.639,333.332,
520798.508,,320.144,338.257,
520865.162,,325.811,340.863,
520931.819,,323.648,340.486,
520998.478,,322.298,343.765,
521065.137,,325.059,343.190,
521131.798,,324.706,340.302,
521198.457,,321.777,344.552,
521265.114,,326.037,342.549,
521331.771,,323.788,333.188,
521398.427,,323.293,339.433,
521465.088,,326.677,339.112,
521531.747,,322.606,333.674,
521598.401,,323.576,341.925,
521665.059,,326.439,340.727,
521731.721,,324.011,335.181,
521798.376,,328.508,339.988,
521865.038,,328.576,333.061,
521931.695,,324.369,333.078,
521998.354,,325.572,339.060,
522065.011,,325.406,334.255,
522131.666,,323.336,336.270,
522198.326,,323.018,337.550,
522264.983,,322.270,333.866,
522331.643,,323.190,335.227,
522398.298,,323.656,334.721,
522464.957,,322.493,330.462,
522531.617,,324.207,333.268,
522598.263,,325.312,334.917,
522664.934,,323.296,335.717,
522731.594,,324.168,337.968,
522798.249,,326.461,336.462,
522864.911,,320.723,336.489,
522931.568,,322.386,336.495,
522998.224,,322.984,336.793,
523064.880,,323.775,339.627,
523131.544,,325.017,353.185,
523198.197,,323.034,354.814,
523264.855,,321.768,355.874,
523331.517,,324.002,364.847,
523398.171,,325.064,372.442,
523464.835,,326.163,360.198,
523531.487,,325.235,359.768,
523598.145,,323.122,360.390,
523664.804,,321.878,368.906,
523731.463,,322.702,370.552,
523798.121,,325.904,371.142,
523864.783,,326.707,373.869,
523931.436,,324.930,367.088,
523998.098,,322.815,360.747,
524064.759,,326.076,363.069,
524131.412,,327.105,362.998,
524198.071,,327.418,354.371,
524264.732,,327.028,350.257,
524331.390,,326.781,354.145,
524398.049,,326.729,355.900,
524464.705,,328.181,352.366,
524531.362,,324.687,346.322,
524598.020,,324.605,345.086,
524664.683,,327.707,348.570,
524731.338,,327.536,353.368,
524797.994,,328.478,345.154,
524864.655,,324.988,349.320,
524931.309,,327.384,352.194,
524997.968,,326.764,347.956,
525064.628,,328.048,348.823,
525131.287,,327.011,345.502,
525197.947,,323.053,339.635,
525264.600,,325.645,340.109,
525331.262,,326.761,341.105,
525397.919,,322.831,333.832,
525464.579,,323.693,336.083,
525531.239,,324.750,330.252,
525597.894,,325.297,336.487,
525664.555,,325.365,338.784,
525731.212,,324.758,341.940,
525797.869,,325.133,347.358,
525864.523,,324.744,347.829,
525931.182,,325.143,344.364,
525997.846,,326.046,352.543,
526064.498,,327.339,351.187,
526131.157,,323.289,345.667,
526197.818,,325.392,345.029,
526264.478,,326.317,340.236,
526331.130,,325.817,339.340,
526397.792,,326.609,334.749,
526464.450,,324.595,336.567,
526531.108,,326.214,331.168,
526597.769,,321.833,330.345,
526664.423,,323.552,334.227,
526731.083,,328.148,334.588,
526797.742,,324.429,336.020,
526864.396,,327.506,342.074,
526931.059,,329.188,337.747,
526997.718,,323.980,339.747,
527064.371,,328.882,339.130,
527131.029,,326.524,334.439,
527197.687,,325.644,340.819,
527264.347,,327.321,339.003,
527331.009,,325.313,336.157,
527397.665,,323.488,334.159,
527464.325,,324.568,332.274,
527530.979,,325.742,329.997,
527597.637,,325.676,328.956,
527664.296,,326.018,325.909,
527730.953,,324.086,322.850,
527797.615,,323.215,327.000,
527864.269,,326.191,326.427,
527930.930,,325.339,323.802,
527997.586,,323.103,326.170,
528064.245,,325.085,325.223,
528130.904,,325.711,329.135,
528197.567,,327.897,329.540,
528264.220,,327.143,323.944,
528330.881,,325.367,328.724,
528397.538,,328.003,328.576,
528464.196,,325.954,325.092,
528530.860,,325.204,329.594,
528597.512,,327.354,331.828,
528664.175,,325.754,327.575,
528730.830,,325.045,332.169,
528797.492,,325.550,328.595,
528864.146,,323.428,327.890,
528930.808,,326.729,328.725,
528997.468,,325.956,327.123,
529064.124,,326.746,329.359,
529130.783,,328.822,328.785,
529197.442,,328.340,327.737,
529264.101,,326.584,329.056,
529330.758,,325.431,329.029,
529397.416,,324.633,329.391,
529464.077,,324.244,333.161,
529530.738,,325.527,339.724,
529597.391,,325.365,340.390,
529664.053,,325.883,343.410,
529730.712,,329.074,343.427,
529797.372,,329.314,340.539,
529864.029,,330.623,345.130,
529930.683,,329.025,356.640,
529997.340,,329.110,357.998,
530064.004,,327.919,349.907,
530130.658,,327.321,345.220,
530197.318,,327.967,339.853,
530263.976,,328.162,341.121,
530330.637,,328.630,346.884,
530397.294,,327.817,347.245,
530463.956,,324.115,352.903,
530530.614,,325.894,355.291,
530597.268,,326.999,351.280,
530663.926,,323.462,337.539,
530730.589,,323.092,338.825,
530797.247,,325.869,338.154,
530863.902,,325.626,338.844,
530930.565,,326.175,339.196,
530997.225,,325.234,338.219,
531063.881,,321.962,341.554,
531130.540,,324.901,347.690,
531197.196,,325.521,347.016,
531263.854,,326.293,348.081,
531330.514,,327.126,343.138,
531397.172,,327.219,338.637,
531463.831,,327.794,335.682,
531530.491,,327.524,334.855,
531597.149,,327.373,336.721,
531663.809,,326.193,337.134,
531730.464,,327.000,335.028,
531797.120,,321.973,329.616,
531863.780,,326.601,335.222,
531930.443,,330.962,335.730,
531997.096,,328.298,338.415,
532063.760,,327.247,337.413,
532130.419,,326.010,334.309,
532197.073,,326.495,335.915,
532263.732,,330.035,333.752,
532330.395,,327.758,333.181,
532397.051,,326.201,336.275,
532463.708,,327.095,332.742,
532530.367,,324.233,337.777,
532597.028,,325.973,336.993,
532663.687,,325.379,335.264,
532730.341,,323.835,335.932,
532797.001,,322.398,335.744,
532863.660,,323.991,335.752,
532930.317,,324.159,335.999,
532996.978,,325.441,338.964,
533063.633,,325.817,339.650,
533130.297,,324.274,336.885,
533196.950,,324.806,345.297,
533263.610,,324.381,355.941,
533330.270,,323.552,352.401,
533396.931,,324.083,360.570,
533463.590,,323.753,372.772,
533530.242,,324.125,370.354,
533596.907,,323.257,366.892,
533663.564,,322.869,362.739,
533730.218,,323.826,362.857,
533796.880,,326.201,360.999,
533863.534,,325.307,360.218,
533930.196,,324.673,355.127,
533996.858,,325.568,353.409,
534063.515,,322.599,350.352,
534130.174,,322.694,348.005,
534196.827,,322.715,349.914,
534263.485,,324.073,352.922,
534330.144,,324.106,353.486,
534396.803,,322.930,352.299,
534463.467,,324.736,352.082,
534530.120,,321.474,346.652,
534596.781,,324.620,348.579,
534663.437,,325.368,349.049,
534730.097,,325.217,344.424,
534796.760,,322.922,343.920,
534863.415,,325.367,345.012,
534930.074,,326.158,344.639,
534996.734,,322.857,342.336,
535063.390,,327.010,346.863,
535130.053,,327.000,346.123,
535196.711,,324.848,349.181,
535263.367,,326.529,354.230,
535330.027,,325.390,352.190,
535396.686,,321.563,349.834,
535463.342,,320.232,354.290,
535530.001,,321.937,356.595,
535596.659,,321.696,360.832,
535663.315,,321.405,366.418,
535729.978,,321.846,374.502,
535796.638,,321.953,381.552,
535863.296,,322.794,386.847,
535929.947,,323.032,386.965,
535996.610,,323.636,392.258,
536063.262,,322.976,399.509,
536129.919,,324.049,409.544,
536196.576,,324.820,401.437,
536263.238,,325.366,397.849,
536329.896,,326.257,398.155,
536396.552,,325.188,400.558,
536463.210,,326.687,396.729,
536529.866,,325.226,393.238,
536596.524,,326.347,383.152,
536663.179,,326.392,375.451,
536729.838,,326.110,372.825,
536796.493,,326.665,377.451,
536863.151,,328.871,385.188,
536929.809,,328.653,380.798,
536996.462,,331.267,372.279,
537063.124,,329.835,360.924,
537129.777,,327.283,362.168,
537196.440,,330.460,356.336,
537263.092,,328.175,351.726,
537329.751,,327.039,350.755,
537396.409,,327.251,349.010,
537463.063,,326.868,346.237,
537529.726,,327.299,346.253,
537596.381,,327.944,357.345,
537663.034,,328.357,371.698,
537729.696,,328.562,378.662,
537796.355,,327.790,376.318,
537863.011,,328.499,373.102,
537929.667,,328.335,373.797,
537996.322,,328.823,369.169,
538062.983,,328.377,363.068,
538129.639,,328.471,360.956,
538196.296,,328.570,354.197,
538262.954,,325.318,347.230,
538329.609,,324.341,339.911,
538396.263,,325.378,340.592,
538462.923,,326.632,335.959,
538529.584,,322.869,331.217,
538596.238,,323.689,330.404,
538662.893,,324.736,329.654,
538729.552,,326.022,328.556,
538796.209,,327.360,331.331,
538862.864,,327.393,332.257,
538929.522,,326.007,333.640,
538996.183,,326.317,333.207,
539062.840,,323.457,333.627,
539129.499,,325.444,342.628,
539196.156,,330.507,342.802,
539262.812,,325.747,342.939,
539329.466,,325.821,342.420,
539396.122,,326.102,344.340,
539462.779,,326.378,349.274,
539529.440,,325.933,351.662,
539596.098,,326.908,346.710,
539662.753,,324.336,339.320,
539729.408,,324.048,334.580,
539796.070,,324.136,333.322,
539862.728,,325.639,333.395,
539929.384,,326.600,336.637,
539996.041,,327.057,334.119,
540062.695,,327.834,336.693,
540129.356,,326.670,340.849,
540196.012,,326.221,341.039,
540262.666,,326.775,341.393,
540329.322,,326.447,340.671,
540395.984,,326.601,341.856,
540462.643,,326.798,341.676,
540529.296,,326.124,346.986,
540595.956,,326.094,352.082,
540662.610,,328.901,356.906,
540729.271,,329.688,361.990,
540795.928,,330.285,362.672,
540862.586,,330.975,353.337,
540929.243,,328.258,346.679,
540995.900,,325.898,345.994,
541062.553,,328.438,344.732,
541129.214,,328.505,347.935,
541195.869,,329.739,344.417,
541262.529,,324.428,338.638,
541329.184,,323.956,336.396,
541395.838,,326.675,339.379,
541462.496,,324.331,337.854,
541529.156,,323.006,342.332,
541595.813,,322.922,346.733,
541662.469,,322.436,347.331,
541729.130,,322.703,345.806,
541795.785,,322.756,345.276,
541862.440,,323.204,346.745,
541929.097,,322.572,345.842,
541995.752,,322.211,349.405,
542062.415,,323.913,350.559,
542129.072,,322.425,348.077,
542195.728,,322.797,343.814,
542262.380,,324.393,340.484,
542329.040,,325.230,340.017,
542395.697,,324.201,337.684,
542462.356,,324.514,340.473,
542529.014,,323.782,339.284,
542595.666,,325.279,335.039,
542662.330,,322.897,336.362,
542728.987,,322.757,334.815,
542795.641,,322.284,336.809,
542862.300,,322.693,336.666,
542928.957,,323.915,333.938,
542995.613,,323.656,336.292,
543062.267,,322.235,338.064,
543128.928,,323.206,339.942,
543195.586,,322.594,346.701,
543262.243,,322.378,358.331,
543328.899,,323.561,359.366,
543395.552,,322.707,354.547,
543462.216,,323.543,349.970,
543528.868,,322.826,349.747,
543595.526,,324.277,349.132,
543662.187,,325.250,347.495,
543728.844,,325.002,354.640,
543795.496,,324.725,357.085,
543862.159,,325.324,369.449,
543928.816,,326.892,370.320,
543995.472,,326.851,367.719,
544062.133,,326.906,359.666,
544128.788,,324.035,353.566,
544195.447,,325.057,347.668,
544262.106,,324.825,344.518,
544328.763,,324.424,344.064,
544395.426,,325.145,348.647,
544462.083,,324.362,348.818,
544528.741,,323.186,352.000,
544595.397,,322.626,354.117,
544662.056,,325.340,357.261,
544728.714,,326.460,357.380,
544795.375,,327.122,348.366,
544862.028,,323.612,355.087,
544928.689,,324.382,351.108,
544995.349,,321.632,347.742,
545062.008,,323.341,349.992,
545128.667,,325.090,346.893,
545195.321,,324.759,347.062,
545261.983,,325.263,348.273,
545328.641,,326.462,344.337,
545395.300,,323.971,341.077,
545461.960,,325.109,340.026,
545528.613,,324.510,339.750,
545595.272,,325.314,335.942,
545661.933,,321.423,331.318,
545728.589,,321.855,334.362,
545795.247,,323.226,337.657,
545861.904,,322.893,341.525,
545928.568,,322.223,346.322,
545995.221,,323.557,355.212,
546061.881,,324.570,353.768,
546128.539,,323.557,355.056,
546195.197,,322.439,354.314,
546261.854,,323.223,353.064,
546328.516,,322.688,347.292,
546395.175,,321.676,343.364,
546461.831,,323.842,345.386,
546528.492,,323.745,347.109,
546595.152,,323.236,348.554,
546661.806,,324.557,354.672,
546728.468,,324.090,354.807,
546795.124,,325.162,352.722,
546861.781,,326.234,350.155,
546928.438,,327.090,347.426,
546995.097,,328.088,345.787,
547061.754,,327.343,343.667,
547128.416,,325.317,342.920,
547195.074,,323.369,342.141,
547261.731,,322.758,343.074,
547328.389,,324.865,347.856,
547395.050,,324.539,348.598,
547461.708,,323.458,360.663,
547528.363,,323.164,371.344,
547595.027,,324.592,372.856,
547661.680,,325.758,369.776,
547728.338,,324.555,366.628,
547795.002,,325.035,361.780,
547861.657,,324.493,356.356,
547928.319,,325.516,357.503,
547994.976,,325.072,355.028,
548061.632,,323.291,359.445,
548128.291,,323.600,367.507,
548194.951,,321.855,390.441,
548261.609,,321.417,402.342,
548328.268,,321.167,408.524,
548394.928,,324.033,403.577,
548461.585,,323.292,389.936,
548528.242,,322.836,377.570,
548594.902,,322.406,369.813,
548661.561,,324.418,367.837,
548728.219,,323.126,362.221,
548794.876,,322.888,354.842,
548861.531,,322.427,347.354,
548928.191,,322.335,341.777,
548994.853,,322.673,340.449,
549061.509,,322.056,339.562,
549128.165,,322.237,337.834,
549194.827,,323.277,337.526,
549261.484,,322.477,334.989,
549328.143,,322.050,333.661,
549394.799,,321.430,334.418,
549461.456,,319.975,336.525,
549528.118,,319.503,338.969,
549594.775,,321.542,339.602,
549661.435,,323.107,341.860,
549728.092,,324.172,343.214,
549794.754,,321.976,343.397,
549861.411,,321.137,344.125,
549928.068,,322.560,342.743,
549994.724,,324.477,341.333,
550061.383,,323.840,341.272,
550128.042,,323.056,343.574,
550194.700,,324.359,345.881,
550261.357,,323.918,347.649,
550328.019,,323.138,354.564,
550394.678,,323.646,357.156,
550461.335,,322.054,360.029,
550527.991,,321.694,364.780,
550594.654,,322.881,368.438,
550661.312,,324.142,375.153,
550727.967,,323.910,376.239,
550794.626,,323.280,369.173,
550861.283,,322.550,362.353,
550927.946,,322.543,359.482,
550994.598,,322.176,357.168,
551061.259,,323.075,355.530,
551127.920,,323.848,354.987,
551194.579,,323.703,358.648,
551261.233,,323.364,356.706,
551327.896,,323.483,351.111,
551394.554,,323.712,349.525,
551461.209,,322.843,350.105,
551527.869,,322.758,346.049,
551594.527,,323.705,344.549,
551661.188,,323.144,345.131,
551727.844,,325.287,344.217,
551794.502,,325.533,345.104,
551861.158,,325.417,345.282,
551927.818,,326.266,346.651,
551994.479,,326.839,347.589,
552061.132,,325.563,341.049,
552127.791,,324.941,339.687,
552194.452,,324.348,334.569,
552261.109,,322.899,334.333,
552327.762,,324.812,338.072,
552394.424,,323.375,353.686,
552461.083,,323.103,357.356,
552527.740,,325.166,355.666,
552594.399,,323.422,355.439,
552661.054,,322.982,355.918,
552727.716,,323.420,352.329,
552794.371,,322.292,346.916,
552861.030,,322.847,342.546,
552927.688,,323.024,340.463,
552994.341,,322.575,337.836,
553061.003,,322.328,336.484,
553127.660,,322.812,333.949,
553194.318,,322.425,332.122,
553260.974,,323.621,330.328,
553327.631,,323.205,330.053,
553394.294,,325.015,327.307,
553460.950,,325.022,327.869,
553527.606,,323.795,327.862,
553594.266,,327.237,329.310,
553660.925,,326.567,331.466,
553727.584,,325.533,335.011,
553794.238,,325.024,333.888,
553860.894,,321.956,332.667,
553927.558,,320.926,332.564,
553994.211,,323.091,336.598,
554060.869,,321.784,338.053,
554127.526,,321.942,338.493,
554194.188,,322.363,336.994,
554260.846,,323.083,335.107,
554327.502,,323.227,332.656,
554394.160,,321.551,337.715,
554460.819,,323.633,339.887,
554527.478,,323.503,336.168,
554594.135,,324.101,334.364,
554660.792,,323.962,332.286,
554727.450,,325.162,332.405,
554794.107,,325.072,331.633,
554860.763,,326.009,332.780,
554927.422,,326.747,333.815,
554994.084,,324.699,342.077,
555060.742,,325.189,340.827,
555127.396,,322.700,338.338,
555194.058,,320.890,339.951,
555260.711,,320.902,342.194,
555327.369,,322.143,338.637,
555394.030,,322.923,340.166,
555460.689,,327.937,342.213,
555527.345,,327.054,340.265,
555594.004,,326.307,339.255,
555660.664,,325.808,342.134,
555727.318,,327.205,342.738,
555793.976,,325.128,343.727,
555860.633,,326.141,345.444,
555927.295,,325.611,348.631,
555993.954,,324.258,351.567,
556060.610,,324.247,350.111,
556127.265,,324.730,348.302,
556193.925,,325.474,343.155,
556260.583,,326.573,337.373,
556327.237,,324.300,332.418,
556393.896,,324.782,335.253,
556460.553,,326.309,338.566,
556527.213,,326.893,335.361,
556593.874,,325.097,332.037,
556660.527,,324.980,336.936,
556727.188,,325.489,341.479,
556793.847,,327.913,342.735,
556860.507,,328.732,347.141,
556927.164,,328.016,346.709,
556993.821,,328.541,349.881,
557060.478,,327.901,348.078,
557127.138,,328.270,347.366,
557193.791,,328.736,346.057,
557260.453,,326.834,344.792,
557327.110,,328.839,344.676,
557393.768,,328.925,342.544,
557460.424,,326.974,344.002,
557527.082,,326.803,348.646,
557593.743,,325.649,349.117,
557660.401,,325.319,347.755,
557727.058,,326.302,351.465,
557793.712,,325.004,354.897,
557860.370,,324.932,356.165,
557927.028,,324.380,351.179,
557993.690,,324.638,345.971,
558060.350,,322.198,341.081,
558127.008,,321.031,337.485,
558193.665,,320.615,335.559,
558260.319,,323.031,338.873,
558326.981,,322.255,339.443,
558393.638,,323.368,339.739,
558460.296,,321.938,340.285,
558526.954,,322.255,345.407,
558593.612,,322.414,347.679,
558660.265,,323.686,348.918,
558726.923,,322.698,352.138,
558793.587,,321.905,354.624,
558860.239,,321.821,352.388,
558926.901,,322.807,351.020,
558993.559,,322.026,351.645,
559060.213,,323.896,349.806,
559126.874,,323.308,347.600,
559193.534,,324.858,342.411,
559260.188,,323.659,339.994,
559326.844,,323.346,337.236,
559393.503,,325.693,334.976,
559460.163,,323.878,339.111,
559526.820,,324.500,337.349,
559593.477,,323.573,335.395,
559660.139,,325.086,335.795,
559726.795,,323.271,332.794,
559793.454,,322.897,335.797,
559860.113,,324.801,340.268,
559926.769,,324.591,340.135,
559993.429,,322.972,340.618,
560060.085,,322.801,340.494,
560126.744,,322.354,340.615,
560193.399,,322.085,338.887,
560260.058,,322.210,339.718,
560326.715,,323.573,344.863,
560393.371,,323.822,345.928,
560460.035,,322.638,346.247,
560526.693,,324.336,348.384,
560593.347,,326.210,354.749,
560660.006,,327.770,357.936,
560726.660,,327.660,363.416,
560793.318,,326.741,362.386,
560859.977,,327.730,358.458,
560926.634,,325.784,350.253,
560993.297,,323.863,345.333,
561059.953,,323.350,343.466,
561126.609,,324.019,344.316,
561193.271,,326.737,345.813,
561259.928,,328.132,346.653,
561326.582,,328.742,352.151,
561393.239,,329.396,353.232,
561459.898,,330.633,355.937,
561526.554,,332.631,352.920,
561593.214,,331.629,352.957,
561659.872,,329.434,355.649,
561726.529,,327.287,356.736,
561793.187,,327.084,357.107,
561859.849,,328.481,359.174,
561926.502,,327.643,356.759,
561993.164,,327.092,356.281,
562059.823,,326.119,354.918,
562126.477,,324.980,355.152,
562193.137,,325.668,349.515,
562259.794,,325.514,348.479,
562326.449,,325.367,349.071,
562393.111,,324.695,348.418,
562459.768,,325.252,344.633,
562526.429,,323.355,342.568,
562593.083,,325.760,343.031,
562659.741,,325.414,341.612,
562726.398,,326.247,344.753,
562793.056,,324.055,343.116,
562859.712,,325.174,342.581,
562926.372,,321.643,344.618,
562993.034,,325.128,345.735,
563059.691,,325.358,348.719,
563126.346,,325.453,340.437,
563193.004,,323.013,334.987,
563259.659,,321.514,336.074,
563326.324,,321.891,338.851,
563392.981,,321.944,343.013,
563459.637,,322.036,341.370,
563526.296,,321.334,342.487,
563592.953,,322.104,344.377,
563659.609,,322.933,343.182,
563726.267,,323.314,340.523,
563792.929,,322.220,339.941,
563859.586,,323.274,337.355,
563926.243,,325.451,339.272,
563992.898,,325.052,337.774,
564059.558,,324.090,341.697,
564126.212,,323.772,342.412,
564192.873,,322.665,342.704,
564259.533,,324.448,342.256,
564326.186,,324.195,340.654,
564392.845,,324.114,339.693,
564459.503,,322.781,337.410,
564526.161,,324.360,337.183,
564592.824,,326.853,333.870,
564659.475,,325.356,332.199,
564726.140,,325.334,334.244,
564792.797,,323.663,334.750,
564859.450,,322.014,333.757,
564926.111,,322.445,332.519,
564992.771,,321.980,334.083,
565059.427,,323.527,338.113,
565126.083,,326.124,344.181,
565192.743,,327.588,342.430,
565259.397,,325.800,344.116,
565326.055,,324.321,340.777,
565392.717,,326.069,338.598,
565459.376,,324.606,335.599,
565526.030,,324.071,333.292,
565592.685,,324.286,330.764,
565659.345,,324.605,329.523,
565726.003,,322.554,332.335,
565792.666,,323.042,346.232,
565859.319,,323.912,356.512,
565925.981,,322.577,361.079,
565992.637,,321.179,361.546,
566059.294,,321.455,356.673,
566125.954,,321.201,358.690,
566192.613,,321.215,357.488,
566259.267,,320.970,352.351,
566325.924,,321.452,347.246,
566392.585,,321.571,343.520,
566459.239,,321.909,341.911,
566525.901,,322.195,342.139,
566592.556,,324.202,338.394,
566659.215,,324.443,338.722,
566725.869,,324.596,337.737,
566792.533,,324.184,332.942,
566859.186,,323.589,331.542,
566925.848,,322.717,332.389,
566992.507,,324.809,337.175,
567059.162,,323.586,344.890,
567125.822,,321.022,348.741,
567192.477,,322.628,347.411,
567259.136,,321.834,344.133,
567325.796,,322.330,341.559,
567392.449,,323.145,335.959,
567459.112,,322.848,335.340,
567525.768,,322.683,335.390,
567592.424,,322.944,338.900,
567659.080,,322.771,342.442,
567725.742,,322.414,343.675,
567792.400,,321.939,345.455,
567859.057,,323.980,348.228,
567925.716,,322.930,344.471,
567992.370,,323.787,340.596,
568059.033,,324.172,338.999,
568125.692,,322.779,338.191,
568192.348,,322.709,337.516,
568259.007,,322.356,333.359,
568325.667,,322.939,328.841,
568392.316,,323.307,334.555,
568458.978,,323.684,334.386,
568525.639,,322.629,337.528,
568592.301,,324.636,339.993,
568658.957,,324.572,339.071,
568725.614,,323.830,339.835,
568792.274,,325.075,342.283,
568858.930,,323.385,346.887,
568925.589,,322.884,347.218,
568992.250,,322.452,351.382,
569058.909,,320.523,353.612,
569125.566,,316.928,353.681,
569192.221,,317.780,359.511,
569258.883,,317.195,367.069,
569325.540,,317.703,375.386,
569392.195,,318.196,377.114,
569458.855,,317.769,379.246,
569525.513,,318.618,380.376,
569592.174,,318.736,376.346,
569658.828,,318.376,379.996,
569725.484,,318.139,378.715,
569792.143,,318.998,378.269,
569858.806,,319.531,372.178,
569925.461,,319.302,365.115,
569992.118,,319.047,365.628,
570058.778,,319.151,367.659,
570125.434,,319.640,367.050,
570192.095,,319.850,365.866,
570258.752,,319.727,366.557,
570325.415,,319.948,368.596,
570392.070,,319.067,363.371,
570458.730,,322.601,354.490,
570525.386,,319.796,351.555,
570592.044,,321.021,348.748,
570658.703,,320.371,350.511,
570725.361,,320.974,349.158,
570792.021,,320.226,346.498,
570858.676,,320.208,351.293,
570925.335,,321.069,355.647,
570991.995,,319.101,357.489,
571058.653,,318.673,358.036,
571125.312,,321.113,361.317,
571191.967,,322.918,359.841,
571258.629,,323.015,356.199,
571325.283,,321.716,352.950,
571391.946,,320.092,349.151,
571458.606,,322.582,348.960,
571525.260,,323.301,348.250,
571591.916,,322.418,345.818,
571658.576,,321.345,345.955,
571725.234,,320.976,347.689,
571791.896,,321.370,350.523,
571858.553,,321.927,348.710,
571925.207,,321.797,344.640,
571991.865,,320.769,346.261,
572058.524,,320.660,346.539,
572125.187,,321.145,350.480,
572191.846,,321.130,353.508,
572258.499,,320.932,353.716,
572325.158,,320.704,351.796,
572391.814,,320.319,348.822,
572458.474,,321.785,347.603,
572525.131,,322.648,352.949,
572591.790,,321.835,359.059,
572658.450,,324.962,362.359,
572725.106,,325.979,363.908,
572791.766,,325.295,366.490,
572858.427,,324.435,370.614,
572925.084,,325.004,374.314,
572991.740,,324.904,373.408,
573058.402,,324.515,371.377,
573125.058,,325.707,370.474,
573191.717,,327.424,366.235,
573258.374,,326.143,362.257,
573325.031,,327.456,360.457,
573391.693,,328.072,359.803,
573458.349,,326.770,360.301,
573525.009,,327.776,371.841,
573591.667,,328.298,381.854,
573658.327,,325.567,379.287,
573724.981,,326.687,379.401,
573791.642,,327.013,379.681,
573858.299,,325.261,373.607,
573924.960,,324.614,367.481,
573991.616,,326.259,364.079,
574058.277,,326.499,362.406,
574124.931,,325.056,358.972,
574191.591,,325.069,356.974,
574258.249,,323.177,362.181,
574324.910,,324.904,370.172,
574391.562,,325.119,369.224,
574458.226,,323.256,362.825,
574524.879,,323.742,363.661,
574591.538,,325.124,364.103,
574658.196,,324.959,360.528,
574724.858,,324.902,360.905,
574791.512,,325.814,359.895,
574858.174,,325.138,357.908,
574924.828,,322.977,350.155,
574991.487,,322.941,349.192,
575058.146,,321.879,345.163,
575124.804,,324.396,344.128,
575191.464,,324.522,344.679,
575258.124,,324.621,344.004,
575324.782,,323.938,343.365,
575391.437,,325.076,344.293,
575458.094,,324.842,346.534,
575524.757,,326.838,348.713,
575591.415,,327.094,347.985,
575658.070,,326.315,347.874,
575724.729,,325.263,356.286,
575791.391,,325.436,368.856,
575858.045,,325.366,371.442,
575924.707,,323.944,367.338,
575991.365,,323.492,366.025,
576058.020,,321.838,368.870,
576124.678,,321.574,366.768,
576191.338,,322.210,368.255,
576257.998,,322.742,367.179,
576324.660,,323.132,361.468,
576391.314,,323.974,356.676,
576457.973,,322.954,360.227,
576524.634,,324.091,356.429,
576591.293,,322.549,352.448,
576657.949,,322.076,352.164,
576724.609,,323.855,352.845,
576791.266,,324.412,356.768,
576857.927,,322.622,350.663,
576924.588,,321.517,348.051,
576991.242,,323.783,347.756,
577057.901,,323.959,344.072,
577124.561,,325.165,341.905,
577191.220,,323.821,342.050,
577257.878,,324.330,341.721,
577324.534,,324.975,339.588,
577391.191,,321.988,335.282,
577457.852,,321.447,337.512,
577524.511,,324.626,342.012,
577591.169,,323.443,342.930,
577657.830,,321.513,344.487,
577724.487,,322.035,344.917,
577791.145,,323.292,345.988,
577857.803,,325.623,342.119,
577924.465,,323.873,344.280,
577991.122,,324.024,346.521,
578057.778,,324.921,346.838,
578124.439,,324.204,347.657,
578191.096,,324.587,351.775,
578257.754,,324.381,352.992,
578324.417,,323.980,350.974,
578391.072,,325.171,348.738,
578457.731,,327.015,343.170,
578524.387,,327.283,344.007,
578591.048,,327.923,344.714,
578657.709,,325.848,345.312,
578724.366,,324.450,342.984,
578791.026,,322.266,341.737,
578857.683,,323.877,339.457,
578924.342,,325.897,335.514,
578990.999,,323.586,333.767,
579057.661,,325.565,333.042,
579124.321,,323.888,336.053,
579190.976,,322.001,340.183,
579257.639,,323.745,346.104,
579324.293,,326.317,351.003,
579390.950,,325.800,345.970,
579457.613,,325.743,339.685,
579524.267,,324.896,337.824,
579590.929,,325.577,337.574,
579657.588,,324.407,335.975,
579724.248,,324.142,340.102,
579790.902,,324.117,344.830,
579857.563,,325.311,352.303,
579924.220,,325.564,350.885,
579990.883,,326.176,347.776,
580057.537,,325.775,343.919,
580124.200,,323.657,340.260,
580190.859,,322.860,340.059,
580257.516,,323.166,343.595,
580324.171,,323.274,342.596,
580390.833,,323.645,337.640,
580457.490,,322.911,337.035,
580524.150,,324.932,336.431,
580590.809,,327.183,336.296,
580657.464,,326.299,337.277,
580724.127,,324.772,335.844,
580790.783,,323.247,343.657,
580857.441,,324.572,356.764,
580924.098,,325.265,358.215,
580990.759,,325.254,357.204,
581057.417,,324.659,355.413,
581124.075,,324.910,355.525,
581190.737,,325.200,353.734,
581257.392,,324.406,350.301,
581324.055,,324.220,350.126,
581390.714,,323.927,346.393,
581457.370,,325.098,346.439,
581524.026,,325.743,344.848,
581590.685,,326.007,340.779,
581657.347,,325.707,341.012,
581724.001,,327.748,340.503,
581790.661,,328.376,340.256,
581857.318,,325.179,341.694,
581923.978,,325.632,340.945,
581990.635,,324.413,340.295,
582057.294,,323.300,343.914,
582123.955,,323.141,349.057,
582190.615,,323.491,349.165,
582257.274,,323.820,346.283,
582323.930,,324.292,341.774,
582390.593,,323.739,339.901,
582457.248,,322.706,340.923,
582523.908,,324.286,341.317,
582590.568,,323.747,341.366,
582657.221,,323.073,345.861,
582723.885,,321.663,351.148,
582790.543,,322.203,364.089,
582857.202,,322.004,378.464,
582923.855,,322.295,388.215,
582990.518,,322.965,390.777,
583057.174,,323.672,398.237,
583123.837,,323.320,404.404,
583190.490,,324.023,405.018,
583257.150,,325.221,402.078,
583323.811,,324.780,396.778,
583390.472,,323.665,392.001,
583457.127,,323.690,382.976,
583523.788,,324.733,375.358,
583590.444,,324.446,367.630,
583657.101,,324.470,362.114,
583723.761,,324.475,359.250,
583790.423,,324.391,355.002,
583857.078,,325.610,346.965,
583923.734,,325.131,345.999,
583990.392,,324.759,349.265,
584057.050,,324.435,359.232,
584123.707,,325.217,369.090,
584190.364,,324.159,373.377,
584257.025,,325.283,369.548,
584323.678,,325.321,363.306,
584390.337,,322.608,354.935,
584456.996,,324.023,350.064,
584523.653,,320.997,345.337,
584590.312,,321.232,343.699,
584656.963,,321.063,343.003,
584723.620,,321.246,344.975,
584790.279,,321.855,346.004,
584856.939,,321.722,346.775,
584923.594,,322.057,344.114,
584990.252,,322.540,345.782,
585056.909,,322.232,347.103,
585123.566,,321.636,344.155,
585190.221,,321.584,341.939,
585256.884,,320.642,339.227,
585323.536,,321.355,337.314,
585390.194,,321.837,335.008,
585456.852,,320.031,332.882,
585523.508,,321.964,331.652,
585590.166,,322.043,333.854,
585656.827,,321.953,331.387,
585723.483,,322.220,331.174,
585790.143,,321.204,328.936,
585856.795,,322.554,329.597,
585923.456,,323.436,331.205,
585990.112,,323.951,335.339,
586056.765,,323.144,336.111,
586123.424,,326.248,337.137,
586190.083,,325.968,336.162,
586256.743,,324.064,337.556,
586323.395,,325.427,341.609,
586390.057,,325.924,340.669,
586456.709,,328.055,337.025,
586523.367,,324.519,332.238,
586590.030,,325.421,333.679,
586656.685,,325.892,331.597,
586723.340,,324.697,330.453,
586789.999,,323.713,333.813,
586856.658,,324.486,332.005,
586923.316,,323.669,334.251,
586989.971,,324.583,335.673,
587056.630,,322.909,338.646,
587123.281,,323.232,342.806,
587189.942,,324.046,344.135,
587256.601,,322.363,343.870,
587323.254,,321.979,342.132,
587389.911,,319.229,338.714,
587456.572,,318.866,337.719,
587523.229,,321.949,337.783,
587589.887,,322.643,339.147,
587656.546,,321.057,341.130,
587723.200,,322.919,338.548,
587789.858,,321.654,337.441,
587856.513,,322.200,338.930,
587923.174,,323.596,339.113,
587989.832,,322.780,338.849,
588056.486,,322.734,338.872,
588123.145,,323.026,335.030,
588189.803,,321.255,334.261,
588256.455,,320.587,330.401,
588323.113,,322.161,339.469,
588389.774,,319.502,339.515,
588456.432,,323.063,349.771,
588523.088,,326.052,356.687,
588589.744,,326.916,357.143,
588656.400,,327.005,352.049,
588723.057,,326.698,346.450,
588789.718,,326.158,340.182,
588856.370,,327.867,342.075,
588923.033,,327.040,339.647,
588989.689,,326.734,339.760,
589056.346,,324.889,336.562,
589122.999,,321.218,338.549,
589189.660,,326.867,341.192,
589256.320,,326.929,341.259,
589322.975,,326.348,340.292,
589389.630,,326.214,336.405,
589456.286,,326.289,337.096,
589522.947,,325.843,336.996,
589589.606,,326.101,340.464,
589656.261,,324.503,339.483,
589722.919,,326.632,335.883,
589789.577,,325.337,335.439,
589856.232,,325.245,335.242,
589922.892,,325.357,335.236,
589989.547,,322.707,337.658,
590056.201,,325.661,343.871,
590122.863,,326.198,343.238,
590189.521,,325.486,338.777,
590256.178,,324.921,337.948,
590322.835,,323.377,340.419,
590389.490,,325.469,339.681,
590456.146,,322.773,337.330,
590522.803,,322.440,339.937,
590589.462,,322.912,339.134,
590656.122,,322.569,336.865,
590722.775,,322.497,339.179,
590789.435,,323.103,345.953,
590856.089,,321.914,347.688,
590922.747,,322.018,346.403,
590989.402,,321.313,347.086,
591056.065,,322.504,348.239,
591122.722,,323.666,346.287,
591189.379,,322.273,346.344,
591256.035,,321.679,348.093,
591322.691,,320.890,349.041,
591389.350,,322.134,349.084,
591456.004,,324.945,347.586,
591522.660,,324.380,342.140,
591589.319,,323.148,342.531,
591655.979,,323.219,348.673,
591722.633,,323.826,351.870,
591789.289,,323.407,349.733,
591855.948,,322.653,347.305,
591922.608,,322.439,345.260,
591989.265,,320.968,344.084,
592055.919,,318.809,342.690,
592122.576,,317.842,352.896,
592189.238,,318.442,366.658,
592255.898,,318.761,375.657,
592322.553,,318.711,382.252,
592389.211,,318.988,380.824,
592455.869,,319.746,376.117,
592522.523,,319.946,370.010,
592589.183,,320.137,365.314,
592655.842,,320.259,370.343,
592722.495,,320.845,372.257,
592789.155,,320.878,367.871,
592855.809,,321.157,369.529,
592922.467,,320.725,370.977,
592989.126,,320.437,370.755,
593055.783,,320.827,363.114,
593122.442,,321.919,360.456,
593189.099,,322.436,356.929,
593255.754,,321.962,356.588,
593322.416,,321.300,355.540,
593389.075,,321.501,360.731,
593455.730,,321.518,364.952,
593522.387,,322.200,364.843,
593589.047,,321.730,362.577,
593655.705,,321.290,360.800,
593722.357,,321.566,358.143,
593789.017,,321.424,364.363,
593855.676,,321.646,385.117,
593922.333,,321.729,402.801,
593988.992,,321.788,411.761,
594055.650,,322.380,414.696,
594122.308,,321.598,403.397,
594188.963,,322.824,397.170,
594255.619,,322.502,397.602,
594322.278,,322.432,392.480,
594388.937,,322.500,395.435,
594455.593,,321.770,394.710,
594522.252,,322.452,399.250,
594588.910,,321.512,405.888,
594655.567,,321.824,411.683,
594722.227,,321.528,410.050,
594788.879,,322.380,401.386,
594855.541,,322.087,390.985,
594922.198,,321.376,378.843,
594988.851,,322.336,370.971,
595055.510,,321.617,370.301,
595122.165,,321.372,365.032,
595188.825,,321.172,359.523,
595255.487,,321.819,356.270,
595322.139,,322.109,353.599,
595388.796,,323.423,350.315,
595455.459,,323.893,344.125,
595522.117,,322.570,341.487,
595588.771,,322.376,342.799,
595655.432,,321.957,352.857,
595722.086,,324.218,356.438,
595788.742,,324.900,364.006,
595855.404,,324.013,372.642,
595922.062,,322.990,382.169,
595988.715,,324.239,380.858,
596055.374,,323.006,375.416,
596122.031,,323.384,368.938,
596188.691,,320.304,362.902,
596255.347,,320.635,357.919,
596322.001,,322.240,351.933,
596388.660,,322.370,351.168,
596455.318,,322.974,346.929,
596521.976,,322.598,346.269,
596588.635,,321.618,343.523,
596655.293,,320.619,340.789,
596721.947,,321.693,340.253,
596788.609,,322.435,340.838,
596855.267,,321.651,341.384,
596921.919,,321.026,343.445,
596988.578,,322.263,350.910,
597055.235,,322.235,352.262,
597121.893,,323.994,348.930,
597188.552,,321.014,347.805,
597255.212,,320.750,348.135,
597321.869,,322.779,351.249,
597388.525,,322.414,351.105,
597455.184,,320.804,347.338,
597521.837,,320.379,342.608,
597588.496,,319.820,339.975,
597655.154,,321.268,338.943,
597721.813,,322.075,341.074,
597788.473,,323.804,340.770,
597855.130,,324.509,347.208,
597921.782,,321.955,351.293,
597988.445,,320.644,349.136,
598055.102,,321.098,350.428,
598121.756,,321.489,346.896,
598188.412,,320.669,347.925,
598255.073,,320.218,352.780,
598321.728,,320.944,349.398,
598388.387,,321.477,349.782,
598455.048,,321.218,350.751,
598521.700,,320.721,350.735,
598588.358,,322.808,350.621,
598655.021,,325.276,345.680,
598721.674,,325.117,344.584,
598788.332,,323.655,344.123,
598854.993,,323.851,345.359,
598921.650,,323.502,345.353,
598988.306,,321.711,346.979,
599054.960,,320.686,352.477,
599121.618,,321.779,356.328,
599188.281,,323.532,358.215,
599254.933,,326.999,353.462,
599321.593,,326.293,353.835,
599388.248,,326.008,353.794,
599454.908,,323.272,355.061,
599521.568,,324.181,356.131,
599588.221,,320.278,352.853,
599654.880,,316.302,354.151,
599721.541,,316.577,356.672,
599788.194,,319.739,362.778,
599854.850,,321.541,359.115,
599921.513,,322.344,351.632,
599988.169,,321.363,347.050,
600054.829,,322.676,342.067,
600121.487,,322.538,339.468,
600188.151,,322.515,342.420,
600254.808,,322.709,342.200,
600321.464,,320.247,340.515,
600388.127,,320.139,344.967,
600454.786,,320.725,354.033,
600521.443,,320.558,363.814,
600588.103,,320.678,369.762,
600654.761,,320.845,369.668,
600721.422,,320.375,373.003,
600788.077,,320.639,372.962,
600854.736,,320.728,371.554,
600921.392,,320.330,370.038,
600988.051,,322.742,357.910,
601054.713,,319.874,352.884,
601121.374,,321.616,348.681,
601188.033,,319.997,346.500,
601254.693,,322.043,344.527,
601321.352,,322.772,340.778,
601388.007,,323.468,344.503,
601454.664,,323.825,341.708,
601521.327,,322.243,340.891,
601587.985,,323.573,339.975,
601654.642,,323.391,338.809,
601721.302,,322.151,337.254,
601787.958,,322.104,334.882,
601854.621,,322.392,333.326,
601921.279,,322.438,334.048,
601987.934,,320.811,334.872,
602054.599,,321.153,334.789,
602121.254,,321.555,332.546,
602187.916,,321.556,333.342,
602254.572,,321.526,333.792,
602321.235,,321.995,337.618,
602387.889,,321.323,337.338,
602454.551,,319.886,336.770,
602521.212,,320.962,335.913,
602587.866,,321.026,333.869,
602654.528,,320.908,330.613,
602721.184,,320.117,328.936,
602787.846,,321.048,330.984,
602854.505,,320.658,330.808,
602921.160,,322.196,330.796,
602987.818,,320.987,329.729,
603054.480,,321.487,328.635,
603121.138,,321.631,328.621,
603187.801,,322.795,332.595,
603254.455,,321.120,338.730,
603321.113,,321.718,343.390,
603387.775,,322.686,346.952,
603454.434,,323.522,346.014,
603521.090,,324.437,343.046,
603587.751,,321.523,349.356,
603654.408,,322.304,357.683,
603721.072,,323.058,352.914,
603787.725,,321.330,347.888,
603854.387,,320.599,344.961,
603921.046,,320.773,342.558,
603987.707,,321.378,339.281,
604054.365,,319.982,337.836,
604121.020,,319.560,338.312,
604187.682,,319.808,336.275,
604254.341,,320.182,338.730,
604320.997,,321.440,339.017,
604387.656,,321.779,336.472,
604454.317,,322.752,334.078,
604520.974,,324.343,331.653,
604587.633,,323.640,330.834,
604654.291,,324.628,330.544,
604720.955,,325.320,330.553,
604787.611,,325.084,332.242,
604854.268,,325.850,334.898,
604920.930,,325.035,331.493,
604987.591,,324.973,330.134,
605054.245,,325.359,334.262,
605120.906,,323.801,337.671,
605187.563,,323.737,336.612,
605254.227,,323.385,337.669,
605320.880,,323.737,340.626,
605387.539,,323.138,343.064,
605454.202,,321.841,347.121,
605520.860,,321.708,347.178,
605587.519,,321.234,346.093,
605654.178,,321.187,344.732,
605720.834,,320.151,345.067,
605787.493,,320.439,347.046,
605854.156,,323.833,347.188,
605920.810,,323.046,344.425,
605987.472,,321.429,342.763,
606054.132,,320.874,342.890,
606120.792,,321.456,343.699,
606187.447,,323.000,344.590,
606254.106,,323.027,344.104,
606320.765,,323.544,345.095,
606387.428,,323.387,350.073,
606454.083,,323.136,356.102,
606520.743,,323.268,365.959,
606587.404,,321.526,370.851,
606654.062,,321.587,370.958,
606720.718,,320.234,367.834,
606787.377,,321.656,363.277,
606854.040,,323.370,356.868,
606920.697,,321.123,350.407,
606987.356,,321.919,347.159,
607054.015,,320.929,347.748,
607120.674,,325.149,348.334,
607187.334,,325.362,344.440,
607253.990,,323.718,341.762,
607320.646,,322.605,338.391,
607387.309,,322.463,337.451,
607453.968,,322.382,335.699,
607520.624,,322.325,333.772,
607587.282,,321.526,335.084,
607653.947,,321.945,337.830,
607720.606,,321.726,339.469,
607787.261,,321.203,338.516,
607853.922,,320.951,339.146,
607920.582,,321.118,341.227,
607987.233,,321.393,339.322,
608053.894,,321.380,334.816,
608120.549,,320.679,331.758,
608187.210,,320.301,329.658,
608253.870,,320.909,332.563,
608320.526,,319.967,343.378,
608387.185,,320.602,348.001,
608453.843,,320.133,348.194,
608520.501,,319.983,345.972,
608587.156,,319.439,348.325,
608653.813,,320.297,349.257,
608720.473,,320.367,345.511,
608787.129,,320.914,341.820,
608853.790,,321.025,337.664,
608920.449,,321.247,336.810,
608987.107,,320.616,335.796,
609053.761,,320.175,335.125,
609120.424,,320.013,335.512,
609187.080,,320.763,334.281,
609253.737,,321.613,333.385,
609320.396,,320.399,331.473,
609387.051,,320.790,330.643,
609453.714,,321.080,334.281,
609520.372,,320.417,337.677,
609587.030,,320.660,340.945,
609653.686,,321.246,341.797,
609720.341,,320.831,345.726,
609787.002,,321.607,353.240,
609853.660,,320.669,350.574,
609920.319,,319.792,345.820,
609986.974,,318.991,344.915,
610053.630,,322.084,341.529,
610120.290,,322.470,343.216,
610186.946,,320.915,341.289,
610253.603,,320.267,342.207,
610320.263,,320.414,343.660,
610386.924,,320.779,344.260,
610453.581,,320.332,345.380,
610520.237,,320.541,344.335,
610586.893,,320.895,340.306,
610653.556,,319.928,339.630,
610720.215,,320.287,338.899,
610786.872,,319.444,337.794,
610853.530,,319.673,334.641,
610920.184,,320.426,334.290,
610986.841,,320.508,337.538,
611053.499,,320.178,344.865,
611120.159,,320.897,359.331,
611186.817,,320.783,363.721,
611253.478,,319.967,368.109,
611320.131,,320.576,367.361,
611386.791,,320.100,361.444,
611453.448,,319.287,354.880,
611520.107,,320.158,355.079,
611586.764,,319.690,359.103,
611653.426,,319.551,366.505,
611720.079,,319.728,385.389,
611786.741,,320.609,396.378,
611853.399,,322.035,391.462,
611920.056,,321.857,386.034,
611986.713,,322.168,382.260,
612053.371,,321.567,379.912,
612120.028,,321.346,368.727,
612186.689,,321.173,360.420,
612253.346,,319.614,355.483,
612320.001,,321.253,355.076,
612386.659,,320.204,355.090,
612453.316,,320.532,353.035,
612519.974,,319.631,350.739,
612586.638,,319.394,344.389,
612653.293,,319.849,345.547,
612719.952,,319.550,352.433,
612786.605,,319.363,349.540,
612853.267,,320.091,345.819,
612919.924,,320.782,342.266,
612986.579,,320.213,338.789,
613053.240,,319.931,335.222,
613119.900,,319.944,334.802,
613186.552,,319.605,334.508,
613253.211,,319.021,337.432,
613319.869,,320.224,342.281,
613386.531,,320.168,341.788,
613453.185,,320.490,342.899,
613519.848,,319.384,343.622,
613586.501,,319.336,340.103,
613653.164,,320.863,339.086,
613719.817,,320.400,335.602,
613786.477,,319.113,335.788,
613853.132,,319.981,336.385,
613919.792,,319.705,335.737,
613986.449,,319.817,336.022,
614053.107,,319.897,338.289,
614119.767,,320.386,341.280,
614186.426,,320.202,343.287,
614253.086,,321.650,348.139,
614319.740,,323.228,347.880,
614386.400,,320.886,343.436,
614453.056,,320.193,346.195,
614519.711,,321.348,347.746,
614586.374,,320.438,347.948,
614653.030,,319.757,346.116,
614719.688,,319.629,349.922,
614786.343,,319.693,355.115,
614853.003,,320.468,354.204,
614919.664,,319.930,353.468,
614986.317,,319.674,350.914,
615052.977,,319.445,349.620,
615119.633,,321.328,349.762,
615186.296,,321.957,346.153,
615252.955,,321.293,340.572,
615319.609,,320.038,341.435,
615386.270,,322.736,342.663,
615452.923,,323.134,342.417,
615519.585,,323.517,340.346,
615586.240,,323.171,338.914,
615652.897,,323.888,337.416,
615719.554,,324.113,336.555,
615786.218,,323.672,334.673,
615852.877,,324.614,334.363,
615919.533,,323.220,336.630,
615986.187,,322.413,337.055,
616052.850,,323.404,338.124,
616119.508,,323.305,340.916,
616186.165,,321.799,341.549,
616252.825,,321.787,339.705,
616319.482,,320.611,340.771,
616386.141,,320.387,345.097,
616452.799,,321.416,351.250,
616519.459,,321.269,347.649,
616586.118,,320.259,345.957,
616652.779,,319.930,344.888,
616719.438,,320.251,339.039,
616786.093,,319.370,335.381,
616852.751,,320.017,334.070,
616919.410,,321.419,334.050,
616986.072,,319.251,332.858,
617052.731,,319.574,333.309,
617119.383,,320.319,334.605,
617186.043,,322.162,335.063,
617252.705,,324.077,338.706,
617319.360,,325.157,340.230,
617386.021,,325.403,335.878,
617452.676,,323.403,339.707,
617519.338,,323.858,341.327,
617585.993,,324.932,337.982,
617652.654,,325.072,338.942,
617719.313,,325.043,340.132,
617785.975,,323.637,344.419,
617852.631,,322.882,340.132,
617919.292,,322.006,340.023,
617985.950,,321.177,338.887,
618052.603,,321.189,335.299,
618119.263,,321.244,333.234,
618185.926,,320.545,335.348,
618252.583,,320.431,334.148,
618319.243,,320.705,333.219,
618385.897,,320.273,335.228,
618452.556,,320.487,334.466,
618519.216,,320.594,337.383,
618585.877,,321.273,335.163,
618652.535,,321.326,334.253,
618719.193,,319.626,332.994,
618785.847,,319.692,333.801,
618852.508,,318.854,333.636,
618919.166,,319.601,332.634,
618985.825,,319.479,332.803,
619052.487,,318.948,335.049,
619119.144,,319.111,332.476,
619185.802,,320.542,329.359,
619252.459,,321.290,331.128,
619319.119,,318.940,341.365,
619385.779,,319.438,340.828,
619452.435,,320.274,339.757,
619519.095,,320.448,335.297,
619585.755,,318.310,343.105,
619652.411,,317.848,341.556,
619719.071,,317.595,336.125,
619785.726,,317.596,334.123,
619852.388,,317.570,330.348,
619919.043,,318.189,328.540,
619985.703,,318.244,326.937,
620052.360,,319.185,326.523,
620119.020,,322.290,325.653,
620185.677,,321.734,323.578,
620252.340,,319.325,322.452,
620318.994,,319.456,324.401,
620385.653,,318.780,327.244,
620452.313,,320.018,330.542,
620518.971,,322.357,331.984,
620585.632,,320.871,333.140,
620652.294,,319.956,335.760,
620718.949,,321.242,343.658,
620785.608,,322.225,345.577,
620852.266,,321.588,344.581,
620918.922,,320.068,342.570,
620985.586,,320.921,342.551,
621052.244,,322.520,346.232,
621118.900,,322.884,349.730,
621185.557,,323.792,349.694,
621252.220,,320.794,342.941,
621318.879,,321.187,338.377,
621385.536,,319.644,333.404,
621452.194,,319.937,335.907,
621518.854,,321.777,337.049,
621585.507,,322.307,341.337,
621652.172,,324.112,342.531,
621718.830,,323.845,345.130,
621785.488,,324.896,346.825,
621852.145,,324.900,344.157,
621918.804,,323.428,339.667,
621985.462,,321.408,336.918,
622052.124,,321.748,343.036,
622118.777,,323.613,340.865,
622185.439,,319.491,339.016,
622252.096,,318.191,343.108,
622318.757,,317.350,348.544,
622385.413,,317.898,354.960,
622452.073,,320.763,359.061,
622518.729,,322.125,357.822,
622585.393,,322.199,353.499,
622652.045,,322.436,347.138,
622718.706,,321.011,343.044,
622785.363,,320.139,340.677,
622852.024,,320.001,341.424,
622918.682,,321.449,339.705,
622985.339,,318.523,335.320,
623052.000,,321.624,334.962,
623118.656,,321.495,334.305,
623185.314,,321.908,331.686,
623251.973,,323.780,331.457,
623318.633,,321.793,330.084,
623385.293,,319.522,329.282,
623451.950,,318.049,333.924,
623518.612,,322.915,337.668,
623585.269,,322.896,332.089,
623651.928,,319.485,337.029,
623718.587,,320.416,340.125,
623785.247,,321.682,345.532,
623851.905,,322.444,344.671,
623918.559,,322.917,345.982,
623985.216,,320.806,351.335,
624051.876,,322.557,357.160,
624118.531,,323.669,360.607,
624185.194,,323.876,353.893,
624251.848,,323.647,348.761,
624318.504,,322.307,343.333,
624385.165,,321.176,343.486,
624451.825,,320.674,342.430,
624518.480,,318.893,339.209,
624585.139,,320.175,337.586,
624651.799,,319.832,337.507,
624718.455,,319.422,338.646,
624785.113,,320.297,337.727,
624851.773,,320.461,345.224,
624918.426,,320.210,344.713,
624985.089,,320.687,343.503,
625051.743,,320.028,344.104,
625118.402,,320.716,344.557,
625185.062,,319.950,346.044,
625251.718,,320.805,353.924,
625318.373,,320.467,349.922,
625385.037,,321.055,346.086,
625451.689,,320.263,343.386,
625518.348,,320.860,343.082,
625585.004,,320.708,343.790,
625651.666,,321.667,345.473,
625718.320,,320.772,351.188,
625784.980,,322.382,348.974,
625851.635,,322.507,349.843,
625918.294,,322.230,354.361,
625984.952,,321.500,353.224,
626051.611,,320.974,348.872,
626118.273,,321.459,344.340,
626184.926,,321.107,339.849,
626251.586,,321.143,334.733,
626318.243,,320.603,332.406,
626384.900,,320.620,331.615,
626451.558,,320.627,331.905,
626518.215,,321.686,329.901,
626584.878,,319.911,329.724,
626651.531,,321.497,332.966,
626718.190,,321.282,333.353,
626784.851,,321.155,335.061,
626851.506,,321.648,334.604,
626918.164,,323.010,333.900,
626984.819,,323.155,334.371,
627051.479,,323.697,334.905,
627118.139,,323.853,334.351,
627184.797,,322.903,333.087,
627251.453,,320.668,332.767,
627318.112,,320.697,331.853,
627384.770,,322.789,333.147,
627451.427,,323.564,335.871,
627518.082,,324.386,334.680,
627584.741,,324.106,333.418,
627651.403,,322.870,332.655,
627718.058,,323.547,329.399,
627784.714,,323.726,331.241,
627851.372,,323.535,331.559,
627918.035,,321.699,334.163,
627984.687,,321.508,335.869,
628051.346,,320.974,336.075,
628118.006,,321.227,334.399,
628184.666,,321.564,334.753,
628251.324,,321.670,334.266,
628317.976,,322.783,333.272,
628384.639,,322.156,336.866,
628451.292,,323.350,339.699,
628517.954,,320.673,339.930,
628584.612,,323.106,342.648,
628651.266,,320.128,341.955,
628717.927,,319.866,341.774,
628784.584,,321.377,339.810,
628851.243,,320.644,334.667,
628917.902,,320.548,334.657,
628984.558,,321.488,333.179,
629051.217,,321.644,334.109,
629117.871,,320.291,334.824,
629184.533,,320.642,336.951,
629251.185,,321.404,338.928,
629317.849,,321.404,336.489,
629384.504,,321.320,336.825,
629451.159,,318.183,333.438,
629517.817,,323.511,335.721,
629584.478,,322.486,335.313,
629651.132,,322.694,333.978,
629717.794,,321.079,333.728,
629784.453,,321.083,342.279,
629851.112,,319.363,347.126,
629917.765,,320.221,351.176,
629984.423,,321.409,353.092,
630051.080,,322.665,353.917,
630117.738,,321.344,350.453,
630184.395,,322.819,343.464,
630251.053,,322.350,340.970,
630317.716,,324.648,338.750,
630384.370,,325.189,338.445,
630451.030,,324.196,338.418,
630517.687,,324.277,342.125,
630584.349,,323.006,343.409,
630651.005,,323.878,339.766,
630717.658,,321.233,340.166,
630784.319,,322.653,343.533,
630850.979,,321.802,342.902,
630917.635,,321.465,338.813,
630984.294,,320.973,336.521,
631050.951,,320.791,332.950,
631117.609,,321.993,330.162,
631184.264,,320.532,328.744,
631250.922,,321.358,330.709,
631317.582,,321.595,330.903,
631384.240,,322.719,331.334,
631450.898,,321.725,331.668,
631517.555,,321.914,331.154,
631584.214,,321.984,326.883,
631650.868,,323.226,326.735,
631717.528,,322.451,327.833,
631784.189,,324.561,326.676,
631850.841,,325.638,324.953,
631917.504,,324.370,324.703,
631984.161,,324.674,328.033,
632050.813,,322.352,331.053,
632117.471,,323.153,335.159,
632184.131,,323.694,335.364,
632250.787,,322.431,335.337,
632317.444,,322.611,333.913,
632384.100,,321.482,330.023,
632450.756,,321.660,328.250,
632517.415,,321.875,326.116,
632584.071,,321.571,326.020,
632650.728,,323.162,326.756,
632717.388,,324.944,324.765,
632784.043,,323.817,323.133,
632850.704,,321.554,323.847,
632917.359,,323.173,323.906,
632984.020,,322.902,323.159,
633050.673,,323.278,325.662,
633117.331,,322.749,327.933,
633183.987,,321.195,329.265,
633250.642,,320.909,330.931,
633317.300,,321.848,330.588,
633383.961,,323.439,330.718,
633450.619,,323.329,332.193,
633517.273,,322.769,331.606,
633583.929,,322.985,331.281,
633650.587,,322.186,328.795,
633717.246,,320.638,327.824,
633783.903,,320.246,330.528,
633850.556,,321.448,330.855,
633917.219,,319.600,332.585,
633983.872,,319.961,334.301,
634050.528,,320.671,330.865,
634117.189,,321.294,330.936,
634183.842,,320.950,332.850,
634250.499,,320.399,333.348,
634317.159,,320.061,335.320,
634383.820,,319.116,339.757,
634450.471,,319.020,337.667,
634517.134,,318.673,341.985,
634583.790,,318.243,377.775,
634650.442,,318.353,393.138,
634717.103,,318.408,408.765,
634783.757,,318.549,430.566,
634850.419,,319.743,469.359,
634917.071,,319.842,462.508,
634983.729,,319.713,453.806,
635050.389,,319.621,438.290,
635117.048,,319.612,426.811,
635183.705,,321.010,415.556,
635250.361,,321.465,406.314,
635317.019,,320.659,396.975,
635383.672,,320.975,392.253,
635450.331,,319.894,391.410,
635516.990,,322.151,388.121,
635583.648,,322.672,382.142,
635650.303,,321.425,378.233,
635716.962,,321.196,379.987,
635783.620,,320.967,381.331,
635850.276,,322.138,381.571,
635916.930,,322.646,380.931,
635983.587,,323.728,376.466,
636050.246,,322.646,368.886,
636116.904,,322.949,364.002,
636183.559,,323.148,363.531,
636250.218,,322.834,363.176,
636316.872,,323.012,361.032,
636383.531,,323.445,358.160,
636450.189,,323.084,357.117,
636516.847,,322.970,356.182,
636583.503,,321.203,354.243,
636650.159,,321.001,352.292,
636716.818,,321.838,349.464,
636783.477,,320.226,346.682,
636850.128,,321.661,346.225,
636916.785,,321.991,340.084,
636983.448,,321.269,337.535,
637050.102,,322.842,339.181,
637116.760,,323.576,340.490,
637183.415,,324.745,341.003,
637250.072,,322.976,340.759,
637316.731,,322.906,340.451,
637383.387,,322.304,340.312,
637450.048,,322.437,339.425,
637516.703,,321.098,335.401,
637583.357,,321.380,335.599,
637650.021,,322.110,336.579,
637716.676,,322.065,338.008,
637783.335,,322.232,341.102,
637849.991,,322.986,345.561,
637916.643,,320.219,347.188,
637983.300,,319.695,349.754,
638049.962,,320.402,349.449,
638116.620,,320.275,352.413,
638183.275,,320.761,349.050,
638249.932,,320.503,343.732,
638316.587,,320.553,340.759,
638383.249,,320.853,344.156,
638449.903,,320.514,345.317,
638516.562,,320.905,343.213,
638583.219,,321.316,342.835,
638649.872,,322.001,343.093,
638716.532,,320.574,340.247,
638783.189,,321.363,342.913,
638849.844,,320.439,352.575,
638916.501,,321.421,357.296,
638983.161,,322.129,354.304,
639049.819,,320.257,354.619,
639116.478,,320.175,351.285,
639183.135,,320.978,348.411,
639249.789,,321.351,345.118,
639316.445,,320.713,343.672,
639383.107,,320.810,341.500,
639449.757,,320.627,337.450,
639516.418,,320.563,334.531,
639583.074,,320.466,332.011,
639649.734,,320.088,329.969,
639716.388,,320.603,328.779,
639783.044,,321.542,329.578,
639849.702,,321.423,326.610,
639916.365,,321.085,325.358,
639983.020,,322.066,327.218,
640049.681,,322.156,330.252,
640116.334,,322.578,343.282,
640182.992,,321.722,353.814,
640249.656,,322.165,365.575,
640316.311,,322.193,368.881,
640382.970,,321.793,369.329,
640449.630,,322.064,361.569,
640516.285,,321.810,357.571,
640582.944,,323.401,352.772,
640649.605,,323.965,348.872,
640716.261,,323.169,341.946,
640782.917,,322.109,338.131,
640849.581,,323.091,334.490,
640916.236,,322.663,334.200,
640982.894,,323.235,337.110,
641049.551,,322.193,337.111,
641116.213,,321.173,334.126,
641182.872,,320.390,331.554,
641249.524,,321.684,334.020,
641316.188,,322.626,334.383,
641382.844,,323.874,335.767,
641449.500,,324.728,334.443,
641516.163,,321.162,333.384,
641582.820,,321.760,331.498,
641649.478,,321.324,330.559,
641716.134,,322.822,331.711,
641782.797,,322.812,332.081,
641849.455,,322.010,333.923,
641916.113,,322.555,334.448,
641982.766,,321.336,336.426,
642049.428,,321.058,346.690,
642116.086,,321.333,340.421,
642182.744,,320.805,340.053,
642249.403,,320.206,341.953,
642316.058,,320.728,339.589,
642382.716,,321.708,335.840,
642449.375,,323.569,337.175,
642516.035,,323.918,336.971,
642582.694,,323.345,339.393,
642649.352,,323.726,340.809,
642716.010,,323.218,338.003,
642782.670,,322.250,338.050,
642849.328,,321.926,341.116,
642915.985,,322.788,343.785,
642982.645,,322.691,340.831,
643049.300,,322.883,340.587,
643115.960,,323.326,343.829,
643182.619,,323.537,346.571,
643249.274,,323.110,345.656,
643315.936,,324.247,349.088,
643382.592,,327.389,350.253,
643449.252,,326.114,347.721,
643515.909,,323.562,352.504,
643582.565,,323.667,357.413,
643649.228,,324.377,352.755,
643715.885,,322.247,347.215,
643782.544,,322.715,342.842,
643849.203,,322.941,341.641,
643915.861,,323.063,340.591,
643982.515,,323.337,337.425,
644049.179,,324.321,334.412,
644115.834,,322.788,333.012,
644182.491,,323.406,335.142,
644249.153,,324.365,339.060,
644315.811,,323.574,341.656,
644382.469,,323.310,339.286,
644449.124,,323.617,335.894,
644515.785,,322.475,332.527,
644582.442,,322.320,335.012,
644649.100,,322.271,339.848,
644715.758,,323.172,344.395,
644782.415,,323.894,347.774,
644849.075,,325.812,345.679,
644915.737,,324.004,347.806,
644982.392,,324.682,356.512,
645049.053,,325.658,355.019,
645115.705,,325.065,352.606,
645182.366,,324.469,353.979,
645249.023,,324.460,353.615,
645315.681,,325.687,352.916,
645382.341,,325.782,351.666,
645449.000,,326.228,349.900,
645515.662,,326.736,353.047,
645582.316,,325.150,359.971,
645648.974,,323.072,360.153,
645715.633,,322.973,361.854,
645782.294,,323.819,363.664,
645848.951,,326.088,360.228,
645915.608,,324.846,356.704,
645982.270,,324.658,354.865,
646048.926,,325.248,346.348,
646115.586,,322.552,344.412,
646182.244,,320.853,342.359,
646248.900,,320.769,346.473,
646315.557,,320.394,349.945,
646382.216,,323.579,347.578,
646448.876,,324.526,347.661,
646515.533,,324.546,351.495,
646582.189,,324.925,348.610,
646648.851,,323.784,358.514,
646715.510,,324.382,361.612,
646782.167,,324.418,355.848,
646848.827,,324.708,349.340,
646915.484,,324.601,343.703,
646982.144,,324.308,340.349,
647048.797,,324.363,338.616,
647115.460,,323.078,333.720,
647182.115,,321.136,332.276,
647248.771,,321.287,331.941,
647315.435,,321.535,331.948,
647382.093,,320.768,339.734,
647448.750,,319.736,345.807,
647515.407,,322.158,346.504,
647582.068,,323.583,343.434,
647648.724,,323.992,343.896,
647715.383,,325.585,339.865,
647782.039,,325.408,342.095,
647848.703,,325.933,351.323,
647915.359,,325.777,359.840,
647982.016,,324.209,360.876,
648048.672,,323.730,356.670,
648115.334,,324.068,352.710,
648181.992,,323.706,350.215,
648248.651,,322.924,345.479,
648315.311,,321.683,346.684,
648381.969,,322.748,350.879,
648448.625,,323.242,352.205,
648515.287,,323.628,348.782,
648581.942,,323.151,346.753,
648648.599,,322.602,341.361,
648715.260,,322.601,337.780,
648781.921,,320.538,336.886,
648848.577,,320.144,334.519,
648915.241,,320.349,335.324,
648981.895,,322.369,336.511,
649048.556,,323.479,340.141,
649115.210,,324.324,342.149,
649181.869,,324.456,340.086,
649248.528,,324.200,333.377,
649315.189,,322.236,332.170,
649381.851,,319.443,331.756,
649448.504,,321.711,337.446,
649515.165,,322.966,342.583,
649581.827,,322.406,343.109,
649648.482,,321.641,348.203,
649715.139,,321.633,356.271,
649781.799,,322.489,353.396,
649848.457,,322.659,346.128,
649915.118,,322.575,341.788,
649981.778,,321.787,337.599,
650048.433,,322.027,335.064,
650115.092,,323.067,334.780,
650181.749,,322.771,334.105,
650248.413,,322.588,331.641,
650315.071,,321.583,327.912,
650381.729,,320.462,324.427,
650448.388,,319.401,322.737,
650515.042,,320.194,324.622,
650581.703,,319.493,326.849,
650648.362,,319.103,328.193,
650715.018,,322.586,330.355,
650781.679,,324.230,332.283,
650848.340,,326.171,334.743,
650915.000,,325.305,334.900,
650981.654,,324.686,336.859,
651048.313,,324.218,344.204,
651114.975,,323.585,349.774,
651181.630,,322.880,348.841,
651248.287,,322.648,342.518,
651314.946,,321.660,336.455,
651381.609,,320.918,336.210,
651448.269,,320.699,336.888,
651514.928,,320.802,337.607,
651581.583,,318.564,338.742,
651648.239,,318.696,334.444,
651714.899,,320.409,332.906,
651781.562,,321.907,331.156,
651848.216,,323.150,336.735,
651914.879,,322.695,341.904,
651981.534,,322.192,341.300,
652048.192,,322.256,343.731,
652114.855,,323.087,356.400,
652181.512,,322.087,365.717,
652248.172,,322.787,360.785,
652314.831,,322.737,352.280,
652381.489,,322.327,345.483,
652448.146,,320.234,340.656,
652514.806,,321.045,342.836,
652581.462,,322.394,341.017,
652648.120,,324.405,340.823,
652714.782,,321.445,342.554,
652781.439,,323.101,340.534,
652848.097,,323.142,340.749,
652914.760,,323.226,342.008,
652981.415,,322.630,345.529,
653048.072,,322.156,348.723,
653114.732,,321.153,348.824,
653181.389,,321.522,345.188,
653248.047,,321.079,339.158,
653314.705,,319.642,336.296,
653381.365,,321.894,339.259,
653448.026,,321.614,339.067,
653514.684,,320.783,338.069,
653581.340,,321.007,337.649,
653647.999,,322.482,333.918,
653714.662,,320.988,343.209,
653781.322,,321.351,351.126,
653847.977,,321.391,357.026,
653914.635,,321.693,354.640,
653981.297,,322.209,354.637,
654047.957,,322.291,353.895,
654114.611,,322.073,350.909,
654181.274,,322.033,352.798,
654247.927,,324.693,349.962,
654314.590,,327.633,348.800,
654381.247,,326.895,345.844,
654447.905,,326.213,349.379,
654514.563,,325.874,346.810,
654581.226,,326.072,344.674,
654647.880,,325.735,337.261,
654714.538,,321.334,331.263,
654781.198,,322.085,328.165,
654847.858,,321.510,326.352,
654914.515,,321.156,328.308,
654981.172,,321.508,335.897,
655047.832,,321.025,345.980,
655114.490,,320.936,358.131,
655181.154,,321.343,363.578,
655247.809,,319.947,368.201,
655314.469,,322.078,370.880,
655381.128,,324.220,366.373,
655447.786,,323.664,364.120,
655514.444,,324.418,361.214,
655581.102,,324.752,357.101,
655647.759,,325.217,353.893,
655714.419,,324.715,351.684,
655781.077,,323.262,348.885,
655847.738,,325.546,361.729,
655914.394,,325.096,391.244,
655981.056,,325.391,403.937,
656047.708,,323.965,412.867,
656114.369,,322.581,422.577,
656181.027,,321.390,429.782,
656247.684,,323.569,424.718,
656314.340,,319.918,406.051,
656380.993,,318.442,393.529,
656447.656,,317.965,389.848,
656514.309,,318.549,388.560,
656580.971,,319.545,385.798,
656647.624,,318.818,377.338,
656714.284,,319.909,373.135,
656780.940,,321.602,376.862,
656847.598,,320.078,375.857,
656914.258,,319.128,374.257,
656980.911,,318.139,380.500,
657047.569,,317.476,376.658,
657114.225,,317.588,374.590,
657180.885,,317.198,373.983,
657247.539,,320.760,371.129,
657314.198,,317.362,365.184,
657380.857,,319.205,360.275,
657447.514,,318.972,359.142,
657514.169,,319.137,358.866,
657580.831,,318.711,354.787,
657647.489,,318.746,352.565,
657714.145,,317.996,351.111,
657780.803,,317.845,358.346,
657847.455,,318.582,366.058,
657914.118,,316.956,360.139,
657980.772,,318.388,361.804,
658047.431,,318.404,361.813,
658114.088,,318.091,371.770,
658180.746,,316.952,377.802,
658247.401,,317.484,378.575,
658314.058,,320.392,370.155,
658380.717,,318.388,372.339,
658447.371,,318.673,370.344,
658514.031,,318.782,371.886,
658580.687,,318.216,381.880,
658647.348,,318.273,385.958,
658714.001,,317.393,384.149,
658780.657,,317.713,376.206,
658847.316,,318.884,367.208,
658913.978,,318.095,365.406,
658980.632,,317.918,363.476,
659047.289,,318.018,359.584,
659113.948,,316.416,355.242,
659180.603,,317.688,357.989,
659247.260,,318.407,361.094,
659313.919,,318.174,357.343,
659380.575,,316.752,358.978,
659447.232,,320.457,357.851,
659513.890,,317.223,357.376,
659580.548,,317.807,353.371,
659647.208,,317.886,353.625,
659713.865,,318.846,349.552,
659780.523,,317.333,347.791,
659847.177,,316.681,348.013,
659913.835,,318.463,352.004,
659980.492,,318.515,353.875,
660047.147,,317.609,352.344,
660113.810,,318.919,352.524,
660180.467,,315.547,360.571,
660247.119,,319.032,388.894,
660313.780,,318.630,394.417,
660380.440,,317.413,402.646,
660447.093,,317.403,401.669,
660513.749,,317.782,403.701,
660580.407,,315.445,395.892,
660647.064,,316.724,390.533,
660713.721,,317.022,390.963,
660780.382,,316.777,395.896,
660847.041,,317.631,385.270,
660913.693,,317.379,385.427,
660980.356,,316.978,393.822,
661047.010,,316.562,390.970,
661113.665,,317.060,384.362,
661180.324,,317.990,374.211,
661246.982,,317.955,366.921,
661313.637,,317.977,363.169,
661380.296,,315.731,356.050,
661446.952,,318.095,359.402,
661513.610,,317.583,349.446,
661580.266,,315.232,350.227,
661646.927,,318.349,346.875,
661713.581,,316.456,345.501,
661780.241,,318.101,350.652,
661846.900,,317.439,352.457,
661913.557,,317.484,352.377,
661980.210,,316.616,351.818,
662046.868,,316.277,364.510,
662113.525,,317.059,370.163,
662180.186,,317.526,371.752,
662246.840,,316.180,374.884,
662313.500,,316.885,381.078,
662380.158,,317.159,383.614,
662446.811,,316.739,377.264,
662513.471,,317.631,370.370,
662580.129,,316.640,363.581,
662646.783,,316.896,363.352,
662713.441,,315.372,356.732,
662780.104,,318.204,357.870,
662846.757,,316.858,354.380,
662913.414,,317.056,353.117,
662980.071,,319.384,356.834,
663046.731,,316.216,359.856,
663113.384,,316.626,357.583,
663180.042,,316.465,354.758,
663246.699,,315.768,352.661,
663313.363,,315.056,350.570,
663380.014,,315.898,351.732,
663446.677,,316.530,348.861,
663513.332,,317.940,349.149,
663579.986,,317.033,347.641,
663646.644,,315.582,338.537,
663713.303,,317.766,345.500,
663779.958,,317.411,335.773,
663846.622,,314.068,340.327,
663913.274,,324.851,356.065,
663979.934,,323.749,357.591,
664046.593,,321.345,374.599,
664113.248,,320.730,386.756,
664179.904,,317.160,379.695,
664246.563,,318.559,384.627,
664313.221,,318.697,396.620,
664379.884,,318.220,398.203,
664446.543,,318.915,411.229,
664513.197,,319.495,417.365,
664579.856,,320.628,415.242,
664646.515,,319.178,417.840,
664713.168,,319.963,412.360,
664779.826,,319.617,406.547,
664846.487,,317.270,392.467,
664913.146,,314.393,390.713,
664979.804,,319.561,383.101,
665046.462,,316.364,372.669,
665113.118,,319.253,376.118,
665179.777,,317.377,369.060,
665246.437,,315.411,380.219,
665313.089,,323.132,369.577,
665379.751,,317.061,364.961,
665446.410,,321.961,371.485,
665513.064,,319.972,359.259,
665579.723,,320.905,368.303,
665646.384,,321.453,372.437,
665713.040,,316.701,357.921,
665779.701,,318.325,367.845,
665846.353,,320.108,363.085,
665913.016,,315.005,360.747,
665979.675,,316.998,358.515,
666046.329,,315.936,356.969,
666112.988,,318.328,358.155,
666179.644,,315.250,354.989,
666246.306,,316.975,355.094,
666312.958,,314.897,353.492,
666379.620,,315.076,355.189,
666446.276,,314.612,363.900,
666512.937,,317.705,367.510,
666579.595,,316.878,376.834,
666646.248,,317.640,374.828,
666712.906,,317.551,373.971,
666779.563,,317.993,373.876,
666846.226,,316.883,374.787,
666912.881,,316.636,370.249,
666979.537,,316.718,374.999,
667046.197,,317.296,381.543,
667112.854,,318.385,371.746,
667179.514,,315.214,364.124,
667246.171,,319.827,359.970,
667312.829,,317.929,353.961,
667379.485,,317.763,349.999,
667446.149,,318.473,353.021,
667512.804,,318.262,354.521,
667579.461,,319.206,355.043,
667646.122,,318.024,353.668,
667712.776,,316.001,339.863,
667779.436,,315.430,343.957,
667846.094,,317.440,340.901,
667912.752,,316.896,348.550,
667979.409,,317.451,356.198,
668046.065,,317.163,363.986,
668112.728,,318.234,369.106,
668179.382,,315.765,368.167,
668246.039,,317.539,364.982,
668312.696,,317.029,358.412,
668379.356,,316.945,358.591,
668446.015,,316.527,356.902,
668512.671,,316.720,353.240,
668579.329,,316.795,360.451,
668645.986,,318.928,368.882,
668712.643,,316.720,378.558,
668779.301,,315.527,375.475,
668845.965,,316.946,369.676,
668912.620,,317.109,362.717,
668979.275,,317.644,358.380,
669045.934,,317.489,356.487,
669112.594,,316.936,358.823,
669179.248,,318.326,366.040,
669245.908,,317.675,363.542,
669312.570,,317.651,357.547,
669379.226,,319.488,352.910,
669445.883,,315.366,352.579,
669512.542,,321.908,358.133,
669579.197,,318.050,343.596,
669645.859,,320.503,357.330,
669712.515,,322.089,357.196,
669779.171,,315.955,351.466,
669845.829,,319.297,358.273,
669912.486,,316.963,352.839,
669979.143,,317.507,358.940,
670045.804,,317.323,363.765,
670112.464,,316.559,367.982,
670179.119,,315.204,364.284,
670245.778,,316.723,368.440,
670312.437,,316.261,370.274,
670379.096,,316.949,377.952,
670445.752,,316.336,385.134,
670512.406,,318.331,375.479,
670579.068,,315.261,372.403,
670645.726,,319.536,373.109,
670712.384,,316.349,373.491,
670779.038,,318.859,370.512,
670845.697,,317.555,363.327,
670912.354,,317.777,364.947,
670979.017,,316.119,355.553,
671045.670,,317.492,359.317,
671112.333,,317.263,362.752,
671178.989,,317.073,361.572,
671245.643,,316.761,360.230,
671312.301,,317.223,363.352,
671378.960,,317.894,355.850,
671445.624,,318.733,351.432,
671512.280,,314.955,349.618,
671578.936,,319.367,347.712,
671645.595,,317.453,341.166,
671712.251,,317.047,347.187,
671778.912,,320.457,342.970,
671845.566,,316.238,339.404,
671912.229,,318.605,344.266,
671978.887,,318.517,338.039,
672045.543,,314.834,340.161,
672112.199,,318.782,341.852,
672178.858,,315.594,348.343,
672245.517,,316.850,354.931,
672312.173,,316.956,358.550,
672378.828,,316.219,351.945,
672445.485,,317.812,351.948,
672512.145,,317.766,354.634,
672578.804,,317.424,351.295,
672645.464,,316.782,347.736,
672712.116,,317.412,348.767,
672778.780,,317.268,352.860,
672845.433,,318.152,355.291,
672912.091,,316.606,360.848,
672978.752,,316.877,358.640,
673045.407,,317.793,352.934,
673112.069,,316.470,352.002,
673178.721,,317.057,348.379,
673245.383,,314.160,356.773,
673312.041,,318.668,369.893,
673378.697,,315.666,366.085,
673445.354,,317.190,367.600,
673512.011,,318.058,357.219,
673578.673,,317.293,353.435,
673645.329,,316.683,348.894,
673711.986,,316.623,348.054,
673778.643,,317.211,342.633,
673845.305,,317.907,339.288,
673911.961,,314.743,330.537,
673978.620,,317.264,333.637,
674045.277,,315.471,333.286,
674111.931,,317.178,334.634,
674178.591,,316.929,337.508,
674245.246,,316.494,336.662,
674311.904,,316.264,338.770,
674378.565,,315.939,339.232,
674445.223,,316.584,338.670,
674511.878,,318.201,338.243,
674578.538,,313.883,336.417,
674645.197,,317.715,340.317,
674711.852,,316.077,341.904,
674778.509,,316.706,343.171,
674845.172,,317.151,333.808,
674911.824,,317.225,331.404,
674978.486,,317.708,336.691,
675045.140,,316.532,345.192,
675111.799,,317.656,341.778,
675178.457,,314.442,341.575,
675245.114,,319.824,340.941,
675311.774,,317.356,335.769,
675378.433,,319.932,338.816,
675445.092,,321.402,332.749,
675511.746,,317.104,339.363,
675578.404,,322.011,338.951,
675645.063,,316.638,340.576,
675711.723,,321.343,348.629,
675778.377,,317.833,339.180,
675845.036,,318.714,344.462,
675911.696,,320.534,343.249,
675978.352,,314.987,339.727,
676045.011,,321.130,343.053,
676111.669,,318.499,335.909,
676178.323,,317.157,337.024,
676244.983,,317.386,336.512,
676311.642,,318.604,337.704,
676378.297,,316.582,342.894,
676444.959,,315.726,341.632,
676511.617,,317.466,336.467,
676578.275,,316.572,337.742,
676644.931,,319.063,334.633,
676711.586,,313.686,333.696,
676778.248,,320.067,337.378,
676844.906,,319.383,328.475,
676911.563,,317.033,328.293,
676978.220,,320.103,330.678,
677044.875,,316.978,325.194,
677111.533,,319.287,333.511,
677178.196,,320.561,332.515,
677244.848,,316.215,332.035,
677311.508,,319.246,340.135,
677378.165,,319.354,333.832,
677444.826,,314.999,332.850,
677511.482,,318.141,333.072,
677578.139,,318.699,325.925,
677644.795,,314.216,331.988,
677711.457,,319.456,334.976,
677778.111,,317.235,329.757,
677844.770,,316.124,336.558,
677911.427,,317.718,343.421,
677978.086,,316.462,338.969,
678044.745,,316.836,339.896,
678111.401,,317.838,337.148,
678178.057,,315.599,330.313,
678244.719,,317.402,328.158,
678311.379,,318.172,327.287,
678378.037,,315.228,331.511,
678444.690,,320.982,343.903,
678511.350,,319.145,338.542,
678578.008,,316.208,340.774,
678644.666,,320.041,338.589,
678711.325,,318.153,341.650,
678777.980,,317.212,350.760,
678844.640,,317.272,353.294,
678911.297,,318.090,354.042,
678977.953,,317.311,353.841,
679044.609,,318.409,352.622,
679111.272,,319.603,345.822,
679177.927,,314.994,340.986,
679244.583,,318.111,339.336,
679311.244,,318.903,332.819,
679377.900,,317.331,330.473,
679444.557,,317.726,329.489,
679511.215,,318.728,328.580,
679577.877,,318.757,329.189,
679644.533,,318.724,329.303,
679711.192,,318.088,325.240,
679777.850,,315.951,327.256,
679844.506,,318.327,326.821,
679911.162,,316.837,320.265,
679977.821,,317.911,324.574,
680044.483,,318.545,324.245,
680111.134,,314.760,325.396,
680177.799,,320.276,334.674,
680244.455,,315.558,337.306,
680311.115,,317.235,344.589,
680377.773,,317.191,343.435,
680444.431,,317.912,344.986,
680511.088,,318.192,345.912,
680577.742,,318.845,347.663,
680644.404,,319.567,354.374,
680711.058,,317.688,354.923,
680777.716,,319.430,353.524,
680844.379,,314.893,346.841,
680911.037,,318.849,349.869,
680977.695,,320.762,347.210,
681044.349,,314.028,346.146,
681111.006,,320.464,346.434,
681177.664,,319.429,339.154,
681244.324,,316.106,337.591,
681310.983,,317.909,335.777,
681377.643,,317.542,344.791,
681444.296,,318.212,365.481,
681510.957,,321.718,388.710,
681577.616,,318.381,384.457,
681644.273,,316.928,386.606,
681710.928,,322.074,376.320,
681777.587,,315.130,366.624,
681844.247,,318.073,358.945,
681910.903,,319.403,355.160,
681977.562,,316.089,350.833,
682044.225,,318.354,351.743,
682110.878,,320.853,355.215,
682177.536,,320.917,358.514,
682244.196,,320.218,351.759,
682310.854,,319.152,358.063,
682377.516,,318.349,359.284,
682444.172,,319.487,356.768,
682510.828,,318.917,354.136,
682577.489,,318.365,353.061,
682644.145,,319.619,349.290,
682710.805,,319.137,352.881,
682777.460,,321.930,349.465,
682844.122,,320.409,344.821,
682910.778,,319.514,344.413,
682977.435,,322.334,342.991,
683044.093,,321.127,336.133,
683110.750,,316.071,333.538,
683177.411,,320.130,337.076,
683244.065,,321.258,335.977,
683310.726,,320.106,334.865,
683377.383,,320.251,336.334,
683444.044,,319.283,327.977,
683510.702,,317.248,327.585,
683577.355,,317.137,326.979,
683644.014,,317.068,328.245,
683710.675,,318.329,336.352,
683777.334,,318.783,336.836,
683843.992,,319.150,334.410,
683910.652,,320.072,334.350,
683977.305,,318.274,329.553,
684043.963,,319.604,330.374,
684110.621,,319.943,330.472,
684177.281,,319.683,325.271,
684243.937,,318.383,325.606,
684310.598,,318.268,327.431,
684377.255,,319.256,333.567,
684443.913,,321.808,336.917,
684510.571,,317.082,341.831,
684577.230,,319.277,342.823,
684643.890,,320.806,339.876,
684710.544,,321.289,334.386,
684777.202,,319.081,328.154,
684843.862,,319.246,325.978,
684910.523,,318.778,323.196,
684977.181,,320.268,321.549,
685043.836,,319.264,318.613,
685110.496,,318.187,320.384,
685177.152,,321.835,319.616,
685243.810,,313.590,316.587,
685310.471,,317.268,321.972,
685377.127,,318.618,324.439,
685443.788,,318.985,324.668,
685510.442,,319.944,329.717,
685577.104,,319.958,333.893,
685643.761,,319.468,333.227,
685710.415,,319.822,328.068,
685777.079,,319.342,326.455,
685843.732,,320.740,329.797,
685910.393,,323.425,329.306,
685977.050,,323.838,328.312,
686043.706,,323.144,328.143,
686110.367,,322.397,329.398,
686177.025,,321.608,332.343,
686243.681,,322.904,332.215,
686310.337,,324.445,333.825,
686376.998,,322.971,330.952,
686443.655,,319.612,330.814,
686510.315,,325.320,331.320,
686576.975,,323.755,326.969,
686643.629,,323.169,326.499,
686710.289,,325.499,329.690,
686776.947,,322.799,341.026,
686843.606,,322.019,352.103,
686910.262,,321.600,356.171,
686976.924,,321.482,355.371,
687043.582,,317.925,348.410,
687110.237,,319.922,346.803,
687176.896,,321.263,352.545,
687243.554,,320.833,351.487,
687310.212,,320.120,347.593,
687376.868,,320.113,341.393,
687443.528,,317.056,339.884,
687510.183,,321.224,339.081,
687576.843,,321.046,333.576,
687643.500,,318.580,338.979,
687710.158,,319.940,336.016,
687776.819,,320.079,335.354,
687843.474,,321.198,336.046,
687910.135,,320.428,334.165,
687976.790,,320.582,342.707,
688043.453,,321.907,351.956,
688110.106,,322.491,359.342,
688176.764,,320.735,358.114,
688243.423,,323.053,358.914,
688310.080,,321.008,355.575,
688376.742,,321.965,359.603,
688443.401,,321.052,357.322,
688510.054,,320.661,352.385,
688576.714,,322.602,346.963,
688643.370,,321.380,344.049,
688710.030,,321.218,343.331,
688776.685,,322.268,346.099,
688843.343,,321.505,348.454,
688910.006,,320.994,351.722,
688976.660,,320.680,348.740,
689043.318,,317.990,347.390,
689109.979,,319.228,342.222,
689176.637,,320.046,340.245,
689243.297,,317.684,335.445,
689309.950,,320.625,341.049,
689376.607,,321.075,342.734,
689443.267,,319.107,339.970,
689509.924,,319.480,342.427,
689576.582,,319.125,340.290,
689643.243,,319.349,337.379,
689709.902,,319.802,334.364,
689776.559,,321.582,333.995,
689843.213,,319.588,331.893,
689909.874,,320.514,331.558,
689976.533,,322.332,331.843,
690043.190,,320.855,331.166,
690109.846,,319.944,331.896,
690176.503,,319.523,331.272,
690243.166,,318.674,332.354,
690309.821,,318.892,336.318,
690376.478,,319.306,343.948,
690443.136,,321.563,359.624,
690509.798,,318.922,359.933,
690576.452,,318.722,359.134,
690643.114,,321.376,355.547,
690709.770,,321.060,352.708,
690776.430,,321.051,350.849,
690843.088,,320.530,348.753,
690909.746,,321.281,345.947,
690976.399,,320.055,341.963,
691043.057,,320.179,341.055,
691109.719,,320.450,338.310,
691176.377,,320.719,336.998,
691243.033,,319.451,336.290,
691309.692,,320.152,337.323,
691376.351,,318.691,340.366,
691443.007,,320.471,342.490,
691509.662,,319.745,338.979,
691576.327,,320.823,335.348,
691642.980,,318.485,335.423,
691709.638,,318.389,339.119,
691776.296,,320.340,338.646,
691842.958,,319.712,345.014,
691909.613,,323.042,351.524,
691976.271,,321.374,348.634,
692042.933,,318.778,343.230,
692109.591,,320.904,342.464,
692176.248,,322.076,341.658,
692242.904,,321.805,345.718,
692309.560,,320.779,355.424,
692376.217,,320.895,363.649,
692442.874,,321.540,365.389,
692509.537,,322.053,369.114,
692576.196,,321.921,371.351,
692642.854,,321.900,373.807,
692709.508,,322.765,371.591,
692776.166,,323.115,376.346,
692842.824,,322.952,376.887,
692909.483,,323.190,375.786,
692976.142,,322.852,369.828,
693042.797,,323.228,363.251,
693109.461,,323.505,359.240,
693176.113,,323.761,360.169,
693242.775,,322.699,364.870,
693309.429,,323.057,358.937,
693376.090,,323.722,353.133,
693442.750,,323.191,348.412,
693509.404,,323.320,344.976,
693576.062,,323.229,343.670,
693642.725,,323.467,344.879,
693709.381,,322.821,348.605,
693776.035,,322.108,353.263,
693842.694,,322.213,354.683,
693909.352,,322.342,355.744,
693976.015,,321.562,351.363,
694042.666,,319.059,341.450,
694109.327,,320.298,343.229,
694175.987,,320.036,344.816,
694242.642,,319.780,348.198,
694309.299,,320.123,344.554,
694375.960,,320.305,341.791,
694442.617,,320.129,338.624,
694509.276,,320.293,340.603,
694575.932,,319.202,338.066,
694642.592,,320.371,340.875,
694709.250,,320.151,336.258,
694775.908,,320.898,332.432,
694842.563,,320.599,331.407,
694909.222,,320.427,329.945,
694975.880,,319.570,329.669,
695042.540,,320.113,332.508,
695109.199,,321.238,332.943,
695175.854,,322.286,330.445,
695242.511,,318.242,330.355,
695309.168,,320.841,332.257,
695375.831,,320.196,335.025,
695442.484,,320.702,337.251,
695509.146,,321.069,341.066,
695575.804,,322.088,343.174,
695642.459,,318.666,342.886,
695709.123,,317.991,342.293,
695775.779,,316.524,336.429,
695842.432,,315.902,340.171,
695909.095,,314.762,349.555,
695975.754,,315.219,356.013,
696042.410,,315.565,364.979,
696109.070,,316.063,366.521,
696175.729,,316.084,362.633,
696242.384,,316.844,366.794,
696309.045,,319.026,375.746,
696375.704,,316.583,386.557,
696442.363,,318.398,387.022,
696509.022,,317.581,377.116,
696575.679,,318.466,369.942,
696642.335,,318.124,365.128,
696708.995,,319.347,362.519,
696775.652,,317.428,355.764,
696842.313,,317.993,349.029,
696908.976,,318.963,345.259,
696975.632,,319.572,345.265,
697042.292,,324.391,341.708,
697108.950,,322.464,337.547,
697175.605,,320.517,333.748,
697242.266,,321.558,339.281,
697308.927,,320.865,342.607,
697375.585,,321.116,350.870,
697442.243,,319.391,354.082,
697508.897,,319.890,353.697,
697575.562,,318.852,351.396,
697642.217,,320.549,355.529,
697708.876,,318.536,355.718,
697775.537,,319.746,357.360,
697842.193,,319.400,348.997,
697908.852,,318.812,340.423,
697975.510,,317.247,334.803,
698042.168,,316.310,333.572,
698108.828,,315.631,331.988,
698175.488,,317.466,333.095,
698242.148,,319.847,334.303,
698308.807,,320.421,334.556,
698375.463,,318.643,331.819,
698442.118,,318.955,329.459,
698508.777,,318.226,330.611,
698575.437,,319.115,336.801,
698642.096,,319.185,334.626,
698708.758,,319.356,337.057,
698775.411,,319.571,334.464,
698842.074,,318.137,333.967,
698908.730,,319.488,332.015,
698975.389,,320.417,330.178,
699042.049,,320.582,331.624,
699108.710,,319.295,348.997,
699175.364,,319.018,363.998,
699242.027,,320.924,361.046,
699308.686,,320.132,353.058,
699375.345,,319.364,348.742,
699441.999,,322.272,342.522,
699508.660,,318.915,348.264,
699575.315,,321.632,356.230,
699641.979,,320.082,352.694,
699708.633,,319.844,348.349,
699775.294,,321.261,347.658,
699841.956,,320.727,341.800,
699908.613,,319.879,340.352,
699975.272,,318.498,340.707,
700041.927,,322.874,340.515,
700108.585,,321.595,339.549,
700175.243,,321.995,340.072,
700241.902,,323.296,338.425,
700308.560,,319.580,339.504,
700375.223,,320.948,345.600,
700441.882,,320.438,343.639,
700508.536,,317.280,346.463,
700575.200,,320.053,345.972,
700641.857,,319.889,344.194,
700708.513,,318.538,341.710,
700775.173,,319.262,340.213,
700841.830,,320.692,337.789,
700908.493,,320.153,329.403,
700975.152,,318.171,326.648,
701041.810,,318.082,324.598,
701108.466,,317.707,322.782,
701175.123,,318.060,324.327,
701241.782,,318.404,324.871,
701308.442,,317.341,322.580,
701375.101,,320.463,325.428,
701441.762,,321.761,329.233,
701508.420,,322.144,333.696,
701575.078,,322.075,339.103,
701641.735,,323.149,342.433,
701708.393,,324.444,344.046,
701775.052,,324.351,344.993,
701841.714,,324.959,342.765,
701908.369,,322.639,341.652,
701975.030,,322.664,341.786,
702041.691,,322.776,337.833,
702108.343,,321.532,336.198,
702175.001,,319.425,333.684,
702241.662,,320.744,330.576,
702308.319,,317.969,331.555,
702374.982,,317.510,330.608,
702441.637,,316.831,329.514,
702508.300,,315.062,330.771,
702574.953,,315.544,332.423,
702641.615,,317.334,337.177,
702708.272,,318.073,340.785,
702774.935,,319.428,340.154,
702841.594,,320.507,339.754,
702908.249,,319.459,339.873,
702974.905,,320.106,341.853,
703041.568,,321.228,338.479,
703108.225,,318.009,343.959,
703174.885,,320.344,345.852,
703241.542,,317.881,344.739,
703308.204,,317.240,351.379,
703374.861,,317.100,356.112,
703441.517,,317.228,357.186,
703508.175,,318.009,356.846,
703574.832,,316.757,354.355,
703641.495,,317.407,354.085,
703708.156,,317.218,354.238,
703774.809,,318.172,351.735,
703841.472,,319.043,351.460,
703908.130,,318.522,358.603,
703974.783,,318.594,360.486,
704041.444,,318.424,360.582,
704108.102,,318.006,356.598,
704174.761,,317.843,357.765,
704241.420,,319.628,361.542,
704308.077,,317.968,356.146,
704374.740,,318.138,349.961,
704441.394,,318.226,343.817,
704508.057,,317.525,332.422,
704574.711,,316.543,330.302,
704641.369,,316.551,328.791,
704708.032,,316.708,326.188,
704774.685,,317.248,326.437,
704841.343,,317.779,325.175,
704908.008,,318.110,325.367,
704974.664,,318.714,330.074,
705041.324,,317.850,329.606,
705107.980,,317.500,329.490,
705174.641,,317.060,329.387,
705241.297,,317.937,328.933,
705307.955,,318.548,328.842,
705374.615,,317.901,327.355,
705441.270,,317.548,328.183,
705507.928,,317.367,328.216,
705574.587,,317.031,330.616,
705641.245,,319.530,332.304,
705707.906,,317.274,330.075,
705774.562,,316.824,332.074,
705841.220,,316.466,333.164,
705907.879,,316.848,328.539,
705974.537,,316.273,327.181,
706041.200,,315.675,326.996,
706107.859,,316.341,327.560,
706174.512,,316.545,327.045,
706241.175,,317.557,326.164,
706307.829,,317.457,328.966,
706374.487,,318.360,331.844,
706441.147,,318.426,330.923,
706507.807,,319.265,330.885,
706574.462,,318.135,331.390,
706641.124,,317.584,331.339,
706707.784,,317.116,333.289,
706774.438,,318.998,333.906,
706841.098,,320.569,333.897,
706907.759,,319.552,337.446,
706974.416,,318.792,341.662,
707041.073,,319.680,345.454,
707107.731,,319.613,346.817,
707174.390,,320.428,343.795,
707241.046,,320.977,342.629,
707307.707,,322.537,340.814,
707374.365,,320.937,341.362,
707441.026,,322.703,339.830,
707507.681,,322.312,335.592,
707574.341,,322.177,332.326,
707640.996,,320.813,332.363,
707707.656,,321.399,338.019,
707774.316,,320.953,340.977,
707840.974,,320.986,342.348,
707907.634,,320.921,341.462,
707974.293,,319.430,339.711,
708040.950,,320.289,346.277,
708107.611,,318.850,338.899,
708174.267,,316.633,340.562,
708240.925,,321.737,337.887,
708307.581,,318.645,330.855,
708374.240,,316.630,329.375,
708440.898,,317.767,331.799,
708507.557,,318.839,329.427,
708574.216,,318.750,331.700,
708640.875,,318.184,333.824,
708707.535,,318.244,335.601,
708774.192,,318.269,338.857,
708840.850,,318.755,346.178,
708907.508,,318.594,349.804,
708974.170,,318.997,351.444,
709040.824,,318.355,352.900,
709107.481,,317.854,357.964,
709174.142,,318.375,358.078,
709240.800,,318.717,358.347,
709307.458,,320.328,359.112,
709374.121,,319.069,358.981,
709440.773,,318.713,361.088,
709507.433,,318.505,360.651,
709574.092,,320.611,364.454,
709640.752,,321.442,362.919,
709707.412,,320.653,370.858,
709774.069,,319.567,372.438,
709840.728,,319.308,369.275,
709907.386,,319.800,364.987,
709974.044,,319.564,363.312,
710040.699,,318.921,363.632,
710107.360,,318.956,360.722,
710174.018,,318.627,357.625,
710240.677,,319.286,353.697,
710307.333,,318.129,346.919,
710373.992,,318.061,342.579,
710440.655,,318.304,338.474,
710507.307,,319.435,338.164,
710573.969,,321.669,338.211,
710640.628,,322.493,334.594,
710707.284,,320.275,333.505,
710773.941,,320.123,337.601,
710840.603,,320.328,340.642,
710907.263,,319.265,343.486,
710973.921,,320.562,341.437,
711040.575,,320.676,341.554,
711107.236,,321.629,339.313,
711173.892,,317.844,332.870,
711240.554,,320.378,334.501,
711307.208,,319.614,328.451,
711373.869,,315.096,329.269,
711440.528,,317.797,334.529,
711507.183,,317.608,337.629,
711573.844,,317.551,336.931,
711640.504,,318.596,335.791,
711707.160,,314.233,338.281,
711773.817,,316.402,339.596,
711840.476,,315.925,338.328,
711907.137,,315.539,337.854,
711973.797,,316.560,338.082,
712040.452,,317.401,336.831,
712107.110,,316.707,333.116,
712173.770,,317.625,331.268,
712240.427,,317.840,329.330,
712307.081,,318.248,329.305,
712373.739,,318.013,327.694,
712440.399,,318.015,326.937,
712507.057,,318.496,326.245,
712573.713,,317.445,325.512,
712640.373,,318.332,329.037,
712707.026,,318.038,329.411,
712773.686,,317.339,330.509,
712840.346,,316.311,326.801,
712907.002,,318.852,326.351,
712973.658,,318.960,329.162,
713040.317,,320.788,337.344,
713106.974,,319.248,338.792,
713173.631,,319.384,342.032,
713240.291,,319.115,343.118,
713306.948,,319.205,343.483,
713373.610,,315.589,342.575,
713440.266,,316.372,344.339,
713506.923,,317.137,344.039,
713573.578,,318.152,341.782,
713640.239,,317.345,339.237,
713706.894,,319.561,338.015,
713773.554,,320.271,337.067,
713840.214,,320.485,335.916,
713906.868,,320.196,335.232,
713973.529,,321.955,336.168,
714040.184,,319.976,333.369,
714106.839,,316.527,332.158,
714173.497,,315.292,330.307,
714240.159,,315.083,330.050,
714306.817,,314.116,331.219,
714373.470,,314.927,332.232,
714440.127,,315.879,337.879,
714506.787,,315.553,340.187,
714573.444,,315.439,347.048,
714640.104,,316.872,348.654,
714706.765,,318.030,343.181,
714773.423,,318.059,341.196,
714840.080,,318.339,336.949,
714906.734,,318.690,335.149,
714973.391,,318.830,335.607,
715040.052,,318.944,335.810,
715106.709,,319.118,337.174,
715173.365,,320.547,336.799,
715240.024,,321.247,335.975,
715306.683,,320.343,338.023,
715373.342,,319.772,334.504,
715439.993,,320.240,335.149,
715506.656,,321.520,333.164,
715573.315,,320.918,332.346,
715639.971,,320.182,326.989,
715706.627,,313.690,320.334,
715773.283,,316.893,325.213,
715839.945,,319.075,327.947,
715906.603,,318.973,331.355,
715973.256,,317.797,331.473,
716039.919,,316.790,330.372,
716106.571,,318.029,332.519,
716173.231,,317.315,329.619,
716239.893,,316.773,328.254,
716306.547,,317.041,328.535,
716373.205,,317.403,329.663,
716439.864,,317.396,329.788,
716506.521,,319.025,330.795,
716573.176,,318.657,332.380,
716639.836,,319.331,333.095,
716706.496,,320.957,329.719,
716773.153,,318.442,328.799,
716839.811,,316.409,329.438,
716906.464,,317.965,331.918,
716973.125,,318.841,338.983,
717039.783,,319.563,344.125,
717106.438,,321.240,349.779,
717173.101,,321.680,350.795,
717239.756,,321.857,347.813,
717306.416,,321.045,340.509,
717373.072,,319.251,335.890,
717439.727,,319.650,331.052,
717506.390,,319.823,326.668,
717573.043,,318.479,324.426,
717639.705,,318.819,330.464,
717706.360,,319.456,334.054,
717773.020,,321.899,333.570,
717839.676,,319.881,329.181,
717906.336,,321.292,329.996,
717972.989,,320.140,332.811,
718039.651,,319.703,334.495,
718106.305,,319.831,336.449,
718172.966,,319.274,337.817,
718239.619,,319.428,333.641,
718306.281,,317.923,330.717,
718372.937,,318.514,329.413,
718439.598,,317.644,328.622,
718506.254,,318.212,328.309,
718572.908,,318.785,325.213,
718639.571,,318.006,327.291,
718706.224,,317.696,332.957,
718772.887,,318.189,331.673,
718839.543,,318.601,331.369,
718906.200,,320.146,328.850,
718972.859,,318.483,325.181,
719039.512,,317.863,326.152,
719106.174,,315.742,323.261,
719172.828,,313.956,325.692,
719239.486,,314.341,335.021,
719306.142,,314.345,345.180,
719372.803,,314.738,351.010,
719439.462,,314.733,349.496,
719506.119,,314.613,353.599,
719572.778,,315.216,358.933,
719639.436,,317.295,361.621,
719706.092,,315.209,360.500,
719772.752,,316.863,357.438,
719839.409,,317.253,348.117,
719906.063,,314.034,339.765,
719972.720,,315.013,335.285,
720039.380,,314.971,330.971,
720106.038,,314.850,332.424,
720172.697,,315.595,341.075,
720239.356,,319.905,344.198,
720306.010,,315.391,347.391,
720372.670,,317.839,350.216,
720439.330,,318.174,345.821,
720505.983,,317.852,343.750,
720572.644,,320.781,341.417,
720639.302,,320.829,338.824,
720705.957,,321.225,336.209,
720772.620,,320.888,333.240,
720839.274,,319.452,335.118,
720905.932,,319.005,334.860,
720972.590,,317.578,335.470,
721039.245,,316.943,338.208,
721105.908,,318.134,336.142,
721172.562,,316.143,334.523,
721239.220,,315.420,335.631,
721305.879,,315.892,337.043,
721372.535,,315.880,339.366,
721439.196,,316.758,336.257,
721505.854,,316.142,338.789,
721572.507,,315.790,339.251,
721639.168,,318.036,337.904,
721705.824,,317.887,337.415,
721772.481,,316.847,332.332,
721839.140,,317.483,328.665,
721905.797,,317.412,327.874,
721972.455,,317.949,327.205,
722039.111,,317.710,329.192,
722105.770,,316.964,327.298,
722172.432,,317.630,330.441,
722239.086,,316.980,332.031,
722305.747,,317.422,331.117,
722372.400,,317.828,325.513,
722439.062,,314.382,318.322,
722505.715,,312.894,319.500,
722572.375,,313.465,332.798,
722639.036,,316.405,346.647,
722705.690,,315.316,347.296,
722772.348,,315.486,346.635,
722839.008,,314.214,352.911,
722905.663,,315.795,354.041,
722972.326,,316.377,350.511,
723038.979,,315.662,342.104,
723105.637,,314.300,336.125,
723172.293,,314.431,332.277,
723238.956,,314.489,329.603,
723305.609,,316.638,328.192,
723372.272,,317.008,331.368,
723438.930,,316.858,329.658,
723505.581,,316.222,329.574,
723572.243,,315.287,330.447,
723638.899,,313.688,333.610,
723705.555,,313.956,337.518,
723772.212,,315.448,339.299,
723838.876,,315.474,338.660,
723905.531,,315.713,333.744,
723972.187,,316.343,329.943,
724038.844,,314.627,329.334,
724105.501,,315.210,332.636,
724172.162,,315.671,340.033,
724238.819,,314.399,349.810,
724305.474,,315.301,356.021,
724372.133,,315.234,353.884,
724438.792,,316.945,349.669,
724505.453,,318.313,347.275,
724572.105,,312.656,342.375,
724638.763,,312.265,342.016,
724705.427,,313.677,344.945,
724772.078,,316.537,348.048,
724838.736,,316.875,343.167,
724905.398,,315.587,338.390,
724972.054,,315.969,334.510,
725038.714,,315.638,337.528,
725105.369,,315.878,338.991,
725172.025,,315.908,335.632,
725238.684,,316.157,334.014,
725305.341,,315.981,336.961,
725372.001,,316.901,340.322,
725438.657,,316.893,338.109,
725505.315,,316.175,337.559,
725571.974,,315.413,341.458,
725638.634,,315.248,346.636,
725705.291,,315.557,347.206,
725771.949,,315.137,343.116,
725838.605,,314.873,340.759,
725905.264,,316.062,342.301,
725971.922,,316.251,340.794,
726038.577,,314.109,336.838,
726105.236,,310.183,339.661,
726171.898,,311.342,343.411,
726238.551,,309.087,347.470,
726305.208,,309.629,338.138,
726371.870,,312.394,335.837,
726438.524,,309.670,343.235,
726505.182,,309.423,343.394,
726571.841,,314.237,344.995,
726638.500,,311.340,349.275,
726705.155,,313.121,347.158,
726771.812,,313.800,350.610,
726838.471,,313.603,349.690,
726905.130,,314.655,347.334,
726971.789,,314.774,345.746,
727038.448,,313.667,348.031,
727105.104,,314.236,350.656,
727171.763,,312.264,350.255,
727238.421,,312.453,346.569,
727305.076,,310.748,341.686,
727371.731,,310.789,342.866,
727438.395,,309.969,335.217,
727505.049,,309.745,339.044,
727571.708,,310.721,342.043,
727638.368,,311.892,342.122,
727705.024,,313.912,338.487,
727771.682,,310.840,340.669,
727838.340,,313.691,345.423,
727904.994,,312.487,347.272,
727971.654,,314.504,345.971,
728038.310,,313.737,338.016,
728104.974,,312.318,334.162,
728171.631,,312.303,330.990,
728238.286,,311.627,332.224,
728304.944,,312.565,333.960,
728371.605,,313.490,334.708,
728438.259,,314.517,333.840,
728504.921,,314.192,336.494,
728571.576,,314.525,333.446,
728638.240,,314.033,329.639,
728704.896,,316.331,328.642,
728771.552,,315.261,327.284,
728838.215,,315.934,329.992,
728904.870,,315.932,330.197,
728971.526,,314.402,328.741,
729038.189,,313.883,329.337,
729104.845,,314.210,330.803,
729171.500,,313.370,327.716,
729238.160,,315.486,331.927,
729304.823,,316.561,335.818,
729371.477,,315.385,333.805,
729438.136,,314.264,337.144,
729504.794,,315.207,343.213,
729571.450,,316.090,344.573,
729638.110,,316.257,343.011,
729704.770,,314.658,338.361,
729771.425,,315.604,336.794,
729838.082,,317.254,335.933,
729904.744,,319.329,339.539,
729971.404,,322.399,337.982,
730038.061,,319.033,328.681,
730104.716,,316.744,324.056,
730171.375,,315.565,324.344,
730238.033,,318.667,327.914,
730304.692,,321.513,334.705,
730371.351,,322.370,339.318,
730438.007,,323.018,339.983,
730504.665,,323.100,336.892,
730571.325,,317.226,326.959,
730637.982,,311.172,330.751,
730704.642,,313.120,356.691,
730771.299,,315.880,375.340,
730837.962,,317.759,377.641,
730904.615,,319.044,380.062,
730971.276,,316.971,374.327,
731037.932,,318.592,363.911,
731104.590,,319.174,359.001,
731171.252,,316.459,348.709,
731237.905,,311.044,343.011,
731304.565,,314.697,342.345,
731371.226,,316.612,343.862,
731437.880,,317.722,352.877,
731504.538,,316.526,358.172,
731571.198,,317.026,360.828,
731637.857,,315.489,354.607,
731704.515,,315.622,348.484,
731771.171,,316.521,344.884,
731837.832,,316.256,342.095,
731904.492,,318.916,338.229,
731971.149,,320.966,336.119,
732037.805,,320.149,334.252,
732104.464,,318.769,325.491,
732171.122,,315.538,323.638,
732237.782,,316.355,323.195,
732304.440,,315.527,322.517,
732371.095,,311.885,320.504,
732437.758,,310.605,325.841,
732504.412,,313.602,335.817,
732571.069,,316.833,345.706,
732637.730,,317.397,343.807,
732704.389,,317.491,342.297,
732771.044,,315.959,348.967,
732837.705,,316.161,350.182,
732904.366,,316.994,351.048,
732971.023,,316.654,351.616,
733037.681,,318.015,346.352,
733104.339,,316.698,347.915,
733170.993,,316.312,345.884,
733237.653,,316.444,343.720,
733304.311,,315.872,343.850,
733370.968,,317.132,343.131,
733437.626,,316.956,339.008,
733504.288,,317.729,339.988,
733570.944,,318.011,341.366,
733637.605,,318.563,336.904,
733704.259,,315.571,328.375,
733770.921,,312.088,328.151,
733837.579,,314.897,333.010,
733904.236,,317.918,336.752,
733970.895,,319.480,341.536,
734037.551,,320.653,340.866,
734104.208,,317.383,342.972,
734170.866,,318.544,345.002,
734237.529,,317.351,344.015,
734304.187,,314.906,346.017,
734370.841,,315.922,347.238,
734437.500,,315.104,351.899,
734504.157,,314.696,359.307,
734570.819,,313.735,360.614,
734637.480,,313.126,359.352,
734704.136,,314.174,353.161,
734770.790,,313.750,346.996,
734837.450,,313.949,342.473,
734904.107,,314.230,338.822,
734970.768,,313.515,339.316,
735037.428,,313.750,340.043,
735104.082,,313.358,334.737,
735170.740,,313.487,331.652,
735237.399,,316.370,330.985,
735304.062,,315.611,330.894,
735370.715,,316.099,330.659,
735437.375,,316.978,329.630,
735504.034,,316.278,329.968,
735570.693,,318.360,326.762,
735637.352,,320.537,327.456,
735704.006,,321.690,321.165,
735770.668,,315.373,312.314,
735837.327,,310.905,311.076,
735903.981,,311.612,316.599,
735970.643,,314.016,327.930,
736037.298,,318.015,334.432,
736103.960,,318.711,335.885,
736170.614,,318.161,334.257,
736237.271,,317.344,334.363,
736303.933,,317.885,332.328,
736370.591,,316.802,329.460,
736437.244,,317.961,327.765,
736503.902,,320.460,324.411,
736570.567,,313.754,316.853,
736637.225,,310.144,314.949,
736703.877,,311.134,318.723,
736770.540,,315.525,324.866,
736837.197,,317.491,327.696,
736903.856,,318.555,330.972,
736970.515,,315.004,336.043,
737037.172,,315.577,339.586,
737103.829,,317.227,339.080,
737170.482,,316.625,335.668,
737237.144,,317.293,332.884,
737303.800,,318.294,336.504,
737370.463,,316.783,335.392,
737437.121,,319.337,336.635,
737503.779,,316.915,335.792,
737570.437,,318.042,335.830,
737637.090,,318.978,332.786,
737703.752,,317.456,332.542,
737770.409,,317.960,331.605,
737837.067,,316.822,329.477,
737903.723,,315.922,326.771,
737970.385,,313.138,323.105,
738037.042,,315.268,324.627,
738103.693,,315.698,323.165,
738170.359,,315.556,322.507,
738237.013,,317.574,320.911,
738303.675,,318.478,319.674,
738370.333,,317.072,318.099,
738436.992,,317.919,317.906,
738503.648,,317.652,320.650,
738570.307,,318.889,322.037,
738636.965,,319.956,321.964,
738703.624,,320.075,321.729,
738770.280,,319.562,320.607,
738836.934,,320.053,321.719,
738903.596,,318.567,323.490,
738970.254,,318.662,323.526,
739036.914,,316.880,326.540,
739103.566,,316.531,326.861,
739170.226,,316.631,328.128,
739236.889,,318.067,327.537,
739303.547,,319.694,327.953,
739370.205,,319.009,325.480,
739436.859,,318.078,325.472,
739503.520,,316.746,326.799,
739570.178,,317.849,325.040,
739636.833,,317.369,326.813,
739703.494,,317.930,327.307,
739770.152,,316.780,330.060,
739836.809,,319.380,332.217,
739903.464,,317.475,331.611,
739970.123,,317.711,332.552,
740036.783,,317.062,331.789,
740103.437,,318.121,333.546,
740170.101,,318.103,338.305,
740236.753,,319.179,338.810,
740303.404,,318.109,337.183,
740370.075,,317.787,336.063,
740436.733,,317.709,338.848,
740503.391,,317.236,339.368,
740570.047,,317.953,341.769,
740636.703,,317.896,342.551,
740703.366,,316.944,339.759,
740770.020,,317.320,335.687,
740836.679,,317.514,337.815,
740903.337,,316.622,341.222,
740969.995,,317.003,346.138,
741036.652,,315.663,358.753,
741103.308,,316.508,361.983,
741169.971,,316.440,362.532,
741236.629,,316.199,368.534,
741303.282,,314.945,367.380,
741369.941,,314.724,368.830,
741436.600,,314.466,380.458,
741503.263,,315.849,399.145,
741569.917,,314.312,401.347,
741636.577,,314.089,406.917,
741703.237,,315.005,420.813,
741769.893,,314.157,430.010,
741836.549,,315.143,425.077,
741903.209,,314.451,422.135,
741969.867,,315.385,408.883,
742036.522,,314.651,394.612,
742103.179,,314.700,382.658,
742169.843,,315.006,373.750,
742236.502,,315.603,365.688,
742303.158,,314.782,359.747,
742369.817,,314.984,359.603,
742436.474,,315.394,357.243,
742503.131,,315.625,350.953,
742569.792,,316.280,350.094,
742636.446,,316.232,344.820,
742703.103,,316.067,339.310,
742769.761,,316.210,333.927,
742836.424,,315.135,330.715,
742903.077,,314.321,330.063,
742969.735,,317.137,332.973,
743036.397,,316.639,336.883,
743103.050,,318.857,337.077,
743169.709,,316.899,332.488,
743236.371,,317.269,328.950,
743303.027,,316.994,326.870,
743369.683,,316.914,326.115,
743436.347,,315.307,324.475,
743503.005,,314.682,325.564,
743569.657,,314.839,326.328,
743636.319,,314.860,326.515,
743702.974,,315.417,323.118,
743769.634,,315.564,324.940,
743836.292,,317.442,333.691,
743902.952,,316.238,331.921,
743969.610,,315.993,331.931,
744036.264,,318.157,332.374,
744102.926,,318.420,331.449,
744169.581,,320.586,332.918,
744236.241,,320.727,334.318,
744302.894,,319.211,333.142,
744369.555,,317.386,332.341,
744436.213,,316.948,335.608,
744502.872,,317.347,337.894,
744569.528,,316.683,339.419,
744636.188,,313.143,335.926,
744702.840,,318.279,339.352,
744769.502,,318.857,336.821,
744836.158,,318.296,337.587,
744902.814,,316.001,339.476,
744969.478,,323.361,345.322,
745036.131,,319.356,350.957,
745102.788,,318.284,351.859,
745169.447,,318.957,356.766,
745236.106,,318.626,358.381,
745302.762,,317.962,366.972,
745369.425,,317.846,368.267,
745436.081,,317.113,360.811,
745502.737,,316.801,353.097,
745569.395,,315.130,345.093,
745636.052,,315.706,339.793,
745702.711,,315.570,339.414,
745769.365,,316.503,344.563,
745836.024,,316.498,343.654,
745902.686,,316.407,344.089,
745969.339,,317.469,343.585,
746035.996,,316.763,342.191,
746102.656,,317.576,345.653,
746169.312,,319.171,354.800,
746235.971,,319.695,360.024,
746302.629,,319.876,358.868,
746369.285,,319.116,370.373,
746435.945,,318.652,371.400,
746502.603,,320.096,370.293,
746569.262,,322.559,363.563,
746635.919,,319.218,356.491,
746702.577,,318.061,356.497,
746769.238,,319.534,353.910,
746835.893,,318.651,349.341,
746902.551,,319.040,343.003,
746969.211,,319.592,341.768,
747035.868,,319.363,339.529,
747102.527,,319.443,336.654,
747169.181,,317.523,332.619,
747235.837,,316.971,329.300,
747302.501,,317.177,327.828,
747369.156,,316.568,329.616,
747435.816,,316.195,331.210,
747502.472,,316.549,337.128,
747569.131,,317.727,341.095,
747635.786,,317.226,342.895,
747702.445,,318.720,339.853,
747769.100,,319.984,337.334,
747835.762,,319.810,333.427,
747902.421,,318.732,330.227,
747969.075,,318.401,330.525,
748035.735,,317.400,331.030,
748102.393,,317.438,333.383,
748169.049,,317.143,332.054,
748235.705,,315.381,334.665,
748302.365,,314.666,340.916,
748369.025,,314.873,340.435,
748435.680,,318.009,339.105,
748502.339,,318.238,333.080,
748568.997,,317.077,329.105,
748635.656,,318.626,328.038,
748702.310,,319.070,325.798,
748768.971,,317.620,328.504,
748835.624,,316.620,328.321,
748902.282,,317.223,325.854,
748968.945,,317.144,326.638,
749035.599,,317.711,327.351,
749102.255,,317.248,327.683,
749168.914,,317.487,331.366,
749235.573,,316.778,338.290,
749302.231,,316.229,337.331,
749368.891,,316.482,332.400,
749435.549,,316.108,329.784,
749502.203,,317.103,327.631,
749568.859,,316.256,330.449,
749635.520,,316.793,336.012,
749702.178,,316.586,336.875,
749768.839,,315.702,336.207,
749835.494,,315.989,332.975,
749902.148,,315.746,334.344,
749968.810,,315.060,331.868,
750035.466,,316.960,329.271,
750102.123,,316.256,327.841,
750168.780,,314.147,332.028,
750235.441,,314.420,337.022,
750302.096,,315.289,335.976,
750368.759,,314.987,339.578,
750435.411,,314.230,353.111,
750502.073,,314.622,359.703,
750568.726,,315.522,359.484,
750635.390,,314.384,368.406,
750702.045,,314.014,376.037,
750768.702,,313.666,388.268,
750835.361,,313.900,392.392,
750902.019,,313.676,393.200,
750968.673,,312.825,383.640,
751035.335,,313.019,371.851,
751101.991,,314.602,365.299,
751168.649,,316.477,362.537,
751235.305,,317.043,354.904,
751301.969,,318.464,347.565,
751368.622,,319.023,344.817,
751435.279,,318.431,336.483,
751501.936,,315.338,333.540,
751568.599,,315.129,329.513,
751635.258,,315.265,331.285,
751701.909,,315.389,332.324,
751768.567,,314.371,333.651,
751835.227,,313.615,333.441,
751901.885,,313.715,332.712,
751968.541,,314.732,337.446,
752035.203,,314.089,344.794,
752101.858,,314.256,354.597,
752168.522,,313.169,354.654,
752235.179,,313.857,355.504,
752301.834,,315.705,358.965,
752368.496,,314.955,356.804,
752435.151,,314.116,358.115,
752501.811,,314.318,360.580,
752568.470,,314.833,357.759,
752635.124,,314.755,353.206,
752701.784,,314.908,349.115,
752768.443,,313.831,343.831,
752835.100,,314.611,339.712,
752901.762,,315.118,339.854,
752968.419,,314.618,335.753,
753035.076,,316.359,330.448,
753101.736,,315.606,326.540,
753168.391,,315.713,324.194,
753235.054,,316.191,323.715,
753301.707,,318.694,323.611,
753368.365,,317.739,324.492,
753435.029,,316.785,327.234,
753501.683,,318.202,334.328,
753568.341,,317.395,337.374,
753635.004,,316.744,336.097,
753701.660,,316.184,337.274,
753768.320,,315.792,336.223,
753834.979,,316.368,331.388,
753901.636,,316.517,329.690,
753968.290,,315.939,329.061,
754034.950,,314.797,338.588,
754101.607,,313.602,346.699,
754168.269,,314.441,349.369,
754234.927,,315.040,349.733,
754301.581,,315.492,346.171,
754368.243,,314.701,341.783,
754434.897,,314.153,338.885,
754501.560,,314.544,339.451,
754568.215,,315.644,339.798,
754634.873,,313.749,337.771,
754701.533,,313.518,337.753,
754768.193,,313.421,340.982,
754834.848,,313.750,347.149,
754901.508,,315.249,345.484,
754968.168,,316.727,339.799,
755034.827,,316.124,335.609,
755101.480,,315.827,331.659,
755168.140,,315.156,330.608,
755234.800,,314.600,331.221,
755301.455,,315.876,330.023,
755368.116,,315.365,331.811,
755434.773,,315.602,330.878,
755501.430,,315.357,327.206,
755568.091,,314.762,326.257,
755634.751,,315.147,325.656,
755701.411,,315.597,324.109,
755768.066,,315.344,322.296,
755834.721,,316.098,320.626,
755901.385,,315.825,323.584,
755968.039,,315.292,330.596,
756034.702,,316.567,334.881,
756101.359,,316.865,337.488,
756168.013,,316.033,335.717,
756234.675,,315.664,333.287,
756301.329,,316.127,333.674,
756367.991,,315.407,331.874,
756434.646,,315.916,333.954,
756501.309,,316.757,335.631,
756567.963,,316.075,335.146,
756634.623,,316.288,332.483,
756701.278,,315.541,332.728,
756767.943,,316.116,336.523,
756834.599,,316.057,342.339,
756901.253,,315.809,345.345,
756967.916,,315.583,349.291,
757034.572,,314.902,348.210,
757101.231,,315.078,347.987,
757167.892,,315.814,349.176,
757234.551,,317.276,346.208,
757301.207,,320.657,342.928,
757367.866,,321.533,342.934,
757434.519,,320.453,338.609,
757501.181,,319.746,339.912,
757567.841,,318.693,339.865,
757634.499,,317.550,341.115,
757701.158,,317.910,343.353,
757767.817,,318.563,355.926,
757834.475,,318.046,351.472,
757901.130,,316.710,347.605,
757967.786,,316.448,343.813,
758034.445,,317.780,338.847,
758101.106,,317.291,335.648,
758167.764,,319.892,334.467,
758234.423,,319.895,334.734,
758301.079,,319.868,332.305,
758367.739,,319.450,334.556,
758434.400,,320.210,334.708,
758501.052,,318.932,332.050,
758567.716,,318.493,331.063,
758634.373,,318.177,329.640,
758701.028,,317.672,326.298,
758767.687,,315.631,324.437,
758834.344,,314.374,325.265,
758901.007,,314.778,323.759,
758967.666,,311.951,324.276,
759034.320,,314.409,323.979,
759100.981,,316.141,326.256,
759167.638,,320.475,327.425,
759234.296,,318.095,328.141,
759300.951,,318.932,328.921,
759367.615,,315.141,329.371,
759434.273,,313.798,329.403,
759500.929,,313.378,331.611,
759567.590,,313.123,334.935,
759634.248,,314.364,334.378,
759700.902,,314.916,332.046,
759767.563,,314.015,330.893,
759834.221,,314.059,330.853,
759900.878,,314.554,330.038,
759967.537,,314.667,332.451,
760034.194,,313.805,330.677,
760100.856,,313.623,329.197,
760167.514,,312.781,326.199,
760234.170,,312.783,323.442,
760300.834,,313.941,324.188,
760367.488,,316.156,326.861,
760434.150,,317.190,328.121,
760500.806,,317.998,329.311,
760567.463,,319.006,330.071,
760634.125,,318.791,333.054,
760700.783,,319.137,333.041,
760767.442,,318.654,338.207,
760834.100,,317.678,339.732,
760900.756,,317.418,336.794,
760967.415,,317.418,332.493,
761034.074,,314.527,329.373,
761100.736,,316.168,332.002,
761167.393,,316.250,348.946,
761234.050,,316.035,366.160,
761300.710,,315.466,367.426,
761367.371,,315.487,366.078,
761434.031,,315.551,362.808,
761500.683,,315.675,354.833,
761567.344,,315.990,348.128,
761634.002,,315.805,343.020,
761700.661,,315.934,339.589,
761767.319,,315.635,338.126,
761833.982,,316.351,337.842,
761900.640,,315.694,337.156,
761967.299,,315.619,333.657,
762033.957,,315.870,330.419,
762100.616,,316.211,331.105,
762167.274,,316.355,332.161,
762233.932,,317.431,328.874,
762300.589,,315.758,330.392,
762367.250,,316.038,328.249,
762433.905,,316.829,328.766,
762500.563,,317.628,328.120,
762567.226,,316.312,328.363,
762633.882,,315.601,334.442,
762700.543,,315.548,336.898,
762767.202,,315.654,338.626,
762833.857,,316.555,339.058,
762900.517,,318.421,336.968,
762967.178,,317.935,334.534,
763033.838,,315.585,340.994,
763100.493,,316.365,346.056,
763167.152,,317.257,349.721,
763233.814,,317.206,355.317,
763300.470,,316.982,357.356,
763367.126,,317.862,355.724,
763433.789,,318.222,349.655,
763500.447,,317.168,344.225,
763567.103,,316.550,340.423,
763633.765,,316.632,339.578,
763700.424,,317.122,337.694,
763767.083,,315.234,337.710,
763833.741,,318.052,334.271,
763900.394,,317.130,329.758,
763967.055,,317.770,329.610,
764033.716,,317.018,328.808,
764100.371,,320.461,330.285,
764167.034,,319.055,328.047,
764233.692,,318.939,328.550,
764300.351,,318.407,334.054,
764367.006,,316.746,338.456,
764433.669,,314.681,336.809,
764500.324,,310.958,336.477,
764566.982,,311.414,339.549,
764633.641,,312.376,343.299,
764700.301,,312.316,349.989,
764766.959,,312.963,351.874,
764833.618,,312.992,350.307,
764900.274,,312.049,350.397,
764966.936,,313.841,353.855,
765033.597,,312.242,352.929,
765100.254,,312.962,350.714,
765166.909,,313.410,355.314,
765233.567,,313.878,356.383,
765300.229,,312.626,351.526,
765366.884,,314.041,344.012,
765433.545,,313.174,341.512,
765500.204,,314.705,341.494,
765566.860,,315.549,348.463,
765633.522,,314.413,343.607,
765700.180,,314.050,341.642,
765766.841,,313.138,337.460,
765833.496,,314.832,333.019,
765900.156,,313.512,331.910,
765966.816,,313.827,331.916,
766033.473,,314.462,334.108,
766100.128,,314.648,335.581,
766166.789,,315.562,335.473,
766233.447,,317.344,332.312,
766300.107,,316.168,330.815,
766366.769,,316.813,326.973,
766433.427,,316.221,326.014,
766500.087,,316.666,324.163,
766566.746,,315.837,324.509,
766633.400,,315.255,321.927,
766700.063,,316.670,320.483,
766766.721,,317.412,319.377,
766833.379,,317.159,318.955,
766900.035,,314.947,319.520,
766966.691,,316.114,326.380,
767033.351,,317.694,331.963,
767100.010,,317.594,337.047,
767166.671,,317.234,336.088,
767233.330,,315.614,337.573,
767299.990,,313.532,343.499,
767366.643,,313.874,349.902,
767433.306,,314.422,355.731,
767499.964,,313.171,362.250,
767566.620,,313.466,360.277,
767633.283,,313.432,352.621,
767699.937,,313.410,344.896,
767766.595,,313.260,342.604,
767833.260,,313.792,345.331,
767899.912,,313.846,349.984,
767966.573,,313.682,358.931,
768033.230,,313.511,367.501,
768099.889,,313.614,368.866,
768166.546,,313.889,362.179,
768233.203,,310.860,359.764,
768299.866,,316.201,355.024,
768366.522,,316.472,349.791,
768433.179,,317.021,348.577,
768499.838,,315.702,347.037,
768566.494,,315.038,344.725,
768633.153,,315.363,347.726,
768699.811,,315.187,351.531,
768766.468,,315.106,356.730,
768833.131,,315.260,354.718,
768899.786,,310.694,350.052,
768966.446,,315.905,353.743,
769033.106,,316.934,352.208,
769099.765,,317.194,351.967,
769166.418,,317.725,350.486,
769233.081,,317.984,348.717,
769299.735,,318.250,344.231,
769366.395,,316.910,339.177,
769433.055,,316.606,332.012,
769499.710,,316.706,329.475,
769566.373,,316.661,327.205,
769633.028,,316.575,325.876,
769699.686,,316.727,326.496,
769766.344,,316.916,325.657,
769833.004,,317.259,328.095,
769899.663,,318.928,327.906,
769966.319,,317.211,329.250,
770032.981,,315.715,332.460,
770099.633,,317.711,333.940,
770166.295,,316.919,335.346,
770232.949,,317.466,334.006,
770299.613,,316.546,331.030,
770366.271,,315.973,328.265,
770432.927,,315.811,329.824,
770499.588,,315.887,340.956,
770566.245,,315.988,342.588,
770632.902,,315.754,336.947,
770699.559,,315.293,332.502,
770766.216,,315.792,330.168,
770832.874,,316.506,329.619,
770899.535,,315.331,332.393,
770966.193,,316.150,335.223,
771032.853,,316.480,333.448,
771099.507,,317.644,332.214,
771166.165,,318.294,334.524,
771232.824,,319.310,337.069,
771299.483,,318.519,339.427,
771366.140,,318.848,343.404,
771432.802,,318.500,344.224,
771499.458,,318.726,341.659,
771566.118,,319.003,337.410,
771632.776,,318.950,335.687,
771699.432,,318.940,338.313,
771766.091,,319.310,341.741,
771832.748,,320.918,347.748,
771899.409,,320.408,346.657,
771966.063,,321.513,352.639,
772032.721,,322.012,357.129,
772099.379,,320.956,363.782,
772166.038,,320.792,371.720,
772232.700,,320.645,367.623,
772299.356,,320.572,365.178,
772366.015,,320.253,362.001,
772432.671,,320.209,358.744,
772499.330,,320.429,355.457,
772565.986,,318.719,344.139,
772632.647,,315.571,343.994,
772699.304,,316.073,339.036,
772765.961,,316.621,337.934,
772832.623,,317.078,337.446,
772899.281,,317.155,335.423,
772965.937,,316.465,333.539,
773032.600,,316.559,334.462,
773099.258,,316.452,335.383,
773165.915,,316.457,336.996,
773232.571,,317.102,337.256,
773299.229,,318.134,339.289,
773365.885,,315.975,339.492,
773432.548,,315.400,340.754,
773499.201,,315.073,340.266,
773565.864,,317.222,338.786,
773632.523,,316.202,337.015,
773699.180,,315.881,334.609,
773765.836,,316.574,333.472,
773832.493,,315.721,344.057,
773899.150,,314.766,356.278,
773965.813,,315.088,364.214,
774032.468,,316.345,364.870,
774099.126,,315.981,363.043,
774165.787,,316.008,357.489,
774232.448,,315.993,350.629,
774299.100,,315.834,346.348,
774365.761,,316.221,344.450,
774432.419,,316.267,342.783,
774499.077,,316.082,339.066,
774565.732,,315.949,334.597,
774632.392,,316.573,332.074,
774699.050,,314.589,330.477,
774765.710,,312.188,322.571,
774832.369,,312.381,326.151,
774899.030,,314.432,326.438,
774965.681,,314.660,326.953,
775032.344,,315.096,328.699,
775099.003,,315.572,333.352,
775165.658,,316.837,333.918,
775232.317,,316.786,331.646,
775298.979,,315.246,330.464,
775365.632,,315.697,327.884,
775432.291,,315.213,325.150,
775498.949,,316.114,323.251,
775565.607,,316.391,321.479,
775632.270,,316.529,320.178,
775698.927,,316.357,320.185,
775765.585,,316.934,320.716,
775832.242,,316.320,328.593,
775898.900,,316.244,339.805,
775965.555,,315.325,343.277,
776032.216,,316.021,344.475,
776098.872,,316.002,342.414,
776165.528,,315.770,336.866,
776232.187,,316.865,332.435,
776298.846,,317.409,332.673,
776365.504,,315.983,332.697,
776432.160,,315.235,332.264,
776498.815,,316.078,332.789,
776565.474,,316.271,334.651,
776632.133,,316.778,333.645,
776698.791,,315.776,333.998,
776765.445,,316.973,336.324,
776832.105,,316.088,339.363,
776898.766,,316.415,344.432,
776965.419,,317.391,346.904,
777032.076,,316.492,346.561,
777098.739,,315.948,342.825,
777165.393,,316.570,345.419,
777232.049,,317.195,351.897,
777298.705,,317.650,354.974,
777365.367,,316.807,352.253,
777432.027,,317.985,350.820,
777498.678,,319.192,350.137,
777565.336,,318.697,349.098,
777631.994,,318.133,352.365,
777698.655,,319.064,356.187,
777765.309,,319.209,351.982,
777831.969,,319.196,348.456,
777898.629,,318.971,354.784,
777965.282,,317.849,362.321,
778031.944,,317.740,361.233,
778098.598,,318.014,355.711,
778165.255,,318.135,350.049,
778231.914,,317.740,348.164,
778298.574,,318.194,346.976,
778365.232,,319.511,339.024,
778431.887,,320.715,333.484,
778498.545,,316.487,327.313,
778565.206,,315.733,325.835,
778631.862,,315.737,323.054,
778698.520,,315.652,322.013,
778765.173,,316.977,322.005,
778831.831,,316.631,324.377,
778898.493,,317.473,324.765,
778965.151,,315.869,325.278,
779031.806,,317.208,324.727,
779098.465,,317.552,328.568,
779165.122,,318.687,336.063,
779231.781,,319.535,344.594,
779298.438,,316.300,350.257,
779365.096,,316.456,352.265,
779431.755,,316.062,349.369,
779498.408,,318.554,348.691,
779565.067,,319.369,345.818,
779631.728,,318.827,341.820,
779698.383,,317.796,337.684,
779765.039,,317.343,332.966,
779831.697,,316.949,333.072,
779898.355,,317.354,334.533,
779965.016,,317.953,336.935,
780031.670,,317.878,338.134,
780098.325,,317.440,338.214,
780164.989,,317.219,340.174,
780231.645,,316.689,336.883,
780298.298,,316.212,333.243,
780364.957,,315.548,331.206,
780431.616,,316.484,330.688,
780498.274,,316.187,329.640,
780564.931,,315.511,329.238,
780631.590,,317.785,330.203,
780698.249,,318.255,330.139,
780764.904,,317.098,331.456,
780831.560,,315.001,339.963,
780898.221,,315.114,345.532,
780964.877,,315.076,345.799,
781031.538,,317.399,345.338,
781098.193,,319.964,348.859,
781164.852,,316.872,342.954,
781231.510,,316.900,347.532,
781298.168,,318.075,354.249,
781364.822,,318.226,357.128,
781431.484,,316.378,351.955,
781498.141,,315.468,346.328,
781564.798,,314.465,341.503,
781631.455,,317.260,342.696,
781698.109,,314.772,335.703,
781764.770,,316.424,337.358,
781831.427,,316.143,334.950,
781898.085,,315.538,333.190,
781964.742,,314.283,333.914,
782031.398,,314.627,335.534,
782098.060,,314.750,337.676,
782164.714,,314.098,333.999,
782231.373,,314.128,329.140,
782298.032,,314.092,327.461,
782364.686,,313.918,326.331,
782431.342,,312.998,322.048,
782497.999,,313.207,320.969,
782564.660,,313.275,324.094,
782631.318,,314.644,328.846,
782697.973,,316.635,330.387,
782764.631,,317.500,333.257,
782831.290,,314.587,332.230,
782897.948,,312.831,335.564,
782964.603,,316.244,336.431,
783031.266,,316.509,335.418,
783097.920,,316.910,337.399,
783164.576,,316.080,334.052,
783231.234,,315.631,329.824,
783297.896,,313.990,329.651,
783364.550,,314.147,330.204,
783431.208,,314.607,330.934,
783497.869,,314.246,334.805,
783564.523,,316.833,340.702,
783631.182,,316.946,340.414,
783697.841,,315.952,338.836,
783764.497,,316.125,335.022,
783831.155,,314.641,332.245,
783897.813,,313.812,331.423,
783964.469,,315.315,330.540,
784031.129,,315.212,360.292,
784097.784,,315.171,387.292,
784164.443,,315.768,396.778,
784231.099,,316.106,415.827,
784297.761,,315.437,436.462,
784364.420,,315.654,438.179,
784431.073,,315.660,434.068,
784497.732,,315.910,428.949,
784564.390,,315.744,427.296,
784631.047,,314.986,424.260,
784697.710,,315.904,421.626,
784764.363,,315.971,406.055,
784831.021,,315.897,397.762,
784897.682,,315.554,385.659,
784964.341,,315.912,377.530,
785030.993,,316.720,369.766,
785097.653,,316.081,360.726,
785164.313,,315.488,358.368,
785230.968,,315.662,352.587,
785297.630,,316.231,348.870,
785364.286,,315.581,344.567,
785430.944,,314.970,343.496,
785497.602,,315.690,344.698,
785564.259,,316.160,347.559,
785630.915,,318.577,342.111,
785697.574,,315.676,335.600,
785764.230,,315.491,339.089,
785830.892,,318.686,346.131,
785897.552,,319.003,348.383,
785964.204,,317.566,346.482,
786030.867,,317.906,342.824,
786097.520,,317.397,337.915,
786164.180,,317.547,335.930,
786230.835,,317.505,338.897,
786297.496,,318.464,345.682,
786364.156,,316.651,352.995,
786430.814,,316.053,355.479,
786497.469,,316.722,358.431,
786564.131,,316.377,356.068,
786630.782,,315.727,355.783,
786697.445,,316.117,354.795,
786764.103,,316.226,353.033,
786830.762,,316.214,349.985,
786897.418,,316.736,345.899,
786964.074,,318.344,340.169,
787030.730,,316.867,336.544,
787097.390,,317.028,334.029,
787164.050,,317.187,331.742,
787230.709,,318.013,330.878,
787297.364,,317.335,327.150,
787364.019,,316.477,324.471,
787430.681,,316.696,322.236,
787497.342,,317.437,321.805,
787564.000,,318.096,322.554,
787630.657,,316.737,318.867,
787697.315,,316.786,320.570,
787763.972,,316.953,321.102,
787830.628,,317.333,323.326,
787897.289,,316.562,349.746,
787963.943,,316.293,352.794,
788030.600,,317.541,348.615,
788097.263,,316.815,347.729,
788163.917,,316.136,352.527,
788230.576,,315.346,363.225,
788297.236,,316.461,373.217,
788363.888,,320.897,370.633,
788430.548,,318.837,374.344,
788497.209,,318.394,368.189,
788563.866,,317.714,362.823,
788630.526,,318.946,360.000,
788697.181,,318.718,365.487,
788763.839,,317.309,370.167,
788830.496,,316.406,367.593,
788897.153,,316.931,360.922,
788963.811,,316.379,352.898,
789030.470,,316.984,348.251,
789097.129,,317.038,349.425,
789163.786,,316.302,350.506,
789230.444,,316.232,357.322,
789297.102,,315.745,364.879,
789363.761,,316.934,367.867,
789430.420,,316.071,369.885,
789497.077,,315.701,370.450,
789563.734,,314.660,364.511,
789630.391,,314.424,355.103,
789697.046,,314.757,350.366,
789763.710,,314.715,350.021,
789830.363,,314.932,346.751,
789897.021,,314.510,352.709,
789963.681,,316.869,361.066,
790030.341,,317.051,363.783,
790096.997,,316.994,364.078,
790163.654,,317.030,358.335,
790230.309,,316.660,348.197,
790296.967,,314.461,343.748,
790363.626,,317.858,346.315,
790430.286,,318.010,347.179,
790496.946,,316.169,341.906,
790563.604,,315.442,336.838,
790630.259,,314.187,334.867,
790696.918,,315.013,341.569,
790763.579,,316.470,346.001,
790830.236,,317.667,350.289,
790896.894,,317.439,355.818,
790963.548,,316.778,354.077,
791030.204,,315.706,352.634,
791096.868,,316.290,349.551,
791163.521,,316.684,346.680,
791230.178,,317.005,341.609,
791296.836,,318.298,334.600,
791363.498,,314.929,329.473,
791430.153,,314.936,334.235,
791496.815,,315.726,342.231,
791563.467,,316.722,348.029,
791630.126,,317.019,356.586,
791696.788,,318.007,358.369,
791763.442,,318.488,356.858,
791830.103,,317.309,351.934,
791896.757,,317.261,346.539,
791963.415,,318.313,340.093,
792030.072,,315.208,338.912,
792096.733,,314.262,345.176,
792163.391,,314.597,354.091,
792230.048,,315.560,359.904,
792296.707,,317.022,358.020,
792363.362,,316.342,354.450,
792430.024,,316.183,350.002,
792496.680,,316.561,345.450,
792563.334,,316.908,340.452,
792629.997,,316.018,334.215,
792696.654,,316.393,332.916,
792763.308,,315.288,331.363,
792829.969,,314.576,327.480,
792896.623,,314.264,324.754,
792963.287,,315.060,322.595,
793029.940,,313.986,319.030,
793096.600,,314.258,320.514,
793163.254,,314.836,323.928,
793229.917,,315.723,326.483,
793296.570,,317.407,330.537,
793363.230,,317.044,329.585,
793429.891,,316.232,332.560,
793496.546,,315.422,335.185,
793563.204,,315.085,347.181,
793629.861,,314.343,359.756,
793696.522,,317.146,365.596,
793763.175,,318.161,362.127,
793829.836,,317.523,357.073,
793896.493,,316.523,351.434,
793963.149,,316.753,345.236,
794029.805,,317.212,338.207,
794096.465,,315.082,335.018,
794163.124,,315.221,335.985,
794229.779,,315.759,336.660,
794296.436,,315.841,341.816,
794363.095,,314.929,343.673,
794429.755,,315.251,345.385,
794496.409,,315.386,347.713,
794563.071,,315.360,351.579,
794629.728,,314.587,359.061,
794696.387,,316.318,369.830,
794763.044,,317.823,373.007,
794829.702,,317.999,373.881,
794896.361,,318.108,367.713,
794963.017,,317.725,362.940,
795029.675,,317.549,359.198,
795096.331,,316.224,356.251,
795162.988,,315.745,353.579,
795229.646,,314.619,355.029,
795296.302,,314.052,359.294,
795362.964,,313.225,364.957,
795429.620,,312.484,376.789,
795496.280,,313.150,389.767,
795562.934,,316.388,397.163,
795629.593,,315.167,396.063,
795696.253,,314.911,391.949,
795762.908,,315.683,383.862,
795829.570,,315.358,376.920,
795896.222,,315.425,369.427,
795962.883,,316.490,361.018,
796029.543,,315.051,356.385,
796096.198,,313.867,356.228,
796162.859,,312.795,358.565,
796229.516,,315.643,363.070,
796296.172,,311.987,352.824,
796362.829,,313.975,347.371,
796429.485,,314.378,342.870,
796496.143,,313.411,341.249,
796562.801,,312.927,340.514,
796629.460,,313.907,347.790,
796696.117,,312.294,343.130,
796762.777,,313.842,339.062,
796829.432,,314.094,335.344,
796896.093,,314.096,332.758,
796962.752,,313.957,332.890,
797029.404,,314.124,337.721,
797096.065,,313.534,340.617,
797162.720,,313.179,340.283,
797229.381,,312.866,343.604,
797296.040,,313.101,347.113,
797362.699,,313.415,347.459,
797429.356,,313.538,345.863,
797496.014,,313.048,343.610,
797562.673,,312.992,340.665,
797629.324,,313.072,341.943,
797695.988,,312.388,339.223,
797762.641,,312.220,334.343,
797829.301,,311.868,330.847,
797895.957,,311.095,330.315,
797962.616,,312.458,331.726,
798029.276,,312.869,335.923,
798095.933,,312.284,338.635,
798162.588,,312.334,339.077,
798229.249,,312.454,338.324,
798295.906,,312.775,336.673,
798362.562,,312.343,333.995,
798429.223,,311.213,336.829,
798495.881,,312.776,341.093,
798562.539,,312.746,343.407,
798629.195,,313.379,345.720,
798695.849,,312.519,347.772,
798762.509,,312.171,345.741,
798829.165,,313.403,351.148,
798895.827,,313.022,352.110,
798962.479,,310.093,352.328,
799029.142,,313.838,351.463,
799095.795,,311.533,356.858,
799162.454,,313.682,360.753,
799229.114,,312.775,362.100,
799295.768,,313.277,360.784,
799362.428,,312.550,362.808,
799429.090,,312.426,360.430,
799495.747,,312.402,359.802,
799562.404,,312.817,354.682,
799629.062,,312.671,350.814,
799695.715,,312.426,347.544,
799762.374,,312.347,347.871,
799829.030,,311.846,348.964,
799895.689,,312.423,343.980,
799962.348,,313.325,339.850,
800029.008,,311.414,333.157,
800095.668,,312.638,336.254,
800162.321,,312.407,334.038,
800228.980,,312.245,336.244,
800295.642,,311.044,338.970,
800362.298,,312.463,347.335,
800428.958,,311.775,349.885,
800495.614,,311.500,351.389,
800562.273,,312.167,351.492,
800628.928,,312.643,352.032,
800695.586,,313.152,367.179,
800762.246,,312.248,371.341,
800828.908,,311.906,357.195,
800895.565,,311.426,372.122,
800962.222,,312.257,367.587,
801028.882,,311.465,367.014,
801095.537,,313.328,356.871,
801162.193,,313.495,350.380,
801228.852,,312.784,345.622,
801295.509,,312.831,344.334,
801362.167,,311.941,342.884,
801428.829,,312.152,340.437,
801495.487,,312.375,336.212,
801562.147,,312.454,333.094,
801628.804,,312.636,333.728,
801695.457,,312.482,339.670,
801762.120,,312.611,345.056,
801828.773,,312.012,335.627,
801895.431,,312.818,337.478,
801962.092,,312.360,332.284,
802028.750,,312.608,330.854,
802095.408,,312.208,329.493,
802162.065,,311.682,334.880,
802228.724,,312.840,340.525,
802295.385,,312.969,341.614,
802362.044,,313.516,342.502,
802428.699,,313.368,343.979,
802495.360,,313.501,343.194,
802562.013,,313.970,344.713,
802628.676,,313.659,343.166,
802695.335,,313.704,340.621,
802761.990,,313.215,336.773,
802828.650,,312.619,335.846,
802895.303,,312.452,338.075,
802961.965,,312.641,337.530,
803028.622,,313.174,343.572,
803095.280,,315.800,351.798,
803161.942,,312.505,355.259,
803228.595,,319.705,359.519,
803295.253,,319.633,347.263,
803361.915,,314.141,346.036,
803428.568,,319.782,348.205,
803495.232,,316.075,338.915,
803561.886,,317.480,337.785,
803628.547,,315.872,332.090,
803695.204,,310.667,332.627,
803761.862,,313.925,332.719,
803828.519,,312.942,331.381,
803895.181,,310.720,334.771,
803961.835,,313.452,338.501,
804028.495,,313.201,328.222,
804095.153,,309.790,330.355,
804161.810,,314.747,329.714,
804228.472,,314.421,327.133,
804295.127,,311.213,327.486,
804361.786,,314.027,329.073,
804428.443,,314.974,326.611,
804495.101,,309.966,327.337,
804561.759,,314.552,329.703,
804628.415,,314.846,327.027,
804695.074,,311.675,324.985,
804761.733,,314.314,326.670,
804828.390,,313.978,323.084,
804895.047,,313.283,326.958,
804961.708,,313.317,327.256,
805028.365,,311.604,325.281,
805095.022,,313.102,330.355,
805161.679,,314.548,331.226,
805228.342,,311.962,326.867,
805294.996,,316.808,328.840,
805361.656,,319.876,324.485,
805428.314,,316.018,323.064,
805494.972,,318.692,322.541,
805561.633,,313.595,317.198,
805628.289,,314.302,319.880,
805694.944,,313.928,318.042,
805761.606,,312.254,319.775,
805828.261,,313.459,321.964,
805894.918,,312.395,321.566,
805961.577,,311.970,318.350,
806028.240,,313.400,320.398,
806094.898,,315.247,322.535,
806161.556,,315.368,323.953,
806228.213,,315.429,324.780,
806294.871,,315.695,326.409,
806361.526,,314.686,328.760,
806428.189,,314.309,331.682,
806494.843,,314.520,332.405,
806561.504,,314.482,339.423,
806628.163,,315.275,342.429,
806694.816,,314.476,339.288,
806761.476,,314.581,335.988,
806828.138,,315.196,333.293,
806894.794,,316.036,334.003,
806961.452,,316.211,335.292,
807028.106,,314.897,338.996,
807094.769,,313.871,336.927,
807161.426,,314.564,337.936,
807228.084,,315.169,336.104,
807294.742,,314.479,339.055,
807361.401,,314.902,338.997,
807428.057,,314.938,339.650,
807494.717,,313.974,342.850,
807561.372,,315.348,353.718,
807628.035,,316.660,356.816,
807694.694,,314.854,350.886,
807761.346,,318.209,349.344,
807828.010,,317.673,341.640,
807894.665,,314.226,340.171,
807961.320,,318.256,338.965,
808027.978,,317.560,328.206,
808094.635,,316.466,332.958,
808161.300,,318.321,323.541,
808227.957,,312.168,321.616,
808294.611,,313.311,320.516,
808361.273,,311.725,316.822,
808427.928,,312.233,319.004,
808494.586,,311.961,317.885,
808561.241,,310.652,320.779,
808627.904,,311.909,326.311,
808694.557,,312.019,324.388,
808761.219,,309.041,325.858,
808827.878,,312.038,326.863,
808894.535,,313.672,332.171,
808961.188,,312.303,338.919,
809027.852,,316.907,340.917,
809094.507,,316.251,331.863,
809161.166,,313.200,333.334,
809227.824,,315.559,333.427,
809294.478,,313.291,327.550,
809361.138,,312.629,333.217,
809427.796,,315.336,333.863,
809494.454,,312.259,331.155,
809561.109,,313.508,333.966,
809627.769,,313.170,331.771,
809694.429,,310.485,330.119,
809761.085,,314.127,332.868,
809827.745,,313.410,327.823,
809894.405,,312.099,332.735,
809961.061,,312.728,335.521,
810027.714,,311.415,333.279,
810094.373,,311.682,331.690,
810161.031,,311.853,327.652,
810227.693,,310.297,328.213,
810294.351,,313.906,327.160,
810361.008,,314.443,325.882,
810427.662,,312.571,326.074,
810494.324,,312.901,325.613,
810560.979,,313.185,327.300,
810627.637,,313.351,330.113,
810694.296,,313.646,330.348,
810760.952,,311.980,338.638,
810827.614,,313.483,349.259,
810894.269,,313.631,348.012,
810960.928,,313.386,343.365,
811027.586,,314.225,341.011,
811094.241,,312.487,339.151,
811160.898,,313.493,339.728,
811227.556,,314.654,338.315,
811294.214,,313.545,339.350,
811360.876,,315.393,338.771,
811427.531,,315.202,333.036,
811494.191,,314.011,329.957,
811560.850,,312.965,323.020,
811627.504,,311.604,325.532,
811694.164,,314.468,322.708,
811760.819,,313.409,319.551,
811827.481,,313.764,319.574,
811894.140,,313.880,320.109,
811960.797,,314.900,317.550,
812027.450,,313.061,322.044,
812094.108,,316.875,327.019,
812160.767,,315.951,328.483,
812227.428,,314.818,330.772,
812294.088,,317.231,334.678,
812360.745,,319.450,336.564,
812427.398,,318.055,345.319,
812494.058,,318.276,343.412,
812560.716,,315.996,343.409,
812627.374,,314.505,336.609,
812694.034,,313.439,334.762,
812760.694,,313.247,331.483,
812827.351,,310.516,331.956,
812894.006,,311.808,334.801,
812960.665,,311.638,332.464,
813027.322,,311.136,332.173,
813093.982,,312.889,329.493,
813160.635,,313.177,325.008,
813227.293,,312.044,321.855,
813293.951,,311.560,321.141,
813360.612,,310.283,321.813,
813427.271,,312.086,324.217,
813493.926,,315.201,323.586,
813560.585,,314.001,323.650,
813627.244,,313.444,327.696,
813693.899,,316.399,333.642,
813760.560,,317.395,338.507,
813827.220,,313.617,332.460,
813893.871,,312.965,334.493,
813960.532,,314.655,332.483,
814027.192,,315.441,331.646,
814093.848,,314.662,327.800,
814160.507,,312.711,331.325,
814227.163,,315.844,328.037,
814293.821,,316.128,328.319,
814360.484,,316.607,330.333,
814427.140,,317.771,329.061,
814493.792,,318.246,329.744,
814560.456,,317.608,329.597,
814627.108,,319.153,326.305,
814693.771,,314.949,328.165,
814760.429,,314.583,330.587,
814827.083,,312.508,329.150,
814893.746,,314.073,331.690,
814960.401,,315.358,330.209,
815027.058,,315.295,330.527,
815093.719,,317.118,330.895,
815160.373,,315.649,329.434,
815227.030,,315.640,330.347,
815293.688,,316.040,329.400,
815360.351,,314.758,328.860,
815427.009,,314.330,335.084,
815493.661,,313.282,335.358,
815560.321,,310.568,336.200,
815626.977,,311.267,331.935,
815693.637,,312.329,328.054,
815760.292,,312.490,327.869,
815826.953,,315.528,329.413,
815893.609,,315.434,323.992,
815960.271,,313.503,322.935,
816026.931,,314.064,322.264,
816093.586,,311.929,321.801,
816160.243,,313.422,323.213,
816226.903,,313.082,324.487,
816293.562,,313.473,325.729,
816360.222,,314.658,326.733,
816426.876,,315.118,323.659,
816493.536,,314.285,325.561,
816560.197,,316.645,328.879,
816626.855,,316.806,328.505,
816693.515,,315.153,328.129,
816760.169,,316.647,332.059,
816826.829,,315.512,337.703,
816893.492,,316.544,340.629,
816960.150,,319.148,344.902,
817026.804,,315.338,344.996,
817093.465,,315.458,347.105,
817160.120,,316.074,347.432,
817226.782,,318.857,345.560,
817293.443,,317.910,343.847,
817360.095,,317.838,339.524,
817426.757,,317.756,336.918,
817493.418,,317.152,335.274,
817560.072,,318.602,330.981,
817626.733,,315.940,328.373,
817693.389,,316.041,329.529,
817760.046,,316.631,329.614,
817826.707,,318.061,331.419,
817893.370,,318.832,333.658,
817960.028,,317.991,334.607,
818026.683,,318.316,331.866,
818093.342,,315.255,329.625,
818160.002,,314.312,325.681,
818226.659,,313.330,324.614,
818293.316,,313.069,321.516,
818359.979,,313.445,322.662,
818426.638,,312.505,325.476,
818493.291,,313.999,327.724,
818559.955,,313.615,332.489,
818626.607,,313.958,335.136,
818693.268,,315.030,333.980,
818759.929,,316.083,334.721,
818826.583,,315.034,333.380,
818893.247,,314.900,331.253,
818959.906,,314.704,334.390,
819026.564,,315.843,334.109,
819093.223,,317.133,330.988,
819159.879,,315.511,330.719,
819226.535,,315.355,330.798,
819293.198,,316.804,332.200,
819359.852,,316.857,343.657,
819426.514,,315.275,340.059,
819493.171,,315.050,340.340,
819559.826,,314.007,338.757,
819626.490,,314.587,337.753,
819693.149,,314.603,335.502,
819759.805,,313.614,336.984,
819826.465,,314.425,341.440,
819893.124,,315.899,341.813,
819959.780,,315.537,340.046,
820026.439,,314.728,340.425,
820093.098,,314.663,339.314,
820159.759,,315.349,339.731,
820226.418,,316.553,335.066,
820293.073,,317.680,330.192,
820359.735,,315.715,331.102,
820426.391,,317.874,332.228,
820493.049,,316.101,333.150,
820559.706,,316.313,335.253,
820626.365,,317.033,333.012,
820693.022,,316.230,333.042,
820759.681,,316.290,333.706,
820826.338,,315.906,336.780,
820893.001,,315.747,332.482,
820959.662,,317.345,331.522,
821026.319,,316.555,330.130,
821092.978,,317.800,327.331,
821159.631,,315.882,330.097,
821226.295,,315.799,327.046,
821292.953,,315.624,324.212,
821359.610,,315.019,324.061,
821426.265,,315.257,330.613,
821492.928,,314.207,335.412,
821559.583,,314.106,332.194,
821626.243,,314.861,328.851,
821692.900,,314.497,328.993,
821759.564,,316.130,333.419,
821826.217,,316.063,340.236,
821892.875,,315.214,355.855,
821959.536,,315.322,350.937,
822026.196,,313.772,343.222,
822092.856,,314.175,338.382,
822159.510,,314.457,335.582,
822226.173,,314.183,337.507,
822292.829,,314.382,339.164,
822359.490,,314.329,339.200,
822426.146,,314.165,334.199,
822492.804,,315.910,334.032,
822559.460,,316.995,334.160,
822626.124,,316.207,331.467,
822692.781,,316.243,333.665,
822759.440,,316.204,335.405,
822826.094,,315.576,335.461,
822892.759,,316.052,335.442,
822959.414,,315.419,337.197,
823026.071,,315.573,339.741,
823092.733,,319.310,339.877,
823159.388,,321.660,339.502,
823226.051,,319.962,337.636,
823292.705,,319.974,336.563,
823359.366,,320.104,340.118,
823426.023,,319.556,340.544,
823492.684,,319.654,343.308,
823559.341,,322.418,339.916,
823626.003,,320.733,333.521,
823692.660,,319.960,330.204,
823759.318,,319.893,328.611,
823825.979,,319.551,328.469,
823892.636,,319.231,327.281,
823959.292,,319.125,327.674,
824025.950,,317.110,325.485,
824092.609,,316.235,326.825,
824159.266,,317.512,324.717,
824225.918,,316.965,324.524,
824292.576,,313.602,330.962,
824359.238,,318.381,334.787,
824425.892,,315.857,334.424,
824492.550,,316.141,337.381,
824559.207,,315.902,341.459,
824625.866,,317.089,341.415,
824692.524,,316.749,343.256,
824759.179,,317.084,342.272,
824825.836,,315.553,337.743,
824892.495,,315.161,336.127,
824959.156,,315.656,336.365,
825025.815,,317.903,336.603,
825092.469,,318.619,337.103,
825159.128,,319.390,334.253,
825225.783,,320.484,333.382,
825292.443,,320.380,330.870,
825359.102,,320.271,330.359,
825425.756,,318.331,327.966,
825492.417,,315.600,331.239,
825559.070,,319.591,338.541,
825625.732,,319.634,336.918,
825692.391,,319.827,335.025,
825759.048,,320.175,330.674,
825825.707,,320.009,327.104,
825892.363,,319.587,325.497,
825959.019,,318.863,321.020,
826025.679,,317.743,321.547,
826092.338,,317.526,321.876,
826158.996,,319.250,325.292,
826225.652,,318.529,332.491,
826292.306,,318.651,339.550,
826358.963,,322.173,336.201,
826425.619,,319.577,335.961,
826492.281,,319.460,332.939,
826558.940,,316.738,336.669,
826625.597,,316.807,333.366,
826692.256,,315.654,330.996,
826758.913,,315.171,331.566,
826825.571,,314.935,330.930,
826892.230,,317.419,333.133,
826958.886,,318.236,333.963,
827025.540,,317.218,332.342,
827092.197,,315.801,333.566,
827158.859,,317.888,332.750,
827225.516,,317.426,328.601,
827292.171,,317.665,332.753,
827358.829,,318.787,333.607,
827425.489,,318.369,332.201,
827492.142,,316.061,326.407,
827558.800,,315.412,331.520,
827625.462,,316.079,335.255,
827692.115,,317.116,335.054,
827758.773,,317.285,335.432,
827825.435,,318.293,341.267,
827892.091,,319.149,343.412,
827958.750,,317.215,338.666,
828025.405,,316.709,336.491,
828092.064,,318.651,337.949,
828158.718,,318.181,337.528,
828225.378,,319.168,332.921,
828292.036,,319.306,326.753,
828358.692,,314.269,325.042,
828425.351,,320.403,328.032,
828492.006,,319.778,327.916,
828558.666,,319.516,328.776,
828625.324,,319.854,326.714,
828691.983,,318.537,325.587,
828758.640,,316.696,324.057,
828825.300,,317.160,323.958,
828891.953,,317.719,325.778,
828958.615,,316.465,320.602,
829025.273,,314.145,320.981,
829091.927,,316.248,324.003,
829158.588,,316.851,324.990,
829225.246,,316.298,324.297,
829291.900,,316.737,325.792,
829358.555,,317.373,327.636,
829425.217,,317.461,329.802,
829491.876,,315.485,331.240,
829558.532,,314.467,335.230,
829625.188,,315.120,336.245,
829691.847,,315.571,341.402,
829758.502,,315.791,346.522,
829825.161,,315.089,357.553,
829891.820,,314.919,356.579,
829958.476,,315.498,352.001,
830025.138,,314.924,346.191,
830091.793,,314.997,349.170,
830158.448,,314.665,346.860,
830225.109,,314.781,348.584,
830291.762,,315.188,345.685,
830358.424,,315.184,345.798,
830425.078,,315.409,343.635,
830491.741,,315.779,337.606,
830558.399,,314.553,334.097,
830625.054,,313.346,332.874,
830691.708,,314.378,334.138,
830758.365,,314.595,335.047,
830825.024,,315.704,332.310,
830891.684,,314.786,333.911,
830958.338,,313.631,330.885,
831024.999,,316.557,333.676,
831091.658,,316.190,334.004,
831158.316,,316.718,336.955,
831224.969,,315.381,337.624,
831291.631,,317.574,344.337,
831358.290,,320.640,344.802,
831424.945,,321.178,342.158,
831491.601,,319.650,336.571,
831558.262,,319.220,334.194,
831624.915,,319.144,330.013,
831691.578,,318.595,328.138,
831758.229,,317.864,327.084,
831824.892,,316.384,325.855,
831891.552,,316.568,327.294,
831958.209,,316.033,326.648,
832024.864,,314.847,333.648,
832091.525,,315.142,336.939,
832158.181,,316.227,340.195,
832224.841,,315.629,344.469,
832291.495,,315.267,341.276,
832358.152,,315.101,343.259,
832424.815,,315.256,337.240,
832491.471,,314.165,337.102,
832558.129,,314.709,335.132,
832624.789,,315.673,335.894,
832691.443,,316.592,340.758,
832758.101,,316.528,344.540,
832824.759,,316.420,345.792,
832891.420,,315.856,343.637,
832958.080,,315.885,337.796,
833024.734,,315.451,332.223,
833091.395,,316.700,329.509,
833158.054,,316.826,331.957,
833224.711,,319.667,331.014,
833291.370,,317.487,331.800,
833358.023,,317.943,331.189,
833424.685,,316.311,328.744,
833491.343,,315.192,329.673,
833558.001,,316.360,328.413,
833624.655,,315.165,325.862,
833691.315,,314.061,325.410,
833757.973,,314.425,323.550,
833824.630,,314.645,327.927,
833891.292,,314.587,331.349,
833957.947,,315.221,326.957,
834024.605,,315.259,324.060,
834091.263,,315.787,322.253,
834157.923,,315.460,319.010,
834224.582,,316.337,319.069,
834291.235,,317.046,319.052,
834357.893,,316.367,319.679,
834424.554,,315.557,324.145,
834491.216,,316.488,325.922,
834557.872,,315.801,325.783,
834624.526,,314.430,327.804,
834691.186,,317.699,329.980,
834757.842,,316.973,329.623,
834824.504,,317.669,332.297,
834891.163,,315.624,329.828,
834957.816,,314.038,328.553,
835024.478,,314.087,331.425,
835091.135,,313.865,332.132,
835157.793,,314.222,330.289,
835224.454,,314.575,333.517,
835291.108,,311.645,330.354,
835357.764,,311.852,329.205,
835424.427,,313.672,332.523,
835491.082,,313.903,329.023,
835557.740,,312.764,327.275,
835624.397,,311.352,326.677,
835691.058,,312.253,325.903,
835757.713,,313.577,327.348,
835824.374,,315.407,330.756,
835891.031,,314.335,333.930,
835957.688,,311.091,327.122,
836024.349,,311.680,330.864,
836091.005,,313.979,329.154,
836157.665,,312.679,330.055,
836224.321,,312.697,336.020,
836290.981,,312.676,334.643,
836357.638,,314.600,336.287,
836424.300,,315.173,334.951,
836490.951,,315.143,331.610,
836557.616,,315.443,329.362,
836624.271,,315.064,325.825,
836690.927,,313.111,321.962,
836757.589,,311.089,323.187,
836824.245,,313.376,323.141,
836890.905,,312.871,322.036,
836957.564,,313.077,325.606,
837024.218,,313.794,327.974,
837090.874,,314.192,331.941,
837157.538,,316.033,329.707,
837224.195,,316.709,332.358,
837290.854,,316.856,337.138,
837357.509,,317.351,335.577,
837424.167,,316.764,333.567,
837490.824,,315.002,334.621,
837557.484,,313.218,331.502,
837624.144,,312.617,343.126,
837690.797,,315.348,345.329,
837757.455,,315.029,344.455,
837824.117,,314.874,338.093,
837890.773,,313.280,336.000,
837957.432,,312.939,334.819,
838024.093,,313.966,333.550,
838090.751,,313.416,331.083,
838157.404,,313.023,327.850,
838224.063,,313.473,326.725,
838290.726,,314.637,327.744,
838357.382,,314.888,325.594,
838424.040,,313.749,325.505,
838490.699,,314.892,324.024,
838557.353,,315.119,325.323,
838624.013,,313.855,328.239,
838690.670,,316.173,329.471,
838757.328,,315.293,330.910,
838823.989,,316.635,330.980,
838890.644,,314.836,327.715,
838957.305,,316.643,326.882,
839023.963,,316.088,322.094,
839090.619,,316.005,319.588,
839157.274,,315.022,320.031,
839223.932,,315.697,320.430,
839290.590,,315.901,324.196,
839357.250,,315.157,324.575,
839423.911,,316.214,323.914,
839490.567,,317.718,321.965,
839557.223,,315.627,319.879,
839623.885,,315.890,320.570,
839690.539,,315.717,333.916,
839757.201,,315.529,352.094,
839823.856,,315.080,350.009,
839890.513,,315.647,351.096,
839957.175,,314.926,349.042,
840023.831,,316.321,343.732,
840090.486,,315.498,341.088,
840157.145,,314.175,335.449,
840223.800,,313.413,336.715,
840290.459,,313.435,338.349,
840357.113,,315.267,338.327,
840423.776,,316.054,339.665,
840490.429,,315.149,338.037,
840557.090,,314.921,334.153,
840623.746,,316.038,332.131,
840690.399,,315.188,331.088,
840757.058,,314.194,329.947,
840823.715,,313.730,327.673,
840890.371,,314.143,325.651,
840957.033,,315.143,321.549,
841023.691,,314.873,322.132,
841090.347,,314.501,320.047,
841157.004,,316.018,318.487,
841223.657,,314.431,318.165,
841290.320,,315.327,318.938,
841356.978,,314.082,316.796,
841423.636,,316.126,319.151,
841490.287,,319.099,322.130,
841556.947,,318.866,322.289,
841623.605,,318.326,323.047,
841690.261,,316.553,323.257,
841756.918,,316.203,323.014,
841823.579,,316.013,324.319,
841890.233,,315.372,324.184,
841956.890,,316.807,323.373,
842023.547,,316.215,320.790,
842090.202,,315.574,318.805,
842156.862,,315.617,320.764,
842223.520,,315.953,321.505,
842290.176,,317.945,324.027,
842356.833,,318.444,329.799,
842423.492,,317.659,330.780,
842490.151,,316.703,334.104,
842556.804,,313.897,334.155,
842623.465,,312.408,333.317,
842690.122,,311.379,338.267,
842756.781,,310.855,343.050,
842823.436,,312.444,346.999,
842890.089,,311.967,344.615,
842956.749,,312.935,345.806,
843023.407,,311.586,348.154,
843090.067,,312.767,343.819,
843156.719,,311.760,344.361,
843223.379,,313.445,344.973,
843290.037,,314.551,343.331,
843356.695,,320.172,342.892,
843423.351,,320.771,339.200,
843490.005,,321.240,336.172,
843556.668,,321.765,333.736,
843623.323,,320.632,328.915,
843689.982,,317.465,324.357,
843756.640,,316.335,323.877,
843823.295,,314.915,326.505,
843889.950,,317.802,334.161,
843956.609,,315.859,338.134,
844023.264,,314.602,347.134,
844089.920,,315.870,345.547,
844156.578,,314.986,338.432,
844223.239,,314.491,333.651,
844289.896,,315.390,331.889,
844356.554,,318.211,330.104,
844423.211,,319.210,326.873,
844489.870,,318.971,325.330,
844556.527,,319.302,321.702,
844623.180,,315.759,318.345,
844689.839,,313.656,323.643,
844756.499,,316.241,323.788,
844823.155,,315.338,321.689,
844889.813,,313.952,320.605,
844956.468,,314.714,321.460,
845023.126,,313.147,325.834,
845089.784,,314.474,330.865,
845156.439,,315.434,331.668,
845223.095,,316.903,331.014,
845289.754,,318.389,329.316,
845356.409,,313.967,326.840,
845423.071,,315.361,329.027,
845489.723,,316.321,331.169,
845556.385,,316.334,335.906,
845623.037,,315.792,335.286,
845689.695,,315.427,331.440,
845756.357,,315.145,329.008,
845823.012,,316.742,329.834,
845889.670,,318.372,330.267,
845956.326,,317.087,332.012,
846022.986,,319.249,335.516,
846089.641,,318.064,339.326,
846156.302,,316.396,342.715,
846222.958,,314.809,342.618,
846289.612,,318.411,343.962,
846356.272,,315.848,341.117,
846422.931,,315.271,350.730,
846489.583,,316.176,354.801,
846556.241,,316.712,350.953,
846622.903,,318.811,354.160,
846689.558,,319.520,353.367,
846756.211,,318.440,345.482,
846822.872,,317.531,340.475,
846889.527,,317.179,334.663,
846956.185,,317.671,331.590,
847022.845,,317.155,329.508,
847089.500,,317.283,324.946,
847156.155,,315.722,322.169,
847222.813,,312.203,318.521,
847289.470,,312.216,317.822,
847356.131,,313.707,320.244,
847422.787,,312.700,321.057,
847489.447,,314.296,323.797,
847556.104,,314.946,327.736,
847622.761,,317.561,330.362,
847689.413,,318.767,334.288,
847756.072,,318.676,333.982,
847822.731,,318.705,333.920,
847889.390,,317.177,329.851,
847956.051,,315.506,330.190,
848022.708,,316.731,331.401,
848089.369,,316.420,334.859,
848156.030,,315.861,334.521,
848222.688,,314.960,329.074,
848289.348,,314.026,331.186,
848356.008,,317.216,331.436,
848422.663,,314.607,333.255,
848489.324,,315.447,338.027,
848555.984,,316.572,339.194,
848622.644,,318.041,341.491,
848689.298,,316.634,339.817,
848755.958,,317.121,339.711,
848822.619,,314.697,340.388,
848889.278,,317.229,340.687,
848955.935,,315.453,340.673,
849022.595,,315.564,340.004,
849089.260,,314.651,336.092,
849155.915,,314.541,332.893,
849222.574,,315.426,332.423,
849289.232,,315.852,333.997,
849355.895,,317.544,334.929,
849422.552,,316.902,334.982,
849489.211,,315.330,331.388,
849555.871,,314.901,332.169,
849622.532,,314.043,329.519,
849689.193,,314.713,329.321,
849755.847,,313.891,327.573,
849822.512,,313.502,326.693,
849889.168,,313.718,327.356,
849955.827,,315.939,328.091,
850022.490,,314.467,325.176,
850089.144,,315.205,330.759,
850155.806,,314.852,338.054,
850222.467,,316.057,336.439,
850289.121,,315.700,334.219,
850355.785,,314.608,329.029,
850422.442,,314.379,327.764,
850489.101,,313.626,324.020,
850555.759,,313.789,323.682,
850622.424,,314.978,324.428,
850689.082,,316.155,326.895,
850755.738,,317.859,326.385,
850822.399,,317.813,325.932,
850889.059,,315.741,328.398,
850955.714,,316.622,335.493,
851022.375,,315.733,334.786,
851089.039,,314.471,333.611,
851155.695,,314.341,333.976,
851222.355,,314.631,331.742,
851289.011,,315.372,332.527,
851355.672,,315.116,340.275,
851422.333,,314.546,347.725,
851488.994,,315.033,341.297,
851555.654,,313.286,336.475,
851622.310,,314.005,334.537,
851688.968,,313.526,333.873,
851755.625,,313.150,336.533,
851822.291,,313.332,338.107,
851888.950,,312.529,336.524,
851955.607,,313.446,337.504,
852022.266,,314.144,335.902,
852088.923,,318.344,333.033,
852155.581,,318.459,333.055,
852222.245,,318.321,339.876,
852288.901,,318.856,341.941,
852355.559,,318.805,339.526,
852422.219,,317.700,338.456,
852488.880,,315.505,340.555,
852555.540,,314.617,335.702,
852622.196,,314.994,340.220,
852688.857,,318.065,345.354,
852755.519,,317.160,342.238,
852822.176,,318.885,339.440,
852888.839,,318.806,335.919,
852955.495,,318.774,335.361,
853022.153,,319.161,333.729,
853088.816,,317.903,333.497,
853155.471,,316.705,329.746,
853222.133,,316.300,325.948,
853288.793,,315.353,322.220,
853355.449,,314.877,319.591,
853422.114,,313.952,320.679,
853488.770,,314.504,328.966,
853555.430,,316.026,330.597,
853622.088,,316.193,327.956,
853688.750,,315.858,324.271,
853755.409,,314.857,320.817,
853822.069,,316.110,319.907,
853888.729,,316.369,320.545,
853955.384,,317.453,320.906,
854022.045,,315.395,319.286,
854088.705,,317.249,324.256,
854155.365,,317.098,326.155,
854222.020,,316.404,323.540,
854288.685,,316.123,328.095,
854355.338,,315.369,324.615,
854421.998,,316.190,320.905,
854488.663,,313.189,318.205,
854555.317,,314.601,319.906,
854621.977,,314.740,321.119,
854688.635,,313.917,324.739,
854755.300,,315.108,334.400,
854821.959,,317.824,331.970,
854888.614,,314.985,330.639,
854955.276,,315.220,336.389,
855021.933,,318.575,345.203,
855088.595,,317.126,344.214,
855155.253,,317.743,342.984,
855221.914,,314.303,337.057,
855288.568,,313.243,340.513,
855355.229,,315.347,344.413,
855421.893,,315.722,340.990,
855488.550,,315.063,343.420,
855555.206,,315.663,342.208,
855621.868,,315.673,337.710,
855688.528,,315.497,336.382,
855755.183,,314.839,338.951,
855821.848,,314.036,343.344,
855888.500,,314.306,338.288,
855955.158,,314.735,333.991,
856021.817,,314.058,332.332,
856088.476,,316.919,334.534,
856155.135,,318.480,336.368,
856221.794,,318.892,336.574,
856288.449,,319.713,332.858,
856355.111,,318.204,329.027,
856421.768,,317.337,326.009,
856488.424,,317.212,323.334,
856555.086,,315.174,323.039,
856621.740,,314.514,328.603,
856688.400,,313.837,336.047,
856755.059,,312.430,339.013,
856821.714,,311.935,338.495,
856888.372,,311.736,342.233,
856955.029,,311.893,350.431,
857021.692,,310.926,354.289,
857088.348,,312.391,357.153,
857155.007,,312.373,363.389,
857221.665,,312.885,360.893,
857288.318,,312.658,354.915,
857354.980,,313.262,351.379,
857421.640,,315.065,349.122,
857488.293,,315.094,348.533,
857554.953,,314.685,348.078,
857621.613,,315.667,344.040,
857688.266,,315.227,340.835,
857754.924,,314.241,339.072,
857821.581,,315.112,337.561,
857888.242,,315.211,335.994,
857954.898,,315.532,334.941,
858021.558,,315.931,335.123,
858088.214,,314.718,334.146,
858154.876,,312.799,336.910,
858221.530,,313.115,334.897,
858288.192,,314.095,336.575,
858354.847,,313.285,333.147,
858421.509,,311.949,333.386,
858488.164,,311.701,335.469,
858554.818,,315.287,335.571,
858621.479,,315.424,338.378,
858688.138,,315.356,336.552,
858754.795,,314.245,335.795,
858821.454,,315.053,333.974,
858888.111,,315.342,331.346,
858954.771,,316.165,331.131,
859021.426,,315.985,328.070,
859088.085,,315.900,328.030,
859154.741,,315.541,327.518,
859221.404,,315.762,327.240,
859288.062,,316.751,330.703,
859354.716,,316.113,335.105,
859421.378,,316.335,335.667,
859488.030,,316.359,336.138,
859554.691,,316.125,329.167,
859621.346,,312.373,325.736,
859688.004,,313.388,325.190,
859754.664,,313.713,324.196,
859821.320,,313.720,325.709,
859887.980,,314.036,330.844,
859954.640,,314.984,335.482,
860021.299,,314.913,344.401,
860087.952,,313.635,349.471,
860154.612,,314.926,345.994,
860221.269,,315.173,343.256,
860287.928,,316.881,343.766,
860354.585,,315.931,341.407,
860421.247,,316.172,339.967,
860487.906,,317.976,338.753,
860554.558,,318.774,341.560,
860621.216,,317.813,341.408,
860687.873,,317.199,335.076,
860754.536,,314.281,332.676,
860821.190,,315.560,333.689,
860887.847,,315.621,334.894,
860954.509,,316.278,336.234,
861021.163,,316.649,331.415,
861087.825,,314.694,333.542,
861154.484,,317.636,338.452,
861221.141,,317.231,335.370,
861287.801,,317.002,332.652,
861354.457,,317.358,330.952,
861421.117,,316.619,330.106,
861487.770,,317.087,332.936,
861554.430,,317.258,330.929,
861621.086,,317.094,330.302,
861687.745,,317.127,336.649,
861754.406,,317.039,339.098,
861821.058,,317.626,341.213,
861887.716,,317.299,337.674,
861954.380,,316.762,337.743,
862021.039,,318.253,336.368,
862087.690,,318.678,331.976,
862154.348,,318.016,331.163,
862221.011,,318.028,331.753,
862287.668,,317.847,330.505,
862354.326,,317.911,332.148,
862420.983,,317.139,330.263,
862487.638,,315.726,332.269,
862554.301,,314.980,332.336,
862620.960,,314.823,335.102,
862687.617,,314.092,335.609,
862754.276,,314.123,334.982,
862820.929,,314.644,337.395,
862887.591,,314.761,343.806,
862954.245,,314.684,342.176,
863020.904,,315.208,339.854,
863087.564,,315.483,338.474,
863154.222,,315.716,336.281,
863220.875,,314.368,336.880,
863287.534,,315.595,340.638,
863354.191,,316.534,342.593,
863420.851,,316.413,346.727,
863487.508,,318.400,346.019,
863554.165,,317.219,346.764,
863620.825,,316.386,343.966,
863687.483,,314.947,344.989,
863754.144,,316.238,343.712,
863820.798,,315.912,344.135,
863887.461,,315.773,347.188,
863954.113,,315.570,343.751,
864020.775,,315.932,345.334,
864087.434,,314.861,343.615,
864154.086,,314.835,338.215,
864220.744,,314.940,340.361,
864287.402,,315.640,339.666,
864354.061,,316.563,337.942,
864420.723,,315.385,335.421,
864487.380,,314.950,333.815,
864554.038,,314.362,330.907,
864620.692,,315.155,330.918,
864687.354,,315.300,329.825,
864754.010,,316.108,328.819,
864820.669,,314.865,330.850,
864887.327,,313.461,331.637,
864953.986,,313.329,331.811,
865020.640,,313.809,332.912,
865087.300,,315.139,331.801,
865153.954,,314.386,333.027,
865220.613,,313.563,333.416,
865287.275,,315.043,335.303,
865353.932,,315.640,340.421,
865420.588,,316.088,344.789,
865487.247,,316.008,348.608,
865553.908,,314.964,345.154,
865620.560,,314.624,342.016,
865687.222,,316.028,342.335,
865753.875,,316.406,340.992,
865820.533,,315.855,335.866,
865887.195,,315.705,332.087,
865953.849,,315.084,331.206,
866020.506,,314.505,329.451,
866087.166,,314.675,329.518,
866153.825,,314.176,332.477,
866220.481,,313.583,332.387,
866287.143,,315.254,333.753,
866353.802,,316.665,330.320,
866420.457,,314.786,325.047,
866487.117,,312.965,323.984,
866553.771,,314.019,327.980,
866620.431,,314.255,324.622,
866687.091,,314.060,325.192,
866753.746,,314.667,327.064,
866820.407,,314.644,329.485,
866887.059,,314.263,331.995,
866953.719,,315.559,328.715,
867020.380,,315.553,326.133,
867087.038,,314.823,327.349,
867153.693,,313.967,326.905,
867220.350,,314.160,326.706,
867287.007,,314.188,324.122,
867353.670,,315.667,327.855,
867420.323,,314.405,330.033,
867486.985,,315.337,329.171,
867553.637,,315.054,327.402,
867620.296,,316.289,332.329,
867686.958,,315.260,331.573,
867753.612,,316.345,330.717,
867820.270,,313.802,329.068,
867886.931,,313.573,328.308,
867953.587,,313.181,328.538,
868020.247,,314.566,329.154,
868086.904,,314.850,327.049,
868153.560,,315.470,328.110,
868220.218,,314.766,326.388,
868286.878,,315.086,329.761,
868353.535,,314.350,330.611,
868420.193,,313.137,326.548,
868486.848,,315.454,327.308,
868553.508,,314.705,323.511,
868620.167,,313.292,322.126,
868686.827,,313.604,319.413,
868753.480,,312.588,319.468,
868820.138,,312.241,321.936,
868886.801,,311.702,324.208,
868953.454,,313.555,325.492,
869020.111,,314.298,325.576,
869086.774,,314.173,327.315,
869153.426,,314.272,330.074,
869220.086,,316.515,333.473,
869286.745,,317.776,342.356,
869353.400,,316.198,344.860,
869420.063,,318.045,348.396,
869486.717,,318.167,345.244,
869553.377,,317.584,339.852,
869620.031,,316.001,336.072,
869686.694,,316.172,334.087,
869753.352,,315.446,333.366,
869820.006,,316.024,334.313,
869886.664,,318.411,336.294,
869953.321,,318.514,334.959,
870019.985,,318.304,334.576,
870086.642,,318.132,335.773,
870153.296,,317.089,340.495,
870219.956,,317.365,352.999,
870286.612,,319.139,348.653,
870353.272,,318.780,343.802,
870419.927,,316.957,345.396,
870486.587,,317.637,355.203,
870553.247,,317.063,367.932,
870619.901,,316.030,361.646,
870686.562,,317.417,353.924,
870753.218,,315.777,347.765,
870819.877,,316.024,341.996,
870886.535,,316.356,338.815,
870953.189,,315.745,335.038,
871019.847,,315.744,332.825,
871086.509,,316.515,333.409,
871153.163,,317.839,330.758,
871219.826,,312.757,326.606,
871286.483,,312.913,325.079,
871353.136,,314.180,326.966,
871419.798,,314.391,328.380,
871486.458,,315.042,332.896,
871553.112,,314.953,332.218,
871619.772,,314.398,331.318,
871686.431,,315.000,330.731,
871753.086,,314.943,332.699,
871819.747,,315.266,333.366,
871886.399,,313.670,332.683,
871953.056,,316.274,329.459,
872019.715,,315.806,327.324,
872086.375,,314.727,323.558,
872153.029,,314.244,326.143,
872219.692,,314.826,330.198,
872286.350,,313.510,330.007,
872353.006,,312.564,329.981,
872419.663,,313.426,328.131,
872486.320,,313.818,329.226,
872552.981,,314.071,327.681,
872619.633,,315.858,328.126,
872686.293,,313.852,326.070,
872752.950,,314.316,327.323,
872819.613,,315.842,326.444,
872886.270,,315.793,325.861,
872952.922,,317.814,326.478,
873019.583,,316.343,324.573,
873086.239,,316.656,323.629,
873152.900,,315.087,322.515,
873219.559,,314.196,326.140,
873286.211,,314.594,328.379,
873352.868,,313.360,329.429,
873419.525,,311.746,327.543,
873486.188,,310.089,331.631,
873552.846,,310.931,335.967,
873619.501,,312.124,333.155,
873686.156,,312.520,328.307,
873752.818,,312.937,325.620,
873819.477,,312.915,322.436,
873886.132,,312.976,323.213,
873952.791,,314.136,322.075,
874019.447,,311.671,324.511,
874086.103,,312.237,324.614,
874152.766,,312.657,324.118,
874219.424,,313.252,325.382,
874286.078,,311.548,322.561,
874352.733,,312.414,321.719,
874419.392,,311.284,320.679,
874486.050,,313.516,320.437,
874552.710,,312.930,321.520,
874619.366,,312.381,323.188,
874686.028,,312.092,327.881,
874752.679,,311.603,335.422,
874819.340,,312.448,334.731,
874885.997,,312.812,335.919,
874952.656,,312.988,334.762,
875019.312,,311.836,330.721,
875085.974,,312.741,330.856,
875152.631,,312.536,334.401,
875219.288,,313.338,334.154,
875285.942,,312.115,335.926,
875352.604,,312.623,336.130,
875419.257,,314.135,334.733,
875485.916,,315.188,332.137,
875552.577,,314.374,330.693,
875619.233,,315.192,329.800,
875685.890,,314.217,327.969,
875752.549,,314.600,324.863,
875819.201,,312.663,322.669,
875885.861,,312.556,321.649,
875952.521,,313.344,321.836,
876019.175,,313.518,322.361,
876085.836,,312.429,321.073,
876152.492,,312.801,320.438,
876219.153,,312.049,320.841,
876285.812,,313.123,320.176,
876352.470,,312.293,321.221,
876419.123,,312.308,320.356,
876485.779,,311.856,320.626,
876552.443,,312.140,321.638,
876619.099,,311.428,324.161,
876685.753,,311.548,325.922,
876752.411,,311.332,326.575,
876819.068,,311.949,333.562,
876885.729,,311.711,333.668,
876952.386,,311.842,332.692,
877019.040,,312.766,331.982,
877085.702,,313.411,328.096,
877152.355,,311.055,326.645,
877219.020,,312.887,325.256,
877285.674,,315.098,326.148,
877352.330,,316.521,325.042,
877418.991,,316.001,322.618,
877485.645,,315.281,321.451,
877552.302,,314.602,320.393,
877618.963,,314.838,318.997,
877685.616,,314.708,320.330,
877752.278,,314.238,317.836,
877818.938,,313.416,317.515,
877885.593,,314.042,320.387,
877952.251,,315.813,325.661,
878018.911,,315.609,330.872,
878085.565,,315.226,334.489,
878152.221,,316.151,334.484,
878218.882,,316.713,333.105,
878285.539,,315.139,331.055,
878352.195,,315.236,331.865,
878418.856,,314.527,329.864,
878485.510,,312.456,331.315,
878552.172,,311.587,330.970,
878618.830,,313.276,333.686,
878685.488,,315.014,335.067,
878752.140,,314.913,334.629,
878818.800,,313.910,336.702,
878885.459,,314.455,350.992,
878952.118,,314.906,371.856,
879018.773,,316.145,377.774,
879085.434,,316.790,377.816,
879152.086,,317.041,368.579,
879218.747,,317.104,359.198,
879285.401,,315.794,350.648,
879352.062,,314.708,339.485,
879418.721,,311.900,332.721,
879485.378,,313.056,331.394,
879552.037,,312.778,326.642,
879618.695,,312.974,324.406,
879685.352,,313.716,326.135,
879752.011,,313.656,328.405,
879818.669,,312.300,329.170,
879885.325,,314.357,329.041,
879951.986,,314.110,330.830,
880018.645,,314.161,325.330,
880085.298,,312.395,323.345,
880151.962,,312.295,323.302,
880218.620,,313.702,325.630,
880285.274,,313.134,326.256,
880351.938,,313.250,324.965,
880418.593,,313.050,323.656,
880485.250,,313.824,327.146,
880551.914,,316.652,328.463,
880618.567,,318.244,330.717,
880685.230,,315.270,330.959,
880751.885,,315.281,331.942,
880818.543,,313.617,328.538,
880885.207,,313.105,332.168,
880951.861,,315.824,331.997,
881018.522,,313.781,329.436,
881085.182,,315.287,325.931,
881151.836,,314.211,322.719,
881218.494,,314.216,319.555,
881285.159,,314.534,325.955,
881351.815,,313.206,342.324,
881418.472,,311.707,349.909,
881485.132,,314.786,352.101,
881551.793,,315.797,348.302,
881618.447,,314.708,345.574,
881685.112,,315.735,339.055,
881751.770,,313.809,337.998,
881818.424,,314.084,334.828,
881885.087,,311.979,331.550,
881951.746,,312.243,334.974,
882018.402,,312.865,339.282,
882085.063,,313.298,340.076,
882151.723,,313.668,340.031,
882218.378,,313.269,340.120,
882285.039,,314.478,341.039,
882351.699,,315.650,344.439,
882418.357,,314.433,340.407,
882485.014,,310.297,337.288,
882551.668,,311.157,335.248,
882618.329,,311.262,334.776,
882684.992,,313.190,338.475,
882751.645,,317.035,339.169,
882818.306,,318.264,337.095,
882884.965,,317.294,333.755,
882951.620,,318.663,330.630,
883018.280,,316.286,327.637,
883084.940,,314.860,329.666,
883151.602,,314.908,331.691,
883218.260,,314.622,332.721,
883284.918,,314.382,334.212,
883351.575,,313.199,333.942,
883418.232,,313.774,330.690,
883484.890,,313.064,329.523,
883551.551,,314.139,328.667,
883618.213,,313.871,331.639,
883684.871,,314.507,331.677,
883751.529,,314.257,332.078,
883818.185,,313.601,331.613,
883884.844,,313.749,336.169,
883951.501,,313.084,345.115,
884018.163,,312.359,347.589,
884084.820,,314.277,353.222,
884151.479,,314.891,351.358,
884218.135,,315.354,346.065,
884284.800,,316.876,342.268,
884351.453,,313.180,335.924,
884418.115,,313.305,333.030,
884484.771,,313.082,331.991,
884551.432,,313.607,329.786,
884618.088,,312.916,331.165,
884684.746,,312.192,332.731,
884751.410,,312.209,334.418,
884818.069,,312.370,330.468,
884884.728,,313.582,328.588,
884951.382,,313.789,331.188,
885018.041,,317.760,331.285,
885084.698,,317.014,335.451,
885151.359,,316.198,334.494,
885218.019,,316.688,334.439,
885284.679,,316.703,331.636,
885351.336,,316.966,327.277,
885417.998,,314.845,325.385,
885484.656,,315.970,327.538,
885551.315,,315.253,329.246,
885617.972,,313.555,329.334,
885684.630,,314.060,329.511,
885751.287,,316.982,329.993,
885817.949,,317.446,327.552,
885884.604,,315.956,326.278,
885951.264,,315.144,327.492,
886017.923,,317.202,330.762,
886084.585,,315.004,332.467,
886151.239,,314.476,332.442,
886217.901,,313.289,331.785,
886284.556,,313.787,337.955,
886351.216,,313.621,345.073,
886417.874,,313.469,349.698,
886484.533,,313.385,349.844,
886551.192,,314.440,345.583,
886617.852,,314.819,343.786,
886684.506,,314.809,347.161,
886751.165,,315.953,348.556,
886817.830,,315.597,348.670,
886884.485,,314.487,347.089,
886951.144,,314.884,347.638,
887017.802,,314.961,345.874,
887084.460,,314.912,342.895,
887151.119,,315.370,342.896,
887217.778,,315.136,342.402,
887284.434,,314.968,343.933,
887351.100,,314.593,340.197,
887417.756,,314.508,336.472,
887484.412,,314.905,334.521,
887551.072,,315.393,332.189,
887617.730,,314.712,333.255,
887684.387,,315.152,337.084,
887751.046,,314.443,336.143,
887817.704,,313.383,335.134,
887884.369,,314.786,333.385,
887951.026,,313.416,334.821,
888017.686,,315.610,337.604,
888084.342,,315.501,335.678,
888151.003,,315.654,332.814,
888217.656,,314.009,333.002,
888284.317,,316.218,336.088,
888350.976,,315.923,344.509,
888417.630,,315.135,345.163,
888484.291,,316.222,343.910,
888550.951,,314.824,342.783,
888617.610,,315.343,342.109,
888684.269,,314.602,342.048,
888750.930,,314.917,347.349,
888817.585,,315.309,354.886,
888884.241,,314.118,371.399,
888950.901,,313.636,369.540,
889017.564,,313.154,360.456,
889084.220,,313.705,353.667,
889150.879,,313.688,358.538,
889217.539,,313.552,355.186,
889284.195,,313.819,350.878,
889350.855,,313.285,349.779,
889417.514,,313.190,352.529,
889484.173,,313.350,358.780,
889550.826,,314.572,365.099,
889617.484,,313.861,362.786,
889684.143,,314.476,354.065,
889750.800,,313.815,344.955,
889817.463,,314.397,342.662,
889884.118,,313.919,342.347,
889950.779,,313.778,339.189,
890017.436,,315.547,344.040,
890084.099,,314.907,350.403,
890150.758,,314.853,355.251,
890217.415,,314.688,356.716,
890284.072,,313.863,353.357,
890350.728,,315.266,346.643,
890417.389,,314.762,339.270,
890484.045,,314.570,335.503,
890550.708,,315.261,332.288,
890617.363,,314.814,330.653,
890684.025,,314.033,332.051,
890750.682,,314.378,328.765,
890817.337,,314.098,328.058,
890884.000,,314.567,330.051,
890950.655,,313.977,328.987,
891017.316,,313.165,332.028,
891083.974,,314.871,336.603,
891150.634,,313.746,333.654,
891217.293,,313.446,332.242,
891283.950,,315.936,329.516,
891350.605,,315.896,328.984,
891417.266,,315.970,328.403,
891483.928,,316.038,326.752,
891550.581,,315.624,330.502,
891617.243,,316.758,334.848,
891683.900,,314.591,335.726,
891750.562,,315.647,332.523,
891817.214,,314.817,328.563,
891883.875,,315.761,327.857,
891950.534,,314.717,328.198,
892017.194,,314.122,327.808,
892083.848,,315.275,327.209,
892150.510,,315.190,326.629,
892217.171,,315.666,326.964,
892283.827,,316.498,327.179,
892350.485,,318.217,327.069,
892417.147,,317.602,325.956,
892483.803,,319.749,333.133,
892550.461,,319.789,331.754,
892617.118,,318.453,328.187,
892683.780,,318.571,325.604,
892750.435,,318.230,324.670,
892817.097,,317.541,324.997,
892883.756,,317.570,328.130,
892950.414,,317.198,330.822,
893017.072,,317.279,331.516,
893083.727,,317.197,333.128,
893150.386,,314.691,332.016,
893217.049,,315.397,328.740,
893283.703,,314.567,330.098,
893350.363,,313.185,332.833,
893417.022,,314.273,339.178,
893483.680,,315.839,344.473,
893550.337,,316.795,349.618,
893616.995,,316.453,346.505,
893683.655,,312.808,343.212,
893750.317,,312.614,346.714,
893816.974,,312.912,342.239,
893883.632,,313.948,341.369,
893950.292,,315.024,336.402,
894016.951,,315.910,336.229,
894083.605,,315.891,332.227,
894150.264,,316.134,331.753,
894216.923,,316.123,333.065,
894283.583,,315.191,333.176,
894350.240,,313.532,333.443,
894416.901,,314.008,334.035,
894483.559,,314.432,335.648,
894550.217,,314.985,334.976,
894616.873,,313.033,342.347,
894683.536,,312.429,351.927,
894750.193,,313.116,347.120,
894816.848,,313.647,344.157,
894883.506,,314.834,343.743,
894950.166,,316.327,341.491,
895016.827,,316.726,342.316,
895083.481,,316.149,344.756,
895150.144,,315.070,347.301,
895216.804,,315.780,348.165,
895283.458,,313.950,347.466,
895350.121,,314.422,350.117,
895416.775,,314.362,349.706,
895483.438,,315.488,343.893,
895550.095,,314.931,340.866,
895616.754,,314.385,336.217,
895683.414,,314.041,335.899,
895750.068,,313.591,333.382,
895816.727,,313.167,330.282,
895883.381,,313.628,327.473,
895950.041,,315.122,326.204,
896016.695,,316.870,324.935,
896083.354,,314.888,324.822,
896150.014,,315.545,325.735,
896216.671,,314.560,329.902,
896283.327,,315.559,328.432,
896349.986,,314.908,327.882,
896416.642,,313.583,326.224,
896483.299,,311.073,323.976,
896549.954,,312.845,326.261,
896616.609,,315.488,329.039,
896683.266,,315.776,327.541,
896749.923,,315.547,326.491,
896816.579,,314.175,324.804,
896883.240,,313.045,323.614,
896949.898,,311.123,322.919,
897016.553,,311.585,327.343,
897083.210,,314.521,330.196,
897149.867,,316.283,333.488,
897216.523,,316.539,333.918,
897283.178,,315.156,332.986,
897349.836,,314.323,337.935,
897416.492,,316.325,338.478,
897483.150,,313.910,335.744,
897549.811,,312.475,338.279,
897616.467,,312.642,338.608,
897683.123,,312.347,334.046,
897749.777,,313.126,333.539,
897816.439,,312.854,334.920,
897883.091,,315.192,337.279,
897949.748,,315.763,337.974,
898016.406,,313.757,336.021,
898083.063,,313.680,333.237,
898149.725,,311.866,334.593,
898216.378,,313.238,335.059,
898283.033,,312.939,332.850,
898349.691,,313.376,332.449,
898416.347,,313.356,332.479,
898483.008,,308.843,333.529,
898549.667,,312.881,336.499,
898616.324,,313.466,341.217,
898682.976,,313.702,347.707,
898749.632,,313.598,349.933,
898816.289,,314.966,351.579,
898882.946,,314.265,353.285,
898949.609,,314.921,356.229,
899016.262,,313.538,355.608,
899082.921,,315.897,353.558,
899149.575,,315.603,352.615,
899216.231,,315.815,347.407,
899282.887,,314.420,342.895,
899349.550,,311.486,337.200,
899416.203,,312.210,337.504,
899482.862,,312.908,340.764,
899549.518,,313.480,345.850,
899616.177,,312.915,346.633,
899682.834,,311.249,345.739,
899749.489,,311.945,344.316,
899816.145,,311.915,341.811,
899882.803,,312.209,342.809,
899949.459,,313.328,340.854,
900016.118,,314.006,334.953,
900082.772,,312.402,332.031,
900149.435,,311.161,329.505,
900216.089,,312.014,330.738,
900282.743,,313.837,331.152,
900349.403,,313.591,331.222,
900416.060,,314.445,328.112,
900482.718,,313.367,327.485,
900549.371,,313.595,330.285,
900616.031,,314.138,333.574,
900682.691,,315.722,329.958,
900749.342,,316.803,332.177,
900816.003,,317.347,333.605,
900882.658,,317.873,334.467,
900949.318,,316.219,334.969,
901015.976,,314.152,336.150,
901082.630,,314.165,337.293,
901149.283,,316.366,335.435,
901215.946,,313.152,329.580,
901282.603,,312.206,326.135,
901349.255,,312.277,326.677,
901415.916,,312.031,328.141,
901482.570,,311.393,327.807,
901549.225,,313.657,325.660,
901615.886,,314.122,325.107,
901682.546,,314.440,326.840,
901749.199,,316.484,327.193,
901815.859,,315.957,327.469,
901882.512,,315.280,327.765,
901949.172,,315.226,327.333,
902015.825,,314.310,333.979,
902082.484,,314.972,331.387,
902149.140,,311.747,328.336,
902215.801,,312.520,329.163,
902282.457,,315.511,328.483,
902349.109,,315.777,326.967,
902415.770,,314.737,326.739,
902482.428,,314.399,325.806,
902549.087,,314.734,327.049,
902615.739,,313.654,331.033,
902682.394,,317.043,332.928,
902749.051,,318.356,335.793,
902815.708,,319.384,333.445,
902882.367,,317.289,330.094,
902949.028,,315.053,329.480,
903015.684,,315.087,326.975,
903082.340,,313.277,329.254,
903148.993,,315.240,331.574,
903215.656,,315.881,336.903,
903282.312,,315.194,339.543,
903348.965,,315.918,339.581,
903415.623,,316.550,340.602,
903482.284,,315.896,341.028,
903548.937,,315.216,337.632,
903615.595,,313.776,339.268,
903682.252,,315.278,337.258,
903748.908,,315.846,337.817,
903815.564,,314.394,342.939,
903882.224,,314.916,351.249,
903948.881,,315.119,354.003,
904015.542,,315.075,357.761,
904082.200,,314.100,354.743,
904148.857,,313.985,348.979,
904215.518,,312.923,343.156,
904282.179,,312.507,337.621,
904348.834,,312.472,332.848,
904415.491,,313.229,333.010,
904482.151,,313.058,331.768,
904548.813,,314.175,334.354,
904615.473,,314.075,334.949,
904682.128,,315.994,333.313,
904748.785,,317.788,333.448,
904815.446,,317.896,332.120,
904882.104,,317.025,328.537,
904948.767,,316.482,326.096,
905015.426,,315.082,322.190,
905082.079,,314.873,322.414,
905148.739,,316.122,328.053,
905215.400,,315.756,325.704,
905282.060,,313.140,323.813,
905348.717,,312.090,324.432,
905415.377,,311.047,322.910,
905482.036,,310.771,321.915,
905548.693,,310.893,321.821,
905615.349,,311.381,321.677,
905682.007,,310.410,323.375,
905748.669,,311.396,325.602,
905815.330,,312.522,328.932,
905881.987,,312.971,331.774,
905948.647,,312.603,336.536,
906015.302,,313.388,335.123,
906081.960,,312.575,334.397,
906148.620,,314.709,335.146,
906215.276,,314.696,331.839,
906281.941,,312.442,332.900,
906348.595,,313.020,338.994,
906415.255,,310.784,335.885,
906481.912,,311.802,330.705,
906548.571,,311.916,328.562,
906615.231,,312.204,326.829,
906681.893,,313.209,325.427,
906748.549,,312.775,325.491,
906815.207,,312.024,325.135,
906881.867,,311.308,327.142,
906948.527,,311.480,325.304,
907015.181,,311.854,323.417,
907081.841,,312.053,321.816,
907148.504,,311.350,321.578,
907215.163,,311.792,322.051,
907281.818,,311.948,325.345,
907348.479,,312.428,323.464,
907415.135,,311.838,322.414,
907481.795,,311.233,323.387,
907548.451,,312.055,325.584,
907615.109,,313.449,335.521,
907681.773,,313.039,337.965,
907748.433,,312.876,336.571,
907815.087,,313.398,333.879,
907881.745,,313.509,330.041,
907948.404,,313.634,326.528,
908015.063,,313.903,325.477,
908081.727,,313.939,327.279,
908148.383,,313.499,325.874,
908215.040,,311.963,329.686,
908281.703,,312.794,329.485,
908348.361,,311.923,329.847,
908415.017,,312.793,327.895,
908481.675,,312.467,326.771,
908548.331,,312.745,325.161,
908614.993,,311.772,328.274,
908681.656,,312.938,332.065,
908748.310,,314.096,330.176,
908814.971,,313.793,329.049,
908881.630,,314.345,327.245,
908948.289,,313.359,327.359,
909014.943,,313.943,325.849,
909081.602,,314.251,323.666,
909148.266,,314.180,322.607,
909214.919,,314.281,321.289,
909281.581,,314.477,323.014,
909348.243,,314.121,324.738,
909414.896,,313.795,328.210,
909481.554,,313.919,329.338,
909548.216,,313.880,327.153,
909614.872,,313.708,324.635,
909681.533,,314.843,325.048,
909748.193,,315.279,324.569,
909814.850,,313.081,326.041,
909881.513,,313.465,333.362,
909948.167,,313.066,347.783,
910014.828,,312.029,351.647,
910081.489,,312.620,351.316,
910148.141,,315.233,349.047,
910214.800,,315.414,342.379,
910281.459,,315.903,338.217,
910348.121,,315.787,334.075,
910414.781,,314.030,333.957,
910481.435,,313.387,331.145,
910548.097,,314.536,329.702,
910614.755,,315.529,328.585,
910681.411,,315.010,327.375,
910748.075,,315.120,329.375,
910814.730,,315.004,331.825,
910881.390,,314.880,328.478,
910948.047,,310.574,326.883,
911014.709,,312.252,330.559,
911081.365,,312.842,332.535,
911148.026,,312.769,330.717,
911214.684,,312.829,329.043,
911281.340,,313.332,331.141,
911348.001,,312.668,329.567,
911414.657,,312.143,330.557,
911481.322,,311.974,328.377,
911547.980,,311.497,325.875,
911614.638,,311.475,324.739,
911681.293,,312.094,325.004,
911747.951,,313.196,324.834,
911814.611,,314.012,323.340,
911881.270,,314.243,326.416,
911947.930,,314.337,327.918,
912014.586,,315.471,333.181,
912081.241,,315.983,336.028,
912147.898,,315.014,334.364,
912214.556,,314.804,334.153,
912281.212,,314.365,334.860,
912347.873,,313.712,335.948,
912414.530,,312.712,332.618,
912481.188,,313.271,330.965,
912547.844,,313.308,329.362,
912614.502,,313.430,329.968,
912681.159,,313.227,329.359,
912747.814,,312.332,335.882,
912814.473,,312.813,346.931,
912881.132,,313.461,356.077,
912947.789,,314.192,354.866,
913014.443,,314.110,349.284,
913081.102,,312.060,340.301,
913147.762,,311.920,335.513,
913214.421,,311.956,333.985,
913281.078,,312.391,334.213,
913347.731,,312.049,332.692,
913414.390,,312.110,330.056,
913481.045,,311.669,329.044,
913547.705,,311.571,325.858,
913614.361,,311.325,323.131,
913681.018,,311.139,321.397,
913747.675,,311.568,321.279,
913814.331,,313.808,320.960,
913880.994,,313.493,324.486,
913947.650,,313.007,329.674,
914014.306,,313.331,330.729,
914080.966,,313.233,331.003,
914147.620,,314.056,331.534,
914214.278,,314.178,333.727,
914280.939,,314.895,335.444,
914347.591,,312.192,338.251,
914414.251,,310.663,338.831,
914480.911,,309.158,339.874,
914547.564,,309.963,336.598,
914614.220,,311.184,334.749,
914680.880,,313.022,331.859,
914747.538,,311.530,331.015,
914814.197,,312.860,327.649,
914880.852,,311.859,326.889,
914947.511,,311.019,327.779,
915014.167,,312.283,323.959,
915080.825,,309.890,327.899,
915147.481,,310.550,330.183,
915214.142,,312.521,330.044,
915280.798,,311.073,330.159,
915347.453,,311.230,327.790,
915414.112,,311.652,327.529,
915480.768,,311.921,330.795,
915547.429,,311.946,335.832,
915614.085,,311.581,341.256,
915680.738,,311.441,343.555,
915747.398,,311.846,341.600,
915814.056,,311.236,338.345,
915880.713,,313.829,337.483,
915947.369,,313.165,333.344,
916014.030,,310.776,329.790,
916080.688,,311.483,333.826,
916147.343,,311.924,334.210,
916214.002,,312.613,332.688,
916280.657,,311.492,327.780,
916347.318,,311.466,326.510,
916413.974,,312.953,327.020,
916480.630,,314.356,326.263,
916547.289,,314.352,328.457,
916613.946,,316.795,331.205,
916680.602,,318.363,330.356,
916747.258,,317.320,327.643,
916813.916,,315.954,333.788,
916880.573,,313.816,346.657,
916947.231,,314.653,349.329,
917013.887,,312.870,349.237,
917080.548,,313.835,357.266,
917147.201,,313.817,374.181,
917213.862,,314.143,384.710,
917280.518,,313.738,394.999,
917347.178,,314.056,423.115,
917413.831,,313.647,424.655,
917480.494,,314.255,417.161,
917547.147,,314.815,412.630,
917613.804,,315.166,403.831,
917680.458,,314.845,393.397,
917747.122,,314.607,381.899,
917813.776,,314.199,373.201,
917880.434,,314.639,372.195,
917947.090,,317.048,379.630,
918013.749,,318.627,383.318,
918080.404,,318.781,385.250,
918147.067,,312.849,380.479,
918213.724,,312.705,378.481,
918280.381,,314.056,372.211,
918347.035,,313.841,373.151,
918413.697,,313.384,375.430,
918480.350,,313.479,375.143,
918547.009,,313.702,366.522,
918613.666,,314.189,360.328,
918680.327,,313.969,353.089,
918746.984,,314.328,347.164,
918813.637,,314.783,342.823,
918880.295,,315.474,337.868,
918946.950,,312.153,336.499,
919013.609,,313.653,337.448,
919080.268,,314.112,338.953,
919146.925,,313.635,339.756,
919213.583,,313.216,340.553,
919280.241,,313.792,341.418,
919346.896,,313.942,343.212,
919413.553,,314.269,343.673,
919480.216,,314.285,345.155,
919546.872,,314.703,343.553,
919613.527,,314.701,340.580,
919680.182,,314.038,340.283,
919746.840,,314.180,336.343,
919813.499,,313.298,335.352,
919880.159,,313.410,334.173,
919946.818,,313.442,333.423,
920013.472,,313.768,332.285,
920080.132,,313.729,333.104,
920146.788,,314.087,334.808,
920213.450,,315.564,336.478,
920280.108,,314.651,342.719,
920346.765,,315.408,346.611,
920413.426,,317.465,347.865,
920480.081,,315.212,344.948,
920546.736,,315.150,343.303,
920613.398,,313.454,340.031,
920680.055,,312.801,335.699,
920746.710,,314.483,340.050,
920813.371,,313.624,344.464,
920880.026,,313.372,344.382,
920946.690,,312.224,346.639,
921013.343,,312.270,346.510,
921080.002,,311.708,346.544,
921146.664,,312.771,345.665,
921213.319,,312.321,351.107,
921279.976,,311.346,351.847,
921346.636,,313.627,352.740,
921413.290,,310.523,353.372,
921479.949,,310.686,356.810,
921546.607,,313.072,361.273,
921613.265,,313.065,358.538,
921679.925,,314.791,353.762,
921746.585,,315.704,349.670,
921813.240,,315.970,346.322,
921879.901,,316.568,342.626,
921946.560,,315.529,336.387,
922013.216,,313.848,336.005,
922079.872,,315.546,336.682,
922146.531,,315.187,341.916,
922213.192,,313.823,349.607,
922279.847,,313.581,347.944,
922346.504,,313.393,343.123,
922413.165,,313.234,336.743,
922479.823,,313.337,334.028,
922546.478,,313.789,331.734,
922613.141,,313.851,329.846,
922679.796,,314.267,329.866,
922746.457,,313.471,329.300,
922813.111,,314.387,335.562,
922879.772,,315.829,338.638,
922946.426,,314.309,345.427,
923013.088,,313.130,352.568,
923079.743,,312.577,360.078,
923146.403,,312.935,363.006,
923213.060,,312.769,358.957,
923279.720,,313.062,355.951,
923346.378,,313.388,349.430,
923413.038,,313.449,344.839,
923479.697,,313.106,339.930,
923546.354,,313.571,335.143,
923613.011,,313.421,331.089,
923679.665,,313.111,329.066,
923746.327,,313.258,326.678,
923812.983,,314.867,324.889,
923879.642,,314.238,324.117,
923946.298,,311.743,325.823,
924012.958,,312.817,328.980,
924079.616,,313.211,330.869,
924146.275,,312.752,333.290,
924212.934,,313.174,336.749,
924279.589,,313.119,340.374,
924346.250,,314.221,342.510,
924412.908,,312.766,339.728,
924479.566,,312.832,336.833,
924546.219,,312.663,332.528,
924612.879,,312.925,332.203,
924679.541,,313.092,328.650,
924746.196,,313.409,329.433,
924812.855,,312.044,335.979,
924879.512,,312.089,346.530,
924946.168,,312.100,355.726,
925012.827,,312.138,358.400,
925079.489,,312.142,351.082,
925146.142,,312.301,344.466,
925212.801,,311.895,339.189,
925279.458,,311.983,334.924,
925346.121,,312.311,335.360,
925412.780,,311.081,337.921,
925479.435,,311.703,339.494,
925546.095,,311.621,338.836,
925612.750,,313.228,335.965,
925679.407,,312.552,331.822,
925746.068,,312.663,327.288,
925812.725,,311.358,327.149,
925879.387,,310.535,327.301,
925946.043,,310.725,327.908,
926012.698,,311.388,331.269,
926079.356,,311.128,331.796,
926146.015,,310.942,330.811,
926212.670,,311.474,335.547,
926279.334,,311.434,341.526,
926345.990,,311.330,340.426,
926412.651,,312.559,344.494,
926479.309,,313.770,347.069,
926545.965,,313.299,340.358,
926612.621,,312.979,334.590,
926679.278,,312.903,332.528,
926745.936,,312.410,332.755,
926812.596,,312.443,342.331,
926879.251,,313.391,342.662,
926945.910,,313.894,343.306,
927012.572,,313.345,338.956,
927079.228,,313.744,337.297,
927145.885,,313.247,338.585,
927212.548,,314.442,336.982,
927279.205,,314.004,338.520,
927345.860,,313.375,336.883,
927412.519,,312.002,337.116,
927479.180,,311.685,340.511,
927545.833,,312.398,338.814,
927612.492,,312.297,336.040,
927679.153,,312.475,336.796,
927745.808,,311.980,340.166,
927812.466,,311.315,341.612,
927879.127,,311.935,346.738,
927945.786,,312.279,347.571,
928012.444,,311.706,342.478,
928079.103,,312.043,336.899,
928145.762,,311.820,334.686,
928212.416,,312.950,332.023,
928279.079,,312.890,331.231,
928345.734,,312.845,333.013,
928412.394,,314.100,331.374,
928479.052,,313.359,333.672,
928545.711,,312.916,333.814,
928612.369,,312.073,333.953,
928679.025,,311.871,331.789,
928745.686,,311.471,327.545,
928812.341,,310.490,324.717,
928879.004,,310.464,322.875,
928945.663,,311.976,321.883,
929012.318,,311.773,321.379,
929078.976,,312.485,325.101,
929145.634,,313.704,326.470,
929212.292,,313.328,327.878,
929278.950,,313.107,328.100,
929345.612,,315.175,330.995,
929412.268,,315.368,328.632,
929478.930,,315.827,324.068,
929545.583,,314.377,325.767,
929612.246,,314.984,330.731,
929678.906,,316.602,333.496,
929745.562,,315.531,332.642,
929812.222,,312.513,331.048,
929878.876,,311.538,336.057,
929945.536,,312.012,333.276,
930012.193,,312.133,331.363,
930078.850,,313.293,328.712,
930145.512,,314.509,323.292,
930212.167,,312.564,321.375,
930278.831,,311.702,319.141,
930345.487,,313.068,318.974,
930412.149,,314.128,318.597,
930478.803,,314.739,319.462,
930545.461,,315.169,318.287,
930612.119,,311.782,315.968,
930678.780,,311.818,314.717,
930745.438,,311.482,316.536,
930812.100,,309.984,319.703,
930878.752,,310.131,321.852,
930945.411,,311.088,323.818,
931012.069,,311.285,322.647,
931078.731,,312.527,322.717,
931145.386,,312.762,327.108,
931212.045,,310.746,326.430,
931278.706,,311.515,324.736,
931345.364,,310.467,323.678,
931412.021,,310.837,321.693,
931478.680,,312.876,322.963,
931545.338,,311.411,321.662,
931612.001,,310.573,319.008,
931678.659,,312.702,316.994,
931745.311,,313.983,318.446,
931811.974,,311.811,315.809,
931878.632,,311.317,314.437,
931945.290,,311.156,316.353,
932011.951,,311.942,316.793,
932078.610,,312.811,315.185,
932145.262,,313.332,314.490,
932211.927,,313.149,315.751,
932278.583,,312.931,318.521,
932345.237,,313.486,323.664,
932411.901,,311.748,330.117,
932478.557,,311.428,336.686,
932545.213,,309.952,339.079,
932611.874,,310.361,336.032,
932678.536,,309.882,330.455,
932745.192,,309.765,328.148,
932811.852,,311.352,326.739,
932878.510,,310.324,322.792,
932945.169,,310.070,321.623,
933011.827,,310.939,320.771,
933078.483,,311.576,319.792,
933145.139,,310.283,318.818,
933211.803,,309.987,317.536,
933278.459,,310.802,318.410,
933345.117,,310.420,320.271,
933411.775,,309.367,319.575,
933478.431,,310.014,317.027,
933545.092,,310.423,317.547,
933611.750,,310.141,321.377,
933678.410,,311.542,324.290,
933745.065,,312.908,325.573,
933811.726,,314.436,325.379,
933878.383,,314.036,324.118,
933945.044,,313.385,325.660,
934011.704,,312.760,324.727,
934078.359,,312.450,324.918,
934145.019,,311.546,324.446,
934211.676,,310.436,324.112,
934278.333,,308.756,322.224,
934344.991,,308.766,321.968,
934411.651,,308.696,321.972,
934478.310,,309.840,323.944,
934544.969,,309.852,326.704,
934611.624,,312.541,327.763,
934678.288,,311.624,332.899,
934744.946,,312.174,329.563,
934811.601,,308.433,325.855,
934878.258,,309.393,331.695,
934944.921,,308.568,332.413,
935011.578,,309.087,337.726,
935078.239,,308.995,335.168,
935144.895,,309.364,329.849,
935211.553,,309.409,327.823,
935278.214,,310.329,327.057,
935344.872,,313.094,330.851,
935411.532,,314.299,331.378,
935478.184,,313.500,334.197,
935544.843,,313.966,333.448,
935611.502,,313.689,333.481,
935678.161,,313.067,330.027,
935744.817,,309.570,326.303,
935811.479,,308.654,329.256,
935878.137,,310.177,332.385,
935944.792,,310.180,330.990,
936011.450,,309.582,331.983,
936078.107,,311.234,331.400,
936144.767,,313.048,335.170,
936211.423,,315.954,340.811,
936278.081,,315.084,347.314,
936344.741,,314.979,345.756,
936411.400,,312.507,339.955,
936478.054,,311.126,337.377,
936544.716,,310.291,335.385,
936611.368,,309.963,330.804,
936678.029,,310.393,328.943,
936744.687,,312.069,327.195,
936811.344,,312.511,326.824,
936877.997,,312.270,326.792,
936944.659,,313.585,325.567,
937011.317,,314.217,326.325,
937077.972,,314.439,326.197,
937144.630,,314.933,325.077,
937211.292,,315.892,323.159,
937277.944,,314.324,321.491,
937344.607,,314.575,321.948,
937411.258,,314.000,317.914,
937477.920,,312.963,319.272,
937544.579,,315.087,323.190,
937611.235,,315.122,321.286,
937677.892,,314.176,317.396,
937744.549,,310.073,313.521,
937811.210,,309.944,315.819,
937877.864,,310.475,319.152,
937944.522,,311.707,320.701,
938011.183,,312.001,322.375,
938077.837,,309.958,322.324,
938144.498,,311.836,328.782,
938211.154,,313.221,325.586,
938277.808,,311.797,323.725,
938344.467,,312.193,325.333,
938411.126,,312.848,331.495,
938477.782,,311.692,338.243,
938544.438,,311.251,337.568,
938611.097,,311.444,337.455,
938677.758,,312.136,337.446,
938744.411,,315.607,337.475,
938811.068,,316.345,333.160,
938877.730,,315.488,329.777,
938944.384,,315.103,327.864,
939011.041,,315.056,326.491,
939077.700,,314.126,330.919,
939144.362,,314.341,330.638,
939211.019,,314.065,328.151,
939277.674,,313.826,326.988,
939344.334,,314.047,324.474,
939410.989,,313.995,322.676,
939477.644,,314.195,322.319,
939544.307,,314.166,319.511,
939610.961,,313.958,318.628,
939677.622,,314.111,319.825,
939744.277,,314.086,319.592,
939810.933,,312.578,321.520,
939877.595,,312.386,319.321,
939944.251,,311.210,317.864,
940010.906,,310.040,318.716,
940077.564,,310.273,319.592,
940144.225,,311.859,320.132,
940210.878,,313.321,322.080,
940277.538,,314.837,322.275,
940344.196,,314.264,326.140,
940410.857,,312.988,328.104,
940477.513,,313.597,329.711,
940544.170,,313.490,332.369,
940610.830,,312.527,331.410,
940677.481,,312.226,335.137,
940744.145,,313.767,332.928,
940810.796,,312.823,331.566,
940877.454,,313.435,327.440,
940944.113,,312.471,325.262,
941010.771,,312.040,323.279,
941077.433,,311.523,323.307,
941144.088,,312.405,321.417,
941210.742,,311.787,320.495,
941277.403,,311.205,319.683,
941344.063,,311.996,320.050,
941410.715,,311.701,322.195,
941477.373,,312.759,322.700,
941544.034,,313.502,322.888,
941610.693,,314.265,321.864,
941677.345,,315.810,326.679,
941744.006,,315.514,323.782,
941810.661,,313.319,320.162,
941877.324,,312.103,317.800,
941943.977,,312.646,319.368,
942010.635,,316.644,320.871,
942077.296,,314.944,320.857,
942143.955,,313.473,322.555,
942210.613,,313.045,325.973,
942277.266,,314.137,325.888,
942343.923,,313.697,326.479,
942410.585,,313.881,326.784,
942477.240,,314.396,328.426,
942543.899,,314.800,328.375,
942610.557,,315.292,325.052,
942677.213,,312.131,322.483,
942743.871,,310.206,322.715,
942810.529,,311.940,323.352,
942877.184,,311.611,327.735,
942943.847,,313.524,331.490,
943010.504,,314.626,331.121,
943077.159,,314.771,329.857,
943143.814,,311.601,325.973,
943210.477,,311.427,327.109,
943277.133,,312.636,327.535,
943343.793,,311.678,335.832,
943410.445,,311.721,340.646,
943477.108,,311.594,337.169,
943543.764,,312.052,335.242,
943610.422,,312.341,333.294,
943677.078,,311.519,328.608,
943743.735,,312.521,328.450,
943810.394,,311.589,332.793,
943877.054,,312.676,334.045,
943943.710,,315.768,330.305,
944010.369,,313.346,324.716,
944077.028,,312.960,323.766,
944143.686,,314.203,323.386,
944210.343,,310.680,318.860,
944277.001,,309.853,318.099,
944343.659,,310.265,316.833,
944410.318,,311.864,319.111,
944476.975,,311.877,320.190,
944543.635,,311.695,324.072,
944610.291,,312.187,326.374,
944676.955,,312.977,330.799,
944743.615,,312.258,331.297,
944810.271,,312.675,331.474,
944876.926,,312.411,333.790,
944943.589,,313.434,331.922,
945010.242,,313.435,332.155,
945076.905,,313.829,330.618,
945143.559,,313.215,329.153,
945210.222,,313.878,327.574,
945276.882,,314.449,328.341,
945343.536,,314.343,329.056,
945410.195,,313.869,328.295,
945476.855,,313.833,328.365,
945543.510,,314.122,323.944,
945610.168,,313.206,321.555,
945676.832,,312.681,333.674,
945743.490,,312.157,373.145,
945810.144,,311.306,399.588,
945876.803,,311.729,413.001,
945943.467,,313.059,401.371,
946010.124,,311.690,391.740,
946076.778,,310.807,386.669,
946143.440,,311.051,377.422,
946210.098,,309.850,366.431,
946276.757,,309.784,356.510,
946343.417,,310.039,364.715,
946410.071,,311.204,370.992,
946476.733,,310.754,378.102,
946543.388,,309.935,383.969,
946610.046,,311.093,403.712,
946676.706,,310.002,399.745,
946743.363,,308.662,388.066,
946810.021,,308.145,383.176,
946876.682,,307.775,371.053,
946943.341,,309.028,364.539,
947009.998,,308.314,356.880,
947076.655,,309.488,351.442,
947143.316,,310.001,345.901,
947209.974,,310.691,344.700,
947276.631,,310.001,346.193,
947343.294,,311.130,344.988,
947409.950,,313.001,341.691,
947476.610,,312.307,336.912,
947543.264,,311.287,333.772,
947609.927,,311.683,330.595,
947676.581,,311.090,328.576,
947743.240,,310.628,327.564,
947809.903,,310.334,326.864,
947876.559,,309.379,326.095,
947943.215,,309.020,327.640,
948009.875,,310.011,328.500,
948076.538,,309.916,330.890,
948143.193,,310.321,340.088,
948209.850,,311.319,345.852,
948276.508,,311.284,343.013,
948343.170,,310.598,338.655,
948409.829,,309.790,335.353,
948476.483,,309.805,331.881,
948543.144,,309.480,331.319,
948609.800,,308.752,328.470,
948676.462,,309.700,328.743,
948743.117,,309.746,331.039,
948809.778,,310.006,335.212,
948876.434,,308.754,334.021,
948943.093,,308.987,335.605,
949009.756,,309.444,335.870,
949076.416,,310.201,333.105,
949143.070,,310.267,335.985,
949209.729,,309.951,340.035,
949276.391,,309.628,336.446,
949343.046,,309.045,329.067,
949409.707,,309.855,329.970,
949476.365,,308.995,333.573,
949543.019,,310.033,339.104,
949609.678,,311.908,340.453,
949676.338,,309.834,340.644,
949742.999,,309.342,340.297,
949809.657,,309.644,345.184,
949876.313,,309.793,350.076,
949942.971,,309.630,350.578,
950009.629,,309.066,351.737,
950076.289,,309.059,350.285,
950142.949,,308.787,347.062,
950209.606,,309.563,345.891,
950276.268,,309.259,341.110,
950342.920,,309.133,339.923,
950409.583,,311.516,332.436,
950476.238,,309.312,336.497,
950542.898,,309.368,335.803,
950609.557,,309.267,333.777,
950676.219,,309.248,339.241,
950742.878,,307.797,337.549,
950809.535,,309.131,345.354,
950876.190,,308.787,345.960,
950942.851,,309.128,344.939,
951009.511,,309.256,340.520,
951076.166,,309.827,334.247,
951142.827,,309.251,332.872,
951209.487,,309.096,335.568,
951276.145,,309.885,332.625,
951342.799,,309.855,331.092,
951409.461,,309.606,333.385,
951476.119,,309.870,331.485,
951542.776,,310.119,335.106,
951609.433,,309.620,343.997,
951676.094,,311.235,349.778,
951742.750,,311.906,344.163,
951809.408,,309.486,344.896,
951876.066,,309.588,347.466,
951942.725,,308.961,349.503,
952009.387,,309.284,349.375,
952076.044,,309.453,348.003,
952142.703,,309.348,351.681,
952209.361,,309.686,350.749,
952276.014,,310.509,346.048,
952342.670,,306.848,339.225,
952409.333,,309.336,342.233,
952475.991,,309.733,332.314,
952542.647,,307.996,334.529,
952609.308,,310.027,336.972,
952675.962,,308.544,333.232,
952742.619,,309.677,331.243,
952809.275,,309.128,323.579,
952875.933,,309.019,322.924,
952942.592,,309.800,322.923,
953009.249,,309.283,322.448,
953075.906,,309.110,323.349,
953142.568,,309.035,326.231,
953209.222,,308.939,326.833,
953275.882,,309.455,323.454,
953342.544,,309.069,320.130,
953409.197,,309.229,315.296,
953475.857,,306.710,321.508,
953542.513,,309.874,328.297,
953609.175,,310.293,331.662,
953675.827,,308.314,340.075,
953742.489,,309.162,342.344,
953809.149,,308.670,336.125,
953875.803,,309.882,330.943,
953942.462,,309.988,329.046,
954009.116,,309.442,333.483,
954075.778,,309.259,339.135,
954142.435,,309.607,332.631,
954209.093,,307.909,331.214,
954275.749,,309.385,328.544,
954342.405,,310.099,325.185,
954409.064,,312.247,321.296,
954475.722,,309.855,323.068,
954542.383,,308.951,323.601,
954609.041,,309.168,323.343,
954675.697,,309.690,325.790,
954742.352,,309.920,325.170,
954809.012,,309.139,324.694,
954875.668,,308.428,325.072,
954942.328,,308.682,324.274,
955008.985,,309.219,323.308,
955075.644,,309.857,327.484,
955142.300,,309.419,331.154,
955208.961,,308.853,330.855,
955275.619,,310.435,338.571,
955342.277,,307.730,333.289,
955408.934,,307.809,335.466,
955475.588,,309.389,330.853,
955542.252,,309.165,325.807,
955608.908,,306.472,335.306,
955675.563,,313.226,343.275,
955742.220,,310.140,340.953,
955808.878,,306.397,349.533,
955875.540,,310.470,346.154,
955942.197,,309.752,337.771,
956008.857,,311.453,339.464,
956075.510,,310.481,336.657,
956142.173,,307.354,333.881,
956208.824,,308.948,338.306,
956275.483,,308.561,338.789,
956342.143,,306.191,342.968,
956408.804,,314.058,342.253,
956475.456,,312.148,331.343,
956542.114,,307.407,331.833,
956608.772,,314.925,331.597,
956675.434,,311.327,322.949,
956742.094,,310.420,332.630,
956808.747,,310.462,337.039,
956875.407,,310.727,335.374,
956942.067,,310.783,333.625,
957008.720,,311.066,334.414,
957075.380,,310.169,336.468,
957142.034,,310.456,332.761,
957208.698,,309.735,330.036,
957275.352,,308.922,330.537,
957342.007,,310.115,335.468,
957408.671,,311.428,340.571,
957475.326,,311.418,332.870,
957541.981,,310.625,336.463,
957608.641,,314.599,339.695,
957675.303,,310.883,334.075,
957741.960,,311.948,336.171,
957808.616,,311.317,332.334,
957875.276,,307.426,334.418,
957941.928,,313.204,331.907,
958008.591,,309.945,326.300,
958075.250,,308.153,330.796,
958141.905,,309.684,327.864,
958208.563,,310.122,323.801,
958275.223,,312.012,327.592,
958341.879,,313.725,323.893,
958408.535,,308.147,323.616,
958475.193,,311.247,322.302,
958541.855,,309.826,317.707,
958608.512,,307.880,317.976,
958675.164,,308.633,318.950,
958741.822,,308.348,316.147,
958808.484,,310.366,316.569,
958875.137,,312.457,312.590,
958941.801,,308.788,312.966,
959008.454,,310.670,315.478,
959075.112,,309.420,309.575,
959141.769,,311.771,315.653,
959208.429,,312.076,317.194,
959275.087,,310.087,319.167,
959341.743,,311.470,324.253,
959408.404,,311.068,320.751,
959475.064,,309.497,325.777,
959541.716,,310.278,325.108,
959608.377,,310.195,321.373,
959675.035,,307.684,326.878,
959741.691,,309.389,327.641,
959808.351,,306.808,325.653,
959875.010,,307.438,329.699,
959941.665,,307.928,330.736,
960008.323,,309.979,332.169,
960074.987,,309.961,342.981,
960141.638,,308.770,352.777,
960208.302,,307.231,349.024,
960274.960,,308.879,344.456,
960341.616,,309.677,338.996,
960408.271,,307.214,335.055,
960474.930,,308.065,333.153,
960541.594,,309.177,330.476,
960608.250,,308.170,330.763,
960674.908,,310.393,333.720,
960741.566,,310.085,331.337,
960808.223,,308.642,334.872,
960874.878,,311.579,332.574,
960941.540,,312.490,326.283,
961008.197,,310.379,326.353,
961074.856,,312.421,323.627,
961141.516,,310.246,319.520,
961208.173,,311.417,320.971,
961274.828,,311.104,319.199,
961341.492,,308.723,322.212,
961408.149,,309.611,324.616,
961474.806,,309.411,327.895,
961541.463,,309.493,327.912,
961608.123,,309.828,325.084,
961674.780,,307.514,327.564,
961741.435,,309.841,332.160,
961808.097,,311.493,331.810,
961874.751,,311.505,335.651,
961941.416,,313.252,338.622,
962008.074,,312.645,340.385,
962074.726,,313.974,344.903,
962141.385,,314.113,353.472,
962208.043,,316.000,348.798,
962274.702,,310.073,348.660,
962341.362,,312.037,351.384,
962408.017,,311.887,345.863,
962474.677,,312.441,339.625,
962541.334,,312.604,335.436,
962607.992,,311.794,331.883,
962674.653,,307.331,329.501,
962741.313,,311.852,332.951,
962807.970,,312.377,331.649,
962874.624,,311.456,328.136,
962941.284,,311.117,331.742,
963007.946,,309.662,327.502,
963074.598,,311.046,330.857,
963141.257,,311.526,329.784,
963207.921,,309.601,334.874,
963274.575,,312.750,331.607,
963341.233,,307.855,326.391,
963407.895,,307.866,329.540,
963474.547,,314.436,332.801,
963541.210,,314.393,333.067,
963607.867,,312.997,335.648,
963674.528,,311.049,334.020,
963741.186,,311.977,338.304,
963807.844,,311.462,344.012,
963874.500,,311.118,337.887,
963941.157,,311.561,335.890,
964007.816,,312.659,331.987,
964074.475,,313.721,329.430,
964141.136,,311.869,320.895,
964207.791,,309.328,323.115,
964274.445,,311.348,326.223,
964341.104,,309.795,324.972,
964407.765,,309.094,340.211,
964474.425,,311.804,345.234,
964541.079,,310.497,338.584,
964607.742,,310.185,335.547,
964674.401,,311.721,331.816,
964741.055,,309.557,325.224,
964807.716,,309.486,327.554,
964874.375,,310.299,332.752,
964941.034,,310.130,333.646,
965007.686,,309.548,336.692,
965074.348,,310.190,337.865,
965141.002,,309.490,340.073,
965207.661,,308.917,336.910,
965274.325,,310.066,333.098,
965340.977,,307.638,330.373,
965407.639,,309.826,329.322,
965474.298,,313.354,327.946,
965540.952,,311.927,329.528,
965607.612,,313.806,326.494,
965674.269,,313.770,326.709,
965740.927,,312.025,320.680,
965807.590,,311.596,320.799,
965874.243,,312.954,322.187,
965940.902,,311.683,321.732,
966007.562,,312.463,322.468,
966074.221,,314.047,323.104,
966140.879,,312.458,324.359,
966207.538,,314.826,332.316,
966274.197,,313.949,331.722,
966340.853,,313.623,329.215,
966407.513,,313.490,325.871,
966474.166,,313.767,324.037,
966540.827,,313.039,322.624,
966607.486,,311.448,325.868,
966674.144,,308.364,330.422,
966740.805,,309.270,331.503,
966807.460,,309.072,328.800,
966874.121,,311.663,329.371,
966940.777,,309.169,328.297,
967007.433,,309.552,325.317,
967074.096,,311.120,324.976,
967140.752,,311.519,323.351,
967207.408,,306.628,328.033,
967274.065,,311.500,329.814,
967340.723,,313.295,331.981,
967407.381,,314.874,333.106,
967474.040,,313.411,334.544,
967540.702,,313.085,333.421,
967607.356,,312.773,333.525,
967674.014,,313.719,333.756,
967740.677,,312.977,333.744,
967807.332,,310.446,330.521,
967873.988,,314.617,333.091,
967940.647,,313.297,330.819,
968007.309,,309.373,332.116,
968073.966,,314.970,332.773,
968140.619,,313.812,329.443,
968207.275,,311.504,329.586,
968273.937,,312.560,328.905,
968340.596,,313.944,328.154,
968407.249,,312.121,332.246,
968473.908,,311.195,332.736,
968540.567,,308.309,332.995,
968607.225,,309.257,336.106,
968673.881,,310.160,335.640,
968740.540,,309.496,334.198,
968807.199,,310.528,333.726,
968873.857,,311.367,335.324,
968940.510,,310.748,338.185,
969007.172,,311.136,337.316,
969073.829,,311.316,337.114,
969140.488,,310.134,337.759,
969207.140,,309.667,339.390,
969273.797,,310.056,340.744,
969340.460,,311.214,344.880,
969407.115,,312.366,354.514,
969473.773,,310.121,373.338,
969540.433,,309.106,377.000,
969607.089,,310.463,378.096,
969673.746,,310.603,376.481,
969740.400,,310.779,363.940,
969807.057,,308.283,352.902,
969873.720,,308.189,345.138,
969940.374,,308.184,339.361,
970007.033,,309.055,336.110,
970073.690,,309.350,335.535,
970140.347,,310.631,332.281,
970207.008,,309.498,328.486,
970273.662,,309.380,326.399,
970340.321,,309.910,331.805,
970406.976,,309.750,333.152,
970473.637,,308.047,334.400,
970540.292,,307.678,331.829,
970606.953,,308.222,333.616,
970673.609,,310.104,336.864,
970740.267,,310.016,340.298,
970806.924,,310.375,339.011,
970873.581,,309.238,337.715,
970940.241,,309.283,335.745,
971006.897,,310.046,331.856,
971073.556,,309.433,330.246,
971140.215,,309.572,330.982,
971206.867,,309.320,329.617,
971273.528,,309.781,330.984,
971340.189,,309.321,331.897,
971406.846,,309.156,330.605,
971473.499,,309.541,329.033,
971540.156,,309.365,327.036,
971606.813,,309.660,325.055,
971673.473,,309.077,323.843,
971740.131,,309.335,322.055,
971806.785,,307.601,319.923,
971873.444,,308.196,325.548,
971940.101,,308.990,326.318,
972006.764,,308.328,329.979,
972073.423,,309.298,333.650,
972140.074,,309.720,334.239,
972206.733,,309.934,332.375,
972273.389,,310.589,326.248,
972340.047,,308.587,321.027,
972406.707,,308.183,322.493,
972473.366,,310.566,323.928,
972540.023,,313.136,325.875,
972606.678,,310.024,324.889,
972673.335,,309.865,323.995,
972739.996,,309.184,325.440,
972806.653,,309.040,326.807,
972873.308,,310.737,326.866,
972939.970,,310.277,327.640,
973006.624,,311.798,327.262,
973073.284,,310.159,323.087,
973139.944,,309.790,320.425,
973206.600,,309.274,317.453,
973273.259,,308.960,318.649,
973339.912,,309.486,321.673,
973406.573,,310.311,323.737,
973473.232,,307.933,323.975,
973539.889,,310.618,323.354,
973606.544,,311.432,324.591,
973673.198,,311.203,322.796,
973739.862,,310.642,322.197,
973806.517,,309.408,321.759,
973873.172,,309.393,326.446,
973939.830,,309.250,330.709,
974006.488,,309.912,336.062,
974073.148,,310.979,335.830,
974139.802,,309.392,333.758,
974206.461,,309.089,335.797,
974273.122,,308.028,340.280,
974339.779,,308.475,342.579,
974406.432,,310.404,344.817,
974473.094,,310.358,343.342,
974539.750,,311.635,344.330,
974606.404,,311.025,342.675,
974673.069,,309.656,339.195,
974739.722,,311.173,336.851,
974806.378,,311.288,334.214,
974873.040,,312.195,335.449,
974939.698,,312.882,342.666,
975006.353,,314.202,339.388,
975073.010,,311.004,337.020,
975139.671,,312.589,333.877,
975206.325,,311.853,332.377,
975272.981,,312.277,335.504,
975339.639,,311.820,339.215,
975406.301,,311.186,338.267,
975472.954,,311.429,337.982,
975539.613,,316.389,343.318,
975606.269,,310.988,335.328,
975672.932,,310.741,339.414,
975739.589,,312.981,339.245,
975806.248,,312.624,338.196,
975872.903,,312.827,341.006,
975939.557,,315.183,341.202,
976006.219,,311.918,340.369,
976072.875,,313.291,342.990,
976139.536,,312.763,341.201,
976206.195,,313.133,343.632,
976272.852,,312.936,341.262,
976339.511,,313.134,339.982,
976406.166,,312.912,337.860,
976472.827,,313.292,335.671,
976539.481,,312.751,334.462,
976606.143,,312.257,332.494,
976672.799,,310.337,330.173,
976739.453,,310.426,330.701,
976806.112,,307.193,330.032,
976872.771,,309.434,330.286,
976939.428,,309.977,328.852,
977006.085,,308.929,328.453,
977072.748,,309.312,332.269,
977139.402,,309.219,332.094,
977206.060,,308.697,335.230,
977272.719,,310.164,334.021,
977339.376,,308.212,331.282,
977406.036,,311.060,331.713,
977472.693,,310.413,328.711,
977539.353,,309.546,330.951,
977606.009,,310.431,332.811,
977672.669,,310.781,335.307,
977739.326,,310.449,334.346,
977805.986,,310.232,334.312,
977872.638,,308.539,336.653,
977939.297,,309.140,340.298,
978005.957,,309.039,335.507,
978072.617,,309.257,333.553,
978139.272,,309.052,329.780,
978205.928,,309.489,330.280,
978272.587,,309.957,329.862,
978339.244,,310.150,327.367,
978405.902,,308.762,333.372,
978472.561,,308.802,338.819,
978539.218,,308.910,341.089,
978605.875,,308.571,336.825,
978672.537,,308.928,333.959,
978739.196,,310.190,332.541,
978805.855,,310.198,331.130,
978872.512,,309.794,331.701,
978939.170,,309.554,330.980,
979005.826,,310.929,331.515,
979072.482,,312.107,329.650,
979139.139,,310.216,330.880,
979205.800,,311.676,332.937,
979272.455,,310.561,332.516,
979339.115,,310.743,331.747,
979405.774,,311.015,334.484,
979472.433,,311.139,335.215,
979539.090,,310.980,337.251,
979605.745,,310.858,335.506,
979672.406,,311.471,332.999,
979739.066,,310.899,329.999,
979805.725,,310.773,329.988,
979872.383,,310.778,328.675,
979939.038,,310.978,326.738,
980005.697,,310.561,327.831,
980072.351,,310.388,326.392,
980139.012,,311.031,324.244,
980205.666,,308.957,323.081,
980272.325,,311.708,326.946,
980338.984,,314.459,328.326,
980405.640,,311.262,330.809,
980472.302,,314.585,330.170,
980538.960,,313.289,326.669,
980605.620,,311.470,327.009,
980672.277,,311.208,325.184,
980738.932,,309.924,331.073,
980805.592,,311.400,333.948,
980872.249,,311.387,334.562,
980938.905,,311.564,330.890,
981005.564,,310.134,329.637,
981072.222,,310.977,328.199,
981138.880,,312.076,328.151,
981205.541,,311.436,332.165,
981272.195,,312.281,330.851,
981338.855,,309.196,330.946,
981405.509,,310.568,335.471,
981472.170,,310.626,336.073,
981538.831,,309.227,336.499,
981605.488,,310.991,336.255,
981672.142,,311.239,333.952,
981738.801,,310.944,335.195,
981805.461,,311.625,334.756,
981872.115,,311.430,332.817,
981938.774,,310.718,331.719,
982005.437,,307.437,333.754,
982072.095,,309.657,336.988,
982138.747,,307.757,333.720,
982205.408,,309.096,332.665,
982272.069,,310.718,329.045,
982338.726,,310.552,328.013,
982405.383,,310.106,330.667,
982472.039,,312.939,331.266,
982538.698,,313.141,328.240,
982605.354,,310.830,330.933,
982672.013,,309.844,335.536,
982738.673,,309.933,336.805,
982805.330,,310.328,330.927,
982871.986,,309.038,328.938,
982938.648,,309.392,327.344,
983005.306,,308.398,324.873,
983071.965,,310.017,324.326,
983138.621,,311.063,322.810,
983205.278,,310.351,321.741,
983271.937,,310.135,319.081,
983338.591,,309.530,319.504,
983405.253,,309.229,318.288,
983471.907,,308.600,319.547,
983538.570,,308.962,321.854,
983605.227,,309.492,322.019,
983671.886,,309.091,318.472,
983738.538,,308.594,320.678,
983805.199,,309.220,321.344,
983871.861,,309.209,319.212,
983938.516,,309.088,321.360,
984005.177,,309.024,321.230,
984071.833,,309.606,321.744,
984138.494,,310.540,317.982,
984205.152,,310.000,318.816,
984271.805,,309.192,318.261,
984338.464,,309.498,320.898,
984405.120,,310.020,322.459,
984471.778,,309.633,322.497,
984538.441,,309.647,323.983,
984605.098,,309.543,324.775,
984671.757,,309.541,327.176,
984738.414,,309.615,329.008,
984805.075,,309.848,328.197,
984871.733,,309.922,329.224,
984938.389,,308.910,326.100,
985005.048,,309.006,325.616,
985071.701,,308.521,324.373,
985138.361,,308.230,321.837,
985205.020,,308.264,321.139,
985271.680,,310.476,322.067,
985338.339,,310.966,321.970,
985404.996,,310.047,323.406,
985471.652,,310.353,328.594,
985538.313,,312.995,329.978,
985604.973,,313.883,328.429,
985671.630,,312.796,327.760,
985738.285,,312.973,329.426,
985804.945,,311.908,340.894,
985871.604,,310.706,359.176,
985938.262,,313.808,356.540,
986004.919,,312.480,349.438,
986071.580,,313.994,346.308,
986138.238,,315.845,340.969,
986204.892,,315.548,335.225,
986271.549,,313.543,330.467,
986338.208,,313.476,328.072,
986404.868,,312.649,325.142,
986471.525,,311.819,322.306,
986538.183,,310.193,318.323,
986604.846,,309.894,317.710,
986671.499,,308.594,315.690,
986738.161,,307.570,319.197,
986804.820,,311.340,324.097,
986871.476,,310.386,323.683,
986938.136,,308.511,324.238,
987004.792,,308.198,327.955,
987071.448,,308.372,331.100,
987138.109,,307.473,330.279,
987204.764,,308.264,329.458,
987271.421,,308.958,331.250,
987338.080,,308.838,329.122,
987404.738,,308.711,328.432,
987471.399,,308.805,330.714,
987538.054,,308.663,331.705,
987604.718,,309.082,330.609,
987671.370,,310.538,328.843,
987738.032,,309.533,324.152,
987804.688,,309.073,323.720,
987871.351,,307.998,324.878,
987938.005,,310.340,330.205,
988004.665,,310.414,330.189,
988071.325,,310.821,324.642,
988137.983,,309.857,321.435,
988204.637,,310.513,319.649,
988271.298,,311.820,321.410,
988337.956,,308.671,335.323,
988404.616,,310.658,340.082,
988471.268,,309.289,339.192,
988537.931,,310.064,344.789,
988604.591,,311.576,346.218,
988671.247,,311.303,343.335,
988737.904,,312.882,340.306,
988804.560,,313.198,338.489,
988871.219,,310.682,335.898,
988937.880,,309.420,333.364,
989004.539,,309.531,332.267,
989071.194,,310.467,328.618,
989137.852,,308.786,324.053,
989204.513,,308.984,323.302,
989271.171,,309.464,322.746,
989337.830,,309.395,318.827,
989404.483,,311.049,318.943,
989471.147,,311.198,320.081,
989537.805,,311.625,320.348,
989604.461,,313.297,319.155,
989671.120,,312.115,319.292,
989737.779,,312.108,321.372,
989804.435,,311.989,320.590,
989871.092,,310.461,326.163,
989937.749,,311.453,330.217,
990004.410,,312.445,331.689,
990071.067,,311.177,333.417,
990137.728,,312.321,337.212,
990204.384,,311.661,336.185,
990271.042,,312.037,333.487,
990337.700,,312.666,329.671,
990404.360,,312.678,326.307,
990471.018,,313.260,323.359,
990537.676,,313.603,321.966,
990604.334,,310.865,319.388,
990670.991,,311.271,321.696,
990737.650,,310.909,323.480,
990804.308,,311.859,325.264,
990870.968,,309.511,328.257,
990937.624,,310.856,328.899,
991004.282,,310.832,324.318,
991070.943,,309.286,326.743,
991137.598,,307.460,343.108,
991204.258,,307.545,360.940,
991270.916,,306.979,367.776,
991337.576,,307.424,364.962,
991404.234,,311.234,363.728,
991470.887,,311.751,355.276,
991537.545,,311.460,348.564,
991604.207,,313.025,343.945,
991670.861,,311.584,341.797,
991737.525,,311.213,341.199,
991804.179,,312.427,341.102,
991870.836,,312.988,336.186,
991937.496,,310.481,329.716,
992004.153,,309.657,326.251,
992070.811,,307.583,326.074,
992137.470,,310.050,325.388,
992204.126,,310.656,327.425,
992270.788,,310.687,329.930,
992337.444,,314.918,329.339,
992404.103,,314.633,330.529,
992470.760,,313.560,330.712,
992537.417,,313.107,332.107,
992604.074,,310.832,330.544,
992670.734,,310.412,330.310,
992737.394,,312.633,328.611,
992804.051,,312.207,325.101,
992870.703,,311.714,322.983,
992937.364,,311.568,322.577,
993004.020,,311.913,325.648,
993070.680,,312.600,323.752,
993137.339,,312.033,325.833,
993203.997,,311.853,325.881,
993270.653,,310.411,323.787,
993337.312,,310.575,322.858,
993403.973,,310.106,320.146,
993470.625,,309.430,321.338,
993537.286,,310.040,319.059,
993603.947,,309.698,319.818,
993670.604,,310.896,323.063,
993737.257,,310.284,326.886,
993803.916,,310.957,331.748,
993870.577,,311.765,333.467,
993937.236,,311.136,330.539,
994003.892,,311.397,330.870,
994070.550,,314.723,333.169,
994137.204,,311.750,338.211,
994203.865,,309.340,336.390,
994270.521,,310.171,333.180,
994337.179,,310.449,328.408,
994403.841,,310.291,326.009,
994470.497,,312.176,324.310,
994537.156,,312.699,325.476,
994603.814,,314.867,329.003,
994670.468,,313.564,324.555,
994737.131,,308.462,323.481,
994803.786,,306.169,327.405,
994870.440,,305.895,325.748,
994937.105,,308.526,327.409,
995003.756,,309.465,330.866,
995070.415,,310.411,329.133,
995137.075,,310.923,326.128,
995203.730,,310.692,326.566,
995270.391,,309.191,326.929,
995337.046,,310.857,325.439,
995403.704,,311.133,326.278,
995470.362,,311.693,328.396,
995537.021,,311.726,331.316,
995603.681,,312.103,335.789,
995670.341,,311.870,342.128,
995737.000,,311.980,354.091,
995803.657,,313.572,364.045,
995870.315,,313.097,358.805,
995936.973,,313.151,352.015,
996003.629,,313.327,348.065,
996070.287,,313.301,353.248,
996136.941,,313.199,358.928,
996203.600,,312.732,356.378,
996270.259,,313.063,350.579,
996336.918,,313.112,346.063,
996403.574,,313.065,341.155,
996470.234,,313.248,339.165,
996536.891,,313.966,336.470,
996603.547,,312.709,333.336,
996670.209,,312.229,330.705,
996736.869,,311.902,326.273,
996803.521,,309.258,322.210,
996870.180,,308.475,320.850,
996936.839,,308.845,318.707,
997003.499,,309.430,319.604,
997070.152,,310.093,325.894,
997136.812,,310.221,331.676,
997203.473,,310.000,335.836,
997270.126,,311.186,337.284,
997336.787,,310.200,336.553,
997403.442,,311.616,338.598,
997470.105,,314.397,335.265,
997536.763,,314.647,332.294,
997603.420,,312.984,332.003,
997670.075,,313.055,328.981,
997736.737,,312.248,328.028,
997803.395,,313.545,327.288,
997870.053,,310.468,332.296,
997936.711,,309.610,344.350,
998003.363,,310.020,340.869,
998070.024,,310.676,335.025,
998136.682,,310.295,330.580,
998203.342,,310.468,325.794,
998269.998,,311.310,327.973,
998336.658,,311.941,326.774,
998403.315,,310.408,329.901,
998469.973,,311.181,328.138,
998536.629,,311.031,325.604,
998603.286,,312.088,326.745,
998669.942,,311.890,327.658,
998736.600,,314.096,325.468,
998803.261,,313.082,331.038,
998869.918,,314.415,329.113,
998936.578,,311.670,326.460,
999003.232,,311.562,323.416,
999069.895,,310.851,322.064,
999136.553,,310.839,325.273,
999203.211,,311.687,323.353,
999269.865,,311.185,324.878,
999336.522,,310.557,328.898,
999403.182,,310.944,328.262,
999469.840,,313.024,329.275,
999536.501,,313.601,330.757,
999603.155,,313.953,329.659,
999669.816,,311.982,332.023,
999736.469,,310.883,333.391,
999803.129,,311.291,333.776,
999869.790,,311.371,336.839,
999936.446,,311.515,339.422,
1000003.103,,310.422,340.615,
1000069.761,,311.434,336.559,
1000136.419,,311.129,333.421,
1000203.082,,311.226,333.164,
1000269.736,,311.195,332.557,
1000336.394,,311.422,335.399,
1000403.055,,312.087,335.179,
1000469.713,,311.285,332.140,
1000536.371,,311.985,328.578,
1000603.028,,312.289,328.292,
1000669.686,,311.586,322.463,
1000736.346,,309.504,320.824,
1000803.005,,309.942,320.866,
1000869.662,,310.148,321.375,
1000936.326,,310.195,320.646,
1001002.980,,311.410,321.166,
1001069.639,,310.932,316.940,
1001136.297,,310.425,318.162,
1001202.956,,311.507,321.811,
1001269.617,,312.050,323.531,
1001336.271,,313.010,325.422,
1001402.933,,314.184,328.155,
1001469.589,,312.646,332.002,
1001536.251,,312.671,335.606,
1001602.904,,311.945,335.974,
1001669.567,,312.250,333.551,
1001736.222,,310.911,332.211,
1001802.882,,311.796,330.445,
1001869.542,,311.766,329.043,
1001936.200,,310.737,326.291,
1002002.855,,309.923,324.457,
1002069.515,,311.191,321.939,
1002136.172,,310.779,318.664,
1002202.833,,310.571,314.945,
1002269.491,,309.675,315.385,
1002336.149,,310.024,318.398,
1002402.808,,309.284,320.864,
1002469.470,,310.549,325.274,
1002536.123,,309.910,329.063,
1002602.787,,309.857,328.973,
1002669.442,,309.029,327.352,
1002736.098,,310.206,328.846,
1002802.762,,310.020,330.169,
1002869.415,,310.565,327.301,
1002936.076,,309.501,324.930,
1003002.736,,309.959,327.289,
1003069.394,,310.027,328.081,
1003136.050,,309.646,328.442,
1003202.707,,309.810,333.831,
1003269.368,,309.534,335.750,
1003336.028,,309.981,332.381,
1003402.687,,310.238,330.054,
1003469.341,,310.201,329.208,
1003536.001,,310.686,328.986,
1003602.661,,310.540,330.538,
1003669.319,,310.248,328.539,
1003735.974,,310.655,327.796,
1003802.633,,309.973,325.125,
1003869.296,,310.358,323.139,
1003935.954,,312.309,321.575,
1004002.613,,310.707,320.923,
1004069.272,,310.741,319.565,
1004135.926,,310.401,322.005,
1004202.585,,311.667,323.320,
1004269.245,,311.499,324.407,
1004335.906,,311.418,323.073,
1004402.560,,310.861,326.138,
1004469.221,,308.902,330.800,
1004535.879,,309.321,336.009,
1004602.538,,309.493,337.230,
1004669.197,,309.959,338.693,
1004735.851,,310.109,339.812,
1004802.510,,310.112,335.516,
1004869.173,,311.456,329.761,
1004935.831,,309.422,329.515,
1005002.489,,309.683,328.175,
1005069.145,,310.052,329.842,
1005135.801,,310.301,335.371,
1005202.462,,309.852,340.258,
1005269.118,,309.552,341.507,
1005335.778,,309.914,366.033,
1005402.441,,309.114,384.638,
1005469.099,,309.249,391.364,
1005535.755,,309.531,431.729,
1005602.412,,309.167,473.401,
1005669.072,,308.985,480.755,
1005735.731,,309.591,468.301,
1005802.390,,310.782,450.759,
1005869.045,,309.761,434.063,
1005935.705,,310.279,418.445,
1006002.364,,310.855,405.750,
1006069.022,,310.826,397.160,
1006135.683,,310.186,382.835,
1006202.337,,309.225,369.823,
1006268.999,,308.660,362.391,
1006335.654,,308.159,357.193,
1006402.313,,308.356,353.122,
1006468.971,,308.301,350.002,
1006535.631,,308.434,347.128,
1006602.287,,308.626,345.440,
1006668.947,,307.772,340.849,
1006735.609,,308.375,335.712,
1006802.265,,308.871,331.398,
1006868.925,,308.771,328.268,
1006935.580,,308.975,324.688,
1007002.243,,309.135,322.522,
1007068.899,,308.652,322.235,
1007135.560,,308.856,321.336,
1007202.216,,309.101,320.090,
1007268.877,,308.706,321.279,
1007335.530,,308.533,322.482,
1007402.191,,308.718,326.540,
1007468.850,,308.776,326.829,
1007535.505,,308.806,328.856,
1007602.164,,308.960,329.284,
1007668.826,,308.692,329.101,
1007735.480,,309.079,331.498,
1007802.141,,309.423,341.525,
1007868.803,,309.039,349.106,
1007935.459,,308.614,346.484,
1008002.115,,309.100,343.053,
1008068.776,,308.917,336.589,
1008135.433,,309.146,333.639,
1008202.089,,309.270,333.815,
1008268.751,,308.843,343.559,
1008335.405,,311.951,349.871,
1008402.066,,310.074,341.297,
1008468.725,,308.366,337.610,
1008535.383,,307.744,332.972,
1008602.035,,309.436,329.393,
1008668.695,,309.523,325.498,
1008735.353,,309.482,323.590,
1008802.009,,309.896,322.765,
1008868.670,,310.274,322.705,
1008935.328,,309.215,324.409,
1009001.984,,308.982,323.922,
1009068.643,,309.070,325.146,
1009135.305,,309.477,325.486,
1009201.958,,308.795,326.748,
1009268.619,,309.416,331.233,
1009335.276,,309.402,347.707,
1009401.936,,309.006,353.186,
1009468.592,,309.218,359.265,
1009535.253,,309.059,360.505,
1009601.911,,308.998,364.235,
1009668.568,,308.809,366.839,
1009735.223,,309.365,364.843,
1009801.880,,308.826,367.777,
1009868.539,,308.914,367.285,
1009935.200,,309.454,360.616,
1010001.857,,309.382,352.155,
1010068.518,,309.244,344.848,
1010135.171,,309.456,339.139,
1010201.832,,309.628,334.425,
1010268.488,,309.592,329.315,
1010335.146,,310.234,327.283,
1010401.806,,310.373,328.007,
1010468.465,,309.839,327.898,
1010535.121,,310.411,325.169,
1010601.779,,308.997,324.071,
1010668.438,,309.390,321.310,
1010735.095,,308.620,323.754,
1010801.753,,308.836,324.530,
1010868.414,,308.633,324.081,
1010935.072,,309.375,323.897,
1011001.726,,308.973,325.612,
1011068.383,,308.599,326.102,
1011135.046,,309.619,327.247,
1011201.701,,310.148,326.023,
1011268.361,,309.754,325.258,
1011335.021,,309.798,327.436,
1011401.675,,309.855,330.148,
1011468.336,,310.366,325.462,
1011534.994,,310.747,323.339,
1011601.652,,310.821,322.570,
1011668.308,,310.820,322.582,
1011734.967,,310.466,323.884,
1011801.623,,311.164,325.971,
1011868.282,,310.926,327.010,
1011934.940,,310.442,325.978,
1012001.596,,310.911,324.768,
1012068.257,,311.049,328.434,
1012134.916,,310.830,329.418,
1012201.575,,310.989,326.229,
1012268.231,,310.879,326.001,
1012334.891,,310.549,326.536,
1012401.546,,314.936,326.387,
1012468.205,,312.047,323.567,
1012534.865,,311.097,320.933,
1012601.522,,310.662,322.359,
1012668.182,,311.709,322.392,
1012734.840,,311.732,322.705,
1012801.493,,310.485,321.444,
1012868.151,,310.890,320.685,
1012934.814,,310.355,320.907,
1013001.468,,311.198,321.364,
1013068.124,,311.172,321.464,
1013134.789,,310.776,322.626,
1013201.446,,310.870,322.750,
1013268.103,,311.249,323.527,
1013334.759,,311.505,325.958,
1013401.416,,312.834,334.415,
1013468.074,,312.757,340.426,
1013534.736,,311.371,343.975,
1013601.392,,309.595,343.681,
1013668.047,,309.814,340.725,
1013734.711,,311.540,335.693,
1013801.363,,311.311,333.249,
1013868.023,,311.584,330.485,
1013934.680,,311.588,331.426,
1014001.339,,312.225,326.084,
1014067.997,,310.444,325.155,
1014134.657,,312.482,325.903,
1014201.317,,312.811,337.629,
1014267.972,,312.557,340.167,
1014334.633,,309.950,340.351,
1014401.289,,309.367,338.260,
1014467.949,,309.661,338.097,
1014534.607,,308.326,336.072,
1014601.260,,307.953,330.966,
1014667.918,,307.668,328.447,
1014734.577,,307.737,326.750,
1014801.240,,307.105,328.466,
1014867.894,,307.059,349.607,
1014934.549,,307.668,367.694,
1015001.208,,307.126,371.615,
1015067.867,,307.309,371.216,
1015134.529,,307.229,375.799,
1015201.187,,306.966,378.799,
1015267.846,,307.249,375.906,
1015334.501,,307.412,372.891,
1015401.157,,308.235,366.064,
1015467.821,,308.488,361.484,
1015534.477,,309.006,358.074,
1015601.132,,311.625,355.994,
1015667.792,,311.998,354.125,
1015734.447,,312.695,353.117,
1015801.105,,312.667,351.831,
1015867.767,,313.684,348.716,
1015934.421,,311.297,343.561,
1016001.080,,309.620,333.564,
1016067.736,,307.958,334.259,
1016134.397,,311.759,334.192,
1016201.057,,309.988,337.719,
1016267.713,,309.519,346.650,
1016334.368,,309.439,349.249,
1016401.026,,310.363,345.904,
1016467.685,,310.500,343.364,
1016534.348,,310.896,340.740,
1016601.003,,310.901,340.484,
1016667.663,,311.699,336.413,
1016734.319,,311.351,331.846,
1016800.975,,311.684,327.966,
1016867.636,,311.248,326.346,
1016934.292,,313.320,327.477,
1017000.953,,313.166,330.689,
1017067.611,,313.367,328.152,
1017134.266,,314.032,326.124,
1017200.922,,314.033,330.204,
1017267.579,,313.141,333.417,
1017334.240,,314.219,333.542,
1017400.896,,310.996,331.361,
1017467.556,,310.204,330.702,
1017534.215,,309.075,327.231,
1017600.869,,309.539,328.797,
1017667.528,,311.337,339.111,
1017734.185,,310.979,357.311,
1017800.846,,311.631,355.741,
1017867.505,,310.274,351.431,
1017934.158,,311.944,350.265,
1018000.821,,311.556,349.976,
1018067.480,,311.496,348.781,
1018134.134,,310.665,346.227,
1018200.794,,311.046,337.967,
1018267.449,,310.866,333.859,
1018334.106,,311.058,328.550,
1018400.767,,311.206,326.187,
1018467.428,,311.421,325.725,
1018534.082,,311.329,327.583,
1018600.742,,310.878,329.760,
1018667.396,,311.167,330.770,
1018734.054,,311.338,331.764,
1018800.711,,311.808,328.685,
1018867.375,,311.814,327.248,
1018934.029,,311.650,327.014,
1019000.688,,311.786,324.015,
1019067.349,,311.904,328.318,
1019134.003,,312.470,330.050,
1019200.659,,311.533,331.070,
1019267.319,,311.130,332.237,
1019333.976,,311.340,343.674,
1019400.637,,311.511,349.189,
1019467.296,,310.995,345.546,
1019533.951,,311.329,343.979,
1019600.610,,311.804,343.291,
1019667.264,,311.116,344.762,
1019733.922,,310.634,348.458,
1019800.581,,311.600,354.883,
1019867.245,,309.714,354.005,
1019933.901,,310.569,358.445,
1020000.554,,312.633,397.111,
1020067.217,,310.438,433.645,
1020133.874,,309.951,450.758,
1020200.531,,311.551,457.825,
1020267.188,,310.782,455.930,
1020333.849,,310.371,475.763,
1020400.502,,311.778,473.131,
1020467.162,,310.822,485.156,
1020533.818,,311.869,478.224,
1020600.476,,312.086,461.448,
1020667.134,,312.331,443.264,
1020733.794,,312.339,428.260,
1020800.451,,313.331,421.999,
1020867.113,,314.136,417.891,
1020933.768,,313.396,428.298,
1021000.425,,313.009,430.722,
1021067.081,,312.798,421.279,
1021133.745,,313.147,419.561,
1021200.401,,313.131,412.611,
1021267.056,,313.540,402.164,
1021333.712,,313.212,399.253,
1021400.372,,313.672,393.481,
1021467.031,,313.523,390.041,
1021533.693,,313.494,392.810,
1021600.346,,312.596,398.756,
1021667.006,,311.174,394.663,
1021733.663,,308.951,384.482,
1021800.322,,308.220,381.701,
1021866.980,,309.096,382.033,
1021933.640,,310.254,378.826,
1022000.295,,310.965,379.345,
1022066.955,,310.382,378.902,
1022133.611,,310.013,377.760,
1022200.271,,311.536,378.599,
1022266.927,,311.073,372.648,
1022333.586,,310.446,365.570,
1022400.242,,310.694,377.617,
1022466.899,,310.190,384.503,
1022533.556,,311.490,385.473,
1022600.216,,311.363,378.308,
1022666.871,,311.591,373.643,
1022733.533,,313.864,369.457,
1022800.187,,314.832,366.276,
1022866.846,,311.749,356.065,
1022933.509,,311.826,354.751,
1023000.165,,312.419,366.130,
1023066.821,,312.247,377.266,
1023133.477,,309.118,377.934,
1023200.138,,309.551,378.645,
1023266.798,,310.383,385.283,
1023333.456,,311.465,392.865,
1023400.111,,311.955,387.781,
1023466.770,,313.314,389.564,
1023533.429,,316.178,412.780,
1023600.086,,314.863,437.347,
1023666.742,,311.591,427.109,
1023733.399,,311.495,411.552,
1023800.062,,311.448,399.213,
1023866.717,,310.624,388.264,
1023933.372,,309.625,379.728,
1024000.034,,308.496,382.731,
1024066.694,,309.199,387.074,
1024133.349,,309.173,389.711,
1024200.007,,310.322,407.218,
1024266.666,,311.362,411.238,
1024333.327,,312.107,404.150,
1024399.985,,312.386,392.735,
1024466.644,,312.732,381.688,
1024533.304,,312.435,369.511,
1024599.960,,312.252,361.279,
1024666.616,,310.298,356.888,
1024733.273,,311.115,356.696,
1024799.936,,310.709,355.828,
1024866.593,,309.371,355.981,
1024933.249,,309.626,358.506,
1024999.908,,311.049,381.518,
1025066.572,,312.925,409.692,
1025133.228,,314.275,419.364,
1025199.889,,311.450,407.263,
1025266.543,,310.395,392.217,
1025333.205,,310.107,383.474,
1025399.858,,311.014,372.822,
1025466.522,,309.957,363.180,
1025533.176,,309.975,357.029,
1025599.833,,310.904,350.081,
1025666.493,,309.778,344.479,
1025733.154,,309.851,340.090,
1025799.814,,310.629,336.784,
1025866.472,,309.997,336.405,
1025933.125,,309.545,334.868,
1025999.789,,309.148,331.904,
1026066.449,,308.941,332.431,
1026133.101,,309.089,331.331,
1026199.762,,309.075,331.892,
1026266.424,,309.583,334.500,
1026333.077,,309.103,338.411,
1026399.739,,308.832,341.251,
1026466.398,,308.919,346.306,
1026533.057,,311.517,349.808,
1026599.711,,309.955,352.657,
1026666.372,,308.887,359.191,
1026733.027,,308.519,367.843,
1026799.687,,310.782,390.909,
1026866.348,,313.025,393.383,
1026933.008,,312.830,399.788,
1026999.663,,312.639,403.399,
1027066.323,,313.143,398.146,
1027132.983,,313.445,397.720,
1027199.638,,314.034,390.656,
1027266.295,,312.897,381.685,
1027332.954,,313.711,371.863,
1027399.617,,313.485,368.315,
1027466.273,,313.355,365.463,
1027532.931,,312.772,359.119,
1027599.591,,313.100,352.413,
1027666.246,,310.002,343.793,
1027732.903,,311.875,338.737,
1027799.562,,309.147,332.653,
1027866.226,,308.898,330.791,
1027932.882,,311.799,332.247,
1027999.539,,313.250,331.464,
1028066.199,,313.519,330.793,
1028132.855,,314.254,327.392,
1028199.516,,313.312,325.615,
1028266.174,,311.749,323.484,
1028332.835,,311.333,325.321,
1028399.493,,308.983,334.528,
1028466.151,,310.235,337.703,
1028532.811,,310.411,341.535,
1028599.465,,308.744,348.740,
1028666.126,,311.526,351.635,
1028732.785,,314.466,357.072,
1028799.440,,314.985,357.401,
1028866.102,,313.692,354.242,
1028932.758,,312.510,351.684,
1028999.417,,312.550,348.632,
1029066.076,,311.746,345.209,
1029132.732,,311.081,340.167,
1029199.395,,309.885,342.703,
1029266.048,,309.500,348.683,
1029332.706,,313.869,350.792,
1029399.365,,311.034,357.538,
1029466.027,,310.132,375.359,
1029532.685,,310.136,382.650,
1029599.343,,311.611,381.512,
1029665.999,,311.828,373.144,
1029732.659,,310.573,363.916,
1029799.317,,311.271,357.173,
1029865.979,,312.966,353.703,
1029932.633,,312.296,362.923,
1029999.291,,312.031,375.503,
1030065.954,,311.941,373.620,
1030132.609,,311.653,375.475,
1030199.265,,311.938,374.586,
1030265.929,,313.640,382.367,
1030332.584,,315.304,387.810,
1030399.247,,315.309,386.717,
1030465.899,,315.289,381.571,
1030532.559,,313.901,371.374,
1030599.221,,311.006,364.668,
1030665.876,,310.965,356.899,
1030732.534,,309.953,351.213,
1030799.191,,310.280,354.167,
1030865.850,,311.855,362.462,
1030932.511,,310.849,362.073,
1030999.167,,310.130,356.488,
1031065.828,,311.650,350.121,
1031132.486,,310.765,347.536,
1031199.145,,309.991,340.096,
1031265.803,,309.403,336.971,
1031332.459,,309.726,342.536,
1031399.118,,311.234,350.223,
1031465.781,,311.201,351.268,
1031532.439,,310.754,350.113,
1031599.098,,313.787,350.063,
1031665.755,,314.417,351.930,
1031732.411,,316.087,355.949,
1031799.068,,312.531,355.740,
1031865.732,,313.528,360.036,
1031932.384,,315.770,364.712,
1031999.044,,315.084,365.269,
1032065.703,,315.633,366.648,
1032132.360,,315.036,366.621,
1032199.014,,313.861,371.591,
1032265.678,,315.062,374.809,
1032332.336,,313.701,366.465,
1032398.987,,313.386,360.059,
1032465.647,,314.653,361.220,
1032532.306,,313.923,359.634,
1032598.962,,310.986,355.696,
1032665.620,,310.839,354.123,
1032732.277,,310.067,357.316,
1032798.935,,311.780,356.091,
1032865.593,,312.294,353.929,
1032932.253,,311.226,358.341,
1032998.912,,312.939,360.161,
1033065.567,,311.301,361.913,
1033132.227,,310.245,357.990,
1033198.881,,310.072,364.381,
1033265.538,,310.709,366.287,
1033332.197,,312.476,361.146,
1033398.858,,312.113,356.095,
1033465.512,,312.325,350.854,
1033532.175,,312.112,346.989,
1033598.828,,312.492,344.798,
1033665.485,,311.825,352.081,
1033732.144,,312.435,351.748,
1033798.806,,312.215,351.014,
1033865.459,,312.625,344.390,
1033932.121,,310.735,342.693,
1033998.778,,310.530,342.619,
1034065.434,,311.741,344.859,
1034132.090,,310.710,348.662,
1034198.749,,311.035,349.849,
1034265.410,,309.963,360.006,
1034332.068,,309.349,379.179,
1034398.721,,309.477,385.631,
1034465.381,,311.218,353.301,
1034532.038,,304.736,365.266,
1034598.697,,303.478,348.980,
1034665.352,,298.554,342.593,
1034732.010,,299.577,342.964,
1034798.667,,297.753,337.606,
1034865.329,,297.533,337.639,
1034931.987,,297.124,343.542,
1034998.644,,297.850,347.654,
1035065.301,,300.789,352.313,
1035131.959,,303.372,349.352,
1035198.614,,304.556,347.028,
1035265.278,,304.923,344.839,
1035331.929,,302.520,341.675,
1035398.593,,304.107,338.204,
1035465.247,,303.754,337.307,
1035531.909,,301.890,327.974,
1035598.566,,299.098,330.403,
1035665.220,,300.841,340.709,
1035731.877,,300.956,348.863,
1035798.538,,301.211,347.390,
1035865.197,,301.320,346.834,
1035931.855,,299.802,343.986,
1035998.508,,299.104,338.650,
1036065.168,,299.593,339.819,
1036131.825,,299.535,334.644,
1036198.485,,301.087,332.233,
1036265.143,,303.032,330.997,
1036331.798,,303.464,331.569,
1036398.455,,302.610,324.772,
1036465.115,,300.888,325.135,
1036531.773,,299.189,323.793,
1036598.434,,298.775,321.263,
1036665.086,,298.533,326.124,
1036731.747,,298.464,330.338,
1036798.403,,300.452,326.605,
1036865.060,,300.493,327.050,
1036931.716,,302.087,327.964,
1036998.379,,303.113,326.484,
1037065.037,,299.318,322.596,
1037131.693,,299.400,324.001,
1037198.354,,300.536,336.839,
1037265.010,,300.463,354.249,
1037331.664,,298.823,351.236,
1037398.321,,298.252,348.488,
1037464.983,,300.866,349.060,
1037531.641,,299.477,352.898,
1037598.298,,298.242,344.423,
1037664.953,,299.368,339.040,
1037731.609,,299.725,333.979,
1037798.271,,299.405,329.125,
1037864.931,,299.036,324.863,
1037931.589,,299.159,324.182,
1037998.245,,298.922,321.757,
1038064.900,,299.053,319.407,
1038131.558,,300.170,318.863,
1038198.217,,299.602,315.778,
1038264.873,,299.242,315.218,
1038331.533,,301.437,316.441,
1038398.191,,301.054,314.426,
1038464.844,,299.920,314.533,
1038531.509,,300.683,312.696,
1038598.162,,301.009,310.292,
1038664.819,,300.033,310.793,
1038731.482,,300.714,311.255,
1038798.138,,300.946,311.627,
1038864.797,,300.947,313.016,
1038931.454,,300.971,316.587,
1038998.108,,300.249,322.100,
1039064.766,,300.395,322.403,
1039131.426,,301.008,320.015,
1039198.084,,300.086,320.508,
1039264.741,,300.548,326.192,
1039331.399,,298.900,326.181,
1039398.059,,296.933,325.646,
1039464.715,,296.978,328.283,
1039531.374,,297.812,330.823,
1039598.030,,300.188,332.038,
1039664.689,,300.621,331.588,
1039731.344,,298.872,334.710,
1039798.002,,300.024,337.717,
1039864.664,,299.817,341.447,
1039931.320,,299.738,342.282,
1039997.978,,298.676,335.442,
1040064.636,,298.697,335.001,
1040131.298,,299.293,335.927,
1040197.955,,299.486,335.030,
1040264.612,,300.881,331.850,
1040331.269,,301.446,329.199,
1040397.925,,302.411,328.648,
1040464.587,,300.844,321.185,
1040531.243,,299.819,317.534,
1040597.902,,298.880,317.752,
1040664.564,,299.284,321.032,
1040731.221,,300.513,326.927,
1040797.878,,299.741,326.458,
1040864.534,,298.810,326.790,
1040931.194,,300.217,326.050,
1040997.854,,302.672,328.715,
1041064.513,,302.865,328.919,
1041131.172,,302.293,327.560,
1041197.825,,302.557,323.513,
1041264.488,,301.736,322.250,
1041331.144,,301.918,324.136,
1041397.805,,301.745,321.502,
1041464.457,,302.078,319.190,
1041531.120,,302.216,320.918,
1041597.776,,302.073,324.705,
1041664.438,,301.564,327.900,
1041731.095,,301.432,333.999,
1041797.750,,300.810,336.077,
1041864.408,,303.495,341.165,
1041931.067,,303.963,345.254,
1041997.726,,303.565,348.381,
1042064.386,,303.864,348.032,
1042131.043,,302.316,343.874,
1042197.705,,300.102,341.546,
1042264.357,,299.296,338.999,
1042331.016,,299.036,340.486,
1042397.674,,299.371,343.574,
1042464.334,,301.083,342.786,
1042530.992,,304.096,344.850,
1042597.654,,300.632,341.311,
1042664.307,,299.234,336.075,
1042730.967,,300.821,334.025,
1042797.626,,302.586,330.804,
1042864.282,,303.385,328.770,
1042930.944,,302.286,324.870,
1042997.601,,300.043,325.098,
1043064.258,,298.769,326.388,
1043130.915,,301.208,330.791,
1043197.578,,300.147,334.715,
1043264.232,,300.634,339.483,
1043330.893,,301.623,349.567,
1043397.553,,302.193,349.356,
1043464.208,,302.395,340.749,
1043530.870,,301.463,336.393,
1043597.529,,301.413,335.752,
1043664.185,,301.520,335.398,
1043730.840,,302.596,335.864,
1043797.498,,302.380,334.511,
1043864.158,,301.897,333.812,
1043930.820,,302.946,329.789,
1043997.476,,302.833,329.862,
1044064.136,,301.760,334.631,
1044130.792,,302.980,338.649,
1044197.453,,304.528,339.219,
1044264.109,,301.563,336.081,
1044330.767,,299.809,338.215,
1044397.423,,300.890,334.824,
1044464.081,,300.623,335.728,
1044530.745,,300.782,334.390,
1044597.399,,302.077,327.766,
1044664.060,,300.583,321.908,
1044730.719,,299.501,320.892,
1044797.375,,300.546,322.192,
1044864.037,,300.943,319.659,
1044930.695,,300.034,316.947,
1044997.348,,299.967,321.737,
1045064.010,,300.097,324.896,
1045130.667,,299.002,324.410,
1045197.328,,299.407,321.179,
1045263.984,,298.536,322.099,
1045330.643,,299.001,323.141,
1045397.304,,299.054,323.309,
1045463.958,,298.153,324.585,
1045530.613,,298.391,326.449,
1045597.273,,298.082,327.399,
1045663.937,,299.008,322.704,
1045730.593,,300.011,320.535,
1045797.252,,299.692,321.998,
1045863.907,,299.062,324.282,
1045930.566,,299.309,323.033,
1045997.222,,300.828,321.679,
1046063.881,,300.441,320.076,
1046130.538,,300.550,317.916,
1046197.199,,300.582,315.333,
1046263.856,,300.502,314.380,
1046330.517,,300.547,313.817,
1046397.177,,299.623,314.829,
1046463.834,,300.199,316.146,
1046530.488,,299.398,315.836,
1046597.152,,299.899,314.347,
1046663.809,,299.715,314.581,
1046730.467,,299.447,313.611,
1046797.127,,299.559,310.483,
1046863.781,,299.057,308.869,
1046930.440,,299.972,314.663,
1046997.099,,299.412,314.853,
1047063.758,,299.425,311.276,
1047130.418,,299.592,310.334,
1047197.074,,299.169,311.796,
1047263.736,,300.229,309.585,
1047330.388,,299.679,307.726,
1047397.049,,298.901,308.501,
1047463.707,,297.438,313.461,
1047530.365,,298.468,313.979,
1047597.026,,300.008,313.854,
1047663.682,,300.125,316.451,
1047730.340,,299.581,314.023,
1047797.000,,299.831,312.107,
1047863.658,,298.495,310.094,
1047930.310,,298.067,308.528,
1047996.971,,298.436,309.177,
1048063.625,,301.414,309.342,
1048130.277,,299.476,313.255,
1048196.943,,299.479,318.772,
1048263.602,,300.055,324.092,
1048330.256,,298.426,330.016,
1048396.916,,299.291,332.552,
1048463.571,,300.158,331.347,
1048530.229,,299.837,329.764,
1048596.880,,299.490,324.842,
1048663.543,,300.121,322.735,
1048730.200,,300.203,320.706,
1048796.855,,302.960,317.131,
1048863.514,,299.323,310.475,
1048930.172,,299.169,307.650,
1048996.828,,299.278,310.164,
1049063.483,,299.974,314.708,
1049130.139,,301.399,317.792,
1049196.798,,301.320,324.395,
1049263.452,,300.710,322.387,
1049330.115,,300.177,324.004,
1049396.769,,302.120,327.497,
1049463.426,,302.381,328.707,
1049530.080,,303.191,330.371,
1049596.743,,303.273,325.938,
1049663.394,,301.283,320.803,
1049730.056,,299.029,315.320,
1049796.708,,299.429,312.619,
1049863.367,,299.927,310.208,
1049930.028,,298.946,309.590,
1049996.685,,299.482,311.265,
1050063.340,,298.609,308.477,
1050129.994,,299.481,306.257,
1050196.651,,299.565,308.335,
1050263.307,,298.628,312.298,
1050329.965,,299.250,314.847,
1050396.624,,298.793,315.244,
1050463.284,,298.440,320.543,
1050529.938,,298.621,325.776,
1050596.599,,298.017,329.681,
1050663.249,,298.932,330.518,
1050729.913,,298.383,330.402,
1050796.566,,298.867,334.958,
1050863.224,,298.373,338.923,
1050929.880,,298.528,346.794,
1050996.540,,305.408,347.244,
1051063.197,,304.825,345.986,
1051129.854,,304.324,354.479,
1051196.509,,303.921,362.615,
1051263.166,,302.539,362.781,
1051329.823,,303.078,365.022,
1051396.478,,302.833,360.969,
1051463.136,Input1*2*0;Input1*2*1,302.793,356.680,
1051529.796,,302.487,349.700,
1051596.449,,300.703,347.894,
1051663.111,,300.109,343.400,
1051729.766,,300.768,340.270,
1051796.425,,300.686,337.823,
1051863.082,,301.245,340.319,
1051929.740,,301.327,343.581,
1051996.392,,300.778,345.237,
1052063.049,,300.992,347.785,
1052129.710,,301.373,349.519,
1052196.364,,301.288,354.735,
1052263.019,,301.281,354.753,
1052329.679,,301.293,347.750,
1052396.339,,299.962,343.292,
1052462.994,,299.954,341.353,
1052529.651,,300.864,346.245,
1052596.310,,301.645,351.906,
1052662.966,,302.120,353.102,
1052729.622,,301.236,345.433,
1052796.279,,299.855,338.220,
1052862.935,,298.825,338.016,
1052929.596,,298.772,337.828,
1052996.252,,299.601,335.653,
1053062.905,,299.868,339.612,
1053129.563,,299.474,345.248,
1053196.222,,298.940,343.333,
1053262.879,,298.635,341.365,
1053329.535,,300.118,340.635,
1053396.195,,300.273,340.328,
1053462.848,,299.563,340.475,
1053529.506,,300.115,334.854,
1053596.166,,301.444,328.594,
1053662.819,,301.676,324.534,
1053729.477,,299.633,319.707,
1053796.131,,298.938,314.241,
1053862.793,,299.575,312.086,
1053929.448,,299.421,311.941,
1053996.108,,299.484,308.835,
1054062.763,,300.526,309.148,
1054129.421,,302.412,310.187,
1054196.077,,303.587,310.697,
1054262.734,,304.026,311.699,
1054329.388,,303.475,313.012,
1054396.050,,302.498,312.190,
1054462.703,,302.644,310.771,
1054529.361,,302.760,311.268,
1054596.018,,302.747,311.092,
1054662.677,,301.844,311.688,
1054729.336,,301.854,312.499,
1054795.990,,303.434,315.633,
1054862.651,,303.774,315.700,
1054929.305,,303.493,318.303,
1054995.964,,303.218,326.250,
1055062.620,,305.397,332.427,
1055129.274,,303.694,333.101,
1055195.933,,300.845,343.223,
1055262.593,,301.831,345.907,
1055329.247,,301.825,340.579,
1055395.901,,301.471,345.579,
1055462.562,,302.454,345.154,
1055529.215,,300.755,334.712,
1055595.873,,299.461,328.921,
1055662.533,,301.354,329.217,
1055729.192,,301.210,328.844,
1055795.850,,300.661,326.723,
1055862.502,,299.802,322.999,
1055929.167,,300.269,319.471,
1055995.823,,300.044,317.277,
1056062.481,,300.792,315.927,
1056129.140,,299.855,313.484,
1056195.794,,299.405,310.138,
1056262.457,,301.322,309.568,
1056329.112,,303.896,309.212,
1056395.773,,303.105,306.288,
1056462.427,,301.321,306.752,
1056529.088,,301.062,307.717,
1056595.745,,299.942,307.446,
1056662.402,,297.957,309.352,
1056729.061,,299.170,314.700,
1056795.720,,300.597,326.621,
1056862.379,,300.012,326.682,
1056929.040,,298.274,324.452,
1056995.695,,297.499,322.812,
1057062.357,,296.291,321.734,
1057129.012,,296.350,323.145,
1057195.670,,297.959,326.365,
1057262.331,,297.778,325.200,
1057328.985,,297.944,320.783,
1057395.647,,299.190,318.274,
1057462.305,,297.882,319.104,
1057528.961,,298.662,320.167,
1057595.620,,298.141,316.209,
1057662.276,,298.062,312.858,
1057728.936,,298.201,309.649,
1057795.596,,297.291,305.853,
1057862.253,,297.590,303.732,
1057928.912,,297.742,302.146,
1057995.569,,297.961,304.383,
1058062.226,,298.235,309.130,
1058128.886,,297.712,309.350,
1058195.544,,299.571,309.135,
1058262.206,,299.074,311.442,
1058328.864,,298.662,316.267,
1058395.522,,299.459,320.190,
1058462.181,,299.512,320.949,
1058528.836,,298.301,328.151,
1058595.497,,298.559,328.343,
1058662.154,,298.869,326.168,
1058728.816,,298.482,321.321,
1058795.473,,299.551,317.224,
1058862.127,,299.376,316.460,
1058928.789,,299.914,315.585,
1058995.447,,298.849,315.555,
1059062.100,,300.045,313.413,
1059128.762,,299.551,315.890,
1059195.423,,300.394,318.206,
1059262.079,,300.516,316.210,
1059328.740,,301.362,313.918,
1059395.397,,299.951,322.649,
1059462.053,,300.159,334.626,
1059528.710,,300.179,335.668,
1059595.372,,299.611,335.099,
1059662.029,,300.527,341.395,
1059728.683,,300.624,343.476,
1059795.347,,299.597,345.878,
1059862.001,,297.529,340.670,
1059928.661,,297.174,335.976,
1059995.317,,297.105,334.482,
1060061.978,,298.898,330.742,
1060128.639,,299.350,329.241,
1060195.293,,299.314,329.388,
1060261.954,,298.774,325.215,
1060328.609,,298.934,323.945,
1060395.268,,299.145,321.960,
1060461.929,,299.801,317.327,
1060528.590,,298.636,312.882,
1060595.248,,298.882,310.115,
1060661.906,,299.048,306.173,
1060728.563,,299.010,305.403,
1060795.219,,299.562,303.585,
1060861.880,,299.196,304.403,
1060928.535,,299.149,308.246,
1060995.196,,301.946,315.558,
1061061.854,,300.439,317.683,
1061128.512,,300.597,322.858,
1061195.172,,300.907,328.548,
1061261.831,,300.129,332.514,
1061328.486,,301.310,333.160,
1061395.144,,300.669,332.010,
1061461.804,,300.531,330.385,
1061528.460,,300.282,330.872,
1061595.118,,299.179,339.953,
1061661.775,,299.389,349.781,
1061728.438,,299.293,355.649,
1061795.096,,299.320,355.049,
1061861.750,,300.419,349.707,
1061928.413,,301.978,344.410,
1061995.066,,301.871,342.573,
1062061.725,,302.392,335.958,
1062128.383,,302.168,331.210,
1062195.043,,301.609,325.640,
1062261.700,,301.550,325.417,
1062328.360,,302.052,335.670,
1062395.021,,301.343,337.262,
1062461.680,,301.778,337.167,
1062528.336,,302.127,334.612,
1062594.993,,299.437,332.884,
1062661.653,,298.808,335.696,
1062728.311,,299.750,334.735,
1062794.970,,300.212,331.345,
1062861.630,,298.990,323.888,
1062928.285,,298.980,320.776,
1062994.941,,300.692,319.649,
1063061.600,,299.899,320.804,
1063128.262,,299.543,326.293,
1063194.921,,301.745,327.760,
1063261.579,,303.114,324.917,
1063328.235,,301.649,321.301,
1063394.895,,300.360,325.340,
1063461.555,,302.148,327.485,
1063528.210,,299.223,326.175,
1063594.866,,299.312,327.464,
1063661.531,,298.882,324.350,
1063728.186,,299.325,326.806,
1063794.843,,298.634,328.101,
1063861.504,,300.739,327.683,
1063928.164,,302.814,327.506,
1063994.816,,300.330,320.275,
1064061.479,,300.831,316.484,
1064128.131,,300.036,316.300,
1064194.796,,300.578,312.111,
1064261.454,,299.328,310.901,
1064328.103,,303.179,311.488,
1064394.765,,303.178,313.336,
1064461.428,,302.986,316.546,
1064528.081,,302.743,317.991,
1064594.741,,300.503,316.478,
1064661.401,,302.164,319.472,
1064728.058,,304.341,321.129,
1064794.716,,303.462,323.440,
1064861.371,,301.207,321.476,
1064928.031,,300.674,317.453,
1064994.689,,299.595,317.068,
1065061.345,,300.303,315.115,
1065128.006,,300.295,314.117,
1065194.661,,300.643,314.858,
1065261.326,,299.773,315.939,
1065327.980,,299.901,320.704,
1065394.639,,300.071,325.720,
1065461.298,,302.629,324.991,
1065527.952,,301.315,327.530,
1065594.616,,299.992,331.609,
