MM:DD:YYYY hh:mm:ss,Library_Version,Session_type,Device_Number,Battery_Voltage,Motor_Turns,FR,Event,Active_Poke,Left_Poke_Count,Right_Poke_Count,Pellet_Count,Block_Pellet_Count,Retrieval_Time,InterPelletInterval,Poke_Time
9/18/2025 18:54:14,1.16.3,PRexp,14,4.01,nan,1,Left,Left,1,0,0,0,nan,nan,0.09
9/18/2025 18:54:18,1.16.3,PRexp,14,4.00,2,1,Pellet,Left,1,0,1,1,2.87,nan,nan
9/18/2025 19:01:09,1.16.3,PRexp,14,4.01,nan,1,Left,Left,2,0,1,1,nan,nan,0.06
9/18/2025 19:01:11,1.16.3,PRexp,14,4.01,1,1,Pellet,Left,2,0,2,2,1.22,413,nan
9/18/2025 19:05:06,1.16.3,PRexp,14,4.01,nan,2,Left,Left,3,0,2,2,nan,nan,0.20
9/18/2025 19:05:09,1.16.3,PRexp,14,4.02,nan,2,Left,Left,4,0,2,2,nan,nan,0.42
9/18/2025 19:05:10,1.16.3,PRexp,14,4.01,1,2,Pellet,Left,4,0,3,3,0.24,239,nan
9/18/2025 19:05:29,1.16.3,PRexp,14,4.01,nan,2,Left,Left,5,0,3,3,nan,nan,0.15
9/18/2025 19:05:31,1.16.3,PRexp,14,4.01,nan,2,Left,Left,6,0,3,3,nan,nan,0.38
9/18/2025 19:05:48,1.16.3,PRexp,14,4.01,2,2,Pellet,Left,6,0,4,4,14.17,38,nan
9/18/2025 19:06:04,1.16.3,PRexp,14,4.01,nan,3,Left,Left,7,0,4,4,nan,nan,0.24
9/18/2025 19:06:06,1.16.3,PRexp,14,4.01,nan,3,Left,Left,8,0,4,4,nan,nan,0.36
9/18/2025 19:06:09,1.16.3,PRexp,14,4.01,nan,3,Left,Left,9,0,4,4,nan,nan,0.20
9/18/2025 19:06:10,1.16.3,PRexp,14,4.01,2,3,Pellet,Left,9,0,5,5,0.06,22,nan
9/18/2025 19:06:22,1.16.3,PRexp,14,4.01,nan,4,Left,Left,10,0,5,5,nan,nan,0.05
9/18/2025 19:06:24,1.16.3,PRexp,14,4.01,nan,4,Left,Left,11,0,5,5,nan,nan,0.21
9/18/2025 19:06:26,1.16.3,PRexp,14,4.01,nan,4,Left,Left,12,0,5,5,nan,nan,0.22
9/18/2025 19:06:30,1.16.3,PRexp,14,4.01,nan,4,Left,Left,13,0,5,5,nan,nan,0.18
9/18/2025 19:06:43,1.16.3,PRexp,14,4.01,2,4,Pellet,Left,13,0,6,6,10.30,33,nan
9/18/2025 19:08:10,1.16.3,PRexp,14,4.01,nan,5,Left,Left,14,0,6,6,nan,nan,0.08
9/18/2025 19:15:16,1.16.3,PRexp,14,4.01,nan,5,Left,Left,15,0,6,6,nan,nan,0.31
9/18/2025 19:15:18,1.16.3,PRexp,14,4.01,nan,5,Left,Left,16,0,6,6,nan,nan,0.31
9/18/2025 19:15:21,1.16.3,PRexp,14,4.01,nan,5,Left,Left,17,0,6,6,nan,nan,0.37
9/18/2025 19:15:28,1.16.3,PRexp,14,4.01,nan,5,Left,Left,18,0,6,6,nan,nan,0.26
9/18/2025 19:15:29,1.16.3,PRexp,14,4.00,1,5,Pellet,Left,18,0,7,7,0.36,526,nan
9/18/2025 19:15:55,1.16.3,PRexp,14,4.01,nan,6,Left,Left,19,0,7,7,nan,nan,0.38
9/18/2025 19:15:57,1.16.3,PRexp,14,4.01,nan,6,Left,Left,20,0,7,7,nan,nan,0.27
9/18/2025 19:23:07,1.16.3,PRexp,14,4.01,nan,6,Left,Left,21,0,7,7,nan,nan,0.05
9/18/2025 19:30:40,1.16.3,PRexp,14,4.01,nan,6,Left,Left,22,0,7,7,nan,nan,0.44
9/18/2025 19:30:43,1.16.3,PRexp,14,4.01,nan,6,Left,Left,23,0,7,7,nan,nan,0.25
9/18/2025 19:30:46,1.16.3,PRexp,14,4.01,nan,6,Left,Left,24,0,7,7,nan,nan,0.67
9/18/2025 19:30:48,1.16.3,PRexp,14,4.01,1,6,Pellet,Left,24,0,8,8,0.36,918,nan
9/18/2025 19:31:08,1.16.3,PRexp,14,4.01,nan,7,Left,Left,25,0,8,8,nan,nan,0.22
9/18/2025 19:31:10,1.16.3,PRexp,14,4.01,nan,7,Left,Left,26,0,8,8,nan,nan,0.19
9/18/2025 19:31:12,1.16.3,PRexp,14,4.01,nan,7,Left,Left,27,0,8,8,nan,nan,0.17
9/18/2025 19:31:14,1.16.3,PRexp,14,4.01,nan,7,Left,Left,28,0,8,8,nan,nan,0.21
9/18/2025 19:31:17,1.16.3,PRexp,14,4.01,nan,7,Left,Left,29,0,8,8,nan,nan,0.18
9/18/2025 19:31:19,1.16.3,PRexp,14,4.01,nan,7,Left,Left,30,0,8,8,nan,nan,0.26
9/18/2025 19:31:21,1.16.3,PRexp,14,4.01,nan,7,Left,Left,31,0,8,8,nan,nan,0.21
9/18/2025 19:31:23,1.16.3,PRexp,14,4.01,2,7,Pellet,Left,31,0,9,9,0.42,36,nan
9/18/2025 19:31:47,1.16.3,PRexp,14,4.01,nan,9,Left,Left,32,0,9,9,nan,nan,0.19
9/18/2025 19:31:52,1.16.3,PRexp,14,4.01,nan,9,Left,Left,33,0,9,9,nan,nan,0.22
9/18/2025 19:31:54,1.16.3,PRexp,14,4.01,nan,9,Left,Left,34,0,9,9,nan,nan,0.16
9/18/2025 19:31:55,1.16.3,PRexp,14,4.01,nan,9,Left,Left,35,0,9,9,nan,nan,0.21
9/18/2025 19:31:59,1.16.3,PRexp,14,4.01,nan,9,Left,Left,36,0,9,9,nan,nan,0.01
9/18/2025 19:32:01,1.16.3,PRexp,14,4.01,nan,9,Left,Left,37,0,9,9,nan,nan,0.37
9/18/2025 19:32:01,1.16.3,PRexp,14,4.01,nan,9,Left,Left,38,0,9,9,nan,nan,0.20
9/18/2025 19:32:03,1.16.3,PRexp,14,4.01,nan,9,Left,Left,39,0,9,9,nan,nan,0.57
9/18/2025 19:32:06,1.16.3,PRexp,14,4.01,nan,9,Left,Left,40,0,9,9,nan,nan,0.97
9/18/2025 19:32:08,1.16.3,PRexp,14,4.00,1,9,Pellet,Left,40,0,10,10,0.67,45,nan
9/18/2025 19:32:33,1.16.3,PRexp,14,4.01,nan,10,Left,Left,41,0,10,10,nan,nan,0.03
9/18/2025 19:32:36,1.16.3,PRexp,14,4.01,nan,10,Left,Left,42,0,10,10,nan,nan,0.20
9/18/2025 19:32:38,1.16.3,PRexp,14,4.01,nan,10,Left,Left,43,0,10,10,nan,nan,0.38
9/18/2025 19:32:39,1.16.3,PRexp,14,4.01,nan,10,Left,Left,44,0,10,10,nan,nan,0.28
9/18/2025 19:32:41,1.16.3,PRexp,14,4.00,nan,10,Left,Left,45,0,10,10,nan,nan,0.22
9/18/2025 19:32:43,1.16.3,PRexp,14,4.01,nan,10,Left,Left,46,0,10,10,nan,nan,0.65
9/18/2025 19:32:45,1.16.3,PRexp,14,4.01,nan,10,Left,Left,47,0,10,10,nan,nan,0.43
9/18/2025 19:32:46,1.16.3,PRexp,14,4.01,nan,10,Left,Left,48,0,10,10,nan,nan,0.23
9/18/2025 19:32:48,1.16.3,PRexp,14,4.01,nan,10,Left,Left,49,0,10,10,nan,nan,0.64
9/18/2025 19:32:50,1.16.3,PRexp,14,4.01,nan,10,Left,Left,50,0,10,10,nan,nan,0.38
9/18/2025 19:32:53,1.16.3,PRexp,14,4.01,2,10,Pellet,Left,50,0,11,11,0.48,45,nan
9/18/2025 19:43:28,1.16.3,PRexp,14,4.01,nan,12,Left,Left,51,0,11,11,nan,nan,0.20
9/18/2025 19:43:32,1.16.3,PRexp,14,4.01,nan,12,Left,Left,52,0,11,11,nan,nan,0.03
9/18/2025 19:43:46,1.16.3,PRexp,14,4.01,nan,12,Left,Left,53,0,11,11,nan,nan,0.10
9/18/2025 19:43:50,1.16.3,PRexp,14,4.01,nan,12,Left,Left,54,0,11,11,nan,nan,0.21
9/18/2025 19:43:53,1.16.3,PRexp,14,4.01,nan,12,Left,Left,55,0,11,11,nan,nan,0.12
9/18/2025 19:43:56,1.16.3,PRexp,14,4.01,nan,12,Left,Left,56,0,11,11,nan,nan,0.15
9/18/2025 19:43:57,1.16.3,PRexp,14,4.01,nan,12,Left,Left,57,0,11,11,nan,nan,0.37
9/18/2025 19:43:58,1.16.3,PRexp,14,4.01,nan,12,Left,Left,58,0,11,11,nan,nan,0.20
9/18/2025 19:44:01,1.16.3,PRexp,14,4.01,nan,12,Left,Left,59,0,11,11,nan,nan,0.88
9/18/2025 19:44:13,1.16.3,PRexp,14,4.01,nan,12,Left,Left,60,0,11,11,nan,nan,0.32
9/18/2025 19:44:16,1.16.3,PRexp,14,4.01,nan,12,Left,Left,61,0,11,11,nan,nan,0.25
9/18/2025 19:44:17,1.16.3,PRexp,14,4.01,nan,12,Left,Left,62,0,11,11,nan,nan,0.10
9/18/2025 19:44:20,1.16.3,PRexp,14,4.01,3,12,Pellet,Left,62,0,12,12,0.06,687,nan
9/18/2025 19:44:37,1.16.3,PRexp,14,4.01,nan,13,Left,Left,63,0,12,12,nan,nan,0.04
9/18/2025 19:44:40,1.16.3,PRexp,14,4.01,nan,13,Left,Left,64,0,12,12,nan,nan,0.30
9/18/2025 19:44:41,1.16.3,PRexp,14,4.01,nan,13,Left,Left,65,0,12,12,nan,nan,0.20
9/18/2025 19:44:43,1.16.3,PRexp,14,4.01,nan,13,Left,Left,66,0,12,12,nan,nan,0.44
9/18/2025 19:44:44,1.16.3,PRexp,14,4.01,nan,13,Left,Left,67,0,12,12,nan,nan,0.24
9/18/2025 19:44:45,1.16.3,PRexp,14,4.01,nan,13,Left,Left,68,0,12,12,nan,nan,0.00
9/18/2025 19:44:50,1.16.3,PRexp,14,4.01,nan,13,Left,Left,69,0,12,12,nan,nan,0.11
9/18/2025 19:44:52,1.16.3,PRexp,14,4.00,nan,13,Left,Left,70,0,12,12,nan,nan,0.32
9/18/2025 19:45:01,1.16.3,PRexp,14,4.01,nan,13,Left,Left,71,0,12,12,nan,nan,0.32
9/18/2025 19:45:02,1.16.3,PRexp,14,4.01,nan,13,Left,Left,72,0,12,12,nan,nan,0.00
9/18/2025 19:45:25,1.16.3,PRexp,14,4.01,nan,13,Left,Left,73,0,12,12,nan,nan,0.05
9/18/2025 19:45:29,1.16.3,PRexp,14,4.01,nan,13,Left,Left,74,0,12,12,nan,nan,0.12
9/18/2025 19:45:31,1.16.3,PRexp,14,4.01,nan,13,Left,Left,75,0,12,12,nan,nan,0.44
9/18/2025 19:45:33,1.16.3,PRexp,14,4.01,1,13,Pellet,Left,75,0,13,13,0.85,73,nan
9/18/2025 19:45:49,1.16.3,PRexp,14,4.00,nan,15,Left,Left,76,0,13,13,nan,nan,0.17
9/18/2025 19:45:52,1.16.3,PRexp,14,4.01,nan,15,Left,Left,77,0,13,13,nan,nan,0.21
9/18/2025 19:45:54,1.16.3,PRexp,14,4.01,nan,15,Left,Left,78,0,13,13,nan,nan,0.52
9/18/2025 19:45:56,1.16.3,PRexp,14,4.01,nan,15,Left,Left,79,0,13,13,nan,nan,0.27
9/18/2025 19:45:58,1.16.3,PRexp,14,4.01,nan,15,Left,Left,80,0,13,13,nan,nan,0.40
9/18/2025 19:46:01,1.16.3,PRexp,14,4.01,nan,15,Left,Left,81,0,13,13,nan,nan,0.17
9/18/2025 19:46:02,1.16.3,PRexp,14,4.01,nan,15,Left,Left,82,0,13,13,nan,nan,0.31
9/18/2025 19:46:04,1.16.3,PRexp,14,4.01,nan,15,Left,Left,83,0,13,13,nan,nan,0.29
9/18/2025 19:46:06,1.16.3,PRexp,14,4.01,nan,15,Left,Left,84,0,13,13,nan,nan,0.45
9/18/2025 19:46:12,1.16.3,PRexp,14,4.01,nan,15,Left,Left,85,0,13,13,nan,nan,0.32
9/18/2025 19:46:14,1.16.3,PRexp,14,4.01,nan,15,Left,Left,86,0,13,13,nan,nan,0.21
9/18/2025 19:46:16,1.16.3,PRexp,14,4.01,nan,15,Left,Left,87,0,13,13,nan,nan,0.65
9/18/2025 19:46:17,1.16.3,PRexp,14,4.01,nan,15,Left,Left,88,0,13,13,nan,nan,0.78
9/18/2025 19:46:20,1.16.3,PRexp,14,4.01,nan,15,Left,Left,89,0,13,13,nan,nan,0.37
9/18/2025 19:46:21,1.16.3,PRexp,14,4.00,nan,15,Left,Left,90,0,13,13,nan,nan,0.30
9/18/2025 19:46:23,1.16.3,PRexp,14,4.01,1,15,Pellet,Left,90,0,14,14,0.67,50,nan
9/18/2025 19:46:49,1.16.3,PRexp,14,4.01,nan,17,Left,Left,91,0,14,14,nan,nan,0.32
9/18/2025 19:46:52,1.16.3,PRexp,14,4.02,nan,17,Left,Left,92,0,14,14,nan,nan,0.17
9/18/2025 19:46:54,1.16.3,PRexp,14,4.01,nan,17,Left,Left,93,0,14,14,nan,nan,0.31
9/18/2025 19:46:55,1.16.3,PRexp,14,4.00,nan,17,Left,Left,94,0,14,14,nan,nan,0.27
9/18/2025 19:46:57,1.16.3,PRexp,14,4.01,nan,17,Left,Left,95,0,14,14,nan,nan,0.56
9/18/2025 19:46:59,1.16.3,PRexp,14,4.00,nan,17,Left,Left,96,0,14,14,nan,nan,0.20
9/18/2025 19:47:02,1.16.3,PRexp,14,4.01,nan,17,Left,Left,97,0,14,14,nan,nan,0.44
9/18/2025 19:47:04,1.16.3,PRexp,14,4.01,nan,17,Left,Left,98,0,14,14,nan,nan,0.28
9/18/2025 19:47:05,1.16.3,PRexp,14,4.01,nan,17,Left,Left,99,0,14,14,nan,nan,0.23
9/18/2025 19:47:07,1.16.3,PRexp,14,4.01,nan,17,Left,Left,100,0,14,14,nan,nan,0.84
9/18/2025 19:47:09,1.16.3,PRexp,14,4.01,nan,17,Left,Left,101,0,14,14,nan,nan,0.53
9/18/2025 19:47:10,1.16.3,PRexp,14,4.00,nan,17,Left,Left,102,0,14,14,nan,nan,0.25
9/18/2025 19:47:12,1.16.3,PRexp,14,4.01,nan,17,Left,Left,103,0,14,14,nan,nan,0.29
9/18/2025 19:47:14,1.16.3,PRexp,14,4.01,nan,17,Left,Left,104,0,14,14,nan,nan,0.27
9/18/2025 19:47:17,1.16.3,PRexp,14,4.01,nan,17,Left,Left,105,0,14,14,nan,nan,0.85
9/18/2025 19:47:18,1.16.3,PRexp,14,4.01,nan,17,Left,Left,106,0,14,14,nan,nan,0.00
9/18/2025 19:47:20,1.16.3,PRexp,14,4.01,nan,17,Left,Left,107,0,14,14,nan,nan,1.11
9/18/2025 19:47:21,1.16.3,PRexp,14,4.01,nan,17,LeftDuringDispense,Left,108,0,14,15,nan,nan,0.08
9/18/2025 19:47:24,1.16.3,PRexp,14,4.01,2,17,Pellet,Left,108,0,15,15,0.91,61,nan
9/18/2025 19:48:04,1.16.3,PRexp,14,4.01,nan,20,Left,Left,109,0,15,15,nan,nan,0.49
9/18/2025 19:48:05,1.16.3,PRexp,14,4.01,nan,20,Left,Left,110,0,15,15,nan,nan,0.19
9/18/2025 19:48:07,1.16.3,PRexp,14,4.01,nan,20,Left,Left,111,0,15,15,nan,nan,0.19
9/18/2025 19:48:08,1.16.3,PRexp,14,4.01,nan,20,Left,Left,112,0,15,15,nan,nan,0.00
9/18/2025 19:48:09,1.16.3,PRexp,14,4.01,nan,20,Left,Left,113,0,15,15,nan,nan,0.00
9/18/2025 19:48:11,1.16.3,PRexp,14,4.01,nan,20,Left,Left,114,0,15,15,nan,nan,0.83
9/18/2025 19:48:12,1.16.3,PRexp,14,4.02,nan,20,Left,Left,115,0,15,15,nan,nan,0.00
9/18/2025 19:48:13,1.16.3,PRexp,14,4.01,nan,20,Left,Left,116,0,15,15,nan,nan,0.18
9/18/2025 19:48:16,1.16.3,PRexp,14,4.01,nan,20,Left,Left,117,0,15,15,nan,nan,0.21
9/18/2025 19:48:18,1.16.3,PRexp,14,4.00,nan,20,Left,Left,118,0,15,15,nan,nan,0.65
9/18/2025 19:48:20,1.16.3,PRexp,14,4.01,nan,20,Left,Left,119,0,15,15,nan,nan,0.19
9/18/2025 19:48:29,1.16.3,PRexp,14,4.02,nan,20,Left,Left,120,0,15,15,nan,nan,0.26
9/18/2025 19:48:34,1.16.3,PRexp,14,4.01,nan,20,Left,Left,121,0,15,15,nan,nan,0.07
9/18/2025 19:48:38,1.16.3,PRexp,14,4.01,nan,20,Left,Left,122,0,15,15,nan,nan,0.41
9/18/2025 19:48:40,1.16.3,PRexp,14,4.00,nan,20,Left,Left,123,0,15,15,nan,nan,0.58
9/18/2025 19:48:41,1.16.3,PRexp,14,4.01,nan,20,Left,Left,124,0,15,15,nan,nan,0.33
9/18/2025 19:48:47,1.16.3,PRexp,14,4.01,nan,20,Right,Left,124,1,15,15,nan,nan,0.10
9/18/2025 19:53:26,1.16.3,PRexp,14,4.01,nan,20,Left,Left,125,1,15,15,nan,nan,0.37
9/18/2025 19:53:28,1.16.3,PRexp,14,4.01,nan,20,Left,Left,126,1,15,15,nan,nan,0.61
9/18/2025 19:53:31,1.16.3,PRexp,14,4.01,nan,20,Left,Left,127,1,15,15,nan,nan,0.31
9/18/2025 19:53:32,1.16.3,PRexp,14,4.01,nan,20,Left,Left,128,1,15,15,nan,nan,0.00
9/18/2025 19:53:43,1.16.3,PRexp,14,4.01,2,20,Pellet,Left,128,1,16,16,7.85,379,nan
9/18/2025 19:54:11,1.16.3,PRexp,14,4.01,nan,22,Left,Left,129,1,16,16,nan,nan,0.21
9/18/2025 19:54:12,1.16.3,PRexp,14,4.01,nan,22,Left,Left,130,1,16,16,nan,nan,0.37
9/18/2025 19:54:28,1.16.3,PRexp,14,4.01,nan,22,Left,Left,131,1,16,16,nan,nan,0.26
9/18/2025 19:54:30,1.16.3,PRexp,14,4.01,nan,22,Left,Left,132,1,16,16,nan,nan,0.48
9/18/2025 19:54:33,1.16.3,PRexp,14,4.01,nan,22,Left,Left,133,1,16,16,nan,nan,0.31
9/18/2025 19:54:44,1.16.3,PRexp,14,4.00,nan,22,Left,Left,134,1,16,16,nan,nan,0.13
9/18/2025 19:54:45,1.16.3,PRexp,14,4.00,nan,22,Left,Left,135,1,16,16,nan,nan,0.39
9/18/2025 19:54:47,1.16.3,PRexp,14,4.01,nan,22,Left,Left,136,1,16,16,nan,nan,0.18
9/18/2025 19:54:49,1.16.3,PRexp,14,4.01,nan,22,Left,Left,137,1,16,16,nan,nan,0.44
9/18/2025 19:54:50,1.16.3,PRexp,14,4.01,nan,22,Left,Left,138,1,16,16,nan,nan,0.00
9/18/2025 19:54:51,1.16.3,PRexp,14,4.01,nan,22,Left,Left,139,1,16,16,nan,nan,0.27
9/18/2025 19:54:52,1.16.3,PRexp,14,4.01,nan,22,Left,Left,140,1,16,16,nan,nan,0.35
9/18/2025 19:54:54,1.16.3,PRexp,14,4.01,nan,22,Left,Left,141,1,16,16,nan,nan,0.51
9/18/2025 19:55:01,1.16.3,PRexp,14,4.01,nan,22,Left,Left,142,1,16,16,nan,nan,0.10
9/18/2025 19:55:04,1.16.3,PRexp,14,4.01,nan,22,Left,Left,143,1,16,16,nan,nan,0.62
9/18/2025 19:55:10,1.16.3,PRexp,14,4.01,nan,22,Right,Left,143,2,16,16,nan,nan,0.22
9/18/2025 19:55:12,1.16.3,PRexp,14,4.01,nan,22,Left,Left,144,2,16,16,nan,nan,0.37
9/18/2025 19:55:13,1.16.3,PRexp,14,4.01,nan,22,Left,Left,145,2,16,16,nan,nan,0.37
9/18/2025 19:55:14,1.16.3,PRexp,14,4.01,nan,22,Left,Left,146,2,16,16,nan,nan,0.49
9/18/2025 19:55:16,1.16.3,PRexp,14,4.01,nan,22,Left,Left,147,2,16,16,nan,nan,0.28
9/18/2025 19:55:19,1.16.3,PRexp,14,4.01,nan,22,Left,Left,148,2,16,16,nan,nan,0.45
9/18/2025 19:55:19,1.16.3,PRexp,14,4.01,nan,22,Left,Left,149,2,16,16,nan,nan,0.00
9/18/2025 19:55:21,1.16.3,PRexp,14,4.01,nan,22,Left,Left,150,2,16,16,nan,nan,0.23
9/18/2025 19:55:22,1.16.3,PRexp,14,4.01,nan,22,LeftDuringDispense,Left,151,2,16,17,nan,nan,0.14
9/18/2025 19:55:23,1.16.3,PRexp,14,4.01,nan,22,LeftDuringDispense,Left,152,2,16,17,nan,nan,0.32
9/18/2025 19:55:24,1.16.3,PRexp,14,4.01,nan,22,LeftDuringDispense,Left,153,2,16,17,nan,nan,0.94
9/18/2025 19:55:29,1.16.3,PRexp,14,4.01,3,22,Pellet,Left,153,2,17,17,0.06,106,nan
9/18/2025 19:55:47,1.16.3,PRexp,14,4.01,nan,25,Left,Left,154,2,17,17,nan,nan,0.07
9/18/2025 19:55:48,1.16.3,PRexp,14,4.00,nan,25,Left,Left,155,2,17,17,nan,nan,0.15
9/18/2025 19:55:51,1.16.3,PRexp,14,4.01,nan,25,Left,Left,156,2,17,17,nan,nan,0.67
9/18/2025 19:55:53,1.16.3,PRexp,14,4.01,nan,25,Left,Left,157,2,17,17,nan,nan,0.00
9/18/2025 19:55:53,1.16.3,PRexp,14,4.01,nan,25,Left,Left,158,2,17,17,nan,nan,0.00
9/18/2025 19:55:56,1.16.3,PRexp,14,4.00,nan,25,Left,Left,159,2,17,17,nan,nan,0.14
9/18/2025 19:55:57,1.16.3,PRexp,14,4.01,nan,25,Left,Left,160,2,17,17,nan,nan,0.31
9/18/2025 19:55:58,1.16.3,PRexp,14,4.00,nan,25,Left,Left,161,2,17,17,nan,nan,0.00
9/18/2025 19:56:00,1.16.3,PRexp,14,4.01,nan,25,Left,Left,162,2,17,17,nan,nan,0.36
9/18/2025 19:56:01,1.16.3,PRexp,14,4.01,nan,25,Left,Left,163,2,17,17,nan,nan,0.13
9/18/2025 19:56:02,1.16.3,PRexp,14,4.01,nan,25,Left,Left,164,2,17,17,nan,nan,0.14
9/18/2025 19:56:03,1.16.3,PRexp,14,4.01,nan,25,Left,Left,165,2,17,17,nan,nan,0.00
9/18/2025 19:56:05,1.16.3,PRexp,14,4.01,nan,25,Left,Left,166,2,17,17,nan,nan,0.00
9/18/2025 19:56:11,1.16.3,PRexp,14,4.01,nan,25,Left,Left,167,2,17,17,nan,nan,0.02
9/18/2025 19:56:11,1.16.3,PRexp,14,4.01,nan,25,Left,Left,168,2,17,17,nan,nan,0.00
9/18/2025 19:56:12,1.16.3,PRexp,14,4.01,nan,25,Left,Left,169,2,17,17,nan,nan,0.11
9/18/2025 19:56:14,1.16.3,PRexp,14,4.00,nan,25,Left,Left,170,2,17,17,nan,nan,0.03
9/18/2025 19:56:15,1.16.3,PRexp,14,4.00,nan,25,Left,Left,171,2,17,17,nan,nan,0.12
9/18/2025 19:56:16,1.16.3,PRexp,14,4.01,nan,25,Left,Left,172,2,17,17,nan,nan,0.29
9/18/2025 19:56:17,1.16.3,PRexp,14,4.01,nan,25,Left,Left,173,2,17,17,nan,nan,0.21
9/18/2025 19:56:18,1.16.3,PRexp,14,4.01,nan,25,Left,Left,174,2,17,17,nan,nan,0.11
9/18/2025 19:56:19,1.16.3,PRexp,14,4.00,nan,25,Left,Left,175,2,17,17,nan,nan,0.03
9/18/2025 19:56:21,1.16.3,PRexp,14,4.01,nan,25,Left,Left,176,2,17,17,nan,nan,1.05
9/18/2025 19:56:25,1.16.3,PRexp,14,4.01,nan,25,Left,Left,177,2,17,17,nan,nan,1.12
9/18/2025 19:56:27,1.16.3,PRexp,14,4.01,nan,25,Left,Left,178,2,17,17,nan,nan,0.46
9/18/2025 19:56:31,1.16.3,PRexp,14,4.01,2,25,Pellet,Left,178,2,18,18,2.87,62,nan
9/18/2025 19:56:54,1.16.3,PRexp,14,4.01,nan,28,Left,Left,179,2,18,18,nan,nan,0.28
9/18/2025 19:56:55,1.16.3,PRexp,14,4.01,nan,28,Left,Left,180,2,18,18,nan,nan,0.00
9/18/2025 19:56:56,1.16.3,PRexp,14,4.00,nan,28,Left,Left,181,2,18,18,nan,nan,0.00
9/18/2025 19:56:58,1.16.3,PRexp,14,4.01,nan,28,Left,Left,182,2,18,18,nan,nan,0.00
9/18/2025 19:57:01,1.16.3,PRexp,14,4.01,nan,28,Left,Left,183,2,18,18,nan,nan,0.29
9/18/2025 19:57:07,1.16.3,PRexp,14,4.01,nan,28,Left,Left,184,2,18,18,nan,nan,2.90
9/18/2025 19:57:34,1.16.3,PRexp,14,4.01,nan,28,Left,Left,185,2,18,18,nan,nan,0.00
9/18/2025 19:57:44,1.16.3,PRexp,14,4.01,nan,28,Left,Left,186,2,18,18,nan,nan,0.07
9/18/2025 19:58:53,1.16.3,PRexp,14,4.01,nan,28,Left,Left,187,2,18,18,nan,nan,0.13
9/18/2025 19:58:55,1.16.3,PRexp,14,4.01,nan,28,Left,Left,188,2,18,18,nan,nan,0.19
9/18/2025 19:58:58,1.16.3,PRexp,14,4.01,nan,28,Left,Left,189,2,18,18,nan,nan,0.39
9/18/2025 19:59:01,1.16.3,PRexp,14,4.01,nan,28,Left,Left,190,2,18,18,nan,nan,1.46
9/18/2025 19:59:02,1.16.3,PRexp,14,4.01,nan,28,Left,Left,191,2,18,18,nan,nan,0.50
9/18/2025 19:59:03,1.16.3,PRexp,14,4.01,nan,28,Left,Left,192,2,18,18,nan,nan,0.35
9/18/2025 19:59:07,1.16.3,PRexp,14,4.01,nan,28,Left,Left,193,2,18,18,nan,nan,0.07
9/18/2025 19:59:09,1.16.3,PRexp,14,4.00,nan,28,Left,Left,194,2,18,18,nan,nan,0.41
9/18/2025 19:59:11,1.16.3,PRexp,14,4.01,nan,28,Left,Left,195,2,18,18,nan,nan,0.51
9/18/2025 19:59:13,1.16.3,PRexp,14,4.01,nan,28,Left,Left,196,2,18,18,nan,nan,0.17
9/18/2025 19:59:14,1.16.3,PRexp,14,4.00,nan,28,Left,Left,197,2,18,18,nan,nan,0.56
9/18/2025 19:59:16,1.16.3,PRexp,14,4.01,nan,28,Left,Left,198,2,18,18,nan,nan,0.33
9/18/2025 19:59:18,1.16.3,PRexp,14,4.01,nan,28,Left,Left,199,2,18,18,nan,nan,0.54
9/18/2025 19:59:21,1.16.3,PRexp,14,4.01,nan,28,Left,Left,200,2,18,18,nan,nan,0.18
9/18/2025 19:59:24,1.16.3,PRexp,14,4.01,nan,28,Left,Left,201,2,18,18,nan,nan,0.23
9/18/2025 19:59:26,1.16.3,PRexp,14,4.01,nan,28,Left,Left,202,2,18,18,nan,nan,0.24
9/18/2025 19:59:35,1.16.3,PRexp,14,4.01,nan,28,Left,Left,203,2,18,18,nan,nan,0.04
9/18/2025 19:59:38,1.16.3,PRexp,14,4.01,nan,28,Left,Left,204,2,18,18,nan,nan,0.04
9/18/2025 19:59:59,1.16.3,PRexp,14,4.00,nan,28,Right,Left,204,3,18,18,nan,nan,0.16
9/18/2025 20:00:00,1.16.3,PRexp,14,4.01,nan,28,Right,Left,204,4,18,18,nan,nan,0.01
9/18/2025 20:00:04,1.16.3,PRexp,14,4.01,nan,28,Right,Left,204,5,18,18,nan,nan,0.18
9/18/2025 20:00:05,1.16.3,PRexp,14,4.01,nan,28,Right,Left,204,6,18,18,nan,nan,0.16
9/18/2025 20:00:07,1.16.3,PRexp,14,4.01,nan,28,Right,Left,204,7,18,18,nan,nan,0.30
9/18/2025 20:00:24,1.16.3,PRexp,14,4.01,nan,28,Left,Left,205,7,18,18,nan,nan,0.15
9/18/2025 20:00:31,1.16.3,PRexp,14,4.01,nan,28,Left,Left,206,7,18,18,nan,nan,0.09
9/18/2025 20:00:36,1.16.3,PRexp,14,4.01,2,28,Pellet,Left,206,7,19,19,3.18,244,nan
9/18/2025 20:00:53,1.16.3,PRexp,14,4.01,nan,32,Left,Left,207,7,19,19,nan,nan,0.01
9/18/2025 20:01:12,1.16.3,PRexp,14,4.01,nan,32,Left,Left,208,7,19,19,nan,nan,0.10
9/18/2025 20:01:12,1.16.3,PRexp,14,4.01,nan,32,Left,Left,209,7,19,19,nan,nan,0.00
9/18/2025 20:01:13,1.16.3,PRexp,14,4.01,nan,32,Left,Left,210,7,19,19,nan,nan,0.02
9/18/2025 20:01:15,1.16.3,PRexp,14,4.01,nan,32,Left,Left,211,7,19,19,nan,nan,0.28
9/18/2025 20:01:17,1.16.3,PRexp,14,4.00,nan,32,Left,Left,212,7,19,19,nan,nan,0.17
9/18/2025 20:01:18,1.16.3,PRexp,14,4.01,nan,32,Left,Left,213,7,19,19,nan,nan,0.35
9/18/2025 20:01:19,1.16.3,PRexp,14,4.01,nan,32,Left,Left,214,7,19,19,nan,nan,0.20
9/18/2025 20:01:20,1.16.3,PRexp,14,4.01,nan,32,Left,Left,215,7,19,19,nan,nan,0.09
9/18/2025 20:01:22,1.16.3,PRexp,14,4.01,nan,32,Left,Left,216,7,19,19,nan,nan,0.17
9/18/2025 20:01:24,1.16.3,PRexp,14,4.00,nan,32,Left,Left,217,7,19,19,nan,nan,0.25
9/18/2025 20:01:26,1.16.3,PRexp,14,4.01,nan,32,Left,Left,218,7,19,19,nan,nan,0.22
9/18/2025 20:01:28,1.16.3,PRexp,14,4.02,nan,32,Left,Left,219,7,19,19,nan,nan,0.18
9/18/2025 20:01:29,1.16.3,PRexp,14,4.01,nan,32,Left,Left,220,7,19,19,nan,nan,0.17
9/18/2025 20:01:31,1.16.3,PRexp,14,4.01,nan,32,Left,Left,221,7,19,19,nan,nan,0.23
9/18/2025 20:01:33,1.16.3,PRexp,14,4.01,nan,32,Left,Left,222,7,19,19,nan,nan,0.53
9/18/2025 20:01:36,1.16.3,PRexp,14,4.01,nan,32,Left,Left,223,7,19,19,nan,nan,0.24
9/18/2025 20:01:39,1.16.3,PRexp,14,4.01,nan,32,Left,Left,224,7,19,19,nan,nan,0.26
9/18/2025 20:01:42,1.16.3,PRexp,14,4.00,nan,32,Left,Left,225,7,19,19,nan,nan,0.15
9/18/2025 20:01:44,1.16.3,PRexp,14,4.01,nan,32,Left,Left,226,7,19,19,nan,nan,0.65
9/18/2025 20:01:50,1.16.3,PRexp,14,4.01,nan,32,Left,Left,227,7,19,19,nan,nan,0.14
9/18/2025 20:02:05,1.16.3,PRexp,14,4.01,nan,32,Left,Left,228,7,19,19,nan,nan,0.17
9/18/2025 20:05:37,1.16.3,PRexp,14,4.01,nan,32,Left,Left,229,7,19,19,nan,nan,0.00
9/18/2025 20:10:00,1.16.3,PRexp,14,4.00,nan,32,Left,Left,230,7,19,19,nan,nan,0.12
9/18/2025 20:17:08,1.16.3,PRexp,14,4.00,nan,32,Left,Left,231,7,19,19,nan,nan,0.89
9/18/2025 20:17:13,1.16.3,PRexp,14,4.01,nan,32,Left,Left,232,7,19,19,nan,nan,0.48
9/18/2025 20:17:17,1.16.3,PRexp,14,4.01,nan,32,Left,Left,233,7,19,19,nan,nan,0.32
9/18/2025 20:17:18,1.16.3,PRexp,14,4.01,nan,32,Left,Left,234,7,19,19,nan,nan,0.00
9/18/2025 20:17:19,1.16.3,PRexp,14,4.01,nan,32,Left,Left,235,7,19,19,nan,nan,0.27
9/18/2025 20:17:21,1.16.3,PRexp,14,4.01,nan,32,Left,Left,236,7,19,19,nan,nan,0.12
9/18/2025 20:17:22,1.16.3,PRexp,14,4.01,nan,32,Left,Left,237,7,19,19,nan,nan,0.39
9/18/2025 20:17:23,1.16.3,PRexp,14,4.01,nan,32,Left,Left,238,7,19,19,nan,nan,0.32
9/18/2025 20:17:25,1.16.3,PRexp,14,4.01,1,32,Pellet,Left,238,7,20,20,0.24,1009,nan
9/18/2025 20:17:46,1.16.3,PRexp,14,4.01,nan,36,Left,Left,239,7,20,20,nan,nan,0.17
9/18/2025 20:17:49,1.16.3,PRexp,14,4.00,nan,36,Left,Left,240,7,20,20,nan,nan,0.09
9/18/2025 20:17:51,1.16.3,PRexp,14,4.01,nan,36,Left,Left,241,7,20,20,nan,nan,0.60
9/18/2025 20:17:52,1.16.3,PRexp,14,4.01,nan,36,Left,Left,242,7,20,20,nan,nan,0.24
9/18/2025 20:17:54,1.16.3,PRexp,14,4.01,nan,36,Left,Left,243,7,20,20,nan,nan,0.62
9/18/2025 20:17:57,1.16.3,PRexp,14,4.01,nan,36,Left,Left,244,7,20,20,nan,nan,0.44
9/18/2025 20:17:58,1.16.3,PRexp,14,4.01,nan,36,Left,Left,245,7,20,20,nan,nan,0.22
9/18/2025 20:17:59,1.16.3,PRexp,14,4.01,nan,36,Left,Left,246,7,20,20,nan,nan,0.35
9/18/2025 20:18:15,1.16.3,PRexp,14,4.01,nan,36,Left,Left,247,7,20,20,nan,nan,0.12
9/18/2025 20:18:17,1.16.3,PRexp,14,4.01,nan,36,Left,Left,248,7,20,20,nan,nan,0.28
9/18/2025 20:18:23,1.16.3,PRexp,14,4.01,nan,36,Left,Left,249,7,20,20,nan,nan,0.07
9/18/2025 20:18:24,1.16.3,PRexp,14,4.01,nan,36,Left,Left,250,7,20,20,nan,nan,0.32
9/18/2025 20:18:26,1.16.3,PRexp,14,4.00,nan,36,Left,Left,251,7,20,20,nan,nan,0.17
9/18/2025 20:18:27,1.16.3,PRexp,14,4.01,nan,36,Left,Left,252,7,20,20,nan,nan,0.32
9/18/2025 20:18:29,1.16.3,PRexp,14,4.01,nan,36,Left,Left,253,7,20,20,nan,nan,0.29
9/18/2025 20:18:40,1.16.3,PRexp,14,4.00,nan,36,Left,Left,254,7,20,20,nan,nan,0.12
9/18/2025 20:18:42,1.16.3,PRexp,14,4.01,nan,36,Left,Left,255,7,20,20,nan,nan,0.22
9/18/2025 20:18:44,1.16.3,PRexp,14,4.01,nan,36,Left,Left,256,7,20,20,nan,nan,0.02
9/18/2025 20:18:47,1.16.3,PRexp,14,4.01,nan,36,Left,Left,257,7,20,20,nan,nan,0.58
9/18/2025 20:18:49,1.16.3,PRexp,14,4.01,nan,36,Left,Left,258,7,20,20,nan,nan,0.57
9/18/2025 20:18:51,1.16.3,PRexp,14,4.01,nan,36,Left,Left,259,7,20,20,nan,nan,0.59
9/18/2025 20:18:52,1.16.3,PRexp,14,4.01,nan,36,Left,Left,260,7,20,20,nan,nan,0.53
9/18/2025 20:18:56,1.16.3,PRexp,14,4.01,nan,36,Left,Left,261,7,20,20,nan,nan,0.60
9/18/2025 20:37:25,1.16.3,PRexp,14,4.01,nan,36,Right,Left,261,8,20,20,nan,nan,0.03
9/18/2025 20:37:40,1.16.3,PRexp,14,4.01,nan,36,Right,Left,261,9,20,20,nan,nan,0.01
9/18/2025 20:43:43,1.16.3,PRexp,14,4.01,nan,36,Left,Left,262,9,20,20,nan,nan,0.00
9/18/2025 20:47:36,1.16.3,PRexp,14,4.01,nan,36,Left,Left,263,9,20,20,nan,nan,0.59
9/18/2025 20:47:42,1.16.3,PRexp,14,4.01,nan,36,Left,Left,264,9,20,20,nan,nan,0.11
9/18/2025 20:47:43,1.16.3,PRexp,14,4.01,nan,36,Left,Left,265,9,20,20,nan,nan,0.03
9/18/2025 20:47:45,1.16.3,PRexp,14,4.01,nan,36,Left,Left,266,9,20,20,nan,nan,0.15
9/18/2025 20:47:46,1.16.3,PRexp,14,4.01,nan,36,Left,Left,267,9,20,20,nan,nan,0.63
9/18/2025 20:47:51,1.16.3,PRexp,14,4.01,nan,36,Left,Left,268,9,20,20,nan,nan,1.27
9/18/2025 20:47:53,1.16.3,PRexp,14,4.02,nan,36,Left,Left,269,9,20,20,nan,nan,0.15
9/18/2025 20:47:56,1.16.3,PRexp,14,4.00,nan,36,Left,Left,270,9,20,20,nan,nan,0.45
9/18/2025 20:47:59,1.16.3,PRexp,14,4.00,nan,36,Left,Left,271,9,20,20,nan,nan,2.10
9/18/2025 20:48:01,1.16.3,PRexp,14,4.01,nan,36,Left,Left,272,9,20,20,nan,nan,0.27
9/18/2025 20:48:03,1.16.3,PRexp,14,4.01,nan,36,Left,Left,273,9,20,20,nan,nan,0.37
9/18/2025 20:48:04,1.16.3,PRexp,14,4.01,nan,36,Left,Left,274,9,20,20,nan,nan,0.28
9/18/2025 20:48:08,1.16.3,PRexp,14,4.00,2,36,Pellet,Left,274,9,21,21,0.42,1843,nan
9/18/2025 20:48:40,1.16.3,PRexp,14,4.00,nan,40,Left,Left,275,9,21,21,nan,nan,0.20
9/18/2025 20:48:47,1.16.3,PRexp,14,4.01,nan,40,Left,Left,276,9,21,21,nan,nan,0.11
9/18/2025 20:48:50,1.16.3,PRexp,14,4.01,nan,40,Left,Left,277,9,21,21,nan,nan,0.01
9/18/2025 20:48:56,1.16.3,PRexp,14,4.00,nan,40,Left,Left,278,9,21,21,nan,nan,0.06
9/18/2025 20:48:58,1.16.3,PRexp,14,4.01,nan,40,Left,Left,279,9,21,21,nan,nan,0.13
9/18/2025 20:49:00,1.16.3,PRexp,14,4.01,nan,40,Left,Left,280,9,21,21,nan,nan,0.27
9/18/2025 20:49:01,1.16.3,PRexp,14,4.01,nan,40,Left,Left,281,9,21,21,nan,nan,0.52
9/18/2025 20:49:03,1.16.3,PRexp,14,4.01,nan,40,Left,Left,282,9,21,21,nan,nan,0.23
9/18/2025 20:49:05,1.16.3,PRexp,14,4.01,nan,40,Left,Left,283,9,21,21,nan,nan,0.17
9/18/2025 20:49:15,1.16.3,PRexp,14,4.00,nan,40,Left,Left,284,9,21,21,nan,nan,0.07
9/18/2025 20:49:16,1.16.3,PRexp,14,4.01,nan,40,Left,Left,285,9,21,21,nan,nan,0.00
9/18/2025 20:49:18,1.16.3,PRexp,14,4.01,nan,40,Left,Left,286,9,21,21,nan,nan,0.69
9/18/2025 20:49:19,1.16.3,PRexp,14,4.01,nan,40,Left,Left,287,9,21,21,nan,nan,0.44
9/18/2025 20:49:20,1.16.3,PRexp,14,4.01,nan,40,Left,Left,288,9,21,21,nan,nan,0.19
9/18/2025 20:49:22,1.16.3,PRexp,14,4.01,nan,40,Left,Left,289,9,21,21,nan,nan,0.19
9/18/2025 20:49:23,1.16.3,PRexp,14,4.01,nan,40,Left,Left,290,9,21,21,nan,nan,0.23
9/18/2025 20:49:24,1.16.3,PRexp,14,4.00,nan,40,Left,Left,291,9,21,21,nan,nan,0.15
9/18/2025 20:49:26,1.16.3,PRexp,14,4.01,nan,40,Left,Left,292,9,21,21,nan,nan,0.48
9/18/2025 20:49:28,1.16.3,PRexp,14,4.01,nan,40,Left,Left,293,9,21,21,nan,nan,0.27
9/18/2025 20:49:35,1.16.3,PRexp,14,4.01,nan,40,Left,Left,294,9,21,21,nan,nan,0.20
9/18/2025 20:49:38,1.16.3,PRexp,14,4.01,nan,40,Left,Left,295,9,21,21,nan,nan,0.37
9/18/2025 20:49:38,1.16.3,PRexp,14,4.01,nan,40,Left,Left,296,9,21,21,nan,nan,0.00
9/18/2025 20:49:40,1.16.3,PRexp,14,4.00,nan,40,Left,Left,297,9,21,21,nan,nan,0.45
9/18/2025 20:50:42,1.16.3,PRexp,14,4.01,nan,40,Left,Left,298,9,21,21,nan,nan,0.32
9/18/2025 20:54:00,1.16.3,PRexp,14,4.01,nan,40,Left,Left,299,9,21,21,nan,nan,0.24
9/18/2025 20:59:11,1.16.3,PRexp,14,4.01,nan,40,Left,Left,300,9,21,21,nan,nan,0.10
9/18/2025 20:59:15,1.16.3,PRexp,14,4.01,nan,40,Left,Left,301,9,21,21,nan,nan,0.18
9/18/2025 20:59:16,1.16.3,PRexp,14,4.00,nan,40,Left,Left,302,9,21,21,nan,nan,0.31
9/18/2025 20:59:18,1.16.3,PRexp,14,4.01,nan,40,Left,Left,303,9,21,21,nan,nan,0.21
9/18/2025 20:59:19,1.16.3,PRexp,14,4.01,nan,40,Left,Left,304,9,21,21,nan,nan,0.00
9/18/2025 20:59:20,1.16.3,PRexp,14,4.01,nan,40,Left,Left,305,9,21,21,nan,nan,0.64
9/18/2025 20:59:24,1.16.3,PRexp,14,4.00,nan,40,Left,Left,306,9,21,21,nan,nan,0.03
9/18/2025 20:59:32,1.16.3,PRexp,14,4.01,nan,40,Left,Left,307,9,21,21,nan,nan,0.28
9/18/2025 20:59:34,1.16.3,PRexp,14,4.00,nan,40,Left,Left,308,9,21,21,nan,nan,0.63
9/18/2025 20:59:36,1.16.3,PRexp,14,4.01,nan,40,Left,Left,309,9,21,21,nan,nan,0.58
9/18/2025 20:59:39,1.16.3,PRexp,14,4.01,nan,40,Left,Left,310,9,21,21,nan,nan,0.02
9/18/2025 20:59:41,1.16.3,PRexp,14,4.01,nan,40,Left,Left,311,9,21,21,nan,nan,0.40
9/18/2025 20:59:50,1.16.3,PRexp,14,4.01,nan,40,Left,Left,312,9,21,21,nan,nan,0.11
9/18/2025 22:00:41,1.16.3,PRexp,14,4.00,nan,1,Left,Left,313,9,21,0,nan,nan,0.53
9/18/2025 22:00:42,1.16.3,PRexp,14,4.01,1,1,Pellet,Left,313,9,22,1,0.36,4355,nan
9/18/2025 22:01:32,1.16.3,PRexp,14,4.01,nan,1,Left,Left,314,9,22,1,nan,nan,0.00
9/18/2025 22:01:33,1.16.3,PRexp,14,4.01,1,1,Pellet,Left,314,9,23,2,0.24,51,nan
9/18/2025 22:02:10,1.16.3,PRexp,14,4.01,nan,2,Left,Left,315,9,23,2,nan,nan,0.12
9/18/2025 22:02:14,1.16.3,PRexp,14,4.01,nan,2,Left,Left,316,9,23,2,nan,nan,1.06
9/18/2025 22:02:16,1.16.3,PRexp,14,4.01,1,2,Pellet,Left,316,9,24,3,0.30,42,nan
9/18/2025 22:03:24,1.16.3,PRexp,14,4.01,nan,2,Left,Left,317,9,24,3,nan,nan,0.18
9/18/2025 22:03:35,1.16.3,PRexp,14,4.00,nan,2,Left,Left,318,9,24,3,nan,nan,0.84
9/18/2025 22:03:36,1.16.3,PRexp,14,4.01,nan,2,LeftDuringDispense,Left,319,9,24,4,nan,nan,0.43
9/18/2025 22:03:37,1.16.3,PRexp,14,4.00,1,2,Pellet,Left,319,9,25,4,0.91,82,nan
9/18/2025 22:05:05,1.16.3,PRexp,14,4.00,nan,3,Left,Left,320,9,25,4,nan,nan,0.55
9/18/2025 22:05:09,1.16.3,PRexp,14,4.00,nan,3,Left,Left,321,9,25,4,nan,nan,0.28
9/18/2025 22:05:11,1.16.3,PRexp,14,4.01,nan,3,Left,Left,322,9,25,4,nan,nan,0.05
9/18/2025 22:05:12,1.16.3,PRexp,14,4.00,nan,3,LeftDuringDispense,Left,323,9,25,5,nan,nan,0.75
9/18/2025 22:05:16,1.16.3,PRexp,14,4.00,3,3,Pellet,Left,323,9,26,5,0.67,99,nan
9/18/2025 22:05:41,1.16.3,PRexp,14,4.00,nan,4,Left,Left,324,9,26,5,nan,nan,0.04
9/18/2025 22:06:02,1.16.3,PRexp,14,4.00,nan,4,Left,Left,325,9,26,5,nan,nan,0.58
9/18/2025 22:06:02,1.16.3,PRexp,14,4.01,nan,4,Left,Left,326,9,26,5,nan,nan,0.00
9/18/2025 22:06:04,1.16.3,PRexp,14,4.01,nan,4,Left,Left,327,9,26,5,nan,nan,0.59
9/18/2025 22:06:04,1.16.3,PRexp,14,4.00,nan,4,LeftDuringDispense,Left,328,9,26,6,nan,nan,0.03
9/18/2025 22:06:08,1.16.3,PRexp,14,4.00,3,4,Pellet,Left,328,9,27,6,0.24,51,nan
9/18/2025 22:06:23,1.16.3,PRexp,14,4.01,nan,5,Left,Left,329,9,27,6,nan,nan,0.07
9/18/2025 22:06:25,1.16.3,PRexp,14,4.01,nan,5,Left,Left,330,9,27,6,nan,nan,0.11
9/18/2025 22:06:26,1.16.3,PRexp,14,4.01,nan,5,Left,Left,331,9,27,6,nan,nan,0.00
9/18/2025 22:06:27,1.16.3,PRexp,14,4.01,nan,5,Left,Left,332,9,27,6,nan,nan,0.12
9/18/2025 22:06:29,1.16.3,PRexp,14,4.01,nan,5,Left,Left,333,9,27,6,nan,nan,0.68
9/18/2025 22:06:30,1.16.3,PRexp,14,4.00,nan,5,LeftDuringDispense,Left,334,9,27,7,nan,nan,0.32
9/18/2025 22:06:33,1.16.3,PRexp,14,4.01,3,5,Pellet,Left,334,9,28,7,0.06,26,nan
9/18/2025 22:06:49,1.16.3,PRexp,14,4.00,nan,6,Left,Left,335,9,28,7,nan,nan,0.08
9/18/2025 22:06:53,1.16.3,PRexp,14,4.01,nan,6,Left,Left,336,9,28,7,nan,nan,0.27
9/18/2025 22:06:56,1.16.3,PRexp,14,4.01,nan,6,Left,Left,337,9,28,7,nan,nan,0.04
9/18/2025 22:06:58,1.16.3,PRexp,14,4.01,nan,6,Left,Left,338,9,28,7,nan,nan,0.01
9/18/2025 22:07:02,1.16.3,PRexp,14,4.01,nan,6,Left,Left,339,9,28,7,nan,nan,0.52
9/18/2025 22:07:05,1.16.3,PRexp,14,4.01,nan,6,Left,Left,340,9,28,7,nan,nan,1.10
9/18/2025 22:07:09,1.16.3,PRexp,14,4.01,3,6,Pellet,Left,340,9,29,8,0.48,36,nan
9/18/2025 22:07:47,1.16.3,PRexp,14,4.00,nan,7,Left,Left,341,9,29,8,nan,nan,0.60
9/18/2025 22:07:48,1.16.3,PRexp,14,4.01,nan,7,Left,Left,342,9,29,8,nan,nan,0.32
9/18/2025 22:07:50,1.16.3,PRexp,14,4.01,nan,7,Left,Left,343,9,29,8,nan,nan,0.51
9/18/2025 22:08:00,1.16.3,PRexp,14,4.00,nan,7,Left,Left,344,9,29,8,nan,nan,0.11
9/18/2025 22:08:01,1.16.3,PRexp,14,4.00,nan,7,Left,Left,345,9,29,8,nan,nan,0.17
9/18/2025 22:08:02,1.16.3,PRexp,14,4.00,nan,7,Left,Left,346,9,29,8,nan,nan,0.00
9/18/2025 22:08:05,1.16.3,PRexp,14,4.01,nan,7,Left,Left,347,9,29,8,nan,nan,0.16
9/18/2025 22:08:05,1.16.3,PRexp,14,4.01,nan,7,LeftDuringDispense,Left,348,9,29,9,nan,nan,0.14
9/18/2025 22:08:06,1.16.3,PRexp,14,4.01,nan,7,LeftDuringDispense,Left,349,9,29,9,nan,nan,0.01
9/18/2025 22:08:09,1.16.3,PRexp,14,4.01,3,7,Pellet,Left,349,9,30,9,0.79,60,nan
9/18/2025 22:08:26,1.16.3,PRexp,14,4.01,nan,9,Left,Left,350,9,30,9,nan,nan,0.19
9/18/2025 22:08:28,1.16.3,PRexp,14,4.01,nan,9,Left,Left,351,9,30,9,nan,nan,0.29
9/18/2025 22:08:29,1.16.3,PRexp,14,4.00,nan,9,Left,Left,352,9,30,9,nan,nan,0.70
9/18/2025 22:08:34,1.16.3,PRexp,14,4.01,nan,9,Left,Left,353,9,30,9,nan,nan,0.69
9/18/2025 22:08:35,1.16.3,PRexp,14,4.01,nan,9,Left,Left,354,9,30,9,nan,nan,0.22
9/18/2025 22:08:37,1.16.3,PRexp,14,4.01,nan,9,Left,Left,355,9,30,9,nan,nan,0.99
9/18/2025 22:08:38,1.16.3,PRexp,14,4.01,nan,9,Left,Left,356,9,30,9,nan,nan,0.40
9/18/2025 22:08:39,1.16.3,PRexp,14,4.01,nan,9,Left,Left,357,9,30,9,nan,nan,0.00
9/18/2025 22:08:40,1.16.3,PRexp,14,4.01,nan,9,Left,Left,358,9,30,9,nan,nan,0.53
9/18/2025 22:08:42,1.16.3,PRexp,14,4.00,nan,9,LeftWithPellet,Left,359,9,30,10,nan,nan,0.01
9/18/2025 22:08:43,1.16.3,PRexp,14,4.01,1,9,Pellet,Left,359,9,31,10,1.43,34,nan
9/18/2025 22:09:05,1.16.3,PRexp,14,4.01,nan,10,Left,Left,360,9,31,10,nan,nan,0.54
9/18/2025 22:09:07,1.16.3,PRexp,14,4.01,nan,10,Left,Left,361,9,31,10,nan,nan,0.31
9/18/2025 22:09:09,1.16.3,PRexp,14,4.00,nan,10,Left,Left,362,9,31,10,nan,nan,1.55
9/18/2025 22:09:18,1.16.3,PRexp,14,4.00,nan,10,Left,Left,363,9,31,10,nan,nan,0.03
9/18/2025 22:09:22,1.16.3,PRexp,14,4.01,nan,10,Left,Left,364,9,31,10,nan,nan,0.14
9/18/2025 22:09:23,1.16.3,PRexp,14,4.00,nan,10,Left,Left,365,9,31,10,nan,nan,0.71
9/18/2025 22:09:25,1.16.3,PRexp,14,4.01,nan,10,Left,Left,366,9,31,10,nan,nan,0.84
9/18/2025 22:09:29,1.16.3,PRexp,14,4.00,nan,10,Left,Left,367,9,31,10,nan,nan,0.87
9/18/2025 22:09:33,1.16.3,PRexp,14,4.01,nan,10,Left,Left,368,9,31,10,nan,nan,0.95
9/18/2025 22:09:36,1.16.3,PRexp,14,4.00,nan,10,Left,Left,369,9,31,10,nan,nan,0.28
9/18/2025 22:09:37,1.16.3,PRexp,14,4.00,1,10,Pellet,Left,369,9,32,11,0.36,54,nan
9/18/2025 22:09:52,1.16.3,PRexp,14,4.01,nan,12,Left,Left,370,9,32,11,nan,nan,0.08
9/18/2025 22:09:52,1.16.3,PRexp,14,4.01,nan,12,Left,Left,371,9,32,11,nan,nan,0.07
9/18/2025 22:09:54,1.16.3,PRexp,14,4.00,nan,12,Left,Left,372,9,32,11,nan,nan,0.28
9/18/2025 22:09:57,1.16.3,PRexp,14,4.01,nan,12,Left,Left,373,9,32,11,nan,nan,0.07
9/18/2025 22:10:01,1.16.3,PRexp,14,4.00,nan,12,Left,Left,374,9,32,11,nan,nan,0.96
9/18/2025 22:10:02,1.16.3,PRexp,14,4.00,nan,12,Left,Left,375,9,32,11,nan,nan,0.00
9/18/2025 22:10:02,1.16.3,PRexp,14,4.00,nan,12,Left,Left,376,9,32,11,nan,nan,0.00
9/18/2025 22:10:10,1.16.3,PRexp,14,4.00,nan,12,Left,Left,377,9,32,11,nan,nan,0.10
9/18/2025 22:10:16,1.16.3,PRexp,14,4.01,nan,12,Left,Left,378,9,32,11,nan,nan,0.12
9/18/2025 22:10:23,1.16.3,PRexp,14,4.00,nan,12,Left,Left,379,9,32,11,nan,nan,0.31
9/18/2025 22:38:04,1.16.3,PRexp,14,4.00,nan,12,Left,Left,380,9,32,11,nan,nan,0.34
9/18/2025 22:42:39,1.16.3,PRexp,14,4.01,nan,12,Left,Left,381,9,32,11,nan,nan,0.08
9/18/2025 22:42:41,1.16.3,PRexp,14,4.01,1,12,Pellet,Left,381,9,33,12,0.55,1983,nan
9/18/2025 22:43:10,1.16.3,PRexp,14,4.00,nan,13,Left,Left,382,9,33,12,nan,nan,0.05
9/18/2025 22:43:15,1.16.3,PRexp,14,4.00,nan,13,Left,Left,383,9,33,12,nan,nan,0.61
9/18/2025 22:43:17,1.16.3,PRexp,14,4.00,nan,13,Left,Left,384,9,33,12,nan,nan,0.46
9/18/2025 22:43:19,1.16.3,PRexp,14,4.00,nan,13,Left,Left,385,9,33,12,nan,nan,0.44
9/18/2025 22:43:45,1.16.3,PRexp,14,4.00,nan,13,Left,Left,386,9,33,12,nan,nan,0.24
9/18/2025 22:43:48,1.16.3,PRexp,14,4.01,nan,13,Left,Left,387,9,33,12,nan,nan,0.29
9/18/2025 22:43:50,1.16.3,PRexp,14,4.01,nan,13,Left,Left,388,9,33,12,nan,nan,0.77
9/18/2025 22:47:48,1.16.3,PRexp,14,4.00,nan,13,Left,Left,389,9,33,12,nan,nan,0.25
9/18/2025 22:47:52,1.16.3,PRexp,14,4.01,nan,13,Left,Left,390,9,33,12,nan,nan,1.65
9/18/2025 22:47:56,1.16.3,PRexp,14,4.00,nan,13,Left,Left,391,9,33,12,nan,nan,1.39
9/18/2025 22:48:02,1.16.3,PRexp,14,4.01,nan,13,Left,Left,392,9,33,12,nan,nan,1.46
9/18/2025 22:48:04,1.16.3,PRexp,14,4.01,nan,13,Left,Left,393,9,33,12,nan,nan,1.29
9/18/2025 22:48:07,1.16.3,PRexp,14,4.00,nan,13,Left,Left,394,9,33,12,nan,nan,0.30
9/18/2025 22:48:08,1.16.3,PRexp,14,4.00,nan,13,LeftDuringDispense,Left,395,9,33,13,nan,nan,0.04
9/18/2025 22:48:11,1.16.3,PRexp,14,4.00,2,13,Pellet,Left,395,9,34,13,0.42,331,nan
9/18/2025 22:48:52,1.16.3,PRexp,14,4.01,nan,15,Left,Left,396,9,34,13,nan,nan,0.58
9/18/2025 22:48:55,1.16.3,PRexp,14,4.01,nan,15,Left,Left,397,9,34,13,nan,nan,0.11
9/18/2025 22:48:56,1.16.3,PRexp,14,4.00,nan,15,Left,Left,398,9,34,13,nan,nan,0.85
9/18/2025 22:49:03,1.16.3,PRexp,14,4.01,nan,15,Left,Left,399,9,34,13,nan,nan,0.02
9/18/2025 22:49:05,1.16.3,PRexp,14,4.00,nan,15,Left,Left,400,9,34,13,nan,nan,0.16
9/18/2025 23:05:01,1.16.3,PRexp,14,4.01,nan,15,Left,Left,401,9,34,13,nan,nan,0.06
9/18/2025 23:05:04,1.16.3,PRexp,14,4.01,nan,15,Left,Left,402,9,34,13,nan,nan,0.00
9/18/2025 23:05:10,1.16.3,PRexp,14,4.01,nan,15,Left,Left,403,9,34,13,nan,nan,1.93
9/18/2025 23:05:12,1.16.3,PRexp,14,4.00,nan,15,Left,Left,404,9,34,13,nan,nan,0.60
9/18/2025 23:05:16,1.16.3,PRexp,14,4.01,nan,15,Left,Left,405,9,34,13,nan,nan,0.17
9/18/2025 23:05:27,1.16.3,PRexp,14,4.00,nan,15,Left,Left,406,9,34,13,nan,nan,0.27
9/18/2025 23:14:52,1.16.3,PRexp,14,4.00,nan,15,Left,Left,407,9,34,13,nan,nan,2.00
9/18/2025 23:14:55,1.16.3,PRexp,14,4.00,nan,15,Left,Left,408,9,34,13,nan,nan,0.31
9/18/2025 23:14:58,1.16.3,PRexp,14,4.00,nan,15,Left,Left,409,9,34,13,nan,nan,0.34
9/18/2025 23:15:00,1.16.3,PRexp,14,4.00,nan,15,Left,Left,410,9,34,13,nan,nan,0.60
9/18/2025 23:15:00,1.16.3,PRexp,14,4.00,nan,15,LeftDuringDispense,Left,411,9,34,14,nan,nan,0.10
9/18/2025 23:15:08,1.16.3,PRexp,14,4.01,5,15,Pellet,Left,411,9,35,14,0.06,1617,nan
9/18/2025 23:16:27,1.16.3,PRexp,14,4.00,nan,17,Left,Left,412,9,35,14,nan,nan,0.45
9/18/2025 23:16:41,1.16.3,PRexp,14,4.00,nan,17,Left,Left,413,9,35,14,nan,nan,0.11
9/18/2025 23:16:44,1.16.3,PRexp,14,4.01,nan,17,Left,Left,414,9,35,14,nan,nan,0.55
9/18/2025 23:16:45,1.16.3,PRexp,14,4.01,nan,17,Left,Left,415,9,35,14,nan,nan,0.00
9/18/2025 23:16:47,1.16.3,PRexp,14,4.00,nan,17,Left,Left,416,9,35,14,nan,nan,1.08
9/18/2025 23:16:48,1.16.3,PRexp,14,4.00,nan,17,Left,Left,417,9,35,14,nan,nan,0.00
9/18/2025 23:16:52,1.16.3,PRexp,14,4.00,nan,17,Left,Left,418,9,35,14,nan,nan,0.76
9/18/2025 23:16:55,1.16.3,PRexp,14,4.01,nan,17,Left,Left,419,9,35,14,nan,nan,0.87
9/18/2025 23:16:58,1.16.3,PRexp,14,4.01,nan,17,Left,Left,420,9,35,14,nan,nan,0.49
9/18/2025 23:17:04,1.16.3,PRexp,14,4.00,nan,17,Left,Left,421,9,35,14,nan,nan,0.05
9/18/2025 23:17:05,1.16.3,PRexp,14,4.00,nan,17,Left,Left,422,9,35,14,nan,nan,0.39
9/18/2025 23:17:15,1.16.3,PRexp,14,4.01,nan,17,Left,Left,423,9,35,14,nan,nan,0.38
9/18/2025 23:17:16,1.16.3,PRexp,14,4.01,nan,17,Left,Left,424,9,35,14,nan,nan,0.38
9/18/2025 23:17:21,1.16.3,PRexp,14,4.00,nan,17,Left,Left,425,9,35,14,nan,nan,0.25
9/18/2025 23:32:57,1.16.3,PRexp,14,4.00,nan,17,Left,Left,426,9,35,14,nan,nan,2.02
9/18/2025 23:33:06,1.16.3,PRexp,14,4.01,nan,17,Left,Left,427,9,35,14,nan,nan,0.04
9/18/2025 23:33:09,1.16.3,PRexp,14,4.00,nan,17,Left,Left,428,9,35,14,nan,nan,0.00
9/18/2025 23:33:09,1.16.3,PRexp,14,4.00,nan,17,LeftDuringDispense,Left,429,9,35,15,nan,nan,0.16
9/18/2025 23:33:13,1.16.3,PRexp,14,4.00,3,17,Pellet,Left,429,9,36,15,0.97,1085,nan
9/18/2025 23:36:38,1.16.3,PRexp,14,4.00,nan,20,Left,Left,430,9,36,15,nan,nan,1.44
9/18/2025 23:36:47,1.16.3,PRexp,14,4.00,nan,20,Left,Left,431,9,36,15,nan,nan,0.40
9/18/2025 23:36:53,1.16.3,PRexp,14,4.00,nan,20,Left,Left,432,9,36,15,nan,nan,0.34
9/18/2025 23:37:00,1.16.3,PRexp,14,4.00,nan,20,Left,Left,433,9,36,15,nan,nan,0.43
9/18/2025 23:37:01,1.16.3,PRexp,14,4.00,nan,20,Left,Left,434,9,36,15,nan,nan,0.60
9/18/2025 23:37:07,1.16.3,PRexp,14,4.00,nan,20,Left,Left,435,9,36,15,nan,nan,0.01
9/18/2025 23:37:11,1.16.3,PRexp,14,4.00,nan,20,Left,Left,436,9,36,15,nan,nan,0.51
9/18/2025 23:37:15,1.16.3,PRexp,14,4.01,nan,20,Left,Left,437,9,36,15,nan,nan,1.02
9/18/2025 23:37:18,1.16.3,PRexp,14,4.01,nan,20,Left,Left,438,9,36,15,nan,nan,0.51
9/18/2025 23:53:17,1.16.3,PRexp,14,4.01,nan,20,Left,Left,439,9,36,15,nan,nan,0.60
9/18/2025 23:53:19,1.16.3,PRexp,14,4.00,nan,20,Left,Left,440,9,36,15,nan,nan,0.50
9/18/2025 23:53:25,1.16.3,PRexp,14,4.00,nan,20,Left,Left,441,9,36,15,nan,nan,0.57
9/18/2025 23:53:27,1.16.3,PRexp,14,4.01,nan,20,Left,Left,442,9,36,15,nan,nan,0.52
9/18/2025 23:53:33,1.16.3,PRexp,14,4.01,nan,20,Left,Left,443,9,36,15,nan,nan,0.69
9/18/2025 23:57:27,1.16.3,PRexp,14,4.01,nan,20,Right,Left,443,10,36,15,nan,nan,0.11
9/19/2025 0:09:27,1.16.3,PRexp,14,4.00,nan,20,Left,Left,444,10,36,15,nan,nan,0.40
9/19/2025 0:09:30,1.16.3,PRexp,14,4.00,nan,20,Left,Left,445,10,36,15,nan,nan,0.25
9/19/2025 0:09:32,1.16.3,PRexp,14,4.00,nan,20,Left,Left,446,10,36,15,nan,nan,0.30
9/19/2025 0:09:35,1.16.3,PRexp,14,4.01,nan,20,Left,Left,447,10,36,15,nan,nan,0.29
9/19/2025 0:09:37,1.16.3,PRexp,14,4.00,nan,20,Left,Left,448,10,36,15,nan,nan,0.24
9/19/2025 0:09:38,1.16.3,PRexp,14,4.00,nan,20,Left,Left,449,10,36,15,nan,nan,0.35
9/19/2025 0:09:39,1.16.3,PRexp,14,4.00,nan,20,LeftDuringDispense,Left,450,10,36,16,nan,nan,0.03
9/19/2025 0:09:43,1.16.3,PRexp,14,4.00,3,20,Pellet,Left,450,10,37,16,0.97,2190,nan
9/19/2025 0:09:59,1.16.3,PRexp,14,4.00,nan,22,Left,Left,451,10,37,16,nan,nan,0.04
9/19/2025 0:10:02,1.16.3,PRexp,14,4.00,nan,22,Left,Left,452,10,37,16,nan,nan,0.64
9/19/2025 0:10:03,1.16.3,PRexp,14,4.01,nan,22,Left,Left,453,10,37,16,nan,nan,0.00
9/19/2025 0:10:06,1.16.3,PRexp,14,4.01,nan,22,Left,Left,454,10,37,16,nan,nan,0.52
9/19/2025 0:10:07,1.16.3,PRexp,14,4.00,nan,22,Left,Left,455,10,37,16,nan,nan,0.44
9/19/2025 0:10:09,1.16.3,PRexp,14,4.01,nan,22,Left,Left,456,10,37,16,nan,nan,0.62
9/19/2025 0:10:12,1.16.3,PRexp,14,4.01,nan,22,Left,Left,457,10,37,16,nan,nan,0.53
9/19/2025 0:10:14,1.16.3,PRexp,14,4.01,nan,22,Left,Left,458,10,37,16,nan,nan,1.06
9/19/2025 0:10:39,1.16.3,PRexp,14,4.01,nan,22,Left,Left,459,10,37,16,nan,nan,0.07
9/19/2025 0:10:40,1.16.3,PRexp,14,4.01,nan,22,Left,Left,460,10,37,16,nan,nan,0.02
9/19/2025 0:10:42,1.16.3,PRexp,14,4.00,nan,22,Left,Left,461,10,37,16,nan,nan,0.37
9/19/2025 0:10:46,1.16.3,PRexp,14,4.01,nan,22,Left,Left,462,10,37,16,nan,nan,0.80
9/19/2025 0:10:51,1.16.3,PRexp,14,4.00,nan,22,Left,Left,463,10,37,16,nan,nan,0.05
9/19/2025 0:10:54,1.16.3,PRexp,14,4.00,nan,22,Left,Left,464,10,37,16,nan,nan,0.24
9/19/2025 0:17:07,1.16.3,PRexp,14,4.00,nan,22,Right,Left,464,11,37,16,nan,nan,0.08
9/19/2025 0:17:09,1.16.3,PRexp,14,4.00,nan,22,Right,Left,464,12,37,16,nan,nan,0.18
9/19/2025 0:17:12,1.16.3,PRexp,14,4.00,nan,22,Right,Left,464,13,37,16,nan,nan,0.02
9/19/2025 0:17:15,1.16.3,PRexp,14,4.01,nan,22,Right,Left,464,14,37,16,nan,nan,0.27
9/19/2025 0:17:16,1.16.3,PRexp,14,4.00,nan,22,Right,Left,464,15,37,16,nan,nan,0.12
9/19/2025 0:17:21,1.16.3,PRexp,14,4.01,nan,22,Left,Left,465,15,37,16,nan,nan,0.17
9/19/2025 0:17:24,1.16.3,PRexp,14,4.00,nan,22,Left,Left,466,15,37,16,nan,nan,0.28
9/19/2025 0:17:28,1.16.3,PRexp,14,4.00,nan,22,Left,Left,467,15,37,16,nan,nan,0.86
9/19/2025 0:17:29,1.16.3,PRexp,14,4.00,nan,22,Left,Left,468,15,37,16,nan,nan,0.29
9/19/2025 0:17:32,1.16.3,PRexp,14,4.00,nan,22,Left,Left,469,15,37,16,nan,nan,0.11
9/19/2025 0:17:34,1.16.3,PRexp,14,4.00,nan,22,Left,Left,470,15,37,16,nan,nan,0.51
9/19/2025 0:17:37,1.16.3,PRexp,14,4.00,nan,22,Left,Left,471,15,37,16,nan,nan,0.19
9/19/2025 0:17:38,1.16.3,PRexp,14,4.00,nan,22,Left,Left,472,15,37,16,nan,nan,0.00
9/19/2025 0:17:39,1.16.3,PRexp,14,4.01,nan,22,LeftDuringDispense,Left,473,15,37,17,nan,nan,0.42
9/19/2025 0:17:42,1.16.3,PRexp,14,4.00,2,22,Pellet,Left,473,15,38,17,0.67,479,nan
9/19/2025 0:17:58,1.16.3,PRexp,14,4.00,nan,25,Left,Left,474,15,38,17,nan,nan,0.54
9/19/2025 0:18:01,1.16.3,PRexp,14,4.01,nan,25,Left,Left,475,15,38,17,nan,nan,0.84
9/19/2025 0:18:03,1.16.3,PRexp,14,4.01,nan,25,Left,Left,476,15,38,17,nan,nan,0.58
9/19/2025 0:18:04,1.16.3,PRexp,14,4.01,nan,25,Left,Left,477,15,38,17,nan,nan,0.14
9/19/2025 0:18:07,1.16.3,PRexp,14,4.00,nan,25,Left,Left,478,15,38,17,nan,nan,0.95
9/19/2025 0:18:08,1.16.3,PRexp,14,4.00,nan,25,Left,Left,479,15,38,17,nan,nan,0.34
9/19/2025 0:18:10,1.16.3,PRexp,14,4.00,nan,25,Left,Left,480,15,38,17,nan,nan,0.17
9/19/2025 0:18:13,1.16.3,PRexp,14,4.00,nan,25,Left,Left,481,15,38,17,nan,nan,0.26
9/19/2025 0:18:25,1.16.3,PRexp,14,4.00,nan,25,Left,Left,482,15,38,17,nan,nan,0.33
9/19/2025 0:18:26,1.16.3,PRexp,14,4.01,nan,25,Left,Left,483,15,38,17,nan,nan,0.00
9/19/2025 0:18:28,1.16.3,PRexp,14,4.00,nan,25,Left,Left,484,15,38,17,nan,nan,0.14
9/19/2025 0:18:30,1.16.3,PRexp,14,4.01,nan,25,Left,Left,485,15,38,17,nan,nan,0.11
9/19/2025 0:18:31,1.16.3,PRexp,14,4.00,nan,25,Left,Left,486,15,38,17,nan,nan,0.01
9/19/2025 0:18:33,1.16.3,PRexp,14,4.00,nan,25,Left,Left,487,15,38,17,nan,nan,0.27
9/19/2025 0:18:34,1.16.3,PRexp,14,4.01,nan,25,Left,Left,488,15,38,17,nan,nan,0.33
9/19/2025 0:18:35,1.16.3,PRexp,14,4.00,nan,25,Left,Left,489,15,38,17,nan,nan,0.02
9/19/2025 0:18:38,1.16.3,PRexp,14,4.00,nan,25,Left,Left,490,15,38,17,nan,nan,0.49
9/19/2025 0:18:40,1.16.3,PRexp,14,4.00,nan,25,Left,Left,491,15,38,17,nan,nan,0.00
9/19/2025 0:18:44,1.16.3,PRexp,14,4.00,nan,25,Left,Left,492,15,38,17,nan,nan,2.24
9/19/2025 0:18:46,1.16.3,PRexp,14,4.00,nan,25,Left,Left,493,15,38,17,nan,nan,1.24
9/19/2025 0:18:55,1.16.3,PRexp,14,4.00,nan,25,Left,Left,494,15,38,17,nan,nan,0.06
9/19/2025 0:19:03,1.16.3,PRexp,14,4.00,nan,25,Left,Left,495,15,38,17,nan,nan,0.03
9/19/2025 0:19:17,1.16.3,PRexp,14,4.01,nan,25,Left,Left,496,15,38,17,nan,nan,0.01
9/19/2025 0:19:19,1.16.3,PRexp,14,4.00,nan,25,Left,Left,497,15,38,17,nan,nan,0.94
9/19/2025 0:19:23,1.16.3,PRexp,14,4.00,nan,25,Left,Left,498,15,38,17,nan,nan,0.03
9/19/2025 0:19:27,1.16.3,PRexp,14,4.00,1,25,Pellet,Left,498,15,39,18,3.12,104,nan
9/19/2025 0:19:44,1.16.3,PRexp,14,4.00,nan,28,Left,Left,499,15,39,18,nan,nan,0.33
9/19/2025 0:19:45,1.16.3,PRexp,14,4.01,nan,28,Left,Left,500,15,39,18,nan,nan,0.14
9/19/2025 0:19:48,1.16.3,PRexp,14,4.00,nan,28,Left,Left,501,15,39,18,nan,nan,0.57
9/19/2025 0:19:50,1.16.3,PRexp,14,4.00,nan,28,Left,Left,502,15,39,18,nan,nan,0.05
9/19/2025 0:19:51,1.16.3,PRexp,14,4.01,nan,28,Left,Left,503,15,39,18,nan,nan,0.00
9/19/2025 0:19:54,1.16.3,PRexp,14,4.00,nan,28,Left,Left,504,15,39,18,nan,nan,0.08
9/19/2025 0:19:55,1.16.3,PRexp,14,4.00,nan,28,Left,Left,505,15,39,18,nan,nan,0.00
9/19/2025 0:20:05,1.16.3,PRexp,14,4.01,nan,28,Left,Left,506,15,39,18,nan,nan,0.01
9/19/2025 0:20:12,1.16.3,PRexp,14,4.00,nan,28,Left,Left,507,15,39,18,nan,nan,0.52
9/19/2025 0:20:13,1.16.3,PRexp,14,4.00,nan,28,Left,Left,508,15,39,18,nan,nan,0.04
9/19/2025 0:20:15,1.16.3,PRexp,14,4.00,nan,28,Left,Left,509,15,39,18,nan,nan,0.21
9/19/2025 0:20:16,1.16.3,PRexp,14,4.00,nan,28,Left,Left,510,15,39,18,nan,nan,0.00
9/19/2025 0:20:17,1.16.3,PRexp,14,4.00,nan,28,Left,Left,511,15,39,18,nan,nan,0.05
9/19/2025 0:20:21,1.16.3,PRexp,14,4.00,nan,28,Left,Left,512,15,39,18,nan,nan,0.44
9/19/2025 0:24:36,1.16.3,PRexp,14,4.00,nan,28,Right,Left,512,16,39,18,nan,nan,0.55
9/19/2025 0:28:50,1.16.3,PRexp,14,4.00,nan,28,Left,Left,513,16,39,18,nan,nan,0.06
9/19/2025 0:28:53,1.16.3,PRexp,14,4.00,nan,28,Left,Left,514,16,39,18,nan,nan,0.44
9/19/2025 0:28:55,1.16.3,PRexp,14,4.00,nan,28,Left,Left,515,16,39,18,nan,nan,0.66
9/19/2025 0:28:58,1.16.3,PRexp,14,4.00,nan,28,Left,Left,516,16,39,18,nan,nan,0.42
9/19/2025 0:29:00,1.16.3,PRexp,14,4.00,nan,28,Left,Left,517,16,39,18,nan,nan,0.46
9/19/2025 0:29:01,1.16.3,PRexp,14,4.00,nan,28,Left,Left,518,16,39,18,nan,nan,0.54
9/19/2025 0:29:02,1.16.3,PRexp,14,4.00,nan,28,Left,Left,519,16,39,18,nan,nan,0.25
9/19/2025 0:29:06,1.16.3,PRexp,14,4.00,nan,28,Left,Left,520,16,39,18,nan,nan,0.15
9/19/2025 0:29:09,1.16.3,PRexp,14,4.01,nan,28,Left,Left,521,16,39,18,nan,nan,0.16
9/19/2025 0:29:12,1.16.3,PRexp,14,4.00,nan,28,Left,Left,522,16,39,18,nan,nan,0.49
9/19/2025 0:29:14,1.16.3,PRexp,14,4.00,nan,28,Left,Left,523,16,39,18,nan,nan,1.25
9/19/2025 0:29:16,1.16.3,PRexp,14,4.00,nan,28,Left,Left,524,16,39,18,nan,nan,0.33
9/19/2025 0:29:17,1.16.3,PRexp,14,4.00,nan,28,Left,Left,525,16,39,18,nan,nan,0.48
9/19/2025 0:29:21,1.16.3,PRexp,14,4.00,nan,28,Left,Left,526,16,39,18,nan,nan,0.15
9/19/2025 0:29:23,1.16.3,PRexp,14,4.00,nan,28,LeftWithPellet,Left,527,16,39,19,nan,nan,0.30
9/19/2025 0:29:24,1.16.3,PRexp,14,4.00,1,28,Pellet,Left,527,16,40,19,2.83,598,nan
9/19/2025 0:29:46,1.16.3,PRexp,14,4.00,nan,32,Left,Left,528,16,40,19,nan,nan,0.02
9/19/2025 0:29:53,1.16.3,PRexp,14,4.00,nan,32,Left,Left,529,16,40,19,nan,nan,0.51
9/19/2025 0:29:54,1.16.3,PRexp,14,4.00,nan,32,Left,Left,530,16,40,19,nan,nan,0.57
9/19/2025 0:30:06,1.16.3,PRexp,14,4.00,nan,32,Left,Left,531,16,40,19,nan,nan,0.29
9/19/2025 0:34:05,1.16.3,PRexp,14,4.00,nan,32,Left,Left,532,16,40,19,nan,nan,0.06
9/19/2025 0:35:43,1.16.3,PRexp,14,4.01,nan,32,Right,Left,532,17,40,19,nan,nan,0.09
9/19/2025 0:36:09,1.16.3,PRexp,14,4.00,nan,32,Right,Left,532,18,40,19,nan,nan,0.65
9/19/2025 0:36:21,1.16.3,PRexp,14,4.00,nan,32,Left,Left,533,18,40,19,nan,nan,0.41
9/19/2025 0:36:23,1.16.3,PRexp,14,4.00,nan,32,Left,Left,534,18,40,19,nan,nan,0.36
9/19/2025 0:36:28,1.16.3,PRexp,14,4.00,nan,32,Left,Left,535,18,40,19,nan,nan,0.20
9/19/2025 0:36:30,1.16.3,PRexp,14,4.00,nan,32,Left,Left,536,18,40,19,nan,nan,0.17
9/19/2025 0:36:31,1.16.3,PRexp,14,4.01,nan,32,Left,Left,537,18,40,19,nan,nan,0.00
9/19/2025 0:36:34,1.16.3,PRexp,14,4.00,nan,32,Left,Left,538,18,40,19,nan,nan,0.14
9/19/2025 0:36:34,1.16.3,PRexp,14,4.00,nan,32,Left,Left,539,18,40,19,nan,nan,0.15
9/19/2025 0:36:36,1.16.3,PRexp,14,4.01,nan,32,Left,Left,540,18,40,19,nan,nan,0.24
9/19/2025 0:36:39,1.16.3,PRexp,14,4.01,nan,32,Left,Left,541,18,40,19,nan,nan,0.12
9/19/2025 0:36:44,1.16.3,PRexp,14,4.01,nan,32,Left,Left,542,18,40,19,nan,nan,0.32
9/19/2025 0:36:46,1.16.3,PRexp,14,4.00,nan,32,Left,Left,543,18,40,19,nan,nan,0.27
9/19/2025 0:36:48,1.16.3,PRexp,14,4.00,nan,32,Left,Left,544,18,40,19,nan,nan,0.33
9/19/2025 0:36:50,1.16.3,PRexp,14,4.00,nan,32,Left,Left,545,18,40,19,nan,nan,0.71
9/19/2025 0:36:52,1.16.3,PRexp,14,4.00,nan,32,Left,Left,546,18,40,19,nan,nan,0.81
9/19/2025 0:36:53,1.16.3,PRexp,14,4.00,nan,32,Left,Left,547,18,40,19,nan,nan,0.30
9/19/2025 0:37:06,1.16.3,PRexp,14,4.00,nan,32,Left,Left,548,18,40,19,nan,nan,0.27
9/19/2025 0:37:07,1.16.3,PRexp,14,4.00,nan,32,Left,Left,549,18,40,19,nan,nan,0.21
9/19/2025 0:37:12,1.16.3,PRexp,14,4.00,nan,32,Left,Left,550,18,40,19,nan,nan,0.20
9/19/2025 0:37:13,1.16.3,PRexp,14,4.00,nan,32,Left,Left,551,18,40,19,nan,nan,0.44
9/19/2025 0:37:15,1.16.3,PRexp,14,4.00,nan,32,Left,Left,552,18,40,19,nan,nan,0.92
9/19/2025 0:37:16,1.16.3,PRexp,14,4.01,nan,32,Left,Left,553,18,40,19,nan,nan,0.14
9/19/2025 0:37:18,1.16.3,PRexp,14,4.00,nan,32,Left,Left,554,18,40,19,nan,nan,0.38
9/19/2025 0:37:21,1.16.3,PRexp,14,4.01,nan,32,Left,Left,555,18,40,19,nan,nan,0.55
9/19/2025 0:37:26,1.16.3,PRexp,14,4.00,nan,32,Left,Left,556,18,40,19,nan,nan,0.22
9/19/2025 0:37:32,1.16.3,PRexp,14,4.00,nan,32,Right,Left,556,19,40,19,nan,nan,0.48
9/19/2025 0:37:46,1.16.3,PRexp,14,4.00,nan,32,Left,Left,557,19,40,19,nan,nan,0.06
9/19/2025 0:42:50,1.16.3,PRexp,14,4.01,nan,32,Left,Left,558,19,40,19,nan,nan,0.11
9/19/2025 0:42:52,1.16.3,PRexp,14,4.00,nan,32,Left,Left,559,19,40,19,nan,nan,0.55
9/19/2025 0:42:57,1.16.3,PRexp,14,4.00,3,32,Pellet,Left,559,19,41,20,0.61,813,nan
9/19/2025 0:43:13,1.16.3,PRexp,14,4.00,nan,36,Left,Left,560,19,41,20,nan,nan,0.03
9/19/2025 0:43:16,1.16.3,PRexp,14,4.01,nan,36,Left,Left,561,19,41,20,nan,nan,0.85
9/19/2025 0:43:23,1.16.3,PRexp,14,4.01,nan,36,Left,Left,562,19,41,20,nan,nan,0.64
9/19/2025 0:43:24,1.16.3,PRexp,14,4.01,nan,36,Left,Left,563,19,41,20,nan,nan,0.36
9/19/2025 0:43:28,1.16.3,PRexp,14,4.01,nan,36,Left,Left,564,19,41,20,nan,nan,0.32
9/19/2025 0:43:30,1.16.3,PRexp,14,4.00,nan,36,Left,Left,565,19,41,20,nan,nan,0.26
9/19/2025 0:43:31,1.16.3,PRexp,14,4.00,nan,36,Left,Left,566,19,41,20,nan,nan,0.25
9/19/2025 0:43:35,1.16.3,PRexp,14,4.01,nan,36,Left,Left,567,19,41,20,nan,nan,0.83
9/19/2025 0:43:45,1.16.3,PRexp,14,4.00,nan,36,Left,Left,568,19,41,20,nan,nan,0.10
9/19/2025 0:43:48,1.16.3,PRexp,14,4.00,nan,36,Left,Left,569,19,41,20,nan,nan,0.36
9/19/2025 0:43:51,1.16.3,PRexp,14,4.01,nan,36,Left,Left,570,19,41,20,nan,nan,0.67
9/19/2025 0:43:51,1.16.3,PRexp,14,4.00,nan,36,Left,Left,571,19,41,20,nan,nan,0.00
9/19/2025 0:43:53,1.16.3,PRexp,14,4.01,nan,36,Left,Left,572,19,41,20,nan,nan,0.35
9/19/2025 0:43:56,1.16.3,PRexp,14,4.01,nan,36,Left,Left,573,19,41,20,nan,nan,0.21
9/19/2025 0:43:58,1.16.3,PRexp,14,4.00,nan,36,Left,Left,574,19,41,20,nan,nan,0.07
9/19/2025 0:44:01,1.16.3,PRexp,14,4.00,nan,36,Left,Left,575,19,41,20,nan,nan,0.54
9/19/2025 0:44:04,1.16.3,PRexp,14,4.01,nan,36,Left,Left,576,19,41,20,nan,nan,0.25
9/19/2025 0:44:05,1.16.3,PRexp,14,4.00,nan,36,Left,Left,577,19,41,20,nan,nan,0.00
9/19/2025 0:44:06,1.16.3,PRexp,14,4.00,nan,36,Left,Left,578,19,41,20,nan,nan,0.00
9/19/2025 0:44:16,1.16.3,PRexp,14,4.00,nan,36,Right,Left,578,20,41,20,nan,nan,0.11
9/19/2025 0:44:18,1.16.3,PRexp,14,4.01,nan,36,Right,Left,578,21,41,20,nan,nan,0.60
9/19/2025 0:44:23,1.16.3,PRexp,14,4.00,nan,36,Left,Left,579,21,41,20,nan,nan,0.19
9/19/2025 0:50:21,1.16.3,PRexp,14,4.00,nan,36,Left,Left,580,21,41,20,nan,nan,0.11
9/19/2025 0:50:25,1.16.3,PRexp,14,4.00,nan,36,Left,Left,581,21,41,20,nan,nan,0.69
9/19/2025 0:50:28,1.16.3,PRexp,14,4.00,nan,36,Left,Left,582,21,41,20,nan,nan,0.24
9/19/2025 0:50:32,1.16.3,PRexp,14,4.00,nan,36,Left,Left,583,21,41,20,nan,nan,0.41
9/19/2025 0:50:33,1.16.3,PRexp,14,4.00,nan,36,Left,Left,584,21,41,20,nan,nan,0.25
9/19/2025 0:50:35,1.16.3,PRexp,14,4.00,nan,36,Left,Left,585,21,41,20,nan,nan,0.27
9/19/2025 0:50:37,1.16.3,PRexp,14,4.00,nan,36,Left,Left,586,21,41,20,nan,nan,0.82
9/19/2025 0:50:38,1.16.3,PRexp,14,4.00,nan,36,Left,Left,587,21,41,20,nan,nan,0.22
9/19/2025 0:50:41,1.16.3,PRexp,14,4.01,nan,36,Left,Left,588,21,41,20,nan,nan,1.34
9/19/2025 0:50:43,1.16.3,PRexp,14,4.00,nan,36,Left,Left,589,21,41,20,nan,nan,0.18
9/19/2025 0:50:51,1.16.3,PRexp,14,4.00,nan,36,Left,Left,590,21,41,20,nan,nan,0.01
9/19/2025 0:50:52,1.16.3,PRexp,14,4.01,nan,36,Left,Left,591,21,41,20,nan,nan,0.00
9/19/2025 0:51:02,1.16.3,PRexp,14,4.00,nan,36,Left,Left,592,21,41,20,nan,nan,0.03
9/19/2025 0:51:04,1.16.3,PRexp,14,4.00,nan,36,Left,Left,593,21,41,20,nan,nan,0.53
9/19/2025 0:51:05,1.16.3,PRexp,14,4.01,nan,36,Left,Left,594,21,41,20,nan,nan,0.20
9/19/2025 0:51:08,1.16.3,PRexp,14,4.00,nan,36,Left,Left,595,21,41,20,nan,nan,0.08
9/19/2025 0:51:09,1.16.3,PRexp,14,4.00,1,36,Pellet,Left,595,21,42,21,0.36,492,nan
9/19/2025 0:51:33,1.16.3,PRexp,14,4.00,nan,40,Left,Left,596,21,42,21,nan,nan,0.31
9/19/2025 0:51:35,1.16.3,PRexp,14,4.00,nan,40,Left,Left,597,21,42,21,nan,nan,0.08
9/19/2025 0:51:39,1.16.3,PRexp,14,4.00,nan,40,Left,Left,598,21,42,21,nan,nan,0.11
9/19/2025 0:51:41,1.16.3,PRexp,14,4.00,nan,40,Left,Left,599,21,42,21,nan,nan,0.20
9/19/2025 0:51:44,1.16.3,PRexp,14,4.00,nan,40,Left,Left,600,21,42,21,nan,nan,0.23
9/19/2025 0:51:46,1.16.3,PRexp,14,4.00,nan,40,Left,Left,601,21,42,21,nan,nan,0.41
9/19/2025 0:51:49,1.16.3,PRexp,14,4.00,nan,40,Left,Left,602,21,42,21,nan,nan,0.11
9/19/2025 0:51:53,1.16.3,PRexp,14,4.00,nan,40,Left,Left,603,21,42,21,nan,nan,0.82
9/19/2025 0:51:54,1.16.3,PRexp,14,4.00,nan,40,Left,Left,604,21,42,21,nan,nan,0.00
9/19/2025 0:51:57,1.16.3,PRexp,14,4.00,nan,40,Left,Left,605,21,42,21,nan,nan,0.47
9/19/2025 0:51:59,1.16.3,PRexp,14,4.00,nan,40,Left,Left,606,21,42,21,nan,nan,0.66
9/19/2025 0:52:00,1.16.3,PRexp,14,4.00,nan,40,Left,Left,607,21,42,21,nan,nan,0.00
9/19/2025 0:52:02,1.16.3,PRexp,14,4.00,nan,40,Left,Left,608,21,42,21,nan,nan,0.60
9/19/2025 0:52:04,1.16.3,PRexp,14,4.00,nan,40,Left,Left,609,21,42,21,nan,nan,1.17
9/19/2025 0:52:05,1.16.3,PRexp,14,4.00,nan,40,Left,Left,610,21,42,21,nan,nan,0.37
9/19/2025 0:52:06,1.16.3,PRexp,14,4.00,nan,40,Left,Left,611,21,42,21,nan,nan,0.00
9/19/2025 0:52:07,1.16.3,PRexp,14,4.00,nan,40,Left,Left,612,21,42,21,nan,nan,0.00
9/19/2025 0:52:10,1.16.3,PRexp,14,4.00,nan,40,Left,Left,613,21,42,21,nan,nan,0.23
9/19/2025 0:52:13,1.16.3,PRexp,14,4.00,nan,40,Left,Left,614,21,42,21,nan,nan,0.27
9/19/2025 0:52:22,1.16.3,PRexp,14,4.00,nan,40,Left,Left,615,21,42,21,nan,nan,0.07
9/19/2025 0:54:29,1.16.3,PRexp,14,4.00,nan,40,Right,Left,615,22,42,21,nan,nan,0.01
9/19/2025 0:54:31,1.16.3,PRexp,14,4.00,nan,40,Right,Left,615,23,42,21,nan,nan,0.14
9/19/2025 0:54:36,1.16.3,PRexp,14,4.00,nan,40,Right,Left,615,24,42,21,nan,nan,0.15
9/19/2025 0:54:37,1.16.3,PRexp,14,4.00,nan,40,Right,Left,615,25,42,21,nan,nan,0.01
9/19/2025 0:54:41,1.16.3,PRexp,14,4.00,nan,40,Right,Left,615,26,42,21,nan,nan,0.02
9/19/2025 0:54:49,1.16.3,PRexp,14,4.00,nan,40,Right,Left,615,27,42,21,nan,nan,0.02
9/19/2025 0:54:54,1.16.3,PRexp,14,4.00,nan,40,Right,Left,615,28,42,21,nan,nan,0.23
9/19/2025 0:56:10,1.16.3,PRexp,14,4.00,nan,40,Left,Left,616,28,42,21,nan,nan,0.25
9/19/2025 0:56:22,1.16.3,PRexp,14,4.00,nan,40,Right,Left,616,29,42,21,nan,nan,0.01
9/19/2025 0:56:24,1.16.3,PRexp,14,4.00,nan,40,Right,Left,616,30,42,21,nan,nan,0.15
9/19/2025 1:00:37,1.16.3,PRexp,14,4.00,nan,40,Left,Left,617,30,42,21,nan,nan,0.53
9/19/2025 1:00:39,1.16.3,PRexp,14,4.00,nan,40,Left,Left,618,30,42,21,nan,nan,0.56
9/19/2025 1:00:44,1.16.3,PRexp,14,4.00,nan,40,Left,Left,619,30,42,21,nan,nan,1.09
9/19/2025 1:00:46,1.16.3,PRexp,14,4.00,nan,40,Left,Left,620,30,42,21,nan,nan,0.57
9/19/2025 1:00:48,1.16.3,PRexp,14,4.00,nan,40,Left,Left,621,30,42,21,nan,nan,0.37
9/19/2025 1:00:50,1.16.3,PRexp,14,4.00,nan,40,Left,Left,622,30,42,21,nan,nan,0.84
9/19/2025 1:00:53,1.16.3,PRexp,14,4.00,nan,40,Left,Left,623,30,42,21,nan,nan,0.71
9/19/2025 1:00:55,1.16.3,PRexp,14,4.00,nan,40,Left,Left,624,30,42,21,nan,nan,0.09
9/19/2025 1:00:57,1.16.3,PRexp,14,4.01,nan,40,Left,Left,625,30,42,21,nan,nan,0.38
9/19/2025 1:00:57,1.16.3,PRexp,14,4.00,nan,40,Left,Left,626,30,42,21,nan,nan,0.00
9/19/2025 1:01:06,1.16.3,PRexp,14,4.00,nan,40,Left,Left,627,30,42,21,nan,nan,1.49
9/19/2025 1:01:07,1.16.3,PRexp,14,4.00,nan,40,Left,Left,628,30,42,21,nan,nan,0.24
9/19/2025 1:01:11,1.16.3,PRexp,14,4.01,nan,40,Left,Left,629,30,42,21,nan,nan,0.73
9/19/2025 1:01:17,1.16.3,PRexp,14,4.00,nan,40,Left,Left,630,30,42,21,nan,nan,1.18
9/19/2025 1:01:19,1.16.3,PRexp,14,4.00,nan,40,Left,Left,631,30,42,21,nan,nan,0.50
9/19/2025 1:01:21,1.16.3,PRexp,14,4.00,nan,40,Left,Left,632,30,42,21,nan,nan,0.00
9/19/2025 1:01:23,1.16.3,PRexp,14,4.00,nan,40,Left,Left,633,30,42,21,nan,nan,0.25
9/19/2025 1:01:31,1.16.3,PRexp,14,4.01,nan,40,Left,Left,634,30,42,21,nan,nan,0.12
9/19/2025 1:01:34,1.16.3,PRexp,14,4.00,nan,40,Left,Left,635,30,42,21,nan,nan,1.11
9/19/2025 1:01:35,1.16.3,PRexp,14,4.00,nan,40,LeftDuringDispense,Left,636,30,42,22,nan,nan,0.02
9/19/2025 1:01:38,1.16.3,PRexp,14,4.00,3,40,Pellet,Left,636,30,43,22,0.06,629,nan
9/19/2025 1:01:58,1.16.3,PRexp,14,4.01,nan,45,Left,Left,637,30,43,22,nan,nan,0.12
9/19/2025 1:02:03,1.16.3,PRexp,14,4.00,nan,45,Left,Left,638,30,43,22,nan,nan,0.96
9/19/2025 1:02:05,1.16.3,PRexp,14,4.01,nan,45,Left,Left,639,30,43,22,nan,nan,0.48
9/19/2025 1:02:22,1.16.3,PRexp,14,4.00,nan,45,Left,Left,640,30,43,22,nan,nan,0.33
9/19/2025 1:02:23,1.16.3,PRexp,14,4.00,nan,45,Left,Left,641,30,43,22,nan,nan,0.00
9/19/2025 1:02:25,1.16.3,PRexp,14,4.00,nan,45,Left,Left,642,30,43,22,nan,nan,0.74
9/19/2025 1:02:26,1.16.3,PRexp,14,4.00,nan,45,Left,Left,643,30,43,22,nan,nan,0.54
9/19/2025 1:02:29,1.16.3,PRexp,14,4.00,nan,45,Left,Left,644,30,43,22,nan,nan,0.33
9/19/2025 1:02:30,1.16.3,PRexp,14,4.01,nan,45,Left,Left,645,30,43,22,nan,nan,0.41
9/19/2025 1:02:31,1.16.3,PRexp,14,4.00,nan,45,Left,Left,646,30,43,22,nan,nan,0.25
9/19/2025 1:02:34,1.16.3,PRexp,14,4.00,nan,45,Left,Left,647,30,43,22,nan,nan,0.77
9/19/2025 1:02:37,1.16.3,PRexp,14,4.00,nan,45,Left,Left,648,30,43,22,nan,nan,0.05
9/19/2025 1:02:41,1.16.3,PRexp,14,4.00,nan,45,Left,Left,649,30,43,22,nan,nan,0.23
9/19/2025 1:02:43,1.16.3,PRexp,14,4.00,nan,45,Left,Left,650,30,43,22,nan,nan,0.09
9/19/2025 1:02:45,1.16.3,PRexp,14,4.01,nan,45,Left,Left,651,30,43,22,nan,nan,0.22
9/19/2025 1:02:47,1.16.3,PRexp,14,4.01,nan,45,Left,Left,652,30,43,22,nan,nan,0.00
9/19/2025 1:02:50,1.16.3,PRexp,14,4.00,nan,45,Left,Left,653,30,43,22,nan,nan,0.11
9/19/2025 1:02:53,1.16.3,PRexp,14,4.00,nan,45,Left,Left,654,30,43,22,nan,nan,0.26
9/19/2025 1:02:59,1.16.3,PRexp,14,4.00,nan,45,Left,Left,655,30,43,22,nan,nan,1.71
9/19/2025 1:03:00,1.16.3,PRexp,14,4.00,nan,45,Left,Left,656,30,43,22,nan,nan,0.00
9/19/2025 1:03:02,1.16.3,PRexp,14,4.00,nan,45,Left,Left,657,30,43,22,nan,nan,0.67
9/19/2025 1:03:04,1.16.3,PRexp,14,4.00,nan,45,Left,Left,658,30,43,22,nan,nan,0.11
9/19/2025 1:03:07,1.16.3,PRexp,14,4.00,nan,45,Left,Left,659,30,43,22,nan,nan,1.61
9/19/2025 1:03:08,1.16.3,PRexp,14,4.00,nan,45,Left,Left,660,30,43,22,nan,nan,0.28
9/19/2025 1:03:11,1.16.3,PRexp,14,4.00,nan,45,Left,Left,661,30,43,22,nan,nan,1.71
9/19/2025 1:03:13,1.16.3,PRexp,14,4.00,nan,45,Left,Left,662,30,43,22,nan,nan,0.16
9/19/2025 1:03:15,1.16.3,PRexp,14,4.00,nan,45,Left,Left,663,30,43,22,nan,nan,1.38
9/19/2025 1:03:20,1.16.3,PRexp,14,4.01,nan,45,Left,Left,664,30,43,22,nan,nan,0.70
9/19/2025 1:03:22,1.16.3,PRexp,14,4.00,nan,45,Left,Left,665,30,43,22,nan,nan,0.00
9/19/2025 1:03:23,1.16.3,PRexp,14,4.01,nan,45,Left,Left,666,30,43,22,nan,nan,0.66
9/19/2025 1:03:25,1.16.3,PRexp,14,4.00,nan,45,Left,Left,667,30,43,22,nan,nan,0.67
9/19/2025 1:03:27,1.16.3,PRexp,14,4.00,nan,45,Left,Left,668,30,43,22,nan,nan,0.97
9/19/2025 1:03:29,1.16.3,PRexp,14,4.01,nan,45,Left,Left,669,30,43,22,nan,nan,0.72
9/19/2025 1:03:35,1.16.3,PRexp,14,4.00,nan,45,Left,Left,670,30,43,22,nan,nan,0.45
9/19/2025 1:03:37,1.16.3,PRexp,14,4.00,nan,45,Left,Left,671,30,43,22,nan,nan,0.66
9/19/2025 1:03:42,1.16.3,PRexp,14,4.00,nan,45,Left,Left,672,30,43,22,nan,nan,0.99
9/19/2025 1:03:43,1.16.3,PRexp,14,4.00,nan,45,Left,Left,673,30,43,22,nan,nan,0.39
9/19/2025 1:03:45,1.16.3,PRexp,14,4.00,nan,45,Left,Left,674,30,43,22,nan,nan,0.14
9/19/2025 1:04:28,1.16.3,PRexp,14,4.01,nan,45,Left,Left,675,30,43,22,nan,nan,0.01
9/19/2025 1:10:56,1.16.3,PRexp,14,4.01,nan,45,Left,Left,676,30,43,22,nan,nan,0.84
9/19/2025 1:11:00,1.16.3,PRexp,14,4.01,nan,45,Left,Left,677,30,43,22,nan,nan,1.11
9/19/2025 1:11:03,1.16.3,PRexp,14,4.01,nan,45,Left,Left,678,30,43,22,nan,nan,0.95
9/19/2025 1:11:06,1.16.3,PRexp,14,4.00,nan,45,Left,Left,679,30,43,22,nan,nan,0.45
9/19/2025 1:11:09,1.16.3,PRexp,14,4.00,nan,45,Left,Left,680,30,43,22,nan,nan,0.65
9/19/2025 1:11:16,1.16.3,PRexp,14,4.00,nan,45,Left,Left,681,30,43,22,nan,nan,0.55
9/19/2025 1:11:17,1.16.3,PRexp,14,4.00,1,45,Pellet,Left,681,30,44,23,0.55,579,nan
9/19/2025 1:11:36,1.16.3,PRexp,14,4.00,nan,50,Left,Left,682,30,44,23,nan,nan,0.14
9/19/2025 1:11:38,1.16.3,PRexp,14,4.01,nan,50,Left,Left,683,30,44,23,nan,nan,0.23
9/19/2025 1:11:40,1.16.3,PRexp,14,4.00,nan,50,Left,Left,684,30,44,23,nan,nan,0.87
9/19/2025 1:11:43,1.16.3,PRexp,14,4.00,nan,50,Left,Left,685,30,44,23,nan,nan,0.66
9/19/2025 1:11:45,1.16.3,PRexp,14,4.00,nan,50,Left,Left,686,30,44,23,nan,nan,0.33
9/19/2025 1:11:46,1.16.3,PRexp,14,4.00,nan,50,Left,Left,687,30,44,23,nan,nan,0.66
9/19/2025 1:11:51,1.16.3,PRexp,14,4.00,nan,50,Left,Left,688,30,44,23,nan,nan,0.66
9/19/2025 1:11:54,1.16.3,PRexp,14,4.00,nan,50,Left,Left,689,30,44,23,nan,nan,0.56
9/19/2025 1:35:55,1.16.3,PRexp,14,4.00,nan,50,Left,Left,690,30,44,23,nan,nan,0.88
9/19/2025 1:35:57,1.16.3,PRexp,14,4.00,nan,50,Left,Left,691,30,44,23,nan,nan,0.83
9/19/2025 1:36:01,1.16.3,PRexp,14,4.00,nan,50,Left,Left,692,30,44,23,nan,nan,0.98
9/19/2025 1:36:03,1.16.3,PRexp,14,4.00,nan,50,Left,Left,693,30,44,23,nan,nan,0.00
9/19/2025 1:36:07,1.16.3,PRexp,14,4.00,nan,50,Left,Left,694,30,44,23,nan,nan,1.29
9/19/2025 1:36:08,1.16.3,PRexp,14,4.00,nan,50,Left,Left,695,30,44,23,nan,nan,0.00
9/19/2025 1:36:09,1.16.3,PRexp,14,4.00,nan,50,Left,Left,696,30,44,23,nan,nan,0.67
9/19/2025 1:36:14,1.16.3,PRexp,14,4.00,nan,50,Left,Left,697,30,44,23,nan,nan,2.23
9/19/2025 1:36:32,1.16.3,PRexp,14,4.01,nan,50,Left,Left,698,30,44,23,nan,nan,1.39
9/19/2025 1:36:33,1.16.3,PRexp,14,4.00,nan,50,Left,Left,699,30,44,23,nan,nan,0.01
9/19/2025 1:36:34,1.16.3,PRexp,14,4.00,nan,50,Left,Left,700,30,44,23,nan,nan,0.00
9/19/2025 1:36:35,1.16.3,PRexp,14,4.00,nan,50,Left,Left,701,30,44,23,nan,nan,0.50
9/19/2025 1:36:37,1.16.3,PRexp,14,4.00,nan,50,Left,Left,702,30,44,23,nan,nan,0.00
9/19/2025 1:36:38,1.16.3,PRexp,14,4.00,nan,50,Left,Left,703,30,44,23,nan,nan,0.37
9/19/2025 1:36:40,1.16.3,PRexp,14,4.01,nan,50,Left,Left,704,30,44,23,nan,nan,0.48
9/19/2025 1:52:52,1.16.3,PRexp,14,4.00,nan,50,Left,Left,705,30,44,23,nan,nan,1.32
9/19/2025 1:52:58,1.16.3,PRexp,14,4.00,nan,50,Left,Left,706,30,44,23,nan,nan,3.31
9/19/2025 1:53:00,1.16.3,PRexp,14,4.00,nan,50,Left,Left,707,30,44,23,nan,nan,1.01
9/19/2025 1:53:03,1.16.3,PRexp,14,4.00,nan,50,Left,Left,708,30,44,23,nan,nan,0.75
9/19/2025 1:53:10,1.16.3,PRexp,14,4.00,nan,50,Left,Left,709,30,44,23,nan,nan,2.51
9/19/2025 1:53:33,1.16.3,PRexp,14,4.00,nan,50,Left,Left,710,30,44,23,nan,nan,0.50
9/19/2025 1:53:39,1.16.3,PRexp,14,4.00,nan,50,Left,Left,711,30,44,23,nan,nan,1.82
9/19/2025 1:53:42,1.16.3,PRexp,14,4.00,nan,50,Left,Left,712,30,44,23,nan,nan,1.20
9/19/2025 1:53:44,1.16.3,PRexp,14,4.00,nan,50,Left,Left,713,30,44,23,nan,nan,0.93
9/19/2025 1:53:48,1.16.3,PRexp,14,4.01,nan,50,Left,Left,714,30,44,23,nan,nan,1.54
9/19/2025 1:53:50,1.16.3,PRexp,14,4.00,nan,50,Left,Left,715,30,44,23,nan,nan,0.13
9/19/2025 1:53:53,1.16.3,PRexp,14,4.00,nan,50,Left,Left,716,30,44,23,nan,nan,1.67
9/19/2025 1:53:54,1.16.3,PRexp,14,4.00,nan,50,Left,Left,717,30,44,23,nan,nan,0.40
9/19/2025 1:53:56,1.16.3,PRexp,14,4.00,nan,50,Left,Left,718,30,44,23,nan,nan,0.00
9/19/2025 1:54:03,1.16.3,PRexp,14,4.00,nan,50,Left,Left,719,30,44,23,nan,nan,2.34
9/19/2025 1:54:06,1.16.3,PRexp,14,4.00,nan,50,Left,Left,720,30,44,23,nan,nan,2.16
9/19/2025 1:54:11,1.16.3,PRexp,14,4.00,nan,50,Left,Left,721,30,44,23,nan,nan,0.12
9/19/2025 1:54:19,1.16.3,PRexp,14,4.00,nan,50,Left,Left,722,30,44,23,nan,nan,3.04
9/19/2025 1:54:22,1.16.3,PRexp,14,4.00,nan,50,Left,Left,723,30,44,23,nan,nan,2.03
9/19/2025 2:22:37,1.16.3,PRexp,14,4.00,nan,50,Left,Left,724,30,44,23,nan,nan,1.04
9/19/2025 2:22:44,1.16.3,PRexp,14,4.00,nan,50,Left,Left,725,30,44,23,nan,nan,2.78
9/19/2025 2:22:48,1.16.3,PRexp,14,4.01,nan,50,Left,Left,726,30,44,23,nan,nan,0.75
9/19/2025 2:22:51,1.16.3,PRexp,14,4.00,nan,50,Left,Left,727,30,44,23,nan,nan,1.29
9/19/2025 2:22:52,1.16.3,PRexp,14,4.00,nan,50,Left,Left,728,30,44,23,nan,nan,0.17
9/19/2025 2:23:05,1.16.3,PRexp,14,4.00,nan,50,Left,Left,729,30,44,23,nan,nan,0.40
9/19/2025 2:23:10,1.16.3,PRexp,14,4.00,nan,50,Left,Left,730,30,44,23,nan,nan,1.13
9/19/2025 2:23:13,1.16.3,PRexp,14,4.00,nan,50,Left,Left,731,30,44,23,nan,nan,0.84
9/19/2025 2:23:15,1.16.3,PRexp,14,4.00,1,50,Pellet,Left,731,30,45,24,0.55,4318,nan
9/19/2025 2:24:11,1.16.3,PRexp,14,4.00,nan,56,Left,Left,732,30,45,24,nan,nan,2.06
9/19/2025 2:24:13,1.16.3,PRexp,14,4.00,nan,56,Left,Left,733,30,45,24,nan,nan,0.34
9/19/2025 2:33:08,1.16.3,PRexp,14,4.00,nan,56,Left,Left,734,30,45,24,nan,nan,0.38
9/19/2025 2:33:12,1.16.3,PRexp,14,4.00,nan,56,Left,Left,735,30,45,24,nan,nan,0.56
9/19/2025 2:33:27,1.16.3,PRexp,14,4.00,nan,56,Left,Left,736,30,45,24,nan,nan,0.42
9/19/2025 2:33:28,1.16.3,PRexp,14,4.00,nan,56,Left,Left,737,30,45,24,nan,nan,0.57
9/19/2025 2:33:31,1.16.3,PRexp,14,4.00,nan,56,Left,Left,738,30,45,24,nan,nan,0.32
9/19/2025 2:33:36,1.16.3,PRexp,14,4.00,nan,56,Left,Left,739,30,45,24,nan,nan,0.20
9/19/2025 2:33:37,1.16.3,PRexp,14,4.00,nan,56,Left,Left,740,30,45,24,nan,nan,0.54
9/19/2025 2:33:41,1.16.3,PRexp,14,4.00,nan,56,Left,Left,741,30,45,24,nan,nan,0.48
9/19/2025 2:33:46,1.16.3,PRexp,14,4.00,nan,56,Left,Left,742,30,45,24,nan,nan,0.38
9/19/2025 2:33:48,1.16.3,PRexp,14,4.00,nan,56,Left,Left,743,30,45,24,nan,nan,0.00
9/19/2025 2:33:49,1.16.3,PRexp,14,4.00,nan,56,Left,Left,744,30,45,24,nan,nan,0.04
9/19/2025 2:33:51,1.16.3,PRexp,14,4.00,nan,56,Left,Left,745,30,45,24,nan,nan,0.27
9/19/2025 2:34:44,1.16.3,PRexp,14,4.00,nan,56,Right,Left,745,31,45,24,nan,nan,0.23
9/19/2025 2:37:29,1.16.3,PRexp,14,4.00,nan,56,Left,Left,746,31,45,24,nan,nan,0.54
9/19/2025 2:37:34,1.16.3,PRexp,14,4.00,nan,56,Left,Left,747,31,45,24,nan,nan,0.54
9/19/2025 2:37:37,1.16.3,PRexp,14,4.00,nan,56,Left,Left,748,31,45,24,nan,nan,0.50
9/19/2025 2:37:40,1.16.3,PRexp,14,4.00,nan,56,Left,Left,749,31,45,24,nan,nan,0.33
9/19/2025 2:37:41,1.16.3,PRexp,14,4.00,nan,56,Left,Left,750,31,45,24,nan,nan,0.32
9/19/2025 2:37:44,1.16.3,PRexp,14,4.00,nan,56,Left,Left,751,31,45,24,nan,nan,1.12
9/19/2025 2:37:46,1.16.3,PRexp,14,4.00,nan,56,Left,Left,752,31,45,24,nan,nan,0.26
9/19/2025 2:37:47,1.16.3,PRexp,14,4.00,nan,56,Left,Left,753,31,45,24,nan,nan,0.42
9/19/2025 2:37:55,1.16.3,PRexp,14,4.00,nan,56,Right,Left,753,32,45,24,nan,nan,0.11
9/19/2025 2:41:57,1.16.3,PRexp,14,4.00,nan,56,Left,Left,754,32,45,24,nan,nan,0.07
9/19/2025 2:42:00,1.16.3,PRexp,14,4.00,nan,56,Left,Left,755,32,45,24,nan,nan,0.56
9/19/2025 2:42:02,1.16.3,PRexp,14,4.00,nan,56,Left,Left,756,32,45,24,nan,nan,0.24
9/19/2025 2:42:03,1.16.3,PRexp,14,4.00,nan,56,Left,Left,757,32,45,24,nan,nan,0.44
9/19/2025 2:42:05,1.16.3,PRexp,14,4.00,nan,56,Left,Left,758,32,45,24,nan,nan,0.74
9/19/2025 2:42:09,1.16.3,PRexp,14,4.00,nan,56,Left,Left,759,32,45,24,nan,nan,0.75
9/19/2025 2:42:11,1.16.3,PRexp,14,4.00,nan,56,Left,Left,760,32,45,24,nan,nan,0.29
9/19/2025 2:42:14,1.16.3,PRexp,14,4.00,nan,56,Left,Left,761,32,45,24,nan,nan,0.66
9/19/2025 2:42:17,1.16.3,PRexp,14,4.00,nan,56,Left,Left,762,32,45,24,nan,nan,0.91
9/19/2025 2:42:19,1.16.3,PRexp,14,4.00,nan,56,Left,Left,763,32,45,24,nan,nan,0.20
9/19/2025 2:42:21,1.16.3,PRexp,14,4.00,nan,56,Left,Left,764,32,45,24,nan,nan,0.54
9/19/2025 2:42:27,1.16.3,PRexp,14,4.00,nan,56,Left,Left,765,32,45,24,nan,nan,0.17
9/19/2025 2:42:28,1.16.3,PRexp,14,4.00,nan,56,Left,Left,766,32,45,24,nan,nan,0.00
9/19/2025 2:42:31,1.16.3,PRexp,14,4.00,nan,56,Left,Left,767,32,45,24,nan,nan,0.36
9/19/2025 2:42:33,1.16.3,PRexp,14,4.00,nan,56,Left,Left,768,32,45,24,nan,nan,0.00
9/19/2025 2:42:36,1.16.3,PRexp,14,4.00,nan,56,Left,Left,769,32,45,24,nan,nan,0.76
9/19/2025 2:42:37,1.16.3,PRexp,14,4.00,nan,56,Left,Left,770,32,45,24,nan,nan,0.17
9/19/2025 2:42:43,1.16.3,PRexp,14,4.00,nan,56,Left,Left,771,32,45,24,nan,nan,0.12
9/19/2025 2:42:54,1.16.3,PRexp,14,4.00,nan,56,Left,Left,772,32,45,24,nan,nan,0.08
9/19/2025 2:42:56,1.16.3,PRexp,14,4.00,nan,56,Right,Left,772,33,45,24,nan,nan,0.12
9/19/2025 2:43:09,1.16.3,PRexp,14,4.00,nan,56,Left,Left,773,33,45,24,nan,nan,0.11
9/19/2025 2:43:11,1.16.3,PRexp,14,4.00,nan,56,Left,Left,774,33,45,24,nan,nan,0.43
9/19/2025 2:43:14,1.16.3,PRexp,14,4.00,nan,56,Left,Left,775,33,45,24,nan,nan,1.00
9/19/2025 2:46:29,1.16.3,PRexp,14,4.00,nan,56,Right,Left,775,34,45,24,nan,nan,0.13
9/19/2025 2:47:56,1.16.3,PRexp,14,4.00,nan,56,Right,Left,775,35,45,24,nan,nan,0.03
9/19/2025 2:47:58,1.16.3,PRexp,14,4.00,nan,56,Right,Left,775,36,45,24,nan,nan,0.35
9/19/2025 2:47:59,1.16.3,PRexp,14,4.00,nan,56,Right,Left,775,37,45,24,nan,nan,0.26
9/19/2025 2:48:29,1.16.3,PRexp,14,4.00,nan,56,Right,Left,775,38,45,24,nan,nan,0.15
9/19/2025 2:48:31,1.16.3,PRexp,14,4.00,nan,56,Right,Left,775,39,45,24,nan,nan,0.18
9/19/2025 2:48:35,1.16.3,PRexp,14,4.00,nan,56,Right,Left,775,40,45,24,nan,nan,0.07
9/19/2025 2:48:41,1.16.3,PRexp,14,4.00,nan,56,Right,Left,775,41,45,24,nan,nan,0.02
9/19/2025 2:48:43,1.16.3,PRexp,14,4.00,nan,56,Right,Left,775,42,45,24,nan,nan,0.07
9/19/2025 2:48:52,1.16.3,PRexp,14,4.00,nan,56,Left,Left,776,42,45,24,nan,nan,0.34
9/19/2025 2:48:55,1.16.3,PRexp,14,4.00,nan,56,Left,Left,777,42,45,24,nan,nan,0.19
9/19/2025 2:48:57,1.16.3,PRexp,14,4.00,nan,56,Left,Left,778,42,45,24,nan,nan,0.17
9/19/2025 2:49:04,1.16.3,PRexp,14,4.00,nan,56,Left,Left,779,42,45,24,nan,nan,0.42
9/19/2025 2:49:05,1.16.3,PRexp,14,4.00,nan,56,Left,Left,780,42,45,24,nan,nan,0.45
9/19/2025 2:53:14,1.16.3,PRexp,14,4.00,nan,56,Left,Left,781,42,45,24,nan,nan,0.04
9/19/2025 2:53:27,1.16.3,PRexp,14,4.00,nan,56,Left,Left,782,42,45,24,nan,nan,0.13
9/19/2025 2:53:31,1.16.3,PRexp,14,4.00,nan,56,Left,Left,783,42,45,24,nan,nan,0.37
9/19/2025 2:53:32,1.16.3,PRexp,14,4.00,nan,56,Left,Left,784,42,45,24,nan,nan,0.08
9/19/2025 2:53:35,1.16.3,PRexp,14,4.00,nan,56,Left,Left,785,42,45,24,nan,nan,0.43
9/19/2025 2:53:46,1.16.3,PRexp,14,4.00,nan,56,Left,Left,786,42,45,24,nan,nan,0.75
9/19/2025 2:53:47,1.16.3,PRexp,14,4.00,nan,56,Left,Left,787,42,45,24,nan,nan,0.16
9/19/2025 2:53:48,1.16.3,PRexp,14,4.00,1,56,Pellet,Left,787,42,46,25,0.48,1833,nan
9/19/2025 2:58:32,1.16.3,PRexp,14,4.00,nan,62,Left,Left,788,42,46,25,nan,nan,0.53
9/19/2025 2:58:35,1.16.3,PRexp,14,4.00,nan,62,Left,Left,789,42,46,25,nan,nan,0.64
9/19/2025 2:58:38,1.16.3,PRexp,14,4.00,nan,62,Left,Left,790,42,46,25,nan,nan,0.15
9/19/2025 2:58:45,1.16.3,PRexp,14,4.00,nan,62,Left,Left,791,42,46,25,nan,nan,0.05
9/19/2025 2:58:48,1.16.3,PRexp,14,4.00,nan,62,Left,Left,792,42,46,25,nan,nan,0.30
9/19/2025 2:58:49,1.16.3,PRexp,14,4.00,nan,62,Left,Left,793,42,46,25,nan,nan,0.14
9/19/2025 2:58:54,1.16.3,PRexp,14,4.00,nan,62,Right,Left,793,43,46,25,nan,nan,0.03
9/19/2025 3:04:50,1.16.3,PRexp,14,4.00,nan,62,Left,Left,794,43,46,25,nan,nan,0.23
9/19/2025 3:04:52,1.16.3,PRexp,14,4.00,nan,62,Left,Left,795,43,46,25,nan,nan,0.03
9/19/2025 3:04:54,1.16.3,PRexp,14,4.00,nan,62,Left,Left,796,43,46,25,nan,nan,0.55
9/19/2025 3:04:56,1.16.3,PRexp,14,4.00,nan,62,Left,Left,797,43,46,25,nan,nan,0.47
9/19/2025 3:04:58,1.16.3,PRexp,14,4.00,nan,62,Left,Left,798,43,46,25,nan,nan,0.45
9/19/2025 3:05:00,1.16.3,PRexp,14,4.00,nan,62,Left,Left,799,43,46,25,nan,nan,0.68
9/19/2025 3:05:02,1.16.3,PRexp,14,4.00,nan,62,Left,Left,800,43,46,25,nan,nan,0.43
9/19/2025 3:05:10,1.16.3,PRexp,14,4.00,nan,62,Left,Left,801,43,46,25,nan,nan,0.65
9/19/2025 3:07:59,1.16.3,PRexp,14,4.00,nan,62,Left,Left,802,43,46,25,nan,nan,0.21
9/19/2025 3:08:04,1.16.3,PRexp,14,4.00,nan,62,Left,Left,803,43,46,25,nan,nan,0.22
9/19/2025 3:08:05,1.16.3,PRexp,14,4.00,nan,62,Left,Left,804,43,46,25,nan,nan,0.26
9/19/2025 3:08:08,1.16.3,PRexp,14,4.00,nan,62,Left,Left,805,43,46,25,nan,nan,0.25
9/19/2025 3:08:10,1.16.3,PRexp,14,4.00,nan,62,Left,Left,806,43,46,25,nan,nan,0.31
9/19/2025 3:08:12,1.16.3,PRexp,14,4.00,nan,62,Left,Left,807,43,46,25,nan,nan,0.11
9/19/2025 3:08:13,1.16.3,PRexp,14,4.01,nan,62,Left,Left,808,43,46,25,nan,nan,0.00
9/19/2025 3:08:16,1.16.3,PRexp,14,4.00,nan,62,Left,Left,809,43,46,25,nan,nan,0.44
9/19/2025 3:08:18,1.16.3,PRexp,14,4.00,nan,62,Left,Left,810,43,46,25,nan,nan,0.45
9/19/2025 3:08:19,1.16.3,PRexp,14,4.00,nan,62,Left,Left,811,43,46,25,nan,nan,0.29
9/19/2025 3:08:20,1.16.3,PRexp,14,4.00,nan,62,Left,Left,812,43,46,25,nan,nan,0.00
9/19/2025 3:08:21,1.16.3,PRexp,14,4.00,nan,62,Left,Left,813,43,46,25,nan,nan,0.22
9/19/2025 3:08:24,1.16.3,PRexp,14,4.00,nan,62,Left,Left,814,43,46,25,nan,nan,0.50
9/19/2025 3:08:24,1.16.3,PRexp,14,4.00,nan,62,Left,Left,815,43,46,25,nan,nan,0.00
9/19/2025 3:08:26,1.16.3,PRexp,14,4.00,nan,62,Left,Left,816,43,46,25,nan,nan,0.75
9/19/2025 3:08:28,1.16.3,PRexp,14,4.00,nan,62,Left,Left,817,43,46,25,nan,nan,1.22
9/19/2025 3:08:29,1.16.3,PRexp,14,4.00,nan,62,Left,Left,818,43,46,25,nan,nan,0.00
9/19/2025 3:08:38,1.16.3,PRexp,14,4.00,nan,62,Left,Left,819,43,46,25,nan,nan,0.02
9/19/2025 3:08:39,1.16.3,PRexp,14,4.00,nan,62,Left,Left,820,43,46,25,nan,nan,0.52
9/19/2025 3:08:49,1.16.3,PRexp,14,4.00,nan,62,Left,Left,821,43,46,25,nan,nan,0.04
9/19/2025 3:08:54,1.16.3,PRexp,14,4.00,nan,62,Left,Left,822,43,46,25,nan,nan,0.21
9/19/2025 3:08:56,1.16.3,PRexp,14,4.00,nan,62,Left,Left,823,43,46,25,nan,nan,0.62
9/19/2025 3:08:58,1.16.3,PRexp,14,4.00,nan,62,Left,Left,824,43,46,25,nan,nan,0.69
9/19/2025 3:09:00,1.16.3,PRexp,14,4.00,nan,62,Left,Left,825,43,46,25,nan,nan,0.27
9/19/2025 3:09:04,1.16.3,PRexp,14,4.00,nan,62,Left,Left,826,43,46,25,nan,nan,0.09
9/19/2025 3:09:07,1.16.3,PRexp,14,4.00,nan,62,Left,Left,827,43,46,25,nan,nan,1.12
9/19/2025 3:09:08,1.16.3,PRexp,14,4.00,nan,62,Left,Left,828,43,46,25,nan,nan,0.19
9/19/2025 3:09:10,1.16.3,PRexp,14,4.00,nan,62,Left,Left,829,43,46,25,nan,nan,0.41
9/19/2025 3:09:11,1.16.3,PRexp,14,4.00,nan,62,Left,Left,830,43,46,25,nan,nan,0.15
9/19/2025 3:09:14,1.16.3,PRexp,14,4.00,nan,62,Left,Left,831,43,46,25,nan,nan,0.08
9/19/2025 3:09:15,1.16.3,PRexp,14,4.00,nan,62,Left,Left,832,43,46,25,nan,nan,0.22
9/19/2025 3:09:23,1.16.3,PRexp,14,4.00,nan,62,Left,Left,833,43,46,25,nan,nan,0.91
9/19/2025 3:09:24,1.16.3,PRexp,14,4.00,nan,62,Left,Left,834,43,46,25,nan,nan,0.21
9/19/2025 3:09:26,1.16.3,PRexp,14,4.00,nan,62,Left,Left,835,43,46,25,nan,nan,0.90
9/19/2025 3:09:27,1.16.3,PRexp,14,4.00,nan,62,Left,Left,836,43,46,25,nan,nan,0.00
9/19/2025 3:09:34,1.16.3,PRexp,14,4.00,nan,62,Left,Left,837,43,46,25,nan,nan,0.26
9/19/2025 3:14:40,1.16.3,PRexp,14,4.00,nan,62,Left,Left,838,43,46,25,nan,nan,0.83
9/19/2025 3:14:41,1.16.3,PRexp,14,4.00,nan,62,Left,Left,839,43,46,25,nan,nan,0.25
9/19/2025 3:14:42,1.16.3,PRexp,14,4.00,nan,62,Left,Left,840,43,46,25,nan,nan,0.00
9/19/2025 3:14:46,1.16.3,PRexp,14,4.00,nan,62,Left,Left,841,43,46,25,nan,nan,0.16
9/19/2025 3:14:47,1.16.3,PRexp,14,4.00,nan,62,Left,Left,842,43,46,25,nan,nan,0.00
9/19/2025 3:14:53,1.16.3,PRexp,14,4.00,nan,62,Left,Left,843,43,46,25,nan,nan,0.21
9/19/2025 3:16:18,1.16.3,PRexp,14,4.00,nan,62,Left,Left,844,43,46,25,nan,nan,0.47
9/19/2025 3:20:42,1.16.3,PRexp,14,4.00,nan,62,Right,Left,844,44,46,25,nan,nan,0.11
9/19/2025 3:21:05,1.16.3,PRexp,14,4.00,nan,62,Right,Left,844,45,46,25,nan,nan,0.09
9/19/2025 3:21:09,1.16.3,PRexp,14,4.00,nan,62,Right,Left,844,46,46,25,nan,nan,0.75
9/19/2025 3:21:11,1.16.3,PRexp,14,4.00,nan,62,Right,Left,844,47,46,25,nan,nan,0.49
9/19/2025 3:21:12,1.16.3,PRexp,14,4.00,nan,62,Right,Left,844,48,46,25,nan,nan,0.02
9/19/2025 3:21:17,1.16.3,PRexp,14,4.00,nan,62,Right,Left,844,49,46,25,nan,nan,0.73
9/19/2025 3:22:20,1.16.3,PRexp,14,4.00,nan,62,Left,Left,845,49,46,25,nan,nan,0.14
9/19/2025 3:22:27,1.16.3,PRexp,14,4.00,nan,62,Left,Left,846,49,46,25,nan,nan,0.17
9/19/2025 3:22:34,1.16.3,PRexp,14,4.00,nan,62,Left,Left,847,49,46,25,nan,nan,0.13
9/19/2025 3:22:58,1.16.3,PRexp,14,4.00,nan,62,Left,Left,848,49,46,25,nan,nan,0.59
9/19/2025 3:22:59,1.16.3,PRexp,14,4.00,nan,62,Left,Left,849,49,46,25,nan,nan,0.57
9/19/2025 3:23:05,1.16.3,PRexp,14,4.00,3,62,Pellet,Left,849,49,47,26,0.49,1757,nan
9/19/2025 3:23:29,1.16.3,PRexp,14,4.00,nan,69,Left,Left,850,49,47,26,nan,nan,0.03
9/19/2025 3:23:33,1.16.3,PRexp,14,4.00,nan,69,Left,Left,851,49,47,26,nan,nan,0.04
9/19/2025 3:29:17,1.16.3,PRexp,14,4.00,nan,69,Left,Left,852,49,47,26,nan,nan,0.22
9/19/2025 3:29:20,1.16.3,PRexp,14,4.00,nan,69,Left,Left,853,49,47,26,nan,nan,0.93
9/19/2025 3:29:24,1.16.3,PRexp,14,4.00,nan,69,Left,Left,854,49,47,26,nan,nan,0.90
9/19/2025 3:29:26,1.16.3,PRexp,14,4.00,nan,69,Left,Left,855,49,47,26,nan,nan,0.00
9/19/2025 3:29:27,1.16.3,PRexp,14,4.00,nan,69,Left,Left,856,49,47,26,nan,nan,0.00
9/19/2025 3:29:34,1.16.3,PRexp,14,4.00,nan,69,Left,Left,857,49,47,26,nan,nan,0.67
9/19/2025 3:29:35,1.16.3,PRexp,14,4.00,nan,69,Left,Left,858,49,47,26,nan,nan,0.42
9/19/2025 3:29:39,1.16.3,PRexp,14,4.00,nan,69,Left,Left,859,49,47,26,nan,nan,0.37
9/19/2025 3:29:41,1.16.3,PRexp,14,4.00,nan,69,Left,Left,860,49,47,26,nan,nan,0.84
9/19/2025 3:29:44,1.16.3,PRexp,14,4.00,nan,69,Left,Left,861,49,47,26,nan,nan,0.31
9/19/2025 3:29:48,1.16.3,PRexp,14,4.00,nan,69,Left,Left,862,49,47,26,nan,nan,0.29
9/19/2025 3:29:51,1.16.3,PRexp,14,4.00,nan,69,Left,Left,863,49,47,26,nan,nan,0.00
9/19/2025 3:29:56,1.16.3,PRexp,14,4.00,nan,69,Left,Left,864,49,47,26,nan,nan,1.58
9/19/2025 3:30:01,1.16.3,PRexp,14,4.00,nan,69,Left,Left,865,49,47,26,nan,nan,0.51
9/19/2025 3:30:03,1.16.3,PRexp,14,4.00,nan,69,Left,Left,866,49,47,26,nan,nan,0.41
9/19/2025 3:30:04,1.16.3,PRexp,14,4.00,nan,69,Left,Left,867,49,47,26,nan,nan,0.00
9/19/2025 3:30:08,1.16.3,PRexp,14,4.00,nan,69,Left,Left,868,49,47,26,nan,nan,3.50
9/19/2025 3:30:15,1.16.3,PRexp,14,4.00,nan,69,Left,Left,869,49,47,26,nan,nan,0.72
9/19/2025 3:30:22,1.16.3,PRexp,14,4.00,nan,69,Left,Left,870,49,47,26,nan,nan,0.00
9/19/2025 3:55:55,1.16.3,PRexp,14,4.00,nan,69,Left,Left,871,49,47,26,nan,nan,0.61
9/19/2025 3:56:00,1.16.3,PRexp,14,4.00,nan,69,Left,Left,872,49,47,26,nan,nan,1.04
9/19/2025 3:56:04,1.16.3,PRexp,14,4.00,nan,69,Left,Left,873,49,47,26,nan,nan,0.67
9/19/2025 3:56:07,1.16.3,PRexp,14,4.00,nan,69,Left,Left,874,49,47,26,nan,nan,0.92
9/19/2025 3:56:12,1.16.3,PRexp,14,4.00,nan,69,Left,Left,875,49,47,26,nan,nan,0.56
9/19/2025 3:56:13,1.16.3,PRexp,14,4.00,nan,69,Left,Left,876,49,47,26,nan,nan,0.02
9/19/2025 4:24:20,1.16.3,PRexp,14,4.00,nan,69,Left,Left,877,49,47,26,nan,nan,0.52
9/19/2025 4:24:27,1.16.3,PRexp,14,4.00,nan,69,Left,Left,878,49,47,26,nan,nan,0.76
9/19/2025 4:24:30,1.16.3,PRexp,14,4.00,nan,69,Left,Left,879,49,47,26,nan,nan,0.02
9/19/2025 4:24:36,1.16.3,PRexp,14,4.00,nan,69,Left,Left,880,49,47,26,nan,nan,0.00
9/19/2025 4:24:38,1.16.3,PRexp,14,4.00,nan,69,Left,Left,881,49,47,26,nan,nan,0.23
9/19/2025 4:34:48,1.16.3,PRexp,14,4.00,nan,69,Left,Left,882,49,47,26,nan,nan,2.52
9/19/2025 4:34:53,1.16.3,PRexp,14,4.00,nan,69,Left,Left,883,49,47,26,nan,nan,2.57
9/19/2025 4:57:34,1.16.3,PRexp,14,4.00,nan,69,Left,Left,884,49,47,26,nan,nan,0.20
9/19/2025 4:57:39,1.16.3,PRexp,14,4.00,nan,69,Left,Left,885,49,47,26,nan,nan,1.48
9/19/2025 4:57:40,1.16.3,PRexp,14,4.00,nan,69,Left,Left,886,49,47,26,nan,nan,0.02
9/19/2025 4:57:45,1.16.3,PRexp,14,4.00,nan,69,Left,Left,887,49,47,26,nan,nan,1.25
9/19/2025 4:57:48,1.16.3,PRexp,14,4.00,nan,69,Left,Left,888,49,47,26,nan,nan,0.38
9/19/2025 5:18:47,1.16.3,PRexp,14,4.00,nan,69,Left,Left,889,49,47,26,nan,nan,0.10
9/19/2025 5:18:51,1.16.3,PRexp,14,4.00,nan,69,Left,Left,890,49,47,26,nan,nan,0.66
9/19/2025 5:18:55,1.16.3,PRexp,14,4.00,nan,69,Left,Left,891,49,47,26,nan,nan,0.46
9/19/2025 5:18:58,1.16.3,PRexp,14,4.00,nan,69,Left,Left,892,49,47,26,nan,nan,0.66
9/19/2025 5:19:04,1.16.3,PRexp,14,4.00,nan,69,Left,Left,893,49,47,26,nan,nan,0.02
9/19/2025 5:19:06,1.16.3,PRexp,14,4.00,nan,69,Left,Left,894,49,47,26,nan,nan,0.81
9/19/2025 5:19:08,1.16.3,PRexp,14,4.00,nan,69,Left,Left,895,49,47,26,nan,nan,0.01
9/19/2025 5:19:09,1.16.3,PRexp,14,4.00,nan,69,Left,Left,896,49,47,26,nan,nan,0.21
9/19/2025 5:19:13,1.16.3,PRexp,14,4.00,nan,69,Left,Left,897,49,47,26,nan,nan,0.68
9/19/2025 5:27:15,1.16.3,PRexp,14,4.00,nan,69,Left,Left,898,49,47,26,nan,nan,0.00
9/19/2025 5:27:16,1.16.3,PRexp,14,4.00,nan,69,Left,Left,899,49,47,26,nan,nan,0.49
9/19/2025 5:27:18,1.16.3,PRexp,14,4.00,nan,69,Left,Left,900,49,47,26,nan,nan,0.84
9/19/2025 5:27:20,1.16.3,PRexp,14,4.00,nan,69,Left,Left,901,49,47,26,nan,nan,0.45
9/19/2025 5:27:24,1.16.3,PRexp,14,4.00,nan,69,Left,Left,902,49,47,26,nan,nan,0.82
9/19/2025 5:27:39,1.16.3,PRexp,14,4.00,nan,69,Right,Left,902,50,47,26,nan,nan,0.00
9/19/2025 5:28:10,1.16.3,PRexp,14,4.00,nan,69,Right,Left,902,51,47,26,nan,nan,0.30
9/19/2025 5:28:13,1.16.3,PRexp,14,4.00,nan,69,Left,Left,903,51,47,26,nan,nan,0.10
9/19/2025 5:29:43,1.16.3,PRexp,14,4.00,nan,69,Right,Left,903,52,47,26,nan,nan,0.01
9/19/2025 5:29:47,1.16.3,PRexp,14,4.00,nan,69,Right,Left,903,53,47,26,nan,nan,0.55
9/19/2025 5:29:49,1.16.3,PRexp,14,4.00,nan,69,Right,Left,903,54,47,26,nan,nan,0.32
9/19/2025 5:29:53,1.16.3,PRexp,14,4.00,nan,69,Left,Left,904,54,47,26,nan,nan,0.27
9/19/2025 5:29:54,1.16.3,PRexp,14,4.00,nan,69,Left,Left,905,54,47,26,nan,nan,0.18
9/19/2025 5:29:56,1.16.3,PRexp,14,4.00,nan,69,Left,Left,906,54,47,26,nan,nan,0.20
9/19/2025 5:29:58,1.16.3,PRexp,14,4.00,nan,69,Left,Left,907,54,47,26,nan,nan,0.16
9/19/2025 5:29:59,1.16.3,PRexp,14,4.00,nan,69,Left,Left,908,54,47,26,nan,nan,0.00
9/19/2025 5:30:00,1.16.3,PRexp,14,4.00,nan,69,Left,Left,909,54,47,26,nan,nan,0.85
9/19/2025 5:30:03,1.16.3,PRexp,14,4.00,nan,69,Left,Left,910,54,47,26,nan,nan,0.39
9/19/2025 5:30:13,1.16.3,PRexp,14,4.00,nan,69,Left,Left,911,54,47,26,nan,nan,0.14
9/19/2025 5:30:17,1.16.3,PRexp,14,4.00,nan,69,Left,Left,912,54,47,26,nan,nan,0.12
9/19/2025 5:30:19,1.16.3,PRexp,14,4.00,nan,69,Left,Left,913,54,47,26,nan,nan,0.14
9/19/2025 5:30:22,1.16.3,PRexp,14,4.00,nan,69,Left,Left,914,54,47,26,nan,nan,0.11
9/19/2025 5:30:25,1.16.3,PRexp,14,4.00,nan,69,Left,Left,915,54,47,26,nan,nan,0.00
9/19/2025 5:30:27,1.16.3,PRexp,14,4.00,nan,69,Left,Left,916,54,47,26,nan,nan,0.12
9/19/2025 5:30:29,1.16.3,PRexp,14,4.00,nan,69,Left,Left,917,54,47,26,nan,nan,0.47
9/19/2025 5:34:49,1.16.3,PRexp,14,4.00,nan,69,Right,Left,917,55,47,26,nan,nan,0.05
9/19/2025 5:34:52,1.16.3,PRexp,14,4.00,nan,69,Right,Left,917,56,47,26,nan,nan,0.24
9/19/2025 5:36:00,1.16.3,PRexp,14,4.00,nan,69,Left,Left,918,56,47,26,nan,nan,0.22
9/19/2025 5:36:01,1.16.3,PRexp,14,4.00,1,69,Pellet,Left,918,56,48,27,0.42,7976,nan
9/19/2025 5:36:49,1.16.3,PRexp,14,4.00,nan,77,Left,Left,919,56,48,27,nan,nan,0.06
9/19/2025 5:36:51,1.16.3,PRexp,14,4.00,nan,77,Left,Left,920,56,48,27,nan,nan,0.66
9/19/2025 5:36:52,1.16.3,PRexp,14,4.00,nan,77,Left,Left,921,56,48,27,nan,nan,0.23
9/19/2025 5:36:55,1.16.3,PRexp,14,4.00,nan,77,Left,Left,922,56,48,27,nan,nan,0.36
9/19/2025 5:36:58,1.16.3,PRexp,14,4.00,nan,77,Left,Left,923,56,48,27,nan,nan,0.34
9/19/2025 5:37:01,1.16.3,PRexp,14,4.00,nan,77,Left,Left,924,56,48,27,nan,nan,1.49
9/19/2025 5:37:04,1.16.3,PRexp,14,4.00,nan,77,Left,Left,925,56,48,27,nan,nan,0.60
9/19/2025 5:37:07,1.16.3,PRexp,14,4.00,nan,77,Left,Left,926,56,48,27,nan,nan,0.74
9/19/2025 5:37:10,1.16.3,PRexp,14,4.00,nan,77,Left,Left,927,56,48,27,nan,nan,0.41
9/19/2025 5:37:15,1.16.3,PRexp,14,4.00,nan,77,Left,Left,928,56,48,27,nan,nan,0.52
9/19/2025 5:37:18,1.16.3,PRexp,14,4.00,nan,77,Left,Left,929,56,48,27,nan,nan,0.02
9/19/2025 5:37:25,1.16.3,PRexp,14,4.00,nan,77,Left,Left,930,56,48,27,nan,nan,0.58
9/19/2025 5:37:26,1.16.3,PRexp,14,4.00,nan,77,Left,Left,931,56,48,27,nan,nan,0.00
9/19/2025 5:37:28,1.16.3,PRexp,14,4.00,nan,77,Left,Left,932,56,48,27,nan,nan,0.30
9/19/2025 5:37:31,1.16.3,PRexp,14,4.00,nan,77,Left,Left,933,56,48,27,nan,nan,0.17
9/19/2025 5:40:49,1.16.3,PRexp,14,4.00,nan,77,Right,Left,933,57,48,27,nan,nan,0.00
9/19/2025 5:42:36,1.16.3,PRexp,14,4.00,nan,77,Right,Left,933,58,48,27,nan,nan,0.18
9/19/2025 5:42:42,1.16.3,PRexp,14,4.00,nan,77,Left,Left,934,58,48,27,nan,nan,0.05
9/19/2025 5:42:48,1.16.3,PRexp,14,4.00,nan,77,Left,Left,935,58,48,27,nan,nan,0.12
9/19/2025 5:42:49,1.16.3,PRexp,14,4.00,nan,77,Left,Left,936,58,48,27,nan,nan,0.00
9/19/2025 5:42:50,1.16.3,PRexp,14,4.00,nan,77,Left,Left,937,58,48,27,nan,nan,0.33
9/19/2025 5:43:06,1.16.3,PRexp,14,4.00,nan,77,Right,Left,937,59,48,27,nan,nan,0.02
9/19/2025 5:43:08,1.16.3,PRexp,14,4.00,nan,77,Right,Left,937,60,48,27,nan,nan,0.15
9/19/2025 5:43:08,1.16.3,PRexp,14,4.00,nan,77,Right,Left,937,61,48,27,nan,nan,0.00
9/19/2025 5:43:13,1.16.3,PRexp,14,4.00,nan,77,Right,Left,937,62,48,27,nan,nan,0.07
9/19/2025 5:43:14,1.16.3,PRexp,14,4.00,nan,77,Right,Left,937,63,48,27,nan,nan,0.00
9/19/2025 5:43:19,1.16.3,PRexp,14,4.00,nan,77,Left,Left,938,63,48,27,nan,nan,0.13
9/19/2025 5:43:21,1.16.3,PRexp,14,4.00,nan,77,Left,Left,939,63,48,27,nan,nan,0.97
9/19/2025 5:43:31,1.16.3,PRexp,14,4.00,nan,77,Left,Left,940,63,48,27,nan,nan,0.06
9/19/2025 5:43:34,1.16.3,PRexp,14,4.00,nan,77,Left,Left,941,63,48,27,nan,nan,0.16
9/19/2025 5:43:35,1.16.3,PRexp,14,4.00,nan,77,Left,Left,942,63,48,27,nan,nan,0.56
9/19/2025 5:43:40,1.16.3,PRexp,14,4.00,nan,77,Left,Left,943,63,48,27,nan,nan,0.30
9/19/2025 5:43:42,1.16.3,PRexp,14,4.00,nan,77,Left,Left,944,63,48,27,nan,nan,0.01
9/19/2025 5:43:43,1.16.3,PRexp,14,4.00,nan,77,Left,Left,945,63,48,27,nan,nan,0.52
9/19/2025 5:43:47,1.16.3,PRexp,14,4.00,nan,77,Left,Left,946,63,48,27,nan,nan,0.23
9/19/2025 5:44:05,1.16.3,PRexp,14,4.00,nan,77,Left,Left,947,63,48,27,nan,nan,0.27
9/19/2025 5:44:11,1.16.3,PRexp,14,4.00,nan,77,Left,Left,948,63,48,27,nan,nan,0.14
9/19/2025 5:44:13,1.16.3,PRexp,14,4.00,nan,77,Left,Left,949,63,48,27,nan,nan,0.40
9/19/2025 5:44:20,1.16.3,PRexp,14,4.00,nan,77,Left,Left,950,63,48,27,nan,nan,0.18
9/19/2025 5:44:22,1.16.3,PRexp,14,4.00,nan,77,Left,Left,951,63,48,27,nan,nan,0.29
9/19/2025 5:44:23,1.16.3,PRexp,14,4.00,nan,77,Left,Left,952,63,48,27,nan,nan,0.00
9/19/2025 5:44:26,1.16.3,PRexp,14,4.00,nan,77,Left,Left,953,63,48,27,nan,nan,0.24
9/19/2025 5:44:32,1.16.3,PRexp,14,4.00,nan,77,Left,Left,954,63,48,27,nan,nan,0.12
9/19/2025 5:44:34,1.16.3,PRexp,14,4.00,nan,77,Left,Left,955,63,48,27,nan,nan,0.10
9/19/2025 5:44:36,1.16.3,PRexp,14,4.00,nan,77,Left,Left,956,63,48,27,nan,nan,1.03
9/19/2025 5:44:38,1.16.3,PRexp,14,4.00,nan,77,Left,Left,957,63,48,27,nan,nan,0.93
9/19/2025 5:44:43,1.16.3,PRexp,14,4.00,nan,77,Left,Left,958,63,48,27,nan,nan,0.12
9/19/2025 5:46:31,1.16.3,PRexp,14,4.00,nan,77,Right,Left,958,64,48,27,nan,nan,0.33
9/19/2025 5:47:53,1.16.3,PRexp,14,4.00,nan,77,Left,Left,959,64,48,27,nan,nan,0.01
9/19/2025 5:49:20,1.16.3,PRexp,14,4.00,nan,77,Right,Left,959,65,48,27,nan,nan,0.19
9/19/2025 5:50:20,1.16.3,PRexp,14,4.00,nan,77,Left,Left,960,65,48,27,nan,nan,0.03
9/19/2025 5:52:01,1.16.3,PRexp,14,4.00,nan,77,Left,Left,961,65,48,27,nan,nan,0.03
9/19/2025 5:52:03,1.16.3,PRexp,14,4.00,nan,77,Left,Left,962,65,48,27,nan,nan,0.10
9/19/2025 5:52:04,1.16.3,PRexp,14,4.00,nan,77,Left,Left,963,65,48,27,nan,nan,0.10
9/19/2025 5:52:06,1.16.3,PRexp,14,4.00,nan,77,Left,Left,964,65,48,27,nan,nan,0.21
9/19/2025 5:52:10,1.16.3,PRexp,14,4.00,nan,77,Left,Left,965,65,48,27,nan,nan,0.84
9/19/2025 5:52:14,1.16.3,PRexp,14,4.00,nan,77,Right,Left,965,66,48,27,nan,nan,0.07
9/19/2025 5:56:44,1.16.3,PRexp,14,4.00,nan,77,Left,Left,966,66,48,27,nan,nan,0.11
9/19/2025 5:56:47,1.16.3,PRexp,14,4.00,nan,77,Left,Left,967,66,48,27,nan,nan,0.08
9/19/2025 5:56:49,1.16.3,PRexp,14,4.00,nan,77,Left,Left,968,66,48,27,nan,nan,0.63
9/19/2025 5:56:49,1.16.3,PRexp,14,4.00,nan,77,Left,Left,969,66,48,27,nan,nan,0.00
9/19/2025 5:56:53,1.16.3,PRexp,14,4.00,nan,77,Left,Left,970,66,48,27,nan,nan,1.96
9/19/2025 5:59:29,1.16.3,PRexp,14,4.00,nan,77,Left,Left,971,66,48,27,nan,nan,0.24
9/19/2025 6:01:23,1.16.3,PRexp,14,4.00,nan,77,Left,Left,972,66,48,27,nan,nan,0.14
9/19/2025 6:01:26,1.16.3,PRexp,14,4.00,nan,77,Left,Left,973,66,48,27,nan,nan,0.25
9/19/2025 8:16:46,1.16.3,PRexp,14,4.00,nan,1,Left,Left,974,66,48,0,nan,nan,1.44
9/19/2025 8:16:48,1.16.3,PRexp,14,3.99,1,1,Pellet,Left,974,66,49,1,1.16,9647,nan
9/19/2025 8:18:47,1.16.3,PRexp,14,4.00,nan,1,Left,Left,975,66,49,1,nan,nan,0.08
9/19/2025 8:18:49,1.16.3,PRexp,14,4.00,1,1,Pellet,Left,975,66,50,2,0.97,121,nan
9/19/2025 8:19:29,1.16.3,PRexp,14,4.00,nan,2,Left,Left,976,66,50,2,nan,nan,0.06
9/19/2025 8:19:39,1.16.3,PRexp,14,4.00,nan,2,Left,Left,977,66,50,2,nan,nan,0.21
9/19/2025 8:19:40,1.16.3,PRexp,14,4.00,nan,2,LeftDuringDispense,Left,978,66,50,3,nan,nan,0.08
9/19/2025 8:19:43,1.16.3,PRexp,14,4.00,2,2,Pellet,Left,978,66,51,3,0.30,54,nan
9/19/2025 8:20:20,1.16.3,PRexp,14,3.99,nan,2,Left,Left,979,66,51,3,nan,nan,0.41
9/19/2025 8:20:22,1.16.3,PRexp,14,4.00,nan,2,Left,Left,980,66,51,3,nan,nan,0.02
9/19/2025 8:20:23,1.16.3,PRexp,14,4.00,2,2,Pellet,Left,980,66,52,4,0.73,40,nan
9/19/2025 8:21:15,1.16.3,PRexp,14,4.00,nan,3,Left,Left,981,66,52,4,nan,nan,0.11
9/19/2025 8:21:19,1.16.3,PRexp,14,4.00,nan,3,Left,Left,982,66,52,4,nan,nan,0.10
9/19/2025 8:21:32,1.16.3,PRexp,14,3.99,nan,3,Left,Left,983,66,52,4,nan,nan,1.14
9/19/2025 8:21:32,1.16.3,PRexp,14,4.00,nan,3,LeftDuringDispense,Left,984,66,52,5,nan,nan,0.02
9/19/2025 8:21:38,1.16.3,PRexp,14,3.99,4,3,Pellet,Left,984,66,53,5,0.24,75,nan
9/19/2025 8:22:22,1.16.3,PRexp,14,4.00,nan,4,Left,Left,985,66,53,5,nan,nan,0.35
9/19/2025 8:22:40,1.16.3,PRexp,14,4.00,nan,4,Left,Left,986,66,53,5,nan,nan,2.28
9/19/2025 8:22:44,1.16.3,PRexp,14,4.00,nan,4,Left,Left,987,66,53,5,nan,nan,1.70
9/19/2025 8:22:45,1.16.3,PRexp,14,4.00,nan,4,Left,Left,988,66,53,5,nan,nan,0.00
9/19/2025 8:22:46,1.16.3,PRexp,14,4.00,nan,4,LeftDuringDispense,Left,989,66,53,6,nan,nan,0.05
9/19/2025 8:22:49,1.16.3,PRexp,14,4.00,3,4,Pellet,Left,989,66,54,6,0.06,71,nan
9/19/2025 8:23:19,1.16.3,PRexp,14,4.00,nan,5,Left,Left,990,66,54,6,nan,nan,0.21
9/19/2025 8:23:21,1.16.3,PRexp,14,4.00,nan,5,Left,Left,991,66,54,6,nan,nan,0.16
9/19/2025 8:23:26,1.16.3,PRexp,14,4.00,nan,5,Left,Left,992,66,54,6,nan,nan,0.26
9/19/2025 8:23:27,1.16.3,PRexp,14,4.00,nan,5,Left,Left,993,66,54,6,nan,nan,0.32
9/19/2025 8:23:33,1.16.3,PRexp,14,4.00,nan,5,Left,Left,994,66,54,6,nan,nan,0.45
9/19/2025 8:23:34,1.16.3,PRexp,14,4.00,nan,5,LeftDuringDispense,Left,995,66,54,7,nan,nan,0.33
9/19/2025 8:23:35,1.16.3,PRexp,14,4.00,nan,5,LeftWithPellet,Left,996,66,54,7,nan,nan,0.20
9/19/2025 8:23:37,1.16.3,PRexp,14,3.99,1,5,Pellet,Left,996,66,55,7,2.16,48,nan
9/19/2025 8:24:33,1.16.3,PRexp,14,4.00,nan,6,Left,Left,997,66,55,7,nan,nan,0.04
9/19/2025 8:24:34,1.16.3,PRexp,14,4.00,nan,6,Left,Left,998,66,55,7,nan,nan,0.05
9/19/2025 8:24:35,1.16.3,PRexp,14,4.00,nan,6,Left,Left,999,66,55,7,nan,nan,0.00
9/19/2025 8:24:37,1.16.3,PRexp,14,4.00,nan,6,Left,Left,1000,66,55,7,nan,nan,0.18
9/19/2025 8:24:41,1.16.3,PRexp,14,4.00,nan,6,Left,Left,1001,66,55,7,nan,nan,0.15
9/19/2025 8:24:43,1.16.3,PRexp,14,3.99,nan,6,Left,Left,1002,66,55,7,nan,nan,0.42
9/19/2025 8:24:45,1.16.3,PRexp,14,4.00,2,6,Pellet,Left,1002,66,56,8,1.03,68,nan
9/19/2025 8:25:01,1.16.3,PRexp,14,4.00,nan,7,Left,Left,1003,66,56,8,nan,nan,0.08
9/19/2025 8:25:04,1.16.3,PRexp,14,3.99,nan,7,Left,Left,1004,66,56,8,nan,nan,0.31
9/19/2025 8:25:06,1.16.3,PRexp,14,4.00,nan,7,Left,Left,1005,66,56,8,nan,nan,0.97
9/19/2025 8:25:07,1.16.3,PRexp,14,4.00,nan,7,Left,Left,1006,66,56,8,nan,nan,0.42
9/19/2025 8:25:10,1.16.3,PRexp,14,4.00,nan,7,Left,Left,1007,66,56,8,nan,nan,0.26
9/19/2025 8:25:11,1.16.3,PRexp,14,4.00,nan,7,Left,Left,1008,66,56,8,nan,nan,0.00
9/19/2025 8:34:05,1.16.3,PRexp,14,4.00,nan,7,Left,Left,1009,66,56,8,nan,nan,0.24
9/19/2025 8:34:08,1.16.3,PRexp,14,4.00,2,7,Pellet,Left,1009,66,57,9,1.22,562,nan
9/19/2025 8:55:32,1.16.3,PRexp,14,4.00,nan,9,Left,Left,1010,66,57,9,nan,nan,0.07
9/19/2025 8:55:40,1.16.3,PRexp,14,4.00,nan,9,Left,Left,1011,66,57,9,nan,nan,1.15
9/19/2025 8:55:43,1.16.3,PRexp,14,4.00,nan,9,Left,Left,1012,66,57,9,nan,nan,1.02
9/19/2025 8:55:46,1.16.3,PRexp,14,4.00,nan,9,Left,Left,1013,66,57,9,nan,nan,1.29
9/19/2025 8:55:49,1.16.3,PRexp,14,3.99,nan,9,Left,Left,1014,66,57,9,nan,nan,0.62
9/19/2025 8:55:50,1.16.3,PRexp,14,4.00,nan,9,Left,Left,1015,66,57,9,nan,nan,0.19
9/19/2025 8:55:55,1.16.3,PRexp,14,4.00,nan,9,Left,Left,1016,66,57,9,nan,nan,0.92
9/19/2025 9:38:45,1.16.3,PRexp,14,4.00,nan,1,Left,Left,1017,66,57,0,nan,nan,1.18
9/19/2025 9:38:47,1.16.3,PRexp,14,4.00,2,1,Pellet,Left,1017,66,58,1,0.48,3880,nan
9/19/2025 9:41:50,1.16.3,PRexp,14,4.00,nan,1,Left,Left,1018,66,58,1,nan,nan,0.74
9/19/2025 9:41:55,1.16.3,PRexp,14,3.99,3,1,Pellet,Left,1018,66,59,2,0.91,188,nan
9/19/2025 9:42:56,1.16.3,PRexp,14,3.99,nan,2,Left,Left,1019,66,59,2,nan,nan,0.46
9/19/2025 9:42:58,1.16.3,PRexp,14,3.99,nan,2,Left,Left,1020,66,59,2,nan,nan,0.38
9/19/2025 9:42:59,1.16.3,PRexp,14,4.00,nan,2,LeftDuringDispense,Left,1021,66,59,3,nan,nan,0.09
9/19/2025 9:43:02,1.16.3,PRexp,14,4.00,2,2,Pellet,Left,1021,66,60,3,0.42,67,nan
9/19/2025 9:43:37,1.16.3,PRexp,14,3.99,nan,2,Left,Left,1022,66,60,3,nan,nan,0.15
9/19/2025 9:43:43,1.16.3,PRexp,14,3.99,nan,2,Left,Left,1023,66,60,3,nan,nan,0.52
9/19/2025 9:43:43,1.16.3,PRexp,14,3.99,nan,2,LeftDuringDispense,Left,1024,66,60,4,nan,nan,0.11
9/19/2025 9:43:46,1.16.3,PRexp,14,3.99,2,2,Pellet,Left,1024,66,61,4,0.42,44,nan
9/19/2025 9:54:35,1.16.3,PRexp,14,4.00,nan,3,Left,Left,1025,66,61,4,nan,nan,0.57
9/19/2025 9:54:38,1.16.3,PRexp,14,4.00,nan,3,Left,Left,1026,66,61,4,nan,nan,0.42
9/19/2025 9:54:41,1.16.3,PRexp,14,4.00,nan,3,Left,Left,1027,66,61,4,nan,nan,0.74
9/19/2025 9:54:43,1.16.3,PRexp,14,4.00,1,3,Pellet,Left,1027,66,62,5,0.85,657,nan
9/19/2025 9:55:31,1.16.3,PRexp,14,4.00,nan,4,Left,Left,1028,66,62,5,nan,nan,0.04
9/19/2025 10:20:26,1.16.3,PRexp,14,4.00,nan,4,Left,Left,1029,66,62,5,nan,nan,1.25
9/19/2025 10:20:32,1.16.3,PRexp,14,4.00,nan,4,Left,Left,1030,66,62,5,nan,nan,2.50
9/19/2025 10:20:33,1.16.3,PRexp,14,4.00,nan,4,Left,Left,1031,66,62,5,nan,nan,0.09
9/19/2025 10:20:34,1.16.3,PRexp,14,4.00,nan,4,LeftDuringDispense,Left,1032,66,62,6,nan,nan,0.05
9/19/2025 10:20:44,1.16.3,PRexp,14,3.99,6,4,Pellet,Left,1032,66,63,6,1.03,1561,nan
9/19/2025 10:21:45,1.16.3,PRexp,14,3.99,nan,5,Left,Left,1033,66,63,6,nan,nan,1.26
9/19/2025 10:21:49,1.16.3,PRexp,14,3.99,nan,5,Left,Left,1034,66,63,6,nan,nan,0.73
9/19/2025 10:21:55,1.16.3,PRexp,14,4.00,nan,5,Left,Left,1035,66,63,6,nan,nan,0.84
9/19/2025 10:22:03,1.16.3,PRexp,14,4.00,nan,5,Left,Left,1036,66,63,6,nan,nan,0.08
9/19/2025 10:22:08,1.16.3,PRexp,14,4.00,nan,5,Left,Left,1037,66,63,6,nan,nan,0.53
9/19/2025 10:22:08,1.16.3,PRexp,14,4.00,nan,5,LeftDuringDispense,Left,1038,66,63,7,nan,nan,0.11
9/19/2025 10:23:12,1.16.3,PRexp,14,3.99,11,5,Pellet,Left,1038,66,64,7,32.12,148,nan
9/19/2025 10:24:51,1.16.3,PRexp,14,3.99,nan,6,Left,Left,1039,66,64,7,nan,nan,0.00
9/19/2025 10:24:53,1.16.3,PRexp,14,3.99,nan,6,Left,Left,1040,66,64,7,nan,nan,0.46
9/19/2025 10:24:57,1.16.3,PRexp,14,3.99,nan,6,Left,Left,1041,66,64,7,nan,nan,1.51
9/19/2025 10:24:59,1.16.3,PRexp,14,3.99,nan,6,Left,Left,1042,66,64,7,nan,nan,0.92
9/19/2025 10:25:01,1.16.3,PRexp,14,3.99,nan,6,Left,Left,1043,66,64,7,nan,nan,0.72
9/19/2025 10:25:04,1.16.3,PRexp,14,3.99,nan,6,Left,Left,1044,66,64,7,nan,nan,0.43
9/19/2025 10:25:10,1.16.3,PRexp,14,4.00,4,6,Pellet,Left,1044,66,65,8,0.30,118,nan
9/19/2025 10:27:43,1.16.3,PRexp,14,3.99,nan,7,Left,Left,1045,66,65,8,nan,nan,1.82
9/19/2025 10:27:46,1.16.3,PRexp,14,3.99,nan,7,Left,Left,1046,66,65,8,nan,nan,0.56
9/19/2025 10:27:52,1.16.3,PRexp,14,3.99,nan,7,Left,Left,1047,66,65,8,nan,nan,1.17
9/19/2025 10:27:58,1.16.3,PRexp,14,3.99,nan,7,Left,Left,1048,66,65,8,nan,nan,1.49
9/19/2025 11:13:02,1.16.3,PRexp,14,4.00,nan,1,Left,Left,1049,66,65,0,nan,nan,0.67
9/19/2025 11:13:04,1.16.3,PRexp,14,4.00,1,1,Pellet,Left,1049,66,66,1,0.91,2874,nan
9/19/2025 11:13:40,1.16.3,PRexp,14,4.00,nan,1,Left,Left,1050,66,66,1,nan,nan,0.84
9/19/2025 11:13:42,1.16.3,PRexp,14,3.99,1,1,Pellet,Left,1050,66,67,2,0.85,38,nan
9/19/2025 11:14:54,1.16.3,PRexp,14,3.99,nan,2,Left,Left,1051,66,67,2,nan,nan,0.04
9/19/2025 11:15:00,1.16.3,PRexp,14,3.99,nan,2,Left,Left,1052,66,67,2,nan,nan,1.32
9/19/2025 11:15:01,1.16.3,PRexp,14,4.00,1,2,Pellet,Left,1052,66,68,3,0.42,79,nan
9/19/2025 11:15:39,1.16.3,PRexp,14,3.99,nan,2,Left,Left,1053,66,68,3,nan,nan,0.75
9/19/2025 11:15:42,1.16.3,PRexp,14,3.99,nan,2,Left,Left,1054,66,68,3,nan,nan,0.19
9/19/2025 11:15:42,1.16.3,PRexp,14,3.99,nan,2,LeftDuringDispense,Left,1055,66,68,4,nan,nan,0.02
9/19/2025 11:15:46,1.16.3,PRexp,14,3.99,2,2,Pellet,Left,1055,66,69,4,0.30,44,nan
9/19/2025 11:16:25,1.16.3,PRexp,14,3.99,nan,3,Left,Left,1056,66,69,4,nan,nan,0.10
9/19/2025 11:16:28,1.16.3,PRexp,14,4.00,nan,3,Left,Left,1057,66,69,4,nan,nan,1.20
9/19/2025 11:16:30,1.16.3,PRexp,14,4.00,nan,3,Left,Left,1058,66,69,4,nan,nan,0.00
9/19/2025 11:16:31,1.16.3,PRexp,14,3.99,1,3,Pellet,Left,1058,66,70,5,0.36,46,nan
9/19/2025 11:37:01,1.16.3,PRexp,14,3.99,nan,4,Left,Left,1059,66,70,5,nan,nan,0.05
9/19/2025 11:37:08,1.16.3,PRexp,14,3.99,nan,4,Left,Left,1060,66,70,5,nan,nan,0.35
9/19/2025 11:37:14,1.16.3,PRexp,14,3.99,nan,4,Left,Left,1061,66,70,5,nan,nan,1.18
9/19/2025 11:37:20,1.16.3,PRexp,14,4.00,nan,4,Left,Left,1062,66,70,5,nan,nan,1.33
9/19/2025 11:37:24,1.16.3,PRexp,14,3.99,2,4,Pellet,Left,1062,66,71,6,0.48,1253,nan
9/19/2025 11:46:26,1.16.3,PRexp,14,3.99,nan,5,Left,Left,1063,66,71,6,nan,nan,1.18
9/19/2025 11:46:36,1.16.3,PRexp,14,3.99,nan,5,Left,Left,1064,66,71,6,nan,nan,1.07
9/19/2025 11:46:44,1.16.3,PRexp,14,3.99,nan,5,Left,Left,1065,66,71,6,nan,nan,1.79
9/19/2025 11:46:50,1.16.3,PRexp,14,3.99,nan,5,Left,Left,1066,66,71,6,nan,nan,2.43
9/19/2025 11:46:54,1.16.3,PRexp,14,3.99,nan,5,Left,Left,1067,66,71,6,nan,nan,0.05
9/19/2025 11:46:55,1.16.3,PRexp,14,3.99,1,5,Pellet,Left,1067,66,72,7,0.97,571,nan
9/19/2025 11:48:02,1.16.3,PRexp,14,3.99,nan,6,Left,Left,1068,66,72,7,nan,nan,0.45
9/19/2025 11:48:10,1.16.3,PRexp,14,3.99,nan,6,Left,Left,1069,66,72,7,nan,nan,0.03
9/19/2025 11:48:20,1.16.3,PRexp,14,3.99,nan,6,Left,Left,1070,66,72,7,nan,nan,0.80
9/19/2025 11:48:24,1.16.3,PRexp,14,4.00,nan,6,Left,Left,1071,66,72,7,nan,nan,0.99
9/19/2025 11:48:27,1.16.3,PRexp,14,3.99,nan,6,Left,Left,1072,66,72,7,nan,nan,0.14
9/19/2025 11:48:29,1.16.3,PRexp,14,3.98,nan,6,Left,Left,1073,66,72,7,nan,nan,0.59
9/19/2025 11:48:31,1.16.3,PRexp,14,3.99,1,6,Pellet,Left,1073,66,73,8,0.42,96,nan
9/19/2025 11:48:57,1.16.3,PRexp,14,3.99,nan,7,Left,Left,1074,66,73,8,nan,nan,1.29
9/19/2025 11:49:02,1.16.3,PRexp,14,3.99,nan,7,Left,Left,1075,66,73,8,nan,nan,0.49
9/19/2025 11:49:07,1.16.3,PRexp,14,3.99,nan,7,Left,Left,1076,66,73,8,nan,nan,0.21
9/19/2025 11:49:09,1.16.3,PRexp,14,3.99,nan,7,Left,Left,1077,66,73,8,nan,nan,0.52
9/19/2025 11:49:10,1.16.3,PRexp,14,4.00,nan,7,Left,Left,1078,66,73,8,nan,nan,0.23
9/19/2025 11:49:11,1.16.3,PRexp,14,3.99,nan,7,Left,Left,1079,66,73,8,nan,nan,0.34
9/19/2025 11:49:13,1.16.3,PRexp,14,3.99,nan,7,Left,Left,1080,66,73,8,nan,nan,0.46
9/19/2025 11:49:14,1.16.3,PRexp,14,3.99,1,7,Pellet,Left,1080,66,74,9,0.24,43,nan
9/19/2025 11:57:47,1.16.3,PRexp,14,3.99,nan,9,Left,Left,1081,66,74,9,nan,nan,0.15
9/19/2025 11:59:09,1.16.3,PRexp,14,3.99,nan,9,Right,Left,1081,67,74,9,nan,nan,0.27
9/19/2025 12:22:17,1.16.3,PRexp,14,3.99,nan,9,Left,Left,1082,67,74,9,nan,nan,0.03
9/19/2025 12:22:17,1.16.3,PRexp,14,3.99,nan,9,Left,Left,1083,67,74,9,nan,nan,0.00
9/19/2025 12:22:28,1.16.3,PRexp,14,3.99,nan,9,Left,Left,1084,67,74,9,nan,nan,1.33
9/19/2025 12:22:31,1.16.3,PRexp,14,3.99,nan,9,Left,Left,1085,67,74,9,nan,nan,0.53
9/19/2025 12:22:38,1.16.3,PRexp,14,3.99,nan,9,Left,Left,1086,67,74,9,nan,nan,0.87
9/19/2025 12:57:06,1.16.3,PRexp,14,3.99,nan,1,Left,Left,1087,67,74,0,nan,nan,1.23
9/19/2025 12:57:08,1.16.3,PRexp,14,3.98,1,1,Pellet,Left,1087,67,75,1,1.16,4073,nan
9/19/2025 12:58:41,1.16.3,PRexp,14,3.99,nan,1,Left,Left,1088,67,75,1,nan,nan,0.59
9/19/2025 12:58:42,1.16.3,PRexp,14,3.99,1,1,Pellet,Left,1088,67,76,2,0.42,95,nan
9/19/2025 12:59:16,1.16.3,PRexp,14,3.99,nan,2,Left,Left,1089,67,76,2,nan,nan,0.06
9/19/2025 12:59:21,1.16.3,PRexp,14,3.99,nan,2,Left,Left,1090,67,76,2,nan,nan,0.04
9/19/2025 12:59:21,1.16.3,PRexp,14,3.99,nan,2,LeftDuringDispense,Left,1091,67,76,3,nan,nan,0.07
9/19/2025 12:59:25,1.16.3,PRexp,14,3.99,2,2,Pellet,Left,1091,67,77,3,0.18,43,nan
9/19/2025 13:00:45,1.16.3,PRexp,14,3.99,nan,2,Left,Left,1092,67,77,3,nan,nan,0.81
9/19/2025 13:00:46,1.16.3,PRexp,14,3.99,nan,2,Left,Left,1093,67,77,3,nan,nan,0.39
9/19/2025 13:00:48,1.16.3,PRexp,14,3.99,1,2,Pellet,Left,1093,67,78,4,0.42,83,nan
9/19/2025 13:01:09,1.16.3,PRexp,14,3.99,nan,3,Left,Left,1094,67,78,4,nan,nan,0.23
9/19/2025 13:01:11,1.16.3,PRexp,14,3.99,nan,3,Left,Left,1095,67,78,4,nan,nan,0.16
9/19/2025 13:01:13,1.16.3,PRexp,14,3.99,nan,3,Left,Left,1096,67,78,4,nan,nan,0.00
9/19/2025 13:01:13,1.16.3,PRexp,14,3.99,nan,3,LeftDuringDispense,Left,1097,67,78,5,nan,nan,0.09
9/19/2025 13:01:19,1.16.3,PRexp,14,3.99,4,3,Pellet,Left,1097,67,79,5,0.30,31,nan
9/19/2025 13:01:35,1.16.3,PRexp,14,3.99,nan,4,Left,Left,1098,67,79,5,nan,nan,0.06
9/19/2025 13:01:44,1.16.3,PRexp,14,3.98,nan,4,Left,Left,1099,67,79,5,nan,nan,0.02
9/19/2025 13:01:45,1.16.3,PRexp,14,3.99,nan,4,Left,Left,1100,67,79,5,nan,nan,0.23
9/19/2025 13:01:47,1.16.3,PRexp,14,3.99,nan,4,Left,Left,1101,67,79,5,nan,nan,0.56
9/19/2025 13:01:48,1.16.3,PRexp,14,3.99,2,4,Pellet,Left,1101,67,80,6,0.30,29,nan
9/19/2025 13:02:13,1.16.3,PRexp,14,3.99,nan,5,Left,Left,1102,67,80,6,nan,nan,0.05
9/19/2025 13:02:14,1.16.3,PRexp,14,3.99,nan,5,Left,Left,1103,67,80,6,nan,nan,0.27
9/19/2025 13:02:16,1.16.3,PRexp,14,3.99,nan,5,Left,Left,1104,67,80,6,nan,nan,0.33
9/19/2025 13:02:17,1.16.3,PRexp,14,3.99,nan,5,Left,Left,1105,67,80,6,nan,nan,0.25
9/19/2025 13:02:20,1.16.3,PRexp,14,3.99,nan,5,Left,Left,1106,67,80,6,nan,nan,1.64
9/19/2025 13:02:22,1.16.3,PRexp,14,3.99,2,5,Pellet,Left,1106,67,81,7,0.48,34,nan
9/19/2025 13:03:16,1.16.3,PRexp,14,3.99,nan,6,Left,Left,1107,67,81,7,nan,nan,0.07
9/19/2025 13:03:22,1.16.3,PRexp,14,3.99,nan,6,Left,Left,1108,67,81,7,nan,nan,1.19
9/19/2025 13:03:37,1.16.3,PRexp,14,3.99,nan,6,Left,Left,1109,67,81,7,nan,nan,0.52
9/19/2025 13:03:51,1.16.3,PRexp,14,3.98,nan,6,Left,Left,1110,67,81,7,nan,nan,0.25
9/19/2025 13:04:03,1.16.3,PRexp,14,3.99,nan,6,Left,Left,1111,67,81,7,nan,nan,0.07
9/19/2025 13:04:04,1.16.3,PRexp,14,3.99,nan,6,Left,Left,1112,67,81,7,nan,nan,0.29
9/19/2025 13:04:04,1.16.3,PRexp,14,3.98,nan,6,LeftDuringDispense,Left,1113,67,81,8,nan,nan,0.04
9/19/2025 13:04:08,1.16.3,PRexp,14,3.99,3,6,Pellet,Left,1113,67,82,8,0.18,106,nan
9/19/2025 13:04:46,1.16.3,PRexp,14,3.99,nan,7,Left,Left,1114,67,82,8,nan,nan,0.13
9/19/2025 13:04:48,1.16.3,PRexp,14,3.99,nan,7,Left,Left,1115,67,82,8,nan,nan,0.00
9/19/2025 13:04:50,1.16.3,PRexp,14,3.99,nan,7,Left,Left,1116,67,82,8,nan,nan,0.11
9/19/2025 13:04:53,1.16.3,PRexp,14,3.99,nan,7,Left,Left,1117,67,82,8,nan,nan,1.27
9/19/2025 13:04:55,1.16.3,PRexp,14,3.98,nan,7,Left,Left,1118,67,82,8,nan,nan,0.20
9/19/2025 13:04:56,1.16.3,PRexp,14,3.99,nan,7,Left,Left,1119,67,82,8,nan,nan,0.00
9/19/2025 13:04:58,1.16.3,PRexp,14,3.99,nan,7,Left,Left,1120,67,82,8,nan,nan,0.75
9/19/2025 13:05:12,1.16.3,PRexp,14,3.98,4,7,Pellet,Left,1120,67,83,9,8.09,64,nan
9/19/2025 13:05:59,1.16.3,PRexp,14,3.99,nan,9,Left,Left,1121,67,83,9,nan,nan,0.18
9/19/2025 13:06:05,1.16.3,PRexp,14,3.99,nan,9,Left,Left,1122,67,83,9,nan,nan,1.86
9/19/2025 13:06:08,1.16.3,PRexp,14,3.99,nan,9,Left,Left,1123,67,83,9,nan,nan,1.37
9/19/2025 13:06:11,1.16.3,PRexp,14,3.99,nan,9,Left,Left,1124,67,83,9,nan,nan,0.00
9/19/2025 13:06:14,1.16.3,PRexp,14,3.98,nan,9,Left,Left,1125,67,83,9,nan,nan,0.00
9/19/2025 13:06:17,1.16.3,PRexp,14,3.99,nan,9,Left,Left,1126,67,83,9,nan,nan,1.67
9/19/2025 13:06:19,1.16.3,PRexp,14,3.99,nan,9,Left,Left,1127,67,83,9,nan,nan,0.16
9/19/2025 13:06:20,1.16.3,PRexp,14,3.99,nan,9,Left,Left,1128,67,83,9,nan,nan,0.00
9/19/2025 13:06:25,1.16.3,PRexp,14,3.99,nan,9,Left,Left,1129,67,83,9,nan,nan,2.82
9/19/2025 13:06:25,1.16.3,PRexp,14,3.98,nan,9,LeftDuringDispense,Left,1130,67,83,10,nan,nan,0.09
9/19/2025 13:06:29,1.16.3,PRexp,14,3.99,3,9,Pellet,Left,1130,67,84,10,0.18,77,nan
9/19/2025 14:03:52,1.16.3,PRexp,14,3.98,nan,1,Left,Left,1131,67,84,0,nan,nan,0.33
9/19/2025 14:03:54,1.16.3,PRexp,14,3.99,2,1,Pellet,Left,1131,67,85,1,0.73,3445,nan
9/19/2025 14:05:10,1.16.3,PRexp,14,3.99,nan,1,Left,Left,1132,67,85,1,nan,nan,1.90
9/19/2025 14:05:11,1.16.3,PRexp,14,3.98,2,1,Pellet,Left,1132,67,86,2,0.67,77,nan
9/19/2025 14:06:25,1.16.3,PRexp,14,3.99,nan,2,Left,Left,1133,67,86,2,nan,nan,0.18
9/19/2025 14:06:28,1.16.3,PRexp,14,3.99,nan,2,Left,Left,1134,67,86,2,nan,nan,0.38
9/19/2025 14:06:29,1.16.3,PRexp,14,3.99,nan,2,LeftDuringDispense,Left,1135,67,86,3,nan,nan,0.08
9/19/2025 14:06:32,1.16.3,PRexp,14,3.99,2,2,Pellet,Left,1135,67,87,3,0.48,81,nan
9/19/2025 14:07:38,1.16.3,PRexp,14,3.99,nan,2,Left,Left,1136,67,87,3,nan,nan,0.09
9/19/2025 14:07:40,1.16.3,PRexp,14,3.99,nan,2,Left,Left,1137,67,87,3,nan,nan,0.00
9/19/2025 14:07:42,1.16.3,PRexp,14,3.99,1,2,Pellet,Left,1137,67,88,4,0.55,70,nan
9/19/2025 14:08:04,1.16.3,PRexp,14,3.98,nan,3,Left,Left,1138,67,88,4,nan,nan,0.08
9/19/2025 14:08:07,1.16.3,PRexp,14,3.99,nan,3,Left,Left,1139,67,88,4,nan,nan,0.48
9/19/2025 14:08:11,1.16.3,PRexp,14,3.99,nan,3,Left,Left,1140,67,88,4,nan,nan,0.23
9/19/2025 14:08:12,1.16.3,PRexp,14,3.99,1,3,Pellet,Left,1140,67,89,5,0.24,30,nan
9/19/2025 14:08:26,1.16.3,PRexp,14,3.99,nan,4,Left,Left,1141,67,89,5,nan,nan,0.04
9/19/2025 14:08:30,1.16.3,PRexp,14,3.98,nan,4,Left,Left,1142,67,89,5,nan,nan,0.03
9/19/2025 14:08:31,1.16.3,PRexp,14,3.98,nan,4,Left,Left,1143,67,89,5,nan,nan,0.00
9/19/2025 14:08:33,1.16.3,PRexp,14,3.99,nan,4,Left,Left,1144,67,89,5,nan,nan,0.11
9/19/2025 14:08:34,1.16.3,PRexp,14,3.98,nan,4,LeftDuringDispense,Left,1145,67,89,6,nan,nan,0.07
9/19/2025 14:08:37,1.16.3,PRexp,14,3.98,3,4,Pellet,Left,1145,67,90,6,0.24,25,nan
9/19/2025 14:09:09,1.16.3,PRexp,14,3.99,nan,5,Left,Left,1146,67,90,6,nan,nan,0.36
9/19/2025 14:09:14,1.16.3,PRexp,14,3.98,nan,5,Left,Left,1147,67,90,6,nan,nan,0.02
9/19/2025 14:09:16,1.16.3,PRexp,14,3.99,nan,5,Left,Left,1148,67,90,6,nan,nan,1.19
9/19/2025 14:09:17,1.16.3,PRexp,14,3.99,nan,5,Left,Left,1149,67,90,6,nan,nan,0.00
9/19/2025 14:09:20,1.16.3,PRexp,14,3.98,nan,5,Left,Left,1150,67,90,6,nan,nan,0.13
9/19/2025 14:09:20,1.16.3,PRexp,14,3.98,nan,5,LeftDuringDispense,Left,1151,67,90,7,nan,nan,0.08
9/19/2025 14:09:24,1.16.3,PRexp,14,3.99,3,5,Pellet,Left,1151,67,91,7,0.79,47,nan
9/19/2025 14:09:53,1.16.3,PRexp,14,3.99,nan,6,Left,Left,1152,67,91,7,nan,nan,0.20
9/19/2025 14:09:54,1.16.3,PRexp,14,3.99,nan,6,Left,Left,1153,67,91,7,nan,nan,0.55
9/19/2025 14:09:58,1.16.3,PRexp,14,3.99,nan,6,Left,Left,1154,67,91,7,nan,nan,0.00
9/19/2025 14:10:03,1.16.3,PRexp,14,3.99,nan,6,Left,Left,1155,67,91,7,nan,nan,2.92
9/19/2025 14:10:05,1.16.3,PRexp,14,3.98,nan,6,Left,Left,1156,67,91,7,nan,nan,0.45
9/19/2025 14:10:08,1.16.3,PRexp,14,3.98,nan,6,Left,Left,1157,67,91,7,nan,nan,0.17
9/19/2025 14:10:09,1.16.3,PRexp,14,3.99,nan,6,LeftDuringDispense,Left,1158,67,91,8,nan,nan,0.02
9/19/2025 14:10:10,1.16.3,PRexp,14,3.98,1,6,Pellet,Left,1158,67,92,8,1.28,46,nan
9/19/2025 14:10:19,1.16.3,PRexp,14,3.98,nan,7,Left,Left,1159,67,92,8,nan,nan,0.18
9/19/2025 14:10:21,1.16.3,PRexp,14,3.98,nan,7,Left,Left,1160,67,92,8,nan,nan,0.29
9/19/2025 14:10:22,1.16.3,PRexp,14,3.98,nan,7,Left,Left,1161,67,92,8,nan,nan,0.00
9/19/2025 14:10:24,1.16.3,PRexp,14,3.99,nan,7,Left,Left,1162,67,92,8,nan,nan,0.03
9/19/2025 14:10:25,1.16.3,PRexp,14,3.98,nan,7,Left,Left,1163,67,92,8,nan,nan,0.05
9/19/2025 14:10:26,1.16.3,PRexp,14,3.99,nan,7,Left,Left,1164,67,92,8,nan,nan,0.17
9/19/2025 14:10:28,1.16.3,PRexp,14,3.98,nan,7,Left,Left,1165,67,92,8,nan,nan,0.80
9/19/2025 14:10:29,1.16.3,PRexp,14,3.98,nan,7,LeftDuringDispense,Left,1166,67,92,9,nan,nan,0.18
9/19/2025 14:10:30,1.16.3,PRexp,14,3.99,nan,7,LeftDuringDispense,Left,1167,67,92,9,nan,nan,0.26
9/19/2025 14:10:33,1.16.3,PRexp,14,3.99,3,7,Pellet,Left,1167,67,93,9,0.18,23,nan
9/19/2025 14:10:44,1.16.3,PRexp,14,3.99,nan,9,Left,Left,1168,67,93,9,nan,nan,0.18
9/19/2025 14:10:45,1.16.3,PRexp,14,3.98,nan,9,Left,Left,1169,67,93,9,nan,nan,0.26
9/19/2025 14:10:46,1.16.3,PRexp,14,3.98,nan,9,Left,Left,1170,67,93,9,nan,nan,0.06
9/19/2025 14:10:47,1.16.3,PRexp,14,3.98,nan,9,Left,Left,1171,67,93,9,nan,nan,0.18
9/19/2025 14:10:48,1.16.3,PRexp,14,3.98,nan,9,Left,Left,1172,67,93,9,nan,nan,0.11
9/19/2025 14:10:49,1.16.3,PRexp,14,3.99,nan,9,Left,Left,1173,67,93,9,nan,nan,0.00
9/19/2025 14:10:50,1.16.3,PRexp,14,3.98,nan,9,Left,Left,1174,67,93,9,nan,nan,0.00
9/19/2025 14:10:52,1.16.3,PRexp,14,3.99,nan,9,Left,Left,1175,67,93,9,nan,nan,0.47
9/19/2025 14:11:17,1.16.3,PRexp,14,3.98,nan,9,Left,Left,1176,67,93,9,nan,nan,0.04
9/19/2025 14:11:17,1.16.3,PRexp,14,3.99,nan,9,LeftDuringDispense,Left,1177,67,93,10,nan,nan,0.18
9/19/2025 14:11:21,1.16.3,PRexp,14,3.99,2,9,Pellet,Left,1177,67,94,10,0.61,48,nan
9/19/2025 15:03:04,1.16.3,PRexp,14,3.98,nan,1,Left,Left,1178,67,94,0,nan,nan,0.53
9/19/2025 15:03:06,1.16.3,PRexp,14,3.98,1,1,Pellet,Left,1178,67,95,1,0.67,3105,nan
9/19/2025 15:03:25,1.16.3,PRexp,14,3.98,nan,1,Left,Left,1179,67,95,1,nan,nan,0.06
9/19/2025 15:03:26,1.16.3,PRexp,14,3.98,nan,1,LeftDuringDispense,Left,1180,67,95,2,nan,nan,0.05
9/19/2025 15:03:34,1.16.3,PRexp,14,3.98,3,1,Pellet,Left,1180,67,96,2,3.67,28,nan
9/19/2025 15:03:55,1.16.3,PRexp,14,3.98,nan,2,Left,Left,1181,67,96,2,nan,nan,0.10
9/19/2025 15:03:57,1.16.3,PRexp,14,3.98,nan,2,Left,Left,1182,67,96,2,nan,nan,0.05
9/19/2025 15:04:01,1.16.3,PRexp,14,3.98,2,2,Pellet,Left,1182,67,97,3,0.91,27,nan
9/19/2025 15:04:18,1.16.3,PRexp,14,3.99,nan,2,Left,Left,1183,67,97,3,nan,nan,0.44
9/19/2025 15:04:19,1.16.3,PRexp,14,3.98,nan,2,Left,Left,1184,67,97,3,nan,nan,0.19
9/19/2025 15:04:20,1.16.3,PRexp,14,3.98,nan,2,LeftDuringDispense,Left,1185,67,97,4,nan,nan,0.06
9/19/2025 15:04:23,1.16.3,PRexp,14,3.98,nan,2,LeftDuringDispense,Left,1186,67,97,4,nan,nan,1.04
9/19/2025 15:04:24,1.16.3,PRexp,14,3.98,nan,2,LeftDuringDispense,Left,1187,67,97,4,nan,nan,0.02
9/19/2025 15:04:27,1.16.3,PRexp,14,3.98,nan,2,LeftDuringDispense,Left,1188,67,97,4,nan,nan,0.46
9/19/2025 15:04:31,1.16.3,PRexp,14,3.98,nan,2,LeftDuringDispense,Left,1189,67,97,4,nan,nan,1.48
9/19/2025 15:04:33,1.16.3,PRexp,14,3.98,nan,2,LeftDuringDispense,Left,1190,67,97,4,nan,nan,1.28
9/19/2025 15:04:37,1.16.3,PRexp,14,3.98,6,2,Pellet,Left,1190,67,98,4,1.58,36,nan
9/19/2025 15:04:59,1.16.3,PRexp,14,3.99,nan,3,Left,Left,1191,67,98,4,nan,nan,0.18
9/19/2025 15:05:02,1.16.3,PRexp,14,3.98,nan,3,Left,Left,1192,67,98,4,nan,nan,0.32
9/19/2025 15:05:07,1.16.3,PRexp,14,3.98,nan,3,Left,Left,1193,67,98,4,nan,nan,4.42
9/19/2025 15:05:09,1.16.3,PRexp,14,3.98,1,3,Pellet,Left,1193,67,99,5,0.30,31,nan
9/19/2025 15:05:41,1.16.3,PRexp,14,3.98,nan,4,Left,Left,1194,67,99,5,nan,nan,6.28
9/19/2025 15:05:51,1.16.3,PRexp,14,3.99,nan,4,Left,Left,1195,67,99,5,nan,nan,0.04
9/19/2025 15:05:58,1.16.3,PRexp,14,3.99,nan,4,Left,Left,1196,67,99,5,nan,nan,0.00
9/19/2025 15:06:02,1.16.3,PRexp,14,3.98,nan,4,Left,Left,1197,67,99,5,nan,nan,1.97
9/19/2025 15:06:02,1.16.3,PRexp,14,3.99,nan,4,LeftDuringDispense,Left,1198,67,99,6,nan,nan,0.02
9/19/2025 15:06:06,1.16.3,PRexp,14,3.98,2,4,Pellet,Left,1198,67,100,6,0.55,58,nan
9/19/2025 15:06:26,1.16.3,PRexp,14,3.98,nan,5,Left,Left,1199,67,100,6,nan,nan,0.03
9/19/2025 15:06:28,1.16.3,PRexp,14,3.98,nan,5,Left,Left,1200,67,100,6,nan,nan,0.10
9/19/2025 15:06:30,1.16.3,PRexp,14,3.98,nan,5,Left,Left,1201,67,100,6,nan,nan,1.29
9/19/2025 15:06:37,1.16.3,PRexp,14,3.98,nan,5,Left,Left,1202,67,100,6,nan,nan,5.00
9/19/2025 15:07:00,1.16.3,PRexp,14,3.99,nan,5,Left,Left,1203,67,100,6,nan,nan,0.53
9/19/2025 15:07:00,1.16.3,PRexp,14,3.98,nan,5,LeftDuringDispense,Left,1204,67,100,7,nan,nan,0.07
9/19/2025 15:07:03,1.16.3,PRexp,14,3.99,3,5,Pellet,Left,1204,67,101,7,0.24,57,nan
9/19/2025 15:07:25,1.16.3,PRexp,14,3.98,nan,6,Left,Left,1205,67,101,7,nan,nan,0.02
9/19/2025 15:07:26,1.16.3,PRexp,14,3.98,nan,6,Left,Left,1206,67,101,7,nan,nan,0.64
9/19/2025 15:07:29,1.16.3,PRexp,14,3.98,nan,6,Left,Left,1207,67,101,7,nan,nan,0.58
9/19/2025 15:07:30,1.16.3,PRexp,14,3.98,nan,6,Left,Left,1208,67,101,7,nan,nan,0.08
9/19/2025 15:07:36,1.16.3,PRexp,14,3.98,nan,6,Left,Left,1209,67,101,7,nan,nan,0.03
9/19/2025 15:07:38,1.16.3,PRexp,14,3.99,nan,6,Left,Left,1210,67,101,7,nan,nan,0.09
9/19/2025 15:07:42,1.16.3,PRexp,14,3.98,2,6,Pellet,Left,1210,67,102,8,0.30,38,nan
9/19/2025 15:16:16,1.16.3,PRexp,14,3.99,nan,7,Left,Left,1211,67,102,8,nan,nan,0.53
9/19/2025 15:16:17,1.16.3,PRexp,14,3.98,nan,7,Left,Left,1212,67,102,8,nan,nan,0.15
9/19/2025 15:16:23,1.16.3,PRexp,14,3.99,nan,7,Left,Left,1213,67,102,8,nan,nan,0.51
9/19/2025 15:16:26,1.16.3,PRexp,14,3.99,nan,7,Left,Left,1214,67,102,8,nan,nan,0.26
9/19/2025 15:17:42,1.16.3,PRexp,14,3.98,nan,7,Left,Left,1215,67,102,8,nan,nan,2.74
9/19/2025 15:17:46,1.16.3,PRexp,14,3.98,nan,7,Left,Left,1216,67,102,8,nan,nan,2.58
9/19/2025 15:38:12,1.16.3,PRexp,14,3.98,nan,7,Left,Left,1217,67,102,8,nan,nan,0.40
9/19/2025 15:38:14,1.16.3,PRexp,14,3.99,1,7,Pellet,Left,1217,67,103,9,0.67,1832,nan
9/19/2025 15:38:49,1.16.3,PRexp,14,3.98,nan,9,Left,Left,1218,67,103,9,nan,nan,0.89
9/19/2025 15:38:53,1.16.3,PRexp,14,3.98,nan,9,Left,Left,1219,67,103,9,nan,nan,0.31
9/19/2025 15:38:55,1.16.3,PRexp,14,3.98,nan,9,Left,Left,1220,67,103,9,nan,nan,0.00
9/19/2025 15:38:56,1.16.3,PRexp,14,3.98,nan,9,Left,Left,1221,67,103,9,nan,nan,0.57
9/19/2025 15:38:58,1.16.3,PRexp,14,3.98,nan,9,Left,Left,1222,67,103,9,nan,nan,1.34
9/19/2025 15:39:09,1.16.3,PRexp,14,3.98,nan,9,Left,Left,1223,67,103,9,nan,nan,5.58
9/19/2025 15:39:17,1.16.3,PRexp,14,3.98,nan,9,Left,Left,1224,67,103,9,nan,nan,1.64
9/19/2025 15:39:18,1.16.3,PRexp,14,3.99,nan,9,Left,Left,1225,67,103,9,nan,nan,0.00
9/19/2025 15:39:23,1.16.3,PRexp,14,3.98,nan,9,Left,Left,1226,67,103,9,nan,nan,1.35
9/19/2025 15:39:24,1.16.3,PRexp,14,3.98,nan,9,LeftDuringDispense,Left,1227,67,103,10,nan,nan,0.92
9/19/2025 15:39:27,1.16.3,PRexp,14,3.98,2,9,Pellet,Left,1227,67,104,10,0.30,74,nan
9/19/2025 15:39:55,1.16.3,PRexp,14,3.98,nan,10,Left,Left,1228,67,104,10,nan,nan,0.10
9/19/2025 15:39:56,1.16.3,PRexp,14,3.99,nan,10,Left,Left,1229,67,104,10,nan,nan,0.00
9/19/2025 15:40:00,1.16.3,PRexp,14,3.98,nan,10,Left,Left,1230,67,104,10,nan,nan,0.04
9/19/2025 15:40:03,1.16.3,PRexp,14,3.98,nan,10,Left,Left,1231,67,104,10,nan,nan,0.00
9/19/2025 15:40:13,1.16.3,PRexp,14,3.98,nan,10,Left,Left,1232,67,104,10,nan,nan,0.47
9/19/2025 15:40:17,1.16.3,PRexp,14,3.98,nan,10,Left,Left,1233,67,104,10,nan,nan,0.06
9/19/2025 15:40:18,1.16.3,PRexp,14,3.98,nan,10,Left,Left,1234,67,104,10,nan,nan,0.03
9/19/2025 15:40:19,1.16.3,PRexp,14,3.98,nan,10,Left,Left,1235,67,104,10,nan,nan,0.00
9/19/2025 15:40:21,1.16.3,PRexp,14,3.98,nan,10,Left,Left,1236,67,104,10,nan,nan,0.82
9/19/2025 15:40:23,1.16.3,PRexp,14,3.98,nan,10,Left,Left,1237,67,104,10,nan,nan,1.59
9/19/2025 15:40:25,1.16.3,PRexp,14,3.98,1,10,Pellet,Left,1237,67,105,11,0.48,58,nan
9/19/2025 15:41:05,1.16.3,PRexp,14,3.98,nan,12,Left,Left,1238,67,105,11,nan,nan,2.56
9/19/2025 15:41:06,1.16.3,PRexp,14,3.98,nan,12,Left,Left,1239,67,105,11,nan,nan,0.01
9/19/2025 15:41:09,1.16.3,PRexp,14,3.98,nan,12,Left,Left,1240,67,105,11,nan,nan,1.32
9/19/2025 15:41:10,1.16.3,PRexp,14,3.98,nan,12,Left,Left,1241,67,105,11,nan,nan,0.00
9/19/2025 15:41:12,1.16.3,PRexp,14,3.98,nan,12,Left,Left,1242,67,105,11,nan,nan,0.30
9/19/2025 16:19:08,1.16.3,PRexp,14,3.98,nan,1,Left,Left,1243,67,105,0,nan,nan,0.46
9/19/2025 16:19:10,1.16.3,PRexp,14,3.98,1,1,Pellet,Left,1243,67,106,1,1.03,2325,nan
9/19/2025 16:20:13,1.16.3,PRexp,14,3.98,nan,1,Left,Left,1244,67,106,1,nan,nan,0.04
9/19/2025 16:20:14,1.16.3,PRexp,14,3.98,nan,1,LeftDuringDispense,Left,1245,67,106,2,nan,nan,0.02
9/19/2025 16:20:17,1.16.3,PRexp,14,3.98,2,1,Pellet,Left,1245,67,107,2,0.36,67,nan
9/19/2025 16:20:50,1.16.3,PRexp,14,3.98,nan,2,Left,Left,1246,67,107,2,nan,nan,0.53
9/19/2025 16:20:57,1.16.3,PRexp,14,3.98,nan,2,Left,Left,1247,67,107,2,nan,nan,0.67
9/19/2025 16:20:58,1.16.3,PRexp,14,3.98,nan,2,LeftDuringDispense,Left,1248,67,107,3,nan,nan,0.12
9/19/2025 16:20:58,1.16.3,PRexp,14,3.98,1,2,Pellet,Left,1248,67,108,3,0.48,41,nan
9/19/2025 16:21:40,1.16.3,PRexp,14,3.98,nan,2,Left,Left,1249,67,108,3,nan,nan,0.37
9/19/2025 16:21:58,1.16.3,PRexp,14,3.98,nan,2,Left,Left,1250,67,108,3,nan,nan,0.32
9/19/2025 16:21:59,1.16.3,PRexp,14,3.98,nan,2,LeftDuringDispense,Left,1251,67,108,4,nan,nan,0.22
9/19/2025 16:22:02,1.16.3,PRexp,14,3.98,3,2,Pellet,Left,1251,67,109,4,0.06,64,nan
9/19/2025 16:22:21,1.16.3,PRexp,14,3.98,nan,3,Left,Left,1252,67,109,4,nan,nan,0.07
9/19/2025 16:22:25,1.16.3,PRexp,14,3.98,nan,3,Left,Left,1253,67,109,4,nan,nan,0.43
9/19/2025 16:22:26,1.16.3,PRexp,14,3.98,nan,3,Left,Left,1254,67,109,4,nan,nan,0.00
9/19/2025 16:22:30,1.16.3,PRexp,14,3.98,2,3,Pellet,Left,1254,67,110,5,0.42,28,nan
9/19/2025 16:23:35,1.16.3,PRexp,14,3.98,nan,4,Right,Left,1254,68,110,5,nan,nan,0.17
9/19/2025 16:23:36,1.16.3,PRexp,14,3.98,nan,4,Right,Left,1254,69,110,5,nan,nan,0.12
9/19/2025 16:23:37,1.16.3,PRexp,14,3.98,nan,4,Right,Left,1254,70,110,5,nan,nan,0.00
9/19/2025 16:23:57,1.16.3,PRexp,14,3.99,nan,4,Right,Left,1254,71,110,5,nan,nan,0.51
9/19/2025 16:23:58,1.16.3,PRexp,14,3.98,nan,4,Right,Left,1254,72,110,5,nan,nan,0.00
9/19/2025 16:24:01,1.16.3,PRexp,14,3.98,nan,4,Right,Left,1254,73,110,5,nan,nan,0.47
9/19/2025 16:24:02,1.16.3,PRexp,14,3.98,nan,4,Right,Left,1254,74,110,5,nan,nan,0.12
9/19/2025 16:24:12,1.16.3,PRexp,14,3.98,nan,4,Left,Left,1255,74,110,5,nan,nan,0.21
9/19/2025 16:24:14,1.16.3,PRexp,14,3.98,nan,4,Left,Left,1256,74,110,5,nan,nan,0.16
9/19/2025 16:24:15,1.16.3,PRexp,14,3.98,nan,4,Left,Left,1257,74,110,5,nan,nan,0.34
9/19/2025 16:28:24,1.16.3,PRexp,14,3.98,nan,4,Left,Left,1258,74,110,5,nan,nan,0.02
9/19/2025 16:28:25,1.16.3,PRexp,14,3.98,1,4,Pellet,Left,1258,74,111,6,0.48,355,nan
9/19/2025 16:29:39,1.16.3,PRexp,14,3.98,nan,5,Left,Left,1259,74,111,6,nan,nan,0.14
9/19/2025 16:31:43,1.16.3,PRexp,14,3.98,nan,5,Left,Left,1260,74,111,6,nan,nan,0.06
9/19/2025 16:31:45,1.16.3,PRexp,14,3.98,nan,5,Left,Left,1261,74,111,6,nan,nan,0.42
9/19/2025 16:31:51,1.16.3,PRexp,14,3.98,nan,5,Left,Left,1262,74,111,6,nan,nan,0.03
9/19/2025 16:31:52,1.16.3,PRexp,14,3.98,nan,5,Left,Left,1263,74,111,6,nan,nan,0.47
9/19/2025 16:31:53,1.16.3,PRexp,14,3.98,nan,5,LeftDuringDispense,Left,1264,74,111,7,nan,nan,0.00
9/19/2025 16:31:56,1.16.3,PRexp,14,3.98,3,5,Pellet,Left,1264,74,112,7,0.42,211,nan
9/19/2025 16:32:35,1.16.3,PRexp,14,3.99,nan,6,Left,Left,1265,74,112,7,nan,nan,0.03
9/19/2025 16:32:36,1.16.3,PRexp,14,3.98,nan,6,Left,Left,1266,74,112,7,nan,nan,0.02
9/19/2025 16:32:39,1.16.3,PRexp,14,3.98,nan,6,Left,Left,1267,74,112,7,nan,nan,0.44
9/19/2025 16:32:41,1.16.3,PRexp,14,3.98,nan,6,Left,Left,1268,74,112,7,nan,nan,0.14
9/19/2025 16:32:44,1.16.3,PRexp,14,3.98,nan,6,Left,Left,1269,74,112,7,nan,nan,0.67
9/19/2025 16:32:46,1.16.3,PRexp,14,3.98,nan,6,Left,Left,1270,74,112,7,nan,nan,0.60
9/19/2025 16:32:47,1.16.3,PRexp,14,3.98,1,6,Pellet,Left,1270,74,113,8,0.48,51,nan
9/19/2025 16:33:22,1.16.3,PRexp,14,3.98,nan,7,Left,Left,1271,74,113,8,nan,nan,0.16
9/19/2025 16:33:25,1.16.3,PRexp,14,3.98,nan,7,Left,Left,1272,74,113,8,nan,nan,0.24
9/19/2025 16:33:26,1.16.3,PRexp,14,3.99,nan,7,Left,Left,1273,74,113,8,nan,nan,0.07
9/19/2025 16:33:28,1.16.3,PRexp,14,3.98,nan,7,Left,Left,1274,74,113,8,nan,nan,0.34
9/19/2025 16:33:29,1.16.3,PRexp,14,3.98,nan,7,Left,Left,1275,74,113,8,nan,nan,0.26
9/19/2025 16:33:31,1.16.3,PRexp,14,3.98,nan,7,Left,Left,1276,74,113,8,nan,nan,0.00
9/19/2025 16:33:39,1.16.3,PRexp,14,3.98,nan,7,Left,Left,1277,74,113,8,nan,nan,0.09
9/19/2025 16:33:40,1.16.3,PRexp,14,3.98,1,7,Pellet,Left,1277,74,114,9,0.30,53,nan
9/19/2025 16:34:26,1.16.3,PRexp,14,3.98,nan,9,Left,Left,1278,74,114,9,nan,nan,0.02
9/19/2025 16:34:39,1.16.3,PRexp,14,3.98,nan,9,Left,Left,1279,74,114,9,nan,nan,0.04
9/19/2025 16:34:41,1.16.3,PRexp,14,3.98,nan,9,Left,Left,1280,74,114,9,nan,nan,0.09
9/19/2025 16:34:43,1.16.3,PRexp,14,3.98,nan,9,Left,Left,1281,74,114,9,nan,nan,0.00
9/19/2025 16:34:45,1.16.3,PRexp,14,3.98,nan,9,Left,Left,1282,74,114,9,nan,nan,0.84
9/19/2025 16:34:48,1.16.3,PRexp,14,3.98,nan,9,Left,Left,1283,74,114,9,nan,nan,0.32
9/19/2025 16:34:50,1.16.3,PRexp,14,3.98,nan,9,Left,Left,1284,74,114,9,nan,nan,0.26
9/19/2025 16:34:57,1.16.3,PRexp,14,3.98,nan,9,Left,Left,1285,74,114,9,nan,nan,0.21
9/19/2025 16:34:59,1.16.3,PRexp,14,3.98,nan,9,Left,Left,1286,74,114,9,nan,nan,0.40
9/19/2025 16:35:00,1.16.3,PRexp,14,3.98,nan,9,LeftDuringDispense,Left,1287,74,114,10,nan,nan,0.04
9/19/2025 16:35:01,1.16.3,PRexp,14,3.98,1,9,Pellet,Left,1287,74,115,10,0.91,81,nan
9/19/2025 16:35:44,1.16.3,PRexp,14,3.98,nan,10,Left,Left,1288,74,115,10,nan,nan,0.01
9/19/2025 16:35:47,1.16.3,PRexp,14,3.98,nan,10,Left,Left,1289,74,115,10,nan,nan,0.48
9/19/2025 16:40:23,1.16.3,PRexp,14,3.98,nan,10,Left,Left,1290,74,115,10,nan,nan,0.05
9/19/2025 16:40:25,1.16.3,PRexp,14,3.98,nan,10,Left,Left,1291,74,115,10,nan,nan,0.33
9/19/2025 16:40:27,1.16.3,PRexp,14,3.98,nan,10,Left,Left,1292,74,115,10,nan,nan,0.38
9/19/2025 16:40:30,1.16.3,PRexp,14,3.98,nan,10,Left,Left,1293,74,115,10,nan,nan,0.24
9/19/2025 16:41:49,1.16.3,PRexp,14,3.98,nan,10,Left,Left,1294,74,115,10,nan,nan,0.06
9/19/2025 16:41:53,1.16.3,PRexp,14,3.98,nan,10,Left,Left,1295,74,115,10,nan,nan,0.26
9/19/2025 16:41:55,1.16.3,PRexp,14,3.98,nan,10,Left,Left,1296,74,115,10,nan,nan,0.53
9/19/2025 16:41:57,1.16.3,PRexp,14,3.98,nan,10,Left,Left,1297,74,115,10,nan,nan,0.29
9/19/2025 16:41:59,1.16.3,PRexp,14,3.98,1,10,Pellet,Left,1297,74,116,11,0.24,417,nan
9/19/2025 16:42:51,1.16.3,PRexp,14,3.98,nan,12,Left,Left,1298,74,116,11,nan,nan,0.40
9/19/2025 16:42:57,1.16.3,PRexp,14,3.98,nan,12,Left,Left,1299,74,116,11,nan,nan,0.62
9/19/2025 16:42:59,1.16.3,PRexp,14,3.98,nan,12,Left,Left,1300,74,116,11,nan,nan,0.53
9/19/2025 16:43:03,1.16.3,PRexp,14,3.98,nan,12,Left,Left,1301,74,116,11,nan,nan,0.32
9/19/2025 16:43:04,1.16.3,PRexp,14,3.98,nan,12,Left,Left,1302,74,116,11,nan,nan,0.00
9/19/2025 16:43:05,1.16.3,PRexp,14,3.98,nan,12,Left,Left,1303,74,116,11,nan,nan,0.00
9/19/2025 16:43:05,1.16.3,PRexp,14,3.98,nan,12,Left,Left,1304,74,116,11,nan,nan,0.00
9/19/2025 16:43:07,1.16.3,PRexp,14,3.98,nan,12,Left,Left,1305,74,116,11,nan,nan,0.26
9/19/2025 16:43:08,1.16.3,PRexp,14,3.98,nan,12,Left,Left,1306,74,116,11,nan,nan,0.54
9/19/2025 16:43:12,1.16.3,PRexp,14,3.98,nan,12,Left,Left,1307,74,116,11,nan,nan,0.14
9/19/2025 16:43:14,1.16.3,PRexp,14,3.98,nan,12,Left,Left,1308,74,116,11,nan,nan,0.43
9/19/2025 16:43:18,1.16.3,PRexp,14,3.98,nan,12,Left,Left,1309,74,116,11,nan,nan,0.37
9/19/2025 16:43:18,1.16.3,PRexp,14,3.98,nan,12,LeftDuringDispense,Left,1310,74,116,12,nan,nan,0.22
9/19/2025 16:43:20,1.16.3,PRexp,14,3.98,nan,12,LeftDuringDispense,Left,1311,74,116,12,nan,nan,0.71
9/19/2025 16:43:20,1.16.3,PRexp,14,3.98,nan,12,LeftDuringDispense,Left,1312,74,116,12,nan,nan,0.35
9/19/2025 16:43:34,1.16.3,PRexp,14,3.98,3,12,Pellet,Left,1312,74,117,12,10.37,96,nan
9/19/2025 16:44:53,1.16.3,PRexp,14,3.98,nan,13,Left,Left,1313,74,117,12,nan,nan,2.37
9/19/2025 16:44:55,1.16.3,PRexp,14,3.98,nan,13,Left,Left,1314,74,117,12,nan,nan,0.90
9/19/2025 16:44:58,1.16.3,PRexp,14,3.98,nan,13,Left,Left,1315,74,117,12,nan,nan,1.11
9/19/2025 16:45:04,1.16.3,PRexp,14,3.98,nan,13,Left,Left,1316,74,117,12,nan,nan,0.20
9/19/2025 16:45:07,1.16.3,PRexp,14,3.98,nan,13,Left,Left,1317,74,117,12,nan,nan,1.09
9/19/2025 16:45:08,1.16.3,PRexp,14,3.98,nan,13,Left,Left,1318,74,117,12,nan,nan,0.32
9/19/2025 16:45:11,1.16.3,PRexp,14,3.98,nan,13,Left,Left,1319,74,117,12,nan,nan,0.95
9/19/2025 16:45:15,1.16.3,PRexp,14,3.98,nan,13,Left,Left,1320,74,117,12,nan,nan,0.61
9/19/2025 16:45:16,1.16.3,PRexp,14,3.98,nan,13,Left,Left,1321,74,117,12,nan,nan,0.74
9/19/2025 16:45:18,1.16.3,PRexp,14,3.98,nan,13,Left,Left,1322,74,117,12,nan,nan,0.31
9/19/2025 16:45:19,1.16.3,PRexp,14,3.98,nan,13,Left,Left,1323,74,117,12,nan,nan,0.00
9/19/2025 16:45:21,1.16.3,PRexp,14,3.98,nan,13,Left,Left,1324,74,117,12,nan,nan,0.79
9/19/2025 16:47:18,1.16.3,PRexp,14,3.98,nan,13,Left,Left,1325,74,117,12,nan,nan,0.45
9/19/2025 16:47:19,1.16.3,PRexp,14,3.98,2,13,Pellet,Left,1325,74,118,13,0.30,225,nan
9/19/2025 17:04:01,1.16.3,PRexp,14,3.98,nan,15,Left,Left,1326,74,118,13,nan,nan,1.28
9/19/2025 17:04:06,1.16.3,PRexp,14,3.98,nan,15,Left,Left,1327,74,118,13,nan,nan,0.93
9/19/2025 17:04:14,1.16.3,PRexp,14,3.98,nan,15,Left,Left,1328,74,118,13,nan,nan,2.49
9/19/2025 17:04:18,1.16.3,PRexp,14,3.98,nan,15,Left,Left,1329,74,118,13,nan,nan,1.01
9/19/2025 17:04:25,1.16.3,PRexp,14,3.98,nan,15,Left,Left,1330,74,118,13,nan,nan,2.11
9/19/2025 17:04:26,1.16.3,PRexp,14,3.98,nan,15,Left,Left,1331,74,118,13,nan,nan,0.72
9/19/2025 17:04:28,1.16.3,PRexp,14,3.98,nan,15,Left,Left,1332,74,118,13,nan,nan,0.37
9/19/2025 17:04:30,1.16.3,PRexp,14,3.98,nan,15,Left,Left,1333,74,118,13,nan,nan,1.46
9/19/2025 17:04:32,1.16.3,PRexp,14,3.98,nan,15,Left,Left,1334,74,118,13,nan,nan,0.43
9/19/2025 17:04:38,1.16.3,PRexp,14,3.98,nan,15,Left,Left,1335,74,118,13,nan,nan,0.48
9/19/2025 17:04:40,1.16.3,PRexp,14,3.98,nan,15,Left,Left,1336,74,118,13,nan,nan,0.02
9/19/2025 17:04:42,1.16.3,PRexp,14,3.98,nan,15,Left,Left,1337,74,118,13,nan,nan,0.00
9/19/2025 17:04:47,1.16.3,PRexp,14,3.98,nan,15,Left,Left,1338,74,118,13,nan,nan,3.62
9/19/2025 17:26:24,1.16.3,PRexp,14,3.98,nan,15,Left,Left,1339,74,118,13,nan,nan,0.06
9/19/2025 17:26:26,1.16.3,PRexp,14,3.98,nan,15,Left,Left,1340,74,118,13,nan,nan,0.50
9/19/2025 17:26:27,1.16.3,PRexp,14,3.98,2,15,Pellet,Left,1340,74,119,14,0.36,2348,nan
9/19/2025 17:27:03,1.16.3,PRexp,14,3.98,nan,17,Left,Left,1341,74,119,14,nan,nan,0.16
9/19/2025 17:27:05,1.16.3,PRexp,14,3.98,nan,17,Left,Left,1342,74,119,14,nan,nan,0.79
9/19/2025 17:27:07,1.16.3,PRexp,14,3.98,nan,17,Left,Left,1343,74,119,14,nan,nan,0.40
9/19/2025 17:27:10,1.16.3,PRexp,14,3.98,nan,17,Left,Left,1344,74,119,14,nan,nan,0.80
9/19/2025 17:27:12,1.16.3,PRexp,14,3.98,nan,17,Left,Left,1345,74,119,14,nan,nan,0.00
9/19/2025 17:27:15,1.16.3,PRexp,14,3.98,nan,17,Left,Left,1346,74,119,14,nan,nan,0.57
9/19/2025 17:27:16,1.16.3,PRexp,14,3.98,nan,17,Left,Left,1347,74,119,14,nan,nan,0.00
9/19/2025 17:27:19,1.16.3,PRexp,14,3.98,nan,17,Left,Left,1348,74,119,14,nan,nan,0.59
9/19/2025 17:27:22,1.16.3,PRexp,14,3.98,nan,17,Left,Left,1349,74,119,14,nan,nan,0.05
9/19/2025 17:27:26,1.16.3,PRexp,14,3.98,nan,17,Left,Left,1350,74,119,14,nan,nan,0.78
9/19/2025 17:27:29,1.16.3,PRexp,14,3.98,nan,17,Left,Left,1351,74,119,14,nan,nan,1.15
9/19/2025 17:27:33,1.16.3,PRexp,14,3.99,nan,17,Left,Left,1352,74,119,14,nan,nan,0.08
9/19/2025 17:27:38,1.16.3,PRexp,14,3.98,nan,17,Left,Left,1353,74,119,14,nan,nan,0.01
9/19/2025 17:27:39,1.16.3,PRexp,14,3.98,nan,17,Left,Left,1354,74,119,14,nan,nan,0.65
9/19/2025 17:27:41,1.16.3,PRexp,14,3.98,nan,17,Left,Left,1355,74,119,14,nan,nan,0.32
9/19/2025 17:27:45,1.16.3,PRexp,14,3.98,nan,17,Left,Left,1356,74,119,14,nan,nan,1.27
9/19/2025 17:27:50,1.16.3,PRexp,14,3.98,nan,17,Left,Left,1357,74,119,14,nan,nan,2.27
9/19/2025 17:27:52,1.16.3,PRexp,14,3.98,2,17,Pellet,Left,1357,74,120,15,1.03,85,nan
9/19/2025 17:28:27,1.16.3,PRexp,14,3.98,nan,20,Left,Left,1358,74,120,15,nan,nan,0.11
9/19/2025 17:28:33,1.16.3,PRexp,14,3.98,nan,20,Left,Left,1359,74,120,15,nan,nan,0.46
9/19/2025 17:28:43,1.16.3,PRexp,14,3.98,nan,20,Left,Left,1360,74,120,15,nan,nan,0.66
9/19/2025 17:36:01,1.16.3,PRexp,14,3.98,nan,20,Left,Left,1361,74,120,15,nan,nan,0.19
9/19/2025 17:36:13,1.16.3,PRexp,14,3.98,nan,20,Left,Left,1362,74,120,15,nan,nan,0.96
9/19/2025 17:36:16,1.16.3,PRexp,14,3.98,nan,20,Left,Left,1363,74,120,15,nan,nan,0.45
9/19/2025 17:36:19,1.16.3,PRexp,14,3.98,nan,20,Left,Left,1364,74,120,15,nan,nan,0.13
9/19/2025 17:36:20,1.16.3,PRexp,14,3.98,nan,20,Left,Left,1365,74,120,15,nan,nan,0.57
9/19/2025 17:36:21,1.16.3,PRexp,14,3.98,nan,20,Left,Left,1366,74,120,15,nan,nan,0.36
9/19/2025 17:36:23,1.16.3,PRexp,14,3.98,nan,20,Left,Left,1367,74,120,15,nan,nan,0.29
9/19/2025 17:36:28,1.16.3,PRexp,14,3.98,nan,20,Left,Left,1368,74,120,15,nan,nan,0.49
9/19/2025 17:36:32,1.16.3,PRexp,14,3.98,nan,20,Left,Left,1369,74,120,15,nan,nan,0.28
9/19/2025 17:36:37,1.16.3,PRexp,14,3.98,nan,20,Left,Left,1370,74,120,15,nan,nan,1.37
9/19/2025 17:36:42,1.16.3,PRexp,14,3.98,nan,20,Left,Left,1371,74,120,15,nan,nan,0.89
9/19/2025 17:36:53,1.16.3,PRexp,14,3.98,nan,20,Left,Left,1372,74,120,15,nan,nan,0.02
9/19/2025 17:36:54,1.16.3,PRexp,14,3.98,nan,20,Left,Left,1373,74,120,15,nan,nan,0.63
9/19/2025 17:36:57,1.16.3,PRexp,14,3.98,nan,20,Left,Left,1374,74,120,15,nan,nan,0.08
9/19/2025 17:36:59,1.16.3,PRexp,14,3.98,nan,20,Left,Left,1375,74,120,15,nan,nan,0.02
9/19/2025 17:37:01,1.16.3,PRexp,14,3.98,nan,20,Left,Left,1376,74,120,15,nan,nan,0.84
9/19/2025 17:37:02,1.16.3,PRexp,14,3.98,nan,20,Left,Left,1377,74,120,15,nan,nan,0.28
9/19/2025 17:37:04,1.16.3,PRexp,14,3.98,1,20,Pellet,Left,1377,74,121,16,0.36,551,nan
9/19/2025 17:37:58,1.16.3,PRexp,14,3.98,nan,22,Left,Left,1378,74,121,16,nan,nan,0.05
9/19/2025 17:38:01,1.16.3,PRexp,14,3.98,nan,22,Left,Left,1379,74,121,16,nan,nan,0.10
9/19/2025 17:38:07,1.16.3,PRexp,14,3.98,nan,22,Left,Left,1380,74,121,16,nan,nan,0.58
9/19/2025 17:38:10,1.16.3,PRexp,14,3.98,nan,22,Left,Left,1381,74,121,16,nan,nan,0.69
9/19/2025 17:38:12,1.16.3,PRexp,14,3.98,nan,22,Left,Left,1382,74,121,16,nan,nan,0.55
9/19/2025 17:38:22,1.16.3,PRexp,14,3.98,nan,22,Left,Left,1383,74,121,16,nan,nan,0.03
9/19/2025 17:38:23,1.16.3,PRexp,14,3.98,nan,22,Left,Left,1384,74,121,16,nan,nan,0.14
9/19/2025 17:38:25,1.16.3,PRexp,14,3.98,nan,22,Left,Left,1385,74,121,16,nan,nan,0.01
9/19/2025 17:38:28,1.16.3,PRexp,14,3.98,nan,22,Left,Left,1386,74,121,16,nan,nan,0.00
9/19/2025 17:38:29,1.16.3,PRexp,14,3.98,nan,22,Left,Left,1387,74,121,16,nan,nan,0.38
9/19/2025 17:38:31,1.16.3,PRexp,14,3.98,nan,22,Left,Left,1388,74,121,16,nan,nan,0.38
9/19/2025 17:38:32,1.16.3,PRexp,14,3.98,nan,22,Left,Left,1389,74,121,16,nan,nan,0.02
9/19/2025 17:38:35,1.16.3,PRexp,14,3.98,nan,22,Left,Left,1390,74,121,16,nan,nan,0.46
9/19/2025 17:38:37,1.16.3,PRexp,14,3.98,nan,22,Left,Left,1391,74,121,16,nan,nan,0.00
9/19/2025 17:38:39,1.16.3,PRexp,14,3.98,nan,22,Left,Left,1392,74,121,16,nan,nan,0.73
9/19/2025 17:38:45,1.16.3,PRexp,14,3.98,nan,22,Left,Left,1393,74,121,16,nan,nan,0.77
9/19/2025 17:38:47,1.16.3,PRexp,14,3.98,nan,22,Left,Left,1394,74,121,16,nan,nan,0.89
9/19/2025 17:38:51,1.16.3,PRexp,14,3.98,nan,22,Left,Left,1395,74,121,16,nan,nan,1.01
9/19/2025 17:38:52,1.16.3,PRexp,14,3.98,nan,22,Left,Left,1396,74,121,16,nan,nan,0.11
9/19/2025 17:39:12,1.16.3,PRexp,14,3.98,nan,22,Left,Left,1397,74,121,16,nan,nan,0.19
9/19/2025 17:39:14,1.16.3,PRexp,14,3.98,nan,22,Left,Left,1398,74,121,16,nan,nan,0.60
9/19/2025 17:41:15,1.16.3,PRexp,14,3.98,nan,22,Right,Left,1398,75,121,16,nan,nan,0.00
9/19/2025 17:41:47,1.16.3,PRexp,14,3.98,nan,22,Right,Left,1398,76,121,16,nan,nan,0.17
9/19/2025 17:42:14,1.16.3,PRexp,14,3.98,nan,22,Left,Left,1399,76,121,16,nan,nan,0.31
9/19/2025 17:42:16,1.16.3,PRexp,14,3.98,1,22,Pellet,Left,1399,76,122,17,0.36,312,nan
9/19/2025 17:43:08,1.16.3,PRexp,14,3.98,nan,25,Left,Left,1400,76,122,17,nan,nan,1.07
9/19/2025 17:43:15,1.16.3,PRexp,14,3.98,nan,25,Left,Left,1401,76,122,17,nan,nan,0.16
9/19/2025 17:43:27,1.16.3,PRexp,14,3.98,nan,25,Left,Left,1402,76,122,17,nan,nan,0.50
9/19/2025 17:43:30,1.16.3,PRexp,14,3.98,nan,25,Left,Left,1403,76,122,17,nan,nan,0.81
9/19/2025 17:43:31,1.16.3,PRexp,14,3.98,nan,25,Left,Left,1404,76,122,17,nan,nan,0.42
9/19/2025 17:43:37,1.16.3,PRexp,14,3.98,nan,25,Left,Left,1405,76,122,17,nan,nan,0.97
9/19/2025 17:43:38,1.16.3,PRexp,14,3.98,nan,25,Left,Left,1406,76,122,17,nan,nan,0.00
9/19/2025 17:43:39,1.16.3,PRexp,14,3.98,nan,25,Left,Left,1407,76,122,17,nan,nan,0.00
9/19/2025 17:43:41,1.16.3,PRexp,14,3.98,nan,25,Left,Left,1408,76,122,17,nan,nan,0.36
9/19/2025 17:43:43,1.16.3,PRexp,14,3.98,nan,25,Left,Left,1409,76,122,17,nan,nan,0.00
9/19/2025 17:43:46,1.16.3,PRexp,14,3.98,nan,25,Left,Left,1410,76,122,17,nan,nan,0.56
9/19/2025 17:43:47,1.16.3,PRexp,14,3.98,nan,25,Left,Left,1411,76,122,17,nan,nan,0.17
9/19/2025 17:43:48,1.16.3,PRexp,14,3.98,nan,25,Left,Left,1412,76,122,17,nan,nan,0.14
9/19/2025 17:43:50,1.16.3,PRexp,14,3.98,nan,25,Left,Left,1413,76,122,17,nan,nan,0.39
9/19/2025 17:43:52,1.16.3,PRexp,14,3.98,nan,25,Left,Left,1414,76,122,17,nan,nan,0.74
9/19/2025 17:43:55,1.16.3,PRexp,14,3.98,nan,25,Left,Left,1415,76,122,17,nan,nan,0.26
9/19/2025 17:43:59,1.16.3,PRexp,14,3.98,nan,25,Left,Left,1416,76,122,17,nan,nan,0.01
9/19/2025 17:44:03,1.16.3,PRexp,14,3.98,nan,25,Left,Left,1417,76,122,17,nan,nan,0.23
9/19/2025 17:44:04,1.16.3,PRexp,14,3.98,nan,25,Left,Left,1418,76,122,17,nan,nan,0.33
9/19/2025 17:44:06,1.16.3,PRexp,14,3.98,nan,25,Left,Left,1419,76,122,17,nan,nan,0.07
9/19/2025 17:44:08,1.16.3,PRexp,14,3.98,nan,25,Left,Left,1420,76,122,17,nan,nan,0.00
9/19/2025 17:44:10,1.16.3,PRexp,14,3.98,nan,25,Left,Left,1421,76,122,17,nan,nan,0.33
9/19/2025 17:44:13,1.16.3,PRexp,14,3.98,nan,25,Left,Left,1422,76,122,17,nan,nan,0.22
9/19/2025 18:02:46,1.16.3,PRexp,14,3.98,nan,25,Left,Left,1423,76,122,17,nan,nan,0.01
9/19/2025 18:03:12,1.16.3,PRexp,14,3.98,nan,25,Left,Left,1424,76,122,17,nan,nan,0.05
9/19/2025 18:03:13,1.16.3,PRexp,14,3.98,nan,25,LeftDuringDispense,Left,1425,76,122,18,nan,nan,0.09
9/19/2025 18:03:16,1.16.3,PRexp,14,3.98,2,25,Pellet,Left,1425,76,123,18,0.42,1261,nan
9/19/2025 18:03:59,1.16.3,PRexp,14,3.98,nan,28,Left,Left,1426,76,123,18,nan,nan,0.59
9/19/2025 18:04:04,1.16.3,PRexp,14,3.98,nan,28,Left,Left,1427,76,123,18,nan,nan,1.40
9/19/2025 18:04:06,1.16.3,PRexp,14,3.98,nan,28,Left,Left,1428,76,123,18,nan,nan,0.00
9/19/2025 18:04:10,1.16.3,PRexp,14,3.98,nan,28,Left,Left,1429,76,123,18,nan,nan,0.32
9/19/2025 18:04:13,1.16.3,PRexp,14,3.98,nan,28,Left,Left,1430,76,123,18,nan,nan,0.92
9/19/2025 18:04:18,1.16.3,PRexp,14,3.98,nan,28,Left,Left,1431,76,123,18,nan,nan,3.11
9/19/2025 18:04:27,1.16.3,PRexp,14,3.98,nan,28,Left,Left,1432,76,123,18,nan,nan,1.76
9/19/2025 18:04:31,1.16.3,PRexp,14,3.98,nan,28,Left,Left,1433,76,123,18,nan,nan,0.65
9/19/2025 18:04:38,1.16.3,PRexp,14,3.98,nan,28,Left,Left,1434,76,123,18,nan,nan,0.67
9/19/2025 18:04:41,1.16.3,PRexp,14,3.98,nan,28,Left,Left,1435,76,123,18,nan,nan,0.00
9/19/2025 18:04:54,1.16.3,PRexp,14,3.98,nan,28,Left,Left,1436,76,123,18,nan,nan,0.82
9/19/2025 18:04:59,1.16.3,PRexp,14,3.98,nan,28,Left,Left,1437,76,123,18,nan,nan,0.01
9/19/2025 18:11:37,1.16.3,PRexp,14,3.98,nan,28,Left,Left,1438,76,123,18,nan,nan,0.54
9/19/2025 18:15:48,1.16.3,PRexp,14,3.98,nan,28,Left,Left,1439,76,123,18,nan,nan,0.09
9/19/2025 18:15:57,1.16.3,PRexp,14,3.98,nan,28,Left,Left,1440,76,123,18,nan,nan,1.70
9/19/2025 18:16:02,1.16.3,PRexp,14,3.98,nan,28,Left,Left,1441,76,123,18,nan,nan,0.56
9/19/2025 18:16:04,1.16.3,PRexp,14,3.98,nan,28,Left,Left,1442,76,123,18,nan,nan,0.51
9/19/2025 18:16:09,1.16.3,PRexp,14,3.98,nan,28,Left,Left,1443,76,123,18,nan,nan,1.03
9/19/2025 18:16:10,1.16.3,PRexp,14,3.98,nan,28,Left,Left,1444,76,123,18,nan,nan,0.33
9/19/2025 18:16:13,1.16.3,PRexp,14,3.98,nan,28,Left,Left,1445,76,123,18,nan,nan,0.34
9/19/2025 18:16:15,1.16.3,PRexp,14,3.98,nan,28,Left,Left,1446,76,123,18,nan,nan,0.09
9/19/2025 18:16:17,1.16.3,PRexp,14,3.98,nan,28,Left,Left,1447,76,123,18,nan,nan,0.12
9/19/2025 18:16:22,1.16.3,PRexp,14,3.98,nan,28,Left,Left,1448,76,123,18,nan,nan,0.79
9/19/2025 18:16:25,1.16.3,PRexp,14,3.98,nan,28,Left,Left,1449,76,123,18,nan,nan,0.37
9/19/2025 18:16:50,1.16.3,PRexp,14,3.98,nan,28,Left,Left,1450,76,123,18,nan,nan,3.13
9/19/2025 18:16:52,1.16.3,PRexp,14,3.98,nan,28,Left,Left,1451,76,123,18,nan,nan,0.20
9/19/2025 18:16:53,1.16.3,PRexp,14,3.98,nan,28,Left,Left,1452,76,123,18,nan,nan,0.00
9/19/2025 18:16:58,1.16.3,PRexp,14,3.98,nan,28,Left,Left,1453,76,123,18,nan,nan,3.23
9/19/2025 18:17:01,1.16.3,PRexp,14,3.98,2,28,Pellet,Left,1453,76,124,19,0.55,825,nan
9/19/2025 18:17:54,1.16.3,PRexp,14,3.98,nan,32,Left,Left,1454,76,124,19,nan,nan,1.15
9/19/2025 18:17:57,1.16.3,PRexp,14,3.98,nan,32,Left,Left,1455,76,124,19,nan,nan,1.31
9/19/2025 18:18:06,1.16.3,PRexp,14,3.98,nan,32,Left,Left,1456,76,124,19,nan,nan,3.79
9/19/2025 18:18:08,1.16.3,PRexp,14,3.98,nan,32,Left,Left,1457,76,124,19,nan,nan,0.74
9/19/2025 18:18:10,1.16.3,PRexp,14,3.98,nan,32,Left,Left,1458,76,124,19,nan,nan,0.38
9/19/2025 18:18:18,1.16.3,PRexp,14,3.98,nan,32,Left,Left,1459,76,124,19,nan,nan,0.02
9/19/2025 18:18:24,1.16.3,PRexp,14,3.98,nan,32,Left,Left,1460,76,124,19,nan,nan,1.18
9/19/2025 18:18:39,1.16.3,PRexp,14,3.98,nan,32,Left,Left,1461,76,124,19,nan,nan,0.26
9/19/2025 18:18:41,1.16.3,PRexp,14,3.98,nan,32,Left,Left,1462,76,124,19,nan,nan,0.02
9/19/2025 18:18:43,1.16.3,PRexp,14,3.98,nan,32,Left,Left,1463,76,124,19,nan,nan,0.85
9/19/2025 18:18:45,1.16.3,PRexp,14,3.98,nan,32,Left,Left,1464,76,124,19,nan,nan,1.38
9/19/2025 18:18:48,1.16.3,PRexp,14,3.98,nan,32,Left,Left,1465,76,124,19,nan,nan,0.68
9/19/2025 18:18:52,1.16.3,PRexp,14,3.98,nan,32,Left,Left,1466,76,124,19,nan,nan,0.12
9/19/2025 18:18:55,1.16.3,PRexp,14,3.98,nan,32,Left,Left,1467,76,124,19,nan,nan,2.15
9/19/2025 18:18:58,1.16.3,PRexp,14,3.98,nan,32,Left,Left,1468,76,124,19,nan,nan,0.01
9/19/2025 18:19:03,1.16.3,PRexp,14,3.98,nan,32,Left,Left,1469,76,124,19,nan,nan,0.77
9/19/2025 18:27:46,1.16.3,PRexp,14,3.98,nan,32,Left,Left,1470,76,124,19,nan,nan,0.03
9/19/2025 18:27:54,1.16.3,PRexp,14,3.98,nan,32,Left,Left,1471,76,124,19,nan,nan,0.23
9/19/2025 18:27:56,1.16.3,PRexp,14,3.98,nan,32,Left,Left,1472,76,124,19,nan,nan,0.52
9/19/2025 18:27:58,1.16.3,PRexp,14,3.98,nan,32,Left,Left,1473,76,124,19,nan,nan,0.68
9/19/2025 18:28:07,1.16.3,PRexp,14,3.98,nan,32,Left,Left,1474,76,124,19,nan,nan,0.05
9/19/2025 18:28:10,1.16.3,PRexp,14,3.98,nan,32,Left,Left,1475,76,124,19,nan,nan,0.93
9/19/2025 18:28:12,1.16.3,PRexp,14,3.98,nan,32,Left,Left,1476,76,124,19,nan,nan,0.50
9/19/2025 18:28:14,1.16.3,PRexp,14,3.98,nan,32,Left,Left,1477,76,124,19,nan,nan,0.56
9/19/2025 18:28:16,1.16.3,PRexp,14,3.98,nan,32,Left,Left,1478,76,124,19,nan,nan,0.08
9/19/2025 18:28:18,1.16.3,PRexp,14,3.98,nan,32,Left,Left,1479,76,124,19,nan,nan,0.52
9/19/2025 18:28:20,1.16.3,PRexp,14,3.98,nan,32,Left,Left,1480,76,124,19,nan,nan,0.81
9/19/2025 18:28:54,1.16.3,PRexp,14,3.98,nan,32,Right,Left,1480,77,124,19,nan,nan,0.16
9/19/2025 18:28:59,1.16.3,PRexp,14,3.98,nan,32,Right,Left,1480,78,124,19,nan,nan,0.05
9/19/2025 18:29:16,1.16.3,PRexp,14,3.98,nan,32,Left,Left,1481,78,124,19,nan,nan,0.59
9/19/2025 18:29:18,1.16.3,PRexp,14,3.98,nan,32,Left,Left,1482,78,124,19,nan,nan,0.03
9/19/2025 18:29:37,1.16.3,PRexp,14,3.98,nan,32,Right,Left,1482,79,124,19,nan,nan,0.14
9/19/2025 18:29:47,1.16.3,PRexp,14,3.98,nan,32,Left,Left,1483,79,124,19,nan,nan,0.04
9/19/2025 18:29:50,1.16.3,PRexp,14,3.98,nan,32,Left,Left,1484,79,124,19,nan,nan,0.49
9/19/2025 18:29:51,1.16.3,PRexp,14,3.98,nan,32,Left,Left,1485,79,124,19,nan,nan,0.26
9/19/2025 18:29:53,1.16.3,PRexp,14,3.98,1,32,Pellet,Left,1485,79,125,20,0.30,771,nan
9/19/2025 18:35:34,1.16.3,PRexp,14,3.98,nan,36,Left,Left,1486,79,125,20,nan,nan,0.03
9/19/2025 18:35:42,1.16.3,PRexp,14,3.98,nan,36,Left,Left,1487,79,125,20,nan,nan,0.57
9/19/2025 18:36:26,1.16.3,PRexp,14,3.98,nan,36,Right,Left,1487,80,125,20,nan,nan,0.07
9/19/2025 18:36:27,1.16.3,PRexp,14,3.98,nan,36,Right,Left,1487,81,125,20,nan,nan,0.09
9/19/2025 18:36:29,1.16.3,PRexp,14,3.98,nan,36,Right,Left,1487,82,125,20,nan,nan,0.36
9/19/2025 18:36:32,1.16.3,PRexp,14,3.98,nan,36,Right,Left,1487,83,125,20,nan,nan,0.26
9/19/2025 18:36:34,1.16.3,PRexp,14,3.98,nan,36,Right,Left,1487,84,125,20,nan,nan,0.18
9/19/2025 18:36:35,1.16.3,PRexp,14,3.98,nan,36,Right,Left,1487,85,125,20,nan,nan,0.00
9/19/2025 18:36:52,1.16.3,PRexp,14,3.98,nan,36,Right,Left,1487,86,125,20,nan,nan,0.38
9/19/2025 18:36:58,1.16.3,PRexp,14,3.98,nan,36,Right,Left,1487,87,125,20,nan,nan,0.26
9/19/2025 18:37:01,1.16.3,PRexp,14,3.98,nan,36,Left,Left,1488,87,125,20,nan,nan,0.02
9/19/2025 18:37:09,1.16.3,PRexp,14,3.98,nan,36,Left,Left,1489,87,125,20,nan,nan,0.34
9/19/2025 18:37:11,1.16.3,PRexp,14,3.98,nan,36,Left,Left,1490,87,125,20,nan,nan,0.27
9/19/2025 18:41:48,1.16.3,PRexp,14,3.98,nan,36,Right,Left,1490,88,125,20,nan,nan,0.13
9/19/2025 18:41:50,1.16.3,PRexp,14,3.98,nan,36,Left,Left,1491,88,125,20,nan,nan,0.80
9/19/2025 18:41:58,1.16.3,PRexp,14,3.98,nan,36,Left,Left,1492,88,125,20,nan,nan,0.49
9/19/2025 18:42:00,1.16.3,PRexp,14,3.98,nan,36,Left,Left,1493,88,125,20,nan,nan,0.09
9/19/2025 18:42:01,1.16.3,PRexp,14,3.98,nan,36,Left,Left,1494,88,125,20,nan,nan,0.23
9/19/2025 18:42:11,1.16.3,PRexp,14,3.98,nan,36,Right,Left,1494,89,125,20,nan,nan,0.25
9/19/2025 18:44:23,1.16.3,PRexp,14,3.98,nan,36,Left,Left,1495,89,125,20,nan,nan,0.09
9/19/2025 18:44:28,1.16.3,PRexp,14,3.98,nan,36,Left,Left,1496,89,125,20,nan,nan,0.85
9/19/2025 18:44:32,1.16.3,PRexp,14,3.98,nan,36,Left,Left,1497,89,125,20,nan,nan,0.41
9/19/2025 18:44:34,1.16.3,PRexp,14,3.98,nan,36,Left,Left,1498,89,125,20,nan,nan,0.60
9/19/2025 18:44:37,1.16.3,PRexp,14,3.98,nan,36,Left,Left,1499,89,125,20,nan,nan,0.82
9/19/2025 18:44:39,1.16.3,PRexp,14,3.98,nan,36,Left,Left,1500,89,125,20,nan,nan,0.31
9/19/2025 18:49:04,1.16.3,PRexp,14,3.98,nan,36,Left,Left,1501,89,125,20,nan,nan,0.02
9/19/2025 18:49:06,1.16.3,PRexp,14,3.98,nan,36,Left,Left,1502,89,125,20,nan,nan,0.51
9/19/2025 18:49:08,1.16.3,PRexp,14,3.98,nan,36,Left,Left,1503,89,125,20,nan,nan,0.56
9/19/2025 18:49:10,1.16.3,PRexp,14,3.98,nan,36,Left,Left,1504,89,125,20,nan,nan,0.47
9/19/2025 18:49:14,1.16.3,PRexp,14,3.98,nan,36,Left,Left,1505,89,125,20,nan,nan,0.06
9/19/2025 18:49:15,1.16.3,PRexp,14,3.98,nan,36,Left,Left,1506,89,125,20,nan,nan,0.08
9/19/2025 18:49:17,1.16.3,PRexp,14,3.98,nan,36,Left,Left,1507,89,125,20,nan,nan,0.63
9/19/2025 18:49:19,1.16.3,PRexp,14,3.98,nan,36,Left,Left,1508,89,125,20,nan,nan,0.61
9/19/2025 18:49:23,1.16.3,PRexp,14,3.98,nan,36,Left,Left,1509,89,125,20,nan,nan,0.19
9/19/2025 18:49:24,1.16.3,PRexp,14,3.98,nan,36,Left,Left,1510,89,125,20,nan,nan,0.32
9/19/2025 18:49:25,1.16.3,PRexp,14,3.98,nan,36,Left,Left,1511,89,125,20,nan,nan,0.20
9/19/2025 18:49:29,1.16.3,PRexp,14,3.98,nan,36,Left,Left,1512,89,125,20,nan,nan,0.69
9/19/2025 18:49:31,1.16.3,PRexp,14,3.98,nan,36,Left,Left,1513,89,125,20,nan,nan,0.08
9/19/2025 18:49:36,1.16.3,PRexp,14,3.98,nan,36,Left,Left,1514,89,125,20,nan,nan,0.31
9/19/2025 18:49:37,1.16.3,PRexp,14,3.98,nan,36,Left,Left,1515,89,125,20,nan,nan,0.08
9/19/2025 18:49:38,1.16.3,PRexp,14,3.98,nan,36,Left,Left,1516,89,125,20,nan,nan,0.24
9/19/2025 18:49:39,1.16.3,PRexp,14,3.98,nan,36,Left,Left,1517,89,125,20,nan,nan,0.45
9/19/2025 18:49:40,1.16.3,PRexp,14,3.98,nan,36,Left,Left,1518,89,125,20,nan,nan,0.00
9/19/2025 18:49:41,1.16.3,PRexp,14,3.98,nan,36,Left,Left,1519,89,125,20,nan,nan,0.66
9/19/2025 18:49:44,1.16.3,PRexp,14,3.98,nan,36,Left,Left,1520,89,125,20,nan,nan,0.25
9/19/2025 18:50:11,1.16.3,PRexp,14,3.98,nan,36,Left,Left,1521,89,125,20,nan,nan,0.16
9/19/2025 18:50:12,1.16.3,PRexp,14,3.98,1,36,Pellet,Left,1521,89,126,21,0.30,1220,nan
9/19/2025 18:50:47,1.16.3,PRexp,14,3.98,nan,40,Left,Left,1522,89,126,21,nan,nan,0.08
9/19/2025 18:50:52,1.16.3,PRexp,14,3.98,nan,40,Left,Left,1523,89,126,21,nan,nan,0.56
9/19/2025 18:50:56,1.16.3,PRexp,14,3.98,nan,40,Left,Left,1524,89,126,21,nan,nan,0.53
9/19/2025 18:50:58,1.16.3,PRexp,14,3.98,nan,40,Left,Left,1525,89,126,21,nan,nan,0.51
9/19/2025 18:51:01,1.16.3,PRexp,14,3.98,nan,40,Left,Left,1526,89,126,21,nan,nan,0.77
9/19/2025 18:51:05,1.16.3,PRexp,14,3.98,nan,40,Left,Left,1527,89,126,21,nan,nan,0.36
9/19/2025 18:51:10,1.16.3,PRexp,14,3.98,nan,40,Left,Left,1528,89,126,21,nan,nan,0.31
9/19/2025 18:51:11,1.16.3,PRexp,14,3.98,nan,40,Left,Left,1529,89,126,21,nan,nan,0.00
9/19/2025 18:51:17,1.16.3,PRexp,14,3.98,nan,40,Left,Left,1530,89,126,21,nan,nan,0.42
9/19/2025 18:52:45,1.16.3,PRexp,14,3.98,nan,40,Left,Left,1531,89,126,21,nan,nan,0.01
9/19/2025 18:52:46,1.16.3,PRexp,14,3.98,nan,40,Left,Left,1532,89,126,21,nan,nan,0.00
9/19/2025 18:52:47,1.16.3,PRexp,14,3.98,nan,40,Right,Left,1532,90,126,21,nan,nan,0.17
9/19/2025 18:52:48,1.16.3,PRexp,14,3.98,nan,40,Right,Left,1532,91,126,21,nan,nan,0.17
9/19/2025 18:52:50,1.16.3,PRexp,14,3.98,nan,40,Right,Left,1532,92,126,21,nan,nan,0.38
9/19/2025 18:52:54,1.16.3,PRexp,14,3.98,nan,40,Right,Left,1532,93,126,21,nan,nan,0.17
9/19/2025 18:52:54,1.16.3,PRexp,14,3.98,nan,40,Right,Left,1532,94,126,21,nan,nan,0.00
9/19/2025 18:52:59,1.16.3,PRexp,14,3.98,nan,40,Left,Left,1533,94,126,21,nan,nan,0.02
9/19/2025 18:53:22,1.16.3,PRexp,14,3.98,nan,40,Right,Left,1533,95,126,21,nan,nan,0.02
9/19/2025 18:55:55,1.16.3,PRexp,14,3.98,nan,40,Left,Left,1534,95,126,21,nan,nan,0.65
9/19/2025 18:58:57,1.16.3,PRexp,14,3.98,nan,40,Left,Left,1535,95,126,21,nan,nan,0.13
9/19/2025 18:59:05,1.16.3,PRexp,14,3.98,nan,40,Left,Left,1536,95,126,21,nan,nan,0.03
9/19/2025 18:59:07,1.16.3,PRexp,14,3.98,nan,40,Left,Left,1537,95,126,21,nan,nan,1.02
9/19/2025 18:59:39,1.16.3,PRexp,14,3.98,nan,40,Left,Left,1538,95,126,21,nan,nan,0.04
9/19/2025 18:59:41,1.16.3,PRexp,14,3.98,nan,40,Left,Left,1539,95,126,21,nan,nan,0.92
9/19/2025 18:59:43,1.16.3,PRexp,14,3.98,nan,40,Left,Left,1540,95,126,21,nan,nan,0.47
9/19/2025 18:59:44,1.16.3,PRexp,14,3.98,nan,40,Left,Left,1541,95,126,21,nan,nan,0.00
9/19/2025 18:59:45,1.16.3,PRexp,14,3.98,nan,40,Left,Left,1542,95,126,21,nan,nan,0.17
9/19/2025 18:59:50,1.16.3,PRexp,14,3.98,nan,40,Left,Left,1543,95,126,21,nan,nan,0.54
9/19/2025 18:59:52,1.16.3,PRexp,14,3.98,nan,40,Left,Left,1544,95,126,21,nan,nan,0.56
9/19/2025 18:59:54,1.16.3,PRexp,14,3.98,nan,40,Left,Left,1545,95,126,21,nan,nan,0.22
9/19/2025 18:59:56,1.16.3,PRexp,14,3.98,nan,40,Left,Left,1546,95,126,21,nan,nan,0.13
9/19/2025 18:59:58,1.16.3,PRexp,14,3.98,nan,40,Left,Left,1547,95,126,21,nan,nan,0.00
9/19/2025 19:00:00,1.16.3,PRexp,14,3.98,nan,40,Left,Left,1548,95,126,21,nan,nan,0.00
9/19/2025 19:00:01,1.16.3,PRexp,14,3.98,nan,40,Left,Left,1549,95,126,21,nan,nan,0.00
9/19/2025 19:00:02,1.16.3,PRexp,14,3.98,nan,40,Left,Left,1550,95,126,21,nan,nan,0.14
9/19/2025 19:00:08,1.16.3,PRexp,14,3.98,nan,40,Left,Left,1551,95,126,21,nan,nan,0.63
9/19/2025 19:00:12,1.16.3,PRexp,14,3.98,nan,40,Left,Left,1552,95,126,21,nan,nan,0.10
9/19/2025 19:00:15,1.16.3,PRexp,14,3.98,nan,40,Left,Left,1553,95,126,21,nan,nan,0.65
9/19/2025 19:00:23,1.16.3,PRexp,14,3.98,nan,40,Left,Left,1554,95,126,21,nan,nan,1.32
9/19/2025 19:00:25,1.16.3,PRexp,14,3.98,nan,40,Left,Left,1555,95,126,21,nan,nan,0.00
9/19/2025 19:00:26,1.16.3,PRexp,14,3.98,nan,40,Left,Left,1556,95,126,21,nan,nan,0.21
9/19/2025 19:01:47,1.16.3,PRexp,14,3.98,nan,40,Right,Left,1556,96,126,21,nan,nan,0.02
9/19/2025 19:01:48,1.16.3,PRexp,14,3.98,nan,40,Right,Left,1556,97,126,21,nan,nan,0.22
9/19/2025 19:01:49,1.16.3,PRexp,14,3.98,nan,40,Right,Left,1556,98,126,21,nan,nan,0.33
9/19/2025 19:01:50,1.16.3,PRexp,14,3.98,nan,40,Right,Left,1556,99,126,21,nan,nan,0.00
9/19/2025 19:01:52,1.16.3,PRexp,14,3.98,nan,40,Right,Left,1556,100,126,21,nan,nan,0.13
9/19/2025 19:02:03,1.16.3,PRexp,14,3.98,nan,40,Left,Left,1557,100,126,21,nan,nan,0.03
9/19/2025 19:02:06,1.16.3,PRexp,14,3.98,nan,40,Left,Left,1558,100,126,21,nan,nan,0.24
9/19/2025 19:02:08,1.16.3,PRexp,14,3.98,nan,40,Left,Left,1559,100,126,21,nan,nan,0.13
9/19/2025 19:02:11,1.16.3,PRexp,14,3.98,nan,40,Right,Left,1559,101,126,21,nan,nan,0.23
9/19/2025 19:02:17,1.16.3,PRexp,14,3.98,nan,40,Left,Left,1560,101,126,21,nan,nan,0.61
9/19/2025 19:02:19,1.16.3,PRexp,14,3.98,nan,40,Left,Left,1561,101,126,21,nan,nan,0.53
9/19/2025 19:02:20,1.16.3,PRexp,14,3.98,1,40,Pellet,Left,1561,101,127,22,0.24,728,nan
9/19/2025 19:03:26,1.16.3,PRexp,14,3.98,nan,45,Left,Left,1562,101,127,22,nan,nan,0.22
9/19/2025 19:03:30,1.16.3,PRexp,14,3.98,nan,45,Left,Left,1563,101,127,22,nan,nan,0.35
9/19/2025 19:03:34,1.16.3,PRexp,14,3.98,nan,45,Left,Left,1564,101,127,22,nan,nan,0.03
9/19/2025 19:03:35,1.16.3,PRexp,14,3.98,nan,45,Left,Left,1565,101,127,22,nan,nan,0.00
9/19/2025 19:03:38,1.16.3,PRexp,14,3.98,nan,45,Left,Left,1566,101,127,22,nan,nan,0.32
9/19/2025 19:03:39,1.16.3,PRexp,14,3.98,nan,45,Left,Left,1567,101,127,22,nan,nan,0.00
9/19/2025 19:03:41,1.16.3,PRexp,14,3.98,nan,45,Left,Left,1568,101,127,22,nan,nan,0.09
9/19/2025 19:03:42,1.16.3,PRexp,14,3.98,nan,45,Left,Left,1569,101,127,22,nan,nan,0.00
9/19/2025 19:03:44,1.16.3,PRexp,14,3.98,nan,45,Left,Left,1570,101,127,22,nan,nan,0.10
9/19/2025 19:06:47,1.16.3,PRexp,14,3.98,nan,45,Left,Left,1571,101,127,22,nan,nan,0.09
9/19/2025 19:06:52,1.16.3,PRexp,14,3.98,nan,45,Left,Left,1572,101,127,22,nan,nan,0.50
9/19/2025 19:06:54,1.16.3,PRexp,14,3.98,nan,45,Left,Left,1573,101,127,22,nan,nan,0.02
9/19/2025 19:06:58,1.16.3,PRexp,14,3.98,nan,45,Left,Left,1574,101,127,22,nan,nan,0.41
9/19/2025 19:07:02,1.16.3,PRexp,14,3.98,nan,45,Left,Left,1575,101,127,22,nan,nan,0.04
9/19/2025 19:08:58,1.16.3,PRexp,14,3.98,nan,45,Left,Left,1576,101,127,22,nan,nan,0.08
9/19/2025 19:09:02,1.16.3,PRexp,14,3.98,nan,45,Left,Left,1577,101,127,22,nan,nan,0.02
9/19/2025 19:09:05,1.16.3,PRexp,14,3.98,nan,45,Left,Left,1578,101,127,22,nan,nan,0.22
9/19/2025 19:09:07,1.16.3,PRexp,14,3.98,nan,45,Left,Left,1579,101,127,22,nan,nan,0.25
9/19/2025 19:09:08,1.16.3,PRexp,14,3.98,nan,45,Left,Left,1580,101,127,22,nan,nan,0.29
9/19/2025 19:09:10,1.16.3,PRexp,14,3.98,nan,45,Left,Left,1581,101,127,22,nan,nan,0.28
9/19/2025 19:09:11,1.16.3,PRexp,14,3.98,nan,45,Left,Left,1582,101,127,22,nan,nan,0.14
9/19/2025 19:09:13,1.16.3,PRexp,14,3.98,nan,45,Left,Left,1583,101,127,22,nan,nan,0.43
9/19/2025 19:09:16,1.16.3,PRexp,14,3.98,nan,45,Left,Left,1584,101,127,22,nan,nan,0.35
9/19/2025 19:09:18,1.16.3,PRexp,14,3.98,nan,45,Left,Left,1585,101,127,22,nan,nan,0.11
9/19/2025 19:09:19,1.16.3,PRexp,14,3.98,nan,45,Left,Left,1586,101,127,22,nan,nan,0.00
9/19/2025 19:09:22,1.16.3,PRexp,14,3.98,nan,45,Left,Left,1587,101,127,22,nan,nan,0.44
9/19/2025 19:09:25,1.16.3,PRexp,14,3.98,nan,45,Left,Left,1588,101,127,22,nan,nan,0.08
9/19/2025 19:09:28,1.16.3,PRexp,14,3.98,nan,45,Left,Left,1589,101,127,22,nan,nan,0.48
9/19/2025 19:09:31,1.16.3,PRexp,14,3.98,nan,45,Left,Left,1590,101,127,22,nan,nan,0.13
9/19/2025 19:09:37,1.16.3,PRexp,14,3.98,nan,45,Left,Left,1591,101,127,22,nan,nan,0.63
9/19/2025 19:09:39,1.16.3,PRexp,14,3.98,nan,45,Left,Left,1592,101,127,22,nan,nan,0.04
9/19/2025 19:09:55,1.16.3,PRexp,14,3.98,nan,45,Left,Left,1593,101,127,22,nan,nan,0.64
9/19/2025 19:09:56,1.16.3,PRexp,14,3.98,nan,45,Left,Left,1594,101,127,22,nan,nan,0.54
9/19/2025 19:10:01,1.16.3,PRexp,14,3.98,nan,45,Left,Left,1595,101,127,22,nan,nan,0.15
9/19/2025 19:10:03,1.16.3,PRexp,14,3.98,nan,45,Left,Left,1596,101,127,22,nan,nan,0.41
9/19/2025 19:14:23,1.16.3,PRexp,14,3.98,nan,45,Left,Left,1597,101,127,22,nan,nan,0.02
9/19/2025 19:14:30,1.16.3,PRexp,14,3.98,nan,45,Right,Left,1597,102,127,22,nan,nan,0.15
9/19/2025 19:14:31,1.16.3,PRexp,14,3.98,nan,45,Right,Left,1597,103,127,22,nan,nan,0.31
9/19/2025 19:16:58,1.16.3,PRexp,14,3.98,nan,45,Left,Left,1598,103,127,22,nan,nan,0.12
9/19/2025 19:17:03,1.16.3,PRexp,14,3.98,nan,45,Left,Left,1599,103,127,22,nan,nan,0.28
9/19/2025 19:17:06,1.16.3,PRexp,14,3.98,nan,45,Left,Left,1600,103,127,22,nan,nan,0.41
9/19/2025 19:17:08,1.16.3,PRexp,14,3.98,nan,45,Left,Left,1601,103,127,22,nan,nan,1.01
9/19/2025 19:24:21,1.16.3,PRexp,14,3.98,nan,45,Left,Left,1602,103,127,22,nan,nan,0.00
9/19/2025 19:24:24,1.16.3,PRexp,14,3.98,nan,45,Left,Left,1603,103,127,22,nan,nan,0.29
9/19/2025 19:24:27,1.16.3,PRexp,14,3.98,nan,45,Left,Left,1604,103,127,22,nan,nan,0.70
9/19/2025 19:24:29,1.16.3,PRexp,14,3.98,nan,45,Left,Left,1605,103,127,22,nan,nan,0.42
9/19/2025 19:24:31,1.16.3,PRexp,14,3.98,nan,45,Left,Left,1606,103,127,22,nan,nan,0.36
9/19/2025 19:24:31,1.16.3,PRexp,14,3.98,nan,45,LeftDuringDispense,Left,1607,103,127,23,nan,nan,0.04
9/19/2025 19:24:34,1.16.3,PRexp,14,3.98,2,45,Pellet,Left,1607,103,128,23,0.24,1334,nan
9/19/2025 19:25:08,1.16.3,PRexp,14,3.98,nan,50,Left,Left,1608,103,128,23,nan,nan,1.10
9/19/2025 19:25:12,1.16.3,PRexp,14,3.98,nan,50,Left,Left,1609,103,128,23,nan,nan,0.81
9/19/2025 19:25:16,1.16.3,PRexp,14,3.98,nan,50,Left,Left,1610,103,128,23,nan,nan,1.21
9/19/2025 19:25:19,1.16.3,PRexp,14,3.98,nan,50,Left,Left,1611,103,128,23,nan,nan,0.06
9/19/2025 19:25:21,1.16.3,PRexp,14,3.98,nan,50,Left,Left,1612,103,128,23,nan,nan,1.06
9/19/2025 19:25:28,1.16.3,PRexp,14,3.98,nan,50,Left,Left,1613,103,128,23,nan,nan,0.49
9/19/2025 19:25:30,1.16.3,PRexp,14,3.98,nan,50,Left,Left,1614,103,128,23,nan,nan,0.26
9/19/2025 19:25:31,1.16.3,PRexp,14,3.98,nan,50,Left,Left,1615,103,128,23,nan,nan,0.00
9/19/2025 19:25:32,1.16.3,PRexp,14,3.98,nan,50,Left,Left,1616,103,128,23,nan,nan,0.00
9/19/2025 19:25:33,1.16.3,PRexp,14,3.98,nan,50,Left,Left,1617,103,128,23,nan,nan,0.00
9/19/2025 19:25:37,1.16.3,PRexp,14,3.98,nan,50,Left,Left,1618,103,128,23,nan,nan,0.61
9/19/2025 19:25:39,1.16.3,PRexp,14,3.98,nan,50,Left,Left,1619,103,128,23,nan,nan,0.00
9/19/2025 19:25:41,1.16.3,PRexp,14,3.98,nan,50,Left,Left,1620,103,128,23,nan,nan,0.33
9/19/2025 19:25:42,1.16.3,PRexp,14,3.98,nan,50,Left,Left,1621,103,128,23,nan,nan,0.00
9/19/2025 19:25:44,1.16.3,PRexp,14,3.98,nan,50,Left,Left,1622,103,128,23,nan,nan,0.01
9/19/2025 19:25:45,1.16.3,PRexp,14,3.98,nan,50,Left,Left,1623,103,128,23,nan,nan,0.58
9/19/2025 19:25:50,1.16.3,PRexp,14,3.98,nan,50,Left,Left,1624,103,128,23,nan,nan,0.65
9/19/2025 19:25:53,1.16.3,PRexp,14,3.98,nan,50,Left,Left,1625,103,128,23,nan,nan,0.00
9/19/2025 19:25:54,1.16.3,PRexp,14,3.98,nan,50,Left,Left,1626,103,128,23,nan,nan,0.61
9/19/2025 19:25:58,1.16.3,PRexp,14,3.98,nan,50,Left,Left,1627,103,128,23,nan,nan,1.12
9/19/2025 19:26:02,1.16.3,PRexp,14,3.98,nan,50,Left,Left,1628,103,128,23,nan,nan,0.82
9/19/2025 19:26:08,1.16.3,PRexp,14,3.98,nan,50,Left,Left,1629,103,128,23,nan,nan,0.52
9/19/2025 19:26:14,1.16.3,PRexp,14,3.98,nan,50,Left,Left,1630,103,128,23,nan,nan,0.00
9/19/2025 19:31:00,1.16.3,PRexp,14,3.98,nan,50,Left,Left,1631,103,128,23,nan,nan,0.09
9/19/2025 19:31:03,1.16.3,PRexp,14,3.98,nan,50,Left,Left,1632,103,128,23,nan,nan,0.11
9/19/2025 19:31:05,1.16.3,PRexp,14,3.98,nan,50,Left,Left,1633,103,128,23,nan,nan,1.21
9/19/2025 19:31:07,1.16.3,PRexp,14,3.98,nan,50,Left,Left,1634,103,128,23,nan,nan,0.19
9/19/2025 19:31:08,1.16.3,PRexp,14,3.98,nan,50,Left,Left,1635,103,128,23,nan,nan,0.24
9/19/2025 19:31:10,1.16.3,PRexp,14,3.97,nan,50,Left,Left,1636,103,128,23,nan,nan,0.20
9/19/2025 19:31:11,1.16.3,PRexp,14,3.98,nan,50,Left,Left,1637,103,128,23,nan,nan,0.00
9/19/2025 19:31:14,1.16.3,PRexp,14,3.98,nan,50,Left,Left,1638,103,128,23,nan,nan,0.56
9/19/2025 19:35:11,1.16.3,PRexp,14,3.98,nan,50,Left,Left,1639,103,128,23,nan,nan,0.37
9/19/2025 19:35:13,1.16.3,PRexp,14,3.98,nan,50,Left,Left,1640,103,128,23,nan,nan,0.02
9/19/2025 19:35:15,1.16.3,PRexp,14,3.98,nan,50,Left,Left,1641,103,128,23,nan,nan,0.31
9/19/2025 19:35:16,1.16.3,PRexp,14,3.98,nan,50,Left,Left,1642,103,128,23,nan,nan,0.01
9/19/2025 19:35:16,1.16.3,PRexp,14,3.98,nan,50,Left,Left,1643,103,128,23,nan,nan,0.06
9/19/2025 19:35:19,1.16.3,PRexp,14,3.98,nan,50,Left,Left,1644,103,128,23,nan,nan,0.07
9/19/2025 19:35:20,1.16.3,PRexp,14,3.98,nan,50,Left,Left,1645,103,128,23,nan,nan,0.00
9/19/2025 19:35:22,1.16.3,PRexp,14,3.98,nan,50,Left,Left,1646,103,128,23,nan,nan,0.95
9/19/2025 19:35:24,1.16.3,PRexp,14,3.98,nan,50,Left,Left,1647,103,128,23,nan,nan,0.80
9/19/2025 19:35:26,1.16.3,PRexp,14,3.98,nan,50,Left,Left,1648,103,128,23,nan,nan,0.09
9/19/2025 19:35:30,1.16.3,PRexp,14,3.98,nan,50,Left,Left,1649,103,128,23,nan,nan,0.70
9/19/2025 19:35:33,1.16.3,PRexp,14,3.98,nan,50,Left,Left,1650,103,128,23,nan,nan,0.59
9/19/2025 19:37:10,1.16.3,PRexp,14,3.98,nan,50,Right,Left,1650,104,128,23,nan,nan,0.11
9/19/2025 19:37:14,1.16.3,PRexp,14,3.98,nan,50,Left,Left,1651,104,128,23,nan,nan,0.03
9/19/2025 19:38:38,1.16.3,PRexp,14,3.98,nan,50,Right,Left,1651,105,128,23,nan,nan,0.01
9/19/2025 19:38:53,1.16.3,PRexp,14,3.98,nan,50,Left,Left,1652,105,128,23,nan,nan,0.10
9/19/2025 19:39:06,1.16.3,PRexp,14,3.98,nan,50,Left,Left,1653,105,128,23,nan,nan,0.09
9/19/2025 19:44:10,1.16.3,PRexp,14,3.98,nan,50,Left,Left,1654,105,128,23,nan,nan,0.18
9/19/2025 19:44:13,1.16.3,PRexp,14,3.98,nan,50,Left,Left,1655,105,128,23,nan,nan,0.10
9/19/2025 19:44:14,1.16.3,PRexp,14,3.98,nan,50,Left,Left,1656,105,128,23,nan,nan,0.00
9/19/2025 19:44:17,1.16.3,PRexp,14,3.98,nan,50,Left,Left,1657,105,128,23,nan,nan,0.13
9/19/2025 19:44:19,1.16.3,PRexp,14,3.98,1,50,Pellet,Left,1657,105,129,24,0.55,1185,nan
9/19/2025 19:44:55,1.16.3,PRexp,14,3.98,nan,56,Left,Left,1658,105,129,24,nan,nan,0.08
9/19/2025 19:44:56,1.16.3,PRexp,14,3.98,nan,56,Left,Left,1659,105,129,24,nan,nan,0.05
9/19/2025 19:45:00,1.16.3,PRexp,14,3.98,nan,56,Left,Left,1660,105,129,24,nan,nan,0.28
9/19/2025 19:45:52,1.16.3,PRexp,14,3.98,nan,56,Right,Left,1660,106,129,24,nan,nan,0.09
9/19/2025 19:48:31,1.16.3,PRexp,14,3.98,nan,56,Left,Left,1661,106,129,24,nan,nan,0.02
9/19/2025 19:48:33,1.16.3,PRexp,14,3.98,nan,56,Left,Left,1662,106,129,24,nan,nan,0.47
9/19/2025 19:48:43,1.16.3,PRexp,14,3.98,nan,56,Left,Left,1663,106,129,24,nan,nan,0.13
9/19/2025 19:48:44,1.16.3,PRexp,14,3.98,nan,56,Left,Left,1664,106,129,24,nan,nan,0.00
9/19/2025 19:48:46,1.16.3,PRexp,14,3.98,nan,56,Left,Left,1665,106,129,24,nan,nan,0.39
9/19/2025 19:48:51,1.16.3,PRexp,14,3.98,nan,56,Left,Left,1666,106,129,24,nan,nan,0.03
9/19/2025 19:48:52,1.16.3,PRexp,14,3.98,nan,56,Left,Left,1667,106,129,24,nan,nan,0.11
9/19/2025 19:48:53,1.16.3,PRexp,14,3.98,nan,56,Left,Left,1668,106,129,24,nan,nan,0.35
9/19/2025 19:50:46,1.16.3,PRexp,14,3.98,nan,56,Left,Left,1669,106,129,24,nan,nan,0.13
9/19/2025 19:52:24,1.16.3,PRexp,14,3.98,nan,56,Left,Left,1670,106,129,24,nan,nan,0.04
9/19/2025 19:52:38,1.16.3,PRexp,14,3.98,nan,56,Right,Left,1670,107,129,24,nan,nan,0.40
9/19/2025 19:53:14,1.16.3,PRexp,14,3.98,nan,56,Left,Left,1671,107,129,24,nan,nan,0.00
9/19/2025 19:55:28,1.16.3,PRexp,14,3.98,nan,56,Left,Left,1672,107,129,24,nan,nan,0.56
9/19/2025 19:55:28,1.16.3,PRexp,14,3.98,nan,56,Left,Left,1673,107,129,24,nan,nan,0.00
9/19/2025 19:55:30,1.16.3,PRexp,14,3.98,nan,56,Left,Left,1674,107,129,24,nan,nan,0.44
9/19/2025 19:56:29,1.16.3,PRexp,14,3.98,nan,56,Left,Left,1675,107,129,24,nan,nan,0.08
9/19/2025 19:56:50,1.16.3,PRexp,14,3.98,nan,56,Left,Left,1676,107,129,24,nan,nan,0.55
9/19/2025 19:56:51,1.16.3,PRexp,14,3.98,nan,56,Left,Left,1677,107,129,24,nan,nan,0.16
9/19/2025 19:56:52,1.16.3,PRexp,14,3.98,nan,56,Left,Left,1678,107,129,24,nan,nan,0.00
9/19/2025 19:56:54,1.16.3,PRexp,14,3.98,nan,56,Left,Left,1679,107,129,24,nan,nan,0.58
9/19/2025 19:56:55,1.16.3,PRexp,14,3.98,nan,56,Left,Left,1680,107,129,24,nan,nan,0.39
9/19/2025 19:56:56,1.16.3,PRexp,14,3.98,nan,56,Left,Left,1681,107,129,24,nan,nan,0.43
9/19/2025 19:57:05,1.16.3,PRexp,14,3.98,nan,56,Left,Left,1682,107,129,24,nan,nan,0.10
9/19/2025 19:57:08,1.16.3,PRexp,14,3.98,nan,56,Left,Left,1683,107,129,24,nan,nan,0.74
9/19/2025 19:57:10,1.16.3,PRexp,14,3.98,nan,56,Left,Left,1684,107,129,24,nan,nan,0.46
9/19/2025 19:57:11,1.16.3,PRexp,14,3.98,nan,56,Left,Left,1685,107,129,24,nan,nan,0.27
9/19/2025 19:57:19,1.16.3,PRexp,14,3.98,nan,56,Left,Left,1686,107,129,24,nan,nan,0.11
9/19/2025 19:57:24,1.16.3,PRexp,14,3.98,nan,56,Left,Left,1687,107,129,24,nan,nan,0.39
9/19/2025 19:57:26,1.16.3,PRexp,14,3.98,nan,56,Left,Left,1688,107,129,24,nan,nan,0.01
9/19/2025 19:57:27,1.16.3,PRexp,14,3.98,nan,56,Left,Left,1689,107,129,24,nan,nan,0.71
9/19/2025 19:57:34,1.16.3,PRexp,14,3.98,nan,56,Left,Left,1690,107,129,24,nan,nan,0.04
9/19/2025 20:01:08,1.16.3,PRexp,14,3.98,nan,56,Left,Left,1691,107,129,24,nan,nan,0.10
9/19/2025 20:01:10,1.16.3,PRexp,14,3.98,nan,56,Left,Left,1692,107,129,24,nan,nan,0.81
9/19/2025 20:01:11,1.16.3,PRexp,14,3.98,nan,56,Left,Left,1693,107,129,24,nan,nan,0.62
9/19/2025 20:01:13,1.16.3,PRexp,14,3.98,nan,56,Left,Left,1694,107,129,24,nan,nan,0.13
9/19/2025 20:01:16,1.16.3,PRexp,14,3.98,nan,56,Left,Left,1695,107,129,24,nan,nan,0.11
9/19/2025 20:01:19,1.16.3,PRexp,14,3.98,nan,56,Left,Left,1696,107,129,24,nan,nan,0.72
9/19/2025 20:01:22,1.16.3,PRexp,14,3.98,nan,56,Left,Left,1697,107,129,24,nan,nan,0.08
9/19/2025 20:01:26,1.16.3,PRexp,14,3.98,nan,56,Left,Left,1698,107,129,24,nan,nan,0.45
9/19/2025 20:01:30,1.16.3,PRexp,14,3.98,nan,56,Left,Left,1699,107,129,24,nan,nan,0.05
9/19/2025 20:01:32,1.16.3,PRexp,14,3.98,nan,56,Left,Left,1700,107,129,24,nan,nan,0.28
9/19/2025 20:01:33,1.16.3,PRexp,14,3.98,nan,56,Left,Left,1701,107,129,24,nan,nan,0.48
9/19/2025 20:01:34,1.16.3,PRexp,14,3.97,nan,56,Left,Left,1702,107,129,24,nan,nan,0.00
9/19/2025 20:01:35,1.16.3,PRexp,14,3.98,nan,56,Left,Left,1703,107,129,24,nan,nan,0.40
9/19/2025 20:01:37,1.16.3,PRexp,14,3.98,nan,56,Left,Left,1704,107,129,24,nan,nan,0.20
9/19/2025 20:01:39,1.16.3,PRexp,14,3.98,nan,56,Left,Left,1705,107,129,24,nan,nan,0.00
9/19/2025 20:01:40,1.16.3,PRexp,14,3.98,nan,56,Left,Left,1706,107,129,24,nan,nan,0.01
9/19/2025 20:01:41,1.16.3,PRexp,14,3.98,nan,56,Left,Left,1707,107,129,24,nan,nan,0.46
9/19/2025 20:01:49,1.16.3,PRexp,14,3.98,nan,56,Left,Left,1708,107,129,24,nan,nan,0.10
9/19/2025 20:04:04,1.16.3,PRexp,14,3.98,nan,56,Left,Left,1709,107,129,24,nan,nan,0.06
9/19/2025 20:05:53,1.16.3,PRexp,14,3.98,nan,56,Right,Left,1709,108,129,24,nan,nan,0.03
9/19/2025 20:05:55,1.16.3,PRexp,14,3.98,nan,56,Right,Left,1709,109,129,24,nan,nan,0.00
9/19/2025 20:05:57,1.16.3,PRexp,14,3.98,nan,56,Left,Left,1710,109,129,24,nan,nan,0.02
9/19/2025 20:06:02,1.16.3,PRexp,14,3.98,nan,56,Left,Left,1711,109,129,24,nan,nan,0.02
9/19/2025 20:06:03,1.16.3,PRexp,14,3.98,nan,56,Left,Left,1712,109,129,24,nan,nan,0.65
9/19/2025 20:06:08,1.16.3,PRexp,14,3.98,nan,56,Left,Left,1713,109,129,24,nan,nan,0.57
9/19/2025 20:06:09,1.16.3,PRexp,14,3.98,nan,56,LeftDuringDispense,Left,1714,109,129,25,nan,nan,0.04
9/19/2025 20:06:12,1.16.3,PRexp,14,3.98,3,56,Pellet,Left,1714,109,130,25,0.06,1313,nan
9/19/2025 20:06:52,1.16.3,PRexp,14,3.98,nan,62,Left,Left,1715,109,130,25,nan,nan,0.13
9/19/2025 20:06:54,1.16.3,PRexp,14,3.98,nan,62,Left,Left,1716,109,130,25,nan,nan,0.23
9/19/2025 20:06:55,1.16.3,PRexp,14,3.98,nan,62,Left,Left,1717,109,130,25,nan,nan,0.51
9/19/2025 20:06:56,1.16.3,PRexp,14,3.98,nan,62,Left,Left,1718,109,130,25,nan,nan,0.00
9/19/2025 20:06:58,1.16.3,PRexp,14,3.98,nan,62,Left,Left,1719,109,130,25,nan,nan,0.18
9/19/2025 20:07:01,1.16.3,PRexp,14,3.98,nan,62,Left,Left,1720,109,130,25,nan,nan,0.56
9/19/2025 20:07:03,1.16.3,PRexp,14,3.98,nan,62,Left,Left,1721,109,130,25,nan,nan,0.21
9/19/2025 20:07:05,1.16.3,PRexp,14,3.98,nan,62,Left,Left,1722,109,130,25,nan,nan,0.27
9/19/2025 20:07:06,1.16.3,PRexp,14,3.98,nan,62,Left,Left,1723,109,130,25,nan,nan,0.44
9/19/2025 20:07:07,1.16.3,PRexp,14,3.98,nan,62,Left,Left,1724,109,130,25,nan,nan,0.00
9/19/2025 20:07:08,1.16.3,PRexp,14,3.98,nan,62,Left,Left,1725,109,130,25,nan,nan,0.04
9/19/2025 20:07:16,1.16.3,PRexp,14,3.98,nan,62,Left,Left,1726,109,130,25,nan,nan,0.23
9/19/2025 20:07:17,1.16.3,PRexp,14,3.98,nan,62,Left,Left,1727,109,130,25,nan,nan,0.13
9/19/2025 20:07:19,1.16.3,PRexp,14,3.98,nan,62,Left,Left,1728,109,130,25,nan,nan,0.31
9/19/2025 20:07:23,1.16.3,PRexp,14,3.98,nan,62,Left,Left,1729,109,130,25,nan,nan,0.09
9/19/2025 20:09:24,1.16.3,PRexp,14,3.98,nan,62,Left,Left,1730,109,130,25,nan,nan,0.02
9/19/2025 20:15:45,1.16.3,PRexp,14,3.97,nan,62,Left,Left,1731,109,130,25,nan,nan,0.02
9/19/2025 20:15:52,1.16.3,PRexp,14,3.98,nan,62,Left,Left,1732,109,130,25,nan,nan,0.01
9/19/2025 20:15:56,1.16.3,PRexp,14,3.98,nan,62,Left,Left,1733,109,130,25,nan,nan,0.20
9/19/2025 20:15:59,1.16.3,PRexp,14,3.98,nan,62,Left,Left,1734,109,130,25,nan,nan,0.75
9/19/2025 20:16:01,1.16.3,PRexp,14,3.98,nan,62,Left,Left,1735,109,130,25,nan,nan,0.77
9/19/2025 20:16:04,1.16.3,PRexp,14,3.98,nan,62,Left,Left,1736,109,130,25,nan,nan,0.08
9/19/2025 20:16:07,1.16.3,PRexp,14,3.98,nan,62,Left,Left,1737,109,130,25,nan,nan,0.82
9/19/2025 20:16:12,1.16.3,PRexp,14,3.98,nan,62,Left,Left,1738,109,130,25,nan,nan,1.15
9/19/2025 20:16:15,1.16.3,PRexp,14,3.98,nan,62,Left,Left,1739,109,130,25,nan,nan,0.88
9/19/2025 20:16:23,1.16.3,PRexp,14,3.98,nan,62,Left,Left,1740,109,130,25,nan,nan,0.00
9/19/2025 20:16:25,1.16.3,PRexp,14,3.98,nan,62,Left,Left,1741,109,130,25,nan,nan,0.80
9/19/2025 20:16:28,1.16.3,PRexp,14,3.98,nan,62,Left,Left,1742,109,130,25,nan,nan,0.32
9/19/2025 20:16:31,1.16.3,PRexp,14,3.98,nan,62,Left,Left,1743,109,130,25,nan,nan,0.08
9/19/2025 20:16:33,1.16.3,PRexp,14,3.98,nan,62,Left,Left,1744,109,130,25,nan,nan,0.00
9/19/2025 20:16:36,1.16.3,PRexp,14,3.98,nan,62,Left,Left,1745,109,130,25,nan,nan,2.08
9/19/2025 20:16:38,1.16.3,PRexp,14,3.98,nan,62,Left,Left,1746,109,130,25,nan,nan,0.17
9/19/2025 20:16:42,1.16.3,PRexp,14,3.98,nan,62,Left,Left,1747,109,130,25,nan,nan,0.00
9/19/2025 20:17:58,1.16.3,PRexp,14,3.98,nan,62,Right,Left,1747,110,130,25,nan,nan,0.22
9/19/2025 20:17:59,1.16.3,PRexp,14,3.98,nan,62,Right,Left,1747,111,130,25,nan,nan,0.13
9/19/2025 20:19:00,1.16.3,PRexp,14,3.98,nan,62,Left,Left,1748,111,130,25,nan,nan,0.73
9/19/2025 20:19:03,1.16.3,PRexp,14,3.98,nan,62,Left,Left,1749,111,130,25,nan,nan,0.79
9/19/2025 20:19:06,1.16.3,PRexp,14,3.98,nan,62,Left,Left,1750,111,130,25,nan,nan,0.14
9/19/2025 20:22:32,1.16.3,PRexp,14,3.98,nan,62,Left,Left,1751,111,130,25,nan,nan,0.04
9/19/2025 20:25:49,1.16.3,PRexp,14,3.98,nan,62,Left,Left,1752,111,130,25,nan,nan,0.98
9/19/2025 20:25:57,1.16.3,PRexp,14,3.98,nan,62,Left,Left,1753,111,130,25,nan,nan,0.11
9/19/2025 20:26:02,1.16.3,PRexp,14,3.97,nan,62,Right,Left,1753,112,130,25,nan,nan,0.17
9/19/2025 20:29:15,1.16.3,PRexp,14,3.98,nan,62,Left,Left,1754,112,130,25,nan,nan,2.65
9/19/2025 20:29:21,1.16.3,PRexp,14,3.98,nan,62,Left,Left,1755,112,130,25,nan,nan,0.97
9/19/2025 20:29:28,1.16.3,PRexp,14,3.98,nan,62,Left,Left,1756,112,130,25,nan,nan,0.39
9/19/2025 20:29:30,1.16.3,PRexp,14,3.98,nan,62,Left,Left,1757,112,130,25,nan,nan,0.64
9/19/2025 20:30:35,1.16.3,PRexp,14,3.97,nan,62,Left,Left,1758,112,130,25,nan,nan,0.02
9/19/2025 20:31:33,1.16.3,PRexp,14,3.98,nan,62,Left,Left,1759,112,130,25,nan,nan,0.06
9/19/2025 20:31:43,1.16.3,PRexp,14,3.98,nan,62,Left,Left,1760,112,130,25,nan,nan,0.12
9/19/2025 20:31:45,1.16.3,PRexp,14,3.98,nan,62,Left,Left,1761,112,130,25,nan,nan,0.15
9/19/2025 20:31:47,1.16.3,PRexp,14,3.98,nan,62,Left,Left,1762,112,130,25,nan,nan,0.27
9/19/2025 20:31:51,1.16.3,PRexp,14,3.98,nan,62,Left,Left,1763,112,130,25,nan,nan,0.11
9/19/2025 20:31:53,1.16.3,PRexp,14,3.98,nan,62,Left,Left,1764,112,130,25,nan,nan,0.65
9/19/2025 20:31:57,1.16.3,PRexp,14,3.98,nan,62,Left,Left,1765,112,130,25,nan,nan,0.69
9/19/2025 20:32:04,1.16.3,PRexp,14,3.98,nan,62,Left,Left,1766,112,130,25,nan,nan,0.02
9/19/2025 20:32:05,1.16.3,PRexp,14,3.97,nan,62,Left,Left,1767,112,130,25,nan,nan,0.25
9/19/2025 20:32:07,1.16.3,PRexp,14,3.98,nan,62,Left,Left,1768,112,130,25,nan,nan,0.65
9/19/2025 20:32:08,1.16.3,PRexp,14,3.98,nan,62,Left,Left,1769,112,130,25,nan,nan,0.56
9/19/2025 20:32:09,1.16.3,PRexp,14,3.98,nan,62,Left,Left,1770,112,130,25,nan,nan,0.00
9/19/2025 20:32:11,1.16.3,PRexp,14,3.98,nan,62,Left,Left,1771,112,130,25,nan,nan,0.12
9/19/2025 20:32:12,1.16.3,PRexp,14,3.98,nan,62,Left,Left,1772,112,130,25,nan,nan,0.00
9/19/2025 20:32:14,1.16.3,PRexp,14,3.98,nan,62,Left,Left,1773,112,130,25,nan,nan,1.00
9/19/2025 20:32:17,1.16.3,PRexp,14,3.98,nan,62,Left,Left,1774,112,130,25,nan,nan,0.14
9/19/2025 20:32:20,1.16.3,PRexp,14,3.98,nan,62,Left,Left,1775,112,130,25,nan,nan,0.39
9/19/2025 20:32:21,1.16.3,PRexp,14,3.98,nan,62,Left,Left,1776,112,130,25,nan,nan,0.00
9/19/2025 20:32:24,1.16.3,PRexp,14,3.98,3,62,Pellet,Left,1776,112,131,26,0.06,1572,nan
9/19/2025 20:33:35,1.16.3,PRexp,14,3.98,nan,69,Left,Left,1777,112,131,26,nan,nan,0.38
9/19/2025 20:33:39,1.16.3,PRexp,14,3.98,nan,69,Left,Left,1778,112,131,26,nan,nan,1.23
9/19/2025 20:33:40,1.16.3,PRexp,14,3.98,nan,69,Left,Left,1779,112,131,26,nan,nan,0.88
9/19/2025 20:33:43,1.16.3,PRexp,14,3.98,nan,69,Left,Left,1780,112,131,26,nan,nan,0.87
9/19/2025 20:33:44,1.16.3,PRexp,14,3.98,nan,69,Left,Left,1781,112,131,26,nan,nan,0.49
9/19/2025 20:33:46,1.16.3,PRexp,14,3.98,nan,69,Left,Left,1782,112,131,26,nan,nan,0.04
9/19/2025 20:33:49,1.16.3,PRexp,14,3.98,nan,69,Left,Left,1783,112,131,26,nan,nan,0.00
9/19/2025 20:33:50,1.16.3,PRexp,14,3.98,nan,69,Left,Left,1784,112,131,26,nan,nan,0.00
9/19/2025 20:33:52,1.16.3,PRexp,14,3.98,nan,69,Left,Left,1785,112,131,26,nan,nan,0.53
9/19/2025 20:33:54,1.16.3,PRexp,14,3.98,nan,69,Left,Left,1786,112,131,26,nan,nan,0.00
9/19/2025 20:33:56,1.16.3,PRexp,14,3.98,nan,69,Left,Left,1787,112,131,26,nan,nan,0.50
9/19/2025 20:33:57,1.16.3,PRexp,14,3.98,nan,69,Left,Left,1788,112,131,26,nan,nan,0.00
9/19/2025 20:33:59,1.16.3,PRexp,14,3.98,nan,69,Left,Left,1789,112,131,26,nan,nan,0.33
9/19/2025 20:34:01,1.16.3,PRexp,14,3.98,nan,69,Left,Left,1790,112,131,26,nan,nan,0.00
9/19/2025 20:34:02,1.16.3,PRexp,14,3.98,nan,69,Left,Left,1791,112,131,26,nan,nan,0.14
9/19/2025 20:34:04,1.16.3,PRexp,14,3.98,nan,69,Left,Left,1792,112,131,26,nan,nan,0.64
9/19/2025 20:34:07,1.16.3,PRexp,14,3.98,nan,69,Left,Left,1793,112,131,26,nan,nan,1.92
9/19/2025 20:34:08,1.16.3,PRexp,14,3.98,nan,69,Left,Left,1794,112,131,26,nan,nan,0.37
9/19/2025 20:34:13,1.16.3,PRexp,14,3.98,nan,69,Left,Left,1795,112,131,26,nan,nan,0.09
9/19/2025 20:34:15,1.16.3,PRexp,14,3.98,nan,69,Left,Left,1796,112,131,26,nan,nan,1.13
9/19/2025 20:34:20,1.16.3,PRexp,14,3.98,nan,69,Left,Left,1797,112,131,26,nan,nan,2.04
9/19/2025 20:34:21,1.16.3,PRexp,14,3.98,nan,69,Left,Left,1798,112,131,26,nan,nan,0.00
9/19/2025 20:34:23,1.16.3,PRexp,14,3.98,nan,69,Left,Left,1799,112,131,26,nan,nan,0.05
9/19/2025 20:34:26,1.16.3,PRexp,14,3.98,nan,69,Left,Left,1800,112,131,26,nan,nan,0.34
9/19/2025 20:34:27,1.16.3,PRexp,14,3.98,nan,69,Left,Left,1801,112,131,26,nan,nan,0.44
9/19/2025 20:34:28,1.16.3,PRexp,14,3.98,nan,69,Left,Left,1802,112,131,26,nan,nan,0.11
9/19/2025 20:34:31,1.16.3,PRexp,14,3.98,nan,69,Left,Left,1803,112,131,26,nan,nan,0.02
9/19/2025 20:34:34,1.16.3,PRexp,14,3.98,nan,69,Left,Left,1804,112,131,26,nan,nan,0.89
9/19/2025 20:34:42,1.16.3,PRexp,14,3.98,nan,69,Left,Left,1805,112,131,26,nan,nan,0.40
9/19/2025 20:34:54,1.16.3,PRexp,14,3.98,nan,69,Left,Left,1806,112,131,26,nan,nan,0.00
9/19/2025 20:34:58,1.16.3,PRexp,14,3.98,nan,69,Left,Left,1807,112,131,26,nan,nan,0.17
9/19/2025 20:35:00,1.16.3,PRexp,14,3.98,nan,69,Left,Left,1808,112,131,26,nan,nan,0.00
9/19/2025 20:35:03,1.16.3,PRexp,14,3.98,nan,69,Left,Left,1809,112,131,26,nan,nan,0.90
9/19/2025 20:35:11,1.16.3,PRexp,14,3.98,nan,69,Left,Left,1810,112,131,26,nan,nan,0.05
9/19/2025 20:35:21,1.16.3,PRexp,14,3.98,nan,69,Left,Left,1811,112,131,26,nan,nan,0.10
9/19/2025 20:35:31,1.16.3,PRexp,14,3.98,nan,69,Left,Left,1812,112,131,26,nan,nan,0.14
9/19/2025 20:35:35,1.16.3,PRexp,14,3.97,nan,69,Left,Left,1813,112,131,26,nan,nan,2.34
9/19/2025 20:35:45,1.16.3,PRexp,14,3.98,nan,69,Left,Left,1814,112,131,26,nan,nan,0.87
9/19/2025 20:35:48,1.16.3,PRexp,14,3.98,nan,69,Left,Left,1815,112,131,26,nan,nan,0.90
9/19/2025 20:35:50,1.16.3,PRexp,14,3.97,nan,69,Left,Left,1816,112,131,26,nan,nan,0.00
9/19/2025 20:35:55,1.16.3,PRexp,14,3.98,nan,69,Left,Left,1817,112,131,26,nan,nan,0.16
9/19/2025 20:35:58,1.16.3,PRexp,14,3.98,nan,69,Left,Left,1818,112,131,26,nan,nan,0.95
9/19/2025 20:35:59,1.16.3,PRexp,14,3.98,nan,69,Left,Left,1819,112,131,26,nan,nan,0.85
9/19/2025 20:49:08,1.16.3,PRexp,14,3.98,nan,69,Left,Left,1820,112,131,26,nan,nan,0.64
9/19/2025 20:49:13,1.16.3,PRexp,14,3.98,nan,69,Left,Left,1821,112,131,26,nan,nan,0.92
9/19/2025 20:49:17,1.16.3,PRexp,14,3.98,nan,69,Left,Left,1822,112,131,26,nan,nan,0.28
9/19/2025 20:49:21,1.16.3,PRexp,14,3.98,nan,69,Left,Left,1823,112,131,26,nan,nan,0.91
9/19/2025 20:49:23,1.16.3,PRexp,14,3.98,nan,69,Left,Left,1824,112,131,26,nan,nan,0.91
9/19/2025 20:49:25,1.16.3,PRexp,14,3.98,nan,69,Left,Left,1825,112,131,26,nan,nan,0.17
9/19/2025 20:49:30,1.16.3,PRexp,14,3.98,nan,69,Left,Left,1826,112,131,26,nan,nan,1.88
9/19/2025 20:49:33,1.16.3,PRexp,14,3.98,nan,69,Left,Left,1827,112,131,26,nan,nan,0.00
9/19/2025 20:49:35,1.16.3,PRexp,14,3.98,nan,69,Left,Left,1828,112,131,26,nan,nan,0.21
9/19/2025 20:49:40,1.16.3,PRexp,14,3.98,nan,69,Left,Left,1829,112,131,26,nan,nan,0.19
9/19/2025 20:49:45,1.16.3,PRexp,14,3.98,nan,69,Left,Left,1830,112,131,26,nan,nan,1.07
9/19/2025 20:57:42,1.16.3,PRexp,14,3.98,nan,69,Left,Left,1831,112,131,26,nan,nan,0.98
9/19/2025 20:57:46,1.16.3,PRexp,14,3.98,nan,69,Left,Left,1832,112,131,26,nan,nan,0.94
9/19/2025 20:57:49,1.16.3,PRexp,14,3.98,nan,69,Left,Left,1833,112,131,26,nan,nan,0.03
9/19/2025 20:57:53,1.16.3,PRexp,14,3.98,nan,69,Left,Left,1834,112,131,26,nan,nan,1.19
9/19/2025 20:57:57,1.16.3,PRexp,14,3.98,nan,69,Left,Left,1835,112,131,26,nan,nan,0.23
9/19/2025 20:58:06,1.16.3,PRexp,14,3.98,nan,69,Left,Left,1836,112,131,26,nan,nan,1.67
9/19/2025 20:58:09,1.16.3,PRexp,14,3.98,nan,69,Left,Left,1837,112,131,26,nan,nan,1.27
9/19/2025 20:58:13,1.16.3,PRexp,14,3.97,nan,69,Left,Left,1838,112,131,26,nan,nan,0.42
9/19/2025 20:58:21,1.16.3,PRexp,14,3.98,nan,69,Left,Left,1839,112,131,26,nan,nan,0.51
9/19/2025 21:06:15,1.16.3,PRexp,14,3.98,nan,69,Left,Left,1840,112,131,26,nan,nan,0.82
9/19/2025 21:06:21,1.16.3,PRexp,14,3.98,nan,69,Left,Left,1841,112,131,26,nan,nan,1.76
9/19/2025 21:06:26,1.16.3,PRexp,14,3.98,nan,69,Left,Left,1842,112,131,26,nan,nan,1.82
9/19/2025 21:06:30,1.16.3,PRexp,14,3.98,nan,69,Left,Left,1843,112,131,26,nan,nan,0.75
9/19/2025 21:06:33,1.16.3,PRexp,14,3.97,nan,69,Left,Left,1844,112,131,26,nan,nan,0.47
9/19/2025 21:06:38,1.16.3,PRexp,14,3.98,nan,69,Left,Left,1845,112,131,26,nan,nan,0.04
9/19/2025 21:06:38,1.16.3,PRexp,14,3.98,nan,69,LeftDuringDispense,Left,1846,112,131,27,nan,nan,0.04
9/19/2025 21:06:42,1.16.3,PRexp,14,3.97,3,69,Pellet,Left,1846,112,132,27,0.55,2058,nan
9/19/2025 21:07:16,1.16.3,PRexp,14,3.98,nan,77,Left,Left,1847,112,132,27,nan,nan,0.03
9/19/2025 21:07:18,1.16.3,PRexp,14,3.98,nan,77,Left,Left,1848,112,132,27,nan,nan,0.84
9/19/2025 21:07:21,1.16.3,PRexp,14,3.98,nan,77,Left,Left,1849,112,132,27,nan,nan,0.32
9/19/2025 21:07:25,1.16.3,PRexp,14,3.98,nan,77,Left,Left,1850,112,132,27,nan,nan,0.01
9/19/2025 21:07:36,1.16.3,PRexp,14,3.98,nan,77,Left,Left,1851,112,132,27,nan,nan,4.61
9/19/2025 21:07:41,1.16.3,PRexp,14,3.98,nan,77,Left,Left,1852,112,132,27,nan,nan,0.70
9/19/2025 21:07:43,1.16.3,PRexp,14,3.98,nan,77,Left,Left,1853,112,132,27,nan,nan,0.00
9/19/2025 21:07:48,1.16.3,PRexp,14,3.98,nan,77,Left,Left,1854,112,132,27,nan,nan,1.70
9/19/2025 21:13:45,1.16.3,PRexp,14,3.98,nan,77,Left,Left,1855,112,132,27,nan,nan,0.01
9/19/2025 21:13:49,1.16.3,PRexp,14,3.98,nan,77,Left,Left,1856,112,132,27,nan,nan,0.67
9/19/2025 21:13:59,1.16.3,PRexp,14,3.98,nan,77,Left,Left,1857,112,132,27,nan,nan,6.83
9/19/2025 21:14:05,1.16.3,PRexp,14,3.97,nan,77,Left,Left,1858,112,132,27,nan,nan,2.97
9/19/2025 21:14:07,1.16.3,PRexp,14,3.98,nan,77,Left,Left,1859,112,132,27,nan,nan,0.00
9/19/2025 21:14:10,1.16.3,PRexp,14,3.98,nan,77,Left,Left,1860,112,132,27,nan,nan,1.74
9/19/2025 21:14:11,1.16.3,PRexp,14,3.98,nan,77,Left,Left,1861,112,132,27,nan,nan,0.05
9/19/2025 21:14:12,1.16.3,PRexp,14,3.98,nan,77,Left,Left,1862,112,132,27,nan,nan,0.00
9/19/2025 21:14:14,1.16.3,PRexp,14,3.98,nan,77,Left,Left,1863,112,132,27,nan,nan,0.50
9/19/2025 21:14:22,1.16.3,PRexp,14,3.98,nan,77,Left,Left,1864,112,132,27,nan,nan,0.09
9/19/2025 21:14:27,1.16.3,PRexp,14,3.98,nan,77,Left,Left,1865,112,132,27,nan,nan,1.27
9/19/2025 21:14:34,1.16.3,PRexp,14,3.98,nan,77,Left,Left,1866,112,132,27,nan,nan,5.11
9/19/2025 21:14:38,1.16.3,PRexp,14,3.98,nan,77,Left,Left,1867,112,132,27,nan,nan,3.65
9/19/2025 21:14:43,1.16.3,PRexp,14,3.98,nan,77,Left,Left,1868,112,132,27,nan,nan,3.17
9/19/2025 21:14:49,1.16.3,PRexp,14,3.98,nan,77,Left,Left,1869,112,132,27,nan,nan,2.88
9/19/2025 21:14:50,1.16.3,PRexp,14,3.97,nan,77,Left,Left,1870,112,132,27,nan,nan,0.18
9/19/2025 21:14:59,1.16.3,PRexp,14,3.98,nan,77,Left,Left,1871,112,132,27,nan,nan,2.94
9/19/2025 21:15:02,1.16.3,PRexp,14,3.98,nan,77,Left,Left,1872,112,132,27,nan,nan,0.08
9/19/2025 21:15:11,1.16.3,PRexp,14,3.97,nan,77,Left,Left,1873,112,132,27,nan,nan,1.81
9/19/2025 21:15:14,1.16.3,PRexp,14,3.98,nan,77,Left,Left,1874,112,132,27,nan,nan,0.06
9/19/2025 21:15:23,1.16.3,PRexp,14,3.98,nan,77,Left,Left,1875,112,132,27,nan,nan,2.45
9/19/2025 21:15:24,1.16.3,PRexp,14,3.98,nan,77,Left,Left,1876,112,132,27,nan,nan,0.00
9/19/2025 21:15:29,1.16.3,PRexp,14,3.97,nan,77,Left,Left,1877,112,132,27,nan,nan,0.16
9/19/2025 21:15:30,1.16.3,PRexp,14,3.98,nan,77,Left,Left,1878,112,132,27,nan,nan,0.00
9/19/2025 21:15:33,1.16.3,PRexp,14,3.98,nan,77,Left,Left,1879,112,132,27,nan,nan,0.50
9/19/2025 21:15:35,1.16.3,PRexp,14,3.97,nan,77,Left,Left,1880,112,132,27,nan,nan,0.21
9/19/2025 21:15:37,1.16.3,PRexp,14,3.97,nan,77,Left,Left,1881,112,132,27,nan,nan,0.85
9/19/2025 21:19:08,1.16.3,PRexp,14,3.98,nan,77,Left,Left,1882,112,132,27,nan,nan,1.37
9/19/2025 21:19:12,1.16.3,PRexp,14,3.98,nan,77,Left,Left,1883,112,132,27,nan,nan,0.90
9/19/2025 21:22:49,1.16.3,PRexp,14,3.98,nan,77,Left,Left,1884,112,132,27,nan,nan,0.04
9/19/2025 21:23:09,1.16.3,PRexp,14,3.98,nan,77,Left,Left,1885,112,132,27,nan,nan,0.13
9/19/2025 21:23:11,1.16.3,PRexp,14,3.98,nan,77,Left,Left,1886,112,132,27,nan,nan,0.08
9/19/2025 21:23:12,1.16.3,PRexp,14,3.98,nan,77,Left,Left,1887,112,132,27,nan,nan,0.06
9/19/2025 21:23:16,1.16.3,PRexp,14,3.98,nan,77,Left,Left,1888,112,132,27,nan,nan,0.62
9/19/2025 21:23:18,1.16.3,PRexp,14,3.98,nan,77,Left,Left,1889,112,132,27,nan,nan,0.05
9/19/2025 21:23:21,1.16.3,PRexp,14,3.97,nan,77,Left,Left,1890,112,132,27,nan,nan,0.54
9/19/2025 21:23:27,1.16.3,PRexp,14,3.98,nan,77,Left,Left,1891,112,132,27,nan,nan,0.48
9/19/2025 21:24:40,1.16.3,PRexp,14,3.98,nan,77,Left,Left,1892,112,132,27,nan,nan,0.19
9/19/2025 21:24:56,1.16.3,PRexp,14,3.98,nan,77,Left,Left,1893,112,132,27,nan,nan,0.46
9/19/2025 21:24:58,1.16.3,PRexp,14,3.98,nan,77,Left,Left,1894,112,132,27,nan,nan,0.00
9/19/2025 21:24:59,1.16.3,PRexp,14,3.98,nan,77,Left,Left,1895,112,132,27,nan,nan,0.09
9/19/2025 21:25:05,1.16.3,PRexp,14,3.98,nan,77,Left,Left,1896,112,132,27,nan,nan,0.04
9/19/2025 21:25:06,1.16.3,PRexp,14,3.97,nan,77,Left,Left,1897,112,132,27,nan,nan,0.01
9/19/2025 21:25:08,1.16.3,PRexp,14,3.98,nan,77,Left,Left,1898,112,132,27,nan,nan,0.12
9/19/2025 21:25:10,1.16.3,PRexp,14,3.98,nan,77,Left,Left,1899,112,132,27,nan,nan,1.06
9/19/2025 21:25:11,1.16.3,PRexp,14,3.97,nan,77,Left,Left,1900,112,132,27,nan,nan,0.01
9/19/2025 21:25:19,1.16.3,PRexp,14,3.97,nan,77,Left,Left,1901,112,132,27,nan,nan,0.11
9/19/2025 21:25:20,1.16.3,PRexp,14,3.98,nan,77,Left,Left,1902,112,132,27,nan,nan,0.85
9/19/2025 21:25:25,1.16.3,PRexp,14,3.97,nan,77,Left,Left,1903,112,132,27,nan,nan,0.09
9/19/2025 21:25:26,1.16.3,PRexp,14,3.97,nan,77,Left,Left,1904,112,132,27,nan,nan,0.33
9/19/2025 21:25:27,1.16.3,PRexp,14,3.97,nan,77,Left,Left,1905,112,132,27,nan,nan,0.22
9/19/2025 21:26:44,1.16.3,PRexp,14,3.98,nan,77,Right,Left,1905,113,132,27,nan,nan,0.09
9/19/2025 21:26:45,1.16.3,PRexp,14,3.98,nan,77,Right,Left,1905,114,132,27,nan,nan,0.03
9/19/2025 21:27:00,1.16.3,PRexp,14,3.98,nan,77,Right,Left,1905,115,132,27,nan,nan,0.08
9/19/2025 21:28:43,1.16.3,PRexp,14,3.98,nan,77,Right,Left,1905,116,132,27,nan,nan,0.92
9/19/2025 21:28:45,1.16.3,PRexp,14,3.98,nan,77,Right,Left,1905,117,132,27,nan,nan,0.53
9/19/2025 21:28:49,1.16.3,PRexp,14,3.97,nan,77,Right,Left,1905,118,132,27,nan,nan,0.37
9/19/2025 21:28:52,1.16.3,PRexp,14,3.98,nan,77,Left,Left,1906,118,132,27,nan,nan,0.78
9/19/2025 21:28:54,1.16.3,PRexp,14,3.98,nan,77,Left,Left,1907,118,132,27,nan,nan,0.25
9/19/2025 21:28:56,1.16.3,PRexp,14,3.98,nan,77,Left,Left,1908,118,132,27,nan,nan,0.00
9/19/2025 21:28:58,1.16.3,PRexp,14,3.98,nan,77,Left,Left,1909,118,132,27,nan,nan,0.32
9/19/2025 21:29:13,1.16.3,PRexp,14,3.98,nan,77,Left,Left,1910,118,132,27,nan,nan,0.40
9/19/2025 21:29:15,1.16.3,PRexp,14,3.98,nan,77,Left,Left,1911,118,132,27,nan,nan,0.23
9/19/2025 21:29:17,1.16.3,PRexp,14,3.98,nan,77,Left,Left,1912,118,132,27,nan,nan,0.41
9/19/2025 21:29:31,1.16.3,PRexp,14,3.98,nan,77,Left,Left,1913,118,132,27,nan,nan,0.15
9/19/2025 21:32:21,1.16.3,PRexp,14,3.98,nan,77,Left,Left,1914,118,132,27,nan,nan,0.06
9/19/2025 21:32:22,1.16.3,PRexp,14,3.98,nan,77,Left,Left,1915,118,132,27,nan,nan,0.04
9/19/2025 21:32:26,1.16.3,PRexp,14,3.97,nan,77,Left,Left,1916,118,132,27,nan,nan,0.04
9/19/2025 21:32:30,1.16.3,PRexp,14,3.98,nan,77,Left,Left,1917,118,132,27,nan,nan,0.64
9/19/2025 21:32:31,1.16.3,PRexp,14,3.98,nan,77,Left,Left,1918,118,132,27,nan,nan,0.28
9/19/2025 21:32:33,1.16.3,PRexp,14,3.98,nan,77,Left,Left,1919,118,132,27,nan,nan,0.42
9/19/2025 21:32:35,1.16.3,PRexp,14,3.98,nan,77,Left,Left,1920,118,132,27,nan,nan,0.15
9/19/2025 21:32:40,1.16.3,PRexp,14,3.98,nan,77,Left,Left,1921,118,132,27,nan,nan,0.09
9/19/2025 21:32:43,1.16.3,PRexp,14,3.98,nan,77,Left,Left,1922,118,132,27,nan,nan,0.91
9/19/2025 21:32:44,1.16.3,PRexp,14,3.98,nan,77,Left,Left,1923,118,132,27,nan,nan,0.00
9/19/2025 21:32:44,1.16.3,PRexp,14,3.98,nan,77,LeftDuringDispense,Left,1924,118,132,28,nan,nan,0.06
9/19/2025 21:32:48,1.16.3,PRexp,14,3.98,3,77,Pellet,Left,1924,118,133,28,0.06,1566,nan
9/19/2025 21:33:26,1.16.3,PRexp,14,3.98,nan,86,Right,Left,1924,119,133,28,nan,nan,0.15
9/19/2025 21:33:28,1.16.3,PRexp,14,3.98,nan,86,Left,Left,1925,119,133,28,nan,nan,0.04
9/19/2025 21:33:30,1.16.3,PRexp,14,3.98,nan,86,Left,Left,1926,119,133,28,nan,nan,0.32
9/19/2025 21:33:31,1.16.3,PRexp,14,3.98,nan,86,Left,Left,1927,119,133,28,nan,nan,0.06
9/19/2025 21:33:33,1.16.3,PRexp,14,3.98,nan,86,Left,Left,1928,119,133,28,nan,nan,0.23
9/19/2025 21:33:34,1.16.3,PRexp,14,3.98,nan,86,Left,Left,1929,119,133,28,nan,nan,0.02
9/19/2025 21:33:36,1.16.3,PRexp,14,3.97,nan,86,Left,Left,1930,119,133,28,nan,nan,0.82
9/19/2025 21:33:39,1.16.3,PRexp,14,3.98,nan,86,Left,Left,1931,119,133,28,nan,nan,0.30
9/19/2025 21:33:41,1.16.3,PRexp,14,3.98,nan,86,Left,Left,1932,119,133,28,nan,nan,0.38
9/19/2025 21:33:44,1.16.3,PRexp,14,3.98,nan,86,Left,Left,1933,119,133,28,nan,nan,0.55
9/19/2025 21:33:46,1.16.3,PRexp,14,3.98,nan,86,Left,Left,1934,119,133,28,nan,nan,0.46
9/19/2025 21:38:07,1.16.3,PRexp,14,3.97,nan,86,Left,Left,1935,119,133,28,nan,nan,0.10
9/19/2025 21:38:09,1.16.3,PRexp,14,3.98,nan,86,Left,Left,1936,119,133,28,nan,nan,0.15
9/19/2025 21:38:10,1.16.3,PRexp,14,3.98,nan,86,Left,Left,1937,119,133,28,nan,nan,0.02
9/19/2025 21:38:14,1.16.3,PRexp,14,3.98,nan,86,Left,Left,1938,119,133,28,nan,nan,0.15
9/19/2025 21:38:15,1.16.3,PRexp,14,3.98,nan,86,Left,Left,1939,119,133,28,nan,nan,0.04
9/19/2025 21:38:18,1.16.3,PRexp,14,3.98,nan,86,Left,Left,1940,119,133,28,nan,nan,0.70
9/19/2025 21:38:20,1.16.3,PRexp,14,3.97,nan,86,Left,Left,1941,119,133,28,nan,nan,0.46
9/19/2025 21:38:22,1.16.3,PRexp,14,3.98,nan,86,Left,Left,1942,119,133,28,nan,nan,0.00
9/19/2025 21:38:23,1.16.3,PRexp,14,3.98,nan,86,Left,Left,1943,119,133,28,nan,nan,0.46
9/19/2025 21:38:25,1.16.3,PRexp,14,3.98,nan,86,Left,Left,1944,119,133,28,nan,nan,0.15
9/19/2025 21:38:27,1.16.3,PRexp,14,3.97,nan,86,Left,Left,1945,119,133,28,nan,nan,0.00
9/19/2025 21:38:29,1.16.3,PRexp,14,3.98,nan,86,Left,Left,1946,119,133,28,nan,nan,0.67
9/19/2025 21:38:31,1.16.3,PRexp,14,3.97,nan,86,Left,Left,1947,119,133,28,nan,nan,0.18
9/19/2025 21:39:19,1.16.3,PRexp,14,3.98,nan,86,Right,Left,1947,120,133,28,nan,nan,0.01
9/19/2025 21:41:00,1.16.3,PRexp,14,3.98,nan,86,Right,Left,1947,121,133,28,nan,nan,0.19
9/19/2025 21:41:18,1.16.3,PRexp,14,3.98,nan,86,Left,Left,1948,121,133,28,nan,nan,0.00
9/19/2025 21:41:22,1.16.3,PRexp,14,3.98,nan,86,Right,Left,1948,122,133,28,nan,nan,0.20
9/19/2025 21:41:25,1.16.3,PRexp,14,3.98,nan,86,Left,Left,1949,122,133,28,nan,nan,0.02
9/19/2025 21:41:27,1.16.3,PRexp,14,3.98,nan,86,Left,Left,1950,122,133,28,nan,nan,0.43
9/19/2025 21:41:28,1.16.3,PRexp,14,3.97,nan,86,Left,Left,1951,122,133,28,nan,nan,0.22
9/19/2025 21:41:31,1.16.3,PRexp,14,3.97,nan,86,Left,Left,1952,122,133,28,nan,nan,0.07
9/19/2025 21:49:10,1.16.3,PRexp,14,3.98,nan,86,Left,Left,1953,122,133,28,nan,nan,0.03
9/19/2025 21:49:12,1.16.3,PRexp,14,3.97,nan,86,Left,Left,1954,122,133,28,nan,nan,0.07
9/19/2025 21:49:13,1.16.3,PRexp,14,3.98,nan,86,Left,Left,1955,122,133,28,nan,nan,0.08
9/19/2025 21:49:16,1.16.3,PRexp,14,3.98,nan,86,Left,Left,1956,122,133,28,nan,nan,0.53
9/19/2025 21:49:17,1.16.3,PRexp,14,3.97,nan,86,Left,Left,1957,122,133,28,nan,nan,0.45
9/19/2025 21:49:21,1.16.3,PRexp,14,3.98,nan,86,Left,Left,1958,122,133,28,nan,nan,0.34
9/19/2025 21:49:24,1.16.3,PRexp,14,3.98,nan,86,Left,Left,1959,122,133,28,nan,nan,0.09
9/19/2025 21:49:25,1.16.3,PRexp,14,3.97,nan,86,Left,Left,1960,122,133,28,nan,nan,0.02
9/19/2025 21:49:26,1.16.3,PRexp,14,3.98,nan,86,Left,Left,1961,122,133,28,nan,nan,0.18
9/19/2025 21:49:27,1.16.3,PRexp,14,3.98,nan,86,Left,Left,1962,122,133,28,nan,nan,0.07
9/19/2025 21:49:28,1.16.3,PRexp,14,3.98,nan,86,Left,Left,1963,122,133,28,nan,nan,0.00
9/19/2025 21:49:35,1.16.3,PRexp,14,3.98,nan,86,Left,Left,1964,122,133,28,nan,nan,0.07
9/19/2025 21:49:36,1.16.3,PRexp,14,3.97,nan,86,Left,Left,1965,122,133,28,nan,nan,0.41
9/19/2025 21:49:39,1.16.3,PRexp,14,3.97,nan,86,Left,Left,1966,122,133,28,nan,nan,0.04
9/19/2025 21:49:40,1.16.3,PRexp,14,3.98,nan,86,Left,Left,1967,122,133,28,nan,nan,0.17
9/19/2025 21:49:41,1.16.3,PRexp,14,3.98,nan,86,Left,Left,1968,122,133,28,nan,nan,0.13
9/19/2025 21:49:42,1.16.3,PRexp,14,3.98,nan,86,Left,Left,1969,122,133,28,nan,nan,0.15
9/19/2025 21:49:45,1.16.3,PRexp,14,3.98,nan,86,Left,Left,1970,122,133,28,nan,nan,0.09
9/19/2025 21:49:48,1.16.3,PRexp,14,3.98,nan,86,Left,Left,1971,122,133,28,nan,nan,0.15
9/19/2025 21:49:49,1.16.3,PRexp,14,3.98,nan,86,Left,Left,1972,122,133,28,nan,nan,0.49
9/19/2025 21:49:50,1.16.3,PRexp,14,3.97,nan,86,Left,Left,1973,122,133,28,nan,nan,0.39
9/19/2025 21:49:52,1.16.3,PRexp,14,3.98,nan,86,Left,Left,1974,122,133,28,nan,nan,0.45
9/19/2025 21:49:53,1.16.3,PRexp,14,3.98,nan,86,Left,Left,1975,122,133,28,nan,nan,0.05
9/19/2025 21:49:56,1.16.3,PRexp,14,3.97,nan,86,Left,Left,1976,122,133,28,nan,nan,0.32
9/19/2025 21:49:58,1.16.3,PRexp,14,3.98,nan,86,Left,Left,1977,122,133,28,nan,nan,0.00
9/19/2025 21:49:59,1.16.3,PRexp,14,3.98,nan,86,Left,Left,1978,122,133,28,nan,nan,0.00
9/19/2025 21:50:01,1.16.3,PRexp,14,3.98,nan,86,Left,Left,1979,122,133,28,nan,nan,1.08
9/19/2025 21:50:02,1.16.3,PRexp,14,3.97,nan,86,Left,Left,1980,122,133,28,nan,nan,0.14
9/19/2025 21:50:35,1.16.3,PRexp,14,3.98,nan,86,Left,Left,1981,122,133,28,nan,nan,0.12
9/19/2025 21:50:37,1.16.3,PRexp,14,3.98,nan,86,Left,Left,1982,122,133,28,nan,nan,0.54
9/19/2025 21:50:38,1.16.3,PRexp,14,3.98,nan,86,Left,Left,1983,122,133,28,nan,nan,0.00
9/19/2025 21:50:39,1.16.3,PRexp,14,3.98,nan,86,Left,Left,1984,122,133,28,nan,nan,0.00
9/19/2025 21:50:41,1.16.3,PRexp,14,3.97,nan,86,Left,Left,1985,122,133,28,nan,nan,0.16
9/19/2025 21:50:42,1.16.3,PRexp,14,3.98,nan,86,Left,Left,1986,122,133,28,nan,nan,0.00
9/19/2025 21:50:43,1.16.3,PRexp,14,3.98,nan,86,Left,Left,1987,122,133,28,nan,nan,0.03
9/19/2025 21:50:44,1.16.3,PRexp,14,3.97,nan,86,Left,Left,1988,122,133,28,nan,nan,0.34
9/19/2025 21:50:46,1.16.3,PRexp,14,3.97,nan,86,Left,Left,1989,122,133,28,nan,nan,0.24
9/19/2025 21:50:47,1.16.3,PRexp,14,3.98,nan,86,Left,Left,1990,122,133,28,nan,nan,0.07
9/19/2025 21:50:48,1.16.3,PRexp,14,3.97,nan,86,Left,Left,1991,122,133,28,nan,nan,0.21
9/19/2025 21:52:27,1.16.3,PRexp,14,3.97,nan,86,Left,Left,1992,122,133,28,nan,nan,0.08
9/19/2025 21:52:30,1.16.3,PRexp,14,3.98,nan,86,Left,Left,1993,122,133,28,nan,nan,0.15
9/19/2025 21:52:32,1.16.3,PRexp,14,3.98,nan,86,Left,Left,1994,122,133,28,nan,nan,0.45
9/19/2025 21:52:33,1.16.3,PRexp,14,3.98,nan,86,Left,Left,1995,122,133,28,nan,nan,0.10
9/19/2025 21:52:35,1.16.3,PRexp,14,3.98,nan,86,Left,Left,1996,122,133,28,nan,nan,0.14
9/19/2025 21:54:38,1.16.3,PRexp,14,3.97,nan,86,Left,Left,1997,122,133,28,nan,nan,0.08
9/19/2025 21:56:17,1.16.3,PRexp,14,3.98,nan,86,Right,Left,1997,123,133,28,nan,nan,0.06
9/19/2025 21:56:28,1.16.3,PRexp,14,3.98,nan,86,Left,Left,1998,123,133,28,nan,nan,0.04
9/19/2025 21:56:30,1.16.3,PRexp,14,3.97,nan,86,Left,Left,1999,123,133,28,nan,nan,0.38
9/19/2025 21:56:36,1.16.3,PRexp,14,3.98,nan,86,Right,Left,1999,124,133,28,nan,nan,0.18
9/19/2025 21:56:59,1.16.3,PRexp,14,3.97,nan,86,Left,Left,2000,124,133,28,nan,nan,0.01
9/19/2025 21:57:03,1.16.3,PRexp,14,3.97,nan,86,Left,Left,2001,124,133,28,nan,nan,0.09
9/19/2025 21:57:11,1.16.3,PRexp,14,3.98,nan,86,Left,Left,2002,124,133,28,nan,nan,0.09
9/19/2025 21:57:14,1.16.3,PRexp,14,3.98,nan,86,Left,Left,2003,124,133,28,nan,nan,1.01
9/19/2025 21:57:15,1.16.3,PRexp,14,3.97,nan,86,Left,Left,2004,124,133,28,nan,nan,0.05
9/19/2025 21:57:16,1.16.3,PRexp,14,3.98,nan,86,Left,Left,2005,124,133,28,nan,nan,0.42
9/19/2025 21:57:26,1.16.3,PRexp,14,3.97,nan,86,Left,Left,2006,124,133,28,nan,nan,0.05
9/19/2025 22:00:01,1.16.3,PRexp,14,3.97,nan,86,Right,Left,2006,125,133,28,nan,nan,0.13
9/19/2025 22:00:03,1.16.3,PRexp,14,3.98,nan,86,Left,Left,2007,125,133,28,nan,nan,0.03
9/19/2025 22:00:06,1.16.3,PRexp,14,3.98,nan,86,Left,Left,2008,125,133,28,nan,nan,0.73
9/19/2025 22:00:07,1.16.3,PRexp,14,3.97,nan,86,Left,Left,2009,125,133,28,nan,nan,0.02
9/19/2025 22:00:12,1.16.3,PRexp,14,3.98,nan,86,Left,Left,2010,125,133,28,nan,nan,0.41
9/19/2025 22:00:12,1.16.3,PRexp,14,3.97,nan,86,LeftDuringDispense,Left,2011,125,133,29,nan,nan,0.03
9/19/2025 22:00:18,1.16.3,PRexp,14,3.97,3,86,Pellet,Left,2011,125,134,29,0.42,1650,nan
9/19/2025 22:01:43,1.16.3,PRexp,14,3.98,nan,95,Left,Left,2012,125,134,29,nan,nan,0.83
9/19/2025 22:01:52,1.16.3,PRexp,14,3.98,nan,95,Left,Left,2013,125,134,29,nan,nan,0.09
9/19/2025 22:01:53,1.16.3,PRexp,14,3.98,nan,95,Left,Left,2014,125,134,29,nan,nan,0.12
9/19/2025 22:01:54,1.16.3,PRexp,14,3.98,nan,95,Left,Left,2015,125,134,29,nan,nan,0.09
9/19/2025 22:01:57,1.16.3,PRexp,14,3.98,nan,95,Left,Left,2016,125,134,29,nan,nan,0.42
9/19/2025 22:01:59,1.16.3,PRexp,14,3.98,nan,95,Left,Left,2017,125,134,29,nan,nan,0.68
9/19/2025 22:02:01,1.16.3,PRexp,14,3.97,nan,95,Left,Left,2018,125,134,29,nan,nan,0.50
9/19/2025 22:02:03,1.16.3,PRexp,14,3.98,nan,95,Left,Left,2019,125,134,29,nan,nan,0.28
9/19/2025 22:02:43,1.16.3,PRexp,14,3.97,nan,95,Left,Left,2020,125,134,29,nan,nan,0.33
9/19/2025 22:05:40,1.16.3,PRexp,14,3.98,nan,95,Left,Left,2021,125,134,29,nan,nan,0.05
9/19/2025 22:05:43,1.16.3,PRexp,14,3.98,nan,95,Left,Left,2022,125,134,29,nan,nan,0.02
9/19/2025 22:05:45,1.16.3,PRexp,14,3.97,nan,95,Left,Left,2023,125,134,29,nan,nan,0.32
9/19/2025 22:05:47,1.16.3,PRexp,14,3.98,nan,95,Left,Left,2024,125,134,29,nan,nan,0.53
9/19/2025 22:05:49,1.16.3,PRexp,14,3.97,nan,95,Left,Left,2025,125,134,29,nan,nan,0.61
9/19/2025 22:07:11,1.16.3,PRexp,14,3.98,nan,95,Left,Left,2026,125,134,29,nan,nan,0.69
9/19/2025 22:07:13,1.16.3,PRexp,14,3.97,nan,95,Left,Left,2027,125,134,29,nan,nan,0.84
9/19/2025 22:07:15,1.16.3,PRexp,14,3.98,nan,95,Left,Left,2028,125,134,29,nan,nan,0.02
9/19/2025 22:07:19,1.16.3,PRexp,14,3.98,nan,95,Left,Left,2029,125,134,29,nan,nan,0.88
9/19/2025 22:07:21,1.16.3,PRexp,14,3.98,nan,95,Left,Left,2030,125,134,29,nan,nan,0.53
9/19/2025 22:07:22,1.16.3,PRexp,14,3.98,nan,95,Left,Left,2031,125,134,29,nan,nan,0.11
9/19/2025 22:07:25,1.16.3,PRexp,14,3.98,nan,95,Left,Left,2032,125,134,29,nan,nan,0.02
9/19/2025 22:07:27,1.16.3,PRexp,14,3.98,nan,95,Left,Left,2033,125,134,29,nan,nan,0.00
9/19/2025 22:07:29,1.16.3,PRexp,14,3.97,nan,95,Left,Left,2034,125,134,29,nan,nan,0.56
9/19/2025 22:07:30,1.16.3,PRexp,14,3.97,nan,95,Left,Left,2035,125,134,29,nan,nan,0.34
9/19/2025 22:07:31,1.16.3,PRexp,14,3.98,nan,95,Left,Left,2036,125,134,29,nan,nan,0.05
9/19/2025 22:07:32,1.16.3,PRexp,14,3.97,nan,95,Left,Left,2037,125,134,29,nan,nan,0.00
9/19/2025 22:07:34,1.16.3,PRexp,14,3.97,nan,95,Left,Left,2038,125,134,29,nan,nan,0.26
9/19/2025 22:07:41,1.16.3,PRexp,14,3.97,nan,95,Left,Left,2039,125,134,29,nan,nan,0.00
9/19/2025 22:07:41,1.16.3,PRexp,14,3.97,nan,95,Left,Left,2040,125,134,29,nan,nan,0.00
9/19/2025 22:07:43,1.16.3,PRexp,14,3.98,nan,95,Left,Left,2041,125,134,29,nan,nan,0.77
9/19/2025 22:07:46,1.16.3,PRexp,14,3.97,nan,95,Left,Left,2042,125,134,29,nan,nan,0.00
9/19/2025 22:07:46,1.16.3,PRexp,14,3.98,nan,95,Left,Left,2043,125,134,29,nan,nan,0.00
9/19/2025 22:07:49,1.16.3,PRexp,14,3.98,nan,95,Left,Left,2044,125,134,29,nan,nan,0.00
9/19/2025 22:07:50,1.16.3,PRexp,14,3.98,nan,95,Left,Left,2045,125,134,29,nan,nan,0.03
9/19/2025 22:08:51,1.16.3,PRexp,14,3.97,nan,95,Left,Left,2046,125,134,29,nan,nan,0.17
9/19/2025 22:08:54,1.16.3,PRexp,14,3.98,nan,95,Left,Left,2047,125,134,29,nan,nan,0.08
9/19/2025 22:08:56,1.16.3,PRexp,14,3.98,nan,95,Left,Left,2048,125,134,29,nan,nan,0.49
9/19/2025 22:08:57,1.16.3,PRexp,14,3.97,nan,95,Left,Left,2049,125,134,29,nan,nan,0.00
9/19/2025 22:09:00,1.16.3,PRexp,14,3.97,nan,95,Left,Left,2050,125,134,29,nan,nan,0.10
9/19/2025 22:09:02,1.16.3,PRexp,14,3.98,nan,95,Left,Left,2051,125,134,29,nan,nan,0.04
9/19/2025 22:09:04,1.16.3,PRexp,14,3.98,nan,95,Left,Left,2052,125,134,29,nan,nan,0.12
9/19/2025 22:09:05,1.16.3,PRexp,14,3.98,nan,95,Left,Left,2053,125,134,29,nan,nan,0.30
9/19/2025 22:09:08,1.16.3,PRexp,14,3.98,nan,95,Left,Left,2054,125,134,29,nan,nan,1.05
9/19/2025 22:09:11,1.16.3,PRexp,14,3.98,nan,95,Left,Left,2055,125,134,29,nan,nan,0.91
9/19/2025 22:11:21,1.16.3,PRexp,14,3.97,nan,95,Left,Left,2056,125,134,29,nan,nan,0.12
9/19/2025 22:13:35,1.16.3,PRexp,14,3.98,nan,95,Left,Left,2057,125,134,29,nan,nan,0.08
9/19/2025 22:13:37,1.16.3,PRexp,14,3.97,nan,95,Left,Left,2058,125,134,29,nan,nan,0.04
9/19/2025 22:13:39,1.16.3,PRexp,14,3.97,nan,95,Left,Left,2059,125,134,29,nan,nan,0.89
9/19/2025 22:13:40,1.16.3,PRexp,14,3.98,nan,95,Left,Left,2060,125,134,29,nan,nan,0.04
9/19/2025 22:13:41,1.16.3,PRexp,14,3.97,nan,95,Left,Left,2061,125,134,29,nan,nan,0.50
9/19/2025 22:13:42,1.16.3,PRexp,14,3.97,nan,95,Left,Left,2062,125,134,29,nan,nan,0.05
9/19/2025 22:13:44,1.16.3,PRexp,14,3.98,nan,95,Left,Left,2063,125,134,29,nan,nan,0.10
9/19/2025 22:13:45,1.16.3,PRexp,14,3.97,nan,95,Left,Left,2064,125,134,29,nan,nan,0.03
9/19/2025 22:13:46,1.16.3,PRexp,14,3.98,nan,95,Left,Left,2065,125,134,29,nan,nan,0.04
9/19/2025 22:13:53,1.16.3,PRexp,14,3.98,nan,95,Left,Left,2066,125,134,29,nan,nan,1.12
9/19/2025 22:16:43,1.16.3,PRexp,14,3.97,nan,95,Left,Left,2067,125,134,29,nan,nan,0.06
9/19/2025 22:16:53,1.16.3,PRexp,14,3.97,nan,95,Left,Left,2068,125,134,29,nan,nan,0.50
9/19/2025 22:16:56,1.16.3,PRexp,14,3.97,nan,95,Left,Left,2069,125,134,29,nan,nan,0.42
9/19/2025 22:16:57,1.16.3,PRexp,14,3.97,nan,95,Left,Left,2070,125,134,29,nan,nan,0.11
9/19/2025 22:16:59,1.16.3,PRexp,14,3.97,nan,95,Left,Left,2071,125,134,29,nan,nan,0.20
9/19/2025 22:17:00,1.16.3,PRexp,14,3.97,nan,95,Left,Left,2072,125,134,29,nan,nan,0.28
9/19/2025 22:17:02,1.16.3,PRexp,14,3.97,nan,95,Left,Left,2073,125,134,29,nan,nan,0.10
9/19/2025 22:17:05,1.16.3,PRexp,14,3.98,nan,95,Left,Left,2074,125,134,29,nan,nan,1.68
9/19/2025 22:17:07,1.16.3,PRexp,14,3.98,nan,95,Left,Left,2075,125,134,29,nan,nan,0.01
9/19/2025 22:17:08,1.16.3,PRexp,14,3.97,nan,95,Left,Left,2076,125,134,29,nan,nan,0.00
9/19/2025 22:17:23,1.16.3,PRexp,14,3.97,nan,95,Left,Left,2077,125,134,29,nan,nan,0.09
9/19/2025 22:17:26,1.16.3,PRexp,14,3.98,nan,95,Left,Left,2078,125,134,29,nan,nan,0.13
9/19/2025 22:17:28,1.16.3,PRexp,14,3.97,nan,95,Left,Left,2079,125,134,29,nan,nan,0.17
9/19/2025 22:18:01,1.16.3,PRexp,14,3.97,nan,95,Left,Left,2080,125,134,29,nan,nan,0.11
9/19/2025 22:18:03,1.16.3,PRexp,14,3.98,nan,95,Left,Left,2081,125,134,29,nan,nan,0.14
9/19/2025 22:18:05,1.16.3,PRexp,14,3.97,nan,95,Left,Left,2082,125,134,29,nan,nan,0.16
9/19/2025 22:18:06,1.16.3,PRexp,14,3.97,nan,95,Left,Left,2083,125,134,29,nan,nan,0.55
9/19/2025 22:18:09,1.16.3,PRexp,14,3.97,nan,95,Left,Left,2084,125,134,29,nan,nan,0.33
9/19/2025 22:18:10,1.16.3,PRexp,14,3.98,nan,95,Left,Left,2085,125,134,29,nan,nan,0.12
9/19/2025 22:18:12,1.16.3,PRexp,14,3.98,nan,95,Left,Left,2086,125,134,29,nan,nan,0.37
9/19/2025 22:18:13,1.16.3,PRexp,14,3.97,nan,95,Left,Left,2087,125,134,29,nan,nan,0.00
9/19/2025 22:18:14,1.16.3,PRexp,14,3.97,nan,95,Left,Left,2088,125,134,29,nan,nan,0.00
9/19/2025 22:18:16,1.16.3,PRexp,14,3.98,nan,95,Left,Left,2089,125,134,29,nan,nan,0.15
9/19/2025 22:18:24,1.16.3,PRexp,14,3.98,nan,95,Left,Left,2090,125,134,29,nan,nan,0.16
9/19/2025 22:18:28,1.16.3,PRexp,14,3.97,nan,95,Left,Left,2091,125,134,29,nan,nan,0.28
9/19/2025 22:18:29,1.16.3,PRexp,14,3.98,nan,95,Left,Left,2092,125,134,29,nan,nan,0.07
9/19/2025 22:22:11,1.16.3,PRexp,14,3.97,nan,95,Left,Left,2093,125,134,29,nan,nan,0.53
9/19/2025 22:22:13,1.16.3,PRexp,14,3.97,nan,95,Left,Left,2094,125,134,29,nan,nan,0.00
9/19/2025 22:22:16,1.16.3,PRexp,14,3.98,nan,95,Left,Left,2095,125,134,29,nan,nan,0.60
9/19/2025 22:22:18,1.16.3,PRexp,14,3.97,nan,95,Left,Left,2096,125,134,29,nan,nan,0.39
9/19/2025 22:23:38,1.16.3,PRexp,14,3.98,nan,95,Left,Left,2097,125,134,29,nan,nan,0.28
9/19/2025 22:23:46,1.16.3,PRexp,14,3.97,nan,95,Left,Left,2098,125,134,29,nan,nan,0.01
9/19/2025 22:23:47,1.16.3,PRexp,14,3.97,nan,95,Left,Left,2099,125,134,29,nan,nan,0.08
9/19/2025 22:23:48,1.16.3,PRexp,14,3.97,nan,95,Left,Left,2100,125,134,29,nan,nan,0.00
9/19/2025 22:23:51,1.16.3,PRexp,14,3.97,nan,95,Left,Left,2101,125,134,29,nan,nan,0.02
9/19/2025 22:23:55,1.16.3,PRexp,14,3.98,nan,95,Left,Left,2102,125,134,29,nan,nan,0.62
9/19/2025 22:23:57,1.16.3,PRexp,14,3.97,nan,95,Left,Left,2103,125,134,29,nan,nan,0.62
9/19/2025 22:23:59,1.16.3,PRexp,14,3.97,nan,95,Left,Left,2104,125,134,29,nan,nan,0.37
9/19/2025 22:24:00,1.16.3,PRexp,14,3.97,nan,95,Left,Left,2105,125,134,29,nan,nan,0.61
9/19/2025 22:24:03,1.16.3,PRexp,14,3.98,nan,95,Left,Left,2106,125,134,29,nan,nan,0.08
9/19/2025 22:24:07,1.16.3,PRexp,14,3.97,2,95,Pellet,Left,2106,125,135,30,0.36,1428,nan
9/19/2025 22:25:49,1.16.3,PRexp,14,3.97,nan,106,Left,Left,2107,125,135,30,nan,nan,0.44
9/19/2025 22:25:53,1.16.3,PRexp,14,3.97,nan,106,Left,Left,2108,125,135,30,nan,nan,0.47
9/19/2025 22:25:55,1.16.3,PRexp,14,3.98,nan,106,Left,Left,2109,125,135,30,nan,nan,0.07
9/19/2025 22:25:58,1.16.3,PRexp,14,3.97,nan,106,Left,Left,2110,125,135,30,nan,nan,0.10
9/19/2025 22:25:59,1.16.3,PRexp,14,3.97,nan,106,Left,Left,2111,125,135,30,nan,nan,0.00
9/19/2025 22:26:02,1.16.3,PRexp,14,3.97,nan,106,Left,Left,2112,125,135,30,nan,nan,0.49
9/19/2025 22:26:05,1.16.3,PRexp,14,3.97,nan,106,Left,Left,2113,125,135,30,nan,nan,0.09
9/19/2025 22:26:07,1.16.3,PRexp,14,3.97,nan,106,Left,Left,2114,125,135,30,nan,nan,0.00
9/19/2025 22:26:10,1.16.3,PRexp,14,3.98,nan,106,Left,Left,2115,125,135,30,nan,nan,0.13
9/19/2025 22:26:13,1.16.3,PRexp,14,3.97,nan,106,Left,Left,2116,125,135,30,nan,nan,0.09
9/19/2025 22:26:14,1.16.3,PRexp,14,3.97,nan,106,Left,Left,2117,125,135,30,nan,nan,0.00
9/19/2025 22:26:16,1.16.3,PRexp,14,3.98,nan,106,Left,Left,2118,125,135,30,nan,nan,0.16
9/19/2025 22:26:21,1.16.3,PRexp,14,3.98,nan,106,Left,Left,2119,125,135,30,nan,nan,0.40
9/19/2025 22:26:22,1.16.3,PRexp,14,3.97,nan,106,Left,Left,2120,125,135,30,nan,nan,0.10
9/19/2025 22:26:23,1.16.3,PRexp,14,3.97,nan,106,Left,Left,2121,125,135,30,nan,nan,0.00
9/19/2025 22:26:25,1.16.3,PRexp,14,3.98,nan,106,Left,Left,2122,125,135,30,nan,nan,0.51
9/19/2025 22:26:40,1.16.3,PRexp,14,3.97,nan,106,Left,Left,2123,125,135,30,nan,nan,0.13
9/19/2025 22:32:33,1.16.3,PRexp,14,3.97,nan,106,Left,Left,2124,125,135,30,nan,nan,0.17
9/19/2025 22:32:34,1.16.3,PRexp,14,3.97,nan,106,Left,Left,2125,125,135,30,nan,nan,0.03
9/19/2025 22:32:41,1.16.3,PRexp,14,3.97,nan,106,Left,Left,2126,125,135,30,nan,nan,0.09
9/19/2025 22:32:42,1.16.3,PRexp,14,3.97,nan,106,Left,Left,2127,125,135,30,nan,nan,0.08
9/19/2025 22:32:43,1.16.3,PRexp,14,3.97,nan,106,Left,Left,2128,125,135,30,nan,nan,0.10
9/19/2025 22:32:43,1.16.3,PRexp,14,3.97,nan,106,Left,Left,2129,125,135,30,nan,nan,0.07
9/19/2025 22:32:45,1.16.3,PRexp,14,3.97,nan,106,Left,Left,2130,125,135,30,nan,nan,0.00
9/19/2025 22:36:15,1.16.3,PRexp,14,3.98,nan,106,Left,Left,2131,125,135,30,nan,nan,0.07
9/19/2025 22:36:18,1.16.3,PRexp,14,3.98,nan,106,Left,Left,2132,125,135,30,nan,nan,0.08
9/19/2025 22:36:23,1.16.3,PRexp,14,3.97,nan,106,Left,Left,2133,125,135,30,nan,nan,0.04
9/19/2025 22:36:25,1.16.3,PRexp,14,3.97,nan,106,Left,Left,2134,125,135,30,nan,nan,0.10
9/19/2025 22:36:26,1.16.3,PRexp,14,3.97,nan,106,Left,Left,2135,125,135,30,nan,nan,0.59
9/19/2025 22:36:30,1.16.3,PRexp,14,3.98,nan,106,Left,Left,2136,125,135,30,nan,nan,0.32
9/19/2025 22:36:31,1.16.3,PRexp,14,3.97,nan,106,Left,Left,2137,125,135,30,nan,nan,0.36
9/19/2025 22:36:34,1.16.3,PRexp,14,3.98,nan,106,Left,Left,2138,125,135,30,nan,nan,0.36
9/19/2025 22:36:35,1.16.3,PRexp,14,3.98,nan,106,Left,Left,2139,125,135,30,nan,nan,0.00
9/19/2025 22:36:36,1.16.3,PRexp,14,3.97,nan,106,Left,Left,2140,125,135,30,nan,nan,0.16
9/19/2025 22:36:42,1.16.3,PRexp,14,3.98,nan,106,Left,Left,2141,125,135,30,nan,nan,0.12
9/19/2025 22:38:02,1.16.3,PRexp,14,3.97,nan,106,Right,Left,2141,126,135,30,nan,nan,0.21
9/19/2025 22:39:52,1.16.3,PRexp,14,3.97,nan,106,Right,Left,2141,127,135,30,nan,nan,0.17
9/19/2025 22:39:58,1.16.3,PRexp,14,3.98,nan,106,Left,Left,2142,127,135,30,nan,nan,0.09
9/19/2025 22:39:59,1.16.3,PRexp,14,3.98,nan,106,Left,Left,2143,127,135,30,nan,nan,0.00
9/19/2025 22:40:00,1.16.3,PRexp,14,3.98,nan,106,Left,Left,2144,127,135,30,nan,nan,0.16
9/19/2025 22:40:02,1.16.3,PRexp,14,3.97,nan,106,Left,Left,2145,127,135,30,nan,nan,0.90
9/19/2025 22:40:04,1.16.3,PRexp,14,3.97,nan,106,Left,Left,2146,127,135,30,nan,nan,0.57
9/19/2025 22:40:06,1.16.3,PRexp,14,3.97,nan,106,Left,Left,2147,127,135,30,nan,nan,0.20
9/19/2025 22:40:06,1.16.3,PRexp,14,3.97,nan,106,Left,Left,2148,127,135,30,nan,nan,0.00
9/19/2025 22:40:08,1.16.3,PRexp,14,3.98,nan,106,Left,Left,2149,127,135,30,nan,nan,0.52
9/19/2025 22:40:10,1.16.3,PRexp,14,3.97,nan,106,Left,Left,2150,127,135,30,nan,nan,0.37
9/19/2025 22:40:11,1.16.3,PRexp,14,3.98,nan,106,Left,Left,2151,127,135,30,nan,nan,0.00
9/19/2025 22:40:13,1.16.3,PRexp,14,3.97,nan,106,Left,Left,2152,127,135,30,nan,nan,0.49
9/19/2025 22:40:15,1.16.3,PRexp,14,3.98,nan,106,Left,Left,2153,127,135,30,nan,nan,0.53
9/19/2025 22:40:21,1.16.3,PRexp,14,3.98,nan,106,Left,Left,2154,127,135,30,nan,nan,0.55
9/19/2025 22:40:23,1.16.3,PRexp,14,3.98,nan,106,Left,Left,2155,127,135,30,nan,nan,0.00
9/19/2025 22:40:26,1.16.3,PRexp,14,3.97,nan,106,Left,Left,2156,127,135,30,nan,nan,0.22
9/19/2025 22:40:33,1.16.3,PRexp,14,3.98,nan,106,Left,Left,2157,127,135,30,nan,nan,0.02
9/19/2025 22:40:34,1.16.3,PRexp,14,3.98,nan,106,Left,Left,2158,127,135,30,nan,nan,0.55
9/19/2025 22:40:36,1.16.3,PRexp,14,3.97,nan,106,Left,Left,2159,127,135,30,nan,nan,0.30
9/19/2025 22:40:37,1.16.3,PRexp,14,3.97,nan,106,Left,Left,2160,127,135,30,nan,nan,0.10
9/19/2025 22:40:38,1.16.3,PRexp,14,3.98,nan,106,Left,Left,2161,127,135,30,nan,nan,0.52
9/19/2025 22:40:40,1.16.3,PRexp,14,3.97,nan,106,Left,Left,2162,127,135,30,nan,nan,0.26
9/19/2025 22:40:43,1.16.3,PRexp,14,3.97,nan,106,Left,Left,2163,127,135,30,nan,nan,0.43
9/19/2025 22:40:44,1.16.3,PRexp,14,3.97,nan,106,Left,Left,2164,127,135,30,nan,nan,0.59
9/19/2025 22:40:46,1.16.3,PRexp,14,3.98,nan,106,Left,Left,2165,127,135,30,nan,nan,0.36
9/19/2025 22:40:49,1.16.3,PRexp,14,3.97,nan,106,Left,Left,2166,127,135,30,nan,nan,0.50
9/19/2025 22:40:51,1.16.3,PRexp,14,3.97,nan,106,Left,Left,2167,127,135,30,nan,nan,1.17
9/19/2025 22:40:54,1.16.3,PRexp,14,3.98,nan,106,Left,Left,2168,127,135,30,nan,nan,0.53
9/19/2025 22:40:57,1.16.3,PRexp,14,3.98,nan,106,Left,Left,2169,127,135,30,nan,nan,0.15
9/19/2025 22:41:10,1.16.3,PRexp,14,3.97,nan,106,Left,Left,2170,127,135,30,nan,nan,1.37
9/19/2025 22:42:50,1.16.3,PRexp,14,3.98,nan,106,Left,Left,2171,127,135,30,nan,nan,0.01
9/19/2025 22:43:07,1.16.3,PRexp,14,3.98,nan,106,Left,Left,2172,127,135,30,nan,nan,0.19
9/19/2025 22:43:11,1.16.3,PRexp,14,3.97,nan,106,Left,Left,2173,127,135,30,nan,nan,1.16
9/19/2025 22:43:13,1.16.3,PRexp,14,3.97,nan,106,Left,Left,2174,127,135,30,nan,nan,0.68
9/19/2025 22:43:14,1.16.3,PRexp,14,3.97,nan,106,Left,Left,2175,127,135,30,nan,nan,0.37
9/19/2025 22:43:16,1.16.3,PRexp,14,3.97,nan,106,Left,Left,2176,127,135,30,nan,nan,0.16
9/19/2025 22:43:18,1.16.3,PRexp,14,3.97,nan,106,Left,Left,2177,127,135,30,nan,nan,0.00
9/19/2025 22:43:19,1.16.3,PRexp,14,3.97,nan,106,Left,Left,2178,127,135,30,nan,nan,0.10
9/19/2025 22:43:21,1.16.3,PRexp,14,3.98,nan,106,Left,Left,2179,127,135,30,nan,nan,0.44
9/19/2025 22:43:22,1.16.3,PRexp,14,3.97,nan,106,Left,Left,2180,127,135,30,nan,nan,0.00
9/19/2025 22:43:24,1.16.3,PRexp,14,3.98,nan,106,Left,Left,2181,127,135,30,nan,nan,0.00
9/19/2025 22:43:28,1.16.3,PRexp,14,3.98,nan,106,Left,Left,2182,127,135,30,nan,nan,0.07
9/19/2025 22:43:32,1.16.3,PRexp,14,3.97,nan,106,Left,Left,2183,127,135,30,nan,nan,0.07
9/19/2025 22:43:35,1.16.3,PRexp,14,3.97,nan,106,Left,Left,2184,127,135,30,nan,nan,0.26
9/19/2025 22:43:37,1.16.3,PRexp,14,3.97,nan,106,Left,Left,2185,127,135,30,nan,nan,0.41
9/19/2025 22:43:40,1.16.3,PRexp,14,3.98,nan,106,Left,Left,2186,127,135,30,nan,nan,0.18
9/19/2025 22:43:42,1.16.3,PRexp,14,3.96,nan,106,Left,Left,2187,127,135,30,nan,nan,0.00
9/19/2025 22:43:44,1.16.3,PRexp,14,3.97,nan,106,Left,Left,2188,127,135,30,nan,nan,0.00
9/19/2025 22:50:51,1.16.3,PRexp,14,3.98,nan,106,Left,Left,2189,127,135,30,nan,nan,0.04
9/19/2025 22:52:21,1.16.3,PRexp,14,3.97,nan,106,Left,Left,2190,127,135,30,nan,nan,0.05
9/19/2025 22:52:22,1.16.3,PRexp,14,3.98,nan,106,Left,Left,2191,127,135,30,nan,nan,0.08
9/19/2025 22:52:24,1.16.3,PRexp,14,3.98,nan,106,Left,Left,2192,127,135,30,nan,nan,0.01
9/19/2025 22:52:26,1.16.3,PRexp,14,3.98,nan,106,Left,Left,2193,127,135,30,nan,nan,0.01
9/19/2025 22:52:31,1.16.3,PRexp,14,3.97,nan,106,Left,Left,2194,127,135,30,nan,nan,0.16
9/19/2025 22:52:35,1.16.3,PRexp,14,3.98,nan,106,Left,Left,2195,127,135,30,nan,nan,1.03
9/19/2025 23:26:24,1.16.3,PRexp,14,3.98,nan,1,Left,Left,2196,127,135,0,nan,nan,0.57
9/19/2025 23:26:25,1.16.3,PRexp,14,3.98,1,1,Pellet,Left,2196,127,136,1,0.55,3739,nan
9/19/2025 23:27:07,1.16.3,PRexp,14,3.97,nan,1,Left,Left,2197,127,136,1,nan,nan,0.06
9/19/2025 23:27:08,1.16.3,PRexp,14,3.98,1,1,Pellet,Left,2197,127,137,2,0.67,43,nan
9/19/2025 23:28:22,1.16.3,PRexp,14,3.98,nan,2,Left,Left,2198,127,137,2,nan,nan,0.00
9/19/2025 23:28:24,1.16.3,PRexp,14,3.97,nan,2,Left,Left,2199,127,137,2,nan,nan,0.29
9/19/2025 23:28:25,1.16.3,PRexp,14,3.97,1,2,Pellet,Left,2199,127,138,3,0.36,77,nan
9/19/2025 23:29:06,1.16.3,PRexp,14,3.97,nan,2,Left,Left,2200,127,138,3,nan,nan,0.07
9/19/2025 23:29:21,1.16.3,PRexp,14,3.97,nan,2,Left,Left,2201,127,138,3,nan,nan,0.02
9/19/2025 23:29:22,1.16.3,PRexp,14,3.97,1,2,Pellet,Left,2201,127,139,4,0.30,57,nan
9/19/2025 23:30:21,1.16.3,PRexp,14,3.97,nan,3,Left,Left,2202,127,139,4,nan,nan,0.09
9/19/2025 23:30:32,1.16.3,PRexp,14,3.98,nan,3,Left,Left,2203,127,139,4,nan,nan,0.33
9/19/2025 23:30:34,1.16.3,PRexp,14,3.97,nan,3,Left,Left,2204,127,139,4,nan,nan,0.00
9/19/2025 23:30:35,1.16.3,PRexp,14,3.97,1,3,Pellet,Left,2204,127,140,5,0.24,73,nan
9/19/2025 23:31:13,1.16.3,PRexp,14,3.97,nan,4,Left,Left,2205,127,140,5,nan,nan,0.93
9/19/2025 23:31:15,1.16.3,PRexp,14,3.97,nan,4,Left,Left,2206,127,140,5,nan,nan,0.45
9/19/2025 23:31:18,1.16.3,PRexp,14,3.97,nan,4,Left,Left,2207,127,140,5,nan,nan,2.74
9/19/2025 23:31:22,1.16.3,PRexp,14,3.97,nan,4,Left,Left,2208,127,140,5,nan,nan,0.20
9/19/2025 23:31:23,1.16.3,PRexp,14,3.97,nan,4,LeftDuringDispense,Left,2209,127,140,6,nan,nan,0.12
9/19/2025 23:31:32,1.16.3,PRexp,14,3.97,3,4,Pellet,Left,2209,127,141,6,4.47,57,nan
9/19/2025 23:32:37,1.16.3,PRexp,14,3.97,nan,5,Left,Left,2210,127,141,6,nan,nan,0.53
9/19/2025 23:32:40,1.16.3,PRexp,14,3.97,nan,5,Left,Left,2211,127,141,6,nan,nan,0.47
9/19/2025 23:32:44,1.16.3,PRexp,14,3.97,nan,5,Left,Left,2212,127,141,6,nan,nan,0.02
9/19/2025 23:32:45,1.16.3,PRexp,14,3.97,nan,5,Left,Left,2213,127,141,6,nan,nan,0.00
9/19/2025 23:32:46,1.16.3,PRexp,14,3.97,nan,5,Left,Left,2214,127,141,6,nan,nan,0.00
9/19/2025 23:32:47,1.16.3,PRexp,14,3.97,nan,5,LeftDuringDispense,Left,2215,127,141,7,nan,nan,0.08
9/19/2025 23:32:51,1.16.3,PRexp,14,3.97,2,5,Pellet,Left,2215,127,142,7,1.46,79,nan
9/19/2025 23:33:30,1.16.3,PRexp,14,3.97,nan,6,Left,Left,2216,127,142,7,nan,nan,0.04
9/19/2025 23:33:31,1.16.3,PRexp,14,3.97,nan,6,Left,Left,2217,127,142,7,nan,nan,0.07
9/19/2025 23:33:36,1.16.3,PRexp,14,3.97,nan,6,Left,Left,2218,127,142,7,nan,nan,0.07
9/19/2025 23:33:51,1.16.3,PRexp,14,3.97,nan,6,Left,Left,2219,127,142,7,nan,nan,0.50
9/19/2025 23:33:56,1.16.3,PRexp,14,3.97,nan,6,Left,Left,2220,127,142,7,nan,nan,3.02
9/19/2025 23:33:59,1.16.3,PRexp,14,3.97,nan,6,Left,Left,2221,127,142,7,nan,nan,0.95
9/19/2025 23:34:00,1.16.3,PRexp,14,3.98,1,6,Pellet,Left,2221,127,143,8,0.36,69,nan
9/19/2025 23:34:51,1.16.3,PRexp,14,3.98,nan,7,Left,Left,2222,127,143,8,nan,nan,0.20
9/19/2025 23:34:53,1.16.3,PRexp,14,3.97,nan,7,Left,Left,2223,127,143,8,nan,nan,0.00
9/19/2025 23:34:54,1.16.3,PRexp,14,3.97,nan,7,Left,Left,2224,127,143,8,nan,nan,0.44
9/19/2025 23:34:57,1.16.3,PRexp,14,3.97,nan,7,Left,Left,2225,127,143,8,nan,nan,0.88
9/19/2025 23:34:59,1.16.3,PRexp,14,3.98,nan,7,Left,Left,2226,127,143,8,nan,nan,0.00
9/19/2025 23:35:03,1.16.3,PRexp,14,3.97,nan,7,Left,Left,2227,127,143,8,nan,nan,0.03
9/19/2025 23:35:05,1.16.3,PRexp,14,3.97,nan,7,Left,Left,2228,127,143,8,nan,nan,0.35
9/19/2025 23:35:06,1.16.3,PRexp,14,3.97,nan,7,LeftDuringDispense,Left,2229,127,143,9,nan,nan,0.09
9/19/2025 23:35:09,1.16.3,PRexp,14,3.97,2,7,Pellet,Left,2229,127,144,9,0.30,69,nan
9/19/2025 23:35:45,1.16.3,PRexp,14,3.97,nan,9,Left,Left,2230,127,144,9,nan,nan,0.19
9/19/2025 23:35:47,1.16.3,PRexp,14,3.97,nan,9,Left,Left,2231,127,144,9,nan,nan,0.01
9/19/2025 23:35:52,1.16.3,PRexp,14,3.97,nan,9,Left,Left,2232,127,144,9,nan,nan,0.38
9/19/2025 23:35:56,1.16.3,PRexp,14,3.97,nan,9,Left,Left,2233,127,144,9,nan,nan,0.02
9/19/2025 23:35:57,1.16.3,PRexp,14,3.97,nan,9,Left,Left,2234,127,144,9,nan,nan,0.48
9/19/2025 23:35:59,1.16.3,PRexp,14,3.97,nan,9,Left,Left,2235,127,144,9,nan,nan,0.63
9/19/2025 23:36:02,1.16.3,PRexp,14,3.97,nan,9,Left,Left,2236,127,144,9,nan,nan,0.42
9/19/2025 23:36:15,1.16.3,PRexp,14,3.96,nan,9,Left,Left,2237,127,144,9,nan,nan,0.94
9/19/2025 23:36:17,1.16.3,PRexp,14,3.97,nan,9,Left,Left,2238,127,144,9,nan,nan,0.44
9/19/2025 23:36:18,1.16.3,PRexp,14,3.97,nan,9,LeftDuringDispense,Left,2239,127,144,10,nan,nan,0.14
9/19/2025 23:36:21,1.16.3,PRexp,14,3.97,2,9,Pellet,Left,2239,127,145,10,0.61,72,nan
9/19/2025 23:37:30,1.16.3,PRexp,14,3.97,nan,10,Left,Left,2240,127,145,10,nan,nan,0.04
9/19/2025 23:37:52,1.16.3,PRexp,14,3.97,nan,10,Left,Left,2241,127,145,10,nan,nan,0.02
9/19/2025 23:37:56,1.16.3,PRexp,14,3.98,nan,10,Left,Left,2242,127,145,10,nan,nan,0.01
9/19/2025 23:38:10,1.16.3,PRexp,14,3.98,nan,10,Left,Left,2243,127,145,10,nan,nan,0.05
9/19/2025 23:38:18,1.16.3,PRexp,14,3.97,nan,10,Left,Left,2244,127,145,10,nan,nan,0.17
9/19/2025 23:38:24,1.16.3,PRexp,14,3.98,nan,10,Left,Left,2245,127,145,10,nan,nan,0.00
9/19/2025 23:38:40,1.16.3,PRexp,14,3.98,nan,10,Left,Left,2246,127,145,10,nan,nan,0.04
9/19/2025 23:38:45,1.16.3,PRexp,14,3.97,nan,10,Left,Left,2247,127,145,10,nan,nan,0.02
9/19/2025 23:39:28,1.16.3,PRexp,14,3.97,nan,10,Left,Left,2248,127,145,10,nan,nan,0.09
9/19/2025 23:39:41,1.16.3,PRexp,14,3.97,nan,10,Left,Left,2249,127,145,10,nan,nan,0.30
9/19/2025 23:39:43,1.16.3,PRexp,14,3.97,1,10,Pellet,Left,2249,127,146,11,0.30,202,nan
9/19/2025 23:44:28,1.16.3,PRexp,14,3.97,nan,12,Left,Left,2250,127,146,11,nan,nan,0.09
9/19/2025 23:44:39,1.16.3,PRexp,14,3.97,nan,12,Left,Left,2251,127,146,11,nan,nan,0.06
9/19/2025 23:44:49,1.16.3,PRexp,14,3.97,nan,12,Left,Left,2252,127,146,11,nan,nan,0.07
9/19/2025 23:44:51,1.16.3,PRexp,14,3.97,nan,12,Left,Left,2253,127,146,11,nan,nan,0.82
9/19/2025 23:52:25,1.16.3,PRexp,14,3.97,nan,12,Left,Left,2254,127,146,11,nan,nan,0.05
9/19/2025 23:52:30,1.16.3,PRexp,14,3.97,nan,12,Left,Left,2255,127,146,11,nan,nan,0.19
9/19/2025 23:52:38,1.16.3,PRexp,14,3.97,nan,12,Left,Left,2256,127,146,11,nan,nan,0.08
9/20/2025 0:03:29,1.16.3,PRexp,14,3.97,nan,12,Left,Left,2257,127,146,11,nan,nan,0.03
9/20/2025 0:03:32,1.16.3,PRexp,14,3.97,nan,12,Left,Left,2258,127,146,11,nan,nan,1.21
9/20/2025 0:03:37,1.16.3,PRexp,14,3.97,nan,12,Left,Left,2259,127,146,11,nan,nan,0.91
9/20/2025 0:03:38,1.16.3,PRexp,14,3.97,nan,12,Left,Left,2260,127,146,11,nan,nan,0.00
9/20/2025 0:03:41,1.16.3,PRexp,14,3.97,nan,12,Left,Left,2261,127,146,11,nan,nan,0.05
9/20/2025 0:03:42,1.16.3,PRexp,14,3.98,1,12,Pellet,Left,2261,127,147,12,0.49,1439,nan
9/20/2025 0:04:15,1.16.3,PRexp,14,3.97,nan,13,Left,Left,2262,127,147,12,nan,nan,0.02
9/20/2025 0:04:29,1.16.3,PRexp,14,3.97,nan,13,Left,Left,2263,127,147,12,nan,nan,0.43
9/20/2025 0:04:55,1.16.3,PRexp,14,3.98,nan,13,Left,Left,2264,127,147,12,nan,nan,0.01
9/20/2025 0:05:20,1.16.3,PRexp,14,3.97,nan,13,Left,Left,2265,127,147,12,nan,nan,0.06
9/20/2025 0:05:31,1.16.3,PRexp,14,3.97,nan,13,Left,Left,2266,127,147,12,nan,nan,0.08
9/20/2025 0:05:42,1.16.3,PRexp,14,3.97,nan,13,Left,Left,2267,127,147,12,nan,nan,4.59
9/20/2025 0:17:28,1.16.3,PRexp,14,3.97,nan,13,Left,Left,2268,127,147,12,nan,nan,0.06
9/20/2025 0:17:38,1.16.3,PRexp,14,3.97,nan,13,Left,Left,2269,127,147,12,nan,nan,0.53
9/20/2025 0:17:42,1.16.3,PRexp,14,3.96,nan,13,Left,Left,2270,127,147,12,nan,nan,0.05
9/20/2025 0:17:46,1.16.3,PRexp,14,3.97,nan,13,Left,Left,2271,127,147,12,nan,nan,0.63
9/20/2025 0:17:55,1.16.3,PRexp,14,3.97,nan,13,Left,Left,2272,127,147,12,nan,nan,0.16
9/20/2025 0:18:25,1.16.3,PRexp,14,3.97,nan,13,Left,Left,2273,127,147,12,nan,nan,0.00
9/20/2025 0:18:29,1.16.3,PRexp,14,3.97,nan,13,Left,Left,2274,127,147,12,nan,nan,0.16
9/20/2025 0:18:30,1.16.3,PRexp,14,3.97,1,13,Pellet,Left,2274,127,148,13,0.61,888,nan
9/20/2025 0:25:46,1.16.3,PRexp,14,3.97,nan,15,Left,Left,2275,127,148,13,nan,nan,0.95
9/20/2025 0:25:51,1.16.3,PRexp,14,3.97,nan,15,Left,Left,2276,127,148,13,nan,nan,0.12
9/20/2025 0:26:40,1.16.3,PRexp,14,3.97,nan,15,Left,Left,2277,127,148,13,nan,nan,0.79
9/20/2025 0:27:01,1.16.3,PRexp,14,3.97,nan,15,Left,Left,2278,127,148,13,nan,nan,0.11
9/20/2025 0:27:06,1.16.3,PRexp,14,3.97,nan,15,Left,Left,2279,127,148,13,nan,nan,0.34
9/20/2025 0:27:09,1.16.3,PRexp,14,3.97,nan,15,Left,Left,2280,127,148,13,nan,nan,0.00
9/20/2025 0:27:15,1.16.3,PRexp,14,3.97,nan,15,Left,Left,2281,127,148,13,nan,nan,0.41
9/20/2025 0:27:18,1.16.3,PRexp,14,3.97,nan,15,Left,Left,2282,127,148,13,nan,nan,0.02
9/20/2025 0:27:20,1.16.3,PRexp,14,3.97,nan,15,Left,Left,2283,127,148,13,nan,nan,0.00
9/20/2025 0:27:22,1.16.3,PRexp,14,3.97,nan,15,Left,Left,2284,127,148,13,nan,nan,0.53
9/20/2025 0:29:42,1.16.3,PRexp,14,3.96,nan,15,Right,Left,2284,128,148,13,nan,nan,0.13
9/20/2025 0:29:52,1.16.3,PRexp,14,3.97,nan,15,Left,Left,2285,128,148,13,nan,nan,0.02
9/20/2025 0:29:59,1.16.3,PRexp,14,3.97,nan,15,Left,Left,2286,128,148,13,nan,nan,0.07
9/20/2025 0:30:02,1.16.3,PRexp,14,3.97,nan,15,Left,Left,2287,128,148,13,nan,nan,0.08
9/20/2025 0:30:06,1.16.3,PRexp,14,3.97,nan,15,Left,Left,2288,128,148,13,nan,nan,1.71
9/20/2025 0:30:08,1.16.3,PRexp,14,3.97,nan,15,Left,Left,2289,128,148,13,nan,nan,0.37
9/20/2025 0:30:09,1.16.3,PRexp,14,3.97,1,15,Pellet,Left,2289,128,149,14,0.55,699,nan
9/20/2025 0:31:44,1.16.3,PRexp,14,3.97,nan,17,Left,Left,2290,128,149,14,nan,nan,0.46
9/20/2025 0:33:22,1.16.3,PRexp,14,3.97,nan,17,Left,Left,2291,128,149,14,nan,nan,0.05
9/20/2025 0:33:26,1.16.3,PRexp,14,3.96,nan,17,Left,Left,2292,128,149,14,nan,nan,0.06
9/20/2025 0:33:29,1.16.3,PRexp,14,3.97,nan,17,Left,Left,2293,128,149,14,nan,nan,0.07
9/20/2025 0:33:32,1.16.3,PRexp,14,3.96,nan,17,Left,Left,2294,128,149,14,nan,nan,0.03
9/20/2025 0:33:34,1.16.3,PRexp,14,3.97,nan,17,Left,Left,2295,128,149,14,nan,nan,0.15
9/20/2025 0:33:35,1.16.3,PRexp,14,3.97,nan,17,Left,Left,2296,128,149,14,nan,nan,0.02
9/20/2025 0:33:36,1.16.3,PRexp,14,3.97,nan,17,Left,Left,2297,128,149,14,nan,nan,0.00
9/20/2025 0:33:38,1.16.3,PRexp,14,3.96,nan,17,Left,Left,2298,128,149,14,nan,nan,0.47
9/20/2025 0:36:52,1.16.3,PRexp,14,3.97,nan,17,Right,Left,2298,129,149,14,nan,nan,0.42
9/20/2025 0:37:00,1.16.3,PRexp,14,3.97,nan,17,Left,Left,2299,129,149,14,nan,nan,0.56
9/20/2025 0:37:03,1.16.3,PRexp,14,3.97,nan,17,Left,Left,2300,129,149,14,nan,nan,0.10
9/20/2025 0:37:04,1.16.3,PRexp,14,3.97,nan,17,Left,Left,2301,129,149,14,nan,nan,0.02
9/20/2025 0:37:08,1.16.3,PRexp,14,3.97,nan,17,Left,Left,2302,129,149,14,nan,nan,0.04
9/20/2025 0:37:10,1.16.3,PRexp,14,3.96,nan,17,Left,Left,2303,129,149,14,nan,nan,0.00
9/20/2025 0:37:11,1.16.3,PRexp,14,3.97,nan,17,Left,Left,2304,129,149,14,nan,nan,0.32
9/20/2025 0:37:12,1.16.3,PRexp,14,3.97,nan,17,Left,Left,2305,129,149,14,nan,nan,0.04
9/20/2025 0:37:14,1.16.3,PRexp,14,3.97,nan,17,Left,Left,2306,129,149,14,nan,nan,0.21
9/20/2025 0:37:14,1.16.3,PRexp,14,3.97,nan,17,LeftDuringDispense,Left,2307,129,149,15,nan,nan,0.09
9/20/2025 0:37:18,1.16.3,PRexp,14,3.97,3,17,Pellet,Left,2307,129,150,15,0.06,428,nan
9/20/2025 0:37:36,1.16.3,PRexp,14,3.97,nan,20,Left,Left,2308,129,150,15,nan,nan,0.02
9/20/2025 0:37:38,1.16.3,PRexp,14,3.97,nan,20,Left,Left,2309,129,150,15,nan,nan,0.43
9/20/2025 0:37:39,1.16.3,PRexp,14,3.96,nan,20,Left,Left,2310,129,150,15,nan,nan,0.11
9/20/2025 0:37:41,1.16.3,PRexp,14,3.97,nan,20,Left,Left,2311,129,150,15,nan,nan,0.52
9/20/2025 0:37:42,1.16.3,PRexp,14,3.97,nan,20,Left,Left,2312,129,150,15,nan,nan,0.00
9/20/2025 0:39:32,1.16.3,PRexp,14,3.97,nan,20,Left,Left,2313,129,150,15,nan,nan,0.09
9/20/2025 0:39:34,1.16.3,PRexp,14,3.97,nan,20,Left,Left,2314,129,150,15,nan,nan,0.78
9/20/2025 0:39:35,1.16.3,PRexp,14,3.97,nan,20,Left,Left,2315,129,150,15,nan,nan,0.01
9/20/2025 0:39:36,1.16.3,PRexp,14,3.97,nan,20,Left,Left,2316,129,150,15,nan,nan,0.14
9/20/2025 0:39:38,1.16.3,PRexp,14,3.97,nan,20,Left,Left,2317,129,150,15,nan,nan,0.16
9/20/2025 0:39:39,1.16.3,PRexp,14,3.97,nan,20,Left,Left,2318,129,150,15,nan,nan,0.00
9/20/2025 0:39:40,1.16.3,PRexp,14,3.97,nan,20,Left,Left,2319,129,150,15,nan,nan,0.00
9/20/2025 0:39:42,1.16.3,PRexp,14,3.97,nan,20,Left,Left,2320,129,150,15,nan,nan,0.40
9/20/2025 0:39:44,1.16.3,PRexp,14,3.97,nan,20,Left,Left,2321,129,150,15,nan,nan,0.00
9/20/2025 0:40:01,1.16.3,PRexp,14,3.97,nan,20,Right,Left,2321,130,150,15,nan,nan,0.25
9/20/2025 0:40:03,1.16.3,PRexp,14,3.97,nan,20,Right,Left,2321,131,150,15,nan,nan,0.14
9/20/2025 0:40:08,1.16.3,PRexp,14,3.97,nan,20,Left,Left,2322,131,150,15,nan,nan,0.20
9/20/2025 0:40:09,1.16.3,PRexp,14,3.97,nan,20,Left,Left,2323,131,150,15,nan,nan,0.00
9/20/2025 0:40:11,1.16.3,PRexp,14,3.97,nan,20,Left,Left,2324,131,150,15,nan,nan,0.64
9/20/2025 0:40:12,1.16.3,PRexp,14,3.97,nan,20,Left,Left,2325,131,150,15,nan,nan,0.00
9/20/2025 0:40:13,1.16.3,PRexp,14,3.97,nan,20,Left,Left,2326,131,150,15,nan,nan,0.11
9/20/2025 0:40:16,1.16.3,PRexp,14,3.97,nan,20,Left,Left,2327,131,150,15,nan,nan,0.11
9/20/2025 0:40:17,1.16.3,PRexp,14,3.97,1,20,Pellet,Left,2327,131,151,16,0.30,180,nan
9/20/2025 0:41:45,1.16.3,PRexp,14,3.97,nan,22,Left,Left,2328,131,151,16,nan,nan,0.43
9/20/2025 0:41:47,1.16.3,PRexp,14,3.97,nan,22,Left,Left,2329,131,151,16,nan,nan,0.09
9/20/2025 0:41:48,1.16.3,PRexp,14,3.97,nan,22,Left,Left,2330,131,151,16,nan,nan,0.12
9/20/2025 0:41:50,1.16.3,PRexp,14,3.96,nan,22,Left,Left,2331,131,151,16,nan,nan,0.02
9/20/2025 0:41:51,1.16.3,PRexp,14,3.97,nan,22,Left,Left,2332,131,151,16,nan,nan,0.16
9/20/2025 0:41:52,1.16.3,PRexp,14,3.97,nan,22,Left,Left,2333,131,151,16,nan,nan,0.65
9/20/2025 0:41:57,1.16.3,PRexp,14,3.97,nan,22,Left,Left,2334,131,151,16,nan,nan,0.07
9/20/2025 0:41:58,1.16.3,PRexp,14,3.97,nan,22,Left,Left,2335,131,151,16,nan,nan,0.00
9/20/2025 0:42:01,1.16.3,PRexp,14,3.97,nan,22,Left,Left,2336,131,151,16,nan,nan,0.62
9/20/2025 0:42:02,1.16.3,PRexp,14,3.97,nan,22,Left,Left,2337,131,151,16,nan,nan,0.10
9/20/2025 0:42:04,1.16.3,PRexp,14,3.97,nan,22,Left,Left,2338,131,151,16,nan,nan,0.74
9/20/2025 0:42:08,1.16.3,PRexp,14,3.97,nan,22,Left,Left,2339,131,151,16,nan,nan,0.09
9/20/2025 0:42:11,1.16.3,PRexp,14,3.97,nan,22,Left,Left,2340,131,151,16,nan,nan,0.17
9/20/2025 0:42:13,1.16.3,PRexp,14,3.97,nan,22,Left,Left,2341,131,151,16,nan,nan,0.42
9/20/2025 0:44:24,1.16.3,PRexp,14,3.97,nan,22,Left,Left,2342,131,151,16,nan,nan,0.06
9/20/2025 0:45:32,1.16.3,PRexp,14,3.97,nan,22,Left,Left,2343,131,151,16,nan,nan,0.06
9/20/2025 0:45:34,1.16.3,PRexp,14,3.97,nan,22,Left,Left,2344,131,151,16,nan,nan,0.53
9/20/2025 0:45:35,1.16.3,PRexp,14,3.97,nan,22,Left,Left,2345,131,151,16,nan,nan,0.16
9/20/2025 0:45:38,1.16.3,PRexp,14,3.97,nan,22,Left,Left,2346,131,151,16,nan,nan,0.01
9/20/2025 0:45:39,1.16.3,PRexp,14,3.97,nan,22,Left,Left,2347,131,151,16,nan,nan,0.00
9/20/2025 0:45:40,1.16.3,PRexp,14,3.97,nan,22,Left,Left,2348,131,151,16,nan,nan,0.35
9/20/2025 0:45:41,1.16.3,PRexp,14,3.97,nan,22,Left,Left,2349,131,151,16,nan,nan,0.25
9/20/2025 0:45:42,1.16.3,PRexp,14,3.97,1,22,Pellet,Left,2349,131,152,17,0.24,325,nan
9/20/2025 0:46:14,1.16.3,PRexp,14,3.96,nan,25,Left,Left,2350,131,152,17,nan,nan,0.53
9/20/2025 0:46:16,1.16.3,PRexp,14,3.97,nan,25,Left,Left,2351,131,152,17,nan,nan,0.01
9/20/2025 0:46:18,1.16.3,PRexp,14,3.97,nan,25,Left,Left,2352,131,152,17,nan,nan,0.50
9/20/2025 0:46:22,1.16.3,PRexp,14,3.97,nan,25,Left,Left,2353,131,152,17,nan,nan,0.16
9/20/2025 0:46:23,1.16.3,PRexp,14,3.97,nan,25,Left,Left,2354,131,152,17,nan,nan,0.04
9/20/2025 0:46:24,1.16.3,PRexp,14,3.97,nan,25,Left,Left,2355,131,152,17,nan,nan,0.00
9/20/2025 0:46:26,1.16.3,PRexp,14,3.97,nan,25,Left,Left,2356,131,152,17,nan,nan,0.30
9/20/2025 0:46:29,1.16.3,PRexp,14,3.97,nan,25,Left,Left,2357,131,152,17,nan,nan,0.21
9/20/2025 0:46:33,1.16.3,PRexp,14,3.98,nan,25,Left,Left,2358,131,152,17,nan,nan,0.95
9/20/2025 0:46:37,1.16.3,PRexp,14,3.97,nan,25,Left,Left,2359,131,152,17,nan,nan,0.11
9/20/2025 0:46:38,1.16.3,PRexp,14,3.96,nan,25,Left,Left,2360,131,152,17,nan,nan,0.01
9/20/2025 0:46:38,1.16.3,PRexp,14,3.97,nan,25,Left,Left,2361,131,152,17,nan,nan,0.00
9/20/2025 0:46:41,1.16.3,PRexp,14,3.96,nan,25,Left,Left,2362,131,152,17,nan,nan,0.16
9/20/2025 0:46:43,1.16.3,PRexp,14,3.97,nan,25,Left,Left,2363,131,152,17,nan,nan,0.26
9/20/2025 0:46:45,1.16.3,PRexp,14,3.97,nan,25,Left,Left,2364,131,152,17,nan,nan,0.77
9/20/2025 0:49:48,1.16.3,PRexp,14,3.97,nan,25,Right,Left,2364,132,152,17,nan,nan,0.02
9/20/2025 0:50:04,1.16.3,PRexp,14,3.97,nan,25,Right,Left,2364,133,152,17,nan,nan,0.14
9/20/2025 0:52:10,1.16.3,PRexp,14,3.97,nan,25,Right,Left,2364,134,152,17,nan,nan,0.05
9/20/2025 0:53:29,1.16.3,PRexp,14,3.97,nan,25,Left,Left,2365,134,152,17,nan,nan,0.01
9/20/2025 0:55:00,1.16.3,PRexp,14,3.97,nan,25,Left,Left,2366,134,152,17,nan,nan,0.06
9/20/2025 0:55:02,1.16.3,PRexp,14,3.97,nan,25,Left,Left,2367,134,152,17,nan,nan,0.37
9/20/2025 0:55:03,1.16.3,PRexp,14,3.97,nan,25,Left,Left,2368,134,152,17,nan,nan,0.26
9/20/2025 0:55:04,1.16.3,PRexp,14,3.97,nan,25,Left,Left,2369,134,152,17,nan,nan,0.00
9/20/2025 0:55:05,1.16.3,PRexp,14,3.97,nan,25,Left,Left,2370,134,152,17,nan,nan,0.00
9/20/2025 0:55:08,1.16.3,PRexp,14,3.97,nan,25,Left,Left,2371,134,152,17,nan,nan,0.20
9/20/2025 0:55:09,1.16.3,PRexp,14,3.97,nan,25,Left,Left,2372,134,152,17,nan,nan,0.00
9/20/2025 0:55:10,1.16.3,PRexp,14,3.96,nan,25,Left,Left,2373,134,152,17,nan,nan,0.01
9/20/2025 0:55:12,1.16.3,PRexp,14,3.97,nan,25,Left,Left,2374,134,152,17,nan,nan,0.19
9/20/2025 0:55:13,1.16.3,PRexp,14,3.97,nan,25,LeftDuringDispense,Left,2375,134,152,18,nan,nan,0.07
9/20/2025 0:55:16,1.16.3,PRexp,14,3.97,3,25,Pellet,Left,2375,134,153,18,0.06,574,nan
9/20/2025 0:56:51,1.16.3,PRexp,14,3.97,nan,28,Right,Left,2375,135,153,18,nan,nan,0.15
9/20/2025 0:56:54,1.16.3,PRexp,14,3.97,nan,28,Left,Left,2376,135,153,18,nan,nan,0.02
9/20/2025 0:56:57,1.16.3,PRexp,14,3.96,nan,28,Left,Left,2377,135,153,18,nan,nan,0.13
9/20/2025 0:56:58,1.16.3,PRexp,14,3.97,nan,28,Left,Left,2378,135,153,18,nan,nan,0.06
9/20/2025 0:56:59,1.16.3,PRexp,14,3.97,nan,28,Left,Left,2379,135,153,18,nan,nan,0.08
9/20/2025 0:57:00,1.16.3,PRexp,14,3.96,nan,28,Left,Left,2380,135,153,18,nan,nan,0.02
9/20/2025 0:57:02,1.16.3,PRexp,14,3.97,nan,28,Left,Left,2381,135,153,18,nan,nan,0.11
9/20/2025 0:57:03,1.16.3,PRexp,14,3.97,nan,28,Left,Left,2382,135,153,18,nan,nan,0.48
9/20/2025 0:57:07,1.16.3,PRexp,14,3.97,nan,28,Left,Left,2383,135,153,18,nan,nan,0.23
9/20/2025 0:57:08,1.16.3,PRexp,14,3.97,nan,28,Left,Left,2384,135,153,18,nan,nan,0.18
9/20/2025 0:57:10,1.16.3,PRexp,14,3.97,nan,28,Left,Left,2385,135,153,18,nan,nan,0.28
9/20/2025 0:57:11,1.16.3,PRexp,14,3.97,nan,28,Left,Left,2386,135,153,18,nan,nan,0.00
9/20/2025 0:57:15,1.16.3,PRexp,14,3.97,nan,28,Left,Left,2387,135,153,18,nan,nan,0.80
9/20/2025 0:57:17,1.16.3,PRexp,14,3.97,nan,28,Left,Left,2388,135,153,18,nan,nan,0.13
9/20/2025 1:03:20,1.16.3,PRexp,14,3.97,nan,28,Left,Left,2389,135,153,18,nan,nan,0.15
9/20/2025 1:03:21,1.16.3,PRexp,14,3.97,nan,28,Left,Left,2390,135,153,18,nan,nan,0.00
9/20/2025 1:03:22,1.16.3,PRexp,14,3.97,nan,28,Left,Left,2391,135,153,18,nan,nan,0.00
9/20/2025 1:03:24,1.16.3,PRexp,14,3.97,nan,28,Left,Left,2392,135,153,18,nan,nan,0.03
9/20/2025 1:03:25,1.16.3,PRexp,14,3.97,nan,28,Left,Left,2393,135,153,18,nan,nan,0.49
9/20/2025 1:03:29,1.16.3,PRexp,14,3.97,nan,28,Left,Left,2394,135,153,18,nan,nan,0.18
9/20/2025 1:03:31,1.16.3,PRexp,14,3.96,nan,28,Left,Left,2395,135,153,18,nan,nan,0.15
9/20/2025 1:03:33,1.16.3,PRexp,14,3.97,nan,28,Left,Left,2396,135,153,18,nan,nan,0.43
9/20/2025 1:03:35,1.16.3,PRexp,14,3.97,nan,28,Left,Left,2397,135,153,18,nan,nan,0.42
9/20/2025 1:03:36,1.16.3,PRexp,14,3.97,nan,28,Left,Left,2398,135,153,18,nan,nan,0.30
9/20/2025 1:03:41,1.16.3,PRexp,14,3.97,nan,28,Left,Left,2399,135,153,18,nan,nan,0.44
9/20/2025 1:03:44,1.16.3,PRexp,14,3.97,nan,28,Left,Left,2400,135,153,18,nan,nan,0.17
9/20/2025 1:03:45,1.16.3,PRexp,14,3.97,nan,28,Left,Left,2401,135,153,18,nan,nan,0.00
9/20/2025 1:03:46,1.16.3,PRexp,14,3.96,nan,28,Left,Left,2402,135,153,18,nan,nan,0.00
9/20/2025 1:03:47,1.16.3,PRexp,14,3.97,nan,28,Left,Left,2403,135,153,18,nan,nan,0.00
9/20/2025 1:03:47,1.16.3,PRexp,14,3.97,nan,28,LeftDuringDispense,Left,2404,135,153,19,nan,nan,0.06
9/20/2025 1:03:51,1.16.3,PRexp,14,3.97,2,28,Pellet,Left,2404,135,154,19,0.18,514,nan
9/20/2025 1:04:26,1.16.3,PRexp,14,3.97,nan,32,Left,Left,2405,135,154,19,nan,nan,0.07
9/20/2025 1:06:38,1.16.3,PRexp,14,3.97,nan,32,Left,Left,2406,135,154,19,nan,nan,0.09
9/20/2025 1:06:41,1.16.3,PRexp,14,3.97,nan,32,Left,Left,2407,135,154,19,nan,nan,0.51
9/20/2025 1:06:43,1.16.3,PRexp,14,3.97,nan,32,Left,Left,2408,135,154,19,nan,nan,0.08
9/20/2025 1:06:45,1.16.3,PRexp,14,3.96,nan,32,Left,Left,2409,135,154,19,nan,nan,0.00
9/20/2025 1:09:10,1.16.3,PRexp,14,3.96,nan,32,Left,Left,2410,135,154,19,nan,nan,0.06
9/20/2025 1:09:50,1.16.3,PRexp,14,3.97,nan,32,Left,Left,2411,135,154,19,nan,nan,0.08
9/20/2025 1:09:53,1.16.3,PRexp,14,3.96,nan,32,Left,Left,2412,135,154,19,nan,nan,0.21
9/20/2025 1:09:54,1.16.3,PRexp,14,3.97,nan,32,Left,Left,2413,135,154,19,nan,nan,0.20
9/20/2025 1:09:57,1.16.3,PRexp,14,3.96,nan,32,Left,Left,2414,135,154,19,nan,nan,0.01
9/20/2025 1:09:58,1.16.3,PRexp,14,3.97,nan,32,Left,Left,2415,135,154,19,nan,nan,0.37
9/20/2025 1:10:00,1.16.3,PRexp,14,3.96,nan,32,Left,Left,2416,135,154,19,nan,nan,0.16
9/20/2025 1:10:01,1.16.3,PRexp,14,3.96,nan,32,Left,Left,2417,135,154,19,nan,nan,0.42
9/20/2025 1:10:03,1.16.3,PRexp,14,3.96,nan,32,Left,Left,2418,135,154,19,nan,nan,0.29
9/20/2025 1:10:05,1.16.3,PRexp,14,3.97,nan,32,Left,Left,2419,135,154,19,nan,nan,0.73
9/20/2025 1:10:09,1.16.3,PRexp,14,3.96,nan,32,Left,Left,2420,135,154,19,nan,nan,0.09
9/20/2025 1:10:10,1.16.3,PRexp,14,3.97,nan,32,Left,Left,2421,135,154,19,nan,nan,0.17
9/20/2025 1:10:12,1.16.3,PRexp,14,3.97,nan,32,Left,Left,2422,135,154,19,nan,nan,0.00
9/20/2025 1:10:13,1.16.3,PRexp,14,3.96,nan,32,Left,Left,2423,135,154,19,nan,nan,0.00
9/20/2025 1:10:15,1.16.3,PRexp,14,3.96,nan,32,Left,Left,2424,135,154,19,nan,nan,0.13
9/20/2025 1:10:17,1.16.3,PRexp,14,3.97,nan,32,Left,Left,2425,135,154,19,nan,nan,0.00
9/20/2025 1:10:18,1.16.3,PRexp,14,3.97,nan,32,Left,Left,2426,135,154,19,nan,nan,0.32
9/20/2025 1:10:20,1.16.3,PRexp,14,3.97,nan,32,Left,Left,2427,135,154,19,nan,nan,0.11
9/20/2025 1:10:22,1.16.3,PRexp,14,3.97,nan,32,Left,Left,2428,135,154,19,nan,nan,0.73
9/20/2025 1:10:24,1.16.3,PRexp,14,3.96,nan,32,Left,Left,2429,135,154,19,nan,nan,0.28
9/20/2025 1:10:27,1.16.3,PRexp,14,3.97,nan,32,Left,Left,2430,135,154,19,nan,nan,0.10
9/20/2025 1:10:29,1.16.3,PRexp,14,3.97,nan,32,Left,Left,2431,135,154,19,nan,nan,0.55
9/20/2025 1:10:31,1.16.3,PRexp,14,3.97,nan,32,Left,Left,2432,135,154,19,nan,nan,0.14
9/20/2025 1:10:33,1.16.3,PRexp,14,3.97,nan,32,Right,Left,2432,136,154,19,nan,nan,0.15
9/20/2025 1:10:37,1.16.3,PRexp,14,3.97,nan,32,Left,Left,2433,136,154,19,nan,nan,0.21
9/20/2025 1:13:12,1.16.3,PRexp,14,3.96,nan,32,Left,Left,2434,136,154,19,nan,nan,0.14
9/20/2025 1:13:17,1.16.3,PRexp,14,3.96,nan,32,Left,Left,2435,136,154,19,nan,nan,0.04
9/20/2025 1:13:18,1.16.3,PRexp,14,3.96,nan,32,Left,Left,2436,136,154,19,nan,nan,0.00
9/20/2025 1:13:19,1.16.3,PRexp,14,3.97,1,32,Pellet,Left,2436,136,155,20,0.36,569,nan
9/20/2025 1:15:58,1.16.3,PRexp,14,3.97,nan,36,Left,Left,2437,136,155,20,nan,nan,0.38
9/20/2025 1:16:00,1.16.3,PRexp,14,3.97,nan,36,Left,Left,2438,136,155,20,nan,nan,0.13
9/20/2025 1:16:02,1.16.3,PRexp,14,3.96,nan,36,Left,Left,2439,136,155,20,nan,nan,0.42
9/20/2025 1:16:05,1.16.3,PRexp,14,3.97,nan,36,Left,Left,2440,136,155,20,nan,nan,0.47
9/20/2025 1:16:08,1.16.3,PRexp,14,3.97,nan,36,Left,Left,2441,136,155,20,nan,nan,1.35
9/20/2025 1:16:10,1.16.3,PRexp,14,3.97,nan,36,Left,Left,2442,136,155,20,nan,nan,0.15
9/20/2025 1:24:37,1.16.3,PRexp,14,3.96,nan,36,Left,Left,2443,136,155,20,nan,nan,0.06
9/20/2025 1:24:41,1.16.3,PRexp,14,3.96,nan,36,Left,Left,2444,136,155,20,nan,nan,0.30
9/20/2025 1:24:43,1.16.3,PRexp,14,3.97,nan,36,Left,Left,2445,136,155,20,nan,nan,0.40
9/20/2025 1:24:46,1.16.3,PRexp,14,3.96,nan,36,Left,Left,2446,136,155,20,nan,nan,0.08
9/20/2025 1:24:48,1.16.3,PRexp,14,3.96,nan,36,Left,Left,2447,136,155,20,nan,nan,0.32
9/20/2025 1:24:49,1.16.3,PRexp,14,3.97,nan,36,Left,Left,2448,136,155,20,nan,nan,0.30
9/20/2025 1:24:51,1.16.3,PRexp,14,3.97,nan,36,Left,Left,2449,136,155,20,nan,nan,1.24
9/20/2025 1:24:53,1.16.3,PRexp,14,3.97,nan,36,Left,Left,2450,136,155,20,nan,nan,0.37
9/20/2025 1:24:55,1.16.3,PRexp,14,3.97,nan,36,Left,Left,2451,136,155,20,nan,nan,0.15
9/20/2025 1:24:57,1.16.3,PRexp,14,3.97,nan,36,Left,Left,2452,136,155,20,nan,nan,0.17
9/20/2025 1:24:58,1.16.3,PRexp,14,3.97,nan,36,Left,Left,2453,136,155,20,nan,nan,0.16
9/20/2025 1:25:07,1.16.3,PRexp,14,3.97,nan,36,Left,Left,2454,136,155,20,nan,nan,0.10
9/20/2025 1:25:08,1.16.3,PRexp,14,3.97,nan,36,Left,Left,2455,136,155,20,nan,nan,0.16
9/20/2025 1:25:09,1.16.3,PRexp,14,3.97,nan,36,Left,Left,2456,136,155,20,nan,nan,0.00
9/20/2025 1:25:11,1.16.3,PRexp,14,3.97,nan,36,Left,Left,2457,136,155,20,nan,nan,0.52
9/20/2025 1:25:48,1.16.3,PRexp,14,3.96,nan,36,Right,Left,2457,137,155,20,nan,nan,0.06
9/20/2025 1:25:53,1.16.3,PRexp,14,3.97,nan,36,Left,Left,2458,137,155,20,nan,nan,0.23
9/20/2025 1:25:56,1.16.3,PRexp,14,3.97,nan,36,Left,Left,2459,137,155,20,nan,nan,0.06
9/20/2025 1:25:59,1.16.3,PRexp,14,3.96,nan,36,Left,Left,2460,137,155,20,nan,nan,0.29
9/20/2025 1:26:02,1.16.3,PRexp,14,3.97,nan,36,Left,Left,2461,137,155,20,nan,nan,0.05
9/20/2025 1:26:02,1.16.3,PRexp,14,3.97,nan,36,Left,Left,2462,137,155,20,nan,nan,0.00
9/20/2025 1:26:03,1.16.3,PRexp,14,3.97,nan,36,Left,Left,2463,137,155,20,nan,nan,0.02
9/20/2025 1:26:05,1.16.3,PRexp,14,3.97,nan,36,Left,Left,2464,137,155,20,nan,nan,0.55
9/20/2025 1:26:07,1.16.3,PRexp,14,3.97,nan,36,Left,Left,2465,137,155,20,nan,nan,0.15
9/20/2025 1:26:08,1.16.3,PRexp,14,3.96,nan,36,Left,Left,2466,137,155,20,nan,nan,0.43
9/20/2025 1:26:09,1.16.3,PRexp,14,3.97,nan,36,Left,Left,2467,137,155,20,nan,nan,0.46
9/20/2025 1:26:13,1.16.3,PRexp,14,3.97,nan,36,Left,Left,2468,137,155,20,nan,nan,0.47
9/20/2025 1:26:15,1.16.3,PRexp,14,3.98,nan,36,Left,Left,2469,137,155,20,nan,nan,0.00
9/20/2025 1:26:16,1.16.3,PRexp,14,3.96,nan,36,Left,Left,2470,137,155,20,nan,nan,0.21
9/20/2025 1:26:18,1.16.3,PRexp,14,3.97,nan,36,Left,Left,2471,137,155,20,nan,nan,0.00
9/20/2025 1:26:20,1.16.3,PRexp,14,3.97,nan,36,Left,Left,2472,137,155,20,nan,nan,0.31
9/20/2025 1:26:21,1.16.3,PRexp,14,3.97,1,36,Pellet,Left,2472,137,156,21,0.55,782,nan
9/20/2025 1:31:24,1.16.3,PRexp,14,3.97,nan,40,Left,Left,2473,137,156,21,nan,nan,0.08
9/20/2025 1:31:31,1.16.3,PRexp,14,3.96,nan,40,Left,Left,2474,137,156,21,nan,nan,0.44
9/20/2025 1:31:33,1.16.3,PRexp,14,3.97,nan,40,Left,Left,2475,137,156,21,nan,nan,0.64
9/20/2025 1:31:34,1.16.3,PRexp,14,3.97,nan,40,Left,Left,2476,137,156,21,nan,nan,0.29
9/20/2025 1:31:37,1.16.3,PRexp,14,3.97,nan,40,Left,Left,2477,137,156,21,nan,nan,0.33
9/20/2025 1:31:38,1.16.3,PRexp,14,3.97,nan,40,Left,Left,2478,137,156,21,nan,nan,0.00
9/20/2025 1:31:39,1.16.3,PRexp,14,3.97,nan,40,Left,Left,2479,137,156,21,nan,nan,0.00
9/20/2025 1:31:40,1.16.3,PRexp,14,3.97,nan,40,Left,Left,2480,137,156,21,nan,nan,0.00
9/20/2025 1:31:41,1.16.3,PRexp,14,3.97,nan,40,Left,Left,2481,137,156,21,nan,nan,0.70
9/20/2025 1:31:43,1.16.3,PRexp,14,3.97,nan,40,Left,Left,2482,137,156,21,nan,nan,0.62
9/20/2025 1:31:45,1.16.3,PRexp,14,3.96,nan,40,Left,Left,2483,137,156,21,nan,nan,0.46
9/20/2025 1:31:52,1.16.3,PRexp,14,3.96,nan,40,Left,Left,2484,137,156,21,nan,nan,0.75
9/20/2025 1:39:00,1.16.3,PRexp,14,3.97,nan,40,Left,Left,2485,137,156,21,nan,nan,0.24
9/20/2025 1:39:10,1.16.3,PRexp,14,3.97,nan,40,Left,Left,2486,137,156,21,nan,nan,0.03
9/20/2025 1:39:20,1.16.3,PRexp,14,3.97,nan,40,Left,Left,2487,137,156,21,nan,nan,3.19
9/20/2025 1:39:25,1.16.3,PRexp,14,3.97,nan,40,Left,Left,2488,137,156,21,nan,nan,2.56
9/20/2025 1:39:33,1.16.3,PRexp,14,3.96,nan,40,Left,Left,2489,137,156,21,nan,nan,1.62
9/20/2025 1:39:43,1.16.3,PRexp,14,3.96,nan,40,Left,Left,2490,137,156,21,nan,nan,0.13
9/20/2025 1:39:48,1.16.3,PRexp,14,3.97,nan,40,Left,Left,2491,137,156,21,nan,nan,2.60
9/20/2025 1:39:51,1.16.3,PRexp,14,3.97,nan,40,Left,Left,2492,137,156,21,nan,nan,0.14
9/20/2025 1:39:54,1.16.3,PRexp,14,3.96,nan,40,Left,Left,2493,137,156,21,nan,nan,1.06
9/20/2025 1:57:36,1.16.3,PRexp,14,3.97,nan,40,Left,Left,2494,137,156,21,nan,nan,0.01
9/20/2025 1:57:43,1.16.3,PRexp,14,3.97,nan,40,Left,Left,2495,137,156,21,nan,nan,0.27
9/20/2025 1:57:46,1.16.3,PRexp,14,3.97,nan,40,Left,Left,2496,137,156,21,nan,nan,0.11
9/20/2025 1:57:53,1.16.3,PRexp,14,3.97,nan,40,Left,Left,2497,137,156,21,nan,nan,0.49
9/20/2025 1:57:57,1.16.3,PRexp,14,3.97,nan,40,Left,Left,2498,137,156,21,nan,nan,0.70
9/20/2025 1:58:00,1.16.3,PRexp,14,3.96,nan,40,Left,Left,2499,137,156,21,nan,nan,0.00
9/20/2025 1:58:01,1.16.3,PRexp,14,3.96,nan,40,Left,Left,2500,137,156,21,nan,nan,0.00
9/20/2025 1:58:03,1.16.3,PRexp,14,3.97,nan,40,Left,Left,2501,137,156,21,nan,nan,0.81
9/20/2025 1:58:05,1.16.3,PRexp,14,3.97,nan,40,Left,Left,2502,137,156,21,nan,nan,0.02
9/20/2025 1:58:07,1.16.3,PRexp,14,3.97,nan,40,Left,Left,2503,137,156,21,nan,nan,0.65
9/20/2025 1:58:41,1.16.3,PRexp,14,3.97,nan,40,Left,Left,2504,137,156,21,nan,nan,0.02
9/20/2025 1:58:47,1.16.3,PRexp,14,3.97,nan,40,Left,Left,2505,137,156,21,nan,nan,1.04
9/20/2025 1:58:51,1.16.3,PRexp,14,3.96,nan,40,Left,Left,2506,137,156,21,nan,nan,0.27
9/20/2025 1:58:54,1.16.3,PRexp,14,3.97,nan,40,Left,Left,2507,137,156,21,nan,nan,0.84
9/20/2025 1:58:55,1.16.3,PRexp,14,3.96,nan,40,Left,Left,2508,137,156,21,nan,nan,0.00
9/20/2025 1:58:58,1.16.3,PRexp,14,3.97,nan,40,Left,Left,2509,137,156,21,nan,nan,1.23
9/20/2025 1:58:59,1.16.3,PRexp,14,3.96,nan,40,Left,Left,2510,137,156,21,nan,nan,0.32
9/20/2025 1:59:03,1.16.3,PRexp,14,3.96,nan,40,Left,Left,2511,137,156,21,nan,nan,0.88
9/20/2025 1:59:10,1.16.3,PRexp,14,3.97,nan,40,Left,Left,2512,137,156,21,nan,nan,0.04
9/20/2025 1:59:10,1.16.3,PRexp,14,3.97,nan,40,LeftDuringDispense,Left,2513,137,156,22,nan,nan,0.03
9/20/2025 1:59:16,1.16.3,PRexp,14,3.96,4,40,Pellet,Left,2513,137,157,22,0.06,1975,nan
9/20/2025 2:07:26,1.16.3,PRexp,14,3.97,nan,45,Left,Left,2514,137,157,22,nan,nan,0.02
9/20/2025 2:07:35,1.16.3,PRexp,14,3.97,nan,45,Left,Left,2515,137,157,22,nan,nan,0.07
9/20/2025 2:07:39,1.16.3,PRexp,14,3.97,nan,45,Left,Left,2516,137,157,22,nan,nan,0.08
9/20/2025 2:07:41,1.16.3,PRexp,14,3.97,nan,45,Left,Left,2517,137,157,22,nan,nan,0.13
9/20/2025 2:07:43,1.16.3,PRexp,14,3.96,nan,45,Left,Left,2518,137,157,22,nan,nan,0.54
9/20/2025 2:07:44,1.16.3,PRexp,14,3.97,nan,45,Left,Left,2519,137,157,22,nan,nan,0.02
9/20/2025 2:07:48,1.16.3,PRexp,14,3.96,nan,45,Left,Left,2520,137,157,22,nan,nan,1.08
9/20/2025 2:07:51,1.16.3,PRexp,14,3.97,nan,45,Left,Left,2521,137,157,22,nan,nan,1.35
9/20/2025 2:07:56,1.16.3,PRexp,14,3.97,nan,45,Left,Left,2522,137,157,22,nan,nan,1.21
9/20/2025 2:08:02,1.16.3,PRexp,14,3.96,nan,45,Left,Left,2523,137,157,22,nan,nan,0.00
9/20/2025 2:08:10,1.16.3,PRexp,14,3.97,nan,45,Left,Left,2524,137,157,22,nan,nan,0.43
9/20/2025 2:19:28,1.16.3,PRexp,14,3.97,nan,45,Left,Left,2525,137,157,22,nan,nan,0.08
9/20/2025 2:19:40,1.16.3,PRexp,14,3.97,nan,45,Left,Left,2526,137,157,22,nan,nan,0.15
9/20/2025 2:19:56,1.16.3,PRexp,14,3.97,nan,45,Left,Left,2527,137,157,22,nan,nan,0.02
9/20/2025 2:20:08,1.16.3,PRexp,14,3.97,nan,45,Left,Left,2528,137,157,22,nan,nan,1.27
9/20/2025 2:40:01,1.16.3,PRexp,14,3.97,nan,45,Left,Left,2529,137,157,22,nan,nan,0.01
9/20/2025 2:40:03,1.16.3,PRexp,14,3.96,nan,45,Left,Left,2530,137,157,22,nan,nan,0.02
9/20/2025 2:40:04,1.16.3,PRexp,14,3.96,nan,45,Left,Left,2531,137,157,22,nan,nan,0.00
9/20/2025 2:40:05,1.16.3,PRexp,14,3.96,nan,45,Left,Left,2532,137,157,22,nan,nan,0.75
9/20/2025 2:40:08,1.16.3,PRexp,14,3.97,nan,45,Left,Left,2533,137,157,22,nan,nan,0.71
9/20/2025 2:40:11,1.16.3,PRexp,14,3.96,nan,45,Left,Left,2534,137,157,22,nan,nan,1.90
9/20/2025 2:40:12,1.16.3,PRexp,14,3.96,nan,45,Left,Left,2535,137,157,22,nan,nan,0.05
9/20/2025 2:40:17,1.16.3,PRexp,14,3.96,nan,45,Left,Left,2536,137,157,22,nan,nan,0.73
9/20/2025 2:40:19,1.16.3,PRexp,14,3.96,nan,45,Left,Left,2537,137,157,22,nan,nan,0.11
9/20/2025 2:40:23,1.16.3,PRexp,14,3.96,nan,45,Left,Left,2538,137,157,22,nan,nan,0.65
9/20/2025 2:40:27,1.16.3,PRexp,14,3.96,nan,45,Left,Left,2539,137,157,22,nan,nan,0.54
9/20/2025 2:40:28,1.16.3,PRexp,14,3.96,nan,45,Left,Left,2540,137,157,22,nan,nan,0.00
9/20/2025 2:40:35,1.16.3,PRexp,14,3.96,nan,45,Left,Left,2541,137,157,22,nan,nan,0.12
9/20/2025 2:40:41,1.16.3,PRexp,14,3.96,nan,45,Left,Left,2542,137,157,22,nan,nan,2.01
9/20/2025 2:40:42,1.16.3,PRexp,14,3.97,nan,45,Left,Left,2543,137,157,22,nan,nan,0.04
9/20/2025 2:40:45,1.16.3,PRexp,14,3.96,nan,45,Left,Left,2544,137,157,22,nan,nan,1.27
9/20/2025 2:41:02,1.16.3,PRexp,14,3.96,nan,45,Left,Left,2545,137,157,22,nan,nan,1.33
9/20/2025 2:41:14,1.16.3,PRexp,14,3.96,nan,45,Left,Left,2546,137,157,22,nan,nan,1.90
9/20/2025 2:41:16,1.16.3,PRexp,14,3.97,nan,45,Left,Left,2547,137,157,22,nan,nan,0.01
9/20/2025 3:00:01,1.16.3,PRexp,14,3.96,nan,45,Left,Left,2548,137,157,22,nan,nan,2.04
9/20/2025 3:00:10,1.16.3,PRexp,14,3.96,nan,45,Left,Left,2549,137,157,22,nan,nan,0.03
9/20/2025 3:00:14,1.16.3,PRexp,14,3.96,nan,45,Left,Left,2550,137,157,22,nan,nan,1.09
9/20/2025 3:00:16,1.16.3,PRexp,14,3.96,nan,45,Left,Left,2551,137,157,22,nan,nan,0.50
9/20/2025 3:00:19,1.16.3,PRexp,14,3.96,nan,45,Left,Left,2552,137,157,22,nan,nan,0.72
9/20/2025 3:00:28,1.16.3,PRexp,14,3.97,nan,45,Left,Left,2553,137,157,22,nan,nan,4.47
9/20/2025 3:00:31,1.16.3,PRexp,14,3.97,nan,45,Left,Left,2554,137,157,22,nan,nan,1.81
9/20/2025 3:00:42,1.16.3,PRexp,14,3.96,nan,45,Left,Left,2555,137,157,22,nan,nan,0.24
9/20/2025 3:00:48,1.16.3,PRexp,14,3.97,nan,45,Left,Left,2556,137,157,22,nan,nan,0.89
9/20/2025 3:00:49,1.16.3,PRexp,14,3.96,nan,45,Left,Left,2557,137,157,22,nan,nan,0.03
9/20/2025 3:00:55,1.16.3,PRexp,14,3.96,nan,45,Left,Left,2558,137,157,22,nan,nan,2.18
9/20/2025 3:00:56,1.16.3,PRexp,14,3.97,nan,45,LeftDuringDispense,Left,2559,137,157,23,nan,nan,0.01
9/20/2025 3:01:00,1.16.3,PRexp,14,3.96,3,45,Pellet,Left,2559,137,158,23,0.67,3704,nan
9/20/2025 3:01:49,1.16.3,PRexp,14,3.97,nan,50,Left,Left,2560,137,158,23,nan,nan,0.07
9/20/2025 3:01:51,1.16.3,PRexp,14,3.97,nan,50,Left,Left,2561,137,158,23,nan,nan,1.53
9/20/2025 3:02:07,1.16.3,PRexp,14,3.97,nan,50,Left,Left,2562,137,158,23,nan,nan,0.23
9/20/2025 3:02:10,1.16.3,PRexp,14,3.97,nan,50,Left,Left,2563,137,158,23,nan,nan,0.54
9/20/2025 3:02:13,1.16.3,PRexp,14,3.97,nan,50,Left,Left,2564,137,158,23,nan,nan,0.00
9/20/2025 3:02:14,1.16.3,PRexp,14,3.96,nan,50,Left,Left,2565,137,158,23,nan,nan,0.04
9/20/2025 3:02:16,1.16.3,PRexp,14,3.96,nan,50,Left,Left,2566,137,158,23,nan,nan,1.08
9/20/2025 3:02:17,1.16.3,PRexp,14,3.96,nan,50,Left,Left,2567,137,158,23,nan,nan,0.02
9/20/2025 3:02:22,1.16.3,PRexp,14,3.96,nan,50,Left,Left,2568,137,158,23,nan,nan,0.92
9/20/2025 3:02:23,1.16.3,PRexp,14,3.97,nan,50,Left,Left,2569,137,158,23,nan,nan,0.00
9/20/2025 3:02:24,1.16.3,PRexp,14,3.96,nan,50,Left,Left,2570,137,158,23,nan,nan,0.08
9/20/2025 3:02:29,1.16.3,PRexp,14,3.96,nan,50,Left,Left,2571,137,158,23,nan,nan,0.20
9/20/2025 3:02:32,1.16.3,PRexp,14,3.97,nan,50,Left,Left,2572,137,158,23,nan,nan,0.77
9/20/2025 3:02:39,1.16.3,PRexp,14,3.96,nan,50,Left,Left,2573,137,158,23,nan,nan,0.26
9/20/2025 3:02:40,1.16.3,PRexp,14,3.96,nan,50,Left,Left,2574,137,158,23,nan,nan,0.35
9/20/2025 3:02:42,1.16.3,PRexp,14,3.96,nan,50,Left,Left,2575,137,158,23,nan,nan,0.00
9/20/2025 3:02:45,1.16.3,PRexp,14,3.96,nan,50,Left,Left,2576,137,158,23,nan,nan,1.98
9/20/2025 3:02:51,1.16.3,PRexp,14,3.97,nan,50,Left,Left,2577,137,158,23,nan,nan,0.36
9/20/2025 3:02:53,1.16.3,PRexp,14,3.96,nan,50,Left,Left,2578,137,158,23,nan,nan,1.14
9/20/2025 3:02:57,1.16.3,PRexp,14,3.96,nan,50,Left,Left,2579,137,158,23,nan,nan,1.48
9/20/2025 3:03:03,1.16.3,PRexp,14,3.97,nan,50,Left,Left,2580,137,158,23,nan,nan,0.22
9/20/2025 3:03:07,1.16.3,PRexp,14,3.97,nan,50,Left,Left,2581,137,158,23,nan,nan,0.00
9/20/2025 3:03:09,1.16.3,PRexp,14,3.96,nan,50,Left,Left,2582,137,158,23,nan,nan,0.00
9/20/2025 3:03:11,1.16.3,PRexp,14,3.96,nan,50,Left,Left,2583,137,158,23,nan,nan,0.03
9/20/2025 3:03:12,1.16.3,PRexp,14,3.96,nan,50,Left,Left,2584,137,158,23,nan,nan,0.34
9/20/2025 3:03:19,1.16.3,PRexp,14,3.96,nan,50,Left,Left,2585,137,158,23,nan,nan,0.09
9/20/2025 3:03:25,1.16.3,PRexp,14,3.96,nan,50,Left,Left,2586,137,158,23,nan,nan,1.74
9/20/2025 3:03:30,1.16.3,PRexp,14,3.96,nan,50,Left,Left,2587,137,158,23,nan,nan,3.30
9/20/2025 3:03:31,1.16.3,PRexp,14,3.96,nan,50,Left,Left,2588,137,158,23,nan,nan,0.03
9/20/2025 3:09:13,1.16.3,PRexp,14,3.96,nan,50,Left,Left,2589,137,158,23,nan,nan,0.04
9/20/2025 3:09:17,1.16.3,PRexp,14,3.96,nan,50,Left,Left,2590,137,158,23,nan,nan,0.68
9/20/2025 3:09:26,1.16.3,PRexp,14,3.96,nan,50,Left,Left,2591,137,158,23,nan,nan,0.11
9/20/2025 3:09:28,1.16.3,PRexp,14,3.97,nan,50,Left,Left,2592,137,158,23,nan,nan,0.10
9/20/2025 3:09:33,1.16.3,PRexp,14,3.97,nan,50,Left,Left,2593,137,158,23,nan,nan,0.40
9/20/2025 3:09:35,1.16.3,PRexp,14,3.97,nan,50,Left,Left,2594,137,158,23,nan,nan,0.46
9/20/2025 3:09:37,1.16.3,PRexp,14,3.97,nan,50,Left,Left,2595,137,158,23,nan,nan,0.79
9/20/2025 3:09:40,1.16.3,PRexp,14,3.97,nan,50,Left,Left,2596,137,158,23,nan,nan,0.58
9/20/2025 3:09:41,1.16.3,PRexp,14,3.96,nan,50,Left,Left,2597,137,158,23,nan,nan,0.27
9/20/2025 3:09:42,1.16.3,PRexp,14,3.96,nan,50,Left,Left,2598,137,158,23,nan,nan,0.32
9/20/2025 3:09:45,1.16.3,PRexp,14,3.96,nan,50,Left,Left,2599,137,158,23,nan,nan,0.33
9/20/2025 3:09:46,1.16.3,PRexp,14,3.96,nan,50,Left,Left,2600,137,158,23,nan,nan,0.00
9/20/2025 3:09:49,1.16.3,PRexp,14,3.96,nan,50,Left,Left,2601,137,158,23,nan,nan,0.00
9/20/2025 3:09:53,1.16.3,PRexp,14,3.96,nan,50,Left,Left,2602,137,158,23,nan,nan,0.47
9/20/2025 3:09:57,1.16.3,PRexp,14,3.96,nan,50,Left,Left,2603,137,158,23,nan,nan,0.14
9/20/2025 3:10:08,1.16.3,PRexp,14,3.97,nan,50,Right,Left,2603,138,158,23,nan,nan,0.23
9/20/2025 3:11:46,1.16.3,PRexp,14,3.96,nan,50,Left,Left,2604,138,158,23,nan,nan,0.08
9/20/2025 3:11:50,1.16.3,PRexp,14,3.97,nan,50,Left,Left,2605,138,158,23,nan,nan,0.11
9/20/2025 3:11:54,1.16.3,PRexp,14,3.97,nan,50,Left,Left,2606,138,158,23,nan,nan,0.16
9/20/2025 3:11:57,1.16.3,PRexp,14,3.96,nan,50,Left,Left,2607,138,158,23,nan,nan,0.37
9/20/2025 3:12:02,1.16.3,PRexp,14,3.97,nan,50,Left,Left,2608,138,158,23,nan,nan,0.15
9/20/2025 3:12:07,1.16.3,PRexp,14,3.96,nan,50,Left,Left,2609,138,158,23,nan,nan,0.84
9/20/2025 3:12:07,1.16.3,PRexp,14,3.97,nan,50,LeftDuringDispense,Left,2610,138,158,24,nan,nan,0.06
9/20/2025 3:12:11,1.16.3,PRexp,14,3.96,3,50,Pellet,Left,2610,138,159,24,0.06,671,nan
9/20/2025 3:19:12,1.16.3,PRexp,14,3.96,nan,56,Right,Left,2610,139,159,24,nan,nan,0.37
9/20/2025 3:19:15,1.16.3,PRexp,14,3.96,nan,56,Left,Left,2611,139,159,24,nan,nan,0.11
9/20/2025 3:19:19,1.16.3,PRexp,14,3.96,nan,56,Left,Left,2612,139,159,24,nan,nan,0.47
9/20/2025 3:19:26,1.16.3,PRexp,14,3.96,nan,56,Left,Left,2613,139,159,24,nan,nan,0.23
9/20/2025 3:19:31,1.16.3,PRexp,14,3.96,nan,56,Left,Left,2614,139,159,24,nan,nan,0.11
9/20/2025 3:19:33,1.16.3,PRexp,14,3.97,nan,56,Left,Left,2615,139,159,24,nan,nan,0.46
9/20/2025 3:19:35,1.16.3,PRexp,14,3.96,nan,56,Left,Left,2616,139,159,24,nan,nan,0.24
9/20/2025 3:19:36,1.16.3,PRexp,14,3.96,nan,56,Left,Left,2617,139,159,24,nan,nan,0.00
9/20/2025 3:19:37,1.16.3,PRexp,14,3.96,nan,56,Left,Left,2618,139,159,24,nan,nan,0.69
9/20/2025 3:19:39,1.16.3,PRexp,14,3.96,nan,56,Left,Left,2619,139,159,24,nan,nan,0.00
9/20/2025 3:19:43,1.16.3,PRexp,14,3.97,nan,56,Left,Left,2620,139,159,24,nan,nan,0.11
9/20/2025 3:19:46,1.16.3,PRexp,14,3.97,nan,56,Left,Left,2621,139,159,24,nan,nan,0.12
9/20/2025 3:19:48,1.16.3,PRexp,14,3.96,nan,56,Left,Left,2622,139,159,24,nan,nan,0.00
9/20/2025 3:19:49,1.16.3,PRexp,14,3.96,nan,56,Left,Left,2623,139,159,24,nan,nan,0.00
9/20/2025 3:19:51,1.16.3,PRexp,14,3.97,nan,56,Left,Left,2624,139,159,24,nan,nan,0.43
9/20/2025 3:19:54,1.16.3,PRexp,14,3.96,nan,56,Left,Left,2625,139,159,24,nan,nan,1.01
9/20/2025 3:20:10,1.16.3,PRexp,14,3.96,nan,56,Right,Left,2625,140,159,24,nan,nan,0.18
9/20/2025 3:20:11,1.16.3,PRexp,14,3.96,nan,56,Right,Left,2625,141,159,24,nan,nan,0.00
9/20/2025 3:20:15,1.16.3,PRexp,14,3.97,nan,56,Left,Left,2626,141,159,24,nan,nan,0.04
9/20/2025 3:20:19,1.16.3,PRexp,14,3.96,nan,56,Left,Left,2627,141,159,24,nan,nan,0.29
9/20/2025 3:21:36,1.16.3,PRexp,14,3.97,nan,56,Left,Left,2628,141,159,24,nan,nan,0.20
9/20/2025 3:21:38,1.16.3,PRexp,14,3.96,nan,56,Left,Left,2629,141,159,24,nan,nan,0.14
9/20/2025 3:21:39,1.16.3,PRexp,14,3.96,nan,56,Left,Left,2630,141,159,24,nan,nan,0.08
9/20/2025 3:21:40,1.16.3,PRexp,14,3.97,nan,56,Left,Left,2631,141,159,24,nan,nan,0.00
9/20/2025 3:21:41,1.16.3,PRexp,14,3.96,nan,56,Left,Left,2632,141,159,24,nan,nan,0.25
9/20/2025 3:21:44,1.16.3,PRexp,14,3.96,nan,56,Left,Left,2633,141,159,24,nan,nan,0.36
9/20/2025 3:21:48,1.16.3,PRexp,14,3.96,nan,56,Left,Left,2634,141,159,24,nan,nan,0.15
9/20/2025 3:21:50,1.16.3,PRexp,14,3.96,nan,56,Left,Left,2635,141,159,24,nan,nan,0.63
9/20/2025 3:21:52,1.16.3,PRexp,14,3.96,nan,56,Left,Left,2636,141,159,24,nan,nan,0.25
9/20/2025 3:21:55,1.16.3,PRexp,14,3.96,nan,56,Left,Left,2637,141,159,24,nan,nan,0.37
9/20/2025 3:21:56,1.16.3,PRexp,14,3.96,nan,56,Left,Left,2638,141,159,24,nan,nan,0.26
9/20/2025 3:21:57,1.16.3,PRexp,14,3.96,nan,56,Left,Left,2639,141,159,24,nan,nan,0.35
9/20/2025 3:21:59,1.16.3,PRexp,14,3.96,nan,56,Left,Left,2640,141,159,24,nan,nan,0.13
9/20/2025 3:22:00,1.16.3,PRexp,14,3.96,nan,56,Left,Left,2641,141,159,24,nan,nan,0.24
9/20/2025 3:22:02,1.16.3,PRexp,14,3.96,nan,56,Left,Left,2642,141,159,24,nan,nan,0.12
9/20/2025 3:22:03,1.16.3,PRexp,14,3.96,nan,56,Left,Left,2643,141,159,24,nan,nan,0.39
9/20/2025 3:22:10,1.16.3,PRexp,14,3.96,nan,56,Left,Left,2644,141,159,24,nan,nan,0.00
9/20/2025 3:22:52,1.16.3,PRexp,14,3.96,nan,56,Right,Left,2644,142,159,24,nan,nan,0.12
9/20/2025 3:23:06,1.16.3,PRexp,14,3.97,nan,56,Left,Left,2645,142,159,24,nan,nan,0.23
9/20/2025 3:24:02,1.16.3,PRexp,14,3.96,nan,56,Right,Left,2645,143,159,24,nan,nan,0.17
9/20/2025 3:24:06,1.16.3,PRexp,14,3.96,nan,56,Left,Left,2646,143,159,24,nan,nan,0.19
9/20/2025 3:24:07,1.16.3,PRexp,14,3.96,nan,56,Left,Left,2647,143,159,24,nan,nan,0.00
9/20/2025 3:24:08,1.16.3,PRexp,14,3.96,nan,56,Left,Left,2648,143,159,24,nan,nan,0.09
9/20/2025 3:24:09,1.16.3,PRexp,14,3.96,nan,56,Left,Left,2649,143,159,24,nan,nan,0.23
9/20/2025 3:24:11,1.16.3,PRexp,14,3.96,nan,56,Left,Left,2650,143,159,24,nan,nan,0.42
9/20/2025 3:24:13,1.16.3,PRexp,14,3.96,nan,56,Left,Left,2651,143,159,24,nan,nan,0.13
9/20/2025 3:24:14,1.16.3,PRexp,14,3.96,nan,56,Left,Left,2652,143,159,24,nan,nan,0.43
9/20/2025 3:24:15,1.16.3,PRexp,14,3.96,nan,56,Left,Left,2653,143,159,24,nan,nan,0.47
9/20/2025 3:24:18,1.16.3,PRexp,14,3.96,nan,56,Left,Left,2654,143,159,24,nan,nan,0.21
9/20/2025 3:24:19,1.16.3,PRexp,14,3.96,nan,56,Left,Left,2655,143,159,24,nan,nan,0.02
9/20/2025 3:24:21,1.16.3,PRexp,14,3.96,nan,56,Left,Left,2656,143,159,24,nan,nan,0.24
9/20/2025 3:24:23,1.16.3,PRexp,14,3.97,nan,56,Left,Left,2657,143,159,24,nan,nan,0.35
9/20/2025 3:24:25,1.16.3,PRexp,14,3.97,nan,56,Left,Left,2658,143,159,24,nan,nan,0.18
9/20/2025 3:24:26,1.16.3,PRexp,14,3.96,nan,56,Left,Left,2659,143,159,24,nan,nan,0.06
9/20/2025 3:24:28,1.16.3,PRexp,14,3.97,nan,56,Left,Left,2660,143,159,24,nan,nan,0.59
9/20/2025 3:24:29,1.16.3,PRexp,14,3.96,nan,56,Left,Left,2661,143,159,24,nan,nan,0.18
9/20/2025 3:24:35,1.16.3,PRexp,14,3.96,nan,56,Left,Left,2662,143,159,24,nan,nan,0.17
9/20/2025 3:24:36,1.16.3,PRexp,14,3.96,nan,56,Left,Left,2663,143,159,24,nan,nan,0.00
9/20/2025 3:24:37,1.16.3,PRexp,14,3.96,nan,56,Left,Left,2664,143,159,24,nan,nan,0.00
9/20/2025 3:24:38,1.16.3,PRexp,14,3.96,nan,56,Left,Left,2665,143,159,24,nan,nan,0.13
9/20/2025 3:25:59,1.16.3,PRexp,14,3.96,nan,56,Right,Left,2665,144,159,24,nan,nan,0.30
9/20/2025 3:26:01,1.16.3,PRexp,14,3.96,nan,56,Right,Left,2665,145,159,24,nan,nan,0.23
9/20/2025 3:26:05,1.16.3,PRexp,14,3.96,nan,56,Left,Left,2666,145,159,24,nan,nan,0.04
9/20/2025 3:26:06,1.16.3,PRexp,14,3.96,1,56,Pellet,Left,2666,145,160,25,0.79,835,nan
9/20/2025 3:27:21,1.16.3,PRexp,14,3.96,nan,62,Left,Left,2667,145,160,25,nan,nan,0.09
9/20/2025 3:27:22,1.16.3,PRexp,14,3.96,nan,62,Left,Left,2668,145,160,25,nan,nan,0.17
9/20/2025 3:29:09,1.16.3,PRexp,14,3.96,nan,62,Right,Left,2668,146,160,25,nan,nan,0.08
9/20/2025 3:29:18,1.16.3,PRexp,14,3.96,nan,62,Left,Left,2669,146,160,25,nan,nan,0.12
9/20/2025 3:29:21,1.16.3,PRexp,14,3.96,nan,62,Left,Left,2670,146,160,25,nan,nan,0.54
9/20/2025 3:29:24,1.16.3,PRexp,14,3.96,nan,62,Left,Left,2671,146,160,25,nan,nan,0.26
9/20/2025 3:30:29,1.16.3,PRexp,14,3.96,nan,62,Left,Left,2672,146,160,25,nan,nan,0.14
9/20/2025 3:30:31,1.16.3,PRexp,14,3.96,nan,62,Left,Left,2673,146,160,25,nan,nan,0.13
9/20/2025 3:30:33,1.16.3,PRexp,14,3.96,nan,62,Left,Left,2674,146,160,25,nan,nan,0.15
9/20/2025 3:30:36,1.16.3,PRexp,14,3.96,nan,62,Left,Left,2675,146,160,25,nan,nan,0.64
9/20/2025 3:30:37,1.16.3,PRexp,14,3.97,nan,62,Left,Left,2676,146,160,25,nan,nan,0.02
9/20/2025 3:30:39,1.16.3,PRexp,14,3.96,nan,62,Left,Left,2677,146,160,25,nan,nan,0.92
9/20/2025 3:30:40,1.16.3,PRexp,14,3.96,nan,62,Left,Left,2678,146,160,25,nan,nan,0.00
9/20/2025 3:30:41,1.16.3,PRexp,14,3.96,nan,62,Left,Left,2679,146,160,25,nan,nan,0.01
9/20/2025 3:30:42,1.16.3,PRexp,14,3.96,nan,62,Left,Left,2680,146,160,25,nan,nan,0.12
9/20/2025 3:30:44,1.16.3,PRexp,14,3.97,nan,62,Left,Left,2681,146,160,25,nan,nan,0.55
9/20/2025 3:30:45,1.16.3,PRexp,14,3.96,nan,62,Left,Left,2682,146,160,25,nan,nan,0.41
9/20/2025 3:30:47,1.16.3,PRexp,14,3.96,nan,62,Left,Left,2683,146,160,25,nan,nan,0.26
9/20/2025 3:30:49,1.16.3,PRexp,14,3.96,nan,62,Left,Left,2684,146,160,25,nan,nan,0.18
9/20/2025 3:30:51,1.16.3,PRexp,14,3.96,nan,62,Left,Left,2685,146,160,25,nan,nan,0.55
9/20/2025 3:30:53,1.16.3,PRexp,14,3.96,nan,62,Left,Left,2686,146,160,25,nan,nan,0.64
9/20/2025 3:30:55,1.16.3,PRexp,14,3.96,nan,62,Left,Left,2687,146,160,25,nan,nan,0.19
9/20/2025 3:30:56,1.16.3,PRexp,14,3.96,nan,62,Left,Left,2688,146,160,25,nan,nan,0.00
9/20/2025 3:30:57,1.16.3,PRexp,14,3.96,nan,62,Left,Left,2689,146,160,25,nan,nan,0.26
9/20/2025 3:30:59,1.16.3,PRexp,14,3.96,nan,62,Left,Left,2690,146,160,25,nan,nan,0.55
9/20/2025 3:31:01,1.16.3,PRexp,14,3.96,nan,62,Left,Left,2691,146,160,25,nan,nan,0.35
9/20/2025 3:31:03,1.16.3,PRexp,14,3.96,nan,62,Left,Left,2692,146,160,25,nan,nan,0.17
9/20/2025 3:34:01,1.16.3,PRexp,14,3.96,nan,62,Right,Left,2692,147,160,25,nan,nan,0.02
9/20/2025 3:34:02,1.16.3,PRexp,14,3.96,nan,62,Right,Left,2692,148,160,25,nan,nan,0.06
9/20/2025 3:34:07,1.16.3,PRexp,14,3.96,nan,62,Left,Left,2693,148,160,25,nan,nan,0.06
9/20/2025 3:34:09,1.16.3,PRexp,14,3.97,nan,62,Left,Left,2694,148,160,25,nan,nan,0.28
9/20/2025 3:34:11,1.16.3,PRexp,14,3.96,nan,62,Left,Left,2695,148,160,25,nan,nan,0.68
9/20/2025 3:34:16,1.16.3,PRexp,14,3.97,nan,62,Left,Left,2696,148,160,25,nan,nan,0.09
9/20/2025 3:34:19,1.16.3,PRexp,14,3.96,nan,62,Left,Left,2697,148,160,25,nan,nan,0.27
9/20/2025 3:34:20,1.16.3,PRexp,14,3.97,nan,62,Left,Left,2698,148,160,25,nan,nan,0.55
9/20/2025 3:34:22,1.16.3,PRexp,14,3.97,nan,62,Left,Left,2699,148,160,25,nan,nan,0.43
9/20/2025 3:35:00,1.16.3,PRexp,14,3.96,nan,62,Left,Left,2700,148,160,25,nan,nan,0.16
9/20/2025 3:35:09,1.16.3,PRexp,14,3.96,nan,62,Right,Left,2700,149,160,25,nan,nan,0.04
9/20/2025 3:35:14,1.16.3,PRexp,14,3.96,nan,62,Left,Left,2701,149,160,25,nan,nan,0.02
9/20/2025 3:35:17,1.16.3,PRexp,14,3.96,nan,62,Left,Left,2702,149,160,25,nan,nan,0.51
9/20/2025 3:35:18,1.16.3,PRexp,14,3.97,nan,62,Left,Left,2703,149,160,25,nan,nan,0.28
9/20/2025 3:35:19,1.16.3,PRexp,14,3.96,nan,62,Left,Left,2704,149,160,25,nan,nan,0.00
9/20/2025 3:35:21,1.16.3,PRexp,14,3.96,nan,62,Left,Left,2705,149,160,25,nan,nan,0.09
9/20/2025 3:35:23,1.16.3,PRexp,14,3.96,nan,62,Left,Left,2706,149,160,25,nan,nan,0.10
9/20/2025 3:35:24,1.16.3,PRexp,14,3.96,nan,62,Left,Left,2707,149,160,25,nan,nan,0.16
9/20/2025 3:35:26,1.16.3,PRexp,14,3.96,nan,62,Left,Left,2708,149,160,25,nan,nan,0.26
9/20/2025 3:35:28,1.16.3,PRexp,14,3.96,nan,62,Left,Left,2709,149,160,25,nan,nan,0.34
9/20/2025 3:35:32,1.16.3,PRexp,14,3.96,nan,62,Left,Left,2710,149,160,25,nan,nan,0.98
9/20/2025 3:35:34,1.16.3,PRexp,14,3.96,nan,62,Left,Left,2711,149,160,25,nan,nan,0.13
9/20/2025 3:35:36,1.16.3,PRexp,14,3.96,nan,62,Left,Left,2712,149,160,25,nan,nan,0.42
9/20/2025 3:35:39,1.16.3,PRexp,14,3.96,nan,62,Left,Left,2713,149,160,25,nan,nan,0.02
9/20/2025 3:37:59,1.16.3,PRexp,14,3.96,nan,62,Right,Left,2713,150,160,25,nan,nan,0.08
9/20/2025 3:38:04,1.16.3,PRexp,14,3.96,nan,62,Right,Left,2713,151,160,25,nan,nan,0.74
9/20/2025 3:38:06,1.16.3,PRexp,14,3.96,nan,62,Right,Left,2713,152,160,25,nan,nan,0.19
9/20/2025 3:38:08,1.16.3,PRexp,14,3.97,nan,62,Left,Left,2714,152,160,25,nan,nan,0.05
9/20/2025 3:38:11,1.16.3,PRexp,14,3.96,nan,62,Left,Left,2715,152,160,25,nan,nan,0.53
9/20/2025 3:38:12,1.16.3,PRexp,14,3.96,nan,62,Left,Left,2716,152,160,25,nan,nan,0.00
9/20/2025 3:38:14,1.16.3,PRexp,14,3.96,nan,62,Left,Left,2717,152,160,25,nan,nan,0.47
9/20/2025 3:39:27,1.16.3,PRexp,14,3.96,nan,62,Left,Left,2718,152,160,25,nan,nan,0.02
9/20/2025 3:48:11,1.16.3,PRexp,14,3.96,nan,62,Left,Left,2719,152,160,25,nan,nan,0.05
9/20/2025 3:48:13,1.16.3,PRexp,14,3.96,nan,62,Left,Left,2720,152,160,25,nan,nan,0.06
9/20/2025 3:48:19,1.16.3,PRexp,14,3.96,nan,62,Left,Left,2721,152,160,25,nan,nan,0.03
9/20/2025 4:32:27,1.16.3,PRexp,14,3.96,nan,62,Left,Left,2722,152,160,25,nan,nan,2641.56
9/20/2025 4:32:30,1.16.3,PRexp,14,3.96,nan,1,Left,Left,2723,152,160,0,nan,nan,0.81
9/20/2025 4:32:31,1.16.3,PRexp,14,3.96,nan,1,LeftDuringDispense,Left,2724,152,160,1,nan,nan,0.27
9/20/2025 4:32:33,1.16.3,PRexp,14,3.96,1,1,Pellet,Left,2724,152,161,1,1.90,3987,nan
9/20/2025 4:35:12,1.16.3,PRexp,14,3.96,nan,1,Left,Left,2725,152,161,1,nan,nan,0.74
9/20/2025 4:35:13,1.16.3,PRexp,14,3.96,nan,1,LeftDuringDispense,Left,2726,152,161,2,nan,nan,0.06
9/20/2025 4:35:16,1.16.3,PRexp,14,3.96,3,1,Pellet,Left,2726,152,162,2,0.30,163,nan
9/20/2025 4:36:59,1.16.3,PRexp,14,3.96,nan,2,Left,Left,2727,152,162,2,nan,nan,0.05
9/20/2025 4:37:18,1.16.3,PRexp,14,3.96,nan,2,Left,Left,2728,152,162,2,nan,nan,0.19
9/20/2025 4:37:19,1.16.3,PRexp,14,3.96,2,2,Pellet,Left,2728,152,163,3,0.42,123,nan
9/20/2025 4:38:48,1.16.3,PRexp,14,3.96,nan,2,Left,Left,2729,152,163,3,nan,nan,0.04
9/20/2025 4:38:50,1.16.3,PRexp,14,3.96,nan,2,Left,Left,2730,152,163,3,nan,nan,0.66
9/20/2025 4:38:53,1.16.3,PRexp,14,3.96,2,2,Pellet,Left,2730,152,164,4,0.12,94,nan
9/20/2025 4:40:08,1.16.3,PRexp,14,3.96,nan,3,Left,Left,2731,152,164,4,nan,nan,0.03
9/20/2025 4:40:12,1.16.3,PRexp,14,3.96,nan,3,Left,Left,2732,152,164,4,nan,nan,0.12
9/20/2025 4:40:14,1.16.3,PRexp,14,3.96,nan,3,Left,Left,2733,152,164,4,nan,nan,0.06
9/20/2025 4:40:15,1.16.3,PRexp,14,3.96,1,3,Pellet,Left,2733,152,165,5,0.42,82,nan
9/20/2025 4:43:26,1.16.3,PRexp,14,3.96,nan,4,Left,Left,2734,152,165,5,nan,nan,0.08
9/20/2025 4:43:27,1.16.3,PRexp,14,3.96,nan,4,Left,Left,2735,152,165,5,nan,nan,0.51
9/20/2025 4:43:28,1.16.3,PRexp,14,3.96,nan,4,Left,Left,2736,152,165,5,nan,nan,0.06
9/20/2025 4:43:29,1.16.3,PRexp,14,3.96,nan,4,Left,Left,2737,152,165,5,nan,nan,0.12
9/20/2025 4:43:30,1.16.3,PRexp,14,3.96,1,4,Pellet,Left,2737,152,166,6,0.30,195,nan
9/20/2025 4:45:29,1.16.3,PRexp,14,3.96,nan,5,Left,Left,2738,152,166,6,nan,nan,0.06
9/20/2025 4:45:34,1.16.3,PRexp,14,3.96,nan,5,Left,Left,2739,152,166,6,nan,nan,1.23
9/20/2025 4:45:35,1.16.3,PRexp,14,3.96,nan,5,Left,Left,2740,152,166,6,nan,nan,0.00
9/20/2025 4:45:36,1.16.3,PRexp,14,3.96,nan,5,Left,Left,2741,152,166,6,nan,nan,0.05
9/20/2025 4:45:37,1.16.3,PRexp,14,3.96,nan,5,Left,Left,2742,152,166,6,nan,nan,0.00
9/20/2025 4:45:37,1.16.3,PRexp,14,3.96,nan,5,LeftDuringDispense,Left,2743,152,166,7,nan,nan,0.05
9/20/2025 4:45:40,1.16.3,PRexp,14,3.96,2,5,Pellet,Left,2743,152,167,7,0.30,130,nan
9/20/2025 4:55:31,1.16.3,PRexp,14,3.96,nan,6,Left,Left,2744,152,167,7,nan,nan,0.00
9/20/2025 4:55:36,1.16.3,PRexp,14,3.96,nan,6,Left,Left,2745,152,167,7,nan,nan,1.93
9/20/2025 4:55:40,1.16.3,PRexp,14,3.96,nan,6,Left,Left,2746,152,167,7,nan,nan,0.00
9/20/2025 4:55:41,1.16.3,PRexp,14,3.96,nan,6,Left,Left,2747,152,167,7,nan,nan,0.06
9/20/2025 4:55:45,1.16.3,PRexp,14,3.96,nan,6,Left,Left,2748,152,167,7,nan,nan,0.04
9/20/2025 4:55:46,1.16.3,PRexp,14,3.96,nan,6,Left,Left,2749,152,167,7,nan,nan,0.28
9/20/2025 4:55:47,1.16.3,PRexp,14,3.96,nan,6,LeftDuringDispense,Left,2750,152,167,8,nan,nan,0.10
9/20/2025 4:55:50,1.16.3,PRexp,14,3.96,2,6,Pellet,Left,2750,152,168,8,0.55,610,nan
9/20/2025 4:56:43,1.16.3,PRexp,14,3.96,nan,7,Left,Left,2751,152,168,8,nan,nan,0.10
9/20/2025 4:56:44,1.16.3,PRexp,14,3.96,nan,7,Left,Left,2752,152,168,8,nan,nan,0.00
9/20/2025 4:56:46,1.16.3,PRexp,14,3.96,nan,7,Left,Left,2753,152,168,8,nan,nan,0.88
9/20/2025 4:56:49,1.16.3,PRexp,14,3.96,nan,7,Left,Left,2754,152,168,8,nan,nan,0.75
9/20/2025 4:56:56,1.16.3,PRexp,14,3.96,nan,7,Left,Left,2755,152,168,8,nan,nan,0.00
9/20/2025 4:56:58,1.16.3,PRexp,14,3.96,nan,7,Left,Left,2756,152,168,8,nan,nan,0.34
9/20/2025 4:57:00,1.16.3,PRexp,14,3.96,nan,7,Left,Left,2757,152,168,8,nan,nan,0.12
9/20/2025 4:57:02,1.16.3,PRexp,14,3.96,1,7,Pellet,Left,2757,152,169,9,0.48,72,nan
9/20/2025 5:05:57,1.16.3,PRexp,14,3.95,nan,9,Left,Left,2758,152,169,9,nan,nan,0.51
9/20/2025 5:06:01,1.16.3,PRexp,14,3.96,nan,9,Left,Left,2759,152,169,9,nan,nan,0.01
9/20/2025 5:06:17,1.16.3,PRexp,14,3.96,nan,9,Left,Left,2760,152,169,9,nan,nan,1.25
9/20/2025 5:07:51,1.16.3,PRexp,14,3.96,nan,9,Left,Left,2761,152,169,9,nan,nan,0.11
9/20/2025 5:07:54,1.16.3,PRexp,14,3.96,nan,9,Left,Left,2762,152,169,9,nan,nan,0.75
9/20/2025 5:07:58,1.16.3,PRexp,14,3.96,nan,9,Left,Left,2763,152,169,9,nan,nan,0.54
9/20/2025 5:07:58,1.16.3,PRexp,14,3.96,nan,9,Left,Left,2764,152,169,9,nan,nan,0.00
9/20/2025 5:08:01,1.16.3,PRexp,14,3.96,nan,9,Left,Left,2765,152,169,9,nan,nan,0.27
9/20/2025 5:08:03,1.16.3,PRexp,14,3.96,nan,9,Left,Left,2766,152,169,9,nan,nan,0.23
9/20/2025 5:08:03,1.16.3,PRexp,14,3.96,nan,9,LeftDuringDispense,Left,2767,152,169,10,nan,nan,0.10
9/20/2025 5:08:07,1.16.3,PRexp,14,3.96,3,9,Pellet,Left,2767,152,170,10,0.24,665,nan
9/20/2025 5:15:06,1.16.3,PRexp,14,3.96,nan,10,Left,Left,2768,152,170,10,nan,nan,0.09
9/20/2025 5:15:08,1.16.3,PRexp,14,3.96,nan,10,Left,Left,2769,152,170,10,nan,nan,0.04
9/20/2025 5:15:11,1.16.3,PRexp,14,3.96,nan,10,Left,Left,2770,152,170,10,nan,nan,0.06
9/20/2025 5:15:16,1.16.3,PRexp,14,3.96,nan,10,Left,Left,2771,152,170,10,nan,nan,2.07
9/20/2025 5:33:48,1.16.3,PRexp,14,3.96,nan,10,Left,Left,2772,152,170,10,nan,nan,3.06
9/20/2025 5:34:03,1.16.3,PRexp,14,3.96,nan,10,Left,Left,2773,152,170,10,nan,nan,9.19
9/20/2025 5:34:06,1.16.3,PRexp,14,3.96,nan,10,Left,Left,2774,152,170,10,nan,nan,0.02
9/20/2025 5:34:12,1.16.3,PRexp,14,3.96,nan,10,Left,Left,2775,152,170,10,nan,nan,4.52
9/20/2025 5:34:16,1.16.3,PRexp,14,3.95,nan,10,Left,Left,2776,152,170,10,nan,nan,0.21
9/20/2025 5:34:22,1.16.3,PRexp,14,3.96,nan,10,Left,Left,2777,152,170,10,nan,nan,0.22
9/20/2025 5:34:23,1.16.3,PRexp,14,3.96,nan,10,LeftDuringDispense,Left,2778,152,170,11,nan,nan,0.07
9/20/2025 5:34:29,1.16.3,PRexp,14,3.96,4,10,Pellet,Left,2778,152,171,11,1.22,1582,nan
9/20/2025 5:43:29,1.16.3,PRexp,14,3.96,nan,12,Left,Left,2779,152,171,11,nan,nan,0.17
9/20/2025 5:43:30,1.16.3,PRexp,14,3.96,nan,12,Left,Left,2780,152,171,11,nan,nan,0.00
9/20/2025 5:43:32,1.16.3,PRexp,14,3.96,nan,12,Left,Left,2781,152,171,11,nan,nan,0.49
9/20/2025 5:43:40,1.16.3,PRexp,14,3.96,nan,12,Left,Left,2782,152,171,11,nan,nan,2.04
9/20/2025 5:43:41,1.16.3,PRexp,14,3.96,nan,12,Left,Left,2783,152,171,11,nan,nan,0.01
9/20/2025 5:43:45,1.16.3,PRexp,14,3.96,nan,12,Left,Left,2784,152,171,11,nan,nan,0.27
9/20/2025 5:43:46,1.16.3,PRexp,14,3.96,nan,12,Left,Left,2785,152,171,11,nan,nan,0.00
9/20/2025 5:43:48,1.16.3,PRexp,14,3.96,nan,12,Left,Left,2786,152,171,11,nan,nan,0.01
9/20/2025 5:43:50,1.16.3,PRexp,14,3.96,nan,12,Left,Left,2787,152,171,11,nan,nan,0.66
9/20/2025 5:43:51,1.16.3,PRexp,14,3.96,nan,12,Left,Left,2788,152,171,11,nan,nan,0.49
9/20/2025 5:43:53,1.16.3,PRexp,14,3.96,nan,12,Left,Left,2789,152,171,11,nan,nan,0.30
9/20/2025 5:43:54,1.16.3,PRexp,14,3.96,nan,12,Left,Left,2790,152,171,11,nan,nan,0.00
9/20/2025 5:43:54,1.16.3,PRexp,14,3.96,nan,12,LeftDuringDispense,Left,2791,152,171,12,nan,nan,0.13
9/20/2025 5:43:58,1.16.3,PRexp,14,3.95,3,12,Pellet,Left,2791,152,172,12,0.12,568,nan
9/20/2025 5:44:50,1.16.3,PRexp,14,3.96,nan,13,Left,Left,2792,152,172,12,nan,nan,0.20
9/20/2025 5:44:51,1.16.3,PRexp,14,3.96,nan,13,Left,Left,2793,152,172,12,nan,nan,0.76
9/20/2025 5:44:53,1.16.3,PRexp,14,3.96,nan,13,Left,Left,2794,152,172,12,nan,nan,0.00
9/20/2025 5:44:56,1.16.3,PRexp,14,3.96,nan,13,Left,Left,2795,152,172,12,nan,nan,2.09
9/20/2025 5:44:58,1.16.3,PRexp,14,3.96,nan,13,Left,Left,2796,152,172,12,nan,nan,0.45
9/20/2025 5:44:59,1.16.3,PRexp,14,3.96,nan,13,Left,Left,2797,152,172,12,nan,nan,0.25
9/20/2025 5:45:01,1.16.3,PRexp,14,3.96,nan,13,Left,Left,2798,152,172,12,nan,nan,0.14
9/20/2025 5:45:07,1.16.3,PRexp,14,3.96,nan,13,Left,Left,2799,152,172,12,nan,nan,0.38
9/20/2025 5:45:11,1.16.3,PRexp,14,3.96,nan,13,Left,Left,2800,152,172,12,nan,nan,0.00
9/20/2025 5:45:13,1.16.3,PRexp,14,3.96,nan,13,Left,Left,2801,152,172,12,nan,nan,0.02
9/20/2025 5:45:15,1.16.3,PRexp,14,3.96,nan,13,Left,Left,2802,152,172,12,nan,nan,0.01
9/20/2025 5:45:17,1.16.3,PRexp,14,3.96,nan,13,Left,Left,2803,152,172,12,nan,nan,0.01
9/20/2025 5:45:19,1.16.3,PRexp,14,3.96,nan,13,Left,Left,2804,152,172,12,nan,nan,1.01
9/20/2025 5:45:19,1.16.3,PRexp,14,3.96,nan,13,LeftDuringDispense,Left,2805,152,172,13,nan,nan,0.01
9/20/2025 5:45:22,1.16.3,PRexp,14,3.96,2,13,Pellet,Left,2805,152,173,13,0.30,85,nan
9/20/2025 5:45:55,1.16.3,PRexp,14,3.96,nan,15,Left,Left,2806,152,173,13,nan,nan,0.74
9/20/2025 5:45:57,1.16.3,PRexp,14,3.96,nan,15,Left,Left,2807,152,173,13,nan,nan,0.59
9/20/2025 5:45:58,1.16.3,PRexp,14,3.96,nan,15,Left,Left,2808,152,173,13,nan,nan,0.03
9/20/2025 5:46:06,1.16.3,PRexp,14,3.96,nan,15,Left,Left,2809,152,173,13,nan,nan,0.30
9/20/2025 5:48:49,1.16.3,PRexp,14,3.96,nan,15,Right,Left,2809,153,173,13,nan,nan,0.21
9/20/2025 5:48:51,1.16.3,PRexp,14,3.96,nan,15,Right,Left,2809,154,173,13,nan,nan,0.17
9/20/2025 5:48:53,1.16.3,PRexp,14,3.96,nan,15,Right,Left,2809,155,173,13,nan,nan,0.01
9/20/2025 5:48:55,1.16.3,PRexp,14,3.96,nan,15,Right,Left,2809,156,173,13,nan,nan,0.62
9/20/2025 5:48:58,1.16.3,PRexp,14,3.96,nan,15,Right,Left,2809,157,173,13,nan,nan,0.70
9/20/2025 5:49:00,1.16.3,PRexp,14,3.96,nan,15,Right,Left,2809,158,173,13,nan,nan,0.43
9/20/2025 5:49:02,1.16.3,PRexp,14,3.96,nan,15,Right,Left,2809,159,173,13,nan,nan,0.54
9/20/2025 5:49:03,1.16.3,PRexp,14,3.96,nan,15,Right,Left,2809,160,173,13,nan,nan,0.02
9/20/2025 5:49:06,1.16.3,PRexp,14,3.96,nan,15,Right,Left,2809,161,173,13,nan,nan,0.32
9/20/2025 5:49:07,1.16.3,PRexp,14,3.96,nan,15,Right,Left,2809,162,173,13,nan,nan,0.85
9/20/2025 5:49:10,1.16.3,PRexp,14,3.96,nan,15,Right,Left,2809,163,173,13,nan,nan,0.45
9/20/2025 5:49:11,1.16.3,PRexp,14,3.96,nan,15,Right,Left,2809,164,173,13,nan,nan,0.00
9/20/2025 5:49:13,1.16.3,PRexp,14,3.96,nan,15,Right,Left,2809,165,173,13,nan,nan,0.24
9/20/2025 5:49:14,1.16.3,PRexp,14,3.96,nan,15,Right,Left,2809,166,173,13,nan,nan,0.00
9/20/2025 5:49:15,1.16.3,PRexp,14,3.96,nan,15,Right,Left,2809,167,173,13,nan,nan,0.02
9/20/2025 5:49:18,1.16.3,PRexp,14,3.96,nan,15,Right,Left,2809,168,173,13,nan,nan,0.33
9/20/2025 5:49:19,1.16.3,PRexp,14,3.96,nan,15,Right,Left,2809,169,173,13,nan,nan,0.00
9/20/2025 5:49:21,1.16.3,PRexp,14,3.96,nan,15,Right,Left,2809,170,173,13,nan,nan,0.40
9/20/2025 5:49:22,1.16.3,PRexp,14,3.96,nan,15,Right,Left,2809,171,173,13,nan,nan,0.00
9/20/2025 5:49:23,1.16.3,PRexp,14,3.96,nan,15,Right,Left,2809,172,173,13,nan,nan,0.25
9/20/2025 5:49:24,1.16.3,PRexp,14,3.96,nan,15,Right,Left,2809,173,173,13,nan,nan,0.09
9/20/2025 5:49:26,1.16.3,PRexp,14,3.96,nan,15,Right,Left,2809,174,173,13,nan,nan,0.46
9/20/2025 5:49:27,1.16.3,PRexp,14,3.96,nan,15,Right,Left,2809,175,173,13,nan,nan,0.38
9/20/2025 5:49:28,1.16.3,PRexp,14,3.96,nan,15,Right,Left,2809,176,173,13,nan,nan,0.06
9/20/2025 5:49:29,1.16.3,PRexp,14,3.96,nan,15,Right,Left,2809,177,173,13,nan,nan,0.04
9/20/2025 5:49:31,1.16.3,PRexp,14,3.96,nan,15,Right,Left,2809,178,173,13,nan,nan,1.03
9/20/2025 5:49:32,1.16.3,PRexp,14,3.96,nan,15,Right,Left,2809,179,173,13,nan,nan,0.00
9/20/2025 5:49:35,1.16.3,PRexp,14,3.96,nan,15,Right,Left,2809,180,173,13,nan,nan,0.52
9/20/2025 5:49:38,1.16.3,PRexp,14,3.96,nan,15,Right,Left,2809,181,173,13,nan,nan,0.04
9/20/2025 5:49:38,1.16.3,PRexp,14,3.96,nan,15,Right,Left,2809,182,173,13,nan,nan,0.00
9/20/2025 5:49:39,1.16.3,PRexp,14,3.96,nan,15,Right,Left,2809,183,173,13,nan,nan,0.00
9/20/2025 5:49:41,1.16.3,PRexp,14,3.96,nan,15,Right,Left,2809,184,173,13,nan,nan,0.19
9/20/2025 5:49:43,1.16.3,PRexp,14,3.96,nan,15,Right,Left,2809,185,173,13,nan,nan,0.75
9/20/2025 5:49:48,1.16.3,PRexp,14,3.96,nan,15,Right,Left,2809,186,173,13,nan,nan,0.09
9/20/2025 5:49:49,1.16.3,PRexp,14,3.96,nan,15,Right,Left,2809,187,173,13,nan,nan,0.82
9/20/2025 5:49:54,1.16.3,PRexp,14,3.96,nan,15,Right,Left,2809,188,173,13,nan,nan,0.76
9/20/2025 5:49:56,1.16.3,PRexp,14,3.96,nan,15,Right,Left,2809,189,173,13,nan,nan,0.74
9/20/2025 5:49:57,1.16.3,PRexp,14,3.96,nan,15,Right,Left,2809,190,173,13,nan,nan,0.00
9/20/2025 5:49:58,1.16.3,PRexp,14,3.96,nan,15,Right,Left,2809,191,173,13,nan,nan,0.06
9/20/2025 5:50:01,1.16.3,PRexp,14,3.96,nan,15,Right,Left,2809,192,173,13,nan,nan,0.31
9/20/2025 5:50:04,1.16.3,PRexp,14,3.96,nan,15,Right,Left,2809,193,173,13,nan,nan,0.24
9/20/2025 5:51:25,1.16.3,PRexp,14,3.96,nan,15,Left,Left,2810,193,173,13,nan,nan,0.71
9/20/2025 5:51:27,1.16.3,PRexp,14,3.96,nan,15,Left,Left,2811,193,173,13,nan,nan,0.50
9/20/2025 5:51:28,1.16.3,PRexp,14,3.96,nan,15,Left,Left,2812,193,173,13,nan,nan,0.05
9/20/2025 5:51:29,1.16.3,PRexp,14,3.96,nan,15,Left,Left,2813,193,173,13,nan,nan,0.00
9/20/2025 5:51:30,1.16.3,PRexp,14,3.96,nan,15,Left,Left,2814,193,173,13,nan,nan,0.20
9/20/2025 5:51:32,1.16.3,PRexp,14,3.96,nan,15,Left,Left,2815,193,173,13,nan,nan,0.34
9/20/2025 5:51:33,1.16.3,PRexp,14,3.96,nan,15,Left,Left,2816,193,173,13,nan,nan,0.00
9/20/2025 5:51:36,1.16.3,PRexp,14,3.96,nan,15,Left,Left,2817,193,173,13,nan,nan,0.68
9/20/2025 5:51:38,1.16.3,PRexp,14,3.96,nan,15,Left,Left,2818,193,173,13,nan,nan,0.00
9/20/2025 5:51:40,1.16.3,PRexp,14,3.96,nan,15,Left,Left,2819,193,173,13,nan,nan,0.23
9/20/2025 5:51:41,1.16.3,PRexp,14,3.95,nan,15,Left,Left,2820,193,173,13,nan,nan,0.00
9/20/2025 5:51:43,1.16.3,PRexp,14,3.95,1,15,Pellet,Left,2820,193,174,14,1.46,381,nan
9/20/2025 5:53:35,1.16.3,PRexp,14,3.96,nan,17,Left,Left,2821,193,174,14,nan,nan,0.13
9/20/2025 5:53:36,1.16.3,PRexp,14,3.96,nan,17,Left,Left,2822,193,174,14,nan,nan,0.40
9/20/2025 5:53:42,1.16.3,PRexp,14,3.96,nan,17,Left,Left,2823,193,174,14,nan,nan,0.74
9/20/2025 6:34:59,1.16.3,PRexp,14,3.96,nan,1,Left,Left,2824,193,174,0,nan,nan,0.58
9/20/2025 6:35:03,1.16.3,PRexp,14,3.96,1,1,Pellet,Left,2824,193,175,1,3.12,2599,nan
9/20/2025 6:35:54,1.16.3,PRexp,14,3.96,nan,1,Left,Left,2825,193,175,1,nan,nan,0.59
9/20/2025 6:35:54,1.16.3,PRexp,14,3.96,nan,1,LeftDuringDispense,Left,2826,193,175,2,nan,nan,0.08
9/20/2025 6:35:58,1.16.3,PRexp,14,3.96,2,1,Pellet,Left,2826,193,176,2,0.85,56,nan
9/20/2025 6:37:39,1.16.3,PRexp,14,3.96,nan,2,Left,Left,2827,193,176,2,nan,nan,0.72
9/20/2025 6:37:40,1.16.3,PRexp,14,3.96,nan,2,Left,Left,2828,193,176,2,nan,nan,0.04
9/20/2025 6:37:40,1.16.3,PRexp,14,3.96,nan,2,LeftDuringDispense,Left,2829,193,176,3,nan,nan,0.06
9/20/2025 6:37:44,1.16.3,PRexp,14,3.96,2,2,Pellet,Left,2829,193,177,3,0.55,106,nan
9/20/2025 6:38:46,1.16.3,PRexp,14,3.96,nan,2,Left,Left,2830,193,177,3,nan,nan,0.48
9/20/2025 6:38:47,1.16.3,PRexp,14,3.96,nan,2,Left,Left,2831,193,177,3,nan,nan,0.01
9/20/2025 6:38:49,1.16.3,PRexp,14,3.96,1,2,Pellet,Left,2831,193,178,4,0.98,65,nan
9/20/2025 6:40:27,1.16.3,PRexp,14,3.96,nan,3,Left,Left,2832,193,178,4,nan,nan,0.03
9/20/2025 6:40:28,1.16.3,PRexp,14,3.96,nan,3,Left,Left,2833,193,178,4,nan,nan,0.02
9/20/2025 6:40:31,1.16.3,PRexp,14,3.96,nan,3,Left,Left,2834,193,178,4,nan,nan,0.75
9/20/2025 6:40:32,1.16.3,PRexp,14,3.96,1,3,Pellet,Left,2834,193,179,5,0.36,103,nan
9/20/2025 6:41:30,1.16.3,PRexp,14,3.96,nan,4,Left,Left,2835,193,179,5,nan,nan,0.03
9/20/2025 6:41:33,1.16.3,PRexp,14,3.96,nan,4,Left,Left,2836,193,179,5,nan,nan,0.02
9/20/2025 6:42:04,1.16.3,PRexp,14,3.96,nan,4,Left,Left,2837,193,179,5,nan,nan,0.12
9/20/2025 6:42:13,1.16.3,PRexp,14,3.96,nan,4,Left,Left,2838,193,179,5,nan,nan,0.47
9/20/2025 6:42:13,1.16.3,PRexp,14,3.96,nan,4,LeftDuringDispense,Left,2839,193,179,6,nan,nan,0.02
9/20/2025 6:42:16,1.16.3,PRexp,14,3.96,3,4,Pellet,Left,2839,193,180,6,0.12,104,nan
9/20/2025 6:43:06,1.16.3,PRexp,14,3.96,nan,5,Left,Left,2840,193,180,6,nan,nan,0.02
9/20/2025 6:43:07,1.16.3,PRexp,14,3.96,nan,5,Left,Left,2841,193,180,6,nan,nan,0.00
9/20/2025 6:43:09,1.16.3,PRexp,14,3.96,nan,5,Left,Left,2842,193,180,6,nan,nan,0.21
9/20/2025 6:43:10,1.16.3,PRexp,14,3.96,nan,5,Left,Left,2843,193,180,6,nan,nan,0.03
9/20/2025 6:43:11,1.16.3,PRexp,14,3.96,nan,5,Left,Left,2844,193,180,6,nan,nan,0.28
9/20/2025 6:43:12,1.16.3,PRexp,14,3.96,1,5,Pellet,Left,2844,193,181,7,0.55,56,nan
9/20/2025 6:44:00,1.16.3,PRexp,14,3.96,nan,6,Left,Left,2845,193,181,7,nan,nan,1.07
9/20/2025 7:11:28,1.16.3,PRexp,14,3.96,nan,6,Left,Left,2846,193,181,7,nan,nan,111.68
9/20/2025 7:11:44,1.16.3,PRexp,14,3.96,nan,6,Left,Left,2847,193,181,7,nan,nan,0.49
9/20/2025 7:11:53,1.16.3,PRexp,14,3.96,nan,6,Left,Left,2848,193,181,7,nan,nan,1.14
9/20/2025 7:12:49,1.16.3,PRexp,14,3.96,nan,6,Left,Left,2849,193,181,7,nan,nan,1.11
9/20/2025 7:12:51,1.16.3,PRexp,14,3.96,nan,6,Left,Left,2850,193,181,7,nan,nan,0.02
9/20/2025 7:12:54,1.16.3,PRexp,14,3.96,1,6,Pellet,Left,2850,193,182,8,2.39,1782,nan
9/20/2025 7:14:16,1.16.3,PRexp,14,3.96,nan,7,Left,Left,2851,193,182,8,nan,nan,1.27
9/20/2025 7:14:19,1.16.3,PRexp,14,3.96,nan,7,Left,Left,2852,193,182,8,nan,nan,0.01
9/20/2025 7:14:21,1.16.3,PRexp,14,3.96,nan,7,Left,Left,2853,193,182,8,nan,nan,0.21
9/20/2025 7:14:27,1.16.3,PRexp,14,3.96,nan,7,Left,Left,2854,193,182,8,nan,nan,2.52
9/20/2025 7:14:31,1.16.3,PRexp,14,3.96,nan,7,Left,Left,2855,193,182,8,nan,nan,0.20
9/20/2025 7:14:33,1.16.3,PRexp,14,3.96,nan,7,Left,Left,2856,193,182,8,nan,nan,0.01
9/20/2025 7:14:36,1.16.3,PRexp,14,3.96,nan,7,Left,Left,2857,193,182,8,nan,nan,0.07
9/20/2025 7:14:37,1.16.3,PRexp,14,3.96,1,7,Pellet,Left,2857,193,183,9,0.61,103,nan
9/20/2025 7:16:36,1.16.3,PRexp,14,3.96,nan,9,Left,Left,2858,193,183,9,nan,nan,0.15
9/20/2025 7:16:42,1.16.3,PRexp,14,3.95,nan,9,Left,Left,2859,193,183,9,nan,nan,4.79
9/20/2025 7:16:45,1.16.3,PRexp,14,3.96,nan,9,Left,Left,2860,193,183,9,nan,nan,0.72
9/20/2025 7:16:47,1.16.3,PRexp,14,3.95,nan,9,Left,Left,2861,193,183,9,nan,nan,0.19
9/20/2025 7:16:52,1.16.3,PRexp,14,3.96,nan,9,Left,Left,2862,193,183,9,nan,nan,0.00
9/20/2025 7:16:54,1.16.3,PRexp,14,3.95,nan,9,Left,Left,2863,193,183,9,nan,nan,0.00
9/20/2025 7:16:56,1.16.3,PRexp,14,3.95,nan,9,Left,Left,2864,193,183,9,nan,nan,0.11
9/20/2025 7:16:58,1.16.3,PRexp,14,3.96,nan,9,Left,Left,2865,193,183,9,nan,nan,0.03
9/20/2025 7:17:06,1.16.3,PRexp,14,3.96,nan,9,Left,Left,2866,193,183,9,nan,nan,2.69
9/20/2025 7:17:07,1.16.3,PRexp,14,3.96,nan,9,LeftDuringDispense,Left,2867,193,183,10,nan,nan,0.08
9/20/2025 7:17:10,1.16.3,PRexp,14,3.95,2,9,Pellet,Left,2867,193,184,10,0.24,153,nan
9/20/2025 7:17:44,1.16.3,PRexp,14,3.96,nan,10,Left,Left,2868,193,184,10,nan,nan,0.06
9/20/2025 7:17:47,1.16.3,PRexp,14,3.96,nan,10,Left,Left,2869,193,184,10,nan,nan,0.03
9/20/2025 7:17:49,1.16.3,PRexp,14,3.96,nan,10,Left,Left,2870,193,184,10,nan,nan,0.68
9/20/2025 7:17:55,1.16.3,PRexp,14,3.95,nan,10,Left,Left,2871,193,184,10,nan,nan,1.99
9/20/2025 7:17:58,1.16.3,PRexp,14,3.96,nan,10,Left,Left,2872,193,184,10,nan,nan,1.23
9/20/2025 7:18:04,1.16.3,PRexp,14,3.96,nan,10,Left,Left,2873,193,184,10,nan,nan,2.55
9/20/2025 7:18:05,1.16.3,PRexp,14,3.96,nan,10,Left,Left,2874,193,184,10,nan,nan,0.11
9/20/2025 7:18:08,1.16.3,PRexp,14,3.96,nan,10,Left,Left,2875,193,184,10,nan,nan,0.06
9/20/2025 7:18:12,1.16.3,PRexp,14,3.95,nan,10,Left,Left,2876,193,184,10,nan,nan,0.06
9/20/2025 7:18:17,1.16.3,PRexp,14,3.96,nan,10,Left,Left,2877,193,184,10,nan,nan,0.07
9/20/2025 7:18:20,1.16.3,PRexp,14,3.96,2,10,Pellet,Left,2877,193,185,11,0.06,70,nan
9/20/2025 7:22:31,1.16.3,PRexp,14,3.96,nan,12,Left,Left,2878,193,185,11,nan,nan,4.68
9/20/2025 7:22:33,1.16.3,PRexp,14,3.95,nan,12,Left,Left,2879,193,185,11,nan,nan,0.13
9/20/2025 7:22:35,1.16.3,PRexp,14,3.96,nan,12,Left,Left,2880,193,185,11,nan,nan,0.55
9/20/2025 7:22:37,1.16.3,PRexp,14,3.96,nan,12,Left,Left,2881,193,185,11,nan,nan,0.00
9/20/2025 7:22:42,1.16.3,PRexp,14,3.95,nan,12,Left,Left,2882,193,185,11,nan,nan,2.82
9/20/2025 7:22:48,1.16.3,PRexp,14,3.96,nan,12,Left,Left,2883,193,185,11,nan,nan,1.50
9/20/2025 7:22:51,1.16.3,PRexp,14,3.96,nan,12,Left,Left,2884,193,185,11,nan,nan,0.86
9/20/2025 7:22:53,1.16.3,PRexp,14,3.96,nan,12,Left,Left,2885,193,185,11,nan,nan,0.12
9/20/2025 7:22:54,1.16.3,PRexp,14,3.96,nan,12,Left,Left,2886,193,185,11,nan,nan,0.00
9/20/2025 7:22:57,1.16.3,PRexp,14,3.96,nan,12,Left,Left,2887,193,185,11,nan,nan,0.48
9/20/2025 7:23:01,1.16.3,PRexp,14,3.96,nan,12,Left,Left,2888,193,185,11,nan,nan,0.00
9/20/2025 7:23:05,1.16.3,PRexp,14,3.96,nan,12,Left,Left,2889,193,185,11,nan,nan,0.00
9/20/2025 7:23:07,1.16.3,PRexp,14,3.96,2,12,Pellet,Left,2889,193,186,12,0.30,287,nan
9/20/2025 7:23:47,1.16.3,PRexp,14,3.96,nan,13,Left,Left,2890,193,186,12,nan,nan,0.04
9/20/2025 7:23:53,1.16.3,PRexp,14,3.96,nan,13,Left,Left,2891,193,186,12,nan,nan,2.42
9/20/2025 7:23:53,1.16.3,PRexp,14,3.96,nan,13,Left,Left,2892,193,186,12,nan,nan,0.00
9/20/2025 7:23:54,1.16.3,PRexp,14,3.96,nan,13,Left,Left,2893,193,186,12,nan,nan,0.01
9/20/2025 7:23:56,1.16.3,PRexp,14,3.96,nan,13,Left,Left,2894,193,186,12,nan,nan,0.38
9/20/2025 7:23:57,1.16.3,PRexp,14,3.96,nan,13,Left,Left,2895,193,186,12,nan,nan,0.22
9/20/2025 7:23:59,1.16.3,PRexp,14,3.95,nan,13,Left,Left,2896,193,186,12,nan,nan,0.04
9/20/2025 7:24:00,1.16.3,PRexp,14,3.96,nan,13,Left,Left,2897,193,186,12,nan,nan,0.21
9/20/2025 7:24:03,1.16.3,PRexp,14,3.96,nan,13,Left,Left,2898,193,186,12,nan,nan,0.13
9/20/2025 7:24:07,1.16.3,PRexp,14,3.95,nan,13,Left,Left,2899,193,186,12,nan,nan,1.06
9/20/2025 7:24:08,1.16.3,PRexp,14,3.96,nan,13,Left,Left,2900,193,186,12,nan,nan,0.31
9/20/2025 7:24:09,1.16.3,PRexp,14,3.96,nan,13,Left,Left,2901,193,186,12,nan,nan,0.28
9/20/2025 7:24:11,1.16.3,PRexp,14,3.96,nan,13,Left,Left,2902,193,186,12,nan,nan,0.55
9/20/2025 7:24:12,1.16.3,PRexp,14,3.95,2,13,Pellet,Left,2902,193,187,13,0.24,65,nan
9/20/2025 7:29:05,1.16.3,PRexp,14,3.96,nan,15,Left,Left,2903,193,187,13,nan,nan,1.13
9/20/2025 7:29:07,1.16.3,PRexp,14,3.96,nan,15,Left,Left,2904,193,187,13,nan,nan,0.07
9/20/2025 7:29:10,1.16.3,PRexp,14,3.96,nan,15,Left,Left,2905,193,187,13,nan,nan,0.68
9/20/2025 7:29:11,1.16.3,PRexp,14,3.96,nan,15,Left,Left,2906,193,187,13,nan,nan,0.42
9/20/2025 7:29:13,1.16.3,PRexp,14,3.96,nan,15,Left,Left,2907,193,187,13,nan,nan,0.45
9/20/2025 7:29:16,1.16.3,PRexp,14,3.96,nan,15,Left,Left,2908,193,187,13,nan,nan,0.55
9/20/2025 7:29:17,1.16.3,PRexp,14,3.96,nan,15,Left,Left,2909,193,187,13,nan,nan,0.22
9/20/2025 7:29:19,1.16.3,PRexp,14,3.96,nan,15,Left,Left,2910,193,187,13,nan,nan,0.03
9/20/2025 7:29:20,1.16.3,PRexp,14,3.96,nan,15,Left,Left,2911,193,187,13,nan,nan,0.01
9/20/2025 7:29:22,1.16.3,PRexp,14,3.96,nan,15,Left,Left,2912,193,187,13,nan,nan,0.43
9/20/2025 7:29:24,1.16.3,PRexp,14,3.96,nan,15,Left,Left,2913,193,187,13,nan,nan,0.35
9/20/2025 7:29:25,1.16.3,PRexp,14,3.96,nan,15,Left,Left,2914,193,187,13,nan,nan,0.77
9/20/2025 7:29:27,1.16.3,PRexp,14,3.96,nan,15,Left,Left,2915,193,187,13,nan,nan,0.03
9/20/2025 7:29:30,1.16.3,PRexp,14,3.95,nan,15,Left,Left,2916,193,187,13,nan,nan,0.08
9/20/2025 7:29:31,1.16.3,PRexp,14,3.96,nan,15,Left,Left,2917,193,187,13,nan,nan,0.00
9/20/2025 7:29:31,1.16.3,PRexp,14,3.95,nan,15,LeftDuringDispense,Left,2918,193,187,14,nan,nan,0.04
9/20/2025 7:29:32,1.16.3,PRexp,14,3.96,nan,15,LeftDuringDispense,Left,2919,193,187,14,nan,nan,0.40
9/20/2025 7:29:33,1.16.3,PRexp,14,3.96,nan,15,LeftDuringDispense,Left,2920,193,187,14,nan,nan,0.21
9/20/2025 7:29:34,1.16.3,PRexp,14,3.96,nan,15,LeftDuringDispense,Left,2921,193,187,14,nan,nan,0.03
9/20/2025 7:29:37,1.16.3,PRexp,14,3.95,3,15,Pellet,Left,2921,193,188,14,0.30,324,nan
9/20/2025 7:31:35,1.16.3,PRexp,14,3.96,nan,17,Right,Left,2921,194,188,14,nan,nan,0.20
9/20/2025 7:31:36,1.16.3,PRexp,14,3.95,nan,17,Right,Left,2921,195,188,14,nan,nan,0.00
9/20/2025 7:31:37,1.16.3,PRexp,14,3.96,nan,17,Right,Left,2921,196,188,14,nan,nan,0.13
9/20/2025 7:31:39,1.16.3,PRexp,14,3.96,nan,17,Right,Left,2921,197,188,14,nan,nan,0.72
9/20/2025 7:31:40,1.16.3,PRexp,14,3.96,nan,17,Right,Left,2921,198,188,14,nan,nan,0.33
9/20/2025 7:31:44,1.16.3,PRexp,14,3.96,nan,17,Right,Left,2921,199,188,14,nan,nan,0.35
9/20/2025 7:32:26,1.16.3,PRexp,14,3.96,nan,17,Left,Left,2922,199,188,14,nan,nan,0.11
9/20/2025 7:32:28,1.16.3,PRexp,14,3.96,nan,17,Left,Left,2923,199,188,14,nan,nan,0.14
9/20/2025 7:32:29,1.16.3,PRexp,14,3.96,nan,17,Left,Left,2924,199,188,14,nan,nan,0.00
9/20/2025 7:32:31,1.16.3,PRexp,14,3.96,nan,17,Left,Left,2925,199,188,14,nan,nan,0.00
9/20/2025 7:32:31,1.16.3,PRexp,14,3.96,nan,17,Left,Left,2926,199,188,14,nan,nan,0.00
9/20/2025 7:32:32,1.16.3,PRexp,14,3.96,nan,17,Left,Left,2927,199,188,14,nan,nan,0.00
9/20/2025 7:32:36,1.16.3,PRexp,14,3.96,nan,17,Left,Left,2928,199,188,14,nan,nan,0.06
9/20/2025 7:32:37,1.16.3,PRexp,14,3.96,nan,17,Left,Left,2929,199,188,14,nan,nan,0.20
9/20/2025 7:32:40,1.16.3,PRexp,14,3.96,nan,17,Left,Left,2930,199,188,14,nan,nan,0.03
9/20/2025 7:32:43,1.16.3,PRexp,14,3.96,nan,17,Left,Left,2931,199,188,14,nan,nan,0.02
9/20/2025 7:32:45,1.16.3,PRexp,14,3.96,nan,17,Left,Left,2932,199,188,14,nan,nan,0.10
9/20/2025 7:32:46,1.16.3,PRexp,14,3.96,nan,17,Left,Left,2933,199,188,14,nan,nan,0.27
9/20/2025 7:32:48,1.16.3,PRexp,14,3.96,nan,17,Left,Left,2934,199,188,14,nan,nan,0.35
9/20/2025 7:32:49,1.16.3,PRexp,14,3.96,nan,17,Left,Left,2935,199,188,14,nan,nan,0.00
9/20/2025 7:32:51,1.16.3,PRexp,14,3.96,nan,17,Left,Left,2936,199,188,14,nan,nan,0.29
9/20/2025 7:32:52,1.16.3,PRexp,14,3.95,nan,17,Left,Left,2937,199,188,14,nan,nan,0.44
9/20/2025 7:32:53,1.16.3,PRexp,14,3.96,nan,17,Left,Left,2938,199,188,14,nan,nan,0.28
9/20/2025 7:32:54,1.16.3,PRexp,14,3.96,nan,17,LeftDuringDispense,Left,2939,199,188,15,nan,nan,0.11
9/20/2025 7:32:55,1.16.3,PRexp,14,3.95,nan,17,LeftDuringDispense,Left,2940,199,188,15,nan,nan,0.32
9/20/2025 7:32:56,1.16.3,PRexp,14,3.96,nan,17,LeftDuringDispense,Left,2941,199,188,15,nan,nan,0.09
9/20/2025 7:32:59,1.16.3,PRexp,14,3.95,2,17,Pellet,Left,2941,199,189,15,0.36,202,nan
9/20/2025 7:35:59,1.16.3,PRexp,14,3.96,nan,20,Left,Left,2942,199,189,15,nan,nan,0.16
9/20/2025 7:36:00,1.16.3,PRexp,14,3.95,nan,20,Left,Left,2943,199,189,15,nan,nan,0.15
9/20/2025 7:41:15,1.16.3,PRexp,14,3.95,nan,20,Left,Left,2944,199,189,15,nan,nan,0.61
9/20/2025 7:41:17,1.16.3,PRexp,14,3.95,nan,20,Left,Left,2945,199,189,15,nan,nan,0.14
9/20/2025 7:41:19,1.16.3,PRexp,14,3.96,nan,20,Left,Left,2946,199,189,15,nan,nan,0.22
9/20/2025 7:41:22,1.16.3,PRexp,14,3.96,nan,20,Left,Left,2947,199,189,15,nan,nan,0.22
9/20/2025 7:41:30,1.16.3,PRexp,14,3.96,nan,20,Left,Left,2948,199,189,15,nan,nan,0.74
9/20/2025 7:41:32,1.16.3,PRexp,14,3.95,nan,20,Left,Left,2949,199,189,15,nan,nan,0.50
9/20/2025 7:41:33,1.16.3,PRexp,14,3.95,nan,20,Left,Left,2950,199,189,15,nan,nan,0.46
9/20/2025 7:41:35,1.16.3,PRexp,14,3.95,nan,20,Left,Left,2951,199,189,15,nan,nan,0.02
9/20/2025 7:41:37,1.16.3,PRexp,14,3.96,nan,20,Left,Left,2952,199,189,15,nan,nan,0.41
9/20/2025 7:41:38,1.16.3,PRexp,14,3.96,nan,20,Left,Left,2953,199,189,15,nan,nan,0.00
9/20/2025 7:41:41,1.16.3,PRexp,14,3.95,nan,20,Left,Left,2954,199,189,15,nan,nan,0.42
9/20/2025 7:41:42,1.16.3,PRexp,14,3.95,nan,20,Left,Left,2955,199,189,15,nan,nan,0.66
9/20/2025 7:41:44,1.16.3,PRexp,14,3.96,nan,20,Left,Left,2956,199,189,15,nan,nan,0.19
9/20/2025 7:41:47,1.16.3,PRexp,14,3.95,nan,20,Left,Left,2957,199,189,15,nan,nan,0.07
9/20/2025 7:41:48,1.16.3,PRexp,14,3.95,nan,20,Left,Left,2958,199,189,15,nan,nan,0.13
9/20/2025 7:41:52,1.16.3,PRexp,14,3.95,nan,20,Left,Left,2959,199,189,15,nan,nan,1.83
9/20/2025 7:41:53,1.16.3,PRexp,14,3.95,nan,20,Left,Left,2960,199,189,15,nan,nan,0.00
9/20/2025 7:41:55,1.16.3,PRexp,14,3.96,nan,20,Left,Left,2961,199,189,15,nan,nan,0.31
9/20/2025 7:41:56,1.16.3,PRexp,14,3.96,1,20,Pellet,Left,2961,199,190,16,0.61,538,nan
9/20/2025 8:19:18,1.16.3,PRexp,14,3.95,nan,1,Left,Left,2962,199,190,0,nan,nan,0.33
9/20/2025 8:19:29,1.16.3,PRexp,14,3.95,nan,1,LeftWithPellet,Left,2963,199,190,1,nan,nan,0.91
9/20/2025 8:19:32,1.16.3,PRexp,14,3.96,3,1,Pellet,Left,2963,199,191,1,9.20,2256,nan
9/20/2025 8:20:04,1.16.3,PRexp,14,3.95,nan,1,Left,Left,2964,199,191,1,nan,nan,0.02
9/20/2025 8:20:05,1.16.3,PRexp,14,3.96,1,1,Pellet,Left,2964,199,192,2,0.42,33,nan
9/20/2025 8:20:26,1.16.3,PRexp,14,3.96,nan,2,Left,Left,2965,199,192,2,nan,nan,0.04
9/20/2025 8:20:29,1.16.3,PRexp,14,3.96,nan,2,Left,Left,2966,199,192,2,nan,nan,0.46
9/20/2025 8:20:30,1.16.3,PRexp,14,3.96,1,2,Pellet,Left,2966,199,193,3,0.30,25,nan
9/20/2025 8:21:18,1.16.3,PRexp,14,3.96,nan,2,Left,Left,2967,199,193,3,nan,nan,0.07
9/20/2025 8:21:19,1.16.3,PRexp,14,3.95,nan,2,Left,Left,2968,199,193,3,nan,nan,0.00
9/20/2025 8:21:20,1.16.3,PRexp,14,3.95,1,2,Pellet,Left,2968,199,194,4,0.24,50,nan
9/20/2025 8:21:54,1.16.3,PRexp,14,3.95,nan,3,Left,Left,2969,199,194,4,nan,nan,0.87
9/20/2025 8:21:56,1.16.3,PRexp,14,3.96,nan,3,Left,Left,2970,199,194,4,nan,nan,0.96
9/20/2025 8:21:58,1.16.3,PRexp,14,3.95,nan,3,Left,Left,2971,199,194,4,nan,nan,0.22
9/20/2025 8:21:58,1.16.3,PRexp,14,3.96,nan,3,LeftDuringDispense,Left,2972,199,194,5,nan,nan,0.08
9/20/2025 8:22:01,1.16.3,PRexp,14,3.95,2,3,Pellet,Left,2972,199,195,5,0.24,41,nan
9/20/2025 8:22:24,1.16.3,PRexp,14,3.96,nan,4,Left,Left,2973,199,195,5,nan,nan,0.31
9/20/2025 8:22:27,1.16.3,PRexp,14,3.95,nan,4,Left,Left,2974,199,195,5,nan,nan,0.68
9/20/2025 8:22:30,1.16.3,PRexp,14,3.96,nan,4,Left,Left,2975,199,195,5,nan,nan,0.13
9/20/2025 8:22:32,1.16.3,PRexp,14,3.96,nan,4,Left,Left,2976,199,195,5,nan,nan,0.48
9/20/2025 8:22:33,1.16.3,PRexp,14,3.96,1,4,Pellet,Left,2976,199,196,6,0.30,32,nan
9/20/2025 8:22:57,1.16.3,PRexp,14,3.96,nan,5,Left,Left,2977,199,196,6,nan,nan,0.16
9/20/2025 8:23:09,1.16.3,PRexp,14,3.96,nan,5,Left,Left,2978,199,196,6,nan,nan,0.05
9/20/2025 8:23:17,1.16.3,PRexp,14,3.95,nan,5,Left,Left,2979,199,196,6,nan,nan,0.09
9/20/2025 8:23:23,1.16.3,PRexp,14,3.95,nan,5,Left,Left,2980,199,196,6,nan,nan,0.80
9/20/2025 8:23:49,1.16.3,PRexp,14,3.96,nan,5,Left,Left,2981,199,196,6,nan,nan,1.20
9/20/2025 8:23:51,1.16.3,PRexp,14,3.95,nan,5,LeftWithPellet,Left,2982,199,196,7,nan,nan,0.24
9/20/2025 8:23:51,1.16.3,PRexp,14,3.95,nan,5,LeftWithPellet,Left,2983,199,196,7,nan,nan,0.08
9/20/2025 8:23:52,1.16.3,PRexp,14,3.96,1,5,Pellet,Left,2983,199,197,7,2.54,79,nan
9/20/2025 8:24:17,1.16.3,PRexp,14,3.96,nan,6,Left,Left,2984,199,197,7,nan,nan,0.03
9/20/2025 8:24:19,1.16.3,PRexp,14,3.95,nan,6,Left,Left,2985,199,197,7,nan,nan,0.06
9/20/2025 8:24:21,1.16.3,PRexp,14,3.95,nan,6,Left,Left,2986,199,197,7,nan,nan,0.18
9/20/2025 8:24:26,1.16.3,PRexp,14,3.96,nan,6,Left,Left,2987,199,197,7,nan,nan,0.11
9/20/2025 8:24:28,1.16.3,PRexp,14,3.95,nan,6,Left,Left,2988,199,197,7,nan,nan,0.10
9/20/2025 8:24:29,1.16.3,PRexp,14,3.96,nan,6,Left,Left,2989,199,197,7,nan,nan,0.39
9/20/2025 8:24:31,1.16.3,PRexp,14,3.96,1,6,Pellet,Left,2989,199,198,8,0.30,38,nan
9/20/2025 8:25:15,1.16.3,PRexp,14,3.96,nan,7,Left,Left,2990,199,198,8,nan,nan,0.04
9/20/2025 8:25:46,1.16.3,PRexp,14,3.96,nan,7,Left,Left,2991,199,198,8,nan,nan,0.00
9/20/2025 8:25:48,1.16.3,PRexp,14,3.96,nan,7,Left,Left,2992,199,198,8,nan,nan,0.21
9/20/2025 8:25:50,1.16.3,PRexp,14,3.95,nan,7,Left,Left,2993,199,198,8,nan,nan,0.00
9/20/2025 8:25:53,1.16.3,PRexp,14,3.96,nan,7,Left,Left,2994,199,198,8,nan,nan,0.15
9/20/2025 8:25:56,1.16.3,PRexp,14,3.96,nan,7,Left,Left,2995,199,198,8,nan,nan,0.04
9/20/2025 8:25:58,1.16.3,PRexp,14,3.95,nan,7,Left,Left,2996,199,198,8,nan,nan,0.85
9/20/2025 8:25:59,1.16.3,PRexp,14,3.95,1,7,Pellet,Left,2996,199,199,9,0.24,89,nan
9/20/2025 8:26:51,1.16.3,PRexp,14,3.96,nan,9,Left,Left,2997,199,199,9,nan,nan,0.18
9/20/2025 8:26:58,1.16.3,PRexp,14,3.96,nan,9,Left,Left,2998,199,199,9,nan,nan,0.15
9/20/2025 8:27:00,1.16.3,PRexp,14,3.96,nan,9,Left,Left,2999,199,199,9,nan,nan,0.01
9/20/2025 8:27:03,1.16.3,PRexp,14,3.95,nan,9,Left,Left,3000,199,199,9,nan,nan,0.00
9/20/2025 8:27:06,1.16.3,PRexp,14,3.96,nan,9,Left,Left,3001,199,199,9,nan,nan,0.16
9/20/2025 8:27:13,1.16.3,PRexp,14,3.95,nan,9,Left,Left,3002,199,199,9,nan,nan,0.02
9/20/2025 8:27:13,1.16.3,PRexp,14,3.95,nan,9,Left,Left,3003,199,199,9,nan,nan,0.00
9/20/2025 8:27:15,1.16.3,PRexp,14,3.96,nan,9,Left,Left,3004,199,199,9,nan,nan,0.65
9/20/2025 8:27:17,1.16.3,PRexp,14,3.95,nan,9,Left,Left,3005,199,199,9,nan,nan,0.00
9/20/2025 8:27:18,1.16.3,PRexp,14,3.96,1,9,Pellet,Left,3005,199,200,10,0.36,78,nan
9/20/2025 8:48:14,1.16.3,PRexp,14,3.95,nan,10,Left,Left,3006,199,200,10,nan,nan,0.00
9/20/2025 8:48:16,1.16.3,PRexp,14,3.95,nan,10,Left,Left,3007,199,200,10,nan,nan,0.02
9/20/2025 8:48:21,1.16.3,PRexp,14,3.96,nan,10,Left,Left,3008,199,200,10,nan,nan,1.94
9/20/2025 8:48:26,1.16.3,PRexp,14,3.95,nan,10,Left,Left,3009,199,200,10,nan,nan,4.55
9/20/2025 9:08:05,1.16.3,PRexp,14,3.95,nan,10,Left,Left,3010,199,200,10,nan,nan,2.24
9/20/2025 9:08:12,1.16.3,PRexp,14,3.96,nan,10,Left,Left,3011,199,200,10,nan,nan,0.69
9/20/2025 9:08:17,1.16.3,PRexp,14,3.95,nan,10,Left,Left,3012,199,200,10,nan,nan,0.39
9/20/2025 9:08:18,1.16.3,PRexp,14,3.96,nan,10,Left,Left,3013,199,200,10,nan,nan,0.02
9/20/2025 9:08:24,1.16.3,PRexp,14,3.96,nan,10,Left,Left,3014,199,200,10,nan,nan,0.00
9/20/2025 9:17:56,1.16.3,PRexp,14,3.96,nan,10,Left,Left,3015,199,200,10,nan,nan,1.30
9/20/2025 9:17:57,1.16.3,PRexp,14,3.95,nan,10,LeftDuringDispense,Left,3016,199,200,11,nan,nan,0.08
9/20/2025 9:18:02,1.16.3,PRexp,14,3.95,2,10,Pellet,Left,3016,199,201,11,2.45,3045,nan
9/20/2025 9:20:41,1.16.3,PRexp,14,3.95,nan,12,Left,Left,3017,199,201,11,nan,nan,1.03
9/20/2025 9:20:45,1.16.3,PRexp,14,3.95,nan,12,Left,Left,3018,199,201,11,nan,nan,0.91
9/20/2025 9:20:48,1.16.3,PRexp,14,3.95,nan,12,Left,Left,3019,199,201,11,nan,nan,2.63
9/20/2025 9:20:50,1.16.3,PRexp,14,3.95,nan,12,Left,Left,3020,199,201,11,nan,nan,0.50
9/20/2025 9:20:51,1.16.3,PRexp,14,3.95,nan,12,Left,Left,3021,199,201,11,nan,nan,0.02
9/20/2025 9:20:54,1.16.3,PRexp,14,3.96,nan,12,Left,Left,3022,199,201,11,nan,nan,0.56
9/20/2025 9:21:01,1.16.3,PRexp,14,3.95,nan,12,Left,Left,3023,199,201,11,nan,nan,0.87
9/20/2025 9:21:04,1.16.3,PRexp,14,3.95,nan,12,Left,Left,3024,199,201,11,nan,nan,0.69
9/20/2025 9:21:12,1.16.3,PRexp,14,3.96,nan,12,Left,Left,3025,199,201,11,nan,nan,5.85
9/20/2025 9:21:16,1.16.3,PRexp,14,3.96,nan,12,Left,Left,3026,199,201,11,nan,nan,0.00
9/20/2025 9:21:18,1.16.3,PRexp,14,3.95,nan,12,Left,Left,3027,199,201,11,nan,nan,0.90
9/20/2025 9:21:19,1.16.3,PRexp,14,3.95,nan,12,Left,Left,3028,199,201,11,nan,nan,0.02
9/20/2025 9:21:20,1.16.3,PRexp,14,3.95,1,12,Pellet,Left,3028,199,202,12,0.30,198,nan
9/20/2025 9:23:38,1.16.3,PRexp,14,3.95,nan,13,Left,Left,3029,199,202,12,nan,nan,0.10
9/20/2025 9:23:39,1.16.3,PRexp,14,3.95,nan,13,Left,Left,3030,199,202,12,nan,nan,0.09
9/20/2025 9:23:40,1.16.3,PRexp,14,3.95,nan,13,Left,Left,3031,199,202,12,nan,nan,0.00
9/20/2025 9:23:42,1.16.3,PRexp,14,3.95,nan,13,Left,Left,3032,199,202,12,nan,nan,0.28
9/20/2025 9:23:44,1.16.3,PRexp,14,3.95,nan,13,Left,Left,3033,199,202,12,nan,nan,0.73
9/20/2025 9:23:45,1.16.3,PRexp,14,3.95,nan,13,Left,Left,3034,199,202,12,nan,nan,0.26
9/20/2025 9:23:46,1.16.3,PRexp,14,3.95,nan,13,Left,Left,3035,199,202,12,nan,nan,0.00
9/20/2025 9:23:47,1.16.3,PRexp,14,3.95,nan,13,Left,Left,3036,199,202,12,nan,nan,0.53
9/20/2025 9:23:50,1.16.3,PRexp,14,3.95,nan,13,Left,Left,3037,199,202,12,nan,nan,0.67
9/20/2025 9:23:53,1.16.3,PRexp,14,3.95,nan,13,Left,Left,3038,199,202,12,nan,nan,0.07
9/20/2025 9:23:54,1.16.3,PRexp,14,3.95,nan,13,Left,Left,3039,199,202,12,nan,nan,0.00
9/20/2025 9:23:54,1.16.3,PRexp,14,3.96,nan,13,Left,Left,3040,199,202,12,nan,nan,0.02
9/20/2025 9:23:55,1.16.3,PRexp,14,3.96,nan,13,Left,Left,3041,199,202,12,nan,nan,0.03
9/20/2025 9:23:56,1.16.3,PRexp,14,3.95,1,13,Pellet,Left,3041,199,203,13,0.30,156,nan
9/20/2025 9:28:53,1.16.3,PRexp,14,3.95,nan,15,Left,Left,3042,199,203,13,nan,nan,0.09
9/20/2025 9:28:57,1.16.3,PRexp,14,3.95,nan,15,Left,Left,3043,199,203,13,nan,nan,0.62
9/20/2025 9:28:58,1.16.3,PRexp,14,3.96,nan,15,Left,Left,3044,199,203,13,nan,nan,0.14
9/20/2025 9:29:00,1.16.3,PRexp,14,3.95,nan,15,Left,Left,3045,199,203,13,nan,nan,0.20
9/20/2025 9:29:02,1.16.3,PRexp,14,3.95,nan,15,Left,Left,3046,199,203,13,nan,nan,0.75
9/20/2025 9:29:06,1.16.3,PRexp,14,3.95,nan,15,Left,Left,3047,199,203,13,nan,nan,2.65
9/20/2025 9:29:09,1.16.3,PRexp,14,3.95,nan,15,Left,Left,3048,199,203,13,nan,nan,0.21
9/20/2025 9:29:11,1.16.3,PRexp,14,3.96,nan,15,Left,Left,3049,199,203,13,nan,nan,0.18
9/20/2025 9:29:12,1.16.3,PRexp,14,3.95,nan,15,Left,Left,3050,199,203,13,nan,nan,0.00
9/20/2025 9:29:12,1.16.3,PRexp,14,3.95,nan,15,Left,Left,3051,199,203,13,nan,nan,0.00
9/20/2025 9:29:15,1.16.3,PRexp,14,3.95,nan,15,Left,Left,3052,199,203,13,nan,nan,0.88
9/20/2025 9:29:18,1.16.3,PRexp,14,3.95,nan,15,Left,Left,3053,199,203,13,nan,nan,0.30
9/20/2025 9:29:20,1.16.3,PRexp,14,3.95,nan,15,Left,Left,3054,199,203,13,nan,nan,0.09
9/20/2025 9:29:21,1.16.3,PRexp,14,3.95,nan,15,Left,Left,3055,199,203,13,nan,nan,0.31
9/20/2025 9:29:25,1.16.3,PRexp,14,3.95,nan,15,Left,Left,3056,199,203,13,nan,nan,0.60
9/20/2025 9:29:27,1.16.3,PRexp,14,3.95,1,15,Pellet,Left,3056,199,204,14,0.79,331,nan
9/20/2025 9:35:56,1.16.3,PRexp,14,3.95,nan,17,Left,Left,3057,199,204,14,nan,nan,0.21
9/20/2025 9:36:00,1.16.3,PRexp,14,3.95,nan,17,Left,Left,3058,199,204,14,nan,nan,0.07
9/20/2025 9:38:42,1.16.3,PRexp,14,3.95,nan,17,Right,Left,3058,200,204,14,nan,nan,0.00
9/20/2025 9:38:44,1.16.3,PRexp,14,3.95,nan,17,Right,Left,3058,201,204,14,nan,nan,0.62
9/20/2025 9:38:45,1.16.3,PRexp,14,3.95,nan,17,Right,Left,3058,202,204,14,nan,nan,0.50
9/20/2025 9:38:46,1.16.3,PRexp,14,3.95,nan,17,Right,Left,3058,203,204,14,nan,nan,0.00
9/20/2025 9:38:48,1.16.3,PRexp,14,3.95,nan,17,Right,Left,3058,204,204,14,nan,nan,0.52
9/20/2025 9:38:49,1.16.3,PRexp,14,3.95,nan,17,Right,Left,3058,205,204,14,nan,nan,0.31
9/20/2025 9:38:50,1.16.3,PRexp,14,3.95,nan,17,Right,Left,3058,206,204,14,nan,nan,0.39
9/20/2025 9:38:55,1.16.3,PRexp,14,3.95,nan,17,Right,Left,3058,207,204,14,nan,nan,1.06
9/20/2025 9:39:01,1.16.3,PRexp,14,3.95,nan,17,Right,Left,3058,208,204,14,nan,nan,0.15
9/20/2025 9:39:03,1.16.3,PRexp,14,3.95,nan,17,Right,Left,3058,209,204,14,nan,nan,0.28
9/20/2025 9:39:04,1.16.3,PRexp,14,3.95,nan,17,Right,Left,3058,210,204,14,nan,nan,0.00
9/20/2025 9:39:06,1.16.3,PRexp,14,3.95,nan,17,Right,Left,3058,211,204,14,nan,nan,0.29
9/20/2025 9:39:08,1.16.3,PRexp,14,3.96,nan,17,Right,Left,3058,212,204,14,nan,nan,0.26
9/20/2025 9:39:10,1.16.3,PRexp,14,3.96,nan,17,Right,Left,3058,213,204,14,nan,nan,0.04
9/20/2025 9:39:11,1.16.3,PRexp,14,3.95,nan,17,Right,Left,3058,214,204,14,nan,nan,0.42
9/20/2025 9:39:14,1.16.3,PRexp,14,3.95,nan,17,Right,Left,3058,215,204,14,nan,nan,0.45
9/20/2025 9:39:15,1.16.3,PRexp,14,3.95,nan,17,Right,Left,3058,216,204,14,nan,nan,0.13
9/20/2025 9:39:17,1.16.3,PRexp,14,3.95,nan,17,Right,Left,3058,217,204,14,nan,nan,0.29
9/20/2025 9:39:19,1.16.3,PRexp,14,3.95,nan,17,Right,Left,3058,218,204,14,nan,nan,0.62
9/20/2025 9:39:55,1.16.3,PRexp,14,3.95,nan,17,Left,Left,3059,218,204,14,nan,nan,0.39
9/20/2025 9:39:57,1.16.3,PRexp,14,3.95,nan,17,Left,Left,3060,218,204,14,nan,nan,0.20
9/20/2025 9:39:58,1.16.3,PRexp,14,3.95,nan,17,Left,Left,3061,218,204,14,nan,nan,0.33
9/20/2025 9:40:01,1.16.3,PRexp,14,3.95,nan,17,Left,Left,3062,218,204,14,nan,nan,0.08
9/20/2025 9:40:02,1.16.3,PRexp,14,3.95,nan,17,Left,Left,3063,218,204,14,nan,nan,0.00
9/20/2025 9:40:03,1.16.3,PRexp,14,3.95,nan,17,Left,Left,3064,218,204,14,nan,nan,0.33
9/20/2025 10:24:37,1.16.3,PRexp,14,3.95,nan,1,Left,Left,3065,218,204,0,nan,nan,2.98
9/20/2025 10:24:41,1.16.3,PRexp,14,3.95,1,1,Pellet,Left,3065,218,205,1,3.62,3314,nan
9/20/2025 10:25:05,1.16.3,PRexp,14,3.95,nan,1,Left,Left,3066,218,205,1,nan,nan,0.05
9/20/2025 10:25:09,1.16.3,PRexp,14,3.96,2,1,Pellet,Left,3066,218,206,2,1.22,28,nan
9/20/2025 10:25:26,1.16.3,PRexp,14,3.96,nan,2,Left,Left,3067,218,206,2,nan,nan,0.11
9/20/2025 10:25:33,1.16.3,PRexp,14,3.95,nan,2,Left,Left,3068,218,206,2,nan,nan,0.00
9/20/2025 10:25:33,1.16.3,PRexp,14,3.95,nan,2,LeftDuringDispense,Left,3069,218,206,3,nan,nan,0.02
9/20/2025 10:25:37,1.16.3,PRexp,14,3.95,2,2,Pellet,Left,3069,218,207,3,0.85,28,nan
9/20/2025 10:25:59,1.16.3,PRexp,14,3.95,nan,2,Left,Left,3070,218,207,3,nan,nan,0.13
9/20/2025 10:26:03,1.16.3,PRexp,14,3.95,nan,2,Left,Left,3071,218,207,3,nan,nan,0.72
9/20/2025 10:26:04,1.16.3,PRexp,14,3.95,1,2,Pellet,Left,3071,218,208,4,0.48,27,nan
9/20/2025 10:26:21,1.16.3,PRexp,14,3.95,nan,3,Left,Left,3072,218,208,4,nan,nan,0.02
9/20/2025 10:26:32,1.16.3,PRexp,14,3.95,nan,3,Left,Left,3073,218,208,4,nan,nan,0.17
9/20/2025 10:26:34,1.16.3,PRexp,14,3.95,nan,3,Left,Left,3074,218,208,4,nan,nan,0.33
9/20/2025 10:26:36,1.16.3,PRexp,14,3.95,1,3,Pellet,Left,3074,218,209,5,1.40,32,nan
9/20/2025 10:27:14,1.16.3,PRexp,14,3.95,nan,4,Left,Left,3075,218,209,5,nan,nan,0.00
9/20/2025 10:27:17,1.16.3,PRexp,14,3.95,nan,4,Left,Left,3076,218,209,5,nan,nan,1.15
9/20/2025 10:27:19,1.16.3,PRexp,14,3.95,nan,4,Left,Left,3077,218,209,5,nan,nan,0.55
9/20/2025 10:27:19,1.16.3,PRexp,14,3.95,nan,4,Left,Left,3078,218,209,5,nan,nan,0.14
9/20/2025 10:27:20,1.16.3,PRexp,14,3.95,nan,4,LeftDuringDispense,Left,3079,218,209,6,nan,nan,0.10
9/20/2025 10:27:23,1.16.3,PRexp,14,3.95,2,4,Pellet,Left,3079,218,210,6,0.30,47,nan
9/20/2025 10:27:40,1.16.3,PRexp,14,3.95,nan,5,Left,Left,3080,218,210,6,nan,nan,0.04
9/20/2025 10:27:41,1.16.3,PRexp,14,3.95,nan,5,Left,Left,3081,218,210,6,nan,nan,0.04
9/20/2025 10:27:41,1.16.3,PRexp,14,3.95,nan,5,Left,Left,3082,218,210,6,nan,nan,0.00
9/20/2025 10:27:43,1.16.3,PRexp,14,3.95,nan,5,Left,Left,3083,218,210,6,nan,nan,0.16
9/20/2025 10:27:45,1.16.3,PRexp,14,3.95,nan,5,Left,Left,3084,218,210,6,nan,nan,0.44
9/20/2025 10:27:47,1.16.3,PRexp,14,3.94,1,5,Pellet,Left,3084,218,211,7,1.03,24,nan
9/20/2025 10:28:20,1.16.3,PRexp,14,3.95,nan,6,Left,Left,3085,218,211,7,nan,nan,0.02
9/20/2025 10:28:33,1.16.3,PRexp,14,3.95,nan,6,Left,Left,3086,218,211,7,nan,nan,0.10
9/20/2025 10:28:35,1.16.3,PRexp,14,3.95,nan,6,Left,Left,3087,218,211,7,nan,nan,0.04
9/20/2025 10:28:40,1.16.3,PRexp,14,3.94,nan,6,Left,Left,3088,218,211,7,nan,nan,0.09
9/20/2025 10:28:48,1.16.3,PRexp,14,3.95,nan,6,Left,Left,3089,218,211,7,nan,nan,0.12
9/20/2025 10:28:50,1.16.3,PRexp,14,3.96,nan,6,Left,Left,3090,218,211,7,nan,nan,0.03
9/20/2025 10:28:51,1.16.3,PRexp,14,3.95,1,6,Pellet,Left,3090,218,212,8,0.30,64,nan
9/20/2025 10:29:18,1.16.3,PRexp,14,3.95,nan,7,Left,Left,3091,218,212,8,nan,nan,0.04
9/20/2025 10:29:19,1.16.3,PRexp,14,3.95,nan,7,Left,Left,3092,218,212,8,nan,nan,0.32
9/20/2025 10:29:22,1.16.3,PRexp,14,3.95,nan,7,Left,Left,3093,218,212,8,nan,nan,0.35
9/20/2025 10:29:23,1.16.3,PRexp,14,3.95,nan,7,Left,Left,3094,218,212,8,nan,nan,0.22
9/20/2025 10:29:28,1.16.3,PRexp,14,3.95,nan,7,Left,Left,3095,218,212,8,nan,nan,0.80
9/20/2025 10:29:32,1.16.3,PRexp,14,3.95,nan,7,Left,Left,3096,218,212,8,nan,nan,0.03
9/20/2025 10:29:33,1.16.3,PRexp,14,3.95,nan,7,Left,Left,3097,218,212,8,nan,nan,0.00
9/20/2025 10:29:34,1.16.3,PRexp,14,3.95,nan,7,LeftDuringDispense,Left,3098,218,212,9,nan,nan,0.01
9/20/2025 10:29:37,1.16.3,PRexp,14,3.95,2,7,Pellet,Left,3098,218,213,9,0.06,45,nan
9/20/2025 10:29:54,1.16.3,PRexp,14,3.95,nan,9,Left,Left,3099,218,213,9,nan,nan,0.03
9/20/2025 10:29:56,1.16.3,PRexp,14,3.95,nan,9,Left,Left,3100,218,213,9,nan,nan,0.09
9/20/2025 10:30:10,1.16.3,PRexp,14,3.95,nan,9,Left,Left,3101,218,213,9,nan,nan,0.16
9/20/2025 10:30:12,1.16.3,PRexp,14,3.95,nan,9,Left,Left,3102,218,213,9,nan,nan,0.04
9/20/2025 10:30:13,1.16.3,PRexp,14,3.95,nan,9,Left,Left,3103,218,213,9,nan,nan,0.27
9/20/2025 10:30:14,1.16.3,PRexp,14,3.95,nan,9,Left,Left,3104,218,213,9,nan,nan,0.03
9/20/2025 10:30:19,1.16.3,PRexp,14,3.95,nan,9,Left,Left,3105,218,213,9,nan,nan,1.02
9/20/2025 10:30:24,1.16.3,PRexp,14,3.95,nan,9,Left,Left,3106,218,213,9,nan,nan,0.12
9/20/2025 10:30:26,1.16.3,PRexp,14,3.95,nan,9,Left,Left,3107,218,213,9,nan,nan,0.00
9/20/2025 10:30:27,1.16.3,PRexp,14,3.95,1,9,Pellet,Left,3107,218,214,10,0.42,51,nan
9/20/2025 10:31:09,1.16.3,PRexp,14,3.95,nan,10,Left,Left,3108,218,214,10,nan,nan,0.12
9/20/2025 10:31:13,1.16.3,PRexp,14,3.95,nan,10,Left,Left,3109,218,214,10,nan,nan,0.31
9/20/2025 10:31:32,1.16.3,PRexp,14,3.95,nan,10,Left,Left,3110,218,214,10,nan,nan,0.49
9/20/2025 10:31:33,1.16.3,PRexp,14,3.95,nan,10,Left,Left,3111,218,214,10,nan,nan,0.32
9/20/2025 10:31:35,1.16.3,PRexp,14,3.95,nan,10,Left,Left,3112,218,214,10,nan,nan,0.32
9/20/2025 11:02:07,1.16.3,PRexp,14,3.94,nan,1,Left,Left,3113,218,214,0,nan,nan,1.98
9/20/2025 11:02:09,1.16.3,PRexp,14,3.94,1,1,Pellet,Left,3113,218,215,1,0.61,1902,nan
9/20/2025 11:03:52,1.16.3,PRexp,14,3.95,nan,1,Left,Left,3114,218,215,1,nan,nan,0.06
9/20/2025 11:03:54,1.16.3,PRexp,14,3.95,1,1,Pellet,Left,3114,218,216,2,0.36,105,nan
9/20/2025 11:05:46,1.16.3,PRexp,14,3.95,nan,2,Left,Left,3115,218,216,2,nan,nan,0.03
9/20/2025 11:05:47,1.16.3,PRexp,14,3.95,nan,2,Left,Left,3116,218,216,2,nan,nan,0.68
9/20/2025 11:05:49,1.16.3,PRexp,14,3.95,1,2,Pellet,Left,3116,218,217,3,0.49,115,nan
9/20/2025 11:10:10,1.16.3,PRexp,14,3.94,nan,2,Left,Left,3117,218,217,3,nan,nan,0.60
9/20/2025 11:10:14,1.16.3,PRexp,14,3.94,nan,2,Left,Left,3118,218,217,3,nan,nan,0.81
9/20/2025 11:10:14,1.16.3,PRexp,14,3.95,nan,2,LeftDuringDispense,Left,3119,218,217,4,nan,nan,0.01
9/20/2025 11:10:18,1.16.3,PRexp,14,3.95,2,2,Pellet,Left,3119,218,218,4,0.55,269,nan
9/20/2025 11:10:57,1.16.3,PRexp,14,3.95,nan,3,Left,Left,3120,218,218,4,nan,nan,0.61
9/20/2025 11:11:01,1.16.3,PRexp,14,3.95,nan,3,Left,Left,3121,218,218,4,nan,nan,0.50
9/20/2025 11:11:01,1.16.3,PRexp,14,3.95,nan,3,Left,Left,3122,218,218,4,nan,nan,0.00
9/20/2025 11:11:04,1.16.3,PRexp,14,3.94,1,3,Pellet,Left,3122,218,219,5,1.46,46,nan
9/20/2025 11:12:20,1.16.3,PRexp,14,3.95,nan,4,Left,Left,3123,218,219,5,nan,nan,0.69
9/20/2025 11:12:25,1.16.3,PRexp,14,3.95,nan,4,Left,Left,3124,218,219,5,nan,nan,1.32
9/20/2025 11:12:27,1.16.3,PRexp,14,3.95,nan,4,Left,Left,3125,218,219,5,nan,nan,0.72
9/20/2025 11:12:30,1.16.3,PRexp,14,3.94,nan,4,Left,Left,3126,218,219,5,nan,nan,0.95
9/20/2025 11:12:31,1.16.3,PRexp,14,3.94,nan,4,LeftDuringDispense,Left,3127,218,219,6,nan,nan,0.14
9/20/2025 11:12:34,1.16.3,PRexp,14,3.95,2,4,Pellet,Left,3127,218,220,6,0.36,90,nan
9/20/2025 11:13:14,1.16.3,PRexp,14,3.94,nan,5,Left,Left,3128,218,220,6,nan,nan,0.11
9/20/2025 11:13:16,1.16.3,PRexp,14,3.95,nan,5,Left,Left,3129,218,220,6,nan,nan,0.40
9/20/2025 11:13:18,1.16.3,PRexp,14,3.95,nan,5,Left,Left,3130,218,220,6,nan,nan,0.00
9/20/2025 11:13:19,1.16.3,PRexp,14,3.95,nan,5,Left,Left,3131,218,220,6,nan,nan,0.14
9/20/2025 11:13:21,1.16.3,PRexp,14,3.95,nan,5,Left,Left,3132,218,220,6,nan,nan,0.64
9/20/2025 11:13:21,1.16.3,PRexp,14,3.95,nan,5,LeftDuringDispense,Left,3133,218,220,7,nan,nan,0.03
9/20/2025 11:13:24,1.16.3,PRexp,14,3.95,2,5,Pellet,Left,3133,218,221,7,0.55,50,nan
9/20/2025 11:13:51,1.16.3,PRexp,14,3.95,nan,6,Left,Left,3134,218,221,7,nan,nan,0.39
9/20/2025 11:13:53,1.16.3,PRexp,14,3.94,nan,6,Left,Left,3135,218,221,7,nan,nan,0.15
9/20/2025 11:13:55,1.16.3,PRexp,14,3.94,nan,6,Left,Left,3136,218,221,7,nan,nan,0.13
9/20/2025 11:13:57,1.16.3,PRexp,14,3.95,nan,6,Left,Left,3137,218,221,7,nan,nan,0.39
9/20/2025 11:13:59,1.16.3,PRexp,14,3.95,nan,6,Left,Left,3138,218,221,7,nan,nan,0.50
9/20/2025 11:14:04,1.16.3,PRexp,14,3.95,nan,6,Left,Left,3139,218,221,7,nan,nan,0.24
9/20/2025 11:14:06,1.16.3,PRexp,14,3.95,1,6,Pellet,Left,3139,218,222,8,0.30,42,nan
9/20/2025 11:14:34,1.16.3,PRexp,14,3.95,nan,7,Left,Left,3140,218,222,8,nan,nan,0.68
9/20/2025 11:14:35,1.16.3,PRexp,14,3.95,nan,7,Left,Left,3141,218,222,8,nan,nan,0.49
9/20/2025 11:14:39,1.16.3,PRexp,14,3.95,nan,7,Left,Left,3142,218,222,8,nan,nan,0.11
9/20/2025 11:14:40,1.16.3,PRexp,14,3.95,nan,7,Left,Left,3143,218,222,8,nan,nan,0.00
9/20/2025 11:14:41,1.16.3,PRexp,14,3.95,nan,7,Left,Left,3144,218,222,8,nan,nan,0.10
9/20/2025 11:14:46,1.16.3,PRexp,14,3.94,nan,7,Left,Left,3145,218,222,8,nan,nan,0.37
9/20/2025 11:54:47,1.16.3,PRexp,14,3.94,nan,1,Left,Left,3146,218,222,0,nan,nan,0.64
9/20/2025 11:54:49,1.16.3,PRexp,14,3.94,1,1,Pellet,Left,3146,218,223,1,0.79,2443,nan
9/20/2025 11:55:11,1.16.3,PRexp,14,3.95,nan,1,Left,Left,3147,218,223,1,nan,nan,0.05
9/20/2025 11:55:13,1.16.3,PRexp,14,3.94,1,1,Pellet,Left,3147,218,224,2,1.34,24,nan
9/20/2025 11:55:40,1.16.3,PRexp,14,3.94,nan,2,Left,Left,3148,218,224,2,nan,nan,0.04
9/20/2025 11:55:58,1.16.3,PRexp,14,3.95,nan,2,Left,Left,3149,218,224,2,nan,nan,0.09
9/20/2025 11:55:59,1.16.3,PRexp,14,3.94,nan,2,LeftDuringDispense,Left,3150,218,224,3,nan,nan,0.03
9/20/2025 11:56:02,1.16.3,PRexp,14,3.94,2,2,Pellet,Left,3150,218,225,3,0.36,49,nan
9/20/2025 11:56:39,1.16.3,PRexp,14,3.95,nan,2,Left,Left,3151,218,225,3,nan,nan,0.10
9/20/2025 11:56:40,1.16.3,PRexp,14,3.94,nan,2,Left,Left,3152,218,225,3,nan,nan,0.08
9/20/2025 11:56:41,1.16.3,PRexp,14,3.95,1,2,Pellet,Left,3152,218,226,4,0.30,39,nan
9/20/2025 11:59:25,1.16.3,PRexp,14,3.95,nan,3,Left,Left,3153,218,226,4,nan,nan,0.85
9/20/2025 11:59:28,1.16.3,PRexp,14,3.95,nan,3,Left,Left,3154,218,226,4,nan,nan,1.22
9/20/2025 11:59:29,1.16.3,PRexp,14,3.95,nan,3,Left,Left,3155,218,226,4,nan,nan,0.17
9/20/2025 11:59:31,1.16.3,PRexp,14,3.94,1,3,Pellet,Left,3155,218,227,5,0.36,169,nan
9/20/2025 11:59:51,1.16.3,PRexp,14,3.95,nan,4,Left,Left,3156,218,227,5,nan,nan,0.01
9/20/2025 12:00:05,1.16.3,PRexp,14,3.94,nan,4,Left,Left,3157,218,227,5,nan,nan,0.01
9/20/2025 12:00:06,1.16.3,PRexp,14,3.95,nan,4,Left,Left,3158,218,227,5,nan,nan,0.00
9/20/2025 12:00:08,1.16.3,PRexp,14,3.95,nan,4,Left,Left,3159,218,227,5,nan,nan,0.15
9/20/2025 12:00:09,1.16.3,PRexp,14,3.95,1,4,Pellet,Left,3159,218,228,6,0.30,39,nan
9/20/2025 12:00:39,1.16.3,PRexp,14,3.94,nan,5,Left,Left,3160,218,228,6,nan,nan,0.21
9/20/2025 12:00:46,1.16.3,PRexp,14,3.95,nan,5,Left,Left,3161,218,228,6,nan,nan,0.18
9/20/2025 12:00:58,1.16.3,PRexp,14,3.94,nan,5,Left,Left,3162,218,228,6,nan,nan,1.50
9/20/2025 12:01:01,1.16.3,PRexp,14,3.95,nan,5,Left,Left,3163,218,228,6,nan,nan,0.62
9/20/2025 12:01:03,1.16.3,PRexp,14,3.95,nan,5,Left,Left,3164,218,228,6,nan,nan,0.45
9/20/2025 12:01:04,1.16.3,PRexp,14,3.95,1,5,Pellet,Left,3164,218,229,7,0.18,55,nan
9/20/2025 12:01:31,1.16.3,PRexp,14,3.95,nan,6,Left,Left,3165,218,229,7,nan,nan,0.11
9/20/2025 12:01:33,1.16.3,PRexp,14,3.95,nan,6,Left,Left,3166,218,229,7,nan,nan,0.18
9/20/2025 12:01:36,1.16.3,PRexp,14,3.95,nan,6,Left,Left,3167,218,229,7,nan,nan,0.27
9/20/2025 12:01:38,1.16.3,PRexp,14,3.95,nan,6,Left,Left,3168,218,229,7,nan,nan,0.53
9/20/2025 12:01:40,1.16.3,PRexp,14,3.94,nan,6,Left,Left,3169,218,229,7,nan,nan,0.33
9/20/2025 12:01:46,1.16.3,PRexp,14,3.95,nan,6,Left,Left,3170,218,229,7,nan,nan,0.13
9/20/2025 12:01:47,1.16.3,PRexp,14,3.94,nan,6,LeftDuringDispense,Left,3171,218,229,8,nan,nan,0.51
9/20/2025 12:01:51,1.16.3,PRexp,14,3.95,3,6,Pellet,Left,3171,218,230,8,0.49,46,nan
9/20/2025 12:06:12,1.16.3,PRexp,14,3.94,nan,7,Left,Left,3172,218,230,8,nan,nan,0.05
9/20/2025 12:06:12,1.16.3,PRexp,14,3.95,nan,7,Left,Left,3173,218,230,8,nan,nan,0.03
9/20/2025 12:06:16,1.16.3,PRexp,14,3.95,nan,7,Left,Left,3174,218,230,8,nan,nan,0.29
9/20/2025 12:06:18,1.16.3,PRexp,14,3.95,nan,7,Left,Left,3175,218,230,8,nan,nan,0.51
9/20/2025 12:06:19,1.16.3,PRexp,14,3.95,nan,7,Left,Left,3176,218,230,8,nan,nan,0.46
9/20/2025 12:06:20,1.16.3,PRexp,14,3.95,nan,7,Left,Left,3177,218,230,8,nan,nan,0.00
9/20/2025 12:06:26,1.16.3,PRexp,14,3.94,nan,7,Left,Left,3178,218,230,8,nan,nan,0.33
9/20/2025 12:06:26,1.16.3,PRexp,14,3.94,nan,7,LeftDuringDispense,Left,3179,218,230,9,nan,nan,0.05
9/20/2025 12:06:30,1.16.3,PRexp,14,3.95,3,7,Pellet,Left,3179,218,231,9,0.18,279,nan
9/20/2025 12:06:56,1.16.3,PRexp,14,3.94,nan,9,Left,Left,3180,218,231,9,nan,nan,0.01
9/20/2025 12:07:06,1.16.3,PRexp,14,3.94,nan,9,Left,Left,3181,218,231,9,nan,nan,0.32
9/20/2025 12:07:08,1.16.3,PRexp,14,3.94,nan,9,Left,Left,3182,218,231,9,nan,nan,0.62
9/20/2025 12:07:09,1.16.3,PRexp,14,3.95,nan,9,Left,Left,3183,218,231,9,nan,nan,0.60
9/20/2025 12:07:16,1.16.3,PRexp,14,3.95,nan,9,Left,Left,3184,218,231,9,nan,nan,1.38
9/20/2025 12:07:19,1.16.3,PRexp,14,3.95,nan,9,Left,Left,3185,218,231,9,nan,nan,0.93
9/20/2025 12:25:59,1.16.3,PRexp,14,3.94,nan,9,Left,Left,3186,218,231,9,nan,nan,0.81
9/20/2025 12:26:05,1.16.3,PRexp,14,3.95,nan,9,Left,Left,3187,218,231,9,nan,nan,1.31
9/20/2025 12:26:07,1.16.3,PRexp,14,3.95,nan,9,Left,Left,3188,218,231,9,nan,nan,1.67
9/20/2025 12:26:09,1.16.3,PRexp,14,3.94,2,9,Pellet,Left,3188,218,232,10,0.49,1180,nan
9/20/2025 12:26:43,1.16.3,PRexp,14,3.94,nan,10,Left,Left,3189,218,232,10,nan,nan,0.13
9/20/2025 12:26:47,1.16.3,PRexp,14,3.94,nan,10,Left,Left,3190,218,232,10,nan,nan,2.41
9/20/2025 12:26:49,1.16.3,PRexp,14,3.95,nan,10,Left,Left,3191,218,232,10,nan,nan,0.78
9/20/2025 12:26:52,1.16.3,PRexp,14,3.95,nan,10,Left,Left,3192,218,232,10,nan,nan,0.87
9/20/2025 12:26:57,1.16.3,PRexp,14,3.94,nan,10,Left,Left,3193,218,232,10,nan,nan,0.14
9/20/2025 12:26:58,1.16.3,PRexp,14,3.94,nan,10,Left,Left,3194,218,232,10,nan,nan,0.25
9/20/2025 12:27:00,1.16.3,PRexp,14,3.94,nan,10,Left,Left,3195,218,232,10,nan,nan,0.01
9/20/2025 12:27:02,1.16.3,PRexp,14,3.94,nan,10,Left,Left,3196,218,232,10,nan,nan,0.37
9/20/2025 12:27:02,1.16.3,PRexp,14,3.94,nan,10,Left,Left,3197,218,232,10,nan,nan,0.00
9/20/2025 12:27:05,1.16.3,PRexp,14,3.94,nan,10,Left,Left,3198,218,232,10,nan,nan,0.69
9/20/2025 12:27:07,1.16.3,PRexp,14,3.94,1,10,Pellet,Left,3198,218,233,11,0.79,57,nan
9/20/2025 12:52:21,1.16.3,PRexp,14,3.94,nan,12,Left,Left,3199,218,233,11,nan,nan,0.13
9/20/2025 12:52:24,1.16.3,PRexp,14,3.94,nan,12,Left,Left,3200,218,233,11,nan,nan,0.48
9/20/2025 12:52:26,1.16.3,PRexp,14,3.94,nan,12,Left,Left,3201,218,233,11,nan,nan,0.17
9/20/2025 12:52:33,1.16.3,PRexp,14,3.94,nan,12,Left,Left,3202,218,233,11,nan,nan,1.11
9/20/2025 12:52:36,1.16.3,PRexp,14,3.94,nan,12,Left,Left,3203,218,233,11,nan,nan,0.03
9/20/2025 12:52:39,1.16.3,PRexp,14,3.94,nan,12,Left,Left,3204,218,233,11,nan,nan,0.32
9/20/2025 12:52:43,1.16.3,PRexp,14,3.95,nan,12,Left,Left,3205,218,233,11,nan,nan,0.57
9/20/2025 12:52:55,1.16.3,PRexp,14,3.94,nan,12,Left,Left,3206,218,233,11,nan,nan,1.23
9/20/2025 12:52:57,1.16.3,PRexp,14,3.95,nan,12,Left,Left,3207,218,233,11,nan,nan,0.67
9/20/2025 12:53:02,1.16.3,PRexp,14,3.94,nan,12,Left,Left,3208,218,233,11,nan,nan,1.73
9/20/2025 12:53:04,1.16.3,PRexp,14,3.94,nan,12,Left,Left,3209,218,233,11,nan,nan,0.21
9/20/2025 12:53:06,1.16.3,PRexp,14,3.94,nan,12,Left,Left,3210,218,233,11,nan,nan,0.23
9/20/2025 12:53:08,1.16.3,PRexp,14,3.94,1,12,Pellet,Left,3210,218,234,12,0.85,1562,nan
9/20/2025 12:53:43,1.16.3,PRexp,14,3.95,nan,13,Left,Left,3211,218,234,12,nan,nan,0.14
9/20/2025 12:53:50,1.16.3,PRexp,14,3.94,nan,13,Left,Left,3212,218,234,12,nan,nan,0.03
9/20/2025 12:53:52,1.16.3,PRexp,14,3.94,nan,13,Left,Left,3213,218,234,12,nan,nan,0.12
9/20/2025 12:54:02,1.16.3,PRexp,14,3.94,nan,13,Left,Left,3214,218,234,12,nan,nan,0.63
9/20/2025 12:54:07,1.16.3,PRexp,14,3.95,nan,13,Left,Left,3215,218,234,12,nan,nan,1.02
9/20/2025 12:54:12,1.16.3,PRexp,14,3.94,nan,13,Left,Left,3216,218,234,12,nan,nan,0.23
9/20/2025 12:54:13,1.16.3,PRexp,14,3.94,nan,13,Left,Left,3217,218,234,12,nan,nan,0.02
9/20/2025 12:54:18,1.16.3,PRexp,14,3.94,nan,13,Left,Left,3218,218,234,12,nan,nan,0.11
9/20/2025 12:54:19,1.16.3,PRexp,14,3.94,nan,13,Left,Left,3219,218,234,12,nan,nan,0.35
9/20/2025 12:54:23,1.16.3,PRexp,14,3.94,nan,13,Left,Left,3220,218,234,12,nan,nan,1.93
9/20/2025 12:54:25,1.16.3,PRexp,14,3.94,nan,13,Left,Left,3221,218,234,12,nan,nan,1.09
9/20/2025 12:54:27,1.16.3,PRexp,14,3.94,nan,13,Left,Left,3222,218,234,12,nan,nan,0.00
9/20/2025 12:54:28,1.16.3,PRexp,14,3.94,nan,13,Left,Left,3223,218,234,12,nan,nan,0.13
9/20/2025 12:54:29,1.16.3,PRexp,14,3.94,nan,13,LeftDuringDispense,Left,3224,218,234,13,nan,nan,0.08
9/20/2025 12:55:07,1.16.3,PRexp,14,3.94,6,13,Pellet,Left,3224,218,235,13,26.86,119,nan
9/20/2025 12:56:58,1.16.3,PRexp,14,3.95,nan,15,Left,Left,3225,218,235,13,nan,nan,0.00
9/20/2025 12:57:13,1.16.3,PRexp,14,3.94,nan,15,Left,Left,3226,218,235,13,nan,nan,0.24
9/20/2025 12:57:15,1.16.3,PRexp,14,3.94,nan,15,Left,Left,3227,218,235,13,nan,nan,0.00
9/20/2025 12:57:17,1.16.3,PRexp,14,3.95,nan,15,Left,Left,3228,218,235,13,nan,nan,0.28
9/20/2025 12:57:18,1.16.3,PRexp,14,3.94,nan,15,Left,Left,3229,218,235,13,nan,nan,0.09
9/20/2025 12:57:26,1.16.3,PRexp,14,3.94,nan,15,Left,Left,3230,218,235,13,nan,nan,1.99
9/20/2025 12:57:27,1.16.3,PRexp,14,3.94,nan,15,Left,Left,3231,218,235,13,nan,nan,0.13
9/20/2025 12:57:33,1.16.3,PRexp,14,3.95,nan,15,Left,Left,3232,218,235,13,nan,nan,0.12
9/20/2025 12:57:35,1.16.3,PRexp,14,3.95,nan,15,Left,Left,3233,218,235,13,nan,nan,1.81
9/20/2025 12:57:37,1.16.3,PRexp,14,3.94,nan,15,Left,Left,3234,218,235,13,nan,nan,0.00
9/20/2025 12:57:38,1.16.3,PRexp,14,3.94,nan,15,Left,Left,3235,218,235,13,nan,nan,0.45
9/20/2025 12:57:41,1.16.3,PRexp,14,3.94,nan,15,Left,Left,3236,218,235,13,nan,nan,1.00
9/20/2025 12:57:46,1.16.3,PRexp,14,3.94,nan,15,Left,Left,3237,218,235,13,nan,nan,1.99
9/20/2025 13:38:13,1.16.3,PRexp,14,3.94,nan,1,Left,Left,3238,218,235,0,nan,nan,2.57
9/20/2025 13:38:14,1.16.3,PRexp,14,3.94,2,1,Pellet,Left,3238,218,236,1,0.24,2587,nan
9/20/2025 13:38:48,1.16.3,PRexp,14,3.94,nan,1,Left,Left,3239,218,236,1,nan,nan,0.12
9/20/2025 13:38:49,1.16.3,PRexp,14,3.94,1,1,Pellet,Left,3239,218,237,2,0.30,35,nan
9/20/2025 13:39:05,1.16.3,PRexp,14,3.95,nan,2,Left,Left,3240,218,237,2,nan,nan,0.02
9/20/2025 13:39:06,1.16.3,PRexp,14,3.94,nan,2,Left,Left,3241,218,237,2,nan,nan,0.33
9/20/2025 13:39:07,1.16.3,PRexp,14,3.95,1,2,Pellet,Left,3241,218,238,3,0.73,18,nan
9/20/2025 13:39:28,1.16.3,PRexp,14,3.95,nan,2,Left,Left,3242,218,238,3,nan,nan,0.09
9/20/2025 13:39:41,1.16.3,PRexp,14,3.94,nan,2,Left,Left,3243,218,238,3,nan,nan,0.58
9/20/2025 13:39:42,1.16.3,PRexp,14,3.94,1,2,Pellet,Left,3243,218,239,4,0.30,35,nan
9/20/2025 13:40:10,1.16.3,PRexp,14,3.95,nan,3,Left,Left,3244,218,239,4,nan,nan,0.02
9/20/2025 13:40:13,1.16.3,PRexp,14,3.94,nan,3,Left,Left,3245,218,239,4,nan,nan,0.12
9/20/2025 13:40:19,1.16.3,PRexp,14,3.94,nan,3,Left,Left,3246,218,239,4,nan,nan,0.02
9/20/2025 13:40:19,1.16.3,PRexp,14,3.94,nan,3,LeftDuringDispense,Left,3247,218,239,5,nan,nan,0.02
9/20/2025 13:40:33,1.16.3,PRexp,14,3.94,3,3,Pellet,Left,3247,218,240,5,9.09,51,nan
9/20/2025 13:41:30,1.16.3,PRexp,14,3.94,nan,4,Left,Left,3248,218,240,5,nan,nan,0.34
9/20/2025 13:41:42,1.16.3,PRexp,14,3.94,nan,4,Left,Left,3249,218,240,5,nan,nan,0.05
9/20/2025 13:41:43,1.16.3,PRexp,14,3.94,nan,4,Left,Left,3250,218,240,5,nan,nan,0.00
9/20/2025 13:41:45,1.16.3,PRexp,14,3.94,nan,4,Left,Left,3251,218,240,5,nan,nan,0.13
9/20/2025 13:41:46,1.16.3,PRexp,14,3.94,nan,4,LeftDuringDispense,Left,3252,218,240,6,nan,nan,0.04
9/20/2025 13:41:49,1.16.3,PRexp,14,3.94,3,4,Pellet,Left,3252,218,241,6,0.12,76,nan
9/20/2025 13:42:24,1.16.3,PRexp,14,3.94,nan,5,Left,Left,3253,218,241,6,nan,nan,0.03
9/20/2025 13:42:26,1.16.3,PRexp,14,3.94,nan,5,Left,Left,3254,218,241,6,nan,nan,0.28
9/20/2025 13:42:26,1.16.3,PRexp,14,3.94,nan,5,Left,Left,3255,218,241,6,nan,nan,0.00
9/20/2025 13:43:17,1.16.3,PRexp,14,3.95,nan,5,Right,Left,3255,219,241,6,nan,nan,0.03
9/20/2025 14:06:23,1.16.3,PRexp,14,3.94,nan,5,Left,Left,3256,219,241,6,nan,nan,0.71
9/20/2025 14:06:27,1.16.3,PRexp,14,3.94,nan,5,Left,Left,3257,219,241,6,nan,nan,0.03
9/20/2025 14:06:27,1.16.3,PRexp,14,3.94,nan,5,LeftDuringDispense,Left,3258,219,241,7,nan,nan,0.06
9/20/2025 14:06:31,1.16.3,PRexp,14,3.94,nan,5,LeftDuringDispense,Left,3259,219,241,7,nan,nan,0.86
9/20/2025 14:06:35,1.16.3,PRexp,14,3.94,3,5,Pellet,Left,3259,219,242,7,1.28,1486,nan
9/20/2025 14:07:08,1.16.3,PRexp,14,3.94,nan,6,Left,Left,3260,219,242,7,nan,nan,2.21
9/20/2025 14:07:14,1.16.3,PRexp,14,3.94,nan,6,Left,Left,3261,219,242,7,nan,nan,1.06
9/20/2025 14:07:15,1.16.3,PRexp,14,3.94,nan,6,Left,Left,3262,219,242,7,nan,nan,0.00
9/20/2025 14:07:17,1.16.3,PRexp,14,3.94,nan,6,Left,Left,3263,219,242,7,nan,nan,0.13
9/20/2025 14:07:21,1.16.3,PRexp,14,3.94,nan,6,Left,Left,3264,219,242,7,nan,nan,0.45
9/20/2025 14:07:24,1.16.3,PRexp,14,3.94,nan,6,Left,Left,3265,219,242,7,nan,nan,0.00
9/20/2025 14:07:24,1.16.3,PRexp,14,3.94,nan,6,LeftDuringDispense,Left,3266,219,242,8,nan,nan,0.03
9/20/2025 14:07:28,1.16.3,PRexp,14,3.94,3,6,Pellet,Left,3266,219,243,8,0.06,52,nan
9/20/2025 14:07:42,1.16.3,PRexp,14,3.94,nan,7,Left,Left,3267,219,243,8,nan,nan,0.07
9/20/2025 14:07:43,1.16.3,PRexp,14,3.94,nan,7,Left,Left,3268,219,243,8,nan,nan,0.00
9/20/2025 14:07:44,1.16.3,PRexp,14,3.94,nan,7,Left,Left,3269,219,243,8,nan,nan,0.14
9/20/2025 14:07:46,1.16.3,PRexp,14,3.94,nan,7,Left,Left,3270,219,243,8,nan,nan,0.29
9/20/2025 14:07:47,1.16.3,PRexp,14,3.94,nan,7,Left,Left,3271,219,243,8,nan,nan,0.03
9/20/2025 14:07:53,1.16.3,PRexp,14,3.94,nan,7,Left,Left,3272,219,243,8,nan,nan,4.28
9/20/2025 14:07:54,1.16.3,PRexp,14,3.94,nan,7,Left,Left,3273,219,243,8,nan,nan,0.02
9/20/2025 14:07:56,1.16.3,PRexp,14,3.94,1,7,Pellet,Left,3273,219,244,9,0.61,29,nan
9/20/2025 14:08:20,1.16.3,PRexp,14,3.94,nan,9,Left,Left,3274,219,244,9,nan,nan,0.04
9/20/2025 14:08:20,1.16.3,PRexp,14,3.94,nan,9,Left,Left,3275,219,244,9,nan,nan,0.00
9/20/2025 14:08:22,1.16.3,PRexp,14,3.94,nan,9,Left,Left,3276,219,244,9,nan,nan,0.35
9/20/2025 14:08:34,1.16.3,PRexp,14,3.94,nan,9,Left,Left,3277,219,244,9,nan,nan,5.51
9/20/2025 14:08:36,1.16.3,PRexp,14,3.94,nan,9,Left,Left,3278,219,244,9,nan,nan,0.55
9/20/2025 14:08:37,1.16.3,PRexp,14,3.94,nan,9,Left,Left,3279,219,244,9,nan,nan,0.08
9/20/2025 14:08:44,1.16.3,PRexp,14,3.94,nan,9,Left,Left,3280,219,244,9,nan,nan,0.03
9/20/2025 14:08:46,1.16.3,PRexp,14,3.94,nan,9,Left,Left,3281,219,244,9,nan,nan,1.57
9/20/2025 14:08:49,1.16.3,PRexp,14,3.94,nan,9,Left,Left,3282,219,244,9,nan,nan,0.00
9/20/2025 14:08:51,1.16.3,PRexp,14,3.94,1,9,Pellet,Left,3282,219,245,10,0.36,55,nan
9/20/2025 14:09:16,1.16.3,PRexp,14,3.94,nan,10,Left,Left,3283,219,245,10,nan,nan,0.47
9/20/2025 14:09:18,1.16.3,PRexp,14,3.94,nan,10,Left,Left,3284,219,245,10,nan,nan,0.16
9/20/2025 14:09:20,1.16.3,PRexp,14,3.94,nan,10,Left,Left,3285,219,245,10,nan,nan,0.20
9/20/2025 14:09:24,1.16.3,PRexp,14,3.94,nan,10,Left,Left,3286,219,245,10,nan,nan,0.09
9/20/2025 14:09:26,1.16.3,PRexp,14,3.94,nan,10,Left,Left,3287,219,245,10,nan,nan,0.22
9/20/2025 14:09:29,1.16.3,PRexp,14,3.94,nan,10,Left,Left,3288,219,245,10,nan,nan,0.58
9/20/2025 14:09:33,1.16.3,PRexp,14,3.94,nan,10,Left,Left,3289,219,245,10,nan,nan,0.08
9/20/2025 14:09:35,1.16.3,PRexp,14,3.94,nan,10,Left,Left,3290,219,245,10,nan,nan,0.42
9/20/2025 14:09:36,1.16.3,PRexp,14,3.94,nan,10,Left,Left,3291,219,245,10,nan,nan,0.00
9/20/2025 14:09:37,1.16.3,PRexp,14,3.94,nan,10,Left,Left,3292,219,245,10,nan,nan,0.35
9/20/2025 14:09:38,1.16.3,PRexp,14,3.95,1,10,Pellet,Left,3292,219,246,11,0.36,47,nan
9/20/2025 14:20:36,1.16.3,PRexp,14,3.94,nan,12,Left,Left,3293,219,246,11,nan,nan,1.41
9/20/2025 14:20:44,1.16.3,PRexp,14,3.94,nan,12,Left,Left,3294,219,246,11,nan,nan,0.03
9/20/2025 14:20:47,1.16.3,PRexp,14,3.94,nan,12,Left,Left,3295,219,246,11,nan,nan,0.67
9/20/2025 14:20:48,1.16.3,PRexp,14,3.94,nan,12,Left,Left,3296,219,246,11,nan,nan,0.60
9/20/2025 14:20:53,1.16.3,PRexp,14,3.94,nan,12,Left,Left,3297,219,246,11,nan,nan,0.20
9/20/2025 14:20:55,1.16.3,PRexp,14,3.94,nan,12,Left,Left,3298,219,246,11,nan,nan,0.00
9/20/2025 14:20:57,1.16.3,PRexp,14,3.94,nan,12,Left,Left,3299,219,246,11,nan,nan,0.34
9/20/2025 14:21:03,1.16.3,PRexp,14,3.95,nan,12,Left,Left,3300,219,246,11,nan,nan,0.58
9/20/2025 14:21:06,1.16.3,PRexp,14,3.94,nan,12,Left,Left,3301,219,246,11,nan,nan,1.92
9/20/2025 14:21:09,1.16.3,PRexp,14,3.94,nan,12,Left,Left,3302,219,246,11,nan,nan,1.17
9/20/2025 14:21:13,1.16.3,PRexp,14,3.94,nan,12,Left,Left,3303,219,246,11,nan,nan,1.13
9/20/2025 14:21:15,1.16.3,PRexp,14,3.94,nan,12,Left,Left,3304,219,246,11,nan,nan,0.38
9/20/2025 14:21:18,1.16.3,PRexp,14,3.94,2,12,Pellet,Left,3304,219,247,12,0.24,700,nan
9/20/2025 14:21:46,1.16.3,PRexp,14,3.94,nan,13,Left,Left,3305,219,247,12,nan,nan,0.08
9/20/2025 14:48:29,1.16.3,PRexp,14,3.94,nan,13,Left,Left,3306,219,247,12,nan,nan,0.13
9/20/2025 14:48:30,1.16.3,PRexp,14,3.94,nan,13,Left,Left,3307,219,247,12,nan,nan,1.24
9/20/2025 14:48:32,1.16.3,PRexp,14,3.94,nan,13,Left,Left,3308,219,247,12,nan,nan,0.37
9/20/2025 14:48:34,1.16.3,PRexp,14,3.94,nan,13,Left,Left,3309,219,247,12,nan,nan,0.14
9/20/2025 14:48:35,1.16.3,PRexp,14,3.94,nan,13,Left,Left,3310,219,247,12,nan,nan,0.19
9/20/2025 14:48:37,1.16.3,PRexp,14,3.94,nan,13,Left,Left,3311,219,247,12,nan,nan,0.11
9/20/2025 14:48:41,1.16.3,PRexp,14,3.94,nan,13,Left,Left,3312,219,247,12,nan,nan,1.19
9/20/2025 14:48:44,1.16.3,PRexp,14,3.94,nan,13,Left,Left,3313,219,247,12,nan,nan,0.05
9/20/2025 14:48:59,1.16.3,PRexp,14,3.94,nan,13,Left,Left,3314,219,247,12,nan,nan,0.99
9/20/2025 14:49:01,1.16.3,PRexp,14,3.94,nan,13,Left,Left,3315,219,247,12,nan,nan,0.00
9/20/2025 14:49:02,1.16.3,PRexp,14,3.94,nan,13,Left,Left,3316,219,247,12,nan,nan,0.00
9/20/2025 14:49:05,1.16.3,PRexp,14,3.94,nan,13,Left,Left,3317,219,247,12,nan,nan,0.00
9/20/2025 14:49:05,1.16.3,PRexp,14,3.94,nan,13,LeftDuringDispense,Left,3318,219,247,13,nan,nan,0.02
9/20/2025 14:49:09,1.16.3,PRexp,14,3.94,2,13,Pellet,Left,3318,219,248,13,0.61,1671,nan
9/20/2025 14:51:18,1.16.3,PRexp,14,3.94,nan,15,Left,Left,3319,219,248,13,nan,nan,0.96
9/20/2025 14:51:20,1.16.3,PRexp,14,3.94,nan,15,Left,Left,3320,219,248,13,nan,nan,0.67
9/20/2025 14:51:23,1.16.3,PRexp,14,3.94,nan,15,Left,Left,3321,219,248,13,nan,nan,0.02
9/20/2025 14:51:25,1.16.3,PRexp,14,3.94,nan,15,Left,Left,3322,219,248,13,nan,nan,0.13
9/20/2025 14:51:32,1.16.3,PRexp,14,3.94,nan,15,Left,Left,3323,219,248,13,nan,nan,0.18
9/20/2025 14:51:42,1.16.3,PRexp,14,3.94,nan,15,Left,Left,3324,219,248,13,nan,nan,2.31
9/20/2025 15:14:21,1.16.3,PRexp,14,3.94,nan,15,Left,Left,3325,219,248,13,nan,nan,0.06
9/20/2025 15:14:24,1.16.3,PRexp,14,3.94,nan,15,Left,Left,3326,219,248,13,nan,nan,0.04
9/20/2025 15:14:25,1.16.3,PRexp,14,3.94,nan,15,Left,Left,3327,219,248,13,nan,nan,0.17
9/20/2025 15:14:32,1.16.3,PRexp,14,3.94,nan,15,Left,Left,3328,219,248,13,nan,nan,0.03
9/20/2025 15:14:33,1.16.3,PRexp,14,3.94,nan,15,Left,Left,3329,219,248,13,nan,nan,0.08
9/20/2025 15:14:35,1.16.3,PRexp,14,3.94,nan,15,Left,Left,3330,219,248,13,nan,nan,0.04
9/20/2025 15:14:39,1.16.3,PRexp,14,3.94,nan,15,Left,Left,3331,219,248,13,nan,nan,0.66
9/20/2025 15:14:41,1.16.3,PRexp,14,3.94,nan,15,Left,Left,3332,219,248,13,nan,nan,0.09
9/20/2025 15:14:42,1.16.3,PRexp,14,3.94,nan,15,Left,Left,3333,219,248,13,nan,nan,0.13
9/20/2025 15:14:43,1.16.3,PRexp,14,3.94,1,15,Pellet,Left,3333,219,249,14,0.30,1534,nan
9/20/2025 15:15:34,1.16.3,PRexp,14,3.94,nan,17,Left,Left,3334,219,249,14,nan,nan,0.09
9/20/2025 15:15:36,1.16.3,PRexp,14,3.94,nan,17,Left,Left,3335,219,249,14,nan,nan,0.11
9/20/2025 15:15:38,1.16.3,PRexp,14,3.94,nan,17,Left,Left,3336,219,249,14,nan,nan,0.84
9/20/2025 15:15:39,1.16.3,PRexp,14,3.94,nan,17,Left,Left,3337,219,249,14,nan,nan,0.23
9/20/2025 15:15:41,1.16.3,PRexp,14,3.94,nan,17,Left,Left,3338,219,249,14,nan,nan,0.32
9/20/2025 15:15:43,1.16.3,PRexp,14,3.94,nan,17,Left,Left,3339,219,249,14,nan,nan,0.22
9/20/2025 15:15:46,1.16.3,PRexp,14,3.94,nan,17,Left,Left,3340,219,249,14,nan,nan,0.13
9/20/2025 15:15:48,1.16.3,PRexp,14,3.94,nan,17,Left,Left,3341,219,249,14,nan,nan,1.65
9/20/2025 15:15:50,1.16.3,PRexp,14,3.94,nan,17,Left,Left,3342,219,249,14,nan,nan,0.45
9/20/2025 15:15:55,1.16.3,PRexp,14,3.94,nan,17,Left,Left,3343,219,249,14,nan,nan,0.03
9/20/2025 15:15:56,1.16.3,PRexp,14,3.94,nan,17,Left,Left,3344,219,249,14,nan,nan,0.42
9/20/2025 15:15:57,1.16.3,PRexp,14,3.94,nan,17,Left,Left,3345,219,249,14,nan,nan,0.22
9/20/2025 15:15:59,1.16.3,PRexp,14,3.94,nan,17,Left,Left,3346,219,249,14,nan,nan,0.02
9/20/2025 15:16:01,1.16.3,PRexp,14,3.94,nan,17,Left,Left,3347,219,249,14,nan,nan,0.03
9/20/2025 15:16:03,1.16.3,PRexp,14,3.94,nan,17,Left,Left,3348,219,249,14,nan,nan,0.03
9/20/2025 15:16:04,1.16.3,PRexp,14,3.94,nan,17,Left,Left,3349,219,249,14,nan,nan,0.00
9/20/2025 15:16:06,1.16.3,PRexp,14,3.94,nan,17,Left,Left,3350,219,249,14,nan,nan,0.20
9/20/2025 15:16:08,1.16.3,PRexp,14,3.94,1,17,Pellet,Left,3350,219,250,15,0.24,84,nan
9/20/2025 15:16:24,1.16.3,PRexp,14,3.94,nan,20,Left,Left,3351,219,250,15,nan,nan,0.03
9/20/2025 15:16:27,1.16.3,PRexp,14,3.94,nan,20,Left,Left,3352,219,250,15,nan,nan,0.08
9/20/2025 15:16:29,1.16.3,PRexp,14,3.94,nan,20,Left,Left,3353,219,250,15,nan,nan,0.03
9/20/2025 15:16:31,1.16.3,PRexp,14,3.94,nan,20,Left,Left,3354,219,250,15,nan,nan,0.04
9/20/2025 15:16:38,1.16.3,PRexp,14,3.94,nan,20,Left,Left,3355,219,250,15,nan,nan,0.06
9/20/2025 15:16:46,1.16.3,PRexp,14,3.94,nan,20,Left,Left,3356,219,250,15,nan,nan,0.61
9/20/2025 15:16:49,1.16.3,PRexp,14,3.94,nan,20,Left,Left,3357,219,250,15,nan,nan,0.24
9/20/2025 15:16:51,1.16.3,PRexp,14,3.94,nan,20,Left,Left,3358,219,250,15,nan,nan,0.44
9/20/2025 15:16:53,1.16.3,PRexp,14,3.94,nan,20,Left,Left,3359,219,250,15,nan,nan,0.08
9/20/2025 15:16:54,1.16.3,PRexp,14,3.94,nan,20,Left,Left,3360,219,250,15,nan,nan,0.25
9/20/2025 15:16:59,1.16.3,PRexp,14,3.94,nan,20,Left,Left,3361,219,250,15,nan,nan,0.40
9/20/2025 15:17:00,1.16.3,PRexp,14,3.94,nan,20,Left,Left,3362,219,250,15,nan,nan,0.00
9/20/2025 15:17:01,1.16.3,PRexp,14,3.94,nan,20,Left,Left,3363,219,250,15,nan,nan,0.46
9/20/2025 15:17:03,1.16.3,PRexp,14,3.94,nan,20,Left,Left,3364,219,250,15,nan,nan,0.35
9/20/2025 15:17:06,1.16.3,PRexp,14,3.94,nan,20,Left,Left,3365,219,250,15,nan,nan,2.14
9/20/2025 15:17:09,1.16.3,PRexp,14,3.94,nan,20,Left,Left,3366,219,250,15,nan,nan,1.46
9/20/2025 15:17:11,1.16.3,PRexp,14,3.94,nan,20,Left,Left,3367,219,250,15,nan,nan,0.21
9/20/2025 15:17:14,1.16.3,PRexp,14,3.94,nan,20,Left,Left,3368,219,250,15,nan,nan,0.64
9/20/2025 15:17:15,1.16.3,PRexp,14,3.94,nan,20,Left,Left,3369,219,250,15,nan,nan,0.06
9/20/2025 15:35:41,1.16.3,PRexp,14,3.94,nan,20,Left,Left,3370,219,250,15,nan,nan,0.12
9/20/2025 15:35:42,1.16.3,PRexp,14,3.94,nan,20,LeftDuringDispense,Left,3371,219,250,16,nan,nan,0.08
9/20/2025 15:35:46,1.16.3,PRexp,14,3.94,3,20,Pellet,Left,3371,219,251,16,1.47,1179,nan
9/20/2025 15:43:01,1.16.3,PRexp,14,3.94,nan,22,Left,Left,3372,219,251,16,nan,nan,0.00
9/20/2025 15:43:04,1.16.3,PRexp,14,3.94,nan,22,Left,Left,3373,219,251,16,nan,nan,0.01
9/20/2025 15:43:12,1.16.3,PRexp,14,3.94,nan,22,Left,Left,3374,219,251,16,nan,nan,2.79
9/20/2025 15:43:15,1.16.3,PRexp,14,3.94,nan,22,Left,Left,3375,219,251,16,nan,nan,0.11
9/20/2025 15:43:18,1.16.3,PRexp,14,3.94,nan,22,Left,Left,3376,219,251,16,nan,nan,2.61
9/20/2025 15:43:24,1.16.3,PRexp,14,3.94,nan,22,Left,Left,3377,219,251,16,nan,nan,3.76
9/20/2025 15:43:32,1.16.3,PRexp,14,3.94,nan,22,Left,Left,3378,219,251,16,nan,nan,4.64
9/20/2025 15:43:38,1.16.3,PRexp,14,3.94,nan,22,Left,Left,3379,219,251,16,nan,nan,0.13
9/20/2025 15:43:40,1.16.3,PRexp,14,3.94,nan,22,Left,Left,3380,219,251,16,nan,nan,0.87
9/20/2025 15:43:44,1.16.3,PRexp,14,3.94,nan,22,Left,Left,3381,219,251,16,nan,nan,0.81
9/20/2025 15:43:48,1.16.3,PRexp,14,3.94,nan,22,Left,Left,3382,219,251,16,nan,nan,1.15
9/20/2025 15:43:50,1.16.3,PRexp,14,3.94,nan,22,Left,Left,3383,219,251,16,nan,nan,0.00
9/20/2025 15:43:53,1.16.3,PRexp,14,3.94,nan,22,Left,Left,3384,219,251,16,nan,nan,2.31
9/20/2025 15:43:59,1.16.3,PRexp,14,3.94,nan,22,Left,Left,3385,219,251,16,nan,nan,0.24
9/20/2025 15:44:06,1.16.3,PRexp,14,3.94,nan,22,Left,Left,3386,219,251,16,nan,nan,2.31
9/20/2025 15:44:08,1.16.3,PRexp,14,3.94,nan,22,Left,Left,3387,219,251,16,nan,nan,0.00
9/20/2025 15:44:10,1.16.3,PRexp,14,3.94,nan,22,Left,Left,3388,219,251,16,nan,nan,0.08
9/20/2025 15:44:10,1.16.3,PRexp,14,3.94,nan,22,Left,Left,3389,219,251,16,nan,nan,0.00
9/20/2025 15:44:14,1.16.3,PRexp,14,3.94,nan,22,Left,Left,3390,219,251,16,nan,nan,0.59
9/20/2025 15:44:15,1.16.3,PRexp,14,3.94,nan,22,Left,Left,3391,219,251,16,nan,nan,0.02
9/20/2025 15:44:23,1.16.3,PRexp,14,3.94,nan,22,Left,Left,3392,219,251,16,nan,nan,0.17
9/20/2025 15:44:26,1.16.3,PRexp,14,3.94,nan,22,Left,Left,3393,219,251,16,nan,nan,0.89
9/20/2025 15:44:28,1.16.3,PRexp,14,3.94,1,22,Pellet,Left,3393,219,252,17,0.49,521,nan
9/20/2025 15:59:04,1.16.3,PRexp,14,3.94,nan,25,Left,Left,3394,219,252,17,nan,nan,0.87
9/20/2025 15:59:07,1.16.3,PRexp,14,3.94,nan,25,Left,Left,3395,219,252,17,nan,nan,2.20
9/20/2025 15:59:11,1.16.3,PRexp,14,3.94,nan,25,Left,Left,3396,219,252,17,nan,nan,1.86
9/20/2025 15:59:14,1.16.3,PRexp,14,3.94,nan,25,Left,Left,3397,219,252,17,nan,nan,0.00
9/20/2025 15:59:17,1.16.3,PRexp,14,3.94,nan,25,Left,Left,3398,219,252,17,nan,nan,1.20
9/20/2025 15:59:19,1.16.3,PRexp,14,3.94,nan,25,Left,Left,3399,219,252,17,nan,nan,0.08
9/20/2025 15:59:23,1.16.3,PRexp,14,3.94,nan,25,Left,Left,3400,219,252,17,nan,nan,1.22
9/20/2025 15:59:27,1.16.3,PRexp,14,3.94,nan,25,Left,Left,3401,219,252,17,nan,nan,1.64
9/20/2025 15:59:30,1.16.3,PRexp,14,3.94,nan,25,Left,Left,3402,219,252,17,nan,nan,0.83
9/20/2025 15:59:52,1.16.3,PRexp,14,3.94,nan,25,Left,Left,3403,219,252,17,nan,nan,0.42
9/20/2025 15:59:54,1.16.3,PRexp,14,3.94,nan,25,Left,Left,3404,219,252,17,nan,nan,0.10
9/20/2025 15:59:56,1.16.3,PRexp,14,3.94,nan,25,Left,Left,3405,219,252,17,nan,nan,0.33
9/20/2025 15:59:57,1.16.3,PRexp,14,3.94,nan,25,Left,Left,3406,219,252,17,nan,nan,0.52
9/20/2025 16:00:10,1.16.3,PRexp,14,3.94,nan,25,Left,Left,3407,219,252,17,nan,nan,2.01
9/20/2025 16:00:13,1.16.3,PRexp,14,3.94,nan,25,Left,Left,3408,219,252,17,nan,nan,1.98
9/20/2025 16:00:16,1.16.3,PRexp,14,3.94,nan,25,Left,Left,3409,219,252,17,nan,nan,1.90
9/20/2025 16:00:20,1.16.3,PRexp,14,3.94,nan,25,Left,Left,3410,219,252,17,nan,nan,0.42
9/20/2025 16:00:25,1.16.3,PRexp,14,3.94,nan,25,Left,Left,3411,219,252,17,nan,nan,3.51
9/20/2025 16:00:27,1.16.3,PRexp,14,3.94,nan,25,Left,Left,3412,219,252,17,nan,nan,0.02
9/20/2025 16:00:30,1.16.3,PRexp,14,3.94,nan,25,Left,Left,3413,219,252,17,nan,nan,1.24
9/20/2025 16:00:34,1.16.3,PRexp,14,3.94,nan,25,Left,Left,3414,219,252,17,nan,nan,0.19
9/20/2025 16:00:35,1.16.3,PRexp,14,3.94,nan,25,Left,Left,3415,219,252,17,nan,nan,0.39
9/20/2025 16:00:37,1.16.3,PRexp,14,3.94,nan,25,Left,Left,3416,219,252,17,nan,nan,0.17
9/20/2025 16:00:43,1.16.3,PRexp,14,3.94,nan,25,Left,Left,3417,219,252,17,nan,nan,0.10
9/20/2025 16:00:45,1.16.3,PRexp,14,3.94,nan,25,Left,Left,3418,219,252,17,nan,nan,0.56
9/20/2025 16:00:46,1.16.3,PRexp,14,3.94,1,25,Pellet,Left,3418,219,253,18,0.36,979,nan
9/20/2025 16:09:33,1.16.3,PRexp,14,3.94,nan,28,Left,Left,3419,219,253,18,nan,nan,0.14
9/20/2025 16:09:34,1.16.3,PRexp,14,3.94,nan,28,Left,Left,3420,219,253,18,nan,nan,0.06
9/20/2025 16:09:43,1.16.3,PRexp,14,3.94,nan,28,Left,Left,3421,219,253,18,nan,nan,0.54
9/20/2025 16:09:59,1.16.3,PRexp,14,3.94,nan,28,Left,Left,3422,219,253,18,nan,nan,0.20
9/20/2025 16:22:35,1.16.3,PRexp,14,3.94,nan,28,Left,Left,3423,219,253,18,nan,nan,0.88
9/20/2025 16:22:39,1.16.3,PRexp,14,3.94,nan,28,Left,Left,3424,219,253,18,nan,nan,1.13
9/20/2025 16:22:43,1.16.3,PRexp,14,3.94,nan,28,Left,Left,3425,219,253,18,nan,nan,0.67
9/20/2025 16:22:47,1.16.3,PRexp,14,3.94,nan,28,Left,Left,3426,219,253,18,nan,nan,0.03
9/20/2025 16:22:48,1.16.3,PRexp,14,3.94,nan,28,Left,Left,3427,219,253,18,nan,nan,0.02
9/20/2025 16:22:51,1.16.3,PRexp,14,3.94,nan,28,Left,Left,3428,219,253,18,nan,nan,0.08
9/20/2025 16:22:57,1.16.3,PRexp,14,3.94,nan,28,Left,Left,3429,219,253,18,nan,nan,2.12
9/20/2025 16:22:59,1.16.3,PRexp,14,3.94,nan,28,Left,Left,3430,219,253,18,nan,nan,1.10
9/20/2025 16:23:03,1.16.3,PRexp,14,3.94,nan,28,Left,Left,3431,219,253,18,nan,nan,0.43
9/20/2025 16:23:09,1.16.3,PRexp,14,3.94,nan,28,Left,Left,3432,219,253,18,nan,nan,0.21
9/20/2025 16:23:13,1.16.3,PRexp,14,3.94,nan,28,Left,Left,3433,219,253,18,nan,nan,0.27
9/20/2025 16:23:15,1.16.3,PRexp,14,3.94,nan,28,Left,Left,3434,219,253,18,nan,nan,0.39
9/20/2025 16:23:23,1.16.3,PRexp,14,3.94,nan,28,Left,Left,3435,219,253,18,nan,nan,0.04
9/20/2025 16:23:24,1.16.3,PRexp,14,3.94,nan,28,Left,Left,3436,219,253,18,nan,nan,0.77
9/20/2025 16:23:27,1.16.3,PRexp,14,3.94,nan,28,Left,Left,3437,219,253,18,nan,nan,0.26
9/20/2025 16:23:30,1.16.3,PRexp,14,3.94,nan,28,Left,Left,3438,219,253,18,nan,nan,0.34
9/20/2025 16:23:32,1.16.3,PRexp,14,3.94,nan,28,Left,Left,3439,219,253,18,nan,nan,0.55
9/20/2025 16:23:33,1.16.3,PRexp,14,3.94,nan,28,Left,Left,3440,219,253,18,nan,nan,0.37
9/20/2025 16:23:35,1.16.3,PRexp,14,3.94,nan,28,Left,Left,3441,219,253,18,nan,nan,0.02
9/20/2025 16:23:37,1.16.3,PRexp,14,3.94,nan,28,Left,Left,3442,219,253,18,nan,nan,0.01
9/20/2025 16:23:40,1.16.3,PRexp,14,3.94,nan,28,Left,Left,3443,219,253,18,nan,nan,1.03
9/20/2025 16:30:53,1.16.3,PRexp,14,3.94,nan,28,Left,Left,3444,219,253,18,nan,nan,1.69
9/20/2025 16:30:58,1.16.3,PRexp,14,3.94,nan,28,Left,Left,3445,219,253,18,nan,nan,0.27
9/20/2025 16:31:01,1.16.3,PRexp,14,3.94,nan,28,Left,Left,3446,219,253,18,nan,nan,0.25
9/20/2025 16:31:01,1.16.3,PRexp,14,3.94,nan,28,LeftDuringDispense,Left,3447,219,253,19,nan,nan,0.04
9/20/2025 16:31:07,1.16.3,PRexp,14,3.94,3,28,Pellet,Left,3447,219,254,19,0.30,1820,nan
9/20/2025 16:32:31,1.16.3,PRexp,14,3.94,nan,32,Left,Left,3448,219,254,19,nan,nan,0.08
9/20/2025 16:32:33,1.16.3,PRexp,14,3.94,nan,32,Left,Left,3449,219,254,19,nan,nan,0.35
9/20/2025 16:32:34,1.16.3,PRexp,14,3.94,nan,32,Left,Left,3450,219,254,19,nan,nan,0.27
9/20/2025 16:32:35,1.16.3,PRexp,14,3.94,nan,32,Left,Left,3451,219,254,19,nan,nan,0.15
9/20/2025 16:32:36,1.16.3,PRexp,14,3.94,nan,32,Left,Left,3452,219,254,19,nan,nan,0.31
9/20/2025 16:32:39,1.16.3,PRexp,14,3.94,nan,32,Left,Left,3453,219,254,19,nan,nan,0.43
9/20/2025 16:32:42,1.16.3,PRexp,14,3.94,nan,32,Left,Left,3454,219,254,19,nan,nan,0.41
9/20/2025 16:32:43,1.16.3,PRexp,14,3.94,nan,32,Left,Left,3455,219,254,19,nan,nan,0.36
9/20/2025 16:32:44,1.16.3,PRexp,14,3.94,nan,32,Left,Left,3456,219,254,19,nan,nan,0.17
9/20/2025 16:32:46,1.16.3,PRexp,14,3.94,nan,32,Left,Left,3457,219,254,19,nan,nan,0.93
9/20/2025 16:32:49,1.16.3,PRexp,14,3.94,nan,32,Left,Left,3458,219,254,19,nan,nan,0.07
9/20/2025 16:32:51,1.16.3,PRexp,14,3.94,nan,32,Left,Left,3459,219,254,19,nan,nan,0.93
9/20/2025 16:32:54,1.16.3,PRexp,14,3.94,nan,32,Left,Left,3460,219,254,19,nan,nan,0.45
9/20/2025 16:32:56,1.16.3,PRexp,14,3.94,nan,32,Left,Left,3461,219,254,19,nan,nan,0.56
9/20/2025 16:32:58,1.16.3,PRexp,14,3.94,nan,32,Left,Left,3462,219,254,19,nan,nan,0.40
9/20/2025 16:32:59,1.16.3,PRexp,14,3.94,nan,32,Left,Left,3463,219,254,19,nan,nan,0.37
9/20/2025 16:33:01,1.16.3,PRexp,14,3.94,nan,32,Left,Left,3464,219,254,19,nan,nan,0.22
9/20/2025 16:33:02,1.16.3,PRexp,14,3.94,nan,32,Left,Left,3465,219,254,19,nan,nan,0.00
9/20/2025 16:33:03,1.16.3,PRexp,14,3.94,nan,32,Left,Left,3466,219,254,19,nan,nan,0.00
9/20/2025 16:33:05,1.16.3,PRexp,14,3.94,nan,32,Left,Left,3467,219,254,19,nan,nan,0.38
9/20/2025 16:33:06,1.16.3,PRexp,14,3.94,nan,32,Left,Left,3468,219,254,19,nan,nan,0.00
9/20/2025 16:33:07,1.16.3,PRexp,14,3.94,nan,32,Left,Left,3469,219,254,19,nan,nan,0.00
9/20/2025 16:33:08,1.16.3,PRexp,14,3.94,nan,32,Left,Left,3470,219,254,19,nan,nan,0.20
9/20/2025 16:33:09,1.16.3,PRexp,14,3.94,nan,32,Left,Left,3471,219,254,19,nan,nan,0.21
9/20/2025 16:33:12,1.16.3,PRexp,14,3.94,nan,32,Right,Left,3471,220,254,19,nan,nan,0.17
9/20/2025 16:38:13,1.16.3,PRexp,14,3.94,nan,32,Left,Left,3472,220,254,19,nan,nan,0.10
9/20/2025 16:38:14,1.16.3,PRexp,14,3.94,nan,32,Left,Left,3473,220,254,19,nan,nan,0.17
9/20/2025 16:38:16,1.16.3,PRexp,14,3.94,nan,32,Left,Left,3474,220,254,19,nan,nan,0.41
9/20/2025 16:38:18,1.16.3,PRexp,14,3.94,nan,32,Left,Left,3475,220,254,19,nan,nan,0.14
9/20/2025 16:38:54,1.16.3,PRexp,14,3.94,nan,32,Right,Left,3475,221,254,19,nan,nan,0.30
9/20/2025 16:38:57,1.16.3,PRexp,14,3.94,nan,32,Right,Left,3475,222,254,19,nan,nan,0.01
9/20/2025 16:38:59,1.16.3,PRexp,14,3.94,nan,32,Right,Left,3475,223,254,19,nan,nan,0.51
9/20/2025 16:39:00,1.16.3,PRexp,14,3.94,nan,32,Right,Left,3475,224,254,19,nan,nan,0.17
9/20/2025 16:39:01,1.16.3,PRexp,14,3.94,nan,32,Right,Left,3475,225,254,19,nan,nan,0.12
9/20/2025 16:39:03,1.16.3,PRexp,14,3.94,nan,32,Right,Left,3475,226,254,19,nan,nan,0.24
9/20/2025 16:39:05,1.16.3,PRexp,14,3.94,nan,32,Right,Left,3475,227,254,19,nan,nan,0.61
9/20/2025 16:39:07,1.16.3,PRexp,14,3.94,nan,32,Right,Left,3475,228,254,19,nan,nan,0.25
9/20/2025 16:39:09,1.16.3,PRexp,14,3.94,nan,32,Right,Left,3475,229,254,19,nan,nan,0.40
9/20/2025 16:39:20,1.16.3,PRexp,14,3.94,nan,32,Right,Left,3475,230,254,19,nan,nan,0.06
9/20/2025 16:39:21,1.16.3,PRexp,14,3.94,nan,32,Right,Left,3475,231,254,19,nan,nan,0.15
9/20/2025 16:39:22,1.16.3,PRexp,14,3.94,nan,32,Right,Left,3475,232,254,19,nan,nan,0.00
9/20/2025 16:39:23,1.16.3,PRexp,14,3.94,nan,32,Right,Left,3475,233,254,19,nan,nan,0.35
9/20/2025 16:39:35,1.16.3,PRexp,14,3.94,nan,32,Left,Left,3476,233,254,19,nan,nan,0.00
9/20/2025 16:40:22,1.16.3,PRexp,14,3.94,nan,32,Right,Left,3476,234,254,19,nan,nan,0.15
9/20/2025 16:41:50,1.16.3,PRexp,14,3.94,nan,32,Right,Left,3476,235,254,19,nan,nan,0.93
9/20/2025 16:41:52,1.16.3,PRexp,14,3.94,nan,32,Right,Left,3476,236,254,19,nan,nan,0.26
9/20/2025 16:41:53,1.16.3,PRexp,14,3.94,nan,32,Right,Left,3476,237,254,19,nan,nan,0.28
9/20/2025 16:43:42,1.16.3,PRexp,14,3.94,nan,32,Left,Left,3477,237,254,19,nan,nan,0.36
9/20/2025 16:43:49,1.16.3,PRexp,14,3.94,nan,32,Left,Left,3478,237,254,19,nan,nan,0.54
9/20/2025 16:43:59,1.16.3,PRexp,14,3.94,nan,32,Left,Left,3479,237,254,19,nan,nan,0.10
9/20/2025 16:44:00,1.16.3,PRexp,14,3.94,1,32,Pellet,Left,3479,237,255,20,0.36,774,nan
9/20/2025 16:44:38,1.16.3,PRexp,14,3.94,nan,36,Left,Left,3480,237,255,20,nan,nan,0.54
9/20/2025 16:44:40,1.16.3,PRexp,14,3.94,nan,36,Left,Left,3481,237,255,20,nan,nan,0.04
9/20/2025 16:44:41,1.16.3,PRexp,14,3.94,nan,36,Left,Left,3482,237,255,20,nan,nan,0.42
9/20/2025 16:44:43,1.16.3,PRexp,14,3.93,nan,36,Left,Left,3483,237,255,20,nan,nan,0.34
9/20/2025 16:44:44,1.16.3,PRexp,14,3.94,nan,36,Left,Left,3484,237,255,20,nan,nan,0.23
9/20/2025 16:49:16,1.16.3,PRexp,14,3.94,nan,36,Left,Left,3485,237,255,20,nan,nan,0.77
9/20/2025 16:49:24,1.16.3,PRexp,14,3.94,nan,36,Left,Left,3486,237,255,20,nan,nan,0.05
9/20/2025 16:49:25,1.16.3,PRexp,14,3.94,nan,36,Left,Left,3487,237,255,20,nan,nan,0.70
9/20/2025 16:49:35,1.16.3,PRexp,14,3.94,nan,36,Left,Left,3488,237,255,20,nan,nan,0.10
9/20/2025 16:49:40,1.16.3,PRexp,14,3.94,nan,36,Left,Left,3489,237,255,20,nan,nan,0.02
9/20/2025 16:49:46,1.16.3,PRexp,14,3.94,nan,36,Left,Left,3490,237,255,20,nan,nan,0.06
9/20/2025 16:54:12,1.16.3,PRexp,14,3.94,nan,36,Left,Left,3491,237,255,20,nan,nan,0.98
9/20/2025 16:54:13,1.16.3,PRexp,14,3.94,nan,36,Left,Left,3492,237,255,20,nan,nan,0.52
9/20/2025 16:54:16,1.16.3,PRexp,14,3.94,nan,36,Left,Left,3493,237,255,20,nan,nan,0.85
9/20/2025 16:54:20,1.16.3,PRexp,14,3.94,nan,36,Left,Left,3494,237,255,20,nan,nan,1.04
9/20/2025 16:54:23,1.16.3,PRexp,14,3.94,nan,36,Left,Left,3495,237,255,20,nan,nan,1.59
9/20/2025 17:20:00,1.16.3,PRexp,14,3.94,nan,36,Left,Left,3496,237,255,20,nan,nan,0.16
9/20/2025 17:20:03,1.16.3,PRexp,14,3.94,nan,36,Left,Left,3497,237,255,20,nan,nan,0.93
9/20/2025 17:20:07,1.16.3,PRexp,14,3.94,nan,36,Left,Left,3498,237,255,20,nan,nan,1.45
9/20/2025 17:20:09,1.16.3,PRexp,14,3.94,nan,36,Left,Left,3499,237,255,20,nan,nan,0.51
9/20/2025 17:20:11,1.16.3,PRexp,14,3.94,nan,36,Left,Left,3500,237,255,20,nan,nan,0.29
9/20/2025 17:20:13,1.16.3,PRexp,14,3.94,nan,36,Left,Left,3501,237,255,20,nan,nan,0.42
9/20/2025 17:20:14,1.16.3,PRexp,14,3.94,nan,36,Left,Left,3502,237,255,20,nan,nan,0.30
9/20/2025 17:20:18,1.16.3,PRexp,14,3.94,nan,36,Left,Left,3503,237,255,20,nan,nan,1.17
9/20/2025 17:20:19,1.16.3,PRexp,14,3.94,nan,36,Left,Left,3504,237,255,20,nan,nan,0.15
9/20/2025 17:20:25,1.16.3,PRexp,14,3.94,nan,36,Left,Left,3505,237,255,20,nan,nan,1.86
9/20/2025 17:20:27,1.16.3,PRexp,14,3.94,nan,36,Left,Left,3506,237,255,20,nan,nan,0.67
9/20/2025 17:20:33,1.16.3,PRexp,14,3.94,nan,36,Left,Left,3507,237,255,20,nan,nan,0.14
9/20/2025 17:20:44,1.16.3,PRexp,14,3.94,nan,36,Left,Left,3508,237,255,20,nan,nan,3.99
9/20/2025 17:20:46,1.16.3,PRexp,14,3.94,nan,36,Left,Left,3509,237,255,20,nan,nan,0.50
9/20/2025 17:20:51,1.16.3,PRexp,14,3.94,nan,36,Left,Left,3510,237,255,20,nan,nan,3.42
9/20/2025 17:20:53,1.16.3,PRexp,14,3.94,nan,36,Left,Left,3511,237,255,20,nan,nan,0.00
9/20/2025 17:20:56,1.16.3,PRexp,14,3.94,nan,36,Left,Left,3512,237,255,20,nan,nan,0.06
9/20/2025 17:21:00,1.16.3,PRexp,14,3.94,nan,36,Left,Left,3513,237,255,20,nan,nan,0.00
9/20/2025 17:21:08,1.16.3,PRexp,14,3.94,nan,36,Left,Left,3514,237,255,20,nan,nan,0.04
9/20/2025 17:21:08,1.16.3,PRexp,14,3.94,nan,36,Left,Left,3515,237,255,20,nan,nan,0.01
9/20/2025 17:21:09,1.16.3,PRexp,14,3.94,nan,36,LeftDuringDispense,Left,3516,237,255,21,nan,nan,0.08
9/20/2025 17:21:12,1.16.3,PRexp,14,3.94,2,36,Pellet,Left,3516,237,256,21,0.18,2232,nan
9/20/2025 17:22:10,1.16.3,PRexp,14,3.94,nan,40,Left,Left,3517,237,256,21,nan,nan,0.08
9/20/2025 17:22:11,1.16.3,PRexp,14,3.94,nan,40,Left,Left,3518,237,256,21,nan,nan,0.07
9/20/2025 17:22:12,1.16.3,PRexp,14,3.94,nan,40,Left,Left,3519,237,256,21,nan,nan,0.14
9/20/2025 17:22:13,1.16.3,PRexp,14,3.94,nan,40,Left,Left,3520,237,256,21,nan,nan,0.00
9/20/2025 17:22:17,1.16.3,PRexp,14,3.94,nan,40,Left,Left,3521,237,256,21,nan,nan,1.64
9/20/2025 17:22:20,1.16.3,PRexp,14,3.94,nan,40,Left,Left,3522,237,256,21,nan,nan,0.00
9/20/2025 17:22:22,1.16.3,PRexp,14,3.94,nan,40,Left,Left,3523,237,256,21,nan,nan,0.00
9/20/2025 17:22:23,1.16.3,PRexp,14,3.94,nan,40,Left,Left,3524,237,256,21,nan,nan,0.27
9/20/2025 17:22:27,1.16.3,PRexp,14,3.94,nan,40,Left,Left,3525,237,256,21,nan,nan,0.39
9/20/2025 17:22:28,1.16.3,PRexp,14,3.94,nan,40,Left,Left,3526,237,256,21,nan,nan,0.09
9/20/2025 17:22:31,1.16.3,PRexp,14,3.94,nan,40,Left,Left,3527,237,256,21,nan,nan,0.88
9/20/2025 17:22:32,1.16.3,PRexp,14,3.94,nan,40,Left,Left,3528,237,256,21,nan,nan,0.00
9/20/2025 17:22:36,1.16.3,PRexp,14,3.94,nan,40,Left,Left,3529,237,256,21,nan,nan,2.17
9/20/2025 17:22:37,1.16.3,PRexp,14,3.94,nan,40,Left,Left,3530,237,256,21,nan,nan,0.23
9/20/2025 17:22:39,1.16.3,PRexp,14,3.94,nan,40,Left,Left,3531,237,256,21,nan,nan,0.00
9/20/2025 17:22:42,1.16.3,PRexp,14,3.94,nan,40,Left,Left,3532,237,256,21,nan,nan,0.00
9/20/2025 17:22:47,1.16.3,PRexp,14,3.94,nan,40,Left,Left,3533,237,256,21,nan,nan,2.77
9/20/2025 17:22:48,1.16.3,PRexp,14,3.94,nan,40,Left,Left,3534,237,256,21,nan,nan,0.21
9/20/2025 17:22:52,1.16.3,PRexp,14,3.94,nan,40,Left,Left,3535,237,256,21,nan,nan,0.02
9/20/2025 17:22:54,1.16.3,PRexp,14,3.94,nan,40,Left,Left,3536,237,256,21,nan,nan,0.44
9/20/2025 17:22:56,1.16.3,PRexp,14,3.94,nan,40,Left,Left,3537,237,256,21,nan,nan,0.20
9/20/2025 17:22:57,1.16.3,PRexp,14,3.94,nan,40,Left,Left,3538,237,256,21,nan,nan,0.40
9/20/2025 17:22:58,1.16.3,PRexp,14,3.94,nan,40,Left,Left,3539,237,256,21,nan,nan,0.00
9/20/2025 17:22:59,1.16.3,PRexp,14,3.94,nan,40,Left,Left,3540,237,256,21,nan,nan,0.00
9/20/2025 17:23:04,1.16.3,PRexp,14,3.94,nan,40,Left,Left,3541,237,256,21,nan,nan,0.38
9/20/2025 17:23:09,1.16.3,PRexp,14,3.94,nan,40,Left,Left,3542,237,256,21,nan,nan,0.45
9/20/2025 17:23:10,1.16.3,PRexp,14,3.94,nan,40,Left,Left,3543,237,256,21,nan,nan,0.00
9/20/2025 17:23:12,1.16.3,PRexp,14,3.94,nan,40,Left,Left,3544,237,256,21,nan,nan,0.17
9/20/2025 17:23:13,1.16.3,PRexp,14,3.94,nan,40,Left,Left,3545,237,256,21,nan,nan,0.29
9/20/2025 17:23:14,1.16.3,PRexp,14,3.94,nan,40,Left,Left,3546,237,256,21,nan,nan,0.23
9/20/2025 17:23:17,1.16.3,PRexp,14,3.94,nan,40,Left,Left,3547,237,256,21,nan,nan,0.23
9/20/2025 17:23:19,1.16.3,PRexp,14,3.94,nan,40,Left,Left,3548,237,256,21,nan,nan,0.00
9/20/2025 17:23:20,1.16.3,PRexp,14,3.94,nan,40,Left,Left,3549,237,256,21,nan,nan,0.32
9/20/2025 17:32:50,1.16.3,PRexp,14,3.94,nan,40,Left,Left,3550,237,256,21,nan,nan,0.31
9/20/2025 17:32:54,1.16.3,PRexp,14,3.94,nan,40,Left,Left,3551,237,256,21,nan,nan,0.00
9/20/2025 17:32:56,1.16.3,PRexp,14,3.94,nan,40,Left,Left,3552,237,256,21,nan,nan,1.05
9/20/2025 17:32:58,1.16.3,PRexp,14,3.94,nan,40,Left,Left,3553,237,256,21,nan,nan,0.87
9/20/2025 17:32:59,1.16.3,PRexp,14,3.94,nan,40,Left,Left,3554,237,256,21,nan,nan,0.45
9/20/2025 17:33:02,1.16.3,PRexp,14,3.94,nan,40,Left,Left,3555,237,256,21,nan,nan,1.29
9/20/2025 17:33:05,1.16.3,PRexp,14,3.94,nan,40,Left,Left,3556,237,256,21,nan,nan,0.76
9/20/2025 17:33:05,1.16.3,PRexp,14,3.94,nan,40,LeftDuringDispense,Left,3557,237,256,22,nan,nan,0.07
9/20/2025 17:33:09,1.16.3,PRexp,14,3.94,2,40,Pellet,Left,3557,237,257,22,0.67,717,nan
9/20/2025 17:39:56,1.16.3,PRexp,14,3.94,nan,45,Left,Left,3558,237,257,22,nan,nan,0.12
9/20/2025 17:39:59,1.16.3,PRexp,14,3.94,nan,45,Left,Left,3559,237,257,22,nan,nan,0.16
9/20/2025 17:40:03,1.16.3,PRexp,14,3.94,nan,45,Left,Left,3560,237,257,22,nan,nan,0.26
9/20/2025 17:40:17,1.16.3,PRexp,14,3.94,nan,45,Left,Left,3561,237,257,22,nan,nan,0.75
9/20/2025 17:40:21,1.16.3,PRexp,14,3.94,nan,45,Left,Left,3562,237,257,22,nan,nan,0.00
9/20/2025 17:40:22,1.16.3,PRexp,14,3.94,nan,45,Left,Left,3563,237,257,22,nan,nan,0.00
9/20/2025 17:40:24,1.16.3,PRexp,14,3.94,nan,45,Left,Left,3564,237,257,22,nan,nan,1.06
9/20/2025 17:40:26,1.16.3,PRexp,14,3.94,nan,45,Left,Left,3565,237,257,22,nan,nan,0.37
9/20/2025 17:40:31,1.16.3,PRexp,14,3.94,nan,45,Left,Left,3566,237,257,22,nan,nan,0.95
9/20/2025 17:40:32,1.16.3,PRexp,14,3.94,nan,45,Left,Left,3567,237,257,22,nan,nan,0.20
9/20/2025 17:40:37,1.16.3,PRexp,14,3.94,nan,45,Left,Left,3568,237,257,22,nan,nan,2.62
9/20/2025 17:40:41,1.16.3,PRexp,14,3.94,nan,45,Left,Left,3569,237,257,22,nan,nan,1.54
9/20/2025 17:40:45,1.16.3,PRexp,14,3.94,nan,45,Left,Left,3570,237,257,22,nan,nan,0.04
9/20/2025 17:40:51,1.16.3,PRexp,14,3.94,nan,45,Left,Left,3571,237,257,22,nan,nan,3.90
9/20/2025 17:40:54,1.16.3,PRexp,14,3.94,nan,45,Left,Left,3572,237,257,22,nan,nan,1.83
9/20/2025 17:40:59,1.16.3,PRexp,14,3.94,nan,45,Left,Left,3573,237,257,22,nan,nan,0.30
9/20/2025 17:41:01,1.16.3,PRexp,14,3.94,nan,45,Left,Left,3574,237,257,22,nan,nan,1.01
9/20/2025 17:41:05,1.16.3,PRexp,14,3.94,nan,45,Left,Left,3575,237,257,22,nan,nan,0.09
9/20/2025 17:41:07,1.16.3,PRexp,14,3.94,nan,45,Left,Left,3576,237,257,22,nan,nan,0.83
9/20/2025 17:41:08,1.16.3,PRexp,14,3.94,nan,45,Left,Left,3577,237,257,22,nan,nan,0.76
9/20/2025 17:41:11,1.16.3,PRexp,14,3.94,nan,45,Left,Left,3578,237,257,22,nan,nan,0.37
9/20/2025 17:53:33,1.16.3,PRexp,14,3.94,nan,45,Left,Left,3579,237,257,22,nan,nan,0.01
9/20/2025 17:53:36,1.16.3,PRexp,14,3.94,nan,45,Left,Left,3580,237,257,22,nan,nan,0.09
9/20/2025 17:53:37,1.16.3,PRexp,14,3.94,nan,45,Left,Left,3581,237,257,22,nan,nan,0.00
9/20/2025 17:53:39,1.16.3,PRexp,14,3.94,nan,45,Left,Left,3582,237,257,22,nan,nan,0.10
9/20/2025 17:53:41,1.16.3,PRexp,14,3.94,nan,45,Left,Left,3583,237,257,22,nan,nan,0.89
9/20/2025 17:53:45,1.16.3,PRexp,14,3.94,nan,45,Left,Left,3584,237,257,22,nan,nan,0.16
9/20/2025 17:53:46,1.16.3,PRexp,14,3.94,nan,45,Left,Left,3585,237,257,22,nan,nan,0.00
9/20/2025 17:53:47,1.16.3,PRexp,14,3.93,nan,45,Left,Left,3586,237,257,22,nan,nan,0.02
9/20/2025 17:53:48,1.16.3,PRexp,14,3.94,nan,45,Left,Left,3587,237,257,22,nan,nan,0.03
9/20/2025 17:53:50,1.16.3,PRexp,14,3.94,nan,45,Left,Left,3588,237,257,22,nan,nan,0.00
9/20/2025 17:53:52,1.16.3,PRexp,14,3.94,nan,45,Left,Left,3589,237,257,22,nan,nan,0.52
9/20/2025 17:53:57,1.16.3,PRexp,14,3.94,nan,45,Left,Left,3590,237,257,22,nan,nan,0.07
9/20/2025 17:53:58,1.16.3,PRexp,14,3.94,nan,45,Left,Left,3591,237,257,22,nan,nan,0.04
9/20/2025 17:54:01,1.16.3,PRexp,14,3.94,nan,45,Left,Left,3592,237,257,22,nan,nan,0.60
9/20/2025 17:54:04,1.16.3,PRexp,14,3.94,nan,45,Left,Left,3593,237,257,22,nan,nan,0.79
9/20/2025 17:54:06,1.16.3,PRexp,14,3.94,nan,45,Left,Left,3594,237,257,22,nan,nan,0.09
9/20/2025 17:54:09,1.16.3,PRexp,14,3.94,nan,45,Left,Left,3595,237,257,22,nan,nan,1.12
9/20/2025 17:54:10,1.16.3,PRexp,14,3.94,nan,45,Left,Left,3596,237,257,22,nan,nan,0.00
9/20/2025 17:54:11,1.16.3,PRexp,14,3.93,nan,45,Left,Left,3597,237,257,22,nan,nan,0.37
9/20/2025 17:54:12,1.16.3,PRexp,14,3.94,nan,45,Left,Left,3598,237,257,22,nan,nan,0.04
9/20/2025 17:54:13,1.16.3,PRexp,14,3.94,nan,45,Left,Left,3599,237,257,22,nan,nan,0.04
9/20/2025 17:54:16,1.16.3,PRexp,14,3.94,nan,45,Left,Left,3600,237,257,22,nan,nan,0.99
9/20/2025 17:54:18,1.16.3,PRexp,14,3.94,nan,45,Left,Left,3601,237,257,22,nan,nan,0.34
9/20/2025 17:55:09,1.16.3,PRexp,14,3.94,nan,45,Right,Left,3601,238,257,22,nan,nan,0.06
9/20/2025 17:55:10,1.16.3,PRexp,14,3.94,nan,45,Right,Left,3601,239,257,22,nan,nan,0.08
9/20/2025 17:55:30,1.16.3,PRexp,14,3.94,nan,45,Right,Left,3601,240,257,22,nan,nan,0.04
9/20/2025 17:55:34,1.16.3,PRexp,14,3.94,nan,45,Left,Left,3602,240,257,22,nan,nan,0.59
9/20/2025 17:55:35,1.16.3,PRexp,14,3.94,1,45,Pellet,Left,3602,240,258,23,0.49,1346,nan
9/20/2025 17:56:21,1.16.3,PRexp,14,3.94,nan,50,Left,Left,3603,240,258,23,nan,nan,5.08
9/20/2025 17:56:43,1.16.3,PRexp,14,3.94,nan,50,Left,Left,3604,240,258,23,nan,nan,0.04
9/20/2025 18:00:45,1.16.3,PRexp,14,3.94,nan,50,Left,Left,3605,240,258,23,nan,nan,0.18
9/20/2025 18:00:47,1.16.3,PRexp,14,3.94,nan,50,Left,Left,3606,240,258,23,nan,nan,0.59
9/20/2025 18:00:50,1.16.3,PRexp,14,3.94,nan,50,Left,Left,3607,240,258,23,nan,nan,1.00
9/20/2025 18:00:54,1.16.3,PRexp,14,3.94,nan,50,Left,Left,3608,240,258,23,nan,nan,0.01
9/20/2025 18:00:57,1.16.3,PRexp,14,3.93,nan,50,Left,Left,3609,240,258,23,nan,nan,0.38
9/20/2025 18:01:01,1.16.3,PRexp,14,3.93,nan,50,Left,Left,3610,240,258,23,nan,nan,0.65
9/20/2025 18:01:02,1.16.3,PRexp,14,3.94,nan,50,Left,Left,3611,240,258,23,nan,nan,0.47
9/20/2025 18:01:04,1.16.3,PRexp,14,3.94,nan,50,Left,Left,3612,240,258,23,nan,nan,0.02
9/20/2025 18:01:05,1.16.3,PRexp,14,3.93,nan,50,Left,Left,3613,240,258,23,nan,nan,0.00
9/20/2025 18:01:08,1.16.3,PRexp,14,3.94,nan,50,Left,Left,3614,240,258,23,nan,nan,0.96
9/20/2025 18:01:10,1.16.3,PRexp,14,3.94,nan,50,Left,Left,3615,240,258,23,nan,nan,0.00
9/20/2025 18:01:11,1.16.3,PRexp,14,3.94,nan,50,Left,Left,3616,240,258,23,nan,nan,0.27
9/20/2025 18:01:13,1.16.3,PRexp,14,3.93,nan,50,Left,Left,3617,240,258,23,nan,nan,0.00
9/20/2025 18:01:14,1.16.3,PRexp,14,3.94,nan,50,Left,Left,3618,240,258,23,nan,nan,0.00
9/20/2025 18:01:15,1.16.3,PRexp,14,3.94,nan,50,Left,Left,3619,240,258,23,nan,nan,0.00
9/20/2025 18:01:22,1.16.3,PRexp,14,3.94,nan,50,Left,Left,3620,240,258,23,nan,nan,0.00
9/20/2025 18:02:21,1.16.3,PRexp,14,3.94,nan,50,Left,Left,3621,240,258,23,nan,nan,0.05
9/20/2025 18:03:19,1.16.3,PRexp,14,3.94,nan,50,Right,Left,3621,241,258,23,nan,nan,0.09
9/20/2025 18:03:50,1.16.3,PRexp,14,3.94,nan,50,Left,Left,3622,241,258,23,nan,nan,0.03
9/20/2025 18:03:55,1.16.3,PRexp,14,3.94,nan,50,Left,Left,3623,241,258,23,nan,nan,0.52
9/20/2025 18:03:56,1.16.3,PRexp,14,3.94,nan,50,Left,Left,3624,241,258,23,nan,nan,0.06
9/20/2025 18:03:58,1.16.3,PRexp,14,3.94,nan,50,Left,Left,3625,241,258,23,nan,nan,0.51
9/20/2025 18:04:01,1.16.3,PRexp,14,3.94,nan,50,Left,Left,3626,241,258,23,nan,nan,0.13
9/20/2025 18:04:02,1.16.3,PRexp,14,3.94,nan,50,Left,Left,3627,241,258,23,nan,nan,0.45
9/20/2025 18:04:09,1.16.3,PRexp,14,3.94,nan,50,Left,Left,3628,241,258,23,nan,nan,0.00
9/20/2025 18:04:28,1.16.3,PRexp,14,3.94,nan,50,Left,Left,3629,241,258,23,nan,nan,0.34
9/20/2025 18:04:30,1.16.3,PRexp,14,3.94,nan,50,Left,Left,3630,241,258,23,nan,nan,0.52
9/20/2025 18:04:42,1.16.3,PRexp,14,3.93,nan,50,Left,Left,3631,241,258,23,nan,nan,0.36
9/20/2025 18:07:54,1.16.3,PRexp,14,3.94,nan,50,Right,Left,3631,242,258,23,nan,nan,0.26
9/20/2025 18:08:01,1.16.3,PRexp,14,3.94,nan,50,Right,Left,3631,243,258,23,nan,nan,0.00
9/20/2025 18:08:03,1.16.3,PRexp,14,3.94,nan,50,Left,Left,3632,243,258,23,nan,nan,0.01
9/20/2025 18:08:06,1.16.3,PRexp,14,3.94,nan,50,Left,Left,3633,243,258,23,nan,nan,0.50
9/20/2025 18:08:08,1.16.3,PRexp,14,3.94,nan,50,Left,Left,3634,243,258,23,nan,nan,0.15
9/20/2025 18:11:20,1.16.3,PRexp,14,3.93,nan,50,Left,Left,3635,243,258,23,nan,nan,0.01
9/20/2025 18:12:16,1.16.3,PRexp,14,3.94,nan,50,Left,Left,3636,243,258,23,nan,nan,0.40
9/20/2025 18:12:17,1.16.3,PRexp,14,3.94,nan,50,Left,Left,3637,243,258,23,nan,nan,0.21
9/20/2025 18:12:38,1.16.3,PRexp,14,3.94,nan,50,Left,Left,3638,243,258,23,nan,nan,0.18
9/20/2025 18:12:39,1.16.3,PRexp,14,3.94,nan,50,Left,Left,3639,243,258,23,nan,nan,0.12
9/20/2025 18:12:41,1.16.3,PRexp,14,3.94,nan,50,Left,Left,3640,243,258,23,nan,nan,0.30
9/20/2025 18:12:42,1.16.3,PRexp,14,3.94,nan,50,Left,Left,3641,243,258,23,nan,nan,0.22
9/20/2025 18:12:43,1.16.3,PRexp,14,3.94,nan,50,Left,Left,3642,243,258,23,nan,nan,0.00
9/20/2025 18:12:45,1.16.3,PRexp,14,3.94,nan,50,Left,Left,3643,243,258,23,nan,nan,0.06
9/20/2025 18:12:46,1.16.3,PRexp,14,3.94,nan,50,Left,Left,3644,243,258,23,nan,nan,0.00
9/20/2025 18:12:48,1.16.3,PRexp,14,3.94,nan,50,Left,Left,3645,243,258,23,nan,nan,1.05
9/20/2025 18:12:49,1.16.3,PRexp,14,3.94,nan,50,Left,Left,3646,243,258,23,nan,nan,0.36
9/20/2025 18:15:28,1.16.3,PRexp,14,3.94,nan,50,Left,Left,3647,243,258,23,nan,nan,0.13
9/20/2025 18:18:41,1.16.3,PRexp,14,3.94,nan,50,Left,Left,3648,243,258,23,nan,nan,0.12
9/20/2025 18:18:43,1.16.3,PRexp,14,3.94,nan,50,Left,Left,3649,243,258,23,nan,nan,0.77
9/20/2025 18:18:44,1.16.3,PRexp,14,3.94,nan,50,Left,Left,3650,243,258,23,nan,nan,0.01
9/20/2025 18:18:46,1.16.3,PRexp,14,3.94,nan,50,Left,Left,3651,243,258,23,nan,nan,1.10
9/20/2025 18:18:48,1.16.3,PRexp,14,3.94,nan,50,Left,Left,3652,243,258,23,nan,nan,1.05
9/20/2025 18:18:49,1.16.3,PRexp,14,3.94,1,50,Pellet,Left,3652,243,259,24,0.18,1394,nan
9/20/2025 18:19:40,1.16.3,PRexp,14,3.94,nan,56,Left,Left,3653,243,259,24,nan,nan,0.13
9/20/2025 18:19:41,1.16.3,PRexp,14,3.94,nan,56,Left,Left,3654,243,259,24,nan,nan,0.11
9/20/2025 18:19:45,1.16.3,PRexp,14,3.94,nan,56,Left,Left,3655,243,259,24,nan,nan,0.15
9/20/2025 18:19:47,1.16.3,PRexp,14,3.94,nan,56,Left,Left,3656,243,259,24,nan,nan,0.49
9/20/2025 18:19:49,1.16.3,PRexp,14,3.93,nan,56,Left,Left,3657,243,259,24,nan,nan,1.74
9/20/2025 18:19:52,1.16.3,PRexp,14,3.94,nan,56,Left,Left,3658,243,259,24,nan,nan,0.47
9/20/2025 18:21:50,1.16.3,PRexp,14,3.94,nan,56,Left,Left,3659,243,259,24,nan,nan,0.77
9/20/2025 18:21:53,1.16.3,PRexp,14,3.94,nan,56,Left,Left,3660,243,259,24,nan,nan,0.40
9/20/2025 18:21:55,1.16.3,PRexp,14,3.93,nan,56,Left,Left,3661,243,259,24,nan,nan,0.24
9/20/2025 18:22:01,1.16.3,PRexp,14,3.94,nan,56,Left,Left,3662,243,259,24,nan,nan,0.00
9/20/2025 18:22:41,1.16.3,PRexp,14,3.94,nan,56,Right,Left,3662,244,259,24,nan,nan,0.34
9/20/2025 18:22:45,1.16.3,PRexp,14,3.94,nan,56,Left,Left,3663,244,259,24,nan,nan,0.12
9/20/2025 18:22:49,1.16.3,PRexp,14,3.93,nan,56,Left,Left,3664,244,259,24,nan,nan,0.01
9/20/2025 18:22:51,1.16.3,PRexp,14,3.94,nan,56,Left,Left,3665,244,259,24,nan,nan,0.06
9/20/2025 18:23:00,1.16.3,PRexp,14,3.94,nan,56,Left,Left,3666,244,259,24,nan,nan,0.13
9/20/2025 18:23:03,1.16.3,PRexp,14,3.94,nan,56,Left,Left,3667,244,259,24,nan,nan,0.75
9/20/2025 18:23:04,1.16.3,PRexp,14,3.94,nan,56,Left,Left,3668,244,259,24,nan,nan,0.42
9/20/2025 18:26:09,1.16.3,PRexp,14,3.94,nan,56,Left,Left,3669,244,259,24,nan,nan,0.19
9/20/2025 18:28:45,1.16.3,PRexp,14,3.94,nan,56,Left,Left,3670,244,259,24,nan,nan,0.12
9/20/2025 18:30:03,1.16.3,PRexp,14,3.94,nan,56,Left,Left,3671,244,259,24,nan,nan,1.07
9/20/2025 18:30:56,1.16.3,PRexp,14,3.93,nan,56,Left,Left,3672,244,259,24,nan,nan,0.09
9/20/2025 18:30:57,1.16.3,PRexp,14,3.94,nan,56,Left,Left,3673,244,259,24,nan,nan,0.23
9/20/2025 18:30:58,1.16.3,PRexp,14,3.94,nan,56,Left,Left,3674,244,259,24,nan,nan,0.00
9/20/2025 18:31:02,1.16.3,PRexp,14,3.93,nan,56,Left,Left,3675,244,259,24,nan,nan,1.00
9/20/2025 18:31:40,1.16.3,PRexp,14,3.94,nan,56,Left,Left,3676,244,259,24,nan,nan,0.09
9/20/2025 18:31:43,1.16.3,PRexp,14,3.94,nan,56,Left,Left,3677,244,259,24,nan,nan,1.13
9/20/2025 18:31:47,1.16.3,PRexp,14,3.94,nan,56,Left,Left,3678,244,259,24,nan,nan,0.25
9/20/2025 18:31:50,1.16.3,PRexp,14,3.93,nan,56,Left,Left,3679,244,259,24,nan,nan,0.36
9/20/2025 18:31:51,1.16.3,PRexp,14,3.94,nan,56,Left,Left,3680,244,259,24,nan,nan,0.16
9/20/2025 18:31:54,1.16.3,PRexp,14,3.94,nan,56,Left,Left,3681,244,259,24,nan,nan,0.15
9/20/2025 18:31:59,1.16.3,PRexp,14,3.94,nan,56,Left,Left,3682,244,259,24,nan,nan,0.20
9/20/2025 18:32:37,1.16.3,PRexp,14,3.94,nan,56,Left,Left,3683,244,259,24,nan,nan,0.15
9/20/2025 18:32:39,1.16.3,PRexp,14,3.94,nan,56,Left,Left,3684,244,259,24,nan,nan,1.05
9/20/2025 18:32:56,1.16.3,PRexp,14,3.94,nan,56,Left,Left,3685,244,259,24,nan,nan,0.16
9/20/2025 18:32:58,1.16.3,PRexp,14,3.94,nan,56,Left,Left,3686,244,259,24,nan,nan,1.27
9/20/2025 18:35:08,1.16.3,PRexp,14,3.94,nan,56,Left,Left,3687,244,259,24,nan,nan,0.11
9/20/2025 18:39:20,1.16.3,PRexp,14,3.93,nan,56,Left,Left,3688,244,259,24,nan,nan,6.92
9/20/2025 18:39:27,1.16.3,PRexp,14,3.93,nan,56,Left,Left,3689,244,259,24,nan,nan,1.89
9/20/2025 18:39:40,1.16.3,PRexp,14,3.94,nan,56,Left,Left,3690,244,259,24,nan,nan,1.47
9/20/2025 18:56:46,1.16.3,PRexp,14,3.94,nan,56,Left,Left,3691,244,259,24,nan,nan,0.01
9/20/2025 18:56:49,1.16.3,PRexp,14,3.94,nan,56,Left,Left,3692,244,259,24,nan,nan,1.80
9/20/2025 18:56:51,1.16.3,PRexp,14,3.94,nan,56,Left,Left,3693,244,259,24,nan,nan,0.28
9/20/2025 18:56:55,1.16.3,PRexp,14,3.94,nan,56,Left,Left,3694,244,259,24,nan,nan,1.27
9/20/2025 18:57:01,1.16.3,PRexp,14,3.94,nan,56,Left,Left,3695,244,259,24,nan,nan,1.91
9/20/2025 18:57:07,1.16.3,PRexp,14,3.93,nan,56,Left,Left,3696,244,259,24,nan,nan,0.14
9/20/2025 18:57:09,1.16.3,PRexp,14,3.94,nan,56,Left,Left,3697,244,259,24,nan,nan,0.95
9/20/2025 18:57:12,1.16.3,PRexp,14,3.94,nan,56,Left,Left,3698,244,259,24,nan,nan,0.02
9/20/2025 18:57:17,1.16.3,PRexp,14,3.94,nan,56,Left,Left,3699,244,259,24,nan,nan,0.25
9/20/2025 18:57:17,1.16.3,PRexp,14,3.93,nan,56,Left,Left,3700,244,259,24,nan,nan,0.15
9/20/2025 18:57:22,1.16.3,PRexp,14,3.93,nan,56,Left,Left,3701,244,259,24,nan,nan,0.25
9/20/2025 18:57:24,1.16.3,PRexp,14,3.93,nan,56,Left,Left,3702,244,259,24,nan,nan,0.71
9/20/2025 18:57:28,1.16.3,PRexp,14,3.94,nan,56,Left,Left,3703,244,259,24,nan,nan,0.18
9/20/2025 18:57:45,1.16.3,PRexp,14,3.94,nan,56,Left,Left,3704,244,259,24,nan,nan,1.37
9/20/2025 18:57:48,1.16.3,PRexp,14,3.93,nan,56,Left,Left,3705,244,259,24,nan,nan,0.20
9/20/2025 18:57:51,1.16.3,PRexp,14,3.94,nan,56,Left,Left,3706,244,259,24,nan,nan,2.62
9/20/2025 18:57:54,1.16.3,PRexp,14,3.94,nan,56,Left,Left,3707,244,259,24,nan,nan,0.01
9/20/2025 18:57:58,1.16.3,PRexp,14,3.94,nan,56,Left,Left,3708,244,259,24,nan,nan,0.07
9/20/2025 18:57:58,1.16.3,PRexp,14,3.94,nan,56,LeftDuringDispense,Left,3709,244,259,25,nan,nan,0.09
9/20/2025 18:58:02,1.16.3,PRexp,14,3.94,2,56,Pellet,Left,3709,244,260,25,0.49,2353,nan
9/20/2025 18:58:48,1.16.3,PRexp,14,3.93,nan,62,Left,Left,3710,244,260,25,nan,nan,0.03
9/20/2025 18:58:56,1.16.3,PRexp,14,3.93,nan,62,Left,Left,3711,244,260,25,nan,nan,1.28
9/20/2025 18:58:58,1.16.3,PRexp,14,3.93,nan,62,Left,Left,3712,244,260,25,nan,nan,0.64
9/20/2025 18:59:00,1.16.3,PRexp,14,3.94,nan,62,Left,Left,3713,244,260,25,nan,nan,0.79
9/20/2025 18:59:06,1.16.3,PRexp,14,3.94,nan,62,Left,Left,3714,244,260,25,nan,nan,0.32
9/20/2025 18:59:09,1.16.3,PRexp,14,3.94,nan,62,Left,Left,3715,244,260,25,nan,nan,0.34
9/20/2025 18:59:12,1.16.3,PRexp,14,3.94,nan,62,Left,Left,3716,244,260,25,nan,nan,0.25
9/20/2025 18:59:14,1.16.3,PRexp,14,3.94,nan,62,Left,Left,3717,244,260,25,nan,nan,0.54
9/20/2025 18:59:17,1.16.3,PRexp,14,3.94,nan,62,Left,Left,3718,244,260,25,nan,nan,0.71
9/20/2025 18:59:18,1.16.3,PRexp,14,3.94,nan,62,Left,Left,3719,244,260,25,nan,nan,0.00
9/20/2025 18:59:19,1.16.3,PRexp,14,3.94,nan,62,Left,Left,3720,244,260,25,nan,nan,0.00
9/20/2025 18:59:20,1.16.3,PRexp,14,3.93,nan,62,Left,Left,3721,244,260,25,nan,nan,0.25
9/20/2025 19:05:54,1.16.3,PRexp,14,3.93,nan,62,Left,Left,3722,244,260,25,nan,nan,1.17
9/20/2025 19:05:56,1.16.3,PRexp,14,3.94,nan,62,Left,Left,3723,244,260,25,nan,nan,0.65
9/20/2025 19:06:02,1.16.3,PRexp,14,3.94,nan,62,Left,Left,3724,244,260,25,nan,nan,0.03
9/20/2025 19:06:04,1.16.3,PRexp,14,3.94,nan,62,Left,Left,3725,244,260,25,nan,nan,0.59
9/20/2025 19:06:10,1.16.3,PRexp,14,3.93,nan,62,Left,Left,3726,244,260,25,nan,nan,1.47
9/20/2025 19:06:12,1.16.3,PRexp,14,3.94,nan,62,Left,Left,3727,244,260,25,nan,nan,0.43
9/20/2025 19:06:18,1.16.3,PRexp,14,3.93,nan,62,Left,Left,3728,244,260,25,nan,nan,0.68
9/20/2025 19:06:19,1.16.3,PRexp,14,3.94,nan,62,Left,Left,3729,244,260,25,nan,nan,0.95
9/20/2025 19:06:20,1.16.3,PRexp,14,3.93,nan,62,Left,Left,3730,244,260,25,nan,nan,0.04
9/20/2025 19:06:22,1.16.3,PRexp,14,3.94,nan,62,Left,Left,3731,244,260,25,nan,nan,0.38
9/20/2025 19:06:55,1.16.3,PRexp,14,3.94,nan,62,Right,Left,3731,245,260,25,nan,nan,0.04
9/20/2025 19:07:54,1.16.3,PRexp,14,3.94,nan,62,Left,Left,3732,245,260,25,nan,nan,0.60
9/20/2025 19:07:56,1.16.3,PRexp,14,3.93,nan,62,Left,Left,3733,245,260,25,nan,nan,0.90
9/20/2025 19:08:00,1.16.3,PRexp,14,3.94,nan,62,Left,Left,3734,245,260,25,nan,nan,0.87
9/20/2025 19:08:02,1.16.3,PRexp,14,3.94,nan,62,Left,Left,3735,245,260,25,nan,nan,0.81
9/20/2025 19:08:05,1.16.3,PRexp,14,3.93,nan,62,Left,Left,3736,245,260,25,nan,nan,0.14
9/20/2025 19:08:06,1.16.3,PRexp,14,3.93,nan,62,Left,Left,3737,245,260,25,nan,nan,0.00
9/20/2025 19:08:07,1.16.3,PRexp,14,3.93,nan,62,Left,Left,3738,245,260,25,nan,nan,0.28
9/20/2025 19:08:09,1.16.3,PRexp,14,3.94,nan,62,Left,Left,3739,245,260,25,nan,nan,0.98
9/20/2025 19:10:12,1.16.3,PRexp,14,3.94,nan,62,Right,Left,3739,246,260,25,nan,nan,0.14
9/20/2025 19:10:22,1.16.3,PRexp,14,3.94,nan,62,Right,Left,3739,247,260,25,nan,nan,0.10
9/20/2025 19:11:02,1.16.3,PRexp,14,3.94,nan,62,Left,Left,3740,247,260,25,nan,nan,0.01
9/20/2025 19:15:57,1.16.3,PRexp,14,3.94,nan,62,Left,Left,3741,247,260,25,nan,nan,0.62
9/20/2025 19:15:59,1.16.3,PRexp,14,3.94,nan,62,Left,Left,3742,247,260,25,nan,nan,0.86
9/20/2025 19:16:00,1.16.3,PRexp,14,3.93,nan,62,Left,Left,3743,247,260,25,nan,nan,0.00
9/20/2025 19:16:02,1.16.3,PRexp,14,3.94,nan,62,Left,Left,3744,247,260,25,nan,nan,0.75
9/20/2025 19:16:05,1.16.3,PRexp,14,3.94,nan,62,Left,Left,3745,247,260,25,nan,nan,0.30
9/20/2025 19:16:11,1.16.3,PRexp,14,3.94,nan,62,Left,Left,3746,247,260,25,nan,nan,0.55
9/20/2025 19:16:14,1.16.3,PRexp,14,3.94,nan,62,Left,Left,3747,247,260,25,nan,nan,0.17
9/20/2025 19:18:42,1.16.3,PRexp,14,3.94,nan,62,Right,Left,3747,248,260,25,nan,nan,0.06
9/20/2025 19:18:44,1.16.3,PRexp,14,3.94,nan,62,Left,Left,3748,248,260,25,nan,nan,0.21
9/20/2025 19:18:46,1.16.3,PRexp,14,3.94,nan,62,Left,Left,3749,248,260,25,nan,nan,0.04
9/20/2025 19:18:47,1.16.3,PRexp,14,3.94,nan,62,Left,Left,3750,248,260,25,nan,nan,0.23
9/20/2025 19:21:27,1.16.3,PRexp,14,3.94,nan,62,Right,Left,3750,249,260,25,nan,nan,0.05
9/20/2025 19:24:41,1.16.3,PRexp,14,3.94,nan,62,Left,Left,3751,249,260,25,nan,nan,0.28
9/20/2025 19:24:44,1.16.3,PRexp,14,3.94,nan,62,Left,Left,3752,249,260,25,nan,nan,0.44
9/20/2025 19:24:45,1.16.3,PRexp,14,3.94,nan,62,Left,Left,3753,249,260,25,nan,nan,0.16
9/20/2025 19:25:21,1.16.3,PRexp,14,3.93,nan,62,Right,Left,3753,250,260,25,nan,nan,0.16
9/20/2025 19:25:56,1.16.3,PRexp,14,3.93,nan,62,Left,Left,3754,250,260,25,nan,nan,0.62
9/20/2025 19:26:01,1.16.3,PRexp,14,3.93,nan,62,Left,Left,3755,250,260,25,nan,nan,0.37
9/20/2025 19:29:11,1.16.3,PRexp,14,3.93,nan,62,Right,Left,3755,251,260,25,nan,nan,0.19
9/20/2025 19:29:17,1.16.3,PRexp,14,3.94,nan,62,Left,Left,3756,251,260,25,nan,nan,0.03
9/20/2025 19:29:59,1.16.3,PRexp,14,3.94,nan,62,Left,Left,3757,251,260,25,nan,nan,0.00
9/20/2025 19:30:06,1.16.3,PRexp,14,3.94,nan,62,Left,Left,3758,251,260,25,nan,nan,0.08
9/20/2025 19:30:08,1.16.3,PRexp,14,3.93,nan,62,Left,Left,3759,251,260,25,nan,nan,0.80
9/20/2025 19:30:10,1.16.3,PRexp,14,3.94,nan,62,Left,Left,3760,251,260,25,nan,nan,0.47
9/20/2025 19:30:12,1.16.3,PRexp,14,3.94,nan,62,Left,Left,3761,251,260,25,nan,nan,0.16
9/20/2025 19:30:16,1.16.3,PRexp,14,3.93,nan,62,Left,Left,3762,251,260,25,nan,nan,0.79
9/20/2025 19:30:20,1.16.3,PRexp,14,3.94,nan,62,Left,Left,3763,251,260,25,nan,nan,0.37
9/20/2025 19:30:22,1.16.3,PRexp,14,3.94,nan,62,Left,Left,3764,251,260,25,nan,nan,0.46
9/20/2025 19:30:24,1.16.3,PRexp,14,3.94,nan,62,Left,Left,3765,251,260,25,nan,nan,0.78
9/20/2025 19:30:26,1.16.3,PRexp,14,3.94,nan,62,Left,Left,3766,251,260,25,nan,nan,0.55
9/20/2025 19:30:31,1.16.3,PRexp,14,3.93,nan,62,Left,Left,3767,251,260,25,nan,nan,0.08
9/20/2025 19:31:08,1.16.3,PRexp,14,3.94,nan,62,Right,Left,3767,252,260,25,nan,nan,0.05
9/20/2025 19:31:17,1.16.3,PRexp,14,3.93,nan,62,Right,Left,3767,253,260,25,nan,nan,0.10
9/20/2025 19:31:18,1.16.3,PRexp,14,3.94,nan,62,Left,Left,3768,253,260,25,nan,nan,0.08
9/20/2025 19:31:19,1.16.3,PRexp,14,3.93,nan,62,Left,Left,3769,253,260,25,nan,nan,0.11
9/20/2025 19:31:21,1.16.3,PRexp,14,3.93,nan,62,Left,Left,3770,253,260,25,nan,nan,0.15
9/20/2025 19:36:22,1.16.3,PRexp,14,3.94,nan,62,Left,Left,3771,253,260,25,nan,nan,0.23
9/20/2025 19:36:22,1.16.3,PRexp,14,3.93,nan,62,LeftDuringDispense,Left,3772,253,260,26,nan,nan,0.02
9/20/2025 19:36:26,1.16.3,PRexp,14,3.93,3,62,Pellet,Left,3772,253,261,26,0.24,2303,nan
9/20/2025 19:37:47,1.16.3,PRexp,14,3.94,nan,69,Left,Left,3773,253,261,26,nan,nan,0.08
9/20/2025 19:37:48,1.16.3,PRexp,14,3.94,nan,69,Left,Left,3774,253,261,26,nan,nan,0.17
9/20/2025 19:37:49,1.16.3,PRexp,14,3.94,nan,69,Left,Left,3775,253,261,26,nan,nan,0.26
9/20/2025 19:37:50,1.16.3,PRexp,14,3.93,nan,69,Left,Left,3776,253,261,26,nan,nan,0.05
9/20/2025 19:37:53,1.16.3,PRexp,14,3.94,nan,69,Left,Left,3777,253,261,26,nan,nan,0.54
9/20/2025 19:37:54,1.16.3,PRexp,14,3.94,nan,69,Left,Left,3778,253,261,26,nan,nan,0.00
9/20/2025 19:37:56,1.16.3,PRexp,14,3.93,nan,69,Left,Left,3779,253,261,26,nan,nan,0.45
9/20/2025 19:38:01,1.16.3,PRexp,14,3.94,nan,69,Left,Left,3780,253,261,26,nan,nan,0.06
9/20/2025 19:38:03,1.16.3,PRexp,14,3.93,nan,69,Left,Left,3781,253,261,26,nan,nan,0.03
9/20/2025 19:39:24,1.16.3,PRexp,14,3.94,nan,69,Right,Left,3781,254,261,26,nan,nan,0.25
9/20/2025 19:39:28,1.16.3,PRexp,14,3.93,nan,69,Right,Left,3781,255,261,26,nan,nan,0.31
9/20/2025 19:42:31,1.16.3,PRexp,14,3.93,nan,69,Left,Left,3782,255,261,26,nan,nan,0.97
9/20/2025 19:42:33,1.16.3,PRexp,14,3.94,nan,69,Left,Left,3783,255,261,26,nan,nan,0.52
9/20/2025 19:45:24,1.16.3,PRexp,14,3.94,nan,69,Left,Left,3784,255,261,26,nan,nan,1.21
9/20/2025 19:45:25,1.16.3,PRexp,14,3.94,nan,69,Left,Left,3785,255,261,26,nan,nan,0.20
9/20/2025 19:45:26,1.16.3,PRexp,14,3.93,nan,69,Left,Left,3786,255,261,26,nan,nan,0.00
9/20/2025 19:45:28,1.16.3,PRexp,14,3.93,nan,69,Left,Left,3787,255,261,26,nan,nan,0.41
9/20/2025 19:45:30,1.16.3,PRexp,14,3.93,nan,69,Left,Left,3788,255,261,26,nan,nan,0.14
9/20/2025 19:45:32,1.16.3,PRexp,14,3.93,nan,69,Left,Left,3789,255,261,26,nan,nan,0.31
9/20/2025 19:56:02,1.16.3,PRexp,14,3.94,nan,69,Left,Left,3790,255,261,26,nan,nan,0.26
9/20/2025 19:56:04,1.16.3,PRexp,14,3.93,nan,69,Left,Left,3791,255,261,26,nan,nan,0.00
9/20/2025 19:56:09,1.16.3,PRexp,14,3.94,nan,69,Left,Left,3792,255,261,26,nan,nan,0.61
9/20/2025 19:56:16,1.16.3,PRexp,14,3.94,nan,69,Left,Left,3793,255,261,26,nan,nan,4.80
9/20/2025 19:56:16,1.16.3,PRexp,14,3.93,nan,69,Left,Left,3794,255,261,26,nan,nan,0.00
9/20/2025 19:56:23,1.16.3,PRexp,14,3.93,nan,69,Left,Left,3795,255,261,26,nan,nan,0.09
9/20/2025 19:56:23,1.16.3,PRexp,14,3.93,nan,69,Left,Left,3796,255,261,26,nan,nan,0.15
9/20/2025 19:56:25,1.16.3,PRexp,14,3.93,nan,69,Left,Left,3797,255,261,26,nan,nan,0.04
9/20/2025 19:56:32,1.16.3,PRexp,14,3.93,nan,69,Left,Left,3798,255,261,26,nan,nan,2.36
9/20/2025 19:56:33,1.16.3,PRexp,14,3.94,nan,69,Left,Left,3799,255,261,26,nan,nan,0.41
9/20/2025 19:56:41,1.16.3,PRexp,14,3.94,nan,69,Left,Left,3800,255,261,26,nan,nan,0.13
9/20/2025 19:56:42,1.16.3,PRexp,14,3.93,nan,69,Left,Left,3801,255,261,26,nan,nan,0.62
9/20/2025 19:58:00,1.16.3,PRexp,14,3.93,nan,69,Left,Left,3802,255,261,26,nan,nan,0.06
9/20/2025 19:58:01,1.16.3,PRexp,14,3.93,nan,69,Left,Left,3803,255,261,26,nan,nan,0.11
9/20/2025 19:59:55,1.16.3,PRexp,14,3.93,nan,69,Left,Left,3804,255,261,26,nan,nan,0.10
9/20/2025 19:59:59,1.16.3,PRexp,14,3.93,nan,69,Left,Left,3805,255,261,26,nan,nan,0.87
9/20/2025 20:02:18,1.16.3,PRexp,14,3.93,nan,69,Left,Left,3806,255,261,26,nan,nan,0.61
9/20/2025 20:02:23,1.16.3,PRexp,14,3.94,nan,69,Left,Left,3807,255,261,26,nan,nan,0.12
9/20/2025 20:02:26,1.16.3,PRexp,14,3.93,nan,69,Left,Left,3808,255,261,26,nan,nan,0.69
9/20/2025 20:03:27,1.16.3,PRexp,14,3.93,nan,69,Left,Left,3809,255,261,26,nan,nan,0.09
9/20/2025 20:03:28,1.16.3,PRexp,14,3.93,nan,69,Left,Left,3810,255,261,26,nan,nan,0.09
9/20/2025 20:03:30,1.16.3,PRexp,14,3.93,nan,69,Left,Left,3811,255,261,26,nan,nan,0.39
9/20/2025 20:03:32,1.16.3,PRexp,14,3.94,nan,69,Left,Left,3812,255,261,26,nan,nan,0.14
9/20/2025 20:05:53,1.16.3,PRexp,14,3.93,nan,69,Right,Left,3812,256,261,26,nan,nan,0.12
9/20/2025 20:05:57,1.16.3,PRexp,14,3.93,nan,69,Left,Left,3813,256,261,26,nan,nan,0.34
9/20/2025 20:05:57,1.16.3,PRexp,14,3.93,nan,69,Left,Left,3814,256,261,26,nan,nan,0.16
9/20/2025 20:06:01,1.16.3,PRexp,14,3.94,nan,69,Left,Left,3815,256,261,26,nan,nan,0.57
9/20/2025 20:06:03,1.16.3,PRexp,14,3.94,nan,69,Left,Left,3816,256,261,26,nan,nan,0.21
9/20/2025 20:06:04,1.16.3,PRexp,14,3.94,nan,69,Left,Left,3817,256,261,26,nan,nan,0.00
9/20/2025 20:06:07,1.16.3,PRexp,14,3.93,nan,69,Left,Left,3818,256,261,26,nan,nan,0.11
9/20/2025 20:11:27,1.16.3,PRexp,14,3.93,nan,69,Left,Left,3819,256,261,26,nan,nan,0.80
9/20/2025 20:11:30,1.16.3,PRexp,14,3.94,nan,69,Left,Left,3820,256,261,26,nan,nan,1.08
9/20/2025 20:11:32,1.16.3,PRexp,14,3.93,nan,69,Left,Left,3821,256,261,26,nan,nan,0.66
9/20/2025 20:11:34,1.16.3,PRexp,14,3.93,nan,69,Left,Left,3822,256,261,26,nan,nan,0.62
9/20/2025 20:11:38,1.16.3,PRexp,14,3.93,nan,69,Left,Left,3823,256,261,26,nan,nan,0.53
9/20/2025 20:11:39,1.16.3,PRexp,14,3.93,nan,69,Left,Left,3824,256,261,26,nan,nan,0.00
9/20/2025 20:11:41,1.16.3,PRexp,14,3.93,nan,69,Left,Left,3825,256,261,26,nan,nan,0.44
9/20/2025 20:11:43,1.16.3,PRexp,14,3.93,nan,69,Left,Left,3826,256,261,26,nan,nan,0.47
9/20/2025 20:11:45,1.16.3,PRexp,14,3.93,nan,69,Left,Left,3827,256,261,26,nan,nan,0.57
9/20/2025 20:11:47,1.16.3,PRexp,14,3.93,nan,69,Left,Left,3828,256,261,26,nan,nan,0.60
9/20/2025 20:11:49,1.16.3,PRexp,14,3.93,nan,69,Left,Left,3829,256,261,26,nan,nan,0.82
9/20/2025 20:11:50,1.16.3,PRexp,14,3.94,nan,69,Left,Left,3830,256,261,26,nan,nan,0.00
9/20/2025 20:11:52,1.16.3,PRexp,14,3.93,nan,69,Left,Left,3831,256,261,26,nan,nan,0.17
9/20/2025 20:13:19,1.16.3,PRexp,14,3.93,nan,69,Left,Left,3832,256,261,26,nan,nan,0.46
9/20/2025 20:13:20,1.16.3,PRexp,14,3.93,nan,69,Left,Left,3833,256,261,26,nan,nan,0.03
9/20/2025 20:13:22,1.16.3,PRexp,14,3.93,nan,69,Left,Left,3834,256,261,26,nan,nan,0.00
9/20/2025 20:15:46,1.16.3,PRexp,14,3.93,nan,69,Left,Left,3835,256,261,26,nan,nan,0.08
9/20/2025 20:15:47,1.16.3,PRexp,14,3.94,nan,69,Left,Left,3836,256,261,26,nan,nan,0.01
9/20/2025 20:15:49,1.16.3,PRexp,14,3.93,nan,69,Left,Left,3837,256,261,26,nan,nan,0.11
9/20/2025 20:15:50,1.16.3,PRexp,14,3.93,nan,69,Left,Left,3838,256,261,26,nan,nan,0.11
9/20/2025 20:15:53,1.16.3,PRexp,14,3.93,nan,69,Left,Left,3839,256,261,26,nan,nan,0.40
9/20/2025 20:15:59,1.16.3,PRexp,14,3.93,nan,69,Left,Left,3840,256,261,26,nan,nan,0.10
9/20/2025 20:17:43,1.16.3,PRexp,14,3.93,nan,69,Left,Left,3841,256,261,26,nan,nan,0.03
9/20/2025 20:17:44,1.16.3,PRexp,14,3.93,2,69,Pellet,Left,3841,256,262,27,0.24,2479,nan
9/20/2025 20:23:29,1.16.3,PRexp,14,3.94,nan,77,Left,Left,3842,256,262,27,nan,nan,0.04
9/20/2025 20:23:36,1.16.3,PRexp,14,3.94,nan,77,Left,Left,3843,256,262,27,nan,nan,0.89
9/20/2025 20:23:43,1.16.3,PRexp,14,3.93,nan,77,Left,Left,3844,256,262,27,nan,nan,0.09
9/20/2025 20:23:51,1.16.3,PRexp,14,3.94,nan,77,Left,Left,3845,256,262,27,nan,nan,0.07
9/20/2025 20:23:54,1.16.3,PRexp,14,3.93,nan,77,Left,Left,3846,256,262,27,nan,nan,0.78
9/20/2025 20:23:56,1.16.3,PRexp,14,3.93,nan,77,Left,Left,3847,256,262,27,nan,nan,1.40
9/20/2025 20:24:00,1.16.3,PRexp,14,3.93,nan,77,Left,Left,3848,256,262,27,nan,nan,2.32
9/20/2025 20:34:09,1.16.3,PRexp,14,3.93,nan,77,Left,Left,3849,256,262,27,nan,nan,0.49
9/20/2025 20:34:14,1.16.3,PRexp,14,3.94,nan,77,Left,Left,3850,256,262,27,nan,nan,3.39
9/20/2025 20:34:22,1.16.3,PRexp,14,3.93,nan,77,Left,Left,3851,256,262,27,nan,nan,2.03
9/20/2025 20:34:26,1.16.3,PRexp,14,3.93,nan,77,Left,Left,3852,256,262,27,nan,nan,1.13
9/20/2025 20:34:28,1.16.3,PRexp,14,3.93,nan,77,Left,Left,3853,256,262,27,nan,nan,0.02
9/20/2025 20:34:29,1.16.3,PRexp,14,3.93,nan,77,Left,Left,3854,256,262,27,nan,nan,0.49
9/20/2025 20:34:33,1.16.3,PRexp,14,3.93,nan,77,Left,Left,3855,256,262,27,nan,nan,0.04
9/20/2025 20:34:43,1.16.3,PRexp,14,3.93,nan,77,Left,Left,3856,256,262,27,nan,nan,4.21
9/20/2025 20:34:51,1.16.3,PRexp,14,3.93,nan,77,Left,Left,3857,256,262,27,nan,nan,2.67
9/20/2025 20:34:54,1.16.3,PRexp,14,3.93,nan,77,Left,Left,3858,256,262,27,nan,nan,0.69
9/20/2025 20:35:01,1.16.3,PRexp,14,3.93,nan,77,Left,Left,3859,256,262,27,nan,nan,0.55
9/20/2025 20:41:02,1.16.3,PRexp,14,3.93,nan,77,Left,Left,3860,256,262,27,nan,nan,0.02
9/20/2025 20:41:03,1.16.3,PRexp,14,3.93,nan,77,Left,Left,3861,256,262,27,nan,nan,0.05
9/20/2025 20:41:06,1.16.3,PRexp,14,3.94,nan,77,Left,Left,3862,256,262,27,nan,nan,0.66
9/20/2025 20:41:10,1.16.3,PRexp,14,3.93,nan,77,Left,Left,3863,256,262,27,nan,nan,0.07
9/20/2025 20:41:20,1.16.3,PRexp,14,3.93,nan,77,Left,Left,3864,256,262,27,nan,nan,0.02
9/20/2025 20:57:24,1.16.3,PRexp,14,3.93,nan,77,Left,Left,3865,256,262,27,nan,nan,1.06
9/20/2025 20:57:39,1.16.3,PRexp,14,3.93,nan,77,Left,Left,3866,256,262,27,nan,nan,2.53
9/20/2025 20:59:31,1.16.3,PRexp,14,3.94,nan,77,Left,Left,3867,256,262,27,nan,nan,0.44
9/20/2025 21:03:19,1.16.3,PRexp,14,3.93,nan,77,Left,Left,3868,256,262,27,nan,nan,2.34
9/20/2025 21:03:29,1.16.3,PRexp,14,3.93,nan,77,Left,Left,3869,256,262,27,nan,nan,1.39
9/20/2025 21:03:33,1.16.3,PRexp,14,3.93,nan,77,Left,Left,3870,256,262,27,nan,nan,0.23
9/20/2025 21:03:35,1.16.3,PRexp,14,3.93,nan,77,Left,Left,3871,256,262,27,nan,nan,0.32
9/20/2025 21:03:40,1.16.3,PRexp,14,3.93,nan,77,Left,Left,3872,256,262,27,nan,nan,1.51
9/20/2025 21:03:42,1.16.3,PRexp,14,3.93,nan,77,Left,Left,3873,256,262,27,nan,nan,0.46
9/20/2025 21:03:44,1.16.3,PRexp,14,3.93,nan,77,Left,Left,3874,256,262,27,nan,nan,0.10
9/20/2025 21:03:49,1.16.3,PRexp,14,3.93,nan,77,Left,Left,3875,256,262,27,nan,nan,1.20
9/20/2025 21:03:49,1.16.3,PRexp,14,3.93,nan,77,Left,Left,3876,256,262,27,nan,nan,0.16
9/20/2025 21:03:51,1.16.3,PRexp,14,3.94,nan,77,Left,Left,3877,256,262,27,nan,nan,0.37
9/20/2025 21:03:58,1.16.3,PRexp,14,3.92,nan,77,Left,Left,3878,256,262,27,nan,nan,0.71
9/20/2025 21:04:06,1.16.3,PRexp,14,3.93,nan,77,Left,Left,3879,256,262,27,nan,nan,0.10
9/20/2025 21:04:06,1.16.3,PRexp,14,3.93,nan,77,Left,Left,3880,256,262,27,nan,nan,0.00
9/20/2025 21:04:07,1.16.3,PRexp,14,3.93,nan,77,Left,Left,3881,256,262,27,nan,nan,0.00
9/20/2025 21:04:10,1.16.3,PRexp,14,3.93,nan,77,Left,Left,3882,256,262,27,nan,nan,0.04
9/20/2025 21:04:28,1.16.3,PRexp,14,3.93,nan,77,Left,Left,3883,256,262,27,nan,nan,0.11
9/20/2025 21:04:36,1.16.3,PRexp,14,3.93,nan,77,Left,Left,3884,256,262,27,nan,nan,0.02
9/20/2025 21:04:38,1.16.3,PRexp,14,3.93,nan,77,Left,Left,3885,256,262,27,nan,nan,0.47
9/20/2025 21:04:45,1.16.3,PRexp,14,3.93,nan,77,Left,Left,3886,256,262,27,nan,nan,2.81
9/20/2025 21:06:54,1.16.3,PRexp,14,3.93,nan,77,Left,Left,3887,256,262,27,nan,nan,0.48
9/20/2025 21:08:24,1.16.3,PRexp,14,3.93,nan,77,Left,Left,3888,256,262,27,nan,nan,0.17
9/20/2025 21:08:28,1.16.3,PRexp,14,3.93,nan,77,Left,Left,3889,256,262,27,nan,nan,0.67
9/20/2025 21:09:19,1.16.3,PRexp,14,3.93,nan,77,Right,Left,3889,257,262,27,nan,nan,0.14
9/20/2025 21:09:20,1.16.3,PRexp,14,3.93,nan,77,Right,Left,3889,258,262,27,nan,nan,0.26
9/20/2025 21:09:22,1.16.3,PRexp,14,3.93,nan,77,Right,Left,3889,259,262,27,nan,nan,0.36
9/20/2025 21:09:24,1.16.3,PRexp,14,3.93,nan,77,Right,Left,3889,260,262,27,nan,nan,0.00
9/20/2025 21:09:29,1.16.3,PRexp,14,3.93,nan,77,Left,Left,3890,260,262,27,nan,nan,0.40
9/20/2025 21:09:32,1.16.3,PRexp,14,3.93,nan,77,Left,Left,3891,260,262,27,nan,nan,0.10
9/20/2025 21:09:34,1.16.3,PRexp,14,3.93,nan,77,Left,Left,3892,260,262,27,nan,nan,0.00
9/20/2025 21:09:37,1.16.3,PRexp,14,3.93,nan,77,Left,Left,3893,260,262,27,nan,nan,0.93
9/20/2025 21:12:31,1.16.3,PRexp,14,3.93,nan,77,Right,Left,3893,261,262,27,nan,nan,0.13
9/20/2025 21:12:35,1.16.3,PRexp,14,3.93,nan,77,Right,Left,3893,262,262,27,nan,nan,0.12
9/20/2025 21:16:10,1.16.3,PRexp,14,3.93,nan,77,Left,Left,3894,262,262,27,nan,nan,0.03
9/20/2025 21:16:13,1.16.3,PRexp,14,3.93,nan,77,Left,Left,3895,262,262,27,nan,nan,0.14
9/20/2025 21:16:15,1.16.3,PRexp,14,3.93,nan,77,Left,Left,3896,262,262,27,nan,nan,0.28
9/20/2025 21:16:18,1.16.3,PRexp,14,3.93,nan,77,Left,Left,3897,262,262,27,nan,nan,0.35
9/20/2025 21:16:19,1.16.3,PRexp,14,3.93,nan,77,Left,Left,3898,262,262,27,nan,nan,0.03
9/20/2025 21:18:52,1.16.3,PRexp,14,3.93,nan,77,Right,Left,3898,263,262,27,nan,nan,0.09
9/20/2025 21:18:54,1.16.3,PRexp,14,3.93,nan,77,Right,Left,3898,264,262,27,nan,nan,0.07
9/20/2025 21:22:50,1.16.3,PRexp,14,3.93,nan,77,Left,Left,3899,264,262,27,nan,nan,0.33
9/20/2025 21:23:24,1.16.3,PRexp,14,3.93,nan,77,Left,Left,3900,264,262,27,nan,nan,0.02
9/20/2025 21:23:49,1.16.3,PRexp,14,3.93,nan,77,Right,Left,3900,265,262,27,nan,nan,0.12
9/20/2025 21:23:53,1.16.3,PRexp,14,3.93,nan,77,Left,Left,3901,265,262,27,nan,nan,0.04
9/20/2025 21:23:54,1.16.3,PRexp,14,3.93,nan,77,Left,Left,3902,265,262,27,nan,nan,0.11
9/20/2025 21:23:56,1.16.3,PRexp,14,3.93,nan,77,Left,Left,3903,265,262,27,nan,nan,0.51
9/20/2025 21:23:57,1.16.3,PRexp,14,3.93,nan,77,Left,Left,3904,265,262,27,nan,nan,0.26
9/20/2025 21:23:59,1.16.3,PRexp,14,3.93,nan,77,Left,Left,3905,265,262,27,nan,nan,0.01
9/20/2025 21:24:00,1.16.3,PRexp,14,3.93,nan,77,Left,Left,3906,265,262,27,nan,nan,0.00
9/20/2025 21:25:35,1.16.3,PRexp,14,3.93,nan,77,Left,Left,3907,265,262,27,nan,nan,0.08
9/20/2025 21:25:48,1.16.3,PRexp,14,3.93,nan,77,Left,Left,3908,265,262,27,nan,nan,0.00
9/20/2025 21:25:51,1.16.3,PRexp,14,3.93,nan,77,Left,Left,3909,265,262,27,nan,nan,0.17
9/20/2025 21:25:51,1.16.3,PRexp,14,3.93,nan,77,Left,Left,3910,265,262,27,nan,nan,0.00
9/20/2025 21:30:23,1.16.3,PRexp,14,3.93,nan,77,Right,Left,3910,266,262,27,nan,nan,0.00
9/20/2025 21:30:24,1.16.3,PRexp,14,3.94,nan,77,Right,Left,3910,267,262,27,nan,nan,0.03
9/20/2025 21:30:42,1.16.3,PRexp,14,3.93,nan,77,Left,Left,3911,267,262,27,nan,nan,0.03
9/20/2025 21:30:43,1.16.3,PRexp,14,3.93,nan,77,Left,Left,3912,267,262,27,nan,nan,0.00
9/20/2025 21:30:44,1.16.3,PRexp,14,3.93,nan,77,Left,Left,3913,267,262,27,nan,nan,0.35
9/20/2025 21:30:46,1.16.3,PRexp,14,3.94,nan,77,Left,Left,3914,267,262,27,nan,nan,0.20
9/20/2025 21:32:42,1.16.3,PRexp,14,3.93,nan,77,Left,Left,3915,267,262,27,nan,nan,0.72
9/20/2025 21:39:48,1.16.3,PRexp,14,3.93,nan,77,Left,Left,3916,267,262,27,nan,nan,0.15
9/20/2025 21:39:50,1.16.3,PRexp,14,3.93,nan,77,Left,Left,3917,267,262,27,nan,nan,0.14
9/20/2025 21:39:51,1.16.3,PRexp,14,3.93,nan,77,Left,Left,3918,267,262,27,nan,nan,0.00
9/20/2025 21:39:52,1.16.3,PRexp,14,3.93,2,77,Pellet,Left,3918,267,263,28,0.36,4928,nan
9/20/2025 21:40:46,1.16.3,PRexp,14,3.93,nan,86,Left,Left,3919,267,263,28,nan,nan,0.41
9/20/2025 21:41:09,1.16.3,PRexp,14,3.93,nan,86,Left,Left,3920,267,263,28,nan,nan,0.22
9/20/2025 21:41:13,1.16.3,PRexp,14,3.93,nan,86,Left,Left,3921,267,263,28,nan,nan,0.25
9/20/2025 21:45:02,1.16.3,PRexp,14,3.93,nan,86,Right,Left,3921,268,263,28,nan,nan,0.16
9/20/2025 21:45:16,1.16.3,PRexp,14,3.93,nan,86,Left,Left,3922,268,263,28,nan,nan,0.11
9/20/2025 21:45:18,1.16.3,PRexp,14,3.93,nan,86,Left,Left,3923,268,263,28,nan,nan,1.13
9/20/2025 21:45:21,1.16.3,PRexp,14,3.93,nan,86,Left,Left,3924,268,263,28,nan,nan,0.26
9/20/2025 21:45:22,1.16.3,PRexp,14,3.93,nan,86,Left,Left,3925,268,263,28,nan,nan,0.51
9/20/2025 21:45:24,1.16.3,PRexp,14,3.93,nan,86,Left,Left,3926,268,263,28,nan,nan,0.46
9/20/2025 21:47:11,1.16.3,PRexp,14,3.93,nan,86,Right,Left,3926,269,263,28,nan,nan,0.07
9/20/2025 21:47:29,1.16.3,PRexp,14,3.93,nan,86,Left,Left,3927,269,263,28,nan,nan,0.55
9/20/2025 21:47:44,1.16.3,PRexp,14,3.93,nan,86,Right,Left,3927,270,263,28,nan,nan,0.24
9/20/2025 21:47:53,1.16.3,PRexp,14,3.93,nan,86,Left,Left,3928,270,263,28,nan,nan,0.04
9/20/2025 21:47:57,1.16.3,PRexp,14,3.94,nan,86,Left,Left,3929,270,263,28,nan,nan,0.33
9/20/2025 21:48:00,1.16.3,PRexp,14,3.93,nan,86,Left,Left,3930,270,263,28,nan,nan,0.31
9/20/2025 21:49:32,1.16.3,PRexp,14,3.93,nan,86,Left,Left,3931,270,263,28,nan,nan,0.70
9/20/2025 21:49:33,1.16.3,PRexp,14,3.93,nan,86,Left,Left,3932,270,263,28,nan,nan,0.00
9/20/2025 21:49:36,1.16.3,PRexp,14,3.93,nan,86,Left,Left,3933,270,263,28,nan,nan,0.20
9/20/2025 21:49:38,1.16.3,PRexp,14,3.93,nan,86,Left,Left,3934,270,263,28,nan,nan,0.16
9/20/2025 21:50:21,1.16.3,PRexp,14,3.93,nan,86,Right,Left,3934,271,263,28,nan,nan,0.01
9/20/2025 21:55:23,1.16.3,PRexp,14,3.93,nan,86,Left,Left,3935,271,263,28,nan,nan,0.12
9/20/2025 21:55:27,1.16.3,PRexp,14,3.93,nan,86,Left,Left,3936,271,263,28,nan,nan,0.68
9/20/2025 21:55:28,1.16.3,PRexp,14,3.93,nan,86,Left,Left,3937,271,263,28,nan,nan,0.00
9/20/2025 21:55:30,1.16.3,PRexp,14,3.93,nan,86,Left,Left,3938,271,263,28,nan,nan,0.42
9/20/2025 21:55:34,1.16.3,PRexp,14,3.93,nan,86,Left,Left,3939,271,263,28,nan,nan,1.04
9/20/2025 21:55:38,1.16.3,PRexp,14,3.93,nan,86,Left,Left,3940,271,263,28,nan,nan,0.32
9/20/2025 21:55:39,1.16.3,PRexp,14,3.93,nan,86,Left,Left,3941,271,263,28,nan,nan,0.31
9/20/2025 21:55:40,1.16.3,PRexp,14,3.93,nan,86,Left,Left,3942,271,263,28,nan,nan,0.11
9/20/2025 21:55:42,1.16.3,PRexp,14,3.93,nan,86,Left,Left,3943,271,263,28,nan,nan,0.48
9/20/2025 21:55:48,1.16.3,PRexp,14,3.93,nan,86,Left,Left,3944,271,263,28,nan,nan,0.00
9/20/2025 21:57:13,1.16.3,PRexp,14,3.93,nan,86,Left,Left,3945,271,263,28,nan,nan,0.10
9/20/2025 21:57:15,1.16.3,PRexp,14,3.93,nan,86,Left,Left,3946,271,263,28,nan,nan,0.00
9/20/2025 21:57:17,1.16.3,PRexp,14,3.93,nan,86,Left,Left,3947,271,263,28,nan,nan,0.64
9/20/2025 21:57:20,1.16.3,PRexp,14,3.93,nan,86,Left,Left,3948,271,263,28,nan,nan,0.77
9/20/2025 21:57:24,1.16.3,PRexp,14,3.93,nan,86,Left,Left,3949,271,263,28,nan,nan,1.04
9/20/2025 22:01:09,1.16.3,PRexp,14,3.93,nan,86,Left,Left,3950,271,263,28,nan,nan,0.08
9/20/2025 22:01:16,1.16.3,PRexp,14,3.93,nan,86,Left,Left,3951,271,263,28,nan,nan,0.17
9/20/2025 22:01:17,1.16.3,PRexp,14,3.93,nan,86,Left,Left,3952,271,263,28,nan,nan,0.16
9/20/2025 22:02:01,1.16.3,PRexp,14,3.93,nan,86,Left,Left,3953,271,263,28,nan,nan,1.62
9/20/2025 22:02:03,1.16.3,PRexp,14,3.93,nan,86,Left,Left,3954,271,263,28,nan,nan,0.00
9/20/2025 22:02:06,1.16.3,PRexp,14,3.93,nan,86,Left,Left,3955,271,263,28,nan,nan,0.28
9/20/2025 22:02:09,1.16.3,PRexp,14,3.93,nan,86,Left,Left,3956,271,263,28,nan,nan,0.89
9/20/2025 22:02:13,1.16.3,PRexp,14,3.94,nan,86,Left,Left,3957,271,263,28,nan,nan,1.51
9/20/2025 22:02:17,1.16.3,PRexp,14,3.93,nan,86,Left,Left,3958,271,263,28,nan,nan,0.60
9/20/2025 22:02:19,1.16.3,PRexp,14,3.93,nan,86,Left,Left,3959,271,263,28,nan,nan,1.19
9/20/2025 22:09:30,1.16.3,PRexp,14,3.93,nan,86,Left,Left,3960,271,263,28,nan,nan,0.17
9/20/2025 22:09:34,1.16.3,PRexp,14,3.93,nan,86,Left,Left,3961,271,263,28,nan,nan,0.10
9/20/2025 22:09:39,1.16.3,PRexp,14,3.93,nan,86,Left,Left,3962,271,263,28,nan,nan,1.97
9/20/2025 22:09:42,1.16.3,PRexp,14,3.93,nan,86,Left,Left,3963,271,263,28,nan,nan,1.29
9/20/2025 22:09:45,1.16.3,PRexp,14,3.93,nan,86,Left,Left,3964,271,263,28,nan,nan,0.74
9/20/2025 22:30:53,1.16.3,PRexp,14,3.93,nan,86,Left,Left,3965,271,263,28,nan,nan,0.10
9/20/2025 22:30:56,1.16.3,PRexp,14,3.93,nan,86,Left,Left,3966,271,263,28,nan,nan,0.03
9/20/2025 22:30:59,1.16.3,PRexp,14,3.93,nan,86,Left,Left,3967,271,263,28,nan,nan,0.66
9/20/2025 22:31:01,1.16.3,PRexp,14,3.93,nan,86,Left,Left,3968,271,263,28,nan,nan,0.86
9/20/2025 22:31:04,1.16.3,PRexp,14,3.93,nan,86,Left,Left,3969,271,263,28,nan,nan,0.20
9/20/2025 22:31:08,1.16.3,PRexp,14,3.93,nan,86,Left,Left,3970,271,263,28,nan,nan,0.14
9/20/2025 22:31:11,1.16.3,PRexp,14,3.93,nan,86,Left,Left,3971,271,263,28,nan,nan,0.89
9/20/2025 22:31:13,1.16.3,PRexp,14,3.93,nan,86,Left,Left,3972,271,263,28,nan,nan,0.26
9/20/2025 22:31:14,1.16.3,PRexp,14,3.93,nan,86,Left,Left,3973,271,263,28,nan,nan,0.00
9/20/2025 22:31:15,1.16.3,PRexp,14,3.93,nan,86,Left,Left,3974,271,263,28,nan,nan,0.00
9/20/2025 22:31:16,1.16.3,PRexp,14,3.93,nan,86,Left,Left,3975,271,263,28,nan,nan,0.54
9/20/2025 22:31:17,1.16.3,PRexp,14,3.93,nan,86,Left,Left,3976,271,263,28,nan,nan,0.00
9/20/2025 22:31:19,1.16.3,PRexp,14,3.93,nan,86,Left,Left,3977,271,263,28,nan,nan,0.07
9/20/2025 22:31:20,1.16.3,PRexp,14,3.93,nan,86,Left,Left,3978,271,263,28,nan,nan,0.13
9/20/2025 22:31:23,1.16.3,PRexp,14,3.93,nan,86,Left,Left,3979,271,263,28,nan,nan,0.90
9/20/2025 22:31:25,1.16.3,PRexp,14,3.93,nan,86,Left,Left,3980,271,263,28,nan,nan,0.49
9/20/2025 22:31:29,1.16.3,PRexp,14,3.93,nan,86,Left,Left,3981,271,263,28,nan,nan,0.06
9/20/2025 22:40:38,1.16.3,PRexp,14,3.93,nan,86,Left,Left,3982,271,263,28,nan,nan,0.11
9/20/2025 22:40:39,1.16.3,PRexp,14,3.93,nan,86,Left,Left,3983,271,263,28,nan,nan,0.00
9/20/2025 22:40:40,1.16.3,PRexp,14,3.93,nan,86,Left,Left,3984,271,263,28,nan,nan,0.32
9/20/2025 22:40:41,1.16.3,PRexp,14,3.93,nan,86,Left,Left,3985,271,263,28,nan,nan,0.00
9/20/2025 22:40:42,1.16.3,PRexp,14,3.93,nan,86,Left,Left,3986,271,263,28,nan,nan,0.02
9/20/2025 22:40:44,1.16.3,PRexp,14,3.93,nan,86,Left,Left,3987,271,263,28,nan,nan,0.75
9/20/2025 22:40:46,1.16.3,PRexp,14,3.93,nan,86,Left,Left,3988,271,263,28,nan,nan,0.24
9/20/2025 22:40:47,1.16.3,PRexp,14,3.93,nan,86,Left,Left,3989,271,263,28,nan,nan,0.28
9/20/2025 22:40:49,1.16.3,PRexp,14,3.93,nan,86,Left,Left,3990,271,263,28,nan,nan,0.62
9/20/2025 22:40:50,1.16.3,PRexp,14,3.93,nan,86,Left,Left,3991,271,263,28,nan,nan,0.00
9/20/2025 22:40:54,1.16.3,PRexp,14,3.93,nan,86,Left,Left,3992,271,263,28,nan,nan,0.37
9/20/2025 22:40:57,1.16.3,PRexp,14,3.93,nan,86,Left,Left,3993,271,263,28,nan,nan,0.39
9/20/2025 22:41:00,1.16.3,PRexp,14,3.93,nan,86,Left,Left,3994,271,263,28,nan,nan,0.64
9/20/2025 22:41:01,1.16.3,PRexp,14,3.93,nan,86,Left,Left,3995,271,263,28,nan,nan,0.00
9/20/2025 22:41:02,1.16.3,PRexp,14,3.93,nan,86,Left,Left,3996,271,263,28,nan,nan,0.11
9/20/2025 22:41:04,1.16.3,PRexp,14,3.93,nan,86,Left,Left,3997,271,263,28,nan,nan,0.00
9/20/2025 22:41:09,1.16.3,PRexp,14,3.93,nan,86,Left,Left,3998,271,263,28,nan,nan,0.06
9/20/2025 22:41:18,1.16.3,PRexp,14,3.93,nan,86,Left,Left,3999,271,263,28,nan,nan,0.02
9/20/2025 22:41:21,1.16.3,PRexp,14,3.93,nan,86,Left,Left,4000,271,263,28,nan,nan,0.02
9/20/2025 22:41:22,1.16.3,PRexp,14,3.93,nan,86,Left,Left,4001,271,263,28,nan,nan,0.00
9/20/2025 22:41:25,1.16.3,PRexp,14,3.93,nan,86,Left,Left,4002,271,263,28,nan,nan,0.51
9/20/2025 22:41:25,1.16.3,PRexp,14,3.93,nan,86,Left,Left,4003,271,263,28,nan,nan,0.03
9/20/2025 22:41:27,1.16.3,PRexp,14,3.93,nan,86,Left,Left,4004,271,263,28,nan,nan,0.08
9/20/2025 22:41:29,1.16.3,PRexp,14,3.93,2,86,Pellet,Left,4004,271,264,29,0.49,3696,nan
9/20/2025 22:43:31,1.16.3,PRexp,14,3.93,nan,95,Left,Left,4005,271,264,29,nan,nan,0.01
9/20/2025 22:43:33,1.16.3,PRexp,14,3.93,nan,95,Left,Left,4006,271,264,29,nan,nan,0.02
9/20/2025 22:43:34,1.16.3,PRexp,14,3.93,nan,95,Left,Left,4007,271,264,29,nan,nan,0.10
9/20/2025 22:43:38,1.16.3,PRexp,14,3.93,nan,95,Left,Left,4008,271,264,29,nan,nan,0.22
9/20/2025 22:43:40,1.16.3,PRexp,14,3.93,nan,95,Left,Left,4009,271,264,29,nan,nan,0.86
9/20/2025 22:43:41,1.16.3,PRexp,14,3.93,nan,95,Left,Left,4010,271,264,29,nan,nan,0.00
9/20/2025 22:43:44,1.16.3,PRexp,14,3.93,nan,95,Left,Left,4011,271,264,29,nan,nan,1.68
9/20/2025 22:43:47,1.16.3,PRexp,14,3.93,nan,95,Left,Left,4012,271,264,29,nan,nan,0.11
9/20/2025 22:43:49,1.16.3,PRexp,14,3.93,nan,95,Left,Left,4013,271,264,29,nan,nan,0.16
9/20/2025 22:43:50,1.16.3,PRexp,14,3.93,nan,95,Left,Left,4014,271,264,29,nan,nan,0.03
9/20/2025 22:43:51,1.16.3,PRexp,14,3.93,nan,95,Left,Left,4015,271,264,29,nan,nan,0.05
9/20/2025 22:43:51,1.16.3,PRexp,14,3.93,nan,95,Left,Left,4016,271,264,29,nan,nan,0.00
9/20/2025 22:43:54,1.16.3,PRexp,14,3.93,nan,95,Left,Left,4017,271,264,29,nan,nan,1.10
9/20/2025 22:43:56,1.16.3,PRexp,14,3.93,nan,95,Left,Left,4018,271,264,29,nan,nan,0.44
9/20/2025 22:44:00,1.16.3,PRexp,14,3.93,nan,95,Left,Left,4019,271,264,29,nan,nan,0.01
9/20/2025 22:44:01,1.16.3,PRexp,14,3.93,nan,95,Left,Left,4020,271,264,29,nan,nan,0.37
9/20/2025 22:44:03,1.16.3,PRexp,14,3.93,nan,95,Left,Left,4021,271,264,29,nan,nan,0.48
9/20/2025 22:44:06,1.16.3,PRexp,14,3.93,nan,95,Left,Left,4022,271,264,29,nan,nan,1.17
9/20/2025 22:49:21,1.16.3,PRexp,14,3.93,nan,95,Left,Left,4023,271,264,29,nan,nan,0.09
9/20/2025 22:49:23,1.16.3,PRexp,14,3.94,nan,95,Left,Left,4024,271,264,29,nan,nan,0.54
9/20/2025 22:49:24,1.16.3,PRexp,14,3.93,nan,95,Left,Left,4025,271,264,29,nan,nan,0.50
9/20/2025 22:49:26,1.16.3,PRexp,14,3.93,nan,95,Left,Left,4026,271,264,29,nan,nan,0.66
9/20/2025 22:49:27,1.16.3,PRexp,14,3.93,nan,95,Left,Left,4027,271,264,29,nan,nan,0.01
9/20/2025 22:49:31,1.16.3,PRexp,14,3.93,nan,95,Left,Left,4028,271,264,29,nan,nan,0.93
9/20/2025 22:49:33,1.16.3,PRexp,14,3.93,nan,95,Left,Left,4029,271,264,29,nan,nan,0.48
9/20/2025 22:49:35,1.16.3,PRexp,14,3.93,nan,95,Left,Left,4030,271,264,29,nan,nan,0.11
9/20/2025 22:49:39,1.16.3,PRexp,14,3.93,nan,95,Left,Left,4031,271,264,29,nan,nan,0.15
9/20/2025 22:49:42,1.16.3,PRexp,14,3.93,nan,95,Left,Left,4032,271,264,29,nan,nan,0.59
9/20/2025 22:49:48,1.16.3,PRexp,14,3.93,nan,95,Left,Left,4033,271,264,29,nan,nan,1.17
9/20/2025 22:49:50,1.16.3,PRexp,14,3.93,nan,95,Left,Left,4034,271,264,29,nan,nan,0.00
9/20/2025 22:49:52,1.16.3,PRexp,14,3.93,nan,95,Left,Left,4035,271,264,29,nan,nan,1.04
9/20/2025 22:49:59,1.16.3,PRexp,14,3.93,nan,95,Left,Left,4036,271,264,29,nan,nan,0.08
9/20/2025 22:50:02,1.16.3,PRexp,14,3.93,nan,95,Left,Left,4037,271,264,29,nan,nan,0.41
9/20/2025 22:50:03,1.16.3,PRexp,14,3.93,nan,95,Left,Left,4038,271,264,29,nan,nan,0.08
9/20/2025 22:50:09,1.16.3,PRexp,14,3.93,nan,95,Left,Left,4039,271,264,29,nan,nan,0.11
9/20/2025 22:50:15,1.16.3,PRexp,14,3.93,nan,95,Left,Left,4040,271,264,29,nan,nan,0.00
9/20/2025 22:50:29,1.16.3,PRexp,14,3.93,nan,95,Right,Left,4040,272,264,29,nan,nan,0.18
9/20/2025 22:50:34,1.16.3,PRexp,14,3.93,nan,95,Left,Left,4041,272,264,29,nan,nan,0.79
9/20/2025 22:50:35,1.16.3,PRexp,14,3.93,nan,95,Left,Left,4042,272,264,29,nan,nan,0.43
9/20/2025 22:51:06,1.16.3,PRexp,14,3.93,nan,95,Right,Left,4042,273,264,29,nan,nan,0.37
9/20/2025 22:51:11,1.16.3,PRexp,14,3.93,nan,95,Left,Left,4043,273,264,29,nan,nan,0.14
9/20/2025 22:51:16,1.16.3,PRexp,14,3.93,nan,95,Left,Left,4044,273,264,29,nan,nan,0.11
9/20/2025 22:52:33,1.16.3,PRexp,14,3.93,nan,95,Left,Left,4045,273,264,29,nan,nan,0.69
9/20/2025 22:52:35,1.16.3,PRexp,14,3.93,nan,95,Left,Left,4046,273,264,29,nan,nan,0.34
9/20/2025 22:52:36,1.16.3,PRexp,14,3.93,nan,95,Left,Left,4047,273,264,29,nan,nan,0.02
9/20/2025 22:52:37,1.16.3,PRexp,14,3.93,nan,95,Left,Left,4048,273,264,29,nan,nan,0.45
9/20/2025 22:52:41,1.16.3,PRexp,14,3.93,nan,95,Left,Left,4049,273,264,29,nan,nan,0.08
9/20/2025 22:52:42,1.16.3,PRexp,14,3.93,nan,95,Left,Left,4050,273,264,29,nan,nan,0.00
9/20/2025 22:52:43,1.16.3,PRexp,14,3.93,nan,95,Left,Left,4051,273,264,29,nan,nan,0.00
9/20/2025 22:52:44,1.16.3,PRexp,14,3.93,nan,95,Left,Left,4052,273,264,29,nan,nan,0.00
9/20/2025 22:52:45,1.16.3,PRexp,14,3.93,nan,95,Left,Left,4053,273,264,29,nan,nan,0.10
9/20/2025 22:52:46,1.16.3,PRexp,14,3.93,nan,95,Left,Left,4054,273,264,29,nan,nan,0.00
9/20/2025 22:52:47,1.16.3,PRexp,14,3.93,nan,95,Left,Left,4055,273,264,29,nan,nan,0.38
9/20/2025 22:52:51,1.16.3,PRexp,14,3.93,nan,95,Left,Left,4056,273,264,29,nan,nan,0.02
9/20/2025 22:52:53,1.16.3,PRexp,14,3.93,nan,95,Left,Left,4057,273,264,29,nan,nan,0.16
9/20/2025 22:58:19,1.16.3,PRexp,14,3.93,nan,95,Left,Left,4058,273,264,29,nan,nan,0.08
9/20/2025 22:59:40,1.16.3,PRexp,14,3.93,nan,95,Left,Left,4059,273,264,29,nan,nan,0.14
9/20/2025 22:59:43,1.16.3,PRexp,14,3.93,nan,95,Left,Left,4060,273,264,29,nan,nan,0.98
9/20/2025 22:59:45,1.16.3,PRexp,14,3.93,nan,95,Left,Left,4061,273,264,29,nan,nan,0.56
9/20/2025 23:02:51,1.16.3,PRexp,14,3.93,nan,95,Left,Left,4062,273,264,29,nan,nan,0.09
9/20/2025 23:02:52,1.16.3,PRexp,14,3.93,nan,95,Left,Left,4063,273,264,29,nan,nan,0.00
9/20/2025 23:03:23,1.16.3,PRexp,14,3.93,nan,95,Left,Left,4064,273,264,29,nan,nan,0.10
9/20/2025 23:03:24,1.16.3,PRexp,14,3.93,nan,95,Left,Left,4065,273,264,29,nan,nan,0.14
9/20/2025 23:05:47,1.16.3,PRexp,14,3.93,nan,95,Left,Left,4066,273,264,29,nan,nan,0.01
9/20/2025 23:06:27,1.16.3,PRexp,14,3.93,nan,95,Right,Left,4066,274,264,29,nan,nan,0.12
9/20/2025 23:06:39,1.16.3,PRexp,14,3.93,nan,95,Left,Left,4067,274,264,29,nan,nan,0.07
9/20/2025 23:06:42,1.16.3,PRexp,14,3.93,nan,95,Left,Left,4068,274,264,29,nan,nan,0.14
9/20/2025 23:06:45,1.16.3,PRexp,14,3.93,nan,95,Left,Left,4069,274,264,29,nan,nan,0.75
9/20/2025 23:06:50,1.16.3,PRexp,14,3.93,nan,95,Right,Left,4069,275,264,29,nan,nan,0.10
9/20/2025 23:06:52,1.16.3,PRexp,14,3.93,nan,95,Left,Left,4070,275,264,29,nan,nan,0.55
9/20/2025 23:06:53,1.16.3,PRexp,14,3.93,nan,95,Left,Left,4071,275,264,29,nan,nan,0.00
9/20/2025 23:06:54,1.16.3,PRexp,14,3.93,nan,95,Left,Left,4072,275,264,29,nan,nan,0.51
9/20/2025 23:06:59,1.16.3,PRexp,14,3.93,nan,95,Left,Left,4073,275,264,29,nan,nan,0.02
9/20/2025 23:07:05,1.16.3,PRexp,14,3.93,nan,95,Left,Left,4074,275,264,29,nan,nan,0.54
9/20/2025 23:07:06,1.16.3,PRexp,14,3.93,nan,95,Left,Left,4075,275,264,29,nan,nan,0.23
9/20/2025 23:07:07,1.16.3,PRexp,14,3.93,nan,95,Left,Left,4076,275,264,29,nan,nan,0.20
9/20/2025 23:07:08,1.16.3,PRexp,14,3.93,nan,95,Left,Left,4077,275,264,29,nan,nan,0.13
9/20/2025 23:07:09,1.16.3,PRexp,14,3.93,nan,95,Left,Left,4078,275,264,29,nan,nan,0.00
9/20/2025 23:07:13,1.16.3,PRexp,14,3.93,nan,95,Left,Left,4079,275,264,29,nan,nan,0.29
9/20/2025 23:07:20,1.16.3,PRexp,14,3.93,nan,95,Left,Left,4080,275,264,29,nan,nan,0.06
9/20/2025 23:07:22,1.16.3,PRexp,14,3.93,nan,95,Left,Left,4081,275,264,29,nan,nan,1.13
9/20/2025 23:07:23,1.16.3,PRexp,14,3.93,nan,95,Left,Left,4082,275,264,29,nan,nan,0.54
9/20/2025 23:07:57,1.16.3,PRexp,14,3.93,nan,95,Right,Left,4082,276,264,29,nan,nan,0.14
9/20/2025 23:08:10,1.16.3,PRexp,14,3.93,nan,95,Left,Left,4083,276,264,29,nan,nan,0.53
9/20/2025 23:08:11,1.16.3,PRexp,14,3.93,nan,95,Left,Left,4084,276,264,29,nan,nan,0.06
9/20/2025 23:08:13,1.16.3,PRexp,14,3.93,nan,95,Left,Left,4085,276,264,29,nan,nan,0.13
9/20/2025 23:08:14,1.16.3,PRexp,14,3.93,nan,95,Left,Left,4086,276,264,29,nan,nan,0.00
9/20/2025 23:10:07,1.16.3,PRexp,14,3.93,nan,95,Left,Left,4087,276,264,29,nan,nan,0.12
9/20/2025 23:10:10,1.16.3,PRexp,14,3.93,nan,95,Left,Left,4088,276,264,29,nan,nan,0.10
9/20/2025 23:12:32,1.16.3,PRexp,14,3.93,nan,95,Left,Left,4089,276,264,29,nan,nan,0.06
9/20/2025 23:19:16,1.16.3,PRexp,14,3.93,nan,95,Left,Left,4090,276,264,29,nan,nan,0.07
9/20/2025 23:19:17,1.16.3,PRexp,14,3.93,nan,95,Left,Left,4091,276,264,29,nan,nan,0.00
9/20/2025 23:19:18,1.16.3,PRexp,14,3.93,nan,95,Left,Left,4092,276,264,29,nan,nan,0.13
9/20/2025 23:19:21,1.16.3,PRexp,14,3.93,nan,95,Left,Left,4093,276,264,29,nan,nan,0.34
9/20/2025 23:19:23,1.16.3,PRexp,14,3.93,nan,95,Left,Left,4094,276,264,29,nan,nan,0.46
9/20/2025 23:19:31,1.16.3,PRexp,14,3.93,nan,95,Left,Left,4095,276,264,29,nan,nan,0.30
9/20/2025 23:19:32,1.16.3,PRexp,14,3.93,nan,95,Left,Left,4096,276,264,29,nan,nan,0.00
9/20/2025 23:19:35,1.16.3,PRexp,14,3.93,nan,95,Left,Left,4097,276,264,29,nan,nan,0.66
9/20/2025 23:19:36,1.16.3,PRexp,14,3.93,nan,95,Left,Left,4098,276,264,29,nan,nan,0.00
9/20/2025 23:19:37,1.16.3,PRexp,14,3.93,nan,95,Left,Left,4099,276,264,29,nan,nan,0.00
9/20/2025 23:19:39,1.16.3,PRexp,14,3.93,1,95,Pellet,Left,4099,276,265,30,1.28,2291,nan
9/20/2025 23:20:42,1.16.3,PRexp,14,3.93,nan,106,Left,Left,4100,276,265,30,nan,nan,0.12
9/20/2025 23:20:43,1.16.3,PRexp,14,3.93,nan,106,Left,Left,4101,276,265,30,nan,nan,0.12
9/20/2025 23:23:14,1.16.3,PRexp,14,3.93,nan,106,Left,Left,4102,276,265,30,nan,nan,0.02
9/20/2025 23:23:15,1.16.3,PRexp,14,3.93,nan,106,Left,Left,4103,276,265,30,nan,nan,0.04
9/20/2025 23:23:18,1.16.3,PRexp,14,3.93,nan,106,Left,Left,4104,276,265,30,nan,nan,0.29
9/20/2025 23:24:34,1.16.3,PRexp,14,3.93,nan,106,Left,Left,4105,276,265,30,nan,nan,0.44
9/20/2025 23:24:37,1.16.3,PRexp,14,3.93,nan,106,Left,Left,4106,276,265,30,nan,nan,0.14
9/20/2025 23:24:43,1.16.3,PRexp,14,3.93,nan,106,Left,Left,4107,276,265,30,nan,nan,0.56
9/20/2025 23:24:45,1.16.3,PRexp,14,3.93,nan,106,Left,Left,4108,276,265,30,nan,nan,0.90
9/20/2025 23:24:50,1.16.3,PRexp,14,3.93,nan,106,Left,Left,4109,276,265,30,nan,nan,0.08
9/20/2025 23:24:52,1.16.3,PRexp,14,3.93,nan,106,Left,Left,4110,276,265,30,nan,nan,0.82
9/20/2025 23:24:54,1.16.3,PRexp,14,3.93,nan,106,Left,Left,4111,276,265,30,nan,nan,0.48
9/20/2025 23:26:05,1.16.3,PRexp,14,3.93,nan,106,Left,Left,4112,276,265,30,nan,nan,0.16
9/20/2025 23:27:03,1.16.3,PRexp,14,3.93,nan,106,Left,Left,4113,276,265,30,nan,nan,0.10
9/20/2025 23:27:04,1.16.3,PRexp,14,3.93,nan,106,Left,Left,4114,276,265,30,nan,nan,0.01
9/20/2025 23:29:12,1.16.3,PRexp,14,3.93,nan,106,Right,Left,4114,277,265,30,nan,nan,0.38
9/20/2025 23:29:15,1.16.3,PRexp,14,3.93,nan,106,Right,Left,4114,278,265,30,nan,nan,1.45
9/20/2025 23:29:24,1.16.3,PRexp,14,3.93,nan,106,Left,Left,4115,278,265,30,nan,nan,0.23
9/20/2025 23:29:25,1.16.3,PRexp,14,3.93,nan,106,Left,Left,4116,278,265,30,nan,nan,0.00
9/20/2025 23:30:04,1.16.3,PRexp,14,3.93,nan,106,Left,Left,4117,278,265,30,nan,nan,0.07
9/20/2025 23:30:05,1.16.3,PRexp,14,3.93,nan,106,Left,Left,4118,278,265,30,nan,nan,0.13
9/20/2025 23:30:07,1.16.3,PRexp,14,3.93,nan,106,Left,Left,4119,278,265,30,nan,nan,0.01
9/20/2025 23:30:08,1.16.3,PRexp,14,3.93,nan,106,Left,Left,4120,278,265,30,nan,nan,0.24
9/20/2025 23:30:10,1.16.3,PRexp,14,3.93,nan,106,Left,Left,4121,278,265,30,nan,nan,0.14
9/20/2025 23:30:11,1.16.3,PRexp,14,3.93,nan,106,Left,Left,4122,278,265,30,nan,nan,0.00
9/20/2025 23:30:13,1.16.3,PRexp,14,3.93,nan,106,Left,Left,4123,278,265,30,nan,nan,0.57
9/20/2025 23:30:14,1.16.3,PRexp,14,3.93,nan,106,Left,Left,4124,278,265,30,nan,nan,0.06
9/20/2025 23:30:15,1.16.3,PRexp,14,3.93,nan,106,Left,Left,4125,278,265,30,nan,nan,0.46
9/20/2025 23:30:16,1.16.3,PRexp,14,3.93,nan,106,Left,Left,4126,278,265,30,nan,nan,0.16
9/20/2025 23:30:17,1.16.3,PRexp,14,3.93,nan,106,Left,Left,4127,278,265,30,nan,nan,0.00
9/20/2025 23:30:23,1.16.3,PRexp,14,3.93,nan,106,Left,Left,4128,278,265,30,nan,nan,0.63
9/20/2025 23:35:32,1.16.3,PRexp,14,3.93,nan,106,Left,Left,4129,278,265,30,nan,nan,0.60
9/20/2025 23:35:33,1.16.3,PRexp,14,3.93,nan,106,Left,Left,4130,278,265,30,nan,nan,0.20
9/20/2025 23:35:34,1.16.3,PRexp,14,3.93,nan,106,Left,Left,4131,278,265,30,nan,nan,0.04
9/20/2025 23:37:21,1.16.3,PRexp,14,3.93,nan,106,Right,Left,4131,279,265,30,nan,nan,0.17
9/20/2025 23:37:53,1.16.3,PRexp,14,3.93,nan,106,Left,Left,4132,279,265,30,nan,nan,0.61
9/20/2025 23:37:55,1.16.3,PRexp,14,3.93,nan,106,Left,Left,4133,279,265,30,nan,nan,0.98
9/20/2025 23:37:57,1.16.3,PRexp,14,3.93,nan,106,Left,Left,4134,279,265,30,nan,nan,0.00
9/20/2025 23:37:59,1.16.3,PRexp,14,3.93,nan,106,Left,Left,4135,279,265,30,nan,nan,0.09
9/20/2025 23:38:01,1.16.3,PRexp,14,3.93,nan,106,Left,Left,4136,279,265,30,nan,nan,0.39
9/20/2025 23:38:03,1.16.3,PRexp,14,3.93,nan,106,Left,Left,4137,279,265,30,nan,nan,0.13
9/20/2025 23:38:05,1.16.3,PRexp,14,3.93,nan,106,Left,Left,4138,279,265,30,nan,nan,0.12
9/20/2025 23:38:05,1.16.3,PRexp,14,3.93,nan,106,Left,Left,4139,279,265,30,nan,nan,0.02
9/20/2025 23:38:08,1.16.3,PRexp,14,3.93,nan,106,Left,Left,4140,279,265,30,nan,nan,0.48
9/20/2025 23:38:11,1.16.3,PRexp,14,3.93,nan,106,Left,Left,4141,279,265,30,nan,nan,0.20
9/20/2025 23:38:12,1.16.3,PRexp,14,3.93,nan,106,Left,Left,4142,279,265,30,nan,nan,0.00
9/20/2025 23:42:27,1.16.3,PRexp,14,3.93,nan,106,Right,Left,4142,280,265,30,nan,nan,0.12
9/20/2025 23:46:53,1.16.3,PRexp,14,3.93,nan,106,Left,Left,4143,280,265,30,nan,nan,0.79
9/20/2025 23:46:55,1.16.3,PRexp,14,3.93,nan,106,Left,Left,4144,280,265,30,nan,nan,0.58
9/20/2025 23:46:57,1.16.3,PRexp,14,3.93,nan,106,Left,Left,4145,280,265,30,nan,nan,0.82
9/20/2025 23:46:59,1.16.3,PRexp,14,3.93,nan,106,Left,Left,4146,280,265,30,nan,nan,0.00
9/20/2025 23:47:01,1.16.3,PRexp,14,3.93,nan,106,Left,Left,4147,280,265,30,nan,nan,0.02
9/20/2025 23:48:52,1.16.3,PRexp,14,3.93,nan,106,Right,Left,4147,281,265,30,nan,nan,0.10
9/20/2025 23:49:05,1.16.3,PRexp,14,3.93,nan,106,Left,Left,4148,281,265,30,nan,nan,0.06
9/20/2025 23:49:06,1.16.3,PRexp,14,3.93,nan,106,Left,Left,4149,281,265,30,nan,nan,0.10
9/20/2025 23:51:43,1.16.3,PRexp,14,3.93,nan,106,Left,Left,4150,281,265,30,nan,nan,0.12
9/20/2025 23:51:45,1.16.3,PRexp,14,3.93,nan,106,Left,Left,4151,281,265,30,nan,nan,0.61
9/20/2025 23:51:46,1.16.3,PRexp,14,3.93,nan,106,Left,Left,4152,281,265,30,nan,nan,0.03
9/20/2025 23:51:48,1.16.3,PRexp,14,3.93,nan,106,Left,Left,4153,281,265,30,nan,nan,0.00
9/20/2025 23:51:51,1.16.3,PRexp,14,3.93,nan,106,Left,Left,4154,281,265,30,nan,nan,0.30
9/20/2025 23:52:56,1.16.3,PRexp,14,3.93,nan,106,Left,Left,4155,281,265,30,nan,nan,0.10
9/20/2025 23:52:57,1.16.3,PRexp,14,3.93,nan,106,Left,Left,4156,281,265,30,nan,nan,0.02
9/20/2025 23:52:59,1.16.3,PRexp,14,3.93,nan,106,Left,Left,4157,281,265,30,nan,nan,0.56
9/20/2025 23:53:00,1.16.3,PRexp,14,3.93,nan,106,Left,Left,4158,281,265,30,nan,nan,0.15
9/20/2025 23:53:05,1.16.3,PRexp,14,3.93,nan,106,Left,Left,4159,281,265,30,nan,nan,0.04
9/20/2025 23:53:08,1.16.3,PRexp,14,3.93,nan,106,Left,Left,4160,281,265,30,nan,nan,0.50
9/20/2025 23:53:10,1.16.3,PRexp,14,3.93,nan,106,Left,Left,4161,281,265,30,nan,nan,0.39
9/20/2025 23:53:11,1.16.3,PRexp,14,3.93,nan,106,Left,Left,4162,281,265,30,nan,nan,0.50
9/20/2025 23:53:13,1.16.3,PRexp,14,3.93,nan,106,Left,Left,4163,281,265,30,nan,nan,0.26
9/20/2025 23:53:16,1.16.3,PRexp,14,3.93,nan,106,Left,Left,4164,281,265,30,nan,nan,0.00
9/20/2025 23:53:19,1.16.3,PRexp,14,3.93,nan,106,Left,Left,4165,281,265,30,nan,nan,0.80
9/20/2025 23:53:20,1.16.3,PRexp,14,3.93,nan,106,Left,Left,4166,281,265,30,nan,nan,0.10
9/20/2025 23:53:22,1.16.3,PRexp,14,3.93,nan,106,Left,Left,4167,281,265,30,nan,nan,0.12
9/20/2025 23:55:24,1.16.3,PRexp,14,3.93,nan,106,Left,Left,4168,281,265,30,nan,nan,0.08
9/20/2025 23:56:42,1.16.3,PRexp,14,3.93,nan,106,Right,Left,4168,282,265,30,nan,nan,0.37
9/20/2025 23:56:44,1.16.3,PRexp,14,3.93,nan,106,Right,Left,4168,283,265,30,nan,nan,0.28
9/20/2025 23:57:04,1.16.3,PRexp,14,3.93,nan,106,Left,Left,4169,283,265,30,nan,nan,0.08
9/20/2025 23:57:07,1.16.3,PRexp,14,3.93,nan,106,Left,Left,4170,283,265,30,nan,nan,0.12
9/20/2025 23:57:08,1.16.3,PRexp,14,3.93,nan,106,Left,Left,4171,283,265,30,nan,nan,0.25
9/20/2025 23:57:09,1.16.3,PRexp,14,3.93,nan,106,Left,Left,4172,283,265,30,nan,nan,0.00
9/20/2025 23:57:11,1.16.3,PRexp,14,3.93,nan,106,Left,Left,4173,283,265,30,nan,nan,0.06
9/20/2025 23:57:12,1.16.3,PRexp,14,3.93,nan,106,Left,Left,4174,283,265,30,nan,nan,0.02
9/20/2025 23:57:13,1.16.3,PRexp,14,3.93,nan,106,Left,Left,4175,283,265,30,nan,nan,0.10
9/20/2025 23:57:15,1.16.3,PRexp,14,3.93,nan,106,Left,Left,4176,283,265,30,nan,nan,0.11
9/20/2025 23:57:17,1.16.3,PRexp,14,3.93,nan,106,Left,Left,4177,283,265,30,nan,nan,0.13
9/20/2025 23:57:19,1.16.3,PRexp,14,3.93,nan,106,Left,Left,4178,283,265,30,nan,nan,0.00
9/20/2025 23:57:20,1.16.3,PRexp,14,3.93,nan,106,Left,Left,4179,283,265,30,nan,nan,0.52
9/20/2025 23:57:23,1.16.3,PRexp,14,3.93,nan,106,Left,Left,4180,283,265,30,nan,nan,0.12
9/20/2025 23:57:25,1.16.3,PRexp,14,3.93,nan,106,Left,Left,4181,283,265,30,nan,nan,0.51
9/20/2025 23:57:27,1.16.3,PRexp,14,3.93,nan,106,Left,Left,4182,283,265,30,nan,nan,0.57
9/20/2025 23:57:29,1.16.3,PRexp,14,3.93,nan,106,Left,Left,4183,283,265,30,nan,nan,0.00
9/20/2025 23:58:13,1.16.3,PRexp,14,3.93,nan,106,Left,Left,4184,283,265,30,nan,nan,0.12
9/20/2025 23:58:14,1.16.3,PRexp,14,3.93,nan,106,Left,Left,4185,283,265,30,nan,nan,0.05
9/20/2025 23:58:15,1.16.3,PRexp,14,3.93,nan,106,Left,Left,4186,283,265,30,nan,nan,0.22
9/20/2025 23:58:18,1.16.3,PRexp,14,3.93,nan,106,Left,Left,4187,283,265,30,nan,nan,0.64
9/20/2025 23:58:19,1.16.3,PRexp,14,3.93,nan,106,Left,Left,4188,283,265,30,nan,nan,0.43
9/20/2025 23:58:21,1.16.3,PRexp,14,3.93,nan,106,Left,Left,4189,283,265,30,nan,nan,0.15
9/21/2025 0:00:03,1.16.3,PRexp,14,3.93,nan,106,Left,Left,4190,283,265,30,nan,nan,0.06
9/21/2025 0:00:13,1.16.3,PRexp,14,3.93,nan,106,Right,Left,4190,284,265,30,nan,nan,0.09
9/21/2025 0:32:16,1.16.3,PRexp,14,3.93,nan,1,Left,Left,4191,284,265,0,nan,nan,0.04
9/21/2025 0:32:17,1.16.3,PRexp,14,3.93,1,1,Pellet,Left,4191,284,266,1,0.30,4358,nan
9/21/2025 0:33:52,1.16.3,PRexp,14,3.93,nan,1,Left,Left,4192,284,266,1,nan,nan,0.66
9/21/2025 0:33:53,1.16.3,PRexp,14,3.93,1,1,Pellet,Left,4192,284,267,2,0.24,96,nan
9/21/2025 0:36:46,1.16.3,PRexp,14,3.93,nan,2,Left,Left,4193,284,267,2,nan,nan,0.04
9/21/2025 0:37:02,1.16.3,PRexp,14,3.93,nan,2,Left,Left,4194,284,267,2,nan,nan,0.11
9/21/2025 0:37:03,1.16.3,PRexp,14,3.93,1,2,Pellet,Left,4194,284,268,3,0.36,190,nan
9/21/2025 0:37:57,1.16.3,PRexp,14,3.93,nan,2,Left,Left,4195,284,268,3,nan,nan,0.02
9/21/2025 0:37:59,1.16.3,PRexp,14,3.93,nan,2,Left,Left,4196,284,268,3,nan,nan,0.12
9/21/2025 0:38:02,1.16.3,PRexp,14,3.93,2,2,Pellet,Left,4196,284,269,4,0.36,59,nan
9/21/2025 0:38:30,1.16.3,PRexp,14,3.93,nan,3,Left,Left,4197,284,269,4,nan,nan,0.08
9/21/2025 0:38:33,1.16.3,PRexp,14,3.93,nan,3,Left,Left,4198,284,269,4,nan,nan,0.19
9/21/2025 0:38:37,1.16.3,PRexp,14,3.93,nan,3,Left,Left,4199,284,269,4,nan,nan,0.02
9/21/2025 0:38:38,1.16.3,PRexp,14,3.93,1,3,Pellet,Left,4199,284,270,5,0.49,36,nan
9/21/2025 0:39:10,1.16.3,PRexp,14,3.93,nan,4,Left,Left,4200,284,270,5,nan,nan,0.07
9/21/2025 0:39:12,1.16.3,PRexp,14,3.93,nan,4,Left,Left,4201,284,270,5,nan,nan,0.20
9/21/2025 0:39:13,1.16.3,PRexp,14,3.93,nan,4,Left,Left,4202,284,270,5,nan,nan,0.11
9/21/2025 0:39:17,1.16.3,PRexp,14,3.93,nan,4,Left,Left,4203,284,270,5,nan,nan,0.42
9/21/2025 0:39:18,1.16.3,PRexp,14,3.93,1,4,Pellet,Left,4203,284,271,6,0.24,40,nan
9/21/2025 0:39:49,1.16.3,PRexp,14,3.93,nan,5,Left,Left,4204,284,271,6,nan,nan,0.02
9/21/2025 0:39:50,1.16.3,PRexp,14,3.93,nan,5,Left,Left,4205,284,271,6,nan,nan,0.06
9/21/2025 0:39:54,1.16.3,PRexp,14,3.93,nan,5,Left,Left,4206,284,271,6,nan,nan,0.55
9/21/2025 0:39:56,1.16.3,PRexp,14,3.93,nan,5,Left,Left,4207,284,271,6,nan,nan,0.45
9/21/2025 0:39:58,1.16.3,PRexp,14,3.93,nan,5,Left,Left,4208,284,271,6,nan,nan,0.57
9/21/2025 0:39:58,1.16.3,PRexp,14,3.93,nan,5,LeftDuringDispense,Left,4209,284,271,7,nan,nan,0.01
9/21/2025 0:40:02,1.16.3,PRexp,14,3.93,2,5,Pellet,Left,4209,284,272,7,0.24,44,nan
9/21/2025 0:40:32,1.16.3,PRexp,14,3.93,nan,6,Left,Left,4210,284,272,7,nan,nan,0.02
9/21/2025 0:40:38,1.16.3,PRexp,14,3.93,nan,6,Left,Left,4211,284,272,7,nan,nan,0.06
9/21/2025 0:40:42,1.16.3,PRexp,14,3.93,nan,6,Left,Left,4212,284,272,7,nan,nan,0.07
9/21/2025 0:40:45,1.16.3,PRexp,14,3.93,nan,6,Left,Left,4213,284,272,7,nan,nan,0.23
9/21/2025 0:40:46,1.16.3,PRexp,14,3.93,nan,6,Left,Left,4214,284,272,7,nan,nan,0.00
9/21/2025 0:40:53,1.16.3,PRexp,14,3.93,nan,6,Left,Left,4215,284,272,7,nan,nan,0.04
9/21/2025 0:40:54,1.16.3,PRexp,14,3.93,1,6,Pellet,Left,4215,284,273,8,0.24,52,nan
9/21/2025 0:41:36,1.16.3,PRexp,14,3.93,nan,7,Left,Left,4216,284,273,8,nan,nan,0.05
9/21/2025 0:41:38,1.16.3,PRexp,14,3.93,nan,7,Left,Left,4217,284,273,8,nan,nan,0.16
9/21/2025 0:41:39,1.16.3,PRexp,14,3.93,nan,7,Left,Left,4218,284,273,8,nan,nan,0.26
9/21/2025 0:41:43,1.16.3,PRexp,14,3.93,nan,7,Left,Left,4219,284,273,8,nan,nan,0.05
9/21/2025 0:41:59,1.16.3,PRexp,14,3.93,nan,7,Left,Left,4220,284,273,8,nan,nan,0.03
9/21/2025 0:42:02,1.16.3,PRexp,14,3.93,nan,7,Left,Left,4221,284,273,8,nan,nan,0.12
9/21/2025 0:42:13,1.16.3,PRexp,14,3.93,nan,7,Left,Left,4222,284,273,8,nan,nan,1.67
9/21/2025 0:42:14,1.16.3,PRexp,14,3.93,1,7,Pellet,Left,4222,284,274,9,0.24,80,nan
9/21/2025 0:43:19,1.16.3,PRexp,14,3.93,nan,9,Left,Left,4223,284,274,9,nan,nan,0.07
9/21/2025 0:43:24,1.16.3,PRexp,14,3.93,nan,9,Left,Left,4224,284,274,9,nan,nan,0.11
9/21/2025 0:43:26,1.16.3,PRexp,14,3.93,nan,9,Left,Left,4225,284,274,9,nan,nan,0.40
9/21/2025 0:43:28,1.16.3,PRexp,14,3.93,nan,9,Left,Left,4226,284,274,9,nan,nan,0.06
9/21/2025 0:43:29,1.16.3,PRexp,14,3.93,nan,9,Left,Left,4227,284,274,9,nan,nan,0.23
9/21/2025 0:43:35,1.16.3,PRexp,14,3.93,nan,9,Left,Left,4228,284,274,9,nan,nan,0.96
9/21/2025 0:43:41,1.16.3,PRexp,14,3.93,nan,9,Left,Left,4229,284,274,9,nan,nan,1.67
9/21/2025 0:43:43,1.16.3,PRexp,14,3.93,nan,9,Left,Left,4230,284,274,9,nan,nan,1.06
9/21/2025 0:43:47,1.16.3,PRexp,14,3.93,nan,9,Left,Left,4231,284,274,9,nan,nan,0.11
9/21/2025 0:43:48,1.16.3,PRexp,14,3.93,1,9,Pellet,Left,4231,284,275,10,0.73,94,nan
9/21/2025 0:44:36,1.16.3,PRexp,14,3.93,nan,10,Left,Left,4232,284,275,10,nan,nan,0.03
9/21/2025 0:44:40,1.16.3,PRexp,14,3.93,nan,10,Left,Left,4233,284,275,10,nan,nan,0.06
9/21/2025 0:44:43,1.16.3,PRexp,14,3.93,nan,10,Left,Left,4234,284,275,10,nan,nan,0.79
9/21/2025 0:44:44,1.16.3,PRexp,14,3.93,nan,10,Left,Left,4235,284,275,10,nan,nan,0.64
9/21/2025 0:44:48,1.16.3,PRexp,14,3.93,nan,10,Left,Left,4236,284,275,10,nan,nan,0.03
9/21/2025 0:44:50,1.16.3,PRexp,14,3.93,nan,10,Left,Left,4237,284,275,10,nan,nan,0.19
9/21/2025 0:44:51,1.16.3,PRexp,14,3.93,nan,10,Left,Left,4238,284,275,10,nan,nan,0.00
9/21/2025 0:44:53,1.16.3,PRexp,14,3.93,nan,10,Left,Left,4239,284,275,10,nan,nan,0.27
9/21/2025 0:44:56,1.16.3,PRexp,14,3.93,nan,10,Left,Left,4240,284,275,10,nan,nan,0.10
9/21/2025 0:45:03,1.16.3,PRexp,14,3.93,nan,10,Left,Left,4241,284,275,10,nan,nan,0.07
9/21/2025 0:45:04,1.16.3,PRexp,14,3.93,1,10,Pellet,Left,4241,284,276,11,0.30,76,nan
9/21/2025 0:46:29,1.16.3,PRexp,14,3.93,nan,12,Left,Left,4242,284,276,11,nan,nan,0.09
9/21/2025 0:46:33,1.16.3,PRexp,14,3.93,nan,12,Left,Left,4243,284,276,11,nan,nan,1.94
9/21/2025 0:46:34,1.16.3,PRexp,14,3.93,nan,12,Left,Left,4244,284,276,11,nan,nan,0.03
9/21/2025 0:46:42,1.16.3,PRexp,14,3.93,nan,12,Left,Left,4245,284,276,11,nan,nan,0.17
9/21/2025 0:46:46,1.16.3,PRexp,14,3.93,nan,12,Left,Left,4246,284,276,11,nan,nan,0.31
9/21/2025 0:46:48,1.16.3,PRexp,14,3.93,nan,12,Left,Left,4247,284,276,11,nan,nan,0.94
9/21/2025 0:46:49,1.16.3,PRexp,14,3.93,nan,12,Left,Left,4248,284,276,11,nan,nan,0.00
9/21/2025 0:46:52,1.16.3,PRexp,14,3.93,nan,12,Left,Left,4249,284,276,11,nan,nan,0.24
9/21/2025 0:46:59,1.16.3,PRexp,14,3.93,nan,12,Left,Left,4250,284,276,11,nan,nan,0.33
9/21/2025 0:47:03,1.16.3,PRexp,14,3.93,nan,12,Left,Left,4251,284,276,11,nan,nan,0.20
9/21/2025 0:47:04,1.16.3,PRexp,14,3.93,nan,12,Left,Left,4252,284,276,11,nan,nan,0.50
9/21/2025 0:47:06,1.16.3,PRexp,14,3.93,nan,12,Left,Left,4253,284,276,11,nan,nan,0.34
9/21/2025 0:47:07,1.16.3,PRexp,14,3.93,nan,12,LeftDuringDispense,Left,4254,284,276,12,nan,nan,0.04
9/21/2025 0:47:12,1.16.3,PRexp,14,3.93,3,12,Pellet,Left,4254,284,277,12,0.24,128,nan
9/21/2025 0:56:59,1.16.3,PRexp,14,3.93,nan,13,Left,Left,4255,284,277,12,nan,nan,1.37
9/21/2025 0:57:02,1.16.3,PRexp,14,3.93,nan,13,Left,Left,4256,284,277,12,nan,nan,1.01
9/21/2025 0:57:03,1.16.3,PRexp,14,3.93,nan,13,Left,Left,4257,284,277,12,nan,nan,0.59
9/21/2025 0:57:05,1.16.3,PRexp,14,3.93,nan,13,Left,Left,4258,284,277,12,nan,nan,0.80
9/21/2025 0:57:08,1.16.3,PRexp,14,3.93,nan,13,Left,Left,4259,284,277,12,nan,nan,1.56
9/21/2025 0:57:11,1.16.3,PRexp,14,3.93,nan,13,Left,Left,4260,284,277,12,nan,nan,0.18
9/21/2025 0:57:12,1.16.3,PRexp,14,3.93,nan,13,Left,Left,4261,284,277,12,nan,nan,0.00
9/21/2025 0:57:13,1.16.3,PRexp,14,3.93,nan,13,Left,Left,4262,284,277,12,nan,nan,0.47
9/21/2025 0:57:16,1.16.3,PRexp,14,3.93,nan,13,Left,Left,4263,284,277,12,nan,nan,0.43
9/21/2025 0:57:17,1.16.3,PRexp,14,3.93,nan,13,Left,Left,4264,284,277,12,nan,nan,0.02
9/21/2025 0:57:19,1.16.3,PRexp,14,3.93,nan,13,Left,Left,4265,284,277,12,nan,nan,0.09
9/21/2025 0:57:21,1.16.3,PRexp,14,3.93,nan,13,Left,Left,4266,284,277,12,nan,nan,1.08
9/21/2025 0:57:23,1.16.3,PRexp,14,3.93,nan,13,Left,Left,4267,284,277,12,nan,nan,0.45
9/21/2025 0:57:24,1.16.3,PRexp,14,3.93,1,13,Pellet,Left,4267,284,278,13,0.36,612,nan
9/21/2025 1:06:36,1.16.3,PRexp,14,3.93,nan,15,Left,Left,4268,284,278,13,nan,nan,0.35
9/21/2025 1:06:43,1.16.3,PRexp,14,3.93,nan,15,Left,Left,4269,284,278,13,nan,nan,1.66
9/21/2025 1:06:47,1.16.3,PRexp,14,3.93,nan,15,Left,Left,4270,284,278,13,nan,nan,1.68
9/21/2025 1:06:52,1.16.3,PRexp,14,3.93,nan,15,Left,Left,4271,284,278,13,nan,nan,0.26
9/21/2025 1:06:55,1.16.3,PRexp,14,3.93,nan,15,Left,Left,4272,284,278,13,nan,nan,1.73
9/21/2025 1:06:58,1.16.3,PRexp,14,3.93,nan,15,Left,Left,4273,284,278,13,nan,nan,0.00
9/21/2025 1:07:01,1.16.3,PRexp,14,3.93,nan,15,Left,Left,4274,284,278,13,nan,nan,0.74
9/21/2025 1:07:08,1.16.3,PRexp,14,3.93,nan,15,Left,Left,4275,284,278,13,nan,nan,0.98
9/21/2025 1:07:13,1.16.3,PRexp,14,3.93,nan,15,Left,Left,4276,284,278,13,nan,nan,0.07
9/21/2025 1:07:16,1.16.3,PRexp,14,3.93,nan,15,Left,Left,4277,284,278,13,nan,nan,0.12
9/21/2025 1:07:19,1.16.3,PRexp,14,3.93,nan,15,Left,Left,4278,284,278,13,nan,nan,1.06
9/21/2025 1:07:24,1.16.3,PRexp,14,3.93,nan,15,Left,Left,4279,284,278,13,nan,nan,0.01
9/21/2025 1:07:25,1.16.3,PRexp,14,3.93,nan,15,Left,Left,4280,284,278,13,nan,nan,0.00
9/21/2025 1:07:30,1.16.3,PRexp,14,3.93,nan,15,Left,Left,4281,284,278,13,nan,nan,0.42
9/21/2025 1:07:31,1.16.3,PRexp,14,3.93,nan,15,Left,Left,4282,284,278,13,nan,nan,0.12
9/21/2025 1:07:32,1.16.3,PRexp,14,3.93,1,15,Pellet,Left,4282,284,279,14,0.36,608,nan
9/21/2025 1:08:38,1.16.3,PRexp,14,3.93,nan,17,Left,Left,4283,284,279,14,nan,nan,0.06
9/21/2025 1:08:42,1.16.3,PRexp,14,3.93,nan,17,Left,Left,4284,284,279,14,nan,nan,1.08
9/21/2025 1:08:44,1.16.3,PRexp,14,3.93,nan,17,Left,Left,4285,284,279,14,nan,nan,0.09
9/21/2025 1:08:51,1.16.3,PRexp,14,3.93,nan,17,Left,Left,4286,284,279,14,nan,nan,0.13
9/21/2025 1:08:58,1.16.3,PRexp,14,3.93,nan,17,Left,Left,4287,284,279,14,nan,nan,0.00
9/21/2025 1:09:04,1.16.3,PRexp,14,3.93,nan,17,Left,Left,4288,284,279,14,nan,nan,1.52
9/21/2025 1:10:01,1.16.3,PRexp,14,3.93,nan,17,Left,Left,4289,284,279,14,nan,nan,0.71
9/21/2025 1:10:08,1.16.3,PRexp,14,3.93,nan,17,Left,Left,4290,284,279,14,nan,nan,0.28
9/21/2025 1:10:14,1.16.3,PRexp,14,3.93,nan,17,Left,Left,4291,284,279,14,nan,nan,0.04
9/21/2025 1:10:15,1.16.3,PRexp,14,3.93,nan,17,Left,Left,4292,284,279,14,nan,nan,0.01
9/21/2025 1:10:24,1.16.3,PRexp,14,3.93,nan,17,Left,Left,4293,284,279,14,nan,nan,1.35
9/21/2025 1:10:25,1.16.3,PRexp,14,3.93,nan,17,Left,Left,4294,284,279,14,nan,nan,0.08
9/21/2025 1:10:29,1.16.3,PRexp,14,3.93,nan,17,Left,Left,4295,284,279,14,nan,nan,0.47
9/21/2025 1:10:32,1.16.3,PRexp,14,3.93,nan,17,Left,Left,4296,284,279,14,nan,nan,0.40
9/21/2025 1:10:33,1.16.3,PRexp,14,3.93,nan,17,Left,Left,4297,284,279,14,nan,nan,0.00
9/21/2025 1:10:34,1.16.3,PRexp,14,3.93,nan,17,Left,Left,4298,284,279,14,nan,nan,0.13
9/21/2025 1:10:39,1.16.3,PRexp,14,3.93,nan,17,Left,Left,4299,284,279,14,nan,nan,0.03
9/21/2025 1:10:41,1.16.3,PRexp,14,3.93,1,17,Pellet,Left,4299,284,280,15,0.42,188,nan
9/21/2025 1:11:18,1.16.3,PRexp,14,3.93,nan,20,Left,Left,4300,284,280,15,nan,nan,0.13
9/21/2025 1:11:37,1.16.3,PRexp,14,3.93,nan,20,Left,Left,4301,284,280,15,nan,nan,0.18
9/21/2025 1:11:40,1.16.3,PRexp,14,3.93,nan,20,Left,Left,4302,284,280,15,nan,nan,0.22
9/21/2025 1:11:41,1.16.3,PRexp,14,3.93,nan,20,Left,Left,4303,284,280,15,nan,nan,0.04
9/21/2025 1:12:38,1.16.3,PRexp,14,3.93,nan,20,Left,Left,4304,284,280,15,nan,nan,0.02
9/21/2025 1:12:44,1.16.3,PRexp,14,3.93,nan,20,Left,Left,4305,284,280,15,nan,nan,0.35
9/21/2025 1:12:46,1.16.3,PRexp,14,3.93,nan,20,Left,Left,4306,284,280,15,nan,nan,0.20
9/21/2025 1:12:47,1.16.3,PRexp,14,3.93,nan,20,Left,Left,4307,284,280,15,nan,nan,0.02
9/21/2025 1:12:50,1.16.3,PRexp,14,3.93,nan,20,Left,Left,4308,284,280,15,nan,nan,0.03
9/21/2025 1:12:51,1.16.3,PRexp,14,3.93,nan,20,Left,Left,4309,284,280,15,nan,nan,0.67
9/21/2025 1:12:56,1.16.3,PRexp,14,3.93,nan,20,Left,Left,4310,284,280,15,nan,nan,0.62
9/21/2025 1:12:58,1.16.3,PRexp,14,3.93,nan,20,Left,Left,4311,284,280,15,nan,nan,0.74
9/21/2025 1:12:59,1.16.3,PRexp,14,3.92,nan,20,Left,Left,4312,284,280,15,nan,nan,0.55
9/21/2025 1:13:02,1.16.3,PRexp,14,3.93,nan,20,Left,Left,4313,284,280,15,nan,nan,0.63
9/21/2025 1:13:07,1.16.3,PRexp,14,3.93,nan,20,Left,Left,4314,284,280,15,nan,nan,0.22
9/21/2025 1:13:08,1.16.3,PRexp,14,3.92,nan,20,Left,Left,4315,284,280,15,nan,nan,0.09
9/21/2025 1:13:09,1.16.3,PRexp,14,3.93,nan,20,Left,Left,4316,284,280,15,nan,nan,0.00
9/21/2025 1:32:02,1.16.3,PRexp,14,3.93,nan,20,Left,Left,4317,284,280,15,nan,nan,0.03
9/21/2025 1:32:06,1.16.3,PRexp,14,3.93,nan,20,Left,Left,4318,284,280,15,nan,nan,2.29
9/21/2025 1:32:09,1.16.3,PRexp,14,3.93,nan,20,Left,Left,4319,284,280,15,nan,nan,1.55
9/21/2025 1:32:10,1.16.3,PRexp,14,3.93,nan,20,LeftDuringDispense,Left,4320,284,280,16,nan,nan,0.04
9/21/2025 1:32:13,1.16.3,PRexp,14,3.93,3,20,Pellet,Left,4320,284,281,16,0.30,1293,nan
9/21/2025 1:32:47,1.16.3,PRexp,14,3.93,nan,22,Left,Left,4321,284,281,16,nan,nan,0.09
9/21/2025 1:32:59,1.16.3,PRexp,14,3.93,nan,22,Left,Left,4322,284,281,16,nan,nan,0.06
9/21/2025 1:33:07,1.16.3,PRexp,14,3.93,nan,22,Left,Left,4323,284,281,16,nan,nan,0.09
9/21/2025 1:33:08,1.16.3,PRexp,14,3.93,nan,22,Left,Left,4324,284,281,16,nan,nan,0.09
9/21/2025 1:33:18,1.16.3,PRexp,14,3.93,nan,22,Left,Left,4325,284,281,16,nan,nan,0.01
9/21/2025 1:33:26,1.16.3,PRexp,14,3.93,nan,22,Left,Left,4326,284,281,16,nan,nan,0.02
9/21/2025 1:33:31,1.16.3,PRexp,14,3.93,nan,22,Left,Left,4327,284,281,16,nan,nan,0.57
9/21/2025 1:33:37,1.16.3,PRexp,14,3.93,nan,22,Left,Left,4328,284,281,16,nan,nan,0.09
9/21/2025 1:33:43,1.16.3,PRexp,14,3.93,nan,22,Left,Left,4329,284,281,16,nan,nan,2.12
9/21/2025 1:33:44,1.16.3,PRexp,14,3.92,nan,22,Left,Left,4330,284,281,16,nan,nan,0.00
9/21/2025 1:33:48,1.16.3,PRexp,14,3.93,nan,22,Left,Left,4331,284,281,16,nan,nan,0.08
9/21/2025 1:34:00,1.16.3,PRexp,14,3.93,nan,22,Left,Left,4332,284,281,16,nan,nan,1.73
9/21/2025 1:34:01,1.16.3,PRexp,14,3.92,nan,22,Left,Left,4333,284,281,16,nan,nan,0.08
9/21/2025 1:34:06,1.16.3,PRexp,14,3.93,nan,22,Left,Left,4334,284,281,16,nan,nan,0.10
9/21/2025 1:34:08,1.16.3,PRexp,14,3.93,nan,22,Left,Left,4335,284,281,16,nan,nan,0.06
9/21/2025 1:34:18,1.16.3,PRexp,14,3.93,nan,22,Left,Left,4336,284,281,16,nan,nan,0.05
9/21/2025 1:34:27,1.16.3,PRexp,14,3.93,nan,22,Left,Left,4337,284,281,16,nan,nan,0.50
9/21/2025 1:34:31,1.16.3,PRexp,14,3.93,nan,22,Left,Left,4338,284,281,16,nan,nan,0.93
9/21/2025 1:34:35,1.16.3,PRexp,14,3.93,nan,22,Left,Left,4339,284,281,16,nan,nan,0.46
9/21/2025 1:52:00,1.16.3,PRexp,14,3.93,nan,22,Left,Left,4340,284,281,16,nan,nan,1.63
9/21/2025 1:52:02,1.16.3,PRexp,14,3.93,nan,22,Left,Left,4341,284,281,16,nan,nan,0.02
9/21/2025 1:52:03,1.16.3,PRexp,14,3.93,nan,22,Left,Left,4342,284,281,16,nan,nan,0.03
9/21/2025 1:52:05,1.16.3,PRexp,14,3.93,1,22,Pellet,Left,4342,284,282,17,0.79,1192,nan
9/21/2025 1:53:24,1.16.3,PRexp,14,3.93,nan,25,Left,Left,4343,284,282,17,nan,nan,1.81
9/21/2025 1:53:25,1.16.3,PRexp,14,3.93,nan,25,Left,Left,4344,284,282,17,nan,nan,0.43
9/21/2025 1:53:30,1.16.3,PRexp,14,3.93,nan,25,Left,Left,4345,284,282,17,nan,nan,0.17
9/21/2025 1:53:32,1.16.3,PRexp,14,3.93,nan,25,Left,Left,4346,284,282,17,nan,nan,0.00
9/21/2025 1:53:35,1.16.3,PRexp,14,3.93,nan,25,Left,Left,4347,284,282,17,nan,nan,1.26
9/21/2025 1:53:38,1.16.3,PRexp,14,3.93,nan,25,Left,Left,4348,284,282,17,nan,nan,0.06
9/21/2025 1:53:40,1.16.3,PRexp,14,3.93,nan,25,Left,Left,4349,284,282,17,nan,nan,0.25
9/21/2025 1:53:42,1.16.3,PRexp,14,3.92,nan,25,Left,Left,4350,284,282,17,nan,nan,0.03
9/21/2025 1:53:45,1.16.3,PRexp,14,3.93,nan,25,Left,Left,4351,284,282,17,nan,nan,1.17
9/21/2025 1:53:48,1.16.3,PRexp,14,3.92,nan,25,Left,Left,4352,284,282,17,nan,nan,0.92
9/21/2025 1:53:50,1.16.3,PRexp,14,3.93,nan,25,Left,Left,4353,284,282,17,nan,nan,0.40
9/21/2025 1:53:51,1.16.3,PRexp,14,3.93,nan,25,Left,Left,4354,284,282,17,nan,nan,0.37
9/21/2025 1:53:54,1.16.3,PRexp,14,3.93,nan,25,Left,Left,4355,284,282,17,nan,nan,0.72
9/21/2025 1:53:56,1.16.3,PRexp,14,3.93,nan,25,Left,Left,4356,284,282,17,nan,nan,0.65
9/21/2025 1:54:01,1.16.3,PRexp,14,3.93,nan,25,Left,Left,4357,284,282,17,nan,nan,2.22
9/21/2025 1:54:02,1.16.3,PRexp,14,3.93,nan,25,Left,Left,4358,284,282,17,nan,nan,0.00
9/21/2025 1:54:07,1.16.3,PRexp,14,3.93,nan,25,Left,Left,4359,284,282,17,nan,nan,0.29
9/21/2025 1:54:10,1.16.3,PRexp,14,3.93,nan,25,Left,Left,4360,284,282,17,nan,nan,0.55
9/21/2025 1:54:14,1.16.3,PRexp,14,3.93,nan,25,Left,Left,4361,284,282,17,nan,nan,0.53
9/21/2025 1:54:17,1.16.3,PRexp,14,3.93,nan,25,Left,Left,4362,284,282,17,nan,nan,0.03
9/21/2025 1:54:21,1.16.3,PRexp,14,3.93,nan,25,Left,Left,4363,284,282,17,nan,nan,0.14
9/21/2025 1:54:23,1.16.3,PRexp,14,3.93,nan,25,Left,Left,4364,284,282,17,nan,nan,0.00
9/21/2025 1:54:26,1.16.3,PRexp,14,3.93,nan,25,Left,Left,4365,284,282,17,nan,nan,0.00
9/21/2025 1:54:33,1.16.3,PRexp,14,3.93,nan,25,Left,Left,4366,284,282,17,nan,nan,0.60
9/21/2025 1:54:34,1.16.3,PRexp,14,3.93,nan,25,Left,Left,4367,284,282,17,nan,nan,0.15
9/21/2025 1:54:35,1.16.3,PRexp,14,3.93,1,25,Pellet,Left,4367,284,283,18,0.49,150,nan
9/21/2025 2:00:33,1.16.3,PRexp,14,3.93,nan,28,Left,Left,4368,284,283,18,nan,nan,0.17
9/21/2025 2:00:36,1.16.3,PRexp,14,3.92,nan,28,Left,Left,4369,284,283,18,nan,nan,0.81
9/21/2025 2:00:38,1.16.3,PRexp,14,3.93,nan,28,Left,Left,4370,284,283,18,nan,nan,0.02
9/21/2025 2:00:41,1.16.3,PRexp,14,3.93,nan,28,Left,Left,4371,284,283,18,nan,nan,0.52
9/21/2025 2:00:48,1.16.3,PRexp,14,3.93,nan,28,Left,Left,4372,284,283,18,nan,nan,0.67
9/21/2025 2:00:53,1.16.3,PRexp,14,3.93,nan,28,Left,Left,4373,284,283,18,nan,nan,0.47
9/21/2025 2:00:55,1.16.3,PRexp,14,3.93,nan,28,Left,Left,4374,284,283,18,nan,nan,0.71
9/21/2025 2:00:57,1.16.3,PRexp,14,3.93,nan,28,Left,Left,4375,284,283,18,nan,nan,0.03
9/21/2025 2:01:01,1.16.3,PRexp,14,3.93,nan,28,Left,Left,4376,284,283,18,nan,nan,0.03
9/21/2025 2:01:02,1.16.3,PRexp,14,3.93,nan,28,Left,Left,4377,284,283,18,nan,nan,0.04
9/21/2025 2:01:05,1.16.3,PRexp,14,3.93,nan,28,Left,Left,4378,284,283,18,nan,nan,0.84
9/21/2025 2:01:08,1.16.3,PRexp,14,3.93,nan,28,Left,Left,4379,284,283,18,nan,nan,0.04
9/21/2025 2:01:10,1.16.3,PRexp,14,3.92,nan,28,Left,Left,4380,284,283,18,nan,nan,0.00
9/21/2025 2:01:11,1.16.3,PRexp,14,3.93,nan,28,Left,Left,4381,284,283,18,nan,nan,0.13
9/21/2025 2:01:12,1.16.3,PRexp,14,3.93,nan,28,Left,Left,4382,284,283,18,nan,nan,0.00
9/21/2025 2:01:15,1.16.3,PRexp,14,3.93,nan,28,Left,Left,4383,284,283,18,nan,nan,0.25
9/21/2025 2:01:17,1.16.3,PRexp,14,3.93,nan,28,Left,Left,4384,284,283,18,nan,nan,0.00
9/21/2025 2:01:19,1.16.3,PRexp,14,3.93,nan,28,Left,Left,4385,284,283,18,nan,nan,0.37
9/21/2025 2:01:20,1.16.3,PRexp,14,3.93,nan,28,Left,Left,4386,284,283,18,nan,nan,0.45
9/21/2025 2:01:25,1.16.3,PRexp,14,3.93,nan,28,Left,Left,4387,284,283,18,nan,nan,0.54
9/21/2025 2:01:28,1.16.3,PRexp,14,3.93,nan,28,Left,Left,4388,284,283,18,nan,nan,0.00
9/21/2025 2:01:29,1.16.3,PRexp,14,3.93,nan,28,Left,Left,4389,284,283,18,nan,nan,0.00
9/21/2025 2:01:32,1.16.3,PRexp,14,3.93,nan,28,Left,Left,4390,284,283,18,nan,nan,1.21
9/21/2025 2:06:16,1.16.3,PRexp,14,3.93,nan,28,Left,Left,4391,284,283,18,nan,nan,0.12
9/21/2025 2:06:17,1.16.3,PRexp,14,3.92,nan,28,Left,Left,4392,284,283,18,nan,nan,0.03
9/21/2025 2:06:19,1.16.3,PRexp,14,3.93,nan,28,Left,Left,4393,284,283,18,nan,nan,1.10
9/21/2025 2:06:20,1.16.3,PRexp,14,3.93,nan,28,Left,Left,4394,284,283,18,nan,nan,0.17
9/21/2025 2:06:23,1.16.3,PRexp,14,3.92,nan,28,Right,Left,4394,285,283,18,nan,nan,0.14
9/21/2025 2:08:36,1.16.3,PRexp,14,3.92,nan,28,Left,Left,4395,285,283,18,nan,nan,0.02
9/21/2025 2:08:40,1.16.3,PRexp,14,3.93,1,28,Pellet,Left,4395,285,284,19,3.81,845,nan
9/21/2025 2:09:45,1.16.3,PRexp,14,3.92,nan,32,Left,Left,4396,285,284,19,nan,nan,0.36
9/21/2025 2:09:46,1.16.3,PRexp,14,3.92,nan,32,Left,Left,4397,285,284,19,nan,nan,0.05
9/21/2025 2:09:55,1.16.3,PRexp,14,3.93,nan,32,Right,Left,4397,286,284,19,nan,nan,0.11
9/21/2025 2:09:56,1.16.3,PRexp,14,3.93,nan,32,Right,Left,4397,287,284,19,nan,nan,0.00
9/21/2025 2:11:01,1.16.3,PRexp,14,3.93,nan,32,Left,Left,4398,287,284,19,nan,nan,0.02
9/21/2025 2:11:04,1.16.3,PRexp,14,3.93,nan,32,Left,Left,4399,287,284,19,nan,nan,0.71
9/21/2025 2:11:05,1.16.3,PRexp,14,3.93,nan,32,Left,Left,4400,287,284,19,nan,nan,0.01
9/21/2025 2:11:06,1.16.3,PRexp,14,3.93,nan,32,Left,Left,4401,287,284,19,nan,nan,0.00
9/21/2025 2:11:07,1.16.3,PRexp,14,3.93,nan,32,Left,Left,4402,287,284,19,nan,nan,0.00
9/21/2025 2:11:09,1.16.3,PRexp,14,3.93,nan,32,Left,Left,4403,287,284,19,nan,nan,0.16
9/21/2025 2:11:11,1.16.3,PRexp,14,3.93,nan,32,Right,Left,4403,288,284,19,nan,nan,0.01
9/21/2025 2:17:14,1.16.3,PRexp,14,3.92,nan,32,Left,Left,4404,288,284,19,nan,nan,0.06
9/21/2025 2:17:16,1.16.3,PRexp,14,3.93,nan,32,Left,Left,4405,288,284,19,nan,nan,0.08
9/21/2025 2:17:17,1.16.3,PRexp,14,3.92,nan,32,Left,Left,4406,288,284,19,nan,nan,0.16
9/21/2025 2:17:19,1.16.3,PRexp,14,3.93,nan,32,Left,Left,4407,288,284,19,nan,nan,0.63
9/21/2025 2:17:19,1.16.3,PRexp,14,3.92,nan,32,Left,Left,4408,288,284,19,nan,nan,0.00
9/21/2025 2:17:21,1.16.3,PRexp,14,3.93,nan,32,Left,Left,4409,288,284,19,nan,nan,0.01
9/21/2025 2:17:22,1.16.3,PRexp,14,3.93,nan,32,Left,Left,4410,288,284,19,nan,nan,0.04
9/21/2025 2:17:23,1.16.3,PRexp,14,3.92,nan,32,Left,Left,4411,288,284,19,nan,nan,0.06
9/21/2025 2:17:25,1.16.3,PRexp,14,3.93,nan,32,Left,Left,4412,288,284,19,nan,nan,0.66
9/21/2025 2:17:27,1.16.3,PRexp,14,3.92,nan,32,Left,Left,4413,288,284,19,nan,nan,0.08
9/21/2025 2:17:33,1.16.3,PRexp,14,3.93,nan,32,Left,Left,4414,288,284,19,nan,nan,0.04
9/21/2025 2:17:34,1.16.3,PRexp,14,3.93,nan,32,Left,Left,4415,288,284,19,nan,nan,0.46
9/21/2025 2:17:36,1.16.3,PRexp,14,3.93,nan,32,Left,Left,4416,288,284,19,nan,nan,0.32
9/21/2025 2:17:37,1.16.3,PRexp,14,3.92,nan,32,Left,Left,4417,288,284,19,nan,nan,0.03
9/21/2025 2:19:40,1.16.3,PRexp,14,3.93,nan,32,Left,Left,4418,288,284,19,nan,nan,0.11
9/21/2025 2:19:41,1.16.3,PRexp,14,3.93,nan,32,Left,Left,4419,288,284,19,nan,nan,0.37
9/21/2025 2:19:43,1.16.3,PRexp,14,3.93,nan,32,Left,Left,4420,288,284,19,nan,nan,0.42
9/21/2025 2:19:44,1.16.3,PRexp,14,3.93,nan,32,Left,Left,4421,288,284,19,nan,nan,0.00
9/21/2025 2:20:03,1.16.3,PRexp,14,3.93,nan,32,Left,Left,4422,288,284,19,nan,nan,0.02
9/21/2025 2:20:34,1.16.3,PRexp,14,3.93,nan,32,Left,Left,4423,288,284,19,nan,nan,0.02
9/21/2025 2:24:46,1.16.3,PRexp,14,3.93,nan,32,Left,Left,4424,288,284,19,nan,nan,0.03
9/21/2025 2:24:48,1.16.3,PRexp,14,3.92,nan,32,Left,Left,4425,288,284,19,nan,nan,0.02
9/21/2025 2:24:50,1.16.3,PRexp,14,3.93,nan,32,Left,Left,4426,288,284,19,nan,nan,0.02
9/21/2025 2:24:53,1.16.3,PRexp,14,3.92,nan,32,Left,Left,4427,288,284,19,nan,nan,0.34
9/21/2025 2:24:54,1.16.3,PRexp,14,3.92,1,32,Pellet,Left,4427,288,285,20,0.24,974,nan
9/21/2025 2:25:56,1.16.3,PRexp,14,3.92,nan,36,Left,Left,4428,288,285,20,nan,nan,0.07
9/21/2025 2:25:57,1.16.3,PRexp,14,3.92,nan,36,Left,Left,4429,288,285,20,nan,nan,0.11
9/21/2025 2:26:00,1.16.3,PRexp,14,3.93,nan,36,Left,Left,4430,288,285,20,nan,nan,0.13
9/21/2025 2:26:01,1.16.3,PRexp,14,3.93,nan,36,Left,Left,4431,288,285,20,nan,nan,0.09
9/21/2025 2:26:04,1.16.3,PRexp,14,3.93,nan,36,Left,Left,4432,288,285,20,nan,nan,0.17
9/21/2025 2:26:05,1.16.3,PRexp,14,3.93,nan,36,Left,Left,4433,288,285,20,nan,nan,0.32
9/21/2025 2:26:09,1.16.3,PRexp,14,3.93,nan,36,Left,Left,4434,288,285,20,nan,nan,0.10
9/21/2025 2:26:09,1.16.3,PRexp,14,3.93,nan,36,Left,Left,4435,288,285,20,nan,nan,0.00
9/21/2025 2:26:11,1.16.3,PRexp,14,3.92,nan,36,Left,Left,4436,288,285,20,nan,nan,0.15
9/21/2025 2:26:12,1.16.3,PRexp,14,3.93,nan,36,Left,Left,4437,288,285,20,nan,nan,0.15
9/21/2025 2:28:16,1.16.3,PRexp,14,3.92,nan,36,Right,Left,4437,289,285,20,nan,nan,0.09
9/21/2025 2:28:19,1.16.3,PRexp,14,3.93,nan,36,Right,Left,4437,290,285,20,nan,nan,0.85
9/21/2025 2:28:20,1.16.3,PRexp,14,3.93,nan,36,Right,Left,4437,291,285,20,nan,nan,0.00
9/21/2025 2:28:22,1.16.3,PRexp,14,3.93,nan,36,Right,Left,4437,292,285,20,nan,nan,0.40
9/21/2025 2:28:23,1.16.3,PRexp,14,3.93,nan,36,Right,Left,4437,293,285,20,nan,nan,0.08
9/21/2025 2:28:26,1.16.3,PRexp,14,3.93,nan,36,Right,Left,4437,294,285,20,nan,nan,0.32
9/21/2025 2:28:28,1.16.3,PRexp,14,3.93,nan,36,Right,Left,4437,295,285,20,nan,nan,0.23
9/21/2025 2:28:30,1.16.3,PRexp,14,3.93,nan,36,Left,Left,4438,295,285,20,nan,nan,0.06
9/21/2025 2:28:31,1.16.3,PRexp,14,3.93,nan,36,Left,Left,4439,295,285,20,nan,nan,0.00
9/21/2025 2:28:32,1.16.3,PRexp,14,3.92,nan,36,Left,Left,4440,295,285,20,nan,nan,0.00
9/21/2025 2:30:17,1.16.3,PRexp,14,3.92,nan,36,Left,Left,4441,295,285,20,nan,nan,0.03
9/21/2025 2:30:19,1.16.3,PRexp,14,3.93,nan,36,Left,Left,4442,295,285,20,nan,nan,0.41
9/21/2025 2:30:20,1.16.3,PRexp,14,3.93,nan,36,Left,Left,4443,295,285,20,nan,nan,0.47
9/21/2025 2:30:22,1.16.3,PRexp,14,3.93,nan,36,Left,Left,4444,295,285,20,nan,nan,0.26
9/21/2025 2:30:24,1.16.3,PRexp,14,3.93,nan,36,Left,Left,4445,295,285,20,nan,nan,0.11
9/21/2025 2:30:25,1.16.3,PRexp,14,3.93,nan,36,Left,Left,4446,295,285,20,nan,nan,0.00
9/21/2025 2:30:27,1.16.3,PRexp,14,3.92,nan,36,Left,Left,4447,295,285,20,nan,nan,0.61
9/21/2025 2:30:29,1.16.3,PRexp,14,3.92,nan,36,Left,Left,4448,295,285,20,nan,nan,0.19
9/21/2025 2:30:30,1.16.3,PRexp,14,3.93,nan,36,Left,Left,4449,295,285,20,nan,nan,0.29
9/21/2025 2:30:32,1.16.3,PRexp,14,3.93,nan,36,Left,Left,4450,295,285,20,nan,nan,0.26
9/21/2025 2:30:33,1.16.3,PRexp,14,3.92,nan,36,Left,Left,4451,295,285,20,nan,nan,0.14
9/21/2025 2:30:34,1.16.3,PRexp,14,3.93,nan,36,Left,Left,4452,295,285,20,nan,nan,0.13
9/21/2025 2:30:36,1.16.3,PRexp,14,3.93,nan,36,Left,Left,4453,295,285,20,nan,nan,0.00
9/21/2025 2:30:37,1.16.3,PRexp,14,3.92,nan,36,Left,Left,4454,295,285,20,nan,nan,0.15
9/21/2025 2:30:38,1.16.3,PRexp,14,3.93,nan,36,Left,Left,4455,295,285,20,nan,nan,0.00
9/21/2025 2:30:39,1.16.3,PRexp,14,3.92,nan,36,Left,Left,4456,295,285,20,nan,nan,0.15
9/21/2025 2:30:41,1.16.3,PRexp,14,3.93,nan,36,Left,Left,4457,295,285,20,nan,nan,0.71
9/21/2025 2:34:11,1.16.3,PRexp,14,3.92,nan,36,Left,Left,4458,295,285,20,nan,nan,1.06
9/21/2025 2:34:16,1.16.3,PRexp,14,3.93,nan,36,Left,Left,4459,295,285,20,nan,nan,0.47
9/21/2025 2:34:21,1.16.3,PRexp,14,3.93,nan,36,Left,Left,4460,295,285,20,nan,nan,0.85
9/21/2025 2:34:22,1.16.3,PRexp,14,3.93,nan,36,Left,Left,4461,295,285,20,nan,nan,0.78
9/21/2025 2:34:24,1.16.3,PRexp,14,3.93,nan,36,Left,Left,4462,295,285,20,nan,nan,0.58
9/21/2025 2:34:26,1.16.3,PRexp,14,3.93,nan,36,Left,Left,4463,295,285,20,nan,nan,0.79
9/21/2025 2:34:27,1.16.3,PRexp,14,3.92,1,36,Pellet,Left,4463,295,286,21,0.24,573,nan
9/21/2025 2:51:03,1.16.3,PRexp,14,3.92,nan,40,Left,Left,4464,295,286,21,nan,nan,0.07
9/21/2025 2:51:06,1.16.3,PRexp,14,3.93,nan,40,Left,Left,4465,295,286,21,nan,nan,0.12
9/21/2025 2:51:13,1.16.3,PRexp,14,3.92,nan,40,Left,Left,4466,295,286,21,nan,nan,0.89
9/21/2025 2:51:16,1.16.3,PRexp,14,3.92,nan,40,Left,Left,4467,295,286,21,nan,nan,0.70
9/21/2025 2:51:18,1.16.3,PRexp,14,3.93,nan,40,Left,Left,4468,295,286,21,nan,nan,0.93
9/21/2025 2:51:20,1.16.3,PRexp,14,3.92,nan,40,Left,Left,4469,295,286,21,nan,nan,0.26
9/21/2025 2:51:21,1.16.3,PRexp,14,3.93,nan,40,Left,Left,4470,295,286,21,nan,nan,0.60
9/21/2025 2:51:23,1.16.3,PRexp,14,3.92,nan,40,Left,Left,4471,295,286,21,nan,nan,0.36
9/21/2025 2:51:25,1.16.3,PRexp,14,3.93,nan,40,Left,Left,4472,295,286,21,nan,nan,1.27
9/21/2025 2:51:28,1.16.3,PRexp,14,3.93,nan,40,Left,Left,4473,295,286,21,nan,nan,0.53
9/21/2025 2:51:29,1.16.3,PRexp,14,3.93,nan,40,Left,Left,4474,295,286,21,nan,nan,0.06
9/21/2025 2:51:32,1.16.3,PRexp,14,3.93,nan,40,Left,Left,4475,295,286,21,nan,nan,0.05
9/21/2025 2:59:20,1.16.3,PRexp,14,3.92,nan,40,Left,Left,4476,295,286,21,nan,nan,0.13
9/21/2025 2:59:21,1.16.3,PRexp,14,3.93,nan,40,Left,Left,4477,295,286,21,nan,nan,0.01
9/21/2025 2:59:25,1.16.3,PRexp,14,3.92,nan,40,Left,Left,4478,295,286,21,nan,nan,0.68
9/21/2025 2:59:27,1.16.3,PRexp,14,3.92,nan,40,Left,Left,4479,295,286,21,nan,nan,1.08
9/21/2025 2:59:40,1.16.3,PRexp,14,3.93,nan,40,Left,Left,4480,295,286,21,nan,nan,0.25
9/21/2025 2:59:43,1.16.3,PRexp,14,3.93,nan,40,Left,Left,4481,295,286,21,nan,nan,0.23
9/21/2025 3:20:01,1.16.3,PRexp,14,3.93,nan,40,Left,Left,4482,295,286,21,nan,nan,0.03
9/21/2025 3:20:08,1.16.3,PRexp,14,3.92,nan,40,Left,Left,4483,295,286,21,nan,nan,0.07
9/21/2025 3:20:11,1.16.3,PRexp,14,3.92,nan,40,Left,Left,4484,295,286,21,nan,nan,0.78
9/21/2025 3:20:14,1.16.3,PRexp,14,3.93,nan,40,Left,Left,4485,295,286,21,nan,nan,0.84
9/21/2025 3:20:16,1.16.3,PRexp,14,3.92,nan,40,Left,Left,4486,295,286,21,nan,nan,0.02
9/21/2025 3:20:18,1.16.3,PRexp,14,3.92,nan,40,Left,Left,4487,295,286,21,nan,nan,0.44
9/21/2025 3:20:22,1.16.3,PRexp,14,3.93,nan,40,Left,Left,4488,295,286,21,nan,nan,1.00
9/21/2025 3:20:23,1.16.3,PRexp,14,3.92,nan,40,Left,Left,4489,295,286,21,nan,nan,0.00
9/21/2025 3:20:25,1.16.3,PRexp,14,3.93,nan,40,Left,Left,4490,295,286,21,nan,nan,0.55
9/21/2025 3:20:28,1.16.3,PRexp,14,3.93,nan,40,Left,Left,4491,295,286,21,nan,nan,1.04
9/21/2025 3:20:30,1.16.3,PRexp,14,3.93,nan,40,Left,Left,4492,295,286,21,nan,nan,1.00
9/21/2025 3:20:32,1.16.3,PRexp,14,3.92,nan,40,Left,Left,4493,295,286,21,nan,nan,0.69
9/21/2025 3:20:33,1.16.3,PRexp,14,3.92,nan,40,Left,Left,4494,295,286,21,nan,nan,0.67
9/21/2025 3:20:35,1.16.3,PRexp,14,3.93,nan,40,Left,Left,4495,295,286,21,nan,nan,0.02
9/21/2025 3:20:36,1.16.3,PRexp,14,3.92,nan,40,Left,Left,4496,295,286,21,nan,nan,0.39
9/21/2025 3:20:42,1.16.3,PRexp,14,3.92,nan,40,Left,Left,4497,295,286,21,nan,nan,1.11
9/21/2025 3:20:45,1.16.3,PRexp,14,3.92,nan,40,Left,Left,4498,295,286,21,nan,nan,0.89
9/21/2025 3:20:47,1.16.3,PRexp,14,3.92,nan,40,Left,Left,4499,295,286,21,nan,nan,0.02
9/21/2025 3:20:48,1.16.3,PRexp,14,3.93,nan,40,Left,Left,4500,295,286,21,nan,nan,0.35
9/21/2025 3:20:50,1.16.3,PRexp,14,3.92,nan,40,Left,Left,4501,295,286,21,nan,nan,0.20
9/21/2025 3:20:52,1.16.3,PRexp,14,3.92,nan,40,Left,Left,4502,295,286,21,nan,nan,1.64
9/21/2025 3:20:54,1.16.3,PRexp,14,3.93,nan,40,Left,Left,4503,295,286,21,nan,nan,0.22
9/21/2025 3:20:54,1.16.3,PRexp,14,3.92,nan,40,LeftDuringDispense,Left,4504,295,286,22,nan,nan,0.10
9/21/2025 3:20:58,1.16.3,PRexp,14,3.93,2,40,Pellet,Left,4504,295,287,22,0.73,2791,nan
9/21/2025 3:22:23,1.16.3,PRexp,14,3.92,nan,45,Left,Left,4505,295,287,22,nan,nan,0.10
9/21/2025 3:22:26,1.16.3,PRexp,14,3.92,nan,45,Left,Left,4506,295,287,22,nan,nan,0.40
9/21/2025 3:22:27,1.16.3,PRexp,14,3.92,nan,45,Left,Left,4507,295,287,22,nan,nan,0.03
9/21/2025 3:22:47,1.16.3,PRexp,14,3.93,nan,45,Left,Left,4508,295,287,22,nan,nan,0.06
9/21/2025 3:22:48,1.16.3,PRexp,14,3.92,nan,45,Left,Left,4509,295,287,22,nan,nan,0.03
9/21/2025 3:23:01,1.16.3,PRexp,14,3.92,nan,45,Left,Left,4510,295,287,22,nan,nan,0.09
9/21/2025 3:23:04,1.16.3,PRexp,14,3.93,nan,45,Left,Left,4511,295,287,22,nan,nan,0.03
9/21/2025 3:23:08,1.16.3,PRexp,14,3.93,nan,45,Left,Left,4512,295,287,22,nan,nan,0.12
9/21/2025 3:23:16,1.16.3,PRexp,14,3.92,nan,45,Left,Left,4513,295,287,22,nan,nan,0.13
9/21/2025 3:23:26,1.16.3,PRexp,14,3.92,nan,45,Left,Left,4514,295,287,22,nan,nan,0.04
9/21/2025 3:23:33,1.16.3,PRexp,14,3.92,nan,45,Left,Left,4515,295,287,22,nan,nan,0.04
9/21/2025 3:23:54,1.16.3,PRexp,14,3.92,nan,45,Left,Left,4516,295,287,22,nan,nan,0.49
9/21/2025 3:23:57,1.16.3,PRexp,14,3.93,nan,45,Left,Left,4517,295,287,22,nan,nan,0.67
9/21/2025 3:24:08,1.16.3,PRexp,14,3.92,nan,45,Left,Left,4518,295,287,22,nan,nan,0.03
9/21/2025 3:24:09,1.16.3,PRexp,14,3.92,nan,45,Left,Left,4519,295,287,22,nan,nan,0.04
9/21/2025 3:24:11,1.16.3,PRexp,14,3.92,nan,45,Left,Left,4520,295,287,22,nan,nan,0.07
9/21/2025 3:24:16,1.16.3,PRexp,14,3.93,nan,45,Left,Left,4521,295,287,22,nan,nan,0.16
9/21/2025 3:24:18,1.16.3,PRexp,14,3.92,nan,45,Left,Left,4522,295,287,22,nan,nan,0.02
9/21/2025 3:24:23,1.16.3,PRexp,14,3.92,nan,45,Left,Left,4523,295,287,22,nan,nan,1.32
9/21/2025 3:24:25,1.16.3,PRexp,14,3.93,nan,45,Left,Left,4524,295,287,22,nan,nan,0.03
9/21/2025 3:24:28,1.16.3,PRexp,14,3.93,nan,45,Left,Left,4525,295,287,22,nan,nan,0.33
9/21/2025 3:24:34,1.16.3,PRexp,14,3.92,nan,45,Left,Left,4526,295,287,22,nan,nan,0.03
9/21/2025 3:24:38,1.16.3,PRexp,14,3.93,nan,45,Left,Left,4527,295,287,22,nan,nan,0.52
9/21/2025 3:24:40,1.16.3,PRexp,14,3.92,nan,45,Left,Left,4528,295,287,22,nan,nan,1.05
9/21/2025 3:24:49,1.16.3,PRexp,14,3.92,nan,45,Left,Left,4529,295,287,22,nan,nan,0.08
9/21/2025 3:28:21,1.16.3,PRexp,14,3.92,nan,45,Left,Left,4530,295,287,22,nan,nan,0.04
9/21/2025 3:28:28,1.16.3,PRexp,14,3.92,nan,45,Left,Left,4531,295,287,22,nan,nan,0.47
9/21/2025 3:28:30,1.16.3,PRexp,14,3.93,nan,45,Left,Left,4532,295,287,22,nan,nan,0.11
9/21/2025 3:28:31,1.16.3,PRexp,14,3.93,nan,45,Left,Left,4533,295,287,22,nan,nan,0.01
9/21/2025 3:28:38,1.16.3,PRexp,14,3.93,nan,45,Left,Left,4534,295,287,22,nan,nan,0.08
9/21/2025 3:28:42,1.16.3,PRexp,14,3.92,nan,45,Left,Left,4535,295,287,22,nan,nan,1.00
9/21/2025 3:28:45,1.16.3,PRexp,14,3.92,nan,45,Left,Left,4536,295,287,22,nan,nan,1.66
9/21/2025 3:28:48,1.16.3,PRexp,14,3.92,nan,45,Left,Left,4537,295,287,22,nan,nan,0.81
9/21/2025 3:28:55,1.16.3,PRexp,14,3.93,nan,45,Left,Left,4538,295,287,22,nan,nan,1.00
9/21/2025 3:28:57,1.16.3,PRexp,14,3.93,nan,45,Left,Left,4539,295,287,22,nan,nan,0.00
9/21/2025 3:29:02,1.16.3,PRexp,14,3.92,nan,45,Left,Left,4540,295,287,22,nan,nan,1.17
9/21/2025 3:41:59,1.16.3,PRexp,14,3.93,nan,45,Left,Left,4541,295,287,22,nan,nan,0.23
9/21/2025 3:42:06,1.16.3,PRexp,14,3.93,nan,45,Left,Left,4542,295,287,22,nan,nan,0.07
9/21/2025 3:42:19,1.16.3,PRexp,14,3.92,nan,45,Left,Left,4543,295,287,22,nan,nan,0.06
9/21/2025 3:42:21,1.16.3,PRexp,14,3.92,nan,45,Left,Left,4544,295,287,22,nan,nan,0.86
9/21/2025 3:42:22,1.16.3,PRexp,14,3.92,nan,45,Left,Left,4545,295,287,22,nan,nan,0.02
9/21/2025 3:42:23,1.16.3,PRexp,14,3.92,nan,45,Left,Left,4546,295,287,22,nan,nan,0.62
9/21/2025 3:42:24,1.16.3,PRexp,14,3.92,nan,45,Left,Left,4547,295,287,22,nan,nan,0.01
9/21/2025 3:42:26,1.16.3,PRexp,14,3.92,nan,45,Left,Left,4548,295,287,22,nan,nan,0.00
9/21/2025 3:42:29,1.16.3,PRexp,14,3.92,nan,45,Left,Left,4549,295,287,22,nan,nan,0.03
9/21/2025 3:42:29,1.16.3,PRexp,14,3.92,nan,45,LeftDuringDispense,Left,4550,295,287,23,nan,nan,0.05
9/21/2025 3:42:33,1.16.3,PRexp,14,3.93,2,45,Pellet,Left,4550,295,288,23,0.36,1294,nan
9/21/2025 3:49:15,1.16.3,PRexp,14,3.92,nan,50,Left,Left,4551,295,288,23,nan,nan,2.81
9/21/2025 3:49:18,1.16.3,PRexp,14,3.92,nan,50,Left,Left,4552,295,288,23,nan,nan,0.44
9/21/2025 3:49:22,1.16.3,PRexp,14,3.92,nan,50,Left,Left,4553,295,288,23,nan,nan,0.69
9/21/2025 3:49:25,1.16.3,PRexp,14,3.91,nan,50,Left,Left,4554,295,288,23,nan,nan,0.01
9/21/2025 3:49:29,1.16.3,PRexp,14,3.93,nan,50,Left,Left,4555,295,288,23,nan,nan,0.02
9/21/2025 3:49:40,1.16.3,PRexp,14,3.92,nan,50,Left,Left,4556,295,288,23,nan,nan,1.78
9/21/2025 3:49:46,1.16.3,PRexp,14,3.93,nan,50,Left,Left,4557,295,288,23,nan,nan,0.15
9/21/2025 3:49:53,1.16.3,PRexp,14,3.92,nan,50,Left,Left,4558,295,288,23,nan,nan,0.04
9/21/2025 3:49:57,1.16.3,PRexp,14,3.92,nan,50,Left,Left,4559,295,288,23,nan,nan,0.04
9/21/2025 3:50:59,1.16.3,PRexp,14,3.92,nan,50,Left,Left,4560,295,288,23,nan,nan,0.11
9/21/2025 3:51:02,1.16.3,PRexp,14,3.92,nan,50,Left,Left,4561,295,288,23,nan,nan,2.68
9/21/2025 3:51:06,1.16.3,PRexp,14,3.92,nan,50,Left,Left,4562,295,288,23,nan,nan,0.56
9/21/2025 3:51:13,1.16.3,PRexp,14,3.92,nan,50,Left,Left,4563,295,288,23,nan,nan,0.71
9/21/2025 3:51:16,1.16.3,PRexp,14,3.93,nan,50,Left,Left,4564,295,288,23,nan,nan,1.58
9/21/2025 3:51:20,1.16.3,PRexp,14,3.92,nan,50,Left,Left,4565,295,288,23,nan,nan,0.85
9/21/2025 3:51:26,1.16.3,PRexp,14,3.92,nan,50,Left,Left,4566,295,288,23,nan,nan,3.67
9/21/2025 3:51:30,1.16.3,PRexp,14,3.92,nan,50,Left,Left,4567,295,288,23,nan,nan,1.00
9/21/2025 3:51:31,1.16.3,PRexp,14,3.92,nan,50,Left,Left,4568,295,288,23,nan,nan,0.00
9/21/2025 3:51:36,1.16.3,PRexp,14,3.92,nan,50,Left,Left,4569,295,288,23,nan,nan,0.85
9/21/2025 3:51:38,1.16.3,PRexp,14,3.92,nan,50,Left,Left,4570,295,288,23,nan,nan,0.00
9/21/2025 3:51:43,1.16.3,PRexp,14,3.92,nan,50,Left,Left,4571,295,288,23,nan,nan,0.02
9/21/2025 4:02:47,1.16.3,PRexp,14,3.92,nan,50,Left,Left,4572,295,288,23,nan,nan,0.51
9/21/2025 4:03:00,1.16.3,PRexp,14,3.92,nan,50,Left,Left,4573,295,288,23,nan,nan,0.27
9/21/2025 4:18:08,1.16.3,PRexp,14,3.92,nan,50,Left,Left,4574,295,288,23,nan,nan,0.48
9/21/2025 4:25:17,1.16.3,PRexp,14,3.92,nan,50,Left,Left,4575,295,288,23,nan,nan,0.01
9/21/2025 4:25:30,1.16.3,PRexp,14,3.92,nan,50,Left,Left,4576,295,288,23,nan,nan,1.73
9/21/2025 4:25:34,1.16.3,PRexp,14,3.92,nan,50,Left,Left,4577,295,288,23,nan,nan,1.32
9/21/2025 4:25:37,1.16.3,PRexp,14,3.92,nan,50,Left,Left,4578,295,288,23,nan,nan,1.46
9/21/2025 4:25:37,1.16.3,PRexp,14,3.92,nan,50,Left,Left,4579,295,288,23,nan,nan,0.00
9/21/2025 4:25:40,1.16.3,PRexp,14,3.92,nan,50,Left,Left,4580,295,288,23,nan,nan,0.14
9/21/2025 4:25:42,1.16.3,PRexp,14,3.92,nan,50,Left,Left,4581,295,288,23,nan,nan,0.01
9/21/2025 4:25:43,1.16.3,PRexp,14,3.92,nan,50,Left,Left,4582,295,288,23,nan,nan,0.04
9/21/2025 4:25:45,1.16.3,PRexp,14,3.92,nan,50,Left,Left,4583,295,288,23,nan,nan,0.05
9/21/2025 4:25:51,1.16.3,PRexp,14,3.92,nan,50,Left,Left,4584,295,288,23,nan,nan,0.56
9/21/2025 4:25:57,1.16.3,PRexp,14,3.92,nan,50,Left,Left,4585,295,288,23,nan,nan,0.00
9/21/2025 4:37:19,1.16.3,PRexp,14,3.92,nan,50,Left,Left,4586,295,288,23,nan,nan,1.72
9/21/2025 4:37:21,1.16.3,PRexp,14,3.92,nan,50,Left,Left,4587,295,288,23,nan,nan,0.06
9/21/2025 4:37:23,1.16.3,PRexp,14,3.93,nan,50,Left,Left,4588,295,288,23,nan,nan,0.68
9/21/2025 4:37:26,1.16.3,PRexp,14,3.92,nan,50,Left,Left,4589,295,288,23,nan,nan,1.26
9/21/2025 4:37:30,1.16.3,PRexp,14,3.92,nan,50,Left,Left,4590,295,288,23,nan,nan,1.18
9/21/2025 4:37:35,1.16.3,PRexp,14,3.93,nan,50,Left,Left,4591,295,288,23,nan,nan,0.66
9/21/2025 4:37:35,1.16.3,PRexp,14,3.92,nan,50,Left,Left,4592,295,288,23,nan,nan,0.00
9/21/2025 4:37:43,1.16.3,PRexp,14,3.92,nan,50,Left,Left,4593,295,288,23,nan,nan,0.10
9/21/2025 4:50:52,1.16.3,PRexp,14,3.92,nan,50,Left,Left,4594,295,288,23,nan,nan,0.08
9/21/2025 4:50:55,1.16.3,PRexp,14,3.92,nan,50,Left,Left,4595,295,288,23,nan,nan,0.97
9/21/2025 4:50:58,1.16.3,PRexp,14,3.93,nan,50,Left,Left,4596,295,288,23,nan,nan,0.15
9/21/2025 4:51:03,1.16.3,PRexp,14,3.93,nan,50,Left,Left,4597,295,288,23,nan,nan,0.81
9/21/2025 4:51:05,1.16.3,PRexp,14,3.92,nan,50,Left,Left,4598,295,288,23,nan,nan,0.40
9/21/2025 4:51:06,1.16.3,PRexp,14,3.92,nan,50,Left,Left,4599,295,288,23,nan,nan,0.60
9/21/2025 4:51:08,1.16.3,PRexp,14,3.92,nan,50,Left,Left,4600,295,288,23,nan,nan,0.86
9/21/2025 4:51:10,1.16.3,PRexp,14,3.92,1,50,Pellet,Left,4600,295,289,24,0.36,4117,nan
9/21/2025 4:53:15,1.16.3,PRexp,14,3.92,nan,56,Left,Left,4601,295,289,24,nan,nan,0.26
9/21/2025 4:53:22,1.16.3,PRexp,14,3.92,nan,56,Left,Left,4602,295,289,24,nan,nan,0.43
9/21/2025 4:53:25,1.16.3,PRexp,14,3.91,nan,56,Left,Left,4603,295,289,24,nan,nan,1.30
9/21/2025 4:53:30,1.16.3,PRexp,14,3.92,nan,56,Left,Left,4604,295,289,24,nan,nan,0.44
9/21/2025 4:53:31,1.16.3,PRexp,14,3.92,nan,56,Left,Left,4605,295,289,24,nan,nan,0.01
9/21/2025 4:53:31,1.16.3,PRexp,14,3.91,nan,56,Left,Left,4606,295,289,24,nan,nan,0.00
9/21/2025 4:53:36,1.16.3,PRexp,14,3.93,nan,56,Left,Left,4607,295,289,24,nan,nan,0.39
9/21/2025 4:53:41,1.16.3,PRexp,14,3.92,nan,56,Left,Left,4608,295,289,24,nan,nan,0.15
9/21/2025 4:53:42,1.16.3,PRexp,14,3.93,nan,56,Left,Left,4609,295,289,24,nan,nan,0.80
9/21/2025 4:53:44,1.16.3,PRexp,14,3.92,nan,56,Left,Left,4610,295,289,24,nan,nan,0.11
9/21/2025 4:53:47,1.16.3,PRexp,14,3.92,nan,56,Left,Left,4611,295,289,24,nan,nan,0.03
9/21/2025 4:53:49,1.16.3,PRexp,14,3.92,nan,56,Left,Left,4612,295,289,24,nan,nan,0.02
9/21/2025 4:53:55,1.16.3,PRexp,14,3.91,nan,56,Left,Left,4613,295,289,24,nan,nan,0.00
9/21/2025 4:53:57,1.16.3,PRexp,14,3.93,nan,56,Left,Left,4614,295,289,24,nan,nan,0.11
9/21/2025 4:53:58,1.16.3,PRexp,14,3.92,nan,56,Left,Left,4615,295,289,24,nan,nan,0.02
9/21/2025 4:54:00,1.16.3,PRexp,14,3.92,nan,56,Left,Left,4616,295,289,24,nan,nan,0.00
9/21/2025 4:54:04,1.16.3,PRexp,14,3.92,nan,56,Left,Left,4617,295,289,24,nan,nan,0.00
9/21/2025 4:54:06,1.16.3,PRexp,14,3.92,nan,56,Left,Left,4618,295,289,24,nan,nan,0.02
9/21/2025 4:54:14,1.16.3,PRexp,14,3.92,nan,56,Left,Left,4619,295,289,24,nan,nan,1.27
9/21/2025 4:54:19,1.16.3,PRexp,14,3.92,nan,56,Left,Left,4620,295,289,24,nan,nan,0.01
9/21/2025 4:54:23,1.16.3,PRexp,14,3.92,nan,56,Left,Left,4621,295,289,24,nan,nan,0.19
9/21/2025 4:54:24,1.16.3,PRexp,14,3.92,nan,56,Left,Left,4622,295,289,24,nan,nan,0.38
9/21/2025 4:54:31,1.16.3,PRexp,14,3.92,nan,56,Left,Left,4623,295,289,24,nan,nan,0.34
9/21/2025 4:54:32,1.16.3,PRexp,14,3.92,nan,56,Left,Left,4624,295,289,24,nan,nan,0.00
9/21/2025 4:54:36,1.16.3,PRexp,14,3.92,nan,56,Left,Left,4625,295,289,24,nan,nan,0.06
9/21/2025 4:54:37,1.16.3,PRexp,14,3.91,nan,56,Left,Left,4626,295,289,24,nan,nan,0.10
9/21/2025 4:54:39,1.16.3,PRexp,14,3.92,nan,56,Left,Left,4627,295,289,24,nan,nan,0.88
9/21/2025 4:54:42,1.16.3,PRexp,14,3.92,nan,56,Left,Left,4628,295,289,24,nan,nan,0.13
9/21/2025 4:54:44,1.16.3,PRexp,14,3.91,nan,56,Left,Left,4629,295,289,24,nan,nan,0.19
9/21/2025 5:06:41,1.16.3,PRexp,14,3.92,nan,56,Left,Left,4630,295,289,24,nan,nan,0.04
9/21/2025 5:06:43,1.16.3,PRexp,14,3.93,nan,56,Left,Left,4631,295,289,24,nan,nan,0.22
9/21/2025 5:06:45,1.16.3,PRexp,14,3.92,nan,56,Left,Left,4632,295,289,24,nan,nan,0.02
9/21/2025 5:06:52,1.16.3,PRexp,14,3.92,nan,56,Left,Left,4633,295,289,24,nan,nan,0.08
9/21/2025 5:06:53,1.16.3,PRexp,14,3.91,nan,56,Left,Left,4634,295,289,24,nan,nan,0.00
9/21/2025 5:06:54,1.16.3,PRexp,14,3.91,nan,56,Left,Left,4635,295,289,24,nan,nan,0.00
9/21/2025 5:06:56,1.16.3,PRexp,14,3.92,nan,56,Left,Left,4636,295,289,24,nan,nan,0.01
9/21/2025 5:07:00,1.16.3,PRexp,14,3.92,nan,56,Left,Left,4637,295,289,24,nan,nan,0.72
9/21/2025 5:07:01,1.16.3,PRexp,14,3.92,nan,56,Left,Left,4638,295,289,24,nan,nan,0.00
9/21/2025 5:07:03,1.16.3,PRexp,14,3.92,nan,56,Left,Left,4639,295,289,24,nan,nan,0.21
9/21/2025 5:07:04,1.16.3,PRexp,14,3.92,nan,56,Left,Left,4640,295,289,24,nan,nan,0.62
9/21/2025 5:07:06,1.16.3,PRexp,14,3.92,nan,56,Left,Left,4641,295,289,24,nan,nan,0.25
9/21/2025 5:09:47,1.16.3,PRexp,14,3.92,nan,56,Right,Left,4641,296,289,24,nan,nan,0.38
9/21/2025 5:09:49,1.16.3,PRexp,14,3.92,nan,56,Right,Left,4641,297,289,24,nan,nan,1.19
9/21/2025 5:09:51,1.16.3,PRexp,14,3.93,nan,56,Right,Left,4641,298,289,24,nan,nan,0.01
9/21/2025 5:10:37,1.16.3,PRexp,14,3.92,nan,56,Right,Left,4641,299,289,24,nan,nan,0.02
9/21/2025 5:10:38,1.16.3,PRexp,14,3.92,nan,56,Right,Left,4641,300,289,24,nan,nan,0.16
9/21/2025 5:13:05,1.16.3,PRexp,14,3.92,nan,56,Left,Left,4642,300,289,24,nan,nan,0.03
9/21/2025 5:16:34,1.16.3,PRexp,14,3.92,nan,56,Right,Left,4642,301,289,24,nan,nan,0.11
9/21/2025 5:16:35,1.16.3,PRexp,14,3.92,nan,56,Right,Left,4642,302,289,24,nan,nan,0.10
9/21/2025 5:16:44,1.16.3,PRexp,14,3.92,nan,56,Right,Left,4642,303,289,24,nan,nan,0.20
9/21/2025 5:16:50,1.16.3,PRexp,14,3.91,nan,56,Right,Left,4642,304,289,24,nan,nan,0.06
9/21/2025 5:16:53,1.16.3,PRexp,14,3.92,nan,56,Left,Left,4643,304,289,24,nan,nan,0.12
9/21/2025 5:16:55,1.16.3,PRexp,14,3.92,nan,56,Left,Left,4644,304,289,24,nan,nan,0.08
9/21/2025 5:16:56,1.16.3,PRexp,14,3.92,nan,56,Left,Left,4645,304,289,24,nan,nan,0.08
9/21/2025 5:16:57,1.16.3,PRexp,14,3.92,nan,56,Left,Left,4646,304,289,24,nan,nan,0.23
9/21/2025 5:16:58,1.16.3,PRexp,14,3.92,nan,56,Left,Left,4647,304,289,24,nan,nan,0.38
9/21/2025 5:17:01,1.16.3,PRexp,14,3.92,nan,56,Left,Left,4648,304,289,24,nan,nan,0.09
9/21/2025 5:17:04,1.16.3,PRexp,14,3.92,nan,56,Left,Left,4649,304,289,24,nan,nan,0.31
9/21/2025 5:17:06,1.16.3,PRexp,14,3.92,nan,56,Left,Left,4650,304,289,24,nan,nan,0.09
9/21/2025 5:17:09,1.16.3,PRexp,14,3.92,nan,56,Left,Left,4651,304,289,24,nan,nan,0.03
9/21/2025 5:17:10,1.16.3,PRexp,14,3.92,nan,56,Left,Left,4652,304,289,24,nan,nan,0.00
9/21/2025 5:17:11,1.16.3,PRexp,14,3.92,nan,56,Left,Left,4653,304,289,24,nan,nan,0.73
9/21/2025 5:17:12,1.16.3,PRexp,14,3.92,nan,56,Left,Left,4654,304,289,24,nan,nan,0.00
9/21/2025 5:17:14,1.16.3,PRexp,14,3.92,nan,56,Left,Left,4655,304,289,24,nan,nan,0.40
9/21/2025 5:17:16,1.16.3,PRexp,14,3.92,nan,56,Left,Left,4656,304,289,24,nan,nan,0.35
9/21/2025 5:17:17,1.16.3,PRexp,14,3.92,1,56,Pellet,Left,4656,304,290,25,0.24,1568,nan
9/21/2025 5:18:58,1.16.3,PRexp,14,3.91,nan,62,Left,Left,4657,304,290,25,nan,nan,0.10
9/21/2025 5:18:59,1.16.3,PRexp,14,3.91,nan,62,Left,Left,4658,304,290,25,nan,nan,0.35
9/21/2025 5:19:02,1.16.3,PRexp,14,3.92,nan,62,Left,Left,4659,304,290,25,nan,nan,0.18
9/21/2025 5:19:05,1.16.3,PRexp,14,3.91,nan,62,Left,Left,4660,304,290,25,nan,nan,0.19
9/21/2025 5:20:51,1.16.3,PRexp,14,3.92,nan,62,Left,Left,4661,304,290,25,nan,nan,0.10
9/21/2025 5:20:53,1.16.3,PRexp,14,3.92,nan,62,Left,Left,4662,304,290,25,nan,nan,0.17
9/21/2025 5:21:04,1.16.3,PRexp,14,3.92,nan,62,Left,Left,4663,304,290,25,nan,nan,0.25
9/21/2025 5:21:06,1.16.3,PRexp,14,3.92,nan,62,Left,Left,4664,304,290,25,nan,nan,0.17
9/21/2025 5:31:09,1.16.3,PRexp,14,3.92,nan,62,Left,Left,4665,304,290,25,nan,nan,0.79
9/21/2025 5:31:21,1.16.3,PRexp,14,3.92,nan,62,Left,Left,4666,304,290,25,nan,nan,0.15
9/21/2025 5:31:23,1.16.3,PRexp,14,3.92,nan,62,Left,Left,4667,304,290,25,nan,nan,0.00
9/21/2025 5:31:24,1.16.3,PRexp,14,3.92,nan,62,Left,Left,4668,304,290,25,nan,nan,0.82
9/21/2025 5:31:26,1.16.3,PRexp,14,3.92,nan,62,Left,Left,4669,304,290,25,nan,nan,0.33
9/21/2025 5:31:32,1.16.3,PRexp,14,3.91,nan,62,Left,Left,4670,304,290,25,nan,nan,0.15
9/21/2025 5:32:55,1.16.3,PRexp,14,3.91,nan,62,Left,Left,4671,304,290,25,nan,nan,0.07
9/21/2025 5:33:23,1.16.3,PRexp,14,3.92,nan,62,Left,Left,4672,304,290,25,nan,nan,0.54
9/21/2025 5:33:28,1.16.3,PRexp,14,3.92,nan,62,Left,Left,4673,304,290,25,nan,nan,0.09
9/21/2025 5:33:36,1.16.3,PRexp,14,3.92,nan,62,Left,Left,4674,304,290,25,nan,nan,0.08
9/21/2025 5:33:40,1.16.3,PRexp,14,3.92,nan,62,Left,Left,4675,304,290,25,nan,nan,0.01
9/21/2025 5:33:41,1.16.3,PRexp,14,3.92,nan,62,Left,Left,4676,304,290,25,nan,nan,0.10
9/21/2025 5:33:52,1.16.3,PRexp,14,3.92,nan,62,Left,Left,4677,304,290,25,nan,nan,0.04
9/21/2025 5:33:53,1.16.3,PRexp,14,3.92,nan,62,Left,Left,4678,304,290,25,nan,nan,0.00
9/21/2025 5:33:54,1.16.3,PRexp,14,3.92,nan,62,Left,Left,4679,304,290,25,nan,nan,0.60
9/21/2025 5:33:55,1.16.3,PRexp,14,3.91,nan,62,Left,Left,4680,304,290,25,nan,nan,0.00
9/21/2025 5:34:01,1.16.3,PRexp,14,3.92,nan,62,Left,Left,4681,304,290,25,nan,nan,0.14
9/21/2025 5:34:02,1.16.3,PRexp,14,3.92,nan,62,Left,Left,4682,304,290,25,nan,nan,0.00
9/21/2025 5:34:07,1.16.3,PRexp,14,3.91,nan,62,Left,Left,4683,304,290,25,nan,nan,0.10
9/21/2025 5:34:08,1.16.3,PRexp,14,3.92,nan,62,Left,Left,4684,304,290,25,nan,nan,0.13
9/21/2025 5:34:10,1.16.3,PRexp,14,3.92,nan,62,Left,Left,4685,304,290,25,nan,nan,0.19
9/21/2025 5:34:15,1.16.3,PRexp,14,3.92,nan,62,Left,Left,4686,304,290,25,nan,nan,0.04
9/21/2025 5:34:17,1.16.3,PRexp,14,3.92,nan,62,Left,Left,4687,304,290,25,nan,nan,0.33
9/21/2025 5:34:18,1.16.3,PRexp,14,3.92,nan,62,Left,Left,4688,304,290,25,nan,nan,0.00
9/21/2025 5:34:19,1.16.3,PRexp,14,3.92,nan,62,Left,Left,4689,304,290,25,nan,nan,0.51
9/21/2025 5:34:23,1.16.3,PRexp,14,3.92,nan,62,Left,Left,4690,304,290,25,nan,nan,0.15
9/21/2025 5:34:31,1.16.3,PRexp,14,3.92,nan,62,Left,Left,4691,304,290,25,nan,nan,0.09
9/21/2025 5:34:32,1.16.3,PRexp,14,3.92,nan,62,Left,Left,4692,304,290,25,nan,nan,0.15
9/21/2025 5:34:35,1.16.3,PRexp,14,3.92,nan,62,Left,Left,4693,304,290,25,nan,nan,0.99
9/21/2025 5:34:36,1.16.3,PRexp,14,3.92,nan,62,Left,Left,4694,304,290,25,nan,nan,0.00
9/21/2025 5:34:37,1.16.3,PRexp,14,3.92,nan,62,Left,Left,4695,304,290,25,nan,nan,0.40
9/21/2025 5:34:41,1.16.3,PRexp,14,3.92,nan,62,Left,Left,4696,304,290,25,nan,nan,0.79
9/21/2025 5:34:43,1.16.3,PRexp,14,3.92,nan,62,Left,Left,4697,304,290,25,nan,nan,0.00
9/21/2025 5:34:44,1.16.3,PRexp,14,3.92,nan,62,Left,Left,4698,304,290,25,nan,nan,0.20
9/21/2025 5:34:45,1.16.3,PRexp,14,3.92,nan,62,Left,Left,4699,304,290,25,nan,nan,0.03
9/21/2025 5:34:46,1.16.3,PRexp,14,3.91,nan,62,Left,Left,4700,304,290,25,nan,nan,0.00
9/21/2025 5:34:47,1.16.3,PRexp,14,3.92,nan,62,Left,Left,4701,304,290,25,nan,nan,0.04
9/21/2025 5:35:00,1.16.3,PRexp,14,3.92,nan,62,Left,Left,4702,304,290,25,nan,nan,0.13
9/21/2025 5:39:07,1.16.3,PRexp,14,3.92,nan,62,Left,Left,4703,304,290,25,nan,nan,0.12
9/21/2025 5:39:43,1.16.3,PRexp,14,3.91,nan,62,Left,Left,4704,304,290,25,nan,nan,0.22
9/21/2025 5:39:51,1.16.3,PRexp,14,3.92,nan,62,Left,Left,4705,304,290,25,nan,nan,0.63
9/21/2025 5:39:52,1.16.3,PRexp,14,3.91,nan,62,Left,Left,4706,304,290,25,nan,nan,0.25
9/21/2025 5:39:56,1.16.3,PRexp,14,3.92,nan,62,Left,Left,4707,304,290,25,nan,nan,1.16
9/21/2025 5:40:02,1.16.3,PRexp,14,3.91,nan,62,Left,Left,4708,304,290,25,nan,nan,0.22
9/21/2025 5:40:04,1.16.3,PRexp,14,3.92,nan,62,Left,Left,4709,304,290,25,nan,nan,0.97
9/21/2025 5:40:08,1.16.3,PRexp,14,3.92,nan,62,Left,Left,4710,304,290,25,nan,nan,0.65
9/21/2025 5:40:11,1.16.3,PRexp,14,3.92,nan,62,Left,Left,4711,304,290,25,nan,nan,0.29
9/21/2025 5:40:14,1.16.3,PRexp,14,3.91,nan,62,Left,Left,4712,304,290,25,nan,nan,0.96
9/21/2025 5:40:14,1.16.3,PRexp,14,3.92,nan,62,Left,Left,4713,304,290,25,nan,nan,0.00
9/21/2025 6:02:59,1.16.3,PRexp,14,3.92,nan,62,Left,Left,4714,304,290,25,nan,nan,0.02
9/21/2025 6:03:01,1.16.3,PRexp,14,3.92,nan,62,Left,Left,4715,304,290,25,nan,nan,0.33
9/21/2025 6:03:04,1.16.3,PRexp,14,3.92,nan,62,Left,Left,4716,304,290,25,nan,nan,0.37
9/21/2025 6:03:07,1.16.3,PRexp,14,3.92,nan,62,Left,Left,4717,304,290,25,nan,nan,0.35
9/21/2025 6:03:09,1.16.3,PRexp,14,3.91,nan,62,Left,Left,4718,304,290,25,nan,nan,0.52
9/21/2025 6:03:10,1.16.3,PRexp,14,3.92,1,62,Pellet,Left,4718,304,291,26,0.73,2753,nan
9/21/2025 6:04:05,1.16.3,PRexp,14,3.91,nan,69,Left,Left,4719,304,291,26,nan,nan,0.04
9/21/2025 6:04:12,1.16.3,PRexp,14,3.92,nan,69,Left,Left,4720,304,291,26,nan,nan,0.03
9/21/2025 6:04:14,1.16.3,PRexp,14,3.91,nan,69,Left,Left,4721,304,291,26,nan,nan,0.04
9/21/2025 6:05:01,1.16.3,PRexp,14,3.91,nan,69,Left,Left,4722,304,291,26,nan,nan,1.69
9/21/2025 6:05:08,1.16.3,PRexp,14,3.92,nan,69,Left,Left,4723,304,291,26,nan,nan,0.31
9/21/2025 6:05:10,1.16.3,PRexp,14,3.92,nan,69,Left,Left,4724,304,291,26,nan,nan,0.00
9/21/2025 6:05:21,1.16.3,PRexp,14,3.92,nan,69,Left,Left,4725,304,291,26,nan,nan,0.18
9/21/2025 6:05:25,1.16.3,PRexp,14,3.92,nan,69,Left,Left,4726,304,291,26,nan,nan,0.42
9/21/2025 6:05:28,1.16.3,PRexp,14,3.91,nan,69,Left,Left,4727,304,291,26,nan,nan,0.05
9/21/2025 6:05:34,1.16.3,PRexp,14,3.92,nan,69,Left,Left,4728,304,291,26,nan,nan,0.00
9/21/2025 6:05:36,1.16.3,PRexp,14,3.92,nan,69,Left,Left,4729,304,291,26,nan,nan,0.00
9/21/2025 6:38:30,1.16.3,PRexp,14,3.92,nan,1,Left,Left,4730,304,291,0,nan,nan,0.04
9/21/2025 6:38:30,1.16.3,PRexp,14,3.92,nan,1,LeftDuringDispense,Left,4731,304,291,1,nan,nan,0.03
9/21/2025 6:38:35,1.16.3,PRexp,14,3.92,2,1,Pellet,Left,4731,304,292,1,1.77,2125,nan
9/21/2025 6:39:02,1.16.3,PRexp,14,3.91,nan,1,Left,Left,4732,304,292,1,nan,nan,0.05
9/21/2025 6:39:03,1.16.3,PRexp,14,3.92,1,1,Pellet,Left,4732,304,293,2,0.49,28,nan
9/21/2025 6:41:06,1.16.3,PRexp,14,3.92,nan,2,Left,Left,4733,304,293,2,nan,nan,0.12
9/21/2025 6:41:12,1.16.3,PRexp,14,3.92,nan,2,Left,Left,4734,304,293,2,nan,nan,0.96
9/21/2025 6:41:13,1.16.3,PRexp,14,3.91,1,2,Pellet,Left,4734,304,294,3,0.42,130,nan
9/21/2025 6:42:27,1.16.3,PRexp,14,3.91,nan,2,Left,Left,4735,304,294,3,nan,nan,0.03
9/21/2025 6:44:35,1.16.3,PRexp,14,3.92,nan,2,Left,Left,4736,304,294,3,nan,nan,0.07
9/21/2025 6:44:37,1.16.3,PRexp,14,3.91,1,2,Pellet,Left,4736,304,295,4,0.98,204,nan
9/21/2025 6:46:11,1.16.3,PRexp,14,3.92,nan,3,Left,Left,4737,304,295,4,nan,nan,0.08
9/21/2025 6:46:17,1.16.3,PRexp,14,3.92,nan,3,Left,Left,4738,304,295,4,nan,nan,0.08
9/21/2025 6:46:18,1.16.3,PRexp,14,3.92,nan,3,Left,Left,4739,304,295,4,nan,nan,0.04
9/21/2025 6:46:19,1.16.3,PRexp,14,3.91,1,3,Pellet,Left,4739,304,296,5,0.42,102,nan
9/21/2025 6:47:12,1.16.3,PRexp,14,3.92,nan,4,Left,Left,4740,304,296,5,nan,nan,0.03
9/21/2025 6:47:27,1.16.3,PRexp,14,3.91,nan,4,Left,Left,4741,304,296,5,nan,nan,0.11
9/21/2025 6:47:31,1.16.3,PRexp,14,3.92,nan,4,Left,Left,4742,304,296,5,nan,nan,0.55
9/21/2025 6:47:35,1.16.3,PRexp,14,3.91,nan,4,Left,Left,4743,304,296,5,nan,nan,0.13
9/21/2025 6:47:36,1.16.3,PRexp,14,3.92,1,4,Pellet,Left,4743,304,297,6,0.55,77,nan
9/21/2025 7:20:08,1.16.3,PRexp,14,3.91,nan,1,Left,Left,4744,304,297,0,nan,nan,0.67
9/21/2025 7:20:10,1.16.3,PRexp,14,3.92,1,1,Pellet,Left,4744,304,298,1,0.55,1953,nan
9/21/2025 7:20:34,1.16.3,PRexp,14,3.91,nan,1,Left,Left,4745,304,298,1,nan,nan,0.05
9/21/2025 7:20:36,1.16.3,PRexp,14,3.91,1,1,Pellet,Left,4745,304,299,2,0.91,27,nan
9/21/2025 7:23:06,1.16.3,PRexp,14,3.92,nan,2,Left,Left,4746,304,299,2,nan,nan,0.32
9/21/2025 7:23:13,1.16.3,PRexp,14,3.91,nan,2,Left,Left,4747,304,299,2,nan,nan,0.00
9/21/2025 7:23:14,1.16.3,PRexp,14,3.92,1,2,Pellet,Left,4747,304,300,3,0.36,158,nan
9/21/2025 7:23:42,1.16.3,PRexp,14,3.92,nan,2,Left,Left,4748,304,300,3,nan,nan,0.02
9/21/2025 7:24:09,1.16.3,PRexp,14,3.92,nan,2,Left,Left,4749,304,300,3,nan,nan,0.04
9/21/2025 7:24:10,1.16.3,PRexp,14,3.91,1,2,Pellet,Left,4749,304,301,4,0.42,56,nan
9/21/2025 7:24:35,1.16.3,PRexp,14,3.91,nan,3,Left,Left,4750,304,301,4,nan,nan,0.04
9/21/2025 7:24:37,1.16.3,PRexp,14,3.92,nan,3,Left,Left,4751,304,301,4,nan,nan,0.02
9/21/2025 7:24:40,1.16.3,PRexp,14,3.91,nan,3,Left,Left,4752,304,301,4,nan,nan,0.23
9/21/2025 7:24:41,1.16.3,PRexp,14,3.92,1,3,Pellet,Left,4752,304,302,5,0.30,31,nan
9/21/2025 7:25:09,1.16.3,PRexp,14,3.91,nan,4,Left,Left,4753,304,302,5,nan,nan,0.06
9/21/2025 7:25:12,1.16.3,PRexp,14,3.92,nan,4,Left,Left,4754,304,302,5,nan,nan,0.08
9/21/2025 7:25:51,1.16.3,PRexp,14,3.91,nan,4,Left,Left,4755,304,302,5,nan,nan,0.47
9/21/2025 7:26:03,1.16.3,PRexp,14,3.92,nan,4,Left,Left,4756,304,302,5,nan,nan,0.09
9/21/2025 7:26:04,1.16.3,PRexp,14,3.92,1,4,Pellet,Left,4756,304,303,6,0.30,83,nan
9/21/2025 7:26:31,1.16.3,PRexp,14,3.91,nan,5,Left,Left,4757,304,303,6,nan,nan,0.05
9/21/2025 7:26:38,1.16.3,PRexp,14,3.91,nan,5,Left,Left,4758,304,303,6,nan,nan,0.08
9/21/2025 7:26:41,1.16.3,PRexp,14,3.91,nan,5,Left,Left,4759,304,303,6,nan,nan,0.60
9/21/2025 7:26:47,1.16.3,PRexp,14,3.91,nan,5,Left,Left,4760,304,303,6,nan,nan,0.04
9/21/2025 7:26:52,1.16.3,PRexp,14,3.92,nan,5,Left,Left,4761,304,303,6,nan,nan,0.64
9/21/2025 7:26:54,1.16.3,PRexp,14,3.92,1,5,Pellet,Left,4761,304,304,7,0.24,49,nan
9/21/2025 7:27:25,1.16.3,PRexp,14,3.91,nan,6,Left,Left,4762,304,304,7,nan,nan,0.01
9/21/2025 7:27:25,1.16.3,PRexp,14,3.91,nan,6,Left,Left,4763,304,304,7,nan,nan,0.04
9/21/2025 7:27:38,1.16.3,PRexp,14,3.91,nan,6,Left,Left,4764,304,304,7,nan,nan,0.34
9/21/2025 7:27:40,1.16.3,PRexp,14,3.92,nan,6,Left,Left,4765,304,304,7,nan,nan,0.42
9/21/2025 7:27:43,1.16.3,PRexp,14,3.92,nan,6,Left,Left,4766,304,304,7,nan,nan,0.00
9/21/2025 7:27:44,1.16.3,PRexp,14,3.91,nan,6,Left,Left,4767,304,304,7,nan,nan,0.18
9/21/2025 7:27:45,1.16.3,PRexp,14,3.92,1,6,Pellet,Left,4767,304,305,8,0.55,52,nan
9/21/2025 7:36:45,1.16.3,PRexp,14,3.91,nan,7,Left,Left,4768,304,305,8,nan,nan,0.19
9/21/2025 7:36:48,1.16.3,PRexp,14,3.91,nan,7,Left,Left,4769,304,305,8,nan,nan,0.96
9/21/2025 7:36:52,1.16.3,PRexp,14,3.91,nan,7,Left,Left,4770,304,305,8,nan,nan,0.36
9/21/2025 7:36:54,1.16.3,PRexp,14,3.91,nan,7,Left,Left,4771,304,305,8,nan,nan,0.42
9/21/2025 7:36:56,1.16.3,PRexp,14,3.91,nan,7,Left,Left,4772,304,305,8,nan,nan,0.02
9/21/2025 7:36:59,1.16.3,PRexp,14,3.92,nan,7,Left,Left,4773,304,305,8,nan,nan,0.56
9/21/2025 7:36:59,1.16.3,PRexp,14,3.91,nan,7,Left,Left,4774,304,305,8,nan,nan,0.00
9/21/2025 7:37:03,1.16.3,PRexp,14,3.91,2,7,Pellet,Left,4774,304,306,9,0.24,557,nan
9/21/2025 7:37:47,1.16.3,PRexp,14,3.92,nan,9,Left,Left,4775,304,306,9,nan,nan,0.00
9/21/2025 7:38:25,1.16.3,PRexp,14,3.92,nan,9,Left,Left,4776,304,306,9,nan,nan,1.22
9/21/2025 7:38:26,1.16.3,PRexp,14,3.91,nan,9,Left,Left,4777,304,306,9,nan,nan,0.10
9/21/2025 7:38:37,1.16.3,PRexp,14,3.91,nan,9,Left,Left,4778,304,306,9,nan,nan,1.08
9/21/2025 7:38:52,1.16.3,PRexp,14,3.92,nan,9,Left,Left,4779,304,306,9,nan,nan,0.41
9/21/2025 8:12:08,1.16.3,PRexp,14,3.91,nan,1,Left,Left,4780,304,306,0,nan,nan,0.20
9/21/2025 8:12:09,1.16.3,PRexp,14,3.92,1,1,Pellet,Left,4780,304,307,1,0.67,2107,nan
9/21/2025 8:12:37,1.16.3,PRexp,14,3.91,nan,1,Left,Left,4781,304,307,1,nan,nan,0.02
9/21/2025 8:12:39,1.16.3,PRexp,14,3.91,2,1,Pellet,Left,4781,304,308,2,0.49,30,nan
9/21/2025 8:13:16,1.16.3,PRexp,14,3.91,nan,2,Left,Left,4782,304,308,2,nan,nan,0.06
9/21/2025 8:13:17,1.16.3,PRexp,14,3.91,nan,2,Left,Left,4783,304,308,2,nan,nan,0.37
9/21/2025 8:13:19,1.16.3,PRexp,14,3.91,1,2,Pellet,Left,4783,304,309,3,0.55,39,nan
9/21/2025 8:13:45,1.16.3,PRexp,14,3.91,nan,2,Left,Left,4784,304,309,3,nan,nan,0.03
9/21/2025 8:13:46,1.16.3,PRexp,14,3.91,nan,2,Left,Left,4785,304,309,3,nan,nan,0.10
9/21/2025 8:13:48,1.16.3,PRexp,14,3.91,1,2,Pellet,Left,4785,304,310,4,0.30,29,nan
9/21/2025 8:14:18,1.16.3,PRexp,14,3.92,nan,3,Left,Left,4786,304,310,4,nan,nan,0.00
9/21/2025 8:14:47,1.16.3,PRexp,14,3.91,nan,3,Left,Left,4787,304,310,4,nan,nan,0.13
9/21/2025 8:14:48,1.16.3,PRexp,14,3.91,nan,3,Left,Left,4788,304,310,4,nan,nan,0.08
9/21/2025 8:14:49,1.16.3,PRexp,14,3.91,nan,3,LeftDuringDispense,Left,4789,304,310,5,nan,nan,0.06
9/21/2025 8:14:52,1.16.3,PRexp,14,3.91,2,3,Pellet,Left,4789,304,311,5,0.36,65,nan
9/21/2025 8:15:29,1.16.3,PRexp,14,3.91,nan,4,Left,Left,4790,304,311,5,nan,nan,0.08
9/21/2025 8:15:36,1.16.3,PRexp,14,3.91,nan,4,Left,Left,4791,304,311,5,nan,nan,0.00
9/21/2025 8:15:42,1.16.3,PRexp,14,3.91,nan,4,Left,Left,4792,304,311,5,nan,nan,0.02
9/21/2025 8:15:47,1.16.3,PRexp,14,3.91,nan,4,Left,Left,4793,304,311,5,nan,nan,0.09
9/21/2025 8:15:48,1.16.3,PRexp,14,3.91,1,4,Pellet,Left,4793,304,312,6,0.24,56,nan
9/21/2025 8:16:32,1.16.3,PRexp,14,3.91,nan,5,Left,Left,4794,304,312,6,nan,nan,0.06
9/21/2025 8:16:35,1.16.3,PRexp,14,3.91,nan,5,Left,Left,4795,304,312,6,nan,nan,0.10
9/21/2025 8:16:36,1.16.3,PRexp,14,3.92,nan,5,Left,Left,4796,304,312,6,nan,nan,0.00
9/21/2025 8:16:39,1.16.3,PRexp,14,3.92,nan,5,Left,Left,4797,304,312,6,nan,nan,0.25
9/21/2025 8:16:40,1.16.3,PRexp,14,3.92,nan,5,Left,Left,4798,304,312,6,nan,nan,0.11
9/21/2025 8:16:41,1.16.3,PRexp,14,3.91,1,5,Pellet,Left,4798,304,313,7,0.30,53,nan
9/21/2025 8:17:16,1.16.3,PRexp,14,3.91,nan,6,Left,Left,4799,304,313,7,nan,nan,0.20
9/21/2025 8:17:18,1.16.3,PRexp,14,3.91,nan,6,Left,Left,4800,304,313,7,nan,nan,0.08
9/21/2025 8:17:21,1.16.3,PRexp,14,3.91,nan,6,Left,Left,4801,304,313,7,nan,nan,0.16
9/21/2025 8:17:25,1.16.3,PRexp,14,3.91,nan,6,Left,Left,4802,304,313,7,nan,nan,0.02
9/21/2025 8:17:28,1.16.3,PRexp,14,3.91,nan,6,Left,Left,4803,304,313,7,nan,nan,0.01
9/21/2025 8:17:31,1.16.3,PRexp,14,3.91,nan,6,Left,Left,4804,304,313,7,nan,nan,0.07
9/21/2025 8:17:31,1.16.3,PRexp,14,3.91,nan,6,LeftDuringDispense,Left,4805,304,313,8,nan,nan,0.07
9/21/2025 8:17:41,1.16.3,PRexp,14,3.91,4,6,Pellet,Left,4805,304,314,8,3.00,60,nan
9/21/2025 8:20:56,1.16.3,PRexp,14,3.91,nan,7,Left,Left,4806,304,314,8,nan,nan,0.16
9/21/2025 8:21:00,1.16.3,PRexp,14,3.91,nan,7,Left,Left,4807,304,314,8,nan,nan,0.03
9/21/2025 8:21:01,1.16.3,PRexp,14,3.91,nan,7,Left,Left,4808,304,314,8,nan,nan,0.21
9/21/2025 8:21:05,1.16.3,PRexp,14,3.91,nan,7,Left,Left,4809,304,314,8,nan,nan,0.74
9/21/2025 8:21:08,1.16.3,PRexp,14,3.91,nan,7,Left,Left,4810,304,314,8,nan,nan,0.09
9/21/2025 8:21:10,1.16.3,PRexp,14,3.91,nan,7,Left,Left,4811,304,314,8,nan,nan,0.93
9/21/2025 8:21:22,1.16.3,PRexp,14,3.91,nan,7,Left,Left,4812,304,314,8,nan,nan,0.57
9/21/2025 8:21:24,1.16.3,PRexp,14,3.91,1,7,Pellet,Left,4812,304,315,9,0.30,222,nan
9/21/2025 8:22:00,1.16.3,PRexp,14,3.91,nan,9,Left,Left,4813,304,315,9,nan,nan,0.08
9/21/2025 8:22:04,1.16.3,PRexp,14,3.91,nan,9,Left,Left,4814,304,315,9,nan,nan,1.28
9/21/2025 8:22:05,1.16.3,PRexp,14,3.91,nan,9,Left,Left,4815,304,315,9,nan,nan,0.04
9/21/2025 8:22:11,1.16.3,PRexp,14,3.91,nan,9,Left,Left,4816,304,315,9,nan,nan,2.05
9/21/2025 8:22:16,1.16.3,PRexp,14,3.91,nan,9,Left,Left,4817,304,315,9,nan,nan,2.65
9/21/2025 8:22:19,1.16.3,PRexp,14,3.91,nan,9,Left,Left,4818,304,315,9,nan,nan,0.92
9/21/2025 8:22:20,1.16.3,PRexp,14,3.91,nan,9,Left,Left,4819,304,315,9,nan,nan,0.13
9/21/2025 8:22:28,1.16.3,PRexp,14,3.91,nan,9,Left,Left,4820,304,315,9,nan,nan,1.14
9/21/2025 8:22:42,1.16.3,PRexp,14,3.92,nan,9,Left,Left,4821,304,315,9,nan,nan,0.23
9/21/2025 8:22:43,1.16.3,PRexp,14,3.92,1,9,Pellet,Left,4821,304,316,10,0.30,80,nan
9/21/2025 8:23:35,1.16.3,PRexp,14,3.92,nan,10,Left,Left,4822,304,316,10,nan,nan,0.32
9/21/2025 8:23:42,1.16.3,PRexp,14,3.91,nan,10,Left,Left,4823,304,316,10,nan,nan,0.00
9/21/2025 8:23:43,1.16.3,PRexp,14,3.91,nan,10,Left,Left,4824,304,316,10,nan,nan,0.00
9/21/2025 8:23:45,1.16.3,PRexp,14,3.91,nan,10,Left,Left,4825,304,316,10,nan,nan,0.41
9/21/2025 8:23:47,1.16.3,PRexp,14,3.91,nan,10,Left,Left,4826,304,316,10,nan,nan,0.51
9/21/2025 8:23:49,1.16.3,PRexp,14,3.91,nan,10,Left,Left,4827,304,316,10,nan,nan,0.33
9/21/2025 8:23:51,1.16.3,PRexp,14,3.91,nan,10,Left,Left,4828,304,316,10,nan,nan,0.46
9/21/2025 8:23:54,1.16.3,PRexp,14,3.91,nan,10,Left,Left,4829,304,316,10,nan,nan,0.07
9/21/2025 8:23:54,1.16.3,PRexp,14,3.92,nan,10,Left,Left,4830,304,316,10,nan,nan,0.00
9/21/2025 8:23:56,1.16.3,PRexp,14,3.91,nan,10,Left,Left,4831,304,316,10,nan,nan,0.14
9/21/2025 8:23:57,1.16.3,PRexp,14,3.91,nan,10,LeftDuringDispense,Left,4832,304,316,11,nan,nan,0.02
9/21/2025 8:24:10,1.16.3,PRexp,14,3.91,3,10,Pellet,Left,4832,304,317,11,8.72,87,nan
9/21/2025 8:45:57,1.16.3,PRexp,14,3.91,nan,12,Left,Left,4833,304,317,11,nan,nan,0.01
9/21/2025 8:46:00,1.16.3,PRexp,14,3.91,nan,12,Left,Left,4834,304,317,11,nan,nan,0.02
9/21/2025 8:46:02,1.16.3,PRexp,14,3.91,nan,12,Left,Left,4835,304,317,11,nan,nan,0.90
9/21/2025 8:46:05,1.16.3,PRexp,14,3.91,nan,12,Left,Left,4836,304,317,11,nan,nan,1.04
9/21/2025 8:46:08,1.16.3,PRexp,14,3.91,nan,12,Left,Left,4837,304,317,11,nan,nan,0.28
9/21/2025 8:46:11,1.16.3,PRexp,14,3.91,nan,12,Left,Left,4838,304,317,11,nan,nan,0.20
9/21/2025 8:46:12,1.16.3,PRexp,14,3.91,nan,12,Left,Left,4839,304,317,11,nan,nan,0.75
9/21/2025 8:46:16,1.16.3,PRexp,14,3.91,nan,12,Left,Left,4840,304,317,11,nan,nan,1.16
9/21/2025 8:46:21,1.16.3,PRexp,14,3.91,nan,12,Left,Left,4841,304,317,11,nan,nan,1.13
9/21/2025 8:46:23,1.16.3,PRexp,14,3.91,nan,12,Left,Left,4842,304,317,11,nan,nan,1.45
9/21/2025 8:46:28,1.16.3,PRexp,14,3.91,nan,12,Left,Left,4843,304,317,11,nan,nan,1.22
9/21/2025 8:46:35,1.16.3,PRexp,14,3.91,nan,12,Left,Left,4844,304,317,11,nan,nan,0.00
9/21/2025 8:46:36,1.16.3,PRexp,14,3.91,1,12,Pellet,Left,4844,304,318,12,0.36,1346,nan
9/21/2025 8:47:57,1.16.3,PRexp,14,3.91,nan,13,Left,Left,4845,304,318,12,nan,nan,0.01
9/21/2025 8:48:03,1.16.3,PRexp,14,3.92,nan,13,Left,Left,4846,304,318,12,nan,nan,4.56
9/21/2025 8:48:06,1.16.3,PRexp,14,3.91,nan,13,Left,Left,4847,304,318,12,nan,nan,0.00
9/21/2025 8:48:09,1.16.3,PRexp,14,3.92,nan,13,Left,Left,4848,304,318,12,nan,nan,0.00
9/21/2025 8:48:13,1.16.3,PRexp,14,3.91,nan,13,Left,Left,4849,304,318,12,nan,nan,2.14
9/21/2025 8:48:15,1.16.3,PRexp,14,3.92,nan,13,Left,Left,4850,304,318,12,nan,nan,0.02
9/21/2025 8:48:21,1.16.3,PRexp,14,3.91,nan,13,Left,Left,4851,304,318,12,nan,nan,0.34
9/21/2025 8:48:27,1.16.3,PRexp,14,3.91,nan,13,Left,Left,4852,304,318,12,nan,nan,4.55
9/21/2025 8:48:31,1.16.3,PRexp,14,3.91,nan,13,Left,Left,4853,304,318,12,nan,nan,0.10
9/21/2025 8:48:43,1.16.3,PRexp,14,3.91,nan,13,Left,Left,4854,304,318,12,nan,nan,10.70
9/21/2025 8:56:11,1.16.3,PRexp,14,3.91,nan,13,Left,Left,4855,304,318,12,nan,nan,0.03
9/21/2025 8:56:15,1.16.3,PRexp,14,3.92,nan,13,Left,Left,4856,304,318,12,nan,nan,0.00
9/21/2025 8:56:16,1.16.3,PRexp,14,3.92,nan,13,Left,Left,4857,304,318,12,nan,nan,0.09
9/21/2025 8:56:17,1.16.3,PRexp,14,3.91,1,13,Pellet,Left,4857,304,319,13,0.55,581,nan
9/21/2025 8:56:44,1.16.3,PRexp,14,3.91,nan,15,Left,Left,4858,304,319,13,nan,nan,0.04
9/21/2025 8:57:02,1.16.3,PRexp,14,3.91,nan,15,Left,Left,4859,304,319,13,nan,nan,0.99
9/21/2025 8:57:06,1.16.3,PRexp,14,3.91,nan,15,Left,Left,4860,304,319,13,nan,nan,1.48
9/21/2025 8:57:09,1.16.3,PRexp,14,3.92,nan,15,Left,Left,4861,304,319,13,nan,nan,1.75
9/21/2025 8:57:13,1.16.3,PRexp,14,3.91,nan,15,Left,Left,4862,304,319,13,nan,nan,0.10
9/21/2025 8:57:14,1.16.3,PRexp,14,3.91,nan,15,Left,Left,4863,304,319,13,nan,nan,0.54
9/21/2025 8:57:16,1.16.3,PRexp,14,3.91,nan,15,Left,Left,4864,304,319,13,nan,nan,0.87
9/21/2025 8:57:22,1.16.3,PRexp,14,3.91,nan,15,Left,Left,4865,304,319,13,nan,nan,0.02
9/21/2025 8:57:33,1.16.3,PRexp,14,3.91,nan,15,Left,Left,4866,304,319,13,nan,nan,2.41
9/21/2025 8:57:40,1.16.3,PRexp,14,3.91,nan,15,Left,Left,4867,304,319,13,nan,nan,0.02
9/21/2025 8:57:44,1.16.3,PRexp,14,3.91,nan,15,Left,Left,4868,304,319,13,nan,nan,3.28
9/21/2025 8:57:46,1.16.3,PRexp,14,3.91,nan,15,Left,Left,4869,304,319,13,nan,nan,0.00
9/21/2025 8:57:47,1.16.3,PRexp,14,3.91,nan,15,Left,Left,4870,304,319,13,nan,nan,0.04
9/21/2025 8:57:51,1.16.3,PRexp,14,3.91,nan,15,Left,Left,4871,304,319,13,nan,nan,0.76
9/21/2025 8:57:55,1.16.3,PRexp,14,3.91,nan,15,Left,Left,4872,304,319,13,nan,nan,0.39
9/21/2025 8:57:58,1.16.3,PRexp,14,3.91,2,15,Pellet,Left,4872,304,320,14,0.24,101,nan
9/21/2025 8:58:37,1.16.3,PRexp,14,3.92,nan,17,Left,Left,4873,304,320,14,nan,nan,0.57
9/21/2025 8:58:38,1.16.3,PRexp,14,3.91,nan,17,Left,Left,4874,304,320,14,nan,nan,0.05
9/21/2025 8:58:40,1.16.3,PRexp,14,3.91,nan,17,Left,Left,4875,304,320,14,nan,nan,0.58
9/21/2025 8:58:48,1.16.3,PRexp,14,3.91,nan,17,Left,Left,4876,304,320,14,nan,nan,0.37
9/21/2025 8:58:54,1.16.3,PRexp,14,3.91,nan,17,Left,Left,4877,304,320,14,nan,nan,0.12
9/21/2025 8:58:56,1.16.3,PRexp,14,3.91,nan,17,Left,Left,4878,304,320,14,nan,nan,0.00
9/21/2025 8:58:57,1.16.3,PRexp,14,3.91,nan,17,Left,Left,4879,304,320,14,nan,nan,0.21
9/21/2025 8:58:58,1.16.3,PRexp,14,3.92,nan,17,Left,Left,4880,304,320,14,nan,nan,0.00
9/21/2025 8:58:59,1.16.3,PRexp,14,3.92,nan,17,Left,Left,4881,304,320,14,nan,nan,0.23
9/21/2025 8:59:01,1.16.3,PRexp,14,3.91,nan,17,Left,Left,4882,304,320,14,nan,nan,1.01
9/21/2025 8:59:07,1.16.3,PRexp,14,3.91,nan,17,Left,Left,4883,304,320,14,nan,nan,0.28
9/21/2025 9:23:43,1.16.3,PRexp,14,3.91,nan,17,Left,Left,4884,304,320,14,nan,nan,0.56
9/21/2025 9:23:45,1.16.3,PRexp,14,3.91,nan,17,Left,Left,4885,304,320,14,nan,nan,0.43
9/21/2025 9:23:48,1.16.3,PRexp,14,3.91,nan,17,Left,Left,4886,304,320,14,nan,nan,0.11
9/21/2025 9:23:50,1.16.3,PRexp,14,3.91,nan,17,Left,Left,4887,304,320,14,nan,nan,0.20
9/21/2025 9:23:52,1.16.3,PRexp,14,3.91,nan,17,Left,Left,4888,304,320,14,nan,nan,0.95
9/21/2025 9:23:55,1.16.3,PRexp,14,3.91,nan,17,Left,Left,4889,304,320,14,nan,nan,0.17
9/21/2025 9:23:56,1.16.3,PRexp,14,3.91,1,17,Pellet,Left,4889,304,321,15,0.61,1558,nan
9/21/2025 9:25:27,1.16.3,PRexp,14,3.91,nan,20,Left,Left,4890,304,321,15,nan,nan,0.03
9/21/2025 9:25:32,1.16.3,PRexp,14,3.91,nan,20,Left,Left,4891,304,321,15,nan,nan,0.11
9/21/2025 9:25:38,1.16.3,PRexp,14,3.91,nan,20,Left,Left,4892,304,321,15,nan,nan,0.05
9/21/2025 9:25:41,1.16.3,PRexp,14,3.91,nan,20,Left,Left,4893,304,321,15,nan,nan,0.04
9/21/2025 9:25:44,1.16.3,PRexp,14,3.91,nan,20,Left,Left,4894,304,321,15,nan,nan,0.52
9/21/2025 9:25:47,1.16.3,PRexp,14,3.91,nan,20,Left,Left,4895,304,321,15,nan,nan,0.07
9/21/2025 9:25:48,1.16.3,PRexp,14,3.91,nan,20,Left,Left,4896,304,321,15,nan,nan,0.00
9/21/2025 9:25:49,1.16.3,PRexp,14,3.91,nan,20,Left,Left,4897,304,321,15,nan,nan,0.02
9/21/2025 9:25:56,1.16.3,PRexp,14,3.91,nan,20,Left,Left,4898,304,321,15,nan,nan,0.19
9/21/2025 9:25:58,1.16.3,PRexp,14,3.91,nan,20,Left,Left,4899,304,321,15,nan,nan,0.68
9/21/2025 9:26:00,1.16.3,PRexp,14,3.91,nan,20,Left,Left,4900,304,321,15,nan,nan,0.46
9/21/2025 9:26:02,1.16.3,PRexp,14,3.91,nan,20,Left,Left,4901,304,321,15,nan,nan,0.00
9/21/2025 9:26:04,1.16.3,PRexp,14,3.91,nan,20,Left,Left,4902,304,321,15,nan,nan,1.21
9/21/2025 9:26:09,1.16.3,PRexp,14,3.92,nan,20,Left,Left,4903,304,321,15,nan,nan,0.52
9/21/2025 9:26:12,1.16.3,PRexp,14,3.91,nan,20,Left,Left,4904,304,321,15,nan,nan,1.48
9/21/2025 9:26:16,1.16.3,PRexp,14,3.91,nan,20,Left,Left,4905,304,321,15,nan,nan,1.23
9/21/2025 9:26:21,1.16.3,PRexp,14,3.92,nan,20,Left,Left,4906,304,321,15,nan,nan,0.07
9/21/2025 9:26:24,1.16.3,PRexp,14,3.91,nan,20,Left,Left,4907,304,321,15,nan,nan,1.73
9/21/2025 9:26:29,1.16.3,PRexp,14,3.91,nan,20,Left,Left,4908,304,321,15,nan,nan,0.15
9/21/2025 9:26:41,1.16.3,PRexp,14,3.91,nan,20,Left,Left,4909,304,321,15,nan,nan,0.41
9/21/2025 9:26:41,1.16.3,PRexp,14,3.91,nan,20,LeftDuringDispense,Left,4910,304,321,16,nan,nan,0.01
9/21/2025 9:26:44,1.16.3,PRexp,14,3.91,2,20,Pellet,Left,4910,304,322,16,0.24,168,nan
9/21/2025 9:34:02,1.16.3,PRexp,14,3.91,nan,22,Left,Left,4911,304,322,16,nan,nan,0.03
9/21/2025 9:34:03,1.16.3,PRexp,14,3.91,nan,22,Left,Left,4912,304,322,16,nan,nan,0.15
9/21/2025 9:34:05,1.16.3,PRexp,14,3.91,nan,22,Left,Left,4913,304,322,16,nan,nan,0.12
9/21/2025 9:34:07,1.16.3,PRexp,14,3.92,nan,22,Left,Left,4914,304,322,16,nan,nan,0.03
9/21/2025 9:34:14,1.16.3,PRexp,14,3.91,nan,22,Left,Left,4915,304,322,16,nan,nan,3.65
9/21/2025 9:34:15,1.16.3,PRexp,14,3.91,nan,22,Left,Left,4916,304,322,16,nan,nan,0.00
9/21/2025 9:34:17,1.16.3,PRexp,14,3.91,nan,22,Left,Left,4917,304,322,16,nan,nan,0.13
9/21/2025 9:34:19,1.16.3,PRexp,14,3.91,nan,22,Left,Left,4918,304,322,16,nan,nan,0.03
9/21/2025 9:34:21,1.16.3,PRexp,14,3.91,nan,22,Left,Left,4919,304,322,16,nan,nan,1.15
9/21/2025 9:34:26,1.16.3,PRexp,14,3.91,nan,22,Left,Left,4920,304,322,16,nan,nan,0.02
9/21/2025 9:34:29,1.16.3,PRexp,14,3.91,nan,22,Left,Left,4921,304,322,16,nan,nan,0.00
9/21/2025 9:34:30,1.16.3,PRexp,14,3.91,nan,22,Left,Left,4922,304,322,16,nan,nan,1.28
9/21/2025 9:34:39,1.16.3,PRexp,14,3.91,nan,22,Left,Left,4923,304,322,16,nan,nan,0.23
9/21/2025 9:34:41,1.16.3,PRexp,14,3.91,nan,22,Left,Left,4924,304,322,16,nan,nan,0.00
9/21/2025 9:35:52,1.16.3,PRexp,14,3.91,nan,22,Left,Left,4925,304,322,16,nan,nan,0.16
9/21/2025 10:03:24,1.16.3,PRexp,14,3.91,nan,22,Left,Left,4926,304,322,16,nan,nan,0.39
9/21/2025 10:03:25,1.16.3,PRexp,14,3.91,nan,22,Left,Left,4927,304,322,16,nan,nan,0.38
9/21/2025 10:03:27,1.16.3,PRexp,14,3.91,nan,22,Left,Left,4928,304,322,16,nan,nan,1.35
9/21/2025 10:03:30,1.16.3,PRexp,14,3.91,nan,22,Left,Left,4929,304,322,16,nan,nan,0.25
9/21/2025 10:03:32,1.16.3,PRexp,14,3.91,nan,22,Left,Left,4930,304,322,16,nan,nan,0.58
9/21/2025 10:03:33,1.16.3,PRexp,14,3.91,nan,22,Left,Left,4931,304,322,16,nan,nan,0.13
9/21/2025 10:03:35,1.16.3,PRexp,14,3.91,nan,22,Left,Left,4932,304,322,16,nan,nan,0.26
9/21/2025 10:03:35,1.16.3,PRexp,14,3.91,nan,22,LeftDuringDispense,Left,4933,304,322,17,nan,nan,0.09
9/21/2025 10:03:40,1.16.3,PRexp,14,3.91,3,22,Pellet,Left,4933,304,323,17,1.53,2216,nan
9/21/2025 10:04:01,1.16.3,PRexp,14,3.91,nan,25,Left,Left,4934,304,323,17,nan,nan,0.02
9/21/2025 10:04:10,1.16.3,PRexp,14,3.91,nan,25,Left,Left,4935,304,323,17,nan,nan,0.07
9/21/2025 10:04:14,1.16.3,PRexp,14,3.91,nan,25,Left,Left,4936,304,323,17,nan,nan,0.04
9/21/2025 10:04:17,1.16.3,PRexp,14,3.91,nan,25,Left,Left,4937,304,323,17,nan,nan,0.03
9/21/2025 10:04:19,1.16.3,PRexp,14,3.91,nan,25,Left,Left,4938,304,323,17,nan,nan,0.21
9/21/2025 10:04:20,1.16.3,PRexp,14,3.91,nan,25,Left,Left,4939,304,323,17,nan,nan,0.09
9/21/2025 10:04:27,1.16.3,PRexp,14,3.92,nan,25,Left,Left,4940,304,323,17,nan,nan,2.38
9/21/2025 10:04:34,1.16.3,PRexp,14,3.91,nan,25,Left,Left,4941,304,323,17,nan,nan,3.19
9/21/2025 10:04:35,1.16.3,PRexp,14,3.91,nan,25,Left,Left,4942,304,323,17,nan,nan,0.01
9/21/2025 10:04:38,1.16.3,PRexp,14,3.92,nan,25,Left,Left,4943,304,323,17,nan,nan,0.09
9/21/2025 10:04:41,1.16.3,PRexp,14,3.91,nan,25,Left,Left,4944,304,323,17,nan,nan,0.18
9/21/2025 10:04:43,1.16.3,PRexp,14,3.91,nan,25,Left,Left,4945,304,323,17,nan,nan,0.99
9/21/2025 10:04:44,1.16.3,PRexp,14,3.91,nan,25,Left,Left,4946,304,323,17,nan,nan,0.55
9/21/2025 10:04:47,1.16.3,PRexp,14,3.91,nan,25,Left,Left,4947,304,323,17,nan,nan,0.09
9/21/2025 10:04:48,1.16.3,PRexp,14,3.91,nan,25,Left,Left,4948,304,323,17,nan,nan,0.00
9/21/2025 10:04:49,1.16.3,PRexp,14,3.91,nan,25,Left,Left,4949,304,323,17,nan,nan,0.00
9/21/2025 10:04:50,1.16.3,PRexp,14,3.91,nan,25,Left,Left,4950,304,323,17,nan,nan,0.50
9/21/2025 10:04:52,1.16.3,PRexp,14,3.91,nan,25,Left,Left,4951,304,323,17,nan,nan,0.72
9/21/2025 10:04:57,1.16.3,PRexp,14,3.91,nan,25,Left,Left,4952,304,323,17,nan,nan,2.58
9/21/2025 10:04:59,1.16.3,PRexp,14,3.91,nan,25,Left,Left,4953,304,323,17,nan,nan,0.12
9/21/2025 10:05:00,1.16.3,PRexp,14,3.91,nan,25,Left,Left,4954,304,323,17,nan,nan,0.00
9/21/2025 10:05:03,1.16.3,PRexp,14,3.91,nan,25,Left,Left,4955,304,323,17,nan,nan,0.42
9/21/2025 10:05:06,1.16.3,PRexp,14,3.91,nan,25,Left,Left,4956,304,323,17,nan,nan,1.53
9/21/2025 10:05:08,1.16.3,PRexp,14,3.91,nan,25,Left,Left,4957,304,323,17,nan,nan,0.41
9/21/2025 10:05:19,1.16.3,PRexp,14,3.91,nan,25,Left,Left,4958,304,323,17,nan,nan,1.29
9/21/2025 10:05:20,1.16.3,PRexp,14,3.91,1,25,Pellet,Left,4958,304,324,18,0.85,100,nan
9/21/2025 10:06:26,1.16.3,PRexp,14,3.91,nan,28,Left,Left,4959,304,324,18,nan,nan,0.39
9/21/2025 10:06:34,1.16.3,PRexp,14,3.91,nan,28,Left,Left,4960,304,324,18,nan,nan,0.14
9/21/2025 10:06:36,1.16.3,PRexp,14,3.91,nan,28,Left,Left,4961,304,324,18,nan,nan,1.60
9/21/2025 10:06:39,1.16.3,PRexp,14,3.91,nan,28,Left,Left,4962,304,324,18,nan,nan,0.10
9/21/2025 10:06:40,1.16.3,PRexp,14,3.91,nan,28,Left,Left,4963,304,324,18,nan,nan,0.53
9/21/2025 10:06:43,1.16.3,PRexp,14,3.91,nan,28,Left,Left,4964,304,324,18,nan,nan,0.29
9/21/2025 10:24:27,1.16.3,PRexp,14,3.91,nan,28,Left,Left,4965,304,324,18,nan,nan,1.12
9/21/2025 10:24:29,1.16.3,PRexp,14,3.91,nan,28,Left,Left,4966,304,324,18,nan,nan,0.08
9/21/2025 10:24:33,1.16.3,PRexp,14,3.91,nan,28,Left,Left,4967,304,324,18,nan,nan,0.08
9/21/2025 10:24:35,1.16.3,PRexp,14,3.91,nan,28,Left,Left,4968,304,324,18,nan,nan,0.00
9/21/2025 10:24:36,1.16.3,PRexp,14,3.91,nan,28,Left,Left,4969,304,324,18,nan,nan,0.67
9/21/2025 10:24:43,1.16.3,PRexp,14,3.91,nan,28,Left,Left,4970,304,324,18,nan,nan,0.00
9/21/2025 10:24:44,1.16.3,PRexp,14,3.91,nan,28,Left,Left,4971,304,324,18,nan,nan,1.02
9/21/2025 10:24:46,1.16.3,PRexp,14,3.91,nan,28,Left,Left,4972,304,324,18,nan,nan,0.13
9/21/2025 10:24:53,1.16.3,PRexp,14,3.91,nan,28,Left,Left,4973,304,324,18,nan,nan,1.46
9/21/2025 10:24:55,1.16.3,PRexp,14,3.91,nan,28,Left,Left,4974,304,324,18,nan,nan,0.33
9/21/2025 10:24:58,1.16.3,PRexp,14,3.91,nan,28,Left,Left,4975,304,324,18,nan,nan,1.72
9/21/2025 10:25:02,1.16.3,PRexp,14,3.91,nan,28,Left,Left,4976,304,324,18,nan,nan,0.99
9/21/2025 10:25:07,1.16.3,PRexp,14,3.91,nan,28,Left,Left,4977,304,324,18,nan,nan,2.74
9/21/2025 10:25:08,1.16.3,PRexp,14,3.91,nan,28,Left,Left,4978,304,324,18,nan,nan,0.04
9/21/2025 10:25:11,1.16.3,PRexp,14,3.91,nan,28,Left,Left,4979,304,324,18,nan,nan,0.00
9/21/2025 10:25:13,1.16.3,PRexp,14,3.91,nan,28,Left,Left,4980,304,324,18,nan,nan,0.89
9/21/2025 10:25:16,1.16.3,PRexp,14,3.91,nan,28,Left,Left,4981,304,324,18,nan,nan,0.58
9/21/2025 10:25:19,1.16.3,PRexp,14,3.91,nan,28,Left,Left,4982,304,324,18,nan,nan,0.16
9/21/2025 10:25:21,1.16.3,PRexp,14,3.91,nan,28,Left,Left,4983,304,324,18,nan,nan,0.07
9/21/2025 10:25:26,1.16.3,PRexp,14,3.91,nan,28,Left,Left,4984,304,324,18,nan,nan,0.00
9/21/2025 10:25:27,1.16.3,PRexp,14,3.91,nan,28,Left,Left,4985,304,324,18,nan,nan,0.46
9/21/2025 10:25:30,1.16.3,PRexp,14,3.91,nan,28,Left,Left,4986,304,324,18,nan,nan,2.11
9/21/2025 10:25:31,1.16.3,PRexp,14,3.91,1,28,Pellet,Left,4986,304,325,19,0.36,1211,nan
9/21/2025 10:32:11,1.16.3,PRexp,14,3.91,nan,32,Left,Left,4987,304,325,19,nan,nan,0.07
9/21/2025 10:32:17,1.16.3,PRexp,14,3.91,nan,32,Left,Left,4988,304,325,19,nan,nan,4.04
9/21/2025 10:32:24,1.16.3,PRexp,14,3.91,nan,32,Left,Left,4989,304,325,19,nan,nan,0.25
9/21/2025 10:32:29,1.16.3,PRexp,14,3.91,nan,32,Left,Left,4990,304,325,19,nan,nan,3.44
9/21/2025 10:33:56,1.16.3,PRexp,14,3.91,nan,32,Left,Left,4991,304,325,19,nan,nan,0.02
9/21/2025 10:36:29,1.16.3,PRexp,14,3.91,nan,32,Left,Left,4992,304,325,19,nan,nan,1.17
9/21/2025 10:36:35,1.16.3,PRexp,14,3.91,nan,32,Left,Left,4993,304,325,19,nan,nan,0.07
9/21/2025 10:36:46,1.16.3,PRexp,14,3.91,nan,32,Left,Left,4994,304,325,19,nan,nan,0.12
9/21/2025 10:36:47,1.16.3,PRexp,14,3.91,nan,32,Left,Left,4995,304,325,19,nan,nan,0.00
9/21/2025 10:36:55,1.16.3,PRexp,14,3.91,nan,32,Left,Left,4996,304,325,19,nan,nan,0.18
9/21/2025 10:36:58,1.16.3,PRexp,14,3.91,nan,32,Left,Left,4997,304,325,19,nan,nan,0.14
9/21/2025 10:37:01,1.16.3,PRexp,14,3.91,nan,32,Left,Left,4998,304,325,19,nan,nan,2.24
9/21/2025 10:37:04,1.16.3,PRexp,14,3.91,nan,32,Left,Left,4999,304,325,19,nan,nan,1.26
9/21/2025 10:37:15,1.16.3,PRexp,14,3.91,nan,32,Left,Left,5000,304,325,19,nan,nan,0.92
9/21/2025 10:37:19,1.16.3,PRexp,14,3.91,nan,32,Left,Left,5001,304,325,19,nan,nan,0.00
9/21/2025 10:37:23,1.16.3,PRexp,14,3.91,nan,32,Left,Left,5002,304,325,19,nan,nan,1.74
9/21/2025 10:37:29,1.16.3,PRexp,14,3.91,nan,32,Left,Left,5003,304,325,19,nan,nan,0.74
9/21/2025 10:37:30,1.16.3,PRexp,14,3.91,nan,32,Left,Left,5004,304,325,19,nan,nan,0.13
9/21/2025 10:37:32,1.16.3,PRexp,14,3.91,nan,32,Left,Left,5005,304,325,19,nan,nan,0.00
9/21/2025 10:37:34,1.16.3,PRexp,14,3.91,nan,32,Left,Left,5006,304,325,19,nan,nan,0.57
9/21/2025 10:37:37,1.16.3,PRexp,14,3.91,nan,32,Left,Left,5007,304,325,19,nan,nan,0.10
9/21/2025 10:37:38,1.16.3,PRexp,14,3.91,nan,32,Left,Left,5008,304,325,19,nan,nan,0.37
9/21/2025 10:37:40,1.16.3,PRexp,14,3.91,nan,32,Left,Left,5009,304,325,19,nan,nan,0.15
9/21/2025 10:37:46,1.16.3,PRexp,14,3.91,nan,32,Left,Left,5010,304,325,19,nan,nan,0.55
9/21/2025 10:37:49,1.16.3,PRexp,14,3.91,nan,32,Left,Left,5011,304,325,19,nan,nan,0.35
9/21/2025 10:37:52,1.16.3,PRexp,14,3.91,nan,32,Left,Left,5012,304,325,19,nan,nan,0.81
9/21/2025 10:55:39,1.16.3,PRexp,14,3.91,nan,32,Left,Left,5013,304,325,19,nan,nan,0.08
9/21/2025 10:55:41,1.16.3,PRexp,14,3.91,nan,32,Left,Left,5014,304,325,19,nan,nan,0.04
9/21/2025 10:55:43,1.16.3,PRexp,14,3.91,nan,32,Left,Left,5015,304,325,19,nan,nan,1.38
9/21/2025 10:55:45,1.16.3,PRexp,14,3.91,nan,32,Left,Left,5016,304,325,19,nan,nan,1.01
9/21/2025 10:55:47,1.16.3,PRexp,14,3.91,nan,32,Left,Left,5017,304,325,19,nan,nan,0.46
9/21/2025 10:55:49,1.16.3,PRexp,14,3.91,nan,32,Left,Left,5018,304,325,19,nan,nan,0.89
9/21/2025 10:55:54,1.16.3,PRexp,14,3.91,3,32,Pellet,Left,5018,304,326,20,0.42,1823,nan
9/21/2025 10:57:44,1.16.3,PRexp,14,3.91,nan,36,Left,Left,5019,304,326,20,nan,nan,0.10
9/21/2025 10:57:51,1.16.3,PRexp,14,3.91,nan,36,Left,Left,5020,304,326,20,nan,nan,0.09
9/21/2025 10:57:56,1.16.3,PRexp,14,3.91,nan,36,Left,Left,5021,304,326,20,nan,nan,0.18
9/21/2025 10:58:08,1.16.3,PRexp,14,3.91,nan,36,Left,Left,5022,304,326,20,nan,nan,0.03
9/21/2025 10:58:14,1.16.3,PRexp,14,3.91,nan,36,Left,Left,5023,304,326,20,nan,nan,0.05
9/21/2025 10:58:22,1.16.3,PRexp,14,3.91,nan,36,Left,Left,5024,304,326,20,nan,nan,1.06
9/21/2025 10:58:31,1.16.3,PRexp,14,3.91,nan,36,Left,Left,5025,304,326,20,nan,nan,2.31
9/21/2025 10:58:35,1.16.3,PRexp,14,3.91,nan,36,Left,Left,5026,304,326,20,nan,nan,0.01
9/21/2025 10:58:39,1.16.3,PRexp,14,3.91,nan,36,Left,Left,5027,304,326,20,nan,nan,0.02
9/21/2025 10:58:41,1.16.3,PRexp,14,3.91,nan,36,Left,Left,5028,304,326,20,nan,nan,0.68
9/21/2025 10:58:42,1.16.3,PRexp,14,3.91,nan,36,Left,Left,5029,304,326,20,nan,nan,0.35
9/21/2025 10:58:44,1.16.3,PRexp,14,3.91,nan,36,Left,Left,5030,304,326,20,nan,nan,0.69
9/21/2025 10:58:47,1.16.3,PRexp,14,3.91,nan,36,Left,Left,5031,304,326,20,nan,nan,2.45
9/21/2025 10:58:48,1.16.3,PRexp,14,3.91,nan,36,Left,Left,5032,304,326,20,nan,nan,0.00
9/21/2025 10:58:51,1.16.3,PRexp,14,3.91,nan,36,Left,Left,5033,304,326,20,nan,nan,0.37
9/21/2025 10:58:54,1.16.3,PRexp,14,3.91,nan,36,Left,Left,5034,304,326,20,nan,nan,1.29
9/21/2025 10:58:56,1.16.3,PRexp,14,3.91,nan,36,Left,Left,5035,304,326,20,nan,nan,0.16
9/21/2025 10:58:59,1.16.3,PRexp,14,3.91,nan,36,Left,Left,5036,304,326,20,nan,nan,0.00
9/21/2025 10:59:02,1.16.3,PRexp,14,3.91,nan,36,Left,Left,5037,304,326,20,nan,nan,0.01
9/21/2025 10:59:05,1.16.3,PRexp,14,3.91,nan,36,Left,Left,5038,304,326,20,nan,nan,0.88
9/21/2025 10:59:07,1.16.3,PRexp,14,3.91,nan,36,Left,Left,5039,304,326,20,nan,nan,0.00
9/21/2025 10:59:11,1.16.3,PRexp,14,3.91,nan,36,Left,Left,5040,304,326,20,nan,nan,1.05
9/21/2025 10:59:13,1.16.3,PRexp,14,3.91,nan,36,Left,Left,5041,304,326,20,nan,nan,0.00
9/21/2025 10:59:14,1.16.3,PRexp,14,3.91,nan,36,Left,Left,5042,304,326,20,nan,nan,0.00
9/21/2025 10:59:16,1.16.3,PRexp,14,3.91,nan,36,Left,Left,5043,304,326,20,nan,nan,0.93
9/21/2025 10:59:20,1.16.3,PRexp,14,3.91,nan,36,Left,Left,5044,304,326,20,nan,nan,0.07
9/21/2025 10:59:23,1.16.3,PRexp,14,3.91,nan,36,Left,Left,5045,304,326,20,nan,nan,0.00
9/21/2025 10:59:24,1.16.3,PRexp,14,3.91,nan,36,Left,Left,5046,304,326,20,nan,nan,0.31
9/21/2025 10:59:27,1.16.3,PRexp,14,3.91,nan,36,Left,Left,5047,304,326,20,nan,nan,0.66
9/21/2025 10:59:32,1.16.3,PRexp,14,3.91,nan,36,Left,Left,5048,304,326,20,nan,nan,0.14
9/21/2025 10:59:36,1.16.3,PRexp,14,3.91,nan,36,Left,Left,5049,304,326,20,nan,nan,0.00
9/21/2025 10:59:41,1.16.3,PRexp,14,3.91,nan,36,Left,Left,5050,304,326,20,nan,nan,0.46
9/21/2025 10:59:42,1.16.3,PRexp,14,3.91,nan,36,Left,Left,5051,304,326,20,nan,nan,0.00
9/21/2025 10:59:44,1.16.3,PRexp,14,3.91,nan,36,Left,Left,5052,304,326,20,nan,nan,0.10
9/21/2025 10:59:47,1.16.3,PRexp,14,3.91,nan,36,Left,Left,5053,304,326,20,nan,nan,0.50
9/21/2025 10:59:48,1.16.3,PRexp,14,3.91,nan,36,Left,Left,5054,304,326,20,nan,nan,0.44
9/21/2025 10:59:49,1.16.3,PRexp,14,3.91,1,36,Pellet,Left,5054,304,327,21,0.36,235,nan
9/21/2025 11:09:13,1.16.3,PRexp,14,3.91,nan,40,Left,Left,5055,304,327,21,nan,nan,0.03
9/21/2025 11:09:18,1.16.3,PRexp,14,3.91,nan,40,Left,Left,5056,304,327,21,nan,nan,3.38
9/21/2025 11:09:20,1.16.3,PRexp,14,3.91,nan,40,Left,Left,5057,304,327,21,nan,nan,1.10
9/21/2025 11:11:04,1.16.3,PRexp,14,3.91,nan,40,Right,Left,5057,305,327,21,nan,nan,0.07
9/21/2025 11:11:05,1.16.3,PRexp,14,3.91,nan,40,Right,Left,5057,306,327,21,nan,nan,0.19
9/21/2025 11:11:06,1.16.3,PRexp,14,3.91,nan,40,Right,Left,5057,307,327,21,nan,nan,0.00
9/21/2025 11:11:08,1.16.3,PRexp,14,3.91,nan,40,Right,Left,5057,308,327,21,nan,nan,0.00
9/21/2025 11:11:09,1.16.3,PRexp,14,3.91,nan,40,Right,Left,5057,309,327,21,nan,nan,0.28
9/21/2025 11:14:48,1.16.3,PRexp,14,3.91,nan,40,Left,Left,5058,309,327,21,nan,nan,0.75
9/21/2025 11:14:51,1.16.3,PRexp,14,3.91,nan,40,Left,Left,5059,309,327,21,nan,nan,0.93
9/21/2025 11:14:53,1.16.3,PRexp,14,3.91,nan,40,Left,Left,5060,309,327,21,nan,nan,0.43
9/21/2025 11:14:55,1.16.3,PRexp,14,3.91,nan,40,Left,Left,5061,309,327,21,nan,nan,0.19
9/21/2025 11:14:57,1.16.3,PRexp,14,3.91,nan,40,Left,Left,5062,309,327,21,nan,nan,0.62
9/21/2025 11:15:00,1.16.3,PRexp,14,3.91,nan,40,Left,Left,5063,309,327,21,nan,nan,0.51
9/21/2025 11:15:02,1.16.3,PRexp,14,3.91,nan,40,Left,Left,5064,309,327,21,nan,nan,0.02
9/21/2025 11:15:04,1.16.3,PRexp,14,3.91,nan,40,Left,Left,5065,309,327,21,nan,nan,0.13
9/21/2025 11:15:05,1.16.3,PRexp,14,3.91,nan,40,Left,Left,5066,309,327,21,nan,nan,0.13
9/21/2025 11:15:07,1.16.3,PRexp,14,3.91,nan,40,Left,Left,5067,309,327,21,nan,nan,0.99
9/21/2025 11:15:09,1.16.3,PRexp,14,3.91,nan,40,Left,Left,5068,309,327,21,nan,nan,0.94
9/21/2025 11:15:10,1.16.3,PRexp,14,3.91,nan,40,Left,Left,5069,309,327,21,nan,nan,0.05
9/21/2025 11:15:12,1.16.3,PRexp,14,3.91,nan,40,Left,Left,5070,309,327,21,nan,nan,0.40
9/21/2025 11:15:14,1.16.3,PRexp,14,3.91,nan,40,Left,Left,5071,309,327,21,nan,nan,0.02
9/21/2025 11:15:15,1.16.3,PRexp,14,3.91,nan,40,Left,Left,5072,309,327,21,nan,nan,0.81
9/21/2025 11:15:16,1.16.3,PRexp,14,3.91,nan,40,Left,Left,5073,309,327,21,nan,nan,0.04
9/21/2025 11:15:19,1.16.3,PRexp,14,3.91,nan,40,Left,Left,5074,309,327,21,nan,nan,0.62
9/21/2025 11:15:21,1.16.3,PRexp,14,3.91,nan,40,Left,Left,5075,309,327,21,nan,nan,0.12
9/21/2025 11:15:22,1.16.3,PRexp,14,3.91,nan,40,Left,Left,5076,309,327,21,nan,nan,0.07
9/21/2025 11:15:23,1.16.3,PRexp,14,3.91,nan,40,Left,Left,5077,309,327,21,nan,nan,0.04
9/21/2025 11:15:28,1.16.3,PRexp,14,3.91,nan,40,Left,Left,5078,309,327,21,nan,nan,0.09
9/21/2025 11:15:30,1.16.3,PRexp,14,3.91,nan,40,Left,Left,5079,309,327,21,nan,nan,0.62
9/21/2025 11:15:33,1.16.3,PRexp,14,3.91,nan,40,Left,Left,5080,309,327,21,nan,nan,0.04
9/21/2025 11:15:35,1.16.3,PRexp,14,3.91,nan,40,Left,Left,5081,309,327,21,nan,nan,0.00
9/21/2025 11:15:38,1.16.3,PRexp,14,3.91,nan,40,Left,Left,5082,309,327,21,nan,nan,0.41
9/21/2025 11:15:41,1.16.3,PRexp,14,3.91,nan,40,Left,Left,5083,309,327,21,nan,nan,0.57
9/21/2025 11:15:47,1.16.3,PRexp,14,3.91,nan,40,Left,Left,5084,309,327,21,nan,nan,0.12
9/21/2025 11:15:48,1.16.3,PRexp,14,3.91,nan,40,Left,Left,5085,309,327,21,nan,nan,0.04
9/21/2025 11:15:50,1.16.3,PRexp,14,3.91,nan,40,Left,Left,5086,309,327,21,nan,nan,0.58
9/21/2025 11:34:13,1.16.3,PRexp,14,3.91,nan,40,Left,Left,5087,309,327,21,nan,nan,1.17
9/21/2025 11:34:15,1.16.3,PRexp,14,3.91,nan,40,Left,Left,5088,309,327,21,nan,nan,1.35
9/21/2025 11:34:18,1.16.3,PRexp,14,3.91,nan,40,Left,Left,5089,309,327,21,nan,nan,1.32
9/21/2025 11:34:22,1.16.3,PRexp,14,3.91,nan,40,Left,Left,5090,309,327,21,nan,nan,0.02
9/21/2025 11:34:23,1.16.3,PRexp,14,3.91,nan,40,Left,Left,5091,309,327,21,nan,nan,0.14
9/21/2025 11:34:25,1.16.3,PRexp,14,3.91,nan,40,Left,Left,5092,309,327,21,nan,nan,0.35
9/21/2025 11:34:29,1.16.3,PRexp,14,3.91,nan,40,Left,Left,5093,309,327,21,nan,nan,2.36
9/21/2025 11:34:32,1.16.3,PRexp,14,3.91,nan,40,Left,Left,5094,309,327,21,nan,nan,1.34
9/21/2025 11:34:32,1.16.3,PRexp,14,3.91,nan,40,LeftDuringDispense,Left,5095,309,327,22,nan,nan,0.04
9/21/2025 11:34:36,1.16.3,PRexp,14,3.91,2,40,Pellet,Left,5095,309,328,22,0.48,2087,nan
9/21/2025 11:53:47,1.16.3,PRexp,14,3.91,nan,45,Left,Left,5096,309,328,22,nan,nan,0.02
9/21/2025 11:53:49,1.16.3,PRexp,14,3.91,nan,45,Left,Left,5097,309,328,22,nan,nan,0.89
9/21/2025 11:53:50,1.16.3,PRexp,14,3.91,nan,45,Left,Left,5098,309,328,22,nan,nan,0.00
9/21/2025 11:53:52,1.16.3,PRexp,14,3.91,nan,45,Left,Left,5099,309,328,22,nan,nan,0.75
9/21/2025 11:53:54,1.16.3,PRexp,14,3.91,nan,45,Left,Left,5100,309,328,22,nan,nan,0.83
9/21/2025 11:53:57,1.16.3,PRexp,14,3.91,nan,45,Left,Left,5101,309,328,22,nan,nan,0.65
9/21/2025 11:54:00,1.16.3,PRexp,14,3.91,nan,45,Left,Left,5102,309,328,22,nan,nan,0.24
9/21/2025 11:54:02,1.16.3,PRexp,14,3.91,nan,45,Left,Left,5103,309,328,22,nan,nan,0.72
9/21/2025 11:54:04,1.16.3,PRexp,14,3.91,nan,45,Left,Left,5104,309,328,22,nan,nan,0.57
9/21/2025 11:54:06,1.16.3,PRexp,14,3.91,nan,45,Left,Left,5105,309,328,22,nan,nan,0.00
9/21/2025 11:54:09,1.16.3,PRexp,14,3.91,nan,45,Left,Left,5106,309,328,22,nan,nan,0.24
9/21/2025 11:54:15,1.16.3,PRexp,14,3.91,nan,45,Left,Left,5107,309,328,22,nan,nan,0.00
9/21/2025 11:54:16,1.16.3,PRexp,14,3.91,nan,45,Left,Left,5108,309,328,22,nan,nan,0.28
9/21/2025 11:54:18,1.16.3,PRexp,14,3.91,nan,45,Left,Left,5109,309,328,22,nan,nan,0.11
9/21/2025 11:54:22,1.16.3,PRexp,14,3.91,nan,45,Left,Left,5110,309,328,22,nan,nan,0.17
9/21/2025 11:54:26,1.16.3,PRexp,14,3.91,nan,45,Left,Left,5111,309,328,22,nan,nan,0.03
9/21/2025 11:54:28,1.16.3,PRexp,14,3.91,nan,45,Left,Left,5112,309,328,22,nan,nan,0.73
9/21/2025 11:54:30,1.16.3,PRexp,14,3.91,nan,45,Left,Left,5113,309,328,22,nan,nan,0.67
9/21/2025 11:54:38,1.16.3,PRexp,14,3.91,nan,45,Left,Left,5114,309,328,22,nan,nan,0.11
9/21/2025 11:54:39,1.16.3,PRexp,14,3.91,nan,45,Left,Left,5115,309,328,22,nan,nan,0.04
9/21/2025 11:54:40,1.16.3,PRexp,14,3.91,nan,45,Left,Left,5116,309,328,22,nan,nan,0.14
9/21/2025 11:54:42,1.16.3,PRexp,14,3.91,nan,45,Left,Left,5117,309,328,22,nan,nan,0.10
9/21/2025 11:54:50,1.16.3,PRexp,14,3.91,nan,45,Left,Left,5118,309,328,22,nan,nan,0.10
9/21/2025 11:54:52,1.16.3,PRexp,14,3.91,nan,45,Left,Left,5119,309,328,22,nan,nan,0.03
9/21/2025 11:54:53,1.16.3,PRexp,14,3.91,nan,45,Left,Left,5120,309,328,22,nan,nan,0.00
9/21/2025 11:54:55,1.16.3,PRexp,14,3.91,nan,45,Left,Left,5121,309,328,22,nan,nan,0.33
9/21/2025 11:54:56,1.16.3,PRexp,14,3.91,nan,45,Left,Left,5122,309,328,22,nan,nan,0.41
9/21/2025 11:54:58,1.16.3,PRexp,14,3.91,nan,45,Left,Left,5123,309,328,22,nan,nan,0.62
9/21/2025 11:55:00,1.16.3,PRexp,14,3.91,nan,45,Left,Left,5124,309,328,22,nan,nan,0.66
9/21/2025 11:55:03,1.16.3,PRexp,14,3.91,nan,45,Left,Left,5125,309,328,22,nan,nan,0.18
9/21/2025 11:55:07,1.16.3,PRexp,14,3.91,nan,45,Left,Left,5126,309,328,22,nan,nan,1.28
9/21/2025 11:55:08,1.16.3,PRexp,14,3.91,nan,45,Left,Left,5127,309,328,22,nan,nan,0.00
9/21/2025 11:55:12,1.16.3,PRexp,14,3.91,nan,45,Left,Left,5128,309,328,22,nan,nan,0.15
9/21/2025 11:55:14,1.16.3,PRexp,14,3.91,nan,45,Left,Left,5129,309,328,22,nan,nan,1.77
9/21/2025 11:55:15,1.16.3,PRexp,14,3.91,nan,45,Left,Left,5130,309,328,22,nan,nan,0.07
9/21/2025 11:55:17,1.16.3,PRexp,14,3.91,nan,45,Left,Left,5131,309,328,22,nan,nan,0.24
9/21/2025 11:55:20,1.16.3,PRexp,14,3.91,nan,45,Left,Left,5132,309,328,22,nan,nan,1.32
9/21/2025 11:55:26,1.16.3,PRexp,14,3.91,nan,45,Left,Left,5133,309,328,22,nan,nan,0.11
9/21/2025 11:55:26,1.16.3,PRexp,14,3.91,nan,45,Left,Left,5134,309,328,22,nan,nan,0.00
9/21/2025 11:55:28,1.16.3,PRexp,14,3.91,nan,45,Left,Left,5135,309,328,22,nan,nan,0.10
9/21/2025 11:55:31,1.16.3,PRexp,14,3.91,nan,45,Left,Left,5136,309,328,22,nan,nan,0.16
9/21/2025 11:55:36,1.16.3,PRexp,14,3.91,nan,45,Left,Left,5137,309,328,22,nan,nan,0.77
9/21/2025 11:55:40,1.16.3,PRexp,14,3.91,nan,45,Left,Left,5138,309,328,22,nan,nan,1.90
9/21/2025 11:55:41,1.16.3,PRexp,14,3.91,nan,45,Left,Left,5139,309,328,22,nan,nan,0.00
9/21/2025 11:55:44,1.16.3,PRexp,14,3.91,nan,45,Left,Left,5140,309,328,22,nan,nan,0.08
9/21/2025 11:55:45,1.16.3,PRexp,14,3.91,1,45,Pellet,Left,5140,309,329,23,0.48,1269,nan
9/21/2025 12:19:08,1.16.3,PRexp,14,3.91,nan,50,Left,Left,5141,309,329,23,nan,nan,0.21
9/21/2025 12:19:15,1.16.3,PRexp,14,3.91,nan,50,Left,Left,5142,309,329,23,nan,nan,0.09
9/21/2025 12:19:18,1.16.3,PRexp,14,3.91,nan,50,Left,Left,5143,309,329,23,nan,nan,0.87
9/21/2025 12:19:21,1.16.3,PRexp,14,3.91,nan,50,Left,Left,5144,309,329,23,nan,nan,0.88
9/21/2025 12:19:23,1.16.3,PRexp,14,3.91,nan,50,Left,Left,5145,309,329,23,nan,nan,0.00
9/21/2025 12:19:24,1.16.3,PRexp,14,3.91,nan,50,Left,Left,5146,309,329,23,nan,nan,0.18
9/21/2025 12:19:26,1.16.3,PRexp,14,3.91,nan,50,Left,Left,5147,309,329,23,nan,nan,0.30
9/21/2025 12:19:27,1.16.3,PRexp,14,3.91,nan,50,Left,Left,5148,309,329,23,nan,nan,0.00
9/21/2025 12:19:28,1.16.3,PRexp,14,3.91,nan,50,Left,Left,5149,309,329,23,nan,nan,0.36
9/21/2025 12:19:29,1.16.3,PRexp,14,3.91,nan,50,Left,Left,5150,309,329,23,nan,nan,0.00
9/21/2025 12:19:32,1.16.3,PRexp,14,3.91,nan,50,Left,Left,5151,309,329,23,nan,nan,0.06
9/21/2025 12:19:33,1.16.3,PRexp,14,3.91,nan,50,Left,Left,5152,309,329,23,nan,nan,0.91
9/21/2025 12:19:34,1.16.3,PRexp,14,3.91,nan,50,Left,Left,5153,309,329,23,nan,nan,0.00
9/21/2025 12:19:35,1.16.3,PRexp,14,3.91,nan,50,Left,Left,5154,309,329,23,nan,nan,0.67
9/21/2025 12:19:37,1.16.3,PRexp,14,3.91,nan,50,Left,Left,5155,309,329,23,nan,nan,0.00
9/21/2025 12:19:39,1.16.3,PRexp,14,3.91,nan,50,Left,Left,5156,309,329,23,nan,nan,0.03
9/21/2025 12:19:49,1.16.3,PRexp,14,3.91,nan,50,Left,Left,5157,309,329,23,nan,nan,2.79
9/21/2025 12:19:54,1.16.3,PRexp,14,3.91,nan,50,Left,Left,5158,309,329,23,nan,nan,0.21
9/21/2025 12:20:00,1.16.3,PRexp,14,3.91,nan,50,Left,Left,5159,309,329,23,nan,nan,3.59
9/21/2025 12:20:06,1.16.3,PRexp,14,3.91,nan,50,Left,Left,5160,309,329,23,nan,nan,0.02
9/21/2025 12:20:08,1.16.3,PRexp,14,3.91,nan,50,Left,Left,5161,309,329,23,nan,nan,0.00
9/21/2025 12:20:10,1.16.3,PRexp,14,3.91,nan,50,Left,Left,5162,309,329,23,nan,nan,0.04
9/21/2025 12:20:15,1.16.3,PRexp,14,3.91,nan,50,Left,Left,5163,309,329,23,nan,nan,0.00
9/21/2025 12:20:20,1.16.3,PRexp,14,3.91,nan,50,Left,Left,5164,309,329,23,nan,nan,0.47
9/21/2025 12:20:20,1.16.3,PRexp,14,3.91,nan,50,Left,Left,5165,309,329,23,nan,nan,0.02
9/21/2025 12:20:27,1.16.3,PRexp,14,3.91,nan,50,Left,Left,5166,309,329,23,nan,nan,0.00
9/21/2025 12:20:34,1.16.3,PRexp,14,3.91,nan,50,Left,Left,5167,309,329,23,nan,nan,5.82
9/21/2025 12:20:35,1.16.3,PRexp,14,3.91,nan,50,Left,Left,5168,309,329,23,nan,nan,0.00
9/21/2025 12:20:39,1.16.3,PRexp,14,3.91,nan,50,Left,Left,5169,309,329,23,nan,nan,1.60
9/21/2025 12:20:43,1.16.3,PRexp,14,3.91,nan,50,Left,Left,5170,309,329,23,nan,nan,0.06
9/21/2025 12:20:45,1.16.3,PRexp,14,3.91,nan,50,Left,Left,5171,309,329,23,nan,nan,1.01
9/21/2025 12:20:46,1.16.3,PRexp,14,3.91,nan,50,Left,Left,5172,309,329,23,nan,nan,0.84
9/21/2025 12:20:47,1.16.3,PRexp,14,3.91,nan,50,Left,Left,5173,309,329,23,nan,nan,0.00
9/21/2025 12:20:52,1.16.3,PRexp,14,3.91,nan,50,Left,Left,5174,309,329,23,nan,nan,0.02
9/21/2025 12:20:53,1.16.3,PRexp,14,3.91,nan,50,Left,Left,5175,309,329,23,nan,nan,0.00
9/21/2025 12:20:56,1.16.3,PRexp,14,3.91,nan,50,Left,Left,5176,309,329,23,nan,nan,0.00
9/21/2025 12:21:00,1.16.3,PRexp,14,3.91,nan,50,Left,Left,5177,309,329,23,nan,nan,0.20
9/21/2025 12:21:07,1.16.3,PRexp,14,3.91,nan,50,Left,Left,5178,309,329,23,nan,nan,3.52
9/21/2025 12:21:10,1.16.3,PRexp,14,3.91,nan,50,Left,Left,5179,309,329,23,nan,nan,0.00
9/21/2025 12:33:49,1.16.3,PRexp,14,3.91,nan,50,Left,Left,5180,309,329,23,nan,nan,0.06
9/21/2025 12:33:53,1.16.3,PRexp,14,3.91,nan,50,Left,Left,5181,309,329,23,nan,nan,0.49
9/21/2025 12:33:54,1.16.3,PRexp,14,3.91,nan,50,Left,Left,5182,309,329,23,nan,nan,0.02
9/21/2025 12:33:57,1.16.3,PRexp,14,3.91,nan,50,Left,Left,5183,309,329,23,nan,nan,0.00
9/21/2025 12:33:59,1.16.3,PRexp,14,3.91,nan,50,Left,Left,5184,309,329,23,nan,nan,0.15
9/21/2025 12:34:00,1.16.3,PRexp,14,3.91,nan,50,Left,Left,5185,309,329,23,nan,nan,0.20
9/21/2025 12:34:03,1.16.3,PRexp,14,3.91,nan,50,Left,Left,5186,309,329,23,nan,nan,0.02
9/21/2025 12:34:04,1.16.3,PRexp,14,3.91,nan,50,Left,Left,5187,309,329,23,nan,nan,0.00
9/21/2025 12:34:05,1.16.3,PRexp,14,3.91,nan,50,Left,Left,5188,309,329,23,nan,nan,0.00
9/21/2025 12:34:06,1.16.3,PRexp,14,3.91,nan,50,Left,Left,5189,309,329,23,nan,nan,0.00
9/21/2025 12:34:07,1.16.3,PRexp,14,3.91,nan,50,Left,Left,5190,309,329,23,nan,nan,0.01
9/21/2025 12:34:07,1.16.3,PRexp,14,3.91,nan,50,LeftDuringDispense,Left,5191,309,329,24,nan,nan,0.03
9/21/2025 12:34:10,1.16.3,PRexp,14,3.91,2,50,Pellet,Left,5191,309,330,24,0.18,2305,nan
9/21/2025 12:35:20,1.16.3,PRexp,14,3.91,nan,56,Left,Left,5192,309,330,24,nan,nan,0.04
9/21/2025 12:35:21,1.16.3,PRexp,14,3.91,nan,56,Left,Left,5193,309,330,24,nan,nan,0.54
9/21/2025 12:35:25,1.16.3,PRexp,14,3.91,nan,56,Left,Left,5194,309,330,24,nan,nan,0.81
9/21/2025 12:35:27,1.16.3,PRexp,14,3.91,nan,56,Left,Left,5195,309,330,24,nan,nan,0.05
9/21/2025 12:35:29,1.16.3,PRexp,14,3.91,nan,56,Left,Left,5196,309,330,24,nan,nan,0.27
9/21/2025 12:35:31,1.16.3,PRexp,14,3.91,nan,56,Left,Left,5197,309,330,24,nan,nan,0.00
9/21/2025 12:35:34,1.16.3,PRexp,14,3.91,nan,56,Left,Left,5198,309,330,24,nan,nan,0.14
9/21/2025 12:35:38,1.16.3,PRexp,14,3.91,nan,56,Left,Left,5199,309,330,24,nan,nan,0.03
9/21/2025 12:35:39,1.16.3,PRexp,14,3.91,nan,56,Left,Left,5200,309,330,24,nan,nan,0.02
9/21/2025 12:35:40,1.16.3,PRexp,14,3.91,nan,56,Left,Left,5201,309,330,24,nan,nan,0.30
9/21/2025 12:35:43,1.16.3,PRexp,14,3.91,nan,56,Left,Left,5202,309,330,24,nan,nan,0.30
9/21/2025 12:35:47,1.16.3,PRexp,14,3.91,nan,56,Left,Left,5203,309,330,24,nan,nan,0.01
9/21/2025 12:35:51,1.16.3,PRexp,14,3.91,nan,56,Left,Left,5204,309,330,24,nan,nan,0.29
9/21/2025 12:35:52,1.16.3,PRexp,14,3.91,nan,56,Left,Left,5205,309,330,24,nan,nan,0.13
9/21/2025 12:35:54,1.16.3,PRexp,14,3.91,nan,56,Left,Left,5206,309,330,24,nan,nan,0.07
9/21/2025 12:35:55,1.16.3,PRexp,14,3.91,nan,56,Left,Left,5207,309,330,24,nan,nan,0.00
9/21/2025 12:35:57,1.16.3,PRexp,14,3.91,nan,56,Left,Left,5208,309,330,24,nan,nan,0.00
9/21/2025 12:35:59,1.16.3,PRexp,14,3.91,nan,56,Left,Left,5209,309,330,24,nan,nan,0.14
9/21/2025 12:44:01,1.16.3,PRexp,14,3.91,nan,56,Left,Left,5210,309,330,24,nan,nan,0.07
9/21/2025 12:44:02,1.16.3,PRexp,14,3.91,nan,56,Left,Left,5211,309,330,24,nan,nan,0.05
9/21/2025 12:44:08,1.16.3,PRexp,14,3.91,nan,56,Left,Left,5212,309,330,24,nan,nan,0.15
9/21/2025 12:48:29,1.16.3,PRexp,14,3.91,nan,56,Left,Left,5213,309,330,24,nan,nan,1.25
9/21/2025 12:48:30,1.16.3,PRexp,14,3.91,nan,56,Left,Left,5214,309,330,24,nan,nan,0.78
9/21/2025 12:48:31,1.16.3,PRexp,14,3.91,nan,56,Left,Left,5215,309,330,24,nan,nan,0.09
9/21/2025 12:48:34,1.16.3,PRexp,14,3.91,nan,56,Left,Left,5216,309,330,24,nan,nan,0.00
9/21/2025 12:48:36,1.16.3,PRexp,14,3.91,nan,56,Left,Left,5217,309,330,24,nan,nan,0.00
9/21/2025 12:48:37,1.16.3,PRexp,14,3.91,nan,56,Left,Left,5218,309,330,24,nan,nan,0.10
9/21/2025 12:48:39,1.16.3,PRexp,14,3.91,nan,56,Left,Left,5219,309,330,24,nan,nan,0.02
9/21/2025 12:52:30,1.16.3,PRexp,14,3.91,nan,56,Left,Left,5220,309,330,24,nan,nan,0.16
9/21/2025 12:52:35,1.16.3,PRexp,14,3.91,nan,56,Left,Left,5221,309,330,24,nan,nan,0.00
9/21/2025 12:52:36,1.16.3,PRexp,14,3.91,nan,56,Left,Left,5222,309,330,24,nan,nan,0.09
9/21/2025 12:52:37,1.16.3,PRexp,14,3.90,nan,56,Left,Left,5223,309,330,24,nan,nan,0.00
9/21/2025 13:16:16,1.16.3,PRexp,14,3.91,nan,56,Left,Left,5224,309,330,24,nan,nan,1.09
9/21/2025 13:16:20,1.16.3,PRexp,14,3.91,nan,56,Left,Left,5225,309,330,24,nan,nan,0.73
9/21/2025 13:16:23,1.16.3,PRexp,14,3.91,nan,56,Left,Left,5226,309,330,24,nan,nan,0.84
9/21/2025 13:16:28,1.16.3,PRexp,14,3.90,nan,56,Left,Left,5227,309,330,24,nan,nan,0.04
9/21/2025 13:16:30,1.16.3,PRexp,14,3.91,nan,56,Left,Left,5228,309,330,24,nan,nan,0.89
9/21/2025 13:16:32,1.16.3,PRexp,14,3.91,nan,56,Left,Left,5229,309,330,24,nan,nan,0.00
9/21/2025 13:16:34,1.16.3,PRexp,14,3.91,nan,56,Left,Left,5230,309,330,24,nan,nan,0.03
9/21/2025 13:16:36,1.16.3,PRexp,14,3.91,nan,56,Left,Left,5231,309,330,24,nan,nan,0.02
9/21/2025 13:16:38,1.16.3,PRexp,14,3.91,nan,56,Left,Left,5232,309,330,24,nan,nan,0.03
9/21/2025 13:16:40,1.16.3,PRexp,14,3.91,nan,56,Left,Left,5233,309,330,24,nan,nan,0.05
9/21/2025 13:16:42,1.16.3,PRexp,14,3.91,nan,56,Left,Left,5234,309,330,24,nan,nan,0.57
9/21/2025 13:16:43,1.16.3,PRexp,14,3.91,nan,56,Left,Left,5235,309,330,24,nan,nan,0.00
9/21/2025 13:16:45,1.16.3,PRexp,14,3.91,nan,56,Left,Left,5236,309,330,24,nan,nan,0.20
9/21/2025 13:16:52,1.16.3,PRexp,14,3.91,nan,56,Left,Left,5237,309,330,24,nan,nan,0.54
9/21/2025 13:16:53,1.16.3,PRexp,14,3.91,nan,56,Left,Left,5238,309,330,24,nan,nan,0.35
9/21/2025 13:17:00,1.16.3,PRexp,14,3.91,nan,56,Left,Left,5239,309,330,24,nan,nan,3.96
9/21/2025 13:17:01,1.16.3,PRexp,14,3.91,nan,56,Left,Left,5240,309,330,24,nan,nan,0.08
9/21/2025 13:17:02,1.16.3,PRexp,14,3.91,nan,56,Left,Left,5241,309,330,24,nan,nan,0.00
9/21/2025 13:17:02,1.16.3,PRexp,14,3.91,nan,56,Left,Left,5242,309,330,24,nan,nan,0.06
9/21/2025 13:17:05,1.16.3,PRexp,14,3.91,nan,56,Left,Left,5243,309,330,24,nan,nan,0.77
9/21/2025 13:17:07,1.16.3,PRexp,14,3.90,nan,56,Left,Left,5244,309,330,24,nan,nan,0.83
9/21/2025 13:17:09,1.16.3,PRexp,14,3.91,nan,56,Left,Left,5245,309,330,24,nan,nan,0.69
9/21/2025 13:17:11,1.16.3,PRexp,14,3.91,nan,56,Left,Left,5246,309,330,24,nan,nan,0.04
9/21/2025 13:17:17,1.16.3,PRexp,14,3.91,nan,56,Left,Left,5247,309,330,24,nan,nan,0.00
9/21/2025 13:17:19,1.16.3,PRexp,14,3.91,1,56,Pellet,Left,5247,309,331,25,0.67,2589,nan
9/21/2025 13:19:02,1.16.3,PRexp,14,3.91,nan,62,Left,Left,5248,309,331,25,nan,nan,0.17
9/21/2025 13:19:05,1.16.3,PRexp,14,3.91,nan,62,Left,Left,5249,309,331,25,nan,nan,1.72
9/21/2025 13:19:08,1.16.3,PRexp,14,3.91,nan,62,Left,Left,5250,309,331,25,nan,nan,0.79
9/21/2025 13:19:10,1.16.3,PRexp,14,3.91,nan,62,Left,Left,5251,309,331,25,nan,nan,0.65
9/21/2025 13:19:13,1.16.3,PRexp,14,3.91,nan,62,Left,Left,5252,309,331,25,nan,nan,1.84
9/21/2025 13:19:14,1.16.3,PRexp,14,3.91,nan,62,Left,Left,5253,309,331,25,nan,nan,0.03
9/21/2025 13:19:16,1.16.3,PRexp,14,3.91,nan,62,Left,Left,5254,309,331,25,nan,nan,0.00
9/21/2025 13:19:17,1.16.3,PRexp,14,3.91,nan,62,Left,Left,5255,309,331,25,nan,nan,0.00
9/21/2025 13:19:18,1.16.3,PRexp,14,3.91,nan,62,Left,Left,5256,309,331,25,nan,nan,0.01
9/21/2025 13:19:19,1.16.3,PRexp,14,3.91,nan,62,Left,Left,5257,309,331,25,nan,nan,0.03
9/21/2025 13:19:21,1.16.3,PRexp,14,3.91,nan,62,Left,Left,5258,309,331,25,nan,nan,0.40
9/21/2025 13:19:22,1.16.3,PRexp,14,3.91,nan,62,Left,Left,5259,309,331,25,nan,nan,0.53
9/21/2025 13:19:23,1.16.3,PRexp,14,3.91,nan,62,Left,Left,5260,309,331,25,nan,nan,0.05
9/21/2025 13:19:26,1.16.3,PRexp,14,3.91,nan,62,Left,Left,5261,309,331,25,nan,nan,0.51
9/21/2025 13:19:27,1.16.3,PRexp,14,3.90,nan,62,Left,Left,5262,309,331,25,nan,nan,0.03
9/21/2025 13:19:29,1.16.3,PRexp,14,3.91,nan,62,Left,Left,5263,309,331,25,nan,nan,0.04
9/21/2025 13:19:32,1.16.3,PRexp,14,3.91,nan,62,Left,Left,5264,309,331,25,nan,nan,0.09
9/21/2025 13:19:35,1.16.3,PRexp,14,3.91,nan,62,Left,Left,5265,309,331,25,nan,nan,2.52
9/21/2025 13:19:36,1.16.3,PRexp,14,3.91,nan,62,Left,Left,5266,309,331,25,nan,nan,0.00
9/21/2025 13:19:37,1.16.3,PRexp,14,3.91,nan,62,Left,Left,5267,309,331,25,nan,nan,0.13
9/21/2025 13:19:39,1.16.3,PRexp,14,3.91,nan,62,Left,Left,5268,309,331,25,nan,nan,0.28
9/21/2025 13:19:39,1.16.3,PRexp,14,3.91,nan,62,Left,Left,5269,309,331,25,nan,nan,0.04
9/21/2025 13:19:44,1.16.3,PRexp,14,3.91,nan,62,Left,Left,5270,309,331,25,nan,nan,0.04
9/21/2025 13:19:45,1.16.3,PRexp,14,3.91,nan,62,Left,Left,5271,309,331,25,nan,nan,0.96
9/21/2025 13:19:51,1.16.3,PRexp,14,3.91,nan,62,Left,Left,5272,309,331,25,nan,nan,0.06
9/21/2025 13:19:52,1.16.3,PRexp,14,3.91,nan,62,Left,Left,5273,309,331,25,nan,nan,0.00
9/21/2025 13:19:56,1.16.3,PRexp,14,3.91,nan,62,Left,Left,5274,309,331,25,nan,nan,0.14
9/21/2025 13:19:58,1.16.3,PRexp,14,3.91,nan,62,Left,Left,5275,309,331,25,nan,nan,0.30
9/21/2025 13:20:02,1.16.3,PRexp,14,3.91,nan,62,Left,Left,5276,309,331,25,nan,nan,0.02
9/21/2025 13:20:10,1.16.3,PRexp,14,3.91,nan,62,Left,Left,5277,309,331,25,nan,nan,0.17
9/21/2025 13:20:12,1.16.3,PRexp,14,3.91,nan,62,Left,Left,5278,309,331,25,nan,nan,0.57
9/21/2025 13:20:14,1.16.3,PRexp,14,3.91,nan,62,Left,Left,5279,309,331,25,nan,nan,0.00
9/21/2025 13:20:16,1.16.3,PRexp,14,3.91,nan,62,Left,Left,5280,309,331,25,nan,nan,0.00
9/21/2025 13:20:28,1.16.3,PRexp,14,3.91,nan,62,Left,Left,5281,309,331,25,nan,nan,4.36
9/21/2025 13:20:29,1.16.3,PRexp,14,3.90,nan,62,Left,Left,5282,309,331,25,nan,nan,0.08
9/21/2025 13:20:45,1.16.3,PRexp,14,3.91,nan,62,Left,Left,5283,309,331,25,nan,nan,0.09
9/21/2025 13:20:50,1.16.3,PRexp,14,3.91,nan,62,Left,Left,5284,309,331,25,nan,nan,0.07
9/21/2025 13:20:53,1.16.3,PRexp,14,3.90,nan,62,Left,Left,5285,309,331,25,nan,nan,0.04
9/21/2025 13:20:57,1.16.3,PRexp,14,3.91,nan,62,Left,Left,5286,309,331,25,nan,nan,0.10
9/21/2025 13:20:59,1.16.3,PRexp,14,3.91,nan,62,Left,Left,5287,309,331,25,nan,nan,0.88
9/21/2025 13:20:59,1.16.3,PRexp,14,3.91,nan,62,Left,Left,5288,309,331,25,nan,nan,0.00
9/21/2025 13:21:02,1.16.3,PRexp,14,3.90,nan,62,Left,Left,5289,309,331,25,nan,nan,0.00
9/21/2025 13:21:11,1.16.3,PRexp,14,3.91,nan,62,Left,Left,5290,309,331,25,nan,nan,1.09
9/21/2025 13:21:14,1.16.3,PRexp,14,3.91,nan,62,Left,Left,5291,309,331,25,nan,nan,0.20
9/21/2025 13:21:20,1.16.3,PRexp,14,3.90,nan,62,Left,Left,5292,309,331,25,nan,nan,0.14
9/21/2025 13:21:21,1.16.3,PRexp,14,3.90,nan,62,Left,Left,5293,309,331,25,nan,nan,0.00
9/21/2025 13:21:23,1.16.3,PRexp,14,3.91,nan,62,Left,Left,5294,309,331,25,nan,nan,0.00
9/21/2025 13:21:26,1.16.3,PRexp,14,3.91,nan,62,Left,Left,5295,309,331,25,nan,nan,0.00
9/21/2025 13:21:27,1.16.3,PRexp,14,3.91,nan,62,Left,Left,5296,309,331,25,nan,nan,0.71
9/21/2025 13:21:29,1.16.3,PRexp,14,3.91,nan,62,Left,Left,5297,309,331,25,nan,nan,0.19
9/21/2025 13:21:32,1.16.3,PRexp,14,3.91,nan,62,Left,Left,5298,309,331,25,nan,nan,0.16
9/21/2025 13:21:33,1.16.3,PRexp,14,3.91,nan,62,Left,Left,5299,309,331,25,nan,nan,0.00
9/21/2025 13:21:37,1.16.3,PRexp,14,3.91,nan,62,Left,Left,5300,309,331,25,nan,nan,0.00
9/21/2025 13:21:40,1.16.3,PRexp,14,3.91,nan,62,Left,Left,5301,309,331,25,nan,nan,0.09
9/21/2025 13:21:41,1.16.3,PRexp,14,3.91,nan,62,Left,Left,5302,309,331,25,nan,nan,0.00
9/21/2025 13:21:42,1.16.3,PRexp,14,3.91,nan,62,Left,Left,5303,309,331,25,nan,nan,0.00
9/21/2025 13:21:44,1.16.3,PRexp,14,3.91,nan,62,Left,Left,5304,309,331,25,nan,nan,0.00
9/21/2025 13:21:45,1.16.3,PRexp,14,3.91,nan,62,Left,Left,5305,309,331,25,nan,nan,0.00
9/21/2025 13:34:36,1.16.3,PRexp,14,3.91,nan,62,Left,Left,5306,309,331,25,nan,nan,1.24
9/21/2025 13:34:38,1.16.3,PRexp,14,3.91,nan,62,Left,Left,5307,309,331,25,nan,nan,0.00
9/21/2025 13:34:39,1.16.3,PRexp,14,3.91,nan,62,Left,Left,5308,309,331,25,nan,nan,0.15
9/21/2025 13:34:41,1.16.3,PRexp,14,3.91,nan,62,Left,Left,5309,309,331,25,nan,nan,0.91
9/21/2025 13:34:42,1.16.3,PRexp,14,3.91,nan,62,LeftDuringDispense,Left,5310,309,331,26,nan,nan,0.02
9/21/2025 13:34:47,1.16.3,PRexp,14,3.91,3,62,Pellet,Left,5310,309,332,26,0.30,1048,nan
9/21/2025 13:37:35,1.16.3,PRexp,14,3.91,nan,69,Left,Left,5311,309,332,26,nan,nan,0.03
9/21/2025 13:37:37,1.16.3,PRexp,14,3.91,nan,69,Left,Left,5312,309,332,26,nan,nan,0.20
9/21/2025 13:37:39,1.16.3,PRexp,14,3.91,nan,69,Left,Left,5313,309,332,26,nan,nan,0.38
9/21/2025 13:37:40,1.16.3,PRexp,14,3.91,nan,69,Left,Left,5314,309,332,26,nan,nan,0.52
9/21/2025 13:37:42,1.16.3,PRexp,14,3.91,nan,69,Left,Left,5315,309,332,26,nan,nan,0.24
9/21/2025 13:37:45,1.16.3,PRexp,14,3.91,nan,69,Left,Left,5316,309,332,26,nan,nan,0.59
9/21/2025 14:09:25,1.16.3,PRexp,14,3.91,nan,1,Left,Left,5317,309,332,0,nan,nan,0.90
9/21/2025 14:09:26,1.16.3,PRexp,14,3.90,nan,1,LeftDuringDispense,Left,5318,309,332,1,nan,nan,0.05
9/21/2025 14:09:29,1.16.3,PRexp,14,3.90,2,1,Pellet,Left,5318,309,333,1,0.36,2082,nan
9/21/2025 14:11:22,1.16.3,PRexp,14,3.91,nan,1,Left,Left,5319,309,333,1,nan,nan,0.33
9/21/2025 14:11:23,1.16.3,PRexp,14,3.91,1,1,Pellet,Left,5319,309,334,2,0.36,114,nan
9/21/2025 14:12:25,1.16.3,PRexp,14,3.91,nan,2,Left,Left,5320,309,334,2,nan,nan,0.08
9/21/2025 14:12:36,1.16.3,PRexp,14,3.91,nan,2,Left,Left,5321,309,334,2,nan,nan,0.12
9/21/2025 14:12:36,1.16.3,PRexp,14,3.90,nan,2,LeftDuringDispense,Left,5322,309,334,3,nan,nan,0.05
9/21/2025 14:12:39,1.16.3,PRexp,14,3.90,2,2,Pellet,Left,5322,309,335,3,0.30,76,nan
9/21/2025 14:13:07,1.16.3,PRexp,14,3.91,nan,2,Left,Left,5323,309,335,3,nan,nan,0.05
9/21/2025 14:13:08,1.16.3,PRexp,14,3.91,nan,2,Left,Left,5324,309,335,3,nan,nan,0.03
9/21/2025 14:13:09,1.16.3,PRexp,14,3.91,1,2,Pellet,Left,5324,309,336,4,0.30,30,nan
9/21/2025 14:14:28,1.16.3,PRexp,14,3.91,nan,3,Left,Left,5325,309,336,4,nan,nan,0.13
9/21/2025 14:14:29,1.16.3,PRexp,14,3.90,nan,3,Left,Left,5326,309,336,4,nan,nan,0.11
9/21/2025 14:14:31,1.16.3,PRexp,14,3.91,nan,3,Left,Left,5327,309,336,4,nan,nan,0.18
9/21/2025 14:14:32,1.16.3,PRexp,14,3.91,1,3,Pellet,Left,5327,309,337,5,0.24,83,nan
9/21/2025 14:15:01,1.16.3,PRexp,14,3.91,nan,4,Left,Left,5328,309,337,5,nan,nan,0.03
9/21/2025 14:15:02,1.16.3,PRexp,14,3.91,nan,4,Left,Left,5329,309,337,5,nan,nan,0.12
9/21/2025 14:15:04,1.16.3,PRexp,14,3.90,nan,4,Left,Left,5330,309,337,5,nan,nan,0.04
9/21/2025 14:15:07,1.16.3,PRexp,14,3.91,nan,4,Left,Left,5331,309,337,5,nan,nan,0.13
9/21/2025 14:15:08,1.16.3,PRexp,14,3.90,1,4,Pellet,Left,5331,309,338,6,0.42,36,nan
9/21/2025 14:16:06,1.16.3,PRexp,14,3.91,nan,5,Left,Left,5332,309,338,6,nan,nan,0.12
9/21/2025 14:16:07,1.16.3,PRexp,14,3.91,nan,5,Left,Left,5333,309,338,6,nan,nan,0.00
9/21/2025 14:16:08,1.16.3,PRexp,14,3.91,nan,5,Left,Left,5334,309,338,6,nan,nan,0.08
9/21/2025 14:16:11,1.16.3,PRexp,14,3.90,nan,5,Left,Left,5335,309,338,6,nan,nan,0.33
9/21/2025 14:16:12,1.16.3,PRexp,14,3.91,nan,5,Left,Left,5336,309,338,6,nan,nan,0.53
9/21/2025 14:16:13,1.16.3,PRexp,14,3.91,nan,5,LeftDuringDispense,Left,5337,309,338,7,nan,nan,0.05
9/21/2025 14:16:18,1.16.3,PRexp,14,3.91,4,5,Pellet,Left,5337,309,339,7,0.06,70,nan
9/21/2025 14:16:59,1.16.3,PRexp,14,3.90,nan,6,Left,Left,5338,309,339,7,nan,nan,0.06
9/21/2025 14:17:01,1.16.3,PRexp,14,3.90,nan,6,Left,Left,5339,309,339,7,nan,nan,0.04
9/21/2025 14:17:03,1.16.3,PRexp,14,3.91,nan,6,Left,Left,5340,309,339,7,nan,nan,0.66
9/21/2025 14:17:04,1.16.3,PRexp,14,3.91,nan,6,Left,Left,5341,309,339,7,nan,nan,0.00
9/21/2025 14:17:06,1.16.3,PRexp,14,3.91,nan,6,Left,Left,5342,309,339,7,nan,nan,0.42
9/21/2025 14:17:06,1.16.3,PRexp,14,3.91,nan,6,Left,Left,5343,309,339,7,nan,nan,0.02
9/21/2025 14:17:07,1.16.3,PRexp,14,3.91,1,6,Pellet,Left,5343,309,340,8,0.49,49,nan
9/21/2025 14:18:15,1.16.3,PRexp,14,3.91,nan,7,Left,Left,5344,309,340,8,nan,nan,0.16
9/21/2025 14:18:16,1.16.3,PRexp,14,3.91,nan,7,Left,Left,5345,309,340,8,nan,nan,0.06
9/21/2025 14:18:17,1.16.3,PRexp,14,3.90,nan,7,Left,Left,5346,309,340,8,nan,nan,0.48
9/21/2025 14:18:18,1.16.3,PRexp,14,3.90,nan,7,Left,Left,5347,309,340,8,nan,nan,0.17
9/21/2025 14:18:20,1.16.3,PRexp,14,3.91,nan,7,Left,Left,5348,309,340,8,nan,nan,0.03
9/21/2025 14:18:21,1.16.3,PRexp,14,3.91,nan,7,Left,Left,5349,309,340,8,nan,nan,0.30
9/21/2025 14:18:24,1.16.3,PRexp,14,3.91,nan,7,Left,Left,5350,309,340,8,nan,nan,0.12
9/21/2025 14:18:26,1.16.3,PRexp,14,3.90,1,7,Pellet,Left,5350,309,341,9,0.24,78,nan
9/21/2025 14:19:02,1.16.3,PRexp,14,3.91,nan,9,Left,Left,5351,309,341,9,nan,nan,0.05
9/21/2025 14:19:06,1.16.3,PRexp,14,3.91,nan,9,Left,Left,5352,309,341,9,nan,nan,0.79
9/21/2025 14:19:08,1.16.3,PRexp,14,3.91,nan,9,Left,Left,5353,309,341,9,nan,nan,0.08
9/21/2025 14:19:11,1.16.3,PRexp,14,3.91,nan,9,Left,Left,5354,309,341,9,nan,nan,0.04
9/21/2025 14:19:14,1.16.3,PRexp,14,3.90,nan,9,Left,Left,5355,309,341,9,nan,nan,0.34
9/21/2025 14:19:15,1.16.3,PRexp,14,3.90,nan,9,Left,Left,5356,309,341,9,nan,nan,0.04
9/21/2025 14:19:17,1.16.3,PRexp,14,3.91,nan,9,Left,Left,5357,309,341,9,nan,nan,0.42
9/21/2025 14:19:19,1.16.3,PRexp,14,3.91,nan,9,Left,Left,5358,309,341,9,nan,nan,0.52
9/21/2025 14:19:22,1.16.3,PRexp,14,3.90,nan,9,Left,Left,5359,309,341,9,nan,nan,0.13
9/21/2025 14:19:23,1.16.3,PRexp,14,3.91,1,9,Pellet,Left,5359,309,342,10,0.36,58,nan
9/21/2025 14:19:44,1.16.3,PRexp,14,3.91,nan,10,Left,Left,5360,309,342,10,nan,nan,0.02
9/21/2025 14:19:46,1.16.3,PRexp,14,3.91,nan,10,Left,Left,5361,309,342,10,nan,nan,0.05
9/21/2025 14:19:48,1.16.3,PRexp,14,3.91,nan,10,Left,Left,5362,309,342,10,nan,nan,0.29
9/21/2025 14:19:49,1.16.3,PRexp,14,3.91,nan,10,Left,Left,5363,309,342,10,nan,nan,0.49
9/21/2025 14:19:50,1.16.3,PRexp,14,3.91,nan,10,Left,Left,5364,309,342,10,nan,nan,0.42
9/21/2025 14:19:52,1.16.3,PRexp,14,3.91,nan,10,Left,Left,5365,309,342,10,nan,nan,0.32
9/21/2025 14:19:54,1.16.3,PRexp,14,3.91,nan,10,Left,Left,5366,309,342,10,nan,nan,0.15
9/21/2025 14:19:56,1.16.3,PRexp,14,3.90,nan,10,Left,Left,5367,309,342,10,nan,nan,0.00
9/21/2025 14:19:58,1.16.3,PRexp,14,3.91,nan,10,Left,Left,5368,309,342,10,nan,nan,0.20
9/21/2025 14:19:59,1.16.3,PRexp,14,3.91,nan,10,Left,Left,5369,309,342,10,nan,nan,0.00
9/21/2025 14:20:00,1.16.3,PRexp,14,3.90,1,10,Pellet,Left,5369,309,343,11,0.24,37,nan
9/21/2025 14:20:22,1.16.3,PRexp,14,3.90,nan,12,Left,Left,5370,309,343,11,nan,nan,0.08
9/21/2025 14:20:24,1.16.3,PRexp,14,3.90,nan,12,Left,Left,5371,309,343,11,nan,nan,0.33
9/21/2025 14:20:26,1.16.3,PRexp,14,3.90,nan,12,Left,Left,5372,309,343,11,nan,nan,0.44
9/21/2025 14:20:26,1.16.3,PRexp,14,3.91,nan,12,Left,Left,5373,309,343,11,nan,nan,0.04
9/21/2025 14:20:28,1.16.3,PRexp,14,3.91,nan,12,Left,Left,5374,309,343,11,nan,nan,0.02
9/21/2025 14:20:29,1.16.3,PRexp,14,3.90,nan,12,Left,Left,5375,309,343,11,nan,nan,0.42
9/21/2025 14:20:30,1.16.3,PRexp,14,3.91,nan,12,Left,Left,5376,309,343,11,nan,nan,0.66
9/21/2025 14:20:31,1.16.3,PRexp,14,3.91,nan,12,Left,Left,5377,309,343,11,nan,nan,0.00
9/21/2025 14:20:32,1.16.3,PRexp,14,3.91,nan,12,Left,Left,5378,309,343,11,nan,nan,0.00
9/21/2025 14:20:33,1.16.3,PRexp,14,3.90,nan,12,Left,Left,5379,309,343,11,nan,nan,0.22
9/21/2025 14:20:35,1.16.3,PRexp,14,3.91,nan,12,Left,Left,5380,309,343,11,nan,nan,0.64
9/21/2025 14:20:37,1.16.3,PRexp,14,3.91,nan,12,Left,Left,5381,309,343,11,nan,nan,0.01
9/21/2025 14:20:38,1.16.3,PRexp,14,3.91,nan,12,LeftDuringDispense,Left,5382,309,343,12,nan,nan,0.06
9/21/2025 14:20:43,1.16.3,PRexp,14,3.91,2,12,Pellet,Left,5382,309,344,12,2.45,43,nan
9/21/2025 14:26:58,1.16.3,PRexp,14,3.90,nan,13,Left,Left,5383,309,344,12,nan,nan,0.06
9/21/2025 14:27:00,1.16.3,PRexp,14,3.90,nan,13,Left,Left,5384,309,344,12,nan,nan,0.00
9/21/2025 14:27:01,1.16.3,PRexp,14,3.91,nan,13,Left,Left,5385,309,344,12,nan,nan,1.06
9/21/2025 14:27:04,1.16.3,PRexp,14,3.91,nan,13,Left,Left,5386,309,344,12,nan,nan,0.10
9/21/2025 14:27:10,1.16.3,PRexp,14,3.91,nan,13,Left,Left,5387,309,344,12,nan,nan,0.06
9/21/2025 14:27:11,1.16.3,PRexp,14,3.90,nan,13,Left,Left,5388,309,344,12,nan,nan,0.48
9/21/2025 14:27:12,1.16.3,PRexp,14,3.91,nan,13,Left,Left,5389,309,344,12,nan,nan,0.00
9/21/2025 14:27:14,1.16.3,PRexp,14,3.91,nan,13,Left,Left,5390,309,344,12,nan,nan,0.31
9/21/2025 14:27:17,1.16.3,PRexp,14,3.91,nan,13,Left,Left,5391,309,344,12,nan,nan,0.17
9/21/2025 14:27:18,1.16.3,PRexp,14,3.91,nan,13,Left,Left,5392,309,344,12,nan,nan,0.00
9/21/2025 14:27:19,1.16.3,PRexp,14,3.90,nan,13,Left,Left,5393,309,344,12,nan,nan,0.00
9/21/2025 14:27:20,1.16.3,PRexp,14,3.90,nan,13,Left,Left,5394,309,344,12,nan,nan,0.42
9/21/2025 14:27:23,1.16.3,PRexp,14,3.91,nan,13,Left,Left,5395,309,344,12,nan,nan,0.11
9/21/2025 14:27:24,1.16.3,PRexp,14,3.91,1,13,Pellet,Left,5395,309,345,13,0.36,401,nan
9/21/2025 14:28:13,1.16.3,PRexp,14,3.90,nan,15,Right,Left,5395,310,345,13,nan,nan,0.11
9/21/2025 14:28:14,1.16.3,PRexp,14,3.90,nan,15,Right,Left,5395,311,345,13,nan,nan,0.12
9/21/2025 14:28:17,1.16.3,PRexp,14,3.90,nan,15,Left,Left,5396,311,345,13,nan,nan,0.05
9/21/2025 14:29:39,1.16.3,PRexp,14,3.91,nan,15,Right,Left,5396,312,345,13,nan,nan,0.08
9/21/2025 14:29:43,1.16.3,PRexp,14,3.90,nan,15,Left,Left,5397,312,345,13,nan,nan,0.21
9/21/2025 14:29:46,1.16.3,PRexp,14,3.91,nan,15,Right,Left,5397,313,345,13,nan,nan,0.24
9/21/2025 14:29:49,1.16.3,PRexp,14,3.91,nan,15,Right,Left,5397,314,345,13,nan,nan,0.54
9/21/2025 14:29:50,1.16.3,PRexp,14,3.91,nan,15,Right,Left,5397,315,345,13,nan,nan,0.00
9/21/2025 14:29:53,1.16.3,PRexp,14,3.91,nan,15,Right,Left,5397,316,345,13,nan,nan,0.02
9/21/2025 14:29:56,1.16.3,PRexp,14,3.91,nan,15,Right,Left,5397,317,345,13,nan,nan,1.11
9/21/2025 14:29:57,1.16.3,PRexp,14,3.90,nan,15,Right,Left,5397,318,345,13,nan,nan,0.32
9/21/2025 14:34:13,1.16.3,PRexp,14,3.91,nan,15,Left,Left,5398,318,345,13,nan,nan,0.09
9/21/2025 14:34:15,1.16.3,PRexp,14,3.91,nan,15,Left,Left,5399,318,345,13,nan,nan,0.04
9/21/2025 14:34:16,1.16.3,PRexp,14,3.91,nan,15,Left,Left,5400,318,345,13,nan,nan,0.29
9/21/2025 14:34:19,1.16.3,PRexp,14,3.90,nan,15,Left,Left,5401,318,345,13,nan,nan,0.10
9/21/2025 14:34:22,1.16.3,PRexp,14,3.91,nan,15,Left,Left,5402,318,345,13,nan,nan,0.40
9/21/2025 14:34:24,1.16.3,PRexp,14,3.91,nan,15,Left,Left,5403,318,345,13,nan,nan,0.08
9/21/2025 14:34:25,1.16.3,PRexp,14,3.90,nan,15,Left,Left,5404,318,345,13,nan,nan,0.40
9/21/2025 14:34:28,1.16.3,PRexp,14,3.91,nan,15,Left,Left,5405,318,345,13,nan,nan,0.16
9/21/2025 14:34:29,1.16.3,PRexp,14,3.90,nan,15,Left,Left,5406,318,345,13,nan,nan,0.00
9/21/2025 14:37:14,1.16.3,PRexp,14,3.91,nan,15,Left,Left,5407,318,345,13,nan,nan,0.18
9/21/2025 14:37:15,1.16.3,PRexp,14,3.91,nan,15,Left,Left,5408,318,345,13,nan,nan,0.02
9/21/2025 14:37:16,1.16.3,PRexp,14,3.90,nan,15,Left,Left,5409,318,345,13,nan,nan,0.03
9/21/2025 14:37:18,1.16.3,PRexp,14,3.90,nan,15,Left,Left,5410,318,345,13,nan,nan,0.14
9/21/2025 14:37:18,1.16.3,PRexp,14,3.91,nan,15,LeftDuringDispense,Left,5411,318,345,14,nan,nan,0.06
9/21/2025 14:37:21,1.16.3,PRexp,14,3.90,2,15,Pellet,Left,5411,318,346,14,0.06,597,nan
9/21/2025 14:37:47,1.16.3,PRexp,14,3.90,nan,17,Left,Left,5412,318,346,14,nan,nan,0.13
9/21/2025 14:37:48,1.16.3,PRexp,14,3.91,nan,17,Left,Left,5413,318,346,14,nan,nan,0.17
9/21/2025 14:37:50,1.16.3,PRexp,14,3.91,nan,17,Left,Left,5414,318,346,14,nan,nan,0.51
9/21/2025 14:37:52,1.16.3,PRexp,14,3.91,nan,17,Left,Left,5415,318,346,14,nan,nan,0.33
9/21/2025 14:37:53,1.16.3,PRexp,14,3.90,nan,17,Left,Left,5416,318,346,14,nan,nan,0.25
9/21/2025 14:37:54,1.16.3,PRexp,14,3.91,nan,17,Left,Left,5417,318,346,14,nan,nan,0.00
9/21/2025 14:38:01,1.16.3,PRexp,14,3.91,nan,17,Left,Left,5418,318,346,14,nan,nan,0.25
9/21/2025 14:38:02,1.16.3,PRexp,14,3.91,nan,17,Left,Left,5419,318,346,14,nan,nan,0.47
9/21/2025 14:38:03,1.16.3,PRexp,14,3.90,nan,17,Left,Left,5420,318,346,14,nan,nan,0.27
9/21/2025 14:38:04,1.16.3,PRexp,14,3.90,nan,17,Left,Left,5421,318,346,14,nan,nan,0.31
9/21/2025 14:38:06,1.16.3,PRexp,14,3.91,nan,17,Left,Left,5422,318,346,14,nan,nan,0.05
9/21/2025 14:38:07,1.16.3,PRexp,14,3.91,nan,17,Left,Left,5423,318,346,14,nan,nan,0.25
9/21/2025 14:38:07,1.16.3,PRexp,14,3.90,nan,17,Left,Left,5424,318,346,14,nan,nan,0.01
9/21/2025 14:38:08,1.16.3,PRexp,14,3.90,nan,17,Left,Left,5425,318,346,14,nan,nan,0.20
9/21/2025 14:38:09,1.16.3,PRexp,14,3.90,nan,17,Left,Left,5426,318,346,14,nan,nan,0.00
9/21/2025 14:38:14,1.16.3,PRexp,14,3.91,nan,17,Left,Left,5427,318,346,14,nan,nan,0.11
9/21/2025 14:38:17,1.16.3,PRexp,14,3.91,nan,17,Left,Left,5428,318,346,14,nan,nan,0.64
9/21/2025 14:38:17,1.16.3,PRexp,14,3.91,nan,17,LeftDuringDispense,Left,5429,318,346,15,nan,nan,0.06
9/21/2025 14:38:21,1.16.3,PRexp,14,3.91,2,17,Pellet,Left,5429,318,347,15,0.24,59,nan
9/21/2025 14:39:40,1.16.3,PRexp,14,3.91,nan,20,Right,Left,5429,319,347,15,nan,nan,0.13
9/21/2025 14:43:23,1.16.3,PRexp,14,3.91,nan,20,Left,Left,5430,319,347,15,nan,nan,0.00
9/21/2025 14:43:24,1.16.3,PRexp,14,3.91,nan,20,Left,Left,5431,319,347,15,nan,nan,0.32
9/21/2025 14:43:27,1.16.3,PRexp,14,3.90,nan,20,Left,Left,5432,319,347,15,nan,nan,0.11
9/21/2025 14:43:28,1.16.3,PRexp,14,3.91,nan,20,Left,Left,5433,319,347,15,nan,nan,0.09
9/21/2025 14:43:31,1.16.3,PRexp,14,3.91,nan,20,Left,Left,5434,319,347,15,nan,nan,0.39
9/21/2025 14:43:32,1.16.3,PRexp,14,3.91,nan,20,Left,Left,5435,319,347,15,nan,nan,0.16
9/21/2025 14:43:33,1.16.3,PRexp,14,3.91,nan,20,Left,Left,5436,319,347,15,nan,nan,0.00
9/21/2025 14:43:34,1.16.3,PRexp,14,3.91,nan,20,Left,Left,5437,319,347,15,nan,nan,0.63
9/21/2025 14:43:35,1.16.3,PRexp,14,3.91,nan,20,Left,Left,5438,319,347,15,nan,nan,0.00
9/21/2025 14:43:37,1.16.3,PRexp,14,3.91,nan,20,Left,Left,5439,319,347,15,nan,nan,0.23
9/21/2025 14:43:42,1.16.3,PRexp,14,3.90,nan,20,Left,Left,5440,319,347,15,nan,nan,0.11
9/21/2025 14:43:43,1.16.3,PRexp,14,3.91,nan,20,Left,Left,5441,319,347,15,nan,nan,0.43
9/21/2025 14:43:44,1.16.3,PRexp,14,3.91,nan,20,Left,Left,5442,319,347,15,nan,nan,0.00
9/21/2025 14:44:10,1.16.3,PRexp,14,3.90,nan,20,Left,Left,5443,319,347,15,nan,nan,0.07
9/21/2025 14:58:19,1.16.3,PRexp,14,3.90,nan,20,Left,Left,5444,319,347,15,nan,nan,0.25
9/21/2025 14:58:24,1.16.3,PRexp,14,3.91,nan,20,Left,Left,5445,319,347,15,nan,nan,0.71
9/21/2025 14:58:25,1.16.3,PRexp,14,3.91,nan,20,Left,Left,5446,319,347,15,nan,nan,0.30
9/21/2025 14:58:27,1.16.3,PRexp,14,3.90,nan,20,Left,Left,5447,319,347,15,nan,nan,0.19
9/21/2025 14:58:31,1.16.3,PRexp,14,3.91,nan,20,Left,Left,5448,319,347,15,nan,nan,2.48
9/21/2025 14:58:34,1.16.3,PRexp,14,3.91,nan,20,Left,Left,5449,319,347,15,nan,nan,0.17
9/21/2025 14:58:35,1.16.3,PRexp,14,3.91,1,20,Pellet,Left,5449,319,348,16,0.61,1215,nan
9/21/2025 14:59:18,1.16.3,PRexp,14,3.90,nan,22,Left,Left,5450,319,348,16,nan,nan,0.18
9/21/2025 14:59:19,1.16.3,PRexp,14,3.91,nan,22,Left,Left,5451,319,348,16,nan,nan,0.02
9/21/2025 14:59:20,1.16.3,PRexp,14,3.91,nan,22,Left,Left,5452,319,348,16,nan,nan,0.44
9/21/2025 14:59:25,1.16.3,PRexp,14,3.91,nan,22,Left,Left,5453,319,348,16,nan,nan,1.59
9/21/2025 14:59:35,1.16.3,PRexp,14,3.90,nan,22,Left,Left,5454,319,348,16,nan,nan,1.92
9/21/2025 14:59:37,1.16.3,PRexp,14,3.91,nan,22,Left,Left,5455,319,348,16,nan,nan,1.53
9/21/2025 14:59:39,1.16.3,PRexp,14,3.90,nan,22,Left,Left,5456,319,348,16,nan,nan,0.45
9/21/2025 14:59:52,1.16.3,PRexp,14,3.91,nan,22,Left,Left,5457,319,348,16,nan,nan,0.11
9/21/2025 14:59:55,1.16.3,PRexp,14,3.90,nan,22,Left,Left,5458,319,348,16,nan,nan,0.20
9/21/2025 14:59:56,1.16.3,PRexp,14,3.91,nan,22,Left,Left,5459,319,348,16,nan,nan,0.28
9/21/2025 14:59:57,1.16.3,PRexp,14,3.91,nan,22,Left,Left,5460,319,348,16,nan,nan,0.22
9/21/2025 14:59:58,1.16.3,PRexp,14,3.91,nan,22,Left,Left,5461,319,348,16,nan,nan,0.00
9/21/2025 15:00:03,1.16.3,PRexp,14,3.90,nan,22,Left,Left,5462,319,348,16,nan,nan,0.00
9/21/2025 15:00:05,1.16.3,PRexp,14,3.91,nan,22,Left,Left,5463,319,348,16,nan,nan,0.07
9/21/2025 15:00:07,1.16.3,PRexp,14,3.91,nan,22,Left,Left,5464,319,348,16,nan,nan,0.13
9/21/2025 15:00:09,1.16.3,PRexp,14,3.91,nan,22,Left,Left,5465,319,348,16,nan,nan,0.71
9/21/2025 15:00:16,1.16.3,PRexp,14,3.91,nan,22,Left,Left,5466,319,348,16,nan,nan,0.11
9/21/2025 15:00:19,1.16.3,PRexp,14,3.90,nan,22,Left,Left,5467,319,348,16,nan,nan,1.22
9/21/2025 15:00:21,1.16.3,PRexp,14,3.90,nan,22,Left,Left,5468,319,348,16,nan,nan,0.54
9/21/2025 15:00:23,1.16.3,PRexp,14,3.91,nan,22,Left,Left,5469,319,348,16,nan,nan,0.31
9/21/2025 15:00:25,1.16.3,PRexp,14,3.90,nan,22,Left,Left,5470,319,348,16,nan,nan,0.43
9/21/2025 15:00:27,1.16.3,PRexp,14,3.91,nan,22,Left,Left,5471,319,348,16,nan,nan,0.09
9/21/2025 15:00:29,1.16.3,PRexp,14,3.91,1,22,Pellet,Left,5471,319,349,17,1.22,114,nan
9/21/2025 15:21:02,1.16.3,PRexp,14,3.91,nan,25,Left,Left,5472,319,349,17,nan,nan,0.34
9/21/2025 15:21:03,1.16.3,PRexp,14,3.90,nan,25,Left,Left,5473,319,349,17,nan,nan,0.02
9/21/2025 15:21:04,1.16.3,PRexp,14,3.91,nan,25,Left,Left,5474,319,349,17,nan,nan,0.16
9/21/2025 15:21:05,1.16.3,PRexp,14,3.91,nan,25,Left,Left,5475,319,349,17,nan,nan,0.39
9/21/2025 15:21:07,1.16.3,PRexp,14,3.91,nan,25,Left,Left,5476,319,349,17,nan,nan,0.66
9/21/2025 15:21:08,1.16.3,PRexp,14,3.91,nan,25,Left,Left,5477,319,349,17,nan,nan,0.29
9/21/2025 15:21:09,1.16.3,PRexp,14,3.91,nan,25,Left,Left,5478,319,349,17,nan,nan,0.17
9/21/2025 15:21:11,1.16.3,PRexp,14,3.90,nan,25,Left,Left,5479,319,349,17,nan,nan,0.27
9/21/2025 15:21:12,1.16.3,PRexp,14,3.90,nan,25,Left,Left,5480,319,349,17,nan,nan,0.13
9/21/2025 15:21:14,1.16.3,PRexp,14,3.91,nan,25,Left,Left,5481,319,349,17,nan,nan,0.00
9/21/2025 15:21:15,1.16.3,PRexp,14,3.91,nan,25,Left,Left,5482,319,349,17,nan,nan,0.12
9/21/2025 15:21:17,1.16.3,PRexp,14,3.90,nan,25,Left,Left,5483,319,349,17,nan,nan,0.15
9/21/2025 15:21:19,1.16.3,PRexp,14,3.91,nan,25,Left,Left,5484,319,349,17,nan,nan,0.10
9/21/2025 15:21:20,1.16.3,PRexp,14,3.90,nan,25,Left,Left,5485,319,349,17,nan,nan,0.00
9/21/2025 15:21:22,1.16.3,PRexp,14,3.90,nan,25,Left,Left,5486,319,349,17,nan,nan,0.44
9/21/2025 15:21:23,1.16.3,PRexp,14,3.90,nan,25,Left,Left,5487,319,349,17,nan,nan,0.03
9/21/2025 15:21:26,1.16.3,PRexp,14,3.90,nan,25,Left,Left,5488,319,349,17,nan,nan,0.42
9/21/2025 15:21:28,1.16.3,PRexp,14,3.91,nan,25,Left,Left,5489,319,349,17,nan,nan,0.55
9/21/2025 15:21:30,1.16.3,PRexp,14,3.91,nan,25,Left,Left,5490,319,349,17,nan,nan,0.11
9/21/2025 15:21:31,1.16.3,PRexp,14,3.90,nan,25,Left,Left,5491,319,349,17,nan,nan,0.32
9/21/2025 15:21:32,1.16.3,PRexp,14,3.90,nan,25,Left,Left,5492,319,349,17,nan,nan,0.00
9/21/2025 15:21:33,1.16.3,PRexp,14,3.91,nan,25,Left,Left,5493,319,349,17,nan,nan,0.64
9/21/2025 15:21:34,1.16.3,PRexp,14,3.91,nan,25,Left,Left,5494,319,349,17,nan,nan,0.00
9/21/2025 15:21:36,1.16.3,PRexp,14,3.90,nan,25,Left,Left,5495,319,349,17,nan,nan,0.04
9/21/2025 15:21:37,1.16.3,PRexp,14,3.90,nan,25,Left,Left,5496,319,349,17,nan,nan,0.81
9/21/2025 15:21:40,1.16.3,PRexp,14,3.90,1,25,Pellet,Left,5496,319,350,18,1.65,1271,nan
9/21/2025 15:22:04,1.16.3,PRexp,14,3.91,nan,28,Left,Left,5497,319,350,18,nan,nan,0.10
9/21/2025 15:22:05,1.16.3,PRexp,14,3.90,nan,28,Left,Left,5498,319,350,18,nan,nan,0.64
9/21/2025 15:22:06,1.16.3,PRexp,14,3.90,nan,28,Left,Left,5499,319,350,18,nan,nan,0.36
9/21/2025 15:22:09,1.16.3,PRexp,14,3.91,nan,28,Left,Left,5500,319,350,18,nan,nan,0.40
9/21/2025 15:22:10,1.16.3,PRexp,14,3.90,nan,28,Left,Left,5501,319,350,18,nan,nan,0.00
9/21/2025 15:22:14,1.16.3,PRexp,14,3.91,nan,28,Left,Left,5502,319,350,18,nan,nan,0.78
9/21/2025 15:22:18,1.16.3,PRexp,14,3.90,nan,28,Left,Left,5503,319,350,18,nan,nan,0.02
9/21/2025 15:22:24,1.16.3,PRexp,14,3.90,nan,28,Left,Left,5504,319,350,18,nan,nan,0.54
9/21/2025 15:22:25,1.16.3,PRexp,14,3.90,nan,28,Left,Left,5505,319,350,18,nan,nan,0.35
9/21/2025 15:22:27,1.16.3,PRexp,14,3.90,nan,28,Left,Left,5506,319,350,18,nan,nan,0.00
9/21/2025 15:22:28,1.16.3,PRexp,14,3.90,nan,28,Left,Left,5507,319,350,18,nan,nan,0.03
9/21/2025 15:22:31,1.16.3,PRexp,14,3.90,nan,28,Left,Left,5508,319,350,18,nan,nan,0.19
9/21/2025 15:22:33,1.16.3,PRexp,14,3.91,nan,28,Left,Left,5509,319,350,18,nan,nan,0.01
9/21/2025 15:22:34,1.16.3,PRexp,14,3.90,nan,28,Left,Left,5510,319,350,18,nan,nan,0.32
9/21/2025 15:22:36,1.16.3,PRexp,14,3.90,nan,28,Left,Left,5511,319,350,18,nan,nan,0.02
9/21/2025 15:22:37,1.16.3,PRexp,14,3.90,nan,28,Left,Left,5512,319,350,18,nan,nan,0.00
9/21/2025 15:22:38,1.16.3,PRexp,14,3.91,nan,28,Left,Left,5513,319,350,18,nan,nan,0.14
9/21/2025 15:22:39,1.16.3,PRexp,14,3.90,nan,28,Left,Left,5514,319,350,18,nan,nan,0.02
9/21/2025 15:22:40,1.16.3,PRexp,14,3.90,nan,28,Left,Left,5515,319,350,18,nan,nan,0.00
9/21/2025 15:22:43,1.16.3,PRexp,14,3.91,nan,28,Left,Left,5516,319,350,18,nan,nan,0.18
9/21/2025 15:22:44,1.16.3,PRexp,14,3.91,nan,28,Left,Left,5517,319,350,18,nan,nan,0.28
9/21/2025 15:22:46,1.16.3,PRexp,14,3.91,nan,28,Left,Left,5518,319,350,18,nan,nan,0.05
9/21/2025 15:22:47,1.16.3,PRexp,14,3.90,nan,28,Left,Left,5519,319,350,18,nan,nan,0.24
9/21/2025 15:22:50,1.16.3,PRexp,14,3.90,nan,28,Left,Left,5520,319,350,18,nan,nan,0.14
9/21/2025 15:41:04,1.16.3,PRexp,14,3.90,nan,28,Left,Left,5521,319,350,18,nan,nan,0.01
9/21/2025 15:41:06,1.16.3,PRexp,14,3.90,nan,28,Left,Left,5522,319,350,18,nan,nan,0.44
9/21/2025 15:41:07,1.16.3,PRexp,14,3.90,nan,28,Left,Left,5523,319,350,18,nan,nan,0.03
9/21/2025 15:41:09,1.16.3,PRexp,14,3.90,nan,28,Left,Left,5524,319,350,18,nan,nan,0.40
9/21/2025 15:41:10,1.16.3,PRexp,14,3.90,1,28,Pellet,Left,5524,319,351,19,0.36,1170,nan
9/21/2025 15:42:07,1.16.3,PRexp,14,3.90,nan,32,Left,Left,5525,319,351,19,nan,nan,0.12
9/21/2025 15:42:15,1.16.3,PRexp,14,3.91,nan,32,Left,Left,5526,319,351,19,nan,nan,0.06
9/21/2025 15:42:19,1.16.3,PRexp,14,3.91,nan,32,Left,Left,5527,319,351,19,nan,nan,0.94
9/21/2025 15:42:23,1.16.3,PRexp,14,3.90,nan,32,Left,Left,5528,319,351,19,nan,nan,0.22
9/21/2025 15:42:24,1.16.3,PRexp,14,3.90,nan,32,Left,Left,5529,319,351,19,nan,nan,0.00
9/21/2025 15:42:25,1.16.3,PRexp,14,3.91,nan,32,Left,Left,5530,319,351,19,nan,nan,0.22
9/21/2025 15:42:27,1.16.3,PRexp,14,3.91,nan,32,Left,Left,5531,319,351,19,nan,nan,0.34
9/21/2025 15:42:29,1.16.3,PRexp,14,3.91,nan,32,Left,Left,5532,319,351,19,nan,nan,0.22
9/21/2025 15:42:33,1.16.3,PRexp,14,3.91,nan,32,Left,Left,5533,319,351,19,nan,nan,0.28
9/21/2025 15:42:43,1.16.3,PRexp,14,3.90,nan,32,Left,Left,5534,319,351,19,nan,nan,6.30
9/21/2025 15:42:46,1.16.3,PRexp,14,3.90,nan,32,Left,Left,5535,319,351,19,nan,nan,0.00
9/21/2025 15:42:48,1.16.3,PRexp,14,3.91,nan,32,Left,Left,5536,319,351,19,nan,nan,0.02
9/21/2025 15:42:53,1.16.3,PRexp,14,3.90,nan,32,Left,Left,5537,319,351,19,nan,nan,0.94
9/21/2025 15:42:54,1.16.3,PRexp,14,3.91,nan,32,Left,Left,5538,319,351,19,nan,nan,0.02
9/21/2025 15:42:58,1.16.3,PRexp,14,3.90,nan,32,Left,Left,5539,319,351,19,nan,nan,3.88
9/21/2025 15:43:02,1.16.3,PRexp,14,3.90,nan,32,Left,Left,5540,319,351,19,nan,nan,0.14
9/21/2025 15:43:03,1.16.3,PRexp,14,3.91,nan,32,Left,Left,5541,319,351,19,nan,nan,0.24
9/21/2025 15:43:04,1.16.3,PRexp,14,3.90,nan,32,Left,Left,5542,319,351,19,nan,nan,0.00
9/21/2025 15:43:06,1.16.3,PRexp,14,3.90,nan,32,Left,Left,5543,319,351,19,nan,nan,0.85
9/21/2025 15:43:08,1.16.3,PRexp,14,3.91,nan,32,Left,Left,5544,319,351,19,nan,nan,0.00
9/21/2025 15:43:09,1.16.3,PRexp,14,3.90,nan,32,Left,Left,5545,319,351,19,nan,nan,0.07
9/21/2025 15:43:10,1.16.3,PRexp,14,3.90,nan,32,Left,Left,5546,319,351,19,nan,nan,0.50
9/21/2025 15:43:11,1.16.3,PRexp,14,3.90,nan,32,Left,Left,5547,319,351,19,nan,nan,0.24
9/21/2025 15:43:12,1.16.3,PRexp,14,3.91,nan,32,Left,Left,5548,319,351,19,nan,nan,0.00
9/21/2025 15:43:14,1.16.3,PRexp,14,3.91,nan,32,Left,Left,5549,319,351,19,nan,nan,0.44
9/21/2025 15:43:23,1.16.3,PRexp,14,3.90,nan,32,Left,Left,5550,319,351,19,nan,nan,5.01
9/21/2025 15:43:31,1.16.3,PRexp,14,3.90,nan,32,Left,Left,5551,319,351,19,nan,nan,5.09
9/21/2025 15:43:35,1.16.3,PRexp,14,3.91,nan,32,Left,Left,5552,319,351,19,nan,nan,0.03
9/21/2025 15:43:37,1.16.3,PRexp,14,3.90,nan,32,Left,Left,5553,319,351,19,nan,nan,0.00
9/21/2025 15:43:39,1.16.3,PRexp,14,3.90,nan,32,Left,Left,5554,319,351,19,nan,nan,0.99
9/21/2025 15:43:45,1.16.3,PRexp,14,3.90,nan,32,Left,Left,5555,319,351,19,nan,nan,3.18
9/21/2025 15:43:45,1.16.3,PRexp,14,3.90,nan,32,Left,Left,5556,319,351,19,nan,nan,0.00
9/21/2025 15:43:47,1.16.3,PRexp,14,3.90,1,32,Pellet,Left,5556,319,352,20,0.30,156,nan
9/21/2025 15:44:41,1.16.3,PRexp,14,3.90,nan,36,Left,Left,5557,319,352,20,nan,nan,0.14
9/21/2025 15:44:44,1.16.3,PRexp,14,3.90,nan,36,Left,Left,5558,319,352,20,nan,nan,0.22
9/21/2025 15:44:46,1.16.3,PRexp,14,3.91,nan,36,Left,Left,5559,319,352,20,nan,nan,0.11
9/21/2025 15:44:48,1.16.3,PRexp,14,3.91,nan,36,Left,Left,5560,319,352,20,nan,nan,1.13
9/21/2025 15:44:54,1.16.3,PRexp,14,3.90,nan,36,Left,Left,5561,319,352,20,nan,nan,0.08
9/21/2025 15:44:55,1.16.3,PRexp,14,3.90,nan,36,Left,Left,5562,319,352,20,nan,nan,0.00
9/21/2025 15:44:57,1.16.3,PRexp,14,3.90,nan,36,Left,Left,5563,319,352,20,nan,nan,0.52
9/21/2025 15:44:58,1.16.3,PRexp,14,3.91,nan,36,Left,Left,5564,319,352,20,nan,nan,0.02
9/21/2025 15:44:59,1.16.3,PRexp,14,3.90,nan,36,Left,Left,5565,319,352,20,nan,nan,0.00
9/21/2025 15:45:02,1.16.3,PRexp,14,3.90,nan,36,Left,Left,5566,319,352,20,nan,nan,0.09
9/21/2025 15:45:03,1.16.3,PRexp,14,3.91,nan,36,Left,Left,5567,319,352,20,nan,nan,0.00
9/21/2025 15:45:05,1.16.3,PRexp,14,3.90,nan,36,Left,Left,5568,319,352,20,nan,nan,0.00
9/21/2025 15:45:06,1.16.3,PRexp,14,3.91,nan,36,Left,Left,5569,319,352,20,nan,nan,0.00
9/21/2025 15:45:07,1.16.3,PRexp,14,3.90,nan,36,Left,Left,5570,319,352,20,nan,nan,0.00
9/21/2025 15:45:08,1.16.3,PRexp,14,3.90,nan,36,Left,Left,5571,319,352,20,nan,nan,0.00
9/21/2025 15:45:09,1.16.3,PRexp,14,3.90,nan,36,Left,Left,5572,319,352,20,nan,nan,0.00
9/21/2025 15:45:10,1.16.3,PRexp,14,3.90,nan,36,Left,Left,5573,319,352,20,nan,nan,0.00
9/21/2025 15:45:15,1.16.3,PRexp,14,3.91,nan,36,Left,Left,5574,319,352,20,nan,nan,0.09
9/21/2025 15:45:16,1.16.3,PRexp,14,3.90,nan,36,Left,Left,5575,319,352,20,nan,nan,0.00
9/21/2025 15:45:17,1.16.3,PRexp,14,3.90,nan,36,Left,Left,5576,319,352,20,nan,nan,0.00
9/21/2025 15:45:18,1.16.3,PRexp,14,3.90,nan,36,Left,Left,5577,319,352,20,nan,nan,0.00
9/21/2025 15:45:19,1.16.3,PRexp,14,3.90,nan,36,Left,Left,5578,319,352,20,nan,nan,0.00
9/21/2025 15:45:20,1.16.3,PRexp,14,3.90,nan,36,Left,Left,5579,319,352,20,nan,nan,0.17
9/21/2025 15:45:21,1.16.3,PRexp,14,3.91,nan,36,Left,Left,5580,319,352,20,nan,nan,0.01
9/21/2025 15:45:22,1.16.3,PRexp,14,3.90,nan,36,Left,Left,5581,319,352,20,nan,nan,0.00
9/21/2025 15:45:22,1.16.3,PRexp,14,3.91,nan,36,Left,Left,5582,319,352,20,nan,nan,0.00
9/21/2025 15:45:24,1.16.3,PRexp,14,3.90,nan,36,Left,Left,5583,319,352,20,nan,nan,0.11
9/21/2025 15:45:25,1.16.3,PRexp,14,3.91,nan,36,Left,Left,5584,319,352,20,nan,nan,0.00
9/21/2025 15:45:26,1.16.3,PRexp,14,3.90,nan,36,Left,Left,5585,319,352,20,nan,nan,0.00
9/21/2025 15:45:28,1.16.3,PRexp,14,3.90,nan,36,Left,Left,5586,319,352,20,nan,nan,0.35
9/21/2025 15:45:30,1.16.3,PRexp,14,3.91,nan,36,Left,Left,5587,319,352,20,nan,nan,0.62
9/21/2025 15:45:31,1.16.3,PRexp,14,3.91,nan,36,Left,Left,5588,319,352,20,nan,nan,0.01
9/21/2025 15:45:32,1.16.3,PRexp,14,3.91,nan,36,Left,Left,5589,319,352,20,nan,nan,0.21
9/21/2025 15:45:33,1.16.3,PRexp,14,3.90,nan,36,Left,Left,5590,319,352,20,nan,nan,0.23
9/21/2025 15:45:35,1.16.3,PRexp,14,3.90,nan,36,Left,Left,5591,319,352,20,nan,nan,0.03
9/21/2025 15:45:39,1.16.3,PRexp,14,3.91,nan,36,Left,Left,5592,319,352,20,nan,nan,0.16
9/21/2025 15:45:40,1.16.3,PRexp,14,3.90,1,36,Pellet,Left,5592,319,353,21,0.30,114,nan
9/21/2025 15:51:48,1.16.3,PRexp,14,3.90,nan,40,Left,Left,5593,319,353,21,nan,nan,0.00
9/21/2025 15:51:49,1.16.3,PRexp,14,3.90,nan,40,Left,Left,5594,319,353,21,nan,nan,0.64
9/21/2025 15:51:52,1.16.3,PRexp,14,3.91,nan,40,Left,Left,5595,319,353,21,nan,nan,0.00
9/21/2025 15:51:54,1.16.3,PRexp,14,3.90,nan,40,Left,Left,5596,319,353,21,nan,nan,0.00
9/21/2025 15:51:59,1.16.3,PRexp,14,3.91,nan,40,Left,Left,5597,319,353,21,nan,nan,0.00
9/21/2025 15:52:02,1.16.3,PRexp,14,3.90,nan,40,Left,Left,5598,319,353,21,nan,nan,0.60
9/21/2025 15:52:03,1.16.3,PRexp,14,3.91,nan,40,Left,Left,5599,319,353,21,nan,nan,0.11
9/21/2025 15:52:04,1.16.3,PRexp,14,3.90,nan,40,Left,Left,5600,319,353,21,nan,nan,0.81
9/21/2025 15:52:09,1.16.3,PRexp,14,3.90,nan,40,Left,Left,5601,319,353,21,nan,nan,0.03
9/21/2025 16:02:39,1.16.3,PRexp,14,3.91,nan,40,Left,Left,5602,319,353,21,nan,nan,0.84
9/21/2025 16:02:43,1.16.3,PRexp,14,3.90,nan,40,Left,Left,5603,319,353,21,nan,nan,1.58
9/21/2025 16:02:45,1.16.3,PRexp,14,3.90,nan,40,Left,Left,5604,319,353,21,nan,nan,1.03
9/21/2025 16:02:47,1.16.3,PRexp,14,3.90,nan,40,Left,Left,5605,319,353,21,nan,nan,0.36
9/21/2025 16:02:49,1.16.3,PRexp,14,3.90,nan,40,Left,Left,5606,319,353,21,nan,nan,0.00
9/21/2025 16:02:52,1.16.3,PRexp,14,3.90,nan,40,Left,Left,5607,319,353,21,nan,nan,0.00
9/21/2025 16:02:54,1.16.3,PRexp,14,3.91,nan,40,Left,Left,5608,319,353,21,nan,nan,0.00
9/21/2025 16:02:58,1.16.3,PRexp,14,3.90,nan,40,Left,Left,5609,319,353,21,nan,nan,0.00
9/21/2025 16:03:00,1.16.3,PRexp,14,3.90,nan,40,Left,Left,5610,319,353,21,nan,nan,1.59
9/21/2025 16:03:01,1.16.3,PRexp,14,3.90,nan,40,Left,Left,5611,319,353,21,nan,nan,0.18
9/21/2025 16:03:03,1.16.3,PRexp,14,3.91,nan,40,Left,Left,5612,319,353,21,nan,nan,0.05
9/21/2025 16:03:05,1.16.3,PRexp,14,3.91,nan,40,Left,Left,5613,319,353,21,nan,nan,0.26
9/21/2025 16:03:08,1.16.3,PRexp,14,3.90,nan,40,Left,Left,5614,319,353,21,nan,nan,0.18
9/21/2025 16:03:14,1.16.3,PRexp,14,3.90,nan,40,Left,Left,5615,319,353,21,nan,nan,1.00
9/21/2025 16:03:18,1.16.3,PRexp,14,3.90,nan,40,Left,Left,5616,319,353,21,nan,nan,0.94
9/21/2025 16:03:19,1.16.3,PRexp,14,3.90,nan,40,Left,Left,5617,319,353,21,nan,nan,0.00
9/21/2025 16:03:20,1.16.3,PRexp,14,3.91,nan,40,Left,Left,5618,319,353,21,nan,nan,0.34
9/21/2025 16:09:17,1.16.3,PRexp,14,3.91,nan,40,Left,Left,5619,319,353,21,nan,nan,0.51
9/21/2025 16:09:19,1.16.3,PRexp,14,3.91,nan,40,Left,Left,5620,319,353,21,nan,nan,0.11
9/21/2025 16:09:20,1.16.3,PRexp,14,3.90,nan,40,Left,Left,5621,319,353,21,nan,nan,0.31
9/21/2025 16:09:22,1.16.3,PRexp,14,3.90,nan,40,Left,Left,5622,319,353,21,nan,nan,1.04
9/21/2025 16:09:27,1.16.3,PRexp,14,3.90,nan,40,Left,Left,5623,319,353,21,nan,nan,0.96
9/21/2025 16:09:31,1.16.3,PRexp,14,3.90,nan,40,Left,Left,5624,319,353,21,nan,nan,1.04
9/21/2025 16:09:35,1.16.3,PRexp,14,3.90,nan,40,Left,Left,5625,319,353,21,nan,nan,1.01
9/21/2025 16:09:35,1.16.3,PRexp,14,3.90,nan,40,Left,Left,5626,319,353,21,nan,nan,0.02
9/21/2025 16:09:37,1.16.3,PRexp,14,3.90,nan,40,Left,Left,5627,319,353,21,nan,nan,0.30
9/21/2025 16:09:38,1.16.3,PRexp,14,3.91,nan,40,Left,Left,5628,319,353,21,nan,nan,0.00
9/21/2025 16:09:43,1.16.3,PRexp,14,3.90,nan,40,Left,Left,5629,319,353,21,nan,nan,1.47
9/21/2025 16:09:44,1.16.3,PRexp,14,3.91,nan,40,Left,Left,5630,319,353,21,nan,nan,0.64
9/21/2025 16:09:48,1.16.3,PRexp,14,3.90,nan,40,Left,Left,5631,319,353,21,nan,nan,0.10
9/21/2025 16:09:49,1.16.3,PRexp,14,3.90,nan,40,Left,Left,5632,319,353,21,nan,nan,0.00
9/21/2025 16:09:49,1.16.3,PRexp,14,3.90,nan,40,LeftDuringDispense,Left,5633,319,353,22,nan,nan,0.08
9/21/2025 16:09:55,1.16.3,PRexp,14,3.90,3,40,Pellet,Left,5633,319,354,22,0.55,1455,nan
9/21/2025 16:11:41,1.16.3,PRexp,14,3.91,nan,45,Left,Left,5634,319,354,22,nan,nan,0.17
9/21/2025 16:11:44,1.16.3,PRexp,14,3.90,nan,45,Left,Left,5635,319,354,22,nan,nan,0.05
9/21/2025 16:11:48,1.16.3,PRexp,14,3.90,nan,45,Left,Left,5636,319,354,22,nan,nan,1.14
9/21/2025 16:11:58,1.16.3,PRexp,14,3.90,nan,45,Left,Left,5637,319,354,22,nan,nan,2.63
9/21/2025 16:11:58,1.16.3,PRexp,14,3.90,nan,45,Left,Left,5638,319,354,22,nan,nan,0.11
9/21/2025 16:11:59,1.16.3,PRexp,14,3.90,nan,45,Left,Left,5639,319,354,22,nan,nan,0.02
9/21/2025 16:12:01,1.16.3,PRexp,14,3.90,nan,45,Left,Left,5640,319,354,22,nan,nan,0.03
9/21/2025 16:12:04,1.16.3,PRexp,14,3.90,nan,45,Left,Left,5641,319,354,22,nan,nan,0.14
9/21/2025 16:12:12,1.16.3,PRexp,14,3.90,nan,45,Left,Left,5642,319,354,22,nan,nan,0.20
9/21/2025 16:12:16,1.16.3,PRexp,14,3.91,nan,45,Left,Left,5643,319,354,22,nan,nan,0.00
9/21/2025 16:12:18,1.16.3,PRexp,14,3.90,nan,45,Left,Left,5644,319,354,22,nan,nan,0.00
9/21/2025 16:12:20,1.16.3,PRexp,14,3.90,nan,45,Left,Left,5645,319,354,22,nan,nan,0.61
9/21/2025 16:12:22,1.16.3,PRexp,14,3.91,nan,45,Left,Left,5646,319,354,22,nan,nan,0.03
9/21/2025 16:12:23,1.16.3,PRexp,14,3.90,nan,45,Left,Left,5647,319,354,22,nan,nan,0.00
9/21/2025 16:12:33,1.16.3,PRexp,14,3.91,nan,45,Left,Left,5648,319,354,22,nan,nan,1.00
9/21/2025 16:12:38,1.16.3,PRexp,14,3.90,nan,45,Left,Left,5649,319,354,22,nan,nan,0.17
9/21/2025 16:12:41,1.16.3,PRexp,14,3.90,nan,45,Left,Left,5650,319,354,22,nan,nan,0.54
9/21/2025 16:12:42,1.16.3,PRexp,14,3.90,nan,45,Left,Left,5651,319,354,22,nan,nan,0.42
9/21/2025 16:12:45,1.16.3,PRexp,14,3.91,nan,45,Left,Left,5652,319,354,22,nan,nan,0.30
9/21/2025 16:12:48,1.16.3,PRexp,14,3.90,nan,45,Left,Left,5653,319,354,22,nan,nan,0.31
9/21/2025 16:12:53,1.16.3,PRexp,14,3.90,nan,45,Left,Left,5654,319,354,22,nan,nan,0.20
9/21/2025 16:12:55,1.16.3,PRexp,14,3.90,nan,45,Left,Left,5655,319,354,22,nan,nan,0.07
9/21/2025 16:12:58,1.16.3,PRexp,14,3.90,nan,45,Left,Left,5656,319,354,22,nan,nan,0.00
9/21/2025 16:12:59,1.16.3,PRexp,14,3.90,nan,45,Left,Left,5657,319,354,22,nan,nan,0.76
9/21/2025 16:13:01,1.16.3,PRexp,14,3.90,nan,45,Left,Left,5658,319,354,22,nan,nan,0.03
9/21/2025 16:13:02,1.16.3,PRexp,14,3.90,nan,45,Left,Left,5659,319,354,22,nan,nan,0.25
9/21/2025 16:13:04,1.16.3,PRexp,14,3.90,nan,45,Left,Left,5660,319,354,22,nan,nan,0.60
9/21/2025 16:13:07,1.16.3,PRexp,14,3.90,nan,45,Left,Left,5661,319,354,22,nan,nan,0.03
9/21/2025 16:13:09,1.16.3,PRexp,14,3.91,nan,45,Left,Left,5662,319,354,22,nan,nan,0.51
9/21/2025 16:13:10,1.16.3,PRexp,14,3.90,nan,45,Left,Left,5663,319,354,22,nan,nan,0.10
9/21/2025 16:13:11,1.16.3,PRexp,14,3.90,nan,45,Left,Left,5664,319,354,22,nan,nan,0.16
9/21/2025 16:13:12,1.16.3,PRexp,14,3.91,nan,45,Left,Left,5665,319,354,22,nan,nan,0.45
9/21/2025 16:13:13,1.16.3,PRexp,14,3.90,nan,45,Left,Left,5666,319,354,22,nan,nan,0.29
9/21/2025 16:13:16,1.16.3,PRexp,14,3.90,nan,45,Left,Left,5667,319,354,22,nan,nan,0.46
9/21/2025 16:29:28,1.16.3,PRexp,14,3.91,nan,45,Left,Left,5668,319,354,22,nan,nan,0.16
9/21/2025 16:29:29,1.16.3,PRexp,14,3.90,nan,45,Left,Left,5669,319,354,22,nan,nan,0.24
9/21/2025 16:29:31,1.16.3,PRexp,14,3.90,nan,45,Left,Left,5670,319,354,22,nan,nan,1.12
9/21/2025 16:29:35,1.16.3,PRexp,14,3.89,nan,45,Left,Left,5671,319,354,22,nan,nan,3.18
9/21/2025 16:29:37,1.16.3,PRexp,14,3.90,nan,45,Left,Left,5672,319,354,22,nan,nan,0.00
9/21/2025 16:29:38,1.16.3,PRexp,14,3.91,nan,45,Left,Left,5673,319,354,22,nan,nan,0.00
9/21/2025 16:29:40,1.16.3,PRexp,14,3.90,nan,45,Left,Left,5674,319,354,22,nan,nan,0.16
9/21/2025 16:29:43,1.16.3,PRexp,14,3.91,nan,45,Left,Left,5675,319,354,22,nan,nan,0.36
9/21/2025 16:29:44,1.16.3,PRexp,14,3.90,nan,45,Left,Left,5676,319,354,22,nan,nan,0.52
9/21/2025 16:29:45,1.16.3,PRexp,14,3.90,nan,45,Left,Left,5677,319,354,22,nan,nan,0.00
9/21/2025 16:29:47,1.16.3,PRexp,14,3.91,nan,45,Left,Left,5678,319,354,22,nan,nan,0.97
9/21/2025 16:29:49,1.16.3,PRexp,14,3.91,1,45,Pellet,Left,5678,319,355,23,0.79,1193,nan
9/21/2025 16:31:22,1.16.3,PRexp,14,3.90,nan,50,Left,Left,5679,319,355,23,nan,nan,0.16
9/21/2025 16:31:25,1.16.3,PRexp,14,3.90,nan,50,Left,Left,5680,319,355,23,nan,nan,0.14
9/21/2025 16:31:29,1.16.3,PRexp,14,3.90,nan,50,Left,Left,5681,319,355,23,nan,nan,1.04
9/21/2025 16:31:33,1.16.3,PRexp,14,3.91,nan,50,Left,Left,5682,319,355,23,nan,nan,0.61
9/21/2025 16:31:36,1.16.3,PRexp,14,3.90,nan,50,Left,Left,5683,319,355,23,nan,nan,0.60
9/21/2025 16:31:49,1.16.3,PRexp,14,3.91,nan,50,Left,Left,5684,319,355,23,nan,nan,0.17
9/21/2025 16:31:52,1.16.3,PRexp,14,3.91,nan,50,Left,Left,5685,319,355,23,nan,nan,0.49
9/21/2025 16:31:54,1.16.3,PRexp,14,3.91,nan,50,Left,Left,5686,319,355,23,nan,nan,0.40
9/21/2025 16:32:01,1.16.3,PRexp,14,3.91,nan,50,Left,Left,5687,319,355,23,nan,nan,1.60
9/21/2025 16:32:02,1.16.3,PRexp,14,3.90,nan,50,Left,Left,5688,319,355,23,nan,nan,0.00
9/21/2025 16:32:05,1.16.3,PRexp,14,3.90,nan,50,Left,Left,5689,319,355,23,nan,nan,0.54
9/21/2025 16:32:09,1.16.3,PRexp,14,3.90,nan,50,Left,Left,5690,319,355,23,nan,nan,2.19
9/21/2025 16:32:11,1.16.3,PRexp,14,3.91,nan,50,Left,Left,5691,319,355,23,nan,nan,0.16
9/21/2025 16:32:22,1.16.3,PRexp,14,3.91,nan,50,Left,Left,5692,319,355,23,nan,nan,1.69
9/21/2025 16:32:27,1.16.3,PRexp,14,3.90,nan,50,Left,Left,5693,319,355,23,nan,nan,2.18
9/21/2025 16:32:28,1.16.3,PRexp,14,3.91,nan,50,Left,Left,5694,319,355,23,nan,nan,0.02
9/21/2025 16:32:34,1.16.3,PRexp,14,3.90,nan,50,Left,Left,5695,319,355,23,nan,nan,0.00
9/21/2025 16:32:40,1.16.3,PRexp,14,3.90,nan,50,Left,Left,5696,319,355,23,nan,nan,5.09
9/21/2025 16:32:42,1.16.3,PRexp,14,3.91,nan,50,Left,Left,5697,319,355,23,nan,nan,0.22
9/21/2025 16:32:43,1.16.3,PRexp,14,3.90,nan,50,Left,Left,5698,319,355,23,nan,nan,0.00
9/21/2025 16:32:44,1.16.3,PRexp,14,3.90,nan,50,Left,Left,5699,319,355,23,nan,nan,0.03
9/21/2025 16:32:45,1.16.3,PRexp,14,3.91,nan,50,Left,Left,5700,319,355,23,nan,nan,0.00
9/21/2025 16:32:46,1.16.3,PRexp,14,3.90,nan,50,Left,Left,5701,319,355,23,nan,nan,0.03
9/21/2025 16:32:48,1.16.3,PRexp,14,3.90,nan,50,Left,Left,5702,319,355,23,nan,nan,0.08
9/21/2025 16:32:54,1.16.3,PRexp,14,3.90,nan,50,Left,Left,5703,319,355,23,nan,nan,0.02
9/21/2025 16:32:57,1.16.3,PRexp,14,3.90,nan,50,Left,Left,5704,319,355,23,nan,nan,0.62
9/21/2025 16:32:59,1.16.3,PRexp,14,3.90,nan,50,Left,Left,5705,319,355,23,nan,nan,0.50
9/21/2025 16:32:59,1.16.3,PRexp,14,3.90,nan,50,Left,Left,5706,319,355,23,nan,nan,0.02
9/21/2025 16:33:01,1.16.3,PRexp,14,3.90,nan,50,Left,Left,5707,319,355,23,nan,nan,1.01
9/21/2025 16:33:04,1.16.3,PRexp,14,3.90,nan,50,Left,Left,5708,319,355,23,nan,nan,0.13
9/21/2025 16:33:08,1.16.3,PRexp,14,3.90,nan,50,Left,Left,5709,319,355,23,nan,nan,0.44
9/21/2025 16:33:11,1.16.3,PRexp,14,3.90,nan,50,Left,Left,5710,319,355,23,nan,nan,0.08
9/21/2025 16:33:12,1.16.3,PRexp,14,3.90,nan,50,Left,Left,5711,319,355,23,nan,nan,0.06
9/21/2025 16:33:13,1.16.3,PRexp,14,3.91,nan,50,Left,Left,5712,319,355,23,nan,nan,0.00
9/21/2025 16:33:15,1.16.3,PRexp,14,3.91,nan,50,Left,Left,5713,319,355,23,nan,nan,0.27
9/21/2025 16:33:16,1.16.3,PRexp,14,3.90,nan,50,Left,Left,5714,319,355,23,nan,nan,0.00
9/21/2025 16:33:17,1.16.3,PRexp,14,3.90,nan,50,Left,Left,5715,319,355,23,nan,nan,0.11
9/21/2025 16:33:18,1.16.3,PRexp,14,3.90,nan,50,Left,Left,5716,319,355,23,nan,nan,0.06
9/21/2025 16:33:19,1.16.3,PRexp,14,3.90,nan,50,Left,Left,5717,319,355,23,nan,nan,0.00
9/21/2025 16:33:21,1.16.3,PRexp,14,3.90,nan,50,Left,Left,5718,319,355,23,nan,nan,0.13
9/21/2025 16:33:22,1.16.3,PRexp,14,3.89,nan,50,Left,Left,5719,319,355,23,nan,nan,0.00
9/21/2025 16:33:24,1.16.3,PRexp,14,3.90,nan,50,Left,Left,5720,319,355,23,nan,nan,0.63
9/21/2025 16:33:25,1.16.3,PRexp,14,3.90,nan,50,Left,Left,5721,319,355,23,nan,nan,0.24
9/21/2025 16:33:27,1.16.3,PRexp,14,3.91,nan,50,Left,Left,5722,319,355,23,nan,nan,0.12
9/21/2025 16:33:29,1.16.3,PRexp,14,3.91,nan,50,Left,Left,5723,319,355,23,nan,nan,0.92
9/21/2025 16:33:31,1.16.3,PRexp,14,3.90,nan,50,Left,Left,5724,319,355,23,nan,nan,0.00
9/21/2025 16:33:32,1.16.3,PRexp,14,3.90,nan,50,Left,Left,5725,319,355,23,nan,nan,0.29
9/21/2025 16:33:34,1.16.3,PRexp,14,3.91,nan,50,Left,Left,5726,319,355,23,nan,nan,0.27
9/21/2025 16:33:35,1.16.3,PRexp,14,3.90,nan,50,Left,Left,5727,319,355,23,nan,nan,0.16
9/21/2025 16:33:37,1.16.3,PRexp,14,3.90,nan,50,Left,Left,5728,319,355,23,nan,nan,0.40
9/21/2025 16:33:38,1.16.3,PRexp,14,3.89,1,50,Pellet,Left,5728,319,356,24,0.30,230,nan
9/21/2025 16:58:50,1.16.3,PRexp,14,3.90,nan,56,Left,Left,5729,319,356,24,nan,nan,1.50
9/21/2025 16:58:51,1.16.3,PRexp,14,3.90,nan,56,Left,Left,5730,319,356,24,nan,nan,0.62
9/21/2025 16:58:53,1.16.3,PRexp,14,3.91,nan,56,Left,Left,5731,319,356,24,nan,nan,0.15
9/21/2025 16:59:05,1.16.3,PRexp,14,3.90,nan,56,Left,Left,5732,319,356,24,nan,nan,0.04
9/21/2025 16:59:17,1.16.3,PRexp,14,3.90,nan,56,Left,Left,5733,319,356,24,nan,nan,0.10
9/21/2025 16:59:24,1.16.3,PRexp,14,3.91,nan,56,Left,Left,5734,319,356,24,nan,nan,0.24
9/21/2025 16:59:33,1.16.3,PRexp,14,3.90,nan,56,Left,Left,5735,319,356,24,nan,nan,0.25
9/21/2025 16:59:43,1.16.3,PRexp,14,3.90,nan,56,Left,Left,5736,319,356,24,nan,nan,1.92
9/21/2025 16:59:45,1.16.3,PRexp,14,3.90,nan,56,Left,Left,5737,319,356,24,nan,nan,0.10
9/21/2025 16:59:48,1.16.3,PRexp,14,3.90,nan,56,Left,Left,5738,319,356,24,nan,nan,0.00
9/21/2025 16:59:49,1.16.3,PRexp,14,3.90,nan,56,Left,Left,5739,319,356,24,nan,nan,0.00
9/21/2025 16:59:50,1.16.3,PRexp,14,3.89,nan,56,Left,Left,5740,319,356,24,nan,nan,0.50
9/21/2025 16:59:51,1.16.3,PRexp,14,3.90,nan,56,Left,Left,5741,319,356,24,nan,nan,0.18
9/21/2025 16:59:52,1.16.3,PRexp,14,3.90,nan,56,Left,Left,5742,319,356,24,nan,nan,0.00
9/21/2025 16:59:55,1.16.3,PRexp,14,3.90,nan,56,Left,Left,5743,319,356,24,nan,nan,1.29
9/21/2025 17:00:00,1.16.3,PRexp,14,3.90,nan,56,Left,Left,5744,319,356,24,nan,nan,0.09
9/21/2025 17:00:02,1.16.3,PRexp,14,3.90,nan,56,Left,Left,5745,319,356,24,nan,nan,1.24
9/21/2025 17:00:04,1.16.3,PRexp,14,3.90,nan,56,Left,Left,5746,319,356,24,nan,nan,0.49
9/21/2025 17:00:05,1.16.3,PRexp,14,3.90,nan,56,Left,Left,5747,319,356,24,nan,nan,0.14
9/21/2025 17:09:22,1.16.3,PRexp,14,3.90,nan,56,Left,Left,5748,319,356,24,nan,nan,0.16
9/21/2025 17:09:24,1.16.3,PRexp,14,3.91,nan,56,Left,Left,5749,319,356,24,nan,nan,0.75
9/21/2025 17:09:26,1.16.3,PRexp,14,3.90,nan,56,Left,Left,5750,319,356,24,nan,nan,0.37
9/21/2025 17:09:27,1.16.3,PRexp,14,3.90,nan,56,Left,Left,5751,319,356,24,nan,nan,0.00
9/21/2025 17:09:28,1.16.3,PRexp,14,3.91,nan,56,Left,Left,5752,319,356,24,nan,nan,0.04
9/21/2025 17:09:32,1.16.3,PRexp,14,3.90,nan,56,Left,Left,5753,319,356,24,nan,nan,0.43
9/21/2025 17:09:35,1.16.3,PRexp,14,3.91,nan,56,Left,Left,5754,319,356,24,nan,nan,0.79
9/21/2025 17:09:38,1.16.3,PRexp,14,3.90,nan,56,Left,Left,5755,319,356,24,nan,nan,0.90
9/21/2025 17:09:42,1.16.3,PRexp,14,3.90,nan,56,Left,Left,5756,319,356,24,nan,nan,0.32
9/21/2025 17:09:46,1.16.3,PRexp,14,3.90,nan,56,Left,Left,5757,319,356,24,nan,nan,0.09
9/21/2025 17:09:48,1.16.3,PRexp,14,3.91,nan,56,Left,Left,5758,319,356,24,nan,nan,0.00
9/21/2025 17:09:49,1.16.3,PRexp,14,3.90,nan,56,Left,Left,5759,319,356,24,nan,nan,0.14
9/21/2025 17:09:50,1.16.3,PRexp,14,3.90,nan,56,Left,Left,5760,319,356,24,nan,nan,0.00
9/21/2025 17:09:51,1.16.3,PRexp,14,3.90,nan,56,Left,Left,5761,319,356,24,nan,nan,0.00
9/21/2025 17:09:53,1.16.3,PRexp,14,3.90,nan,56,Left,Left,5762,319,356,24,nan,nan,0.05
9/21/2025 17:09:55,1.16.3,PRexp,14,3.91,nan,56,Left,Left,5763,319,356,24,nan,nan,0.39
9/21/2025 17:09:58,1.16.3,PRexp,14,3.90,nan,56,Left,Left,5764,319,356,24,nan,nan,1.06
9/21/2025 17:10:00,1.16.3,PRexp,14,3.90,nan,56,Left,Left,5765,319,356,24,nan,nan,0.08
9/21/2025 17:10:01,1.16.3,PRexp,14,3.90,nan,56,Left,Left,5766,319,356,24,nan,nan,0.00
9/21/2025 17:10:02,1.16.3,PRexp,14,3.90,nan,56,Left,Left,5767,319,356,24,nan,nan,0.00
9/21/2025 17:10:02,1.16.3,PRexp,14,3.90,nan,56,Left,Left,5768,319,356,24,nan,nan,0.00
9/21/2025 17:10:04,1.16.3,PRexp,14,3.90,nan,56,Left,Left,5769,319,356,24,nan,nan,0.34
9/21/2025 17:10:05,1.16.3,PRexp,14,3.90,nan,56,Left,Left,5770,319,356,24,nan,nan,0.07
9/21/2025 17:10:07,1.16.3,PRexp,14,3.90,nan,56,Left,Left,5771,319,356,24,nan,nan,0.75
9/21/2025 17:10:08,1.16.3,PRexp,14,3.90,nan,56,Left,Left,5772,319,356,24,nan,nan,0.00
9/21/2025 17:10:38,1.16.3,PRexp,14,3.90,nan,56,Left,Left,5773,319,356,24,nan,nan,0.07
9/21/2025 17:12:32,1.16.3,PRexp,14,3.89,nan,56,Left,Left,5774,319,356,24,nan,nan,0.00
9/21/2025 17:12:33,1.16.3,PRexp,14,3.90,nan,56,Left,Left,5775,319,356,24,nan,nan,0.09
9/21/2025 17:12:36,1.16.3,PRexp,14,3.91,nan,56,Left,Left,5776,319,356,24,nan,nan,0.06
9/21/2025 17:12:37,1.16.3,PRexp,14,3.89,nan,56,Left,Left,5777,319,356,24,nan,nan,0.12
9/21/2025 17:12:38,1.16.3,PRexp,14,3.90,nan,56,Left,Left,5778,319,356,24,nan,nan,0.08
9/21/2025 17:12:41,1.16.3,PRexp,14,3.90,nan,56,Left,Left,5779,319,356,24,nan,nan,0.87
9/21/2025 17:12:42,1.16.3,PRexp,14,3.91,nan,56,Left,Left,5780,319,356,24,nan,nan,0.00
9/21/2025 17:12:45,1.16.3,PRexp,14,3.90,nan,56,Left,Left,5781,319,356,24,nan,nan,0.09
9/21/2025 17:12:47,1.16.3,PRexp,14,3.91,nan,56,Left,Left,5782,319,356,24,nan,nan,0.29
9/21/2025 17:12:48,1.16.3,PRexp,14,3.90,nan,56,Left,Left,5783,319,356,24,nan,nan,0.48
9/21/2025 17:12:49,1.16.3,PRexp,14,3.90,nan,56,Left,Left,5784,319,356,24,nan,nan,0.38
9/21/2025 17:12:50,1.16.3,PRexp,14,3.90,nan,56,LeftDuringDispense,Left,5785,319,356,25,nan,nan,0.02
9/21/2025 17:12:53,1.16.3,PRexp,14,3.90,3,56,Pellet,Left,5785,319,357,25,0.06,2355,nan
9/21/2025 17:16:19,1.16.3,PRexp,14,3.90,nan,62,Left,Left,5786,319,357,25,nan,nan,0.02
9/21/2025 17:16:20,1.16.3,PRexp,14,3.90,nan,62,Left,Left,5787,319,357,25,nan,nan,0.00
9/21/2025 17:16:21,1.16.3,PRexp,14,3.90,nan,62,Left,Left,5788,319,357,25,nan,nan,0.39
9/21/2025 17:16:23,1.16.3,PRexp,14,3.91,nan,62,Left,Left,5789,319,357,25,nan,nan,0.34
9/21/2025 17:16:25,1.16.3,PRexp,14,3.90,nan,62,Left,Left,5790,319,357,25,nan,nan,0.02
9/21/2025 17:16:26,1.16.3,PRexp,14,3.90,nan,62,Left,Left,5791,319,357,25,nan,nan,0.03
9/21/2025 17:19:57,1.16.3,PRexp,14,3.90,nan,62,Left,Left,5792,319,357,25,nan,nan,0.08
9/21/2025 17:19:58,1.16.3,PRexp,14,3.90,nan,62,Left,Left,5793,319,357,25,nan,nan,0.08
9/21/2025 17:19:59,1.16.3,PRexp,14,3.90,nan,62,Left,Left,5794,319,357,25,nan,nan,0.26
9/21/2025 17:20:03,1.16.3,PRexp,14,3.90,nan,62,Left,Left,5795,319,357,25,nan,nan,0.30
9/21/2025 17:20:04,1.16.3,PRexp,14,3.90,nan,62,Left,Left,5796,319,357,25,nan,nan,0.12
9/21/2025 17:20:04,1.16.3,PRexp,14,3.90,nan,62,Left,Left,5797,319,357,25,nan,nan,0.00
9/21/2025 17:20:06,1.16.3,PRexp,14,3.90,nan,62,Left,Left,5798,319,357,25,nan,nan,0.11
9/21/2025 17:20:08,1.16.3,PRexp,14,3.90,nan,62,Left,Left,5799,319,357,25,nan,nan,0.14
9/21/2025 17:20:09,1.16.3,PRexp,14,3.90,nan,62,Left,Left,5800,319,357,25,nan,nan,0.32
9/21/2025 17:20:12,1.16.3,PRexp,14,3.90,nan,62,Left,Left,5801,319,357,25,nan,nan,0.30
9/21/2025 17:20:14,1.16.3,PRexp,14,3.90,nan,62,Left,Left,5802,319,357,25,nan,nan,0.29
9/21/2025 17:20:17,1.16.3,PRexp,14,3.89,nan,62,Left,Left,5803,319,357,25,nan,nan,0.10
9/21/2025 17:20:18,1.16.3,PRexp,14,3.90,nan,62,Left,Left,5804,319,357,25,nan,nan,0.00
9/21/2025 17:20:19,1.16.3,PRexp,14,3.90,nan,62,Left,Left,5805,319,357,25,nan,nan,0.00
9/21/2025 17:20:20,1.16.3,PRexp,14,3.90,nan,62,Left,Left,5806,319,357,25,nan,nan,0.02
9/21/2025 17:20:21,1.16.3,PRexp,14,3.90,nan,62,Left,Left,5807,319,357,25,nan,nan,0.22
9/21/2025 17:20:23,1.16.3,PRexp,14,3.89,nan,62,Left,Left,5808,319,357,25,nan,nan,0.32
9/21/2025 17:22:49,1.16.3,PRexp,14,3.90,nan,62,Left,Left,5809,319,357,25,nan,nan,0.11
9/21/2025 17:24:40,1.16.3,PRexp,14,3.90,nan,62,Left,Left,5810,319,357,25,nan,nan,0.07
9/21/2025 17:26:47,1.16.3,PRexp,14,3.90,nan,62,Left,Left,5811,319,357,25,nan,nan,1.34
9/21/2025 17:26:49,1.16.3,PRexp,14,3.90,nan,62,Left,Left,5812,319,357,25,nan,nan,0.01
9/21/2025 17:26:52,1.16.3,PRexp,14,3.90,nan,62,Left,Left,5813,319,357,25,nan,nan,0.16
9/21/2025 17:26:54,1.16.3,PRexp,14,3.90,nan,62,Left,Left,5814,319,357,25,nan,nan,0.26
9/21/2025 17:27:10,1.16.3,PRexp,14,3.90,nan,62,Left,Left,5815,319,357,25,nan,nan,0.68
9/21/2025 17:27:13,1.16.3,PRexp,14,3.90,nan,62,Left,Left,5816,319,357,25,nan,nan,1.85
9/21/2025 17:27:13,1.16.3,PRexp,14,3.90,nan,62,Left,Left,5817,319,357,25,nan,nan,0.00
9/21/2025 17:27:15,1.16.3,PRexp,14,3.90,nan,62,Left,Left,5818,319,357,25,nan,nan,0.00
9/21/2025 17:27:16,1.16.3,PRexp,14,3.90,nan,62,Left,Left,5819,319,357,25,nan,nan,0.51
9/21/2025 17:27:17,1.16.3,PRexp,14,3.90,nan,62,Left,Left,5820,319,357,25,nan,nan,0.04
9/21/2025 17:27:21,1.16.3,PRexp,14,3.89,nan,62,Left,Left,5821,319,357,25,nan,nan,0.40
9/21/2025 17:27:22,1.16.3,PRexp,14,3.90,nan,62,Left,Left,5822,319,357,25,nan,nan,0.07
9/21/2025 17:27:24,1.16.3,PRexp,14,3.90,nan,62,Left,Left,5823,319,357,25,nan,nan,0.00
9/21/2025 17:27:28,1.16.3,PRexp,14,3.90,nan,62,Left,Left,5824,319,357,25,nan,nan,0.45
9/21/2025 17:27:31,1.16.3,PRexp,14,3.90,nan,62,Left,Left,5825,319,357,25,nan,nan,0.47
9/21/2025 17:27:35,1.16.3,PRexp,14,3.90,nan,62,Left,Left,5826,319,357,25,nan,nan,0.14
9/21/2025 17:27:37,1.16.3,PRexp,14,3.90,nan,62,Left,Left,5827,319,357,25,nan,nan,0.69
9/21/2025 17:27:39,1.16.3,PRexp,14,3.90,nan,62,Left,Left,5828,319,357,25,nan,nan,0.00
9/21/2025 17:27:39,1.16.3,PRexp,14,3.90,nan,62,Left,Left,5829,319,357,25,nan,nan,0.00
9/21/2025 17:27:40,1.16.3,PRexp,14,3.90,nan,62,Left,Left,5830,319,357,25,nan,nan,0.02
9/21/2025 17:27:42,1.16.3,PRexp,14,3.90,nan,62,Left,Left,5831,319,357,25,nan,nan,0.45
9/21/2025 17:27:44,1.16.3,PRexp,14,3.91,nan,62,Left,Left,5832,319,357,25,nan,nan,0.19
9/21/2025 17:27:45,1.16.3,PRexp,14,3.90,nan,62,Left,Left,5833,319,357,25,nan,nan,0.17
9/21/2025 17:27:48,1.16.3,PRexp,14,3.90,nan,62,Left,Left,5834,319,357,25,nan,nan,0.81
9/21/2025 17:37:53,1.16.3,PRexp,14,3.90,nan,62,Left,Left,5835,319,357,25,nan,nan,0.79
9/21/2025 17:37:55,1.16.3,PRexp,14,3.90,nan,62,Left,Left,5836,319,357,25,nan,nan,0.00
9/21/2025 17:37:59,1.16.3,PRexp,14,3.90,nan,62,Left,Left,5837,319,357,25,nan,nan,0.74
9/21/2025 17:38:00,1.16.3,PRexp,14,3.89,nan,62,Left,Left,5838,319,357,25,nan,nan,0.02
9/21/2025 17:38:04,1.16.3,PRexp,14,3.90,nan,62,Left,Left,5839,319,357,25,nan,nan,0.02
9/21/2025 17:38:06,1.16.3,PRexp,14,3.90,nan,62,Left,Left,5840,319,357,25,nan,nan,0.44
9/21/2025 17:38:09,1.16.3,PRexp,14,3.90,nan,62,Left,Left,5841,319,357,25,nan,nan,1.00
9/21/2025 17:38:10,1.16.3,PRexp,14,3.90,nan,62,Left,Left,5842,319,357,25,nan,nan,0.76
9/21/2025 17:38:13,1.16.3,PRexp,14,3.90,nan,62,Left,Left,5843,319,357,25,nan,nan,0.05
9/21/2025 17:44:18,1.16.3,PRexp,14,3.91,nan,62,Left,Left,5844,319,357,25,nan,nan,1.42
9/21/2025 17:44:23,1.16.3,PRexp,14,3.90,nan,62,Left,Left,5845,319,357,25,nan,nan,4.09
9/21/2025 17:44:25,1.16.3,PRexp,14,3.90,nan,62,Left,Left,5846,319,357,25,nan,nan,0.68
9/21/2025 17:44:28,1.16.3,PRexp,14,3.90,nan,62,Left,Left,5847,319,357,25,nan,nan,0.69
9/21/2025 17:44:28,1.16.3,PRexp,14,3.90,nan,62,LeftDuringDispense,Left,5848,319,357,26,nan,nan,0.01
9/21/2025 17:44:32,1.16.3,PRexp,14,3.90,3,62,Pellet,Left,5848,319,358,26,0.55,1899,nan
9/21/2025 17:53:24,1.16.3,PRexp,14,3.90,nan,69,Left,Left,5849,319,358,26,nan,nan,0.33
9/21/2025 17:53:25,1.16.3,PRexp,14,3.90,nan,69,Left,Left,5850,319,358,26,nan,nan,0.03
9/21/2025 17:53:29,1.16.3,PRexp,14,3.89,nan,69,Left,Left,5851,319,358,26,nan,nan,0.02
9/21/2025 17:53:31,1.16.3,PRexp,14,3.89,nan,69,Left,Left,5852,319,358,26,nan,nan,0.03
9/21/2025 17:53:37,1.16.3,PRexp,14,3.90,nan,69,Left,Left,5853,319,358,26,nan,nan,0.01
9/21/2025 17:53:38,1.16.3,PRexp,14,3.90,nan,69,Left,Left,5854,319,358,26,nan,nan,0.03
9/21/2025 17:53:40,1.16.3,PRexp,14,3.90,nan,69,Left,Left,5855,319,358,26,nan,nan,0.13
9/21/2025 17:53:41,1.16.3,PRexp,14,3.89,nan,69,Left,Left,5856,319,358,26,nan,nan,0.00
9/21/2025 17:53:43,1.16.3,PRexp,14,3.90,nan,69,Left,Left,5857,319,358,26,nan,nan,0.10
9/21/2025 17:53:43,1.16.3,PRexp,14,3.90,nan,69,Left,Left,5858,319,358,26,nan,nan,0.03
9/21/2025 17:53:45,1.16.3,PRexp,14,3.90,nan,69,Left,Left,5859,319,358,26,nan,nan,0.19
9/21/2025 17:53:48,1.16.3,PRexp,14,3.91,nan,69,Left,Left,5860,319,358,26,nan,nan,0.02
9/21/2025 17:53:56,1.16.3,PRexp,14,3.90,nan,69,Left,Left,5861,319,358,26,nan,nan,1.27
9/21/2025 17:53:58,1.16.3,PRexp,14,3.89,nan,69,Left,Left,5862,319,358,26,nan,nan,0.00
9/21/2025 17:54:00,1.16.3,PRexp,14,3.90,nan,69,Left,Left,5863,319,358,26,nan,nan,0.03
9/21/2025 17:54:02,1.16.3,PRexp,14,3.90,nan,69,Left,Left,5864,319,358,26,nan,nan,0.18
9/21/2025 17:54:05,1.16.3,PRexp,14,3.90,nan,69,Left,Left,5865,319,358,26,nan,nan,0.00
9/21/2025 17:54:09,1.16.3,PRexp,14,3.91,nan,69,Left,Left,5866,319,358,26,nan,nan,0.41
9/21/2025 17:54:10,1.16.3,PRexp,14,3.90,nan,69,Left,Left,5867,319,358,26,nan,nan,0.00
9/21/2025 17:54:16,1.16.3,PRexp,14,3.90,nan,69,Left,Left,5868,319,358,26,nan,nan,1.29
9/21/2025 17:54:19,1.16.3,PRexp,14,3.90,nan,69,Left,Left,5869,319,358,26,nan,nan,0.08
9/21/2025 17:54:22,1.16.3,PRexp,14,3.90,nan,69,Left,Left,5870,319,358,26,nan,nan,0.00
9/21/2025 17:54:24,1.16.3,PRexp,14,3.90,nan,69,Left,Left,5871,319,358,26,nan,nan,0.54
9/21/2025 17:54:28,1.16.3,PRexp,14,3.90,nan,69,Left,Left,5872,319,358,26,nan,nan,1.23
9/21/2025 17:54:31,1.16.3,PRexp,14,3.90,nan,69,Left,Left,5873,319,358,26,nan,nan,0.55
9/21/2025 17:54:33,1.16.3,PRexp,14,3.90,nan,69,Left,Left,5874,319,358,26,nan,nan,0.65
9/21/2025 17:54:34,1.16.3,PRexp,14,3.90,nan,69,Left,Left,5875,319,358,26,nan,nan,0.25
9/21/2025 17:54:37,1.16.3,PRexp,14,3.90,nan,69,Left,Left,5876,319,358,26,nan,nan,0.12
9/21/2025 17:54:38,1.16.3,PRexp,14,3.90,nan,69,Left,Left,5877,319,358,26,nan,nan,0.00
9/21/2025 17:58:01,1.16.3,PRexp,14,3.90,nan,69,Left,Left,5878,319,358,26,nan,nan,0.59
9/21/2025 18:06:09,1.16.3,PRexp,14,3.90,nan,69,Left,Left,5879,319,358,26,nan,nan,0.67
9/21/2025 18:06:10,1.16.3,PRexp,14,3.90,nan,69,Left,Left,5880,319,358,26,nan,nan,0.26
9/21/2025 18:06:16,1.16.3,PRexp,14,3.90,nan,69,Left,Left,5881,319,358,26,nan,nan,1.04
9/21/2025 18:06:17,1.16.3,PRexp,14,3.90,nan,69,Left,Left,5882,319,358,26,nan,nan,0.13
9/21/2025 18:06:19,1.16.3,PRexp,14,3.90,nan,69,Left,Left,5883,319,358,26,nan,nan,0.48
9/21/2025 18:06:24,1.16.3,PRexp,14,3.90,nan,69,Left,Left,5884,319,358,26,nan,nan,2.01
9/21/2025 18:06:26,1.16.3,PRexp,14,3.90,nan,69,Left,Left,5885,319,358,26,nan,nan,0.64
9/21/2025 18:06:29,1.16.3,PRexp,14,3.90,nan,69,Left,Left,5886,319,358,26,nan,nan,0.57
9/21/2025 18:06:33,1.16.3,PRexp,14,3.90,nan,69,Left,Left,5887,319,358,26,nan,nan,1.63
9/21/2025 18:06:35,1.16.3,PRexp,14,3.90,nan,69,Left,Left,5888,319,358,26,nan,nan,0.05
9/21/2025 18:06:40,1.16.3,PRexp,14,3.90,nan,69,Left,Left,5889,319,358,26,nan,nan,2.50
9/21/2025 18:06:41,1.16.3,PRexp,14,3.90,nan,69,Left,Left,5890,319,358,26,nan,nan,0.02
9/21/2025 18:06:44,1.16.3,PRexp,14,3.90,nan,69,Left,Left,5891,319,358,26,nan,nan,0.03
9/21/2025 18:06:48,1.16.3,PRexp,14,3.90,nan,69,Left,Left,5892,319,358,26,nan,nan,0.01
9/21/2025 18:06:52,1.16.3,PRexp,14,3.90,nan,69,Left,Left,5893,319,358,26,nan,nan,0.01
9/21/2025 18:06:55,1.16.3,PRexp,14,3.90,nan,69,Left,Left,5894,319,358,26,nan,nan,0.05
9/21/2025 18:06:56,1.16.3,PRexp,14,3.89,nan,69,Left,Left,5895,319,358,26,nan,nan,0.02
9/21/2025 18:06:58,1.16.3,PRexp,14,3.90,nan,69,Left,Left,5896,319,358,26,nan,nan,0.01
9/21/2025 18:07:06,1.16.3,PRexp,14,3.89,nan,69,Left,Left,5897,319,358,26,nan,nan,3.84
9/21/2025 18:07:15,1.16.3,PRexp,14,3.89,nan,69,Left,Left,5898,319,358,26,nan,nan,4.05
9/21/2025 18:07:18,1.16.3,PRexp,14,3.89,nan,69,Left,Left,5899,319,358,26,nan,nan,0.00
9/21/2025 18:07:24,1.16.3,PRexp,14,3.90,nan,69,Left,Left,5900,319,358,26,nan,nan,0.86
9/21/2025 18:07:27,1.16.3,PRexp,14,3.90,nan,69,Left,Left,5901,319,358,26,nan,nan,0.57
9/21/2025 18:07:30,1.16.3,PRexp,14,3.90,nan,69,Left,Left,5902,319,358,26,nan,nan,0.09
9/21/2025 18:07:32,1.16.3,PRexp,14,3.90,nan,69,Left,Left,5903,319,358,26,nan,nan,1.60
9/21/2025 18:07:34,1.16.3,PRexp,14,3.90,nan,69,Left,Left,5904,319,358,26,nan,nan,0.96
9/21/2025 18:17:10,1.16.3,PRexp,14,3.90,nan,69,Left,Left,5905,319,358,26,nan,nan,0.00
9/21/2025 18:17:13,1.16.3,PRexp,14,3.90,nan,69,Left,Left,5906,319,358,26,nan,nan,1.12
9/21/2025 18:17:14,1.16.3,PRexp,14,3.90,nan,69,Left,Left,5907,319,358,26,nan,nan,0.37
9/21/2025 18:21:33,1.16.3,PRexp,14,3.90,nan,69,Left,Left,5908,319,358,26,nan,nan,0.03
9/21/2025 18:21:35,1.16.3,PRexp,14,3.89,nan,69,Left,Left,5909,319,358,26,nan,nan,0.70
9/21/2025 18:21:36,1.16.3,PRexp,14,3.90,nan,69,Left,Left,5910,319,358,26,nan,nan,0.00
9/21/2025 18:21:38,1.16.3,PRexp,14,3.89,nan,69,Left,Left,5911,319,358,26,nan,nan,0.06
9/21/2025 18:21:38,1.16.3,PRexp,14,3.90,nan,69,Left,Left,5912,319,358,26,nan,nan,0.00
9/21/2025 18:21:41,1.16.3,PRexp,14,3.90,nan,69,Left,Left,5913,319,358,26,nan,nan,0.49
9/21/2025 18:21:42,1.16.3,PRexp,14,3.90,nan,69,Left,Left,5914,319,358,26,nan,nan,0.00
9/21/2025 18:21:46,1.16.3,PRexp,14,3.90,nan,69,Left,Left,5915,319,358,26,nan,nan,0.15
9/21/2025 18:21:47,1.16.3,PRexp,14,3.90,nan,69,Left,Left,5916,319,358,26,nan,nan,0.02
9/21/2025 18:21:49,1.16.3,PRexp,14,3.90,nan,69,Left,Left,5917,319,358,26,nan,nan,0.68
9/21/2025 18:21:49,1.16.3,PRexp,14,3.90,nan,69,LeftDuringDispense,Left,5918,319,358,27,nan,nan,0.03
9/21/2025 18:21:52,1.16.3,PRexp,14,3.89,2,69,Pellet,Left,5918,319,359,27,0.24,2240,nan
9/21/2025 18:23:16,1.16.3,PRexp,14,3.90,nan,77,Left,Left,5919,319,359,27,nan,nan,0.03
9/21/2025 18:23:18,1.16.3,PRexp,14,3.90,nan,77,Left,Left,5920,319,359,27,nan,nan,0.97
9/21/2025 18:23:20,1.16.3,PRexp,14,3.90,nan,77,Left,Left,5921,319,359,27,nan,nan,0.03
9/21/2025 18:23:26,1.16.3,PRexp,14,3.90,nan,77,Left,Left,5922,319,359,27,nan,nan,0.04
9/21/2025 18:23:27,1.16.3,PRexp,14,3.89,nan,77,Left,Left,5923,319,359,27,nan,nan,0.11
9/21/2025 18:23:30,1.16.3,PRexp,14,3.89,nan,77,Left,Left,5924,319,359,27,nan,nan,0.00
9/21/2025 18:23:31,1.16.3,PRexp,14,3.90,nan,77,Left,Left,5925,319,359,27,nan,nan,0.03
9/21/2025 18:23:35,1.16.3,PRexp,14,3.89,nan,77,Left,Left,5926,319,359,27,nan,nan,0.11
9/21/2025 18:23:38,1.16.3,PRexp,14,3.89,nan,77,Left,Left,5927,319,359,27,nan,nan,0.52
9/21/2025 18:23:39,1.16.3,PRexp,14,3.90,nan,77,Left,Left,5928,319,359,27,nan,nan,0.00
9/21/2025 18:23:41,1.16.3,PRexp,14,3.90,nan,77,Left,Left,5929,319,359,27,nan,nan,0.00
9/21/2025 18:23:41,1.16.3,PRexp,14,3.90,nan,77,Left,Left,5930,319,359,27,nan,nan,0.12
9/21/2025 18:23:42,1.16.3,PRexp,14,3.90,nan,77,Left,Left,5931,319,359,27,nan,nan,0.00
9/21/2025 18:23:47,1.16.3,PRexp,14,3.90,nan,77,Left,Left,5932,319,359,27,nan,nan,1.24
9/21/2025 18:23:48,1.16.3,PRexp,14,3.89,nan,77,Left,Left,5933,319,359,27,nan,nan,0.07
9/21/2025 18:23:49,1.16.3,PRexp,14,3.90,nan,77,Left,Left,5934,319,359,27,nan,nan,0.00
9/21/2025 18:23:50,1.16.3,PRexp,14,3.90,nan,77,Left,Left,5935,319,359,27,nan,nan,0.03
9/21/2025 18:23:51,1.16.3,PRexp,14,3.89,nan,77,Left,Left,5936,319,359,27,nan,nan,0.03
9/21/2025 18:23:52,1.16.3,PRexp,14,3.90,nan,77,Left,Left,5937,319,359,27,nan,nan,0.86
9/21/2025 18:23:53,1.16.3,PRexp,14,3.89,nan,77,Left,Left,5938,319,359,27,nan,nan,0.12
9/21/2025 18:23:54,1.16.3,PRexp,14,3.90,nan,77,Left,Left,5939,319,359,27,nan,nan,0.00
9/21/2025 18:23:58,1.16.3,PRexp,14,3.89,nan,77,Left,Left,5940,319,359,27,nan,nan,0.15
9/21/2025 18:23:59,1.16.3,PRexp,14,3.89,nan,77,Left,Left,5941,319,359,27,nan,nan,0.05
9/21/2025 18:24:00,1.16.3,PRexp,14,3.89,nan,77,Left,Left,5942,319,359,27,nan,nan,0.02
9/21/2025 18:24:02,1.16.3,PRexp,14,3.90,nan,77,Left,Left,5943,319,359,27,nan,nan,0.00
9/21/2025 18:24:04,1.16.3,PRexp,14,3.89,nan,77,Left,Left,5944,319,359,27,nan,nan,0.29
9/21/2025 18:30:29,1.16.3,PRexp,14,3.90,nan,77,Left,Left,5945,319,359,27,nan,nan,0.31
9/21/2025 18:30:32,1.16.3,PRexp,14,3.90,nan,77,Left,Left,5946,319,359,27,nan,nan,0.08
9/21/2025 18:30:34,1.16.3,PRexp,14,3.89,nan,77,Left,Left,5947,319,359,27,nan,nan,0.15
9/21/2025 18:35:01,1.16.3,PRexp,14,3.90,nan,77,Left,Left,5948,319,359,27,nan,nan,0.14
9/21/2025 18:35:02,1.16.3,PRexp,14,3.89,nan,77,Left,Left,5949,319,359,27,nan,nan,0.35
9/21/2025 18:35:07,1.16.3,PRexp,14,3.89,nan,77,Left,Left,5950,319,359,27,nan,nan,0.03
9/21/2025 18:36:27,1.16.3,PRexp,14,3.89,nan,77,Left,Left,5951,319,359,27,nan,nan,0.30
9/21/2025 18:37:14,1.16.3,PRexp,14,3.90,nan,77,Left,Left,5952,319,359,27,nan,nan,0.14
9/21/2025 18:37:15,1.16.3,PRexp,14,3.90,nan,77,Left,Left,5953,319,359,27,nan,nan,0.14
9/21/2025 18:37:18,1.16.3,PRexp,14,3.89,nan,77,Left,Left,5954,319,359,27,nan,nan,0.14
9/21/2025 18:37:19,1.16.3,PRexp,14,3.90,nan,77,Left,Left,5955,319,359,27,nan,nan,0.00
9/21/2025 18:37:20,1.16.3,PRexp,14,3.90,nan,77,Left,Left,5956,319,359,27,nan,nan,0.47
9/21/2025 18:38:43,1.16.3,PRexp,14,3.90,nan,77,Left,Left,5957,319,359,27,nan,nan,0.11
9/21/2025 18:39:06,1.16.3,PRexp,14,3.90,nan,77,Right,Left,5957,320,359,27,nan,nan,0.14
9/21/2025 18:39:09,1.16.3,PRexp,14,3.90,nan,77,Right,Left,5957,321,359,27,nan,nan,0.46
9/21/2025 18:39:12,1.16.3,PRexp,14,3.90,nan,77,Right,Left,5957,322,359,27,nan,nan,0.07
9/21/2025 18:39:16,1.16.3,PRexp,14,3.90,nan,77,Left,Left,5958,322,359,27,nan,nan,0.47
9/21/2025 18:39:17,1.16.3,PRexp,14,3.90,nan,77,Left,Left,5959,322,359,27,nan,nan,0.14
9/21/2025 18:39:21,1.16.3,PRexp,14,3.90,nan,77,Left,Left,5960,322,359,27,nan,nan,0.53
9/21/2025 18:39:22,1.16.3,PRexp,14,3.90,nan,77,Left,Left,5961,322,359,27,nan,nan,0.00
9/21/2025 18:43:25,1.16.3,PRexp,14,3.90,nan,77,Left,Left,5962,322,359,27,nan,nan,0.73
9/21/2025 18:46:04,1.16.3,PRexp,14,3.89,nan,77,Right,Left,5962,323,359,27,nan,nan,0.09
9/21/2025 18:46:07,1.16.3,PRexp,14,3.90,nan,77,Left,Left,5963,323,359,27,nan,nan,0.02
9/21/2025 18:46:21,1.16.3,PRexp,14,3.89,nan,77,Left,Left,5964,323,359,27,nan,nan,0.06
9/21/2025 18:46:23,1.16.3,PRexp,14,3.89,nan,77,Left,Left,5965,323,359,27,nan,nan,0.00
9/21/2025 18:46:24,1.16.3,PRexp,14,3.90,nan,77,Left,Left,5966,323,359,27,nan,nan,0.02
9/21/2025 18:46:43,1.16.3,PRexp,14,3.90,nan,77,Left,Left,5967,323,359,27,nan,nan,0.43
9/21/2025 18:46:45,1.16.3,PRexp,14,3.90,nan,77,Left,Left,5968,323,359,27,nan,nan,0.25
9/21/2025 18:46:46,1.16.3,PRexp,14,3.89,nan,77,Left,Left,5969,323,359,27,nan,nan,0.22
9/21/2025 18:46:47,1.16.3,PRexp,14,3.90,nan,77,Left,Left,5970,323,359,27,nan,nan,0.37
9/21/2025 18:46:55,1.16.3,PRexp,14,3.90,nan,77,Left,Left,5971,323,359,27,nan,nan,0.09
9/21/2025 18:46:56,1.16.3,PRexp,14,3.89,nan,77,Left,Left,5972,323,359,27,nan,nan,0.08
9/21/2025 18:46:57,1.16.3,PRexp,14,3.90,nan,77,Left,Left,5973,323,359,27,nan,nan,0.00
9/21/2025 18:47:00,1.16.3,PRexp,14,3.90,nan,77,Left,Left,5974,323,359,27,nan,nan,0.02
9/21/2025 18:47:02,1.16.3,PRexp,14,3.90,nan,77,Left,Left,5975,323,359,27,nan,nan,0.14
9/21/2025 18:50:17,1.16.3,PRexp,14,3.90,nan,77,Left,Left,5976,323,359,27,nan,nan,0.07
9/21/2025 18:50:17,1.16.3,PRexp,14,3.89,nan,77,Left,Left,5977,323,359,27,nan,nan,0.00
9/21/2025 18:50:19,1.16.3,PRexp,14,3.90,nan,77,Left,Left,5978,323,359,27,nan,nan,0.12
9/21/2025 18:50:20,1.16.3,PRexp,14,3.90,nan,77,Left,Left,5979,323,359,27,nan,nan,0.45
9/21/2025 18:50:22,1.16.3,PRexp,14,3.90,nan,77,Left,Left,5980,323,359,27,nan,nan,0.13
9/21/2025 18:50:23,1.16.3,PRexp,14,3.89,nan,77,Left,Left,5981,323,359,27,nan,nan,0.00
9/21/2025 18:50:28,1.16.3,PRexp,14,3.90,nan,77,Left,Left,5982,323,359,27,nan,nan,0.11
9/21/2025 18:50:28,1.16.3,PRexp,14,3.89,nan,77,Left,Left,5983,323,359,27,nan,nan,0.04
9/21/2025 18:50:31,1.16.3,PRexp,14,3.90,nan,77,Left,Left,5984,323,359,27,nan,nan,0.21
9/21/2025 18:50:32,1.16.3,PRexp,14,3.90,nan,77,Left,Left,5985,323,359,27,nan,nan,0.37
9/21/2025 18:50:33,1.16.3,PRexp,14,3.90,nan,77,Left,Left,5986,323,359,27,nan,nan,0.19
9/21/2025 18:50:34,1.16.3,PRexp,14,3.90,nan,77,Left,Left,5987,323,359,27,nan,nan,0.00
9/21/2025 18:50:37,1.16.3,PRexp,14,3.89,nan,77,Left,Left,5988,323,359,27,nan,nan,0.41
9/21/2025 18:50:39,1.16.3,PRexp,14,3.90,nan,77,Left,Left,5989,323,359,27,nan,nan,0.86
9/21/2025 18:50:41,1.16.3,PRexp,14,3.90,nan,77,Left,Left,5990,323,359,27,nan,nan,0.01
9/21/2025 18:51:02,1.16.3,PRexp,14,3.89,nan,77,Left,Left,5991,323,359,27,nan,nan,0.58
9/21/2025 18:51:04,1.16.3,PRexp,14,3.89,nan,77,Left,Left,5992,323,359,27,nan,nan,0.11
9/21/2025 18:51:06,1.16.3,PRexp,14,3.90,nan,77,Left,Left,5993,323,359,27,nan,nan,0.00
9/21/2025 18:51:07,1.16.3,PRexp,14,3.89,nan,77,Left,Left,5994,323,359,27,nan,nan,0.35
9/21/2025 18:51:08,1.16.3,PRexp,14,3.90,nan,77,Left,Left,5995,323,359,27,nan,nan,0.48
9/21/2025 18:51:10,1.16.3,PRexp,14,3.90,1,77,Pellet,Left,5995,323,360,28,0.30,1757,nan
9/21/2025 18:52:41,1.16.3,PRexp,14,3.90,nan,86,Left,Left,5996,323,360,28,nan,nan,0.13
9/21/2025 18:52:44,1.16.3,PRexp,14,3.90,nan,86,Left,Left,5997,323,360,28,nan,nan,0.10
9/21/2025 18:52:45,1.16.3,PRexp,14,3.90,nan,86,Left,Left,5998,323,360,28,nan,nan,0.13
9/21/2025 18:52:46,1.16.3,PRexp,14,3.89,nan,86,Left,Left,5999,323,360,28,nan,nan,0.00
9/21/2025 18:52:55,1.16.3,PRexp,14,3.89,nan,86,Left,Left,6000,323,360,28,nan,nan,0.08
9/21/2025 18:52:57,1.16.3,PRexp,14,3.90,nan,86,Left,Left,6001,323,360,28,nan,nan,0.13
9/21/2025 18:52:59,1.16.3,PRexp,14,3.90,nan,86,Left,Left,6002,323,360,28,nan,nan,0.14
9/21/2025 18:53:05,1.16.3,PRexp,14,3.90,nan,86,Left,Left,6003,323,360,28,nan,nan,0.00
9/21/2025 18:53:07,1.16.3,PRexp,14,3.90,nan,86,Left,Left,6004,323,360,28,nan,nan,0.10
9/21/2025 18:53:08,1.16.3,PRexp,14,3.89,nan,86,Left,Left,6005,323,360,28,nan,nan,0.00
9/21/2025 18:53:10,1.16.3,PRexp,14,3.90,nan,86,Left,Left,6006,323,360,28,nan,nan,0.00
9/21/2025 18:53:10,1.16.3,PRexp,14,3.89,nan,86,Left,Left,6007,323,360,28,nan,nan,0.00
9/21/2025 18:53:13,1.16.3,PRexp,14,3.90,nan,86,Left,Left,6008,323,360,28,nan,nan,0.57
9/21/2025 18:53:15,1.16.3,PRexp,14,3.90,nan,86,Left,Left,6009,323,360,28,nan,nan,0.29
9/21/2025 18:53:16,1.16.3,PRexp,14,3.89,nan,86,Left,Left,6010,323,360,28,nan,nan,0.00
9/21/2025 18:53:17,1.16.3,PRexp,14,3.90,nan,86,Left,Left,6011,323,360,28,nan,nan,0.00
9/21/2025 18:55:31,1.16.3,PRexp,14,3.90,nan,86,Right,Left,6011,324,360,28,nan,nan,0.22
9/21/2025 18:55:32,1.16.3,PRexp,14,3.90,nan,86,Right,Left,6011,325,360,28,nan,nan,0.23
9/21/2025 18:55:33,1.16.3,PRexp,14,3.89,nan,86,Right,Left,6011,326,360,28,nan,nan,0.00
9/21/2025 18:56:01,1.16.3,PRexp,14,3.89,nan,86,Left,Left,6012,326,360,28,nan,nan,0.56
9/21/2025 18:56:02,1.16.3,PRexp,14,3.89,nan,86,Left,Left,6013,326,360,28,nan,nan,0.01
9/21/2025 18:56:05,1.16.3,PRexp,14,3.90,nan,86,Left,Left,6014,326,360,28,nan,nan,0.48
9/21/2025 18:56:06,1.16.3,PRexp,14,3.89,nan,86,Left,Left,6015,326,360,28,nan,nan,0.02
9/21/2025 18:56:15,1.16.3,PRexp,14,3.90,nan,86,Left,Left,6016,326,360,28,nan,nan,0.34
9/21/2025 19:03:15,1.16.3,PRexp,14,3.89,nan,86,Left,Left,6017,326,360,28,nan,nan,0.06
9/21/2025 19:03:16,1.16.3,PRexp,14,3.90,nan,86,Left,Left,6018,326,360,28,nan,nan,0.32
9/21/2025 19:03:17,1.16.3,PRexp,14,3.90,nan,86,Left,Left,6019,326,360,28,nan,nan,0.00
9/21/2025 19:05:41,1.16.3,PRexp,14,3.90,nan,86,Right,Left,6019,327,360,28,nan,nan,0.14
9/21/2025 19:05:49,1.16.3,PRexp,14,3.90,nan,86,Left,Left,6020,327,360,28,nan,nan,0.10
9/21/2025 19:05:50,1.16.3,PRexp,14,3.90,nan,86,Left,Left,6021,327,360,28,nan,nan,0.42
9/21/2025 19:05:52,1.16.3,PRexp,14,3.89,nan,86,Left,Left,6022,327,360,28,nan,nan,0.47
9/21/2025 19:05:53,1.16.3,PRexp,14,3.90,nan,86,Left,Left,6023,327,360,28,nan,nan,0.45
9/21/2025 19:05:56,1.16.3,PRexp,14,3.90,nan,86,Left,Left,6024,327,360,28,nan,nan,0.70
9/21/2025 19:05:58,1.16.3,PRexp,14,3.89,nan,86,Left,Left,6025,327,360,28,nan,nan,0.71
9/21/2025 19:05:59,1.16.3,PRexp,14,3.89,nan,86,Left,Left,6026,327,360,28,nan,nan,0.45
9/21/2025 19:09:45,1.16.3,PRexp,14,3.89,nan,86,Left,Left,6027,327,360,28,nan,nan,0.18
9/21/2025 19:10:09,1.16.3,PRexp,14,3.89,nan,86,Left,Left,6028,327,360,28,nan,nan,0.41
9/21/2025 19:17:09,1.16.3,PRexp,14,3.90,nan,86,Left,Left,6029,327,360,28,nan,nan,0.12
9/21/2025 19:17:11,1.16.3,PRexp,14,3.89,nan,86,Left,Left,6030,327,360,28,nan,nan,0.05
9/21/2025 19:17:13,1.16.3,PRexp,14,3.89,nan,86,Left,Left,6031,327,360,28,nan,nan,0.24
9/21/2025 19:17:15,1.16.3,PRexp,14,3.89,nan,86,Left,Left,6032,327,360,28,nan,nan,0.12
9/21/2025 19:17:17,1.16.3,PRexp,14,3.90,nan,86,Left,Left,6033,327,360,28,nan,nan,0.37
9/21/2025 19:17:19,1.16.3,PRexp,14,3.89,nan,86,Left,Left,6034,327,360,28,nan,nan,0.11
9/21/2025 19:17:20,1.16.3,PRexp,14,3.90,nan,86,Left,Left,6035,327,360,28,nan,nan,0.00
9/21/2025 19:17:22,1.16.3,PRexp,14,3.90,nan,86,Left,Left,6036,327,360,28,nan,nan,0.06
9/21/2025 19:17:24,1.16.3,PRexp,14,3.89,nan,86,Left,Left,6037,327,360,28,nan,nan,0.61
9/21/2025 19:17:27,1.16.3,PRexp,14,3.90,nan,86,Left,Left,6038,327,360,28,nan,nan,1.30
9/21/2025 19:17:28,1.16.3,PRexp,14,3.90,nan,86,Left,Left,6039,327,360,28,nan,nan,0.41
9/21/2025 19:17:34,1.16.3,PRexp,14,3.90,nan,86,Left,Left,6040,327,360,28,nan,nan,0.13
9/21/2025 19:17:39,1.16.3,PRexp,14,3.90,nan,86,Left,Left,6041,327,360,28,nan,nan,0.11
9/21/2025 19:17:40,1.16.3,PRexp,14,3.90,nan,86,Left,Left,6042,327,360,28,nan,nan,0.41
9/21/2025 19:17:41,1.16.3,PRexp,14,3.89,nan,86,Left,Left,6043,327,360,28,nan,nan,0.08
9/21/2025 19:17:42,1.16.3,PRexp,14,3.90,nan,86,Left,Left,6044,327,360,28,nan,nan,0.10
9/21/2025 19:17:43,1.16.3,PRexp,14,3.90,nan,86,Left,Left,6045,327,360,28,nan,nan,0.25
9/21/2025 19:17:45,1.16.3,PRexp,14,3.90,nan,86,Left,Left,6046,327,360,28,nan,nan,0.00
9/21/2025 19:17:47,1.16.3,PRexp,14,3.90,nan,86,Left,Left,6047,327,360,28,nan,nan,0.24
9/21/2025 19:17:49,1.16.3,PRexp,14,3.89,nan,86,Left,Left,6048,327,360,28,nan,nan,0.59
9/21/2025 19:17:52,1.16.3,PRexp,14,3.89,nan,86,Left,Left,6049,327,360,28,nan,nan,0.72
9/21/2025 19:17:53,1.16.3,PRexp,14,3.90,nan,86,Left,Left,6050,327,360,28,nan,nan,0.27
9/21/2025 19:17:54,1.16.3,PRexp,14,3.90,nan,86,Left,Left,6051,327,360,28,nan,nan,0.00
9/21/2025 19:22:03,1.16.3,PRexp,14,3.89,nan,86,Left,Left,6052,327,360,28,nan,nan,0.07
9/21/2025 19:22:05,1.16.3,PRexp,14,3.90,nan,86,Left,Left,6053,327,360,28,nan,nan,0.10
9/21/2025 19:22:06,1.16.3,PRexp,14,3.90,nan,86,Left,Left,6054,327,360,28,nan,nan,0.09
9/21/2025 19:22:08,1.16.3,PRexp,14,3.89,nan,86,Left,Left,6055,327,360,28,nan,nan,0.11
9/21/2025 19:22:09,1.16.3,PRexp,14,3.89,nan,86,Left,Left,6056,327,360,28,nan,nan,0.00
9/21/2025 19:22:11,1.16.3,PRexp,14,3.90,nan,86,Left,Left,6057,327,360,28,nan,nan,0.17
9/21/2025 19:24:02,1.16.3,PRexp,14,3.89,nan,86,Right,Left,6057,328,360,28,nan,nan,0.47
9/21/2025 19:26:21,1.16.3,PRexp,14,3.90,nan,86,Left,Left,6058,328,360,28,nan,nan,0.13
9/21/2025 19:28:03,1.16.3,PRexp,14,3.90,nan,86,Right,Left,6058,329,360,28,nan,nan,0.14
9/21/2025 19:28:07,1.16.3,PRexp,14,3.89,nan,86,Left,Left,6059,329,360,28,nan,nan,0.01
9/21/2025 19:28:07,1.16.3,PRexp,14,3.89,nan,86,Left,Left,6060,329,360,28,nan,nan,0.00
9/21/2025 19:28:08,1.16.3,PRexp,14,3.89,nan,86,Left,Left,6061,329,360,28,nan,nan,0.06
9/21/2025 19:28:09,1.16.3,PRexp,14,3.90,nan,86,Left,Left,6062,329,360,28,nan,nan,0.01
9/21/2025 19:28:12,1.16.3,PRexp,14,3.89,nan,86,Left,Left,6063,329,360,28,nan,nan,0.85
9/21/2025 19:28:14,1.16.3,PRexp,14,3.90,nan,86,Left,Left,6064,329,360,28,nan,nan,0.00
9/21/2025 19:28:18,1.16.3,PRexp,14,3.89,nan,86,Left,Left,6065,329,360,28,nan,nan,1.40
9/21/2025 19:28:20,1.16.3,PRexp,14,3.89,nan,86,Left,Left,6066,329,360,28,nan,nan,0.12
9/21/2025 19:28:21,1.16.3,PRexp,14,3.89,nan,86,Left,Left,6067,329,360,28,nan,nan,0.00
9/21/2025 19:28:22,1.16.3,PRexp,14,3.89,nan,86,Left,Left,6068,329,360,28,nan,nan,0.00
9/21/2025 19:28:27,1.16.3,PRexp,14,3.89,nan,86,Left,Left,6069,329,360,28,nan,nan,0.24
9/21/2025 19:28:28,1.16.3,PRexp,14,3.89,nan,86,Left,Left,6070,329,360,28,nan,nan,0.65
9/21/2025 19:35:41,1.16.3,PRexp,14,3.89,nan,86,Left,Left,6071,329,360,28,nan,nan,0.04
9/21/2025 19:35:43,1.16.3,PRexp,14,3.90,nan,86,Left,Left,6072,329,360,28,nan,nan,0.73
9/21/2025 19:35:45,1.16.3,PRexp,14,3.90,nan,86,Left,Left,6073,329,360,28,nan,nan,0.41
9/21/2025 19:35:46,1.16.3,PRexp,14,3.90,nan,86,Left,Left,6074,329,360,28,nan,nan,0.46
9/21/2025 19:35:50,1.16.3,PRexp,14,3.89,nan,86,Left,Left,6075,329,360,28,nan,nan,1.10
9/21/2025 19:35:52,1.16.3,PRexp,14,3.89,nan,86,Left,Left,6076,329,360,28,nan,nan,0.46
9/21/2025 19:35:55,1.16.3,PRexp,14,3.90,nan,86,Left,Left,6077,329,360,28,nan,nan,0.09
9/21/2025 19:35:58,1.16.3,PRexp,14,3.90,nan,86,Left,Left,6078,329,360,28,nan,nan,0.54
9/21/2025 19:36:00,1.16.3,PRexp,14,3.90,nan,86,Left,Left,6079,329,360,28,nan,nan,0.59
9/21/2025 19:36:02,1.16.3,PRexp,14,3.90,nan,86,Left,Left,6080,329,360,28,nan,nan,0.35
9/21/2025 19:36:04,1.16.3,PRexp,14,3.90,nan,86,Left,Left,6081,329,360,28,nan,nan,0.14
9/21/2025 19:36:04,1.16.3,PRexp,14,3.89,nan,86,LeftDuringDispense,Left,6082,329,360,29,nan,nan,0.06
9/21/2025 19:36:08,1.16.3,PRexp,14,3.90,3,86,Pellet,Left,6082,329,361,29,0.18,2699,nan
9/21/2025 19:37:16,1.16.3,PRexp,14,3.89,nan,95,Left,Left,6083,329,361,29,nan,nan,0.10
9/21/2025 19:37:16,1.16.3,PRexp,14,3.89,nan,95,Left,Left,6084,329,361,29,nan,nan,0.02
9/21/2025 19:37:18,1.16.3,PRexp,14,3.90,nan,95,Left,Left,6085,329,361,29,nan,nan,0.22
9/21/2025 19:39:09,1.16.3,PRexp,14,3.90,nan,95,Left,Left,6086,329,361,29,nan,nan,0.18
9/21/2025 19:39:39,1.16.3,PRexp,14,3.89,nan,95,Right,Left,6086,330,361,29,nan,nan,0.00
9/21/2025 19:39:40,1.16.3,PRexp,14,3.90,nan,95,Right,Left,6086,331,361,29,nan,nan,0.00
9/21/2025 19:40:10,1.16.3,PRexp,14,3.89,nan,95,Left,Left,6087,331,361,29,nan,nan,0.05
9/21/2025 19:42:27,1.16.3,PRexp,14,3.90,nan,95,Left,Left,6088,331,361,29,nan,nan,0.12
9/21/2025 19:42:30,1.16.3,PRexp,14,3.89,nan,95,Left,Left,6089,331,361,29,nan,nan,0.11
9/21/2025 19:42:33,1.16.3,PRexp,14,3.90,nan,95,Left,Left,6090,331,361,29,nan,nan,1.08
9/21/2025 19:42:34,1.16.3,PRexp,14,3.89,nan,95,Left,Left,6091,331,361,29,nan,nan,0.00
9/21/2025 19:42:36,1.16.3,PRexp,14,3.90,nan,95,Left,Left,6092,331,361,29,nan,nan,0.51
9/21/2025 19:42:38,1.16.3,PRexp,14,3.89,nan,95,Left,Left,6093,331,361,29,nan,nan,0.08
9/21/2025 19:42:39,1.16.3,PRexp,14,3.90,nan,95,Left,Left,6094,331,361,29,nan,nan,0.41
9/21/2025 19:42:42,1.16.3,PRexp,14,3.89,nan,95,Left,Left,6095,331,361,29,nan,nan,0.71
9/21/2025 19:42:44,1.16.3,PRexp,14,3.90,nan,95,Left,Left,6096,331,361,29,nan,nan,0.80
9/21/2025 19:42:45,1.16.3,PRexp,14,3.89,nan,95,Left,Left,6097,331,361,29,nan,nan,0.40
9/21/2025 19:42:46,1.16.3,PRexp,14,3.89,nan,95,Left,Left,6098,331,361,29,nan,nan,0.00
9/21/2025 19:44:18,1.16.3,PRexp,14,3.89,nan,95,Left,Left,6099,331,361,29,nan,nan,0.14
9/21/2025 19:44:19,1.16.3,PRexp,14,3.89,nan,95,Left,Left,6100,331,361,29,nan,nan,0.11
9/21/2025 19:44:21,1.16.3,PRexp,14,3.90,nan,95,Left,Left,6101,331,361,29,nan,nan,0.11
9/21/2025 19:44:24,1.16.3,PRexp,14,3.89,nan,95,Left,Left,6102,331,361,29,nan,nan,0.62
9/21/2025 19:44:25,1.16.3,PRexp,14,3.90,nan,95,Left,Left,6103,331,361,29,nan,nan,0.44
9/21/2025 19:44:29,1.16.3,PRexp,14,3.90,nan,95,Left,Left,6104,331,361,29,nan,nan,0.13
9/21/2025 19:44:30,1.16.3,PRexp,14,3.90,nan,95,Left,Left,6105,331,361,29,nan,nan,0.33
9/21/2025 19:44:32,1.16.3,PRexp,14,3.89,nan,95,Left,Left,6106,331,361,29,nan,nan,0.37
9/21/2025 19:46:57,1.16.3,PRexp,14,3.90,nan,95,Left,Left,6107,331,361,29,nan,nan,0.10
9/21/2025 19:47:01,1.16.3,PRexp,14,3.89,nan,95,Left,Left,6108,331,361,29,nan,nan,0.06
9/21/2025 19:51:53,1.16.3,PRexp,14,3.90,nan,95,Left,Left,6109,331,361,29,nan,nan,0.09
9/21/2025 19:51:55,1.16.3,PRexp,14,3.89,nan,95,Left,Left,6110,331,361,29,nan,nan,0.17
9/21/2025 19:51:57,1.16.3,PRexp,14,3.89,nan,95,Left,Left,6111,331,361,29,nan,nan,1.24
9/21/2025 19:51:59,1.16.3,PRexp,14,3.90,nan,95,Left,Left,6112,331,361,29,nan,nan,0.13
9/21/2025 19:52:03,1.16.3,PRexp,14,3.90,nan,95,Left,Left,6113,331,361,29,nan,nan,0.65
9/21/2025 19:52:05,1.16.3,PRexp,14,3.90,nan,95,Left,Left,6114,331,361,29,nan,nan,0.19
9/21/2025 19:52:06,1.16.3,PRexp,14,3.90,nan,95,Left,Left,6115,331,361,29,nan,nan,0.01
9/21/2025 19:52:07,1.16.3,PRexp,14,3.90,nan,95,Left,Left,6116,331,361,29,nan,nan,0.00
9/21/2025 19:52:12,1.16.3,PRexp,14,3.90,nan,95,Left,Left,6117,331,361,29,nan,nan,0.13
9/21/2025 19:52:13,1.16.3,PRexp,14,3.90,nan,95,Left,Left,6118,331,361,29,nan,nan,0.00
9/21/2025 19:52:15,1.16.3,PRexp,14,3.90,nan,95,Left,Left,6119,331,361,29,nan,nan,0.03
9/21/2025 19:52:16,1.16.3,PRexp,14,3.90,nan,95,Left,Left,6120,331,361,29,nan,nan,0.04
9/21/2025 19:52:18,1.16.3,PRexp,14,3.89,nan,95,Left,Left,6121,331,361,29,nan,nan,0.77
9/21/2025 19:52:20,1.16.3,PRexp,14,3.90,nan,95,Left,Left,6122,331,361,29,nan,nan,0.39
9/21/2025 19:54:21,1.16.3,PRexp,14,3.89,nan,95,Left,Left,6123,331,361,29,nan,nan,0.09
9/21/2025 19:59:29,1.16.3,PRexp,14,3.89,nan,95,Left,Left,6124,331,361,29,nan,nan,0.11
9/21/2025 19:59:30,1.16.3,PRexp,14,3.90,nan,95,Left,Left,6125,331,361,29,nan,nan,0.15
9/21/2025 19:59:31,1.16.3,PRexp,14,3.90,nan,95,Left,Left,6126,331,361,29,nan,nan,0.15
9/21/2025 19:59:33,1.16.3,PRexp,14,3.89,nan,95,Left,Left,6127,331,361,29,nan,nan,0.61
9/21/2025 19:59:36,1.16.3,PRexp,14,3.89,nan,95,Left,Left,6128,331,361,29,nan,nan,0.10
9/21/2025 19:59:37,1.16.3,PRexp,14,3.90,nan,95,Left,Left,6129,331,361,29,nan,nan,0.17
9/21/2025 19:59:38,1.16.3,PRexp,14,3.89,nan,95,Left,Left,6130,331,361,29,nan,nan,0.00
9/21/2025 19:59:40,1.16.3,PRexp,14,3.89,nan,95,Left,Left,6131,331,361,29,nan,nan,0.13
9/21/2025 19:59:44,1.16.3,PRexp,14,3.90,nan,95,Left,Left,6132,331,361,29,nan,nan,0.09
9/21/2025 19:59:47,1.16.3,PRexp,14,3.89,nan,95,Left,Left,6133,331,361,29,nan,nan,0.20
9/21/2025 19:59:48,1.16.3,PRexp,14,3.90,nan,95,Left,Left,6134,331,361,29,nan,nan,0.00
9/21/2025 19:59:51,1.16.3,PRexp,14,3.89,nan,95,Left,Left,6135,331,361,29,nan,nan,0.27
9/21/2025 20:01:30,1.16.3,PRexp,14,3.89,nan,95,Left,Left,6136,331,361,29,nan,nan,0.08
9/21/2025 20:01:31,1.16.3,PRexp,14,3.89,nan,95,Left,Left,6137,331,361,29,nan,nan,0.01
9/21/2025 20:01:33,1.16.3,PRexp,14,3.89,nan,95,Left,Left,6138,331,361,29,nan,nan,0.45
9/21/2025 20:01:35,1.16.3,PRexp,14,3.89,nan,95,Left,Left,6139,331,361,29,nan,nan,0.71
9/21/2025 20:01:36,1.16.3,PRexp,14,3.90,nan,95,Left,Left,6140,331,361,29,nan,nan,0.02
9/21/2025 20:01:38,1.16.3,PRexp,14,3.89,nan,95,Left,Left,6141,331,361,29,nan,nan,0.13
9/21/2025 20:01:39,1.16.3,PRexp,14,3.89,nan,95,Left,Left,6142,331,361,29,nan,nan,0.00
9/21/2025 20:01:41,1.16.3,PRexp,14,3.89,nan,95,Left,Left,6143,331,361,29,nan,nan,0.01
9/21/2025 20:01:42,1.16.3,PRexp,14,3.89,nan,95,Left,Left,6144,331,361,29,nan,nan,0.39
9/21/2025 20:01:45,1.16.3,PRexp,14,3.90,nan,95,Left,Left,6145,331,361,29,nan,nan,0.72
9/21/2025 20:01:46,1.16.3,PRexp,14,3.89,nan,95,Left,Left,6146,331,361,29,nan,nan,0.00
9/21/2025 20:01:46,1.16.3,PRexp,14,3.89,nan,95,Left,Left,6147,331,361,29,nan,nan,0.00
9/21/2025 20:01:47,1.16.3,PRexp,14,3.89,nan,95,Left,Left,6148,331,361,29,nan,nan,0.00
9/21/2025 20:01:49,1.16.3,PRexp,14,3.89,nan,95,Left,Left,6149,331,361,29,nan,nan,0.09
9/21/2025 20:01:51,1.16.3,PRexp,14,3.90,nan,95,Left,Left,6150,331,361,29,nan,nan,0.00
9/21/2025 20:01:53,1.16.3,PRexp,14,3.89,nan,95,Left,Left,6151,331,361,29,nan,nan,0.00
9/21/2025 20:01:54,1.16.3,PRexp,14,3.89,nan,95,Left,Left,6152,331,361,29,nan,nan,0.16
9/21/2025 20:01:55,1.16.3,PRexp,14,3.90,nan,95,Left,Left,6153,331,361,29,nan,nan,0.00
9/21/2025 20:01:58,1.16.3,PRexp,14,3.90,nan,95,Left,Left,6154,331,361,29,nan,nan,0.40
9/21/2025 20:02:07,1.16.3,PRexp,14,3.89,nan,95,Left,Left,6155,331,361,29,nan,nan,0.44
9/21/2025 20:04:29,1.16.3,PRexp,14,3.89,nan,95,Left,Left,6156,331,361,29,nan,nan,0.04
9/21/2025 20:08:13,1.16.3,PRexp,14,3.89,nan,95,Left,Left,6157,331,361,29,nan,nan,0.19
9/21/2025 20:12:12,1.16.3,PRexp,14,3.89,nan,95,Left,Left,6158,331,361,29,nan,nan,0.14
9/21/2025 20:13:57,1.16.3,PRexp,14,3.89,nan,95,Left,Left,6159,331,361,29,nan,nan,0.13
9/21/2025 20:13:58,1.16.3,PRexp,14,3.90,nan,95,Left,Left,6160,331,361,29,nan,nan,0.12
9/21/2025 20:14:02,1.16.3,PRexp,14,3.90,nan,95,Left,Left,6161,331,361,29,nan,nan,0.47
9/21/2025 20:14:03,1.16.3,PRexp,14,3.89,nan,95,Left,Left,6162,331,361,29,nan,nan,0.15
9/21/2025 20:14:05,1.16.3,PRexp,14,3.89,nan,95,Left,Left,6163,331,361,29,nan,nan,0.52
9/21/2025 20:14:06,1.16.3,PRexp,14,3.90,nan,95,Left,Left,6164,331,361,29,nan,nan,0.41
9/21/2025 20:14:07,1.16.3,PRexp,14,3.89,nan,95,Left,Left,6165,331,361,29,nan,nan,0.18
9/21/2025 20:14:13,1.16.3,PRexp,14,3.89,nan,95,Left,Left,6166,331,361,29,nan,nan,0.00
9/21/2025 20:15:03,1.16.3,PRexp,14,3.89,nan,95,Left,Left,6167,331,361,29,nan,nan,0.06
9/21/2025 20:15:53,1.16.3,PRexp,14,3.89,nan,95,Left,Left,6168,331,361,29,nan,nan,0.12
9/21/2025 20:15:54,1.16.3,PRexp,14,3.89,nan,95,Left,Left,6169,331,361,29,nan,nan,0.13
9/21/2025 20:15:56,1.16.3,PRexp,14,3.89,nan,95,Left,Left,6170,331,361,29,nan,nan,0.00
9/21/2025 20:15:58,1.16.3,PRexp,14,3.90,nan,95,Left,Left,6171,331,361,29,nan,nan,0.64
9/21/2025 20:15:59,1.16.3,PRexp,14,3.89,nan,95,Left,Left,6172,331,361,29,nan,nan,0.11
9/21/2025 20:16:01,1.16.3,PRexp,14,3.89,nan,95,Left,Left,6173,331,361,29,nan,nan,0.44
9/21/2025 20:16:02,1.16.3,PRexp,14,3.90,nan,95,Left,Left,6174,331,361,29,nan,nan,0.43
9/21/2025 20:16:05,1.16.3,PRexp,14,3.89,nan,95,Left,Left,6175,331,361,29,nan,nan,0.70
9/21/2025 20:16:08,1.16.3,PRexp,14,3.89,nan,95,Left,Left,6176,331,361,29,nan,nan,0.08
9/21/2025 20:16:10,1.16.3,PRexp,14,3.89,nan,95,Left,Left,6177,331,361,29,nan,nan,0.00
9/21/2025 20:16:13,1.16.3,PRexp,14,3.89,3,95,Pellet,Left,6177,331,362,30,0.06,2405,nan
9/21/2025 20:17:10,1.16.3,PRexp,14,3.90,nan,106,Right,Left,6177,332,362,30,nan,nan,0.10
9/21/2025 20:17:13,1.16.3,PRexp,14,3.90,nan,106,Right,Left,6177,333,362,30,nan,nan,0.34
9/21/2025 20:18:16,1.16.3,PRexp,14,3.89,nan,106,Left,Left,6178,333,362,30,nan,nan,0.07
9/21/2025 20:18:17,1.16.3,PRexp,14,3.89,nan,106,Left,Left,6179,333,362,30,nan,nan,0.20
9/21/2025 20:18:19,1.16.3,PRexp,14,3.89,nan,106,Left,Left,6180,333,362,30,nan,nan,0.42
9/21/2025 20:18:23,1.16.3,PRexp,14,3.89,nan,106,Left,Left,6181,333,362,30,nan,nan,0.14
9/21/2025 20:18:25,1.16.3,PRexp,14,3.90,nan,106,Left,Left,6182,333,362,30,nan,nan,0.00
9/21/2025 20:20:15,1.16.3,PRexp,14,3.89,nan,106,Left,Left,6183,333,362,30,nan,nan,0.07
9/21/2025 20:20:16,1.16.3,PRexp,14,3.90,nan,106,Left,Left,6184,333,362,30,nan,nan,0.13
9/21/2025 20:20:18,1.16.3,PRexp,14,3.89,nan,106,Left,Left,6185,333,362,30,nan,nan,0.08
9/21/2025 20:20:22,1.16.3,PRexp,14,3.89,nan,106,Left,Left,6186,333,362,30,nan,nan,1.02
9/21/2025 20:20:24,1.16.3,PRexp,14,3.89,nan,106,Left,Left,6187,333,362,30,nan,nan,0.00
9/21/2025 20:20:25,1.16.3,PRexp,14,3.89,nan,106,Left,Left,6188,333,362,30,nan,nan,0.00
9/21/2025 20:20:26,1.16.3,PRexp,14,3.89,nan,106,Left,Left,6189,333,362,30,nan,nan,0.56
9/21/2025 20:20:28,1.16.3,PRexp,14,3.89,nan,106,Left,Left,6190,333,362,30,nan,nan,0.02
9/21/2025 20:20:29,1.16.3,PRexp,14,3.90,nan,106,Left,Left,6191,333,362,30,nan,nan,0.13
9/21/2025 20:20:39,1.16.3,PRexp,14,3.89,nan,106,Left,Left,6192,333,362,30,nan,nan,0.23
9/21/2025 20:20:41,1.16.3,PRexp,14,3.89,nan,106,Left,Left,6193,333,362,30,nan,nan,0.08
9/21/2025 20:20:44,1.16.3,PRexp,14,3.89,nan,106,Left,Left,6194,333,362,30,nan,nan,0.00
9/21/2025 20:20:46,1.16.3,PRexp,14,3.89,nan,106,Left,Left,6195,333,362,30,nan,nan,0.00
9/21/2025 20:20:47,1.16.3,PRexp,14,3.89,nan,106,Left,Left,6196,333,362,30,nan,nan,0.43
9/21/2025 20:20:48,1.16.3,PRexp,14,3.89,nan,106,Left,Left,6197,333,362,30,nan,nan,0.15
9/21/2025 20:20:49,1.16.3,PRexp,14,3.89,nan,106,Left,Left,6198,333,362,30,nan,nan,0.01
9/21/2025 20:20:51,1.16.3,PRexp,14,3.90,nan,106,Left,Left,6199,333,362,30,nan,nan,0.15
9/21/2025 20:20:53,1.16.3,PRexp,14,3.90,nan,106,Left,Left,6200,333,362,30,nan,nan,0.44
9/21/2025 20:20:54,1.16.3,PRexp,14,3.89,nan,106,Left,Left,6201,333,362,30,nan,nan,0.38
9/21/2025 20:20:55,1.16.3,PRexp,14,3.89,nan,106,Left,Left,6202,333,362,30,nan,nan,0.00
9/21/2025 20:20:55,1.16.3,PRexp,14,3.90,nan,106,Left,Left,6203,333,362,30,nan,nan,0.04
9/21/2025 20:20:58,1.16.3,PRexp,14,3.90,nan,106,Left,Left,6204,333,362,30,nan,nan,1.63
9/21/2025 20:21:01,1.16.3,PRexp,14,3.90,nan,106,Left,Left,6205,333,362,30,nan,nan,0.16
9/21/2025 20:21:03,1.16.3,PRexp,14,3.89,nan,106,Left,Left,6206,333,362,30,nan,nan,0.23
9/21/2025 20:21:10,1.16.3,PRexp,14,3.90,nan,106,Left,Left,6207,333,362,30,nan,nan,0.00
9/21/2025 20:26:12,1.16.3,PRexp,14,3.89,nan,106,Left,Left,6208,333,362,30,nan,nan,0.09
9/21/2025 20:26:17,1.16.3,PRexp,14,3.89,nan,106,Right,Left,6208,334,362,30,nan,nan,0.37
9/21/2025 20:26:23,1.16.3,PRexp,14,3.89,nan,106,Left,Left,6209,334,362,30,nan,nan,0.09
9/21/2025 20:26:25,1.16.3,PRexp,14,3.89,nan,106,Left,Left,6210,334,362,30,nan,nan,0.97
9/21/2025 20:26:28,1.16.3,PRexp,14,3.89,nan,106,Left,Left,6211,334,362,30,nan,nan,0.11
9/21/2025 20:26:30,1.16.3,PRexp,14,3.90,nan,106,Left,Left,6212,334,362,30,nan,nan,0.11
9/21/2025 20:26:32,1.16.3,PRexp,14,3.89,nan,106,Left,Left,6213,334,362,30,nan,nan,0.17
9/21/2025 20:26:33,1.16.3,PRexp,14,3.89,nan,106,Left,Left,6214,334,362,30,nan,nan,0.00
9/21/2025 20:26:34,1.16.3,PRexp,14,3.89,nan,106,Left,Left,6215,334,362,30,nan,nan,0.00
9/21/2025 20:26:35,1.16.3,PRexp,14,3.89,nan,106,Left,Left,6216,334,362,30,nan,nan,0.13
9/21/2025 20:26:38,1.16.3,PRexp,14,3.89,nan,106,Left,Left,6217,334,362,30,nan,nan,0.16
9/21/2025 20:29:21,1.16.3,PRexp,14,3.89,nan,106,Left,Left,6218,334,362,30,nan,nan,0.00
9/21/2025 20:31:27,1.16.3,PRexp,14,3.89,nan,106,Left,Left,6219,334,362,30,nan,nan,0.10
9/21/2025 20:31:29,1.16.3,PRexp,14,3.89,nan,106,Left,Left,6220,334,362,30,nan,nan,0.10
9/21/2025 20:31:30,1.16.3,PRexp,14,3.89,nan,106,Left,Left,6221,334,362,30,nan,nan,0.40
9/21/2025 20:31:32,1.16.3,PRexp,14,3.89,nan,106,Left,Left,6222,334,362,30,nan,nan,0.18
9/21/2025 20:31:34,1.16.3,PRexp,14,3.89,nan,106,Left,Left,6223,334,362,30,nan,nan,0.14
9/21/2025 20:31:43,1.16.3,PRexp,14,3.89,nan,106,Right,Left,6223,335,362,30,nan,nan,0.26
9/21/2025 20:31:47,1.16.3,PRexp,14,3.89,nan,106,Left,Left,6224,335,362,30,nan,nan,0.15
9/21/2025 20:31:48,1.16.3,PRexp,14,3.89,nan,106,Left,Left,6225,335,362,30,nan,nan,0.15
9/21/2025 20:35:05,1.16.3,PRexp,14,3.89,nan,106,Left,Left,6226,335,362,30,nan,nan,0.07
9/21/2025 20:35:05,1.16.3,PRexp,14,3.89,nan,106,Left,Left,6227,335,362,30,nan,nan,0.14
9/21/2025 20:35:07,1.16.3,PRexp,14,3.89,nan,106,Left,Left,6228,335,362,30,nan,nan,0.00
9/21/2025 20:35:09,1.16.3,PRexp,14,3.89,nan,106,Left,Left,6229,335,362,30,nan,nan,0.54
9/21/2025 20:35:10,1.16.3,PRexp,14,3.89,nan,106,Left,Left,6230,335,362,30,nan,nan,0.15
9/21/2025 20:35:16,1.16.3,PRexp,14,3.89,nan,106,Left,Left,6231,335,362,30,nan,nan,0.07
9/21/2025 20:35:17,1.16.3,PRexp,14,3.89,nan,106,Left,Left,6232,335,362,30,nan,nan,0.08
9/21/2025 20:35:19,1.16.3,PRexp,14,3.89,nan,106,Left,Left,6233,335,362,30,nan,nan,0.02
9/21/2025 20:35:21,1.16.3,PRexp,14,3.89,nan,106,Left,Left,6234,335,362,30,nan,nan,0.52
9/21/2025 20:35:22,1.16.3,PRexp,14,3.89,nan,106,Left,Left,6235,335,362,30,nan,nan,0.00
9/21/2025 20:35:25,1.16.3,PRexp,14,3.89,nan,106,Left,Left,6236,335,362,30,nan,nan,0.23
9/21/2025 20:35:27,1.16.3,PRexp,14,3.89,nan,106,Left,Left,6237,335,362,30,nan,nan,0.00
9/21/2025 20:35:33,1.16.3,PRexp,14,3.89,nan,106,Left,Left,6238,335,362,30,nan,nan,0.01
9/21/2025 20:35:34,1.16.3,PRexp,14,3.89,nan,106,Left,Left,6239,335,362,30,nan,nan,0.00
9/21/2025 20:35:36,1.16.3,PRexp,14,3.89,nan,106,Left,Left,6240,335,362,30,nan,nan,0.78
9/21/2025 20:35:37,1.16.3,PRexp,14,3.89,nan,106,Left,Left,6241,335,362,30,nan,nan,0.05
9/21/2025 20:35:39,1.16.3,PRexp,14,3.89,nan,106,Left,Left,6242,335,362,30,nan,nan,0.23
9/21/2025 20:35:40,1.16.3,PRexp,14,3.89,nan,106,Left,Left,6243,335,362,30,nan,nan,0.00
9/21/2025 20:35:41,1.16.3,PRexp,14,3.90,nan,106,Left,Left,6244,335,362,30,nan,nan,0.00
9/21/2025 20:35:43,1.16.3,PRexp,14,3.89,nan,106,Left,Left,6245,335,362,30,nan,nan,0.00
9/21/2025 20:35:43,1.16.3,PRexp,14,3.90,nan,106,Left,Left,6246,335,362,30,nan,nan,0.04
9/21/2025 20:39:32,1.16.3,PRexp,14,3.90,nan,106,Left,Left,6247,335,362,30,nan,nan,0.05
9/21/2025 20:39:34,1.16.3,PRexp,14,3.89,nan,106,Left,Left,6248,335,362,30,nan,nan,0.08
9/21/2025 20:39:35,1.16.3,PRexp,14,3.90,nan,106,Left,Left,6249,335,362,30,nan,nan,0.00
9/21/2025 20:41:47,1.16.3,PRexp,14,3.89,nan,106,Left,Left,6250,335,362,30,nan,nan,0.56
9/21/2025 20:42:00,1.16.3,PRexp,14,3.89,nan,106,Left,Left,6251,335,362,30,nan,nan,0.05
9/21/2025 20:42:01,1.16.3,PRexp,14,3.89,nan,106,Left,Left,6252,335,362,30,nan,nan,0.47
9/21/2025 20:42:04,1.16.3,PRexp,14,3.89,nan,106,Left,Left,6253,335,362,30,nan,nan,0.18
9/21/2025 20:42:05,1.16.3,PRexp,14,3.90,nan,106,Left,Left,6254,335,362,30,nan,nan,0.00
9/21/2025 20:42:07,1.16.3,PRexp,14,3.89,nan,106,Left,Left,6255,335,362,30,nan,nan,0.15
9/21/2025 20:42:08,1.16.3,PRexp,14,3.89,nan,106,Left,Left,6256,335,362,30,nan,nan,0.00
9/21/2025 20:42:10,1.16.3,PRexp,14,3.89,nan,106,Left,Left,6257,335,362,30,nan,nan,0.47
9/21/2025 20:42:12,1.16.3,PRexp,14,3.90,nan,106,Left,Left,6258,335,362,30,nan,nan,0.14
9/21/2025 20:42:16,1.16.3,PRexp,14,3.89,nan,106,Left,Left,6259,335,362,30,nan,nan,0.80
9/21/2025 20:42:17,1.16.3,PRexp,14,3.89,nan,106,Left,Left,6260,335,362,30,nan,nan,0.00
9/21/2025 20:42:19,1.16.3,PRexp,14,3.89,nan,106,Left,Left,6261,335,362,30,nan,nan,0.01
9/21/2025 20:42:20,1.16.3,PRexp,14,3.89,nan,106,Left,Left,6262,335,362,30,nan,nan,0.08
9/21/2025 20:42:21,1.16.3,PRexp,14,3.90,nan,106,Left,Left,6263,335,362,30,nan,nan,0.25
9/21/2025 20:42:23,1.16.3,PRexp,14,3.89,nan,106,Left,Left,6264,335,362,30,nan,nan,0.18
9/21/2025 20:42:24,1.16.3,PRexp,14,3.89,nan,106,Left,Left,6265,335,362,30,nan,nan,0.01
9/21/2025 20:42:25,1.16.3,PRexp,14,3.89,nan,106,Left,Left,6266,335,362,30,nan,nan,0.00
9/21/2025 20:42:25,1.16.3,PRexp,14,3.89,nan,106,Left,Left,6267,335,362,30,nan,nan,0.00
9/21/2025 20:45:59,1.16.3,PRexp,14,3.90,nan,106,Left,Left,6268,335,362,30,nan,nan,0.02
9/21/2025 20:46:01,1.16.3,PRexp,14,3.89,nan,106,Left,Left,6269,335,362,30,nan,nan,0.29
9/21/2025 20:46:03,1.16.3,PRexp,14,3.89,nan,106,Left,Left,6270,335,362,30,nan,nan,0.68
9/21/2025 20:46:04,1.16.3,PRexp,14,3.89,nan,106,Left,Left,6271,335,362,30,nan,nan,0.00
9/21/2025 20:46:06,1.16.3,PRexp,14,3.89,nan,106,Left,Left,6272,335,362,30,nan,nan,0.60
9/21/2025 20:46:08,1.16.3,PRexp,14,3.90,nan,106,Left,Left,6273,335,362,30,nan,nan,0.50
9/21/2025 20:46:11,1.16.3,PRexp,14,3.89,nan,106,Left,Left,6274,335,362,30,nan,nan,1.61
9/21/2025 20:48:05,1.16.3,PRexp,14,3.89,nan,106,Left,Left,6275,335,362,30,nan,nan,0.45
9/21/2025 20:48:06,1.16.3,PRexp,14,3.89,nan,106,Left,Left,6276,335,362,30,nan,nan,0.21
9/21/2025 20:48:08,1.16.3,PRexp,14,3.89,nan,106,Left,Left,6277,335,362,30,nan,nan,0.11
9/21/2025 20:48:09,1.16.3,PRexp,14,3.89,nan,106,Left,Left,6278,335,362,30,nan,nan,0.11
9/21/2025 20:48:11,1.16.3,PRexp,14,3.89,nan,106,Left,Left,6279,335,362,30,nan,nan,0.00
9/21/2025 20:48:12,1.16.3,PRexp,14,3.89,nan,106,Left,Left,6280,335,362,30,nan,nan,0.00
9/21/2025 20:48:12,1.16.3,PRexp,14,3.89,nan,106,Left,Left,6281,335,362,30,nan,nan,0.00
9/21/2025 20:52:01,1.16.3,PRexp,14,3.89,nan,106,Left,Left,6282,335,362,30,nan,nan,0.18
9/21/2025 20:52:02,1.16.3,PRexp,14,3.89,nan,106,Left,Left,6283,335,362,30,nan,nan,0.16
9/21/2025 20:52:03,1.16.3,PRexp,14,3.89,nan,106,LeftDuringDispense,Left,6284,335,362,31,nan,nan,0.02
9/21/2025 20:52:06,1.16.3,PRexp,14,3.89,3,106,Pellet,Left,6284,335,363,31,0.06,2153,nan
9/21/2025 20:52:58,1.16.3,PRexp,14,3.89,nan,118,Left,Left,6285,335,363,31,nan,nan,0.08
9/21/2025 20:53:04,1.16.3,PRexp,14,3.89,nan,118,Left,Left,6286,335,363,31,nan,nan,2.10
9/21/2025 20:53:06,1.16.3,PRexp,14,3.89,nan,118,Left,Left,6287,335,363,31,nan,nan,0.00
9/21/2025 20:53:10,1.16.3,PRexp,14,3.89,nan,118,Left,Left,6288,335,363,31,nan,nan,1.62
9/21/2025 20:54:31,1.16.3,PRexp,14,3.89,nan,118,Left,Left,6289,335,363,31,nan,nan,0.27
9/21/2025 20:54:34,1.16.3,PRexp,14,3.90,nan,118,Left,Left,6290,335,363,31,nan,nan,0.42
9/21/2025 20:54:37,1.16.3,PRexp,14,3.89,nan,118,Left,Left,6291,335,363,31,nan,nan,0.14
9/21/2025 20:54:40,1.16.3,PRexp,14,3.89,nan,118,Left,Left,6292,335,363,31,nan,nan,0.00
9/21/2025 20:54:59,1.16.3,PRexp,14,3.89,nan,118,Left,Left,6293,335,363,31,nan,nan,5.53
9/21/2025 20:55:01,1.16.3,PRexp,14,3.89,nan,118,Left,Left,6294,335,363,31,nan,nan,0.08
9/21/2025 20:55:04,1.16.3,PRexp,14,3.89,nan,118,Left,Left,6295,335,363,31,nan,nan,0.02
9/21/2025 20:56:41,1.16.3,PRexp,14,3.89,nan,118,Left,Left,6296,335,363,31,nan,nan,7.97
9/21/2025 20:56:49,1.16.3,PRexp,14,3.89,nan,118,Left,Left,6297,335,363,31,nan,nan,6.82
9/21/2025 20:57:20,1.16.3,PRexp,14,3.89,nan,118,Left,Left,6298,335,363,31,nan,nan,0.00
9/21/2025 20:57:33,1.16.3,PRexp,14,3.89,nan,118,Left,Left,6299,335,363,31,nan,nan,0.00
9/21/2025 21:11:17,1.16.3,PRexp,14,3.89,nan,118,Left,Left,6300,335,363,31,nan,nan,0.04
9/21/2025 21:11:21,1.16.3,PRexp,14,3.89,nan,118,Left,Left,6301,335,363,31,nan,nan,0.73
9/21/2025 21:11:22,1.16.3,PRexp,14,3.89,nan,118,Left,Left,6302,335,363,31,nan,nan,0.39
9/21/2025 21:11:25,1.16.3,PRexp,14,3.89,nan,118,Left,Left,6303,335,363,31,nan,nan,0.50
9/21/2025 21:11:27,1.16.3,PRexp,14,3.89,nan,118,Left,Left,6304,335,363,31,nan,nan,0.25
9/21/2025 21:11:28,1.16.3,PRexp,14,3.89,nan,118,Left,Left,6305,335,363,31,nan,nan,0.36
9/21/2025 21:11:30,1.16.3,PRexp,14,3.89,nan,118,Left,Left,6306,335,363,31,nan,nan,0.59
9/21/2025 21:11:35,1.16.3,PRexp,14,3.89,nan,118,Left,Left,6307,335,363,31,nan,nan,1.02
9/21/2025 21:11:36,1.16.3,PRexp,14,3.89,nan,118,Left,Left,6308,335,363,31,nan,nan,0.00
9/21/2025 21:11:38,1.16.3,PRexp,14,3.89,nan,118,Left,Left,6309,335,363,31,nan,nan,0.16
9/21/2025 21:11:39,1.16.3,PRexp,14,3.89,nan,118,Left,Left,6310,335,363,31,nan,nan,0.00
9/21/2025 21:11:41,1.16.3,PRexp,14,3.89,nan,118,Left,Left,6311,335,363,31,nan,nan,0.71
9/21/2025 21:11:42,1.16.3,PRexp,14,3.89,nan,118,Left,Left,6312,335,363,31,nan,nan,0.00
9/21/2025 21:11:44,1.16.3,PRexp,14,3.89,nan,118,Left,Left,6313,335,363,31,nan,nan,0.37
9/21/2025 21:11:45,1.16.3,PRexp,14,3.89,nan,118,Left,Left,6314,335,363,31,nan,nan,0.00
9/21/2025 21:11:48,1.16.3,PRexp,14,3.90,nan,118,Left,Left,6315,335,363,31,nan,nan,2.02
9/21/2025 21:11:49,1.16.3,PRexp,14,3.89,nan,118,Left,Left,6316,335,363,31,nan,nan,0.24
9/21/2025 21:11:51,1.16.3,PRexp,14,3.89,nan,118,Left,Left,6317,335,363,31,nan,nan,1.25
9/21/2025 21:11:52,1.16.3,PRexp,14,3.89,nan,118,Left,Left,6318,335,363,31,nan,nan,0.47
9/21/2025 21:11:53,1.16.3,PRexp,14,3.89,nan,118,Left,Left,6319,335,363,31,nan,nan,0.00
9/21/2025 21:11:54,1.16.3,PRexp,14,3.89,nan,118,Left,Left,6320,335,363,31,nan,nan,0.03
9/21/2025 21:11:58,1.16.3,PRexp,14,3.89,nan,118,Left,Left,6321,335,363,31,nan,nan,0.03
9/21/2025 21:12:00,1.16.3,PRexp,14,3.89,nan,118,Left,Left,6322,335,363,31,nan,nan,1.19
9/21/2025 21:12:04,1.16.3,PRexp,14,3.89,nan,118,Left,Left,6323,335,363,31,nan,nan,0.69
9/21/2025 21:12:05,1.16.3,PRexp,14,3.89,nan,118,Left,Left,6324,335,363,31,nan,nan,0.03
9/21/2025 21:12:09,1.16.3,PRexp,14,3.89,nan,118,Left,Left,6325,335,363,31,nan,nan,0.05
9/21/2025 21:26:20,1.16.3,PRexp,14,3.89,nan,118,Left,Left,6326,335,363,31,nan,nan,0.13
9/21/2025 21:26:21,1.16.3,PRexp,14,3.89,nan,118,Left,Left,6327,335,363,31,nan,nan,0.01
9/21/2025 21:26:24,1.16.3,PRexp,14,3.89,nan,118,Left,Left,6328,335,363,31,nan,nan,0.38
9/21/2025 21:26:29,1.16.3,PRexp,14,3.89,nan,118,Left,Left,6329,335,363,31,nan,nan,1.15
9/21/2025 21:26:31,1.16.3,PRexp,14,3.89,nan,118,Left,Left,6330,335,363,31,nan,nan,0.10
9/21/2025 21:26:35,1.16.3,PRexp,14,3.89,nan,118,Left,Left,6331,335,363,31,nan,nan,1.67
9/21/2025 21:26:38,1.16.3,PRexp,14,3.89,nan,118,Left,Left,6332,335,363,31,nan,nan,1.01
9/21/2025 21:26:40,1.16.3,PRexp,14,3.89,nan,118,Left,Left,6333,335,363,31,nan,nan,0.11
9/21/2025 21:26:41,1.16.3,PRexp,14,3.89,nan,118,Left,Left,6334,335,363,31,nan,nan,0.52
9/21/2025 21:26:47,1.16.3,PRexp,14,3.89,nan,118,Left,Left,6335,335,363,31,nan,nan,0.46
9/21/2025 21:26:48,1.16.3,PRexp,14,3.89,nan,118,Left,Left,6336,335,363,31,nan,nan,0.00
9/21/2025 21:26:52,1.16.3,PRexp,14,3.90,nan,118,Left,Left,6337,335,363,31,nan,nan,0.16
9/21/2025 21:27:10,1.16.3,PRexp,14,3.89,nan,118,Left,Left,6338,335,363,31,nan,nan,12.97
9/21/2025 21:27:12,1.16.3,PRexp,14,3.89,nan,118,Left,Left,6339,335,363,31,nan,nan,0.72
9/21/2025 21:27:16,1.16.3,PRexp,14,3.89,nan,118,Left,Left,6340,335,363,31,nan,nan,0.67
9/21/2025 21:27:27,1.16.3,PRexp,14,3.89,nan,118,Left,Left,6341,335,363,31,nan,nan,0.43
9/21/2025 21:27:39,1.16.3,PRexp,14,3.89,nan,118,Left,Left,6342,335,363,31,nan,nan,0.50
9/21/2025 21:40:49,1.16.3,PRexp,14,3.90,nan,118,Left,Left,6343,335,363,31,nan,nan,0.15
9/21/2025 21:40:52,1.16.3,PRexp,14,3.89,nan,118,Left,Left,6344,335,363,31,nan,nan,0.36
9/21/2025 21:40:53,1.16.3,PRexp,14,3.89,nan,118,Left,Left,6345,335,363,31,nan,nan,0.01
9/21/2025 21:40:55,1.16.3,PRexp,14,3.89,nan,118,Left,Left,6346,335,363,31,nan,nan,0.63
9/21/2025 21:40:58,1.16.3,PRexp,14,3.89,nan,118,Left,Left,6347,335,363,31,nan,nan,0.58
9/21/2025 21:41:00,1.16.3,PRexp,14,3.89,nan,118,Left,Left,6348,335,363,31,nan,nan,0.08
9/21/2025 21:41:02,1.16.3,PRexp,14,3.89,nan,118,Left,Left,6349,335,363,31,nan,nan,0.17
9/21/2025 21:41:12,1.16.3,PRexp,14,3.89,nan,118,Left,Left,6350,335,363,31,nan,nan,0.03
9/21/2025 21:41:31,1.16.3,PRexp,14,3.89,nan,118,Left,Left,6351,335,363,31,nan,nan,0.95
9/21/2025 21:41:33,1.16.3,PRexp,14,3.89,nan,118,Left,Left,6352,335,363,31,nan,nan,0.03
9/21/2025 21:41:40,1.16.3,PRexp,14,3.89,nan,118,Left,Left,6353,335,363,31,nan,nan,0.05
9/21/2025 21:41:47,1.16.3,PRexp,14,3.89,nan,118,Left,Left,6354,335,363,31,nan,nan,0.27
9/21/2025 21:41:52,1.16.3,PRexp,14,3.89,nan,118,Left,Left,6355,335,363,31,nan,nan,0.10
9/21/2025 21:41:54,1.16.3,PRexp,14,3.89,nan,118,Left,Left,6356,335,363,31,nan,nan,1.61
9/21/2025 21:41:58,1.16.3,PRexp,14,3.89,nan,118,Left,Left,6357,335,363,31,nan,nan,0.19
9/21/2025 21:42:03,1.16.3,PRexp,14,3.89,nan,118,Left,Left,6358,335,363,31,nan,nan,3.04
9/21/2025 21:42:08,1.16.3,PRexp,14,3.89,nan,118,Left,Left,6359,335,363,31,nan,nan,4.42
9/21/2025 21:42:20,1.16.3,PRexp,14,3.89,nan,118,Left,Left,6360,335,363,31,nan,nan,8.82
9/21/2025 21:42:24,1.16.3,PRexp,14,3.89,nan,118,Left,Left,6361,335,363,31,nan,nan,0.05
9/21/2025 21:42:29,1.16.3,PRexp,14,3.89,nan,118,Left,Left,6362,335,363,31,nan,nan,3.74
9/21/2025 21:42:31,1.16.3,PRexp,14,3.89,nan,118,Left,Left,6363,335,363,31,nan,nan,0.12
9/21/2025 21:42:36,1.16.3,PRexp,14,3.89,nan,118,Left,Left,6364,335,363,31,nan,nan,0.09
9/21/2025 21:42:40,1.16.3,PRexp,14,3.89,nan,118,Left,Left,6365,335,363,31,nan,nan,0.11
9/21/2025 21:42:42,1.16.3,PRexp,14,3.89,nan,118,Left,Left,6366,335,363,31,nan,nan,1.15
9/21/2025 21:42:47,1.16.3,PRexp,14,3.89,nan,118,Left,Left,6367,335,363,31,nan,nan,0.09
9/21/2025 21:42:53,1.16.3,PRexp,14,3.89,nan,118,Left,Left,6368,335,363,31,nan,nan,0.02
9/21/2025 21:43:22,1.16.3,PRexp,14,3.89,nan,118,Left,Left,6369,335,363,31,nan,nan,27.11
9/21/2025 21:43:26,1.16.3,PRexp,14,3.89,nan,118,Left,Left,6370,335,363,31,nan,nan,0.23
9/21/2025 21:43:30,1.16.3,PRexp,14,3.89,nan,118,Left,Left,6371,335,363,31,nan,nan,0.00
9/21/2025 21:43:34,1.16.3,PRexp,14,3.89,nan,118,Left,Left,6372,335,363,31,nan,nan,3.69
9/21/2025 21:43:37,1.16.3,PRexp,14,3.89,nan,118,Left,Left,6373,335,363,31,nan,nan,1.69
9/21/2025 21:43:40,1.16.3,PRexp,14,3.89,nan,118,Left,Left,6374,335,363,31,nan,nan,1.15
9/21/2025 21:43:42,1.16.3,PRexp,14,3.89,nan,118,Left,Left,6375,335,363,31,nan,nan,0.90
9/21/2025 21:43:43,1.16.3,PRexp,14,3.89,nan,118,Left,Left,6376,335,363,31,nan,nan,0.58
9/21/2025 21:43:47,1.16.3,PRexp,14,3.89,nan,118,Left,Left,6377,335,363,31,nan,nan,2.56
9/21/2025 21:43:49,1.16.3,PRexp,14,3.89,nan,118,Left,Left,6378,335,363,31,nan,nan,0.05
9/21/2025 21:43:50,1.16.3,PRexp,14,3.89,nan,118,Left,Left,6379,335,363,31,nan,nan,0.01
9/21/2025 21:43:51,1.16.3,PRexp,14,3.89,nan,118,Left,Left,6380,335,363,31,nan,nan,0.06
9/21/2025 21:43:53,1.16.3,PRexp,14,3.89,nan,118,Left,Left,6381,335,363,31,nan,nan,0.03
9/21/2025 21:43:59,1.16.3,PRexp,14,3.89,nan,118,Left,Left,6382,335,363,31,nan,nan,3.37
9/21/2025 21:44:00,1.16.3,PRexp,14,3.89,nan,118,Left,Left,6383,335,363,31,nan,nan,0.00
9/21/2025 21:44:07,1.16.3,PRexp,14,3.89,nan,118,Left,Left,6384,335,363,31,nan,nan,5.40
9/21/2025 21:44:09,1.16.3,PRexp,14,3.89,nan,118,Left,Left,6385,335,363,31,nan,nan,0.98
9/21/2025 21:44:16,1.16.3,PRexp,14,3.89,nan,118,Left,Left,6386,335,363,31,nan,nan,0.81
9/21/2025 21:44:19,1.16.3,PRexp,14,3.89,nan,118,Left,Left,6387,335,363,31,nan,nan,0.50
9/21/2025 21:44:21,1.16.3,PRexp,14,3.89,nan,118,Left,Left,6388,335,363,31,nan,nan,0.25
9/21/2025 21:44:24,1.16.3,PRexp,14,3.89,nan,118,Left,Left,6389,335,363,31,nan,nan,0.03
9/21/2025 21:48:09,1.16.3,PRexp,14,3.89,nan,118,Right,Left,6389,336,363,31,nan,nan,0.23
9/21/2025 21:49:47,1.16.3,PRexp,14,3.89,nan,118,Left,Left,6390,336,363,31,nan,nan,0.10
9/21/2025 21:49:48,1.16.3,PRexp,14,3.89,nan,118,Left,Left,6391,336,363,31,nan,nan,0.30
9/21/2025 21:49:50,1.16.3,PRexp,14,3.89,nan,118,Left,Left,6392,336,363,31,nan,nan,0.74
9/21/2025 21:52:10,1.16.3,PRexp,14,3.89,nan,118,Left,Left,6393,336,363,31,nan,nan,0.07
9/21/2025 21:52:12,1.16.3,PRexp,14,3.89,nan,118,Left,Left,6394,336,363,31,nan,nan,0.10
9/21/2025 21:52:14,1.16.3,PRexp,14,3.89,nan,118,Left,Left,6395,336,363,31,nan,nan,0.06
9/21/2025 21:53:18,1.16.3,PRexp,14,3.89,nan,118,Right,Left,6395,337,363,31,nan,nan,0.12
9/21/2025 21:55:17,1.16.3,PRexp,14,3.89,nan,118,Left,Left,6396,337,363,31,nan,nan,0.01
9/21/2025 21:55:19,1.16.3,PRexp,14,3.89,nan,118,Left,Left,6397,337,363,31,nan,nan,0.54
9/21/2025 21:57:23,1.16.3,PRexp,14,3.89,nan,118,Left,Left,6398,337,363,31,nan,nan,0.04
9/21/2025 21:57:33,1.16.3,PRexp,14,3.89,nan,118,Left,Left,6399,337,363,31,nan,nan,0.05
9/21/2025 21:57:34,1.16.3,PRexp,14,3.89,nan,118,Left,Left,6400,337,363,31,nan,nan,0.08
9/21/2025 21:57:36,1.16.3,PRexp,14,3.90,nan,118,Left,Left,6401,337,363,31,nan,nan,0.00
9/21/2025 21:57:38,1.16.3,PRexp,14,3.89,nan,118,Left,Left,6402,337,363,31,nan,nan,0.41
9/21/2025 21:57:39,1.16.3,PRexp,14,3.89,nan,118,LeftDuringDispense,Left,6403,337,363,32,nan,nan,0.03
9/21/2025 21:57:42,1.16.3,PRexp,14,3.89,3,118,Pellet,Left,6403,337,364,32,0.12,3936,nan
9/21/2025 21:59:00,1.16.3,PRexp,14,3.89,nan,131,Left,Left,6404,337,364,32,nan,nan,0.07
9/21/2025 21:59:10,1.16.3,PRexp,14,3.89,nan,131,Left,Left,6405,337,364,32,nan,nan,0.14
9/21/2025 22:03:29,1.16.3,PRexp,14,3.89,nan,131,Left,Left,6406,337,364,32,nan,nan,0.02
9/21/2025 22:03:30,1.16.3,PRexp,14,3.89,nan,131,Left,Left,6407,337,364,32,nan,nan,0.24
9/21/2025 22:03:34,1.16.3,PRexp,14,3.89,nan,131,Left,Left,6408,337,364,32,nan,nan,0.17
9/21/2025 22:03:36,1.16.3,PRexp,14,3.89,nan,131,Left,Left,6409,337,364,32,nan,nan,0.78
9/21/2025 22:03:38,1.16.3,PRexp,14,3.89,nan,131,Left,Left,6410,337,364,32,nan,nan,0.56
9/21/2025 22:03:42,1.16.3,PRexp,14,3.89,nan,131,Left,Left,6411,337,364,32,nan,nan,1.53
9/21/2025 22:03:45,1.16.3,PRexp,14,3.89,nan,131,Left,Left,6412,337,364,32,nan,nan,0.07
9/21/2025 22:03:49,1.16.3,PRexp,14,3.89,nan,131,Left,Left,6413,337,364,32,nan,nan,0.09
9/21/2025 22:03:50,1.16.3,PRexp,14,3.89,nan,131,Left,Left,6414,337,364,32,nan,nan,0.00
9/21/2025 22:03:51,1.16.3,PRexp,14,3.89,nan,131,Left,Left,6415,337,364,32,nan,nan,0.00
9/21/2025 22:03:53,1.16.3,PRexp,14,3.89,nan,131,Left,Left,6416,337,364,32,nan,nan,0.25
9/21/2025 22:03:54,1.16.3,PRexp,14,3.89,nan,131,Left,Left,6417,337,364,32,nan,nan,0.02
9/21/2025 22:07:49,1.16.3,PRexp,14,3.89,nan,131,Left,Left,6418,337,364,32,nan,nan,0.02
9/21/2025 22:07:50,1.16.3,PRexp,14,3.89,nan,131,Left,Left,6419,337,364,32,nan,nan,0.10
9/21/2025 22:07:53,1.16.3,PRexp,14,3.89,nan,131,Left,Left,6420,337,364,32,nan,nan,0.20
9/21/2025 22:07:55,1.16.3,PRexp,14,3.89,nan,131,Left,Left,6421,337,364,32,nan,nan,0.61
9/21/2025 22:07:58,1.16.3,PRexp,14,3.89,nan,131,Left,Left,6422,337,364,32,nan,nan,0.92
9/21/2025 22:08:00,1.16.3,PRexp,14,3.89,nan,131,Left,Left,6423,337,364,32,nan,nan,0.29
9/21/2025 22:08:02,1.16.3,PRexp,14,3.89,nan,131,Left,Left,6424,337,364,32,nan,nan,0.47
9/21/2025 22:08:05,1.16.3,PRexp,14,3.89,nan,131,Left,Left,6425,337,364,32,nan,nan,0.62
9/21/2025 22:09:14,1.16.3,PRexp,14,3.89,nan,131,Left,Left,6426,337,364,32,nan,nan,0.07
9/21/2025 22:09:19,1.16.3,PRexp,14,3.89,nan,131,Left,Left,6427,337,364,32,nan,nan,0.14
9/21/2025 22:09:21,1.16.3,PRexp,14,3.89,nan,131,Left,Left,6428,337,364,32,nan,nan,0.12
9/21/2025 22:09:22,1.16.3,PRexp,14,3.89,nan,131,Left,Left,6429,337,364,32,nan,nan,0.00
9/21/2025 22:09:23,1.16.3,PRexp,14,3.89,nan,131,Left,Left,6430,337,364,32,nan,nan,0.55
9/21/2025 22:09:25,1.16.3,PRexp,14,3.89,nan,131,Left,Left,6431,337,364,32,nan,nan,0.52
9/21/2025 22:09:33,1.16.3,PRexp,14,3.89,nan,131,Left,Left,6432,337,364,32,nan,nan,0.03
9/21/2025 22:09:34,1.16.3,PRexp,14,3.89,nan,131,Left,Left,6433,337,364,32,nan,nan,0.00
9/21/2025 22:09:36,1.16.3,PRexp,14,3.89,nan,131,Left,Left,6434,337,364,32,nan,nan,0.31
9/21/2025 22:13:33,1.16.3,PRexp,14,3.89,nan,131,Left,Left,6435,337,364,32,nan,nan,0.08
9/21/2025 22:13:35,1.16.3,PRexp,14,3.89,nan,131,Left,Left,6436,337,364,32,nan,nan,0.46
9/21/2025 22:13:39,1.16.3,PRexp,14,3.89,nan,131,Left,Left,6437,337,364,32,nan,nan,0.12
9/21/2025 22:13:41,1.16.3,PRexp,14,3.89,nan,131,Left,Left,6438,337,364,32,nan,nan,0.10
9/21/2025 22:13:42,1.16.3,PRexp,14,3.89,nan,131,Left,Left,6439,337,364,32,nan,nan,0.00
9/21/2025 22:13:45,1.16.3,PRexp,14,3.89,nan,131,Left,Left,6440,337,364,32,nan,nan,0.38
9/21/2025 22:13:46,1.16.3,PRexp,14,3.89,nan,131,Left,Left,6441,337,364,32,nan,nan,0.17
9/21/2025 22:16:01,1.16.3,PRexp,14,3.89,nan,131,Left,Left,6442,337,364,32,nan,nan,0.23
9/21/2025 22:21:26,1.16.3,PRexp,14,3.89,nan,131,Left,Left,6443,337,364,32,nan,nan,0.12
9/21/2025 22:21:28,1.16.3,PRexp,14,3.89,nan,131,Left,Left,6444,337,364,32,nan,nan,0.80
9/21/2025 22:21:29,1.16.3,PRexp,14,3.89,nan,131,Left,Left,6445,337,364,32,nan,nan,0.15
9/21/2025 22:21:35,1.16.3,PRexp,14,3.89,nan,131,Left,Left,6446,337,364,32,nan,nan,0.00
9/21/2025 22:21:41,1.16.3,PRexp,14,3.89,nan,131,Left,Left,6447,337,364,32,nan,nan,0.12
9/21/2025 22:21:50,1.16.3,PRexp,14,3.89,nan,131,Left,Left,6448,337,364,32,nan,nan,0.03
9/21/2025 22:21:51,1.16.3,PRexp,14,3.89,nan,131,Left,Left,6449,337,364,32,nan,nan,0.13
9/21/2025 22:22:09,1.16.3,PRexp,14,3.89,nan,131,Left,Left,6450,337,364,32,nan,nan,0.09
9/21/2025 22:22:36,1.16.3,PRexp,14,3.89,nan,131,Left,Left,6451,337,364,32,nan,nan,0.03
9/21/2025 22:22:38,1.16.3,PRexp,14,3.89,nan,131,Left,Left,6452,337,364,32,nan,nan,0.05
9/21/2025 22:22:39,1.16.3,PRexp,14,3.89,nan,131,Left,Left,6453,337,364,32,nan,nan,0.01
9/21/2025 22:22:40,1.16.3,PRexp,14,3.89,nan,131,Left,Left,6454,337,364,32,nan,nan,0.09
9/21/2025 22:22:48,1.16.3,PRexp,14,3.89,nan,131,Left,Left,6455,337,364,32,nan,nan,0.15
9/21/2025 22:22:49,1.16.3,PRexp,14,3.89,nan,131,Left,Left,6456,337,364,32,nan,nan,0.00
9/21/2025 22:23:36,1.16.3,PRexp,14,3.89,nan,131,Left,Left,6457,337,364,32,nan,nan,0.07
9/21/2025 22:23:37,1.16.3,PRexp,14,3.89,nan,131,Left,Left,6458,337,364,32,nan,nan,0.01
9/21/2025 22:23:40,1.16.3,PRexp,14,3.89,nan,131,Left,Left,6459,337,364,32,nan,nan,0.58
9/21/2025 22:23:41,1.16.3,PRexp,14,3.89,nan,131,Left,Left,6460,337,364,32,nan,nan,0.00
9/21/2025 22:23:42,1.16.3,PRexp,14,3.89,nan,131,Left,Left,6461,337,364,32,nan,nan,0.27
9/21/2025 22:23:43,1.16.3,PRexp,14,3.89,nan,131,Left,Left,6462,337,364,32,nan,nan,0.10
9/21/2025 22:23:51,1.16.3,PRexp,14,3.89,nan,131,Left,Left,6463,337,364,32,nan,nan,0.74
9/21/2025 22:23:52,1.16.3,PRexp,14,3.89,nan,131,Left,Left,6464,337,364,32,nan,nan,0.00
9/21/2025 22:23:53,1.16.3,PRexp,14,3.89,nan,131,Left,Left,6465,337,364,32,nan,nan,0.00
9/21/2025 22:23:55,1.16.3,PRexp,14,3.89,nan,131,Left,Left,6466,337,364,32,nan,nan,0.81
9/21/2025 22:23:58,1.16.3,PRexp,14,3.89,nan,131,Left,Left,6467,337,364,32,nan,nan,0.11
9/21/2025 22:24:06,1.16.3,PRexp,14,3.89,nan,131,Left,Left,6468,337,364,32,nan,nan,0.11
9/21/2025 22:24:08,1.16.3,PRexp,14,3.89,nan,131,Left,Left,6469,337,364,32,nan,nan,0.00
9/21/2025 22:24:09,1.16.3,PRexp,14,3.89,nan,131,Left,Left,6470,337,364,32,nan,nan,0.53
9/21/2025 22:24:11,1.16.3,PRexp,14,3.89,nan,131,Left,Left,6471,337,364,32,nan,nan,0.34
9/21/2025 22:28:42,1.16.3,PRexp,14,3.89,nan,131,Left,Left,6472,337,364,32,nan,nan,0.48
9/21/2025 22:28:57,1.16.3,PRexp,14,3.89,nan,131,Left,Left,6473,337,364,32,nan,nan,0.08
9/21/2025 22:29:02,1.16.3,PRexp,14,3.90,nan,131,Left,Left,6474,337,364,32,nan,nan,0.06
9/21/2025 22:29:04,1.16.3,PRexp,14,3.89,nan,131,Left,Left,6475,337,364,32,nan,nan,0.66
9/21/2025 22:31:43,1.16.3,PRexp,14,3.89,nan,131,Right,Left,6475,338,364,32,nan,nan,0.02
9/21/2025 22:31:49,1.16.3,PRexp,14,3.89,nan,131,Left,Left,6476,338,364,32,nan,nan,0.04
9/21/2025 22:32:00,1.16.3,PRexp,14,3.89,nan,131,Left,Left,6477,338,364,32,nan,nan,0.54
9/21/2025 22:32:22,1.16.3,PRexp,14,3.89,nan,131,Left,Left,6478,338,364,32,nan,nan,0.05
9/21/2025 22:32:24,1.16.3,PRexp,14,3.89,nan,131,Left,Left,6479,338,364,32,nan,nan,0.07
9/21/2025 22:32:25,1.16.3,PRexp,14,3.89,nan,131,Left,Left,6480,338,364,32,nan,nan,0.38
9/21/2025 22:32:27,1.16.3,PRexp,14,3.89,nan,131,Left,Left,6481,338,364,32,nan,nan,0.02
9/21/2025 22:32:29,1.16.3,PRexp,14,3.89,nan,131,Left,Left,6482,338,364,32,nan,nan,0.54
9/21/2025 22:32:31,1.16.3,PRexp,14,3.89,nan,131,Left,Left,6483,338,364,32,nan,nan,0.51
9/21/2025 22:32:33,1.16.3,PRexp,14,3.89,nan,131,Left,Left,6484,338,364,32,nan,nan,0.03
9/21/2025 22:32:35,1.16.3,PRexp,14,3.89,nan,131,Left,Left,6485,338,364,32,nan,nan,0.00
9/21/2025 22:32:36,1.16.3,PRexp,14,3.89,nan,131,Left,Left,6486,338,364,32,nan,nan,0.01
9/21/2025 22:32:37,1.16.3,PRexp,14,3.89,nan,131,Left,Left,6487,338,364,32,nan,nan,0.36
9/21/2025 22:32:39,1.16.3,PRexp,14,3.89,nan,131,Left,Left,6488,338,364,32,nan,nan,0.12
9/21/2025 22:32:43,1.16.3,PRexp,14,3.89,nan,131,Left,Left,6489,338,364,32,nan,nan,0.65
9/21/2025 22:35:59,1.16.3,PRexp,14,3.89,nan,131,Left,Left,6490,338,364,32,nan,nan,0.04
9/21/2025 22:37:43,1.16.3,PRexp,14,3.89,nan,131,Left,Left,6491,338,364,32,nan,nan,0.02
9/21/2025 22:37:44,1.16.3,PRexp,14,3.89,nan,131,Left,Left,6492,338,364,32,nan,nan,0.04
9/21/2025 22:37:45,1.16.3,PRexp,14,3.89,nan,131,Left,Left,6493,338,364,32,nan,nan,0.10
9/21/2025 22:37:49,1.16.3,PRexp,14,3.89,nan,131,Left,Left,6494,338,364,32,nan,nan,0.01
9/21/2025 22:37:50,1.16.3,PRexp,14,3.89,nan,131,Left,Left,6495,338,364,32,nan,nan,0.10
9/21/2025 22:37:51,1.16.3,PRexp,14,3.89,nan,131,Left,Left,6496,338,364,32,nan,nan,0.17
9/21/2025 22:37:52,1.16.3,PRexp,14,3.90,nan,131,Left,Left,6497,338,364,32,nan,nan,0.01
9/21/2025 22:37:54,1.16.3,PRexp,14,3.89,nan,131,Left,Left,6498,338,364,32,nan,nan,0.14
9/21/2025 22:37:58,1.16.3,PRexp,14,3.89,nan,131,Left,Left,6499,338,364,32,nan,nan,0.15
9/21/2025 22:37:59,1.16.3,PRexp,14,3.89,nan,131,Left,Left,6500,338,364,32,nan,nan,0.02
9/21/2025 22:38:01,1.16.3,PRexp,14,3.89,nan,131,Left,Left,6501,338,364,32,nan,nan,1.02
9/21/2025 22:38:03,1.16.3,PRexp,14,3.89,nan,131,Left,Left,6502,338,364,32,nan,nan,0.02
9/21/2025 22:38:04,1.16.3,PRexp,14,3.89,nan,131,Left,Left,6503,338,364,32,nan,nan,0.24
9/21/2025 22:38:05,1.16.3,PRexp,14,3.89,nan,131,Left,Left,6504,338,364,32,nan,nan,0.48
9/21/2025 22:38:11,1.16.3,PRexp,14,3.89,nan,131,Left,Left,6505,338,364,32,nan,nan,0.03
9/21/2025 22:38:12,1.16.3,PRexp,14,3.89,nan,131,Left,Left,6506,338,364,32,nan,nan,0.11
9/21/2025 22:38:13,1.16.3,PRexp,14,3.89,nan,131,Left,Left,6507,338,364,32,nan,nan,0.12
9/21/2025 22:38:14,1.16.3,PRexp,14,3.89,nan,131,Left,Left,6508,338,364,32,nan,nan,0.00
9/21/2025 22:38:18,1.16.3,PRexp,14,3.89,nan,131,Left,Left,6509,338,364,32,nan,nan,0.12
9/21/2025 22:38:19,1.16.3,PRexp,14,3.89,nan,131,Left,Left,6510,338,364,32,nan,nan,0.14
9/21/2025 22:38:21,1.16.3,PRexp,14,3.89,nan,131,Left,Left,6511,338,364,32,nan,nan,0.15
9/21/2025 22:38:22,1.16.3,PRexp,14,3.89,nan,131,Left,Left,6512,338,364,32,nan,nan,0.00
9/21/2025 22:38:23,1.16.3,PRexp,14,3.89,nan,131,Left,Left,6513,338,364,32,nan,nan,0.00
9/21/2025 22:38:24,1.16.3,PRexp,14,3.89,nan,131,Left,Left,6514,338,364,32,nan,nan,0.00
9/21/2025 22:38:25,1.16.3,PRexp,14,3.89,nan,131,Left,Left,6515,338,364,32,nan,nan,0.00
9/21/2025 22:38:26,1.16.3,PRexp,14,3.89,nan,131,Left,Left,6516,338,364,32,nan,nan,0.20
9/21/2025 22:38:27,1.16.3,PRexp,14,3.89,nan,131,Left,Left,6517,338,364,32,nan,nan,0.45
9/21/2025 22:43:49,1.16.3,PRexp,14,3.89,nan,131,Left,Left,6518,338,364,32,nan,nan,0.02
9/21/2025 22:43:51,1.16.3,PRexp,14,3.89,nan,131,Left,Left,6519,338,364,32,nan,nan,0.02
9/21/2025 22:43:52,1.16.3,PRexp,14,3.89,nan,131,Left,Left,6520,338,364,32,nan,nan,0.15
9/21/2025 22:43:55,1.16.3,PRexp,14,3.89,nan,131,Left,Left,6521,338,364,32,nan,nan,0.10
9/21/2025 22:44:01,1.16.3,PRexp,14,3.89,nan,131,Left,Left,6522,338,364,32,nan,nan,0.52
9/21/2025 22:44:06,1.16.3,PRexp,14,3.89,nan,131,Left,Left,6523,338,364,32,nan,nan,0.52
9/21/2025 22:44:07,1.16.3,PRexp,14,3.89,nan,131,Left,Left,6524,338,364,32,nan,nan,0.30
9/21/2025 22:44:08,1.16.3,PRexp,14,3.89,nan,131,Left,Left,6525,338,364,32,nan,nan,0.28
9/21/2025 22:44:10,1.16.3,PRexp,14,3.89,nan,131,Left,Left,6526,338,364,32,nan,nan,0.52
9/21/2025 22:44:17,1.16.3,PRexp,14,3.89,nan,131,Left,Left,6527,338,364,32,nan,nan,0.12
9/21/2025 22:44:18,1.16.3,PRexp,14,3.89,nan,131,Left,Left,6528,338,364,32,nan,nan,0.08
9/21/2025 22:44:19,1.16.3,PRexp,14,3.89,nan,131,Left,Left,6529,338,364,32,nan,nan,0.10
9/21/2025 22:44:20,1.16.3,PRexp,14,3.89,nan,131,Left,Left,6530,338,364,32,nan,nan,0.00
9/21/2025 22:44:48,1.16.3,PRexp,14,3.89,nan,131,Left,Left,6531,338,364,32,nan,nan,0.10
9/21/2025 22:44:50,1.16.3,PRexp,14,3.89,nan,131,Left,Left,6532,338,364,32,nan,nan,0.17
9/21/2025 22:44:51,1.16.3,PRexp,14,3.89,nan,131,Left,Left,6533,338,364,32,nan,nan,0.36
9/21/2025 22:44:53,1.16.3,PRexp,14,3.89,nan,131,Left,Left,6534,338,364,32,nan,nan,0.15
9/21/2025 22:44:54,1.16.3,PRexp,14,3.89,2,131,Pellet,Left,6534,338,365,33,0.18,2832,nan
9/21/2025 22:49:33,1.16.3,PRexp,14,3.89,nan,145,Left,Left,6535,338,365,33,nan,nan,0.03
9/21/2025 22:49:35,1.16.3,PRexp,14,3.89,nan,145,Left,Left,6536,338,365,33,nan,nan,0.24
9/21/2025 22:49:37,1.16.3,PRexp,14,3.89,nan,145,Left,Left,6537,338,365,33,nan,nan,0.22
9/21/2025 22:49:38,1.16.3,PRexp,14,3.89,nan,145,Left,Left,6538,338,365,33,nan,nan,0.00
9/21/2025 22:50:58,1.16.3,PRexp,14,3.89,nan,145,Left,Left,6539,338,365,33,nan,nan,0.03
9/21/2025 22:51:02,1.16.3,PRexp,14,3.89,nan,145,Left,Left,6540,338,365,33,nan,nan,0.13
9/21/2025 22:51:03,1.16.3,PRexp,14,3.89,nan,145,Left,Left,6541,338,365,33,nan,nan,0.02
9/21/2025 22:51:08,1.16.3,PRexp,14,3.89,nan,145,Left,Left,6542,338,365,33,nan,nan,0.62
9/21/2025 22:51:09,1.16.3,PRexp,14,3.90,nan,145,Left,Left,6543,338,365,33,nan,nan,0.10
9/21/2025 22:51:13,1.16.3,PRexp,14,3.89,nan,145,Left,Left,6544,338,365,33,nan,nan,0.46
9/21/2025 22:51:15,1.16.3,PRexp,14,3.89,nan,145,Left,Left,6545,338,365,33,nan,nan,0.53
9/21/2025 22:51:18,1.16.3,PRexp,14,3.89,nan,145,Left,Left,6546,338,365,33,nan,nan,0.06
9/21/2025 22:53:22,1.16.3,PRexp,14,3.89,nan,145,Left,Left,6547,338,365,33,nan,nan,0.03
9/21/2025 22:54:59,1.16.3,PRexp,14,3.89,nan,145,Left,Left,6548,338,365,33,nan,nan,0.05
9/21/2025 22:55:01,1.16.3,PRexp,14,3.89,nan,145,Left,Left,6549,338,365,33,nan,nan,0.38
9/21/2025 22:55:03,1.16.3,PRexp,14,3.89,nan,145,Left,Left,6550,338,365,33,nan,nan,0.09
9/21/2025 22:55:04,1.16.3,PRexp,14,3.89,nan,145,Left,Left,6551,338,365,33,nan,nan,0.04
9/21/2025 22:55:05,1.16.3,PRexp,14,3.89,nan,145,Left,Left,6552,338,365,33,nan,nan,0.00
9/21/2025 22:55:07,1.16.3,PRexp,14,3.89,nan,145,Left,Left,6553,338,365,33,nan,nan,0.33
9/21/2025 22:58:13,1.16.3,PRexp,14,3.89,nan,145,Left,Left,6554,338,365,33,nan,nan,0.06
9/21/2025 22:58:14,1.16.3,PRexp,14,3.90,nan,145,Left,Left,6555,338,365,33,nan,nan,0.04
9/21/2025 22:58:15,1.16.3,PRexp,14,3.89,nan,145,Left,Left,6556,338,365,33,nan,nan,0.49
9/21/2025 22:58:16,1.16.3,PRexp,14,3.89,nan,145,Left,Left,6557,338,365,33,nan,nan,0.09
9/21/2025 22:58:18,1.16.3,PRexp,14,3.89,nan,145,Left,Left,6558,338,365,33,nan,nan,0.03
9/21/2025 22:58:27,1.16.3,PRexp,14,3.89,nan,145,Left,Left,6559,338,365,33,nan,nan,0.10
9/21/2025 23:01:54,1.16.3,PRexp,14,3.89,nan,145,Left,Left,6560,338,365,33,nan,nan,0.27
9/21/2025 23:02:10,1.16.3,PRexp,14,3.89,nan,145,Left,Left,6561,338,365,33,nan,nan,0.11
9/21/2025 23:02:13,1.16.3,PRexp,14,3.89,nan,145,Left,Left,6562,338,365,33,nan,nan,0.06
9/21/2025 23:02:15,1.16.3,PRexp,14,3.89,nan,145,Left,Left,6563,338,365,33,nan,nan,0.00
9/21/2025 23:02:16,1.16.3,PRexp,14,3.89,nan,145,Left,Left,6564,338,365,33,nan,nan,0.61
9/21/2025 23:02:19,1.16.3,PRexp,14,3.89,nan,145,Left,Left,6565,338,365,33,nan,nan,0.24
9/21/2025 23:02:20,1.16.3,PRexp,14,3.89,nan,145,Left,Left,6566,338,365,33,nan,nan,0.48
9/21/2025 23:02:28,1.16.3,PRexp,14,3.89,nan,145,Left,Left,6567,338,365,33,nan,nan,0.09
9/21/2025 23:02:31,1.16.3,PRexp,14,3.89,nan,145,Left,Left,6568,338,365,33,nan,nan,0.10
9/21/2025 23:02:33,1.16.3,PRexp,14,3.89,nan,145,Left,Left,6569,338,365,33,nan,nan,0.00
9/21/2025 23:02:34,1.16.3,PRexp,14,3.89,nan,145,Left,Left,6570,338,365,33,nan,nan,0.00
9/21/2025 23:02:35,1.16.3,PRexp,14,3.89,nan,145,Left,Left,6571,338,365,33,nan,nan,0.00
9/21/2025 23:02:36,1.16.3,PRexp,14,3.89,nan,145,Left,Left,6572,338,365,33,nan,nan,0.01
9/21/2025 23:02:38,1.16.3,PRexp,14,3.89,nan,145,Left,Left,6573,338,365,33,nan,nan,0.48
9/21/2025 23:02:40,1.16.3,PRexp,14,3.89,nan,145,Left,Left,6574,338,365,33,nan,nan,0.00
9/21/2025 23:02:45,1.16.3,PRexp,14,3.89,nan,145,Left,Left,6575,338,365,33,nan,nan,0.13
9/21/2025 23:02:47,1.16.3,PRexp,14,3.89,nan,145,Left,Left,6576,338,365,33,nan,nan,0.77
9/21/2025 23:02:48,1.16.3,PRexp,14,3.89,nan,145,Left,Left,6577,338,365,33,nan,nan,0.02
9/21/2025 23:02:50,1.16.3,PRexp,14,3.89,nan,145,Left,Left,6578,338,365,33,nan,nan,0.57
9/21/2025 23:02:51,1.16.3,PRexp,14,3.89,nan,145,Left,Left,6579,338,365,33,nan,nan,0.56
9/21/2025 23:04:31,1.16.3,PRexp,14,3.89,nan,145,Right,Left,6579,339,365,33,nan,nan,0.14
9/21/2025 23:04:35,1.16.3,PRexp,14,3.89,nan,145,Left,Left,6580,339,365,33,nan,nan,0.08
9/21/2025 23:04:37,1.16.3,PRexp,14,3.89,nan,145,Left,Left,6581,339,365,33,nan,nan,0.01
9/21/2025 23:04:38,1.16.3,PRexp,14,3.89,nan,145,Left,Left,6582,339,365,33,nan,nan,0.00
9/21/2025 23:04:39,1.16.3,PRexp,14,3.89,nan,145,Left,Left,6583,339,365,33,nan,nan,0.00
9/21/2025 23:04:40,1.16.3,PRexp,14,3.89,nan,145,Left,Left,6584,339,365,33,nan,nan,0.12
9/21/2025 23:09:40,1.16.3,PRexp,14,3.89,nan,145,Left,Left,6585,339,365,33,nan,nan,0.04
9/21/2025 23:09:42,1.16.3,PRexp,14,3.89,nan,145,Left,Left,6586,339,365,33,nan,nan,0.63
9/21/2025 23:09:44,1.16.3,PRexp,14,3.89,nan,145,Left,Left,6587,339,365,33,nan,nan,0.04
9/21/2025 23:09:46,1.16.3,PRexp,14,3.89,nan,145,Left,Left,6588,339,365,33,nan,nan,0.98
9/21/2025 23:09:48,1.16.3,PRexp,14,3.89,nan,145,Left,Left,6589,339,365,33,nan,nan,1.00
9/21/2025 23:09:50,1.16.3,PRexp,14,3.89,nan,145,Left,Left,6590,339,365,33,nan,nan,0.11
9/21/2025 23:09:52,1.16.3,PRexp,14,3.89,nan,145,Left,Left,6591,339,365,33,nan,nan,0.07
9/21/2025 23:09:55,1.16.3,PRexp,14,3.89,nan,145,Left,Left,6592,339,365,33,nan,nan,0.17
9/21/2025 23:10:06,1.16.3,PRexp,14,3.89,nan,145,Left,Left,6593,339,365,33,nan,nan,0.08
9/21/2025 23:10:08,1.16.3,PRexp,14,3.89,nan,145,Left,Left,6594,339,365,33,nan,nan,0.10
9/21/2025 23:10:15,1.16.3,PRexp,14,3.89,nan,145,Left,Left,6595,339,365,33,nan,nan,0.09
9/21/2025 23:10:20,1.16.3,PRexp,14,3.89,nan,145,Left,Left,6596,339,365,33,nan,nan,1.51
9/21/2025 23:10:22,1.16.3,PRexp,14,3.89,nan,145,Left,Left,6597,339,365,33,nan,nan,0.70
9/21/2025 23:11:11,1.16.3,PRexp,14,3.89,nan,145,Right,Left,6597,340,365,33,nan,nan,0.15
9/21/2025 23:11:15,1.16.3,PRexp,14,3.89,nan,145,Left,Left,6598,340,365,33,nan,nan,0.05
9/21/2025 23:11:19,1.16.3,PRexp,14,3.89,nan,145,Left,Left,6599,340,365,33,nan,nan,0.68
9/21/2025 23:11:20,1.16.3,PRexp,14,3.89,nan,145,Left,Left,6600,340,365,33,nan,nan,0.00
9/21/2025 23:11:22,1.16.3,PRexp,14,3.89,nan,145,Left,Left,6601,340,365,33,nan,nan,0.52
9/21/2025 23:11:23,1.16.3,PRexp,14,3.89,nan,145,Left,Left,6602,340,365,33,nan,nan,0.00
9/21/2025 23:11:25,1.16.3,PRexp,14,3.89,nan,145,Left,Left,6603,340,365,33,nan,nan,0.21
9/21/2025 23:11:27,1.16.3,PRexp,14,3.89,nan,145,Left,Left,6604,340,365,33,nan,nan,0.62
9/21/2025 23:11:29,1.16.3,PRexp,14,3.89,nan,145,Left,Left,6605,340,365,33,nan,nan,0.21
9/21/2025 23:11:31,1.16.3,PRexp,14,3.89,nan,145,Left,Left,6606,340,365,33,nan,nan,0.29
9/21/2025 23:11:32,1.16.3,PRexp,14,3.89,nan,145,Left,Left,6607,340,365,33,nan,nan,0.00
9/21/2025 23:11:33,1.16.3,PRexp,14,3.89,nan,145,Left,Left,6608,340,365,33,nan,nan,0.15
9/21/2025 23:11:34,1.16.3,PRexp,14,3.89,nan,145,Left,Left,6609,340,365,33,nan,nan,0.44
9/21/2025 23:11:36,1.16.3,PRexp,14,3.89,nan,145,Left,Left,6610,340,365,33,nan,nan,0.24
9/21/2025 23:12:56,1.16.3,PRexp,14,3.89,nan,145,Right,Left,6610,341,365,33,nan,nan,0.06
9/21/2025 23:14:46,1.16.3,PRexp,14,3.89,nan,145,Left,Left,6611,341,365,33,nan,nan,0.03
9/21/2025 23:14:47,1.16.3,PRexp,14,3.89,nan,145,Left,Left,6612,341,365,33,nan,nan,0.59
9/21/2025 23:14:50,1.16.3,PRexp,14,3.89,nan,145,Left,Left,6613,341,365,33,nan,nan,0.61
9/21/2025 23:14:51,1.16.3,PRexp,14,3.89,nan,145,Left,Left,6614,341,365,33,nan,nan,0.61
9/21/2025 23:14:53,1.16.3,PRexp,14,3.89,nan,145,Left,Left,6615,341,365,33,nan,nan,0.26
9/21/2025 23:14:54,1.16.3,PRexp,14,3.89,nan,145,Left,Left,6616,341,365,33,nan,nan,0.68
9/21/2025 23:14:56,1.16.3,PRexp,14,3.89,nan,145,Left,Left,6617,341,365,33,nan,nan,0.44
9/21/2025 23:14:58,1.16.3,PRexp,14,3.89,nan,145,Left,Left,6618,341,365,33,nan,nan,0.02
9/21/2025 23:15:04,1.16.3,PRexp,14,3.89,nan,145,Left,Left,6619,341,365,33,nan,nan,0.07
9/21/2025 23:15:07,1.16.3,PRexp,14,3.89,nan,145,Left,Left,6620,341,365,33,nan,nan,0.12
9/21/2025 23:15:15,1.16.3,PRexp,14,3.89,nan,145,Left,Left,6621,341,365,33,nan,nan,0.02
9/21/2025 23:15:16,1.16.3,PRexp,14,3.89,nan,145,Left,Left,6622,341,365,33,nan,nan,0.10
9/21/2025 23:15:18,1.16.3,PRexp,14,3.89,nan,145,Left,Left,6623,341,365,33,nan,nan,0.07
9/21/2025 23:15:21,1.16.3,PRexp,14,3.89,nan,145,Left,Left,6624,341,365,33,nan,nan,0.56
9/21/2025 23:15:24,1.16.3,PRexp,14,3.89,nan,145,Left,Left,6625,341,365,33,nan,nan,0.97
9/21/2025 23:21:32,1.16.3,PRexp,14,3.89,nan,145,Left,Left,6626,341,365,33,nan,nan,0.20
9/21/2025 23:21:34,1.16.3,PRexp,14,3.89,nan,145,Left,Left,6627,341,365,33,nan,nan,0.06
9/21/2025 23:21:35,1.16.3,PRexp,14,3.89,nan,145,Left,Left,6628,341,365,33,nan,nan,0.03
9/21/2025 23:21:43,1.16.3,PRexp,14,3.89,nan,145,Left,Left,6629,341,365,33,nan,nan,0.24
9/21/2025 23:21:44,1.16.3,PRexp,14,3.89,nan,145,Left,Left,6630,341,365,33,nan,nan,0.03
9/21/2025 23:21:47,1.16.3,PRexp,14,3.89,nan,145,Left,Left,6631,341,365,33,nan,nan,0.05
9/21/2025 23:21:48,1.16.3,PRexp,14,3.89,nan,145,Left,Left,6632,341,365,33,nan,nan,0.25
9/21/2025 23:21:56,1.16.3,PRexp,14,3.89,nan,145,Left,Left,6633,341,365,33,nan,nan,0.09
9/21/2025 23:21:58,1.16.3,PRexp,14,3.89,nan,145,Left,Left,6634,341,365,33,nan,nan,0.20
9/21/2025 23:22:00,1.16.3,PRexp,14,3.89,nan,145,Left,Left,6635,341,365,33,nan,nan,0.41
9/21/2025 23:22:02,1.16.3,PRexp,14,3.89,nan,145,Left,Left,6636,341,365,33,nan,nan,0.95
9/21/2025 23:22:05,1.16.3,PRexp,14,3.89,nan,145,Left,Left,6637,341,365,33,nan,nan,0.53
9/21/2025 23:22:07,1.16.3,PRexp,14,3.89,nan,145,Left,Left,6638,341,365,33,nan,nan,0.92
9/21/2025 23:30:34,1.16.3,PRexp,14,3.89,nan,145,Left,Left,6639,341,365,33,nan,nan,0.06
9/21/2025 23:30:38,1.16.3,PRexp,14,3.89,nan,145,Left,Left,6640,341,365,33,nan,nan,0.86
9/21/2025 23:30:39,1.16.3,PRexp,14,3.89,nan,145,Left,Left,6641,341,365,33,nan,nan,0.08
9/21/2025 23:30:42,1.16.3,PRexp,14,3.89,nan,145,Left,Left,6642,341,365,33,nan,nan,0.94
9/21/2025 23:30:43,1.16.3,PRexp,14,3.90,nan,145,Left,Left,6643,341,365,33,nan,nan,0.00
9/21/2025 23:30:45,1.16.3,PRexp,14,3.89,nan,145,Left,Left,6644,341,365,33,nan,nan,0.42
9/21/2025 23:30:48,1.16.3,PRexp,14,3.89,nan,145,Left,Left,6645,341,365,33,nan,nan,0.54
9/21/2025 23:30:50,1.16.3,PRexp,14,3.89,nan,145,Left,Left,6646,341,365,33,nan,nan,0.47
9/21/2025 23:30:52,1.16.3,PRexp,14,3.89,nan,145,Left,Left,6647,341,365,33,nan,nan,0.37
9/21/2025 23:30:53,1.16.3,PRexp,14,3.89,nan,145,Left,Left,6648,341,365,33,nan,nan,0.54
9/21/2025 23:30:56,1.16.3,PRexp,14,3.89,nan,145,Left,Left,6649,341,365,33,nan,nan,0.79
9/21/2025 23:30:57,1.16.3,PRexp,14,3.89,nan,145,Left,Left,6650,341,365,33,nan,nan,0.53
9/21/2025 23:31:00,1.16.3,PRexp,14,3.89,nan,145,Left,Left,6651,341,365,33,nan,nan,0.77
9/21/2025 23:31:01,1.16.3,PRexp,14,3.89,nan,145,Left,Left,6652,341,365,33,nan,nan,0.00
9/21/2025 23:31:04,1.16.3,PRexp,14,3.89,nan,145,Left,Left,6653,341,365,33,nan,nan,1.24
9/21/2025 23:31:06,1.16.3,PRexp,14,3.88,nan,145,Left,Left,6654,341,365,33,nan,nan,0.39
9/21/2025 23:31:09,1.16.3,PRexp,14,3.89,nan,145,Left,Left,6655,341,365,33,nan,nan,1.79
9/21/2025 23:31:11,1.16.3,PRexp,14,3.89,nan,145,Left,Left,6656,341,365,33,nan,nan,0.71
9/21/2025 23:31:16,1.16.3,PRexp,14,3.89,nan,145,Left,Left,6657,341,365,33,nan,nan,0.80
9/21/2025 23:31:18,1.16.3,PRexp,14,3.89,nan,145,Left,Left,6658,341,365,33,nan,nan,0.42
9/21/2025 23:31:22,1.16.3,PRexp,14,3.89,nan,145,Left,Left,6659,341,365,33,nan,nan,0.96
9/21/2025 23:31:24,1.16.3,PRexp,14,3.89,nan,145,Left,Left,6660,341,365,33,nan,nan,1.10
9/21/2025 23:31:28,1.16.3,PRexp,14,3.89,nan,145,Left,Left,6661,341,365,33,nan,nan,0.26
9/21/2025 23:31:31,1.16.3,PRexp,14,3.89,nan,145,Left,Left,6662,341,365,33,nan,nan,0.00
9/21/2025 23:31:35,1.16.3,PRexp,14,3.89,nan,145,Left,Left,6663,341,365,33,nan,nan,0.37
9/21/2025 23:51:48,1.16.3,PRexp,14,3.89,nan,145,Left,Left,6664,341,365,33,nan,nan,0.41
9/21/2025 23:51:50,1.16.3,PRexp,14,3.89,nan,145,Left,Left,6665,341,365,33,nan,nan,0.10
9/21/2025 23:51:57,1.16.3,PRexp,14,3.89,nan,145,Left,Left,6666,341,365,33,nan,nan,0.05
9/21/2025 23:51:58,1.16.3,PRexp,14,3.89,nan,145,Left,Left,6667,341,365,33,nan,nan,0.37
9/21/2025 23:52:05,1.16.3,PRexp,14,3.89,nan,145,Left,Left,6668,341,365,33,nan,nan,0.00
9/21/2025 23:52:08,1.16.3,PRexp,14,3.89,nan,145,Left,Left,6669,341,365,33,nan,nan,0.15
9/21/2025 23:52:15,1.16.3,PRexp,14,3.89,nan,145,Left,Left,6670,341,365,33,nan,nan,0.05
9/21/2025 23:52:18,1.16.3,PRexp,14,3.89,nan,145,Left,Left,6671,341,365,33,nan,nan,0.53
9/21/2025 23:52:19,1.16.3,PRexp,14,3.89,nan,145,Left,Left,6672,341,365,33,nan,nan,0.32
9/21/2025 23:52:26,1.16.3,PRexp,14,3.89,nan,145,Left,Left,6673,341,365,33,nan,nan,0.86
9/21/2025 23:52:29,1.16.3,PRexp,14,3.89,nan,145,Left,Left,6674,341,365,33,nan,nan,1.11
9/21/2025 23:52:38,1.16.3,PRexp,14,3.89,nan,145,Left,Left,6675,341,365,33,nan,nan,0.03
9/21/2025 23:52:39,1.16.3,PRexp,14,3.89,nan,145,Left,Left,6676,341,365,33,nan,nan,0.00
9/21/2025 23:52:42,1.16.3,PRexp,14,3.89,nan,145,Left,Left,6677,341,365,33,nan,nan,0.03
9/21/2025 23:52:47,1.16.3,PRexp,14,3.89,nan,145,Left,Left,6678,341,365,33,nan,nan,0.41
9/21/2025 23:52:52,1.16.3,PRexp,14,3.89,nan,145,Left,Left,6679,341,365,33,nan,nan,0.41
9/21/2025 23:52:54,1.16.3,PRexp,14,3.89,1,145,Pellet,Left,6679,341,366,34,0.98,4080,nan
9/21/2025 23:53:58,1.16.3,PRexp,14,3.89,nan,161,Left,Left,6680,341,366,34,nan,nan,0.57
9/21/2025 23:54:02,1.16.3,PRexp,14,3.89,nan,161,Left,Left,6681,341,366,34,nan,nan,0.04
9/21/2025 23:54:10,1.16.3,PRexp,14,3.89,nan,161,Left,Left,6682,341,366,34,nan,nan,0.32
9/21/2025 23:54:11,1.16.3,PRexp,14,3.89,nan,161,Left,Left,6683,341,366,34,nan,nan,0.07
9/21/2025 23:54:12,1.16.3,PRexp,14,3.89,nan,161,Left,Left,6684,341,366,34,nan,nan,0.00
9/21/2025 23:54:15,1.16.3,PRexp,14,3.89,nan,161,Left,Left,6685,341,366,34,nan,nan,0.47
9/21/2025 23:54:16,1.16.3,PRexp,14,3.89,nan,161,Left,Left,6686,341,366,34,nan,nan,0.01
9/21/2025 23:54:22,1.16.3,PRexp,14,3.89,nan,161,Left,Left,6687,341,366,34,nan,nan,0.61
9/21/2025 23:54:25,1.16.3,PRexp,14,3.89,nan,161,Left,Left,6688,341,366,34,nan,nan,1.52
9/21/2025 23:54:33,1.16.3,PRexp,14,3.89,nan,161,Left,Left,6689,341,366,34,nan,nan,0.13
9/21/2025 23:54:36,1.16.3,PRexp,14,3.89,nan,161,Left,Left,6690,341,366,34,nan,nan,0.67
9/21/2025 23:54:43,1.16.3,PRexp,14,3.89,nan,161,Left,Left,6691,341,366,34,nan,nan,1.10
9/21/2025 23:54:50,1.16.3,PRexp,14,3.89,nan,161,Left,Left,6692,341,366,34,nan,nan,0.69
9/21/2025 23:54:52,1.16.3,PRexp,14,3.89,nan,161,Left,Left,6693,341,366,34,nan,nan,1.16
9/21/2025 23:54:54,1.16.3,PRexp,14,3.89,nan,161,Left,Left,6694,341,366,34,nan,nan,1.94
9/21/2025 23:54:58,1.16.3,PRexp,14,3.89,nan,161,Left,Left,6695,341,366,34,nan,nan,0.67
9/21/2025 23:55:02,1.16.3,PRexp,14,3.89,nan,161,Left,Left,6696,341,366,34,nan,nan,2.86
9/21/2025 23:55:08,1.16.3,PRexp,14,3.89,nan,161,Left,Left,6697,341,366,34,nan,nan,0.07
9/21/2025 23:55:13,1.16.3,PRexp,14,3.89,nan,161,Left,Left,6698,341,366,34,nan,nan,0.03
9/21/2025 23:55:16,1.16.3,PRexp,14,3.89,nan,161,Left,Left,6699,341,366,34,nan,nan,0.02
9/21/2025 23:55:55,1.16.3,PRexp,14,3.89,nan,161,Left,Left,6700,341,366,34,nan,nan,0.14
9/21/2025 23:55:59,1.16.3,PRexp,14,3.89,nan,161,Left,Left,6701,341,366,34,nan,nan,0.07
9/22/2025 0:13:04,1.16.3,PRexp,14,3.89,nan,161,Left,Left,6702,341,366,34,nan,nan,0.03
9/22/2025 0:13:06,1.16.3,PRexp,14,3.89,nan,161,Left,Left,6703,341,366,34,nan,nan,0.41
9/22/2025 0:13:08,1.16.3,PRexp,14,3.89,nan,161,Left,Left,6704,341,366,34,nan,nan,0.15
9/22/2025 0:13:19,1.16.3,PRexp,14,3.89,nan,161,Left,Left,6705,341,366,34,nan,nan,0.02
9/22/2025 0:13:23,1.16.3,PRexp,14,3.89,nan,161,Left,Left,6706,341,366,34,nan,nan,0.93
9/22/2025 0:13:26,1.16.3,PRexp,14,3.89,nan,161,Left,Left,6707,341,366,34,nan,nan,1.39
9/22/2025 0:13:27,1.16.3,PRexp,14,3.89,nan,161,Left,Left,6708,341,366,34,nan,nan,0.00
9/22/2025 0:13:30,1.16.3,PRexp,14,3.89,nan,161,Left,Left,6709,341,366,34,nan,nan,0.09
9/22/2025 0:13:32,1.16.3,PRexp,14,3.89,nan,161,Left,Left,6710,341,366,34,nan,nan,1.13
9/22/2025 0:13:33,1.16.3,PRexp,14,3.89,nan,161,Left,Left,6711,341,366,34,nan,nan,0.04
9/22/2025 0:13:34,1.16.3,PRexp,14,3.89,nan,161,Left,Left,6712,341,366,34,nan,nan,0.03
9/22/2025 0:13:38,1.16.3,PRexp,14,3.89,nan,161,Left,Left,6713,341,366,34,nan,nan,1.36
9/22/2025 0:13:40,1.16.3,PRexp,14,3.89,nan,161,Left,Left,6714,341,366,34,nan,nan,0.07
9/22/2025 0:13:43,1.16.3,PRexp,14,3.89,nan,161,Left,Left,6715,341,366,34,nan,nan,0.26
9/22/2025 0:13:49,1.16.3,PRexp,14,3.89,nan,161,Left,Left,6716,341,366,34,nan,nan,0.02
9/22/2025 0:13:54,1.16.3,PRexp,14,3.89,nan,161,Left,Left,6717,341,366,34,nan,nan,0.10
9/22/2025 0:13:59,1.16.3,PRexp,14,3.89,nan,161,Left,Left,6718,341,366,34,nan,nan,0.15
9/22/2025 0:14:00,1.16.3,PRexp,14,3.89,nan,161,Left,Left,6719,341,366,34,nan,nan,0.05
9/22/2025 0:14:01,1.16.3,PRexp,14,3.89,nan,161,Left,Left,6720,341,366,34,nan,nan,0.03
9/22/2025 0:14:02,1.16.3,PRexp,14,3.89,nan,161,Left,Left,6721,341,366,34,nan,nan,0.80
9/22/2025 0:14:06,1.16.3,PRexp,14,3.89,nan,161,Left,Left,6722,341,366,34,nan,nan,0.40
9/22/2025 0:14:08,1.16.3,PRexp,14,3.89,nan,161,Left,Left,6723,341,366,34,nan,nan,0.47
9/22/2025 0:14:09,1.16.3,PRexp,14,3.89,nan,161,Left,Left,6724,341,366,34,nan,nan,0.02
9/22/2025 0:14:12,1.16.3,PRexp,14,3.89,nan,161,Left,Left,6725,341,366,34,nan,nan,0.02
9/22/2025 0:14:13,1.16.3,PRexp,14,3.89,nan,161,Left,Left,6726,341,366,34,nan,nan,0.05
9/22/2025 0:14:15,1.16.3,PRexp,14,3.89,nan,161,Left,Left,6727,341,366,34,nan,nan,0.07
9/22/2025 0:14:16,1.16.3,PRexp,14,3.89,nan,161,Left,Left,6728,341,366,34,nan,nan,0.21
9/22/2025 0:14:24,1.16.3,PRexp,14,3.89,nan,161,Left,Left,6729,341,366,34,nan,nan,0.40
9/22/2025 0:14:30,1.16.3,PRexp,14,3.89,nan,161,Left,Left,6730,341,366,34,nan,nan,0.51
9/22/2025 0:14:32,1.16.3,PRexp,14,3.89,nan,161,Left,Left,6731,341,366,34,nan,nan,0.33
9/22/2025 0:14:39,1.16.3,PRexp,14,3.89,nan,161,Left,Left,6732,341,366,34,nan,nan,1.08
9/22/2025 0:14:43,1.16.3,PRexp,14,3.89,nan,161,Left,Left,6733,341,366,34,nan,nan,0.00
9/22/2025 0:14:45,1.16.3,PRexp,14,3.89,nan,161,Left,Left,6734,341,366,34,nan,nan,0.79
9/22/2025 0:14:50,1.16.3,PRexp,14,3.89,nan,161,Left,Left,6735,341,366,34,nan,nan,0.02
9/22/2025 0:14:52,1.16.3,PRexp,14,3.90,nan,161,Left,Left,6736,341,366,34,nan,nan,0.01
9/22/2025 0:14:53,1.16.3,PRexp,14,3.89,nan,161,Left,Left,6737,341,366,34,nan,nan,0.01
9/22/2025 0:14:59,1.16.3,PRexp,14,3.89,nan,161,Left,Left,6738,341,366,34,nan,nan,0.98
9/22/2025 0:15:01,1.16.3,PRexp,14,3.89,nan,161,Left,Left,6739,341,366,34,nan,nan,0.67
9/22/2025 0:15:05,1.16.3,PRexp,14,3.89,nan,161,Left,Left,6740,341,366,34,nan,nan,0.03
9/22/2025 0:15:09,1.16.3,PRexp,14,3.89,nan,161,Left,Left,6741,341,366,34,nan,nan,2.32
9/22/2025 0:20:47,1.16.3,PRexp,14,3.89,nan,161,Left,Left,6742,341,366,34,nan,nan,0.11
9/22/2025 0:20:49,1.16.3,PRexp,14,3.89,nan,161,Left,Left,6743,341,366,34,nan,nan,0.52
9/22/2025 0:20:52,1.16.3,PRexp,14,3.89,nan,161,Left,Left,6744,341,366,34,nan,nan,0.60
9/22/2025 0:20:55,1.16.3,PRexp,14,3.89,nan,161,Left,Left,6745,341,366,34,nan,nan,1.16
9/22/2025 0:20:57,1.16.3,PRexp,14,3.89,nan,161,Left,Left,6746,341,366,34,nan,nan,0.18
9/22/2025 0:23:06,1.16.3,PRexp,14,3.89,nan,161,Left,Left,6747,341,366,34,nan,nan,0.03
9/22/2025 0:23:26,1.16.3,PRexp,14,3.89,nan,161,Left,Left,6748,341,366,34,nan,nan,0.05
9/22/2025 0:24:13,1.16.3,PRexp,14,3.89,nan,161,Left,Left,6749,341,366,34,nan,nan,0.11
9/22/2025 0:27:40,1.16.3,PRexp,14,3.89,nan,161,Left,Left,6750,341,366,34,nan,nan,40.02
9/22/2025 0:29:08,1.16.3,PRexp,14,3.89,nan,161,Left,Left,6751,341,366,34,nan,nan,0.03
9/22/2025 0:52:36,1.16.3,PRexp,14,3.89,nan,161,Left,Left,6752,341,366,34,nan,nan,0.51
9/22/2025 0:52:50,1.16.3,PRexp,14,3.89,nan,161,Left,Left,6753,341,366,34,nan,nan,0.02
9/22/2025 0:54:12,1.16.3,PRexp,14,3.89,nan,161,Left,Left,6754,341,366,34,nan,nan,0.02
9/22/2025 0:54:22,1.16.3,PRexp,14,3.89,nan,161,Left,Left,6755,341,366,34,nan,nan,2.23
9/22/2025 0:54:26,1.16.3,PRexp,14,3.89,nan,161,Left,Left,6756,341,366,34,nan,nan,0.02
9/22/2025 0:54:29,1.16.3,PRexp,14,3.89,nan,161,Left,Left,6757,341,366,34,nan,nan,0.05
9/22/2025 0:54:35,1.16.3,PRexp,14,3.89,nan,161,Left,Left,6758,341,366,34,nan,nan,3.50
9/22/2025 0:54:41,1.16.3,PRexp,14,3.89,nan,161,Left,Left,6759,341,366,34,nan,nan,4.21
9/22/2025 0:54:47,1.16.3,PRexp,14,3.89,nan,161,Left,Left,6760,341,366,34,nan,nan,0.73
9/22/2025 0:54:49,1.16.3,PRexp,14,3.89,nan,161,Left,Left,6761,341,366,34,nan,nan,0.09
9/22/2025 0:54:58,1.16.3,PRexp,14,3.89,nan,161,Left,Left,6762,341,366,34,nan,nan,0.02
9/22/2025 0:55:01,1.16.3,PRexp,14,3.89,nan,161,Left,Left,6763,341,366,34,nan,nan,1.19
9/22/2025 0:55:08,1.16.3,PRexp,14,3.89,nan,161,Left,Left,6764,341,366,34,nan,nan,1.11
9/22/2025 0:55:13,1.16.3,PRexp,14,3.89,nan,161,Left,Left,6765,341,366,34,nan,nan,3.82
9/22/2025 0:55:14,1.16.3,PRexp,14,3.89,nan,161,Left,Left,6766,341,366,34,nan,nan,0.04
9/22/2025 0:55:18,1.16.3,PRexp,14,3.89,nan,161,Left,Left,6767,341,366,34,nan,nan,0.13
9/22/2025 0:55:20,1.16.3,PRexp,14,3.89,nan,161,Left,Left,6768,341,366,34,nan,nan,0.11
9/22/2025 0:55:26,1.16.3,PRexp,14,3.89,nan,161,Left,Left,6769,341,366,34,nan,nan,0.02
9/22/2025 0:55:33,1.16.3,PRexp,14,3.89,nan,161,Left,Left,6770,341,366,34,nan,nan,0.14
9/22/2025 0:55:36,1.16.3,PRexp,14,3.89,nan,161,Left,Left,6771,341,366,34,nan,nan,1.50
9/22/2025 0:55:36,1.16.3,PRexp,14,3.89,nan,161,Left,Left,6772,341,366,34,nan,nan,0.04
9/22/2025 0:55:41,1.16.3,PRexp,14,3.89,nan,161,Left,Left,6773,341,366,34,nan,nan,0.02
9/22/2025 0:55:42,1.16.3,PRexp,14,3.89,nan,161,Left,Left,6774,341,366,34,nan,nan,0.00
9/22/2025 0:55:44,1.16.3,PRexp,14,3.89,nan,161,Left,Left,6775,341,366,34,nan,nan,0.00
9/22/2025 0:55:45,1.16.3,PRexp,14,3.89,nan,161,Left,Left,6776,341,366,34,nan,nan,0.03
9/22/2025 0:55:47,1.16.3,PRexp,14,3.89,nan,161,Left,Left,6777,341,366,34,nan,nan,0.03
9/22/2025 0:55:48,1.16.3,PRexp,14,3.89,nan,161,Left,Left,6778,341,366,34,nan,nan,0.02
9/22/2025 0:55:50,1.16.3,PRexp,14,3.89,nan,161,Left,Left,6779,341,366,34,nan,nan,0.05
9/22/2025 0:55:54,1.16.3,PRexp,14,3.89,nan,161,Left,Left,6780,341,366,34,nan,nan,1.51
9/22/2025 0:55:56,1.16.3,PRexp,14,3.89,nan,161,Left,Left,6781,341,366,34,nan,nan,0.02
9/22/2025 0:56:00,1.16.3,PRexp,14,3.89,nan,161,Left,Left,6782,341,366,34,nan,nan,0.01
9/22/2025 0:56:02,1.16.3,PRexp,14,3.89,nan,161,Left,Left,6783,341,366,34,nan,nan,0.38
9/22/2025 0:56:03,1.16.3,PRexp,14,3.89,nan,161,Left,Left,6784,341,366,34,nan,nan,0.04
9/22/2025 0:56:05,1.16.3,PRexp,14,3.89,nan,161,Left,Left,6785,341,366,34,nan,nan,0.47
9/22/2025 0:56:10,1.16.3,PRexp,14,3.89,nan,161,Left,Left,6786,341,366,34,nan,nan,0.84
9/22/2025 0:56:12,1.16.3,PRexp,14,3.89,nan,161,Left,Left,6787,341,366,34,nan,nan,0.02
9/22/2025 0:56:13,1.16.3,PRexp,14,3.89,nan,161,Left,Left,6788,341,366,34,nan,nan,0.00
9/22/2025 0:56:16,1.16.3,PRexp,14,3.89,nan,161,Left,Left,6789,341,366,34,nan,nan,0.41
9/22/2025 0:56:20,1.16.3,PRexp,14,3.89,nan,161,Left,Left,6790,341,366,34,nan,nan,0.06
9/22/2025 0:56:21,1.16.3,PRexp,14,3.89,nan,161,Left,Left,6791,341,366,34,nan,nan,0.00
9/22/2025 0:56:23,1.16.3,PRexp,14,3.89,nan,161,Left,Left,6792,341,366,34,nan,nan,0.15
9/22/2025 0:56:25,1.16.3,PRexp,14,3.89,nan,161,Left,Left,6793,341,366,34,nan,nan,0.32
9/22/2025 0:56:28,1.16.3,PRexp,14,3.89,nan,161,Left,Left,6794,341,366,34,nan,nan,0.02
9/22/2025 1:01:13,1.16.3,PRexp,14,3.89,nan,161,Left,Left,6795,341,366,34,nan,nan,0.14
9/22/2025 1:02:35,1.16.3,PRexp,14,3.89,nan,161,Left,Left,6796,341,366,34,nan,nan,0.02
9/22/2025 1:02:37,1.16.3,PRexp,14,3.89,nan,161,Left,Left,6797,341,366,34,nan,nan,0.10
9/22/2025 1:02:37,1.16.3,PRexp,14,3.89,nan,161,Left,Left,6798,341,366,34,nan,nan,0.08
9/22/2025 1:02:39,1.16.3,PRexp,14,3.89,nan,161,Left,Left,6799,341,366,34,nan,nan,0.00
9/22/2025 1:02:43,1.16.3,PRexp,14,3.89,nan,161,Left,Left,6800,341,366,34,nan,nan,0.09
9/22/2025 1:02:44,1.16.3,PRexp,14,3.89,nan,161,Left,Left,6801,341,366,34,nan,nan,0.06
9/22/2025 1:02:46,1.16.3,PRexp,14,3.89,nan,161,Left,Left,6802,341,366,34,nan,nan,0.10
9/22/2025 1:02:47,1.16.3,PRexp,14,3.89,nan,161,Left,Left,6803,341,366,34,nan,nan,0.01
9/22/2025 1:02:49,1.16.3,PRexp,14,3.89,nan,161,Left,Left,6804,341,366,34,nan,nan,0.52
9/22/2025 1:02:50,1.16.3,PRexp,14,3.89,nan,161,Left,Left,6805,341,366,34,nan,nan,0.45
9/22/2025 1:03:59,1.16.3,PRexp,14,3.89,nan,161,Right,Left,6805,342,366,34,nan,nan,0.08
9/22/2025 1:04:00,1.16.3,PRexp,14,3.89,nan,161,Right,Left,6805,343,366,34,nan,nan,0.00
9/22/2025 1:04:01,1.16.3,PRexp,14,3.89,nan,161,Right,Left,6805,344,366,34,nan,nan,0.24
9/22/2025 1:04:11,1.16.3,PRexp,14,3.89,nan,161,Left,Left,6806,344,366,34,nan,nan,0.02
9/22/2025 1:04:17,1.16.3,PRexp,14,3.89,nan,161,Left,Left,6807,344,366,34,nan,nan,0.10
9/22/2025 1:04:21,1.16.3,PRexp,14,3.89,nan,161,Left,Left,6808,344,366,34,nan,nan,0.01
9/22/2025 1:04:40,1.16.3,PRexp,14,3.89,nan,161,Right,Left,6808,345,366,34,nan,nan,0.11
9/22/2025 1:07:32,1.16.3,PRexp,14,3.89,nan,161,Left,Left,6809,345,366,34,nan,nan,0.09
9/22/2025 1:07:34,1.16.3,PRexp,14,3.89,nan,161,Left,Left,6810,345,366,34,nan,nan,0.04
9/22/2025 1:11:59,1.16.3,PRexp,14,3.89,nan,161,Left,Left,6811,345,366,34,nan,nan,0.10
9/22/2025 1:12:03,1.16.3,PRexp,14,3.89,nan,161,Right,Left,6811,346,366,34,nan,nan,0.01
9/22/2025 1:12:55,1.16.3,PRexp,14,3.89,nan,161,Left,Left,6812,346,366,34,nan,nan,0.04
9/22/2025 1:12:57,1.16.3,PRexp,14,3.89,nan,161,Left,Left,6813,346,366,34,nan,nan,0.11
9/22/2025 1:12:59,1.16.3,PRexp,14,3.89,nan,161,Left,Left,6814,346,366,34,nan,nan,0.50
9/22/2025 1:13:00,1.16.3,PRexp,14,3.89,nan,161,Left,Left,6815,346,366,34,nan,nan,0.17
9/22/2025 1:13:02,1.16.3,PRexp,14,3.89,nan,161,Left,Left,6816,346,366,34,nan,nan,0.18
9/22/2025 1:13:03,1.16.3,PRexp,14,3.89,nan,161,Left,Left,6817,346,366,34,nan,nan,0.15
9/22/2025 1:13:06,1.16.3,PRexp,14,3.89,nan,161,Left,Left,6818,346,366,34,nan,nan,0.94
9/22/2025 1:13:07,1.16.3,PRexp,14,3.89,nan,161,Left,Left,6819,346,366,34,nan,nan,0.33
9/22/2025 1:16:25,1.16.3,PRexp,14,3.89,nan,161,Right,Left,6819,347,366,34,nan,nan,0.00
9/22/2025 1:16:42,1.16.3,PRexp,14,3.89,nan,161,Right,Left,6819,348,366,34,nan,nan,0.08
9/22/2025 1:16:44,1.16.3,PRexp,14,3.89,nan,161,Right,Left,6819,349,366,34,nan,nan,0.04
9/22/2025 1:16:45,1.16.3,PRexp,14,3.89,nan,161,Right,Left,6819,350,366,34,nan,nan,0.00
9/22/2025 1:16:47,1.16.3,PRexp,14,3.89,nan,161,Right,Left,6819,351,366,34,nan,nan,0.00
9/22/2025 1:16:47,1.16.3,PRexp,14,3.89,nan,161,Right,Left,6819,352,366,34,nan,nan,0.00
9/22/2025 1:16:48,1.16.3,PRexp,14,3.89,nan,161,Right,Left,6819,353,366,34,nan,nan,0.00
9/22/2025 1:16:55,1.16.3,PRexp,14,3.89,nan,161,Left,Left,6820,353,366,34,nan,nan,0.07
9/22/2025 1:16:58,1.16.3,PRexp,14,3.89,nan,161,Left,Left,6821,353,366,34,nan,nan,0.09
9/22/2025 1:17:00,1.16.3,PRexp,14,3.89,nan,161,Left,Left,6822,353,366,34,nan,nan,0.76
9/22/2025 1:17:01,1.16.3,PRexp,14,3.89,nan,161,Left,Left,6823,353,366,34,nan,nan,0.00
9/22/2025 1:17:10,1.16.3,PRexp,14,3.89,nan,161,Left,Left,6824,353,366,34,nan,nan,0.10
9/22/2025 1:22:01,1.16.3,PRexp,14,3.89,nan,161,Left,Left,6825,353,366,34,nan,nan,0.03
9/22/2025 1:24:14,1.16.3,PRexp,14,3.89,nan,161,Left,Left,6826,353,366,34,nan,nan,0.06
9/22/2025 1:24:15,1.16.3,PRexp,14,3.89,nan,161,Left,Left,6827,353,366,34,nan,nan,0.12
9/22/2025 1:24:16,1.16.3,PRexp,14,3.89,nan,161,Left,Left,6828,353,366,34,nan,nan,0.14
9/22/2025 1:24:18,1.16.3,PRexp,14,3.89,nan,161,Left,Left,6829,353,366,34,nan,nan,0.43
9/22/2025 1:24:20,1.16.3,PRexp,14,3.89,nan,161,Left,Left,6830,353,366,34,nan,nan,0.35
9/22/2025 1:24:22,1.16.3,PRexp,14,3.89,nan,161,Left,Left,6831,353,366,34,nan,nan,0.41
9/22/2025 1:24:24,1.16.3,PRexp,14,3.89,nan,161,Left,Left,6832,353,366,34,nan,nan,0.03
9/22/2025 1:24:25,1.16.3,PRexp,14,3.89,nan,161,Left,Left,6833,353,366,34,nan,nan,0.34
9/22/2025 1:26:26,1.16.3,PRexp,14,3.89,nan,161,Left,Left,6834,353,366,34,nan,nan,0.10
9/22/2025 1:26:29,1.16.3,PRexp,14,3.89,nan,161,Left,Left,6835,353,366,34,nan,nan,0.48
9/22/2025 1:26:31,1.16.3,PRexp,14,3.89,nan,161,Left,Left,6836,353,366,34,nan,nan,0.19
9/22/2025 1:26:33,1.16.3,PRexp,14,3.89,nan,161,Left,Left,6837,353,366,34,nan,nan,0.02
9/22/2025 1:26:34,1.16.3,PRexp,14,3.89,nan,161,Left,Left,6838,353,366,34,nan,nan,0.55
9/22/2025 1:26:35,1.16.3,PRexp,14,3.89,nan,161,Left,Left,6839,353,366,34,nan,nan,0.08
9/22/2025 1:26:36,1.16.3,PRexp,14,3.89,nan,161,Left,Left,6840,353,366,34,nan,nan,0.43
9/22/2025 1:26:39,1.16.3,PRexp,14,3.89,2,161,Pellet,Left,6840,353,367,35,0.06,5625,nan
9/22/2025 1:29:37,1.16.3,PRexp,14,3.89,nan,178,Left,Left,6841,353,367,35,nan,nan,0.72
9/22/2025 1:29:40,1.16.3,PRexp,14,3.89,nan,178,Left,Left,6842,353,367,35,nan,nan,0.34
9/22/2025 1:29:41,1.16.3,PRexp,14,3.89,nan,178,Left,Left,6843,353,367,35,nan,nan,0.43
9/22/2025 1:29:43,1.16.3,PRexp,14,3.89,nan,178,Left,Left,6844,353,367,35,nan,nan,0.18
9/22/2025 1:29:44,1.16.3,PRexp,14,3.89,nan,178,Left,Left,6845,353,367,35,nan,nan,0.00
9/22/2025 1:29:45,1.16.3,PRexp,14,3.89,nan,178,Left,Left,6846,353,367,35,nan,nan,0.30
9/22/2025 1:29:46,1.16.3,PRexp,14,3.89,nan,178,Left,Left,6847,353,367,35,nan,nan,0.02
9/22/2025 1:29:48,1.16.3,PRexp,14,3.89,nan,178,Left,Left,6848,353,367,35,nan,nan,0.28
9/22/2025 1:29:50,1.16.3,PRexp,14,3.89,nan,178,Left,Left,6849,353,367,35,nan,nan,0.25
9/22/2025 1:31:45,1.16.3,PRexp,14,3.89,nan,178,Left,Left,6850,353,367,35,nan,nan,0.08
9/22/2025 1:31:47,1.16.3,PRexp,14,3.89,nan,178,Left,Left,6851,353,367,35,nan,nan,0.38
9/22/2025 1:31:48,1.16.3,PRexp,14,3.89,nan,178,Left,Left,6852,353,367,35,nan,nan,0.39
9/22/2025 1:31:49,1.16.3,PRexp,14,3.89,nan,178,Left,Left,6853,353,367,35,nan,nan,0.25
9/22/2025 1:31:54,1.16.3,PRexp,14,3.89,nan,178,Left,Left,6854,353,367,35,nan,nan,0.09
9/22/2025 1:31:56,1.16.3,PRexp,14,3.89,nan,178,Left,Left,6855,353,367,35,nan,nan,0.25
9/22/2025 1:31:58,1.16.3,PRexp,14,3.89,nan,178,Left,Left,6856,353,367,35,nan,nan,0.55
9/22/2025 1:31:59,1.16.3,PRexp,14,3.89,nan,178,Left,Left,6857,353,367,35,nan,nan,0.09
9/22/2025 1:32:01,1.16.3,PRexp,14,3.89,nan,178,Left,Left,6858,353,367,35,nan,nan,0.10
9/22/2025 1:32:02,1.16.3,PRexp,14,3.89,nan,178,Left,Left,6859,353,367,35,nan,nan,0.55
9/22/2025 1:32:04,1.16.3,PRexp,14,3.89,nan,178,Left,Left,6860,353,367,35,nan,nan,0.00
9/22/2025 1:35:18,1.16.3,PRexp,14,3.89,nan,178,Right,Left,6860,354,367,35,nan,nan,0.16
9/22/2025 1:35:20,1.16.3,PRexp,14,3.89,nan,178,Left,Left,6861,354,367,35,nan,nan,0.08
9/22/2025 1:35:22,1.16.3,PRexp,14,3.89,nan,178,Left,Left,6862,354,367,35,nan,nan,0.04
9/22/2025 1:35:23,1.16.3,PRexp,14,3.89,nan,178,Left,Left,6863,354,367,35,nan,nan,0.11
9/22/2025 1:35:26,1.16.3,PRexp,14,3.89,nan,178,Left,Left,6864,354,367,35,nan,nan,0.03
9/22/2025 1:35:27,1.16.3,PRexp,14,3.88,nan,178,Left,Left,6865,354,367,35,nan,nan,0.47
9/22/2025 1:35:27,1.16.3,PRexp,14,3.89,nan,178,Left,Left,6866,354,367,35,nan,nan,0.00
9/22/2025 1:35:30,1.16.3,PRexp,14,3.89,nan,178,Left,Left,6867,354,367,35,nan,nan,0.12
9/22/2025 1:35:31,1.16.3,PRexp,14,3.89,nan,178,Left,Left,6868,354,367,35,nan,nan,0.01
9/22/2025 1:35:32,1.16.3,PRexp,14,3.89,nan,178,Left,Left,6869,354,367,35,nan,nan,0.00
9/22/2025 1:35:33,1.16.3,PRexp,14,3.89,nan,178,Left,Left,6870,354,367,35,nan,nan,0.02
9/22/2025 1:35:34,1.16.3,PRexp,14,3.89,nan,178,Left,Left,6871,354,367,35,nan,nan,0.02
9/22/2025 1:35:36,1.16.3,PRexp,14,3.89,nan,178,Left,Left,6872,354,367,35,nan,nan,1.01
9/22/2025 1:35:38,1.16.3,PRexp,14,3.89,nan,178,Left,Left,6873,354,367,35,nan,nan,0.01
9/22/2025 1:35:40,1.16.3,PRexp,14,3.89,nan,178,Left,Left,6874,354,367,35,nan,nan,0.25
9/22/2025 1:35:42,1.16.3,PRexp,14,3.88,nan,178,Left,Left,6875,354,367,35,nan,nan,0.32
9/22/2025 1:39:44,1.16.3,PRexp,14,3.89,nan,178,Left,Left,6876,354,367,35,nan,nan,0.05
9/22/2025 1:39:46,1.16.3,PRexp,14,3.89,nan,178,Left,Left,6877,354,367,35,nan,nan,0.03
9/22/2025 1:39:48,1.16.3,PRexp,14,3.89,nan,178,Left,Left,6878,354,367,35,nan,nan,0.34
9/22/2025 1:39:50,1.16.3,PRexp,14,3.89,nan,178,Left,Left,6879,354,367,35,nan,nan,0.47
9/22/2025 1:39:53,1.16.3,PRexp,14,3.89,nan,178,Left,Left,6880,354,367,35,nan,nan,0.51
9/22/2025 1:39:54,1.16.3,PRexp,14,3.89,nan,178,Left,Left,6881,354,367,35,nan,nan,0.22
9/22/2025 1:39:58,1.16.3,PRexp,14,3.89,nan,178,Left,Left,6882,354,367,35,nan,nan,0.31
9/22/2025 1:39:59,1.16.3,PRexp,14,3.89,nan,178,Left,Left,6883,354,367,35,nan,nan,0.00
9/22/2025 1:44:31,1.16.3,PRexp,14,3.89,nan,178,Left,Left,6884,354,367,35,nan,nan,0.03
9/22/2025 1:44:32,1.16.3,PRexp,14,3.89,nan,178,Left,Left,6885,354,367,35,nan,nan,0.39
9/22/2025 1:44:32,1.16.3,PRexp,14,3.89,nan,178,Left,Left,6886,354,367,35,nan,nan,0.00
9/22/2025 1:44:34,1.16.3,PRexp,14,3.89,nan,178,Left,Left,6887,354,367,35,nan,nan,0.11
9/22/2025 1:44:35,1.16.3,PRexp,14,3.89,nan,178,Left,Left,6888,354,367,35,nan,nan,0.40
9/22/2025 1:44:38,1.16.3,PRexp,14,3.89,nan,178,Left,Left,6889,354,367,35,nan,nan,0.27
9/22/2025 1:44:39,1.16.3,PRexp,14,3.89,nan,178,Left,Left,6890,354,367,35,nan,nan,0.40
9/22/2025 1:44:40,1.16.3,PRexp,14,3.89,nan,178,Left,Left,6891,354,367,35,nan,nan,0.00
9/22/2025 1:44:42,1.16.3,PRexp,14,3.89,nan,178,Left,Left,6892,354,367,35,nan,nan,0.01
9/22/2025 1:44:44,1.16.3,PRexp,14,3.89,nan,178,Left,Left,6893,354,367,35,nan,nan,0.29
9/22/2025 1:44:45,1.16.3,PRexp,14,3.89,nan,178,Left,Left,6894,354,367,35,nan,nan,0.33
9/22/2025 1:44:47,1.16.3,PRexp,14,3.89,nan,178,Left,Left,6895,354,367,35,nan,nan,0.43
9/22/2025 1:44:49,1.16.3,PRexp,14,3.89,nan,178,Left,Left,6896,354,367,35,nan,nan,0.20
9/22/2025 1:44:51,1.16.3,PRexp,14,3.89,nan,178,Left,Left,6897,354,367,35,nan,nan,0.74
9/22/2025 1:49:38,1.16.3,PRexp,14,3.89,nan,178,Left,Left,6898,354,367,35,nan,nan,0.05
9/22/2025 1:49:39,1.16.3,PRexp,14,3.89,nan,178,Left,Left,6899,354,367,35,nan,nan,0.11
9/22/2025 1:49:40,1.16.3,PRexp,14,3.89,nan,178,Left,Left,6900,354,367,35,nan,nan,0.40
9/22/2025 1:49:41,1.16.3,PRexp,14,3.89,nan,178,Left,Left,6901,354,367,35,nan,nan,0.00
9/22/2025 1:49:42,1.16.3,PRexp,14,3.89,nan,178,Left,Left,6902,354,367,35,nan,nan,0.12
9/22/2025 1:49:45,1.16.3,PRexp,14,3.89,nan,178,Left,Left,6903,354,367,35,nan,nan,0.42
9/22/2025 1:49:48,1.16.3,PRexp,14,3.89,nan,178,Left,Left,6904,354,367,35,nan,nan,0.20
9/22/2025 1:49:49,1.16.3,PRexp,14,3.89,nan,178,Left,Left,6905,354,367,35,nan,nan,0.00
9/22/2025 1:49:51,1.16.3,PRexp,14,3.89,nan,178,Left,Left,6906,354,367,35,nan,nan,0.41
9/22/2025 1:49:52,1.16.3,PRexp,14,3.88,nan,178,Left,Left,6907,354,367,35,nan,nan,0.02
9/22/2025 1:49:59,1.16.3,PRexp,14,3.89,nan,178,Left,Left,6908,354,367,35,nan,nan,0.10
9/22/2025 1:50:01,1.16.3,PRexp,14,3.89,nan,178,Left,Left,6909,354,367,35,nan,nan,0.09
9/22/2025 1:50:02,1.16.3,PRexp,14,3.89,nan,178,Left,Left,6910,354,367,35,nan,nan,0.46
9/22/2025 1:50:04,1.16.3,PRexp,14,3.89,nan,178,Left,Left,6911,354,367,35,nan,nan,0.24
9/22/2025 1:50:07,1.16.3,PRexp,14,3.89,nan,178,Left,Left,6912,354,367,35,nan,nan,0.20
9/22/2025 1:50:08,1.16.3,PRexp,14,3.89,nan,178,Left,Left,6913,354,367,35,nan,nan,0.49
9/22/2025 1:50:09,1.16.3,PRexp,14,3.89,nan,178,Left,Left,6914,354,367,35,nan,nan,0.00
9/22/2025 1:50:10,1.16.3,PRexp,14,3.89,nan,178,Left,Left,6915,354,367,35,nan,nan,0.07
9/22/2025 1:50:12,1.16.3,PRexp,14,3.89,nan,178,Left,Left,6916,354,367,35,nan,nan,0.09
9/22/2025 1:50:13,1.16.3,PRexp,14,3.89,nan,178,Left,Left,6917,354,367,35,nan,nan,0.00
9/22/2025 1:50:15,1.16.3,PRexp,14,3.89,nan,178,Left,Left,6918,354,367,35,nan,nan,0.00
9/22/2025 1:50:15,1.16.3,PRexp,14,3.89,nan,178,Left,Left,6919,354,367,35,nan,nan,0.00
9/22/2025 1:50:16,1.16.3,PRexp,14,3.89,nan,178,Left,Left,6920,354,367,35,nan,nan,0.07
9/22/2025 1:50:18,1.16.3,PRexp,14,3.89,nan,178,Left,Left,6921,354,367,35,nan,nan,0.42
9/22/2025 1:50:21,1.16.3,PRexp,14,3.89,nan,178,Left,Left,6922,354,367,35,nan,nan,0.08
9/22/2025 1:58:15,1.16.3,PRexp,14,3.89,nan,178,Left,Left,6923,354,367,35,nan,nan,0.56
9/22/2025 1:58:17,1.16.3,PRexp,14,3.89,nan,178,Left,Left,6924,354,367,35,nan,nan,0.08
9/22/2025 1:58:19,1.16.3,PRexp,14,3.89,nan,178,Left,Left,6925,354,367,35,nan,nan,0.42
9/22/2025 1:58:20,1.16.3,PRexp,14,3.89,nan,178,Left,Left,6926,354,367,35,nan,nan,0.17
9/22/2025 1:58:27,1.16.3,PRexp,14,3.89,nan,178,Left,Left,6927,354,367,35,nan,nan,0.00
9/22/2025 2:00:30,1.16.3,PRexp,14,3.89,nan,178,Left,Left,6928,354,367,35,nan,nan,0.12
9/22/2025 2:00:32,1.16.3,PRexp,14,3.89,nan,178,Left,Left,6929,354,367,35,nan,nan,0.13
9/22/2025 2:00:33,1.16.3,PRexp,14,3.89,nan,178,Left,Left,6930,354,367,35,nan,nan,0.38
9/22/2025 2:00:45,1.16.3,PRexp,14,3.89,nan,178,Left,Left,6931,354,367,35,nan,nan,0.04
9/22/2025 2:00:47,1.16.3,PRexp,14,3.89,nan,178,Left,Left,6932,354,367,35,nan,nan,0.09
9/22/2025 2:00:50,1.16.3,PRexp,14,3.89,nan,178,Left,Left,6933,354,367,35,nan,nan,0.95
9/22/2025 2:00:52,1.16.3,PRexp,14,3.89,nan,178,Left,Left,6934,354,367,35,nan,nan,0.45
9/22/2025 2:01:02,1.16.3,PRexp,14,3.89,nan,178,Left,Left,6935,354,367,35,nan,nan,0.09
9/22/2025 2:01:04,1.16.3,PRexp,14,3.89,nan,178,Left,Left,6936,354,367,35,nan,nan,0.08
9/22/2025 2:01:05,1.16.3,PRexp,14,3.89,nan,178,Left,Left,6937,354,367,35,nan,nan,0.09
9/22/2025 2:01:09,1.16.3,PRexp,14,3.89,nan,178,Left,Left,6938,354,367,35,nan,nan,0.09
9/22/2025 2:01:10,1.16.3,PRexp,14,3.89,nan,178,Left,Left,6939,354,367,35,nan,nan,0.10
9/22/2025 2:01:11,1.16.3,PRexp,14,3.89,nan,178,Left,Left,6940,354,367,35,nan,nan,0.15
9/22/2025 2:01:18,1.16.3,PRexp,14,3.89,nan,178,Left,Left,6941,354,367,35,nan,nan,0.52
9/22/2025 2:01:19,1.16.3,PRexp,14,3.89,nan,178,Left,Left,6942,354,367,35,nan,nan,0.16
9/22/2025 2:01:22,1.16.3,PRexp,14,3.89,nan,178,Left,Left,6943,354,367,35,nan,nan,0.14
9/22/2025 2:01:23,1.16.3,PRexp,14,3.89,nan,178,Left,Left,6944,354,367,35,nan,nan,0.44
9/22/2025 2:01:25,1.16.3,PRexp,14,3.88,nan,178,Left,Left,6945,354,367,35,nan,nan,0.50
9/22/2025 2:01:26,1.16.3,PRexp,14,3.89,nan,178,Left,Left,6946,354,367,35,nan,nan,0.46
9/22/2025 2:01:28,1.16.3,PRexp,14,3.88,nan,178,Left,Left,6947,354,367,35,nan,nan,0.42
9/22/2025 2:01:30,1.16.3,PRexp,14,3.89,nan,178,Left,Left,6948,354,367,35,nan,nan,0.66
9/22/2025 2:01:32,1.16.3,PRexp,14,3.89,nan,178,Left,Left,6949,354,367,35,nan,nan,0.50
9/22/2025 2:01:35,1.16.3,PRexp,14,3.89,nan,178,Left,Left,6950,354,367,35,nan,nan,0.02
9/22/2025 2:01:36,1.16.3,PRexp,14,3.89,nan,178,Left,Left,6951,354,367,35,nan,nan,0.00
9/22/2025 2:01:38,1.16.3,PRexp,14,3.89,nan,178,Left,Left,6952,354,367,35,nan,nan,0.00
9/22/2025 2:01:39,1.16.3,PRexp,14,3.89,nan,178,Left,Left,6953,354,367,35,nan,nan,0.91
9/22/2025 2:01:41,1.16.3,PRexp,14,3.89,nan,178,Left,Left,6954,354,367,35,nan,nan,0.17
9/22/2025 2:01:43,1.16.3,PRexp,14,3.89,nan,178,Left,Left,6955,354,367,35,nan,nan,0.03
9/22/2025 2:01:47,1.16.3,PRexp,14,3.89,nan,178,Left,Left,6956,354,367,35,nan,nan,0.21
9/22/2025 2:01:48,1.16.3,PRexp,14,3.89,nan,178,Left,Left,6957,354,367,35,nan,nan,0.27
9/22/2025 2:01:50,1.16.3,PRexp,14,3.89,nan,178,Left,Left,6958,354,367,35,nan,nan,0.27
9/22/2025 2:01:51,1.16.3,PRexp,14,3.89,nan,178,Left,Left,6959,354,367,35,nan,nan,0.13
9/22/2025 2:01:54,1.16.3,PRexp,14,3.89,nan,178,Left,Left,6960,354,367,35,nan,nan,0.09
9/22/2025 2:01:57,1.16.3,PRexp,14,3.89,nan,178,Left,Left,6961,354,367,35,nan,nan,0.00
9/22/2025 2:01:58,1.16.3,PRexp,14,3.89,nan,178,Left,Left,6962,354,367,35,nan,nan,0.00
9/22/2025 2:01:59,1.16.3,PRexp,14,3.89,nan,178,Left,Left,6963,354,367,35,nan,nan,0.20
9/22/2025 2:38:45,1.16.3,PRexp,14,3.89,nan,1,Left,Left,6964,354,367,0,nan,nan,0.09
9/22/2025 2:38:47,1.16.3,PRexp,14,3.89,1,1,Pellet,Left,6964,354,368,1,0.67,4328,nan
9/22/2025 2:39:43,1.16.3,PRexp,14,3.89,nan,1,Left,Left,6965,354,368,1,nan,nan,0.25
9/22/2025 2:39:44,1.16.3,PRexp,14,3.89,1,1,Pellet,Left,6965,354,369,2,0.55,57,nan
9/22/2025 2:40:22,1.16.3,PRexp,14,3.89,nan,2,Left,Left,6966,354,369,2,nan,nan,0.08
9/22/2025 2:40:24,1.16.3,PRexp,14,3.89,nan,2,Left,Left,6967,354,369,2,nan,nan,0.05
9/22/2025 2:40:26,1.16.3,PRexp,14,3.89,1,2,Pellet,Left,6967,354,370,3,0.55,42,nan
9/22/2025 2:40:56,1.16.3,PRexp,14,3.89,nan,2,Left,Left,6968,354,370,3,nan,nan,0.04
9/22/2025 2:41:05,1.16.3,PRexp,14,3.89,nan,2,Left,Left,6969,354,370,3,nan,nan,0.13
9/22/2025 2:41:06,1.16.3,PRexp,14,3.89,1,2,Pellet,Left,6969,354,371,4,0.36,40,nan
9/22/2025 2:42:04,1.16.3,PRexp,14,3.89,nan,3,Left,Left,6970,354,371,4,nan,nan,0.02
9/22/2025 2:42:08,1.16.3,PRexp,14,3.89,nan,3,Left,Left,6971,354,371,4,nan,nan,0.06
9/22/2025 2:42:26,1.16.3,PRexp,14,3.89,nan,3,Left,Left,6972,354,371,4,nan,nan,0.04
9/22/2025 2:42:27,1.16.3,PRexp,14,3.89,1,3,Pellet,Left,6972,354,372,5,0.24,81,nan
9/22/2025 2:44:31,1.16.3,PRexp,14,3.89,nan,4,Left,Left,6973,354,372,5,nan,nan,0.09
9/22/2025 2:44:32,1.16.3,PRexp,14,3.88,nan,4,Left,Left,6974,354,372,5,nan,nan,0.07
9/22/2025 2:44:41,1.16.3,PRexp,14,3.89,nan,4,Left,Left,6975,354,372,5,nan,nan,0.14
9/22/2025 2:44:43,1.16.3,PRexp,14,3.89,nan,4,Left,Left,6976,354,372,5,nan,nan,0.03
9/22/2025 2:44:44,1.16.3,PRexp,14,3.88,1,4,Pellet,Left,6976,354,373,6,0.36,137,nan
9/22/2025 2:45:32,1.16.3,PRexp,14,3.89,nan,5,Left,Left,6977,354,373,6,nan,nan,0.14
9/22/2025 2:45:38,1.16.3,PRexp,14,3.89,nan,5,Left,Left,6978,354,373,6,nan,nan,0.21
9/22/2025 2:45:44,1.16.3,PRexp,14,3.89,nan,5,Left,Left,6979,354,373,6,nan,nan,0.02
9/22/2025 2:45:44,1.16.3,PRexp,14,3.88,nan,5,Left,Left,6980,354,373,6,nan,nan,0.02
9/22/2025 2:45:48,1.16.3,PRexp,14,3.89,nan,5,Left,Left,6981,354,373,6,nan,nan,0.05
9/22/2025 2:45:49,1.16.3,PRexp,14,3.89,1,5,Pellet,Left,6981,354,374,7,0.30,65,nan
9/22/2025 2:46:45,1.16.3,PRexp,14,3.89,nan,6,Left,Left,6982,354,374,7,nan,nan,0.05
9/22/2025 2:46:48,1.16.3,PRexp,14,3.89,nan,6,Left,Left,6983,354,374,7,nan,nan,0.11
9/22/2025 2:46:52,1.16.3,PRexp,14,3.89,nan,6,Left,Left,6984,354,374,7,nan,nan,0.06
9/22/2025 2:46:55,1.16.3,PRexp,14,3.89,nan,6,Left,Left,6985,354,374,7,nan,nan,0.02
9/22/2025 2:46:58,1.16.3,PRexp,14,3.89,nan,6,Left,Left,6986,354,374,7,nan,nan,0.85
9/22/2025 2:46:59,1.16.3,PRexp,14,3.88,nan,6,Left,Left,6987,354,374,7,nan,nan,0.01
9/22/2025 2:47:00,1.16.3,PRexp,14,3.88,nan,6,LeftDuringDispense,Left,6988,354,374,8,nan,nan,0.08
9/22/2025 2:47:18,1.16.3,PRexp,14,3.89,3,6,Pellet,Left,6988,354,375,8,13.60,89,nan
9/22/2025 2:48:45,1.16.3,PRexp,14,3.89,nan,7,Left,Left,6989,354,375,8,nan,nan,0.05
9/22/2025 2:48:50,1.16.3,PRexp,14,3.89,nan,7,Left,Left,6990,354,375,8,nan,nan,0.09
9/22/2025 2:48:59,1.16.3,PRexp,14,3.89,nan,7,Left,Left,6991,354,375,8,nan,nan,0.07
9/22/2025 2:49:00,1.16.3,PRexp,14,3.89,nan,7,Left,Left,6992,354,375,8,nan,nan,0.15
9/22/2025 2:49:03,1.16.3,PRexp,14,3.89,nan,7,Left,Left,6993,354,375,8,nan,nan,1.29
9/22/2025 2:49:04,1.16.3,PRexp,14,3.89,nan,7,Left,Left,6994,354,375,8,nan,nan,0.09
9/22/2025 2:49:06,1.16.3,PRexp,14,3.89,nan,7,Left,Left,6995,354,375,8,nan,nan,0.90
9/22/2025 2:49:06,1.16.3,PRexp,14,3.89,nan,7,LeftDuringDispense,Left,6996,354,375,9,nan,nan,0.04
9/22/2025 2:49:21,1.16.3,PRexp,14,3.89,3,7,Pellet,Left,6996,354,376,9,9.65,123,nan
9/22/2025 2:50:10,1.16.3,PRexp,14,3.89,nan,9,Left,Left,6997,354,376,9,nan,nan,0.02
9/22/2025 2:50:13,1.16.3,PRexp,14,3.89,nan,9,Left,Left,6998,354,376,9,nan,nan,0.07
9/22/2025 2:50:14,1.16.3,PRexp,14,3.89,nan,9,Left,Left,6999,354,376,9,nan,nan,0.04
9/22/2025 2:50:19,1.16.3,PRexp,14,3.89,nan,9,Left,Left,7000,354,376,9,nan,nan,0.62
9/22/2025 2:50:20,1.16.3,PRexp,14,3.89,nan,9,Left,Left,7001,354,376,9,nan,nan,0.41
9/22/2025 2:50:23,1.16.3,PRexp,14,3.89,nan,9,Left,Left,7002,354,376,9,nan,nan,0.38
9/22/2025 2:50:24,1.16.3,PRexp,14,3.88,nan,9,Left,Left,7003,354,376,9,nan,nan,0.00
9/22/2025 2:50:25,1.16.3,PRexp,14,3.89,nan,9,Left,Left,7004,354,376,9,nan,nan,0.02
9/22/2025 2:50:27,1.16.3,PRexp,14,3.89,nan,9,Left,Left,7005,354,376,9,nan,nan,0.23
9/22/2025 2:50:28,1.16.3,PRexp,14,3.88,1,9,Pellet,Left,7005,354,377,10,0.18,67,nan
9/22/2025 2:51:14,1.16.3,PRexp,14,3.89,nan,10,Left,Left,7006,354,377,10,nan,nan,0.03
9/22/2025 2:51:19,1.16.3,PRexp,14,3.88,nan,10,Left,Left,7007,354,377,10,nan,nan,0.24
9/22/2025 2:51:19,1.16.3,PRexp,14,3.89,nan,10,Left,Left,7008,354,377,10,nan,nan,0.12
9/22/2025 2:51:20,1.16.3,PRexp,14,3.89,nan,10,Left,Left,7009,354,377,10,nan,nan,0.11
9/22/2025 2:51:22,1.16.3,PRexp,14,3.89,nan,10,Left,Left,7010,354,377,10,nan,nan,0.07
9/22/2025 2:51:26,1.16.3,PRexp,14,3.89,nan,10,Left,Left,7011,354,377,10,nan,nan,0.40
9/22/2025 2:51:27,1.16.3,PRexp,14,3.89,nan,10,Left,Left,7012,354,377,10,nan,nan,0.02
9/22/2025 2:51:31,1.16.3,PRexp,14,3.89,nan,10,Left,Left,7013,354,377,10,nan,nan,1.30
9/22/2025 2:51:33,1.16.3,PRexp,14,3.88,nan,10,Left,Left,7014,354,377,10,nan,nan,0.56
9/22/2025 2:51:34,1.16.3,PRexp,14,3.89,nan,10,Left,Left,7015,354,377,10,nan,nan,0.30
9/22/2025 2:51:35,1.16.3,PRexp,14,3.89,nan,10,LeftDuringDispense,Left,7016,354,377,11,nan,nan,0.07
9/22/2025 2:51:38,1.16.3,PRexp,14,3.89,2,10,Pellet,Left,7016,354,378,11,0.12,70,nan
9/22/2025 2:52:13,1.16.3,PRexp,14,3.89,nan,12,Left,Left,7017,354,378,11,nan,nan,0.02
9/22/2025 2:52:14,1.16.3,PRexp,14,3.89,nan,12,Left,Left,7018,354,378,11,nan,nan,0.09
9/22/2025 2:52:15,1.16.3,PRexp,14,3.89,nan,12,Left,Left,7019,354,378,11,nan,nan,0.08
9/22/2025 2:52:16,1.16.3,PRexp,14,3.89,nan,12,Left,Left,7020,354,378,11,nan,nan,0.09
9/22/2025 2:52:18,1.16.3,PRexp,14,3.89,nan,12,Left,Left,7021,354,378,11,nan,nan,0.40
9/22/2025 2:52:20,1.16.3,PRexp,14,3.89,nan,12,Left,Left,7022,354,378,11,nan,nan,0.80
9/22/2025 2:52:21,1.16.3,PRexp,14,3.89,nan,12,Left,Left,7023,354,378,11,nan,nan,0.19
9/22/2025 2:52:22,1.16.3,PRexp,14,3.89,nan,12,Left,Left,7024,354,378,11,nan,nan,0.03
9/22/2025 2:52:23,1.16.3,PRexp,14,3.89,nan,12,Left,Left,7025,354,378,11,nan,nan,0.15
9/22/2025 2:52:27,1.16.3,PRexp,14,3.89,nan,12,Left,Left,7026,354,378,11,nan,nan,0.15
9/22/2025 2:52:29,1.16.3,PRexp,14,3.89,nan,12,Left,Left,7027,354,378,11,nan,nan,0.50
9/22/2025 2:52:30,1.16.3,PRexp,14,3.89,nan,12,Left,Left,7028,354,378,11,nan,nan,0.07
9/22/2025 2:52:31,1.16.3,PRexp,14,3.89,1,12,Pellet,Left,7028,354,379,12,0.30,53,nan
9/22/2025 2:53:02,1.16.3,PRexp,14,3.89,nan,13,Left,Left,7029,354,379,12,nan,nan,0.09
9/22/2025 2:53:09,1.16.3,PRexp,14,3.89,nan,13,Left,Left,7030,354,379,12,nan,nan,0.28
9/22/2025 2:53:10,1.16.3,PRexp,14,3.89,nan,13,Left,Left,7031,354,379,12,nan,nan,0.37
9/22/2025 2:53:11,1.16.3,PRexp,14,3.89,nan,13,Left,Left,7032,354,379,12,nan,nan,0.56
9/22/2025 2:53:12,1.16.3,PRexp,14,3.88,nan,13,Left,Left,7033,354,379,12,nan,nan,0.00
9/22/2025 2:53:13,1.16.3,PRexp,14,3.89,nan,13,Left,Left,7034,354,379,12,nan,nan,0.11
9/22/2025 2:53:16,1.16.3,PRexp,14,3.89,nan,13,Left,Left,7035,354,379,12,nan,nan,0.13
9/22/2025 2:53:17,1.16.3,PRexp,14,3.89,nan,13,Left,Left,7036,354,379,12,nan,nan,0.33
9/22/2025 2:53:18,1.16.3,PRexp,14,3.89,nan,13,Left,Left,7037,354,379,12,nan,nan,0.00
9/22/2025 2:53:21,1.16.3,PRexp,14,3.89,nan,13,Left,Left,7038,354,379,12,nan,nan,0.29
9/22/2025 2:53:24,1.16.3,PRexp,14,3.89,nan,13,Left,Left,7039,354,379,12,nan,nan,0.74
9/22/2025 2:53:25,1.16.3,PRexp,14,3.89,nan,13,Left,Left,7040,354,379,12,nan,nan,0.01
9/22/2025 2:53:26,1.16.3,PRexp,14,3.89,nan,13,Left,Left,7041,354,379,12,nan,nan,0.28
9/22/2025 2:53:27,1.16.3,PRexp,14,3.89,1,13,Pellet,Left,7041,354,380,13,0.24,56,nan
9/22/2025 2:54:17,1.16.3,PRexp,14,3.89,nan,15,Left,Left,7042,354,380,13,nan,nan,0.06
9/22/2025 2:54:24,1.16.3,PRexp,14,3.89,nan,15,Left,Left,7043,354,380,13,nan,nan,0.70
9/22/2025 2:54:25,1.16.3,PRexp,14,3.89,nan,15,Left,Left,7044,354,380,13,nan,nan,0.35
9/22/2025 2:54:28,1.16.3,PRexp,14,3.88,nan,15,Left,Left,7045,354,380,13,nan,nan,0.55
9/22/2025 2:54:31,1.16.3,PRexp,14,3.88,nan,15,Left,Left,7046,354,380,13,nan,nan,0.12
9/22/2025 2:54:33,1.16.3,PRexp,14,3.89,nan,15,Left,Left,7047,354,380,13,nan,nan,0.05
9/22/2025 2:54:35,1.16.3,PRexp,14,3.89,nan,15,Left,Left,7048,354,380,13,nan,nan,0.59
9/22/2025 2:54:36,1.16.3,PRexp,14,3.88,nan,15,Left,Left,7049,354,380,13,nan,nan,0.00
9/22/2025 2:54:38,1.16.3,PRexp,14,3.89,nan,15,Left,Left,7050,354,380,13,nan,nan,0.21
9/22/2025 2:54:40,1.16.3,PRexp,14,3.89,nan,15,Left,Left,7051,354,380,13,nan,nan,0.81
9/22/2025 2:54:43,1.16.3,PRexp,14,3.89,nan,15,Left,Left,7052,354,380,13,nan,nan,0.68
9/22/2025 2:54:45,1.16.3,PRexp,14,3.89,nan,15,Left,Left,7053,354,380,13,nan,nan,0.04
9/22/2025 2:54:47,1.16.3,PRexp,14,3.89,nan,15,Left,Left,7054,354,380,13,nan,nan,0.46
9/22/2025 2:54:49,1.16.3,PRexp,14,3.89,nan,15,Left,Left,7055,354,380,13,nan,nan,0.29
9/22/2025 2:54:50,1.16.3,PRexp,14,3.89,nan,15,Left,Left,7056,354,380,13,nan,nan,0.00
9/22/2025 2:54:51,1.16.3,PRexp,14,3.89,1,15,Pellet,Left,7056,354,381,14,0.36,84,nan
9/22/2025 2:56:11,1.16.3,PRexp,14,3.89,nan,17,Left,Left,7057,354,381,14,nan,nan,0.00
9/22/2025 2:56:12,1.16.3,PRexp,14,3.89,nan,17,Left,Left,7058,354,381,14,nan,nan,0.08
9/22/2025 2:56:13,1.16.3,PRexp,14,3.89,nan,17,Left,Left,7059,354,381,14,nan,nan,0.10
9/22/2025 2:56:52,1.16.3,PRexp,14,3.89,nan,17,Right,Left,7059,355,381,14,nan,nan,0.18
9/22/2025 3:21:15,1.16.3,PRexp,14,3.89,nan,17,Left,Left,7060,355,381,14,nan,nan,1.67
9/22/2025 3:21:19,1.16.3,PRexp,14,3.88,nan,17,Left,Left,7061,355,381,14,nan,nan,0.02
9/22/2025 3:21:23,1.16.3,PRexp,14,3.89,nan,17,Left,Left,7062,355,381,14,nan,nan,0.16
9/22/2025 3:21:26,1.16.3,PRexp,14,3.89,nan,17,Left,Left,7063,355,381,14,nan,nan,0.99
9/22/2025 3:21:30,1.16.3,PRexp,14,3.89,nan,17,Left,Left,7064,355,381,14,nan,nan,0.59
9/22/2025 3:21:31,1.16.3,PRexp,14,3.89,nan,17,Left,Left,7065,355,381,14,nan,nan,0.46
9/22/2025 3:21:34,1.16.3,PRexp,14,3.88,nan,17,Left,Left,7066,355,381,14,nan,nan,0.53
9/22/2025 3:21:37,1.16.3,PRexp,14,3.89,nan,17,Left,Left,7067,355,381,14,nan,nan,1.26
9/22/2025 3:21:38,1.16.3,PRexp,14,3.89,nan,17,Left,Left,7068,355,381,14,nan,nan,0.13
9/22/2025 3:21:40,1.16.3,PRexp,14,3.89,nan,17,Left,Left,7069,355,381,14,nan,nan,0.03
9/22/2025 3:21:46,1.16.3,PRexp,14,3.89,nan,17,Left,Left,7070,355,381,14,nan,nan,0.15
9/22/2025 3:21:46,1.16.3,PRexp,14,3.88,nan,17,Left,Left,7071,355,381,14,nan,nan,0.00
9/22/2025 3:21:48,1.16.3,PRexp,14,3.89,nan,17,Left,Left,7072,355,381,14,nan,nan,0.58
9/22/2025 3:21:49,1.16.3,PRexp,14,3.89,nan,17,Left,Left,7073,355,381,14,nan,nan,0.00
9/22/2025 3:21:50,1.16.3,PRexp,14,3.89,1,17,Pellet,Left,7073,355,382,15,0.61,1619,nan
9/22/2025 3:22:17,1.16.3,PRexp,14,3.89,nan,20,Left,Left,7074,355,382,15,nan,nan,0.04
9/22/2025 3:22:23,1.16.3,PRexp,14,3.89,nan,20,Left,Left,7075,355,382,15,nan,nan,0.04
9/22/2025 3:22:25,1.16.3,PRexp,14,3.89,nan,20,Left,Left,7076,355,382,15,nan,nan,0.01
9/22/2025 3:22:49,1.16.3,PRexp,14,3.89,nan,20,Left,Left,7077,355,382,15,nan,nan,0.61
9/22/2025 3:22:53,1.16.3,PRexp,14,3.89,nan,20,Left,Left,7078,355,382,15,nan,nan,0.12
9/22/2025 3:23:06,1.16.3,PRexp,14,3.88,nan,20,Left,Left,7079,355,382,15,nan,nan,0.48
9/22/2025 3:23:07,1.16.3,PRexp,14,3.89,nan,20,Left,Left,7080,355,382,15,nan,nan,0.02
9/22/2025 3:23:08,1.16.3,PRexp,14,3.89,nan,20,Left,Left,7081,355,382,15,nan,nan,0.00
9/22/2025 3:23:10,1.16.3,PRexp,14,3.89,nan,20,Left,Left,7082,355,382,15,nan,nan,0.35
9/22/2025 3:23:11,1.16.3,PRexp,14,3.89,nan,20,Left,Left,7083,355,382,15,nan,nan,0.58
9/22/2025 3:23:15,1.16.3,PRexp,14,3.89,nan,20,Left,Left,7084,355,382,15,nan,nan,0.36
9/22/2025 3:23:18,1.16.3,PRexp,14,3.89,nan,20,Left,Left,7085,355,382,15,nan,nan,0.00
9/22/2025 3:23:22,1.16.3,PRexp,14,3.89,nan,20,Left,Left,7086,355,382,15,nan,nan,0.85
9/22/2025 3:23:23,1.16.3,PRexp,14,3.89,nan,20,Left,Left,7087,355,382,15,nan,nan,0.20
9/22/2025 3:23:26,1.16.3,PRexp,14,3.89,nan,20,Left,Left,7088,355,382,15,nan,nan,0.69
9/22/2025 3:23:28,1.16.3,PRexp,14,3.89,nan,20,Left,Left,7089,355,382,15,nan,nan,0.90
9/22/2025 3:23:30,1.16.3,PRexp,14,3.89,nan,20,Left,Left,7090,355,382,15,nan,nan,0.76
9/22/2025 3:23:32,1.16.3,PRexp,14,3.89,nan,20,Left,Left,7091,355,382,15,nan,nan,0.40
9/22/2025 3:23:35,1.16.3,PRexp,14,3.89,nan,20,Left,Left,7092,355,382,15,nan,nan,0.02
9/22/2025 3:23:36,1.16.3,PRexp,14,3.89,nan,20,Left,Left,7093,355,382,15,nan,nan,0.02
9/22/2025 3:23:38,1.16.3,PRexp,14,3.89,1,20,Pellet,Left,7093,355,383,16,0.36,108,nan
9/22/2025 3:24:04,1.16.3,PRexp,14,3.89,nan,22,Left,Left,7094,355,383,16,nan,nan,0.02
9/22/2025 3:24:06,1.16.3,PRexp,14,3.89,nan,22,Left,Left,7095,355,383,16,nan,nan,0.04
9/22/2025 3:24:10,1.16.3,PRexp,14,3.89,nan,22,Left,Left,7096,355,383,16,nan,nan,0.24
9/22/2025 3:24:12,1.16.3,PRexp,14,3.88,nan,22,Left,Left,7097,355,383,16,nan,nan,0.18
9/22/2025 3:24:14,1.16.3,PRexp,14,3.89,nan,22,Left,Left,7098,355,383,16,nan,nan,0.05
9/22/2025 3:24:17,1.16.3,PRexp,14,3.89,nan,22,Left,Left,7099,355,383,16,nan,nan,0.10
9/22/2025 3:24:19,1.16.3,PRexp,14,3.89,nan,22,Left,Left,7100,355,383,16,nan,nan,0.09
9/22/2025 3:24:23,1.16.3,PRexp,14,3.89,nan,22,Left,Left,7101,355,383,16,nan,nan,0.55
9/22/2025 3:24:24,1.16.3,PRexp,14,3.89,nan,22,Left,Left,7102,355,383,16,nan,nan,0.00
9/22/2025 3:24:25,1.16.3,PRexp,14,3.89,nan,22,Left,Left,7103,355,383,16,nan,nan,0.00
9/22/2025 3:24:27,1.16.3,PRexp,14,3.88,nan,22,Left,Left,7104,355,383,16,nan,nan,0.48
9/22/2025 3:24:28,1.16.3,PRexp,14,3.89,nan,22,Left,Left,7105,355,383,16,nan,nan,0.00
9/22/2025 3:24:28,1.16.3,PRexp,14,3.88,nan,22,Left,Left,7106,355,383,16,nan,nan,0.00
9/22/2025 3:24:30,1.16.3,PRexp,14,3.88,nan,22,Left,Left,7107,355,383,16,nan,nan,0.33
9/22/2025 3:24:35,1.16.3,PRexp,14,3.88,nan,22,Left,Left,7108,355,383,16,nan,nan,0.91
9/22/2025 3:24:36,1.16.3,PRexp,14,3.89,nan,22,Left,Left,7109,355,383,16,nan,nan,0.00
9/22/2025 3:24:38,1.16.3,PRexp,14,3.89,nan,22,Left,Left,7110,355,383,16,nan,nan,0.56
9/22/2025 3:24:41,1.16.3,PRexp,14,3.88,nan,22,Left,Left,7111,355,383,16,nan,nan,0.36
9/22/2025 3:24:46,1.16.3,PRexp,14,3.89,nan,22,Left,Left,7112,355,383,16,nan,nan,1.01
9/22/2025 3:24:50,1.16.3,PRexp,14,3.89,nan,22,Left,Left,7113,355,383,16,nan,nan,0.02
9/22/2025 3:24:58,1.16.3,PRexp,14,3.88,nan,22,Left,Left,7114,355,383,16,nan,nan,0.14
9/22/2025 3:25:00,1.16.3,PRexp,14,3.89,nan,22,Left,Left,7115,355,383,16,nan,nan,0.72
9/22/2025 3:25:01,1.16.3,PRexp,14,3.88,1,22,Pellet,Left,7115,355,384,17,0.30,83,nan
9/22/2025 3:25:33,1.16.3,PRexp,14,3.88,nan,25,Left,Left,7116,355,384,17,nan,nan,0.03
9/22/2025 3:25:38,1.16.3,PRexp,14,3.89,nan,25,Left,Left,7117,355,384,17,nan,nan,0.33
9/22/2025 3:25:44,1.16.3,PRexp,14,3.89,nan,25,Left,Left,7118,355,384,17,nan,nan,0.08
9/22/2025 3:25:48,1.16.3,PRexp,14,3.89,nan,25,Left,Left,7119,355,384,17,nan,nan,0.10
9/22/2025 3:25:49,1.16.3,PRexp,14,3.89,nan,25,Left,Left,7120,355,384,17,nan,nan,0.25
9/22/2025 3:25:50,1.16.3,PRexp,14,3.89,nan,25,Left,Left,7121,355,384,17,nan,nan,0.33
9/22/2025 3:25:52,1.16.3,PRexp,14,3.89,nan,25,Left,Left,7122,355,384,17,nan,nan,0.61
9/22/2025 3:25:55,1.16.3,PRexp,14,3.89,nan,25,Left,Left,7123,355,384,17,nan,nan,0.01
9/22/2025 3:26:00,1.16.3,PRexp,14,3.89,nan,25,Left,Left,7124,355,384,17,nan,nan,0.10
9/22/2025 3:26:01,1.16.3,PRexp,14,3.88,nan,25,Left,Left,7125,355,384,17,nan,nan,0.00
9/22/2025 3:26:02,1.16.3,PRexp,14,3.88,nan,25,Left,Left,7126,355,384,17,nan,nan,0.00
9/22/2025 3:26:03,1.16.3,PRexp,14,3.89,nan,25,Left,Left,7127,355,384,17,nan,nan,0.40
9/22/2025 3:26:05,1.16.3,PRexp,14,3.89,nan,25,Left,Left,7128,355,384,17,nan,nan,0.28
9/22/2025 3:26:06,1.16.3,PRexp,14,3.89,nan,25,Left,Left,7129,355,384,17,nan,nan,0.08
9/22/2025 3:26:08,1.16.3,PRexp,14,3.89,nan,25,Left,Left,7130,355,384,17,nan,nan,0.16
9/22/2025 3:26:09,1.16.3,PRexp,14,3.88,nan,25,Left,Left,7131,355,384,17,nan,nan,0.13
9/22/2025 3:26:12,1.16.3,PRexp,14,3.89,nan,25,Left,Left,7132,355,384,17,nan,nan,0.17
9/22/2025 3:26:14,1.16.3,PRexp,14,3.88,nan,25,Left,Left,7133,355,384,17,nan,nan,0.35
9/22/2025 3:26:16,1.16.3,PRexp,14,3.88,nan,25,Left,Left,7134,355,384,17,nan,nan,0.41
9/22/2025 4:00:11,1.16.3,PRexp,14,3.89,nan,1,Left,Left,7135,355,384,0,nan,nan,0.10
9/22/2025 4:00:12,1.16.3,PRexp,14,3.89,1,1,Pellet,Left,7135,355,385,1,0.73,2111,nan
9/22/2025 4:03:13,1.16.3,PRexp,14,3.88,nan,1,Left,Left,7136,355,385,1,nan,nan,0.26
9/22/2025 4:03:14,1.16.3,PRexp,14,3.88,1,1,Pellet,Left,7136,355,386,2,0.36,182,nan
9/22/2025 4:04:42,1.16.3,PRexp,14,3.89,nan,2,Left,Left,7137,355,386,2,nan,nan,0.08
9/22/2025 4:04:46,1.16.3,PRexp,14,3.88,nan,2,Left,Left,7138,355,386,2,nan,nan,0.53
9/22/2025 4:04:47,1.16.3,PRexp,14,3.88,1,2,Pellet,Left,7138,355,387,3,0.30,93,nan
9/22/2025 4:06:42,1.16.3,PRexp,14,3.88,nan,2,Left,Left,7139,355,387,3,nan,nan,0.94
9/22/2025 4:06:49,1.16.3,PRexp,14,3.88,nan,2,Left,Left,7140,355,387,3,nan,nan,0.13
9/22/2025 4:06:49,1.16.3,PRexp,14,3.89,nan,2,LeftDuringDispense,Left,7141,355,387,4,nan,nan,0.03
9/22/2025 4:06:52,1.16.3,PRexp,14,3.88,2,2,Pellet,Left,7141,355,388,4,0.18,125,nan
9/22/2025 4:08:23,1.16.3,PRexp,14,3.89,nan,3,Left,Left,7142,355,388,4,nan,nan,0.03
9/22/2025 4:08:25,1.16.3,PRexp,14,3.89,nan,3,Left,Left,7143,355,388,4,nan,nan,0.02
9/22/2025 4:08:29,1.16.3,PRexp,14,3.89,nan,3,Left,Left,7144,355,388,4,nan,nan,0.03
9/22/2025 4:08:30,1.16.3,PRexp,14,3.88,1,3,Pellet,Left,7144,355,389,5,0.30,98,nan
9/22/2025 4:09:32,1.16.3,PRexp,14,3.89,nan,4,Left,Left,7145,355,389,5,nan,nan,0.01
9/22/2025 4:09:34,1.16.3,PRexp,14,3.88,nan,4,Left,Left,7146,355,389,5,nan,nan,0.88
9/22/2025 4:09:37,1.16.3,PRexp,14,3.89,nan,4,Left,Left,7147,355,389,5,nan,nan,0.03
9/22/2025 4:09:38,1.16.3,PRexp,14,3.89,nan,4,Left,Left,7148,355,389,5,nan,nan,0.02
9/22/2025 4:09:38,1.16.3,PRexp,14,3.89,nan,4,LeftDuringDispense,Left,7149,355,389,6,nan,nan,0.04
9/22/2025 4:09:51,1.16.3,PRexp,14,3.88,3,4,Pellet,Left,7149,355,390,6,7.49,81,nan
9/22/2025 4:10:32,1.16.3,PRexp,14,3.89,nan,5,Left,Left,7150,355,390,6,nan,nan,0.19
9/22/2025 4:10:34,1.16.3,PRexp,14,3.89,nan,5,Left,Left,7151,355,390,6,nan,nan,0.04
9/22/2025 4:10:40,1.16.3,PRexp,14,3.89,nan,5,Left,Left,7152,355,390,6,nan,nan,0.03
9/22/2025 4:10:42,1.16.3,PRexp,14,3.88,nan,5,Left,Left,7153,355,390,6,nan,nan,0.14
9/22/2025 4:10:47,1.16.3,PRexp,14,3.89,nan,5,Left,Left,7154,355,390,6,nan,nan,1.99
9/22/2025 4:10:48,1.16.3,PRexp,14,3.88,1,5,Pellet,Left,7154,355,391,7,0.24,57,nan
9/22/2025 4:11:47,1.16.3,PRexp,14,3.88,nan,6,Left,Left,7155,355,391,7,nan,nan,0.02
9/22/2025 4:11:49,1.16.3,PRexp,14,3.88,nan,6,Left,Left,7156,355,391,7,nan,nan,0.68
9/22/2025 4:11:52,1.16.3,PRexp,14,3.88,nan,6,Left,Left,7157,355,391,7,nan,nan,0.02
9/22/2025 4:11:54,1.16.3,PRexp,14,3.88,nan,6,Left,Left,7158,355,391,7,nan,nan,0.52
9/22/2025 4:11:55,1.16.3,PRexp,14,3.88,nan,6,Left,Left,7159,355,391,7,nan,nan,0.02
9/22/2025 4:12:04,1.16.3,PRexp,14,3.89,nan,6,Left,Left,7160,355,391,7,nan,nan,0.01
9/22/2025 4:12:05,1.16.3,PRexp,14,3.89,nan,6,LeftDuringDispense,Left,7161,355,391,8,nan,nan,0.07
9/22/2025 4:12:18,1.16.3,PRexp,14,3.89,3,6,Pellet,Left,7161,355,392,8,8.54,90,nan
9/22/2025 4:13:18,1.16.3,PRexp,14,3.88,nan,7,Left,Left,7162,355,392,8,nan,nan,0.03
9/22/2025 4:13:22,1.16.3,PRexp,14,3.88,nan,7,Left,Left,7163,355,392,8,nan,nan,0.69
9/22/2025 4:13:27,1.16.3,PRexp,14,3.88,nan,7,Left,Left,7164,355,392,8,nan,nan,1.06
9/22/2025 4:13:32,1.16.3,PRexp,14,3.89,nan,7,Left,Left,7165,355,392,8,nan,nan,0.05
9/22/2025 4:13:36,1.16.3,PRexp,14,3.89,nan,7,Left,Left,7166,355,392,8,nan,nan,0.52
9/22/2025 4:13:38,1.16.3,PRexp,14,3.89,nan,7,Left,Left,7167,355,392,8,nan,nan,0.53
9/22/2025 4:13:39,1.16.3,PRexp,14,3.88,nan,7,Left,Left,7168,355,392,8,nan,nan,0.56
9/22/2025 4:13:41,1.16.3,PRexp,14,3.88,1,7,Pellet,Left,7168,355,393,9,0.67,83,nan
9/22/2025 4:14:11,1.16.3,PRexp,14,3.89,nan,9,Left,Left,7169,355,393,9,nan,nan,0.16
9/22/2025 4:14:14,1.16.3,PRexp,14,3.89,nan,9,Left,Left,7170,355,393,9,nan,nan,1.32
9/22/2025 4:14:20,1.16.3,PRexp,14,3.88,nan,9,Left,Left,7171,355,393,9,nan,nan,0.08
9/22/2025 4:14:23,1.16.3,PRexp,14,3.89,nan,9,Left,Left,7172,355,393,9,nan,nan,0.82
9/22/2025 4:14:25,1.16.3,PRexp,14,3.89,nan,9,Left,Left,7173,355,393,9,nan,nan,0.06
9/22/2025 4:14:27,1.16.3,PRexp,14,3.89,nan,9,Left,Left,7174,355,393,9,nan,nan,0.30
9/22/2025 4:14:28,1.16.3,PRexp,14,3.88,nan,9,Left,Left,7175,355,393,9,nan,nan,0.02
9/22/2025 4:14:31,1.16.3,PRexp,14,3.89,nan,9,Left,Left,7176,355,393,9,nan,nan,0.25
9/22/2025 4:14:35,1.16.3,PRexp,14,3.88,nan,9,Left,Left,7177,355,393,9,nan,nan,0.15
9/22/2025 4:14:35,1.16.3,PRexp,14,3.89,nan,9,LeftDuringDispense,Left,7178,355,393,10,nan,nan,0.03
9/22/2025 4:14:39,1.16.3,PRexp,14,3.88,3,9,Pellet,Left,7178,355,394,10,0.24,58,nan
9/22/2025 4:15:11,1.16.3,PRexp,14,3.89,nan,10,Left,Left,7179,355,394,10,nan,nan,0.02
9/22/2025 4:15:13,1.16.3,PRexp,14,3.88,nan,10,Left,Left,7180,355,394,10,nan,nan,0.03
9/22/2025 4:15:15,1.16.3,PRexp,14,3.89,nan,10,Left,Left,7181,355,394,10,nan,nan,0.35
9/22/2025 4:15:17,1.16.3,PRexp,14,3.88,nan,10,Left,Left,7182,355,394,10,nan,nan,0.30
9/22/2025 4:15:20,1.16.3,PRexp,14,3.89,nan,10,Left,Left,7183,355,394,10,nan,nan,0.04
9/22/2025 4:15:23,1.16.3,PRexp,14,3.89,nan,10,Left,Left,7184,355,394,10,nan,nan,1.74
9/22/2025 4:15:24,1.16.3,PRexp,14,3.88,nan,10,Left,Left,7185,355,394,10,nan,nan,0.10
9/22/2025 4:15:25,1.16.3,PRexp,14,3.88,nan,10,Left,Left,7186,355,394,10,nan,nan,0.49
9/22/2025 4:15:27,1.16.3,PRexp,14,3.88,nan,10,Left,Left,7187,355,394,10,nan,nan,0.35
9/22/2025 4:15:31,1.16.3,PRexp,14,3.89,nan,10,Left,Left,7188,355,394,10,nan,nan,0.33
9/22/2025 4:15:32,1.16.3,PRexp,14,3.88,1,10,Pellet,Left,7188,355,395,11,0.24,53,nan
9/22/2025 4:29:35,1.16.3,PRexp,14,3.88,nan,12,Left,Left,7189,355,395,11,nan,nan,0.03
9/22/2025 4:29:41,1.16.3,PRexp,14,3.89,nan,12,Left,Left,7190,355,395,11,nan,nan,2.07
9/22/2025 4:29:46,1.16.3,PRexp,14,3.88,nan,12,Left,Left,7191,355,395,11,nan,nan,2.37
9/22/2025 4:29:51,1.16.3,PRexp,14,3.89,nan,12,Left,Left,7192,355,395,11,nan,nan,3.55
9/22/2025 4:29:54,1.16.3,PRexp,14,3.88,nan,12,Left,Left,7193,355,395,11,nan,nan,0.02
9/22/2025 4:29:56,1.16.3,PRexp,14,3.88,nan,12,Left,Left,7194,355,395,11,nan,nan,0.00
9/22/2025 4:29:59,1.16.3,PRexp,14,3.88,nan,12,Left,Left,7195,355,395,11,nan,nan,0.08
9/22/2025 4:30:02,1.16.3,PRexp,14,3.88,nan,12,Left,Left,7196,355,395,11,nan,nan,0.23
9/22/2025 4:30:05,1.16.3,PRexp,14,3.89,nan,12,Left,Left,7197,355,395,11,nan,nan,2.04
9/22/2025 4:30:07,1.16.3,PRexp,14,3.88,nan,12,Left,Left,7198,355,395,11,nan,nan,0.61
9/22/2025 4:30:14,1.16.3,PRexp,14,3.89,nan,12,Left,Left,7199,355,395,11,nan,nan,2.25
9/22/2025 4:30:18,1.16.3,PRexp,14,3.88,nan,12,Left,Left,7200,355,395,11,nan,nan,0.00
9/22/2025 4:30:19,1.16.3,PRexp,14,3.89,1,12,Pellet,Left,7200,355,396,12,0.79,887,nan
9/22/2025 4:31:46,1.16.3,PRexp,14,3.89,nan,13,Left,Left,7201,355,396,12,nan,nan,1.41
9/22/2025 4:31:47,1.16.3,PRexp,14,3.88,nan,13,Left,Left,7202,355,396,12,nan,nan,0.15
9/22/2025 4:32:00,1.16.3,PRexp,14,3.89,nan,13,Left,Left,7203,355,396,12,nan,nan,2.40
9/22/2025 4:32:02,1.16.3,PRexp,14,3.89,nan,13,Left,Left,7204,355,396,12,nan,nan,0.03
9/22/2025 4:32:28,1.16.3,PRexp,14,3.88,nan,13,Left,Left,7205,355,396,12,nan,nan,1.67
9/22/2025 4:32:31,1.16.3,PRexp,14,3.88,nan,13,Left,Left,7206,355,396,12,nan,nan,0.16
9/22/2025 4:32:34,1.16.3,PRexp,14,3.89,nan,13,Left,Left,7207,355,396,12,nan,nan,0.88
9/22/2025 4:32:35,1.16.3,PRexp,14,3.87,nan,13,Left,Left,7208,355,396,12,nan,nan,0.35
9/22/2025 4:32:37,1.16.3,PRexp,14,3.88,nan,13,Left,Left,7209,355,396,12,nan,nan,0.76
9/22/2025 4:50:16,1.16.3,PRexp,14,3.88,nan,13,Left,Left,7210,355,396,12,nan,nan,0.04
9/22/2025 4:50:18,1.16.3,PRexp,14,3.89,nan,13,Left,Left,7211,355,396,12,nan,nan,0.13
9/22/2025 4:50:19,1.16.3,PRexp,14,3.88,nan,13,Left,Left,7212,355,396,12,nan,nan,0.04
9/22/2025 4:50:24,1.16.3,PRexp,14,3.88,nan,13,Left,Left,7213,355,396,12,nan,nan,1.86
9/22/2025 4:50:24,1.16.3,PRexp,14,3.89,nan,13,LeftDuringDispense,Left,7214,355,396,13,nan,nan,0.07
9/22/2025 4:50:27,1.16.3,PRexp,14,3.89,2,13,Pellet,Left,7214,355,397,13,0.30,1208,nan
9/22/2025 4:51:28,1.16.3,PRexp,14,3.88,nan,15,Left,Left,7215,355,397,13,nan,nan,2.18
9/22/2025 4:51:42,1.16.3,PRexp,14,3.88,nan,15,Left,Left,7216,355,397,13,nan,nan,5.84
9/22/2025 4:51:45,1.16.3,PRexp,14,3.89,nan,15,Left,Left,7217,355,397,13,nan,nan,0.83
9/22/2025 4:51:51,1.16.3,PRexp,14,3.88,nan,15,Left,Left,7218,355,397,13,nan,nan,3.48
9/22/2025 4:51:55,1.16.3,PRexp,14,3.88,nan,15,Left,Left,7219,355,397,13,nan,nan,0.84
9/22/2025 4:51:57,1.16.3,PRexp,14,3.88,nan,15,Left,Left,7220,355,397,13,nan,nan,0.71
9/22/2025 4:51:59,1.16.3,PRexp,14,3.89,nan,15,Left,Left,7221,355,397,13,nan,nan,0.84
9/22/2025 4:52:03,1.16.3,PRexp,14,3.88,nan,15,Left,Left,7222,355,397,13,nan,nan,2.05
9/22/2025 4:52:07,1.16.3,PRexp,14,3.88,nan,15,Left,Left,7223,355,397,13,nan,nan,0.58
9/22/2025 4:52:10,1.16.3,PRexp,14,3.88,nan,15,Left,Left,7224,355,397,13,nan,nan,0.04
9/22/2025 4:52:16,1.16.3,PRexp,14,3.88,nan,15,Left,Left,7225,355,397,13,nan,nan,0.67
9/22/2025 4:52:23,1.16.3,PRexp,14,3.88,nan,15,Left,Left,7226,355,397,13,nan,nan,0.00
9/22/2025 4:52:25,1.16.3,PRexp,14,3.88,nan,15,Left,Left,7227,355,397,13,nan,nan,0.01
9/22/2025 4:52:27,1.16.3,PRexp,14,3.88,nan,15,Left,Left,7228,355,397,13,nan,nan,1.10
9/22/2025 4:52:28,1.16.3,PRexp,14,3.88,nan,15,Left,Left,7229,355,397,13,nan,nan,0.04
9/22/2025 4:52:29,1.16.3,PRexp,14,3.88,1,15,Pellet,Left,7229,355,398,14,0.36,122,nan
9/22/2025 5:09:04,1.16.3,PRexp,14,3.88,nan,17,Left,Left,7230,355,398,14,nan,nan,0.02
9/22/2025 5:09:10,1.16.3,PRexp,14,3.89,nan,17,Left,Left,7231,355,398,14,nan,nan,0.10
9/22/2025 5:09:13,1.16.3,PRexp,14,3.88,nan,17,Left,Left,7232,355,398,14,nan,nan,0.21
9/22/2025 5:09:16,1.16.3,PRexp,14,3.88,nan,17,Left,Left,7233,355,398,14,nan,nan,1.60
9/22/2025 5:09:17,1.16.3,PRexp,14,3.88,nan,17,Left,Left,7234,355,398,14,nan,nan,0.05
9/22/2025 5:09:20,1.16.3,PRexp,14,3.89,nan,17,Left,Left,7235,355,398,14,nan,nan,0.24
9/22/2025 5:09:27,1.16.3,PRexp,14,3.88,nan,17,Left,Left,7236,355,398,14,nan,nan,0.01
9/22/2025 5:09:29,1.16.3,PRexp,14,3.89,nan,17,Left,Left,7237,355,398,14,nan,nan,0.02
9/22/2025 5:09:34,1.16.3,PRexp,14,3.89,nan,17,Left,Left,7238,355,398,14,nan,nan,0.02
9/22/2025 5:09:38,1.16.3,PRexp,14,3.88,nan,17,Left,Left,7239,355,398,14,nan,nan,1.27
9/22/2025 5:09:45,1.16.3,PRexp,14,3.89,nan,17,Left,Left,7240,355,398,14,nan,nan,0.02
9/22/2025 5:09:47,1.16.3,PRexp,14,3.89,nan,17,Left,Left,7241,355,398,14,nan,nan,0.02
9/22/2025 5:09:49,1.16.3,PRexp,14,3.89,nan,17,Left,Left,7242,355,398,14,nan,nan,0.34
9/22/2025 5:09:53,1.16.3,PRexp,14,3.89,nan,17,Left,Left,7243,355,398,14,nan,nan,1.81
9/22/2025 5:09:55,1.16.3,PRexp,14,3.88,nan,17,Left,Left,7244,355,398,14,nan,nan,0.07
9/22/2025 5:10:40,1.16.3,PRexp,14,3.88,nan,17,Left,Left,7245,355,398,14,nan,nan,1.95
9/22/2025 5:16:51,1.16.3,PRexp,14,3.88,nan,17,Left,Left,7246,355,398,14,nan,nan,0.03
9/22/2025 5:16:52,1.16.3,PRexp,14,3.88,1,17,Pellet,Left,7246,355,399,15,0.49,1463,nan
9/22/2025 5:17:30,1.16.3,PRexp,14,3.88,nan,20,Left,Left,7247,355,399,15,nan,nan,0.13
9/22/2025 5:17:36,1.16.3,PRexp,14,3.88,nan,20,Left,Left,7248,355,399,15,nan,nan,0.02
9/22/2025 5:17:37,1.16.3,PRexp,14,3.89,nan,20,Left,Left,7249,355,399,15,nan,nan,0.02
9/22/2025 5:17:39,1.16.3,PRexp,14,3.89,nan,20,Left,Left,7250,355,399,15,nan,nan,0.60
9/22/2025 5:17:41,1.16.3,PRexp,14,3.89,nan,20,Left,Left,7251,355,399,15,nan,nan,0.64
9/22/2025 5:17:44,1.16.3,PRexp,14,3.88,nan,20,Left,Left,7252,355,399,15,nan,nan,0.45
9/22/2025 5:17:48,1.16.3,PRexp,14,3.88,nan,20,Left,Left,7253,355,399,15,nan,nan,0.26
9/22/2025 5:17:53,1.16.3,PRexp,14,3.88,nan,20,Left,Left,7254,355,399,15,nan,nan,0.27
9/22/2025 5:18:00,1.16.3,PRexp,14,3.89,nan,20,Left,Left,7255,355,399,15,nan,nan,0.20
9/22/2025 5:18:02,1.16.3,PRexp,14,3.87,nan,20,Left,Left,7256,355,399,15,nan,nan,0.50
9/22/2025 5:18:07,1.16.3,PRexp,14,3.89,nan,20,Left,Left,7257,355,399,15,nan,nan,0.01
9/22/2025 5:18:10,1.16.3,PRexp,14,3.88,nan,20,Left,Left,7258,355,399,15,nan,nan,0.05
9/22/2025 5:18:12,1.16.3,PRexp,14,3.89,nan,20,Left,Left,7259,355,399,15,nan,nan,0.30
9/22/2025 5:18:13,1.16.3,PRexp,14,3.88,nan,20,Left,Left,7260,355,399,15,nan,nan,0.00
9/22/2025 5:18:16,1.16.3,PRexp,14,3.88,nan,20,Left,Left,7261,355,399,15,nan,nan,0.03
9/22/2025 5:18:18,1.16.3,PRexp,14,3.88,nan,20,Left,Left,7262,355,399,15,nan,nan,0.37
9/22/2025 5:18:20,1.16.3,PRexp,14,3.88,nan,20,Left,Left,7263,355,399,15,nan,nan,0.75
9/22/2025 5:18:25,1.16.3,PRexp,14,3.88,nan,20,Left,Left,7264,355,399,15,nan,nan,0.02
9/22/2025 5:18:31,1.16.3,PRexp,14,3.89,nan,20,Left,Left,7265,355,399,15,nan,nan,1.15
9/22/2025 5:18:35,1.16.3,PRexp,14,3.88,nan,20,Left,Left,7266,355,399,15,nan,nan,0.03
9/22/2025 5:18:36,1.16.3,PRexp,14,3.88,1,20,Pellet,Left,7266,355,400,16,0.24,104,nan
9/22/2025 5:23:41,1.16.3,PRexp,14,3.88,nan,22,Left,Left,7267,355,400,16,nan,nan,0.26
9/22/2025 5:24:03,1.16.3,PRexp,14,3.88,nan,22,Left,Left,7268,355,400,16,nan,nan,0.16
9/22/2025 5:24:41,1.16.3,PRexp,14,3.88,nan,22,Left,Left,7269,355,400,16,nan,nan,4.78
9/22/2025 5:24:43,1.16.3,PRexp,14,3.89,nan,22,Left,Left,7270,355,400,16,nan,nan,0.50
9/22/2025 5:24:45,1.16.3,PRexp,14,3.88,nan,22,Left,Left,7271,355,400,16,nan,nan,1.14
9/22/2025 5:24:46,1.16.3,PRexp,14,3.88,nan,22,Left,Left,7272,355,400,16,nan,nan,0.00
9/22/2025 5:24:47,1.16.3,PRexp,14,3.88,nan,22,Left,Left,7273,355,400,16,nan,nan,0.00
9/22/2025 5:24:48,1.16.3,PRexp,14,3.89,nan,22,Left,Left,7274,355,400,16,nan,nan,0.00
9/22/2025 5:24:51,1.16.3,PRexp,14,3.88,nan,22,Left,Left,7275,355,400,16,nan,nan,0.44
9/22/2025 5:24:58,1.16.3,PRexp,14,3.89,nan,22,Left,Left,7276,355,400,16,nan,nan,0.00
9/22/2025 5:26:29,1.16.3,PRexp,14,3.88,nan,22,Right,Left,7276,356,400,16,nan,nan,0.08
9/22/2025 5:27:48,1.16.3,PRexp,14,3.88,nan,22,Right,Left,7276,357,400,16,nan,nan,0.02
9/22/2025 5:27:52,1.16.3,PRexp,14,3.89,nan,22,Right,Left,7276,358,400,16,nan,nan,0.13
9/22/2025 5:45:36,1.16.3,PRexp,14,3.88,nan,22,Left,Left,7277,358,400,16,nan,nan,0.94
9/22/2025 5:45:39,1.16.3,PRexp,14,3.88,nan,22,Left,Left,7278,358,400,16,nan,nan,0.25
9/22/2025 5:45:43,1.16.3,PRexp,14,3.88,nan,22,Left,Left,7279,358,400,16,nan,nan,0.21
9/22/2025 5:45:51,1.16.3,PRexp,14,3.89,nan,22,Left,Left,7280,358,400,16,nan,nan,1.09
9/22/2025 5:45:55,1.16.3,PRexp,14,3.88,nan,22,Left,Left,7281,358,400,16,nan,nan,0.79
9/22/2025 5:45:57,1.16.3,PRexp,14,3.88,nan,22,Left,Left,7282,358,400,16,nan,nan,0.15
9/22/2025 5:45:58,1.16.3,PRexp,14,3.89,nan,22,Left,Left,7283,358,400,16,nan,nan,0.02
9/22/2025 5:46:00,1.16.3,PRexp,14,3.89,nan,22,Left,Left,7284,358,400,16,nan,nan,0.21
9/22/2025 5:46:01,1.16.3,PRexp,14,3.87,nan,22,Left,Left,7285,358,400,16,nan,nan,0.41
9/22/2025 5:46:04,1.16.3,PRexp,14,3.88,nan,22,Left,Left,7286,358,400,16,nan,nan,1.23
9/22/2025 5:46:05,1.16.3,PRexp,14,3.88,nan,22,Left,Left,7287,358,400,16,nan,nan,0.06
9/22/2025 5:46:08,1.16.3,PRexp,14,3.88,nan,22,Left,Left,7288,358,400,16,nan,nan,0.03
9/22/2025 5:46:09,1.16.3,PRexp,14,3.88,1,22,Pellet,Left,7288,358,401,17,0.61,1653,nan
9/22/2025 5:46:49,1.16.3,PRexp,14,3.88,nan,25,Left,Left,7289,358,401,17,nan,nan,0.04
9/22/2025 5:46:55,1.16.3,PRexp,14,3.88,nan,25,Left,Left,7290,358,401,17,nan,nan,0.02
9/22/2025 5:46:57,1.16.3,PRexp,14,3.88,nan,25,Left,Left,7291,358,401,17,nan,nan,0.33
9/22/2025 5:46:58,1.16.3,PRexp,14,3.88,nan,25,Left,Left,7292,358,401,17,nan,nan,0.00
9/22/2025 5:46:59,1.16.3,PRexp,14,3.88,nan,25,Left,Left,7293,358,401,17,nan,nan,0.17
9/22/2025 5:47:02,1.16.3,PRexp,14,3.88,nan,25,Left,Left,7294,358,401,17,nan,nan,0.20
9/22/2025 5:47:04,1.16.3,PRexp,14,3.88,nan,25,Left,Left,7295,358,401,17,nan,nan,0.00
9/22/2025 5:47:10,1.16.3,PRexp,14,3.88,nan,25,Left,Left,7296,358,401,17,nan,nan,0.02
9/22/2025 5:47:12,1.16.3,PRexp,14,3.88,nan,25,Left,Left,7297,358,401,17,nan,nan,0.43
9/22/2025 5:47:17,1.16.3,PRexp,14,3.88,nan,25,Left,Left,7298,358,401,17,nan,nan,0.15
9/22/2025 5:47:18,1.16.3,PRexp,14,3.88,nan,25,Left,Left,7299,358,401,17,nan,nan,0.04
9/22/2025 5:47:25,1.16.3,PRexp,14,3.88,nan,25,Left,Left,7300,358,401,17,nan,nan,0.25
9/22/2025 5:47:30,1.16.3,PRexp,14,3.88,nan,25,Left,Left,7301,358,401,17,nan,nan,0.62
9/22/2025 5:47:31,1.16.3,PRexp,14,3.88,nan,25,Left,Left,7302,358,401,17,nan,nan,0.09
9/22/2025 5:47:36,1.16.3,PRexp,14,3.88,nan,25,Left,Left,7303,358,401,17,nan,nan,1.81
9/22/2025 5:47:37,1.16.3,PRexp,14,3.88,nan,25,Left,Left,7304,358,401,17,nan,nan,0.25
9/22/2025 5:47:38,1.16.3,PRexp,14,3.89,nan,25,Left,Left,7305,358,401,17,nan,nan,0.02
9/22/2025 5:47:42,1.16.3,PRexp,14,3.88,nan,25,Left,Left,7306,358,401,17,nan,nan,0.62
9/22/2025 5:47:44,1.16.3,PRexp,14,3.88,nan,25,Left,Left,7307,358,401,17,nan,nan,0.32
9/22/2025 5:47:46,1.16.3,PRexp,14,3.88,nan,25,Left,Left,7308,358,401,17,nan,nan,0.89
9/22/2025 5:47:51,1.16.3,PRexp,14,3.88,nan,25,Left,Left,7309,358,401,17,nan,nan,0.11
9/22/2025 5:47:54,1.16.3,PRexp,14,3.88,nan,25,Left,Left,7310,358,401,17,nan,nan,1.48
9/22/2025 5:47:55,1.16.3,PRexp,14,3.88,nan,25,Left,Left,7311,358,401,17,nan,nan,0.52
9/22/2025 5:47:58,1.16.3,PRexp,14,3.88,nan,25,Left,Left,7312,358,401,17,nan,nan,1.83
9/22/2025 5:48:04,1.16.3,PRexp,14,3.89,nan,25,Left,Left,7313,358,401,17,nan,nan,0.55
9/22/2025 5:48:05,1.16.3,PRexp,14,3.88,1,25,Pellet,Left,7313,358,402,18,0.30,116,nan
9/22/2025 5:48:53,1.16.3,PRexp,14,3.88,nan,28,Left,Left,7314,358,402,18,nan,nan,0.11
9/22/2025 5:48:55,1.16.3,PRexp,14,3.88,nan,28,Left,Left,7315,358,402,18,nan,nan,0.11
9/22/2025 5:49:19,1.16.3,PRexp,14,3.88,nan,28,Left,Left,7316,358,402,18,nan,nan,0.10
9/22/2025 5:49:22,1.16.3,PRexp,14,3.88,nan,28,Left,Left,7317,358,402,18,nan,nan,1.08
9/22/2025 5:49:24,1.16.3,PRexp,14,3.89,nan,28,Left,Left,7318,358,402,18,nan,nan,0.64
9/22/2025 5:49:26,1.16.3,PRexp,14,3.88,nan,28,Left,Left,7319,358,402,18,nan,nan,0.01
9/22/2025 5:49:29,1.16.3,PRexp,14,3.88,nan,28,Left,Left,7320,358,402,18,nan,nan,0.00
9/22/2025 5:49:32,1.16.3,PRexp,14,3.88,nan,28,Left,Left,7321,358,402,18,nan,nan,0.09
9/22/2025 5:49:36,1.16.3,PRexp,14,3.88,nan,28,Left,Left,7322,358,402,18,nan,nan,0.25
9/22/2025 5:49:37,1.16.3,PRexp,14,3.88,nan,28,Left,Left,7323,358,402,18,nan,nan,0.30
9/22/2025 5:49:40,1.16.3,PRexp,14,3.88,nan,28,Left,Left,7324,358,402,18,nan,nan,0.12
9/22/2025 5:49:42,1.16.3,PRexp,14,3.88,nan,28,Left,Left,7325,358,402,18,nan,nan,0.00
9/22/2025 5:49:44,1.16.3,PRexp,14,3.88,nan,28,Left,Left,7326,358,402,18,nan,nan,0.09
9/22/2025 5:49:46,1.16.3,PRexp,14,3.88,nan,28,Left,Left,7327,358,402,18,nan,nan,0.63
9/22/2025 5:49:49,1.16.3,PRexp,14,3.88,nan,28,Left,Left,7328,358,402,18,nan,nan,1.60
9/22/2025 5:49:50,1.16.3,PRexp,14,3.88,nan,28,Left,Left,7329,358,402,18,nan,nan,0.34
9/22/2025 5:49:54,1.16.3,PRexp,14,3.88,nan,28,Left,Left,7330,358,402,18,nan,nan,0.09
9/22/2025 5:49:55,1.16.3,PRexp,14,3.88,nan,28,Left,Left,7331,358,402,18,nan,nan,0.09
9/22/2025 5:49:59,1.16.3,PRexp,14,3.88,nan,28,Left,Left,7332,358,402,18,nan,nan,0.09
9/22/2025 5:50:02,1.16.3,PRexp,14,3.88,nan,28,Left,Left,7333,358,402,18,nan,nan,1.70
9/22/2025 5:50:04,1.16.3,PRexp,14,3.88,nan,28,Left,Left,7334,358,402,18,nan,nan,0.22
9/22/2025 5:50:07,1.16.3,PRexp,14,3.88,nan,28,Left,Left,7335,358,402,18,nan,nan,0.30
9/22/2025 5:50:09,1.16.3,PRexp,14,3.88,nan,28,Left,Left,7336,358,402,18,nan,nan,0.03
9/22/2025 5:50:10,1.16.3,PRexp,14,3.88,nan,28,Left,Left,7337,358,402,18,nan,nan,0.02
9/22/2025 5:50:11,1.16.3,PRexp,14,3.88,nan,28,Left,Left,7338,358,402,18,nan,nan,0.27
9/22/2025 5:50:13,1.16.3,PRexp,14,3.88,nan,28,Left,Left,7339,358,402,18,nan,nan,0.24
9/22/2025 5:50:16,1.16.3,PRexp,14,3.88,nan,28,Left,Left,7340,358,402,18,nan,nan,0.06
9/22/2025 5:50:18,1.16.3,PRexp,14,3.87,nan,28,Left,Left,7341,358,402,18,nan,nan,0.51
9/22/2025 5:50:18,1.16.3,PRexp,14,3.88,nan,28,LeftDuringDispense,Left,7342,358,402,19,nan,nan,0.10
9/22/2025 5:50:22,1.16.3,PRexp,14,3.88,2,28,Pellet,Left,7342,358,403,19,0.49,137,nan
9/22/2025 6:02:00,1.16.3,PRexp,14,3.87,nan,32,Left,Left,7343,358,403,19,nan,nan,0.11
9/22/2025 6:02:05,1.16.3,PRexp,14,3.88,nan,32,Left,Left,7344,358,403,19,nan,nan,0.75
9/22/2025 6:02:08,1.16.3,PRexp,14,3.89,nan,32,Left,Left,7345,358,403,19,nan,nan,1.44
9/22/2025 6:02:10,1.16.3,PRexp,14,3.88,nan,32,Left,Left,7346,358,403,19,nan,nan,0.00
9/22/2025 6:02:13,1.16.3,PRexp,14,3.88,nan,32,Left,Left,7347,358,403,19,nan,nan,0.00
9/22/2025 6:02:14,1.16.3,PRexp,14,3.89,nan,32,Left,Left,7348,358,403,19,nan,nan,0.01
9/22/2025 6:02:16,1.16.3,PRexp,14,3.88,nan,32,Left,Left,7349,358,403,19,nan,nan,0.00
9/22/2025 6:02:17,1.16.3,PRexp,14,3.88,nan,32,Left,Left,7350,358,403,19,nan,nan,0.02
9/22/2025 6:02:19,1.16.3,PRexp,14,3.89,nan,32,Left,Left,7351,358,403,19,nan,nan,0.75
9/22/2025 6:02:23,1.16.3,PRexp,14,3.88,nan,32,Left,Left,7352,358,403,19,nan,nan,0.93
9/22/2025 6:02:26,1.16.3,PRexp,14,3.87,nan,32,Left,Left,7353,358,403,19,nan,nan,0.00
9/22/2025 6:02:28,1.16.3,PRexp,14,3.88,nan,32,Left,Left,7354,358,403,19,nan,nan,0.00
9/22/2025 6:02:29,1.16.3,PRexp,14,3.88,nan,32,Left,Left,7355,358,403,19,nan,nan,1.02
9/22/2025 6:02:31,1.16.3,PRexp,14,3.88,nan,32,Left,Left,7356,358,403,19,nan,nan,0.77
9/22/2025 6:02:33,1.16.3,PRexp,14,3.88,nan,32,Left,Left,7357,358,403,19,nan,nan,0.86
9/22/2025 6:02:34,1.16.3,PRexp,14,3.88,nan,32,Left,Left,7358,358,403,19,nan,nan,0.02
9/22/2025 6:02:36,1.16.3,PRexp,14,3.88,nan,32,Left,Left,7359,358,403,19,nan,nan,0.00
9/22/2025 6:02:37,1.16.3,PRexp,14,3.88,nan,32,Left,Left,7360,358,403,19,nan,nan,0.01
9/22/2025 6:02:41,1.16.3,PRexp,14,3.88,nan,32,Left,Left,7361,358,403,19,nan,nan,0.04
9/22/2025 6:02:42,1.16.3,PRexp,14,3.88,nan,32,Left,Left,7362,358,403,19,nan,nan,0.14
9/22/2025 6:02:46,1.16.3,PRexp,14,3.88,nan,32,Left,Left,7363,358,403,19,nan,nan,0.02
9/22/2025 6:02:51,1.16.3,PRexp,14,3.89,nan,32,Left,Left,7364,358,403,19,nan,nan,0.04
9/22/2025 6:02:53,1.16.3,PRexp,14,3.88,nan,32,Left,Left,7365,358,403,19,nan,nan,0.00
9/22/2025 6:02:55,1.16.3,PRexp,14,3.88,nan,32,Left,Left,7366,358,403,19,nan,nan,0.00
9/22/2025 6:02:57,1.16.3,PRexp,14,3.88,nan,32,Left,Left,7367,358,403,19,nan,nan,1.18
9/22/2025 6:03:00,1.16.3,PRexp,14,3.88,nan,32,Left,Left,7368,358,403,19,nan,nan,0.00
9/22/2025 6:03:02,1.16.3,PRexp,14,3.88,nan,32,Left,Left,7369,358,403,19,nan,nan,0.91
9/22/2025 6:03:07,1.16.3,PRexp,14,3.88,nan,32,Left,Left,7370,358,403,19,nan,nan,1.29
9/22/2025 6:03:09,1.16.3,PRexp,14,3.89,nan,32,Left,Left,7371,358,403,19,nan,nan,0.00
9/22/2025 6:03:12,1.16.3,PRexp,14,3.88,nan,32,Left,Left,7372,358,403,19,nan,nan,0.98
9/22/2025 6:03:17,1.16.3,PRexp,14,3.87,nan,32,Left,Left,7373,358,403,19,nan,nan,0.59
9/22/2025 6:03:20,1.16.3,PRexp,14,3.88,nan,32,Left,Left,7374,358,403,19,nan,nan,0.49
9/22/2025 6:03:22,1.16.3,PRexp,14,3.88,1,32,Pellet,Left,7374,358,404,20,0.98,779,nan
9/22/2025 6:03:58,1.16.3,PRexp,14,3.88,nan,36,Left,Left,7375,358,404,20,nan,nan,0.03
9/22/2025 6:04:25,1.16.3,PRexp,14,3.88,nan,36,Left,Left,7376,358,404,20,nan,nan,0.11
9/22/2025 6:04:27,1.16.3,PRexp,14,3.89,nan,36,Left,Left,7377,358,404,20,nan,nan,0.07
9/22/2025 6:04:31,1.16.3,PRexp,14,3.88,nan,36,Left,Left,7378,358,404,20,nan,nan,0.12
9/22/2025 6:04:35,1.16.3,PRexp,14,3.88,nan,36,Left,Left,7379,358,404,20,nan,nan,0.00
9/22/2025 6:04:37,1.16.3,PRexp,14,3.88,nan,36,Left,Left,7380,358,404,20,nan,nan,0.53
9/22/2025 6:04:39,1.16.3,PRexp,14,3.88,nan,36,Left,Left,7381,358,404,20,nan,nan,0.02
9/22/2025 6:04:40,1.16.3,PRexp,14,3.87,nan,36,Left,Left,7382,358,404,20,nan,nan,0.00
9/22/2025 6:04:41,1.16.3,PRexp,14,3.88,nan,36,Left,Left,7383,358,404,20,nan,nan,0.85
9/22/2025 6:04:43,1.16.3,PRexp,14,3.89,nan,36,Left,Left,7384,358,404,20,nan,nan,0.75
9/22/2025 6:04:47,1.16.3,PRexp,14,3.88,nan,36,Left,Left,7385,358,404,20,nan,nan,0.89
9/22/2025 6:04:52,1.16.3,PRexp,14,3.88,nan,36,Left,Left,7386,358,404,20,nan,nan,0.20
9/22/2025 6:04:53,1.16.3,PRexp,14,3.88,nan,36,Left,Left,7387,358,404,20,nan,nan,0.00
9/22/2025 6:04:54,1.16.3,PRexp,14,3.88,nan,36,Left,Left,7388,358,404,20,nan,nan,0.00
9/22/2025 6:04:56,1.16.3,PRexp,14,3.88,nan,36,Left,Left,7389,358,404,20,nan,nan,0.30
9/22/2025 6:04:57,1.16.3,PRexp,14,3.88,nan,36,Left,Left,7390,358,404,20,nan,nan,0.00
9/22/2025 6:05:00,1.16.3,PRexp,14,3.88,nan,36,Left,Left,7391,358,404,20,nan,nan,0.69
9/22/2025 6:05:05,1.16.3,PRexp,14,3.88,nan,36,Left,Left,7392,358,404,20,nan,nan,0.38
9/22/2025 6:05:07,1.16.3,PRexp,14,3.88,nan,36,Left,Left,7393,358,404,20,nan,nan,0.01
9/22/2025 6:05:09,1.16.3,PRexp,14,3.88,nan,36,Left,Left,7394,358,404,20,nan,nan,0.48
9/22/2025 6:05:11,1.16.3,PRexp,14,3.88,nan,36,Left,Left,7395,358,404,20,nan,nan,0.56
9/22/2025 6:05:13,1.16.3,PRexp,14,3.88,nan,36,Left,Left,7396,358,404,20,nan,nan,0.46
9/22/2025 6:05:15,1.16.3,PRexp,14,3.88,nan,36,Left,Left,7397,358,404,20,nan,nan,0.19
9/22/2025 6:26:36,1.16.3,PRexp,14,3.88,nan,36,Left,Left,7398,358,404,20,nan,nan,0.12
9/22/2025 6:26:39,1.16.3,PRexp,14,3.88,nan,36,Left,Left,7399,358,404,20,nan,nan,0.45
9/22/2025 6:26:41,1.16.3,PRexp,14,3.88,nan,36,Left,Left,7400,358,404,20,nan,nan,0.58
9/22/2025 6:26:42,1.16.3,PRexp,14,3.88,nan,36,Left,Left,7401,358,404,20,nan,nan,0.07
9/22/2025 6:26:54,1.16.3,PRexp,14,3.89,nan,36,Left,Left,7402,358,404,20,nan,nan,0.05
9/22/2025 6:26:55,1.16.3,PRexp,14,3.88,nan,36,Left,Left,7403,358,404,20,nan,nan,0.42
9/22/2025 6:26:57,1.16.3,PRexp,14,3.88,nan,36,Left,Left,7404,358,404,20,nan,nan,0.00
9/22/2025 6:26:58,1.16.3,PRexp,14,3.88,nan,36,Left,Left,7405,358,404,20,nan,nan,0.00
9/22/2025 6:26:59,1.16.3,PRexp,14,3.88,nan,36,Left,Left,7406,358,404,20,nan,nan,0.03
9/22/2025 6:27:01,1.16.3,PRexp,14,3.88,nan,36,Left,Left,7407,358,404,20,nan,nan,0.13
9/22/2025 6:27:08,1.16.3,PRexp,14,3.88,nan,36,Left,Left,7408,358,404,20,nan,nan,0.47
9/22/2025 6:27:12,1.16.3,PRexp,14,3.88,nan,36,Left,Left,7409,358,404,20,nan,nan,0.22
9/22/2025 6:27:14,1.16.3,PRexp,14,3.88,nan,36,Left,Left,7410,358,404,20,nan,nan,0.48
9/22/2025 6:27:16,1.16.3,PRexp,14,3.88,1,36,Pellet,Left,7410,358,405,21,1.04,1435,nan
9/22/2025 6:28:45,1.16.3,PRexp,14,3.88,nan,40,Left,Left,7411,358,405,21,nan,nan,0.03
9/22/2025 6:29:10,1.16.3,PRexp,14,3.88,nan,40,Left,Left,7412,358,405,21,nan,nan,0.22
9/22/2025 6:29:10,1.16.3,PRexp,14,3.88,nan,40,Left,Left,7413,358,405,21,nan,nan,0.01
9/22/2025 6:29:19,1.16.3,PRexp,14,3.88,nan,40,Left,Left,7414,358,405,21,nan,nan,0.80
9/22/2025 6:29:21,1.16.3,PRexp,14,3.88,nan,40,Left,Left,7415,358,405,21,nan,nan,0.02
9/22/2025 6:29:23,1.16.3,PRexp,14,3.88,nan,40,Left,Left,7416,358,405,21,nan,nan,0.10
9/22/2025 6:29:26,1.16.3,PRexp,14,3.88,nan,40,Left,Left,7417,358,405,21,nan,nan,0.01
9/22/2025 6:29:28,1.16.3,PRexp,14,3.88,nan,40,Left,Left,7418,358,405,21,nan,nan,0.01
9/22/2025 6:29:29,1.16.3,PRexp,14,3.88,nan,40,Left,Left,7419,358,405,21,nan,nan,0.08
9/22/2025 6:29:31,1.16.3,PRexp,14,3.88,nan,40,Left,Left,7420,358,405,21,nan,nan,0.13
9/22/2025 6:29:32,1.16.3,PRexp,14,3.88,nan,40,Left,Left,7421,358,405,21,nan,nan,0.02
9/22/2025 6:29:34,1.16.3,PRexp,14,3.89,nan,40,Left,Left,7422,358,405,21,nan,nan,0.03
9/22/2025 6:29:36,1.16.3,PRexp,14,3.88,nan,40,Left,Left,7423,358,405,21,nan,nan,0.04
9/22/2025 6:29:40,1.16.3,PRexp,14,3.88,nan,40,Left,Left,7424,358,405,21,nan,nan,0.02
9/22/2025 6:29:42,1.16.3,PRexp,14,3.88,nan,40,Left,Left,7425,358,405,21,nan,nan,0.30
9/22/2025 6:29:56,1.16.3,PRexp,14,3.88,nan,40,Left,Left,7426,358,405,21,nan,nan,0.02
9/22/2025 6:30:12,1.16.3,PRexp,14,3.87,nan,40,Left,Left,7427,358,405,21,nan,nan,0.04
9/22/2025 6:30:18,1.16.3,PRexp,14,3.88,nan,40,Left,Left,7428,358,405,21,nan,nan,0.00
9/22/2025 6:30:23,1.16.3,PRexp,14,3.88,nan,40,Left,Left,7429,358,405,21,nan,nan,0.03
9/22/2025 6:30:24,1.16.3,PRexp,14,3.88,nan,40,Left,Left,7430,358,405,21,nan,nan,0.47
9/22/2025 6:30:31,1.16.3,PRexp,14,3.88,nan,40,Left,Left,7431,358,405,21,nan,nan,0.11
9/22/2025 6:30:36,1.16.3,PRexp,14,3.88,nan,40,Left,Left,7432,358,405,21,nan,nan,0.47
9/22/2025 6:30:43,1.16.3,PRexp,14,3.88,nan,40,Left,Left,7433,358,405,21,nan,nan,0.05
9/22/2025 6:30:46,1.16.3,PRexp,14,3.88,nan,40,Left,Left,7434,358,405,21,nan,nan,0.00
9/22/2025 6:30:47,1.16.3,PRexp,14,3.88,nan,40,Left,Left,7435,358,405,21,nan,nan,0.00
9/22/2025 6:30:51,1.16.3,PRexp,14,3.88,nan,40,Left,Left,7436,358,405,21,nan,nan,0.01
9/22/2025 6:30:53,1.16.3,PRexp,14,3.88,nan,40,Left,Left,7437,358,405,21,nan,nan,0.55
9/22/2025 6:30:54,1.16.3,PRexp,14,3.88,nan,40,Left,Left,7438,358,405,21,nan,nan,0.05
9/22/2025 6:30:57,1.16.3,PRexp,14,3.88,nan,40,Left,Left,7439,358,405,21,nan,nan,0.22
9/22/2025 6:30:58,1.16.3,PRexp,14,3.88,nan,40,Left,Left,7440,358,405,21,nan,nan,0.00
9/22/2025 6:31:00,1.16.3,PRexp,14,3.88,nan,40,Left,Left,7441,358,405,21,nan,nan,0.61
9/22/2025 6:31:01,1.16.3,PRexp,14,3.88,nan,40,Left,Left,7442,358,405,21,nan,nan,0.04
9/22/2025 6:31:06,1.16.3,PRexp,14,3.88,nan,40,Left,Left,7443,358,405,21,nan,nan,1.01
9/22/2025 6:31:08,1.16.3,PRexp,14,3.88,nan,40,Left,Left,7444,358,405,21,nan,nan,0.44
9/22/2025 6:31:13,1.16.3,PRexp,14,3.88,nan,40,Left,Left,7445,358,405,21,nan,nan,3.02
9/22/2025 6:31:17,1.16.3,PRexp,14,3.88,nan,40,Left,Left,7446,358,405,21,nan,nan,0.15
9/22/2025 6:31:19,1.16.3,PRexp,14,3.88,nan,40,Left,Left,7447,358,405,21,nan,nan,1.37
9/22/2025 6:31:22,1.16.3,PRexp,14,3.89,nan,40,Left,Left,7448,358,405,21,nan,nan,0.02
9/22/2025 6:31:25,1.16.3,PRexp,14,3.87,nan,40,Left,Left,7449,358,405,21,nan,nan,0.93
9/22/2025 6:31:26,1.16.3,PRexp,14,3.88,nan,40,Left,Left,7450,358,405,21,nan,nan,0.16
9/22/2025 6:31:27,1.16.3,PRexp,14,3.88,1,40,Pellet,Left,7450,358,406,22,0.85,251,nan
9/22/2025 6:32:58,1.16.3,PRexp,14,3.88,nan,45,Left,Left,7451,358,406,22,nan,nan,0.08
9/22/2025 6:32:59,1.16.3,PRexp,14,3.89,nan,45,Left,Left,7452,358,406,22,nan,nan,0.03
9/22/2025 6:33:04,1.16.3,PRexp,14,3.88,nan,45,Left,Left,7453,358,406,22,nan,nan,0.08
9/22/2025 6:33:05,1.16.3,PRexp,14,3.88,nan,45,Left,Left,7454,358,406,22,nan,nan,0.56
9/22/2025 6:33:06,1.16.3,PRexp,14,3.88,nan,45,Left,Left,7455,358,406,22,nan,nan,0.06
9/22/2025 6:33:19,1.16.3,PRexp,14,3.88,nan,45,Left,Left,7456,358,406,22,nan,nan,0.50
9/22/2025 6:33:21,1.16.3,PRexp,14,3.88,nan,45,Left,Left,7457,358,406,22,nan,nan,0.06
9/22/2025 6:33:29,1.16.3,PRexp,14,3.88,nan,45,Left,Left,7458,358,406,22,nan,nan,0.14
9/22/2025 6:33:31,1.16.3,PRexp,14,3.88,nan,45,Left,Left,7459,358,406,22,nan,nan,0.51
9/22/2025 6:33:33,1.16.3,PRexp,14,3.88,nan,45,Left,Left,7460,358,406,22,nan,nan,0.07
9/22/2025 6:33:35,1.16.3,PRexp,14,3.87,nan,45,Left,Left,7461,358,406,22,nan,nan,0.01
9/22/2025 6:33:38,1.16.3,PRexp,14,3.88,nan,45,Left,Left,7462,358,406,22,nan,nan,0.17
9/22/2025 6:33:39,1.16.3,PRexp,14,3.88,nan,45,Left,Left,7463,358,406,22,nan,nan,0.00
9/22/2025 6:33:41,1.16.3,PRexp,14,3.88,nan,45,Left,Left,7464,358,406,22,nan,nan,0.06
9/22/2025 6:33:43,1.16.3,PRexp,14,3.87,nan,45,Left,Left,7465,358,406,22,nan,nan,0.89
9/22/2025 6:33:45,1.16.3,PRexp,14,3.88,nan,45,Left,Left,7466,358,406,22,nan,nan,1.26
9/22/2025 6:33:47,1.16.3,PRexp,14,3.88,nan,45,Left,Left,7467,358,406,22,nan,nan,1.54
9/22/2025 6:33:50,1.16.3,PRexp,14,3.88,nan,45,Left,Left,7468,358,406,22,nan,nan,0.69
9/22/2025 6:33:53,1.16.3,PRexp,14,3.88,nan,45,Left,Left,7469,358,406,22,nan,nan,0.56
9/22/2025 6:33:54,1.16.3,PRexp,14,3.88,nan,45,Left,Left,7470,358,406,22,nan,nan,0.04
9/22/2025 6:33:59,1.16.3,PRexp,14,3.88,nan,45,Left,Left,7471,358,406,22,nan,nan,2.11
9/22/2025 6:34:03,1.16.3,PRexp,14,3.88,nan,45,Left,Left,7472,358,406,22,nan,nan,0.15
9/22/2025 6:34:05,1.16.3,PRexp,14,3.88,nan,45,Left,Left,7473,358,406,22,nan,nan,0.51
9/22/2025 6:34:09,1.16.3,PRexp,14,3.88,nan,45,Left,Left,7474,358,406,22,nan,nan,0.09
9/22/2025 6:34:13,1.16.3,PRexp,14,3.89,nan,45,Left,Left,7475,358,406,22,nan,nan,0.02
9/22/2025 6:34:14,1.16.3,PRexp,14,3.88,nan,45,Left,Left,7476,358,406,22,nan,nan,0.06
9/22/2025 6:34:15,1.16.3,PRexp,14,3.88,nan,45,Left,Left,7477,358,406,22,nan,nan,0.16
9/22/2025 6:34:16,1.16.3,PRexp,14,3.88,nan,45,Left,Left,7478,358,406,22,nan,nan,0.03
9/22/2025 6:34:19,1.16.3,PRexp,14,3.89,nan,45,Left,Left,7479,358,406,22,nan,nan,0.08
9/22/2025 6:34:21,1.16.3,PRexp,14,3.87,nan,45,Left,Left,7480,358,406,22,nan,nan,0.39
9/22/2025 6:34:24,1.16.3,PRexp,14,3.87,nan,45,Left,Left,7481,358,406,22,nan,nan,0.08
9/22/2025 6:34:26,1.16.3,PRexp,14,3.88,nan,45,Left,Left,7482,358,406,22,nan,nan,0.11
9/22/2025 6:34:31,1.16.3,PRexp,14,3.88,nan,45,Left,Left,7483,358,406,22,nan,nan,0.01
9/22/2025 6:34:35,1.16.3,PRexp,14,3.88,nan,45,Left,Left,7484,358,406,22,nan,nan,0.96
9/22/2025 6:34:36,1.16.3,PRexp,14,3.88,nan,45,Left,Left,7485,358,406,22,nan,nan,0.03
9/22/2025 6:34:39,1.16.3,PRexp,14,3.88,nan,45,Left,Left,7486,358,406,22,nan,nan,0.11
9/22/2025 6:34:43,1.16.3,PRexp,14,3.88,nan,45,Left,Left,7487,358,406,22,nan,nan,0.03
9/22/2025 6:34:46,1.16.3,PRexp,14,3.88,nan,45,Left,Left,7488,358,406,22,nan,nan,0.12
9/22/2025 6:34:47,1.16.3,PRexp,14,3.88,nan,45,Left,Left,7489,358,406,22,nan,nan,0.08
9/22/2025 6:34:52,1.16.3,PRexp,14,3.88,nan,45,Left,Left,7490,358,406,22,nan,nan,0.32
9/22/2025 6:34:54,1.16.3,PRexp,14,3.88,nan,45,Left,Left,7491,358,406,22,nan,nan,0.08
9/22/2025 6:34:55,1.16.3,PRexp,14,3.88,nan,45,Left,Left,7492,358,406,22,nan,nan,0.02
9/22/2025 6:34:59,1.16.3,PRexp,14,3.88,nan,45,Left,Left,7493,358,406,22,nan,nan,0.16
9/22/2025 6:35:02,1.16.3,PRexp,14,3.88,nan,45,Left,Left,7494,358,406,22,nan,nan,0.53
9/22/2025 6:35:03,1.16.3,PRexp,14,3.88,nan,45,Left,Left,7495,358,406,22,nan,nan,0.57
9/22/2025 6:35:04,1.16.3,PRexp,14,3.88,nan,45,LeftDuringDispense,Left,7496,358,406,23,nan,nan,0.03
9/22/2025 6:35:07,1.16.3,PRexp,14,3.88,nan,45,LeftWithPellet,Left,7497,358,406,23,nan,nan,0.04
9/22/2025 6:35:10,1.16.3,PRexp,14,3.88,nan,45,LeftWithPellet,Left,7498,358,406,23,nan,nan,0.43
9/22/2025 6:35:11,1.16.3,PRexp,14,3.87,nan,45,LeftWithPellet,Left,7499,358,406,23,nan,nan,0.08
9/22/2025 6:35:12,1.16.3,PRexp,14,3.87,2,45,Pellet,Left,7499,358,407,23,5.16,225,nan
9/22/2025 6:36:06,1.16.3,PRexp,14,3.88,nan,50,Left,Left,7500,358,407,23,nan,nan,0.07
9/22/2025 6:36:07,1.16.3,PRexp,14,3.88,nan,50,Left,Left,7501,358,407,23,nan,nan,0.24
9/22/2025 6:36:18,1.16.3,PRexp,14,3.88,nan,50,Left,Left,7502,358,407,23,nan,nan,0.04
9/22/2025 6:36:21,1.16.3,PRexp,14,3.87,nan,50,Left,Left,7503,358,407,23,nan,nan,1.04
9/22/2025 6:36:25,1.16.3,PRexp,14,3.88,nan,50,Left,Left,7504,358,407,23,nan,nan,0.07
9/22/2025 6:36:26,1.16.3,PRexp,14,3.88,nan,50,Left,Left,7505,358,407,23,nan,nan,0.31
9/22/2025 6:36:27,1.16.3,PRexp,14,3.88,nan,50,Left,Left,7506,358,407,23,nan,nan,0.06
9/22/2025 6:36:31,1.16.3,PRexp,14,3.88,nan,50,Left,Left,7507,358,407,23,nan,nan,0.03
9/22/2025 6:36:32,1.16.3,PRexp,14,3.88,nan,50,Left,Left,7508,358,407,23,nan,nan,0.01
9/22/2025 6:36:35,1.16.3,PRexp,14,3.88,nan,50,Left,Left,7509,358,407,23,nan,nan,0.00
9/22/2025 6:36:36,1.16.3,PRexp,14,3.88,nan,50,Left,Left,7510,358,407,23,nan,nan,0.00
9/22/2025 6:36:39,1.16.3,PRexp,14,3.88,nan,50,Left,Left,7511,358,407,23,nan,nan,0.16
9/22/2025 6:36:40,1.16.3,PRexp,14,3.88,nan,50,Left,Left,7512,358,407,23,nan,nan,0.31
9/22/2025 6:36:41,1.16.3,PRexp,14,3.88,nan,50,Left,Left,7513,358,407,23,nan,nan,0.10
9/22/2025 6:36:43,1.16.3,PRexp,14,3.88,nan,50,Left,Left,7514,358,407,23,nan,nan,0.00
9/22/2025 6:36:44,1.16.3,PRexp,14,3.88,nan,50,Left,Left,7515,358,407,23,nan,nan,0.08
9/22/2025 6:36:45,1.16.3,PRexp,14,3.87,nan,50,Left,Left,7516,358,407,23,nan,nan,0.03
9/22/2025 6:36:49,1.16.3,PRexp,14,3.88,nan,50,Left,Left,7517,358,407,23,nan,nan,0.85
9/22/2025 6:36:50,1.16.3,PRexp,14,3.88,nan,50,Left,Left,7518,358,407,23,nan,nan,0.14
9/22/2025 6:36:52,1.16.3,PRexp,14,3.88,nan,50,Left,Left,7519,358,407,23,nan,nan,0.00
9/22/2025 6:36:55,1.16.3,PRexp,14,3.88,nan,50,Left,Left,7520,358,407,23,nan,nan,1.11
9/22/2025 6:36:57,1.16.3,PRexp,14,3.89,nan,50,Left,Left,7521,358,407,23,nan,nan,0.01
9/22/2025 6:36:59,1.16.3,PRexp,14,3.88,nan,50,Left,Left,7522,358,407,23,nan,nan,0.31
9/22/2025 6:37:02,1.16.3,PRexp,14,3.88,nan,50,Left,Left,7523,358,407,23,nan,nan,0.06
9/22/2025 6:37:03,1.16.3,PRexp,14,3.88,nan,50,Left,Left,7524,358,407,23,nan,nan,0.41
9/22/2025 6:37:04,1.16.3,PRexp,14,3.88,nan,50,Left,Left,7525,358,407,23,nan,nan,0.16
9/22/2025 6:37:05,1.16.3,PRexp,14,3.87,nan,50,Left,Left,7526,358,407,23,nan,nan,0.01
9/22/2025 6:37:06,1.16.3,PRexp,14,3.88,nan,50,Left,Left,7527,358,407,23,nan,nan,0.31
9/22/2025 6:37:08,1.16.3,PRexp,14,3.88,nan,50,Left,Left,7528,358,407,23,nan,nan,0.38
9/22/2025 6:37:11,1.16.3,PRexp,14,3.88,nan,50,Left,Left,7529,358,407,23,nan,nan,0.24
9/22/2025 6:37:13,1.16.3,PRexp,14,3.88,nan,50,Left,Left,7530,358,407,23,nan,nan,0.11
9/22/2025 6:37:15,1.16.3,PRexp,14,3.88,nan,50,Left,Left,7531,358,407,23,nan,nan,0.00
9/22/2025 6:37:15,1.16.3,PRexp,14,3.88,nan,50,Left,Left,7532,358,407,23,nan,nan,0.00
9/22/2025 6:37:17,1.16.3,PRexp,14,3.88,nan,50,Left,Left,7533,358,407,23,nan,nan,0.37
9/22/2025 6:37:21,1.16.3,PRexp,14,3.88,nan,50,Left,Left,7534,358,407,23,nan,nan,0.25
9/22/2025 6:37:25,1.16.3,PRexp,14,3.88,nan,50,Left,Left,7535,358,407,23,nan,nan,0.01
9/22/2025 6:58:11,1.16.3,PRexp,14,3.88,nan,50,Left,Left,7536,358,407,23,nan,nan,1.89
9/22/2025 6:58:16,1.16.3,PRexp,14,3.88,nan,50,Left,Left,7537,358,407,23,nan,nan,2.16
9/22/2025 6:58:18,1.16.3,PRexp,14,3.88,nan,50,Left,Left,7538,358,407,23,nan,nan,0.63
9/22/2025 6:58:21,1.16.3,PRexp,14,3.88,nan,50,Left,Left,7539,358,407,23,nan,nan,0.76
9/22/2025 6:58:24,1.16.3,PRexp,14,3.88,nan,50,Left,Left,7540,358,407,23,nan,nan,0.20
9/22/2025 6:58:26,1.16.3,PRexp,14,3.88,nan,50,Left,Left,7541,358,407,23,nan,nan,0.50
9/22/2025 6:58:28,1.16.3,PRexp,14,3.88,nan,50,Left,Left,7542,358,407,23,nan,nan,0.61
9/22/2025 6:58:31,1.16.3,PRexp,14,3.89,nan,50,Left,Left,7543,358,407,23,nan,nan,0.82
9/22/2025 6:58:31,1.16.3,PRexp,14,3.88,nan,50,Left,Left,7544,358,407,23,nan,nan,0.03
9/22/2025 6:58:34,1.16.3,PRexp,14,3.88,nan,50,Left,Left,7545,358,407,23,nan,nan,0.26
9/22/2025 6:58:36,1.16.3,PRexp,14,3.88,nan,50,Left,Left,7546,358,407,23,nan,nan,1.05
9/22/2025 6:58:37,1.16.3,PRexp,14,3.88,nan,50,Left,Left,7547,358,407,23,nan,nan,0.13
9/22/2025 6:58:39,1.16.3,PRexp,14,3.88,nan,50,Left,Left,7548,358,407,23,nan,nan,0.86
9/22/2025 6:58:43,1.16.3,PRexp,14,3.88,nan,50,Left,Left,7549,358,407,23,nan,nan,0.66
9/22/2025 6:58:45,1.16.3,PRexp,14,3.88,1,50,Pellet,Left,7549,358,408,24,0.92,1413,nan
9/22/2025 6:59:42,1.16.3,PRexp,14,3.88,nan,56,Left,Left,7550,358,408,24,nan,nan,0.32
9/22/2025 6:59:44,1.16.3,PRexp,14,3.87,nan,56,Left,Left,7551,358,408,24,nan,nan,0.69
9/22/2025 6:59:45,1.16.3,PRexp,14,3.87,nan,56,Left,Left,7552,358,408,24,nan,nan,0.01
9/22/2025 6:59:48,1.16.3,PRexp,14,3.88,nan,56,Left,Left,7553,358,408,24,nan,nan,0.00
9/22/2025 6:59:50,1.16.3,PRexp,14,3.87,nan,56,Left,Left,7554,358,408,24,nan,nan,0.02
9/22/2025 6:59:52,1.16.3,PRexp,14,3.88,nan,56,Left,Left,7555,358,408,24,nan,nan,0.15
9/22/2025 6:59:53,1.16.3,PRexp,14,3.88,nan,56,Left,Left,7556,358,408,24,nan,nan,0.00
9/22/2025 6:59:56,1.16.3,PRexp,14,3.88,nan,56,Left,Left,7557,358,408,24,nan,nan,0.00
9/22/2025 6:59:57,1.16.3,PRexp,14,3.88,nan,56,Left,Left,7558,358,408,24,nan,nan,0.24
9/22/2025 7:00:00,1.16.3,PRexp,14,3.88,nan,56,Left,Left,7559,358,408,24,nan,nan,0.55
9/22/2025 7:00:01,1.16.3,PRexp,14,3.88,nan,56,Left,Left,7560,358,408,24,nan,nan,0.03
9/22/2025 7:00:06,1.16.3,PRexp,14,3.88,nan,56,Left,Left,7561,358,408,24,nan,nan,0.02
9/22/2025 7:00:08,1.16.3,PRexp,14,3.88,nan,56,Left,Left,7562,358,408,24,nan,nan,0.01
9/22/2025 7:00:13,1.16.3,PRexp,14,3.88,nan,56,Left,Left,7563,358,408,24,nan,nan,0.83
9/22/2025 7:00:14,1.16.3,PRexp,14,3.88,nan,56,Left,Left,7564,358,408,24,nan,nan,0.10
9/22/2025 7:00:17,1.16.3,PRexp,14,3.88,nan,56,Left,Left,7565,358,408,24,nan,nan,0.02
9/22/2025 7:00:19,1.16.3,PRexp,14,3.88,nan,56,Left,Left,7566,358,408,24,nan,nan,0.11
9/22/2025 7:00:26,1.16.3,PRexp,14,3.88,nan,56,Left,Left,7567,358,408,24,nan,nan,0.03
9/22/2025 7:00:28,1.16.3,PRexp,14,3.88,nan,56,Left,Left,7568,358,408,24,nan,nan,0.14
9/22/2025 7:00:33,1.16.3,PRexp,14,3.87,nan,56,Left,Left,7569,358,408,24,nan,nan,0.09
9/22/2025 7:00:34,1.16.3,PRexp,14,3.88,nan,56,Left,Left,7570,358,408,24,nan,nan,0.31
9/22/2025 7:00:38,1.16.3,PRexp,14,3.87,nan,56,Left,Left,7571,358,408,24,nan,nan,0.09
9/22/2025 7:00:39,1.16.3,PRexp,14,3.88,nan,56,Left,Left,7572,358,408,24,nan,nan,0.02
9/22/2025 7:00:40,1.16.3,PRexp,14,3.88,nan,56,Left,Left,7573,358,408,24,nan,nan,0.07
9/22/2025 7:00:42,1.16.3,PRexp,14,3.88,nan,56,Left,Left,7574,358,408,24,nan,nan,0.60
9/22/2025 7:00:43,1.16.3,PRexp,14,3.88,nan,56,Left,Left,7575,358,408,24,nan,nan,0.00
9/22/2025 7:00:47,1.16.3,PRexp,14,3.88,nan,56,Left,Left,7576,358,408,24,nan,nan,1.10
9/22/2025 7:00:48,1.16.3,PRexp,14,3.88,nan,56,Left,Left,7577,358,408,24,nan,nan,0.03
9/22/2025 7:00:49,1.16.3,PRexp,14,3.88,nan,56,Left,Left,7578,358,408,24,nan,nan,0.07
9/22/2025 7:00:52,1.16.3,PRexp,14,3.88,nan,56,Left,Left,7579,358,408,24,nan,nan,0.02
9/22/2025 7:00:53,1.16.3,PRexp,14,3.88,nan,56,Left,Left,7580,358,408,24,nan,nan,0.01
9/22/2025 7:00:54,1.16.3,PRexp,14,3.88,nan,56,Left,Left,7581,358,408,24,nan,nan,0.08
9/22/2025 7:00:55,1.16.3,PRexp,14,3.88,nan,56,Left,Left,7582,358,408,24,nan,nan,0.48
9/22/2025 7:00:58,1.16.3,PRexp,14,3.87,nan,56,Left,Left,7583,358,408,24,nan,nan,0.45
9/22/2025 7:01:00,1.16.3,PRexp,14,3.88,nan,56,Left,Left,7584,358,408,24,nan,nan,0.23
9/22/2025 7:01:04,1.16.3,PRexp,14,3.88,nan,56,Left,Left,7585,358,408,24,nan,nan,0.91
9/22/2025 7:01:05,1.16.3,PRexp,14,3.88,nan,56,Left,Left,7586,358,408,24,nan,nan,0.23
9/22/2025 7:01:07,1.16.3,PRexp,14,3.88,nan,56,Left,Left,7587,358,408,24,nan,nan,0.06
9/22/2025 7:01:08,1.16.3,PRexp,14,3.88,nan,56,Left,Left,7588,358,408,24,nan,nan,0.08
9/22/2025 7:01:13,1.16.3,PRexp,14,3.88,nan,56,Left,Left,7589,358,408,24,nan,nan,0.12
9/22/2025 7:01:16,1.16.3,PRexp,14,3.88,nan,56,Left,Left,7590,358,408,24,nan,nan,1.40
9/22/2025 7:01:22,1.16.3,PRexp,14,3.87,nan,56,Left,Left,7591,358,408,24,nan,nan,0.99
9/22/2025 7:01:23,1.16.3,PRexp,14,3.88,nan,56,Left,Left,7592,358,408,24,nan,nan,0.04
9/22/2025 7:01:27,1.16.3,PRexp,14,3.87,nan,56,Left,Left,7593,358,408,24,nan,nan,0.11
9/22/2025 7:01:29,1.16.3,PRexp,14,3.88,nan,56,Left,Left,7594,358,408,24,nan,nan,1.00
9/22/2025 7:01:33,1.16.3,PRexp,14,3.88,nan,56,Left,Left,7595,358,408,24,nan,nan,1.57
9/22/2025 7:01:35,1.16.3,PRexp,14,3.88,nan,56,Left,Left,7596,358,408,24,nan,nan,0.93
9/22/2025 7:01:37,1.16.3,PRexp,14,3.88,nan,56,Left,Left,7597,358,408,24,nan,nan,0.61
9/22/2025 7:01:39,1.16.3,PRexp,14,3.88,nan,56,Left,Left,7598,358,408,24,nan,nan,0.00
9/22/2025 7:01:41,1.16.3,PRexp,14,3.88,nan,56,Left,Left,7599,358,408,24,nan,nan,0.00
9/22/2025 7:01:43,1.16.3,PRexp,14,3.88,nan,56,Left,Left,7600,358,408,24,nan,nan,0.82
9/22/2025 7:01:48,1.16.3,PRexp,14,3.87,nan,56,Left,Left,7601,358,408,24,nan,nan,0.15
9/22/2025 7:01:49,1.16.3,PRexp,14,3.88,nan,56,Left,Left,7602,358,408,24,nan,nan,0.06
9/22/2025 7:01:52,1.16.3,PRexp,14,3.88,nan,56,Left,Left,7603,358,408,24,nan,nan,0.52
9/22/2025 7:01:54,1.16.3,PRexp,14,3.88,nan,56,Left,Left,7604,358,408,24,nan,nan,0.20
9/22/2025 7:01:55,1.16.3,PRexp,14,3.88,nan,56,Left,Left,7605,358,408,24,nan,nan,0.32
9/22/2025 7:01:55,1.16.3,PRexp,14,3.88,nan,56,LeftDuringDispense,Left,7606,358,408,25,nan,nan,0.01
9/22/2025 7:01:59,1.16.3,PRexp,14,3.89,3,56,Pellet,Left,7606,358,409,25,0.06,193,nan
9/22/2025 7:02:30,1.16.3,PRexp,14,3.88,nan,62,Left,Left,7607,358,409,25,nan,nan,0.07
9/22/2025 7:02:59,1.16.3,PRexp,14,3.88,nan,62,Left,Left,7608,358,409,25,nan,nan,0.03
9/22/2025 7:03:01,1.16.3,PRexp,14,3.88,nan,62,Left,Left,7609,358,409,25,nan,nan,0.51
9/22/2025 7:03:03,1.16.3,PRexp,14,3.88,nan,62,Left,Left,7610,358,409,25,nan,nan,0.53
9/22/2025 7:03:08,1.16.3,PRexp,14,3.88,nan,62,Left,Left,7611,358,409,25,nan,nan,0.71
9/22/2025 7:03:09,1.16.3,PRexp,14,3.88,nan,62,Left,Left,7612,358,409,25,nan,nan,0.00
9/22/2025 7:03:10,1.16.3,PRexp,14,3.88,nan,62,Left,Left,7613,358,409,25,nan,nan,0.41
9/22/2025 7:03:12,1.16.3,PRexp,14,3.88,nan,62,Left,Left,7614,358,409,25,nan,nan,0.48
9/22/2025 7:03:12,1.16.3,PRexp,14,3.87,nan,62,Left,Left,7615,358,409,25,nan,nan,0.00
9/22/2025 7:03:14,1.16.3,PRexp,14,3.88,nan,62,Left,Left,7616,358,409,25,nan,nan,0.58
9/22/2025 7:03:16,1.16.3,PRexp,14,3.87,nan,62,Left,Left,7617,358,409,25,nan,nan,0.35
9/22/2025 7:03:18,1.16.3,PRexp,14,3.89,nan,62,Left,Left,7618,358,409,25,nan,nan,1.17
9/22/2025 7:03:19,1.16.3,PRexp,14,3.87,nan,62,Left,Left,7619,358,409,25,nan,nan,0.00
9/22/2025 7:07:58,1.16.3,PRexp,14,3.88,nan,62,Left,Left,7620,358,409,25,nan,nan,0.28
9/22/2025 7:07:59,1.16.3,PRexp,14,3.88,nan,62,Left,Left,7621,358,409,25,nan,nan,0.02
9/22/2025 7:08:03,1.16.3,PRexp,14,3.88,nan,62,Left,Left,7622,358,409,25,nan,nan,0.64
9/22/2025 7:08:09,1.16.3,PRexp,14,3.88,nan,62,Left,Left,7623,358,409,25,nan,nan,0.91
9/22/2025 7:08:11,1.16.3,PRexp,14,3.87,nan,62,Left,Left,7624,358,409,25,nan,nan,0.81
9/22/2025 7:08:13,1.16.3,PRexp,14,3.88,nan,62,Left,Left,7625,358,409,25,nan,nan,0.01
9/22/2025 7:08:15,1.16.3,PRexp,14,3.88,nan,62,Left,Left,7626,358,409,25,nan,nan,0.67
9/22/2025 7:08:16,1.16.3,PRexp,14,3.88,nan,62,Left,Left,7627,358,409,25,nan,nan,0.02
9/22/2025 7:08:21,1.16.3,PRexp,14,3.89,nan,62,Left,Left,7628,358,409,25,nan,nan,0.16
9/22/2025 7:08:22,1.16.3,PRexp,14,3.88,nan,62,Left,Left,7629,358,409,25,nan,nan,0.00
9/22/2025 7:08:25,1.16.3,PRexp,14,3.88,nan,62,Left,Left,7630,358,409,25,nan,nan,0.18
9/22/2025 7:08:27,1.16.3,PRexp,14,3.87,nan,62,Left,Left,7631,358,409,25,nan,nan,0.28
9/22/2025 7:08:29,1.16.3,PRexp,14,3.88,nan,62,Left,Left,7632,358,409,25,nan,nan,0.40
9/22/2025 7:08:31,1.16.3,PRexp,14,3.87,nan,62,Left,Left,7633,358,409,25,nan,nan,0.45
9/22/2025 7:08:34,1.16.3,PRexp,14,3.88,nan,62,Left,Left,7634,358,409,25,nan,nan,0.10
9/22/2025 7:08:48,1.16.3,PRexp,14,3.88,nan,62,Left,Left,7635,358,409,25,nan,nan,0.59
9/22/2025 7:08:49,1.16.3,PRexp,14,3.88,nan,62,Left,Left,7636,358,409,25,nan,nan,0.13
9/22/2025 7:08:51,1.16.3,PRexp,14,3.88,nan,62,Left,Left,7637,358,409,25,nan,nan,0.69
9/22/2025 7:08:53,1.16.3,PRexp,14,3.88,nan,62,Left,Left,7638,358,409,25,nan,nan,0.67
9/22/2025 7:10:45,1.16.3,PRexp,14,3.88,nan,62,Right,Left,7638,359,409,25,nan,nan,0.15
9/22/2025 7:38:25,1.16.3,PRexp,14,3.88,nan,62,Left,Left,7639,359,409,25,nan,nan,1.44
9/22/2025 7:38:28,1.16.3,PRexp,14,3.88,nan,62,Left,Left,7640,359,409,25,nan,nan,0.87
9/22/2025 7:38:38,1.16.3,PRexp,14,3.87,nan,62,Left,Left,7641,359,409,25,nan,nan,0.66
9/22/2025 7:38:41,1.16.3,PRexp,14,3.88,nan,62,Left,Left,7642,359,409,25,nan,nan,0.56
9/22/2025 7:38:53,1.16.3,PRexp,14,3.88,nan,62,Left,Left,7643,359,409,25,nan,nan,0.64
9/22/2025 7:38:56,1.16.3,PRexp,14,3.88,nan,62,Left,Left,7644,359,409,25,nan,nan,0.16
9/22/2025 7:39:00,1.16.3,PRexp,14,3.88,nan,62,Left,Left,7645,359,409,25,nan,nan,0.75
9/22/2025 7:39:02,1.16.3,PRexp,14,3.88,nan,62,Left,Left,7646,359,409,25,nan,nan,0.87
9/22/2025 7:39:13,1.16.3,PRexp,14,3.88,nan,62,Left,Left,7647,359,409,25,nan,nan,0.21
9/22/2025 7:39:16,1.16.3,PRexp,14,3.87,nan,62,Left,Left,7648,359,409,25,nan,nan,0.61
9/22/2025 7:39:17,1.16.3,PRexp,14,3.88,nan,62,Left,Left,7649,359,409,25,nan,nan,0.00
9/22/2025 7:39:18,1.16.3,PRexp,14,3.87,nan,62,Left,Left,7650,359,409,25,nan,nan,0.03
9/22/2025 7:39:19,1.16.3,PRexp,14,3.88,nan,62,Left,Left,7651,359,409,25,nan,nan,0.02
9/22/2025 7:39:23,1.16.3,PRexp,14,3.88,nan,62,Left,Left,7652,359,409,25,nan,nan,0.97
9/22/2025 7:39:28,1.16.3,PRexp,14,3.88,nan,62,Left,Left,7653,359,409,25,nan,nan,0.04
9/22/2025 7:39:32,1.16.3,PRexp,14,3.87,nan,62,Left,Left,7654,359,409,25,nan,nan,0.41
9/22/2025 7:50:36,1.16.3,PRexp,14,3.88,nan,62,Left,Left,7655,359,409,25,nan,nan,1.31
9/22/2025 7:50:37,1.16.3,PRexp,14,3.88,nan,62,Left,Left,7656,359,409,25,nan,nan,0.42
9/22/2025 7:50:42,1.16.3,PRexp,14,3.87,nan,62,Left,Left,7657,359,409,25,nan,nan,0.60
9/22/2025 7:50:42,1.16.3,PRexp,14,3.88,nan,62,Left,Left,7658,359,409,25,nan,nan,0.00
9/22/2025 7:50:44,1.16.3,PRexp,14,3.88,nan,62,Left,Left,7659,359,409,25,nan,nan,0.00
9/22/2025 7:50:46,1.16.3,PRexp,14,3.88,nan,62,Left,Left,7660,359,409,25,nan,nan,0.48
9/22/2025 7:50:48,1.16.3,PRexp,14,3.88,nan,62,Left,Left,7661,359,409,25,nan,nan,0.48
9/22/2025 7:50:49,1.16.3,PRexp,14,3.88,nan,62,Left,Left,7662,359,409,25,nan,nan,0.02
9/22/2025 7:50:51,1.16.3,PRexp,14,3.88,nan,62,Left,Left,7663,359,409,25,nan,nan,0.00
9/22/2025 7:50:58,1.16.3,PRexp,14,3.87,nan,62,Left,Left,7664,359,409,25,nan,nan,0.06
9/22/2025 7:51:02,1.16.3,PRexp,14,3.87,nan,62,Left,Left,7665,359,409,25,nan,nan,0.00
9/22/2025 7:51:03,1.16.3,PRexp,14,3.88,nan,62,Left,Left,7666,359,409,25,nan,nan,0.00
9/22/2025 7:51:04,1.16.3,PRexp,14,3.88,nan,62,Left,Left,7667,359,409,25,nan,nan,0.06
9/22/2025 7:51:07,1.16.3,PRexp,14,3.88,nan,62,Left,Left,7668,359,409,25,nan,nan,0.47
9/22/2025 7:51:10,1.16.3,PRexp,14,3.88,1,62,Pellet,Left,7668,359,410,26,1.65,2951,nan
9/22/2025 7:52:40,1.16.3,PRexp,14,3.87,nan,69,Left,Left,7669,359,410,26,nan,nan,0.71
9/22/2025 7:52:41,1.16.3,PRexp,14,3.87,nan,69,Left,Left,7670,359,410,26,nan,nan,0.37
9/22/2025 7:52:43,1.16.3,PRexp,14,3.87,nan,69,Left,Left,7671,359,410,26,nan,nan,0.43
9/22/2025 7:52:44,1.16.3,PRexp,14,3.87,nan,69,Left,Left,7672,359,410,26,nan,nan,0.00
9/22/2025 7:52:48,1.16.3,PRexp,14,3.87,nan,69,Left,Left,7673,359,410,26,nan,nan,0.20
9/22/2025 7:52:50,1.16.3,PRexp,14,3.88,nan,69,Left,Left,7674,359,410,26,nan,nan,0.00
9/22/2025 7:52:51,1.16.3,PRexp,14,3.88,nan,69,Left,Left,7675,359,410,26,nan,nan,0.01
9/22/2025 7:52:52,1.16.3,PRexp,14,3.88,nan,69,Left,Left,7676,359,410,26,nan,nan,0.53
9/22/2025 7:52:57,1.16.3,PRexp,14,3.87,nan,69,Left,Left,7677,359,410,26,nan,nan,0.47
9/22/2025 7:53:00,1.16.3,PRexp,14,3.88,nan,69,Left,Left,7678,359,410,26,nan,nan,0.08
9/22/2025 7:53:03,1.16.3,PRexp,14,3.87,nan,69,Left,Left,7679,359,410,26,nan,nan,0.04
9/22/2025 7:53:05,1.16.3,PRexp,14,3.87,nan,69,Left,Left,7680,359,410,26,nan,nan,0.03
9/22/2025 7:53:11,1.16.3,PRexp,14,3.88,nan,69,Left,Left,7681,359,410,26,nan,nan,0.57
9/22/2025 7:53:13,1.16.3,PRexp,14,3.87,nan,69,Left,Left,7682,359,410,26,nan,nan,1.03
9/22/2025 7:53:16,1.16.3,PRexp,14,3.87,nan,69,Left,Left,7683,359,410,26,nan,nan,0.72
9/22/2025 7:53:17,1.16.3,PRexp,14,3.87,nan,69,Left,Left,7684,359,410,26,nan,nan,0.04
9/22/2025 7:53:23,1.16.3,PRexp,14,3.88,nan,69,Left,Left,7685,359,410,26,nan,nan,1.07
9/22/2025 7:53:41,1.16.3,PRexp,14,3.87,nan,69,Left,Left,7686,359,410,26,nan,nan,0.00
9/22/2025 7:53:50,1.16.3,PRexp,14,3.87,nan,69,Left,Left,7687,359,410,26,nan,nan,0.17
9/22/2025 7:54:04,1.16.3,PRexp,14,3.88,nan,69,Left,Left,7688,359,410,26,nan,nan,0.23
9/22/2025 7:54:05,1.16.3,PRexp,14,3.88,nan,69,Left,Left,7689,359,410,26,nan,nan,0.46
9/22/2025 7:54:10,1.16.3,PRexp,14,3.88,nan,69,Left,Left,7690,359,410,26,nan,nan,0.15
9/22/2025 7:54:12,1.16.3,PRexp,14,3.87,nan,69,Left,Left,7691,359,410,26,nan,nan,0.88
9/22/2025 7:54:15,1.16.3,PRexp,14,3.88,nan,69,Left,Left,7692,359,410,26,nan,nan,0.40
9/22/2025 7:54:32,1.16.3,PRexp,14,3.87,nan,69,Left,Left,7693,359,410,26,nan,nan,1.34
9/22/2025 7:54:34,1.16.3,PRexp,14,3.88,nan,69,Left,Left,7694,359,410,26,nan,nan,1.82
9/22/2025 7:54:37,1.16.3,PRexp,14,3.88,nan,69,Left,Left,7695,359,410,26,nan,nan,1.70
9/22/2025 7:54:46,1.16.3,PRexp,14,3.88,nan,69,Left,Left,7696,359,410,26,nan,nan,0.02
9/22/2025 7:55:00,1.16.3,PRexp,14,3.88,nan,69,Left,Left,7697,359,410,26,nan,nan,0.03
9/22/2025 7:55:01,1.16.3,PRexp,14,3.87,nan,69,Left,Left,7698,359,410,26,nan,nan,0.63
9/22/2025 7:55:07,1.16.3,PRexp,14,3.88,nan,69,Left,Left,7699,359,410,26,nan,nan,0.75
9/22/2025 7:55:09,1.16.3,PRexp,14,3.88,nan,69,Left,Left,7700,359,410,26,nan,nan,0.02
9/22/2025 7:55:11,1.16.3,PRexp,14,3.88,nan,69,Left,Left,7701,359,410,26,nan,nan,1.03
9/22/2025 7:55:14,1.16.3,PRexp,14,3.88,nan,69,Left,Left,7702,359,410,26,nan,nan,0.07
9/22/2025 7:55:17,1.16.3,PRexp,14,3.88,nan,69,Left,Left,7703,359,410,26,nan,nan,0.09
9/22/2025 7:55:18,1.16.3,PRexp,14,3.87,nan,69,Left,Left,7704,359,410,26,nan,nan,0.00
9/22/2025 7:55:20,1.16.3,PRexp,14,3.88,nan,69,Left,Left,7705,359,410,26,nan,nan,0.00
9/22/2025 7:55:23,1.16.3,PRexp,14,3.87,nan,69,Left,Left,7706,359,410,26,nan,nan,0.26
9/22/2025 7:55:26,1.16.3,PRexp,14,3.88,nan,69,Left,Left,7707,359,410,26,nan,nan,0.31
9/22/2025 7:55:28,1.16.3,PRexp,14,3.88,nan,69,Left,Left,7708,359,410,26,nan,nan,1.27
9/22/2025 7:55:30,1.16.3,PRexp,14,3.88,nan,69,Left,Left,7709,359,410,26,nan,nan,0.87
9/22/2025 7:55:32,1.16.3,PRexp,14,3.88,nan,69,Left,Left,7710,359,410,26,nan,nan,0.02
9/22/2025 7:55:37,1.16.3,PRexp,14,3.88,nan,69,Left,Left,7711,359,410,26,nan,nan,0.22
9/22/2025 7:55:39,1.16.3,PRexp,14,3.88,nan,69,Left,Left,7712,359,410,26,nan,nan,1.16
9/22/2025 7:55:41,1.16.3,PRexp,14,3.88,nan,69,Left,Left,7713,359,410,26,nan,nan,0.15
9/22/2025 7:55:42,1.16.3,PRexp,14,3.87,nan,69,Left,Left,7714,359,410,26,nan,nan,0.10
9/22/2025 8:02:43,1.16.3,PRexp,14,3.88,nan,69,Left,Left,7715,359,410,26,nan,nan,3.04
9/22/2025 8:02:57,1.16.3,PRexp,14,3.88,nan,69,Left,Left,7716,359,410,26,nan,nan,0.46
9/22/2025 8:31:42,1.16.3,PRexp,14,3.88,nan,69,Left,Left,7717,359,410,26,nan,nan,0.94
9/22/2025 8:31:45,1.16.3,PRexp,14,3.88,nan,69,Left,Left,7718,359,410,26,nan,nan,0.53
9/22/2025 8:31:48,1.16.3,PRexp,14,3.87,nan,69,Left,Left,7719,359,410,26,nan,nan,0.47
9/22/2025 8:31:51,1.16.3,PRexp,14,3.88,nan,69,Left,Left,7720,359,410,26,nan,nan,0.14
9/22/2025 8:31:53,1.16.3,PRexp,14,3.88,nan,69,Left,Left,7721,359,410,26,nan,nan,0.50
9/22/2025 8:31:56,1.16.3,PRexp,14,3.87,nan,69,Left,Left,7722,359,410,26,nan,nan,0.51
9/22/2025 8:31:58,1.16.3,PRexp,14,3.88,nan,69,Left,Left,7723,359,410,26,nan,nan,0.70
9/22/2025 8:32:00,1.16.3,PRexp,14,3.88,nan,69,Left,Left,7724,359,410,26,nan,nan,1.05
9/22/2025 8:48:07,1.16.3,PRexp,14,3.87,nan,69,Left,Left,7725,359,410,26,nan,nan,0.13
9/22/2025 8:48:10,1.16.3,PRexp,14,3.87,nan,69,Left,Left,7726,359,410,26,nan,nan,0.01
9/22/2025 8:48:14,1.16.3,PRexp,14,3.88,nan,69,Left,Left,7727,359,410,26,nan,nan,0.01
9/22/2025 8:48:16,1.16.3,PRexp,14,3.88,nan,69,Left,Left,7728,359,410,26,nan,nan,0.04
9/22/2025 8:48:18,1.16.3,PRexp,14,3.87,nan,69,Left,Left,7729,359,410,26,nan,nan,0.00
9/22/2025 8:48:19,1.16.3,PRexp,14,3.87,nan,69,Left,Left,7730,359,410,26,nan,nan,0.67
9/22/2025 8:48:21,1.16.3,PRexp,14,3.87,nan,69,Left,Left,7731,359,410,26,nan,nan,0.03
9/22/2025 8:48:22,1.16.3,PRexp,14,3.88,nan,69,Left,Left,7732,359,410,26,nan,nan,0.00
9/22/2025 8:48:25,1.16.3,PRexp,14,3.88,nan,69,Left,Left,7733,359,410,26,nan,nan,0.03
9/22/2025 8:48:30,1.16.3,PRexp,14,3.87,nan,69,Left,Left,7734,359,410,26,nan,nan,0.02
9/22/2025 8:48:32,1.16.3,PRexp,14,3.87,nan,69,Left,Left,7735,359,410,26,nan,nan,0.10
9/22/2025 8:48:33,1.16.3,PRexp,14,3.87,nan,69,Left,Left,7736,359,410,26,nan,nan,0.00
9/22/2025 8:48:34,1.16.3,PRexp,14,3.87,nan,69,Left,Left,7737,359,410,26,nan,nan,0.10
9/22/2025 8:48:35,1.16.3,PRexp,14,3.87,nan,69,LeftWithPellet,Left,7738,359,410,27,nan,nan,0.03
9/22/2025 8:48:36,1.16.3,PRexp,14,3.87,nan,69,LeftWithPellet,Left,7739,359,410,27,nan,nan,0.01
9/22/2025 8:48:39,1.16.3,PRexp,14,3.87,1,69,Pellet,Left,7739,359,411,27,4.42,3450,nan
9/22/2025 8:49:35,1.16.3,PRexp,14,3.88,nan,77,Left,Left,7740,359,411,27,nan,nan,0.47
9/22/2025 8:49:37,1.16.3,PRexp,14,3.87,nan,77,Left,Left,7741,359,411,27,nan,nan,0.02
9/22/2025 8:49:39,1.16.3,PRexp,14,3.88,nan,77,Left,Left,7742,359,411,27,nan,nan,0.81
9/22/2025 8:49:43,1.16.3,PRexp,14,3.88,nan,77,Left,Left,7743,359,411,27,nan,nan,0.09
9/22/2025 8:49:45,1.16.3,PRexp,14,3.87,nan,77,Left,Left,7744,359,411,27,nan,nan,0.50
9/22/2025 8:49:47,1.16.3,PRexp,14,3.87,nan,77,Left,Left,7745,359,411,27,nan,nan,0.37
9/22/2025 8:49:48,1.16.3,PRexp,14,3.87,nan,77,Left,Left,7746,359,411,27,nan,nan,0.37
9/22/2025 8:49:52,1.16.3,PRexp,14,3.87,nan,77,Left,Left,7747,359,411,27,nan,nan,0.11
9/22/2025 8:49:56,1.16.3,PRexp,14,3.88,nan,77,Left,Left,7748,359,411,27,nan,nan,0.16
9/22/2025 8:49:59,1.16.3,PRexp,14,3.88,nan,77,Left,Left,7749,359,411,27,nan,nan,0.66
9/22/2025 8:50:03,1.16.3,PRexp,14,3.88,nan,77,Left,Left,7750,359,411,27,nan,nan,0.01
9/22/2025 8:50:13,1.16.3,PRexp,14,3.87,nan,77,Left,Left,7751,359,411,27,nan,nan,0.02
9/22/2025 8:50:24,1.16.3,PRexp,14,3.88,nan,77,Left,Left,7752,359,411,27,nan,nan,0.67
9/22/2025 8:50:30,1.16.3,PRexp,14,3.87,nan,77,Left,Left,7753,359,411,27,nan,nan,0.03
9/22/2025 8:50:48,1.16.3,PRexp,14,3.87,nan,77,Left,Left,7754,359,411,27,nan,nan,0.21
9/22/2025 8:50:50,1.16.3,PRexp,14,3.87,nan,77,Left,Left,7755,359,411,27,nan,nan,0.00
9/22/2025 8:50:51,1.16.3,PRexp,14,3.87,nan,77,Left,Left,7756,359,411,27,nan,nan,0.01
9/22/2025 8:51:07,1.16.3,PRexp,14,3.87,nan,77,Left,Left,7757,359,411,27,nan,nan,0.02
9/22/2025 8:51:08,1.16.3,PRexp,14,3.88,nan,77,Left,Left,7758,359,411,27,nan,nan,0.01
9/22/2025 8:51:20,1.16.3,PRexp,14,3.87,nan,77,Left,Left,7759,359,411,27,nan,nan,0.91
9/22/2025 8:51:33,1.16.3,PRexp,14,3.88,nan,77,Left,Left,7760,359,411,27,nan,nan,0.02
9/22/2025 8:51:42,1.16.3,PRexp,14,3.87,nan,77,Left,Left,7761,359,411,27,nan,nan,0.07
9/22/2025 8:51:44,1.16.3,PRexp,14,3.88,nan,77,Left,Left,7762,359,411,27,nan,nan,0.73
9/22/2025 8:51:47,1.16.3,PRexp,14,3.87,nan,77,Left,Left,7763,359,411,27,nan,nan,1.51
9/22/2025 8:51:49,1.16.3,PRexp,14,3.87,nan,77,Left,Left,7764,359,411,27,nan,nan,0.00
9/22/2025 8:51:51,1.16.3,PRexp,14,3.88,nan,77,Left,Left,7765,359,411,27,nan,nan,0.43
9/22/2025 8:51:54,1.16.3,PRexp,14,3.88,nan,77,Left,Left,7766,359,411,27,nan,nan,0.07
9/22/2025 8:51:55,1.16.3,PRexp,14,3.88,nan,77,Left,Left,7767,359,411,27,nan,nan,0.19
9/22/2025 8:51:57,1.16.3,PRexp,14,3.87,nan,77,Left,Left,7768,359,411,27,nan,nan,0.12
9/22/2025 8:52:03,1.16.3,PRexp,14,3.87,nan,77,Left,Left,7769,359,411,27,nan,nan,0.23
9/22/2025 8:52:14,1.16.3,PRexp,14,3.88,nan,77,Left,Left,7770,359,411,27,nan,nan,0.13
9/22/2025 8:52:17,1.16.3,PRexp,14,3.87,nan,77,Left,Left,7771,359,411,27,nan,nan,0.04
9/22/2025 8:52:25,1.16.3,PRexp,14,3.87,nan,77,Left,Left,7772,359,411,27,nan,nan,0.48
9/22/2025 8:52:26,1.16.3,PRexp,14,3.88,nan,77,Left,Left,7773,359,411,27,nan,nan,0.86
9/22/2025 8:52:27,1.16.3,PRexp,14,3.87,nan,77,Left,Left,7774,359,411,27,nan,nan,0.02
9/22/2025 8:52:31,1.16.3,PRexp,14,3.88,nan,77,Left,Left,7775,359,411,27,nan,nan,0.29
9/22/2025 8:52:33,1.16.3,PRexp,14,3.88,nan,77,Left,Left,7776,359,411,27,nan,nan,0.00
9/22/2025 8:52:38,1.16.3,PRexp,14,3.88,nan,77,Left,Left,7777,359,411,27,nan,nan,0.43
9/22/2025 8:52:41,1.16.3,PRexp,14,3.88,nan,77,Left,Left,7778,359,411,27,nan,nan,0.27
9/22/2025 8:52:42,1.16.3,PRexp,14,3.87,nan,77,Left,Left,7779,359,411,27,nan,nan,0.03
9/22/2025 8:52:45,1.16.3,PRexp,14,3.88,nan,77,Left,Left,7780,359,411,27,nan,nan,0.04
9/22/2025 8:52:48,1.16.3,PRexp,14,3.87,nan,77,Left,Left,7781,359,411,27,nan,nan,0.59
9/22/2025 8:52:52,1.16.3,PRexp,14,3.87,nan,77,Left,Left,7782,359,411,27,nan,nan,0.05
9/22/2025 8:52:56,1.16.3,PRexp,14,3.87,nan,77,Left,Left,7783,359,411,27,nan,nan,0.09
9/22/2025 8:52:58,1.16.3,PRexp,14,3.87,nan,77,Left,Left,7784,359,411,27,nan,nan,0.48
9/22/2025 8:53:00,1.16.3,PRexp,14,3.87,nan,77,Left,Left,7785,359,411,27,nan,nan,0.34
9/22/2025 8:53:03,1.16.3,PRexp,14,3.87,nan,77,Left,Left,7786,359,411,27,nan,nan,0.29
9/22/2025 8:53:06,1.16.3,PRexp,14,3.88,nan,77,Left,Left,7787,359,411,27,nan,nan,0.21
9/22/2025 8:57:15,1.16.3,PRexp,14,3.87,nan,77,Right,Left,7787,360,411,27,nan,nan,0.04
9/22/2025 8:57:15,1.16.3,PRexp,14,3.87,nan,77,Right,Left,7787,361,411,27,nan,nan,0.00
9/22/2025 8:57:18,1.16.3,PRexp,14,3.87,nan,77,Right,Left,7787,362,411,27,nan,nan,0.13
9/22/2025 8:57:20,1.16.3,PRexp,14,3.87,nan,77,Right,Left,7787,363,411,27,nan,nan,0.13
9/22/2025 8:57:21,1.16.3,PRexp,14,3.87,nan,77,Right,Left,7787,364,411,27,nan,nan,0.00
9/22/2025 8:57:23,1.16.3,PRexp,14,3.87,nan,77,Right,Left,7787,365,411,27,nan,nan,0.40
9/22/2025 9:00:16,1.16.3,PRexp,14,3.88,nan,77,Right,Left,7787,366,411,27,nan,nan,0.14
9/22/2025 9:00:19,1.16.3,PRexp,14,3.87,nan,77,Left,Left,7788,366,411,27,nan,nan,0.08
9/22/2025 9:00:28,1.16.3,PRexp,14,3.87,nan,77,Left,Left,7789,366,411,27,nan,nan,0.12
9/22/2025 9:00:29,1.16.3,PRexp,14,3.87,nan,77,Left,Left,7790,366,411,27,nan,nan,0.05
9/22/2025 9:00:30,1.16.3,PRexp,14,3.88,nan,77,Left,Left,7791,366,411,27,nan,nan,0.04
9/22/2025 9:00:33,1.16.3,PRexp,14,3.88,nan,77,Left,Left,7792,366,411,27,nan,nan,0.30
9/22/2025 9:00:35,1.16.3,PRexp,14,3.87,nan,77,Left,Left,7793,366,411,27,nan,nan,0.51
9/22/2025 9:00:39,1.16.3,PRexp,14,3.87,nan,77,Left,Left,7794,366,411,27,nan,nan,0.59
9/22/2025 9:00:40,1.16.3,PRexp,14,3.87,nan,77,Left,Left,7795,366,411,27,nan,nan,0.17
9/22/2025 9:00:41,1.16.3,PRexp,14,3.87,nan,77,Left,Left,7796,366,411,27,nan,nan,0.48
9/22/2025 9:00:44,1.16.3,PRexp,14,3.87,nan,77,Left,Left,7797,366,411,27,nan,nan,0.44
9/22/2025 9:00:44,1.16.3,PRexp,14,3.88,nan,77,Left,Left,7798,366,411,27,nan,nan,0.13
9/22/2025 9:00:45,1.16.3,PRexp,14,3.87,nan,77,Left,Left,7799,366,411,27,nan,nan,0.01
9/22/2025 9:00:48,1.16.3,PRexp,14,3.87,nan,77,Left,Left,7800,366,411,27,nan,nan,0.17
9/22/2025 9:02:06,1.16.3,PRexp,14,3.87,nan,77,Left,Left,7801,366,411,27,nan,nan,0.09
9/22/2025 9:05:13,1.16.3,PRexp,14,3.87,nan,77,Left,Left,7802,366,411,27,nan,nan,0.02
9/22/2025 9:32:40,1.16.3,PRexp,14,3.87,nan,77,Left,Left,7803,366,411,27,nan,nan,0.93
9/22/2025 9:32:42,1.16.3,PRexp,14,3.87,nan,77,Left,Left,7804,366,411,27,nan,nan,0.93
9/22/2025 9:32:44,1.16.3,PRexp,14,3.88,nan,77,Left,Left,7805,366,411,27,nan,nan,0.23
9/22/2025 9:32:49,1.16.3,PRexp,14,3.88,nan,77,Left,Left,7806,366,411,27,nan,nan,1.25
9/22/2025 9:32:51,1.16.3,PRexp,14,3.87,nan,77,Left,Left,7807,366,411,27,nan,nan,0.10
9/22/2025 9:32:52,1.16.3,PRexp,14,3.87,nan,77,Left,Left,7808,366,411,27,nan,nan,0.15
9/22/2025 9:32:57,1.16.3,PRexp,14,3.87,nan,77,Left,Left,7809,366,411,27,nan,nan,0.02
9/22/2025 9:32:59,1.16.3,PRexp,14,3.87,nan,77,Left,Left,7810,366,411,27,nan,nan,0.00
9/22/2025 9:33:01,1.16.3,PRexp,14,3.87,nan,77,Left,Left,7811,366,411,27,nan,nan,0.00
9/22/2025 9:33:03,1.16.3,PRexp,14,3.88,nan,77,Left,Left,7812,366,411,27,nan,nan,0.53
9/22/2025 9:33:06,1.16.3,PRexp,14,3.87,nan,77,Left,Left,7813,366,411,27,nan,nan,1.06
9/22/2025 9:33:07,1.16.3,PRexp,14,3.87,nan,77,Left,Left,7814,366,411,27,nan,nan,0.00
9/22/2025 9:33:09,1.16.3,PRexp,14,3.87,nan,77,Left,Left,7815,366,411,27,nan,nan,0.52
9/22/2025 9:33:10,1.16.3,PRexp,14,3.87,nan,77,Left,Left,7816,366,411,27,nan,nan,0.67
9/22/2025 9:33:11,1.16.3,PRexp,14,3.87,nan,77,LeftDuringDispense,Left,7817,366,411,28,nan,nan,0.04
9/22/2025 9:33:14,1.16.3,PRexp,14,3.88,2,77,Pellet,Left,7817,366,412,28,0.42,2675,nan
9/22/2025 9:33:48,1.16.3,PRexp,14,3.87,nan,86,Left,Left,7818,366,412,28,nan,nan,0.10
9/22/2025 9:33:50,1.16.3,PRexp,14,3.87,nan,86,Left,Left,7819,366,412,28,nan,nan,0.15
9/22/2025 9:33:55,1.16.3,PRexp,14,3.87,nan,86,Left,Left,7820,366,412,28,nan,nan,0.05
9/22/2025 9:33:57,1.16.3,PRexp,14,3.87,nan,86,Left,Left,7821,366,412,28,nan,nan,0.97
9/22/2025 9:34:05,1.16.3,PRexp,14,3.87,nan,86,Left,Left,7822,366,412,28,nan,nan,0.67
9/22/2025 9:34:06,1.16.3,PRexp,14,3.87,nan,86,Left,Left,7823,366,412,28,nan,nan,0.10
9/22/2025 9:34:08,1.16.3,PRexp,14,3.87,nan,86,Left,Left,7824,366,412,28,nan,nan,1.18
9/22/2025 9:34:12,1.16.3,PRexp,14,3.87,nan,86,Left,Left,7825,366,412,28,nan,nan,0.08
9/22/2025 9:34:13,1.16.3,PRexp,14,3.87,nan,86,Left,Left,7826,366,412,28,nan,nan,0.02
9/22/2025 9:34:17,1.16.3,PRexp,14,3.87,nan,86,Left,Left,7827,366,412,28,nan,nan,0.83
9/22/2025 9:34:20,1.16.3,PRexp,14,3.87,nan,86,Left,Left,7828,366,412,28,nan,nan,0.61
9/22/2025 9:34:29,1.16.3,PRexp,14,3.87,nan,86,Left,Left,7829,366,412,28,nan,nan,0.82
9/22/2025 9:34:30,1.16.3,PRexp,14,3.87,nan,86,Left,Left,7830,366,412,28,nan,nan,0.01
9/22/2025 9:34:36,1.16.3,PRexp,14,3.88,nan,86,Left,Left,7831,366,412,28,nan,nan,0.09
9/22/2025 9:34:37,1.16.3,PRexp,14,3.87,nan,86,Left,Left,7832,366,412,28,nan,nan,0.00
9/22/2025 9:34:40,1.16.3,PRexp,14,3.87,nan,86,Left,Left,7833,366,412,28,nan,nan,0.06
9/22/2025 9:34:42,1.16.3,PRexp,14,3.87,nan,86,Left,Left,7834,366,412,28,nan,nan,0.39
9/22/2025 9:34:43,1.16.3,PRexp,14,3.87,nan,86,Left,Left,7835,366,412,28,nan,nan,0.10
9/22/2025 9:34:45,1.16.3,PRexp,14,3.87,nan,86,Left,Left,7836,366,412,28,nan,nan,0.00
9/22/2025 9:34:47,1.16.3,PRexp,14,3.87,nan,86,Left,Left,7837,366,412,28,nan,nan,0.30
9/22/2025 9:34:50,1.16.3,PRexp,14,3.87,nan,86,Left,Left,7838,366,412,28,nan,nan,0.73
9/22/2025 9:34:51,1.16.3,PRexp,14,3.87,nan,86,Left,Left,7839,366,412,28,nan,nan,0.23
9/22/2025 9:34:54,1.16.3,PRexp,14,3.87,nan,86,Left,Left,7840,366,412,28,nan,nan,0.27
9/22/2025 9:34:58,1.16.3,PRexp,14,3.87,nan,86,Left,Left,7841,366,412,28,nan,nan,0.56
9/22/2025 9:35:01,1.16.3,PRexp,14,3.87,nan,86,Left,Left,7842,366,412,28,nan,nan,0.32
9/22/2025 9:35:03,1.16.3,PRexp,14,3.87,nan,86,Left,Left,7843,366,412,28,nan,nan,0.15
9/22/2025 9:35:04,1.16.3,PRexp,14,3.87,nan,86,Left,Left,7844,366,412,28,nan,nan,0.00
9/22/2025 9:35:07,1.16.3,PRexp,14,3.87,nan,86,Left,Left,7845,366,412,28,nan,nan,0.70
9/22/2025 9:35:08,1.16.3,PRexp,14,3.87,nan,86,Left,Left,7846,366,412,28,nan,nan,0.43
9/22/2025 9:35:10,1.16.3,PRexp,14,3.88,nan,86,Left,Left,7847,366,412,28,nan,nan,0.84
9/22/2025 9:35:12,1.16.3,PRexp,14,3.87,nan,86,Left,Left,7848,366,412,28,nan,nan,0.32
9/22/2025 10:12:07,1.16.3,PRexp,14,3.87,nan,1,Left,Left,7849,366,412,0,nan,nan,0.02
9/22/2025 10:12:08,1.16.3,PRexp,14,3.87,1,1,Pellet,Left,7849,366,413,1,0.79,2334,nan
9/22/2025 10:13:27,1.16.3,PRexp,14,3.87,nan,1,Left,Left,7850,366,413,1,nan,nan,0.13
9/22/2025 10:13:28,1.16.3,PRexp,14,3.87,1,1,Pellet,Left,7850,366,414,2,0.85,80,nan
9/22/2025 10:14:14,1.16.3,PRexp,14,3.87,nan,2,Left,Left,7851,366,414,2,nan,nan,0.35
9/22/2025 10:14:21,1.16.3,PRexp,14,3.87,nan,2,Left,Left,7852,366,414,2,nan,nan,0.05
9/22/2025 10:14:22,1.16.3,PRexp,14,3.87,1,2,Pellet,Left,7852,366,415,3,0.49,54,nan
9/22/2025 10:15:37,1.16.3,PRexp,14,3.87,nan,2,Left,Left,7853,366,415,3,nan,nan,0.02
9/22/2025 10:15:39,1.16.3,PRexp,14,3.87,nan,2,Left,Left,7854,366,415,3,nan,nan,0.50
9/22/2025 10:15:41,1.16.3,PRexp,14,3.87,1,2,Pellet,Left,7854,366,416,4,0.49,79,nan
9/22/2025 10:16:22,1.16.3,PRexp,14,3.87,nan,3,Left,Left,7855,366,416,4,nan,nan,1.19
9/22/2025 10:16:31,1.16.3,PRexp,14,3.87,nan,3,Left,Left,7856,366,416,4,nan,nan,0.95
9/22/2025 10:16:39,1.16.3,PRexp,14,3.87,nan,3,Left,Left,7857,366,416,4,nan,nan,2.52
9/22/2025 10:16:39,1.16.3,PRexp,14,3.87,nan,3,LeftDuringDispense,Left,7858,366,416,5,nan,nan,0.08
9/22/2025 10:16:49,1.16.3,PRexp,14,3.87,3,3,Pellet,Left,7858,366,417,5,4.97,68,nan
9/22/2025 10:19:46,1.16.3,PRexp,14,3.87,nan,4,Left,Left,7859,366,417,5,nan,nan,0.83
9/22/2025 10:19:47,1.16.3,PRexp,14,3.87,nan,4,Left,Left,7860,366,417,5,nan,nan,0.39
9/22/2025 10:19:52,1.16.3,PRexp,14,3.87,nan,4,Left,Left,7861,366,417,5,nan,nan,0.75
9/22/2025 10:19:54,1.16.3,PRexp,14,3.87,nan,4,Left,Left,7862,366,417,5,nan,nan,0.03
9/22/2025 10:19:54,1.16.3,PRexp,14,3.87,nan,4,LeftDuringDispense,Left,7863,366,417,6,nan,nan,0.06
9/22/2025 10:20:06,1.16.3,PRexp,14,3.87,3,4,Pellet,Left,7863,366,418,6,7.37,197,nan
9/22/2025 10:21:08,1.16.3,PRexp,14,3.87,nan,5,Left,Left,7864,366,418,6,nan,nan,0.10
9/22/2025 10:21:13,1.16.3,PRexp,14,3.87,nan,5,Left,Left,7865,366,418,6,nan,nan,0.11
9/22/2025 10:21:14,1.16.3,PRexp,14,3.87,nan,5,Left,Left,7866,366,418,6,nan,nan,0.56
9/22/2025 10:21:15,1.16.3,PRexp,14,3.87,nan,5,Left,Left,7867,366,418,6,nan,nan,0.06
9/22/2025 10:21:17,1.16.3,PRexp,14,3.87,nan,5,Left,Left,7868,366,418,6,nan,nan,0.02
9/22/2025 10:21:18,1.16.3,PRexp,14,3.87,nan,5,LeftDuringDispense,Left,7869,366,418,7,nan,nan,0.06
9/22/2025 10:21:21,1.16.3,PRexp,14,3.87,3,5,Pellet,Left,7869,366,419,7,0.06,75,nan
9/22/2025 10:21:54,1.16.3,PRexp,14,3.87,nan,6,Left,Left,7870,366,419,7,nan,nan,0.02
9/22/2025 10:22:00,1.16.3,PRexp,14,3.87,nan,6,Left,Left,7871,366,419,7,nan,nan,0.08
9/22/2025 10:22:03,1.16.3,PRexp,14,3.87,nan,6,Left,Left,7872,366,419,7,nan,nan,1.30
9/22/2025 10:22:04,1.16.3,PRexp,14,3.87,nan,6,Left,Left,7873,366,419,7,nan,nan,0.40
9/22/2025 10:22:04,1.16.3,PRexp,14,3.87,nan,6,Left,Left,7874,366,419,7,nan,nan,0.00
9/22/2025 10:22:07,1.16.3,PRexp,14,3.87,nan,6,Left,Left,7875,366,419,7,nan,nan,0.79
9/22/2025 10:22:08,1.16.3,PRexp,14,3.87,1,6,Pellet,Left,7875,366,420,8,0.30,47,nan
9/22/2025 10:22:54,1.16.3,PRexp,14,3.87,nan,7,Left,Left,7876,366,420,8,nan,nan,0.11
9/22/2025 10:22:56,1.16.3,PRexp,14,3.87,nan,7,Left,Left,7877,366,420,8,nan,nan,0.17
9/22/2025 10:22:59,1.16.3,PRexp,14,3.87,nan,7,Left,Left,7878,366,420,8,nan,nan,0.75
9/22/2025 10:23:07,1.16.3,PRexp,14,3.87,nan,7,Left,Left,7879,366,420,8,nan,nan,1.81
9/22/2025 10:23:11,1.16.3,PRexp,14,3.87,nan,7,Left,Left,7880,366,420,8,nan,nan,0.77
9/22/2025 10:23:13,1.16.3,PRexp,14,3.87,nan,7,Left,Left,7881,366,420,8,nan,nan,0.29
9/22/2025 10:23:17,1.16.3,PRexp,14,3.87,nan,7,Left,Left,7882,366,420,8,nan,nan,0.76
9/22/2025 10:23:17,1.16.3,PRexp,14,3.87,nan,7,LeftDuringDispense,Left,7883,366,420,9,nan,nan,0.05
9/22/2025 10:23:29,1.16.3,PRexp,14,3.87,4,7,Pellet,Left,7883,366,421,9,5.34,81,nan
9/22/2025 10:24:21,1.16.3,PRexp,14,3.87,nan,9,Left,Left,7884,366,421,9,nan,nan,0.47
9/22/2025 10:24:23,1.16.3,PRexp,14,3.87,nan,9,Left,Left,7885,366,421,9,nan,nan,0.42
9/22/2025 10:24:25,1.16.3,PRexp,14,3.87,nan,9,Left,Left,7886,366,421,9,nan,nan,0.04
9/22/2025 10:24:26,1.16.3,PRexp,14,3.87,nan,9,Left,Left,7887,366,421,9,nan,nan,0.00
9/22/2025 10:24:27,1.16.3,PRexp,14,3.87,nan,9,Left,Left,7888,366,421,9,nan,nan,0.11
9/22/2025 10:24:30,1.16.3,PRexp,14,3.87,nan,9,Left,Left,7889,366,421,9,nan,nan,0.46
9/22/2025 10:24:31,1.16.3,PRexp,14,3.87,nan,9,Left,Left,7890,366,421,9,nan,nan,0.03
9/22/2025 10:24:32,1.16.3,PRexp,14,3.87,nan,9,Left,Left,7891,366,421,9,nan,nan,0.00
9/22/2025 10:24:35,1.16.3,PRexp,14,3.87,nan,9,Left,Left,7892,366,421,9,nan,nan,0.02
9/22/2025 10:24:37,1.16.3,PRexp,14,3.87,1,9,Pellet,Left,7892,366,422,10,0.42,68,nan
9/22/2025 10:25:28,1.16.3,PRexp,14,3.87,nan,10,Left,Left,7893,366,422,10,nan,nan,0.13
9/22/2025 10:25:30,1.16.3,PRexp,14,3.87,nan,10,Left,Left,7894,366,422,10,nan,nan,0.02
9/22/2025 10:25:31,1.16.3,PRexp,14,3.87,nan,10,Left,Left,7895,366,422,10,nan,nan,0.00
9/22/2025 10:25:33,1.16.3,PRexp,14,3.87,nan,10,Left,Left,7896,366,422,10,nan,nan,0.58
9/22/2025 10:25:34,1.16.3,PRexp,14,3.87,nan,10,Left,Left,7897,366,422,10,nan,nan,0.21
9/22/2025 10:25:39,1.16.3,PRexp,14,3.87,nan,10,Left,Left,7898,366,422,10,nan,nan,0.16
9/22/2025 10:25:40,1.16.3,PRexp,14,3.87,nan,10,Left,Left,7899,366,422,10,nan,nan,0.00
9/22/2025 10:25:41,1.16.3,PRexp,14,3.87,nan,10,Left,Left,7900,366,422,10,nan,nan,0.00
9/22/2025 10:25:42,1.16.3,PRexp,14,3.87,nan,10,Left,Left,7901,366,422,10,nan,nan,0.12
9/22/2025 10:25:43,1.16.3,PRexp,14,3.87,nan,10,Left,Left,7902,366,422,10,nan,nan,0.48
9/22/2025 10:25:44,1.16.3,PRexp,14,3.87,1,10,Pellet,Left,7902,366,423,11,0.24,67,nan
9/22/2025 10:26:22,1.16.3,PRexp,14,3.87,nan,12,Left,Left,7903,366,423,11,nan,nan,1.05
9/22/2025 10:26:26,1.16.3,PRexp,14,3.87,nan,12,Left,Left,7904,366,423,11,nan,nan,0.14
9/22/2025 10:26:31,1.16.3,PRexp,14,3.87,nan,12,Left,Left,7905,366,423,11,nan,nan,0.30
9/22/2025 10:26:32,1.16.3,PRexp,14,3.87,nan,12,Left,Left,7906,366,423,11,nan,nan,0.47
9/22/2025 10:26:35,1.16.3,PRexp,14,3.87,nan,12,Left,Left,7907,366,423,11,nan,nan,0.15
9/22/2025 10:26:37,1.16.3,PRexp,14,3.87,nan,12,Left,Left,7908,366,423,11,nan,nan,0.46
9/22/2025 10:26:38,1.16.3,PRexp,14,3.88,nan,12,Left,Left,7909,366,423,11,nan,nan,0.38
9/22/2025 10:26:40,1.16.3,PRexp,14,3.87,nan,12,Left,Left,7910,366,423,11,nan,nan,0.04
9/22/2025 10:26:41,1.16.3,PRexp,14,3.88,nan,12,Left,Left,7911,366,423,11,nan,nan,0.00
9/22/2025 10:26:45,1.16.3,PRexp,14,3.87,nan,12,Left,Left,7912,366,423,11,nan,nan,0.03
9/22/2025 10:26:46,1.16.3,PRexp,14,3.87,nan,12,Left,Left,7913,366,423,11,nan,nan,0.12
9/22/2025 10:26:49,1.16.3,PRexp,14,3.87,nan,12,Left,Left,7914,366,423,11,nan,nan,0.16
9/22/2025 10:26:50,1.16.3,PRexp,14,3.87,1,12,Pellet,Left,7914,366,424,12,0.36,66,nan
9/22/2025 10:27:23,1.16.3,PRexp,14,3.87,nan,13,Left,Left,7915,366,424,12,nan,nan,0.07
9/22/2025 10:27:24,1.16.3,PRexp,14,3.87,nan,13,Left,Left,7916,366,424,12,nan,nan,0.08
9/22/2025 10:27:32,1.16.3,PRexp,14,3.87,nan,13,Left,Left,7917,366,424,12,nan,nan,0.71
9/22/2025 10:27:34,1.16.3,PRexp,14,3.87,nan,13,Left,Left,7918,366,424,12,nan,nan,0.68
9/22/2025 10:27:35,1.16.3,PRexp,14,3.87,nan,13,Left,Left,7919,366,424,12,nan,nan,0.68
9/22/2025 10:27:37,1.16.3,PRexp,14,3.87,nan,13,Left,Left,7920,366,424,12,nan,nan,0.36
9/22/2025 10:27:39,1.16.3,PRexp,14,3.87,nan,13,Left,Left,7921,366,424,12,nan,nan,0.12
9/22/2025 10:27:40,1.16.3,PRexp,14,3.87,nan,13,Left,Left,7922,366,424,12,nan,nan,0.00
9/22/2025 10:27:42,1.16.3,PRexp,14,3.87,nan,13,Left,Left,7923,366,424,12,nan,nan,0.07
9/22/2025 10:27:42,1.16.3,PRexp,14,3.87,nan,13,Left,Left,7924,366,424,12,nan,nan,0.03
9/22/2025 10:27:44,1.16.3,PRexp,14,3.87,nan,13,Left,Left,7925,366,424,12,nan,nan,0.25
9/22/2025 10:27:44,1.16.3,PRexp,14,3.87,nan,13,Left,Left,7926,366,424,12,nan,nan,0.00
9/22/2025 10:27:45,1.16.3,PRexp,14,3.87,nan,13,Left,Left,7927,366,424,12,nan,nan,0.04
9/22/2025 10:27:46,1.16.3,PRexp,14,3.87,1,13,Pellet,Left,7927,366,425,13,0.18,56,nan
9/22/2025 10:28:13,1.16.3,PRexp,14,3.87,nan,15,Left,Left,7928,366,425,13,nan,nan,0.14
9/22/2025 10:28:15,1.16.3,PRexp,14,3.87,nan,15,Left,Left,7929,366,425,13,nan,nan,0.15
9/22/2025 10:28:17,1.16.3,PRexp,14,3.87,nan,15,Left,Left,7930,366,425,13,nan,nan,0.00
9/22/2025 10:28:19,1.16.3,PRexp,14,3.87,nan,15,Left,Left,7931,366,425,13,nan,nan,0.38
9/22/2025 10:28:20,1.16.3,PRexp,14,3.87,nan,15,Left,Left,7932,366,425,13,nan,nan,0.00
9/22/2025 10:28:21,1.16.3,PRexp,14,3.87,nan,15,Left,Left,7933,366,425,13,nan,nan,0.02
9/22/2025 10:28:26,1.16.3,PRexp,14,3.87,nan,15,Left,Left,7934,366,425,13,nan,nan,1.52
9/22/2025 10:28:27,1.16.3,PRexp,14,3.87,nan,15,Left,Left,7935,366,425,13,nan,nan,0.00
9/22/2025 10:28:28,1.16.3,PRexp,14,3.87,nan,15,Left,Left,7936,366,425,13,nan,nan,0.00
9/22/2025 10:28:29,1.16.3,PRexp,14,3.87,nan,15,Left,Left,7937,366,425,13,nan,nan,0.27
9/22/2025 10:28:32,1.16.3,PRexp,14,3.87,nan,15,Left,Left,7938,366,425,13,nan,nan,0.19
9/22/2025 10:28:33,1.16.3,PRexp,14,3.87,nan,15,Left,Left,7939,366,425,13,nan,nan,0.37
9/22/2025 10:28:35,1.16.3,PRexp,14,3.87,nan,15,Left,Left,7940,366,425,13,nan,nan,0.03
9/22/2025 10:28:36,1.16.3,PRexp,14,3.87,nan,15,Left,Left,7941,366,425,13,nan,nan,0.14
9/22/2025 10:28:37,1.16.3,PRexp,14,3.87,nan,15,Left,Left,7942,366,425,13,nan,nan,0.00
9/22/2025 10:28:38,1.16.3,PRexp,14,3.87,nan,15,LeftDuringDispense,Left,7943,366,425,14,nan,nan,0.05
9/22/2025 10:28:41,1.16.3,PRexp,14,3.87,2,15,Pellet,Left,7943,366,426,14,0.36,55,nan
9/22/2025 10:57:53,1.16.3,PRexp,14,3.87,nan,17,Left,Left,7944,366,426,14,nan,nan,0.75
9/22/2025 10:57:54,1.16.3,PRexp,14,3.87,nan,17,Left,Left,7945,366,426,14,nan,nan,0.00
9/22/2025 10:57:55,1.16.3,PRexp,14,3.87,nan,17,Left,Left,7946,366,426,14,nan,nan,0.01
9/22/2025 10:57:59,1.16.3,PRexp,14,3.87,nan,17,Left,Left,7947,366,426,14,nan,nan,0.65
9/22/2025 10:58:02,1.16.3,PRexp,14,3.87,nan,17,Left,Left,7948,366,426,14,nan,nan,0.42
9/22/2025 10:58:03,1.16.3,PRexp,14,3.87,nan,17,Left,Left,7949,366,426,14,nan,nan,0.34
9/22/2025 10:58:05,1.16.3,PRexp,14,3.87,nan,17,Left,Left,7950,366,426,14,nan,nan,0.24
9/22/2025 10:58:08,1.16.3,PRexp,14,3.87,nan,17,Left,Left,7951,366,426,14,nan,nan,0.43
9/22/2025 10:58:11,1.16.3,PRexp,14,3.87,nan,17,Left,Left,7952,366,426,14,nan,nan,1.10
9/22/2025 10:58:12,1.16.3,PRexp,14,3.87,nan,17,Left,Left,7953,366,426,14,nan,nan,0.63
9/22/2025 10:58:15,1.16.3,PRexp,14,3.87,nan,17,Left,Left,7954,366,426,14,nan,nan,0.37
9/22/2025 10:58:17,1.16.3,PRexp,14,3.87,nan,17,Left,Left,7955,366,426,14,nan,nan,0.73
9/22/2025 10:58:19,1.16.3,PRexp,14,3.87,nan,17,Left,Left,7956,366,426,14,nan,nan,0.45
9/22/2025 10:58:22,1.16.3,PRexp,14,3.87,nan,17,Left,Left,7957,366,426,14,nan,nan,0.94
9/22/2025 10:58:26,1.16.3,PRexp,14,3.87,nan,17,Left,Left,7958,366,426,14,nan,nan,1.39
9/22/2025 10:58:29,1.16.3,PRexp,14,3.87,nan,17,Left,Left,7959,366,426,14,nan,nan,0.19
9/22/2025 10:58:32,1.16.3,PRexp,14,3.87,nan,17,Left,Left,7960,366,426,14,nan,nan,1.00
9/22/2025 10:58:33,1.16.3,PRexp,14,3.87,1,17,Pellet,Left,7960,366,427,15,0.73,1792,nan
9/22/2025 10:59:06,1.16.3,PRexp,14,3.87,nan,20,Left,Left,7961,366,427,15,nan,nan,0.03
9/22/2025 10:59:13,1.16.3,PRexp,14,3.87,nan,20,Left,Left,7962,366,427,15,nan,nan,0.10
9/22/2025 10:59:27,1.16.3,PRexp,14,3.87,nan,20,Left,Left,7963,366,427,15,nan,nan,0.21
9/22/2025 10:59:28,1.16.3,PRexp,14,3.87,nan,20,Left,Left,7964,366,427,15,nan,nan,0.00
9/22/2025 10:59:31,1.16.3,PRexp,14,3.87,nan,20,Left,Left,7965,366,427,15,nan,nan,1.74
9/22/2025 10:59:35,1.16.3,PRexp,14,3.87,nan,20,Left,Left,7966,366,427,15,nan,nan,1.06
9/22/2025 10:59:37,1.16.3,PRexp,14,3.87,nan,20,Left,Left,7967,366,427,15,nan,nan,0.74
9/22/2025 10:59:42,1.16.3,PRexp,14,3.87,nan,20,Left,Left,7968,366,427,15,nan,nan,0.26
9/22/2025 10:59:44,1.16.3,PRexp,14,3.87,nan,20,Left,Left,7969,366,427,15,nan,nan,0.00
9/22/2025 10:59:47,1.16.3,PRexp,14,3.87,nan,20,Left,Left,7970,366,427,15,nan,nan,0.00
9/22/2025 10:59:49,1.16.3,PRexp,14,3.87,nan,20,Left,Left,7971,366,427,15,nan,nan,0.00
9/22/2025 10:59:52,1.16.3,PRexp,14,3.87,nan,20,Left,Left,7972,366,427,15,nan,nan,0.64
9/22/2025 10:59:56,1.16.3,PRexp,14,3.87,nan,20,Left,Left,7973,366,427,15,nan,nan,1.05
9/22/2025 11:00:00,1.16.3,PRexp,14,3.87,nan,20,Left,Left,7974,366,427,15,nan,nan,0.10
9/22/2025 11:00:06,1.16.3,PRexp,14,3.87,nan,20,Left,Left,7975,366,427,15,nan,nan,3.52
9/22/2025 11:00:08,1.16.3,PRexp,14,3.87,nan,20,Left,Left,7976,366,427,15,nan,nan,0.00
9/22/2025 11:00:11,1.16.3,PRexp,14,3.87,nan,20,Left,Left,7977,366,427,15,nan,nan,0.20
9/22/2025 11:00:14,1.16.3,PRexp,14,3.87,nan,20,Left,Left,7978,366,427,15,nan,nan,0.00
9/22/2025 11:00:17,1.16.3,PRexp,14,3.87,nan,20,Left,Left,7979,366,427,15,nan,nan,0.40
9/22/2025 11:00:19,1.16.3,PRexp,14,3.87,nan,20,Left,Left,7980,366,427,15,nan,nan,0.56
9/22/2025 11:00:20,1.16.3,PRexp,14,3.87,1,20,Pellet,Left,7980,366,428,16,0.30,107,nan
9/22/2025 11:00:58,1.16.3,PRexp,14,3.87,nan,22,Left,Left,7981,366,428,16,nan,nan,0.08
9/22/2025 11:01:03,1.16.3,PRexp,14,3.87,nan,22,Left,Left,7982,366,428,16,nan,nan,1.07
9/22/2025 11:01:08,1.16.3,PRexp,14,3.87,nan,22,Left,Left,7983,366,428,16,nan,nan,0.09
9/22/2025 11:01:09,1.16.3,PRexp,14,3.87,nan,22,Left,Left,7984,366,428,16,nan,nan,0.19
9/22/2025 11:01:10,1.16.3,PRexp,14,3.87,nan,22,Left,Left,7985,366,428,16,nan,nan,0.00
9/22/2025 11:01:11,1.16.3,PRexp,14,3.87,nan,22,Left,Left,7986,366,428,16,nan,nan,0.00
9/22/2025 11:01:12,1.16.3,PRexp,14,3.87,nan,22,Left,Left,7987,366,428,16,nan,nan,0.00
9/22/2025 11:01:15,1.16.3,PRexp,14,3.87,nan,22,Left,Left,7988,366,428,16,nan,nan,0.20
9/22/2025 11:01:19,1.16.3,PRexp,14,3.87,nan,22,Left,Left,7989,366,428,16,nan,nan,0.15
9/22/2025 11:01:20,1.16.3,PRexp,14,3.87,nan,22,Left,Left,7990,366,428,16,nan,nan,0.02
9/22/2025 11:01:23,1.16.3,PRexp,14,3.87,nan,22,Left,Left,7991,366,428,16,nan,nan,0.03
9/22/2025 11:01:26,1.16.3,PRexp,14,3.87,nan,22,Left,Left,7992,366,428,16,nan,nan,0.24
9/22/2025 11:01:27,1.16.3,PRexp,14,3.87,nan,22,Left,Left,7993,366,428,16,nan,nan,0.30
9/22/2025 11:01:29,1.16.3,PRexp,14,3.87,nan,22,Left,Left,7994,366,428,16,nan,nan,0.02
9/22/2025 11:01:30,1.16.3,PRexp,14,3.87,nan,22,Left,Left,7995,366,428,16,nan,nan,0.30
9/22/2025 11:01:33,1.16.3,PRexp,14,3.87,nan,22,Left,Left,7996,366,428,16,nan,nan,0.32
9/22/2025 11:35:40,1.16.3,PRexp,14,3.87,nan,1,Left,Left,7997,366,428,0,nan,nan,0.46
9/22/2025 11:35:41,1.16.3,PRexp,14,3.87,1,1,Pellet,Left,7997,366,429,1,0.61,2121,nan
9/22/2025 11:36:10,1.16.3,PRexp,14,3.87,nan,1,Left,Left,7998,366,429,1,nan,nan,0.02
9/22/2025 11:36:11,1.16.3,PRexp,14,3.87,1,1,Pellet,Left,7998,366,430,2,0.92,30,nan
9/22/2025 11:36:43,1.16.3,PRexp,14,3.87,nan,2,Left,Left,7999,366,430,2,nan,nan,0.04
9/22/2025 11:36:55,1.16.3,PRexp,14,3.87,nan,2,Left,Left,8000,366,430,2,nan,nan,0.68
9/22/2025 11:36:55,1.16.3,PRexp,14,3.87,nan,2,LeftDuringDispense,Left,8001,366,430,3,nan,nan,0.02
9/22/2025 11:36:58,1.16.3,PRexp,14,3.87,2,2,Pellet,Left,8001,366,431,3,0.30,47,nan
9/22/2025 11:37:13,1.16.3,PRexp,14,3.87,nan,2,Left,Left,8002,366,431,3,nan,nan,0.18
9/22/2025 11:37:15,1.16.3,PRexp,14,3.87,nan,2,Left,Left,8003,366,431,3,nan,nan,0.06
9/22/2025 11:37:15,1.16.3,PRexp,14,3.87,nan,2,LeftDuringDispense,Left,8004,366,431,4,nan,nan,0.08
9/22/2025 11:37:18,1.16.3,PRexp,14,3.87,2,2,Pellet,Left,8004,366,432,4,0.24,20,nan
9/22/2025 11:37:56,1.16.3,PRexp,14,3.87,nan,3,Left,Left,8005,366,432,4,nan,nan,0.13
9/22/2025 11:37:57,1.16.3,PRexp,14,3.87,nan,3,Left,Left,8006,366,432,4,nan,nan,0.11
9/22/2025 11:37:58,1.16.3,PRexp,14,3.87,nan,3,Left,Left,8007,366,432,4,nan,nan,0.00
9/22/2025 11:37:59,1.16.3,PRexp,14,3.87,1,3,Pellet,Left,8007,366,433,5,0.30,41,nan
9/22/2025 11:38:21,1.16.3,PRexp,14,3.87,nan,4,Left,Left,8008,366,433,5,nan,nan,0.05
9/22/2025 11:38:23,1.16.3,PRexp,14,3.87,nan,4,Left,Left,8009,366,433,5,nan,nan,0.00
9/22/2025 11:38:26,1.16.3,PRexp,14,3.87,nan,4,Left,Left,8010,366,433,5,nan,nan,0.14
9/22/2025 11:38:29,1.16.3,PRexp,14,3.87,nan,4,Left,Left,8011,366,433,5,nan,nan,0.36
9/22/2025 11:38:29,1.16.3,PRexp,14,3.87,nan,4,LeftDuringDispense,Left,8012,366,433,6,nan,nan,0.09
9/22/2025 11:38:32,1.16.3,PRexp,14,3.87,2,4,Pellet,Left,8012,366,434,6,0.18,33,nan
9/22/2025 11:38:57,1.16.3,PRexp,14,3.87,nan,5,Left,Left,8013,366,434,6,nan,nan,0.13
9/22/2025 11:38:58,1.16.3,PRexp,14,3.87,nan,5,Left,Left,8014,366,434,6,nan,nan,0.18
9/22/2025 11:39:00,1.16.3,PRexp,14,3.87,nan,5,Left,Left,8015,366,434,6,nan,nan,1.19
9/22/2025 11:39:01,1.16.3,PRexp,14,3.87,nan,5,Left,Left,8016,366,434,6,nan,nan,0.00
9/22/2025 11:39:02,1.16.3,PRexp,14,3.87,nan,5,Left,Left,8017,366,434,6,nan,nan,0.06
9/22/2025 11:39:03,1.16.3,PRexp,14,3.87,1,5,Pellet,Left,8017,366,435,7,0.24,31,nan
9/22/2025 11:39:23,1.16.3,PRexp,14,3.87,nan,6,Left,Left,8018,366,435,7,nan,nan,0.10
9/22/2025 11:39:24,1.16.3,PRexp,14,3.87,nan,6,Left,Left,8019,366,435,7,nan,nan,0.12
9/22/2025 11:39:26,1.16.3,PRexp,14,3.87,nan,6,Left,Left,8020,366,435,7,nan,nan,0.00
9/22/2025 11:39:29,1.16.3,PRexp,14,3.87,nan,6,Left,Left,8021,366,435,7,nan,nan,0.39
9/22/2025 11:39:31,1.16.3,PRexp,14,3.87,nan,6,Left,Left,8022,366,435,7,nan,nan,0.91
9/22/2025 11:39:33,1.16.3,PRexp,14,3.87,nan,6,Left,Left,8023,366,435,7,nan,nan,0.03
9/22/2025 11:39:34,1.16.3,PRexp,14,3.87,1,6,Pellet,Left,8023,366,436,8,0.24,31,nan
9/22/2025 11:41:31,1.16.3,PRexp,14,3.87,nan,7,Left,Left,8024,366,436,8,nan,nan,0.02
9/22/2025 11:41:41,1.16.3,PRexp,14,3.87,nan,7,Left,Left,8025,366,436,8,nan,nan,0.67
9/22/2025 11:41:47,1.16.3,PRexp,14,3.87,nan,7,Left,Left,8026,366,436,8,nan,nan,0.09
9/22/2025 11:41:51,1.16.3,PRexp,14,3.87,nan,7,Left,Left,8027,366,436,8,nan,nan,0.02
9/22/2025 11:41:56,1.16.3,PRexp,14,3.87,nan,7,Left,Left,8028,366,436,8,nan,nan,0.01
9/22/2025 11:41:57,1.16.3,PRexp,14,3.87,nan,7,Left,Left,8029,366,436,8,nan,nan,0.05
9/22/2025 11:42:00,1.16.3,PRexp,14,3.87,nan,7,Left,Left,8030,366,436,8,nan,nan,0.49
9/22/2025 11:42:01,1.16.3,PRexp,14,3.87,1,7,Pellet,Left,8030,366,437,9,0.30,147,nan
9/22/2025 11:42:47,1.16.3,PRexp,14,3.87,nan,9,Left,Left,8031,366,437,9,nan,nan,0.74
9/22/2025 11:42:50,1.16.3,PRexp,14,3.87,nan,9,Left,Left,8032,366,437,9,nan,nan,0.17
9/22/2025 11:42:51,1.16.3,PRexp,14,3.87,nan,9,Left,Left,8033,366,437,9,nan,nan,0.46
9/22/2025 11:42:54,1.16.3,PRexp,14,3.87,nan,9,Left,Left,8034,366,437,9,nan,nan,0.76
9/22/2025 11:42:58,1.16.3,PRexp,14,3.87,nan,9,Left,Left,8035,366,437,9,nan,nan,0.01
9/22/2025 11:42:59,1.16.3,PRexp,14,3.87,nan,9,Left,Left,8036,366,437,9,nan,nan,0.71
9/22/2025 11:43:01,1.16.3,PRexp,14,3.87,nan,9,Left,Left,8037,366,437,9,nan,nan,0.00
9/22/2025 11:43:02,1.16.3,PRexp,14,3.87,nan,9,Left,Left,8038,366,437,9,nan,nan,0.00
9/22/2025 11:43:05,1.16.3,PRexp,14,3.87,nan,9,Left,Left,8039,366,437,9,nan,nan,0.89
9/22/2025 11:43:06,1.16.3,PRexp,14,3.87,nan,9,LeftDuringDispense,Left,8040,366,437,10,nan,nan,0.09
9/22/2025 11:43:09,1.16.3,PRexp,14,3.87,3,9,Pellet,Left,8040,366,438,10,0.06,68,nan
9/22/2025 11:43:21,1.16.3,PRexp,14,3.87,nan,10,Left,Left,8041,366,438,10,nan,nan,0.02
9/22/2025 11:43:24,1.16.3,PRexp,14,3.87,nan,10,Left,Left,8042,366,438,10,nan,nan,0.03
9/22/2025 11:43:26,1.16.3,PRexp,14,3.87,nan,10,Left,Left,8043,366,438,10,nan,nan,0.90
9/22/2025 11:43:28,1.16.3,PRexp,14,3.87,nan,10,Left,Left,8044,366,438,10,nan,nan,0.78
9/22/2025 11:43:30,1.16.3,PRexp,14,3.87,nan,10,Left,Left,8045,366,438,10,nan,nan,0.41
9/22/2025 11:43:32,1.16.3,PRexp,14,3.87,nan,10,Left,Left,8046,366,438,10,nan,nan,0.56
9/22/2025 11:43:33,1.16.3,PRexp,14,3.87,nan,10,Left,Left,8047,366,438,10,nan,nan,0.57
9/22/2025 11:43:36,1.16.3,PRexp,14,3.87,nan,10,Left,Left,8048,366,438,10,nan,nan,0.45
9/22/2025 11:43:42,1.16.3,PRexp,14,3.87,nan,10,Left,Left,8049,366,438,10,nan,nan,0.00
9/22/2025 11:43:44,1.16.3,PRexp,14,3.87,nan,10,Left,Left,8050,366,438,10,nan,nan,0.66
9/22/2025 11:43:56,1.16.3,PRexp,14,3.87,3,10,Pellet,Left,8050,366,439,11,7.62,47,nan
9/22/2025 11:44:33,1.16.3,PRexp,14,3.87,nan,12,Left,Left,8051,366,439,11,nan,nan,0.06
9/22/2025 11:44:39,1.16.3,PRexp,14,3.87,nan,12,Left,Left,8052,366,439,11,nan,nan,2.47
9/22/2025 11:44:44,1.16.3,PRexp,14,3.87,nan,12,Left,Left,8053,366,439,11,nan,nan,0.70
9/22/2025 11:44:45,1.16.3,PRexp,14,3.87,nan,12,Left,Left,8054,366,439,11,nan,nan,0.00
9/22/2025 11:44:48,1.16.3,PRexp,14,3.87,nan,12,Left,Left,8055,366,439,11,nan,nan,0.70
9/22/2025 11:44:51,1.16.3,PRexp,14,3.87,nan,12,Left,Left,8056,366,439,11,nan,nan,0.15
9/22/2025 11:44:53,1.16.3,PRexp,14,3.87,nan,12,Left,Left,8057,366,439,11,nan,nan,0.16
9/22/2025 11:44:54,1.16.3,PRexp,14,3.87,nan,12,Left,Left,8058,366,439,11,nan,nan,0.00
9/22/2025 11:44:56,1.16.3,PRexp,14,3.87,nan,12,Left,Left,8059,366,439,11,nan,nan,0.04
9/22/2025 11:44:57,1.16.3,PRexp,14,3.87,nan,12,Left,Left,8060,366,439,11,nan,nan,0.06
9/22/2025 11:44:59,1.16.3,PRexp,14,3.87,nan,12,Left,Left,8061,366,439,11,nan,nan,1.11
9/22/2025 11:45:00,1.16.3,PRexp,14,3.87,nan,12,Left,Left,8062,366,439,11,nan,nan,0.00
9/22/2025 11:45:01,1.16.3,PRexp,14,3.87,1,12,Pellet,Left,8062,366,440,12,0.42,65,nan
9/22/2025 11:45:27,1.16.3,PRexp,14,3.87,nan,13,Left,Left,8063,366,440,12,nan,nan,0.01
9/22/2025 11:45:28,1.16.3,PRexp,14,3.87,nan,13,Left,Left,8064,366,440,12,nan,nan,0.15
9/22/2025 11:45:30,1.16.3,PRexp,14,3.87,nan,13,Left,Left,8065,366,440,12,nan,nan,0.17
9/22/2025 11:45:31,1.16.3,PRexp,14,3.87,nan,13,Left,Left,8066,366,440,12,nan,nan,0.00
9/22/2025 11:45:33,1.16.3,PRexp,14,3.87,nan,13,Left,Left,8067,366,440,12,nan,nan,0.37
9/22/2025 11:45:37,1.16.3,PRexp,14,3.87,nan,13,Left,Left,8068,366,440,12,nan,nan,0.12
9/22/2025 11:45:38,1.16.3,PRexp,14,3.87,nan,13,Left,Left,8069,366,440,12,nan,nan,0.36
9/22/2025 11:45:39,1.16.3,PRexp,14,3.87,nan,13,Left,Left,8070,366,440,12,nan,nan,0.25
9/22/2025 11:45:41,1.16.3,PRexp,14,3.87,nan,13,Left,Left,8071,366,440,12,nan,nan,0.39
9/22/2025 11:45:43,1.16.3,PRexp,14,3.87,nan,13,Left,Left,8072,366,440,12,nan,nan,0.13
9/22/2025 11:45:44,1.16.3,PRexp,14,3.87,nan,13,Left,Left,8073,366,440,12,nan,nan,0.00
9/22/2025 11:45:45,1.16.3,PRexp,14,3.87,nan,13,Left,Left,8074,366,440,12,nan,nan,0.21
9/22/2025 11:45:47,1.16.3,PRexp,14,3.87,nan,13,Left,Left,8075,366,440,12,nan,nan,0.00
9/22/2025 11:45:48,1.16.3,PRexp,14,3.87,1,13,Pellet,Left,8075,366,441,13,0.24,47,nan
9/22/2025 11:53:28,1.16.3,PRexp,14,3.87,nan,15,Left,Left,8076,366,441,13,nan,nan,1.69
9/22/2025 11:53:31,1.16.3,PRexp,14,3.87,nan,15,Left,Left,8077,366,441,13,nan,nan,0.72
9/22/2025 11:53:33,1.16.3,PRexp,14,3.87,nan,15,Left,Left,8078,366,441,13,nan,nan,0.14
9/22/2025 11:53:36,1.16.3,PRexp,14,3.87,nan,15,Left,Left,8079,366,441,13,nan,nan,0.62
9/22/2025 11:53:39,1.16.3,PRexp,14,3.87,nan,15,Left,Left,8080,366,441,13,nan,nan,0.91
9/22/2025 11:53:41,1.16.3,PRexp,14,3.87,nan,15,Left,Left,8081,366,441,13,nan,nan,0.78
9/22/2025 11:53:43,1.16.3,PRexp,14,3.87,nan,15,Left,Left,8082,366,441,13,nan,nan,0.45
9/22/2025 11:53:46,1.16.3,PRexp,14,3.87,nan,15,Left,Left,8083,366,441,13,nan,nan,0.17
9/22/2025 11:53:47,1.16.3,PRexp,14,3.87,nan,15,Left,Left,8084,366,441,13,nan,nan,0.00
9/22/2025 11:53:48,1.16.3,PRexp,14,3.87,nan,15,Left,Left,8085,366,441,13,nan,nan,0.00
9/22/2025 12:43:39,1.16.3,PRexp,14,3.87,nan,1,Left,Left,8086,366,441,0,nan,nan,0.51
9/22/2025 12:43:45,1.16.3,PRexp,14,3.86,1,1,Pellet,Left,8086,366,442,1,4.79,3476,nan
9/22/2025 12:44:20,1.16.3,PRexp,14,3.87,nan,1,Left,Left,8087,366,442,1,nan,nan,0.25
9/22/2025 12:44:25,1.16.3,PRexp,14,3.87,3,1,Pellet,Left,8087,366,443,2,0.24,41,nan
9/22/2025 12:45:03,1.16.3,PRexp,14,3.86,nan,2,Left,Left,8088,366,443,2,nan,nan,0.07
9/22/2025 12:45:06,1.16.3,PRexp,14,3.87,nan,2,Left,Left,8089,366,443,2,nan,nan,0.02
9/22/2025 12:45:08,1.16.3,PRexp,14,3.87,1,2,Pellet,Left,8089,366,444,3,0.36,42,nan
9/22/2025 12:45:56,1.16.3,PRexp,14,3.87,nan,2,Left,Left,8090,366,444,3,nan,nan,0.01
9/22/2025 12:46:02,1.16.3,PRexp,14,3.87,nan,2,Left,Left,8091,366,444,3,nan,nan,0.56
9/22/2025 12:46:03,1.16.3,PRexp,14,3.87,1,2,Pellet,Left,8091,366,445,4,0.30,56,nan
9/22/2025 12:46:43,1.16.3,PRexp,14,3.86,nan,3,Left,Left,8092,366,445,4,nan,nan,0.16
9/22/2025 12:46:44,1.16.3,PRexp,14,3.87,nan,3,Left,Left,8093,366,445,4,nan,nan,0.19
9/22/2025 12:46:47,1.16.3,PRexp,14,3.87,nan,3,Left,Left,8094,366,445,4,nan,nan,0.02
9/22/2025 12:46:47,1.16.3,PRexp,14,3.87,nan,3,LeftDuringDispense,Left,8095,366,445,5,nan,nan,0.06
9/22/2025 12:46:50,1.16.3,PRexp,14,3.86,2,3,Pellet,Left,8095,366,446,5,0.18,47,nan
9/22/2025 12:47:12,1.16.3,PRexp,14,3.87,nan,4,Left,Left,8096,366,446,5,nan,nan,0.17
9/22/2025 12:47:15,1.16.3,PRexp,14,3.87,nan,4,Left,Left,8097,366,446,5,nan,nan,0.67
9/22/2025 12:47:16,1.16.3,PRexp,14,3.87,nan,4,Left,Left,8098,366,446,5,nan,nan,0.44
9/22/2025 12:47:17,1.16.3,PRexp,14,3.87,nan,4,Left,Left,8099,366,446,5,nan,nan,0.10
9/22/2025 12:47:19,1.16.3,PRexp,14,3.87,1,4,Pellet,Left,8099,366,447,6,0.30,28,nan
9/22/2025 12:48:19,1.16.3,PRexp,14,3.87,nan,5,Left,Left,8100,366,447,6,nan,nan,0.48
9/22/2025 12:48:21,1.16.3,PRexp,14,3.87,nan,5,Left,Left,8101,366,447,6,nan,nan,0.09
9/22/2025 12:48:24,1.16.3,PRexp,14,3.87,nan,5,Left,Left,8102,366,447,6,nan,nan,0.20
9/22/2025 12:48:25,1.16.3,PRexp,14,3.87,nan,5,Left,Left,8103,366,447,6,nan,nan,0.02
9/22/2025 12:48:28,1.16.3,PRexp,14,3.87,nan,5,Left,Left,8104,366,447,6,nan,nan,0.32
9/22/2025 12:48:29,1.16.3,PRexp,14,3.87,1,5,Pellet,Left,8104,366,448,7,0.49,71,nan
9/22/2025 12:48:57,1.16.3,PRexp,14,3.87,nan,6,Left,Left,8105,366,448,7,nan,nan,0.17
9/22/2025 12:49:00,1.16.3,PRexp,14,3.87,nan,6,Left,Left,8106,366,448,7,nan,nan,0.11
9/22/2025 12:49:02,1.16.3,PRexp,14,3.87,nan,6,Left,Left,8107,366,448,7,nan,nan,0.30
9/22/2025 12:49:03,1.16.3,PRexp,14,3.86,nan,6,Left,Left,8108,366,448,7,nan,nan,0.11
9/22/2025 12:49:05,1.16.3,PRexp,14,3.87,nan,6,Left,Left,8109,366,448,7,nan,nan,0.12
9/22/2025 12:49:06,1.16.3,PRexp,14,3.87,nan,6,Left,Left,8110,366,448,7,nan,nan,0.19
9/22/2025 12:49:07,1.16.3,PRexp,14,3.87,nan,6,LeftDuringDispense,Left,8111,366,448,8,nan,nan,0.04
9/22/2025 12:49:10,1.16.3,PRexp,14,3.87,2,6,Pellet,Left,8111,366,449,8,0.36,41,nan
9/22/2025 12:49:32,1.16.3,PRexp,14,3.87,nan,7,Left,Left,8112,366,449,8,nan,nan,0.04
9/22/2025 12:49:34,1.16.3,PRexp,14,3.87,nan,7,Left,Left,8113,366,449,8,nan,nan,0.20
9/22/2025 12:49:36,1.16.3,PRexp,14,3.87,nan,7,Left,Left,8114,366,449,8,nan,nan,0.08
9/22/2025 12:49:36,1.16.3,PRexp,14,3.87,nan,7,Left,Left,8115,366,449,8,nan,nan,0.00
9/22/2025 12:49:44,1.16.3,PRexp,14,3.87,nan,7,Left,Left,8116,366,449,8,nan,nan,0.04
9/22/2025 12:49:46,1.16.3,PRexp,14,3.87,nan,7,Left,Left,8117,366,449,8,nan,nan,0.56
9/22/2025 12:49:47,1.16.3,PRexp,14,3.87,nan,7,Left,Left,8118,366,449,8,nan,nan,0.00
9/22/2025 12:49:49,1.16.3,PRexp,14,3.87,1,7,Pellet,Left,8118,366,450,9,1.22,39,nan
9/22/2025 12:50:30,1.16.3,PRexp,14,3.87,nan,9,Left,Left,8119,366,450,9,nan,nan,1.63
9/22/2025 12:50:33,1.16.3,PRexp,14,3.87,nan,9,Left,Left,8120,366,450,9,nan,nan,0.01
9/22/2025 12:50:38,1.16.3,PRexp,14,3.87,nan,9,Left,Left,8121,366,450,9,nan,nan,0.24
9/22/2025 12:50:39,1.16.3,PRexp,14,3.87,nan,9,Left,Left,8122,366,450,9,nan,nan,0.00
9/22/2025 12:50:41,1.16.3,PRexp,14,3.87,nan,9,Left,Left,8123,366,450,9,nan,nan,0.48
9/22/2025 12:50:42,1.16.3,PRexp,14,3.87,nan,9,Left,Left,8124,366,450,9,nan,nan,0.38
9/22/2025 12:50:44,1.16.3,PRexp,14,3.87,nan,9,Left,Left,8125,366,450,9,nan,nan,0.01
9/22/2025 12:50:47,1.16.3,PRexp,14,3.87,nan,9,Left,Left,8126,366,450,9,nan,nan,0.41
9/22/2025 12:50:53,1.16.3,PRexp,14,3.87,nan,9,Left,Left,8127,366,450,9,nan,nan,0.00
9/22/2025 12:50:55,1.16.3,PRexp,14,3.87,1,9,Pellet,Left,8127,366,451,10,0.30,65,nan
9/22/2025 12:51:39,1.16.3,PRexp,14,3.87,nan,10,Left,Left,8128,366,451,10,nan,nan,0.15
9/22/2025 12:51:42,1.16.3,PRexp,14,3.87,nan,10,Left,Left,8129,366,451,10,nan,nan,0.05
9/22/2025 12:51:50,1.16.3,PRexp,14,3.87,nan,10,Left,Left,8130,366,451,10,nan,nan,0.27
9/22/2025 12:51:51,1.16.3,PRexp,14,3.86,nan,10,Left,Left,8131,366,451,10,nan,nan,0.02
9/22/2025 12:51:53,1.16.3,PRexp,14,3.87,nan,10,Left,Left,8132,366,451,10,nan,nan,0.01
9/22/2025 12:51:57,1.16.3,PRexp,14,3.86,nan,10,Left,Left,8133,366,451,10,nan,nan,0.04
9/22/2025 12:52:01,1.16.3,PRexp,14,3.86,nan,10,Left,Left,8134,366,451,10,nan,nan,0.16
9/22/2025 12:52:04,1.16.3,PRexp,14,3.87,nan,10,Left,Left,8135,366,451,10,nan,nan,1.30
9/22/2025 12:52:09,1.16.3,PRexp,14,3.87,nan,10,Left,Left,8136,366,451,10,nan,nan,1.29
9/22/2025 12:52:11,1.16.3,PRexp,14,3.86,nan,10,Left,Left,8137,366,451,10,nan,nan,0.03
9/22/2025 12:52:11,1.16.3,PRexp,14,3.87,nan,10,LeftDuringDispense,Left,8138,366,451,11,nan,nan,0.11
9/22/2025 12:52:31,1.16.3,PRexp,14,3.86,3,10,Pellet,Left,8138,366,452,11,15.08,97,nan
9/22/2025 12:58:40,1.16.3,PRexp,14,3.87,nan,12,Left,Left,8139,366,452,11,nan,nan,0.28
9/22/2025 12:58:44,1.16.3,PRexp,14,3.87,nan,12,Left,Left,8140,366,452,11,nan,nan,1.41
9/22/2025 12:58:47,1.16.3,PRexp,14,3.87,nan,12,Left,Left,8141,366,452,11,nan,nan,0.49
9/22/2025 12:58:54,1.16.3,PRexp,14,3.87,nan,12,Left,Left,8142,366,452,11,nan,nan,4.67
9/22/2025 12:59:21,1.16.3,PRexp,14,3.87,nan,12,Left,Left,8143,366,452,11,nan,nan,18.12
9/22/2025 12:59:31,1.16.3,PRexp,14,3.87,nan,12,Left,Left,8144,366,452,11,nan,nan,3.32
9/22/2025 12:59:35,1.16.3,PRexp,14,3.87,nan,12,Left,Left,8145,366,452,11,nan,nan,0.39
9/22/2025 12:59:49,1.16.3,PRexp,14,3.86,nan,12,Left,Left,8146,366,452,11,nan,nan,3.67
9/22/2025 12:59:52,1.16.3,PRexp,14,3.87,nan,12,Left,Left,8147,366,452,11,nan,nan,1.66
9/22/2025 12:59:58,1.16.3,PRexp,14,3.87,nan,12,Left,Left,8148,366,452,11,nan,nan,0.18
9/22/2025 13:00:00,1.16.3,PRexp,14,3.87,nan,12,Left,Left,8149,366,452,11,nan,nan,0.00
9/22/2025 13:00:00,1.16.3,PRexp,14,3.87,nan,12,Left,Left,8150,366,452,11,nan,nan,0.02
9/22/2025 13:00:01,1.16.3,PRexp,14,3.87,nan,12,LeftDuringDispense,Left,8151,366,452,12,nan,nan,0.08
9/22/2025 13:00:05,1.16.3,PRexp,14,3.86,2,12,Pellet,Left,8151,366,453,12,0.79,453,nan
9/22/2025 13:00:28,1.16.3,PRexp,14,3.86,nan,13,Left,Left,8152,366,453,12,nan,nan,0.04
9/22/2025 13:00:29,1.16.3,PRexp,14,3.87,nan,13,Left,Left,8153,366,453,12,nan,nan,0.00
9/22/2025 13:00:32,1.16.3,PRexp,14,3.87,nan,13,Left,Left,8154,366,453,12,nan,nan,0.12
9/22/2025 13:00:34,1.16.3,PRexp,14,3.87,nan,13,Left,Left,8155,366,453,12,nan,nan,0.38
9/22/2025 13:00:35,1.16.3,PRexp,14,3.87,nan,13,Left,Left,8156,366,453,12,nan,nan,0.20
9/22/2025 13:00:37,1.16.3,PRexp,14,3.87,nan,13,Left,Left,8157,366,453,12,nan,nan,0.60
9/22/2025 13:00:39,1.16.3,PRexp,14,3.87,nan,13,Left,Left,8158,366,453,12,nan,nan,0.35
9/22/2025 13:00:40,1.16.3,PRexp,14,3.87,nan,13,Left,Left,8159,366,453,12,nan,nan,0.06
9/22/2025 13:00:41,1.16.3,PRexp,14,3.86,nan,13,Left,Left,8160,366,453,12,nan,nan,0.02
9/22/2025 13:00:42,1.16.3,PRexp,14,3.87,nan,13,Left,Left,8161,366,453,12,nan,nan,0.00
9/22/2025 13:00:44,1.16.3,PRexp,14,3.87,nan,13,Left,Left,8162,366,453,12,nan,nan,0.72
9/22/2025 13:00:46,1.16.3,PRexp,14,3.87,nan,13,Left,Left,8163,366,453,12,nan,nan,0.02
9/22/2025 13:00:49,1.16.3,PRexp,14,3.87,nan,13,Left,Left,8164,366,453,12,nan,nan,0.09
9/22/2025 13:00:50,1.16.3,PRexp,14,3.87,1,13,Pellet,Left,8164,366,454,13,0.36,46,nan
9/22/2025 13:06:01,1.16.3,PRexp,14,3.87,nan,15,Left,Left,8165,366,454,13,nan,nan,0.02
9/22/2025 13:38:57,1.16.3,PRexp,14,3.86,nan,1,Left,Left,8166,366,454,0,nan,nan,0.56
9/22/2025 13:38:58,1.16.3,PRexp,14,3.87,2,1,Pellet,Left,8166,366,455,1,0.30,2288,nan
9/22/2025 13:39:24,1.16.3,PRexp,14,3.87,nan,1,Left,Left,8167,366,455,1,nan,nan,0.03
9/22/2025 13:39:25,1.16.3,PRexp,14,3.86,1,1,Pellet,Left,8167,366,456,2,0.73,27,nan
9/22/2025 13:39:56,1.16.3,PRexp,14,3.87,nan,2,Left,Left,8168,366,456,2,nan,nan,0.04
9/22/2025 13:40:03,1.16.3,PRexp,14,3.87,nan,2,Left,Left,8169,366,456,2,nan,nan,0.03
9/22/2025 13:40:05,1.16.3,PRexp,14,3.87,1,2,Pellet,Left,8169,366,457,3,0.49,39,nan
9/22/2025 13:40:24,1.16.3,PRexp,14,3.86,nan,2,Left,Left,8170,366,457,3,nan,nan,0.00
9/22/2025 13:40:25,1.16.3,PRexp,14,3.87,nan,2,Left,Left,8171,366,457,3,nan,nan,0.00
9/22/2025 13:40:28,1.16.3,PRexp,14,3.86,3,2,Pellet,Left,8171,366,458,4,0.18,24,nan
9/22/2025 13:40:47,1.16.3,PRexp,14,3.87,nan,3,Left,Left,8172,366,458,4,nan,nan,0.07
9/22/2025 13:40:49,1.16.3,PRexp,14,3.86,nan,3,Left,Left,8173,366,458,4,nan,nan,0.02
9/22/2025 13:40:51,1.16.3,PRexp,14,3.86,nan,3,Left,Left,8174,366,458,4,nan,nan,0.08
9/22/2025 13:40:52,1.16.3,PRexp,14,3.87,1,3,Pellet,Left,8174,366,459,5,0.36,24,nan
9/22/2025 13:41:17,1.16.3,PRexp,14,3.87,nan,4,Left,Left,8175,366,459,5,nan,nan,0.05
9/22/2025 13:41:18,1.16.3,PRexp,14,3.87,nan,4,Left,Left,8176,366,459,5,nan,nan,0.03
9/22/2025 13:41:25,1.16.3,PRexp,14,3.86,nan,4,Left,Left,8177,366,459,5,nan,nan,0.01
9/22/2025 13:41:30,1.16.3,PRexp,14,3.87,nan,4,Left,Left,8178,366,459,5,nan,nan,0.09
9/22/2025 13:41:31,1.16.3,PRexp,14,3.86,1,4,Pellet,Left,8178,366,460,6,0.30,39,nan
9/22/2025 13:41:58,1.16.3,PRexp,14,3.87,nan,5,Left,Left,8179,366,460,6,nan,nan,0.03
9/22/2025 13:42:06,1.16.3,PRexp,14,3.87,nan,5,Left,Left,8180,366,460,6,nan,nan,0.08
9/22/2025 13:42:08,1.16.3,PRexp,14,3.87,nan,5,Left,Left,8181,366,460,6,nan,nan,0.13
9/22/2025 13:42:09,1.16.3,PRexp,14,3.86,nan,5,Left,Left,8182,366,460,6,nan,nan,0.00
9/22/2025 13:42:09,1.16.3,PRexp,14,3.86,nan,5,Left,Left,8183,366,460,6,nan,nan,0.00
9/22/2025 13:42:11,1.16.3,PRexp,14,3.86,1,5,Pellet,Left,8183,366,461,7,0.24,39,nan
9/22/2025 13:42:42,1.16.3,PRexp,14,3.87,nan,6,Left,Left,8184,366,461,7,nan,nan,0.07
9/22/2025 13:42:45,1.16.3,PRexp,14,3.87,nan,6,Left,Left,8185,366,461,7,nan,nan,1.50
9/22/2025 13:42:48,1.16.3,PRexp,14,3.87,nan,6,Left,Left,8186,366,461,7,nan,nan,0.29
9/22/2025 13:42:51,1.16.3,PRexp,14,3.86,nan,6,Left,Left,8187,366,461,7,nan,nan,0.13
9/22/2025 13:42:53,1.16.3,PRexp,14,3.86,nan,6,Left,Left,8188,366,461,7,nan,nan,0.13
9/22/2025 13:43:00,1.16.3,PRexp,14,3.86,nan,6,Left,Left,8189,366,461,7,nan,nan,0.44
9/22/2025 13:43:00,1.16.3,PRexp,14,3.87,nan,6,LeftDuringDispense,Left,8190,366,461,8,nan,nan,0.05
9/22/2025 13:43:03,1.16.3,PRexp,14,3.87,3,6,Pellet,Left,8190,366,462,8,0.06,53,nan
9/22/2025 13:43:22,1.16.3,PRexp,14,3.87,nan,7,Left,Left,8191,366,462,8,nan,nan,0.04
9/22/2025 13:43:23,1.16.3,PRexp,14,3.86,nan,7,Left,Left,8192,366,462,8,nan,nan,0.07
9/22/2025 13:43:24,1.16.3,PRexp,14,3.87,nan,7,Left,Left,8193,366,462,8,nan,nan,0.03
9/22/2025 13:43:25,1.16.3,PRexp,14,3.87,nan,7,Left,Left,8194,366,462,8,nan,nan,0.46
9/22/2025 13:43:26,1.16.3,PRexp,14,3.87,nan,7,Left,Left,8195,366,462,8,nan,nan,0.00
9/22/2025 13:43:27,1.16.3,PRexp,14,3.87,nan,7,Left,Left,8196,366,462,8,nan,nan,0.41
9/22/2025 13:43:28,1.16.3,PRexp,14,3.87,nan,7,Left,Left,8197,366,462,8,nan,nan,0.00
9/22/2025 13:43:29,1.16.3,PRexp,14,3.86,1,7,Pellet,Left,8197,366,463,9,0.42,26,nan
9/22/2025 13:43:46,1.16.3,PRexp,14,3.86,nan,9,Left,Left,8198,366,463,9,nan,nan,0.09
9/22/2025 13:43:49,1.16.3,PRexp,14,3.86,nan,9,Left,Left,8199,366,463,9,nan,nan,0.10
9/22/2025 13:43:51,1.16.3,PRexp,14,3.86,nan,9,Left,Left,8200,366,463,9,nan,nan,0.05
9/22/2025 13:43:57,1.16.3,PRexp,14,3.86,nan,9,Left,Left,8201,366,463,9,nan,nan,0.95
9/22/2025 13:44:03,1.16.3,PRexp,14,3.87,nan,9,Left,Left,8202,366,463,9,nan,nan,0.12
9/22/2025 13:44:05,1.16.3,PRexp,14,3.87,nan,9,Left,Left,8203,366,463,9,nan,nan,0.03
9/22/2025 13:44:07,1.16.3,PRexp,14,3.86,nan,9,Left,Left,8204,366,463,9,nan,nan,0.07
9/22/2025 13:44:09,1.16.3,PRexp,14,3.87,nan,9,Left,Left,8205,366,463,9,nan,nan,0.49
9/22/2025 13:44:18,1.16.3,PRexp,14,3.87,nan,9,Left,Left,8206,366,463,9,nan,nan,0.06
9/22/2025 13:44:22,1.16.3,PRexp,14,3.87,3,9,Pellet,Left,8206,366,464,10,0.06,52,nan
9/22/2025 13:44:54,1.16.3,PRexp,14,3.87,nan,10,Left,Left,8207,366,464,10,nan,nan,1.66
9/22/2025 13:45:08,1.16.3,PRexp,14,3.86,nan,10,Left,Left,8208,366,464,10,nan,nan,0.07
9/22/2025 13:45:09,1.16.3,PRexp,14,3.87,nan,10,Left,Left,8209,366,464,10,nan,nan,0.01
9/22/2025 13:45:12,1.16.3,PRexp,14,3.87,nan,10,Left,Left,8210,366,464,10,nan,nan,0.48
9/22/2025 13:45:13,1.16.3,PRexp,14,3.87,nan,10,Left,Left,8211,366,464,10,nan,nan,0.37
9/22/2025 13:45:16,1.16.3,PRexp,14,3.87,nan,10,Left,Left,8212,366,464,10,nan,nan,0.66
9/22/2025 13:45:17,1.16.3,PRexp,14,3.87,nan,10,Left,Left,8213,366,464,10,nan,nan,0.00
9/22/2025 13:45:18,1.16.3,PRexp,14,3.87,nan,10,Left,Left,8214,366,464,10,nan,nan,0.78
9/22/2025 13:45:22,1.16.3,PRexp,14,3.86,nan,10,Left,Left,8215,366,464,10,nan,nan,0.04
9/22/2025 13:45:23,1.16.3,PRexp,14,3.87,nan,10,Left,Left,8216,366,464,10,nan,nan,0.09
9/22/2025 13:45:23,1.16.3,PRexp,14,3.87,nan,10,LeftDuringDispense,Left,8217,366,464,11,nan,nan,0.02
9/22/2025 13:45:26,1.16.3,PRexp,14,3.86,2,10,Pellet,Left,8217,366,465,11,0.06,65,nan
9/22/2025 13:45:52,1.16.3,PRexp,14,3.86,nan,12,Left,Left,8218,366,465,11,nan,nan,0.02
9/22/2025 13:45:55,1.16.3,PRexp,14,3.87,nan,12,Left,Left,8219,366,465,11,nan,nan,0.58
9/22/2025 13:45:56,1.16.3,PRexp,14,3.87,nan,12,Left,Left,8220,366,465,11,nan,nan,0.12
9/22/2025 13:45:57,1.16.3,PRexp,14,3.86,nan,12,Left,Left,8221,366,465,11,nan,nan,0.10
9/22/2025 13:46:00,1.16.3,PRexp,14,3.87,nan,12,Left,Left,8222,366,465,11,nan,nan,0.35
9/22/2025 13:46:00,1.16.3,PRexp,14,3.86,nan,12,Left,Left,8223,366,465,11,nan,nan,0.00
9/22/2025 13:46:06,1.16.3,PRexp,14,3.86,nan,12,Left,Left,8224,366,465,11,nan,nan,0.10
9/22/2025 13:46:07,1.16.3,PRexp,14,3.87,nan,12,Left,Left,8225,366,465,11,nan,nan,0.00
9/22/2025 13:46:09,1.16.3,PRexp,14,3.87,nan,12,Left,Left,8226,366,465,11,nan,nan,0.54
9/22/2025 13:46:10,1.16.3,PRexp,14,3.86,nan,12,Left,Left,8227,366,465,11,nan,nan,0.16
9/22/2025 13:46:11,1.16.3,PRexp,14,3.86,nan,12,Left,Left,8228,366,465,11,nan,nan,0.39
9/22/2025 13:46:13,1.16.3,PRexp,14,3.87,nan,12,Left,Left,8229,366,465,11,nan,nan,0.04
9/22/2025 13:46:13,1.16.3,PRexp,14,3.86,nan,12,LeftDuringDispense,Left,8230,366,465,12,nan,nan,0.03
9/22/2025 13:46:26,1.16.3,PRexp,14,3.86,3,12,Pellet,Left,8230,366,466,12,7.68,60,nan
9/22/2025 13:47:08,1.16.3,PRexp,14,3.87,nan,13,Left,Left,8231,366,466,12,nan,nan,0.06
9/22/2025 13:47:49,1.16.3,PRexp,14,3.86,nan,13,Left,Left,8232,366,466,12,nan,nan,0.03
9/22/2025 13:47:53,1.16.3,PRexp,14,3.86,nan,13,Left,Left,8233,366,466,12,nan,nan,2.22
9/22/2025 13:47:57,1.16.3,PRexp,14,3.87,nan,13,Left,Left,8234,366,466,12,nan,nan,0.65
9/22/2025 13:48:01,1.16.3,PRexp,14,3.86,nan,13,Left,Left,8235,366,466,12,nan,nan,0.08
9/22/2025 13:48:06,1.16.3,PRexp,14,3.87,nan,13,Left,Left,8236,366,466,12,nan,nan,0.40
9/22/2025 13:48:06,1.16.3,PRexp,14,3.87,nan,13,Left,Left,8237,366,466,12,nan,nan,0.00
9/22/2025 13:48:11,1.16.3,PRexp,14,3.86,nan,13,Left,Left,8238,366,466,12,nan,nan,1.10
9/22/2025 13:48:16,1.16.3,PRexp,14,3.86,nan,13,Left,Left,8239,366,466,12,nan,nan,0.16
9/22/2025 13:48:17,1.16.3,PRexp,14,3.87,nan,13,Left,Left,8240,366,466,12,nan,nan,0.01
9/22/2025 13:48:19,1.16.3,PRexp,14,3.87,nan,13,Left,Left,8241,366,466,12,nan,nan,0.41
9/22/2025 13:48:26,1.16.3,PRexp,14,3.86,nan,13,Left,Left,8242,366,466,12,nan,nan,0.09
9/22/2025 13:48:27,1.16.3,PRexp,14,3.87,nan,13,Left,Left,8243,366,466,12,nan,nan,0.00
9/22/2025 13:48:28,1.16.3,PRexp,14,3.86,2,13,Pellet,Left,8243,366,467,13,0.24,122,nan
9/22/2025 13:52:40,1.16.3,PRexp,14,3.86,nan,15,Left,Left,8244,366,467,13,nan,nan,0.01
9/22/2025 13:55:35,1.16.3,PRexp,14,3.87,nan,15,Left,Left,8245,366,467,13,nan,nan,0.16
9/22/2025 13:55:48,1.16.3,PRexp,14,3.86,nan,15,Left,Left,8246,366,467,13,nan,nan,0.11
9/22/2025 13:55:50,1.16.3,PRexp,14,3.86,nan,15,Left,Left,8247,366,467,13,nan,nan,0.21
9/22/2025 13:55:52,1.16.3,PRexp,14,3.87,nan,15,Left,Left,8248,366,467,13,nan,nan,0.89
9/22/2025 13:55:54,1.16.3,PRexp,14,3.86,nan,15,Left,Left,8249,366,467,13,nan,nan,1.64
9/22/2025 13:55:58,1.16.3,PRexp,14,3.87,nan,15,Left,Left,8250,366,467,13,nan,nan,1.16
9/22/2025 13:55:59,1.16.3,PRexp,14,3.86,nan,15,Left,Left,8251,366,467,13,nan,nan,0.00
9/22/2025 13:56:01,1.16.3,PRexp,14,3.86,nan,15,Left,Left,8252,366,467,13,nan,nan,1.02
9/22/2025 13:56:02,1.16.3,PRexp,14,3.86,nan,15,Left,Left,8253,366,467,13,nan,nan,0.00
9/22/2025 13:56:06,1.16.3,PRexp,14,3.86,nan,15,Left,Left,8254,366,467,13,nan,nan,0.78
9/22/2025 13:56:10,1.16.3,PRexp,14,3.87,nan,15,Left,Left,8255,366,467,13,nan,nan,0.16
9/22/2025 13:56:19,1.16.3,PRexp,14,3.87,nan,15,Left,Left,8256,366,467,13,nan,nan,0.09
9/22/2025 13:56:26,1.16.3,PRexp,14,3.86,nan,15,Left,Left,8257,366,467,13,nan,nan,0.91
9/22/2025 13:56:27,1.16.3,PRexp,14,3.86,nan,15,Left,Left,8258,366,467,13,nan,nan,0.58
9/22/2025 13:56:29,1.16.3,PRexp,14,3.87,1,15,Pellet,Left,8258,366,468,14,0.30,480,nan
9/22/2025 14:05:43,1.16.3,PRexp,14,3.86,nan,17,Left,Left,8259,366,468,14,nan,nan,0.02
9/22/2025 14:05:49,1.16.3,PRexp,14,3.86,nan,17,Left,Left,8260,366,468,14,nan,nan,0.74
9/22/2025 14:05:54,1.16.3,PRexp,14,3.86,nan,17,Left,Left,8261,366,468,14,nan,nan,1.34
9/22/2025 14:06:00,1.16.3,PRexp,14,3.86,nan,17,Left,Left,8262,366,468,14,nan,nan,3.03
9/22/2025 14:06:02,1.16.3,PRexp,14,3.87,nan,17,Left,Left,8263,366,468,14,nan,nan,0.03
9/22/2025 14:06:09,1.16.3,PRexp,14,3.87,nan,17,Left,Left,8264,366,468,14,nan,nan,5.33
9/22/2025 14:06:12,1.16.3,PRexp,14,3.87,nan,17,Left,Left,8265,366,468,14,nan,nan,0.70
9/22/2025 14:06:13,1.16.3,PRexp,14,3.86,nan,17,Left,Left,8266,366,468,14,nan,nan,0.04
9/22/2025 14:06:15,1.16.3,PRexp,14,3.87,nan,17,Left,Left,8267,366,468,14,nan,nan,0.92
9/22/2025 14:06:19,1.16.3,PRexp,14,3.86,nan,17,Left,Left,8268,366,468,14,nan,nan,0.10
9/22/2025 14:06:22,1.16.3,PRexp,14,3.87,nan,17,Left,Left,8269,366,468,14,nan,nan,2.09
9/22/2025 14:06:26,1.16.3,PRexp,14,3.86,nan,17,Left,Left,8270,366,468,14,nan,nan,0.00
9/22/2025 14:06:29,1.16.3,PRexp,14,3.86,nan,17,Left,Left,8271,366,468,14,nan,nan,0.48
9/22/2025 14:06:30,1.16.3,PRexp,14,3.86,nan,17,Left,Left,8272,366,468,14,nan,nan,0.22
9/22/2025 14:06:32,1.16.3,PRexp,14,3.87,nan,17,Left,Left,8273,366,468,14,nan,nan,0.09
9/22/2025 14:06:38,1.16.3,PRexp,14,3.86,nan,17,Left,Left,8274,366,468,14,nan,nan,0.14
9/22/2025 14:06:42,1.16.3,PRexp,14,3.87,nan,17,Left,Left,8275,366,468,14,nan,nan,0.58
9/22/2025 14:06:44,1.16.3,PRexp,14,3.87,1,17,Pellet,Left,8275,366,469,15,0.61,615,nan
9/22/2025 14:07:31,1.16.3,PRexp,14,3.86,nan,20,Left,Left,8276,366,469,15,nan,nan,0.32
9/22/2025 14:07:32,1.16.3,PRexp,14,3.87,nan,20,Left,Left,8277,366,469,15,nan,nan,0.16
9/22/2025 14:07:33,1.16.3,PRexp,14,3.86,nan,20,Left,Left,8278,366,469,15,nan,nan,0.10
9/22/2025 14:07:38,1.16.3,PRexp,14,3.86,nan,20,Left,Left,8279,366,469,15,nan,nan,0.03
9/22/2025 14:51:51,1.16.3,PRexp,14,3.86,nan,1,Left,Left,8280,366,469,0,nan,nan,0.01
9/22/2025 14:51:52,1.16.3,PRexp,14,3.86,1,1,Pellet,Left,8280,366,470,1,0.98,2709,nan
9/22/2025 14:52:15,1.16.3,PRexp,14,3.86,nan,1,Left,Left,8281,366,470,1,nan,nan,0.44
9/22/2025 14:52:16,1.16.3,PRexp,14,3.86,1,1,Pellet,Left,8281,366,471,2,0.36,24,nan
9/22/2025 14:53:06,1.16.3,PRexp,14,3.86,nan,2,Left,Left,8282,366,471,2,nan,nan,0.72
9/22/2025 14:53:10,1.16.3,PRexp,14,3.87,nan,2,Left,Left,8283,366,471,2,nan,nan,0.81
9/22/2025 14:53:10,1.16.3,PRexp,14,3.85,nan,2,LeftDuringDispense,Left,8284,366,471,3,nan,nan,0.02
9/22/2025 14:53:15,1.16.3,PRexp,14,3.86,2,2,Pellet,Left,8284,366,472,3,1.22,59,nan
9/22/2025 14:53:45,1.16.3,PRexp,14,3.87,nan,2,Left,Left,8285,366,472,3,nan,nan,0.05
9/22/2025 14:53:47,1.16.3,PRexp,14,3.86,nan,2,Left,Left,8286,366,472,3,nan,nan,0.12
9/22/2025 14:53:48,1.16.3,PRexp,14,3.86,1,2,Pellet,Left,8286,366,473,4,0.24,33,nan
9/22/2025 14:54:35,1.16.3,PRexp,14,3.86,nan,3,Left,Left,8287,366,473,4,nan,nan,0.03
9/22/2025 14:54:42,1.16.3,PRexp,14,3.86,nan,3,Left,Left,8288,366,473,4,nan,nan,0.83
9/22/2025 14:54:44,1.16.3,PRexp,14,3.86,nan,3,Left,Left,8289,366,473,4,nan,nan,0.05
9/22/2025 14:54:45,1.16.3,PRexp,14,3.86,1,3,Pellet,Left,8289,366,474,5,0.98,57,nan
9/22/2025 14:55:27,1.16.3,PRexp,14,3.86,nan,4,Left,Left,8290,366,474,5,nan,nan,0.01
9/22/2025 14:55:56,1.16.3,PRexp,14,3.86,nan,4,Left,Left,8291,366,474,5,nan,nan,0.11
9/22/2025 14:55:58,1.16.3,PRexp,14,3.86,nan,4,Left,Left,8292,366,474,5,nan,nan,0.00
9/22/2025 14:55:59,1.16.3,PRexp,14,3.87,nan,4,Left,Left,8293,366,474,5,nan,nan,0.46
9/22/2025 14:56:00,1.16.3,PRexp,14,3.86,1,4,Pellet,Left,8293,366,475,6,0.24,75,nan
9/22/2025 14:56:41,1.16.3,PRexp,14,3.86,nan,5,Left,Left,8294,366,475,6,nan,nan,0.06
9/22/2025 14:56:43,1.16.3,PRexp,14,3.86,nan,5,Left,Left,8295,366,475,6,nan,nan,0.02
9/22/2025 14:56:45,1.16.3,PRexp,14,3.85,nan,5,Left,Left,8296,366,475,6,nan,nan,0.14
9/22/2025 14:56:46,1.16.3,PRexp,14,3.86,nan,5,Left,Left,8297,366,475,6,nan,nan,0.00
9/22/2025 14:56:48,1.16.3,PRexp,14,3.86,nan,5,Left,Left,8298,366,475,6,nan,nan,0.18
9/22/2025 14:56:49,1.16.3,PRexp,14,3.86,1,5,Pellet,Left,8298,366,476,7,0.24,49,nan
9/22/2025 14:57:18,1.16.3,PRexp,14,3.86,nan,6,Left,Left,8299,366,476,7,nan,nan,0.01
9/22/2025 14:57:19,1.16.3,PRexp,14,3.86,nan,6,Left,Left,8300,366,476,7,nan,nan,0.12
9/22/2025 14:57:20,1.16.3,PRexp,14,3.85,nan,6,Left,Left,8301,366,476,7,nan,nan,0.13
9/22/2025 14:57:22,1.16.3,PRexp,14,3.86,nan,6,Left,Left,8302,366,476,7,nan,nan,0.03
9/22/2025 14:57:24,1.16.3,PRexp,14,3.86,nan,6,Left,Left,8303,366,476,7,nan,nan,0.67
9/22/2025 14:57:27,1.16.3,PRexp,14,3.86,nan,6,Left,Left,8304,366,476,7,nan,nan,0.57
9/22/2025 14:57:28,1.16.3,PRexp,14,3.86,1,6,Pellet,Left,8304,366,477,8,0.12,39,nan
9/22/2025 14:57:50,1.16.3,PRexp,14,3.86,nan,7,Left,Left,8305,366,477,8,nan,nan,0.04
9/22/2025 14:57:51,1.16.3,PRexp,14,3.86,nan,7,Left,Left,8306,366,477,8,nan,nan,0.00
9/22/2025 14:57:56,1.16.3,PRexp,14,3.86,nan,7,Left,Left,8307,366,477,8,nan,nan,1.61
9/22/2025 14:57:58,1.16.3,PRexp,14,3.86,nan,7,Left,Left,8308,366,477,8,nan,nan,0.40
9/22/2025 14:58:01,1.16.3,PRexp,14,3.86,nan,7,Left,Left,8309,366,477,8,nan,nan,0.68
9/22/2025 14:58:02,1.16.3,PRexp,14,3.86,nan,7,Left,Left,8310,366,477,8,nan,nan,0.02
9/22/2025 14:58:05,1.16.3,PRexp,14,3.86,nan,7,Left,Left,8311,366,477,8,nan,nan,2.18
9/22/2025 14:58:06,1.16.3,PRexp,14,3.86,1,7,Pellet,Left,8311,366,478,9,0.24,38,nan
9/22/2025 14:58:32,1.16.3,PRexp,14,3.86,nan,9,Left,Left,8312,366,478,9,nan,nan,0.01
9/22/2025 14:58:36,1.16.3,PRexp,14,3.86,nan,9,Left,Left,8313,366,478,9,nan,nan,1.11
9/22/2025 14:58:41,1.16.3,PRexp,14,3.86,nan,9,Left,Left,8314,366,478,9,nan,nan,2.24
9/22/2025 14:58:43,1.16.3,PRexp,14,3.86,nan,9,Left,Left,8315,366,478,9,nan,nan,0.46
9/22/2025 14:58:45,1.16.3,PRexp,14,3.86,nan,9,Left,Left,8316,366,478,9,nan,nan,0.08
9/22/2025 14:58:47,1.16.3,PRexp,14,3.86,nan,9,Left,Left,8317,366,478,9,nan,nan,0.97
9/22/2025 14:58:51,1.16.3,PRexp,14,3.87,nan,9,Left,Left,8318,366,478,9,nan,nan,0.12
9/22/2025 14:58:55,1.16.3,PRexp,14,3.85,nan,9,Left,Left,8319,366,478,9,nan,nan,0.02
9/22/2025 14:58:56,1.16.3,PRexp,14,3.86,nan,9,Left,Left,8320,366,478,9,nan,nan,0.23
9/22/2025 14:58:57,1.16.3,PRexp,14,3.86,1,9,Pellet,Left,8320,366,479,10,0.18,51,nan
9/22/2025 14:59:22,1.16.3,PRexp,14,3.86,nan,10,Left,Left,8321,366,479,10,nan,nan,0.01
9/22/2025 14:59:24,1.16.3,PRexp,14,3.86,nan,10,Left,Left,8322,366,479,10,nan,nan,0.44
9/22/2025 14:59:26,1.16.3,PRexp,14,3.87,nan,10,Left,Left,8323,366,479,10,nan,nan,0.42
9/22/2025 14:59:27,1.16.3,PRexp,14,3.85,nan,10,Left,Left,8324,366,479,10,nan,nan,0.03
9/22/2025 14:59:29,1.16.3,PRexp,14,3.86,nan,10,Left,Left,8325,366,479,10,nan,nan,0.15
9/22/2025 14:59:32,1.16.3,PRexp,14,3.86,nan,10,Left,Left,8326,366,479,10,nan,nan,0.07
9/22/2025 14:59:35,1.16.3,PRexp,14,3.86,nan,10,Left,Left,8327,366,479,10,nan,nan,0.58
9/22/2025 14:59:36,1.16.3,PRexp,14,3.86,nan,10,Left,Left,8328,366,479,10,nan,nan,0.00
9/22/2025 14:59:38,1.16.3,PRexp,14,3.86,nan,10,Left,Left,8329,366,479,10,nan,nan,0.43
9/22/2025 14:59:41,1.16.3,PRexp,14,3.86,nan,10,Left,Left,8330,366,479,10,nan,nan,1.90
9/22/2025 14:59:41,1.16.3,PRexp,14,3.86,nan,10,LeftDuringDispense,Left,8331,366,479,11,nan,nan,0.01
9/22/2025 14:59:56,1.16.3,PRexp,14,3.86,3,10,Pellet,Left,8331,366,480,11,10.33,59,nan
9/22/2025 15:00:38,1.16.3,PRexp,14,3.86,nan,12,Left,Left,8332,366,480,11,nan,nan,0.02
9/22/2025 15:00:39,1.16.3,PRexp,14,3.86,nan,12,Left,Left,8333,366,480,11,nan,nan,0.00
9/22/2025 15:00:46,1.16.3,PRexp,14,3.86,nan,12,Left,Left,8334,366,480,11,nan,nan,0.49
9/22/2025 15:00:55,1.16.3,PRexp,14,3.86,nan,12,Left,Left,8335,366,480,11,nan,nan,1.21
9/22/2025 15:00:56,1.16.3,PRexp,14,3.86,nan,12,Left,Left,8336,366,480,11,nan,nan,0.12
9/22/2025 15:00:59,1.16.3,PRexp,14,3.86,nan,12,Left,Left,8337,366,480,11,nan,nan,0.85
9/22/2025 15:01:01,1.16.3,PRexp,14,3.86,nan,12,Left,Left,8338,366,480,11,nan,nan,0.34
9/22/2025 15:01:02,1.16.3,PRexp,14,3.86,nan,12,Left,Left,8339,366,480,11,nan,nan,0.13
9/22/2025 15:01:03,1.16.3,PRexp,14,3.86,nan,12,Left,Left,8340,366,480,11,nan,nan,0.02
9/22/2025 15:01:09,1.16.3,PRexp,14,3.87,nan,12,Left,Left,8341,366,480,11,nan,nan,0.10
9/22/2025 15:01:10,1.16.3,PRexp,14,3.86,nan,12,Left,Left,8342,366,480,11,nan,nan,0.40
9/22/2025 15:01:11,1.16.3,PRexp,14,3.86,nan,12,Left,Left,8343,366,480,11,nan,nan,0.01
9/22/2025 15:01:12,1.16.3,PRexp,14,3.86,nan,12,LeftDuringDispense,Left,8344,366,480,12,nan,nan,0.04
9/22/2025 15:01:15,1.16.3,PRexp,14,3.86,3,12,Pellet,Left,8344,366,481,12,0.06,79,nan
9/22/2025 15:01:45,1.16.3,PRexp,14,3.87,nan,13,Left,Left,8345,366,481,12,nan,nan,0.02
9/22/2025 15:01:46,1.16.3,PRexp,14,3.86,nan,13,Left,Left,8346,366,481,12,nan,nan,0.02
9/22/2025 15:01:47,1.16.3,PRexp,14,3.86,nan,13,Left,Left,8347,366,481,12,nan,nan,0.00
9/22/2025 15:01:48,1.16.3,PRexp,14,3.86,nan,13,Left,Left,8348,366,481,12,nan,nan,0.37
9/22/2025 15:01:51,1.16.3,PRexp,14,3.86,nan,13,Left,Left,8349,366,481,12,nan,nan,0.34
9/22/2025 15:01:52,1.16.3,PRexp,14,3.86,nan,13,Left,Left,8350,366,481,12,nan,nan,0.18
9/22/2025 15:01:53,1.16.3,PRexp,14,3.87,nan,13,Left,Left,8351,366,481,12,nan,nan,0.10
9/22/2025 15:01:55,1.16.3,PRexp,14,3.86,nan,13,Left,Left,8352,366,481,12,nan,nan,0.12
9/22/2025 15:01:56,1.16.3,PRexp,14,3.86,nan,13,Left,Left,8353,366,481,12,nan,nan,0.00
9/22/2025 15:01:57,1.16.3,PRexp,14,3.86,nan,13,Left,Left,8354,366,481,12,nan,nan,0.14
9/22/2025 15:01:58,1.16.3,PRexp,14,3.86,nan,13,Left,Left,8355,366,481,12,nan,nan,0.14
9/22/2025 15:01:59,1.16.3,PRexp,14,3.86,nan,13,Left,Left,8356,366,481,12,nan,nan,0.00
9/22/2025 15:02:00,1.16.3,PRexp,14,3.86,nan,13,Left,Left,8357,366,481,12,nan,nan,0.14
9/22/2025 15:02:01,1.16.3,PRexp,14,3.86,1,13,Pellet,Left,8357,366,482,13,0.12,46,nan
9/22/2025 15:11:14,1.16.3,PRexp,14,3.86,nan,15,Left,Left,8358,366,482,13,nan,nan,0.03
9/22/2025 15:11:28,1.16.3,PRexp,14,3.85,nan,15,Left,Left,8359,366,482,13,nan,nan,0.48
9/22/2025 15:33:27,1.16.3,PRexp,14,3.86,nan,15,Left,Left,8360,366,482,13,nan,nan,0.50
9/22/2025 15:33:29,1.16.3,PRexp,14,3.85,nan,15,Left,Left,8361,366,482,13,nan,nan,0.03
9/22/2025 15:34:31,1.16.3,PRexp,14,3.86,nan,15,Left,Left,8362,366,482,13,nan,nan,0.98
9/22/2025 15:34:34,1.16.3,PRexp,14,3.86,nan,15,Left,Left,8363,366,482,13,nan,nan,0.75
9/22/2025 15:35:00,1.16.3,PRexp,14,3.86,nan,15,Left,Left,8364,366,482,13,nan,nan,0.02
9/22/2025 15:35:02,1.16.3,PRexp,14,3.85,nan,15,Left,Left,8365,366,482,13,nan,nan,0.01
9/22/2025 15:35:04,1.16.3,PRexp,14,3.86,nan,15,Left,Left,8366,366,482,13,nan,nan,0.39
9/22/2025 15:35:21,1.16.3,PRexp,14,3.86,nan,15,Left,Left,8367,366,482,13,nan,nan,0.02
9/22/2025 15:35:24,1.16.3,PRexp,14,3.86,nan,15,Left,Left,8368,366,482,13,nan,nan,0.77
9/22/2025 15:35:34,1.16.3,PRexp,14,3.85,nan,15,Left,Left,8369,366,482,13,nan,nan,0.10
9/22/2025 15:35:37,1.16.3,PRexp,14,3.86,nan,15,Left,Left,8370,366,482,13,nan,nan,0.53
9/22/2025 15:36:14,1.16.3,PRexp,14,3.85,nan,15,Left,Left,8371,366,482,13,nan,nan,0.04
9/22/2025 15:36:15,1.16.3,PRexp,14,3.85,nan,15,Left,Left,8372,366,482,13,nan,nan,0.15
9/22/2025 15:36:16,1.16.3,PRexp,14,3.86,1,15,Pellet,Left,8372,366,483,14,0.18,2055,nan
9/22/2025 15:37:01,1.16.3,PRexp,14,3.86,nan,17,Left,Left,8373,366,483,14,nan,nan,0.10
9/22/2025 15:37:04,1.16.3,PRexp,14,3.86,nan,17,Left,Left,8374,366,483,14,nan,nan,0.35
9/22/2025 15:37:06,1.16.3,PRexp,14,3.86,nan,17,Left,Left,8375,366,483,14,nan,nan,0.02
9/22/2025 15:37:17,1.16.3,PRexp,14,3.86,nan,17,Left,Left,8376,366,483,14,nan,nan,0.27
9/22/2025 15:37:27,1.16.3,PRexp,14,3.86,nan,17,Left,Left,8377,366,483,14,nan,nan,1.11
9/22/2025 15:37:28,1.16.3,PRexp,14,3.86,nan,17,Left,Left,8378,366,483,14,nan,nan,0.02
9/22/2025 15:37:31,1.16.3,PRexp,14,3.85,nan,17,Left,Left,8379,366,483,14,nan,nan,0.83
9/22/2025 15:37:33,1.16.3,PRexp,14,3.86,nan,17,Left,Left,8380,366,483,14,nan,nan,0.27
9/22/2025 15:37:36,1.16.3,PRexp,14,3.86,nan,17,Left,Left,8381,366,483,14,nan,nan,0.40
9/22/2025 15:37:39,1.16.3,PRexp,14,3.85,nan,17,Left,Left,8382,366,483,14,nan,nan,0.01
9/22/2025 15:37:41,1.16.3,PRexp,14,3.86,nan,17,Left,Left,8383,366,483,14,nan,nan,0.25
9/22/2025 15:37:44,1.16.3,PRexp,14,3.86,nan,17,Left,Left,8384,366,483,14,nan,nan,0.02
9/22/2025 15:37:51,1.16.3,PRexp,14,3.86,nan,17,Left,Left,8385,366,483,14,nan,nan,0.22
9/22/2025 15:37:55,1.16.3,PRexp,14,3.85,nan,17,Left,Left,8386,366,483,14,nan,nan,0.41
9/22/2025 15:37:58,1.16.3,PRexp,14,3.86,nan,17,Left,Left,8387,366,483,14,nan,nan,0.01
9/22/2025 15:37:59,1.16.3,PRexp,14,3.86,nan,17,Left,Left,8388,366,483,14,nan,nan,0.01
9/22/2025 15:38:00,1.16.3,PRexp,14,3.86,nan,17,Left,Left,8389,366,483,14,nan,nan,0.00
9/22/2025 15:38:01,1.16.3,PRexp,14,3.86,1,17,Pellet,Left,8389,366,484,15,0.30,105,nan
9/22/2025 15:38:48,1.16.3,PRexp,14,3.86,nan,20,Left,Left,8390,366,484,15,nan,nan,0.31
9/22/2025 15:38:58,1.16.3,PRexp,14,3.86,nan,20,Left,Left,8391,366,484,15,nan,nan,0.09
9/22/2025 15:38:59,1.16.3,PRexp,14,3.85,nan,20,Left,Left,8392,366,484,15,nan,nan,0.55
9/22/2025 15:39:01,1.16.3,PRexp,14,3.86,nan,20,Left,Left,8393,366,484,15,nan,nan,0.10
9/22/2025 15:39:02,1.16.3,PRexp,14,3.86,nan,20,Left,Left,8394,366,484,15,nan,nan,0.16
9/22/2025 15:39:07,1.16.3,PRexp,14,3.85,nan,20,Left,Left,8395,366,484,15,nan,nan,0.01
9/22/2025 15:39:09,1.16.3,PRexp,14,3.86,nan,20,Left,Left,8396,366,484,15,nan,nan,0.03
9/22/2025 15:39:10,1.16.3,PRexp,14,3.86,nan,20,Left,Left,8397,366,484,15,nan,nan,0.17
9/22/2025 15:39:14,1.16.3,PRexp,14,3.86,nan,20,Left,Left,8398,366,484,15,nan,nan,0.02
9/22/2025 15:39:15,1.16.3,PRexp,14,3.85,nan,20,Left,Left,8399,366,484,15,nan,nan,0.03
9/22/2025 15:39:16,1.16.3,PRexp,14,3.86,nan,20,Left,Left,8400,366,484,15,nan,nan,0.00
9/22/2025 15:39:17,1.16.3,PRexp,14,3.86,nan,20,Left,Left,8401,366,484,15,nan,nan,0.00
9/22/2025 15:39:19,1.16.3,PRexp,14,3.85,nan,20,Left,Left,8402,366,484,15,nan,nan,0.31
9/22/2025 15:39:21,1.16.3,PRexp,14,3.85,nan,20,Left,Left,8403,366,484,15,nan,nan,0.01
9/22/2025 15:39:22,1.16.3,PRexp,14,3.86,nan,20,Left,Left,8404,366,484,15,nan,nan,0.02
9/22/2025 15:39:29,1.16.3,PRexp,14,3.86,nan,20,Left,Left,8405,366,484,15,nan,nan,0.05
9/22/2025 15:39:30,1.16.3,PRexp,14,3.86,nan,20,Left,Left,8406,366,484,15,nan,nan,0.00
9/22/2025 15:39:31,1.16.3,PRexp,14,3.86,nan,20,Left,Left,8407,366,484,15,nan,nan,0.00
9/22/2025 15:39:36,1.16.3,PRexp,14,3.86,nan,20,Left,Left,8408,366,484,15,nan,nan,0.13
9/22/2025 15:40:47,1.16.3,PRexp,14,3.86,nan,20,Left,Left,8409,366,484,15,nan,nan,0.05
9/22/2025 15:40:49,1.16.3,PRexp,14,3.86,1,20,Pellet,Left,8409,366,485,16,0.73,168,nan
9/22/2025 15:44:32,1.16.3,PRexp,14,3.85,nan,22,Left,Left,8410,366,485,16,nan,nan,0.04
9/22/2025 15:44:42,1.16.3,PRexp,14,3.85,nan,22,Left,Left,8411,366,485,16,nan,nan,0.72
9/22/2025 15:44:44,1.16.3,PRexp,14,3.86,nan,22,Left,Left,8412,366,485,16,nan,nan,1.18
9/22/2025 15:44:45,1.16.3,PRexp,14,3.86,nan,22,Left,Left,8413,366,485,16,nan,nan,0.00
9/22/2025 15:44:47,1.16.3,PRexp,14,3.85,nan,22,Left,Left,8414,366,485,16,nan,nan,0.34
9/22/2025 15:44:53,1.16.3,PRexp,14,3.86,nan,22,Left,Left,8415,366,485,16,nan,nan,0.13
9/22/2025 15:44:54,1.16.3,PRexp,14,3.85,nan,22,Left,Left,8416,366,485,16,nan,nan,0.00
9/22/2025 15:44:56,1.16.3,PRexp,14,3.85,nan,22,Left,Left,8417,366,485,16,nan,nan,0.73
9/22/2025 15:44:58,1.16.3,PRexp,14,3.85,nan,22,Left,Left,8418,366,485,16,nan,nan,0.79
9/22/2025 15:45:02,1.16.3,PRexp,14,3.85,nan,22,Left,Left,8419,366,485,16,nan,nan,0.63
9/22/2025 15:45:04,1.16.3,PRexp,14,3.85,nan,22,Left,Left,8420,366,485,16,nan,nan,0.59
9/22/2025 15:45:09,1.16.3,PRexp,14,3.86,nan,22,Left,Left,8421,366,485,16,nan,nan,0.19
9/22/2025 15:45:11,1.16.3,PRexp,14,3.86,nan,22,Left,Left,8422,366,485,16,nan,nan,0.00
9/22/2025 15:45:13,1.16.3,PRexp,14,3.85,nan,22,Left,Left,8423,366,485,16,nan,nan,0.16
9/22/2025 15:45:14,1.16.3,PRexp,14,3.85,nan,22,Left,Left,8424,366,485,16,nan,nan,0.13
9/22/2025 15:45:17,1.16.3,PRexp,14,3.85,nan,22,Left,Left,8425,366,485,16,nan,nan,0.25
9/22/2025 15:45:19,1.16.3,PRexp,14,3.85,nan,22,Left,Left,8426,366,485,16,nan,nan,0.57
9/22/2025 15:45:21,1.16.3,PRexp,14,3.86,nan,22,Left,Left,8427,366,485,16,nan,nan,0.23
9/22/2025 15:45:24,1.16.3,PRexp,14,3.86,nan,22,Left,Left,8428,366,485,16,nan,nan,0.98
9/22/2025 15:45:26,1.16.3,PRexp,14,3.86,nan,22,Left,Left,8429,366,485,16,nan,nan,0.02
9/22/2025 15:45:27,1.16.3,PRexp,14,3.86,nan,22,Left,Left,8430,366,485,16,nan,nan,0.29
9/22/2025 15:45:28,1.16.3,PRexp,14,3.86,nan,22,Left,Left,8431,366,485,16,nan,nan,0.00
9/22/2025 15:45:29,1.16.3,PRexp,14,3.85,1,22,Pellet,Left,8431,366,486,17,0.18,280,nan
9/22/2025 15:46:20,1.16.3,PRexp,14,3.85,nan,25,Left,Left,8432,366,486,17,nan,nan,0.03
9/22/2025 15:46:22,1.16.3,PRexp,14,3.86,nan,25,Left,Left,8433,366,486,17,nan,nan,0.57
9/22/2025 15:46:23,1.16.3,PRexp,14,3.85,nan,25,Left,Left,8434,366,486,17,nan,nan,0.03
9/22/2025 15:46:25,1.16.3,PRexp,14,3.85,nan,25,Left,Left,8435,366,486,17,nan,nan,1.57
9/22/2025 15:46:27,1.16.3,PRexp,14,3.86,nan,25,Left,Left,8436,366,486,17,nan,nan,0.12
9/22/2025 15:46:29,1.16.3,PRexp,14,3.85,nan,25,Left,Left,8437,366,486,17,nan,nan,0.33
9/22/2025 15:46:31,1.16.3,PRexp,14,3.85,nan,25,Left,Left,8438,366,486,17,nan,nan,0.41
9/22/2025 15:46:32,1.16.3,PRexp,14,3.85,nan,25,Left,Left,8439,366,486,17,nan,nan,0.13
9/22/2025 15:46:35,1.16.3,PRexp,14,3.86,nan,25,Left,Left,8440,366,486,17,nan,nan,0.13
9/22/2025 15:46:38,1.16.3,PRexp,14,3.85,nan,25,Left,Left,8441,366,486,17,nan,nan,1.17
9/22/2025 15:46:39,1.16.3,PRexp,14,3.85,nan,25,Left,Left,8442,366,486,17,nan,nan,0.00
9/22/2025 15:46:41,1.16.3,PRexp,14,3.86,nan,25,Left,Left,8443,366,486,17,nan,nan,0.14
9/22/2025 15:46:42,1.16.3,PRexp,14,3.86,nan,25,Left,Left,8444,366,486,17,nan,nan,0.29
9/22/2025 15:46:44,1.16.3,PRexp,14,3.86,nan,25,Left,Left,8445,366,486,17,nan,nan,0.36
9/22/2025 15:46:46,1.16.3,PRexp,14,3.85,nan,25,Left,Left,8446,366,486,17,nan,nan,0.17
9/22/2025 15:46:47,1.16.3,PRexp,14,3.85,nan,25,Left,Left,8447,366,486,17,nan,nan,0.16
9/22/2025 15:46:48,1.16.3,PRexp,14,3.86,nan,25,Left,Left,8448,366,486,17,nan,nan,0.00
9/22/2025 15:46:50,1.16.3,PRexp,14,3.86,nan,25,Left,Left,8449,366,486,17,nan,nan,0.32
9/22/2025 15:46:51,1.16.3,PRexp,14,3.86,nan,25,Left,Left,8450,366,486,17,nan,nan,0.02
9/22/2025 15:53:26,1.16.3,PRexp,14,3.86,nan,25,Left,Left,8451,366,486,17,nan,nan,0.18
9/22/2025 15:53:33,1.16.3,PRexp,14,3.85,nan,25,Left,Left,8452,366,486,17,nan,nan,3.12
9/22/2025 15:53:37,1.16.3,PRexp,14,3.86,nan,25,Left,Left,8453,366,486,17,nan,nan,0.45
9/22/2025 15:53:41,1.16.3,PRexp,14,3.86,nan,25,Left,Left,8454,366,486,17,nan,nan,0.03
9/22/2025 15:53:47,1.16.3,PRexp,14,3.85,nan,25,Left,Left,8455,366,486,17,nan,nan,0.23
9/22/2025 15:53:48,1.16.3,PRexp,14,3.86,nan,25,Left,Left,8456,366,486,17,nan,nan,0.08
9/22/2025 15:53:48,1.16.3,PRexp,14,3.86,nan,25,LeftDuringDispense,Left,8457,366,486,18,nan,nan,0.01
9/22/2025 15:53:52,1.16.3,PRexp,14,3.85,2,25,Pellet,Left,8457,366,487,18,0.24,502,nan
9/22/2025 16:14:35,1.16.3,PRexp,14,3.85,nan,28,Left,Left,8458,366,487,18,nan,nan,0.32
9/22/2025 16:14:40,1.16.3,PRexp,14,3.83,nan,28,Left,Left,8459,366,487,18,nan,nan,0.11
9/22/2025 16:14:43,1.16.3,PRexp,14,3.85,nan,28,Left,Left,8460,366,487,18,nan,nan,1.60
9/22/2025 16:14:45,1.16.3,PRexp,14,3.85,nan,28,Left,Left,8461,366,487,18,nan,nan,1.04
9/22/2025 16:14:47,1.16.3,PRexp,14,3.85,nan,28,Left,Left,8462,366,487,18,nan,nan,0.71
9/22/2025 16:14:50,1.16.3,PRexp,14,3.85,nan,28,Left,Left,8463,366,487,18,nan,nan,0.85
9/22/2025 16:14:51,1.16.3,PRexp,14,3.85,nan,28,Left,Left,8464,366,487,18,nan,nan,0.03
9/22/2025 16:14:52,1.16.3,PRexp,14,3.85,nan,28,Left,Left,8465,366,487,18,nan,nan,0.02
9/22/2025 16:14:54,1.16.3,PRexp,14,3.86,nan,28,Left,Left,8466,366,487,18,nan,nan,0.38
9/22/2025 16:14:56,1.16.3,PRexp,14,3.85,nan,28,Left,Left,8467,366,487,18,nan,nan,0.18
9/22/2025 16:14:58,1.16.3,PRexp,14,3.86,nan,28,Left,Left,8468,366,487,18,nan,nan,0.90
9/22/2025 16:14:58,1.16.3,PRexp,14,3.85,nan,28,Left,Left,8469,366,487,18,nan,nan,0.00
9/22/2025 16:28:11,1.16.3,PRexp,14,3.86,nan,28,Left,Left,8470,366,487,18,nan,nan,0.02
9/22/2025 16:28:15,1.16.3,PRexp,14,3.85,nan,28,Left,Left,8471,366,487,18,nan,nan,0.02
9/22/2025 16:28:17,1.16.3,PRexp,14,3.86,nan,28,Left,Left,8472,366,487,18,nan,nan,0.73
9/22/2025 16:28:19,1.16.3,PRexp,14,3.86,nan,28,Left,Left,8473,366,487,18,nan,nan,0.09
9/22/2025 16:28:20,1.16.3,PRexp,14,3.86,nan,28,Left,Left,8474,366,487,18,nan,nan,0.00
9/22/2025 16:28:22,1.16.3,PRexp,14,3.85,nan,28,Left,Left,8475,366,487,18,nan,nan,0.02
9/22/2025 16:28:25,1.16.3,PRexp,14,3.85,nan,28,Left,Left,8476,366,487,18,nan,nan,0.77
9/22/2025 16:28:26,1.16.3,PRexp,14,3.85,nan,28,Left,Left,8477,366,487,18,nan,nan,0.03
9/22/2025 16:28:27,1.16.3,PRexp,14,3.85,nan,28,Left,Left,8478,366,487,18,nan,nan,0.00
9/22/2025 16:28:31,1.16.3,PRexp,14,3.86,nan,28,Left,Left,8479,366,487,18,nan,nan,0.58
9/22/2025 16:28:32,1.16.3,PRexp,14,3.85,nan,28,Left,Left,8480,366,487,18,nan,nan,0.05
9/22/2025 16:28:35,1.16.3,PRexp,14,3.86,nan,28,Left,Left,8481,366,487,18,nan,nan,0.71
9/22/2025 16:28:36,1.16.3,PRexp,14,3.86,nan,28,Left,Left,8482,366,487,18,nan,nan,0.09
9/22/2025 16:28:37,1.16.3,PRexp,14,3.85,nan,28,Left,Left,8483,366,487,18,nan,nan,0.02
9/22/2025 16:28:39,1.16.3,PRexp,14,3.85,nan,28,Left,Left,8484,366,487,18,nan,nan,0.06
9/22/2025 16:28:42,1.16.3,PRexp,14,3.86,nan,28,Left,Left,8485,366,487,18,nan,nan,0.50
9/22/2025 16:28:44,1.16.3,PRexp,14,3.85,1,28,Pellet,Left,8485,366,488,19,0.67,2092,nan
9/22/2025 16:52:59,1.16.3,PRexp,14,3.85,nan,32,Left,Left,8486,366,488,19,nan,nan,0.52
9/22/2025 16:53:01,1.16.3,PRexp,14,3.85,nan,32,Left,Left,8487,366,488,19,nan,nan,0.49
9/22/2025 16:53:02,1.16.3,PRexp,14,3.86,nan,32,Left,Left,8488,366,488,19,nan,nan,0.05
9/22/2025 16:53:05,1.16.3,PRexp,14,3.85,nan,32,Left,Left,8489,366,488,19,nan,nan,0.21
9/22/2025 16:53:07,1.16.3,PRexp,14,3.85,nan,32,Left,Left,8490,366,488,19,nan,nan,0.80
9/22/2025 16:53:09,1.16.3,PRexp,14,3.85,nan,32,Left,Left,8491,366,488,19,nan,nan,0.02
9/22/2025 16:53:11,1.16.3,PRexp,14,3.85,nan,32,Left,Left,8492,366,488,19,nan,nan,0.11
9/22/2025 16:53:12,1.16.3,PRexp,14,3.85,nan,32,Left,Left,8493,366,488,19,nan,nan,0.09
9/22/2025 16:53:14,1.16.3,PRexp,14,3.85,nan,32,Left,Left,8494,366,488,19,nan,nan,0.35
9/22/2025 16:53:16,1.16.3,PRexp,14,3.86,nan,32,Left,Left,8495,366,488,19,nan,nan,0.16
9/22/2025 16:53:20,1.16.3,PRexp,14,3.85,nan,32,Left,Left,8496,366,488,19,nan,nan,0.08
9/22/2025 16:53:20,1.16.3,PRexp,14,3.85,nan,32,Left,Left,8497,366,488,19,nan,nan,0.00
9/22/2025 16:53:23,1.16.3,PRexp,14,3.85,nan,32,Left,Left,8498,366,488,19,nan,nan,0.21
9/22/2025 16:53:24,1.16.3,PRexp,14,3.85,nan,32,Left,Left,8499,366,488,19,nan,nan,0.09
9/22/2025 16:53:25,1.16.3,PRexp,14,3.85,nan,32,Left,Left,8500,366,488,19,nan,nan,0.00
9/22/2025 16:53:27,1.16.3,PRexp,14,3.85,nan,32,Left,Left,8501,366,488,19,nan,nan,0.07
9/22/2025 16:53:31,1.16.3,PRexp,14,3.85,nan,32,Left,Left,8502,366,488,19,nan,nan,0.04
9/22/2025 16:53:32,1.16.3,PRexp,14,3.86,nan,32,Left,Left,8503,366,488,19,nan,nan,0.28
9/22/2025 16:53:33,1.16.3,PRexp,14,3.86,nan,32,Left,Left,8504,366,488,19,nan,nan,0.03
9/22/2025 16:53:35,1.16.3,PRexp,14,3.85,nan,32,Left,Left,8505,366,488,19,nan,nan,0.29
9/22/2025 16:53:36,1.16.3,PRexp,14,3.85,nan,32,Left,Left,8506,366,488,19,nan,nan,0.00
9/22/2025 16:53:38,1.16.3,PRexp,14,3.85,nan,32,Left,Left,8507,366,488,19,nan,nan,0.86
9/22/2025 16:53:39,1.16.3,PRexp,14,3.85,nan,32,Left,Left,8508,366,488,19,nan,nan,0.00
9/22/2025 16:53:40,1.16.3,PRexp,14,3.85,nan,32,Left,Left,8509,366,488,19,nan,nan,0.13
9/22/2025 16:53:41,1.16.3,PRexp,14,3.85,nan,32,Left,Left,8510,366,488,19,nan,nan,0.03
9/22/2025 16:53:42,1.16.3,PRexp,14,3.85,nan,32,Left,Left,8511,366,488,19,nan,nan,0.00
9/22/2025 16:53:44,1.16.3,PRexp,14,3.85,nan,32,Left,Left,8512,366,488,19,nan,nan,0.64
9/22/2025 16:53:45,1.16.3,PRexp,14,3.85,nan,32,Left,Left,8513,366,488,19,nan,nan,0.06
9/22/2025 16:53:47,1.16.3,PRexp,14,3.85,nan,32,Left,Left,8514,366,488,19,nan,nan,1.13
9/22/2025 16:54:00,1.16.3,PRexp,14,3.85,nan,32,Left,Left,8515,366,488,19,nan,nan,0.61
9/22/2025 16:54:02,1.16.3,PRexp,14,3.85,nan,32,Left,Left,8516,366,488,19,nan,nan,0.73
9/22/2025 16:54:04,1.16.3,PRexp,14,3.85,nan,32,Left,Left,8517,366,488,19,nan,nan,0.72
9/22/2025 16:54:05,1.16.3,PRexp,14,3.85,1,32,Pellet,Left,8517,366,489,20,0.24,1522,nan
9/22/2025 16:55:19,1.16.3,PRexp,14,3.85,nan,36,Left,Left,8518,366,489,20,nan,nan,0.06
9/22/2025 16:55:20,1.16.3,PRexp,14,3.85,nan,36,Left,Left,8519,366,489,20,nan,nan,0.08
9/22/2025 16:55:27,1.16.3,PRexp,14,3.86,nan,36,Left,Left,8520,366,489,20,nan,nan,0.00
9/22/2025 16:55:28,1.16.3,PRexp,14,3.85,nan,36,Left,Left,8521,366,489,20,nan,nan,0.11
9/22/2025 16:55:29,1.16.3,PRexp,14,3.85,nan,36,Left,Left,8522,366,489,20,nan,nan,0.00
9/22/2025 16:55:30,1.16.3,PRexp,14,3.85,nan,36,Left,Left,8523,366,489,20,nan,nan,0.66
9/22/2025 16:55:32,1.16.3,PRexp,14,3.85,nan,36,Left,Left,8524,366,489,20,nan,nan,0.02
9/22/2025 16:55:35,1.16.3,PRexp,14,3.85,nan,36,Left,Left,8525,366,489,20,nan,nan,0.00
9/22/2025 16:55:37,1.16.3,PRexp,14,3.85,nan,36,Left,Left,8526,366,489,20,nan,nan,0.42
9/22/2025 16:55:40,1.16.3,PRexp,14,3.85,nan,36,Left,Left,8527,366,489,20,nan,nan,0.63
9/22/2025 16:55:41,1.16.3,PRexp,14,3.85,nan,36,Left,Left,8528,366,489,20,nan,nan,0.00
9/22/2025 16:55:43,1.16.3,PRexp,14,3.85,nan,36,Left,Left,8529,366,489,20,nan,nan,0.02
9/22/2025 16:55:44,1.16.3,PRexp,14,3.86,nan,36,Left,Left,8530,366,489,20,nan,nan,0.00
9/22/2025 16:55:45,1.16.3,PRexp,14,3.85,nan,36,Left,Left,8531,366,489,20,nan,nan,0.17
9/22/2025 16:55:51,1.16.3,PRexp,14,3.85,nan,36,Left,Left,8532,366,489,20,nan,nan,0.00
9/22/2025 16:55:53,1.16.3,PRexp,14,3.85,nan,36,Left,Left,8533,366,489,20,nan,nan,0.03
9/22/2025 16:55:54,1.16.3,PRexp,14,3.85,nan,36,Left,Left,8534,366,489,20,nan,nan,0.29
9/22/2025 16:55:55,1.16.3,PRexp,14,3.85,nan,36,Left,Left,8535,366,489,20,nan,nan,0.00
9/22/2025 16:55:57,1.16.3,PRexp,14,3.85,nan,36,Left,Left,8536,366,489,20,nan,nan,0.52
9/22/2025 16:55:58,1.16.3,PRexp,14,3.85,nan,36,Left,Left,8537,366,489,20,nan,nan,0.40
9/22/2025 16:56:01,1.16.3,PRexp,14,3.85,nan,36,Left,Left,8538,366,489,20,nan,nan,0.43
9/22/2025 16:56:02,1.16.3,PRexp,14,3.85,nan,36,Left,Left,8539,366,489,20,nan,nan,0.00
9/22/2025 16:56:03,1.16.3,PRexp,14,3.85,nan,36,Left,Left,8540,366,489,20,nan,nan,0.00
9/22/2025 16:56:05,1.16.3,PRexp,14,3.85,nan,36,Left,Left,8541,366,489,20,nan,nan,0.32
9/22/2025 16:56:07,1.16.3,PRexp,14,3.85,nan,36,Left,Left,8542,366,489,20,nan,nan,0.08
9/22/2025 16:56:09,1.16.3,PRexp,14,3.85,nan,36,Left,Left,8543,366,489,20,nan,nan,0.05
9/22/2025 16:56:09,1.16.3,PRexp,14,3.85,nan,36,Left,Left,8544,366,489,20,nan,nan,0.00
9/22/2025 16:56:11,1.16.3,PRexp,14,3.85,nan,36,Left,Left,8545,366,489,20,nan,nan,0.03
9/22/2025 16:56:11,1.16.3,PRexp,14,3.85,nan,36,Left,Left,8546,366,489,20,nan,nan,0.10
9/22/2025 16:56:12,1.16.3,PRexp,14,3.85,nan,36,Left,Left,8547,366,489,20,nan,nan,0.02
9/22/2025 16:56:15,1.16.3,PRexp,14,3.85,nan,36,Left,Left,8548,366,489,20,nan,nan,0.10
9/22/2025 16:56:16,1.16.3,PRexp,14,3.85,nan,36,Left,Left,8549,366,489,20,nan,nan,0.21
9/22/2025 16:56:18,1.16.3,PRexp,14,3.85,nan,36,Left,Left,8550,366,489,20,nan,nan,0.42
9/22/2025 17:20:51,1.16.3,PRexp,14,3.85,nan,36,Left,Left,8551,366,489,20,nan,nan,0.04
9/22/2025 17:20:57,1.16.3,PRexp,14,3.85,nan,36,Left,Left,8552,366,489,20,nan,nan,0.01
9/22/2025 17:21:01,1.16.3,PRexp,14,3.85,nan,36,Left,Left,8553,366,489,20,nan,nan,0.06
9/22/2025 17:21:02,1.16.3,PRexp,14,3.85,1,36,Pellet,Left,8553,366,490,21,0.42,1617,nan
9/22/2025 17:22:14,1.16.3,PRexp,14,3.85,nan,40,Left,Left,8554,366,490,21,nan,nan,0.03
9/22/2025 17:22:17,1.16.3,PRexp,14,3.85,nan,40,Left,Left,8555,366,490,21,nan,nan,0.03
9/22/2025 17:22:20,1.16.3,PRexp,14,3.85,nan,40,Left,Left,8556,366,490,21,nan,nan,0.65
9/22/2025 17:22:21,1.16.3,PRexp,14,3.85,nan,40,Left,Left,8557,366,490,21,nan,nan,0.60
9/22/2025 17:22:24,1.16.3,PRexp,14,3.85,nan,40,Left,Left,8558,366,490,21,nan,nan,0.54
9/22/2025 17:22:28,1.16.3,PRexp,14,3.85,nan,40,Left,Left,8559,366,490,21,nan,nan,0.03
9/22/2025 17:22:31,1.16.3,PRexp,14,3.85,nan,40,Left,Left,8560,366,490,21,nan,nan,1.17
9/22/2025 17:22:38,1.16.3,PRexp,14,3.85,nan,40,Left,Left,8561,366,490,21,nan,nan,0.98
9/22/2025 17:22:44,1.16.3,PRexp,14,3.85,nan,40,Left,Left,8562,366,490,21,nan,nan,2.63
9/22/2025 17:22:47,1.16.3,PRexp,14,3.85,nan,40,Left,Left,8563,366,490,21,nan,nan,0.04
9/22/2025 17:24:35,1.16.3,PRexp,14,3.85,nan,40,Left,Left,8564,366,490,21,nan,nan,3.35
9/22/2025 17:24:38,1.16.3,PRexp,14,3.85,nan,40,Left,Left,8565,366,490,21,nan,nan,0.06
9/22/2025 17:24:46,1.16.3,PRexp,14,3.85,nan,40,Left,Left,8566,366,490,21,nan,nan,0.90
9/22/2025 17:24:50,1.16.3,PRexp,14,3.85,nan,40,Left,Left,8567,366,490,21,nan,nan,0.01
9/22/2025 17:24:55,1.16.3,PRexp,14,3.85,nan,40,Left,Left,8568,366,490,21,nan,nan,0.00
9/22/2025 17:24:56,1.16.3,PRexp,14,3.85,nan,40,Left,Left,8569,366,490,21,nan,nan,0.21
9/22/2025 17:24:58,1.16.3,PRexp,14,3.85,nan,40,Left,Left,8570,366,490,21,nan,nan,0.00
9/22/2025 17:24:59,1.16.3,PRexp,14,3.85,nan,40,Left,Left,8571,366,490,21,nan,nan,0.64
9/22/2025 17:25:03,1.16.3,PRexp,14,3.86,nan,40,Left,Left,8572,366,490,21,nan,nan,2.02
9/22/2025 17:25:11,1.16.3,PRexp,14,3.85,nan,40,Left,Left,8573,366,490,21,nan,nan,0.09
9/22/2025 17:25:13,1.16.3,PRexp,14,3.85,nan,40,Left,Left,8574,366,490,21,nan,nan,0.00
9/22/2025 17:25:14,1.16.3,PRexp,14,3.85,nan,40,Left,Left,8575,366,490,21,nan,nan,0.38
9/22/2025 17:43:25,1.16.3,PRexp,14,3.85,nan,40,Left,Left,8576,366,490,21,nan,nan,0.72
9/22/2025 17:43:28,1.16.3,PRexp,14,3.85,nan,40,Left,Left,8577,366,490,21,nan,nan,0.54
9/22/2025 17:43:31,1.16.3,PRexp,14,3.85,nan,40,Left,Left,8578,366,490,21,nan,nan,0.80
9/22/2025 17:43:35,1.16.3,PRexp,14,3.85,nan,40,Left,Left,8579,366,490,21,nan,nan,0.06
9/22/2025 17:43:37,1.16.3,PRexp,14,3.85,nan,40,Left,Left,8580,366,490,21,nan,nan,0.02
9/22/2025 17:43:38,1.16.3,PRexp,14,3.85,nan,40,Left,Left,8581,366,490,21,nan,nan,0.24
9/22/2025 17:43:40,1.16.3,PRexp,14,3.85,nan,40,Left,Left,8582,366,490,21,nan,nan,0.59
9/22/2025 17:43:42,1.16.3,PRexp,14,3.85,nan,40,Left,Left,8583,366,490,21,nan,nan,0.42
9/22/2025 17:43:43,1.16.3,PRexp,14,3.85,nan,40,Left,Left,8584,366,490,21,nan,nan,0.61
9/22/2025 17:43:45,1.16.3,PRexp,14,3.85,nan,40,Left,Left,8585,366,490,21,nan,nan,0.41
9/22/2025 17:43:46,1.16.3,PRexp,14,3.85,nan,40,Left,Left,8586,366,490,21,nan,nan,0.03
9/22/2025 17:43:47,1.16.3,PRexp,14,3.85,nan,40,Left,Left,8587,366,490,21,nan,nan,0.02
9/22/2025 17:43:49,1.16.3,PRexp,14,3.85,nan,40,Left,Left,8588,366,490,21,nan,nan,0.05
9/22/2025 17:43:50,1.16.3,PRexp,14,3.85,nan,40,Left,Left,8589,366,490,21,nan,nan,0.28
9/22/2025 17:43:52,1.16.3,PRexp,14,3.85,nan,40,Left,Left,8590,366,490,21,nan,nan,0.43
9/22/2025 17:43:55,1.16.3,PRexp,14,3.85,nan,40,Left,Left,8591,366,490,21,nan,nan,0.14
9/22/2025 17:43:57,1.16.3,PRexp,14,3.85,nan,40,Left,Left,8592,366,490,21,nan,nan,0.01
9/22/2025 17:43:59,1.16.3,PRexp,14,3.85,nan,40,Left,Left,8593,366,490,21,nan,nan,0.90
9/22/2025 17:44:00,1.16.3,PRexp,14,3.85,1,40,Pellet,Left,8593,366,491,22,0.18,1378,nan
9/22/2025 17:44:45,1.16.3,PRexp,14,3.85,nan,45,Left,Left,8594,366,491,22,nan,nan,0.19
9/22/2025 17:44:47,1.16.3,PRexp,14,3.85,nan,45,Left,Left,8595,366,491,22,nan,nan,0.00
9/22/2025 17:44:49,1.16.3,PRexp,14,3.85,nan,45,Left,Left,8596,366,491,22,nan,nan,0.27
9/22/2025 17:44:51,1.16.3,PRexp,14,3.85,nan,45,Left,Left,8597,366,491,22,nan,nan,0.67
9/22/2025 17:44:52,1.16.3,PRexp,14,3.85,nan,45,Left,Left,8598,366,491,22,nan,nan,0.00
9/22/2025 17:44:53,1.16.3,PRexp,14,3.85,nan,45,Left,Left,8599,366,491,22,nan,nan,0.26
9/22/2025 17:44:55,1.16.3,PRexp,14,3.85,nan,45,Left,Left,8600,366,491,22,nan,nan,0.13
9/22/2025 17:44:56,1.16.3,PRexp,14,3.85,nan,45,Left,Left,8601,366,491,22,nan,nan,0.51
9/22/2025 17:44:58,1.16.3,PRexp,14,3.85,nan,45,Left,Left,8602,366,491,22,nan,nan,0.74
9/22/2025 17:44:59,1.16.3,PRexp,14,3.85,nan,45,Left,Left,8603,366,491,22,nan,nan,0.10
9/22/2025 17:45:03,1.16.3,PRexp,14,3.85,nan,45,Left,Left,8604,366,491,22,nan,nan,0.13
9/22/2025 17:45:06,1.16.3,PRexp,14,3.85,nan,45,Left,Left,8605,366,491,22,nan,nan,0.14
9/22/2025 17:45:07,1.16.3,PRexp,14,3.85,nan,45,Left,Left,8606,366,491,22,nan,nan,0.00
9/22/2025 17:45:09,1.16.3,PRexp,14,3.85,nan,45,Left,Left,8607,366,491,22,nan,nan,0.15
9/22/2025 17:45:10,1.16.3,PRexp,14,3.85,nan,45,Left,Left,8608,366,491,22,nan,nan,0.44
9/22/2025 17:45:13,1.16.3,PRexp,14,3.85,nan,45,Left,Left,8609,366,491,22,nan,nan,0.13
9/22/2025 17:45:14,1.16.3,PRexp,14,3.85,nan,45,Left,Left,8610,366,491,22,nan,nan,0.00
9/22/2025 17:45:16,1.16.3,PRexp,14,3.85,nan,45,Left,Left,8611,366,491,22,nan,nan,0.00
9/22/2025 17:45:17,1.16.3,PRexp,14,3.86,nan,45,Left,Left,8612,366,491,22,nan,nan,0.00
9/22/2025 17:45:18,1.16.3,PRexp,14,3.85,nan,45,Left,Left,8613,366,491,22,nan,nan,0.00
9/22/2025 17:45:19,1.16.3,PRexp,14,3.85,nan,45,Left,Left,8614,366,491,22,nan,nan,0.02
9/22/2025 17:45:20,1.16.3,PRexp,14,3.85,nan,45,Left,Left,8615,366,491,22,nan,nan,0.28
9/22/2025 17:45:22,1.16.3,PRexp,14,3.85,nan,45,Left,Left,8616,366,491,22,nan,nan,0.03
9/22/2025 17:45:23,1.16.3,PRexp,14,3.85,nan,45,Left,Left,8617,366,491,22,nan,nan,0.61
9/22/2025 17:45:25,1.16.3,PRexp,14,3.85,nan,45,Left,Left,8618,366,491,22,nan,nan,0.00
9/22/2025 17:45:26,1.16.3,PRexp,14,3.85,nan,45,Left,Left,8619,366,491,22,nan,nan,0.00
9/22/2025 17:45:27,1.16.3,PRexp,14,3.85,nan,45,Left,Left,8620,366,491,22,nan,nan,0.30
9/22/2025 17:45:28,1.16.3,PRexp,14,3.85,nan,45,Left,Left,8621,366,491,22,nan,nan,0.27
9/22/2025 17:45:30,1.16.3,PRexp,14,3.85,nan,45,Left,Left,8622,366,491,22,nan,nan,0.20
9/22/2025 17:52:22,1.16.3,PRexp,14,3.85,nan,45,Left,Left,8623,366,491,22,nan,nan,0.04
9/22/2025 17:52:24,1.16.3,PRexp,14,3.85,nan,45,Left,Left,8624,366,491,22,nan,nan,0.00
9/22/2025 17:52:27,1.16.3,PRexp,14,3.85,nan,45,Left,Left,8625,366,491,22,nan,nan,1.91
9/22/2025 17:52:31,1.16.3,PRexp,14,3.85,nan,45,Left,Left,8626,366,491,22,nan,nan,0.89
9/22/2025 17:52:33,1.16.3,PRexp,14,3.85,nan,45,Left,Left,8627,366,491,22,nan,nan,0.02
9/22/2025 17:52:36,1.16.3,PRexp,14,3.85,nan,45,Left,Left,8628,366,491,22,nan,nan,0.62
9/22/2025 17:52:39,1.16.3,PRexp,14,3.85,nan,45,Left,Left,8629,366,491,22,nan,nan,1.93
9/22/2025 17:52:45,1.16.3,PRexp,14,3.85,nan,45,Left,Left,8630,366,491,22,nan,nan,0.10
9/22/2025 17:52:51,1.16.3,PRexp,14,3.85,nan,45,Left,Left,8631,366,491,22,nan,nan,0.28
9/22/2025 17:52:55,1.16.3,PRexp,14,3.85,nan,45,Left,Left,8632,366,491,22,nan,nan,0.68
9/22/2025 17:52:56,1.16.3,PRexp,14,3.85,nan,45,Left,Left,8633,366,491,22,nan,nan,0.03
9/22/2025 17:57:17,1.16.3,PRexp,14,3.85,nan,45,Left,Left,8634,366,491,22,nan,nan,1.19
9/22/2025 17:57:26,1.16.3,PRexp,14,3.85,nan,45,Left,Left,8635,366,491,22,nan,nan,2.18
9/22/2025 17:57:32,1.16.3,PRexp,14,3.85,nan,45,Left,Left,8636,366,491,22,nan,nan,1.10
9/22/2025 17:57:34,1.16.3,PRexp,14,3.85,nan,45,Left,Left,8637,366,491,22,nan,nan,0.06
9/22/2025 17:57:35,1.16.3,PRexp,14,3.85,nan,45,Left,Left,8638,366,491,22,nan,nan,0.01
9/22/2025 17:57:36,1.16.3,PRexp,14,3.85,nan,45,LeftDuringDispense,Left,8639,366,491,23,nan,nan,0.03
9/22/2025 17:57:39,1.16.3,PRexp,14,3.86,3,45,Pellet,Left,8639,366,492,23,0.06,819,nan
9/22/2025 18:11:07,1.16.3,PRexp,14,3.85,nan,50,Left,Left,8640,366,492,23,nan,nan,0.03
9/22/2025 18:11:18,1.16.3,PRexp,14,3.86,nan,50,Left,Left,8641,366,492,23,nan,nan,0.54
9/22/2025 18:11:25,1.16.3,PRexp,14,3.85,nan,50,Left,Left,8642,366,492,23,nan,nan,1.15
9/22/2025 18:11:27,1.16.3,PRexp,14,3.85,nan,50,Left,Left,8643,366,492,23,nan,nan,0.92
9/22/2025 18:11:28,1.16.3,PRexp,14,3.85,nan,50,Left,Left,8644,366,492,23,nan,nan,0.00
9/22/2025 18:16:12,1.16.3,PRexp,14,3.85,nan,50,Left,Left,8645,366,492,23,nan,nan,0.17
9/22/2025 18:19:33,1.16.3,PRexp,14,3.85,nan,50,Left,Left,8646,366,492,23,nan,nan,0.92
9/22/2025 18:19:35,1.16.3,PRexp,14,3.85,nan,50,Left,Left,8647,366,492,23,nan,nan,0.16
9/22/2025 18:19:37,1.16.3,PRexp,14,3.85,nan,50,Left,Left,8648,366,492,23,nan,nan,0.47
9/22/2025 18:19:42,1.16.3,PRexp,14,3.85,nan,50,Left,Left,8649,366,492,23,nan,nan,2.00
9/22/2025 18:19:45,1.16.3,PRexp,14,3.85,nan,50,Left,Left,8650,366,492,23,nan,nan,0.74
9/22/2025 18:19:47,1.16.3,PRexp,14,3.85,nan,50,Left,Left,8651,366,492,23,nan,nan,1.17
9/22/2025 18:19:50,1.16.3,PRexp,14,3.85,nan,50,Left,Left,8652,366,492,23,nan,nan,0.71
9/22/2025 18:20:13,1.16.3,PRexp,14,3.85,nan,50,Right,Left,8652,367,492,23,nan,nan,0.03
9/22/2025 18:22:14,1.16.3,PRexp,14,3.85,nan,50,Left,Left,8653,367,492,23,nan,nan,0.13
9/22/2025 18:22:15,1.16.3,PRexp,14,3.85,nan,50,Left,Left,8654,367,492,23,nan,nan,0.12
9/22/2025 18:22:17,1.16.3,PRexp,14,3.85,nan,50,Left,Left,8655,367,492,23,nan,nan,0.08
9/22/2025 18:22:19,1.16.3,PRexp,14,3.85,nan,50,Left,Left,8656,367,492,23,nan,nan,0.90
9/22/2025 18:22:23,1.16.3,PRexp,14,3.85,nan,50,Left,Left,8657,367,492,23,nan,nan,0.46
9/22/2025 18:22:25,1.16.3,PRexp,14,3.85,nan,50,Left,Left,8658,367,492,23,nan,nan,0.58
9/22/2025 18:22:26,1.16.3,PRexp,14,3.85,nan,50,Left,Left,8659,367,492,23,nan,nan,0.12
9/22/2025 18:22:29,1.16.3,PRexp,14,3.85,nan,50,Left,Left,8660,367,492,23,nan,nan,0.11
9/22/2025 18:22:30,1.16.3,PRexp,14,3.85,nan,50,Left,Left,8661,367,492,23,nan,nan,0.40
9/22/2025 18:22:31,1.16.3,PRexp,14,3.85,nan,50,Left,Left,8662,367,492,23,nan,nan,0.54
9/22/2025 18:22:32,1.16.3,PRexp,14,3.85,nan,50,Left,Left,8663,367,492,23,nan,nan,0.13
9/22/2025 18:22:33,1.16.3,PRexp,14,3.85,nan,50,Left,Left,8664,367,492,23,nan,nan,0.10
9/22/2025 18:22:38,1.16.3,PRexp,14,3.85,nan,50,Left,Left,8665,367,492,23,nan,nan,0.16
9/22/2025 18:24:10,1.16.3,PRexp,14,3.85,nan,50,Right,Left,8665,368,492,23,nan,nan,0.03
9/22/2025 18:24:11,1.16.3,PRexp,14,3.85,nan,50,Right,Left,8665,369,492,23,nan,nan,0.17
9/22/2025 18:32:56,1.16.3,PRexp,14,3.85,nan,50,Right,Left,8665,370,492,23,nan,nan,0.03
9/22/2025 18:33:00,1.16.3,PRexp,14,3.85,nan,50,Left,Left,8666,370,492,23,nan,nan,0.91
9/22/2025 18:33:02,1.16.3,PRexp,14,3.85,nan,50,Left,Left,8667,370,492,23,nan,nan,0.00
9/22/2025 18:33:07,1.16.3,PRexp,14,3.85,nan,50,Left,Left,8668,370,492,23,nan,nan,0.04
9/22/2025 18:33:08,1.16.3,PRexp,14,3.85,nan,50,Left,Left,8669,370,492,23,nan,nan,0.05
9/22/2025 18:45:12,1.16.3,PRexp,14,3.85,nan,50,Left,Left,8670,370,492,23,nan,nan,0.12
9/22/2025 18:45:15,1.16.3,PRexp,14,3.85,nan,50,Left,Left,8671,370,492,23,nan,nan,0.32
9/22/2025 18:45:18,1.16.3,PRexp,14,3.85,nan,50,Left,Left,8672,370,492,23,nan,nan,0.12
9/22/2025 18:45:32,1.16.3,PRexp,14,3.85,nan,50,Left,Left,8673,370,492,23,nan,nan,0.58
9/22/2025 18:50:43,1.16.3,PRexp,14,3.85,nan,50,Left,Left,8674,370,492,23,nan,nan,0.12
9/22/2025 18:50:48,1.16.3,PRexp,14,3.85,nan,50,Left,Left,8675,370,492,23,nan,nan,0.26
9/22/2025 18:50:52,1.16.3,PRexp,14,3.85,nan,50,Left,Left,8676,370,492,23,nan,nan,0.34
9/22/2025 18:50:56,1.16.3,PRexp,14,3.85,nan,50,Left,Left,8677,370,492,23,nan,nan,0.14
9/22/2025 18:50:58,1.16.3,PRexp,14,3.85,nan,50,Left,Left,8678,370,492,23,nan,nan,0.29
9/22/2025 18:50:59,1.16.3,PRexp,14,3.85,nan,50,Left,Left,8679,370,492,23,nan,nan,0.11
9/22/2025 18:55:16,1.16.3,PRexp,14,3.85,nan,50,Left,Left,8680,370,492,23,nan,nan,0.02
9/22/2025 18:55:20,1.16.3,PRexp,14,3.85,nan,50,Left,Left,8681,370,492,23,nan,nan,0.39
9/22/2025 18:55:24,1.16.3,PRexp,14,3.85,nan,50,Left,Left,8682,370,492,23,nan,nan,0.02
9/22/2025 18:55:31,1.16.3,PRexp,14,3.85,nan,50,Left,Left,8683,370,492,23,nan,nan,0.39
9/22/2025 18:55:37,1.16.3,PRexp,14,3.85,nan,50,Left,Left,8684,370,492,23,nan,nan,0.11
9/22/2025 18:55:42,1.16.3,PRexp,14,3.85,nan,50,Left,Left,8685,370,492,23,nan,nan,0.85
9/22/2025 18:55:44,1.16.3,PRexp,14,3.85,nan,50,Left,Left,8686,370,492,23,nan,nan,0.19
9/22/2025 18:55:44,1.16.3,PRexp,14,3.85,nan,50,Left,Left,8687,370,492,23,nan,nan,0.02
9/22/2025 18:55:46,1.16.3,PRexp,14,3.85,nan,50,Left,Left,8688,370,492,23,nan,nan,0.03
9/22/2025 18:55:51,1.16.3,PRexp,14,3.85,nan,50,Left,Left,8689,370,492,23,nan,nan,0.80
9/22/2025 18:55:51,1.16.3,PRexp,14,3.85,nan,50,LeftDuringDispense,Left,8690,370,492,24,nan,nan,0.04
9/22/2025 18:55:56,1.16.3,PRexp,14,3.85,4,50,Pellet,Left,8690,370,493,24,0.06,3497,nan
9/22/2025 19:00:12,1.16.3,PRexp,14,3.85,nan,56,Left,Left,8691,370,493,24,nan,nan,0.11
9/22/2025 19:00:14,1.16.3,PRexp,14,3.85,nan,56,Left,Left,8692,370,493,24,nan,nan,0.57
9/22/2025 19:00:16,1.16.3,PRexp,14,3.85,nan,56,Left,Left,8693,370,493,24,nan,nan,0.48
9/22/2025 19:00:23,1.16.3,PRexp,14,3.85,nan,56,Left,Left,8694,370,493,24,nan,nan,0.07
9/22/2025 19:00:24,1.16.3,PRexp,14,3.85,nan,56,Left,Left,8695,370,493,24,nan,nan,0.00
9/22/2025 19:02:44,1.16.3,PRexp,14,3.85,nan,56,Left,Left,8696,370,493,24,nan,nan,0.10
9/22/2025 19:07:32,1.16.3,PRexp,14,3.85,nan,56,Right,Left,8696,371,493,24,nan,nan,0.09
9/22/2025 19:09:58,1.16.3,PRexp,14,3.85,nan,56,Left,Left,8697,371,493,24,nan,nan,0.51
9/22/2025 19:10:25,1.16.3,PRexp,14,3.85,nan,56,Left,Left,8698,371,493,24,nan,nan,0.10
9/22/2025 19:10:29,1.16.3,PRexp,14,3.85,nan,56,Left,Left,8699,371,493,24,nan,nan,0.11
9/22/2025 19:11:47,1.16.3,PRexp,14,3.85,nan,56,Right,Left,8699,372,493,24,nan,nan,0.15
9/22/2025 19:11:51,1.16.3,PRexp,14,3.85,nan,56,Left,Left,8700,372,493,24,nan,nan,0.13
9/22/2025 19:11:51,1.16.3,PRexp,14,3.85,nan,56,Left,Left,8701,372,493,24,nan,nan,0.06
9/22/2025 19:11:54,1.16.3,PRexp,14,3.85,nan,56,Left,Left,8702,372,493,24,nan,nan,0.39
9/22/2025 19:12:07,1.16.3,PRexp,14,3.84,nan,56,Left,Left,8703,372,493,24,nan,nan,0.10
9/22/2025 19:12:12,1.16.3,PRexp,14,3.85,nan,56,Left,Left,8704,372,493,24,nan,nan,0.03
9/22/2025 19:12:13,1.16.3,PRexp,14,3.85,nan,56,Left,Left,8705,372,493,24,nan,nan,0.05
9/22/2025 19:12:16,1.16.3,PRexp,14,3.85,nan,56,Left,Left,8706,372,493,24,nan,nan,0.07
9/22/2025 19:12:19,1.16.3,PRexp,14,3.85,nan,56,Left,Left,8707,372,493,24,nan,nan,0.01
9/22/2025 19:12:22,1.16.3,PRexp,14,3.85,nan,56,Left,Left,8708,372,493,24,nan,nan,0.58
9/22/2025 19:14:43,1.16.3,PRexp,14,3.85,nan,56,Right,Left,8708,373,493,24,nan,nan,0.16
9/22/2025 19:14:46,1.16.3,PRexp,14,3.85,nan,56,Right,Left,8708,374,493,24,nan,nan,0.33
9/22/2025 19:25:42,1.16.3,PRexp,14,3.85,nan,56,Left,Left,8709,374,493,24,nan,nan,0.04
9/22/2025 19:25:43,1.16.3,PRexp,14,3.85,nan,56,Left,Left,8710,374,493,24,nan,nan,0.09
9/22/2025 19:25:45,1.16.3,PRexp,14,3.85,nan,56,Left,Left,8711,374,493,24,nan,nan,0.07
9/22/2025 19:25:48,1.16.3,PRexp,14,3.85,nan,56,Left,Left,8712,374,493,24,nan,nan,0.17
9/22/2025 19:25:52,1.16.3,PRexp,14,3.85,nan,56,Left,Left,8713,374,493,24,nan,nan,0.15
9/22/2025 19:25:54,1.16.3,PRexp,14,3.85,nan,56,Left,Left,8714,374,493,24,nan,nan,0.15
9/22/2025 19:25:55,1.16.3,PRexp,14,3.85,nan,56,Left,Left,8715,374,493,24,nan,nan,0.38
9/22/2025 19:25:57,1.16.3,PRexp,14,3.85,nan,56,Left,Left,8716,374,493,24,nan,nan,0.38
9/22/2025 19:25:58,1.16.3,PRexp,14,3.85,nan,56,Left,Left,8717,374,493,24,nan,nan,0.00
9/22/2025 19:26:00,1.16.3,PRexp,14,3.85,nan,56,Left,Left,8718,374,493,24,nan,nan,0.19
9/22/2025 19:32:42,1.16.3,PRexp,14,3.85,nan,56,Left,Left,8719,374,493,24,nan,nan,0.09
9/22/2025 19:32:44,1.16.3,PRexp,14,3.85,nan,56,Left,Left,8720,374,493,24,nan,nan,0.18
9/22/2025 19:32:45,1.16.3,PRexp,14,3.85,nan,56,Left,Left,8721,374,493,24,nan,nan,0.09
9/22/2025 19:32:47,1.16.3,PRexp,14,3.85,nan,56,Left,Left,8722,374,493,24,nan,nan,0.32
9/22/2025 19:32:50,1.16.3,PRexp,14,3.85,nan,56,Left,Left,8723,374,493,24,nan,nan,0.10
9/22/2025 19:32:53,1.16.3,PRexp,14,3.85,nan,56,Left,Left,8724,374,493,24,nan,nan,0.05
9/22/2025 19:33:09,1.16.3,PRexp,14,3.85,nan,56,Left,Left,8725,374,493,24,nan,nan,0.03
9/22/2025 19:33:12,1.16.3,PRexp,14,3.85,nan,56,Left,Left,8726,374,493,24,nan,nan,0.60
9/22/2025 19:33:16,1.16.3,PRexp,14,3.85,nan,56,Left,Left,8727,374,493,24,nan,nan,0.33
9/22/2025 19:33:18,1.16.3,PRexp,14,3.85,nan,56,Left,Left,8728,374,493,24,nan,nan,0.49
9/22/2025 19:33:21,1.16.3,PRexp,14,3.85,nan,56,Left,Left,8729,374,493,24,nan,nan,0.77
9/22/2025 19:35:22,1.16.3,PRexp,14,3.85,nan,56,Right,Left,8729,375,493,24,nan,nan,0.07
9/22/2025 19:43:37,1.16.3,PRexp,14,3.85,nan,56,Left,Left,8730,375,493,24,nan,nan,0.04
9/22/2025 19:43:39,1.16.3,PRexp,14,3.85,nan,56,Left,Left,8731,375,493,24,nan,nan,0.75
9/22/2025 19:43:43,1.16.3,PRexp,14,3.85,nan,56,Left,Left,8732,375,493,24,nan,nan,0.09
9/22/2025 19:43:49,1.16.3,PRexp,14,3.85,nan,56,Left,Left,8733,375,493,24,nan,nan,0.03
9/22/2025 19:43:54,1.16.3,PRexp,14,3.85,nan,56,Left,Left,8734,375,493,24,nan,nan,0.03
9/22/2025 19:43:55,1.16.3,PRexp,14,3.85,nan,56,Left,Left,8735,375,493,24,nan,nan,0.07
9/22/2025 19:43:55,1.16.3,PRexp,14,3.85,nan,56,Left,Left,8736,375,493,24,nan,nan,0.00
9/22/2025 19:43:57,1.16.3,PRexp,14,3.85,nan,56,Left,Left,8737,375,493,24,nan,nan,0.11
9/22/2025 19:43:59,1.16.3,PRexp,14,3.85,nan,56,Left,Left,8738,375,493,24,nan,nan,0.08
9/22/2025 19:44:01,1.16.3,PRexp,14,3.85,nan,56,Left,Left,8739,375,493,24,nan,nan,0.75
9/22/2025 19:46:30,1.16.3,PRexp,14,3.85,nan,56,Left,Left,8740,375,493,24,nan,nan,0.00
9/22/2025 19:46:46,1.16.3,PRexp,14,3.85,nan,56,Left,Left,8741,375,493,24,nan,nan,0.00
9/22/2025 19:47:38,1.16.3,PRexp,14,3.85,nan,56,Right,Left,8741,376,493,24,nan,nan,0.05
9/22/2025 19:55:05,1.16.3,PRexp,14,3.85,nan,56,Left,Left,8742,376,493,24,nan,nan,0.07
9/22/2025 19:55:10,1.16.3,PRexp,14,3.85,nan,56,Left,Left,8743,376,493,24,nan,nan,0.73
9/22/2025 19:55:11,1.16.3,PRexp,14,3.85,nan,56,Left,Left,8744,376,493,24,nan,nan,0.33
9/22/2025 19:55:13,1.16.3,PRexp,14,3.85,nan,56,Left,Left,8745,376,493,24,nan,nan,0.56
9/22/2025 19:55:14,1.16.3,PRexp,14,3.85,nan,56,Left,Left,8746,376,493,24,nan,nan,0.48
9/22/2025 19:55:15,1.16.3,PRexp,14,3.85,2,56,Pellet,Left,8746,376,494,25,0.06,3559,nan
9/22/2025 19:56:28,1.16.3,PRexp,14,3.85,nan,62,Left,Left,8747,376,494,25,nan,nan,0.12
9/22/2025 19:56:30,1.16.3,PRexp,14,3.85,nan,62,Left,Left,8748,376,494,25,nan,nan,0.07
9/22/2025 19:59:06,1.16.3,PRexp,14,3.85,nan,62,Left,Left,8749,376,494,25,nan,nan,0.08
9/22/2025 19:59:10,1.16.3,PRexp,14,3.85,nan,62,Left,Left,8750,376,494,25,nan,nan,0.02
9/22/2025 19:59:11,1.16.3,PRexp,14,3.85,nan,62,Left,Left,8751,376,494,25,nan,nan,0.06
9/22/2025 19:59:12,1.16.3,PRexp,14,3.85,nan,62,Left,Left,8752,376,494,25,nan,nan,0.08
9/22/2025 19:59:18,1.16.3,PRexp,14,3.85,nan,62,Left,Left,8753,376,494,25,nan,nan,0.07
9/22/2025 19:59:21,1.16.3,PRexp,14,3.85,nan,62,Left,Left,8754,376,494,25,nan,nan,0.09
9/22/2025 19:59:23,1.16.3,PRexp,14,3.85,nan,62,Left,Left,8755,376,494,25,nan,nan,0.02
9/22/2025 19:59:26,1.16.3,PRexp,14,3.85,nan,62,Left,Left,8756,376,494,25,nan,nan,0.00
9/22/2025 19:59:27,1.16.3,PRexp,14,3.85,nan,62,Left,Left,8757,376,494,25,nan,nan,0.00
9/22/2025 19:59:29,1.16.3,PRexp,14,3.85,nan,62,Left,Left,8758,376,494,25,nan,nan,0.54
9/22/2025 19:59:30,1.16.3,PRexp,14,3.85,nan,62,Left,Left,8759,376,494,25,nan,nan,0.66
9/22/2025 19:59:34,1.16.3,PRexp,14,3.85,nan,62,Left,Left,8760,376,494,25,nan,nan,0.10
9/22/2025 19:59:36,1.16.3,PRexp,14,3.85,nan,62,Left,Left,8761,376,494,25,nan,nan,0.16
9/22/2025 19:59:38,1.16.3,PRexp,14,3.85,nan,62,Left,Left,8762,376,494,25,nan,nan,0.48
9/22/2025 19:59:40,1.16.3,PRexp,14,3.85,nan,62,Left,Left,8763,376,494,25,nan,nan,0.62
9/22/2025 19:59:41,1.16.3,PRexp,14,3.85,nan,62,Left,Left,8764,376,494,25,nan,nan,0.02
9/22/2025 19:59:42,1.16.3,PRexp,14,3.85,nan,62,Left,Left,8765,376,494,25,nan,nan,0.01
9/22/2025 19:59:43,1.16.3,PRexp,14,3.85,nan,62,Left,Left,8766,376,494,25,nan,nan,0.29
9/22/2025 20:02:35,1.16.3,PRexp,14,3.85,nan,62,Right,Left,8766,377,494,25,nan,nan,0.11
9/22/2025 20:05:07,1.16.3,PRexp,14,3.85,nan,62,Left,Left,8767,377,494,25,nan,nan,0.05
9/22/2025 20:07:06,1.16.3,PRexp,14,3.85,nan,62,Left,Left,8768,377,494,25,nan,nan,0.08
9/22/2025 20:07:07,1.16.3,PRexp,14,3.85,nan,62,Left,Left,8769,377,494,25,nan,nan,0.08
9/22/2025 20:07:10,1.16.3,PRexp,14,3.85,nan,62,Left,Left,8770,377,494,25,nan,nan,0.15
9/22/2025 20:07:12,1.16.3,PRexp,14,3.84,nan,62,Left,Left,8771,377,494,25,nan,nan,0.16
9/22/2025 20:08:13,1.16.3,PRexp,14,3.85,nan,62,Left,Left,8772,377,494,25,nan,nan,0.13
9/22/2025 20:08:16,1.16.3,PRexp,14,3.85,nan,62,Left,Left,8773,377,494,25,nan,nan,0.17
9/22/2025 20:08:25,1.16.3,PRexp,14,3.85,nan,62,Left,Left,8774,377,494,25,nan,nan,0.46
9/22/2025 20:15:13,1.16.3,PRexp,14,3.85,nan,62,Left,Left,8775,377,494,25,nan,nan,0.17
9/22/2025 20:15:16,1.16.3,PRexp,14,3.85,nan,62,Left,Left,8776,377,494,25,nan,nan,0.06
9/22/2025 20:15:17,1.16.3,PRexp,14,3.84,nan,62,Left,Left,8777,377,494,25,nan,nan,0.06
9/22/2025 20:15:18,1.16.3,PRexp,14,3.84,nan,62,Left,Left,8778,377,494,25,nan,nan,0.07
9/22/2025 20:15:20,1.16.3,PRexp,14,3.84,nan,62,Left,Left,8779,377,494,25,nan,nan,0.68
9/22/2025 20:15:23,1.16.3,PRexp,14,3.85,nan,62,Left,Left,8780,377,494,25,nan,nan,0.28
9/22/2025 20:15:25,1.16.3,PRexp,14,3.85,nan,62,Left,Left,8781,377,494,25,nan,nan,0.03
9/22/2025 20:15:26,1.16.3,PRexp,14,3.85,nan,62,Left,Left,8782,377,494,25,nan,nan,0.00
9/22/2025 20:15:27,1.16.3,PRexp,14,3.85,nan,62,Left,Left,8783,377,494,25,nan,nan,0.00
9/22/2025 20:15:33,1.16.3,PRexp,14,3.84,nan,62,Left,Left,8784,377,494,25,nan,nan,0.12
9/22/2025 20:15:35,1.16.3,PRexp,14,3.85,nan,62,Left,Left,8785,377,494,25,nan,nan,0.42
9/22/2025 20:15:38,1.16.3,PRexp,14,3.85,nan,62,Left,Left,8786,377,494,25,nan,nan,0.04
9/22/2025 20:15:39,1.16.3,PRexp,14,3.85,nan,62,Left,Left,8787,377,494,25,nan,nan,0.06
9/22/2025 20:15:41,1.16.3,PRexp,14,3.85,nan,62,Left,Left,8788,377,494,25,nan,nan,0.79
9/22/2025 20:15:42,1.16.3,PRexp,14,3.85,nan,62,Left,Left,8789,377,494,25,nan,nan,0.22
9/22/2025 20:15:44,1.16.3,PRexp,14,3.85,nan,62,Left,Left,8790,377,494,25,nan,nan,0.12
9/22/2025 20:15:46,1.16.3,PRexp,14,3.85,nan,62,Left,Left,8791,377,494,25,nan,nan,0.09
9/22/2025 20:19:25,1.16.3,PRexp,14,3.85,nan,62,Left,Left,8792,377,494,25,nan,nan,0.03
9/22/2025 20:20:37,1.16.3,PRexp,14,3.85,nan,62,Left,Left,8793,377,494,25,nan,nan,0.23
9/22/2025 20:24:00,1.16.3,PRexp,14,3.85,nan,62,Right,Left,8793,378,494,25,nan,nan,0.11
9/22/2025 20:24:05,1.16.3,PRexp,14,3.85,nan,62,Left,Left,8794,378,494,25,nan,nan,0.43
9/22/2025 20:24:06,1.16.3,PRexp,14,3.85,nan,62,Left,Left,8795,378,494,25,nan,nan,0.12
9/22/2025 20:24:08,1.16.3,PRexp,14,3.85,nan,62,Left,Left,8796,378,494,25,nan,nan,0.98
9/22/2025 20:24:13,1.16.3,PRexp,14,3.84,nan,62,Left,Left,8797,378,494,25,nan,nan,0.52
9/22/2025 20:27:02,1.16.3,PRexp,14,3.85,nan,62,Left,Left,8798,378,494,25,nan,nan,0.03
9/22/2025 20:27:09,1.16.3,PRexp,14,3.85,nan,62,Left,Left,8799,378,494,25,nan,nan,0.13
9/22/2025 20:27:10,1.16.3,PRexp,14,3.85,nan,62,Left,Left,8800,378,494,25,nan,nan,0.09
9/22/2025 20:27:13,1.16.3,PRexp,14,3.85,nan,62,Left,Left,8801,378,494,25,nan,nan,0.07
9/22/2025 20:27:14,1.16.3,PRexp,14,3.85,nan,62,Left,Left,8802,378,494,25,nan,nan,0.00
9/22/2025 20:27:17,1.16.3,PRexp,14,3.85,nan,62,Left,Left,8803,378,494,25,nan,nan,0.78
9/22/2025 20:27:20,1.16.3,PRexp,14,3.85,nan,62,Left,Left,8804,378,494,25,nan,nan,0.07
9/22/2025 20:27:22,1.16.3,PRexp,14,3.84,nan,62,Left,Left,8805,378,494,25,nan,nan,0.51
9/22/2025 20:27:33,1.16.3,PRexp,14,3.85,nan,62,Left,Left,8806,378,494,25,nan,nan,0.10
9/22/2025 20:27:37,1.16.3,PRexp,14,3.85,nan,62,Left,Left,8807,378,494,25,nan,nan,0.05
9/22/2025 20:27:43,1.16.3,PRexp,14,3.85,nan,62,Left,Left,8808,378,494,25,nan,nan,1.44
9/22/2025 20:27:45,1.16.3,PRexp,14,3.85,2,62,Pellet,Left,8808,378,495,26,0.36,1950,nan
9/22/2025 20:32:05,1.16.3,PRexp,14,3.85,nan,69,Left,Left,8809,378,495,26,nan,nan,0.06
9/22/2025 20:32:07,1.16.3,PRexp,14,3.84,nan,69,Left,Left,8810,378,495,26,nan,nan,0.07
9/22/2025 20:32:10,1.16.3,PRexp,14,3.85,nan,69,Left,Left,8811,378,495,26,nan,nan,0.76
9/22/2025 20:32:12,1.16.3,PRexp,14,3.85,nan,69,Left,Left,8812,378,495,26,nan,nan,0.29
9/22/2025 20:32:16,1.16.3,PRexp,14,3.85,nan,69,Left,Left,8813,378,495,26,nan,nan,0.73
9/22/2025 20:32:18,1.16.3,PRexp,14,3.84,nan,69,Left,Left,8814,378,495,26,nan,nan,0.14
9/22/2025 20:32:20,1.16.3,PRexp,14,3.83,nan,69,Left,Left,8815,378,495,26,nan,nan,0.00
9/22/2025 20:33:38,1.16.3,PRexp,14,3.84,nan,69,Left,Left,8816,378,495,26,nan,nan,0.16
9/22/2025 20:33:39,1.16.3,PRexp,14,3.85,nan,69,Left,Left,8817,378,495,26,nan,nan,0.14
9/22/2025 20:33:41,1.16.3,PRexp,14,3.85,nan,69,Left,Left,8818,378,495,26,nan,nan,0.14
9/22/2025 20:33:41,1.16.3,PRexp,14,3.85,nan,69,Left,Left,8819,378,495,26,nan,nan,0.07
9/22/2025 20:33:42,1.16.3,PRexp,14,3.85,nan,69,Left,Left,8820,378,495,26,nan,nan,0.01
9/22/2025 20:33:45,1.16.3,PRexp,14,3.85,nan,69,Left,Left,8821,378,495,26,nan,nan,0.48
9/22/2025 20:33:47,1.16.3,PRexp,14,3.84,nan,69,Left,Left,8822,378,495,26,nan,nan,0.36
9/22/2025 20:33:47,1.16.3,PRexp,14,3.84,nan,69,Left,Left,8823,378,495,26,nan,nan,0.00
9/22/2025 20:33:50,1.16.3,PRexp,14,3.84,nan,69,Left,Left,8824,378,495,26,nan,nan,0.03
9/22/2025 20:35:06,1.16.3,PRexp,14,3.85,nan,69,Left,Left,8825,378,495,26,nan,nan,0.08
9/22/2025 20:35:12,1.16.3,PRexp,14,3.84,nan,69,Left,Left,8826,378,495,26,nan,nan,0.04
9/22/2025 20:38:49,1.16.3,PRexp,14,3.84,nan,69,Left,Left,8827,378,495,26,nan,nan,0.14
9/22/2025 20:38:53,1.16.3,PRexp,14,3.85,nan,69,Left,Left,8828,378,495,26,nan,nan,0.06
9/22/2025 20:40:18,1.16.3,PRexp,14,3.85,nan,69,Left,Left,8829,378,495,26,nan,nan,0.03
9/22/2025 20:40:23,1.16.3,PRexp,14,3.85,nan,69,Left,Left,8830,378,495,26,nan,nan,0.15
9/22/2025 20:40:25,1.16.3,PRexp,14,3.84,nan,69,Left,Left,8831,378,495,26,nan,nan,0.26
9/22/2025 20:40:26,1.16.3,PRexp,14,3.84,nan,69,Left,Left,8832,378,495,26,nan,nan,0.77
9/22/2025 20:41:24,1.16.3,PRexp,14,3.85,nan,69,Left,Left,8833,378,495,26,nan,nan,0.22
9/22/2025 20:41:26,1.16.3,PRexp,14,3.85,nan,69,Left,Left,8834,378,495,26,nan,nan,0.05
9/22/2025 20:41:26,1.16.3,PRexp,14,3.84,nan,69,Left,Left,8835,378,495,26,nan,nan,0.12
9/22/2025 20:41:30,1.16.3,PRexp,14,3.84,nan,69,Left,Left,8836,378,495,26,nan,nan,1.07
9/22/2025 20:41:37,1.16.3,PRexp,14,3.85,nan,69,Left,Left,8837,378,495,26,nan,nan,0.14
9/22/2025 20:41:39,1.16.3,PRexp,14,3.85,nan,69,Left,Left,8838,378,495,26,nan,nan,0.00
9/22/2025 20:41:45,1.16.3,PRexp,14,3.84,nan,69,Left,Left,8839,378,495,26,nan,nan,0.08
9/22/2025 20:41:45,1.16.3,PRexp,14,3.84,nan,69,Left,Left,8840,378,495,26,nan,nan,0.08
9/22/2025 20:41:48,1.16.3,PRexp,14,3.85,nan,69,Left,Left,8841,378,495,26,nan,nan,0.01
9/22/2025 20:41:50,1.16.3,PRexp,14,3.85,nan,69,Left,Left,8842,378,495,26,nan,nan,0.14
9/22/2025 20:41:51,1.16.3,PRexp,14,3.84,nan,69,Left,Left,8843,378,495,26,nan,nan,0.00
9/22/2025 20:41:52,1.16.3,PRexp,14,3.85,nan,69,Left,Left,8844,378,495,26,nan,nan,0.00
9/22/2025 20:41:54,1.16.3,PRexp,14,3.85,nan,69,Left,Left,8845,378,495,26,nan,nan,0.07
9/22/2025 20:41:55,1.16.3,PRexp,14,3.84,nan,69,Left,Left,8846,378,495,26,nan,nan,0.24
9/22/2025 20:41:57,1.16.3,PRexp,14,3.84,nan,69,Left,Left,8847,378,495,26,nan,nan,0.07
9/22/2025 20:41:59,1.16.3,PRexp,14,3.84,nan,69,Left,Left,8848,378,495,26,nan,nan,0.04
9/22/2025 20:46:00,1.16.3,PRexp,14,3.85,nan,69,Left,Left,8849,378,495,26,nan,nan,0.04
9/22/2025 20:46:03,1.16.3,PRexp,14,3.85,nan,69,Left,Left,8850,378,495,26,nan,nan,0.04
9/22/2025 20:46:06,1.16.3,PRexp,14,3.84,nan,69,Left,Left,8851,378,495,26,nan,nan,0.28
9/22/2025 20:46:55,1.16.3,PRexp,14,3.85,nan,69,Left,Left,8852,378,495,26,nan,nan,0.00
9/22/2025 20:46:57,1.16.3,PRexp,14,3.85,nan,69,Left,Left,8853,378,495,26,nan,nan,0.22
9/22/2025 20:46:58,1.16.3,PRexp,14,3.85,nan,69,Left,Left,8854,378,495,26,nan,nan,0.11
9/22/2025 20:46:59,1.16.3,PRexp,14,3.84,nan,69,Left,Left,8855,378,495,26,nan,nan,0.00
9/22/2025 20:47:01,1.16.3,PRexp,14,3.84,nan,69,Left,Left,8856,378,495,26,nan,nan,0.44
9/22/2025 20:47:07,1.16.3,PRexp,14,3.85,nan,69,Left,Left,8857,378,495,26,nan,nan,0.13
9/22/2025 20:47:08,1.16.3,PRexp,14,3.85,nan,69,Left,Left,8858,378,495,26,nan,nan,0.27
9/22/2025 20:47:09,1.16.3,PRexp,14,3.85,nan,69,Left,Left,8859,378,495,26,nan,nan,0.24
9/22/2025 20:47:12,1.16.3,PRexp,14,3.84,nan,69,Left,Left,8860,378,495,26,nan,nan,0.43
9/22/2025 20:47:13,1.16.3,PRexp,14,3.85,nan,69,Left,Left,8861,378,495,26,nan,nan,0.00
9/22/2025 20:47:15,1.16.3,PRexp,14,3.84,nan,69,Left,Left,8862,378,495,26,nan,nan,0.00
9/22/2025 20:47:15,1.16.3,PRexp,14,3.85,nan,69,Left,Left,8863,378,495,26,nan,nan,0.02
9/22/2025 20:47:17,1.16.3,PRexp,14,3.84,nan,69,Left,Left,8864,378,495,26,nan,nan,0.10
9/22/2025 20:47:19,1.16.3,PRexp,14,3.84,nan,69,Left,Left,8865,378,495,26,nan,nan,0.18
9/22/2025 20:47:21,1.16.3,PRexp,14,3.85,nan,69,Left,Left,8866,378,495,26,nan,nan,0.56
9/22/2025 20:47:22,1.16.3,PRexp,14,3.85,nan,69,Left,Left,8867,378,495,26,nan,nan,0.00
9/22/2025 20:51:46,1.16.3,PRexp,14,3.85,nan,69,Left,Left,8868,378,495,26,nan,nan,0.07
9/22/2025 20:51:47,1.16.3,PRexp,14,3.85,nan,69,Left,Left,8869,378,495,26,nan,nan,0.01
9/22/2025 20:51:49,1.16.3,PRexp,14,3.85,nan,69,Left,Left,8870,378,495,26,nan,nan,0.00
9/22/2025 20:51:52,1.16.3,PRexp,14,3.85,nan,69,Left,Left,8871,378,495,26,nan,nan,0.10
9/22/2025 20:51:53,1.16.3,PRexp,14,3.84,nan,69,Left,Left,8872,378,495,26,nan,nan,0.17
9/22/2025 20:53:21,1.16.3,PRexp,14,3.84,nan,69,Right,Left,8872,379,495,26,nan,nan,0.14
9/22/2025 20:56:29,1.16.3,PRexp,14,3.84,nan,69,Right,Left,8872,380,495,26,nan,nan,0.02
9/22/2025 20:56:44,1.16.3,PRexp,14,3.85,nan,69,Left,Left,8873,380,495,26,nan,nan,0.02
9/22/2025 20:56:47,1.16.3,PRexp,14,3.84,nan,69,Left,Left,8874,380,495,26,nan,nan,0.34
9/22/2025 20:56:59,1.16.3,PRexp,14,3.84,nan,69,Left,Left,8875,380,495,26,nan,nan,0.00
9/22/2025 20:57:01,1.16.3,PRexp,14,3.85,nan,69,Left,Left,8876,380,495,26,nan,nan,0.16
9/22/2025 20:57:02,1.16.3,PRexp,14,3.85,nan,69,Left,Left,8877,380,495,26,nan,nan,0.00
9/22/2025 20:57:04,1.16.3,PRexp,14,3.84,2,69,Pellet,Left,8877,380,496,27,0.06,1759,nan
9/22/2025 21:00:12,1.16.3,PRexp,14,3.85,nan,77,Left,Left,8878,380,496,27,nan,nan,0.08
9/22/2025 21:00:22,1.16.3,PRexp,14,3.84,nan,77,Left,Left,8879,380,496,27,nan,nan,0.16
9/22/2025 21:00:41,1.16.3,PRexp,14,3.84,nan,77,Left,Left,8880,380,496,27,nan,nan,0.03
9/22/2025 21:00:42,1.16.3,PRexp,14,3.84,nan,77,Left,Left,8881,380,496,27,nan,nan,0.03
9/22/2025 21:00:45,1.16.3,PRexp,14,3.85,nan,77,Left,Left,8882,380,496,27,nan,nan,0.52
9/22/2025 21:00:47,1.16.3,PRexp,14,3.84,nan,77,Left,Left,8883,380,496,27,nan,nan,1.00
9/22/2025 21:04:08,1.16.3,PRexp,14,3.84,nan,77,Left,Left,8884,380,496,27,nan,nan,0.76
9/22/2025 21:04:13,1.16.3,PRexp,14,3.85,nan,77,Left,Left,8885,380,496,27,nan,nan,0.04
9/22/2025 21:04:15,1.16.3,PRexp,14,3.85,nan,77,Left,Left,8886,380,496,27,nan,nan,0.13
9/22/2025 21:04:18,1.16.3,PRexp,14,3.85,nan,77,Left,Left,8887,380,496,27,nan,nan,0.04
9/22/2025 21:06:43,1.16.3,PRexp,14,3.84,nan,77,Left,Left,8888,380,496,27,nan,nan,0.03
9/22/2025 21:06:44,1.16.3,PRexp,14,3.84,nan,77,Left,Left,8889,380,496,27,nan,nan,0.08
9/22/2025 21:08:28,1.16.3,PRexp,14,3.84,nan,77,Left,Left,8890,380,496,27,nan,nan,1.01
9/22/2025 21:08:36,1.16.3,PRexp,14,3.84,nan,77,Left,Left,8891,380,496,27,nan,nan,0.11
9/22/2025 21:08:42,1.16.3,PRexp,14,3.85,nan,77,Left,Left,8892,380,496,27,nan,nan,0.11
9/22/2025 21:08:48,1.16.3,PRexp,14,3.84,nan,77,Left,Left,8893,380,496,27,nan,nan,0.00
9/22/2025 21:08:54,1.16.3,PRexp,14,3.85,nan,77,Left,Left,8894,380,496,27,nan,nan,0.36
9/22/2025 21:08:58,1.16.3,PRexp,14,3.84,nan,77,Left,Left,8895,380,496,27,nan,nan,0.15
9/22/2025 21:08:59,1.16.3,PRexp,14,3.84,nan,77,Left,Left,8896,380,496,27,nan,nan,0.02
9/22/2025 21:09:00,1.16.3,PRexp,14,3.85,nan,77,Left,Left,8897,380,496,27,nan,nan,0.30
9/22/2025 21:09:03,1.16.3,PRexp,14,3.84,nan,77,Left,Left,8898,380,496,27,nan,nan,0.43
9/22/2025 21:09:05,1.16.3,PRexp,14,3.84,nan,77,Left,Left,8899,380,496,27,nan,nan,0.08
9/22/2025 21:09:08,1.16.3,PRexp,14,3.84,nan,77,Left,Left,8900,380,496,27,nan,nan,0.53
9/22/2025 21:09:13,1.16.3,PRexp,14,3.85,nan,77,Left,Left,8901,380,496,27,nan,nan,0.08
9/22/2025 21:09:16,1.16.3,PRexp,14,3.85,nan,77,Left,Left,8902,380,496,27,nan,nan,0.02
9/22/2025 21:12:45,1.16.3,PRexp,14,3.84,nan,77,Left,Left,8903,380,496,27,nan,nan,0.85
9/22/2025 21:12:49,1.16.3,PRexp,14,3.85,nan,77,Left,Left,8904,380,496,27,nan,nan,0.06
9/22/2025 21:12:52,1.16.3,PRexp,14,3.84,nan,77,Left,Left,8905,380,496,27,nan,nan,0.44
9/22/2025 21:12:54,1.16.3,PRexp,14,3.84,nan,77,Left,Left,8906,380,496,27,nan,nan,0.38
9/22/2025 21:12:55,1.16.3,PRexp,14,3.84,nan,77,Left,Left,8907,380,496,27,nan,nan,0.05
9/22/2025 21:12:59,1.16.3,PRexp,14,3.84,nan,77,Left,Left,8908,380,496,27,nan,nan,0.10
9/22/2025 21:13:01,1.16.3,PRexp,14,3.84,nan,77,Left,Left,8909,380,496,27,nan,nan,0.90
9/22/2025 21:13:05,1.16.3,PRexp,14,3.84,nan,77,Left,Left,8910,380,496,27,nan,nan,0.08
9/22/2025 21:13:06,1.16.3,PRexp,14,3.84,nan,77,Left,Left,8911,380,496,27,nan,nan,0.07
9/22/2025 21:13:09,1.16.3,PRexp,14,3.84,nan,77,Left,Left,8912,380,496,27,nan,nan,0.03
9/22/2025 21:13:12,1.16.3,PRexp,14,3.84,nan,77,Left,Left,8913,380,496,27,nan,nan,0.85
9/22/2025 21:13:15,1.16.3,PRexp,14,3.85,nan,77,Left,Left,8914,380,496,27,nan,nan,0.51
9/22/2025 21:13:17,1.16.3,PRexp,14,3.84,nan,77,Left,Left,8915,380,496,27,nan,nan,0.01
9/22/2025 21:13:20,1.16.3,PRexp,14,3.84,nan,77,Left,Left,8916,380,496,27,nan,nan,0.15
9/22/2025 21:13:23,1.16.3,PRexp,14,3.85,nan,77,Left,Left,8917,380,496,27,nan,nan,2.90
9/22/2025 21:13:36,1.16.3,PRexp,14,3.85,nan,77,Left,Left,8918,380,496,27,nan,nan,1.36
9/22/2025 21:13:40,1.16.3,PRexp,14,3.85,nan,77,Left,Left,8919,380,496,27,nan,nan,1.16
9/22/2025 21:13:47,1.16.3,PRexp,14,3.85,nan,77,Left,Left,8920,380,496,27,nan,nan,0.05
9/22/2025 21:15:55,1.16.3,PRexp,14,3.85,nan,77,Left,Left,8921,380,496,27,nan,nan,0.07
9/22/2025 21:29:18,1.16.3,PRexp,14,3.85,nan,77,Left,Left,8922,380,496,27,nan,nan,0.13
9/22/2025 21:29:21,1.16.3,PRexp,14,3.84,nan,77,Left,Left,8923,380,496,27,nan,nan,0.03
9/22/2025 21:29:23,1.16.3,PRexp,14,3.84,nan,77,Left,Left,8924,380,496,27,nan,nan,0.47
9/22/2025 21:29:26,1.16.3,PRexp,14,3.84,nan,77,Left,Left,8925,380,496,27,nan,nan,0.10
9/22/2025 21:29:29,1.16.3,PRexp,14,3.84,nan,77,Left,Left,8926,380,496,27,nan,nan,0.02
9/22/2025 21:29:32,1.16.3,PRexp,14,3.84,nan,77,Left,Left,8927,380,496,27,nan,nan,0.12
9/22/2025 21:29:33,1.16.3,PRexp,14,3.85,nan,77,Left,Left,8928,380,496,27,nan,nan,0.09
9/22/2025 21:29:37,1.16.3,PRexp,14,3.84,nan,77,Left,Left,8929,380,496,27,nan,nan,1.19
9/22/2025 21:29:38,1.16.3,PRexp,14,3.84,nan,77,Left,Left,8930,380,496,27,nan,nan,0.08
9/22/2025 21:29:39,1.16.3,PRexp,14,3.84,nan,77,Left,Left,8931,380,496,27,nan,nan,0.10
9/22/2025 21:29:40,1.16.3,PRexp,14,3.85,nan,77,Left,Left,8932,380,496,27,nan,nan,0.12
9/22/2025 21:29:43,1.16.3,PRexp,14,3.84,nan,77,Left,Left,8933,380,496,27,nan,nan,0.89
9/22/2025 21:29:44,1.16.3,PRexp,14,3.84,nan,77,Left,Left,8934,380,496,27,nan,nan,0.00
9/22/2025 21:29:45,1.16.3,PRexp,14,3.84,nan,77,Left,Left,8935,380,496,27,nan,nan,0.17
9/22/2025 21:29:46,1.16.3,PRexp,14,3.84,nan,77,Left,Left,8936,380,496,27,nan,nan,0.10
9/22/2025 21:29:51,1.16.3,PRexp,14,3.84,nan,77,Left,Left,8937,380,496,27,nan,nan,0.58
9/22/2025 21:29:52,1.16.3,PRexp,14,3.84,nan,77,Left,Left,8938,380,496,27,nan,nan,0.00
9/22/2025 21:29:54,1.16.3,PRexp,14,3.85,nan,77,Left,Left,8939,380,496,27,nan,nan,0.68
9/22/2025 21:29:56,1.16.3,PRexp,14,3.84,nan,77,Left,Left,8940,380,496,27,nan,nan,0.05
9/22/2025 21:35:53,1.16.3,PRexp,14,3.85,nan,77,Left,Left,8941,380,496,27,nan,nan,0.14
9/22/2025 21:35:58,1.16.3,PRexp,14,3.84,nan,77,Left,Left,8942,380,496,27,nan,nan,1.64
9/22/2025 21:36:02,1.16.3,PRexp,14,3.84,nan,77,Left,Left,8943,380,496,27,nan,nan,3.01
9/22/2025 21:36:05,1.16.3,PRexp,14,3.84,nan,77,Left,Left,8944,380,496,27,nan,nan,0.14
9/22/2025 21:36:08,1.16.3,PRexp,14,3.84,nan,77,Left,Left,8945,380,496,27,nan,nan,0.00
9/22/2025 21:36:09,1.16.3,PRexp,14,3.84,nan,77,Left,Left,8946,380,496,27,nan,nan,0.00
9/22/2025 21:36:11,1.16.3,PRexp,14,3.85,nan,77,Left,Left,8947,380,496,27,nan,nan,0.15
9/22/2025 21:36:14,1.16.3,PRexp,14,3.84,nan,77,Left,Left,8948,380,496,27,nan,nan,0.00
9/22/2025 21:36:16,1.16.3,PRexp,14,3.85,nan,77,Left,Left,8949,380,496,27,nan,nan,1.75
9/22/2025 21:36:17,1.16.3,PRexp,14,3.85,nan,77,Left,Left,8950,380,496,27,nan,nan,0.13
9/22/2025 21:36:20,1.16.3,PRexp,14,3.84,nan,77,Left,Left,8951,380,496,27,nan,nan,1.79
9/22/2025 21:36:24,1.16.3,PRexp,14,3.84,nan,77,Left,Left,8952,380,496,27,nan,nan,2.54
9/22/2025 21:40:56,1.16.3,PRexp,14,3.85,nan,77,Left,Left,8953,380,496,27,nan,nan,3.25
9/22/2025 21:41:03,1.16.3,PRexp,14,3.84,nan,77,Left,Left,8954,380,496,27,nan,nan,1.02
9/22/2025 21:41:04,1.16.3,PRexp,14,3.84,nan,77,LeftDuringDispense,Left,8955,380,496,28,nan,nan,0.10
9/22/2025 21:41:05,1.16.3,PRexp,14,3.84,1,77,Pellet,Left,8955,380,497,28,0.18,2641,nan
9/22/2025 22:26:56,1.16.3,PRexp,14,3.84,nan,1,Right,Left,8955,381,497,0,nan,nan,0.02
9/22/2025 22:26:58,1.16.3,PRexp,14,3.84,nan,1,Right,Left,8955,382,497,0,nan,nan,0.07
9/22/2025 22:26:59,1.16.3,PRexp,14,3.84,nan,1,Right,Left,8955,383,497,0,nan,nan,0.03
9/22/2025 22:27:00,1.16.3,PRexp,14,3.84,nan,1,Right,Left,8955,384,497,0,nan,nan,0.00
9/22/2025 22:27:16,1.16.3,PRexp,14,3.84,nan,1,Left,Left,8956,384,497,0,nan,nan,0.04
9/22/2025 22:27:18,1.16.3,PRexp,14,3.84,1,1,Pellet,Left,8956,384,498,1,1.40,2773,nan
9/22/2025 22:29:01,1.16.3,PRexp,14,3.84,nan,1,Left,Left,8957,384,498,1,nan,nan,0.23
9/22/2025 22:29:01,1.16.3,PRexp,14,3.84,nan,1,LeftDuringDispense,Left,8958,384,498,2,nan,nan,0.02
9/22/2025 22:29:04,1.16.3,PRexp,14,3.84,3,1,Pellet,Left,8958,384,499,2,0.12,106,nan
9/22/2025 22:30:08,1.16.3,PRexp,14,3.84,nan,2,Left,Left,8959,384,499,2,nan,nan,0.11
9/22/2025 22:30:10,1.16.3,PRexp,14,3.84,nan,2,Left,Left,8960,384,499,2,nan,nan,0.02
9/22/2025 22:30:11,1.16.3,PRexp,14,3.83,1,2,Pellet,Left,8960,384,500,3,0.24,67,nan
9/22/2025 22:32:17,1.16.3,PRexp,14,3.84,nan,2,Left,Left,8961,384,500,3,nan,nan,0.39
9/22/2025 22:32:19,1.16.3,PRexp,14,3.84,nan,2,Left,Left,8962,384,500,3,nan,nan,0.00
9/22/2025 22:32:20,1.16.3,PRexp,14,3.84,1,2,Pellet,Left,8962,384,501,4,0.18,129,nan
9/22/2025 22:33:11,1.16.3,PRexp,14,3.84,nan,3,Left,Left,8963,384,501,4,nan,nan,0.16
9/22/2025 22:33:12,1.16.3,PRexp,14,3.84,nan,3,Left,Left,8964,384,501,4,nan,nan,0.00
9/22/2025 22:33:13,1.16.3,PRexp,14,3.84,nan,3,Left,Left,8965,384,501,4,nan,nan,0.12
9/22/2025 22:33:14,1.16.3,PRexp,14,3.83,nan,3,LeftDuringDispense,Left,8966,384,501,5,nan,nan,0.03
9/22/2025 22:33:17,1.16.3,PRexp,14,3.83,3,3,Pellet,Left,8966,384,502,5,0.06,57,nan
9/22/2025 22:34:11,1.16.3,PRexp,14,3.84,nan,4,Left,Left,8967,384,502,5,nan,nan,2.59
9/22/2025 22:34:18,1.16.3,PRexp,14,3.84,nan,4,Left,Left,8968,384,502,5,nan,nan,0.13
9/22/2025 22:34:20,1.16.3,PRexp,14,3.84,nan,4,Left,Left,8969,384,502,5,nan,nan,1.06
9/22/2025 22:34:21,1.16.3,PRexp,14,3.84,nan,4,Left,Left,8970,384,502,5,nan,nan,0.00
9/22/2025 22:34:22,1.16.3,PRexp,14,3.84,1,4,Pellet,Left,8970,384,503,6,0.24,65,nan
9/22/2025 22:35:03,1.16.3,PRexp,14,3.84,nan,5,Left,Left,8971,384,503,6,nan,nan,0.99
9/22/2025 22:35:06,1.16.3,PRexp,14,3.84,nan,5,Left,Left,8972,384,503,6,nan,nan,0.08
9/22/2025 22:35:07,1.16.3,PRexp,14,3.84,nan,5,Left,Left,8973,384,503,6,nan,nan,0.57
9/22/2025 22:35:10,1.16.3,PRexp,14,3.84,nan,5,Left,Left,8974,384,503,6,nan,nan,0.55
9/22/2025 22:35:12,1.16.3,PRexp,14,3.84,nan,5,Left,Left,8975,384,503,6,nan,nan,0.84
9/22/2025 22:35:13,1.16.3,PRexp,14,3.84,1,5,Pellet,Left,8975,384,504,7,0.18,51,nan
9/22/2025 22:36:00,1.16.3,PRexp,14,3.84,nan,6,Left,Left,8976,384,504,7,nan,nan,0.02
9/22/2025 22:36:01,1.16.3,PRexp,14,3.84,nan,6,Left,Left,8977,384,504,7,nan,nan,0.88
9/22/2025 22:36:05,1.16.3,PRexp,14,3.84,nan,6,Left,Left,8978,384,504,7,nan,nan,1.49
9/22/2025 22:36:07,1.16.3,PRexp,14,3.84,nan,6,Left,Left,8979,384,504,7,nan,nan,0.20
9/22/2025 22:36:09,1.16.3,PRexp,14,3.84,nan,6,Left,Left,8980,384,504,7,nan,nan,0.46
9/22/2025 22:36:11,1.16.3,PRexp,14,3.83,nan,6,Left,Left,8981,384,504,7,nan,nan,1.37
9/22/2025 22:36:12,1.16.3,PRexp,14,3.83,1,6,Pellet,Left,8981,384,505,8,0.18,59,nan
9/22/2025 22:37:37,1.16.3,PRexp,14,3.84,nan,7,Left,Left,8982,384,505,8,nan,nan,0.04
9/22/2025 22:37:43,1.16.3,PRexp,14,3.84,nan,7,Left,Left,8983,384,505,8,nan,nan,0.07
9/22/2025 22:37:44,1.16.3,PRexp,14,3.84,nan,7,Left,Left,8984,384,505,8,nan,nan,0.00
9/22/2025 22:37:45,1.16.3,PRexp,14,3.84,nan,7,Left,Left,8985,384,505,8,nan,nan,0.08
9/22/2025 22:37:50,1.16.3,PRexp,14,3.84,nan,7,Left,Left,8986,384,505,8,nan,nan,1.22
9/22/2025 22:37:51,1.16.3,PRexp,14,3.84,nan,7,Left,Left,8987,384,505,8,nan,nan,0.00
9/22/2025 22:37:53,1.16.3,PRexp,14,3.84,nan,7,Left,Left,8988,384,505,8,nan,nan,0.08
9/22/2025 22:37:55,1.16.3,PRexp,14,3.85,1,7,Pellet,Left,8988,384,506,9,0.55,103,nan
9/22/2025 22:38:57,1.16.3,PRexp,14,3.84,nan,9,Left,Left,8989,384,506,9,nan,nan,0.14
9/22/2025 22:39:02,1.16.3,PRexp,14,3.84,nan,9,Left,Left,8990,384,506,9,nan,nan,0.41
9/22/2025 22:39:10,1.16.3,PRexp,14,3.84,nan,9,Left,Left,8991,384,506,9,nan,nan,1.34
9/22/2025 22:39:10,1.16.3,PRexp,14,3.84,nan,9,Left,Left,8992,384,506,9,nan,nan,0.00
9/22/2025 22:39:18,1.16.3,PRexp,14,3.84,nan,9,Left,Left,8993,384,506,9,nan,nan,0.07
9/22/2025 22:39:20,1.16.3,PRexp,14,3.84,nan,9,Left,Left,8994,384,506,9,nan,nan,0.00
9/22/2025 22:39:22,1.16.3,PRexp,14,3.84,nan,9,Left,Left,8995,384,506,9,nan,nan,0.40
9/22/2025 22:39:24,1.16.3,PRexp,14,3.84,nan,9,Left,Left,8996,384,506,9,nan,nan,0.15
9/22/2025 22:39:26,1.16.3,PRexp,14,3.84,nan,9,Left,Left,8997,384,506,9,nan,nan,0.52
9/22/2025 22:39:26,1.16.3,PRexp,14,3.83,nan,9,LeftDuringDispense,Left,8998,384,506,10,nan,nan,0.09
9/22/2025 22:39:30,1.16.3,PRexp,14,3.84,3,9,Pellet,Left,8998,384,507,10,0.06,95,nan
9/22/2025 22:40:13,1.16.3,PRexp,14,3.84,nan,10,Left,Left,8999,384,507,10,nan,nan,0.00
9/22/2025 22:40:16,1.16.3,PRexp,14,3.84,nan,10,Left,Left,9000,384,507,10,nan,nan,0.08
9/22/2025 22:40:18,1.16.3,PRexp,14,3.84,nan,10,Left,Left,9001,384,507,10,nan,nan,1.05
9/22/2025 22:40:22,1.16.3,PRexp,14,3.84,nan,10,Left,Left,9002,384,507,10,nan,nan,1.14
9/22/2025 22:40:23,1.16.3,PRexp,14,3.84,nan,10,Left,Left,9003,384,507,10,nan,nan,0.00
9/22/2025 22:40:25,1.16.3,PRexp,14,3.83,nan,10,Left,Left,9004,384,507,10,nan,nan,0.00
9/22/2025 22:40:26,1.16.3,PRexp,14,3.84,nan,10,Left,Left,9005,384,507,10,nan,nan,0.00
9/22/2025 22:40:29,1.16.3,PRexp,14,3.84,nan,10,Left,Left,9006,384,507,10,nan,nan,0.10
9/22/2025 22:40:33,1.16.3,PRexp,14,3.83,nan,10,Left,Left,9007,384,507,10,nan,nan,0.00
9/22/2025 22:40:35,1.16.3,PRexp,14,3.84,nan,10,Left,Left,9008,384,507,10,nan,nan,1.19
9/22/2025 22:40:39,1.16.3,PRexp,14,3.84,3,10,Pellet,Left,9008,384,508,11,0.06,69,nan
9/22/2025 22:41:37,1.16.3,PRexp,14,3.84,nan,12,Left,Left,9009,384,508,11,nan,nan,0.08
9/22/2025 22:41:40,1.16.3,PRexp,14,3.84,nan,12,Left,Left,9010,384,508,11,nan,nan,1.96
9/22/2025 22:41:42,1.16.3,PRexp,14,3.83,nan,12,Left,Left,9011,384,508,11,nan,nan,0.00
9/22/2025 22:41:46,1.16.3,PRexp,14,3.84,nan,12,Left,Left,9012,384,508,11,nan,nan,0.23
9/22/2025 22:41:46,1.16.3,PRexp,14,3.84,nan,12,Left,Left,9013,384,508,11,nan,nan,0.00
9/22/2025 22:41:49,1.16.3,PRexp,14,3.84,nan,12,Left,Left,9014,384,508,11,nan,nan,0.23
9/22/2025 22:41:51,1.16.3,PRexp,14,3.83,nan,12,Left,Left,9015,384,508,11,nan,nan,0.62
9/22/2025 22:41:52,1.16.3,PRexp,14,3.84,nan,12,Left,Left,9016,384,508,11,nan,nan,0.37
9/22/2025 22:41:55,1.16.3,PRexp,14,3.84,nan,12,Left,Left,9017,384,508,11,nan,nan,0.21
9/22/2025 22:41:59,1.16.3,PRexp,14,3.84,nan,12,Left,Left,9018,384,508,11,nan,nan,0.15
9/22/2025 22:42:01,1.16.3,PRexp,14,3.84,nan,12,Left,Left,9019,384,508,11,nan,nan,0.64
9/22/2025 22:42:02,1.16.3,PRexp,14,3.84,nan,12,Left,Left,9020,384,508,11,nan,nan,0.53
9/22/2025 22:42:03,1.16.3,PRexp,14,3.83,2,12,Pellet,Left,9020,384,509,12,0.18,84,nan
9/22/2025 22:48:56,1.16.3,PRexp,14,3.84,nan,13,Left,Left,9021,384,509,12,nan,nan,0.64
9/22/2025 22:49:04,1.16.3,PRexp,14,3.84,nan,13,Left,Left,9022,384,509,12,nan,nan,0.04
9/22/2025 22:49:06,1.16.3,PRexp,14,3.84,nan,13,Left,Left,9023,384,509,12,nan,nan,0.31
9/22/2025 22:49:07,1.16.3,PRexp,14,3.84,nan,13,Left,Left,9024,384,509,12,nan,nan,0.01
9/22/2025 22:49:10,1.16.3,PRexp,14,3.84,nan,13,Left,Left,9025,384,509,12,nan,nan,0.33
9/22/2025 22:49:12,1.16.3,PRexp,14,3.84,nan,13,Left,Left,9026,384,509,12,nan,nan,0.79
9/22/2025 22:49:19,1.16.3,PRexp,14,3.84,nan,13,Left,Left,9027,384,509,12,nan,nan,1.00
9/22/2025 22:49:21,1.16.3,PRexp,14,3.84,nan,13,Left,Left,9028,384,509,12,nan,nan,0.60
9/22/2025 22:49:27,1.16.3,PRexp,14,3.84,nan,13,Left,Left,9029,384,509,12,nan,nan,0.06
9/22/2025 22:49:29,1.16.3,PRexp,14,3.83,nan,13,Left,Left,9030,384,509,12,nan,nan,0.00
9/22/2025 22:49:31,1.16.3,PRexp,14,3.84,nan,13,Left,Left,9031,384,509,12,nan,nan,0.80
9/22/2025 22:49:32,1.16.3,PRexp,14,3.84,nan,13,Left,Left,9032,384,509,12,nan,nan,0.00
9/22/2025 22:49:35,1.16.3,PRexp,14,3.84,nan,13,Left,Left,9033,384,509,12,nan,nan,0.58
9/22/2025 22:49:36,1.16.3,PRexp,14,3.84,2,13,Pellet,Left,9033,384,510,13,0.18,453,nan
9/22/2025 22:50:38,1.16.3,PRexp,14,3.84,nan,15,Left,Left,9034,384,510,13,nan,nan,0.02
9/22/2025 22:50:39,1.16.3,PRexp,14,3.84,nan,15,Left,Left,9035,384,510,13,nan,nan,0.19
9/22/2025 22:53:35,1.16.3,PRexp,14,3.84,nan,15,Left,Left,9036,384,510,13,nan,nan,0.03
9/22/2025 22:53:40,1.16.3,PRexp,14,3.84,nan,15,Left,Left,9037,384,510,13,nan,nan,0.69
9/22/2025 22:53:41,1.16.3,PRexp,14,3.84,nan,15,Left,Left,9038,384,510,13,nan,nan,0.32
9/22/2025 22:56:15,1.16.3,PRexp,14,3.84,nan,15,Left,Left,9039,384,510,13,nan,nan,0.12
9/22/2025 22:56:17,1.16.3,PRexp,14,3.84,nan,15,Left,Left,9040,384,510,13,nan,nan,0.06
9/22/2025 22:56:20,1.16.3,PRexp,14,3.84,nan,15,Left,Left,9041,384,510,13,nan,nan,0.13
9/22/2025 22:56:22,1.16.3,PRexp,14,3.84,nan,15,Left,Left,9042,384,510,13,nan,nan,0.65
9/22/2025 22:56:23,1.16.3,PRexp,14,3.84,nan,15,Left,Left,9043,384,510,13,nan,nan,0.08
9/22/2025 22:56:24,1.16.3,PRexp,14,3.84,nan,15,Left,Left,9044,384,510,13,nan,nan,0.26
9/22/2025 22:56:27,1.16.3,PRexp,14,3.84,nan,15,Left,Left,9045,384,510,13,nan,nan,0.12
9/22/2025 22:56:29,1.16.3,PRexp,14,3.83,nan,15,Left,Left,9046,384,510,13,nan,nan,0.66
9/22/2025 22:56:31,1.16.3,PRexp,14,3.84,nan,15,Left,Left,9047,384,510,13,nan,nan,0.75
9/22/2025 22:56:33,1.16.3,PRexp,14,3.84,nan,15,Left,Left,9048,384,510,13,nan,nan,0.02
9/22/2025 22:56:34,1.16.3,PRexp,14,3.84,2,15,Pellet,Left,9048,384,511,14,0.24,418,nan
9/22/2025 22:57:42,1.16.3,PRexp,14,3.84,nan,17,Right,Left,9048,385,511,14,nan,nan,0.18
9/22/2025 22:57:44,1.16.3,PRexp,14,3.84,nan,17,Left,Left,9049,385,511,14,nan,nan,0.15
9/22/2025 22:57:46,1.16.3,PRexp,14,3.84,nan,17,Left,Left,9050,385,511,14,nan,nan,0.58
9/22/2025 22:57:47,1.16.3,PRexp,14,3.84,nan,17,Left,Left,9051,385,511,14,nan,nan,0.23
9/22/2025 22:57:50,1.16.3,PRexp,14,3.84,nan,17,Left,Left,9052,385,511,14,nan,nan,1.00
9/22/2025 22:57:51,1.16.3,PRexp,14,3.83,nan,17,Left,Left,9053,385,511,14,nan,nan,0.10
9/22/2025 22:57:54,1.16.3,PRexp,14,3.84,nan,17,Left,Left,9054,385,511,14,nan,nan,0.10
9/22/2025 22:57:55,1.16.3,PRexp,14,3.84,nan,17,Left,Left,9055,385,511,14,nan,nan,0.00
9/22/2025 22:57:58,1.16.3,PRexp,14,3.83,nan,17,Left,Left,9056,385,511,14,nan,nan,0.22
9/22/2025 22:57:59,1.16.3,PRexp,14,3.84,nan,17,Left,Left,9057,385,511,14,nan,nan,0.01
9/22/2025 22:58:01,1.16.3,PRexp,14,3.83,nan,17,Left,Left,9058,385,511,14,nan,nan,0.02
9/22/2025 22:58:03,1.16.3,PRexp,14,3.83,nan,17,Left,Left,9059,385,511,14,nan,nan,0.01
9/22/2025 22:58:04,1.16.3,PRexp,14,3.83,nan,17,Left,Left,9060,385,511,14,nan,nan,0.55
9/22/2025 22:58:06,1.16.3,PRexp,14,3.83,nan,17,Left,Left,9061,385,511,14,nan,nan,0.34
9/22/2025 23:00:26,1.16.3,PRexp,14,3.83,nan,17,Left,Left,9062,385,511,14,nan,nan,0.11
9/22/2025 23:00:30,1.16.3,PRexp,14,3.83,nan,17,Left,Left,9063,385,511,14,nan,nan,0.42
9/22/2025 23:00:32,1.16.3,PRexp,14,3.84,nan,17,Left,Left,9064,385,511,14,nan,nan,0.08
9/22/2025 23:00:33,1.16.3,PRexp,14,3.83,nan,17,Left,Left,9065,385,511,14,nan,nan,0.00
9/22/2025 23:00:34,1.16.3,PRexp,14,3.84,1,17,Pellet,Left,9065,385,512,15,0.24,240,nan
9/22/2025 23:04:25,1.16.3,PRexp,14,3.83,nan,20,Left,Left,9066,385,512,15,nan,nan,0.62
9/22/2025 23:04:28,1.16.3,PRexp,14,3.84,nan,20,Left,Left,9067,385,512,15,nan,nan,0.06
9/22/2025 23:04:32,1.16.3,PRexp,14,3.84,nan,20,Left,Left,9068,385,512,15,nan,nan,0.11
9/22/2025 23:04:36,1.16.3,PRexp,14,3.84,nan,20,Left,Left,9069,385,512,15,nan,nan,0.07
9/22/2025 23:04:44,1.16.3,PRexp,14,3.84,nan,20,Left,Left,9070,385,512,15,nan,nan,0.17
9/22/2025 23:04:46,1.16.3,PRexp,14,3.84,nan,20,Left,Left,9071,385,512,15,nan,nan,0.71
9/22/2025 23:04:47,1.16.3,PRexp,14,3.84,nan,20,Left,Left,9072,385,512,15,nan,nan,0.00
9/22/2025 23:04:48,1.16.3,PRexp,14,3.84,nan,20,Left,Left,9073,385,512,15,nan,nan,0.11
9/22/2025 23:04:50,1.16.3,PRexp,14,3.83,nan,20,Left,Left,9074,385,512,15,nan,nan,0.01
9/22/2025 23:04:53,1.16.3,PRexp,14,3.84,nan,20,Left,Left,9075,385,512,15,nan,nan,0.22
9/22/2025 23:04:55,1.16.3,PRexp,14,3.84,nan,20,Left,Left,9076,385,512,15,nan,nan,0.27
9/22/2025 23:04:59,1.16.3,PRexp,14,3.83,nan,20,Left,Left,9077,385,512,15,nan,nan,0.02
9/22/2025 23:06:49,1.16.3,PRexp,14,3.83,nan,20,Left,Left,9078,385,512,15,nan,nan,0.05
9/22/2025 23:06:50,1.16.3,PRexp,14,3.84,nan,20,Left,Left,9079,385,512,15,nan,nan,0.00
9/22/2025 23:06:53,1.16.3,PRexp,14,3.84,nan,20,Left,Left,9080,385,512,15,nan,nan,0.03
9/22/2025 23:06:56,1.16.3,PRexp,14,3.84,nan,20,Left,Left,9081,385,512,15,nan,nan,1.39
9/22/2025 23:06:58,1.16.3,PRexp,14,3.84,nan,20,Left,Left,9082,385,512,15,nan,nan,0.18
9/22/2025 23:07:03,1.16.3,PRexp,14,3.83,nan,20,Left,Left,9083,385,512,15,nan,nan,0.27
9/22/2025 23:07:05,1.16.3,PRexp,14,3.84,nan,20,Left,Left,9084,385,512,15,nan,nan,0.39
9/22/2025 23:07:06,1.16.3,PRexp,14,3.84,nan,20,Left,Left,9085,385,512,15,nan,nan,0.51
9/22/2025 23:07:07,1.16.3,PRexp,14,3.84,1,20,Pellet,Left,9085,385,513,16,0.12,393,nan
9/22/2025 23:08:11,1.16.3,PRexp,14,3.84,nan,22,Left,Left,9086,385,513,16,nan,nan,0.72
9/22/2025 23:08:14,1.16.3,PRexp,14,3.83,nan,22,Left,Left,9087,385,513,16,nan,nan,0.75
9/22/2025 23:08:15,1.16.3,PRexp,14,3.84,nan,22,Left,Left,9088,385,513,16,nan,nan,0.15
9/22/2025 23:08:16,1.16.3,PRexp,14,3.84,nan,22,Left,Left,9089,385,513,16,nan,nan,0.00
9/22/2025 23:08:17,1.16.3,PRexp,14,3.84,nan,22,Left,Left,9090,385,513,16,nan,nan,0.00
9/22/2025 23:08:20,1.16.3,PRexp,14,3.83,nan,22,Left,Left,9091,385,513,16,nan,nan,0.37
9/22/2025 23:08:20,1.16.3,PRexp,14,3.84,nan,22,Left,Left,9092,385,513,16,nan,nan,0.00
9/22/2025 23:08:23,1.16.3,PRexp,14,3.83,nan,22,Left,Left,9093,385,513,16,nan,nan,0.21
9/22/2025 23:08:26,1.16.3,PRexp,14,3.83,nan,22,Left,Left,9094,385,513,16,nan,nan,0.08
9/22/2025 23:08:27,1.16.3,PRexp,14,3.83,nan,22,Left,Left,9095,385,513,16,nan,nan,0.67
9/22/2025 23:08:29,1.16.3,PRexp,14,3.84,nan,22,Left,Left,9096,385,513,16,nan,nan,0.38
9/22/2025 23:08:30,1.16.3,PRexp,14,3.84,nan,22,Left,Left,9097,385,513,16,nan,nan,0.01
9/22/2025 23:08:31,1.16.3,PRexp,14,3.84,nan,22,Left,Left,9098,385,513,16,nan,nan,0.33
9/22/2025 23:08:34,1.16.3,PRexp,14,3.84,nan,22,Left,Left,9099,385,513,16,nan,nan,0.95
9/22/2025 23:08:37,1.16.3,PRexp,14,3.84,nan,22,Left,Left,9100,385,513,16,nan,nan,0.27
9/22/2025 23:12:55,1.16.3,PRexp,14,3.83,nan,22,Right,Left,9100,386,513,16,nan,nan,0.12
9/22/2025 23:13:00,1.16.3,PRexp,14,3.84,nan,22,Left,Left,9101,386,513,16,nan,nan,0.06
9/22/2025 23:13:02,1.16.3,PRexp,14,3.84,nan,22,Left,Left,9102,386,513,16,nan,nan,0.08
9/22/2025 23:13:06,1.16.3,PRexp,14,3.83,nan,22,Left,Left,9103,386,513,16,nan,nan,0.05
9/22/2025 23:13:07,1.16.3,PRexp,14,3.84,nan,22,Left,Left,9104,386,513,16,nan,nan,0.03
9/22/2025 23:13:09,1.16.3,PRexp,14,3.84,nan,22,Left,Left,9105,386,513,16,nan,nan,0.67
9/22/2025 23:13:12,1.16.3,PRexp,14,3.83,nan,22,Left,Left,9106,386,513,16,nan,nan,0.12
9/22/2025 23:13:13,1.16.3,PRexp,14,3.84,nan,22,Left,Left,9107,386,513,16,nan,nan,0.01
9/22/2025 23:13:13,1.16.3,PRexp,14,3.84,nan,22,LeftDuringDispense,Left,9108,386,513,17,nan,nan,0.02
9/22/2025 23:13:16,1.16.3,PRexp,14,3.83,2,22,Pellet,Left,9108,386,514,17,0.12,369,nan
9/22/2025 23:15:56,1.16.3,PRexp,14,3.84,nan,25,Left,Left,9109,386,514,17,nan,nan,0.74
9/22/2025 23:16:11,1.16.3,PRexp,14,3.83,nan,25,Left,Left,9110,386,514,17,nan,nan,0.30
9/22/2025 23:16:13,1.16.3,PRexp,14,3.83,nan,25,Left,Left,9111,386,514,17,nan,nan,0.63
9/22/2025 23:16:15,1.16.3,PRexp,14,3.83,nan,25,Left,Left,9112,386,514,17,nan,nan,0.03
9/22/2025 23:16:17,1.16.3,PRexp,14,3.84,nan,25,Left,Left,9113,386,514,17,nan,nan,0.05
9/22/2025 23:16:50,1.16.3,PRexp,14,3.83,nan,25,Left,Left,9114,386,514,17,nan,nan,0.19
9/22/2025 23:16:52,1.16.3,PRexp,14,3.84,nan,25,Left,Left,9115,386,514,17,nan,nan,0.41
9/22/2025 23:17:00,1.16.3,PRexp,14,3.84,nan,25,Right,Left,9115,387,514,17,nan,nan,0.24
9/22/2025 23:17:06,1.16.3,PRexp,14,3.84,nan,25,Right,Left,9115,388,514,17,nan,nan,0.24
9/22/2025 23:17:12,1.16.3,PRexp,14,3.84,nan,25,Left,Left,9116,388,514,17,nan,nan,0.07
9/22/2025 23:17:16,1.16.3,PRexp,14,3.83,nan,25,Left,Left,9117,388,514,17,nan,nan,0.11
9/22/2025 23:17:19,1.16.3,PRexp,14,3.84,nan,25,Left,Left,9118,388,514,17,nan,nan,0.06
9/22/2025 23:17:21,1.16.3,PRexp,14,3.84,nan,25,Left,Left,9119,388,514,17,nan,nan,0.54
9/22/2025 23:17:24,1.16.3,PRexp,14,3.83,nan,25,Left,Left,9120,388,514,17,nan,nan,0.57
9/22/2025 23:17:30,1.16.3,PRexp,14,3.83,nan,25,Left,Left,9121,388,514,17,nan,nan,0.39
9/22/2025 23:17:31,1.16.3,PRexp,14,3.84,nan,25,Left,Left,9122,388,514,17,nan,nan,0.01
9/22/2025 23:17:33,1.16.3,PRexp,14,3.84,nan,25,Left,Left,9123,388,514,17,nan,nan,0.13
9/22/2025 23:17:34,1.16.3,PRexp,14,3.84,nan,25,Left,Left,9124,388,514,17,nan,nan,0.26
9/22/2025 23:17:37,1.16.3,PRexp,14,3.83,nan,25,Left,Left,9125,388,514,17,nan,nan,0.45
9/22/2025 23:17:38,1.16.3,PRexp,14,3.84,nan,25,Left,Left,9126,388,514,17,nan,nan,0.27
9/22/2025 23:17:40,1.16.3,PRexp,14,3.84,nan,25,Left,Left,9127,388,514,17,nan,nan,0.22
9/22/2025 23:17:41,1.16.3,PRexp,14,3.83,nan,25,Left,Left,9128,388,514,17,nan,nan,0.23
9/22/2025 23:38:32,1.16.3,PRexp,14,3.84,nan,25,Left,Left,9129,388,514,17,nan,nan,0.04
9/22/2025 23:38:36,1.16.3,PRexp,14,3.83,nan,25,Left,Left,9130,388,514,17,nan,nan,1.02
9/22/2025 23:38:39,1.16.3,PRexp,14,3.83,nan,25,Left,Left,9131,388,514,17,nan,nan,0.62
9/22/2025 23:38:44,1.16.3,PRexp,14,3.84,nan,25,Left,Left,9132,388,514,17,nan,nan,0.60
9/22/2025 23:38:47,1.16.3,PRexp,14,3.83,nan,25,Left,Left,9133,388,514,17,nan,nan,0.65
9/22/2025 23:38:50,1.16.3,PRexp,14,3.83,2,25,Pellet,Left,9133,388,515,18,0.12,1534,nan
9/22/2025 23:39:22,1.16.3,PRexp,14,3.84,nan,28,Left,Left,9134,388,515,18,nan,nan,0.11
9/22/2025 23:39:23,1.16.3,PRexp,14,3.84,nan,28,Left,Left,9135,388,515,18,nan,nan,0.00
9/22/2025 23:39:27,1.16.3,PRexp,14,3.83,nan,28,Left,Left,9136,388,515,18,nan,nan,0.88
9/22/2025 23:39:29,1.16.3,PRexp,14,3.84,nan,28,Left,Left,9137,388,515,18,nan,nan,0.11
9/22/2025 23:39:31,1.16.3,PRexp,14,3.84,nan,28,Left,Left,9138,388,515,18,nan,nan,0.49
9/22/2025 23:39:33,1.16.3,PRexp,14,3.83,nan,28,Left,Left,9139,388,515,18,nan,nan,0.36
9/22/2025 23:39:34,1.16.3,PRexp,14,3.83,nan,28,Left,Left,9140,388,515,18,nan,nan,0.17
9/22/2025 23:39:35,1.16.3,PRexp,14,3.83,nan,28,Left,Left,9141,388,515,18,nan,nan,0.04
9/22/2025 23:39:37,1.16.3,PRexp,14,3.83,nan,28,Left,Left,9142,388,515,18,nan,nan,0.86
9/22/2025 23:39:40,1.16.3,PRexp,14,3.83,nan,28,Left,Left,9143,388,515,18,nan,nan,0.26
9/22/2025 23:39:41,1.16.3,PRexp,14,3.84,nan,28,Left,Left,9144,388,515,18,nan,nan,0.00
9/22/2025 23:39:45,1.16.3,PRexp,14,3.83,nan,28,Left,Left,9145,388,515,18,nan,nan,1.04
9/22/2025 23:39:46,1.16.3,PRexp,14,3.83,nan,28,Left,Left,9146,388,515,18,nan,nan,0.12
9/22/2025 23:39:47,1.16.3,PRexp,14,3.84,nan,28,Left,Left,9147,388,515,18,nan,nan,0.00
9/22/2025 23:39:49,1.16.3,PRexp,14,3.83,nan,28,Left,Left,9148,388,515,18,nan,nan,0.42
9/22/2025 23:39:52,1.16.3,PRexp,14,3.83,nan,28,Left,Left,9149,388,515,18,nan,nan,0.67
9/22/2025 23:39:53,1.16.3,PRexp,14,3.84,nan,28,Left,Left,9150,388,515,18,nan,nan,0.00
9/22/2025 23:39:54,1.16.3,PRexp,14,3.83,nan,28,Left,Left,9151,388,515,18,nan,nan,0.02
9/22/2025 23:39:57,1.16.3,PRexp,14,3.83,nan,28,Left,Left,9152,388,515,18,nan,nan,0.14
9/22/2025 23:39:58,1.16.3,PRexp,14,3.83,nan,28,Left,Left,9153,388,515,18,nan,nan,0.01
9/22/2025 23:39:59,1.16.3,PRexp,14,3.84,nan,28,Left,Left,9154,388,515,18,nan,nan,0.00
9/22/2025 23:40:02,1.16.3,PRexp,14,3.84,nan,28,Left,Left,9155,388,515,18,nan,nan,0.56
9/22/2025 23:40:04,1.16.3,PRexp,14,3.83,nan,28,Left,Left,9156,388,515,18,nan,nan,0.13
9/22/2025 23:40:06,1.16.3,PRexp,14,3.83,nan,28,Left,Left,9157,388,515,18,nan,nan,0.61
9/22/2025 23:40:07,1.16.3,PRexp,14,3.84,nan,28,Left,Left,9158,388,515,18,nan,nan,0.00
9/22/2025 23:40:10,1.16.3,PRexp,14,3.84,nan,28,Left,Left,9159,388,515,18,nan,nan,0.81
9/22/2025 23:40:12,1.16.3,PRexp,14,3.83,nan,28,Left,Left,9160,388,515,18,nan,nan,0.11
9/22/2025 23:40:15,1.16.3,PRexp,14,3.83,nan,28,Left,Left,9161,388,515,18,nan,nan,0.95
9/22/2025 23:40:16,1.16.3,PRexp,14,3.84,1,28,Pellet,Left,9161,388,516,19,0.36,86,nan
9/22/2025 23:54:44,1.16.3,PRexp,14,3.84,nan,32,Left,Left,9162,388,516,19,nan,nan,0.07
9/22/2025 23:54:47,1.16.3,PRexp,14,3.83,nan,32,Left,Left,9163,388,516,19,nan,nan,0.53
9/22/2025 23:54:50,1.16.3,PRexp,14,3.83,nan,32,Left,Left,9164,388,516,19,nan,nan,0.00
9/22/2025 23:54:52,1.16.3,PRexp,14,3.84,nan,32,Left,Left,9165,388,516,19,nan,nan,0.16
9/22/2025 23:54:55,1.16.3,PRexp,14,3.83,nan,32,Left,Left,9166,388,516,19,nan,nan,0.73
9/22/2025 23:54:56,1.16.3,PRexp,14,3.83,nan,32,Left,Left,9167,388,516,19,nan,nan,0.00
9/22/2025 23:55:00,1.16.3,PRexp,14,3.84,nan,32,Left,Left,9168,388,516,19,nan,nan,0.42
9/22/2025 23:55:02,1.16.3,PRexp,14,3.83,nan,32,Left,Left,9169,388,516,19,nan,nan,0.23
9/22/2025 23:55:02,1.16.3,PRexp,14,3.84,nan,32,Left,Left,9170,388,516,19,nan,nan,0.00
9/22/2025 23:55:04,1.16.3,PRexp,14,3.84,nan,32,Left,Left,9171,388,516,19,nan,nan,0.00
9/22/2025 23:55:05,1.16.3,PRexp,14,3.83,nan,32,Left,Left,9172,388,516,19,nan,nan,0.01
9/22/2025 23:55:06,1.16.3,PRexp,14,3.84,nan,32,Left,Left,9173,388,516,19,nan,nan,0.37
9/22/2025 23:55:08,1.16.3,PRexp,14,3.84,nan,32,Left,Left,9174,388,516,19,nan,nan,0.50
9/22/2025 23:55:09,1.16.3,PRexp,14,3.84,nan,32,Left,Left,9175,388,516,19,nan,nan,0.11
9/22/2025 23:55:11,1.16.3,PRexp,14,3.83,nan,32,Left,Left,9176,388,516,19,nan,nan,0.12
9/22/2025 23:55:14,1.16.3,PRexp,14,3.83,nan,32,Left,Left,9177,388,516,19,nan,nan,1.37
9/22/2025 23:55:15,1.16.3,PRexp,14,3.83,nan,32,Left,Left,9178,388,516,19,nan,nan,0.11
9/22/2025 23:55:16,1.16.3,PRexp,14,3.83,nan,32,Left,Left,9179,388,516,19,nan,nan,0.00
9/22/2025 23:55:18,1.16.3,PRexp,14,3.83,nan,32,Left,Left,9180,388,516,19,nan,nan,0.54
9/22/2025 23:55:24,1.16.3,PRexp,14,3.83,nan,32,Left,Left,9181,388,516,19,nan,nan,0.29
9/22/2025 23:55:25,1.16.3,PRexp,14,3.83,nan,32,Left,Left,9182,388,516,19,nan,nan,0.00
9/22/2025 23:55:28,1.16.3,PRexp,14,3.83,nan,32,Left,Left,9183,388,516,19,nan,nan,0.00
9/22/2025 23:55:30,1.16.3,PRexp,14,3.83,nan,32,Left,Left,9184,388,516,19,nan,nan,0.25
9/22/2025 23:55:31,1.16.3,PRexp,14,3.83,nan,32,Left,Left,9185,388,516,19,nan,nan,0.52
9/22/2025 23:55:35,1.16.3,PRexp,14,3.84,nan,32,Left,Left,9186,388,516,19,nan,nan,1.05
9/22/2025 23:55:38,1.16.3,PRexp,14,3.83,nan,32,Left,Left,9187,388,516,19,nan,nan,1.27
9/22/2025 23:55:46,1.16.3,PRexp,14,3.83,nan,32,Left,Left,9188,388,516,19,nan,nan,3.15
9/22/2025 23:55:55,1.16.3,PRexp,14,3.83,nan,32,Left,Left,9189,388,516,19,nan,nan,1.07
9/23/2025 0:14:55,1.16.3,PRexp,14,3.83,nan,32,Left,Left,9190,388,516,19,nan,nan,0.26
9/23/2025 0:14:58,1.16.3,PRexp,14,3.83,nan,32,Left,Left,9191,388,516,19,nan,nan,0.17
9/23/2025 0:14:59,1.16.3,PRexp,14,3.83,nan,32,Left,Left,9192,388,516,19,nan,nan,0.02
9/23/2025 0:15:01,1.16.3,PRexp,14,3.84,nan,32,Left,Left,9193,388,516,19,nan,nan,0.00
9/23/2025 0:15:02,1.16.3,PRexp,14,3.83,nan,32,LeftDuringDispense,Left,9194,388,516,20,nan,nan,0.08
9/23/2025 0:15:05,1.16.3,PRexp,14,3.84,2,32,Pellet,Left,9194,388,517,20,0.55,2089,nan
9/23/2025 0:15:48,1.16.3,PRexp,14,3.84,nan,36,Left,Left,9195,388,517,20,nan,nan,1.26
9/23/2025 0:16:00,1.16.3,PRexp,14,3.83,nan,36,Left,Left,9196,388,517,20,nan,nan,0.01
9/23/2025 0:16:03,1.16.3,PRexp,14,3.84,nan,36,Left,Left,9197,388,517,20,nan,nan,0.09
9/23/2025 0:16:07,1.16.3,PRexp,14,3.84,nan,36,Left,Left,9198,388,517,20,nan,nan,0.17
9/23/2025 0:16:09,1.16.3,PRexp,14,3.84,nan,36,Left,Left,9199,388,517,20,nan,nan,0.04
9/23/2025 0:16:11,1.16.3,PRexp,14,3.83,nan,36,Left,Left,9200,388,517,20,nan,nan,0.00
9/23/2025 0:16:12,1.16.3,PRexp,14,3.84,nan,36,Left,Left,9201,388,517,20,nan,nan,0.37
9/23/2025 0:16:18,1.16.3,PRexp,14,3.83,nan,36,Left,Left,9202,388,517,20,nan,nan,0.00
9/23/2025 0:16:20,1.16.3,PRexp,14,3.83,nan,36,Left,Left,9203,388,517,20,nan,nan,1.20
9/23/2025 0:16:25,1.16.3,PRexp,14,3.83,nan,36,Left,Left,9204,388,517,20,nan,nan,0.00
9/23/2025 0:16:25,1.16.3,PRexp,14,3.83,nan,36,Left,Left,9205,388,517,20,nan,nan,0.00
9/23/2025 0:16:34,1.16.3,PRexp,14,3.83,nan,36,Left,Left,9206,388,517,20,nan,nan,0.76
9/23/2025 0:16:39,1.16.3,PRexp,14,3.84,nan,36,Left,Left,9207,388,517,20,nan,nan,0.00
9/23/2025 0:16:41,1.16.3,PRexp,14,3.83,nan,36,Left,Left,9208,388,517,20,nan,nan,0.03
9/23/2025 0:16:44,1.16.3,PRexp,14,3.84,nan,36,Left,Left,9209,388,517,20,nan,nan,0.41
9/23/2025 0:16:47,1.16.3,PRexp,14,3.83,nan,36,Left,Left,9210,388,517,20,nan,nan,0.03
9/23/2025 0:16:48,1.16.3,PRexp,14,3.83,nan,36,Left,Left,9211,388,517,20,nan,nan,0.03
9/23/2025 0:16:49,1.16.3,PRexp,14,3.84,nan,36,Left,Left,9212,388,517,20,nan,nan,0.34
9/23/2025 0:16:53,1.16.3,PRexp,14,3.83,nan,36,Left,Left,9213,388,517,20,nan,nan,0.24
9/23/2025 0:17:00,1.16.3,PRexp,14,3.83,nan,36,Left,Left,9214,388,517,20,nan,nan,0.40
9/23/2025 0:17:13,1.16.3,PRexp,14,3.84,nan,36,Left,Left,9215,388,517,20,nan,nan,0.04
9/23/2025 0:17:17,1.16.3,PRexp,14,3.83,nan,36,Left,Left,9216,388,517,20,nan,nan,2.25
9/23/2025 0:17:18,1.16.3,PRexp,14,3.83,nan,36,Left,Left,9217,388,517,20,nan,nan,0.18
9/23/2025 0:17:21,1.16.3,PRexp,14,3.84,nan,36,Left,Left,9218,388,517,20,nan,nan,0.02
9/23/2025 0:17:23,1.16.3,PRexp,14,3.83,nan,36,Left,Left,9219,388,517,20,nan,nan,0.00
9/23/2025 0:17:29,1.16.3,PRexp,14,3.83,nan,36,Left,Left,9220,388,517,20,nan,nan,3.91
9/23/2025 0:17:31,1.16.3,PRexp,14,3.84,nan,36,Left,Left,9221,388,517,20,nan,nan,0.00
9/23/2025 0:17:33,1.16.3,PRexp,14,3.83,nan,36,Left,Left,9222,388,517,20,nan,nan,0.52
9/23/2025 0:17:36,1.16.3,PRexp,14,3.84,nan,36,Left,Left,9223,388,517,20,nan,nan,0.26
9/23/2025 0:17:37,1.16.3,PRexp,14,3.83,nan,36,Left,Left,9224,388,517,20,nan,nan,0.53
9/23/2025 0:17:39,1.16.3,PRexp,14,3.83,nan,36,Left,Left,9225,388,517,20,nan,nan,0.03
9/23/2025 0:17:41,1.16.3,PRexp,14,3.83,nan,36,Left,Left,9226,388,517,20,nan,nan,0.32
9/23/2025 0:17:43,1.16.3,PRexp,14,3.83,nan,36,Left,Left,9227,388,517,20,nan,nan,0.05
9/23/2025 0:17:51,1.16.3,PRexp,14,3.83,nan,36,Left,Left,9228,388,517,20,nan,nan,0.17
9/23/2025 0:17:52,1.16.3,PRexp,14,3.83,nan,36,Left,Left,9229,388,517,20,nan,nan,0.13
9/23/2025 0:17:54,1.16.3,PRexp,14,3.83,nan,36,Left,Left,9230,388,517,20,nan,nan,1.18
9/23/2025 0:17:55,1.16.3,PRexp,14,3.83,1,36,Pellet,Left,9230,388,518,21,0.36,170,nan
9/23/2025 0:21:20,1.16.3,PRexp,14,3.84,nan,40,Left,Left,9231,388,518,21,nan,nan,0.75
9/23/2025 0:21:31,1.16.3,PRexp,14,3.83,nan,40,Left,Left,9232,388,518,21,nan,nan,0.06
9/23/2025 0:21:40,1.16.3,PRexp,14,3.83,nan,40,Left,Left,9233,388,518,21,nan,nan,0.03
9/23/2025 0:21:41,1.16.3,PRexp,14,3.83,nan,40,Left,Left,9234,388,518,21,nan,nan,0.28
9/23/2025 0:21:45,1.16.3,PRexp,14,3.83,nan,40,Left,Left,9235,388,518,21,nan,nan,0.34
9/23/2025 0:21:47,1.16.3,PRexp,14,3.83,nan,40,Left,Left,9236,388,518,21,nan,nan,0.55
9/23/2025 0:21:54,1.16.3,PRexp,14,3.83,nan,40,Left,Left,9237,388,518,21,nan,nan,0.00
9/23/2025 0:21:55,1.16.3,PRexp,14,3.84,nan,40,Left,Left,9238,388,518,21,nan,nan,0.57
9/23/2025 0:21:57,1.16.3,PRexp,14,3.83,nan,40,Left,Left,9239,388,518,21,nan,nan,0.36
9/23/2025 0:25:18,1.16.3,PRexp,14,3.83,nan,40,Right,Left,9239,389,518,21,nan,nan,0.50
9/23/2025 0:25:20,1.16.3,PRexp,14,3.83,nan,40,Right,Left,9239,390,518,21,nan,nan,0.23
9/23/2025 0:25:24,1.16.3,PRexp,14,3.83,nan,40,Left,Left,9240,390,518,21,nan,nan,0.03
9/23/2025 0:25:27,1.16.3,PRexp,14,3.84,nan,40,Left,Left,9241,390,518,21,nan,nan,0.45
9/23/2025 0:25:30,1.16.3,PRexp,14,3.83,nan,40,Left,Left,9242,390,518,21,nan,nan,0.32
9/23/2025 0:28:52,1.16.3,PRexp,14,3.83,nan,40,Right,Left,9242,391,518,21,nan,nan,0.16
9/23/2025 0:29:12,1.16.3,PRexp,14,3.83,nan,40,Left,Left,9243,391,518,21,nan,nan,0.01
9/23/2025 0:29:13,1.16.3,PRexp,14,3.83,nan,40,Left,Left,9244,391,518,21,nan,nan,0.02
9/23/2025 0:29:15,1.16.3,PRexp,14,3.83,nan,40,Left,Left,9245,391,518,21,nan,nan,0.02
9/23/2025 0:29:17,1.16.3,PRexp,14,3.83,nan,40,Left,Left,9246,391,518,21,nan,nan,0.01
9/23/2025 0:29:20,1.16.3,PRexp,14,3.83,nan,40,Left,Left,9247,391,518,21,nan,nan,0.03
9/23/2025 0:29:24,1.16.3,PRexp,14,3.84,nan,40,Left,Left,9248,391,518,21,nan,nan,0.07
9/23/2025 0:29:26,1.16.3,PRexp,14,3.83,nan,40,Left,Left,9249,391,518,21,nan,nan,0.01
9/23/2025 0:29:29,1.16.3,PRexp,14,3.83,nan,40,Left,Left,9250,391,518,21,nan,nan,0.36
9/23/2025 0:29:31,1.16.3,PRexp,14,3.83,nan,40,Left,Left,9251,391,518,21,nan,nan,0.00
9/23/2025 0:29:33,1.16.3,PRexp,14,3.83,nan,40,Left,Left,9252,391,518,21,nan,nan,0.68
9/23/2025 0:29:36,1.16.3,PRexp,14,3.83,nan,40,Left,Left,9253,391,518,21,nan,nan,0.10
9/23/2025 0:29:37,1.16.3,PRexp,14,3.83,nan,40,Left,Left,9254,391,518,21,nan,nan,0.03
9/23/2025 0:29:43,1.16.3,PRexp,14,3.83,nan,40,Left,Left,9255,391,518,21,nan,nan,0.00
9/23/2025 0:29:50,1.16.3,PRexp,14,3.83,nan,40,Left,Left,9256,391,518,21,nan,nan,0.01
9/23/2025 0:29:51,1.16.3,PRexp,14,3.83,nan,40,Left,Left,9257,391,518,21,nan,nan,0.02
9/23/2025 0:32:32,1.16.3,PRexp,14,3.84,nan,40,Left,Left,9258,391,518,21,nan,nan,0.61
9/23/2025 0:33:22,1.16.3,PRexp,14,3.83,nan,40,Left,Left,9259,391,518,21,nan,nan,0.13
9/23/2025 0:33:26,1.16.3,PRexp,14,3.84,nan,40,Left,Left,9260,391,518,21,nan,nan,0.10
9/23/2025 0:33:28,1.16.3,PRexp,14,3.83,nan,40,Left,Left,9261,391,518,21,nan,nan,0.10
9/23/2025 0:33:32,1.16.3,PRexp,14,3.84,nan,40,Left,Left,9262,391,518,21,nan,nan,0.27
9/23/2025 0:33:33,1.16.3,PRexp,14,3.83,nan,40,Left,Left,9263,391,518,21,nan,nan,0.21
9/23/2025 0:33:34,1.16.3,PRexp,14,3.83,nan,40,Left,Left,9264,391,518,21,nan,nan,0.00
9/23/2025 0:33:37,1.16.3,PRexp,14,3.83,nan,40,Left,Left,9265,391,518,21,nan,nan,0.07
9/23/2025 0:33:38,1.16.3,PRexp,14,3.83,nan,40,Left,Left,9266,391,518,21,nan,nan,0.00
9/23/2025 0:33:39,1.16.3,PRexp,14,3.83,nan,40,Left,Left,9267,391,518,21,nan,nan,0.36
9/23/2025 0:33:43,1.16.3,PRexp,14,3.83,nan,40,Left,Left,9268,391,518,21,nan,nan,0.09
9/23/2025 0:33:44,1.16.3,PRexp,14,3.83,nan,40,Left,Left,9269,391,518,21,nan,nan,0.00
9/23/2025 0:33:48,1.16.3,PRexp,14,3.83,nan,40,Left,Left,9270,391,518,21,nan,nan,0.44
9/23/2025 0:33:49,1.16.3,PRexp,14,3.83,1,40,Pellet,Left,9270,391,519,22,0.18,954,nan
9/23/2025 0:37:42,1.16.3,PRexp,14,3.84,nan,45,Left,Left,9271,391,519,22,nan,nan,0.53
9/23/2025 0:37:44,1.16.3,PRexp,14,3.83,nan,45,Left,Left,9272,391,519,22,nan,nan,0.37
9/23/2025 0:37:45,1.16.3,PRexp,14,3.83,nan,45,Left,Left,9273,391,519,22,nan,nan,0.00
9/23/2025 0:37:49,1.16.3,PRexp,14,3.83,nan,45,Left,Left,9274,391,519,22,nan,nan,0.56
9/23/2025 0:37:54,1.16.3,PRexp,14,3.83,nan,45,Left,Left,9275,391,519,22,nan,nan,0.10
9/23/2025 0:37:55,1.16.3,PRexp,14,3.83,nan,45,Left,Left,9276,391,519,22,nan,nan,0.00
9/23/2025 0:37:56,1.16.3,PRexp,14,3.83,nan,45,Left,Left,9277,391,519,22,nan,nan,0.09
9/23/2025 0:37:57,1.16.3,PRexp,14,3.83,nan,45,Left,Left,9278,391,519,22,nan,nan,0.02
9/23/2025 0:38:00,1.16.3,PRexp,14,3.83,nan,45,Left,Left,9279,391,519,22,nan,nan,0.15
9/23/2025 0:38:01,1.16.3,PRexp,14,3.83,nan,45,Left,Left,9280,391,519,22,nan,nan,0.01
9/23/2025 0:38:03,1.16.3,PRexp,14,3.83,nan,45,Left,Left,9281,391,519,22,nan,nan,0.10
9/23/2025 0:38:04,1.16.3,PRexp,14,3.83,nan,45,Left,Left,9282,391,519,22,nan,nan,0.00
9/23/2025 0:38:11,1.16.3,PRexp,14,3.83,nan,45,Left,Left,9283,391,519,22,nan,nan,0.04
9/23/2025 0:38:12,1.16.3,PRexp,14,3.83,nan,45,Left,Left,9284,391,519,22,nan,nan,0.02
9/23/2025 0:38:13,1.16.3,PRexp,14,3.83,nan,45,Left,Left,9285,391,519,22,nan,nan,0.00
9/23/2025 0:38:16,1.16.3,PRexp,14,3.83,nan,45,Left,Left,9286,391,519,22,nan,nan,0.34
9/23/2025 0:38:18,1.16.3,PRexp,14,3.83,nan,45,Left,Left,9287,391,519,22,nan,nan,0.00
9/23/2025 0:38:19,1.16.3,PRexp,14,3.83,nan,45,Left,Left,9288,391,519,22,nan,nan,0.02
9/23/2025 0:38:21,1.16.3,PRexp,14,3.83,nan,45,Left,Left,9289,391,519,22,nan,nan,0.13
9/23/2025 0:38:23,1.16.3,PRexp,14,3.83,nan,45,Left,Left,9290,391,519,22,nan,nan,0.02
9/23/2025 0:38:24,1.16.3,PRexp,14,3.83,nan,45,Left,Left,9291,391,519,22,nan,nan,0.00
9/23/2025 0:38:25,1.16.3,PRexp,14,3.83,nan,45,Left,Left,9292,391,519,22,nan,nan,0.00
9/23/2025 0:40:48,1.16.3,PRexp,14,3.83,nan,45,Left,Left,9293,391,519,22,nan,nan,0.11
9/23/2025 0:40:50,1.16.3,PRexp,14,3.83,nan,45,Left,Left,9294,391,519,22,nan,nan,0.16
9/23/2025 0:40:52,1.16.3,PRexp,14,3.83,nan,45,Left,Left,9295,391,519,22,nan,nan,0.42
9/23/2025 0:40:53,1.16.3,PRexp,14,3.83,nan,45,Left,Left,9296,391,519,22,nan,nan,0.00
9/23/2025 0:40:54,1.16.3,PRexp,14,3.83,nan,45,Left,Left,9297,391,519,22,nan,nan,0.52
9/23/2025 0:40:55,1.16.3,PRexp,14,3.83,nan,45,Left,Left,9298,391,519,22,nan,nan,0.00
9/23/2025 0:40:57,1.16.3,PRexp,14,3.83,nan,45,Left,Left,9299,391,519,22,nan,nan,0.11
9/23/2025 0:40:58,1.16.3,PRexp,14,3.84,nan,45,Left,Left,9300,391,519,22,nan,nan,0.35
9/23/2025 0:41:00,1.16.3,PRexp,14,3.83,nan,45,Left,Left,9301,391,519,22,nan,nan,0.40
9/23/2025 0:41:01,1.16.3,PRexp,14,3.83,nan,45,Left,Left,9302,391,519,22,nan,nan,0.22
9/23/2025 0:41:04,1.16.3,PRexp,14,3.83,nan,45,Left,Left,9303,391,519,22,nan,nan,0.16
9/23/2025 0:41:07,1.16.3,PRexp,14,3.83,nan,45,Left,Left,9304,391,519,22,nan,nan,0.26
9/23/2025 0:41:08,1.16.3,PRexp,14,3.84,nan,45,Left,Left,9305,391,519,22,nan,nan,0.00
9/23/2025 0:41:09,1.16.3,PRexp,14,3.84,nan,45,Left,Left,9306,391,519,22,nan,nan,0.41
9/23/2025 0:41:11,1.16.3,PRexp,14,3.83,nan,45,Left,Left,9307,391,519,22,nan,nan,0.00
9/23/2025 0:41:12,1.16.3,PRexp,14,3.83,nan,45,Left,Left,9308,391,519,22,nan,nan,0.00
9/23/2025 0:41:13,1.16.3,PRexp,14,3.83,nan,45,Left,Left,9309,391,519,22,nan,nan,0.11
9/23/2025 0:41:16,1.16.3,PRexp,14,3.83,nan,45,Left,Left,9310,391,519,22,nan,nan,0.35
9/23/2025 0:41:17,1.16.3,PRexp,14,3.84,nan,45,Left,Left,9311,391,519,22,nan,nan,0.00
9/23/2025 0:41:21,1.16.3,PRexp,14,3.83,nan,45,Left,Left,9312,391,519,22,nan,nan,0.68
9/23/2025 0:41:24,1.16.3,PRexp,14,3.83,nan,45,Left,Left,9313,391,519,22,nan,nan,0.07
9/23/2025 0:41:31,1.16.3,PRexp,14,3.83,nan,45,Right,Left,9313,392,519,22,nan,nan,0.20
9/23/2025 0:44:09,1.16.3,PRexp,14,3.83,nan,45,Left,Left,9314,392,519,22,nan,nan,0.04
9/23/2025 0:44:12,1.16.3,PRexp,14,3.83,nan,45,Left,Left,9315,392,519,22,nan,nan,0.10
9/23/2025 0:44:45,1.16.3,PRexp,14,3.83,2,45,Pellet,Left,9315,392,520,23,29.94,656,nan
9/23/2025 0:47:03,1.16.3,PRexp,14,3.83,nan,50,Left,Left,9316,392,520,23,nan,nan,0.04
9/23/2025 0:47:04,1.16.3,PRexp,14,3.83,nan,50,Left,Left,9317,392,520,23,nan,nan,0.04
9/23/2025 0:47:05,1.16.3,PRexp,14,3.84,nan,50,Left,Left,9318,392,520,23,nan,nan,0.33
9/23/2025 0:47:08,1.16.3,PRexp,14,3.83,nan,50,Left,Left,9319,392,520,23,nan,nan,0.03
9/23/2025 0:47:09,1.16.3,PRexp,14,3.83,nan,50,Left,Left,9320,392,520,23,nan,nan,0.01
9/23/2025 0:47:11,1.16.3,PRexp,14,3.83,nan,50,Left,Left,9321,392,520,23,nan,nan,0.12
9/23/2025 0:47:13,1.16.3,PRexp,14,3.83,nan,50,Left,Left,9322,392,520,23,nan,nan,0.48
9/23/2025 0:47:18,1.16.3,PRexp,14,3.83,nan,50,Left,Left,9323,392,520,23,nan,nan,0.67
9/23/2025 0:47:20,1.16.3,PRexp,14,3.83,nan,50,Left,Left,9324,392,520,23,nan,nan,0.28
9/23/2025 0:47:21,1.16.3,PRexp,14,3.83,nan,50,Left,Left,9325,392,520,23,nan,nan,0.00
9/23/2025 0:47:23,1.16.3,PRexp,14,3.83,nan,50,Left,Left,9326,392,520,23,nan,nan,0.33
9/23/2025 0:47:27,1.16.3,PRexp,14,3.84,nan,50,Left,Left,9327,392,520,23,nan,nan,0.31
9/23/2025 0:47:27,1.16.3,PRexp,14,3.83,nan,50,Left,Left,9328,392,520,23,nan,nan,0.23
9/23/2025 0:47:29,1.16.3,PRexp,14,3.83,nan,50,Left,Left,9329,392,520,23,nan,nan,0.32
9/23/2025 0:47:31,1.16.3,PRexp,14,3.83,nan,50,Left,Left,9330,392,520,23,nan,nan,0.41
9/23/2025 0:47:39,1.16.3,PRexp,14,3.83,nan,50,Left,Left,9331,392,520,23,nan,nan,0.11
9/23/2025 0:47:40,1.16.3,PRexp,14,3.83,nan,50,Left,Left,9332,392,520,23,nan,nan,0.33
9/23/2025 0:47:49,1.16.3,PRexp,14,3.83,nan,50,Left,Left,9333,392,520,23,nan,nan,0.06
9/23/2025 0:47:50,1.16.3,PRexp,14,3.83,nan,50,Left,Left,9334,392,520,23,nan,nan,0.06
9/23/2025 0:49:41,1.16.3,PRexp,14,3.83,nan,50,Left,Left,9335,392,520,23,nan,nan,0.42
9/23/2025 0:49:44,1.16.3,PRexp,14,3.83,nan,50,Left,Left,9336,392,520,23,nan,nan,0.16
9/23/2025 0:49:47,1.16.3,PRexp,14,3.83,nan,50,Left,Left,9337,392,520,23,nan,nan,0.10
9/23/2025 0:49:48,1.16.3,PRexp,14,3.83,nan,50,Left,Left,9338,392,520,23,nan,nan,0.01
9/23/2025 0:49:50,1.16.3,PRexp,14,3.83,nan,50,Left,Left,9339,392,520,23,nan,nan,0.12
9/23/2025 0:49:51,1.16.3,PRexp,14,3.83,nan,50,Left,Left,9340,392,520,23,nan,nan,0.13
9/23/2025 0:49:53,1.16.3,PRexp,14,3.83,nan,50,Left,Left,9341,392,520,23,nan,nan,0.00
9/23/2025 0:49:54,1.16.3,PRexp,14,3.83,nan,50,Left,Left,9342,392,520,23,nan,nan,0.29
9/23/2025 0:49:56,1.16.3,PRexp,14,3.83,nan,50,Left,Left,9343,392,520,23,nan,nan,0.01
9/23/2025 0:49:57,1.16.3,PRexp,14,3.83,nan,50,Left,Left,9344,392,520,23,nan,nan,0.00
9/23/2025 0:50:00,1.16.3,PRexp,14,3.83,nan,50,Left,Left,9345,392,520,23,nan,nan,0.35
9/23/2025 0:50:03,1.16.3,PRexp,14,3.83,nan,50,Left,Left,9346,392,520,23,nan,nan,0.05
9/23/2025 0:50:04,1.16.3,PRexp,14,3.83,nan,50,Left,Left,9347,392,520,23,nan,nan,0.00
9/23/2025 0:50:08,1.16.3,PRexp,14,3.83,nan,50,Left,Left,9348,392,520,23,nan,nan,0.20
9/23/2025 0:50:09,1.16.3,PRexp,14,3.83,nan,50,Left,Left,9349,392,520,23,nan,nan,0.13
9/23/2025 0:50:10,1.16.3,PRexp,14,3.83,nan,50,Left,Left,9350,392,520,23,nan,nan,0.40
9/23/2025 0:50:12,1.16.3,PRexp,14,3.84,nan,50,Left,Left,9351,392,520,23,nan,nan,0.35
9/23/2025 0:50:15,1.16.3,PRexp,14,3.83,nan,50,Left,Left,9352,392,520,23,nan,nan,0.09
9/23/2025 0:50:20,1.16.3,PRexp,14,3.83,nan,50,Left,Left,9353,392,520,23,nan,nan,0.11
9/23/2025 0:50:20,1.16.3,PRexp,14,3.83,nan,50,Left,Left,9354,392,520,23,nan,nan,0.00
9/23/2025 0:50:58,1.16.3,PRexp,14,3.83,nan,50,Left,Left,9355,392,520,23,nan,nan,0.11
9/23/2025 0:51:00,1.16.3,PRexp,14,3.83,nan,50,Left,Left,9356,392,520,23,nan,nan,0.10
9/23/2025 0:51:01,1.16.3,PRexp,14,3.83,nan,50,Left,Left,9357,392,520,23,nan,nan,0.65
9/23/2025 0:51:04,1.16.3,PRexp,14,3.83,nan,50,Left,Left,9358,392,520,23,nan,nan,0.32
9/23/2025 0:51:06,1.16.3,PRexp,14,3.83,nan,50,Left,Left,9359,392,520,23,nan,nan,0.13
9/23/2025 0:51:07,1.16.3,PRexp,14,3.83,nan,50,Left,Left,9360,392,520,23,nan,nan,0.01
9/23/2025 0:51:09,1.16.3,PRexp,14,3.83,nan,50,Left,Left,9361,392,520,23,nan,nan,0.25
9/23/2025 0:51:12,1.16.3,PRexp,14,3.83,nan,50,Left,Left,9362,392,520,23,nan,nan,0.15
9/23/2025 0:51:14,1.16.3,PRexp,14,3.83,nan,50,Left,Left,9363,392,520,23,nan,nan,0.59
9/23/2025 0:51:15,1.16.3,PRexp,14,3.83,nan,50,Left,Left,9364,392,520,23,nan,nan,0.00
9/23/2025 0:51:16,1.16.3,PRexp,14,3.83,nan,50,Left,Left,9365,392,520,23,nan,nan,0.40
9/23/2025 0:51:17,1.16.3,PRexp,14,3.83,nan,50,LeftDuringDispense,Left,9366,392,520,24,nan,nan,0.02
9/23/2025 0:51:20,1.16.3,PRexp,14,3.83,3,50,Pellet,Left,9366,392,521,24,0.06,395,nan
9/23/2025 0:59:14,1.16.3,PRexp,14,3.83,nan,56,Left,Left,9367,392,521,24,nan,nan,0.13
9/23/2025 0:59:18,1.16.3,PRexp,14,3.83,nan,56,Left,Left,9368,392,521,24,nan,nan,0.90
9/23/2025 0:59:19,1.16.3,PRexp,14,3.83,nan,56,Left,Left,9369,392,521,24,nan,nan,0.00
9/23/2025 0:59:21,1.16.3,PRexp,14,3.83,nan,56,Left,Left,9370,392,521,24,nan,nan,0.67
9/23/2025 0:59:25,1.16.3,PRexp,14,3.83,nan,56,Left,Left,9371,392,521,24,nan,nan,0.74
9/23/2025 0:59:27,1.16.3,PRexp,14,3.83,nan,56,Left,Left,9372,392,521,24,nan,nan,0.00
9/23/2025 0:59:30,1.16.3,PRexp,14,3.83,nan,56,Left,Left,9373,392,521,24,nan,nan,0.41
9/23/2025 0:59:31,1.16.3,PRexp,14,3.83,nan,56,Left,Left,9374,392,521,24,nan,nan,0.00
9/23/2025 0:59:33,1.16.3,PRexp,14,3.83,nan,56,Left,Left,9375,392,521,24,nan,nan,0.66
9/23/2025 0:59:35,1.16.3,PRexp,14,3.83,nan,56,Left,Left,9376,392,521,24,nan,nan,0.47
9/23/2025 0:59:36,1.16.3,PRexp,14,3.83,nan,56,Left,Left,9377,392,521,24,nan,nan,0.04
9/23/2025 0:59:37,1.16.3,PRexp,14,3.84,nan,56,Left,Left,9378,392,521,24,nan,nan,0.04
9/23/2025 0:59:39,1.16.3,PRexp,14,3.83,nan,56,Left,Left,9379,392,521,24,nan,nan,0.23
9/23/2025 1:02:21,1.16.3,PRexp,14,3.83,nan,56,Left,Left,9380,392,521,24,nan,nan,0.22
9/23/2025 1:02:36,1.16.3,PRexp,14,3.83,nan,56,Left,Left,9381,392,521,24,nan,nan,0.05
9/23/2025 1:02:38,1.16.3,PRexp,14,3.83,nan,56,Left,Left,9382,392,521,24,nan,nan,1.11
9/23/2025 1:02:40,1.16.3,PRexp,14,3.83,nan,56,Left,Left,9383,392,521,24,nan,nan,0.40
9/23/2025 1:02:42,1.16.3,PRexp,14,3.83,nan,56,Left,Left,9384,392,521,24,nan,nan,0.42
9/23/2025 1:02:48,1.16.3,PRexp,14,3.83,nan,56,Left,Left,9385,392,521,24,nan,nan,0.09
9/23/2025 1:02:50,1.16.3,PRexp,14,3.83,nan,56,Left,Left,9386,392,521,24,nan,nan,1.20
9/23/2025 1:02:54,1.16.3,PRexp,14,3.83,nan,56,Left,Left,9387,392,521,24,nan,nan,0.03
9/23/2025 1:02:57,1.16.3,PRexp,14,3.83,nan,56,Left,Left,9388,392,521,24,nan,nan,0.78
9/23/2025 1:02:58,1.16.3,PRexp,14,3.84,nan,56,Left,Left,9389,392,521,24,nan,nan,0.27
9/23/2025 1:03:06,1.16.3,PRexp,14,3.83,nan,56,Left,Left,9390,392,521,24,nan,nan,0.03
9/23/2025 1:13:24,1.16.3,PRexp,14,3.83,nan,56,Left,Left,9391,392,521,24,nan,nan,1.21
9/23/2025 1:13:28,1.16.3,PRexp,14,3.83,nan,56,Left,Left,9392,392,521,24,nan,nan,1.05
9/23/2025 1:13:29,1.16.3,PRexp,14,3.83,nan,56,Left,Left,9393,392,521,24,nan,nan,0.00
9/23/2025 1:13:35,1.16.3,PRexp,14,3.83,nan,56,Left,Left,9394,392,521,24,nan,nan,0.81
9/23/2025 1:13:36,1.16.3,PRexp,14,3.83,nan,56,Left,Left,9395,392,521,24,nan,nan,0.00
9/23/2025 1:13:37,1.16.3,PRexp,14,3.83,nan,56,Left,Left,9396,392,521,24,nan,nan,0.06
9/23/2025 1:13:41,1.16.3,PRexp,14,3.83,nan,56,Left,Left,9397,392,521,24,nan,nan,1.18
9/23/2025 1:13:43,1.16.3,PRexp,14,3.83,nan,56,Left,Left,9398,392,521,24,nan,nan,0.00
9/23/2025 1:13:44,1.16.3,PRexp,14,3.83,nan,56,Left,Left,9399,392,521,24,nan,nan,0.00
9/23/2025 1:13:46,1.16.3,PRexp,14,3.83,nan,56,Left,Left,9400,392,521,24,nan,nan,0.00
9/23/2025 1:13:47,1.16.3,PRexp,14,3.83,nan,56,Left,Left,9401,392,521,24,nan,nan,0.00
9/23/2025 1:13:48,1.16.3,PRexp,14,3.83,nan,56,Left,Left,9402,392,521,24,nan,nan,0.03
9/23/2025 1:13:49,1.16.3,PRexp,14,3.83,nan,56,Left,Left,9403,392,521,24,nan,nan,0.00
9/23/2025 1:13:50,1.16.3,PRexp,14,3.83,nan,56,Left,Left,9404,392,521,24,nan,nan,0.00
9/23/2025 1:13:54,1.16.3,PRexp,14,3.83,nan,56,Left,Left,9405,392,521,24,nan,nan,2.51
9/23/2025 1:13:56,1.16.3,PRexp,14,3.83,nan,56,Left,Left,9406,392,521,24,nan,nan,0.50
9/23/2025 1:13:59,1.16.3,PRexp,14,3.83,nan,56,Left,Left,9407,392,521,24,nan,nan,0.20
9/23/2025 1:14:04,1.16.3,PRexp,14,3.83,nan,56,Left,Left,9408,392,521,24,nan,nan,0.17
9/23/2025 1:14:04,1.16.3,PRexp,14,3.84,nan,56,Left,Left,9409,392,521,24,nan,nan,0.00
9/23/2025 1:14:07,1.16.3,PRexp,14,3.83,nan,56,Left,Left,9410,392,521,24,nan,nan,0.06
9/23/2025 1:14:08,1.16.3,PRexp,14,3.83,nan,56,Left,Left,9411,392,521,24,nan,nan,0.00
9/23/2025 1:14:12,1.16.3,PRexp,14,3.83,nan,56,Left,Left,9412,392,521,24,nan,nan,0.59
9/23/2025 1:30:34,1.16.3,PRexp,14,3.83,nan,56,Left,Left,9413,392,521,24,nan,nan,1.25
9/23/2025 1:30:37,1.16.3,PRexp,14,3.83,nan,56,Left,Left,9414,392,521,24,nan,nan,0.69
9/23/2025 1:30:46,1.16.3,PRexp,14,3.83,nan,56,Left,Left,9415,392,521,24,nan,nan,0.03
9/23/2025 1:30:50,1.16.3,PRexp,14,3.83,nan,56,Left,Left,9416,392,521,24,nan,nan,0.15
9/23/2025 1:30:53,1.16.3,PRexp,14,3.83,nan,56,Left,Left,9417,392,521,24,nan,nan,0.04
9/23/2025 1:30:55,1.16.3,PRexp,14,3.83,nan,56,Left,Left,9418,392,521,24,nan,nan,0.89
9/23/2025 1:30:56,1.16.3,PRexp,14,3.83,nan,56,Left,Left,9419,392,521,24,nan,nan,0.10
9/23/2025 1:30:57,1.16.3,PRexp,14,3.83,nan,56,Left,Left,9420,392,521,24,nan,nan,0.00
9/23/2025 1:30:58,1.16.3,PRexp,14,3.83,nan,56,Left,Left,9421,392,521,24,nan,nan,0.36
9/23/2025 1:31:06,1.16.3,PRexp,14,3.83,nan,56,Left,Left,9422,392,521,24,nan,nan,0.64
9/23/2025 1:31:11,1.16.3,PRexp,14,3.83,4,56,Pellet,Left,9422,392,522,25,0.24,2391,nan
9/23/2025 1:32:43,1.16.3,PRexp,14,3.83,nan,62,Left,Left,9423,392,522,25,nan,nan,0.08
9/23/2025 1:32:46,1.16.3,PRexp,14,3.83,nan,62,Left,Left,9424,392,522,25,nan,nan,0.03
9/23/2025 1:32:53,1.16.3,PRexp,14,3.83,nan,62,Left,Left,9425,392,522,25,nan,nan,0.02
9/23/2025 1:32:55,1.16.3,PRexp,14,3.83,nan,62,Left,Left,9426,392,522,25,nan,nan,0.50
9/23/2025 1:32:56,1.16.3,PRexp,14,3.83,nan,62,Left,Left,9427,392,522,25,nan,nan,0.11
9/23/2025 1:32:58,1.16.3,PRexp,14,3.83,nan,62,Left,Left,9428,392,522,25,nan,nan,0.38
9/23/2025 1:33:01,1.16.3,PRexp,14,3.83,nan,62,Left,Left,9429,392,522,25,nan,nan,0.04
9/23/2025 1:33:03,1.16.3,PRexp,14,3.83,nan,62,Left,Left,9430,392,522,25,nan,nan,0.00
9/23/2025 1:33:04,1.16.3,PRexp,14,3.83,nan,62,Left,Left,9431,392,522,25,nan,nan,0.00
9/23/2025 1:33:07,1.16.3,PRexp,14,3.83,nan,62,Left,Left,9432,392,522,25,nan,nan,0.39
9/23/2025 1:33:08,1.16.3,PRexp,14,3.83,nan,62,Left,Left,9433,392,522,25,nan,nan,0.00
9/23/2025 1:33:09,1.16.3,PRexp,14,3.83,nan,62,Left,Left,9434,392,522,25,nan,nan,0.53
9/23/2025 1:33:10,1.16.3,PRexp,14,3.83,nan,62,Left,Left,9435,392,522,25,nan,nan,0.00
9/23/2025 1:33:12,1.16.3,PRexp,14,3.83,nan,62,Left,Left,9436,392,522,25,nan,nan,0.73
9/23/2025 1:33:14,1.16.3,PRexp,14,3.83,nan,62,Left,Left,9437,392,522,25,nan,nan,0.91
9/23/2025 1:33:17,1.16.3,PRexp,14,3.83,nan,62,Left,Left,9438,392,522,25,nan,nan,0.01
9/23/2025 1:33:18,1.16.3,PRexp,14,3.83,nan,62,Left,Left,9439,392,522,25,nan,nan,0.23
9/23/2025 1:33:18,1.16.3,PRexp,14,3.84,nan,62,Left,Left,9440,392,522,25,nan,nan,0.00
9/23/2025 1:33:19,1.16.3,PRexp,14,3.83,nan,62,Left,Left,9441,392,522,25,nan,nan,0.02
9/23/2025 1:33:21,1.16.3,PRexp,14,3.83,nan,62,Left,Left,9442,392,522,25,nan,nan,0.41
9/23/2025 1:33:22,1.16.3,PRexp,14,3.83,nan,62,Left,Left,9443,392,522,25,nan,nan,0.04
9/23/2025 1:33:23,1.16.3,PRexp,14,3.83,nan,62,Left,Left,9444,392,522,25,nan,nan,0.42
9/23/2025 1:33:31,1.16.3,PRexp,14,3.83,nan,62,Left,Left,9445,392,522,25,nan,nan,1.82
9/23/2025 1:33:40,1.16.3,PRexp,14,3.83,nan,62,Left,Left,9446,392,522,25,nan,nan,6.39
9/23/2025 1:33:42,1.16.3,PRexp,14,3.83,nan,62,Left,Left,9447,392,522,25,nan,nan,0.03
9/23/2025 1:33:46,1.16.3,PRexp,14,3.83,nan,62,Left,Left,9448,392,522,25,nan,nan,0.00
9/23/2025 1:33:50,1.16.3,PRexp,14,3.83,nan,62,Left,Left,9449,392,522,25,nan,nan,0.35
9/23/2025 1:33:54,1.16.3,PRexp,14,3.83,nan,62,Left,Left,9450,392,522,25,nan,nan,2.34
9/23/2025 1:33:57,1.16.3,PRexp,14,3.83,nan,62,Left,Left,9451,392,522,25,nan,nan,1.31
9/23/2025 1:34:02,1.16.3,PRexp,14,3.83,nan,62,Left,Left,9452,392,522,25,nan,nan,1.48
9/23/2025 1:34:06,1.16.3,PRexp,14,3.83,nan,62,Left,Left,9453,392,522,25,nan,nan,0.04
9/23/2025 1:34:07,1.16.3,PRexp,14,3.83,nan,62,Left,Left,9454,392,522,25,nan,nan,0.00
9/23/2025 1:34:23,1.16.3,PRexp,14,3.83,nan,62,Left,Left,9455,392,522,25,nan,nan,0.06
9/23/2025 1:34:25,1.16.3,PRexp,14,3.83,nan,62,Left,Left,9456,392,522,25,nan,nan,0.08
9/23/2025 1:34:31,1.16.3,PRexp,14,3.83,nan,62,Left,Left,9457,392,522,25,nan,nan,0.00
9/23/2025 1:34:37,1.16.3,PRexp,14,3.83,nan,62,Left,Left,9458,392,522,25,nan,nan,0.12
9/23/2025 1:34:39,1.16.3,PRexp,14,3.83,nan,62,Left,Left,9459,392,522,25,nan,nan,0.38
9/23/2025 1:34:43,1.16.3,PRexp,14,3.83,nan,62,Left,Left,9460,392,522,25,nan,nan,0.66
9/23/2025 1:34:48,1.16.3,PRexp,14,3.83,nan,62,Left,Left,9461,392,522,25,nan,nan,0.06
9/23/2025 1:34:50,1.16.3,PRexp,14,3.83,nan,62,Left,Left,9462,392,522,25,nan,nan,0.05
9/23/2025 1:34:53,1.16.3,PRexp,14,3.83,nan,62,Left,Left,9463,392,522,25,nan,nan,0.11
9/23/2025 1:34:57,1.16.3,PRexp,14,3.83,nan,62,Left,Left,9464,392,522,25,nan,nan,0.13
9/23/2025 1:46:25,1.16.3,PRexp,14,3.83,nan,62,Left,Left,9465,392,522,25,nan,nan,0.96
9/23/2025 1:46:30,1.16.3,PRexp,14,3.83,nan,62,Left,Left,9466,392,522,25,nan,nan,0.07
9/23/2025 1:46:32,1.16.3,PRexp,14,3.83,nan,62,Left,Left,9467,392,522,25,nan,nan,0.56
9/23/2025 1:46:34,1.16.3,PRexp,14,3.83,nan,62,Left,Left,9468,392,522,25,nan,nan,0.45
9/23/2025 1:46:35,1.16.3,PRexp,14,3.83,nan,62,Left,Left,9469,392,522,25,nan,nan,0.30
9/23/2025 1:46:37,1.16.3,PRexp,14,3.83,nan,62,Left,Left,9470,392,522,25,nan,nan,0.02
9/23/2025 1:46:38,1.16.3,PRexp,14,3.83,nan,62,Left,Left,9471,392,522,25,nan,nan,0.19
9/23/2025 1:46:41,1.16.3,PRexp,14,3.83,nan,62,Left,Left,9472,392,522,25,nan,nan,0.00
9/23/2025 1:46:45,1.16.3,PRexp,14,3.83,nan,62,Left,Left,9473,392,522,25,nan,nan,0.30
9/23/2025 1:46:46,1.16.3,PRexp,14,3.83,nan,62,Left,Left,9474,392,522,25,nan,nan,0.27
9/23/2025 1:46:49,1.16.3,PRexp,14,3.83,nan,62,Left,Left,9475,392,522,25,nan,nan,1.06
9/23/2025 1:46:50,1.16.3,PRexp,14,3.83,nan,62,Left,Left,9476,392,522,25,nan,nan,0.45
9/23/2025 1:46:52,1.16.3,PRexp,14,3.83,nan,62,Left,Left,9477,392,522,25,nan,nan,0.00
9/23/2025 1:46:56,1.16.3,PRexp,14,3.83,nan,62,Left,Left,9478,392,522,25,nan,nan,0.02
9/23/2025 1:46:58,1.16.3,PRexp,14,3.83,nan,62,Left,Left,9479,392,522,25,nan,nan,0.00
9/23/2025 1:46:59,1.16.3,PRexp,14,3.83,nan,62,Left,Left,9480,392,522,25,nan,nan,0.08
9/23/2025 1:47:00,1.16.3,PRexp,14,3.83,nan,62,Left,Left,9481,392,522,25,nan,nan,0.00
9/23/2025 1:47:01,1.16.3,PRexp,14,3.83,nan,62,Left,Left,9482,392,522,25,nan,nan,0.07
9/23/2025 1:47:03,1.16.3,PRexp,14,3.83,nan,62,Left,Left,9483,392,522,25,nan,nan,0.05
9/23/2025 1:47:06,1.16.3,PRexp,14,3.83,nan,62,Left,Left,9484,392,522,25,nan,nan,0.93
9/23/2025 1:47:06,1.16.3,PRexp,14,3.83,nan,62,LeftDuringDispense,Left,9485,392,522,26,nan,nan,0.02
9/23/2025 1:47:09,1.16.3,PRexp,14,3.83,2,62,Pellet,Left,9485,392,523,26,0.24,958,nan
9/23/2025 1:54:14,1.16.3,PRexp,14,3.83,nan,69,Left,Left,9486,392,523,26,nan,nan,0.68
9/23/2025 1:54:20,1.16.3,PRexp,14,3.83,nan,69,Left,Left,9487,392,523,26,nan,nan,1.06
9/23/2025 1:54:21,1.16.3,PRexp,14,3.83,nan,69,Left,Left,9488,392,523,26,nan,nan,0.00
9/23/2025 1:54:22,1.16.3,PRexp,14,3.83,nan,69,Left,Left,9489,392,523,26,nan,nan,0.60
9/23/2025 1:54:23,1.16.3,PRexp,14,3.83,nan,69,Left,Left,9490,392,523,26,nan,nan,0.00
9/23/2025 1:54:26,1.16.3,PRexp,14,3.83,nan,69,Left,Left,9491,392,523,26,nan,nan,0.27
9/23/2025 1:54:26,1.16.3,PRexp,14,3.83,nan,69,Left,Left,9492,392,523,26,nan,nan,0.00
9/23/2025 1:54:28,1.16.3,PRexp,14,3.83,nan,69,Left,Left,9493,392,523,26,nan,nan,0.00
9/23/2025 1:54:30,1.16.3,PRexp,14,3.83,nan,69,Left,Left,9494,392,523,26,nan,nan,0.43
9/23/2025 1:54:32,1.16.3,PRexp,14,3.83,nan,69,Left,Left,9495,392,523,26,nan,nan,0.49
9/23/2025 1:54:34,1.16.3,PRexp,14,3.83,nan,69,Left,Left,9496,392,523,26,nan,nan,0.57
9/23/2025 1:54:35,1.16.3,PRexp,14,3.83,nan,69,Left,Left,9497,392,523,26,nan,nan,0.00
9/23/2025 1:54:36,1.16.3,PRexp,14,3.83,nan,69,Left,Left,9498,392,523,26,nan,nan,0.04
9/23/2025 1:54:40,1.16.3,PRexp,14,3.83,nan,69,Left,Left,9499,392,523,26,nan,nan,1.29
9/23/2025 1:54:42,1.16.3,PRexp,14,3.83,nan,69,Left,Left,9500,392,523,26,nan,nan,0.74
9/23/2025 1:54:43,1.16.3,PRexp,14,3.83,nan,69,Left,Left,9501,392,523,26,nan,nan,0.00
9/23/2025 1:54:45,1.16.3,PRexp,14,3.83,nan,69,Left,Left,9502,392,523,26,nan,nan,0.44
9/23/2025 1:54:46,1.16.3,PRexp,14,3.83,nan,69,Left,Left,9503,392,523,26,nan,nan,0.49
9/23/2025 1:54:47,1.16.3,PRexp,14,3.83,nan,69,Left,Left,9504,392,523,26,nan,nan,0.01
9/23/2025 1:54:48,1.16.3,PRexp,14,3.83,nan,69,Left,Left,9505,392,523,26,nan,nan,0.20
9/23/2025 1:54:49,1.16.3,PRexp,14,3.83,nan,69,Left,Left,9506,392,523,26,nan,nan,0.00
9/23/2025 1:54:54,1.16.3,PRexp,14,3.83,nan,69,Left,Left,9507,392,523,26,nan,nan,2.08
9/23/2025 1:54:56,1.16.3,PRexp,14,3.83,nan,69,Left,Left,9508,392,523,26,nan,nan,0.00
9/23/2025 1:55:01,1.16.3,PRexp,14,3.83,nan,69,Left,Left,9509,392,523,26,nan,nan,0.00
9/23/2025 1:55:05,1.16.3,PRexp,14,3.83,nan,69,Left,Left,9510,392,523,26,nan,nan,0.00
9/23/2025 1:55:06,1.16.3,PRexp,14,3.83,nan,69,Left,Left,9511,392,523,26,nan,nan,0.00
9/23/2025 1:55:10,1.16.3,PRexp,14,3.83,nan,69,Left,Left,9512,392,523,26,nan,nan,0.87
9/23/2025 1:55:18,1.16.3,PRexp,14,3.83,nan,69,Left,Left,9513,392,523,26,nan,nan,0.22
9/23/2025 1:55:25,1.16.3,PRexp,14,3.83,nan,69,Left,Left,9514,392,523,26,nan,nan,1.04
9/23/2025 1:57:29,1.16.3,PRexp,14,3.83,nan,69,Left,Left,9515,392,523,26,nan,nan,0.26
9/23/2025 1:57:39,1.16.3,PRexp,14,3.83,nan,69,Left,Left,9516,392,523,26,nan,nan,0.45
9/23/2025 2:05:43,1.16.3,PRexp,14,3.83,nan,69,Left,Left,9517,392,523,26,nan,nan,0.14
9/23/2025 2:05:47,1.16.3,PRexp,14,3.83,nan,69,Left,Left,9518,392,523,26,nan,nan,0.15
9/23/2025 2:05:48,1.16.3,PRexp,14,3.83,nan,69,Left,Left,9519,392,523,26,nan,nan,0.04
9/23/2025 2:05:50,1.16.3,PRexp,14,3.83,nan,69,Left,Left,9520,392,523,26,nan,nan,0.19
9/23/2025 2:05:52,1.16.3,PRexp,14,3.83,nan,69,Left,Left,9521,392,523,26,nan,nan,0.02
9/23/2025 2:05:53,1.16.3,PRexp,14,3.83,nan,69,Left,Left,9522,392,523,26,nan,nan,0.04
9/23/2025 2:05:57,1.16.3,PRexp,14,3.83,nan,69,Left,Left,9523,392,523,26,nan,nan,0.34
9/23/2025 2:29:22,1.16.3,PRexp,14,3.83,nan,69,Left,Left,9524,392,523,26,nan,nan,0.03
9/23/2025 2:29:27,1.16.3,PRexp,14,3.83,nan,69,Left,Left,9525,392,523,26,nan,nan,0.66
9/23/2025 2:29:33,1.16.3,PRexp,14,3.83,nan,69,Left,Left,9526,392,523,26,nan,nan,0.55
9/23/2025 2:29:36,1.16.3,PRexp,14,3.83,nan,69,Left,Left,9527,392,523,26,nan,nan,0.95
9/23/2025 2:29:37,1.16.3,PRexp,14,3.83,nan,69,Left,Left,9528,392,523,26,nan,nan,0.00
9/23/2025 2:29:39,1.16.3,PRexp,14,3.83,nan,69,Left,Left,9529,392,523,26,nan,nan,0.35
9/23/2025 2:29:41,1.16.3,PRexp,14,3.83,nan,69,Left,Left,9530,392,523,26,nan,nan,0.69
9/23/2025 2:29:45,1.16.3,PRexp,14,3.83,nan,69,Left,Left,9531,392,523,26,nan,nan,1.08
9/23/2025 2:29:48,1.16.3,PRexp,14,3.83,nan,69,Left,Left,9532,392,523,26,nan,nan,0.93
9/23/2025 2:29:49,1.16.3,PRexp,14,3.83,nan,69,Left,Left,9533,392,523,26,nan,nan,0.04
9/23/2025 2:29:51,1.16.3,PRexp,14,3.83,nan,69,Left,Left,9534,392,523,26,nan,nan,0.37
9/23/2025 2:29:51,1.16.3,PRexp,14,3.83,nan,69,Left,Left,9535,392,523,26,nan,nan,0.00
9/23/2025 2:29:53,1.16.3,PRexp,14,3.83,nan,69,Left,Left,9536,392,523,26,nan,nan,0.00
9/23/2025 2:29:55,1.16.3,PRexp,14,3.83,nan,69,Left,Left,9537,392,523,26,nan,nan,0.51
9/23/2025 2:29:59,1.16.3,PRexp,14,3.83,nan,69,Left,Left,9538,392,523,26,nan,nan,0.95
9/23/2025 2:30:00,1.16.3,PRexp,14,3.83,nan,69,Left,Left,9539,392,523,26,nan,nan,0.04
9/23/2025 2:30:02,1.16.3,PRexp,14,3.83,nan,69,Left,Left,9540,392,523,26,nan,nan,0.00
9/23/2025 2:30:04,1.16.3,PRexp,14,3.83,nan,69,Left,Left,9541,392,523,26,nan,nan,0.67
9/23/2025 2:30:06,1.16.3,PRexp,14,3.83,nan,69,Left,Left,9542,392,523,26,nan,nan,0.46
9/23/2025 2:34:04,1.16.3,PRexp,14,3.83,nan,69,Left,Left,9543,392,523,26,nan,nan,0.07
9/23/2025 2:34:09,1.16.3,PRexp,14,3.83,nan,69,Left,Left,9544,392,523,26,nan,nan,0.81
9/23/2025 2:34:15,1.16.3,PRexp,14,3.83,nan,69,Left,Left,9545,392,523,26,nan,nan,1.19
9/23/2025 2:34:16,1.16.3,PRexp,14,3.83,nan,69,Left,Left,9546,392,523,26,nan,nan,0.03
9/23/2025 2:34:17,1.16.3,PRexp,14,3.83,nan,69,Left,Left,9547,392,523,26,nan,nan,0.00
9/23/2025 2:34:20,1.16.3,PRexp,14,3.83,nan,69,Left,Left,9548,392,523,26,nan,nan,0.23
9/23/2025 2:34:24,1.16.3,PRexp,14,3.83,nan,69,Left,Left,9549,392,523,26,nan,nan,2.73
9/23/2025 2:34:24,1.16.3,PRexp,14,3.83,nan,69,Left,Left,9550,392,523,26,nan,nan,0.03
9/23/2025 2:34:26,1.16.3,PRexp,14,3.83,nan,69,Left,Left,9551,392,523,26,nan,nan,0.12
9/23/2025 2:34:31,1.16.3,PRexp,14,3.83,nan,69,Left,Left,9552,392,523,26,nan,nan,0.70
9/23/2025 2:34:33,1.16.3,PRexp,14,3.83,nan,69,Left,Left,9553,392,523,26,nan,nan,0.50
9/23/2025 2:34:35,1.16.3,PRexp,14,3.83,nan,69,Left,Left,9554,392,523,26,nan,nan,0.12
9/23/2025 2:34:36,1.16.3,PRexp,14,3.83,1,69,Pellet,Left,9554,392,524,27,0.24,2847,nan
9/23/2025 2:35:20,1.16.3,PRexp,14,3.83,nan,77,Left,Left,9555,392,524,27,nan,nan,0.08
9/23/2025 2:35:21,1.16.3,PRexp,14,3.83,nan,77,Left,Left,9556,392,524,27,nan,nan,0.04
9/23/2025 2:35:23,1.16.3,PRexp,14,3.83,nan,77,Left,Left,9557,392,524,27,nan,nan,0.44
9/23/2025 2:35:25,1.16.3,PRexp,14,3.83,nan,77,Left,Left,9558,392,524,27,nan,nan,0.35
9/23/2025 2:35:27,1.16.3,PRexp,14,3.83,nan,77,Left,Left,9559,392,524,27,nan,nan,0.10
9/23/2025 2:35:29,1.16.3,PRexp,14,3.83,nan,77,Left,Left,9560,392,524,27,nan,nan,0.04
9/23/2025 2:35:30,1.16.3,PRexp,14,3.83,nan,77,Left,Left,9561,392,524,27,nan,nan,0.00
9/23/2025 2:35:32,1.16.3,PRexp,14,3.83,nan,77,Left,Left,9562,392,524,27,nan,nan,0.00
9/23/2025 2:35:33,1.16.3,PRexp,14,3.83,nan,77,Left,Left,9563,392,524,27,nan,nan,0.00
9/23/2025 2:35:36,1.16.3,PRexp,14,3.83,nan,77,Left,Left,9564,392,524,27,nan,nan,0.11
9/23/2025 2:35:37,1.16.3,PRexp,14,3.83,nan,77,Left,Left,9565,392,524,27,nan,nan,0.63
9/23/2025 2:35:39,1.16.3,PRexp,14,3.83,nan,77,Left,Left,9566,392,524,27,nan,nan,0.00
9/23/2025 2:35:42,1.16.3,PRexp,14,3.83,nan,77,Left,Left,9567,392,524,27,nan,nan,0.13
9/23/2025 2:35:47,1.16.3,PRexp,14,3.83,nan,77,Left,Left,9568,392,524,27,nan,nan,0.74
9/23/2025 2:35:48,1.16.3,PRexp,14,3.83,nan,77,Left,Left,9569,392,524,27,nan,nan,0.06
9/23/2025 2:35:49,1.16.3,PRexp,14,3.83,nan,77,Left,Left,9570,392,524,27,nan,nan,0.02
9/23/2025 2:35:53,1.16.3,PRexp,14,3.83,nan,77,Left,Left,9571,392,524,27,nan,nan,0.10
9/23/2025 2:35:55,1.16.3,PRexp,14,3.83,nan,77,Left,Left,9572,392,524,27,nan,nan,0.24
9/23/2025 2:36:39,1.16.3,PRexp,14,3.83,nan,77,Right,Left,9572,393,524,27,nan,nan,0.15
9/23/2025 2:36:45,1.16.3,PRexp,14,3.83,nan,77,Left,Left,9573,393,524,27,nan,nan,0.09
9/23/2025 2:36:48,1.16.3,PRexp,14,3.83,nan,77,Left,Left,9574,393,524,27,nan,nan,0.93
9/23/2025 2:36:50,1.16.3,PRexp,14,3.83,nan,77,Left,Left,9575,393,524,27,nan,nan,0.00
9/23/2025 2:36:50,1.16.3,PRexp,14,3.83,nan,77,Left,Left,9576,393,524,27,nan,nan,0.02
9/23/2025 2:36:51,1.16.3,PRexp,14,3.83,nan,77,Left,Left,9577,393,524,27,nan,nan,0.29
9/23/2025 2:36:53,1.16.3,PRexp,14,3.83,nan,77,Left,Left,9578,393,524,27,nan,nan,0.26
9/23/2025 2:36:56,1.16.3,PRexp,14,3.83,nan,77,Left,Left,9579,393,524,27,nan,nan,0.10
9/23/2025 2:36:57,1.16.3,PRexp,14,3.83,nan,77,Left,Left,9580,393,524,27,nan,nan,0.00
9/23/2025 2:36:59,1.16.3,PRexp,14,3.83,nan,77,Left,Left,9581,393,524,27,nan,nan,0.15
9/23/2025 2:37:02,1.16.3,PRexp,14,3.83,nan,77,Left,Left,9582,393,524,27,nan,nan,0.12
9/23/2025 2:37:02,1.16.3,PRexp,14,3.83,nan,77,Left,Left,9583,393,524,27,nan,nan,0.00
9/23/2025 2:37:03,1.16.3,PRexp,14,3.83,nan,77,Left,Left,9584,393,524,27,nan,nan,0.00
9/23/2025 2:37:05,1.16.3,PRexp,14,3.83,nan,77,Left,Left,9585,393,524,27,nan,nan,0.03
9/23/2025 2:37:09,1.16.3,PRexp,14,3.83,nan,77,Left,Left,9586,393,524,27,nan,nan,0.77
9/23/2025 2:39:06,1.16.3,PRexp,14,3.83,nan,77,Left,Left,9587,393,524,27,nan,nan,0.02
9/23/2025 2:39:09,1.16.3,PRexp,14,3.83,nan,77,Left,Left,9588,393,524,27,nan,nan,0.07
9/23/2025 2:39:10,1.16.3,PRexp,14,3.83,nan,77,Left,Left,9589,393,524,27,nan,nan,0.02
9/23/2025 2:39:11,1.16.3,PRexp,14,3.83,nan,77,Left,Left,9590,393,524,27,nan,nan,0.27
9/23/2025 2:39:14,1.16.3,PRexp,14,3.83,nan,77,Left,Left,9591,393,524,27,nan,nan,0.46
9/23/2025 2:39:15,1.16.3,PRexp,14,3.83,nan,77,Left,Left,9592,393,524,27,nan,nan,0.33
9/23/2025 2:39:19,1.16.3,PRexp,14,3.83,nan,77,Left,Left,9593,393,524,27,nan,nan,0.47
9/23/2025 2:39:22,1.16.3,PRexp,14,3.83,nan,77,Left,Left,9594,393,524,27,nan,nan,0.09
9/23/2025 2:39:23,1.16.3,PRexp,14,3.83,nan,77,Left,Left,9595,393,524,27,nan,nan,0.10
9/23/2025 2:39:28,1.16.3,PRexp,14,3.83,nan,77,Left,Left,9596,393,524,27,nan,nan,0.51
9/23/2025 2:39:29,1.16.3,PRexp,14,3.83,nan,77,Left,Left,9597,393,524,27,nan,nan,0.17
9/23/2025 2:39:31,1.16.3,PRexp,14,3.83,nan,77,Left,Left,9598,393,524,27,nan,nan,0.60
9/23/2025 2:39:34,1.16.3,PRexp,14,3.83,nan,77,Left,Left,9599,393,524,27,nan,nan,0.20
9/23/2025 2:39:35,1.16.3,PRexp,14,3.83,nan,77,Left,Left,9600,393,524,27,nan,nan,0.24
9/23/2025 2:39:36,1.16.3,PRexp,14,3.83,nan,77,Left,Left,9601,393,524,27,nan,nan,0.16
9/23/2025 2:39:38,1.16.3,PRexp,14,3.83,nan,77,Left,Left,9602,393,524,27,nan,nan,0.14
9/23/2025 2:39:40,1.16.3,PRexp,14,3.83,nan,77,Left,Left,9603,393,524,27,nan,nan,0.34
9/23/2025 2:39:42,1.16.3,PRexp,14,3.83,nan,77,Left,Left,9604,393,524,27,nan,nan,0.20
9/23/2025 2:40:43,1.16.3,PRexp,14,3.83,nan,77,Right,Left,9604,394,524,27,nan,nan,0.11
9/23/2025 2:40:48,1.16.3,PRexp,14,3.83,nan,77,Left,Left,9605,394,524,27,nan,nan,0.02
9/23/2025 2:40:49,1.16.3,PRexp,14,3.83,nan,77,Left,Left,9606,394,524,27,nan,nan,0.05
9/23/2025 2:40:51,1.16.3,PRexp,14,3.83,nan,77,Left,Left,9607,394,524,27,nan,nan,0.01
9/23/2025 2:40:52,1.16.3,PRexp,14,3.83,nan,77,Left,Left,9608,394,524,27,nan,nan,0.47
9/23/2025 2:40:53,1.16.3,PRexp,14,3.83,nan,77,Left,Left,9609,394,524,27,nan,nan,0.39
9/23/2025 2:40:55,1.16.3,PRexp,14,3.83,nan,77,Left,Left,9610,394,524,27,nan,nan,0.31
9/23/2025 2:40:56,1.16.3,PRexp,14,3.83,nan,77,Left,Left,9611,394,524,27,nan,nan,0.10
9/23/2025 2:40:57,1.16.3,PRexp,14,3.83,nan,77,Left,Left,9612,394,524,27,nan,nan,0.00
9/23/2025 2:40:59,1.16.3,PRexp,14,3.83,nan,77,Left,Left,9613,394,524,27,nan,nan,0.28
9/23/2025 2:41:01,1.16.3,PRexp,14,3.83,nan,77,Left,Left,9614,394,524,27,nan,nan,0.18
9/23/2025 2:41:02,1.16.3,PRexp,14,3.83,nan,77,Left,Left,9615,394,524,27,nan,nan,0.00
9/23/2025 2:41:04,1.16.3,PRexp,14,3.83,nan,77,Left,Left,9616,394,524,27,nan,nan,0.17
9/23/2025 2:41:05,1.16.3,PRexp,14,3.83,nan,77,Left,Left,9617,394,524,27,nan,nan,0.00
9/23/2025 2:41:07,1.16.3,PRexp,14,3.83,nan,77,Left,Left,9618,394,524,27,nan,nan,0.11
9/23/2025 2:41:09,1.16.3,PRexp,14,3.83,nan,77,Left,Left,9619,394,524,27,nan,nan,0.30
9/23/2025 2:41:10,1.16.3,PRexp,14,3.83,nan,77,Left,Left,9620,394,524,27,nan,nan,0.27
9/23/2025 2:41:11,1.16.3,PRexp,14,3.83,nan,77,Left,Left,9621,394,524,27,nan,nan,0.00
9/23/2025 2:41:12,1.16.3,PRexp,14,3.83,nan,77,Left,Left,9622,394,524,27,nan,nan,0.00
9/23/2025 2:41:14,1.16.3,PRexp,14,3.83,nan,77,Left,Left,9623,394,524,27,nan,nan,0.02
9/23/2025 2:41:15,1.16.3,PRexp,14,3.83,nan,77,Left,Left,9624,394,524,27,nan,nan,0.18
9/23/2025 2:41:19,1.16.3,PRexp,14,3.83,nan,77,Left,Left,9625,394,524,27,nan,nan,0.12
9/23/2025 2:41:20,1.16.3,PRexp,14,3.83,nan,77,Left,Left,9626,394,524,27,nan,nan,0.13
9/23/2025 2:41:22,1.16.3,PRexp,14,3.83,nan,77,Left,Left,9627,394,524,27,nan,nan,0.15
9/23/2025 2:41:28,1.16.3,PRexp,14,3.83,nan,77,Left,Left,9628,394,524,27,nan,nan,0.00
9/23/2025 2:44:35,1.16.3,PRexp,14,3.83,nan,77,Left,Left,9629,394,524,27,nan,nan,0.06
9/23/2025 2:44:46,1.16.3,PRexp,14,3.83,nan,77,Left,Left,9630,394,524,27,nan,nan,0.01
9/23/2025 2:44:47,1.16.3,PRexp,14,3.83,nan,77,Left,Left,9631,394,524,27,nan,nan,0.13
9/23/2025 2:44:48,1.16.3,PRexp,14,3.83,1,77,Pellet,Left,9631,394,525,28,0.18,612,nan
9/23/2025 2:46:36,1.16.3,PRexp,14,3.83,nan,86,Left,Left,9632,394,525,28,nan,nan,0.36
9/23/2025 2:46:40,1.16.3,PRexp,14,3.83,nan,86,Left,Left,9633,394,525,28,nan,nan,0.50
9/23/2025 2:46:42,1.16.3,PRexp,14,3.83,nan,86,Left,Left,9634,394,525,28,nan,nan,0.07
9/23/2025 2:46:43,1.16.3,PRexp,14,3.83,nan,86,Left,Left,9635,394,525,28,nan,nan,0.06
9/23/2025 2:46:47,1.16.3,PRexp,14,3.83,nan,86,Left,Left,9636,394,525,28,nan,nan,0.10
9/23/2025 2:46:49,1.16.3,PRexp,14,3.83,nan,86,Left,Left,9637,394,525,28,nan,nan,0.26
9/23/2025 2:46:51,1.16.3,PRexp,14,3.83,nan,86,Left,Left,9638,394,525,28,nan,nan,0.37
9/23/2025 2:46:52,1.16.3,PRexp,14,3.83,nan,86,Left,Left,9639,394,525,28,nan,nan,0.38
9/23/2025 2:46:54,1.16.3,PRexp,14,3.83,nan,86,Left,Left,9640,394,525,28,nan,nan,0.08
9/23/2025 2:46:56,1.16.3,PRexp,14,3.83,nan,86,Left,Left,9641,394,525,28,nan,nan,0.04
9/23/2025 2:46:59,1.16.3,PRexp,14,3.83,nan,86,Left,Left,9642,394,525,28,nan,nan,0.53
9/23/2025 2:47:01,1.16.3,PRexp,14,3.83,nan,86,Left,Left,9643,394,525,28,nan,nan,0.40
9/23/2025 2:47:04,1.16.3,PRexp,14,3.83,nan,86,Left,Left,9644,394,525,28,nan,nan,0.14
9/23/2025 2:47:06,1.16.3,PRexp,14,3.83,nan,86,Left,Left,9645,394,525,28,nan,nan,0.70
9/23/2025 2:47:09,1.16.3,PRexp,14,3.83,nan,86,Left,Left,9646,394,525,28,nan,nan,0.12
9/23/2025 2:49:53,1.16.3,PRexp,14,3.83,nan,86,Left,Left,9647,394,525,28,nan,nan,0.05
9/23/2025 2:49:54,1.16.3,PRexp,14,3.83,nan,86,Left,Left,9648,394,525,28,nan,nan,0.03
9/23/2025 2:49:56,1.16.3,PRexp,14,3.83,nan,86,Left,Left,9649,394,525,28,nan,nan,0.07
9/23/2025 2:49:57,1.16.3,PRexp,14,3.83,nan,86,Left,Left,9650,394,525,28,nan,nan,0.00
9/23/2025 2:49:59,1.16.3,PRexp,14,3.83,nan,86,Left,Left,9651,394,525,28,nan,nan,0.16
9/23/2025 2:50:00,1.16.3,PRexp,14,3.83,nan,86,Left,Left,9652,394,525,28,nan,nan,0.00
9/23/2025 2:50:03,1.16.3,PRexp,14,3.83,nan,86,Left,Left,9653,394,525,28,nan,nan,0.02
9/23/2025 2:50:05,1.16.3,PRexp,14,3.83,nan,86,Left,Left,9654,394,525,28,nan,nan,0.63
9/23/2025 2:50:07,1.16.3,PRexp,14,3.83,nan,86,Left,Left,9655,394,525,28,nan,nan,0.12
9/23/2025 2:50:10,1.16.3,PRexp,14,3.83,nan,86,Left,Left,9656,394,525,28,nan,nan,0.14
9/23/2025 2:50:11,1.16.3,PRexp,14,3.83,nan,86,Left,Left,9657,394,525,28,nan,nan,0.18
9/23/2025 2:50:12,1.16.3,PRexp,14,3.83,nan,86,Left,Left,9658,394,525,28,nan,nan,0.00
9/23/2025 2:51:00,1.16.3,PRexp,14,3.83,nan,86,Right,Left,9658,395,525,28,nan,nan,0.18
9/23/2025 2:51:01,1.16.3,PRexp,14,3.83,nan,86,Right,Left,9658,396,525,28,nan,nan,0.04
9/23/2025 2:51:03,1.16.3,PRexp,14,3.83,nan,86,Left,Left,9659,396,525,28,nan,nan,0.03
9/23/2025 2:51:05,1.16.3,PRexp,14,3.83,nan,86,Left,Left,9660,396,525,28,nan,nan,0.09
9/23/2025 2:51:06,1.16.3,PRexp,14,3.83,nan,86,Left,Left,9661,396,525,28,nan,nan,0.00
9/23/2025 2:51:07,1.16.3,PRexp,14,3.83,nan,86,Left,Left,9662,396,525,28,nan,nan,0.07
9/23/2025 2:51:09,1.16.3,PRexp,14,3.83,nan,86,Left,Left,9663,396,525,28,nan,nan,0.09
9/23/2025 2:51:10,1.16.3,PRexp,14,3.83,nan,86,Left,Left,9664,396,525,28,nan,nan,0.00
9/23/2025 2:51:11,1.16.3,PRexp,14,3.83,nan,86,Left,Left,9665,396,525,28,nan,nan,0.13
9/23/2025 2:51:12,1.16.3,PRexp,14,3.83,nan,86,Left,Left,9666,396,525,28,nan,nan,0.07
9/23/2025 2:51:14,1.16.3,PRexp,14,3.83,nan,86,Left,Left,9667,396,525,28,nan,nan,0.09
9/23/2025 2:51:15,1.16.3,PRexp,14,3.83,nan,86,Left,Left,9668,396,525,28,nan,nan,0.24
9/23/2025 2:51:17,1.16.3,PRexp,14,3.83,nan,86,Left,Left,9669,396,525,28,nan,nan,0.12
9/23/2025 2:51:18,1.16.3,PRexp,14,3.83,nan,86,Left,Left,9670,396,525,28,nan,nan,0.33
9/23/2025 2:51:19,1.16.3,PRexp,14,3.83,nan,86,Left,Left,9671,396,525,28,nan,nan,0.24
9/23/2025 2:51:22,1.16.3,PRexp,14,3.83,nan,86,Left,Left,9672,396,525,28,nan,nan,0.13
9/23/2025 2:51:23,1.16.3,PRexp,14,3.83,nan,86,Left,Left,9673,396,525,28,nan,nan,0.07
9/23/2025 2:51:24,1.16.3,PRexp,14,3.83,nan,86,Left,Left,9674,396,525,28,nan,nan,0.00
9/23/2025 2:51:30,1.16.3,PRexp,14,3.83,nan,86,Left,Left,9675,396,525,28,nan,nan,0.77
9/23/2025 2:51:31,1.16.3,PRexp,14,3.83,nan,86,Left,Left,9676,396,525,28,nan,nan,0.49
9/23/2025 2:51:32,1.16.3,PRexp,14,3.83,nan,86,Left,Left,9677,396,525,28,nan,nan,0.35
9/23/2025 2:51:34,1.16.3,PRexp,14,3.83,nan,86,Left,Left,9678,396,525,28,nan,nan,0.12
9/23/2025 2:51:35,1.16.3,PRexp,14,3.83,nan,86,Left,Left,9679,396,525,28,nan,nan,0.00
9/23/2025 2:51:38,1.16.3,PRexp,14,3.83,nan,86,Left,Left,9680,396,525,28,nan,nan,0.16
9/23/2025 2:51:38,1.16.3,PRexp,14,3.83,nan,86,Left,Left,9681,396,525,28,nan,nan,0.02
9/23/2025 2:51:39,1.16.3,PRexp,14,3.83,nan,86,Left,Left,9682,396,525,28,nan,nan,0.00
9/23/2025 2:51:42,1.16.3,PRexp,14,3.83,nan,86,Left,Left,9683,396,525,28,nan,nan,0.12
9/23/2025 2:51:48,1.16.3,PRexp,14,3.83,nan,86,Left,Left,9684,396,525,28,nan,nan,0.00
9/23/2025 2:54:48,1.16.3,PRexp,14,3.83,nan,86,Left,Left,9685,396,525,28,nan,nan,0.44
9/23/2025 2:54:49,1.16.3,PRexp,14,3.83,nan,86,Left,Left,9686,396,525,28,nan,nan,0.00
9/23/2025 2:54:50,1.16.3,PRexp,14,3.83,nan,86,Left,Left,9687,396,525,28,nan,nan,0.27
9/23/2025 2:54:51,1.16.3,PRexp,14,3.83,nan,86,Left,Left,9688,396,525,28,nan,nan,0.00
9/23/2025 2:54:54,1.16.3,PRexp,14,3.83,nan,86,Left,Left,9689,396,525,28,nan,nan,0.04
9/23/2025 2:54:55,1.16.3,PRexp,14,3.83,nan,86,Left,Left,9690,396,525,28,nan,nan,0.08
9/23/2025 2:54:57,1.16.3,PRexp,14,3.83,nan,86,Left,Left,9691,396,525,28,nan,nan,0.09
9/23/2025 2:54:59,1.16.3,PRexp,14,3.83,nan,86,Left,Left,9692,396,525,28,nan,nan,0.13
9/23/2025 2:55:00,1.16.3,PRexp,14,3.83,nan,86,Left,Left,9693,396,525,28,nan,nan,0.00
9/23/2025 2:55:03,1.16.3,PRexp,14,3.83,nan,86,Left,Left,9694,396,525,28,nan,nan,0.13
9/23/2025 2:55:06,1.16.3,PRexp,14,3.83,nan,86,Left,Left,9695,396,525,28,nan,nan,0.13
9/23/2025 2:55:08,1.16.3,PRexp,14,3.83,nan,86,Left,Left,9696,396,525,28,nan,nan,0.11
9/23/2025 2:57:05,1.16.3,PRexp,14,3.83,nan,86,Left,Left,9697,396,525,28,nan,nan,0.04
9/23/2025 2:57:06,1.16.3,PRexp,14,3.83,nan,86,Left,Left,9698,396,525,28,nan,nan,0.02
9/23/2025 2:57:08,1.16.3,PRexp,14,3.83,nan,86,Left,Left,9699,396,525,28,nan,nan,0.31
9/23/2025 2:57:11,1.16.3,PRexp,14,3.83,nan,86,Left,Left,9700,396,525,28,nan,nan,0.13
9/23/2025 2:57:13,1.16.3,PRexp,14,3.83,nan,86,Left,Left,9701,396,525,28,nan,nan,0.06
9/23/2025 2:57:14,1.16.3,PRexp,14,3.83,nan,86,Left,Left,9702,396,525,28,nan,nan,0.12
9/23/2025 2:57:16,1.16.3,PRexp,14,3.83,nan,86,Left,Left,9703,396,525,28,nan,nan,0.23
9/23/2025 2:57:17,1.16.3,PRexp,14,3.83,nan,86,Left,Left,9704,396,525,28,nan,nan,0.24
9/23/2025 2:57:18,1.16.3,PRexp,14,3.83,nan,86,Left,Left,9705,396,525,28,nan,nan,0.50
9/23/2025 2:57:22,1.16.3,PRexp,14,3.83,nan,86,Left,Left,9706,396,525,28,nan,nan,0.08
9/23/2025 2:57:22,1.16.3,PRexp,14,3.83,nan,86,Left,Left,9707,396,525,28,nan,nan,0.00
9/23/2025 2:57:23,1.16.3,PRexp,14,3.83,nan,86,Left,Left,9708,396,525,28,nan,nan,0.00
9/23/2025 2:57:25,1.16.3,PRexp,14,3.83,nan,86,Left,Left,9709,396,525,28,nan,nan,0.31
9/23/2025 2:57:27,1.16.3,PRexp,14,3.83,nan,86,Left,Left,9710,396,525,28,nan,nan,0.47
9/23/2025 2:57:29,1.16.3,PRexp,14,3.83,nan,86,Left,Left,9711,396,525,28,nan,nan,0.10
9/23/2025 2:57:30,1.16.3,PRexp,14,3.83,nan,86,Left,Left,9712,396,525,28,nan,nan,0.43
9/23/2025 2:57:36,1.16.3,PRexp,14,3.83,nan,86,Left,Left,9713,396,525,28,nan,nan,0.00
9/23/2025 2:58:11,1.16.3,PRexp,14,3.83,nan,86,Left,Left,9714,396,525,28,nan,nan,0.03
9/23/2025 2:58:12,1.16.3,PRexp,14,3.83,nan,86,Left,Left,9715,396,525,28,nan,nan,0.54
9/23/2025 2:58:13,1.16.3,PRexp,14,3.83,nan,86,Left,Left,9716,396,525,28,nan,nan,0.42
9/23/2025 2:58:14,1.16.3,PRexp,14,3.83,nan,86,Left,Left,9717,396,525,28,nan,nan,0.10
9/23/2025 2:58:15,1.16.3,PRexp,14,3.83,nan,86,LeftDuringDispense,Left,9718,396,525,29,nan,nan,0.06
9/23/2025 2:58:18,1.16.3,PRexp,14,3.83,3,86,Pellet,Left,9718,396,526,29,0.18,810,nan
9/23/2025 3:02:00,1.16.3,PRexp,14,3.83,nan,95,Left,Left,9719,396,526,29,nan,nan,0.54
9/23/2025 3:02:02,1.16.3,PRexp,14,3.83,nan,95,Left,Left,9720,396,526,29,nan,nan,0.54
9/23/2025 3:02:05,1.16.3,PRexp,14,3.83,nan,95,Left,Left,9721,396,526,29,nan,nan,0.08
9/23/2025 3:02:06,1.16.3,PRexp,14,3.83,nan,95,Left,Left,9722,396,526,29,nan,nan,0.02
9/23/2025 3:02:07,1.16.3,PRexp,14,3.83,nan,95,Left,Left,9723,396,526,29,nan,nan,0.03
9/23/2025 3:02:09,1.16.3,PRexp,14,3.83,nan,95,Left,Left,9724,396,526,29,nan,nan,0.02
9/23/2025 3:02:12,1.16.3,PRexp,14,3.83,nan,95,Left,Left,9725,396,526,29,nan,nan,0.51
9/23/2025 3:02:13,1.16.3,PRexp,14,3.83,nan,95,Left,Left,9726,396,526,29,nan,nan,0.00
9/23/2025 3:02:14,1.16.3,PRexp,14,3.83,nan,95,Left,Left,9727,396,526,29,nan,nan,0.05
9/23/2025 3:02:18,1.16.3,PRexp,14,3.83,nan,95,Left,Left,9728,396,526,29,nan,nan,0.09
9/23/2025 3:02:19,1.16.3,PRexp,14,3.83,nan,95,Left,Left,9729,396,526,29,nan,nan,0.13
9/23/2025 3:02:21,1.16.3,PRexp,14,3.83,nan,95,Left,Left,9730,396,526,29,nan,nan,0.73
9/23/2025 3:02:25,1.16.3,PRexp,14,3.83,nan,95,Left,Left,9731,396,526,29,nan,nan,0.09
9/23/2025 3:02:26,1.16.3,PRexp,14,3.83,nan,95,Left,Left,9732,396,526,29,nan,nan,0.38
9/23/2025 3:02:28,1.16.3,PRexp,14,3.83,nan,95,Left,Left,9733,396,526,29,nan,nan,0.15
9/23/2025 3:02:29,1.16.3,PRexp,14,3.83,nan,95,Left,Left,9734,396,526,29,nan,nan,0.17
9/23/2025 3:02:32,1.16.3,PRexp,14,3.83,nan,95,Left,Left,9735,396,526,29,nan,nan,0.33
9/23/2025 3:02:34,1.16.3,PRexp,14,3.83,nan,95,Left,Left,9736,396,526,29,nan,nan,0.03
9/23/2025 3:02:38,1.16.3,PRexp,14,3.83,nan,95,Left,Left,9737,396,526,29,nan,nan,0.04
9/23/2025 3:02:40,1.16.3,PRexp,14,3.83,nan,95,Left,Left,9738,396,526,29,nan,nan,0.30
9/23/2025 3:02:42,1.16.3,PRexp,14,3.83,nan,95,Left,Left,9739,396,526,29,nan,nan,0.03
9/23/2025 3:02:44,1.16.3,PRexp,14,3.83,nan,95,Left,Left,9740,396,526,29,nan,nan,0.32
9/23/2025 3:02:45,1.16.3,PRexp,14,3.83,nan,95,Left,Left,9741,396,526,29,nan,nan,0.07
9/23/2025 3:02:48,1.16.3,PRexp,14,3.83,nan,95,Left,Left,9742,396,526,29,nan,nan,0.11
9/23/2025 3:02:49,1.16.3,PRexp,14,3.83,nan,95,Left,Left,9743,396,526,29,nan,nan,0.00
9/23/2025 3:02:52,1.16.3,PRexp,14,3.83,nan,95,Left,Left,9744,396,526,29,nan,nan,0.37
9/23/2025 3:03:46,1.16.3,PRexp,14,3.83,nan,95,Right,Left,9744,397,526,29,nan,nan,0.20
9/23/2025 3:36:05,1.16.3,PRexp,14,3.83,nan,1,Left,Left,9745,397,526,0,nan,nan,0.67
9/23/2025 3:36:07,1.16.3,PRexp,14,3.83,1,1,Pellet,Left,9745,397,527,1,0.61,2268,nan
9/23/2025 3:36:45,1.16.3,PRexp,14,3.83,nan,1,Left,Left,9746,397,527,1,nan,nan,0.40
9/23/2025 3:36:46,1.16.3,PRexp,14,3.83,1,1,Pellet,Left,9746,397,528,2,0.30,40,nan
9/23/2025 3:38:25,1.16.3,PRexp,14,3.83,nan,2,Left,Left,9747,397,528,2,nan,nan,0.05
9/23/2025 3:38:28,1.16.3,PRexp,14,3.83,nan,2,Left,Left,9748,397,528,2,nan,nan,0.04
9/23/2025 3:38:29,1.16.3,PRexp,14,3.83,1,2,Pellet,Left,9748,397,529,3,0.24,103,nan
9/23/2025 3:39:13,1.16.3,PRexp,14,3.83,nan,2,Left,Left,9749,397,529,3,nan,nan,0.02
9/23/2025 3:39:16,1.16.3,PRexp,14,3.83,nan,2,Left,Left,9750,397,529,3,nan,nan,0.04
9/23/2025 3:39:17,1.16.3,PRexp,14,3.83,1,2,Pellet,Left,9750,397,530,4,0.30,48,nan
9/23/2025 3:40:15,1.16.3,PRexp,14,3.83,nan,3,Left,Left,9751,397,530,4,nan,nan,0.10
9/23/2025 3:40:18,1.16.3,PRexp,14,3.83,nan,3,Left,Left,9752,397,530,4,nan,nan,0.02
9/23/2025 3:40:19,1.16.3,PRexp,14,3.83,nan,3,Left,Left,9753,397,530,4,nan,nan,0.01
9/23/2025 3:40:21,1.16.3,PRexp,14,3.83,1,3,Pellet,Left,9753,397,531,5,0.49,64,nan
9/23/2025 3:42:11,1.16.3,PRexp,14,3.83,nan,4,Left,Left,9754,397,531,5,nan,nan,0.03
9/23/2025 3:42:14,1.16.3,PRexp,14,3.83,nan,4,Left,Left,9755,397,531,5,nan,nan,0.12
9/23/2025 3:42:15,1.16.3,PRexp,14,3.83,nan,4,Left,Left,9756,397,531,5,nan,nan,0.04
9/23/2025 3:42:17,1.16.3,PRexp,14,3.83,nan,4,Left,Left,9757,397,531,5,nan,nan,0.06
9/23/2025 3:42:17,1.16.3,PRexp,14,3.83,nan,4,LeftDuringDispense,Left,9758,397,531,6,nan,nan,0.05
9/23/2025 3:42:20,1.16.3,PRexp,14,3.83,2,4,Pellet,Left,9758,397,532,6,0.18,119,nan
9/23/2025 3:43:02,1.16.3,PRexp,14,3.83,nan,5,Left,Left,9759,397,532,6,nan,nan,0.02
9/23/2025 3:43:05,1.16.3,PRexp,14,3.83,nan,5,Left,Left,9760,397,532,6,nan,nan,0.40
9/23/2025 3:43:07,1.16.3,PRexp,14,3.83,nan,5,Left,Left,9761,397,532,6,nan,nan,0.41
9/23/2025 3:43:09,1.16.3,PRexp,14,3.83,nan,5,Left,Left,9762,397,532,6,nan,nan,0.07
9/23/2025 3:43:11,1.16.3,PRexp,14,3.83,nan,5,Left,Left,9763,397,532,6,nan,nan,0.45
9/23/2025 3:43:12,1.16.3,PRexp,14,3.83,1,5,Pellet,Left,9763,397,533,7,0.24,52,nan
9/23/2025 3:43:45,1.16.3,PRexp,14,3.83,nan,6,Left,Left,9764,397,533,7,nan,nan,0.07
9/23/2025 3:43:47,1.16.3,PRexp,14,3.83,nan,6,Left,Left,9765,397,533,7,nan,nan,0.08
9/23/2025 3:43:52,1.16.3,PRexp,14,3.83,nan,6,Left,Left,9766,397,533,7,nan,nan,0.48
9/23/2025 3:43:53,1.16.3,PRexp,14,3.83,nan,6,Left,Left,9767,397,533,7,nan,nan,0.00
9/23/2025 3:43:55,1.16.3,PRexp,14,3.83,nan,6,Left,Left,9768,397,533,7,nan,nan,0.12
9/23/2025 3:43:56,1.16.3,PRexp,14,3.83,nan,6,Left,Left,9769,397,533,7,nan,nan,0.02
9/23/2025 3:43:57,1.16.3,PRexp,14,3.83,1,6,Pellet,Left,9769,397,534,8,0.24,45,nan
9/23/2025 3:44:35,1.16.3,PRexp,14,3.83,nan,7,Left,Left,9770,397,534,8,nan,nan,0.03
9/23/2025 3:44:37,1.16.3,PRexp,14,3.83,nan,7,Left,Left,9771,397,534,8,nan,nan,0.16
9/23/2025 3:44:39,1.16.3,PRexp,14,3.83,nan,7,Left,Left,9772,397,534,8,nan,nan,0.12
9/23/2025 3:44:43,1.16.3,PRexp,14,3.83,nan,7,Left,Left,9773,397,534,8,nan,nan,0.12
9/23/2025 3:44:45,1.16.3,PRexp,14,3.83,nan,7,Left,Left,9774,397,534,8,nan,nan,0.50
9/23/2025 3:44:47,1.16.3,PRexp,14,3.83,nan,7,Left,Left,9775,397,534,8,nan,nan,0.53
9/23/2025 3:44:54,1.16.3,PRexp,14,3.83,nan,7,Left,Left,9776,397,534,8,nan,nan,0.06
9/23/2025 3:44:56,1.16.3,PRexp,14,3.83,1,7,Pellet,Left,9776,397,535,9,0.30,58,nan
9/23/2025 3:46:01,1.16.3,PRexp,14,3.83,nan,9,Left,Left,9777,397,535,9,nan,nan,0.06
9/23/2025 3:46:03,1.16.3,PRexp,14,3.83,nan,9,Left,Left,9778,397,535,9,nan,nan,0.05
9/23/2025 3:46:05,1.16.3,PRexp,14,3.83,nan,9,Left,Left,9779,397,535,9,nan,nan,0.07
9/23/2025 3:46:06,1.16.3,PRexp,14,3.83,nan,9,Left,Left,9780,397,535,9,nan,nan,0.01
9/23/2025 3:46:07,1.16.3,PRexp,14,3.83,nan,9,Left,Left,9781,397,535,9,nan,nan,0.17
9/23/2025 3:46:08,1.16.3,PRexp,14,3.83,nan,9,Left,Left,9782,397,535,9,nan,nan,0.27
9/23/2025 3:46:11,1.16.3,PRexp,14,3.83,nan,9,Left,Left,9783,397,535,9,nan,nan,0.02
9/23/2025 3:46:12,1.16.3,PRexp,14,3.83,nan,9,Left,Left,9784,397,535,9,nan,nan,0.53
9/23/2025 3:46:15,1.16.3,PRexp,14,3.83,nan,9,Left,Left,9785,397,535,9,nan,nan,0.07
9/23/2025 3:46:16,1.16.3,PRexp,14,3.83,nan,9,LeftDuringDispense,Left,9786,397,535,10,nan,nan,0.05
9/23/2025 3:46:27,1.16.3,PRexp,14,3.83,3,9,Pellet,Left,9786,397,536,10,6.33,92,nan
9/23/2025 3:47:56,1.16.3,PRexp,14,3.83,nan,10,Left,Left,9787,397,536,10,nan,nan,0.23
9/23/2025 3:47:58,1.16.3,PRexp,14,3.83,nan,10,Left,Left,9788,397,536,10,nan,nan,0.02
9/23/2025 3:48:00,1.16.3,PRexp,14,3.83,nan,10,Left,Left,9789,397,536,10,nan,nan,0.36
9/23/2025 3:48:01,1.16.3,PRexp,14,3.83,nan,10,Left,Left,9790,397,536,10,nan,nan,0.11
9/23/2025 3:48:03,1.16.3,PRexp,14,3.83,nan,10,Left,Left,9791,397,536,10,nan,nan,0.37
9/23/2025 3:48:04,1.16.3,PRexp,14,3.82,nan,10,Left,Left,9792,397,536,10,nan,nan,0.21
9/23/2025 3:48:07,1.16.3,PRexp,14,3.83,nan,10,Left,Left,9793,397,536,10,nan,nan,0.07
9/23/2025 3:48:08,1.16.3,PRexp,14,3.83,nan,10,Left,Left,9794,397,536,10,nan,nan,0.24
9/23/2025 3:48:09,1.16.3,PRexp,14,3.83,nan,10,Left,Left,9795,397,536,10,nan,nan,0.25
9/23/2025 3:48:11,1.16.3,PRexp,14,3.83,nan,10,Left,Left,9796,397,536,10,nan,nan,0.32
9/23/2025 3:48:12,1.16.3,PRexp,14,3.83,1,10,Pellet,Left,9796,397,537,11,0.30,105,nan
9/23/2025 3:48:54,1.16.3,PRexp,14,3.83,nan,12,Left,Left,9797,397,537,11,nan,nan,0.01
9/23/2025 3:48:59,1.16.3,PRexp,14,3.83,nan,12,Left,Left,9798,397,537,11,nan,nan,0.04
9/23/2025 3:49:00,1.16.3,PRexp,14,3.83,nan,12,Left,Left,9799,397,537,11,nan,nan,0.31
9/23/2025 3:49:03,1.16.3,PRexp,14,3.83,nan,12,Left,Left,9800,397,537,11,nan,nan,0.86
9/23/2025 3:49:05,1.16.3,PRexp,14,3.83,nan,12,Left,Left,9801,397,537,11,nan,nan,0.04
9/23/2025 3:49:07,1.16.3,PRexp,14,3.83,nan,12,Left,Left,9802,397,537,11,nan,nan,0.83
9/23/2025 3:49:09,1.16.3,PRexp,14,3.83,nan,12,Left,Left,9803,397,537,11,nan,nan,0.51
9/23/2025 3:49:10,1.16.3,PRexp,14,3.83,nan,12,Left,Left,9804,397,537,11,nan,nan,0.00
9/23/2025 3:49:12,1.16.3,PRexp,14,3.83,nan,12,Left,Left,9805,397,537,11,nan,nan,0.11
9/23/2025 3:49:13,1.16.3,PRexp,14,3.83,nan,12,Left,Left,9806,397,537,11,nan,nan,0.00
9/23/2025 3:49:14,1.16.3,PRexp,14,3.83,nan,12,Left,Left,9807,397,537,11,nan,nan,0.42
9/23/2025 3:49:17,1.16.3,PRexp,14,3.83,nan,12,Left,Left,9808,397,537,11,nan,nan,0.05
9/23/2025 3:49:18,1.16.3,PRexp,14,3.83,1,12,Pellet,Left,9808,397,538,12,0.24,66,nan
9/23/2025 3:49:50,1.16.3,PRexp,14,3.83,nan,13,Left,Left,9809,397,538,12,nan,nan,0.01
9/23/2025 3:49:51,1.16.3,PRexp,14,3.83,nan,13,Left,Left,9810,397,538,12,nan,nan,0.09
9/23/2025 3:49:53,1.16.3,PRexp,14,3.83,nan,13,Left,Left,9811,397,538,12,nan,nan,0.75
9/23/2025 3:49:56,1.16.3,PRexp,14,3.83,nan,13,Left,Left,9812,397,538,12,nan,nan,0.43
9/23/2025 3:49:57,1.16.3,PRexp,14,3.83,nan,13,Left,Left,9813,397,538,12,nan,nan,0.38
9/23/2025 3:49:59,1.16.3,PRexp,14,3.83,nan,13,Left,Left,9814,397,538,12,nan,nan,0.72
9/23/2025 3:50:00,1.16.3,PRexp,14,3.83,nan,13,Left,Left,9815,397,538,12,nan,nan,0.11
9/23/2025 3:50:01,1.16.3,PRexp,14,3.83,nan,13,Left,Left,9816,397,538,12,nan,nan,0.38
9/23/2025 3:50:03,1.16.3,PRexp,14,3.83,nan,13,Left,Left,9817,397,538,12,nan,nan,0.01
9/23/2025 3:50:04,1.16.3,PRexp,14,3.83,nan,13,Left,Left,9818,397,538,12,nan,nan,0.00
9/23/2025 3:50:05,1.16.3,PRexp,14,3.83,nan,13,Left,Left,9819,397,538,12,nan,nan,0.07
9/23/2025 3:50:06,1.16.3,PRexp,14,3.83,nan,13,Left,Left,9820,397,538,12,nan,nan,0.00
9/23/2025 3:50:09,1.16.3,PRexp,14,3.83,nan,13,Left,Left,9821,397,538,12,nan,nan,0.02
9/23/2025 3:50:10,1.16.3,PRexp,14,3.82,1,13,Pellet,Left,9821,397,539,13,0.18,52,nan
9/23/2025 4:13:34,1.16.3,PRexp,14,3.83,nan,15,Left,Left,9822,397,539,13,nan,nan,0.11
9/23/2025 4:13:37,1.16.3,PRexp,14,3.83,nan,15,Left,Left,9823,397,539,13,nan,nan,0.86
9/23/2025 4:13:39,1.16.3,PRexp,14,3.83,nan,15,Left,Left,9824,397,539,13,nan,nan,0.05
9/23/2025 4:13:41,1.16.3,PRexp,14,3.83,nan,15,Left,Left,9825,397,539,13,nan,nan,0.48
9/23/2025 4:13:44,1.16.3,PRexp,14,3.83,nan,15,Left,Left,9826,397,539,13,nan,nan,0.50
9/23/2025 4:13:48,1.16.3,PRexp,14,3.83,nan,15,Left,Left,9827,397,539,13,nan,nan,0.02
9/23/2025 4:13:52,1.16.3,PRexp,14,3.82,nan,15,Left,Left,9828,397,539,13,nan,nan,0.70
9/23/2025 4:13:56,1.16.3,PRexp,14,3.83,nan,15,Left,Left,9829,397,539,13,nan,nan,0.01
9/23/2025 4:13:59,1.16.3,PRexp,14,3.83,nan,15,Left,Left,9830,397,539,13,nan,nan,0.47
9/23/2025 4:14:02,1.16.3,PRexp,14,3.83,nan,15,Left,Left,9831,397,539,13,nan,nan,0.42
9/23/2025 4:14:04,1.16.3,PRexp,14,3.83,nan,15,Left,Left,9832,397,539,13,nan,nan,0.04
9/23/2025 4:14:05,1.16.3,PRexp,14,3.83,nan,15,Left,Left,9833,397,539,13,nan,nan,0.15
9/23/2025 4:14:10,1.16.3,PRexp,14,3.83,nan,15,Left,Left,9834,397,539,13,nan,nan,0.82
9/23/2025 4:18:33,1.16.3,PRexp,14,3.83,nan,15,Left,Left,9835,397,539,13,nan,nan,1.25
9/23/2025 4:18:36,1.16.3,PRexp,14,3.83,nan,15,Left,Left,9836,397,539,13,nan,nan,0.12
9/23/2025 4:18:37,1.16.3,PRexp,14,3.83,1,15,Pellet,Left,9836,397,540,14,0.49,1707,nan
9/23/2025 4:27:32,1.16.3,PRexp,14,3.83,nan,17,Left,Left,9837,397,540,14,nan,nan,2.43
9/23/2025 4:27:36,1.16.3,PRexp,14,3.83,nan,17,Left,Left,9838,397,540,14,nan,nan,0.00
9/23/2025 4:27:38,1.16.3,PRexp,14,3.83,nan,17,Left,Left,9839,397,540,14,nan,nan,0.95
9/23/2025 4:27:40,1.16.3,PRexp,14,3.83,nan,17,Left,Left,9840,397,540,14,nan,nan,0.12
9/23/2025 4:27:42,1.16.3,PRexp,14,3.82,nan,17,Left,Left,9841,397,540,14,nan,nan,0.00
9/23/2025 4:27:46,1.16.3,PRexp,14,3.83,nan,17,Left,Left,9842,397,540,14,nan,nan,0.77
9/23/2025 4:27:46,1.16.3,PRexp,14,3.83,nan,17,Left,Left,9843,397,540,14,nan,nan,0.00
9/23/2025 4:27:48,1.16.3,PRexp,14,3.83,nan,17,Left,Left,9844,397,540,14,nan,nan,0.50
9/23/2025 4:27:49,1.16.3,PRexp,14,3.83,nan,17,Left,Left,9845,397,540,14,nan,nan,0.00
9/23/2025 4:27:52,1.16.3,PRexp,14,3.83,nan,17,Left,Left,9846,397,540,14,nan,nan,0.75
9/23/2025 4:27:58,1.16.3,PRexp,14,3.83,nan,17,Left,Left,9847,397,540,14,nan,nan,3.73
9/23/2025 4:28:00,1.16.3,PRexp,14,3.83,nan,17,Left,Left,9848,397,540,14,nan,nan,0.03
9/23/2025 4:28:04,1.16.3,PRexp,14,3.83,nan,17,Left,Left,9849,397,540,14,nan,nan,1.07
9/23/2025 4:28:18,1.16.3,PRexp,14,3.83,nan,17,Left,Left,9850,397,540,14,nan,nan,4.12
9/23/2025 4:28:20,1.16.3,PRexp,14,3.83,nan,17,Left,Left,9851,397,540,14,nan,nan,0.00
9/23/2025 4:28:26,1.16.3,PRexp,14,3.83,nan,17,Left,Left,9852,397,540,14,nan,nan,5.34
9/23/2025 4:28:30,1.16.3,PRexp,14,3.83,nan,17,Left,Left,9853,397,540,14,nan,nan,0.10
9/23/2025 4:28:33,1.16.3,PRexp,14,3.83,1,17,Pellet,Left,9853,397,541,15,2.63,596,nan
9/23/2025 4:31:41,1.16.3,PRexp,14,3.82,nan,20,Left,Left,9854,397,541,15,nan,nan,4.23
9/23/2025 4:32:34,1.16.3,PRexp,14,3.82,nan,20,Left,Left,9855,397,541,15,nan,nan,0.08
9/23/2025 4:35:58,1.16.3,PRexp,14,3.83,nan,20,Left,Left,9856,397,541,15,nan,nan,0.06
9/23/2025 4:36:12,1.16.3,PRexp,14,3.83,nan,20,Left,Left,9857,397,541,15,nan,nan,9.38
9/23/2025 4:36:16,1.16.3,PRexp,14,3.83,nan,20,Left,Left,9858,397,541,15,nan,nan,0.11
9/23/2025 4:36:17,1.16.3,PRexp,14,3.83,nan,20,Left,Left,9859,397,541,15,nan,nan,0.26
9/23/2025 4:36:19,1.16.3,PRexp,14,3.83,nan,20,Left,Left,9860,397,541,15,nan,nan,0.27
9/23/2025 4:36:20,1.16.3,PRexp,14,3.83,nan,20,Left,Left,9861,397,541,15,nan,nan,0.04
9/23/2025 4:36:26,1.16.3,PRexp,14,3.83,nan,20,Left,Left,9862,397,541,15,nan,nan,1.97
9/23/2025 4:36:27,1.16.3,PRexp,14,3.83,nan,20,Left,Left,9863,397,541,15,nan,nan,0.00
9/23/2025 4:36:29,1.16.3,PRexp,14,3.83,nan,20,Left,Left,9864,397,541,15,nan,nan,0.35
9/23/2025 4:48:41,1.16.3,PRexp,14,3.83,nan,20,Left,Left,9865,397,541,15,nan,nan,0.00
9/23/2025 4:48:46,1.16.3,PRexp,14,3.83,nan,20,Left,Left,9866,397,541,15,nan,nan,0.03
9/23/2025 4:48:51,1.16.3,PRexp,14,3.83,nan,20,Left,Left,9867,397,541,15,nan,nan,0.01
9/23/2025 4:48:53,1.16.3,PRexp,14,3.83,nan,20,Left,Left,9868,397,541,15,nan,nan,0.56
9/23/2025 4:48:54,1.16.3,PRexp,14,3.82,nan,20,Left,Left,9869,397,541,15,nan,nan,0.08
9/23/2025 4:48:54,1.16.3,PRexp,14,3.83,nan,20,Left,Left,9870,397,541,15,nan,nan,0.00
9/23/2025 4:48:55,1.16.3,PRexp,14,3.83,nan,20,Left,Left,9871,397,541,15,nan,nan,0.00
9/23/2025 4:49:00,1.16.3,PRexp,14,3.83,nan,20,Left,Left,9872,397,541,15,nan,nan,0.13
9/23/2025 4:49:03,1.16.3,PRexp,14,3.83,nan,20,Left,Left,9873,397,541,15,nan,nan,0.00
9/23/2025 4:49:23,1.16.3,PRexp,14,3.83,3,20,Pellet,Left,9873,397,542,16,15.74,1250,nan
9/23/2025 4:49:54,1.16.3,PRexp,14,3.83,nan,22,Left,Left,9874,397,542,16,nan,nan,0.03
9/23/2025 4:50:22,1.16.3,PRexp,14,3.83,nan,22,Left,Left,9875,397,542,16,nan,nan,1.61
9/23/2025 4:50:25,1.16.3,PRexp,14,3.83,nan,22,Left,Left,9876,397,542,16,nan,nan,0.08
9/23/2025 4:53:01,1.16.3,PRexp,14,3.83,nan,22,Left,Left,9877,397,542,16,nan,nan,0.06
9/23/2025 4:53:06,1.16.3,PRexp,14,3.83,nan,22,Left,Left,9878,397,542,16,nan,nan,0.58
9/23/2025 4:53:08,1.16.3,PRexp,14,3.83,nan,22,Left,Left,9879,397,542,16,nan,nan,0.72
9/23/2025 4:53:16,1.16.3,PRexp,14,3.83,nan,22,Left,Left,9880,397,542,16,nan,nan,0.39
9/23/2025 4:53:18,1.16.3,PRexp,14,3.83,nan,22,Left,Left,9881,397,542,16,nan,nan,0.02
9/23/2025 4:53:20,1.16.3,PRexp,14,3.83,nan,22,Left,Left,9882,397,542,16,nan,nan,0.34
9/23/2025 4:53:22,1.16.3,PRexp,14,3.83,nan,22,Left,Left,9883,397,542,16,nan,nan,0.07
9/23/2025 4:53:25,1.16.3,PRexp,14,3.83,nan,22,Left,Left,9884,397,542,16,nan,nan,0.04
9/23/2025 4:53:27,1.16.3,PRexp,14,3.83,nan,22,Left,Left,9885,397,542,16,nan,nan,0.03
9/23/2025 4:53:27,1.16.3,PRexp,14,3.83,nan,22,Left,Left,9886,397,542,16,nan,nan,0.00
9/23/2025 4:53:29,1.16.3,PRexp,14,3.83,nan,22,Left,Left,9887,397,542,16,nan,nan,0.00
9/23/2025 4:53:31,1.16.3,PRexp,14,3.83,nan,22,Left,Left,9888,397,542,16,nan,nan,0.02
9/23/2025 4:53:32,1.16.3,PRexp,14,3.83,nan,22,Left,Left,9889,397,542,16,nan,nan,0.00
9/23/2025 4:54:45,1.16.3,PRexp,14,3.83,nan,22,Left,Left,9890,397,542,16,nan,nan,0.05
9/23/2025 4:54:46,1.16.3,PRexp,14,3.82,nan,22,Left,Left,9891,397,542,16,nan,nan,0.00
9/23/2025 4:54:49,1.16.3,PRexp,14,3.83,nan,22,Left,Left,9892,397,542,16,nan,nan,0.56
9/23/2025 4:54:54,1.16.3,PRexp,14,3.83,nan,22,Left,Left,9893,397,542,16,nan,nan,0.51
9/23/2025 4:54:55,1.16.3,PRexp,14,3.83,nan,22,Left,Left,9894,397,542,16,nan,nan,0.31
9/23/2025 4:54:58,1.16.3,PRexp,14,3.83,nan,22,Left,Left,9895,397,542,16,nan,nan,0.05
9/23/2025 4:54:58,1.16.3,PRexp,14,3.83,nan,22,LeftDuringDispense,Left,9896,397,542,17,nan,nan,0.05
9/23/2025 4:55:03,1.16.3,PRexp,14,3.83,2,22,Pellet,Left,9896,397,543,17,1.90,340,nan
9/23/2025 4:55:39,1.16.3,PRexp,14,3.83,nan,25,Left,Left,9897,397,543,17,nan,nan,0.28
9/23/2025 4:55:40,1.16.3,PRexp,14,3.83,nan,25,Left,Left,9898,397,543,17,nan,nan,0.08
9/23/2025 4:55:43,1.16.3,PRexp,14,3.82,nan,25,Left,Left,9899,397,543,17,nan,nan,1.01
9/23/2025 4:55:46,1.16.3,PRexp,14,3.83,nan,25,Left,Left,9900,397,543,17,nan,nan,0.21
9/23/2025 4:55:52,1.16.3,PRexp,14,3.83,nan,25,Left,Left,9901,397,543,17,nan,nan,0.48
9/23/2025 4:55:53,1.16.3,PRexp,14,3.83,nan,25,Left,Left,9902,397,543,17,nan,nan,0.14
9/23/2025 4:55:54,1.16.3,PRexp,14,3.83,nan,25,Left,Left,9903,397,543,17,nan,nan,0.00
9/23/2025 4:55:55,1.16.3,PRexp,14,3.83,nan,25,Left,Left,9904,397,543,17,nan,nan,0.05
9/23/2025 4:55:56,1.16.3,PRexp,14,3.83,nan,25,Left,Left,9905,397,543,17,nan,nan,0.02
9/23/2025 4:55:57,1.16.3,PRexp,14,3.83,nan,25,Left,Left,9906,397,543,17,nan,nan,0.12
9/23/2025 4:55:58,1.16.3,PRexp,14,3.83,nan,25,Left,Left,9907,397,543,17,nan,nan,0.16
9/23/2025 4:56:00,1.16.3,PRexp,14,3.83,nan,25,Left,Left,9908,397,543,17,nan,nan,0.02
9/23/2025 4:57:21,1.16.3,PRexp,14,3.83,nan,25,Left,Left,9909,397,543,17,nan,nan,0.07
9/23/2025 5:00:38,1.16.3,PRexp,14,3.82,nan,25,Left,Left,9910,397,543,17,nan,nan,0.62
9/23/2025 5:00:42,1.16.3,PRexp,14,3.83,nan,25,Left,Left,9911,397,543,17,nan,nan,0.01
9/23/2025 5:00:47,1.16.3,PRexp,14,3.83,nan,25,Left,Left,9912,397,543,17,nan,nan,0.26
9/23/2025 5:00:52,1.16.3,PRexp,14,3.83,nan,25,Left,Left,9913,397,543,17,nan,nan,0.03
9/23/2025 5:00:53,1.16.3,PRexp,14,3.83,nan,25,Left,Left,9914,397,543,17,nan,nan,0.00
9/23/2025 5:00:54,1.16.3,PRexp,14,3.83,nan,25,Left,Left,9915,397,543,17,nan,nan,0.18
9/23/2025 5:00:55,1.16.3,PRexp,14,3.83,nan,25,Left,Left,9916,397,543,17,nan,nan,0.00
9/23/2025 5:00:57,1.16.3,PRexp,14,3.83,nan,25,Left,Left,9917,397,543,17,nan,nan,0.44
9/23/2025 5:00:58,1.16.3,PRexp,14,3.83,nan,25,Left,Left,9918,397,543,17,nan,nan,0.00
9/23/2025 5:00:58,1.16.3,PRexp,14,3.83,nan,25,Left,Left,9919,397,543,17,nan,nan,0.00
9/23/2025 5:01:00,1.16.3,PRexp,14,3.83,nan,25,Left,Left,9920,397,543,17,nan,nan,0.00
9/23/2025 5:01:01,1.16.3,PRexp,14,3.83,nan,25,Left,Left,9921,397,543,17,nan,nan,0.51
9/23/2025 5:01:03,1.16.3,PRexp,14,3.83,1,25,Pellet,Left,9921,397,544,18,0.36,359,nan
9/23/2025 5:01:41,1.16.3,PRexp,14,3.83,nan,28,Left,Left,9922,397,544,18,nan,nan,0.04
9/23/2025 5:01:45,1.16.3,PRexp,14,3.82,nan,28,Left,Left,9923,397,544,18,nan,nan,0.02
9/23/2025 5:01:56,1.16.3,PRexp,14,3.83,nan,28,Left,Left,9924,397,544,18,nan,nan,0.54
9/23/2025 5:01:58,1.16.3,PRexp,14,3.83,nan,28,Left,Left,9925,397,544,18,nan,nan,0.38
9/23/2025 5:02:02,1.16.3,PRexp,14,3.83,nan,28,Left,Left,9926,397,544,18,nan,nan,0.16
9/23/2025 5:02:06,1.16.3,PRexp,14,3.83,nan,28,Left,Left,9927,397,544,18,nan,nan,0.36
9/23/2025 5:02:13,1.16.3,PRexp,14,3.83,nan,28,Left,Left,9928,397,544,18,nan,nan,0.00
9/23/2025 5:02:14,1.16.3,PRexp,14,3.83,nan,28,Left,Left,9929,397,544,18,nan,nan,0.31
9/23/2025 5:02:16,1.16.3,PRexp,14,3.83,nan,28,Left,Left,9930,397,544,18,nan,nan,0.16
9/23/2025 5:02:17,1.16.3,PRexp,14,3.83,nan,28,Left,Left,9931,397,544,18,nan,nan,0.16
9/23/2025 5:02:24,1.16.3,PRexp,14,3.82,nan,28,Left,Left,9932,397,544,18,nan,nan,1.28
9/23/2025 5:02:25,1.16.3,PRexp,14,3.83,nan,28,Left,Left,9933,397,544,18,nan,nan,0.29
9/23/2025 5:30:08,1.16.3,PRexp,14,3.83,nan,28,Left,Left,9934,397,544,18,nan,nan,0.04
9/23/2025 5:30:11,1.16.3,PRexp,14,3.83,nan,28,Left,Left,9935,397,544,18,nan,nan,0.04
9/23/2025 5:30:12,1.16.3,PRexp,14,3.83,nan,28,Left,Left,9936,397,544,18,nan,nan,0.02
9/23/2025 5:30:13,1.16.3,PRexp,14,3.82,nan,28,Left,Left,9937,397,544,18,nan,nan,0.00
9/23/2025 5:30:16,1.16.3,PRexp,14,3.83,nan,28,Left,Left,9938,397,544,18,nan,nan,0.02
9/23/2025 5:30:20,1.16.3,PRexp,14,3.83,nan,28,Left,Left,9939,397,544,18,nan,nan,0.42
9/23/2025 5:30:22,1.16.3,PRexp,14,3.82,nan,28,Left,Left,9940,397,544,18,nan,nan,0.43
9/23/2025 5:30:24,1.16.3,PRexp,14,3.82,nan,28,Left,Left,9941,397,544,18,nan,nan,0.34
9/23/2025 5:30:25,1.16.3,PRexp,14,3.82,nan,28,Left,Left,9942,397,544,18,nan,nan,0.28
9/23/2025 5:30:26,1.16.3,PRexp,14,3.83,nan,28,Left,Left,9943,397,544,18,nan,nan,0.00
9/23/2025 5:30:30,1.16.3,PRexp,14,3.83,nan,28,Left,Left,9944,397,544,18,nan,nan,0.44
9/23/2025 5:30:33,1.16.3,PRexp,14,3.83,nan,28,Left,Left,9945,397,544,18,nan,nan,0.87
9/23/2025 5:30:36,1.16.3,PRexp,14,3.83,nan,28,Left,Left,9946,397,544,18,nan,nan,0.10
9/23/2025 5:30:38,1.16.3,PRexp,14,3.83,nan,28,Left,Left,9947,397,544,18,nan,nan,0.56
9/23/2025 5:30:39,1.16.3,PRexp,14,3.82,nan,28,Left,Left,9948,397,544,18,nan,nan,0.00
9/23/2025 5:30:41,1.16.3,PRexp,14,3.83,nan,28,Left,Left,9949,397,544,18,nan,nan,0.15
9/23/2025 5:30:43,1.16.3,PRexp,14,3.83,1,28,Pellet,Left,9949,397,545,19,1.28,1781,nan
9/23/2025 5:31:09,1.16.3,PRexp,14,3.83,nan,32,Left,Left,9950,397,545,19,nan,nan,0.05
9/23/2025 5:31:42,1.16.3,PRexp,14,3.82,nan,32,Left,Left,9951,397,545,19,nan,nan,0.75
9/23/2025 5:31:46,1.16.3,PRexp,14,3.83,nan,32,Left,Left,9952,397,545,19,nan,nan,0.13
9/23/2025 5:31:47,1.16.3,PRexp,14,3.83,nan,32,Left,Left,9953,397,545,19,nan,nan,0.00
9/23/2025 5:31:49,1.16.3,PRexp,14,3.83,nan,32,Left,Left,9954,397,545,19,nan,nan,0.21
9/23/2025 5:31:51,1.16.3,PRexp,14,3.82,nan,32,Left,Left,9955,397,545,19,nan,nan,0.97
9/23/2025 5:31:52,1.16.3,PRexp,14,3.83,nan,32,Left,Left,9956,397,545,19,nan,nan,0.05
9/23/2025 5:31:54,1.16.3,PRexp,14,3.83,nan,32,Left,Left,9957,397,545,19,nan,nan,0.36
9/23/2025 5:32:00,1.16.3,PRexp,14,3.82,nan,32,Left,Left,9958,397,545,19,nan,nan,0.01
9/23/2025 5:32:01,1.16.3,PRexp,14,3.83,nan,32,Left,Left,9959,397,545,19,nan,nan,0.02
9/23/2025 5:32:08,1.16.3,PRexp,14,3.83,nan,32,Left,Left,9960,397,545,19,nan,nan,0.06
9/23/2025 5:32:10,1.16.3,PRexp,14,3.82,nan,32,Left,Left,9961,397,545,19,nan,nan,0.09
9/23/2025 5:32:12,1.16.3,PRexp,14,3.83,nan,32,Left,Left,9962,397,545,19,nan,nan,0.12
9/23/2025 5:32:13,1.16.3,PRexp,14,3.83,nan,32,Left,Left,9963,397,545,19,nan,nan,0.06
9/23/2025 5:32:14,1.16.3,PRexp,14,3.83,nan,32,Left,Left,9964,397,545,19,nan,nan,0.13
9/23/2025 5:32:16,1.16.3,PRexp,14,3.83,nan,32,Left,Left,9965,397,545,19,nan,nan,0.38
9/23/2025 5:32:19,1.16.3,PRexp,14,3.83,nan,32,Left,Left,9966,397,545,19,nan,nan,0.03
9/23/2025 5:32:23,1.16.3,PRexp,14,3.83,nan,32,Left,Left,9967,397,545,19,nan,nan,0.20
9/23/2025 5:32:29,1.16.3,PRexp,14,3.83,nan,32,Left,Left,9968,397,545,19,nan,nan,0.02
9/23/2025 5:32:30,1.16.3,PRexp,14,3.82,nan,32,Left,Left,9969,397,545,19,nan,nan,0.03
9/23/2025 5:32:31,1.16.3,PRexp,14,3.83,nan,32,Left,Left,9970,397,545,19,nan,nan,0.00
9/23/2025 5:52:45,1.16.3,PRexp,14,3.83,nan,32,Left,Left,9971,397,545,19,nan,nan,0.09
9/23/2025 5:52:53,1.16.3,PRexp,14,3.82,nan,32,Left,Left,9972,397,545,19,nan,nan,0.03
9/23/2025 5:52:55,1.16.3,PRexp,14,3.82,nan,32,Left,Left,9973,397,545,19,nan,nan,0.15
9/23/2025 5:52:58,1.16.3,PRexp,14,3.83,nan,32,Left,Left,9974,397,545,19,nan,nan,0.62
9/23/2025 5:53:00,1.16.3,PRexp,14,3.82,nan,32,Left,Left,9975,397,545,19,nan,nan,0.54
9/23/2025 5:53:00,1.16.3,PRexp,14,3.82,nan,32,Left,Left,9976,397,545,19,nan,nan,0.08
9/23/2025 5:53:07,1.16.3,PRexp,14,3.82,nan,32,Left,Left,9977,397,545,19,nan,nan,0.51
9/23/2025 5:53:12,1.16.3,PRexp,14,3.82,nan,32,Left,Left,9978,397,545,19,nan,nan,0.73
9/23/2025 5:53:15,1.16.3,PRexp,14,3.83,nan,32,Left,Left,9979,397,545,19,nan,nan,0.55
9/23/2025 5:53:22,1.16.3,PRexp,14,3.82,nan,32,Left,Left,9980,397,545,19,nan,nan,0.08
9/23/2025 5:54:23,1.16.3,PRexp,14,3.82,nan,32,Left,Left,9981,397,545,19,nan,nan,0.02
9/23/2025 5:54:24,1.16.3,PRexp,14,3.82,nan,32,LeftDuringDispense,Left,9982,397,545,20,nan,nan,0.10
9/23/2025 5:54:28,1.16.3,PRexp,14,3.83,2,32,Pellet,Left,9982,397,546,20,0.79,1424,nan
9/23/2025 5:56:20,1.16.3,PRexp,14,3.83,nan,36,Left,Left,9983,397,546,20,nan,nan,0.04
9/23/2025 5:56:24,1.16.3,PRexp,14,3.83,nan,36,Left,Left,9984,397,546,20,nan,nan,0.09
9/23/2025 5:56:25,1.16.3,PRexp,14,3.83,nan,36,Left,Left,9985,397,546,20,nan,nan,0.00
9/23/2025 5:56:26,1.16.3,PRexp,14,3.83,nan,36,Left,Left,9986,397,546,20,nan,nan,0.34
9/23/2025 5:56:30,1.16.3,PRexp,14,3.83,nan,36,Left,Left,9987,397,546,20,nan,nan,0.35
9/23/2025 5:56:33,1.16.3,PRexp,14,3.83,nan,36,Left,Left,9988,397,546,20,nan,nan,0.06
9/23/2025 5:56:40,1.16.3,PRexp,14,3.83,nan,36,Left,Left,9989,397,546,20,nan,nan,0.02
9/23/2025 5:56:42,1.16.3,PRexp,14,3.82,nan,36,Left,Left,9990,397,546,20,nan,nan,0.11
9/23/2025 5:56:46,1.16.3,PRexp,14,3.83,nan,36,Left,Left,9991,397,546,20,nan,nan,0.15
9/23/2025 5:56:55,1.16.3,PRexp,14,3.83,nan,36,Left,Left,9992,397,546,20,nan,nan,0.38
9/23/2025 5:56:57,1.16.3,PRexp,14,3.83,nan,36,Left,Left,9993,397,546,20,nan,nan,0.03
9/23/2025 5:56:59,1.16.3,PRexp,14,3.82,nan,36,Left,Left,9994,397,546,20,nan,nan,0.35
9/23/2025 5:57:00,1.16.3,PRexp,14,3.83,nan,36,Left,Left,9995,397,546,20,nan,nan,0.04
9/23/2025 5:57:01,1.16.3,PRexp,14,3.82,nan,36,Left,Left,9996,397,546,20,nan,nan,0.34
9/23/2025 5:57:02,1.16.3,PRexp,14,3.83,nan,36,Left,Left,9997,397,546,20,nan,nan,0.00
9/23/2025 5:57:03,1.16.3,PRexp,14,3.83,nan,36,Left,Left,9998,397,546,20,nan,nan,0.17
9/23/2025 5:57:07,1.16.3,PRexp,14,3.83,nan,36,Left,Left,9999,397,546,20,nan,nan,0.06
9/23/2025 5:57:10,1.16.3,PRexp,14,3.82,nan,36,Left,Left,10000,397,546,20,nan,nan,0.50
9/23/2025 5:57:11,1.16.3,PRexp,14,3.82,nan,36,Left,Left,10001,397,546,20,nan,nan,0.12
9/23/2025 5:57:14,1.16.3,PRexp,14,3.83,nan,36,Left,Left,10002,397,546,20,nan,nan,0.19
9/23/2025 5:57:16,1.16.3,PRexp,14,3.82,nan,36,Left,Left,10003,397,546,20,nan,nan,0.06
9/23/2025 5:57:18,1.16.3,PRexp,14,3.83,nan,36,Left,Left,10004,397,546,20,nan,nan,0.44
9/23/2025 5:57:20,1.16.3,PRexp,14,3.83,nan,36,Left,Left,10005,397,546,20,nan,nan,0.10
9/23/2025 5:57:22,1.16.3,PRexp,14,3.83,nan,36,Left,Left,10006,397,546,20,nan,nan,0.16
9/23/2025 5:57:23,1.16.3,PRexp,14,3.82,nan,36,Left,Left,10007,397,546,20,nan,nan,0.00
9/23/2025 5:57:27,1.16.3,PRexp,14,3.82,nan,36,Left,Left,10008,397,546,20,nan,nan,0.95
9/23/2025 5:57:36,1.16.3,PRexp,14,3.83,nan,36,Left,Left,10009,397,546,20,nan,nan,0.19
9/23/2025 5:57:38,1.16.3,PRexp,14,3.82,nan,36,Left,Left,10010,397,546,20,nan,nan,1.37
9/23/2025 5:57:42,1.16.3,PRexp,14,3.82,nan,36,Left,Left,10011,397,546,20,nan,nan,0.11
9/23/2025 5:57:46,1.16.3,PRexp,14,3.82,nan,36,Left,Left,10012,397,546,20,nan,nan,0.01
9/23/2025 5:57:47,1.16.3,PRexp,14,3.83,nan,36,Left,Left,10013,397,546,20,nan,nan,0.01
9/23/2025 5:57:48,1.16.3,PRexp,14,3.82,nan,36,Left,Left,10014,397,546,20,nan,nan,0.05
9/23/2025 5:57:56,1.16.3,PRexp,14,3.82,nan,36,Left,Left,10015,397,546,20,nan,nan,0.02
9/23/2025 5:57:58,1.16.3,PRexp,14,3.83,nan,36,Left,Left,10016,397,546,20,nan,nan,0.08
9/23/2025 5:58:00,1.16.3,PRexp,14,3.82,nan,36,Left,Left,10017,397,546,20,nan,nan,0.02
9/23/2025 5:58:02,1.16.3,PRexp,14,3.83,nan,36,Left,Left,10018,397,546,20,nan,nan,0.09
9/23/2025 5:58:17,1.16.3,PRexp,14,3.83,2,36,Pellet,Left,10018,397,547,21,12.42,230,nan
9/23/2025 5:59:52,1.16.3,PRexp,14,3.83,nan,40,Left,Left,10019,397,547,21,nan,nan,0.11
9/23/2025 5:59:55,1.16.3,PRexp,14,3.83,nan,40,Left,Left,10020,397,547,21,nan,nan,0.01
9/23/2025 5:59:58,1.16.3,PRexp,14,3.82,nan,40,Left,Left,10021,397,547,21,nan,nan,0.01
9/23/2025 6:00:00,1.16.3,PRexp,14,3.82,nan,40,Left,Left,10022,397,547,21,nan,nan,0.02
9/23/2025 6:00:03,1.16.3,PRexp,14,3.83,nan,40,Left,Left,10023,397,547,21,nan,nan,0.30
9/23/2025 6:00:16,1.16.3,PRexp,14,3.83,nan,40,Left,Left,10024,397,547,21,nan,nan,0.21
9/23/2025 6:00:21,1.16.3,PRexp,14,3.83,nan,40,Left,Left,10025,397,547,21,nan,nan,0.16
9/23/2025 6:00:23,1.16.3,PRexp,14,3.82,nan,40,Left,Left,10026,397,547,21,nan,nan,0.54
9/23/2025 6:00:23,1.16.3,PRexp,14,3.82,nan,40,Left,Left,10027,397,547,21,nan,nan,0.13
9/23/2025 6:00:28,1.16.3,PRexp,14,3.83,nan,40,Left,Left,10028,397,547,21,nan,nan,0.76
9/23/2025 6:00:30,1.16.3,PRexp,14,3.82,nan,40,Left,Left,10029,397,547,21,nan,nan,0.73
9/23/2025 6:00:31,1.16.3,PRexp,14,3.83,nan,40,Left,Left,10030,397,547,21,nan,nan,0.40
9/23/2025 6:00:32,1.16.3,PRexp,14,3.83,nan,40,Left,Left,10031,397,547,21,nan,nan,0.00
9/23/2025 6:00:42,1.16.3,PRexp,14,3.82,nan,40,Left,Left,10032,397,547,21,nan,nan,0.29
9/23/2025 6:00:43,1.16.3,PRexp,14,3.83,nan,40,Left,Left,10033,397,547,21,nan,nan,0.05
9/23/2025 6:18:19,1.16.3,PRexp,14,3.83,nan,40,Left,Left,10034,397,547,21,nan,nan,0.19
9/23/2025 6:18:21,1.16.3,PRexp,14,3.83,nan,40,Left,Left,10035,397,547,21,nan,nan,0.78
9/23/2025 6:18:22,1.16.3,PRexp,14,3.83,nan,40,Left,Left,10036,397,547,21,nan,nan,0.00
9/23/2025 6:18:23,1.16.3,PRexp,14,3.82,nan,40,Left,Left,10037,397,547,21,nan,nan,0.18
9/23/2025 6:18:25,1.16.3,PRexp,14,3.82,nan,40,Left,Left,10038,397,547,21,nan,nan,0.76
9/23/2025 6:18:27,1.16.3,PRexp,14,3.83,nan,40,Left,Left,10039,397,547,21,nan,nan,0.46
9/23/2025 6:18:31,1.16.3,PRexp,14,3.82,nan,40,Left,Left,10040,397,547,21,nan,nan,0.49
9/23/2025 6:18:35,1.16.3,PRexp,14,3.82,nan,40,Left,Left,10041,397,547,21,nan,nan,0.07
9/23/2025 6:18:37,1.16.3,PRexp,14,3.83,nan,40,Left,Left,10042,397,547,21,nan,nan,0.81
9/23/2025 6:18:38,1.16.3,PRexp,14,3.82,nan,40,Left,Left,10043,397,547,21,nan,nan,0.00
9/23/2025 6:18:40,1.16.3,PRexp,14,3.83,nan,40,Left,Left,10044,397,547,21,nan,nan,0.32
9/23/2025 6:18:41,1.16.3,PRexp,14,3.82,nan,40,Left,Left,10045,397,547,21,nan,nan,0.39
9/23/2025 6:18:45,1.16.3,PRexp,14,3.83,nan,40,Left,Left,10046,397,547,21,nan,nan,0.08
9/23/2025 6:18:47,1.16.3,PRexp,14,3.82,nan,40,Left,Left,10047,397,547,21,nan,nan,0.73
9/23/2025 6:18:51,1.16.3,PRexp,14,3.83,nan,40,Left,Left,10048,397,547,21,nan,nan,0.01
9/23/2025 6:18:55,1.16.3,PRexp,14,3.83,nan,40,Left,Left,10049,397,547,21,nan,nan,0.25
9/23/2025 6:18:58,1.16.3,PRexp,14,3.83,nan,40,Left,Left,10050,397,547,21,nan,nan,0.03
9/23/2025 6:19:00,1.16.3,PRexp,14,3.83,nan,40,Left,Left,10051,397,547,21,nan,nan,0.04
9/23/2025 6:19:04,1.16.3,PRexp,14,3.83,nan,40,Left,Left,10052,397,547,21,nan,nan,0.27
9/23/2025 6:19:08,1.16.3,PRexp,14,3.82,nan,40,Left,Left,10053,397,547,21,nan,nan,0.11
9/23/2025 6:19:10,1.16.3,PRexp,14,3.82,nan,40,Left,Left,10054,397,547,21,nan,nan,0.14
9/23/2025 6:19:11,1.16.3,PRexp,14,3.83,nan,40,Left,Left,10055,397,547,21,nan,nan,0.24
9/23/2025 6:19:13,1.16.3,PRexp,14,3.82,nan,40,Left,Left,10056,397,547,21,nan,nan,0.14
9/23/2025 6:31:05,1.16.3,PRexp,14,3.82,nan,40,Left,Left,10057,397,547,21,nan,nan,0.24
9/23/2025 6:31:07,1.16.3,PRexp,14,3.82,nan,40,Left,Left,10058,397,547,21,nan,nan,0.10
9/23/2025 6:31:09,1.16.3,PRexp,14,3.82,1,40,Pellet,Left,10058,397,548,22,1.10,1972,nan
9/23/2025 6:38:16,1.16.3,PRexp,14,3.82,nan,45,Left,Left,10059,397,548,22,nan,nan,1.22
9/23/2025 6:38:18,1.16.3,PRexp,14,3.82,nan,45,Left,Left,10060,397,548,22,nan,nan,0.36
9/23/2025 6:38:20,1.16.3,PRexp,14,3.83,nan,45,Left,Left,10061,397,548,22,nan,nan,0.68
9/23/2025 6:38:23,1.16.3,PRexp,14,3.83,nan,45,Left,Left,10062,397,548,22,nan,nan,0.62
9/23/2025 6:38:26,1.16.3,PRexp,14,3.83,nan,45,Left,Left,10063,397,548,22,nan,nan,1.12
9/23/2025 6:38:28,1.16.3,PRexp,14,3.83,nan,45,Left,Left,10064,397,548,22,nan,nan,0.24
9/23/2025 6:38:33,1.16.3,PRexp,14,3.82,nan,45,Left,Left,10065,397,548,22,nan,nan,0.25
9/23/2025 6:38:34,1.16.3,PRexp,14,3.83,nan,45,Left,Left,10066,397,548,22,nan,nan,0.02
9/23/2025 6:38:37,1.16.3,PRexp,14,3.83,nan,45,Left,Left,10067,397,548,22,nan,nan,0.38
9/23/2025 6:38:39,1.16.3,PRexp,14,3.82,nan,45,Left,Left,10068,397,548,22,nan,nan,0.06
9/23/2025 6:38:41,1.16.3,PRexp,14,3.83,nan,45,Left,Left,10069,397,548,22,nan,nan,0.63
9/23/2025 6:38:44,1.16.3,PRexp,14,3.82,nan,45,Left,Left,10070,397,548,22,nan,nan,0.24
9/23/2025 6:38:46,1.16.3,PRexp,14,3.82,nan,45,Left,Left,10071,397,548,22,nan,nan,0.03
9/23/2025 6:38:47,1.16.3,PRexp,14,3.82,nan,45,Left,Left,10072,397,548,22,nan,nan,0.00
9/23/2025 6:38:48,1.16.3,PRexp,14,3.83,nan,45,Left,Left,10073,397,548,22,nan,nan,0.02
9/23/2025 6:38:49,1.16.3,PRexp,14,3.82,nan,45,Left,Left,10074,397,548,22,nan,nan,0.02
9/23/2025 6:38:50,1.16.3,PRexp,14,3.83,nan,45,Left,Left,10075,397,548,22,nan,nan,0.00
9/23/2025 6:38:52,1.16.3,PRexp,14,3.83,nan,45,Left,Left,10076,397,548,22,nan,nan,0.60
9/23/2025 6:38:55,1.16.3,PRexp,14,3.83,nan,45,Left,Left,10077,397,548,22,nan,nan,0.52
9/23/2025 6:39:03,1.16.3,PRexp,14,3.83,nan,45,Left,Left,10078,397,548,22,nan,nan,0.69
9/23/2025 6:39:05,1.16.3,PRexp,14,3.82,nan,45,Left,Left,10079,397,548,22,nan,nan,0.01
9/23/2025 6:39:08,1.16.3,PRexp,14,3.82,nan,45,Left,Left,10080,397,548,22,nan,nan,0.03
9/23/2025 6:39:13,1.16.3,PRexp,14,3.82,nan,45,Left,Left,10081,397,548,22,nan,nan,0.09
9/23/2025 6:39:14,1.16.3,PRexp,14,3.82,nan,45,Left,Left,10082,397,548,22,nan,nan,0.00
9/23/2025 6:39:23,1.16.3,PRexp,14,3.82,nan,45,Left,Left,10083,397,548,22,nan,nan,1.06
9/23/2025 6:39:23,1.16.3,PRexp,14,3.82,nan,45,Left,Left,10084,397,548,22,nan,nan,0.02
9/23/2025 6:39:32,1.16.3,PRexp,14,3.82,nan,45,Left,Left,10085,397,548,22,nan,nan,2.29
9/23/2025 6:39:36,1.16.3,PRexp,14,3.82,nan,45,Left,Left,10086,397,548,22,nan,nan,0.12
9/23/2025 6:39:39,1.16.3,PRexp,14,3.83,nan,45,Left,Left,10087,397,548,22,nan,nan,0.00
9/23/2025 6:39:40,1.16.3,PRexp,14,3.82,nan,45,Left,Left,10088,397,548,22,nan,nan,0.00
9/23/2025 6:39:44,1.16.3,PRexp,14,3.83,nan,45,Left,Left,10089,397,548,22,nan,nan,0.79
9/23/2025 6:39:49,1.16.3,PRexp,14,3.83,nan,45,Left,Left,10090,397,548,22,nan,nan,0.21
9/23/2025 6:40:01,1.16.3,PRexp,14,3.83,nan,45,Left,Left,10091,397,548,22,nan,nan,0.16
9/23/2025 6:54:39,1.16.3,PRexp,14,3.83,nan,45,Left,Left,10092,397,548,22,nan,nan,0.03
9/23/2025 6:54:46,1.16.3,PRexp,14,3.82,nan,45,Left,Left,10093,397,548,22,nan,nan,0.32
9/23/2025 6:54:47,1.16.3,PRexp,14,3.83,nan,45,Left,Left,10094,397,548,22,nan,nan,0.00
9/23/2025 6:54:53,1.16.3,PRexp,14,3.83,nan,45,Left,Left,10095,397,548,22,nan,nan,0.07
9/23/2025 6:54:56,1.16.3,PRexp,14,3.82,nan,45,Left,Left,10096,397,548,22,nan,nan,0.26
9/23/2025 6:54:57,1.16.3,PRexp,14,3.82,nan,45,Left,Left,10097,397,548,22,nan,nan,0.26
9/23/2025 6:54:59,1.16.3,PRexp,14,3.82,nan,45,Left,Left,10098,397,548,22,nan,nan,0.06
9/23/2025 6:55:00,1.16.3,PRexp,14,3.82,nan,45,Left,Left,10099,397,548,22,nan,nan,0.03
9/23/2025 6:55:01,1.16.3,PRexp,14,3.83,nan,45,Left,Left,10100,397,548,22,nan,nan,0.00
9/23/2025 6:55:03,1.16.3,PRexp,14,3.82,nan,45,Left,Left,10101,397,548,22,nan,nan,0.18
9/23/2025 6:55:06,1.16.3,PRexp,14,3.83,nan,45,Left,Left,10102,397,548,22,nan,nan,0.11
9/23/2025 6:55:11,1.16.3,PRexp,14,3.82,nan,45,Left,Left,10103,397,548,22,nan,nan,0.02
9/23/2025 6:55:15,1.16.3,PRexp,14,3.82,2,45,Pellet,Left,10103,397,549,23,0.67,1446,nan
9/23/2025 7:00:16,1.16.3,PRexp,14,3.82,nan,50,Left,Left,10104,397,549,23,nan,nan,0.04
9/23/2025 7:00:17,1.16.3,PRexp,14,3.82,nan,50,Left,Left,10105,397,549,23,nan,nan,0.00
9/23/2025 7:00:20,1.16.3,PRexp,14,3.82,nan,50,Left,Left,10106,397,549,23,nan,nan,0.02
9/23/2025 7:00:25,1.16.3,PRexp,14,3.83,nan,50,Left,Left,10107,397,549,23,nan,nan,0.08
9/23/2025 7:00:28,1.16.3,PRexp,14,3.83,nan,50,Left,Left,10108,397,549,23,nan,nan,0.36
9/23/2025 7:00:29,1.16.3,PRexp,14,3.82,nan,50,Left,Left,10109,397,549,23,nan,nan,0.05
9/23/2025 7:00:32,1.16.3,PRexp,14,3.83,nan,50,Left,Left,10110,397,549,23,nan,nan,0.94
9/23/2025 7:00:36,1.16.3,PRexp,14,3.82,nan,50,Left,Left,10111,397,549,23,nan,nan,2.80
9/23/2025 7:00:39,1.16.3,PRexp,14,3.83,nan,50,Left,Left,10112,397,549,23,nan,nan,0.15
9/23/2025 7:00:39,1.16.3,PRexp,14,3.82,nan,50,Left,Left,10113,397,549,23,nan,nan,0.00
9/23/2025 7:04:41,1.16.3,PRexp,14,3.83,nan,50,Left,Left,10114,397,549,23,nan,nan,0.81
9/23/2025 7:04:42,1.16.3,PRexp,14,3.83,nan,50,Left,Left,10115,397,549,23,nan,nan,0.51
9/23/2025 7:04:50,1.16.3,PRexp,14,3.83,nan,50,Left,Left,10116,397,549,23,nan,nan,0.81
9/23/2025 7:04:53,1.16.3,PRexp,14,3.83,nan,50,Left,Left,10117,397,549,23,nan,nan,0.08
9/23/2025 7:04:55,1.16.3,PRexp,14,3.83,nan,50,Left,Left,10118,397,549,23,nan,nan,0.02
9/23/2025 7:04:56,1.16.3,PRexp,14,3.82,nan,50,Left,Left,10119,397,549,23,nan,nan,0.00
9/23/2025 7:09:14,1.16.3,PRexp,14,3.82,nan,50,Left,Left,10120,397,549,23,nan,nan,0.20
9/23/2025 7:09:16,1.16.3,PRexp,14,3.83,nan,50,Left,Left,10121,397,549,23,nan,nan,0.72
9/23/2025 7:09:18,1.16.3,PRexp,14,3.82,nan,50,Left,Left,10122,397,549,23,nan,nan,0.52
9/23/2025 7:09:19,1.16.3,PRexp,14,3.82,nan,50,Left,Left,10123,397,549,23,nan,nan,0.02
9/23/2025 7:09:19,1.16.3,PRexp,14,3.83,nan,50,Left,Left,10124,397,549,23,nan,nan,0.01
9/23/2025 7:09:20,1.16.3,PRexp,14,3.82,nan,50,Left,Left,10125,397,549,23,nan,nan,0.02
9/23/2025 7:09:21,1.16.3,PRexp,14,3.82,nan,50,Left,Left,10126,397,549,23,nan,nan,0.04
9/23/2025 7:09:25,1.16.3,PRexp,14,3.82,nan,50,Left,Left,10127,397,549,23,nan,nan,0.31
9/23/2025 7:09:28,1.16.3,PRexp,14,3.83,nan,50,Left,Left,10128,397,549,23,nan,nan,0.57
9/23/2025 7:09:30,1.16.3,PRexp,14,3.82,nan,50,Left,Left,10129,397,549,23,nan,nan,0.11
9/23/2025 7:09:32,1.16.3,PRexp,14,3.83,nan,50,Left,Left,10130,397,549,23,nan,nan,0.02
9/23/2025 7:09:33,1.16.3,PRexp,14,3.83,nan,50,Left,Left,10131,397,549,23,nan,nan,0.00
9/23/2025 7:09:35,1.16.3,PRexp,14,3.82,nan,50,Left,Left,10132,397,549,23,nan,nan,0.39
9/23/2025 7:25:59,1.16.3,PRexp,14,3.82,nan,50,Left,Left,10133,397,549,23,nan,nan,0.01
9/23/2025 7:26:01,1.16.3,PRexp,14,3.83,nan,50,Left,Left,10134,397,549,23,nan,nan,0.15
9/23/2025 7:26:03,1.16.3,PRexp,14,3.82,nan,50,Left,Left,10135,397,549,23,nan,nan,0.12
9/23/2025 7:26:03,1.16.3,PRexp,14,3.82,nan,50,Left,Left,10136,397,549,23,nan,nan,0.22
9/23/2025 7:26:13,1.16.3,PRexp,14,3.82,nan,50,Left,Left,10137,397,549,23,nan,nan,0.02
9/23/2025 7:26:19,1.16.3,PRexp,14,3.82,nan,50,Left,Left,10138,397,549,23,nan,nan,0.43
9/23/2025 7:26:21,1.16.3,PRexp,14,3.82,nan,50,Left,Left,10139,397,549,23,nan,nan,0.11
9/23/2025 7:26:26,1.16.3,PRexp,14,3.82,nan,50,Left,Left,10140,397,549,23,nan,nan,0.26
9/23/2025 7:51:45,1.16.3,PRexp,14,3.82,nan,50,Left,Left,10141,397,549,23,nan,nan,0.08
9/23/2025 7:51:48,1.16.3,PRexp,14,3.82,nan,50,Left,Left,10142,397,549,23,nan,nan,0.71
9/23/2025 7:51:50,1.16.3,PRexp,14,3.82,nan,50,Left,Left,10143,397,549,23,nan,nan,0.35
9/23/2025 7:51:51,1.16.3,PRexp,14,3.82,nan,50,Left,Left,10144,397,549,23,nan,nan,0.06
9/23/2025 7:51:52,1.16.3,PRexp,14,3.82,nan,50,Left,Left,10145,397,549,23,nan,nan,0.00
9/23/2025 7:51:54,1.16.3,PRexp,14,3.82,nan,50,Left,Left,10146,397,549,23,nan,nan,0.00
9/23/2025 7:51:55,1.16.3,PRexp,14,3.83,nan,50,Left,Left,10147,397,549,23,nan,nan,0.14
9/23/2025 7:51:58,1.16.3,PRexp,14,3.82,nan,50,Left,Left,10148,397,549,23,nan,nan,0.16
9/23/2025 7:51:59,1.16.3,PRexp,14,3.82,nan,50,Left,Left,10149,397,549,23,nan,nan,0.07
9/23/2025 7:52:01,1.16.3,PRexp,14,3.82,nan,50,Left,Left,10150,397,549,23,nan,nan,0.07
9/23/2025 7:52:02,1.16.3,PRexp,14,3.82,nan,50,Left,Left,10151,397,549,23,nan,nan,0.03
9/23/2025 7:52:05,1.16.3,PRexp,14,3.82,nan,50,Left,Left,10152,397,549,23,nan,nan,0.52
9/23/2025 7:52:08,1.16.3,PRexp,14,3.83,nan,50,Left,Left,10153,397,549,23,nan,nan,0.76
9/23/2025 7:52:10,1.16.3,PRexp,14,3.82,1,50,Pellet,Left,10153,397,550,24,0.67,3414,nan
9/23/2025 7:53:56,1.16.3,PRexp,14,3.82,nan,56,Left,Left,10154,397,550,24,nan,nan,0.04
9/23/2025 7:54:02,1.16.3,PRexp,14,3.82,nan,56,Left,Left,10155,397,550,24,nan,nan,0.14
9/23/2025 7:54:05,1.16.3,PRexp,14,3.82,nan,56,Left,Left,10156,397,550,24,nan,nan,1.28
9/23/2025 7:54:07,1.16.3,PRexp,14,3.83,nan,56,Left,Left,10157,397,550,24,nan,nan,0.00
9/23/2025 7:54:08,1.16.3,PRexp,14,3.83,nan,56,Left,Left,10158,397,550,24,nan,nan,0.16
9/23/2025 7:54:10,1.16.3,PRexp,14,3.82,nan,56,Left,Left,10159,397,550,24,nan,nan,0.53
9/23/2025 7:54:13,1.16.3,PRexp,14,3.83,nan,56,Left,Left,10160,397,550,24,nan,nan,0.48
9/23/2025 7:54:15,1.16.3,PRexp,14,3.82,nan,56,Left,Left,10161,397,550,24,nan,nan,0.16
9/23/2025 7:54:16,1.16.3,PRexp,14,3.82,nan,56,Left,Left,10162,397,550,24,nan,nan,0.46
9/23/2025 7:54:17,1.16.3,PRexp,14,3.82,nan,56,Left,Left,10163,397,550,24,nan,nan,0.00
9/23/2025 7:54:23,1.16.3,PRexp,14,3.82,nan,56,Left,Left,10164,397,550,24,nan,nan,0.04
9/23/2025 7:54:35,1.16.3,PRexp,14,3.82,nan,56,Left,Left,10165,397,550,24,nan,nan,0.03
9/23/2025 7:54:38,1.16.3,PRexp,14,3.82,nan,56,Left,Left,10166,397,550,24,nan,nan,0.08
9/23/2025 7:54:43,1.16.3,PRexp,14,3.82,nan,56,Left,Left,10167,397,550,24,nan,nan,0.04
9/23/2025 7:54:52,1.16.3,PRexp,14,3.82,nan,56,Left,Left,10168,397,550,24,nan,nan,0.06
9/23/2025 7:54:54,1.16.3,PRexp,14,3.82,nan,56,Left,Left,10169,397,550,24,nan,nan,0.02
9/23/2025 7:54:56,1.16.3,PRexp,14,3.82,nan,56,Left,Left,10170,397,550,24,nan,nan,0.09
9/23/2025 7:55:02,1.16.3,PRexp,14,3.83,nan,56,Left,Left,10171,397,550,24,nan,nan,0.12
9/23/2025 7:55:06,1.16.3,PRexp,14,3.82,nan,56,Left,Left,10172,397,550,24,nan,nan,0.04
9/23/2025 7:55:09,1.16.3,PRexp,14,3.82,nan,56,Left,Left,10173,397,550,24,nan,nan,1.09
9/23/2025 7:55:11,1.16.3,PRexp,14,3.82,nan,56,Left,Left,10174,397,550,24,nan,nan,0.04
9/23/2025 7:55:19,1.16.3,PRexp,14,3.82,nan,56,Left,Left,10175,397,550,24,nan,nan,0.10
9/23/2025 7:55:20,1.16.3,PRexp,14,3.82,nan,56,Left,Left,10176,397,550,24,nan,nan,0.00
9/23/2025 7:55:23,1.16.3,PRexp,14,3.82,nan,56,Left,Left,10177,397,550,24,nan,nan,0.25
9/23/2025 7:55:30,1.16.3,PRexp,14,3.82,nan,56,Left,Left,10178,397,550,24,nan,nan,0.01
9/23/2025 7:55:52,1.16.3,PRexp,14,3.82,nan,56,Left,Left,10179,397,550,24,nan,nan,0.73
9/23/2025 7:55:59,1.16.3,PRexp,14,3.83,nan,56,Left,Left,10180,397,550,24,nan,nan,0.04
9/23/2025 7:56:14,1.16.3,PRexp,14,3.83,nan,56,Left,Left,10181,397,550,24,nan,nan,0.14
9/23/2025 7:58:34,1.16.3,PRexp,14,3.83,nan,56,Left,Left,10182,397,550,24,nan,nan,0.06
9/23/2025 8:00:58,1.16.3,PRexp,14,3.82,nan,56,Left,Left,10183,397,550,24,nan,nan,0.44
9/23/2025 8:01:00,1.16.3,PRexp,14,3.82,nan,56,Left,Left,10184,397,550,24,nan,nan,0.90
9/23/2025 8:01:01,1.16.3,PRexp,14,3.82,nan,56,Left,Left,10185,397,550,24,nan,nan,0.01
9/23/2025 8:40:17,1.16.3,PRexp,14,3.82,nan,1,Left,Left,10186,397,550,0,nan,nan,1.18
9/23/2025 8:40:19,1.16.3,PRexp,14,3.82,1,1,Pellet,Left,10186,397,551,1,0.98,2890,nan
9/23/2025 8:41:48,1.16.3,PRexp,14,3.82,nan,1,Left,Left,10187,397,551,1,nan,nan,0.02
9/23/2025 8:41:49,1.16.3,PRexp,14,3.82,nan,1,LeftDuringDispense,Left,10188,397,551,2,nan,nan,0.02
9/23/2025 8:41:52,1.16.3,PRexp,14,3.82,2,1,Pellet,Left,10188,397,552,2,0.42,93,nan
9/23/2025 8:43:03,1.16.3,PRexp,14,3.82,nan,2,Left,Left,10189,397,552,2,nan,nan,0.06
9/23/2025 8:43:04,1.16.3,PRexp,14,3.82,nan,2,Left,Left,10190,397,552,2,nan,nan,0.05
9/23/2025 8:43:05,1.16.3,PRexp,14,3.82,1,2,Pellet,Left,10190,397,553,3,0.36,73,nan
9/23/2025 8:46:29,1.16.3,PRexp,14,3.82,nan,2,Left,Left,10191,397,553,3,nan,nan,0.25
9/23/2025 8:46:31,1.16.3,PRexp,14,3.82,nan,2,Left,Left,10192,397,553,3,nan,nan,0.34
9/23/2025 8:46:33,1.16.3,PRexp,14,3.82,1,2,Pellet,Left,10192,397,554,4,0.67,208,nan
9/23/2025 8:47:52,1.16.3,PRexp,14,3.82,nan,3,Left,Left,10193,397,554,4,nan,nan,0.05
9/23/2025 8:47:53,1.16.3,PRexp,14,3.82,nan,3,Left,Left,10194,397,554,4,nan,nan,1.12
9/23/2025 8:48:02,1.16.3,PRexp,14,3.82,nan,3,Left,Left,10195,397,554,4,nan,nan,0.09
9/23/2025 8:48:03,1.16.3,PRexp,14,3.82,1,3,Pellet,Left,10195,397,555,5,0.30,90,nan
9/23/2025 8:48:50,1.16.3,PRexp,14,3.82,nan,4,Left,Left,10196,397,555,5,nan,nan,0.04
9/23/2025 8:48:54,1.16.3,PRexp,14,3.82,nan,4,Left,Left,10197,397,555,5,nan,nan,1.39
9/23/2025 8:48:59,1.16.3,PRexp,14,3.82,nan,4,Left,Left,10198,397,555,5,nan,nan,0.06
9/23/2025 8:49:00,1.16.3,PRexp,14,3.83,nan,4,Left,Left,10199,397,555,5,nan,nan,0.02
9/23/2025 8:49:01,1.16.3,PRexp,14,3.82,nan,4,LeftDuringDispense,Left,10200,397,555,6,nan,nan,0.08
9/23/2025 8:49:04,1.16.3,PRexp,14,3.82,3,4,Pellet,Left,10200,397,556,6,0.36,61,nan
9/23/2025 8:49:51,1.16.3,PRexp,14,3.82,nan,5,Left,Left,10201,397,556,6,nan,nan,0.02
9/23/2025 8:49:54,1.16.3,PRexp,14,3.82,nan,5,Left,Left,10202,397,556,6,nan,nan,0.40
9/23/2025 8:49:56,1.16.3,PRexp,14,3.82,nan,5,Left,Left,10203,397,556,6,nan,nan,0.07
9/23/2025 8:49:59,1.16.3,PRexp,14,3.82,nan,5,Left,Left,10204,397,556,6,nan,nan,0.22
9/23/2025 8:50:01,1.16.3,PRexp,14,3.82,nan,5,Left,Left,10205,397,556,6,nan,nan,0.64
9/23/2025 8:50:01,1.16.3,PRexp,14,3.82,nan,5,LeftDuringDispense,Left,10206,397,556,7,nan,nan,0.04
9/23/2025 8:50:04,1.16.3,PRexp,14,3.82,2,5,Pellet,Left,10206,397,557,7,0.06,60,nan
9/23/2025 8:51:06,1.16.3,PRexp,14,3.82,nan,6,Left,Left,10207,397,557,7,nan,nan,0.00
9/23/2025 8:51:07,1.16.3,PRexp,14,3.82,nan,6,Left,Left,10208,397,557,7,nan,nan,0.00
9/23/2025 8:51:08,1.16.3,PRexp,14,3.82,nan,6,Left,Left,10209,397,557,7,nan,nan,0.01
9/23/2025 8:51:12,1.16.3,PRexp,14,3.82,nan,6,Left,Left,10210,397,557,7,nan,nan,0.06
9/23/2025 8:51:13,1.16.3,PRexp,14,3.82,nan,6,Left,Left,10211,397,557,7,nan,nan,0.50
9/23/2025 8:51:14,1.16.3,PRexp,14,3.82,nan,6,Left,Left,10212,397,557,7,nan,nan,0.09
9/23/2025 8:51:15,1.16.3,PRexp,14,3.82,1,6,Pellet,Left,10212,397,558,8,0.24,71,nan
9/23/2025 8:58:11,1.16.3,PRexp,14,3.82,nan,7,Right,Left,10212,398,558,8,nan,nan,0.04
9/23/2025 8:58:14,1.16.3,PRexp,14,3.82,nan,7,Left,Left,10213,398,558,8,nan,nan,0.20
9/23/2025 8:58:15,1.16.3,PRexp,14,3.82,nan,7,Left,Left,10214,398,558,8,nan,nan,0.12
9/23/2025 8:58:17,1.16.3,PRexp,14,3.82,nan,7,Left,Left,10215,398,558,8,nan,nan,0.40
9/23/2025 8:58:17,1.16.3,PRexp,14,3.82,nan,7,Left,Left,10216,398,558,8,nan,nan,0.09
9/23/2025 8:58:18,1.16.3,PRexp,14,3.82,nan,7,Left,Left,10217,398,558,8,nan,nan,0.12
9/23/2025 8:58:20,1.16.3,PRexp,14,3.82,nan,7,Left,Left,10218,398,558,8,nan,nan,0.07
9/23/2025 8:58:21,1.16.3,PRexp,14,3.82,nan,7,Left,Left,10219,398,558,8,nan,nan,0.44
9/23/2025 8:58:23,1.16.3,PRexp,14,3.82,1,7,Pellet,Left,10219,398,559,9,0.49,428,nan
9/23/2025 8:58:56,1.16.3,PRexp,14,3.82,nan,9,Left,Left,10220,398,559,9,nan,nan,0.11
9/23/2025 8:58:58,1.16.3,PRexp,14,3.82,nan,9,Left,Left,10221,398,559,9,nan,nan,0.64
9/23/2025 8:58:59,1.16.3,PRexp,14,3.82,nan,9,Left,Left,10222,398,559,9,nan,nan,0.10
9/23/2025 8:59:01,1.16.3,PRexp,14,3.82,nan,9,Left,Left,10223,398,559,9,nan,nan,0.13
9/23/2025 8:59:03,1.16.3,PRexp,14,3.82,nan,9,Left,Left,10224,398,559,9,nan,nan,0.03
9/23/2025 8:59:04,1.16.3,PRexp,14,3.82,nan,9,Left,Left,10225,398,559,9,nan,nan,0.13
9/23/2025 8:59:07,1.16.3,PRexp,14,3.82,nan,9,Left,Left,10226,398,559,9,nan,nan,0.41
9/23/2025 8:59:18,1.16.3,PRexp,14,3.82,nan,9,Left,Left,10227,398,559,9,nan,nan,0.05
9/23/2025 8:59:23,1.16.3,PRexp,14,3.82,nan,9,Left,Left,10228,398,559,9,nan,nan,0.31
9/23/2025 8:59:24,1.16.3,PRexp,14,3.82,nan,9,LeftDuringDispense,Left,10229,398,559,10,nan,nan,0.04
9/23/2025 8:59:44,1.16.3,PRexp,14,3.82,3,9,Pellet,Left,10229,398,560,10,14.71,81,nan
9/23/2025 9:00:24,1.16.3,PRexp,14,3.82,nan,10,Left,Left,10230,398,560,10,nan,nan,0.08
9/23/2025 9:00:26,1.16.3,PRexp,14,3.82,nan,10,Left,Left,10231,398,560,10,nan,nan,0.02
9/23/2025 9:00:32,1.16.3,PRexp,14,3.82,nan,10,Left,Left,10232,398,560,10,nan,nan,0.00
9/23/2025 9:00:33,1.16.3,PRexp,14,3.82,nan,10,Left,Left,10233,398,560,10,nan,nan,0.05
9/23/2025 9:00:39,1.16.3,PRexp,14,3.82,nan,10,Left,Left,10234,398,560,10,nan,nan,0.41
9/23/2025 9:00:40,1.16.3,PRexp,14,3.82,nan,10,Left,Left,10235,398,560,10,nan,nan,0.00
9/23/2025 9:00:41,1.16.3,PRexp,14,3.82,nan,10,Left,Left,10236,398,560,10,nan,nan,0.21
9/23/2025 9:00:43,1.16.3,PRexp,14,3.83,nan,10,Left,Left,10237,398,560,10,nan,nan,0.43
9/23/2025 9:00:45,1.16.3,PRexp,14,3.82,nan,10,Left,Left,10238,398,560,10,nan,nan,0.23
9/23/2025 9:00:50,1.16.3,PRexp,14,3.82,nan,10,Left,Left,10239,398,560,10,nan,nan,0.05
9/23/2025 9:00:51,1.16.3,PRexp,14,3.82,1,10,Pellet,Left,10239,398,561,11,0.24,67,nan
9/23/2025 9:02:00,1.16.3,PRexp,14,3.82,nan,12,Right,Left,10239,399,561,11,nan,nan,0.24
9/23/2025 9:03:46,1.16.3,PRexp,14,3.82,nan,12,Right,Left,10239,400,561,11,nan,nan,0.09
9/23/2025 9:03:47,1.16.3,PRexp,14,3.82,nan,12,Right,Left,10239,401,561,11,nan,nan,0.02
9/23/2025 9:03:49,1.16.3,PRexp,14,3.82,nan,12,Right,Left,10239,402,561,11,nan,nan,0.31
9/23/2025 9:10:25,1.16.3,PRexp,14,3.82,nan,12,Left,Left,10240,402,561,11,nan,nan,0.10
9/23/2025 9:10:30,1.16.3,PRexp,14,3.82,nan,12,Left,Left,10241,402,561,11,nan,nan,0.05
9/23/2025 9:10:32,1.16.3,PRexp,14,3.82,nan,12,Left,Left,10242,402,561,11,nan,nan,0.36
9/23/2025 9:10:33,1.16.3,PRexp,14,3.82,nan,12,Left,Left,10243,402,561,11,nan,nan,0.36
9/23/2025 9:10:41,1.16.3,PRexp,14,3.82,nan,12,Left,Left,10244,402,561,11,nan,nan,0.86
9/23/2025 9:10:43,1.16.3,PRexp,14,3.82,nan,12,Left,Left,10245,402,561,11,nan,nan,0.31
9/23/2025 9:10:46,1.16.3,PRexp,14,3.82,nan,12,Left,Left,10246,402,561,11,nan,nan,0.34
9/23/2025 9:10:48,1.16.3,PRexp,14,3.82,nan,12,Left,Left,10247,402,561,11,nan,nan,0.50
9/23/2025 9:10:51,1.16.3,PRexp,14,3.82,nan,12,Left,Left,10248,402,561,11,nan,nan,0.02
9/23/2025 9:10:55,1.16.3,PRexp,14,3.82,nan,12,Left,Left,10249,402,561,11,nan,nan,0.12
9/23/2025 9:10:57,1.16.3,PRexp,14,3.82,nan,12,Left,Left,10250,402,561,11,nan,nan,0.12
9/23/2025 9:10:58,1.16.3,PRexp,14,3.82,nan,12,Left,Left,10251,402,561,11,nan,nan,0.00
9/23/2025 9:10:59,1.16.3,PRexp,14,3.82,1,12,Pellet,Left,10251,402,562,12,0.30,608,nan
9/23/2025 9:12:54,1.16.3,PRexp,14,3.82,nan,13,Left,Left,10252,402,562,12,nan,nan,0.09
9/23/2025 9:13:48,1.16.3,PRexp,14,3.82,nan,13,Left,Left,10253,402,562,12,nan,nan,0.12
9/23/2025 9:13:51,1.16.3,PRexp,14,3.82,nan,13,Left,Left,10254,402,562,12,nan,nan,0.55
9/23/2025 9:13:54,1.16.3,PRexp,14,3.82,nan,13,Left,Left,10255,402,562,12,nan,nan,0.60
9/23/2025 9:13:56,1.16.3,PRexp,14,3.82,nan,13,Left,Left,10256,402,562,12,nan,nan,0.03
9/23/2025 9:13:57,1.16.3,PRexp,14,3.82,nan,13,Left,Left,10257,402,562,12,nan,nan,0.42
9/23/2025 9:14:00,1.16.3,PRexp,14,3.82,nan,13,Left,Left,10258,402,562,12,nan,nan,0.23
9/23/2025 9:14:01,1.16.3,PRexp,14,3.82,nan,13,Left,Left,10259,402,562,12,nan,nan,0.37
9/23/2025 9:14:04,1.16.3,PRexp,14,3.82,nan,13,Left,Left,10260,402,562,12,nan,nan,0.24
9/23/2025 9:18:58,1.16.3,PRexp,14,3.82,nan,13,Left,Left,10261,402,562,12,nan,nan,0.04
9/23/2025 9:18:59,1.16.3,PRexp,14,3.82,nan,13,Left,Left,10262,402,562,12,nan,nan,0.00
9/23/2025 9:19:02,1.16.3,PRexp,14,3.82,nan,13,Left,Left,10263,402,562,12,nan,nan,0.04
9/23/2025 9:19:04,1.16.3,PRexp,14,3.82,nan,13,Left,Left,10264,402,562,12,nan,nan,0.19
9/23/2025 9:19:22,1.16.3,PRexp,14,3.82,4,13,Pellet,Left,10264,402,563,13,10.82,503,nan
9/23/2025 9:47:02,1.16.3,PRexp,14,3.82,nan,15,Left,Left,10265,402,563,13,nan,nan,0.56
9/23/2025 9:47:03,1.16.3,PRexp,14,3.82,nan,15,Left,Left,10266,402,563,13,nan,nan,0.02
9/23/2025 9:47:06,1.16.3,PRexp,14,3.82,nan,15,Left,Left,10267,402,563,13,nan,nan,0.53
9/23/2025 9:47:13,1.16.3,PRexp,14,3.82,nan,15,Left,Left,10268,402,563,13,nan,nan,2.49
9/23/2025 9:47:15,1.16.3,PRexp,14,3.82,nan,15,Left,Left,10269,402,563,13,nan,nan,1.19
9/23/2025 9:47:18,1.16.3,PRexp,14,3.82,nan,15,Left,Left,10270,402,563,13,nan,nan,0.60
9/23/2025 9:47:24,1.16.3,PRexp,14,3.82,nan,15,Left,Left,10271,402,563,13,nan,nan,0.00
9/23/2025 9:47:30,1.16.3,PRexp,14,3.82,nan,15,Left,Left,10272,402,563,13,nan,nan,0.03
9/23/2025 9:47:32,1.16.3,PRexp,14,3.82,nan,15,Left,Left,10273,402,563,13,nan,nan,0.01
9/23/2025 9:47:37,1.16.3,PRexp,14,3.82,nan,15,Left,Left,10274,402,563,13,nan,nan,0.91
9/23/2025 9:47:41,1.16.3,PRexp,14,3.82,nan,15,Left,Left,10275,402,563,13,nan,nan,0.02
9/23/2025 9:47:42,1.16.3,PRexp,14,3.82,nan,15,Left,Left,10276,402,563,13,nan,nan,0.59
9/23/2025 9:47:44,1.16.3,PRexp,14,3.82,nan,15,Left,Left,10277,402,563,13,nan,nan,0.39
9/23/2025 9:47:45,1.16.3,PRexp,14,3.82,nan,15,Left,Left,10278,402,563,13,nan,nan,0.37
9/23/2025 9:47:47,1.16.3,PRexp,14,3.82,nan,15,Left,Left,10279,402,563,13,nan,nan,0.45
9/23/2025 9:47:48,1.16.3,PRexp,14,3.82,1,15,Pellet,Left,10279,402,564,14,0.30,1706,nan
9/23/2025 10:13:51,1.16.3,PRexp,14,3.82,nan,17,Left,Left,10280,402,564,14,nan,nan,0.80
9/23/2025 10:13:52,1.16.3,PRexp,14,3.82,nan,17,Left,Left,10281,402,564,14,nan,nan,0.03
9/23/2025 10:13:53,1.16.3,PRexp,14,3.82,nan,17,Left,Left,10282,402,564,14,nan,nan,0.12
9/23/2025 10:13:55,1.16.3,PRexp,14,3.82,nan,17,Left,Left,10283,402,564,14,nan,nan,0.16
9/23/2025 10:13:57,1.16.3,PRexp,14,3.82,nan,17,Left,Left,10284,402,564,14,nan,nan,0.17
9/23/2025 10:14:09,1.16.3,PRexp,14,3.82,nan,17,Left,Left,10285,402,564,14,nan,nan,0.27
9/23/2025 10:14:10,1.16.3,PRexp,14,3.82,nan,17,Left,Left,10286,402,564,14,nan,nan,0.06
9/23/2025 10:14:11,1.16.3,PRexp,14,3.82,nan,17,Left,Left,10287,402,564,14,nan,nan,0.02
9/23/2025 10:14:16,1.16.3,PRexp,14,3.82,nan,17,Left,Left,10288,402,564,14,nan,nan,0.42
9/23/2025 10:14:18,1.16.3,PRexp,14,3.82,nan,17,Left,Left,10289,402,564,14,nan,nan,0.16
9/23/2025 10:14:20,1.16.3,PRexp,14,3.82,nan,17,Left,Left,10290,402,564,14,nan,nan,0.37
9/23/2025 10:14:23,1.16.3,PRexp,14,3.82,nan,17,Left,Left,10291,402,564,14,nan,nan,0.20
9/23/2025 10:14:24,1.16.3,PRexp,14,3.82,nan,17,Left,Left,10292,402,564,14,nan,nan,0.35
9/23/2025 10:14:26,1.16.3,PRexp,14,3.82,nan,17,Left,Left,10293,402,564,14,nan,nan,0.21
9/23/2025 10:14:29,1.16.3,PRexp,14,3.82,nan,17,Left,Left,10294,402,564,14,nan,nan,0.05
9/23/2025 10:14:30,1.16.3,PRexp,14,3.82,nan,17,Left,Left,10295,402,564,14,nan,nan,0.07
9/23/2025 10:14:31,1.16.3,PRexp,14,3.82,nan,17,Left,Left,10296,402,564,14,nan,nan,0.11
9/23/2025 10:14:32,1.16.3,PRexp,14,3.82,nan,17,LeftDuringDispense,Left,10297,402,564,15,nan,nan,0.04
9/23/2025 10:14:35,1.16.3,PRexp,14,3.82,3,17,Pellet,Left,10297,402,565,15,0.55,1607,nan
9/23/2025 10:16:10,1.16.3,PRexp,14,3.82,nan,20,Left,Left,10298,402,565,15,nan,nan,0.05
9/23/2025 10:16:12,1.16.3,PRexp,14,3.82,nan,20,Left,Left,10299,402,565,15,nan,nan,0.05
9/23/2025 10:16:14,1.16.3,PRexp,14,3.82,nan,20,Left,Left,10300,402,565,15,nan,nan,0.00
9/23/2025 10:16:16,1.16.3,PRexp,14,3.82,nan,20,Left,Left,10301,402,565,15,nan,nan,0.03
9/23/2025 10:16:21,1.16.3,PRexp,14,3.82,nan,20,Left,Left,10302,402,565,15,nan,nan,1.01
9/23/2025 10:16:22,1.16.3,PRexp,14,3.82,nan,20,Left,Left,10303,402,565,15,nan,nan,0.15
9/23/2025 10:16:24,1.16.3,PRexp,14,3.82,nan,20,Left,Left,10304,402,565,15,nan,nan,0.15
9/23/2025 10:16:29,1.16.3,PRexp,14,3.82,nan,20,Left,Left,10305,402,565,15,nan,nan,0.07
9/23/2025 10:16:43,1.16.3,PRexp,14,3.82,nan,20,Left,Left,10306,402,565,15,nan,nan,0.02
9/23/2025 10:16:49,1.16.3,PRexp,14,3.82,nan,20,Left,Left,10307,402,565,15,nan,nan,0.00
9/23/2025 10:25:41,1.16.3,PRexp,14,3.82,nan,20,Left,Left,10308,402,565,15,nan,nan,0.05
9/23/2025 10:38:47,1.16.3,PRexp,14,3.82,nan,20,Left,Left,10309,402,565,15,nan,nan,0.73
9/23/2025 10:38:50,1.16.3,PRexp,14,3.82,nan,20,Left,Left,10310,402,565,15,nan,nan,0.00
9/23/2025 10:38:51,1.16.3,PRexp,14,3.82,nan,20,Left,Left,10311,402,565,15,nan,nan,0.47
9/23/2025 10:38:52,1.16.3,PRexp,14,3.82,nan,20,Left,Left,10312,402,565,15,nan,nan,0.00
9/23/2025 10:38:53,1.16.3,PRexp,14,3.82,nan,20,Left,Left,10313,402,565,15,nan,nan,0.05
9/23/2025 10:38:56,1.16.3,PRexp,14,3.82,nan,20,Left,Left,10314,402,565,15,nan,nan,0.70
9/23/2025 10:38:57,1.16.3,PRexp,14,3.82,nan,20,Left,Left,10315,402,565,15,nan,nan,0.52
9/23/2025 10:38:59,1.16.3,PRexp,14,3.82,nan,20,Left,Left,10316,402,565,15,nan,nan,0.00
9/23/2025 10:39:00,1.16.3,PRexp,14,3.82,nan,20,Left,Left,10317,402,565,15,nan,nan,0.00
9/23/2025 10:39:03,1.16.3,PRexp,14,3.82,2,20,Pellet,Left,10317,402,566,16,0.42,1468,nan
9/23/2025 10:40:47,1.16.3,PRexp,14,3.82,nan,22,Left,Left,10318,402,566,16,nan,nan,0.57
9/23/2025 10:40:51,1.16.3,PRexp,14,3.82,nan,22,Left,Left,10319,402,566,16,nan,nan,1.51
9/23/2025 10:40:53,1.16.3,PRexp,14,3.82,nan,22,Left,Left,10320,402,566,16,nan,nan,0.11
9/23/2025 10:40:57,1.16.3,PRexp,14,3.82,nan,22,Left,Left,10321,402,566,16,nan,nan,0.09
9/23/2025 10:40:58,1.16.3,PRexp,14,3.82,nan,22,Left,Left,10322,402,566,16,nan,nan,0.13
9/23/2025 10:41:17,1.16.3,PRexp,14,3.82,nan,22,Left,Left,10323,402,566,16,nan,nan,0.08
9/23/2025 10:41:26,1.16.3,PRexp,14,3.82,nan,22,Left,Left,10324,402,566,16,nan,nan,0.10
9/23/2025 10:41:30,1.16.3,PRexp,14,3.82,nan,22,Left,Left,10325,402,566,16,nan,nan,2.48
9/23/2025 10:41:33,1.16.3,PRexp,14,3.82,nan,22,Left,Left,10326,402,566,16,nan,nan,0.89
9/23/2025 10:41:38,1.16.3,PRexp,14,3.82,nan,22,Left,Left,10327,402,566,16,nan,nan,0.05
9/23/2025 10:41:40,1.16.3,PRexp,14,3.82,nan,22,Left,Left,10328,402,566,16,nan,nan,1.10
9/23/2025 10:41:44,1.16.3,PRexp,14,3.82,nan,22,Left,Left,10329,402,566,16,nan,nan,0.35
9/23/2025 10:41:47,1.16.3,PRexp,14,3.82,nan,22,Left,Left,10330,402,566,16,nan,nan,1.19
9/23/2025 10:41:48,1.16.3,PRexp,14,3.82,nan,22,Left,Left,10331,402,566,16,nan,nan,0.02
9/23/2025 10:41:59,1.16.3,PRexp,14,3.82,nan,22,Left,Left,10332,402,566,16,nan,nan,0.16
9/23/2025 10:42:00,1.16.3,PRexp,14,3.82,nan,22,Left,Left,10333,402,566,16,nan,nan,0.00
9/23/2025 10:42:03,1.16.3,PRexp,14,3.82,nan,22,Left,Left,10334,402,566,16,nan,nan,0.65
9/23/2025 10:42:05,1.16.3,PRexp,14,3.82,nan,22,Left,Left,10335,402,566,16,nan,nan,0.84
9/23/2025 10:42:11,1.16.3,PRexp,14,3.82,nan,22,Left,Left,10336,402,566,16,nan,nan,0.03
9/23/2025 10:42:12,1.16.3,PRexp,14,3.82,nan,22,Left,Left,10337,402,566,16,nan,nan,0.21
9/23/2025 10:42:18,1.16.3,PRexp,14,3.82,nan,22,Left,Left,10338,402,566,16,nan,nan,0.00
9/23/2025 10:47:56,1.16.3,PRexp,14,3.82,nan,22,Left,Left,10339,402,566,16,nan,nan,0.09
9/23/2025 10:47:59,1.16.3,PRexp,14,3.82,2,22,Pellet,Left,10339,402,567,17,0.24,536,nan
9/23/2025 10:49:09,1.16.3,PRexp,14,3.82,nan,25,Left,Left,10340,402,567,17,nan,nan,0.06
9/23/2025 10:49:19,1.16.3,PRexp,14,3.82,nan,25,Left,Left,10341,402,567,17,nan,nan,0.77
9/23/2025 10:49:25,1.16.3,PRexp,14,3.82,nan,25,Left,Left,10342,402,567,17,nan,nan,0.07
9/23/2025 10:49:27,1.16.3,PRexp,14,3.82,nan,25,Left,Left,10343,402,567,17,nan,nan,0.38
9/23/2025 10:49:30,1.16.3,PRexp,14,3.82,nan,25,Left,Left,10344,402,567,17,nan,nan,0.35
9/23/2025 10:51:57,1.16.3,PRexp,14,3.82,nan,25,Left,Left,10345,402,567,17,nan,nan,0.44
9/23/2025 10:52:04,1.16.3,PRexp,14,3.82,nan,25,Left,Left,10346,402,567,17,nan,nan,0.28
9/23/2025 10:52:06,1.16.3,PRexp,14,3.82,nan,25,Left,Left,10347,402,567,17,nan,nan,0.25
9/23/2025 10:52:12,1.16.3,PRexp,14,3.82,nan,25,Left,Left,10348,402,567,17,nan,nan,0.09
9/23/2025 10:52:15,1.16.3,PRexp,14,3.82,nan,25,Left,Left,10349,402,567,17,nan,nan,0.30
9/23/2025 10:52:19,1.16.3,PRexp,14,3.82,nan,25,Left,Left,10350,402,567,17,nan,nan,0.60
9/23/2025 10:52:22,1.16.3,PRexp,14,3.82,nan,25,Left,Left,10351,402,567,17,nan,nan,0.05
9/23/2025 10:55:10,1.16.3,PRexp,14,3.82,nan,25,Right,Left,10351,403,567,17,nan,nan,0.16
9/23/2025 10:56:20,1.16.3,PRexp,14,3.82,nan,25,Left,Left,10352,403,567,17,nan,nan,0.11
9/23/2025 10:56:22,1.16.3,PRexp,14,3.82,nan,25,Left,Left,10353,403,567,17,nan,nan,0.68
9/23/2025 10:56:40,1.16.3,PRexp,14,3.82,nan,25,Left,Left,10354,403,567,17,nan,nan,0.37
9/23/2025 10:56:43,1.16.3,PRexp,14,3.82,nan,25,Left,Left,10355,403,567,17,nan,nan,0.06
9/23/2025 10:56:45,1.16.3,PRexp,14,3.82,nan,25,Left,Left,10356,403,567,17,nan,nan,0.28
9/23/2025 10:56:48,1.16.3,PRexp,14,3.82,nan,25,Left,Left,10357,403,567,17,nan,nan,0.06
9/23/2025 10:56:58,1.16.3,PRexp,14,3.82,nan,25,Left,Left,10358,403,567,17,nan,nan,0.31
9/23/2025 10:57:00,1.16.3,PRexp,14,3.82,nan,25,Left,Left,10359,403,567,17,nan,nan,0.66
9/23/2025 10:57:02,1.16.3,PRexp,14,3.82,nan,25,Left,Left,10360,403,567,17,nan,nan,0.41
9/23/2025 10:57:03,1.16.3,PRexp,14,3.82,nan,25,Left,Left,10361,403,567,17,nan,nan,0.81
9/23/2025 10:57:05,1.16.3,PRexp,14,3.82,nan,25,Left,Left,10362,403,567,17,nan,nan,0.38
9/23/2025 10:57:07,1.16.3,PRexp,14,3.82,nan,25,Left,Left,10363,403,567,17,nan,nan,0.09
9/23/2025 10:57:09,1.16.3,PRexp,14,3.82,nan,25,Left,Left,10364,403,567,17,nan,nan,0.70
9/23/2025 10:57:10,1.16.3,PRexp,14,3.82,1,25,Pellet,Left,10364,403,568,18,0.30,551,nan
9/23/2025 11:17:37,1.16.3,PRexp,14,3.82,nan,28,Left,Left,10365,403,568,18,nan,nan,0.20
9/23/2025 11:17:42,1.16.3,PRexp,14,3.82,nan,28,Left,Left,10366,403,568,18,nan,nan,2.69
9/23/2025 11:17:45,1.16.3,PRexp,14,3.82,nan,28,Left,Left,10367,403,568,18,nan,nan,0.09
9/23/2025 11:17:47,1.16.3,PRexp,14,3.82,nan,28,Left,Left,10368,403,568,18,nan,nan,0.52
9/23/2025 11:17:49,1.16.3,PRexp,14,3.82,nan,28,Left,Left,10369,403,568,18,nan,nan,0.40
9/23/2025 11:17:52,1.16.3,PRexp,14,3.82,nan,28,Left,Left,10370,403,568,18,nan,nan,0.44
9/23/2025 11:17:55,1.16.3,PRexp,14,3.82,nan,28,Left,Left,10371,403,568,18,nan,nan,0.48
9/23/2025 11:17:57,1.16.3,PRexp,14,3.82,nan,28,Left,Left,10372,403,568,18,nan,nan,0.02
9/23/2025 11:17:58,1.16.3,PRexp,14,3.82,nan,28,Left,Left,10373,403,568,18,nan,nan,0.41
9/23/2025 11:18:01,1.16.3,PRexp,14,3.82,nan,28,Left,Left,10374,403,568,18,nan,nan,0.22
9/23/2025 11:18:02,1.16.3,PRexp,14,3.82,nan,28,Left,Left,10375,403,568,18,nan,nan,0.32
9/23/2025 11:18:03,1.16.3,PRexp,14,3.82,nan,28,Left,Left,10376,403,568,18,nan,nan,0.00
9/23/2025 11:18:04,1.16.3,PRexp,14,3.82,nan,28,Left,Left,10377,403,568,18,nan,nan,0.04
9/23/2025 11:18:06,1.16.3,PRexp,14,3.82,nan,28,Left,Left,10378,403,568,18,nan,nan,0.15
9/23/2025 11:18:07,1.16.3,PRexp,14,3.82,nan,28,Left,Left,10379,403,568,18,nan,nan,0.00
9/23/2025 11:18:10,1.16.3,PRexp,14,3.82,nan,28,Left,Left,10380,403,568,18,nan,nan,1.29
9/23/2025 11:18:13,1.16.3,PRexp,14,3.82,nan,28,Left,Left,10381,403,568,18,nan,nan,0.04
9/23/2025 11:18:15,1.16.3,PRexp,14,3.82,nan,28,Left,Left,10382,403,568,18,nan,nan,0.03
9/23/2025 11:18:16,1.16.3,PRexp,14,3.82,nan,28,Left,Left,10383,403,568,18,nan,nan,0.00
9/23/2025 11:18:19,1.16.3,PRexp,14,3.82,nan,28,Left,Left,10384,403,568,18,nan,nan,1.28
9/23/2025 11:18:21,1.16.3,PRexp,14,3.82,nan,28,Left,Left,10385,403,568,18,nan,nan,0.00
9/23/2025 11:18:23,1.16.3,PRexp,14,3.82,nan,28,Left,Left,10386,403,568,18,nan,nan,0.84
9/23/2025 11:18:29,1.16.3,PRexp,14,3.82,nan,28,Left,Left,10387,403,568,18,nan,nan,0.00
9/23/2025 11:18:30,1.16.3,PRexp,14,3.82,nan,28,Left,Left,10388,403,568,18,nan,nan,0.10
9/23/2025 11:18:34,1.16.3,PRexp,14,3.82,nan,28,Left,Left,10389,403,568,18,nan,nan,1.16
9/23/2025 11:18:36,1.16.3,PRexp,14,3.82,nan,28,Left,Left,10390,403,568,18,nan,nan,0.60
9/23/2025 11:18:38,1.16.3,PRexp,14,3.82,nan,28,Left,Left,10391,403,568,18,nan,nan,0.94
9/23/2025 11:18:42,1.16.3,PRexp,14,3.82,nan,28,Left,Left,10392,403,568,18,nan,nan,0.17
9/23/2025 11:18:44,1.16.3,PRexp,14,3.82,1,28,Pellet,Left,10392,403,569,19,1.40,1294,nan
9/23/2025 11:20:08,1.16.3,PRexp,14,3.82,nan,32,Left,Left,10393,403,569,19,nan,nan,0.01
9/23/2025 11:20:08,1.16.3,PRexp,14,3.82,nan,32,Left,Left,10394,403,569,19,nan,nan,0.00
9/23/2025 11:20:12,1.16.3,PRexp,14,3.82,nan,32,Left,Left,10395,403,569,19,nan,nan,0.19
9/23/2025 11:20:19,1.16.3,PRexp,14,3.82,nan,32,Left,Left,10396,403,569,19,nan,nan,0.00
9/23/2025 11:20:24,1.16.3,PRexp,14,3.82,nan,32,Left,Left,10397,403,569,19,nan,nan,0.19
9/23/2025 11:20:34,1.16.3,PRexp,14,3.82,nan,32,Left,Left,10398,403,569,19,nan,nan,0.04
9/23/2025 11:20:35,1.16.3,PRexp,14,3.82,nan,32,Left,Left,10399,403,569,19,nan,nan,0.05
9/23/2025 11:20:44,1.16.3,PRexp,14,3.82,nan,32,Left,Left,10400,403,569,19,nan,nan,0.46
9/23/2025 11:20:49,1.16.3,PRexp,14,3.81,nan,32,Left,Left,10401,403,569,19,nan,nan,0.26
9/23/2025 11:42:00,1.16.3,PRexp,14,3.82,nan,32,Left,Left,10402,403,569,19,nan,nan,0.04
9/23/2025 11:42:02,1.16.3,PRexp,14,3.82,nan,32,Left,Left,10403,403,569,19,nan,nan,0.77
9/23/2025 11:42:04,1.16.3,PRexp,14,3.82,nan,32,Left,Left,10404,403,569,19,nan,nan,0.63
9/23/2025 11:42:05,1.16.3,PRexp,14,3.82,nan,32,Left,Left,10405,403,569,19,nan,nan,0.16
9/23/2025 11:42:08,1.16.3,PRexp,14,3.82,nan,32,Left,Left,10406,403,569,19,nan,nan,0.34
9/23/2025 11:42:09,1.16.3,PRexp,14,3.82,nan,32,Left,Left,10407,403,569,19,nan,nan,0.13
9/23/2025 11:42:12,1.16.3,PRexp,14,3.82,nan,32,Left,Left,10408,403,569,19,nan,nan,0.45
9/23/2025 11:42:14,1.16.3,PRexp,14,3.82,nan,32,Left,Left,10409,403,569,19,nan,nan,0.78
9/23/2025 11:42:16,1.16.3,PRexp,14,3.82,nan,32,Left,Left,10410,403,569,19,nan,nan,0.07
9/23/2025 11:42:21,1.16.3,PRexp,14,3.82,nan,32,Left,Left,10411,403,569,19,nan,nan,0.58
9/23/2025 11:42:23,1.16.3,PRexp,14,3.82,nan,32,Left,Left,10412,403,569,19,nan,nan,0.24
9/23/2025 11:42:27,1.16.3,PRexp,14,3.82,nan,32,Left,Left,10413,403,569,19,nan,nan,0.05
9/23/2025 11:42:30,1.16.3,PRexp,14,3.82,nan,32,Left,Left,10414,403,569,19,nan,nan,0.24
9/23/2025 11:42:33,1.16.3,PRexp,14,3.82,nan,32,Left,Left,10415,403,569,19,nan,nan,0.05
9/23/2025 11:42:34,1.16.3,PRexp,14,3.82,nan,32,Left,Left,10416,403,569,19,nan,nan,0.00
9/23/2025 11:42:37,1.16.3,PRexp,14,3.82,nan,32,Left,Left,10417,403,569,19,nan,nan,0.46
9/23/2025 11:42:43,1.16.3,PRexp,14,3.82,nan,32,Left,Left,10418,403,569,19,nan,nan,0.18
9/23/2025 11:42:44,1.16.3,PRexp,14,3.82,nan,32,Left,Left,10419,403,569,19,nan,nan,0.02
9/23/2025 11:42:47,1.16.3,PRexp,14,3.82,nan,32,Left,Left,10420,403,569,19,nan,nan,0.10
9/23/2025 11:42:54,1.16.3,PRexp,14,3.81,nan,32,Left,Left,10421,403,569,19,nan,nan,0.13
9/23/2025 11:42:54,1.16.3,PRexp,14,3.82,nan,32,Left,Left,10422,403,569,19,nan,nan,0.06
9/23/2025 11:42:58,1.16.3,PRexp,14,3.82,nan,32,Left,Left,10423,403,569,19,nan,nan,0.40
9/23/2025 11:43:12,1.16.3,PRexp,14,3.82,nan,32,Left,Left,10424,403,569,19,nan,nan,0.04
9/23/2025 11:43:13,1.16.3,PRexp,14,3.82,nan,32,LeftDuringDispense,Left,10425,403,569,20,nan,nan,0.08
9/23/2025 11:43:17,1.16.3,PRexp,14,3.82,2,32,Pellet,Left,10425,403,570,20,1.04,1472,nan
9/23/2025 11:45:20,1.16.3,PRexp,14,3.82,nan,36,Left,Left,10426,403,570,20,nan,nan,0.49
9/23/2025 11:45:25,1.16.3,PRexp,14,3.82,nan,36,Left,Left,10427,403,570,20,nan,nan,1.35
9/23/2025 11:45:27,1.16.3,PRexp,14,3.82,nan,36,Left,Left,10428,403,570,20,nan,nan,0.00
9/23/2025 11:45:28,1.16.3,PRexp,14,3.82,nan,36,Left,Left,10429,403,570,20,nan,nan,0.00
9/23/2025 11:45:30,1.16.3,PRexp,14,3.82,nan,36,Left,Left,10430,403,570,20,nan,nan,0.50
9/23/2025 11:45:32,1.16.3,PRexp,14,3.82,nan,36,Left,Left,10431,403,570,20,nan,nan,0.22
9/23/2025 11:45:46,1.16.3,PRexp,14,3.82,nan,36,Left,Left,10432,403,570,20,nan,nan,0.07
9/23/2025 11:45:49,1.16.3,PRexp,14,3.82,nan,36,Left,Left,10433,403,570,20,nan,nan,0.07
9/23/2025 11:45:51,1.16.3,PRexp,14,3.82,nan,36,Left,Left,10434,403,570,20,nan,nan,0.03
9/23/2025 11:45:53,1.16.3,PRexp,14,3.82,nan,36,Left,Left,10435,403,570,20,nan,nan,0.71
9/23/2025 11:45:55,1.16.3,PRexp,14,3.82,nan,36,Left,Left,10436,403,570,20,nan,nan,0.20
9/23/2025 11:45:58,1.16.3,PRexp,14,3.82,nan,36,Left,Left,10437,403,570,20,nan,nan,0.94
9/23/2025 11:54:57,1.16.3,PRexp,14,3.82,nan,36,Left,Left,10438,403,570,20,nan,nan,0.78
9/23/2025 11:54:58,1.16.3,PRexp,14,3.82,nan,36,Left,Left,10439,403,570,20,nan,nan,0.02
9/23/2025 11:55:00,1.16.3,PRexp,14,3.82,nan,36,Left,Left,10440,403,570,20,nan,nan,0.87
9/23/2025 11:55:02,1.16.3,PRexp,14,3.82,nan,36,Left,Left,10441,403,570,20,nan,nan,0.76
9/23/2025 11:55:04,1.16.3,PRexp,14,3.82,nan,36,Left,Left,10442,403,570,20,nan,nan,0.45
9/23/2025 11:55:08,1.16.3,PRexp,14,3.82,nan,36,Left,Left,10443,403,570,20,nan,nan,0.30
9/23/2025 11:55:10,1.16.3,PRexp,14,3.82,nan,36,Left,Left,10444,403,570,20,nan,nan,0.00
9/23/2025 11:55:12,1.16.3,PRexp,14,3.82,nan,36,Left,Left,10445,403,570,20,nan,nan,0.39
9/23/2025 11:55:20,1.16.3,PRexp,14,3.82,nan,36,Left,Left,10446,403,570,20,nan,nan,0.07
9/23/2025 12:04:12,1.16.3,PRexp,14,3.82,nan,36,Left,Left,10447,403,570,20,nan,nan,0.18
9/23/2025 12:04:17,1.16.3,PRexp,14,3.82,nan,36,Left,Left,10448,403,570,20,nan,nan,0.81
9/23/2025 12:04:18,1.16.3,PRexp,14,3.82,nan,36,Left,Left,10449,403,570,20,nan,nan,0.00
9/23/2025 12:04:22,1.16.3,PRexp,14,3.81,nan,36,Left,Left,10450,403,570,20,nan,nan,0.75
9/23/2025 12:04:24,1.16.3,PRexp,14,3.81,nan,36,Left,Left,10451,403,570,20,nan,nan,0.00
9/23/2025 12:04:25,1.16.3,PRexp,14,3.82,nan,36,Left,Left,10452,403,570,20,nan,nan,0.43
9/23/2025 12:04:27,1.16.3,PRexp,14,3.81,nan,36,Left,Left,10453,403,570,20,nan,nan,0.55
9/23/2025 12:04:40,1.16.3,PRexp,14,3.82,nan,36,Left,Left,10454,403,570,20,nan,nan,0.00
9/23/2025 12:04:40,1.16.3,PRexp,14,3.82,nan,36,Left,Left,10455,403,570,20,nan,nan,0.00
9/23/2025 12:04:52,1.16.3,PRexp,14,3.82,nan,36,Left,Left,10456,403,570,20,nan,nan,4.13
9/23/2025 12:04:55,1.16.3,PRexp,14,3.81,nan,36,Left,Left,10457,403,570,20,nan,nan,0.34
9/23/2025 12:04:57,1.16.3,PRexp,14,3.82,nan,36,Left,Left,10458,403,570,20,nan,nan,0.18
9/23/2025 12:14:00,1.16.3,PRexp,14,3.82,nan,36,Left,Left,10459,403,570,20,nan,nan,0.22
9/23/2025 12:14:04,1.16.3,PRexp,14,3.82,nan,36,Left,Left,10460,403,570,20,nan,nan,1.17
9/23/2025 12:14:05,1.16.3,PRexp,14,3.82,nan,36,Left,Left,10461,403,570,20,nan,nan,0.00
9/23/2025 12:14:07,1.16.3,PRexp,14,3.82,1,36,Pellet,Left,10461,403,571,21,1.34,1851,nan
9/23/2025 12:18:00,1.16.3,PRexp,14,3.82,nan,40,Left,Left,10462,403,571,21,nan,nan,0.06
9/23/2025 12:18:03,1.16.3,PRexp,14,3.82,nan,40,Left,Left,10463,403,571,21,nan,nan,0.09
9/23/2025 12:18:05,1.16.3,PRexp,14,3.81,nan,40,Left,Left,10464,403,571,21,nan,nan,0.00
9/23/2025 12:18:08,1.16.3,PRexp,14,3.82,nan,40,Left,Left,10465,403,571,21,nan,nan,0.96
9/23/2025 12:18:13,1.16.3,PRexp,14,3.82,nan,40,Left,Left,10466,403,571,21,nan,nan,0.00
9/23/2025 12:18:16,1.16.3,PRexp,14,3.82,nan,40,Left,Left,10467,403,571,21,nan,nan,2.43
9/23/2025 12:18:21,1.16.3,PRexp,14,3.82,nan,40,Left,Left,10468,403,571,21,nan,nan,0.00
9/23/2025 12:18:24,1.16.3,PRexp,14,3.82,nan,40,Left,Left,10469,403,571,21,nan,nan,0.00
9/23/2025 12:18:26,1.16.3,PRexp,14,3.82,nan,40,Left,Left,10470,403,571,21,nan,nan,0.15
9/23/2025 12:18:31,1.16.3,PRexp,14,3.82,nan,40,Left,Left,10471,403,571,21,nan,nan,0.03
9/23/2025 12:18:34,1.16.3,PRexp,14,3.82,nan,40,Left,Left,10472,403,571,21,nan,nan,0.38
9/23/2025 12:18:36,1.16.3,PRexp,14,3.82,nan,40,Left,Left,10473,403,571,21,nan,nan,0.07
9/23/2025 12:18:37,1.16.3,PRexp,14,3.82,nan,40,Left,Left,10474,403,571,21,nan,nan,0.00
9/23/2025 12:18:38,1.16.3,PRexp,14,3.82,nan,40,Left,Left,10475,403,571,21,nan,nan,0.02
9/23/2025 12:18:41,1.16.3,PRexp,14,3.82,nan,40,Left,Left,10476,403,571,21,nan,nan,0.00
9/23/2025 12:18:45,1.16.3,PRexp,14,3.81,nan,40,Left,Left,10477,403,571,21,nan,nan,0.28
9/23/2025 12:18:46,1.16.3,PRexp,14,3.82,nan,40,Left,Left,10478,403,571,21,nan,nan,0.08
9/23/2025 12:18:56,1.16.3,PRexp,14,3.82,nan,40,Left,Left,10479,403,571,21,nan,nan,0.09
9/23/2025 12:19:12,1.16.3,PRexp,14,3.82,nan,40,Left,Left,10480,403,571,21,nan,nan,0.02
9/23/2025 12:19:13,1.16.3,PRexp,14,3.82,nan,40,Left,Left,10481,403,571,21,nan,nan,0.00
9/23/2025 12:32:01,1.16.3,PRexp,14,3.82,nan,40,Left,Left,10482,403,571,21,nan,nan,0.22
9/23/2025 12:32:06,1.16.3,PRexp,14,3.82,nan,40,Left,Left,10483,403,571,21,nan,nan,0.03
9/23/2025 12:32:10,1.16.3,PRexp,14,3.82,nan,40,Left,Left,10484,403,571,21,nan,nan,0.05
9/23/2025 12:32:13,1.16.3,PRexp,14,3.82,nan,40,Left,Left,10485,403,571,21,nan,nan,0.04
9/23/2025 12:32:14,1.16.3,PRexp,14,3.82,nan,40,Left,Left,10486,403,571,21,nan,nan,0.28
9/23/2025 12:32:16,1.16.3,PRexp,14,3.82,nan,40,Left,Left,10487,403,571,21,nan,nan,0.02
9/23/2025 12:32:17,1.16.3,PRexp,14,3.82,nan,40,Left,Left,10488,403,571,21,nan,nan,0.25
9/23/2025 12:32:20,1.16.3,PRexp,14,3.81,nan,40,Left,Left,10489,403,571,21,nan,nan,0.17
9/23/2025 12:32:23,1.16.3,PRexp,14,3.82,nan,40,Left,Left,10490,403,571,21,nan,nan,0.00
9/23/2025 12:32:31,1.16.3,PRexp,14,3.81,nan,40,Left,Left,10491,403,571,21,nan,nan,0.23
9/23/2025 12:33:30,1.16.3,PRexp,14,3.82,nan,40,Left,Left,10492,403,571,21,nan,nan,0.98
9/23/2025 12:33:33,1.16.3,PRexp,14,3.82,nan,40,Left,Left,10493,403,571,21,nan,nan,0.43
9/23/2025 12:33:34,1.16.3,PRexp,14,3.81,nan,40,Left,Left,10494,403,571,21,nan,nan,0.00
9/23/2025 12:33:37,1.16.3,PRexp,14,3.82,nan,40,Left,Left,10495,403,571,21,nan,nan,0.00
9/23/2025 12:33:41,1.16.3,PRexp,14,3.82,nan,40,Left,Left,10496,403,571,21,nan,nan,1.77
9/23/2025 12:33:47,1.16.3,PRexp,14,3.82,nan,40,Left,Left,10497,403,571,21,nan,nan,0.22
9/23/2025 12:41:51,1.16.3,PRexp,14,3.81,nan,40,Left,Left,10498,403,571,21,nan,nan,0.05
9/23/2025 12:42:28,1.16.3,PRexp,14,3.81,nan,40,Left,Left,10499,403,571,21,nan,nan,0.00
9/23/2025 12:42:32,1.16.3,PRexp,14,3.82,nan,40,Left,Left,10500,403,571,21,nan,nan,0.01
9/23/2025 12:42:36,1.16.3,PRexp,14,3.82,nan,40,Left,Left,10501,403,571,21,nan,nan,0.30
9/23/2025 12:42:36,1.16.3,PRexp,14,3.82,nan,40,LeftDuringDispense,Left,10502,403,571,22,nan,nan,0.03
9/23/2025 12:42:39,1.16.3,PRexp,14,3.82,2,40,Pellet,Left,10502,403,572,22,0.18,1712,nan
9/23/2025 12:43:29,1.16.3,PRexp,14,3.82,nan,45,Left,Left,10503,403,572,22,nan,nan,0.09
9/23/2025 12:43:30,1.16.3,PRexp,14,3.81,nan,45,Left,Left,10504,403,572,22,nan,nan,0.13
9/23/2025 12:43:32,1.16.3,PRexp,14,3.81,nan,45,Left,Left,10505,403,572,22,nan,nan,0.13
9/23/2025 12:43:33,1.16.3,PRexp,14,3.82,nan,45,Left,Left,10506,403,572,22,nan,nan,0.09
9/23/2025 12:43:35,1.16.3,PRexp,14,3.82,nan,45,Left,Left,10507,403,572,22,nan,nan,0.02
9/23/2025 12:43:38,1.16.3,PRexp,14,3.82,nan,45,Left,Left,10508,403,572,22,nan,nan,0.19
9/23/2025 12:43:41,1.16.3,PRexp,14,3.82,nan,45,Left,Left,10509,403,572,22,nan,nan,0.07
9/23/2025 12:43:43,1.16.3,PRexp,14,3.82,nan,45,Left,Left,10510,403,572,22,nan,nan,0.14
9/23/2025 12:43:44,1.16.3,PRexp,14,3.82,nan,45,Left,Left,10511,403,572,22,nan,nan,0.08
9/23/2025 12:43:47,1.16.3,PRexp,14,3.82,nan,45,Left,Left,10512,403,572,22,nan,nan,0.09
9/23/2025 12:43:48,1.16.3,PRexp,14,3.82,nan,45,Left,Left,10513,403,572,22,nan,nan,0.00
9/23/2025 12:43:49,1.16.3,PRexp,14,3.81,nan,45,Left,Left,10514,403,572,22,nan,nan,0.00
9/23/2025 12:43:51,1.16.3,PRexp,14,3.81,nan,45,Left,Left,10515,403,572,22,nan,nan,0.00
9/23/2025 12:43:52,1.16.3,PRexp,14,3.82,nan,45,Left,Left,10516,403,572,22,nan,nan,0.00
9/23/2025 12:43:53,1.16.3,PRexp,14,3.81,nan,45,Left,Left,10517,403,572,22,nan,nan,0.22
9/23/2025 12:43:54,1.16.3,PRexp,14,3.82,nan,45,Left,Left,10518,403,572,22,nan,nan,0.26
9/23/2025 12:43:56,1.16.3,PRexp,14,3.82,nan,45,Left,Left,10519,403,572,22,nan,nan,0.15
9/23/2025 12:43:57,1.16.3,PRexp,14,3.82,nan,45,Left,Left,10520,403,572,22,nan,nan,0.17
9/23/2025 12:44:00,1.16.3,PRexp,14,3.82,nan,45,Left,Left,10521,403,572,22,nan,nan,0.09
9/23/2025 12:44:01,1.16.3,PRexp,14,3.82,nan,45,Left,Left,10522,403,572,22,nan,nan,0.00
9/23/2025 12:44:02,1.16.3,PRexp,14,3.82,nan,45,Left,Left,10523,403,572,22,nan,nan,0.55
9/23/2025 12:44:03,1.16.3,PRexp,14,3.82,nan,45,Left,Left,10524,403,572,22,nan,nan,0.00
9/23/2025 12:44:05,1.16.3,PRexp,14,3.82,nan,45,Left,Left,10525,403,572,22,nan,nan,0.04
9/23/2025 12:44:06,1.16.3,PRexp,14,3.81,nan,45,Left,Left,10526,403,572,22,nan,nan,0.00
9/23/2025 12:44:07,1.16.3,PRexp,14,3.82,nan,45,Left,Left,10527,403,572,22,nan,nan,0.15
9/23/2025 12:44:09,1.16.3,PRexp,14,3.82,nan,45,Left,Left,10528,403,572,22,nan,nan,0.09
9/23/2025 12:44:10,1.16.3,PRexp,14,3.82,nan,45,Left,Left,10529,403,572,22,nan,nan,0.02
9/23/2025 12:44:11,1.16.3,PRexp,14,3.82,nan,45,Left,Left,10530,403,572,22,nan,nan,0.11
9/23/2025 12:44:13,1.16.3,PRexp,14,3.82,nan,45,Left,Left,10531,403,572,22,nan,nan,0.16
9/23/2025 12:44:14,1.16.3,PRexp,14,3.82,nan,45,Left,Left,10532,403,572,22,nan,nan,0.53
9/23/2025 12:44:16,1.16.3,PRexp,14,3.82,nan,45,Left,Left,10533,403,572,22,nan,nan,0.15
9/23/2025 12:44:18,1.16.3,PRexp,14,3.82,nan,45,Left,Left,10534,403,572,22,nan,nan,0.35
9/23/2025 12:44:19,1.16.3,PRexp,14,3.81,nan,45,Left,Left,10535,403,572,22,nan,nan,0.63
9/23/2025 12:44:23,1.16.3,PRexp,14,3.81,nan,45,Left,Left,10536,403,572,22,nan,nan,0.12
9/23/2025 12:44:24,1.16.3,PRexp,14,3.81,nan,45,Left,Left,10537,403,572,22,nan,nan,0.00
9/23/2025 12:44:26,1.16.3,PRexp,14,3.82,nan,45,Left,Left,10538,403,572,22,nan,nan,0.19
9/23/2025 12:44:29,1.16.3,PRexp,14,3.82,nan,45,Left,Left,10539,403,572,22,nan,nan,0.06
9/23/2025 12:44:31,1.16.3,PRexp,14,3.82,nan,45,Left,Left,10540,403,572,22,nan,nan,0.00
9/23/2025 12:44:32,1.16.3,PRexp,14,3.82,nan,45,Left,Left,10541,403,572,22,nan,nan,0.01
9/23/2025 12:44:33,1.16.3,PRexp,14,3.81,nan,45,Left,Left,10542,403,572,22,nan,nan,0.00
9/23/2025 12:44:34,1.16.3,PRexp,14,3.82,nan,45,Left,Left,10543,403,572,22,nan,nan,0.00
9/23/2025 12:44:36,1.16.3,PRexp,14,3.82,nan,45,Left,Left,10544,403,572,22,nan,nan,0.19
9/23/2025 12:44:38,1.16.3,PRexp,14,3.82,nan,45,Left,Left,10545,403,572,22,nan,nan,0.02
9/23/2025 12:44:39,1.16.3,PRexp,14,3.82,nan,45,Left,Left,10546,403,572,22,nan,nan,0.00
9/23/2025 12:44:40,1.16.3,PRexp,14,3.82,nan,45,Left,Left,10547,403,572,22,nan,nan,0.20
9/23/2025 12:44:40,1.16.3,PRexp,14,3.82,nan,45,LeftDuringDispense,Left,10548,403,572,23,nan,nan,0.04
9/23/2025 12:45:11,1.16.3,PRexp,14,3.82,3,45,Pellet,Left,10548,403,573,23,25.49,152,nan
9/23/2025 12:49:32,1.16.3,PRexp,14,3.82,nan,50,Left,Left,10549,403,573,23,nan,nan,0.02
9/23/2025 12:49:55,1.16.3,PRexp,14,3.82,nan,50,Right,Left,10549,404,573,23,nan,nan,0.33
9/23/2025 12:50:03,1.16.3,PRexp,14,3.82,nan,50,Left,Left,10550,404,573,23,nan,nan,0.02
9/23/2025 12:50:04,1.16.3,PRexp,14,3.82,nan,50,Left,Left,10551,404,573,23,nan,nan,0.27
9/23/2025 12:50:05,1.16.3,PRexp,14,3.81,nan,50,Left,Left,10552,404,573,23,nan,nan,0.00
9/23/2025 12:50:11,1.16.3,PRexp,14,3.82,nan,50,Left,Left,10553,404,573,23,nan,nan,0.03
9/23/2025 12:50:15,1.16.3,PRexp,14,3.82,nan,50,Left,Left,10554,404,573,23,nan,nan,0.39
9/23/2025 12:50:16,1.16.3,PRexp,14,3.82,nan,50,Left,Left,10555,404,573,23,nan,nan,0.02
9/23/2025 12:50:20,1.16.3,PRexp,14,3.82,nan,50,Left,Left,10556,404,573,23,nan,nan,0.03
9/23/2025 12:50:21,1.16.3,PRexp,14,3.82,nan,50,Left,Left,10557,404,573,23,nan,nan,0.09
9/23/2025 12:50:22,1.16.3,PRexp,14,3.81,nan,50,Left,Left,10558,404,573,23,nan,nan,0.00
9/23/2025 12:50:24,1.16.3,PRexp,14,3.82,nan,50,Left,Left,10559,404,573,23,nan,nan,0.19
9/23/2025 12:50:25,1.16.3,PRexp,14,3.82,nan,50,Left,Left,10560,404,573,23,nan,nan,0.11
9/23/2025 12:50:28,1.16.3,PRexp,14,3.82,nan,50,Left,Left,10561,404,573,23,nan,nan,0.55
9/23/2025 12:50:29,1.16.3,PRexp,14,3.81,nan,50,Left,Left,10562,404,573,23,nan,nan,0.27
9/23/2025 12:50:30,1.16.3,PRexp,14,3.82,nan,50,Left,Left,10563,404,573,23,nan,nan,0.15
9/23/2025 12:50:33,1.16.3,PRexp,14,3.82,nan,50,Left,Left,10564,404,573,23,nan,nan,0.07
9/23/2025 12:50:35,1.16.3,PRexp,14,3.81,nan,50,Left,Left,10565,404,573,23,nan,nan,0.00
9/23/2025 12:50:36,1.16.3,PRexp,14,3.81,nan,50,Left,Left,10566,404,573,23,nan,nan,0.33
9/23/2025 12:50:38,1.16.3,PRexp,14,3.82,nan,50,Left,Left,10567,404,573,23,nan,nan,0.51
9/23/2025 12:50:43,1.16.3,PRexp,14,3.82,nan,50,Left,Left,10568,404,573,23,nan,nan,0.02
9/23/2025 12:50:45,1.16.3,PRexp,14,3.82,nan,50,Left,Left,10569,404,573,23,nan,nan,0.64
9/23/2025 12:50:47,1.16.3,PRexp,14,3.82,nan,50,Left,Left,10570,404,573,23,nan,nan,0.02
9/23/2025 12:50:49,1.16.3,PRexp,14,3.81,nan,50,Left,Left,10571,404,573,23,nan,nan,0.08
9/23/2025 12:50:52,1.16.3,PRexp,14,3.82,nan,50,Left,Left,10572,404,573,23,nan,nan,0.12
9/23/2025 12:50:53,1.16.3,PRexp,14,3.82,nan,50,Left,Left,10573,404,573,23,nan,nan,0.05
9/23/2025 12:50:54,1.16.3,PRexp,14,3.82,nan,50,Left,Left,10574,404,573,23,nan,nan,0.33
9/23/2025 12:51:03,1.16.3,PRexp,14,3.82,nan,50,Left,Left,10575,404,573,23,nan,nan,0.13
9/23/2025 12:51:04,1.16.3,PRexp,14,3.82,nan,50,Left,Left,10576,404,573,23,nan,nan,0.00
9/23/2025 12:51:06,1.16.3,PRexp,14,3.82,nan,50,Left,Left,10577,404,573,23,nan,nan,0.70
9/23/2025 12:52:33,1.16.3,PRexp,14,3.81,nan,50,Left,Left,10578,404,573,23,nan,nan,0.10
9/23/2025 12:52:35,1.16.3,PRexp,14,3.82,nan,50,Left,Left,10579,404,573,23,nan,nan,0.11
9/23/2025 12:52:36,1.16.3,PRexp,14,3.81,nan,50,Left,Left,10580,404,573,23,nan,nan,0.00
9/23/2025 12:52:38,1.16.3,PRexp,14,3.82,nan,50,Left,Left,10581,404,573,23,nan,nan,0.10
9/23/2025 12:52:39,1.16.3,PRexp,14,3.81,nan,50,Left,Left,10582,404,573,23,nan,nan,0.26
9/23/2025 12:54:40,1.16.3,PRexp,14,3.82,nan,50,Left,Left,10583,404,573,23,nan,nan,0.02
9/23/2025 12:54:44,1.16.3,PRexp,14,3.82,nan,50,Left,Left,10584,404,573,23,nan,nan,0.13
9/23/2025 12:54:48,1.16.3,PRexp,14,3.81,nan,50,Left,Left,10585,404,573,23,nan,nan,0.48
9/23/2025 12:54:49,1.16.3,PRexp,14,3.82,nan,50,Left,Left,10586,404,573,23,nan,nan,0.15
9/23/2025 12:54:50,1.16.3,PRexp,14,3.81,nan,50,Left,Left,10587,404,573,23,nan,nan,0.27
9/23/2025 12:54:52,1.16.3,PRexp,14,3.82,nan,50,Left,Left,10588,404,573,23,nan,nan,0.02
9/23/2025 12:54:53,1.16.3,PRexp,14,3.82,nan,50,Left,Left,10589,404,573,23,nan,nan,0.22
9/23/2025 12:54:57,1.16.3,PRexp,14,3.82,nan,50,Left,Left,10590,404,573,23,nan,nan,0.13
9/23/2025 12:54:58,1.16.3,PRexp,14,3.82,nan,50,Left,Left,10591,404,573,23,nan,nan,0.65
9/23/2025 12:54:59,1.16.3,PRexp,14,3.82,nan,50,Left,Left,10592,404,573,23,nan,nan,0.01
9/23/2025 12:55:01,1.16.3,PRexp,14,3.81,nan,50,Left,Left,10593,404,573,23,nan,nan,0.11
9/23/2025 12:55:05,1.16.3,PRexp,14,3.82,nan,50,Left,Left,10594,404,573,23,nan,nan,0.45
9/23/2025 12:55:09,1.16.3,PRexp,14,3.82,nan,50,Left,Left,10595,404,573,23,nan,nan,0.04
9/23/2025 12:55:10,1.16.3,PRexp,14,3.82,nan,50,Left,Left,10596,404,573,23,nan,nan,0.00
9/23/2025 12:55:12,1.16.3,PRexp,14,3.82,nan,50,Left,Left,10597,404,573,23,nan,nan,0.64
9/23/2025 12:55:14,1.16.3,PRexp,14,3.81,nan,50,Left,Left,10598,404,573,23,nan,nan,0.84
9/23/2025 12:55:14,1.16.3,PRexp,14,3.82,nan,50,LeftDuringDispense,Left,10599,404,573,24,nan,nan,0.05
9/23/2025 12:55:17,1.16.3,PRexp,14,3.81,2,50,Pellet,Left,10599,404,574,24,0.06,606,nan
9/23/2025 12:56:51,1.16.3,PRexp,14,3.82,nan,56,Left,Left,10600,404,574,24,nan,nan,1.59
9/23/2025 12:56:53,1.16.3,PRexp,14,3.81,nan,56,Left,Left,10601,404,574,24,nan,nan,0.06
9/23/2025 12:57:10,1.16.3,PRexp,14,3.82,nan,56,Left,Left,10602,404,574,24,nan,nan,0.21
9/23/2025 12:57:14,1.16.3,PRexp,14,3.82,nan,56,Left,Left,10603,404,574,24,nan,nan,0.05
9/23/2025 12:57:15,1.16.3,PRexp,14,3.82,nan,56,Left,Left,10604,404,574,24,nan,nan,0.00
9/23/2025 12:57:17,1.16.3,PRexp,14,3.82,nan,56,Left,Left,10605,404,574,24,nan,nan,0.69
9/23/2025 12:57:20,1.16.3,PRexp,14,3.81,nan,56,Left,Left,10606,404,574,24,nan,nan,0.47
9/23/2025 12:57:22,1.16.3,PRexp,14,3.82,nan,56,Left,Left,10607,404,574,24,nan,nan,0.00
9/23/2025 12:57:23,1.16.3,PRexp,14,3.81,nan,56,Left,Left,10608,404,574,24,nan,nan,0.31
9/23/2025 12:57:27,1.16.3,PRexp,14,3.81,nan,56,Left,Left,10609,404,574,24,nan,nan,0.62
9/23/2025 12:57:29,1.16.3,PRexp,14,3.82,nan,56,Left,Left,10610,404,574,24,nan,nan,0.39
9/23/2025 12:57:30,1.16.3,PRexp,14,3.80,nan,56,Left,Left,10611,404,574,24,nan,nan,0.01
9/23/2025 12:57:32,1.16.3,PRexp,14,3.82,nan,56,Left,Left,10612,404,574,24,nan,nan,0.02
9/23/2025 12:57:34,1.16.3,PRexp,14,3.82,nan,56,Left,Left,10613,404,574,24,nan,nan,0.18
9/23/2025 12:57:36,1.16.3,PRexp,14,3.82,nan,56,Left,Left,10614,404,574,24,nan,nan,0.00
9/23/2025 12:57:37,1.16.3,PRexp,14,3.81,nan,56,Left,Left,10615,404,574,24,nan,nan,0.00
9/23/2025 13:03:10,1.16.3,PRexp,14,3.82,nan,56,Left,Left,10616,404,574,24,nan,nan,1.21
9/23/2025 13:07:37,1.16.3,PRexp,14,3.81,nan,56,Left,Left,10617,404,574,24,nan,nan,0.17
9/23/2025 13:07:41,1.16.3,PRexp,14,3.82,nan,56,Left,Left,10618,404,574,24,nan,nan,0.50
9/23/2025 13:07:44,1.16.3,PRexp,14,3.82,nan,56,Left,Left,10619,404,574,24,nan,nan,1.11
9/23/2025 13:07:49,1.16.3,PRexp,14,3.82,nan,56,Left,Left,10620,404,574,24,nan,nan,0.92
9/23/2025 13:07:52,1.16.3,PRexp,14,3.82,nan,56,Left,Left,10621,404,574,24,nan,nan,0.00
9/23/2025 13:07:55,1.16.3,PRexp,14,3.82,nan,56,Left,Left,10622,404,574,24,nan,nan,0.00
9/23/2025 13:07:57,1.16.3,PRexp,14,3.82,nan,56,Left,Left,10623,404,574,24,nan,nan,1.71
9/23/2025 13:08:04,1.16.3,PRexp,14,3.82,nan,56,Left,Left,10624,404,574,24,nan,nan,2.41
9/23/2025 13:08:07,1.16.3,PRexp,14,3.81,nan,56,Left,Left,10625,404,574,24,nan,nan,1.57
9/23/2025 13:08:12,1.16.3,PRexp,14,3.82,nan,56,Left,Left,10626,404,574,24,nan,nan,1.23
9/23/2025 13:08:18,1.16.3,PRexp,14,3.81,nan,56,Left,Left,10627,404,574,24,nan,nan,2.88
9/23/2025 13:08:23,1.16.3,PRexp,14,3.82,nan,56,Left,Left,10628,404,574,24,nan,nan,0.18
9/23/2025 13:08:26,1.16.3,PRexp,14,3.82,nan,56,Left,Left,10629,404,574,24,nan,nan,1.68
9/23/2025 13:08:29,1.16.3,PRexp,14,3.82,nan,56,Left,Left,10630,404,574,24,nan,nan,0.00
9/23/2025 13:08:33,1.16.3,PRexp,14,3.82,nan,56,Left,Left,10631,404,574,24,nan,nan,0.53
9/23/2025 13:26:26,1.16.3,PRexp,14,3.82,nan,56,Left,Left,10632,404,574,24,nan,nan,0.29
9/23/2025 13:26:28,1.16.3,PRexp,14,3.82,nan,56,Left,Left,10633,404,574,24,nan,nan,0.21
9/23/2025 13:26:29,1.16.3,PRexp,14,3.82,nan,56,Left,Left,10634,404,574,24,nan,nan,0.43
9/23/2025 13:26:30,1.16.3,PRexp,14,3.81,nan,56,Left,Left,10635,404,574,24,nan,nan,0.10
9/23/2025 13:26:33,1.16.3,PRexp,14,3.82,nan,56,Left,Left,10636,404,574,24,nan,nan,0.65
9/23/2025 13:26:39,1.16.3,PRexp,14,3.82,nan,56,Left,Left,10637,404,574,24,nan,nan,0.30
9/23/2025 13:26:40,1.16.3,PRexp,14,3.82,nan,56,Left,Left,10638,404,574,24,nan,nan,0.04
9/23/2025 13:26:43,1.16.3,PRexp,14,3.82,nan,56,Left,Left,10639,404,574,24,nan,nan,0.95
9/23/2025 13:26:45,1.16.3,PRexp,14,3.81,nan,56,Left,Left,10640,404,574,24,nan,nan,0.43
9/23/2025 13:27:03,1.16.3,PRexp,14,3.81,nan,56,Left,Left,10641,404,574,24,nan,nan,0.38
9/23/2025 13:27:04,1.16.3,PRexp,14,3.82,nan,56,Left,Left,10642,404,574,24,nan,nan,0.23
9/23/2025 13:27:08,1.16.3,PRexp,14,3.82,nan,56,Left,Left,10643,404,574,24,nan,nan,0.01
9/23/2025 13:27:09,1.16.3,PRexp,14,3.82,nan,56,Left,Left,10644,404,574,24,nan,nan,0.17
9/23/2025 13:27:11,1.16.3,PRexp,14,3.82,nan,56,Left,Left,10645,404,574,24,nan,nan,0.10
9/23/2025 13:27:15,1.16.3,PRexp,14,3.82,nan,56,Left,Left,10646,404,574,24,nan,nan,0.35
9/23/2025 13:27:17,1.16.3,PRexp,14,3.81,nan,56,Left,Left,10647,404,574,24,nan,nan,0.39
9/23/2025 13:27:18,1.16.3,PRexp,14,3.81,nan,56,Left,Left,10648,404,574,24,nan,nan,0.00
9/23/2025 13:27:30,1.16.3,PRexp,14,3.82,nan,56,Left,Left,10649,404,574,24,nan,nan,0.04
9/23/2025 13:27:31,1.16.3,PRexp,14,3.81,nan,56,Left,Left,10650,404,574,24,nan,nan,0.37
9/23/2025 13:27:33,1.16.3,PRexp,14,3.81,nan,56,Left,Left,10651,404,574,24,nan,nan,0.42
9/23/2025 13:27:37,1.16.3,PRexp,14,3.82,nan,56,Left,Left,10652,404,574,24,nan,nan,0.12
