MM:DD:YYYY hh:mm:ss,Library_Version,Session_type,Device_Number,Battery_Voltage,Motor_Turns,FR,Event,Active_Poke,Left_Poke_Count,Right_Poke_Count,Pellet_Count,Block_Pellet_Count,Retrieval_Time,InterPelletInterval,Poke_Time
10/29/2025 14:25:06,1.17.2,PRexp,10,4.00,nan,1,Right,Left,0,1,0,0,nan,nan,0.17
10/29/2025 14:32:11,1.17.2,PRexp,10,4.00,nan,1,Left,Left,1,1,0,0,nan,nan,0.18
10/29/2025 14:32:22,1.17.2,PRexp,10,4.00,nan,1,LeftDuringDispense,Left,2,1,0,1,nan,nan,0.15
10/29/2025 14:32:24,1.17.2,PRexp,10,4.00,7,1,Pellet,Left,2,1,1,1,1.00,nan,nan
10/29/2025 14:34:12,1.17.2,PRexp,10,4.00,nan,1,Right,Left,2,2,1,1,nan,nan,0.02
10/29/2025 14:37:58,1.17.2,PRexp,10,4.00,nan,1,Left,Left,3,2,1,1,nan,nan,0.14
10/29/2025 14:38:00,1.17.2,PRexp,10,4.00,2,1,Pellet,Left,3,2,2,2,0.88,336,nan
10/29/2025 14:40:01,1.17.2,PRexp,10,4.00,nan,2,Left,Left,4,2,2,2,nan,nan,0.07
10/29/2025 14:40:08,1.17.2,PRexp,10,4.00,nan,2,Left,Left,5,2,2,2,nan,nan,0.09
10/29/2025 14:43:44,1.17.2,PRexp,10,4.00,3,2,Pellet,Left,5,2,3,3,Timed_out,344,nan
10/29/2025 15:43:20,1.17.2,PRexp,10,3.99,nan,1,Left,Left,6,2,3,0,nan,nan,0.36
10/29/2025 15:43:26,1.17.2,PRexp,10,4.00,3,1,Pellet,Left,6,2,4,1,3.00,3582,nan
10/29/2025 15:44:26,1.17.2,PRexp,10,4.00,nan,1,Left,Left,7,2,4,1,nan,nan,0.04
10/29/2025 15:44:30,1.17.2,PRexp,10,4.00,3,1,Pellet,Left,7,2,5,2,0.94,64,nan
10/29/2025 15:45:25,1.17.2,PRexp,10,3.98,nan,2,Left,Left,8,2,5,2,nan,nan,0.33
10/29/2025 15:45:27,1.17.2,PRexp,10,4.00,nan,2,Left,Left,9,2,5,2,nan,nan,0.16
10/29/2025 15:45:31,1.17.2,PRexp,10,4.00,3,2,Pellet,Left,9,2,6,3,1.05,61,nan
10/29/2025 15:46:17,1.17.2,PRexp,10,3.99,nan,2,Left,Left,10,2,6,3,nan,nan,0.07
10/29/2025 16:46:51,1.17.2,PRexp,10,4.00,nan,1,Left,Left,11,2,6,0,nan,nan,0.03
10/29/2025 16:46:56,1.17.2,PRexp,10,4.00,nan,1,LeftDuringDispense,Left,12,2,6,1,nan,nan,0.28
10/29/2025 16:47:01,1.17.2,PRexp,10,3.99,4,1,Pellet,Left,12,2,7,1,2.50,3690,nan
10/29/2025 16:47:46,1.17.2,PRexp,10,4.00,nan,1,Left,Left,13,2,7,1,nan,nan,0.19
10/29/2025 16:47:51,1.17.2,PRexp,10,3.99,3,1,Pellet,Left,13,2,8,2,0.55,50,nan
10/29/2025 16:48:21,1.17.2,PRexp,10,4.00,nan,2,Left,Left,14,2,8,2,nan,nan,0.16
10/29/2025 16:48:24,1.17.2,PRexp,10,3.99,nan,2,Left,Left,15,2,8,2,nan,nan,0.25
10/29/2025 16:48:26,1.17.2,PRexp,10,3.99,2,2,Pellet,Left,15,2,9,3,1.22,35,nan
10/29/2025 16:49:07,1.17.2,PRexp,10,3.99,nan,2,Left,Left,16,2,9,3,nan,nan,0.16
10/29/2025 16:49:20,1.17.2,PRexp,10,4.00,nan,2,Left,Left,17,2,9,3,nan,nan,0.13
10/29/2025 16:49:24,1.17.2,PRexp,10,4.00,2,2,Pellet,Left,17,2,10,4,1.11,58,nan
10/29/2025 16:50:01,1.17.2,PRexp,10,3.99,nan,3,Left,Left,18,2,10,4,nan,nan,0.05
10/29/2025 16:50:08,1.17.2,PRexp,10,4.00,nan,3,Left,Left,19,2,10,4,nan,nan,0.04
10/29/2025 16:50:11,1.17.2,PRexp,10,4.00,nan,3,Left,Left,20,2,10,4,nan,nan,0.10
10/29/2025 16:50:15,1.17.2,PRexp,10,4.00,3,3,Pellet,Left,20,2,11,5,0.38,51,nan
10/29/2025 17:40:15,1.17.2,PRexp,10,3.99,nan,1,Left,Left,21,2,11,0,nan,nan,0.07
10/29/2025 17:40:22,1.17.2,PRexp,10,4.00,nan,1,LeftWithPellet,Left,22,2,11,1,nan,nan,0.08
10/29/2025 17:40:24,1.17.2,PRexp,10,3.99,3,1,Pellet,Left,22,2,12,1,4.74,3009,nan
10/29/2025 17:40:55,1.17.2,PRexp,10,3.99,nan,1,Left,Left,23,2,12,1,nan,nan,0.04
10/29/2025 17:40:59,1.17.2,PRexp,10,3.99,3,1,Pellet,Left,23,2,13,2,0.77,35,nan
10/29/2025 17:41:23,1.17.2,PRexp,10,4.00,nan,2,Left,Left,24,2,13,2,nan,nan,0.01
10/29/2025 17:44:24,1.17.2,PRexp,10,4.00,nan,2,Left,Left,25,2,13,2,nan,nan,0.08
10/29/2025 17:44:27,1.17.2,PRexp,10,3.99,3,2,Pellet,Left,25,2,14,3,0.50,208,nan
10/29/2025 17:44:51,1.17.2,PRexp,10,3.99,nan,2,Left,Left,26,2,14,3,nan,nan,0.25
10/29/2025 17:45:01,1.17.2,PRexp,10,3.99,nan,2,Left,Left,27,2,14,3,nan,nan,0.13
10/29/2025 17:45:07,1.17.2,PRexp,10,3.99,3,2,Pellet,Left,27,2,15,4,0.83,40,nan
10/29/2025 17:45:32,1.17.2,PRexp,10,4.00,nan,3,Left,Left,28,2,15,4,nan,nan,0.04
10/29/2025 17:45:36,1.17.2,PRexp,10,3.99,nan,3,Left,Left,29,2,15,4,nan,nan,0.07
10/29/2025 17:45:39,1.17.2,PRexp,10,3.99,nan,3,Left,Left,30,2,15,4,nan,nan,0.08
10/29/2025 17:45:43,1.17.2,PRexp,10,4.00,3,3,Pellet,Left,30,2,16,5,0.50,36,nan
10/29/2025 17:46:20,1.17.2,PRexp,10,3.99,nan,4,Left,Left,31,2,16,5,nan,nan,0.12
10/29/2025 17:46:27,1.17.2,PRexp,10,3.99,nan,4,Left,Left,32,2,16,5,nan,nan,0.02
10/29/2025 17:57:52,1.17.2,PRexp,10,3.99,nan,4,Left,Left,33,2,16,5,nan,nan,0.11
10/29/2025 17:57:55,1.17.2,PRexp,10,3.99,nan,4,Left,Left,34,2,16,5,nan,nan,0.08
10/29/2025 17:57:55,1.17.2,PRexp,10,3.99,nan,4,LeftDuringDispense,Left,35,2,16,6,nan,nan,0.00
10/29/2025 17:58:01,1.17.2,PRexp,10,3.99,4,4,Pellet,Left,35,2,17,6,0.72,738,nan
10/29/2025 17:58:26,1.17.2,PRexp,10,3.99,nan,5,Left,Left,36,2,17,6,nan,nan,0.14
10/29/2025 17:58:29,1.17.2,PRexp,10,3.99,nan,5,Left,Left,37,2,17,6,nan,nan,0.24
10/29/2025 17:58:30,1.17.2,PRexp,10,3.99,nan,5,Left,Left,38,2,17,6,nan,nan,0.22
10/29/2025 17:58:31,1.17.2,PRexp,10,3.99,nan,5,Left,Left,39,2,17,6,nan,nan,0.14
10/29/2025 17:58:32,1.17.2,PRexp,10,3.99,nan,5,Left,Left,40,2,17,6,nan,nan,0.12
10/29/2025 17:58:36,1.17.2,PRexp,10,3.99,2,5,Pellet,Left,40,2,18,7,0.33,35,nan
10/29/2025 17:58:59,1.17.2,PRexp,10,3.99,nan,6,Left,Left,41,2,18,7,nan,nan,0.01
10/29/2025 17:59:01,1.17.2,PRexp,10,3.99,nan,6,Left,Left,42,2,18,7,nan,nan,0.10
10/29/2025 18:02:06,1.17.2,PRexp,10,3.99,nan,6,Left,Left,43,2,18,7,nan,nan,0.07
10/29/2025 18:02:07,1.17.2,PRexp,10,3.99,nan,6,Left,Left,44,2,18,7,nan,nan,0.07
10/29/2025 18:02:08,1.17.2,PRexp,10,3.99,nan,6,Left,Left,45,2,18,7,nan,nan,0.13
10/29/2025 18:02:10,1.17.2,PRexp,10,3.99,nan,6,Left,Left,46,2,18,7,nan,nan,0.17
10/29/2025 18:02:34,1.17.2,PRexp,10,3.99,2,6,Pellet,Left,46,2,19,8,21.03,238,nan
10/29/2025 18:08:05,1.17.2,PRexp,10,3.99,nan,7,Left,Left,47,2,19,8,nan,nan,0.11
10/29/2025 18:21:26,1.17.2,PRexp,10,3.98,nan,7,Left,Left,48,2,19,8,nan,nan,0.09
10/29/2025 18:21:28,1.17.2,PRexp,10,3.99,nan,7,Left,Left,49,2,19,8,nan,nan,0.19
10/29/2025 18:21:33,1.17.2,PRexp,10,3.99,nan,7,Left,Left,50,2,19,8,nan,nan,0.15
10/29/2025 18:37:32,1.17.2,PRexp,10,3.99,nan,7,Left,Left,51,2,19,8,nan,nan,0.15
10/29/2025 18:37:36,1.17.2,PRexp,10,3.99,nan,7,Left,Left,52,2,19,8,nan,nan,0.42
10/29/2025 18:37:39,1.17.2,PRexp,10,3.98,nan,7,Left,Left,53,2,19,8,nan,nan,0.15
10/29/2025 18:37:39,1.17.2,PRexp,10,3.98,nan,7,LeftDuringDispense,Left,54,2,19,9,nan,nan,0.07
10/29/2025 18:37:45,1.17.2,PRexp,10,3.99,4,7,Pellet,Left,54,2,20,9,0.55,2111,nan
10/29/2025 18:38:11,1.17.2,PRexp,10,3.98,nan,9,Left,Left,55,2,20,9,nan,nan,0.27
10/29/2025 18:38:34,1.17.2,PRexp,10,3.99,nan,9,Left,Left,56,2,20,9,nan,nan,0.16
10/29/2025 18:38:37,1.17.2,PRexp,10,3.99,nan,9,Left,Left,57,2,20,9,nan,nan,0.19
10/29/2025 18:38:38,1.17.2,PRexp,10,3.98,nan,9,Left,Left,58,2,20,9,nan,nan,0.26
10/29/2025 18:38:40,1.17.2,PRexp,10,3.99,nan,9,Left,Left,59,2,20,9,nan,nan,0.37
10/29/2025 18:38:42,1.17.2,PRexp,10,4.00,nan,9,Left,Left,60,2,20,9,nan,nan,0.21
10/29/2025 18:38:47,1.17.2,PRexp,10,3.99,nan,9,Left,Left,61,2,20,9,nan,nan,0.09
10/29/2025 18:38:49,1.17.2,PRexp,10,3.99,nan,9,Left,Left,62,2,20,9,nan,nan,0.21
10/29/2025 18:38:51,1.17.2,PRexp,10,3.99,nan,9,Left,Left,63,2,20,9,nan,nan,0.21
10/29/2025 18:38:54,1.17.2,PRexp,10,3.99,3,9,Pellet,Left,63,2,21,10,0.38,69,nan
10/29/2025 18:39:17,1.17.2,PRexp,10,3.99,nan,10,Left,Left,64,2,21,10,nan,nan,0.31
10/29/2025 18:39:18,1.17.2,PRexp,10,3.99,nan,10,Left,Left,65,2,21,10,nan,nan,0.79
10/29/2025 18:39:21,1.17.2,PRexp,10,3.99,nan,10,Left,Left,66,2,21,10,nan,nan,0.11
10/29/2025 18:39:22,1.17.2,PRexp,10,3.99,nan,10,Left,Left,67,2,21,10,nan,nan,0.00
10/29/2025 18:39:23,1.17.2,PRexp,10,3.99,nan,10,Left,Left,68,2,21,10,nan,nan,0.22
10/29/2025 18:39:26,1.17.2,PRexp,10,3.99,nan,10,Left,Left,69,2,21,10,nan,nan,0.20
10/29/2025 18:39:32,1.17.2,PRexp,10,3.99,nan,10,Left,Left,70,2,21,10,nan,nan,0.17
10/29/2025 18:39:38,1.17.2,PRexp,10,3.99,nan,10,Left,Left,71,2,21,10,nan,nan,0.08
10/29/2025 18:39:43,1.17.2,PRexp,10,3.99,nan,10,Left,Left,72,2,21,10,nan,nan,0.10
10/29/2025 18:39:44,1.17.2,PRexp,10,3.99,nan,10,Left,Left,73,2,21,10,nan,nan,0.00
10/29/2025 18:39:48,1.17.2,PRexp,10,3.99,3,10,Pellet,Left,73,2,22,11,0.44,54,nan
10/29/2025 18:40:11,1.17.2,PRexp,10,3.99,nan,12,Left,Left,74,2,22,11,nan,nan,0.14
10/29/2025 18:40:15,1.17.2,PRexp,10,3.99,nan,12,Left,Left,75,2,22,11,nan,nan,0.15
10/29/2025 18:40:19,1.17.2,PRexp,10,3.99,nan,12,Left,Left,76,2,22,11,nan,nan,0.19
10/29/2025 18:40:19,1.17.2,PRexp,10,3.98,nan,12,Left,Left,77,2,22,11,nan,nan,0.00
10/29/2025 18:40:20,1.17.2,PRexp,10,3.99,nan,12,Left,Left,78,2,22,11,nan,nan,0.14
10/29/2025 18:40:30,1.17.2,PRexp,10,3.99,nan,12,Left,Left,79,2,22,11,nan,nan,0.02
10/29/2025 19:18:25,1.17.2,PRexp,10,3.99,nan,1,Left,Left,80,2,22,0,nan,nan,0.20
10/29/2025 19:18:29,1.17.2,PRexp,10,3.98,nan,1,LeftDuringDispense,Left,81,2,22,1,nan,nan,0.00
10/29/2025 19:18:33,1.17.2,PRexp,10,3.99,nan,1,LeftWithPellet,Left,82,2,22,1,nan,nan,0.04
10/29/2025 19:18:35,1.17.2,PRexp,10,3.98,nan,1,LeftWithPellet,Left,83,2,22,1,nan,nan,0.15
10/29/2025 19:18:38,1.17.2,PRexp,10,3.98,nan,1,LeftWithPellet,Left,84,2,22,1,nan,nan,0.23
10/29/2025 19:18:41,1.17.2,PRexp,10,3.99,5,1,Pellet,Left,84,2,23,1,8.18,2333,nan
10/29/2025 19:19:16,1.17.2,PRexp,10,3.99,nan,1,Left,Left,85,2,23,1,nan,nan,0.11
10/29/2025 19:19:20,1.17.2,PRexp,10,3.99,3,1,Pellet,Left,85,2,24,2,0.50,39,nan
10/29/2025 19:19:48,1.17.2,PRexp,10,3.98,nan,2,Left,Left,86,2,24,2,nan,nan,0.07
10/29/2025 19:19:50,1.17.2,PRexp,10,3.99,nan,2,Left,Left,87,2,24,2,nan,nan,0.10
10/29/2025 19:19:53,1.17.2,PRexp,10,3.99,3,2,Pellet,Left,87,2,25,3,0.50,33,nan
10/29/2025 19:20:23,1.17.2,PRexp,10,3.98,nan,2,Left,Left,88,2,25,3,nan,nan,0.10
10/29/2025 19:20:30,1.17.2,PRexp,10,3.99,nan,2,Left,Left,89,2,25,3,nan,nan,0.09
10/29/2025 19:20:32,1.17.2,PRexp,10,3.99,2,2,Pellet,Left,89,2,26,4,0.61,39,nan
10/29/2025 19:21:18,1.17.2,PRexp,10,3.99,nan,3,Left,Left,90,2,26,4,nan,nan,0.01
10/29/2025 19:21:26,1.17.2,PRexp,10,3.99,nan,3,Left,Left,91,2,26,4,nan,nan,0.16
10/29/2025 19:21:30,1.17.2,PRexp,10,3.98,nan,3,Left,Left,92,2,26,4,nan,nan,0.13
10/29/2025 19:21:34,1.17.2,PRexp,10,3.99,3,3,Pellet,Left,92,2,27,5,0.33,61,nan
10/29/2025 19:22:08,1.17.2,PRexp,10,3.99,nan,4,Left,Left,93,2,27,5,nan,nan,0.24
10/29/2025 19:22:09,1.17.2,PRexp,10,3.98,nan,4,Left,Left,94,2,27,5,nan,nan,0.10
10/29/2025 19:22:17,1.17.2,PRexp,10,3.98,nan,4,Left,Left,95,2,27,5,nan,nan,0.29
10/29/2025 19:22:23,1.17.2,PRexp,10,3.99,nan,4,Left,Left,96,2,27,5,nan,nan,0.18
10/29/2025 19:22:26,1.17.2,PRexp,10,3.98,2,4,Pellet,Left,96,2,28,6,0.61,53,nan
10/29/2025 19:22:54,1.17.2,PRexp,10,3.98,nan,5,Left,Left,97,2,28,6,nan,nan,0.35
10/29/2025 19:22:55,1.17.2,PRexp,10,3.99,nan,5,Left,Left,98,2,28,6,nan,nan,0.07
10/29/2025 19:22:59,1.17.2,PRexp,10,3.99,nan,5,Left,Left,99,2,28,6,nan,nan,0.25
10/29/2025 19:38:27,1.17.2,PRexp,10,3.98,nan,5,Right,Left,99,3,28,6,nan,nan,0.07
10/29/2025 19:38:29,1.17.2,PRexp,10,3.98,nan,5,Right,Left,99,4,28,6,nan,nan,0.55
10/29/2025 19:38:30,1.17.2,PRexp,10,3.99,nan,5,Right,Left,99,5,28,6,nan,nan,0.02
10/29/2025 19:38:32,1.17.2,PRexp,10,3.99,nan,5,Right,Left,99,6,28,6,nan,nan,0.04
10/29/2025 19:38:52,1.17.2,PRexp,10,3.98,nan,5,Left,Left,100,6,28,6,nan,nan,0.12
10/29/2025 19:38:54,1.17.2,PRexp,10,3.98,nan,5,Left,Left,101,6,28,6,nan,nan,0.11
10/29/2025 19:38:57,1.17.2,PRexp,10,3.98,2,5,Pellet,Left,101,6,29,7,1.72,990,nan
10/29/2025 19:39:37,1.17.2,PRexp,10,3.98,nan,6,Left,Left,102,6,29,7,nan,nan,0.09
10/29/2025 19:40:33,1.17.2,PRexp,10,3.99,nan,6,Left,Left,103,6,29,7,nan,nan,0.09
10/29/2025 19:44:30,1.17.2,PRexp,10,3.98,nan,6,Left,Left,104,6,29,7,nan,nan,0.13
10/29/2025 19:44:31,1.17.2,PRexp,10,3.98,nan,6,Left,Left,105,6,29,7,nan,nan,0.02
10/29/2025 19:47:03,1.17.2,PRexp,10,3.98,nan,6,Left,Left,106,6,29,7,nan,nan,0.09
10/29/2025 19:47:04,1.17.2,PRexp,10,3.98,nan,6,Left,Left,107,6,29,7,nan,nan,0.14
10/29/2025 19:47:19,1.17.2,PRexp,10,3.98,4,6,Pellet,Left,107,6,30,8,9.54,503,nan
10/29/2025 19:47:44,1.17.2,PRexp,10,3.98,nan,7,Left,Left,108,6,30,8,nan,nan,0.13
10/29/2025 19:47:48,1.17.2,PRexp,10,3.99,nan,7,Left,Left,109,6,30,8,nan,nan,0.12
10/29/2025 19:47:55,1.17.2,PRexp,10,3.98,nan,7,Left,Left,110,6,30,8,nan,nan,0.01
10/29/2025 19:49:15,1.17.2,PRexp,10,3.98,nan,7,Right,Left,110,7,30,8,nan,nan,0.12
10/29/2025 19:49:23,1.17.2,PRexp,10,3.98,nan,7,Right,Left,110,8,30,8,nan,nan,0.12
10/29/2025 19:54:03,1.17.2,PRexp,10,3.99,nan,7,Left,Left,111,8,30,8,nan,nan,0.21
10/29/2025 19:54:50,1.17.2,PRexp,10,3.99,nan,7,Left,Left,112,8,30,8,nan,nan,1.34
10/29/2025 19:54:54,1.17.2,PRexp,10,3.98,nan,7,Left,Left,113,8,30,8,nan,nan,0.34
10/29/2025 19:54:55,1.17.2,PRexp,10,3.98,nan,7,Left,Left,114,8,30,8,nan,nan,0.10
10/29/2025 19:55:03,1.17.2,PRexp,10,3.98,5,7,Pellet,Left,114,8,31,9,0.16,464,nan
10/29/2025 19:55:30,1.17.2,PRexp,10,3.98,nan,9,Left,Left,115,8,31,9,nan,nan,0.12
10/29/2025 19:55:55,1.17.2,PRexp,10,3.98,nan,9,Right,Left,115,9,31,9,nan,nan,0.01
10/29/2025 19:56:10,1.17.2,PRexp,10,3.99,nan,9,Left,Left,116,9,31,9,nan,nan,0.03
10/29/2025 19:56:21,1.17.2,PRexp,10,3.98,nan,9,Left,Left,117,9,31,9,nan,nan,0.16
10/29/2025 19:56:23,1.17.2,PRexp,10,3.98,nan,9,Left,Left,118,9,31,9,nan,nan,0.13
10/29/2025 19:56:32,1.17.2,PRexp,10,3.98,nan,9,Left,Left,119,9,31,9,nan,nan,0.11
10/29/2025 19:56:35,1.17.2,PRexp,10,3.98,nan,9,Left,Left,120,9,31,9,nan,nan,0.12
10/29/2025 19:58:11,1.17.2,PRexp,10,3.98,nan,9,Right,Left,120,10,31,9,nan,nan,0.10
10/29/2025 20:03:42,1.17.2,PRexp,10,3.98,nan,9,Right,Left,120,11,31,9,nan,nan,0.01
10/29/2025 20:05:30,1.17.2,PRexp,10,3.98,nan,9,Left,Left,121,11,31,9,nan,nan,0.03
10/29/2025 20:07:03,1.17.2,PRexp,10,3.98,nan,9,Left,Left,122,11,31,9,nan,nan,0.03
10/29/2025 20:09:55,1.17.2,PRexp,10,3.98,nan,9,Left,Left,123,11,31,9,nan,nan,0.13
10/29/2025 20:09:59,1.17.2,PRexp,10,3.98,3,9,Pellet,Left,123,11,32,10,0.83,896,nan
10/29/2025 20:10:24,1.17.2,PRexp,10,3.99,nan,10,Left,Left,124,11,32,10,nan,nan,0.02
10/29/2025 20:10:32,1.17.2,PRexp,10,3.98,nan,10,Left,Left,125,11,32,10,nan,nan,0.13
10/29/2025 20:10:46,1.17.2,PRexp,10,3.99,nan,10,Right,Left,125,12,32,10,nan,nan,0.21
10/29/2025 20:11:19,1.17.2,PRexp,10,3.98,nan,10,Left,Left,126,12,32,10,nan,nan,0.29
10/29/2025 20:11:20,1.17.2,PRexp,10,3.99,nan,10,Left,Left,127,12,32,10,nan,nan,0.03
10/29/2025 20:14:52,1.17.2,PRexp,10,3.98,nan,10,Left,Left,128,12,32,10,nan,nan,0.30
10/29/2025 20:14:54,1.17.2,PRexp,10,3.98,nan,10,Left,Left,129,12,32,10,nan,nan,0.12
10/29/2025 20:15:41,1.17.2,PRexp,10,3.99,nan,10,Left,Left,130,12,32,10,nan,nan,0.15
10/29/2025 20:15:49,1.17.2,PRexp,10,3.98,nan,10,Left,Left,131,12,32,10,nan,nan,0.32
10/29/2025 20:16:03,1.17.2,PRexp,10,3.99,nan,10,Left,Left,132,12,32,10,nan,nan,0.09
10/29/2025 20:16:06,1.17.2,PRexp,10,3.98,nan,10,Left,Left,133,12,32,10,nan,nan,0.04
10/29/2025 20:16:10,1.17.2,PRexp,10,3.98,3,10,Pellet,Left,133,12,33,11,0.11,371,nan
10/29/2025 20:16:37,1.17.2,PRexp,10,3.98,nan,12,Left,Left,134,12,33,11,nan,nan,0.15
10/29/2025 20:16:39,1.17.2,PRexp,10,3.98,nan,12,Left,Left,135,12,33,11,nan,nan,0.22
10/29/2025 20:16:44,1.17.2,PRexp,10,3.99,nan,12,Left,Left,136,12,33,11,nan,nan,0.09
10/29/2025 20:20:33,1.17.2,PRexp,10,3.99,nan,12,Left,Left,137,12,33,11,nan,nan,0.00
10/29/2025 20:22:24,1.17.2,PRexp,10,3.98,nan,12,Left,Left,138,12,33,11,nan,nan,0.12
10/29/2025 20:25:27,1.17.2,PRexp,10,3.98,nan,12,Left,Left,139,12,33,11,nan,nan,0.20
10/29/2025 20:29:58,1.17.2,PRexp,10,3.99,nan,12,Left,Left,140,12,33,11,nan,nan,0.11
10/29/2025 20:30:02,1.17.2,PRexp,10,3.98,nan,12,Left,Left,141,12,33,11,nan,nan,2.21
10/29/2025 20:30:17,1.17.2,PRexp,10,3.98,nan,12,Left,Left,142,12,33,11,nan,nan,0.16
10/29/2025 20:30:32,1.17.2,PRexp,10,3.98,nan,12,Left,Left,143,12,33,11,nan,nan,0.37
10/29/2025 20:30:37,1.17.2,PRexp,10,3.98,nan,12,Left,Left,144,12,33,11,nan,nan,0.69
10/29/2025 20:30:38,1.17.2,PRexp,10,3.99,nan,12,Left,Left,145,12,33,11,nan,nan,0.09
10/29/2025 20:30:42,1.17.2,PRexp,10,3.99,2,12,Pellet,Left,145,12,34,12,0.61,871,nan
10/29/2025 20:32:04,1.17.2,PRexp,10,3.98,nan,13,Left,Left,146,12,34,12,nan,nan,0.16
10/29/2025 20:32:11,1.17.2,PRexp,10,3.99,nan,13,Left,Left,147,12,34,12,nan,nan,0.22
10/29/2025 20:32:16,1.17.2,PRexp,10,3.99,nan,13,Left,Left,148,12,34,12,nan,nan,0.15
10/29/2025 20:32:18,1.17.2,PRexp,10,3.98,nan,13,Left,Left,149,12,34,12,nan,nan,0.22
10/29/2025 20:32:18,1.17.2,PRexp,10,3.99,nan,13,Left,Left,150,12,34,12,nan,nan,0.26
10/29/2025 20:33:28,1.17.2,PRexp,10,3.98,nan,13,Left,Left,151,12,34,12,nan,nan,0.07
10/29/2025 20:39:59,1.17.2,PRexp,10,3.98,nan,13,Left,Left,152,12,34,12,nan,nan,0.31
10/29/2025 20:40:06,1.17.2,PRexp,10,3.98,nan,13,Left,Left,153,12,34,12,nan,nan,0.04
10/29/2025 20:40:08,1.17.2,PRexp,10,3.98,nan,13,Left,Left,154,12,34,12,nan,nan,0.03
10/29/2025 20:40:17,1.17.2,PRexp,10,3.98,nan,13,Left,Left,155,12,34,12,nan,nan,0.12
10/29/2025 20:40:18,1.17.2,PRexp,10,3.98,nan,13,Left,Left,156,12,34,12,nan,nan,0.18
10/29/2025 20:40:19,1.17.2,PRexp,10,3.98,nan,13,Left,Left,157,12,34,12,nan,nan,0.63
10/29/2025 20:40:20,1.17.2,PRexp,10,3.99,nan,13,Left,Left,158,12,34,12,nan,nan,0.00
10/29/2025 20:40:20,1.17.2,PRexp,10,3.99,nan,13,LeftDuringDispense,Left,159,12,34,13,nan,nan,0.02
10/29/2025 20:40:31,1.17.2,PRexp,10,3.98,6,13,Pellet,Left,159,12,35,13,0.66,589,nan
10/29/2025 20:40:59,1.17.2,PRexp,10,3.98,nan,15,Left,Left,160,12,35,13,nan,nan,0.16
10/29/2025 20:41:00,1.17.2,PRexp,10,3.98,nan,15,Left,Left,161,12,35,13,nan,nan,0.23
10/29/2025 20:42:09,1.17.2,PRexp,10,3.98,nan,15,Left,Left,162,12,35,13,nan,nan,0.12
10/29/2025 20:42:13,1.17.2,PRexp,10,3.98,nan,15,Left,Left,163,12,35,13,nan,nan,0.14
10/29/2025 20:42:17,1.17.2,PRexp,10,3.98,nan,15,Left,Left,164,12,35,13,nan,nan,0.19
10/29/2025 20:42:24,1.17.2,PRexp,10,3.98,nan,15,Left,Left,165,12,35,13,nan,nan,0.12
10/29/2025 20:43:18,1.17.2,PRexp,10,3.99,nan,15,Left,Left,166,12,35,13,nan,nan,0.02
10/29/2025 20:43:21,1.17.2,PRexp,10,3.98,nan,15,Left,Left,167,12,35,13,nan,nan,0.06
10/29/2025 20:43:30,1.17.2,PRexp,10,3.98,nan,15,Left,Left,168,12,35,13,nan,nan,0.00
10/29/2025 20:44:43,1.17.2,PRexp,10,3.98,nan,15,Left,Left,169,12,35,13,nan,nan,0.04
10/29/2025 20:44:44,1.17.2,PRexp,10,3.99,nan,15,Left,Left,170,12,35,13,nan,nan,0.13
10/29/2025 20:44:45,1.17.2,PRexp,10,3.98,nan,15,Left,Left,171,12,35,13,nan,nan,0.00
10/29/2025 20:45:40,1.17.2,PRexp,10,3.98,nan,15,Left,Left,172,12,35,13,nan,nan,0.25
10/29/2025 20:45:50,1.17.2,PRexp,10,3.98,nan,15,Left,Left,173,12,35,13,nan,nan,0.19
10/29/2025 20:45:52,1.17.2,PRexp,10,3.98,nan,15,Left,Left,174,12,35,13,nan,nan,0.12
10/29/2025 20:45:55,1.17.2,PRexp,10,3.98,3,15,Pellet,Left,174,12,36,14,0.61,325,nan
10/29/2025 20:46:22,1.17.2,PRexp,10,3.98,nan,17,Left,Left,175,12,36,14,nan,nan,0.15
10/29/2025 20:46:33,1.17.2,PRexp,10,3.98,nan,17,Left,Left,176,12,36,14,nan,nan,0.01
10/29/2025 20:46:42,1.17.2,PRexp,10,3.98,nan,17,Left,Left,177,12,36,14,nan,nan,0.19
10/29/2025 20:46:44,1.17.2,PRexp,10,3.98,nan,17,Left,Left,178,12,36,14,nan,nan,0.12
10/29/2025 20:46:46,1.17.2,PRexp,10,3.98,nan,17,Left,Left,179,12,36,14,nan,nan,0.22
10/29/2025 20:46:48,1.17.2,PRexp,10,3.98,nan,17,Left,Left,180,12,36,14,nan,nan,0.13
10/29/2025 20:49:50,1.17.2,PRexp,10,3.98,nan,17,Left,Left,181,12,36,14,nan,nan,0.17
10/29/2025 20:59:00,1.17.2,PRexp,10,3.98,nan,17,Right,Left,181,13,36,14,nan,nan,0.07
10/29/2025 20:59:03,1.17.2,PRexp,10,3.98,nan,17,Right,Left,181,14,36,14,nan,nan,1.47
10/29/2025 21:01:51,1.17.2,PRexp,10,3.98,nan,17,Left,Left,182,14,36,14,nan,nan,0.02
10/29/2025 21:03:13,1.17.2,PRexp,10,3.98,nan,17,Left,Left,183,14,36,14,nan,nan,0.14
10/29/2025 21:03:25,1.17.2,PRexp,10,3.98,nan,17,Left,Left,184,14,36,14,nan,nan,0.11
10/29/2025 21:03:26,1.17.2,PRexp,10,3.99,nan,17,Left,Left,185,14,36,14,nan,nan,0.08
10/29/2025 21:03:32,1.17.2,PRexp,10,3.98,nan,17,Left,Left,186,14,36,14,nan,nan,0.13
10/29/2025 21:03:34,1.17.2,PRexp,10,3.98,nan,17,Left,Left,187,14,36,14,nan,nan,0.15
10/29/2025 21:10:13,1.17.2,PRexp,10,3.98,nan,17,Left,Left,188,14,36,14,nan,nan,0.13
10/29/2025 21:10:40,1.17.2,PRexp,10,3.98,nan,17,Left,Left,189,14,36,14,nan,nan,0.21
10/29/2025 21:10:55,1.17.2,PRexp,10,3.98,nan,17,Right,Left,189,15,36,14,nan,nan,0.48
10/29/2025 21:11:02,1.17.2,PRexp,10,3.98,nan,17,Left,Left,190,15,36,14,nan,nan,0.12
10/29/2025 21:11:04,1.17.2,PRexp,10,3.98,nan,17,Left,Left,191,15,36,14,nan,nan,0.15
10/29/2025 21:11:07,1.17.2,PRexp,10,3.98,nan,17,LeftDuringDispense,Left,192,15,36,15,nan,nan,0.01
10/29/2025 21:11:10,1.17.2,PRexp,10,3.98,4,17,Pellet,Left,192,15,37,15,0.39,1515,nan
10/29/2025 21:23:53,1.17.2,PRexp,10,3.98,nan,20,Right,Left,192,16,37,15,nan,nan,0.22
10/29/2025 21:23:54,1.17.2,PRexp,10,3.99,nan,20,Right,Left,192,17,37,15,nan,nan,0.04
10/29/2025 21:23:59,1.17.2,PRexp,10,3.98,nan,20,Left,Left,193,17,37,15,nan,nan,0.03
10/29/2025 21:24:03,1.17.2,PRexp,10,3.98,nan,20,Left,Left,194,17,37,15,nan,nan,0.83
10/29/2025 21:24:04,1.17.2,PRexp,10,3.98,nan,20,Left,Left,195,17,37,15,nan,nan,0.33
10/29/2025 21:24:05,1.17.2,PRexp,10,3.98,nan,20,Left,Left,196,17,37,15,nan,nan,0.20
10/29/2025 21:24:08,1.17.2,PRexp,10,3.98,nan,20,Left,Left,197,17,37,15,nan,nan,0.69
10/29/2025 21:24:09,1.17.2,PRexp,10,3.98,nan,20,Left,Left,198,17,37,15,nan,nan,0.32
10/29/2025 21:24:12,1.17.2,PRexp,10,3.98,nan,20,Left,Left,199,17,37,15,nan,nan,0.11
10/29/2025 21:24:23,1.17.2,PRexp,10,3.98,nan,20,Right,Left,199,18,37,15,nan,nan,0.11
10/29/2025 21:32:46,1.17.2,PRexp,10,3.98,nan,20,Right,Left,199,19,37,15,nan,nan,0.03
10/29/2025 21:33:05,1.17.2,PRexp,10,3.98,nan,20,Left,Left,200,19,37,15,nan,nan,0.09
10/29/2025 21:33:06,1.17.2,PRexp,10,3.98,nan,20,Left,Left,201,19,37,15,nan,nan,0.17
10/29/2025 21:33:10,1.17.2,PRexp,10,3.98,nan,20,Left,Left,202,19,37,15,nan,nan,0.09
10/29/2025 21:33:11,1.17.2,PRexp,10,3.98,nan,20,Left,Left,203,19,37,15,nan,nan,0.10
10/29/2025 21:33:22,1.17.2,PRexp,10,3.98,nan,20,Left,Left,204,19,37,15,nan,nan,0.09
10/29/2025 21:33:23,1.17.2,PRexp,10,3.98,nan,20,Left,Left,205,19,37,15,nan,nan,0.39
10/29/2025 21:33:35,1.17.2,PRexp,10,3.98,nan,20,Left,Left,206,19,37,15,nan,nan,0.52
10/29/2025 21:33:36,1.17.2,PRexp,10,3.98,nan,20,Left,Left,207,19,37,15,nan,nan,0.20
10/29/2025 21:33:39,1.17.2,PRexp,10,3.98,nan,20,Left,Left,208,19,37,15,nan,nan,0.15
10/29/2025 21:42:10,1.17.2,PRexp,10,3.98,nan,20,Right,Left,208,20,37,15,nan,nan,0.10
10/29/2025 21:42:12,1.17.2,PRexp,10,3.98,nan,20,Right,Left,208,21,37,15,nan,nan,0.11
10/29/2025 21:42:41,1.17.2,PRexp,10,3.98,nan,20,Left,Left,209,21,37,15,nan,nan,0.00
10/29/2025 21:44:35,1.17.2,PRexp,10,3.98,nan,20,Left,Left,210,21,37,15,nan,nan,0.05
10/29/2025 21:44:39,1.17.2,PRexp,10,3.98,nan,20,Left,Left,211,21,37,15,nan,nan,0.17
10/29/2025 21:45:51,1.17.2,PRexp,10,3.98,nan,20,Left,Left,212,21,37,15,nan,nan,0.07
10/29/2025 21:45:57,1.17.2,PRexp,10,3.98,4,20,Pellet,Left,212,21,38,16,0.27,2087,nan
10/29/2025 21:50:26,1.17.2,PRexp,10,3.98,nan,22,Left,Left,213,21,38,16,nan,nan,0.23
10/29/2025 21:50:27,1.17.2,PRexp,10,3.98,nan,22,Left,Left,214,21,38,16,nan,nan,0.10
10/29/2025 21:50:33,1.17.2,PRexp,10,3.98,nan,22,Left,Left,215,21,38,16,nan,nan,0.16
10/29/2025 21:50:37,1.17.2,PRexp,10,3.98,nan,22,Left,Left,216,21,38,16,nan,nan,0.25
10/29/2025 21:51:23,1.17.2,PRexp,10,3.98,nan,22,Right,Left,216,22,38,16,nan,nan,0.10
10/29/2025 21:51:29,1.17.2,PRexp,10,3.98,nan,22,Right,Left,216,23,38,16,nan,nan,0.19
10/29/2025 22:00:57,1.17.2,PRexp,10,3.98,nan,22,Left,Left,217,23,38,16,nan,nan,0.15
10/29/2025 22:01:06,1.17.2,PRexp,10,3.98,nan,22,Right,Left,217,24,38,16,nan,nan,0.09
10/29/2025 22:01:08,1.17.2,PRexp,10,3.98,nan,22,Right,Left,217,25,38,16,nan,nan,0.05
10/29/2025 22:01:27,1.17.2,PRexp,10,3.98,nan,22,Left,Left,218,25,38,16,nan,nan,0.06
10/29/2025 22:01:29,1.17.2,PRexp,10,3.98,nan,22,Left,Left,219,25,38,16,nan,nan,0.20
10/29/2025 22:01:33,1.17.2,PRexp,10,3.98,nan,22,Left,Left,220,25,38,16,nan,nan,0.11
10/29/2025 22:01:34,1.17.2,PRexp,10,3.98,nan,22,Left,Left,221,25,38,16,nan,nan,0.17
10/29/2025 22:01:44,1.17.2,PRexp,10,3.98,nan,22,Right,Left,221,26,38,16,nan,nan,0.19
10/29/2025 22:01:50,1.17.2,PRexp,10,3.98,nan,22,Left,Left,222,26,38,16,nan,nan,0.20
10/29/2025 22:01:50,1.17.2,PRexp,10,3.98,nan,22,Left,Left,223,26,38,16,nan,nan,0.00
10/29/2025 22:01:51,1.17.2,PRexp,10,3.98,nan,22,Left,Left,224,26,38,16,nan,nan,0.13
10/29/2025 22:01:57,1.17.2,PRexp,10,3.98,nan,22,Left,Left,225,26,38,16,nan,nan,0.11
10/29/2025 22:02:39,1.17.2,PRexp,10,3.98,nan,22,Right,Left,225,27,38,16,nan,nan,0.13
10/29/2025 22:07:39,1.17.2,PRexp,10,3.98,nan,22,Left,Left,226,27,38,16,nan,nan,0.10
10/29/2025 22:07:40,1.17.2,PRexp,10,3.98,nan,22,Left,Left,227,27,38,16,nan,nan,0.14
10/29/2025 22:07:42,1.17.2,PRexp,10,3.98,nan,22,Left,Left,228,27,38,16,nan,nan,0.19
10/29/2025 22:07:45,1.17.2,PRexp,10,3.98,nan,22,Left,Left,229,27,38,16,nan,nan,0.14
10/29/2025 22:08:25,1.17.2,PRexp,10,3.98,nan,22,Left,Left,230,27,38,16,nan,nan,0.10
10/29/2025 22:08:26,1.17.2,PRexp,10,3.98,nan,22,Left,Left,231,27,38,16,nan,nan,0.20
10/29/2025 22:08:28,1.17.2,PRexp,10,3.98,nan,22,Left,Left,232,27,38,16,nan,nan,0.14
10/29/2025 22:08:32,1.17.2,PRexp,10,3.98,nan,22,Left,Left,233,27,38,16,nan,nan,0.17
10/29/2025 22:08:35,1.17.2,PRexp,10,3.98,nan,22,Left,Left,234,27,38,16,nan,nan,0.15
10/29/2025 22:08:41,1.17.2,PRexp,10,3.98,4,22,Pellet,Left,234,27,39,17,0.38,1363,nan
10/29/2025 22:14:56,1.17.2,PRexp,10,3.98,nan,25,Left,Left,235,27,39,17,nan,nan,0.01
10/29/2025 22:15:01,1.17.2,PRexp,10,3.98,nan,25,Right,Left,235,28,39,17,nan,nan,0.11
10/29/2025 22:20:27,1.17.2,PRexp,10,3.98,nan,25,Left,Left,236,28,39,17,nan,nan,0.09
10/29/2025 22:20:42,1.17.2,PRexp,10,3.98,nan,25,Left,Left,237,28,39,17,nan,nan,0.16
10/29/2025 22:21:02,1.17.2,PRexp,10,3.98,nan,25,Left,Left,238,28,39,17,nan,nan,0.08
10/29/2025 22:25:41,1.17.2,PRexp,10,3.98,nan,25,Right,Left,238,29,39,17,nan,nan,0.07
10/29/2025 22:27:42,1.17.2,PRexp,10,3.98,nan,25,Right,Left,238,30,39,17,nan,nan,0.06
10/29/2025 22:30:32,1.17.2,PRexp,10,3.98,nan,25,Left,Left,239,30,39,17,nan,nan,0.02
10/29/2025 22:30:36,1.17.2,PRexp,10,3.98,nan,25,Left,Left,240,30,39,17,nan,nan,0.14
10/29/2025 22:35:38,1.17.2,PRexp,10,3.98,nan,25,Left,Left,241,30,39,17,nan,nan,0.06
10/29/2025 22:35:41,1.17.2,PRexp,10,3.98,nan,25,Left,Left,242,30,39,17,nan,nan,0.11
10/29/2025 22:35:43,1.17.2,PRexp,10,3.98,nan,25,Left,Left,243,30,39,17,nan,nan,0.28
10/29/2025 22:36:11,1.17.2,PRexp,10,3.98,nan,25,Left,Left,244,30,39,17,nan,nan,0.07
10/29/2025 22:43:26,1.17.2,PRexp,10,3.98,nan,25,Left,Left,245,30,39,17,nan,nan,0.17
10/29/2025 22:44:07,1.17.2,PRexp,10,3.98,nan,25,Left,Left,246,30,39,17,nan,nan,0.10
10/29/2025 23:05:22,1.17.2,PRexp,10,3.98,nan,25,Left,Left,247,30,39,17,nan,nan,0.12
10/29/2025 23:05:23,1.17.2,PRexp,10,3.98,nan,25,Left,Left,248,30,39,17,nan,nan,0.00
10/29/2025 23:05:24,1.17.2,PRexp,10,3.98,nan,25,Left,Left,249,30,39,17,nan,nan,0.00
10/29/2025 23:05:32,1.17.2,PRexp,10,3.98,nan,25,Left,Left,250,30,39,17,nan,nan,0.32
10/29/2025 23:05:33,1.17.2,PRexp,10,3.98,nan,25,Left,Left,251,30,39,17,nan,nan,0.02
10/29/2025 23:05:35,1.17.2,PRexp,10,3.98,nan,25,Left,Left,252,30,39,17,nan,nan,0.26
10/29/2025 23:05:50,1.17.2,PRexp,10,3.98,nan,25,Left,Left,253,30,39,17,nan,nan,0.29
10/29/2025 23:05:51,1.17.2,PRexp,10,3.98,nan,25,Left,Left,254,30,39,17,nan,nan,0.00
10/29/2025 23:05:51,1.17.2,PRexp,10,3.98,nan,25,Left,Left,255,30,39,17,nan,nan,0.00
10/29/2025 23:05:52,1.17.2,PRexp,10,3.98,nan,25,Left,Left,256,30,39,17,nan,nan,0.13
10/29/2025 23:06:04,1.17.2,PRexp,10,3.98,nan,25,Left,Left,257,30,39,17,nan,nan,0.14
10/29/2025 23:06:05,1.17.2,PRexp,10,3.98,nan,25,Left,Left,258,30,39,17,nan,nan,0.00
10/29/2025 23:06:37,1.17.2,PRexp,10,3.98,nan,25,Left,Left,259,30,39,17,nan,nan,0.02
10/29/2025 23:06:41,1.17.2,PRexp,10,3.98,3,25,Pellet,Left,259,30,40,18,0.33,3481,nan
10/29/2025 23:07:04,1.17.2,PRexp,10,3.98,nan,28,Left,Left,260,30,40,18,nan,nan,0.02
10/29/2025 23:07:05,1.17.2,PRexp,10,3.98,nan,28,Left,Left,261,30,40,18,nan,nan,0.17
10/29/2025 23:07:07,1.17.2,PRexp,10,3.98,nan,28,Left,Left,262,30,40,18,nan,nan,0.80
10/29/2025 23:07:23,1.17.2,PRexp,10,3.98,nan,28,Left,Left,263,30,40,18,nan,nan,0.28
10/29/2025 23:07:35,1.17.2,PRexp,10,3.98,nan,28,Right,Left,263,31,40,18,nan,nan,0.04
10/29/2025 23:07:46,1.17.2,PRexp,10,3.98,nan,28,Left,Left,264,31,40,18,nan,nan,0.15
10/29/2025 23:07:46,1.17.2,PRexp,10,3.98,nan,28,Left,Left,265,31,40,18,nan,nan,0.00
10/29/2025 23:07:47,1.17.2,PRexp,10,3.98,nan,28,Left,Left,266,31,40,18,nan,nan,0.30
10/29/2025 23:07:48,1.17.2,PRexp,10,3.98,nan,28,Left,Left,267,31,40,18,nan,nan,0.24
10/29/2025 23:07:58,1.17.2,PRexp,10,3.98,nan,28,Left,Left,268,31,40,18,nan,nan,0.14
10/29/2025 23:08:32,1.17.2,PRexp,10,3.98,nan,28,Left,Left,269,31,40,18,nan,nan,0.09
10/29/2025 23:08:38,1.17.2,PRexp,10,3.98,nan,28,Left,Left,270,31,40,18,nan,nan,0.21
10/29/2025 23:08:41,1.17.2,PRexp,10,3.98,nan,28,Left,Left,271,31,40,18,nan,nan,0.73
10/29/2025 23:08:42,1.17.2,PRexp,10,3.98,nan,28,Left,Left,272,31,40,18,nan,nan,0.23
10/29/2025 23:08:43,1.17.2,PRexp,10,3.98,nan,28,Left,Left,273,31,40,18,nan,nan,0.02
10/29/2025 23:08:43,1.17.2,PRexp,10,3.98,nan,28,Left,Left,274,31,40,18,nan,nan,0.00
10/29/2025 23:08:44,1.17.2,PRexp,10,3.98,nan,28,Left,Left,275,31,40,18,nan,nan,0.05
10/29/2025 23:08:49,1.17.2,PRexp,10,3.98,nan,28,Left,Left,276,31,40,18,nan,nan,0.18
10/29/2025 23:08:49,1.17.2,PRexp,10,3.98,nan,28,Left,Left,277,31,40,18,nan,nan,0.14
10/29/2025 23:08:54,1.17.2,PRexp,10,3.98,nan,28,Left,Left,278,31,40,18,nan,nan,0.15
10/29/2025 23:09:07,1.17.2,PRexp,10,3.98,nan,28,Left,Left,279,31,40,18,nan,nan,0.01
10/29/2025 23:09:57,1.17.2,PRexp,10,3.98,nan,28,Left,Left,280,31,40,18,nan,nan,0.09
10/29/2025 23:09:58,1.17.2,PRexp,10,3.98,nan,28,Left,Left,281,31,40,18,nan,nan,0.08
10/29/2025 23:09:59,1.17.2,PRexp,10,3.98,nan,28,Left,Left,282,31,40,18,nan,nan,0.16
10/29/2025 23:10:01,1.17.2,PRexp,10,3.98,nan,28,Left,Left,283,31,40,18,nan,nan,0.05
10/29/2025 23:10:03,1.17.2,PRexp,10,3.98,nan,28,Left,Left,284,31,40,18,nan,nan,0.11
10/29/2025 23:10:04,1.17.2,PRexp,10,3.98,nan,28,Left,Left,285,31,40,18,nan,nan,0.14
10/29/2025 23:10:22,1.17.2,PRexp,10,3.98,nan,28,Right,Left,285,32,40,18,nan,nan,0.75
10/29/2025 23:10:36,1.17.2,PRexp,10,3.98,nan,28,Left,Left,286,32,40,18,nan,nan,0.02
10/29/2025 23:10:39,1.17.2,PRexp,10,3.98,nan,28,Left,Left,287,32,40,18,nan,nan,0.18
10/29/2025 23:10:43,1.17.2,PRexp,10,3.98,3,28,Pellet,Left,287,32,41,19,0.22,241,nan
10/29/2025 23:11:28,1.17.2,PRexp,10,3.98,nan,32,Left,Left,288,32,41,19,nan,nan,0.04
10/29/2025 23:11:39,1.17.2,PRexp,10,3.98,nan,32,Left,Left,289,32,41,19,nan,nan,0.22
10/29/2025 23:16:16,1.17.2,PRexp,10,3.98,nan,32,Left,Left,290,32,41,19,nan,nan,0.08
10/29/2025 23:16:23,1.17.2,PRexp,10,3.98,nan,32,Left,Left,291,32,41,19,nan,nan,0.68
10/29/2025 23:16:29,1.17.2,PRexp,10,3.98,nan,32,Left,Left,292,32,41,19,nan,nan,0.01
10/29/2025 23:16:29,1.17.2,PRexp,10,3.98,nan,32,Left,Left,293,32,41,19,nan,nan,0.07
10/29/2025 23:16:31,1.17.2,PRexp,10,3.98,nan,32,Left,Left,294,32,41,19,nan,nan,0.09
10/29/2025 23:16:31,1.17.2,PRexp,10,3.98,nan,32,Left,Left,295,32,41,19,nan,nan,0.00
10/29/2025 23:16:32,1.17.2,PRexp,10,3.98,nan,32,Left,Left,296,32,41,19,nan,nan,0.00
10/29/2025 23:17:19,1.17.2,PRexp,10,3.98,nan,32,Left,Left,297,32,41,19,nan,nan,0.09
10/29/2025 23:32:34,1.17.2,PRexp,10,3.98,nan,32,Right,Left,297,33,41,19,nan,nan,0.00
10/29/2025 23:36:06,1.17.2,PRexp,10,3.98,nan,32,Left,Left,298,33,41,19,nan,nan,0.10
10/29/2025 23:36:13,1.17.2,PRexp,10,3.98,nan,32,Left,Left,299,33,41,19,nan,nan,0.08
10/29/2025 23:38:13,1.17.2,PRexp,10,3.98,nan,32,Right,Left,299,34,41,19,nan,nan,0.13
10/29/2025 23:38:15,1.17.2,PRexp,10,3.98,nan,32,Left,Left,300,34,41,19,nan,nan,0.20
10/29/2025 23:38:18,1.17.2,PRexp,10,3.98,nan,32,Left,Left,301,34,41,19,nan,nan,0.34
10/29/2025 23:38:23,1.17.2,PRexp,10,3.98,nan,32,Right,Left,301,35,41,19,nan,nan,0.18
10/29/2025 23:38:25,1.17.2,PRexp,10,3.98,nan,32,Right,Left,301,36,41,19,nan,nan,0.13
10/29/2025 23:39:53,1.17.2,PRexp,10,3.98,nan,32,Left,Left,302,36,41,19,nan,nan,0.18
10/29/2025 23:39:55,1.17.2,PRexp,10,3.98,nan,32,Left,Left,303,36,41,19,nan,nan,0.13
10/29/2025 23:39:55,1.17.2,PRexp,10,3.98,nan,32,Left,Left,304,36,41,19,nan,nan,0.00
10/29/2025 23:45:18,1.17.2,PRexp,10,3.98,nan,32,Left,Left,305,36,41,19,nan,nan,0.03
10/29/2025 23:45:19,1.17.2,PRexp,10,3.98,nan,32,Left,Left,306,36,41,19,nan,nan,0.02
10/29/2025 23:58:20,1.17.2,PRexp,10,3.98,nan,32,Left,Left,307,36,41,19,nan,nan,0.00
10/29/2025 23:58:21,1.17.2,PRexp,10,3.98,nan,32,Left,Left,308,36,41,19,nan,nan,0.15
10/29/2025 23:58:24,1.17.2,PRexp,10,3.98,nan,32,Left,Left,309,36,41,19,nan,nan,0.14
10/30/2025 0:03:41,1.17.2,PRexp,10,3.98,nan,32,Right,Left,309,37,41,19,nan,nan,0.16
10/30/2025 0:05:42,1.17.2,PRexp,10,3.98,nan,32,Left,Left,310,37,41,19,nan,nan,0.20
10/30/2025 0:06:09,1.17.2,PRexp,10,3.98,nan,32,Left,Left,311,37,41,19,nan,nan,0.17
10/30/2025 0:06:10,1.17.2,PRexp,10,3.98,nan,32,Left,Left,312,37,41,19,nan,nan,0.04
10/30/2025 0:06:21,1.17.2,PRexp,10,3.98,nan,32,Left,Left,313,37,41,19,nan,nan,0.28
10/30/2025 0:27:12,1.17.2,PRexp,10,3.98,nan,32,Left,Left,314,37,41,19,nan,nan,0.09
10/30/2025 2:11:47,1.17.2,PRexp,10,3.98,nan,1,Left,Left,315,37,41,0,nan,nan,0.20
10/30/2025 2:11:53,1.17.2,PRexp,10,3.97,4,1,Pellet,Left,315,37,42,1,0.16,10871,nan
10/30/2025 2:12:33,1.17.2,PRexp,10,3.97,nan,1,Left,Left,316,37,42,1,nan,nan,0.02
10/30/2025 2:12:39,1.17.2,PRexp,10,3.97,4,1,Pellet,Left,316,37,43,2,0.33,46,nan
10/30/2025 2:13:17,1.17.2,PRexp,10,3.97,nan,2,Left,Left,317,37,43,2,nan,nan,0.11
10/30/2025 2:13:18,1.17.2,PRexp,10,3.97,nan,2,Left,Left,318,37,43,2,nan,nan,0.00
10/30/2025 2:13:18,1.17.2,PRexp,10,3.97,nan,2,LeftDuringDispense,Left,319,37,43,3,nan,nan,0.17
10/30/2025 2:13:19,1.17.2,PRexp,10,3.97,nan,2,LeftDuringDispense,Left,320,37,43,3,nan,nan,0.07
10/30/2025 2:13:20,1.17.2,PRexp,10,3.97,nan,2,LeftDuringDispense,Left,321,37,43,3,nan,nan,0.37
10/30/2025 2:13:25,1.17.2,PRexp,10,3.97,4,2,Pellet,Left,321,37,44,3,0.61,46,nan
10/30/2025 2:14:03,1.17.2,PRexp,10,3.97,nan,2,Left,Left,322,37,44,3,nan,nan,0.26
10/30/2025 2:14:10,1.17.2,PRexp,10,3.98,nan,2,Left,Left,323,37,44,3,nan,nan,0.15
10/30/2025 2:14:15,1.17.2,PRexp,10,3.97,4,2,Pellet,Left,323,37,45,4,0.05,50,nan
10/30/2025 2:17:48,1.17.2,PRexp,10,3.97,nan,3,Left,Left,324,37,45,4,nan,nan,0.04
10/30/2025 2:18:49,1.17.2,PRexp,10,3.97,nan,3,Left,Left,325,37,45,4,nan,nan,0.37
10/30/2025 2:18:59,1.17.2,PRexp,10,3.98,nan,3,Left,Left,326,37,45,4,nan,nan,0.22
10/30/2025 2:19:17,1.17.2,PRexp,10,3.96,9,3,Pellet,Left,326,37,46,5,0.55,302,nan
10/30/2025 2:19:47,1.17.2,PRexp,10,3.98,nan,4,Left,Left,327,37,46,5,nan,nan,0.03
10/30/2025 2:20:44,1.17.2,PRexp,10,3.97,nan,4,Right,Left,327,38,46,5,nan,nan,0.10
10/30/2025 2:21:48,1.17.2,PRexp,10,3.98,nan,4,Left,Left,328,38,46,5,nan,nan,0.23
10/30/2025 2:22:38,1.17.2,PRexp,10,3.98,nan,4,Left,Left,329,38,46,5,nan,nan,0.23
10/30/2025 2:22:40,1.17.2,PRexp,10,3.97,nan,4,Left,Left,330,38,46,5,nan,nan,0.72
10/30/2025 2:22:46,1.17.2,PRexp,10,3.97,4,4,Pellet,Left,330,38,47,6,0.16,209,nan
10/30/2025 2:29:11,1.17.2,PRexp,10,3.97,nan,5,Left,Left,331,38,47,6,nan,nan,0.02
10/30/2025 2:29:19,1.17.2,PRexp,10,3.98,nan,5,Left,Left,332,38,47,6,nan,nan,0.23
10/30/2025 2:29:20,1.17.2,PRexp,10,3.97,nan,5,Left,Left,333,38,47,6,nan,nan,0.17
10/30/2025 2:29:21,1.17.2,PRexp,10,3.97,nan,5,Left,Left,334,38,47,6,nan,nan,0.15
10/30/2025 2:29:24,1.17.2,PRexp,10,3.96,nan,5,Left,Left,335,38,47,6,nan,nan,0.12
10/30/2025 2:29:27,1.17.2,PRexp,10,3.98,3,5,Pellet,Left,335,38,48,7,0.27,401,nan
10/30/2025 2:30:00,1.17.2,PRexp,10,3.96,nan,6,Left,Left,336,38,48,7,nan,nan,0.21
10/30/2025 2:30:02,1.17.2,PRexp,10,3.97,nan,6,Left,Left,337,38,48,7,nan,nan,0.77
10/30/2025 2:31:45,1.17.2,PRexp,10,3.97,nan,6,Left,Left,338,38,48,7,nan,nan,0.08
10/30/2025 2:31:46,1.17.2,PRexp,10,3.97,nan,6,Left,Left,339,38,48,7,nan,nan,0.24
10/30/2025 2:31:54,1.17.2,PRexp,10,3.97,nan,6,Left,Left,340,38,48,7,nan,nan,0.06
10/30/2025 2:31:56,1.17.2,PRexp,10,3.97,nan,6,Left,Left,341,38,48,7,nan,nan,0.11
10/30/2025 2:32:01,1.17.2,PRexp,10,3.97,4,6,Pellet,Left,341,38,49,8,0.05,154,nan
10/30/2025 2:34:28,1.17.2,PRexp,10,3.97,nan,7,Left,Left,342,38,49,8,nan,nan,0.02
10/30/2025 2:34:30,1.17.2,PRexp,10,3.97,nan,7,Left,Left,343,38,49,8,nan,nan,0.84
10/30/2025 2:34:33,1.17.2,PRexp,10,3.97,nan,7,Left,Left,344,38,49,8,nan,nan,0.17
10/30/2025 2:34:34,1.17.2,PRexp,10,3.97,nan,7,Left,Left,345,38,49,8,nan,nan,0.20
10/30/2025 2:34:36,1.17.2,PRexp,10,3.97,nan,7,Left,Left,346,38,49,8,nan,nan,0.07
10/30/2025 2:34:41,1.17.2,PRexp,10,3.98,nan,7,Left,Left,347,38,49,8,nan,nan,0.20
10/30/2025 2:34:54,1.17.2,PRexp,10,3.98,nan,7,Left,Left,348,38,49,8,nan,nan,0.03
10/30/2025 2:35:00,1.17.2,PRexp,10,3.96,4,7,Pellet,Left,348,38,50,9,0.05,179,nan
10/30/2025 2:35:30,1.17.2,PRexp,10,3.97,nan,9,Left,Left,349,38,50,9,nan,nan,0.23
10/30/2025 2:35:33,1.17.2,PRexp,10,3.97,nan,9,Left,Left,350,38,50,9,nan,nan,0.49
10/30/2025 2:35:34,1.17.2,PRexp,10,3.97,nan,9,Left,Left,351,38,50,9,nan,nan,0.20
10/30/2025 2:35:38,1.17.2,PRexp,10,3.97,nan,9,Left,Left,352,38,50,9,nan,nan,0.13
10/30/2025 2:37:29,1.17.2,PRexp,10,3.97,nan,9,Left,Left,353,38,50,9,nan,nan,0.19
10/30/2025 2:39:44,1.17.2,PRexp,10,3.97,nan,9,Left,Left,354,38,50,9,nan,nan,0.12
10/30/2025 2:40:15,1.17.2,PRexp,10,3.97,nan,9,Left,Left,355,38,50,9,nan,nan,0.12
10/30/2025 2:44:27,1.17.2,PRexp,10,3.97,nan,9,Left,Left,356,38,50,9,nan,nan,0.01
10/30/2025 2:44:31,1.17.2,PRexp,10,3.97,nan,9,Left,Left,357,38,50,9,nan,nan,0.08
10/30/2025 2:44:36,1.17.2,PRexp,10,3.97,3,9,Pellet,Left,357,38,51,10,0.22,576,nan
10/30/2025 2:44:59,1.17.2,PRexp,10,3.97,nan,10,Left,Left,358,38,51,10,nan,nan,0.47
10/30/2025 2:45:00,1.17.2,PRexp,10,3.97,nan,10,Left,Left,359,38,51,10,nan,nan,0.58
10/30/2025 2:45:05,1.17.2,PRexp,10,3.97,nan,10,Left,Left,360,38,51,10,nan,nan,0.18
10/30/2025 2:45:06,1.17.2,PRexp,10,3.97,nan,10,Left,Left,361,38,51,10,nan,nan,0.22
10/30/2025 2:45:09,1.17.2,PRexp,10,3.97,nan,10,Left,Left,362,38,51,10,nan,nan,0.18
10/30/2025 2:45:10,1.17.2,PRexp,10,3.97,nan,10,Left,Left,363,38,51,10,nan,nan,0.00
10/30/2025 3:05:36,1.17.2,PRexp,10,3.97,nan,10,Left,Left,364,38,51,10,nan,nan,0.08
10/30/2025 3:05:37,1.17.2,PRexp,10,3.96,nan,10,Left,Left,365,38,51,10,nan,nan,0.00
10/30/2025 3:05:40,1.17.2,PRexp,10,3.97,nan,10,Left,Left,366,38,51,10,nan,nan,0.01
10/30/2025 3:05:48,1.17.2,PRexp,10,3.97,nan,10,Left,Left,367,38,51,10,nan,nan,0.01
10/30/2025 3:06:06,1.17.2,PRexp,10,3.97,4,10,Pellet,Left,367,38,52,11,12.91,1290,nan
10/30/2025 3:07:39,1.17.2,PRexp,10,3.97,nan,12,Left,Left,368,38,52,11,nan,nan,0.13
10/30/2025 3:08:08,1.17.2,PRexp,10,3.97,nan,12,Right,Left,368,39,52,11,nan,nan,0.05
10/30/2025 4:40:08,1.17.2,PRexp,10,3.97,nan,1,Left,Left,369,39,52,0,nan,nan,0.34
10/30/2025 4:40:12,1.17.2,PRexp,10,3.97,nan,1,LeftDuringDispense,Left,370,39,52,1,nan,nan,0.46
10/30/2025 4:40:17,1.17.2,PRexp,10,3.96,4,1,Pellet,Left,370,39,53,1,2.28,5651,nan
10/30/2025 4:41:09,1.17.2,PRexp,10,3.96,nan,1,Left,Left,371,39,53,1,nan,nan,0.19
10/30/2025 4:41:18,1.17.2,PRexp,10,3.96,5,1,Pellet,Left,371,39,54,2,0.89,61,nan
10/30/2025 4:42:05,1.17.2,PRexp,10,3.97,nan,2,Left,Left,372,39,54,2,nan,nan,0.38
10/30/2025 4:42:08,1.17.2,PRexp,10,3.96,nan,2,Left,Left,373,39,54,2,nan,nan,0.61
10/30/2025 4:42:21,1.17.2,PRexp,10,3.96,5,2,Pellet,Left,373,39,55,3,3.73,63,nan
10/30/2025 4:43:38,1.17.2,PRexp,10,3.97,nan,2,Left,Left,374,39,55,3,nan,nan,0.11
10/30/2025 4:43:41,1.17.2,PRexp,10,3.97,nan,2,Left,Left,375,39,55,3,nan,nan,0.23
10/30/2025 4:43:47,1.17.2,PRexp,10,3.97,4,2,Pellet,Left,375,39,56,4,0.44,86,nan
10/30/2025 4:45:46,1.17.2,PRexp,10,3.96,nan,3,Left,Left,376,39,56,4,nan,nan,0.29
10/30/2025 4:45:48,1.17.2,PRexp,10,3.96,nan,3,Left,Left,377,39,56,4,nan,nan,0.11
10/30/2025 4:46:11,1.17.2,PRexp,10,3.97,nan,3,Right,Left,377,40,56,4,nan,nan,0.10
10/30/2025 4:46:25,1.17.2,PRexp,10,3.96,nan,3,Left,Left,378,40,56,4,nan,nan,0.19
10/30/2025 4:46:29,1.17.2,PRexp,10,3.96,3,3,Pellet,Left,378,40,57,5,0.05,162,nan
10/30/2025 4:46:55,1.17.2,PRexp,10,3.97,nan,4,Left,Left,379,40,57,5,nan,nan,0.21
10/30/2025 4:46:55,1.17.2,PRexp,10,3.97,nan,4,Left,Left,380,40,57,5,nan,nan,0.02
10/30/2025 5:02:18,1.17.2,PRexp,10,3.96,nan,4,Left,Left,381,40,57,5,nan,nan,0.40
10/30/2025 5:02:21,1.17.2,PRexp,10,3.96,nan,4,Left,Left,382,40,57,5,nan,nan,0.37
10/30/2025 5:02:27,1.17.2,PRexp,10,3.96,4,4,Pellet,Left,382,40,58,6,0.39,958,nan
10/30/2025 5:02:49,1.17.2,PRexp,10,3.97,nan,5,Left,Left,383,40,58,6,nan,nan,0.07
10/30/2025 5:02:53,1.17.2,PRexp,10,3.97,nan,5,Left,Left,384,40,58,6,nan,nan,0.26
10/30/2025 5:02:54,1.17.2,PRexp,10,3.96,nan,5,Left,Left,385,40,58,6,nan,nan,0.17
10/30/2025 5:03:01,1.17.2,PRexp,10,3.96,nan,5,Left,Left,386,40,58,6,nan,nan,0.17
10/30/2025 5:03:03,1.17.2,PRexp,10,3.97,nan,5,Left,Left,387,40,58,6,nan,nan,0.11
10/30/2025 5:03:07,1.17.2,PRexp,10,3.96,3,5,Pellet,Left,387,40,59,7,0.44,40,nan
10/30/2025 5:45:40,1.17.2,PRexp,10,3.96,nan,6,Left,Left,388,40,59,7,nan,nan,2526.17
10/30/2025 5:59:19,1.17.2,PRexp,10,3.96,nan,1,Left,Left,389,40,59,0,nan,nan,291.21
10/30/2025 5:59:33,1.17.2,PRexp,10,3.96,8,1,Pellet,Left,389,40,60,1,0.11,3386,nan
10/30/2025 6:00:00,1.17.2,PRexp,10,3.96,nan,1,Left,Left,390,40,60,1,nan,nan,0.21
10/30/2025 6:00:00,1.17.2,PRexp,10,3.96,nan,1,LeftDuringDispense,Left,391,40,60,2,nan,nan,0.04
10/30/2025 6:00:10,1.17.2,PRexp,10,3.96,6,1,Pellet,Left,391,40,61,2,0.66,37,nan
10/30/2025 6:00:50,1.17.2,PRexp,10,3.96,nan,2,Left,Left,392,40,61,2,nan,nan,0.25
10/30/2025 6:01:00,1.17.2,PRexp,10,3.96,nan,2,Left,Left,393,40,61,2,nan,nan,0.09
10/30/2025 6:01:06,1.17.2,PRexp,10,3.96,4,2,Pellet,Left,393,40,62,3,0.89,56,nan
10/30/2025 6:01:42,1.17.2,PRexp,10,3.96,nan,2,Left,Left,394,40,62,3,nan,nan,0.32
10/30/2025 6:50:25,1.17.2,PRexp,10,3.96,nan,1,Left,Left,395,40,62,0,nan,nan,0.26
10/30/2025 6:50:30,1.17.2,PRexp,10,3.96,3,1,Pellet,Left,395,40,63,1,1.16,2964,nan
10/30/2025 6:50:57,1.17.2,PRexp,10,3.96,nan,1,Left,Left,396,40,63,1,nan,nan,0.04
10/30/2025 6:51:01,1.17.2,PRexp,10,3.96,3,1,Pellet,Left,396,40,64,2,0.72,31,nan
10/30/2025 6:51:39,1.17.2,PRexp,10,3.96,nan,2,Left,Left,397,40,64,2,nan,nan,0.14
10/30/2025 6:51:40,1.17.2,PRexp,10,3.96,nan,2,Left,Left,398,40,64,2,nan,nan,0.12
10/30/2025 6:51:46,1.17.2,PRexp,10,3.96,4,2,Pellet,Left,398,40,65,3,0.05,45,nan
10/30/2025 6:52:37,1.17.2,PRexp,10,3.96,nan,2,Left,Left,399,40,65,3,nan,nan,0.03
10/30/2025 6:52:37,1.17.2,PRexp,10,3.96,nan,2,Left,Left,400,40,65,3,nan,nan,0.01
10/30/2025 6:52:41,1.17.2,PRexp,10,3.96,3,2,Pellet,Left,400,40,66,4,0.39,55,nan
10/30/2025 6:54:12,1.17.2,PRexp,10,3.96,nan,3,Left,Left,401,40,66,4,nan,nan,0.00
10/30/2025 6:54:15,1.17.2,PRexp,10,3.96,nan,3,Left,Left,402,40,66,4,nan,nan,0.28
10/30/2025 7:44:03,1.17.2,PRexp,10,3.96,nan,1,Left,Left,403,40,66,0,nan,nan,0.24
10/30/2025 7:44:09,1.17.2,PRexp,10,3.96,2,1,Pellet,Left,403,40,67,1,5.24,3088,nan
10/30/2025 7:44:44,1.17.2,PRexp,10,3.96,nan,1,Left,Left,404,40,67,1,nan,nan,0.29
10/30/2025 7:44:49,1.17.2,PRexp,10,3.96,4,1,Pellet,Left,404,40,68,2,0.38,40,nan
10/30/2025 7:45:25,1.17.2,PRexp,10,3.96,nan,2,Left,Left,405,40,68,2,nan,nan,0.17
10/30/2025 7:45:30,1.17.2,PRexp,10,3.96,nan,2,Left,Left,406,40,68,2,nan,nan,0.06
10/30/2025 7:45:36,1.17.2,PRexp,10,3.96,4,2,Pellet,Left,406,40,69,3,0.16,47,nan
10/30/2025 7:50:14,1.17.2,PRexp,10,3.96,nan,2,Left,Left,407,40,69,3,nan,nan,0.18
10/30/2025 7:50:23,1.17.2,PRexp,10,3.96,nan,2,Left,Left,408,40,69,3,nan,nan,0.28
10/30/2025 7:50:28,1.17.2,PRexp,10,3.96,4,2,Pellet,Left,408,40,70,4,0.05,292,nan
10/30/2025 7:51:10,1.17.2,PRexp,10,3.96,nan,3,Left,Left,409,40,70,4,nan,nan,0.10
10/30/2025 7:51:21,1.17.2,PRexp,10,3.96,nan,3,Left,Left,410,40,70,4,nan,nan,0.09
10/30/2025 7:51:26,1.17.2,PRexp,10,3.96,nan,3,Left,Left,411,40,70,4,nan,nan,0.70
10/30/2025 7:51:29,1.17.2,PRexp,10,3.96,2,3,Pellet,Left,411,40,71,5,1.78,61,nan
10/30/2025 7:58:27,1.17.2,PRexp,10,3.96,nan,4,Right,Left,411,41,71,5,nan,nan,0.15
10/30/2025 7:58:51,1.17.2,PRexp,10,3.96,nan,4,Left,Left,412,41,71,5,nan,nan,0.23
10/30/2025 7:58:52,1.17.2,PRexp,10,3.96,nan,4,Left,Left,413,41,71,5,nan,nan,0.03
10/30/2025 7:58:55,1.17.2,PRexp,10,3.96,nan,4,Left,Left,414,41,71,5,nan,nan,0.10
10/30/2025 8:25:36,1.17.2,PRexp,10,3.96,nan,4,Left,Left,415,41,71,5,nan,nan,0.32
10/30/2025 8:25:40,1.17.2,PRexp,10,3.96,3,4,Pellet,Left,415,41,72,6,1.05,2051,nan
10/30/2025 8:26:13,1.17.2,PRexp,10,3.96,nan,5,Left,Left,416,41,72,6,nan,nan,0.06
10/30/2025 8:26:15,1.17.2,PRexp,10,3.96,nan,5,Left,Left,417,41,72,6,nan,nan,0.39
10/30/2025 8:26:20,1.17.2,PRexp,10,3.96,nan,5,Left,Left,418,41,72,6,nan,nan,0.37
10/30/2025 8:26:25,1.17.2,PRexp,10,3.96,nan,5,Left,Left,419,41,72,6,nan,nan,0.23
10/30/2025 8:26:29,1.17.2,PRexp,10,3.96,nan,5,Left,Left,420,41,72,6,nan,nan,0.30
10/30/2025 8:26:33,1.17.2,PRexp,10,3.96,3,5,Pellet,Left,420,41,73,7,0.16,53,nan
10/30/2025 8:27:07,1.17.2,PRexp,10,3.96,nan,6,Left,Left,421,41,73,7,nan,nan,0.35
10/30/2025 8:38:04,1.17.2,PRexp,10,3.96,nan,6,Left,Left,422,41,73,7,nan,nan,0.19
10/30/2025 8:38:07,1.17.2,PRexp,10,3.96,nan,6,Left,Left,423,41,73,7,nan,nan,0.20
10/30/2025 8:45:34,1.17.2,PRexp,10,3.96,nan,6,Left,Left,424,41,73,7,nan,nan,0.26
10/30/2025 8:45:47,1.17.2,PRexp,10,3.96,nan,6,Left,Left,425,41,73,7,nan,nan,0.21
10/30/2025 9:03:01,1.17.2,PRexp,10,3.96,nan,6,Left,Left,426,41,73,7,nan,nan,0.14
10/30/2025 9:03:07,1.17.2,PRexp,10,3.96,4,6,Pellet,Left,426,41,74,8,0.11,2193,nan
10/30/2025 9:03:59,1.17.2,PRexp,10,3.96,nan,7,Left,Left,427,41,74,8,nan,nan,0.19
10/30/2025 9:04:01,1.17.2,PRexp,10,3.96,nan,7,Left,Left,428,41,74,8,nan,nan,0.06
10/30/2025 9:04:03,1.17.2,PRexp,10,3.96,nan,7,Left,Left,429,41,74,8,nan,nan,0.27
10/30/2025 9:04:06,1.17.2,PRexp,10,3.96,nan,7,Left,Left,430,41,74,8,nan,nan,0.46
10/30/2025 9:57:55,1.17.2,PRexp,10,3.96,nan,1,Left,Left,431,41,74,0,nan,nan,0.10
10/30/2025 9:57:59,1.17.2,PRexp,10,3.95,2,1,Pellet,Left,431,41,75,1,1.16,3293,nan
10/30/2025 9:59:00,1.17.2,PRexp,10,3.95,nan,1,Left,Left,432,41,75,1,nan,nan,0.17
10/30/2025 9:59:06,1.17.2,PRexp,10,3.95,3,1,Pellet,Left,432,41,76,2,0.83,67,nan
10/30/2025 10:00:13,1.17.2,PRexp,10,3.95,nan,2,Left,Left,433,41,76,2,nan,nan,0.14
10/30/2025 10:00:14,1.17.2,PRexp,10,3.95,nan,2,Left,Left,434,41,76,2,nan,nan,0.08
10/30/2025 10:00:22,1.17.2,PRexp,10,3.95,5,2,Pellet,Left,434,41,77,3,0.33,76,nan
10/30/2025 10:18:15,1.17.2,PRexp,10,3.96,nan,2,Left,Left,435,41,77,3,nan,nan,0.26
10/30/2025 10:18:19,1.17.2,PRexp,10,3.96,nan,2,Left,Left,436,41,77,3,nan,nan,0.68
10/30/2025 10:18:24,1.17.2,PRexp,10,3.96,4,2,Pellet,Left,436,41,78,4,0.05,1082,nan
10/30/2025 10:24:50,1.17.2,PRexp,10,3.95,nan,3,Left,Left,437,41,78,4,nan,nan,0.00
10/30/2025 10:24:53,1.17.2,PRexp,10,3.95,nan,3,Left,Left,438,41,78,4,nan,nan,0.98
10/30/2025 10:24:59,1.17.2,PRexp,10,3.95,nan,3,Left,Left,439,41,78,4,nan,nan,0.28
10/30/2025 10:25:02,1.17.2,PRexp,10,3.95,3,3,Pellet,Left,439,41,79,5,0.22,398,nan
10/30/2025 10:25:41,1.17.2,PRexp,10,3.96,nan,4,Left,Left,440,41,79,5,nan,nan,0.54
10/30/2025 10:25:46,1.17.2,PRexp,10,3.95,nan,4,Left,Left,441,41,79,5,nan,nan,0.13
10/30/2025 10:25:47,1.17.2,PRexp,10,3.95,nan,4,Left,Left,442,41,79,5,nan,nan,0.16
10/30/2025 10:25:53,1.17.2,PRexp,10,3.95,nan,4,Left,Left,443,41,79,5,nan,nan,0.39
10/30/2025 10:25:57,1.17.2,PRexp,10,3.96,3,4,Pellet,Left,443,41,80,6,0.05,55,nan
10/30/2025 10:26:29,1.17.2,PRexp,10,3.96,nan,5,Left,Left,444,41,80,6,nan,nan,0.49
10/30/2025 10:26:31,1.17.2,PRexp,10,3.96,nan,5,Left,Left,445,41,80,6,nan,nan,0.32
10/30/2025 10:44:07,1.17.2,PRexp,10,3.95,nan,5,Left,Left,446,41,80,6,nan,nan,0.02
10/30/2025 10:46:09,1.17.2,PRexp,10,3.95,nan,5,Left,Left,447,41,80,6,nan,nan,0.14
10/30/2025 11:25:07,1.17.2,PRexp,10,3.95,nan,1,Left,Left,448,41,80,0,nan,nan,0.72
10/30/2025 11:25:16,1.17.2,PRexp,10,3.95,4,1,Pellet,Left,448,41,81,1,1.22,3559,nan
10/30/2025 11:26:13,1.17.2,PRexp,10,3.96,nan,1,Left,Left,449,41,81,1,nan,nan,0.27
10/30/2025 11:26:19,1.17.2,PRexp,10,3.95,4,1,Pellet,Left,449,41,82,2,0.38,63,nan
10/30/2025 11:59:18,1.17.2,PRexp,10,3.95,nan,1,Left,Left,450,41,82,0,nan,nan,0.16
10/30/2025 11:59:24,1.17.2,PRexp,10,3.95,4,1,Pellet,Left,450,41,83,1,0.44,1985,nan
10/30/2025 11:59:58,1.17.2,PRexp,10,3.95,nan,1,Left,Left,451,41,83,1,nan,nan,0.14
10/30/2025 12:00:04,1.17.2,PRexp,10,3.95,4,1,Pellet,Left,451,41,84,2,0.39,40,nan
10/30/2025 12:00:44,1.17.2,PRexp,10,3.95,nan,2,Left,Left,452,41,84,2,nan,nan,1.09
10/30/2025 12:00:47,1.17.2,PRexp,10,3.95,nan,2,Left,Left,453,41,84,2,nan,nan,0.23
10/30/2025 12:00:56,1.17.2,PRexp,10,3.95,5,2,Pellet,Left,453,41,85,3,0.38,51,nan
10/30/2025 12:01:28,1.17.2,PRexp,10,3.95,nan,2,Left,Left,454,41,85,3,nan,nan,0.49
10/30/2025 12:01:29,1.17.2,PRexp,10,3.95,nan,2,Left,Left,455,41,85,3,nan,nan,0.10
10/30/2025 12:01:35,1.17.2,PRexp,10,3.95,4,2,Pellet,Left,455,41,86,4,0.22,40,nan
10/30/2025 12:11:25,1.17.2,PRexp,10,3.95,nan,3,Left,Left,456,41,86,4,nan,nan,0.18
10/30/2025 13:00:38,1.17.2,PRexp,10,3.95,nan,1,Left,Left,457,41,86,0,nan,nan,0.07
10/30/2025 13:00:43,1.17.2,PRexp,10,3.95,3,1,Pellet,Left,457,41,87,1,0.66,3548,nan
10/30/2025 13:01:19,1.17.2,PRexp,10,3.94,nan,1,Left,Left,458,41,87,1,nan,nan,0.17
10/30/2025 13:01:22,1.17.2,PRexp,10,3.95,3,1,Pellet,Left,458,41,88,2,0.05,39,nan
10/30/2025 13:01:49,1.17.2,PRexp,10,3.94,nan,2,Left,Left,459,41,88,2,nan,nan,0.08
10/30/2025 13:01:53,1.17.2,PRexp,10,3.95,nan,2,Left,Left,460,41,88,2,nan,nan,0.21
10/30/2025 13:01:58,1.17.2,PRexp,10,3.94,4,2,Pellet,Left,460,41,89,3,0.05,36,nan
10/30/2025 13:52:25,1.17.2,PRexp,10,3.94,nan,1,Left,Left,461,41,89,0,nan,nan,0.11
10/30/2025 13:52:31,1.17.2,PRexp,10,3.94,4,1,Pellet,Left,461,41,90,1,0.33,3033,nan
10/30/2025 13:53:23,1.17.2,PRexp,10,3.94,nan,1,Left,Left,462,41,90,1,nan,nan,0.16
10/30/2025 13:53:27,1.17.2,PRexp,10,3.95,3,1,Pellet,Left,462,41,91,2,0.50,56,nan
10/30/2025 13:54:00,1.17.2,PRexp,10,3.95,nan,2,Left,Left,463,41,91,2,nan,nan,0.15
10/30/2025 14:09:31,1.17.2,PRexp,10,3.95,nan,2,Left,Left,464,41,91,2,nan,nan,0.22
10/30/2025 14:09:37,1.17.2,PRexp,10,3.94,4,2,Pellet,Left,464,41,92,3,0.22,970,nan
10/30/2025 14:10:21,1.17.2,PRexp,10,3.94,nan,2,Left,Left,465,41,92,3,nan,nan,0.05
10/30/2025 14:10:23,1.17.2,PRexp,10,3.94,nan,2,Left,Left,466,41,92,3,nan,nan,0.39
10/30/2025 14:10:45,1.17.2,PRexp,10,3.94,6,2,Pellet,Left,466,41,93,4,12.85,68,nan
10/30/2025 14:11:14,1.17.2,PRexp,10,3.95,nan,3,Left,Left,467,41,93,4,nan,nan,0.08
10/30/2025 14:25:39,1.17.2,PRexp,10,3.94,nan,3,Left,Left,468,41,93,4,nan,nan,0.17
10/30/2025 15:07:24,1.17.2,PRexp,10,3.94,nan,1,Left,Left,469,41,93,0,nan,nan,0.11
10/30/2025 15:07:29,1.17.2,PRexp,10,3.94,4,1,Pellet,Left,469,41,94,1,0.50,3404,nan
10/30/2025 15:15:38,1.17.2,PRexp,10,3.94,nan,1,Left,Left,470,41,94,1,nan,nan,0.11
10/30/2025 15:15:44,1.17.2,PRexp,10,3.95,3,1,Pellet,Left,470,41,95,2,0.55,495,nan
10/30/2025 15:16:19,1.17.2,PRexp,10,3.94,nan,2,Left,Left,471,41,95,2,nan,nan,0.09
10/30/2025 15:16:23,1.17.2,PRexp,10,3.94,nan,2,Left,Left,472,41,95,2,nan,nan,0.09
10/30/2025 15:16:28,1.17.2,PRexp,10,3.94,4,2,Pellet,Left,472,41,96,3,0.16,44,nan
10/30/2025 15:26:20,1.17.2,PRexp,10,3.94,nan,2,Left,Left,473,41,96,3,nan,nan,0.21
10/30/2025 15:26:21,1.17.2,PRexp,10,3.94,nan,2,Left,Left,474,41,96,3,nan,nan,0.14
10/30/2025 15:26:25,1.17.2,PRexp,10,3.94,3,2,Pellet,Left,474,41,97,4,0.44,597,nan
10/30/2025 15:37:14,1.17.2,PRexp,10,3.94,nan,3,Left,Left,475,41,97,4,nan,nan,0.00
10/30/2025 15:37:17,1.17.2,PRexp,10,3.94,nan,3,Left,Left,476,41,97,4,nan,nan,0.20
10/30/2025 15:37:22,1.17.2,PRexp,10,3.94,nan,3,Left,Left,477,41,97,4,nan,nan,0.42
10/30/2025 15:37:26,1.17.2,PRexp,10,3.94,nan,3,LeftDuringDispense,Left,478,41,97,5,nan,nan,0.41
10/30/2025 15:37:30,1.17.2,PRexp,10,3.94,4,3,Pellet,Left,478,41,98,5,1.22,665,nan
10/30/2025 15:52:44,1.17.2,PRexp,10,3.94,nan,4,Right,Left,478,42,98,5,nan,nan,0.06
10/30/2025 15:53:03,1.17.2,PRexp,10,3.94,nan,4,Left,Left,479,42,98,5,nan,nan,0.04
10/30/2025 15:53:05,1.17.2,PRexp,10,3.94,nan,4,Left,Left,480,42,98,5,nan,nan,0.30
10/30/2025 16:06:56,1.17.2,PRexp,10,3.94,nan,4,Left,Left,481,42,98,5,nan,nan,0.97
10/30/2025 16:07:04,1.17.2,PRexp,10,3.94,nan,4,Left,Left,482,42,98,5,nan,nan,0.80
10/30/2025 16:07:10,1.17.2,PRexp,10,3.94,3,4,Pellet,Left,482,42,99,6,0.50,1780,nan
10/30/2025 16:07:37,1.17.2,PRexp,10,3.94,nan,5,Left,Left,483,42,99,6,nan,nan,0.48
10/30/2025 16:07:39,1.17.2,PRexp,10,3.94,nan,5,Left,Left,484,42,99,6,nan,nan,0.06
10/30/2025 16:07:43,1.17.2,PRexp,10,3.94,nan,5,Left,Left,485,42,99,6,nan,nan,0.74
10/30/2025 16:07:46,1.17.2,PRexp,10,3.94,nan,5,Left,Left,486,42,99,6,nan,nan,0.62
10/30/2025 16:07:48,1.17.2,PRexp,10,3.94,nan,5,Left,Left,487,42,99,6,nan,nan,0.73
10/30/2025 16:07:56,1.17.2,PRexp,10,3.94,5,5,Pellet,Left,487,42,100,7,0.05,46,nan
10/30/2025 16:08:25,1.17.2,PRexp,10,3.94,nan,6,Left,Left,488,42,100,7,nan,nan,0.25
10/30/2025 16:08:27,1.17.2,PRexp,10,3.94,nan,6,Left,Left,489,42,100,7,nan,nan,0.12
10/30/2025 16:08:32,1.17.2,PRexp,10,3.94,nan,6,Left,Left,490,42,100,7,nan,nan,0.30
10/30/2025 16:08:34,1.17.2,PRexp,10,3.94,nan,6,Left,Left,491,42,100,7,nan,nan,0.90
10/30/2025 16:08:36,1.17.2,PRexp,10,3.94,nan,6,Left,Left,492,42,100,7,nan,nan,0.62
10/30/2025 16:08:39,1.17.2,PRexp,10,3.94,nan,6,Left,Left,493,42,100,7,nan,nan,1.56
10/30/2025 16:08:43,1.17.2,PRexp,10,3.94,3,6,Pellet,Left,493,42,101,8,0.27,46,nan
10/30/2025 16:09:51,1.17.2,PRexp,10,3.94,nan,7,Left,Left,494,42,101,8,nan,nan,0.06
10/30/2025 16:09:53,1.17.2,PRexp,10,3.94,nan,7,Left,Left,495,42,101,8,nan,nan,0.18
10/30/2025 16:09:56,1.17.2,PRexp,10,3.94,nan,7,Left,Left,496,42,101,8,nan,nan,0.24
10/30/2025 16:09:57,1.17.2,PRexp,10,3.94,nan,7,Left,Left,497,42,101,8,nan,nan,0.12
10/30/2025 16:32:33,1.17.2,PRexp,10,3.94,nan,7,Left,Left,498,42,101,8,nan,nan,0.02
10/30/2025 16:32:38,1.17.2,PRexp,10,3.94,nan,7,Left,Left,499,42,101,8,nan,nan,0.30
10/30/2025 16:32:43,1.17.2,PRexp,10,3.94,nan,7,Left,Left,500,42,101,8,nan,nan,0.53
10/30/2025 16:32:49,1.17.2,PRexp,10,3.94,4,7,Pellet,Left,500,42,102,9,0.11,1447,nan
10/30/2025 16:36:20,1.17.2,PRexp,10,3.94,nan,9,Left,Left,501,42,102,9,nan,nan,0.00
10/30/2025 16:56:34,1.17.2,PRexp,10,3.94,nan,9,Left,Left,502,42,102,9,nan,nan,1.01
10/30/2025 16:56:36,1.17.2,PRexp,10,3.94,nan,9,Left,Left,503,42,102,9,nan,nan,0.08
10/30/2025 16:56:39,1.17.2,PRexp,10,3.94,nan,9,Left,Left,504,42,102,9,nan,nan,0.16
10/30/2025 16:56:42,1.17.2,PRexp,10,3.94,nan,9,Left,Left,505,42,102,9,nan,nan,1.42
10/30/2025 16:56:48,1.17.2,PRexp,10,3.94,nan,9,Left,Left,506,42,102,9,nan,nan,0.06
10/30/2025 16:56:55,1.17.2,PRexp,10,3.94,nan,9,Left,Left,507,42,102,9,nan,nan,0.14
10/30/2025 16:57:10,1.17.2,PRexp,10,3.94,nan,9,Left,Left,508,42,102,9,nan,nan,0.13
10/30/2025 16:57:11,1.17.2,PRexp,10,3.94,nan,9,Left,Left,509,42,102,9,nan,nan,0.51
10/30/2025 16:57:15,1.17.2,PRexp,10,3.94,3,9,Pellet,Left,509,42,103,10,0.72,1466,nan
10/30/2025 16:57:54,1.17.2,PRexp,10,3.94,nan,10,Left,Left,510,42,103,10,nan,nan,0.09
10/30/2025 16:57:56,1.17.2,PRexp,10,3.94,nan,10,Left,Left,511,42,103,10,nan,nan,0.11
10/30/2025 16:57:58,1.17.2,PRexp,10,3.94,nan,10,Left,Left,512,42,103,10,nan,nan,0.17
10/30/2025 16:57:59,1.17.2,PRexp,10,3.94,nan,10,Left,Left,513,42,103,10,nan,nan,0.28
10/30/2025 16:58:05,1.17.2,PRexp,10,3.94,nan,10,Left,Left,514,42,103,10,nan,nan,0.70
10/30/2025 16:58:08,1.17.2,PRexp,10,3.94,nan,10,Left,Left,515,42,103,10,nan,nan,0.40
10/30/2025 16:58:10,1.17.2,PRexp,10,3.94,nan,10,Left,Left,516,42,103,10,nan,nan,0.61
10/30/2025 16:58:18,1.17.2,PRexp,10,3.94,nan,10,Left,Left,517,42,103,10,nan,nan,0.14
10/30/2025 16:58:25,1.17.2,PRexp,10,3.94,nan,10,Left,Left,518,42,103,10,nan,nan,0.60
10/30/2025 16:58:34,1.17.2,PRexp,10,3.94,nan,10,Left,Left,519,42,103,10,nan,nan,0.20
10/30/2025 16:58:40,1.17.2,PRexp,10,3.94,4,10,Pellet,Left,519,42,104,11,0.61,85,nan
10/30/2025 17:06:41,1.17.2,PRexp,10,3.94,nan,12,Left,Left,520,42,104,11,nan,nan,0.10
10/30/2025 17:06:45,1.17.2,PRexp,10,3.94,nan,12,Left,Left,521,42,104,11,nan,nan,0.02
10/30/2025 17:06:47,1.17.2,PRexp,10,3.94,nan,12,Left,Left,522,42,104,11,nan,nan,0.05
10/30/2025 17:06:48,1.17.2,PRexp,10,3.94,nan,12,Left,Left,523,42,104,11,nan,nan,0.15
10/30/2025 17:06:51,1.17.2,PRexp,10,3.94,nan,12,Left,Left,524,42,104,11,nan,nan,0.36
10/30/2025 17:06:54,1.17.2,PRexp,10,3.94,nan,12,Left,Left,525,42,104,11,nan,nan,0.92
10/30/2025 17:06:59,1.17.2,PRexp,10,3.94,nan,12,Left,Left,526,42,104,11,nan,nan,0.48
10/30/2025 17:41:41,1.17.2,PRexp,10,3.94,nan,1,Left,Left,527,42,104,0,nan,nan,0.20
10/30/2025 17:41:48,1.17.2,PRexp,10,3.94,3,1,Pellet,Left,527,42,105,1,2.39,2588,nan
10/30/2025 17:42:24,1.17.2,PRexp,10,3.94,nan,1,Left,Left,528,42,105,1,nan,nan,0.06
10/30/2025 17:42:30,1.17.2,PRexp,10,3.94,4,1,Pellet,Left,528,42,106,2,0.66,42,nan
10/30/2025 17:43:12,1.17.2,PRexp,10,3.94,nan,2,Left,Left,529,42,106,2,nan,nan,0.75
10/30/2025 17:43:13,1.17.2,PRexp,10,3.94,nan,2,Left,Left,530,42,106,2,nan,nan,0.43
10/30/2025 17:43:19,1.17.2,PRexp,10,3.94,3,2,Pellet,Left,530,42,107,3,0.61,49,nan
10/30/2025 17:43:51,1.17.2,PRexp,10,3.93,nan,2,Left,Left,531,42,107,3,nan,nan,0.13
10/30/2025 17:44:03,1.17.2,PRexp,10,3.94,nan,2,Left,Left,532,42,107,3,nan,nan,0.19
10/30/2025 17:44:10,1.17.2,PRexp,10,3.94,5,2,Pellet,Left,532,42,108,4,0.05,51,nan
10/30/2025 17:44:49,1.17.2,PRexp,10,3.94,nan,3,Left,Left,533,42,108,4,nan,nan,0.30
10/30/2025 17:44:59,1.17.2,PRexp,10,3.94,nan,3,Left,Left,534,42,108,4,nan,nan,0.10
10/30/2025 17:45:02,1.17.2,PRexp,10,3.94,nan,3,Left,Left,535,42,108,4,nan,nan,0.15
10/30/2025 17:45:07,1.17.2,PRexp,10,3.94,3,3,Pellet,Left,535,42,109,5,0.61,57,nan
10/30/2025 18:05:15,1.17.2,PRexp,10,3.94,nan,4,Left,Left,536,42,109,5,nan,nan,1.00
10/30/2025 18:07:55,1.17.2,PRexp,10,3.94,nan,4,Right,Left,536,43,109,5,nan,nan,0.75
10/30/2025 18:08:32,1.17.2,PRexp,10,3.94,nan,4,Left,Left,537,43,109,5,nan,nan,0.04
10/30/2025 18:14:55,1.17.2,PRexp,10,3.94,nan,4,Left,Left,538,43,109,5,nan,nan,0.10
10/30/2025 18:14:58,1.17.2,PRexp,10,3.94,nan,4,Left,Left,539,43,109,5,nan,nan,0.12
10/30/2025 18:15:03,1.17.2,PRexp,10,3.94,3,4,Pellet,Left,539,43,110,6,0.55,1796,nan
10/30/2025 18:22:52,1.17.2,PRexp,10,3.94,nan,5,Right,Left,539,44,110,6,nan,nan,0.21
10/30/2025 18:23:08,1.17.2,PRexp,10,3.94,nan,5,Left,Left,540,44,110,6,nan,nan,0.09
10/30/2025 18:23:10,1.17.2,PRexp,10,3.94,nan,5,Left,Left,541,44,110,6,nan,nan,0.56
10/30/2025 18:23:12,1.17.2,PRexp,10,3.94,nan,5,Left,Left,542,44,110,6,nan,nan,0.09
10/30/2025 18:23:58,1.17.2,PRexp,10,3.94,nan,5,Left,Left,543,44,110,6,nan,nan,0.09
10/30/2025 18:25:06,1.17.2,PRexp,10,3.94,nan,5,Right,Left,543,45,110,6,nan,nan,0.02
10/30/2025 18:25:08,1.17.2,PRexp,10,3.94,nan,5,Right,Left,543,46,110,6,nan,nan,0.11
10/30/2025 18:27:19,1.17.2,PRexp,10,3.94,nan,5,Right,Left,543,47,110,6,nan,nan,0.08
10/30/2025 18:37:48,1.17.2,PRexp,10,3.94,nan,5,Right,Left,543,48,110,6,nan,nan,0.61
10/30/2025 18:43:41,1.17.2,PRexp,10,3.94,nan,5,Left,Left,544,48,110,6,nan,nan,0.17
10/30/2025 18:43:46,1.17.2,PRexp,10,3.93,3,5,Pellet,Left,544,48,111,7,1.67,1723,nan
10/30/2025 18:44:18,1.17.2,PRexp,10,3.94,nan,6,Left,Left,545,48,111,7,nan,nan,0.21
10/30/2025 18:44:26,1.17.2,PRexp,10,3.94,nan,6,Left,Left,546,48,111,7,nan,nan,0.20
10/30/2025 18:44:29,1.17.2,PRexp,10,3.94,nan,6,Left,Left,547,48,111,7,nan,nan,0.83
10/30/2025 18:44:32,1.17.2,PRexp,10,3.94,nan,6,Left,Left,548,48,111,7,nan,nan,0.13
10/30/2025 18:47:17,1.17.2,PRexp,10,3.94,nan,6,Left,Left,549,48,111,7,nan,nan,0.30
10/30/2025 18:47:18,1.17.2,PRexp,10,3.94,nan,6,Left,Left,550,48,111,7,nan,nan,0.23
10/30/2025 18:47:24,1.17.2,PRexp,10,3.94,4,6,Pellet,Left,550,48,112,8,0.27,218,nan
10/30/2025 18:51:58,1.17.2,PRexp,10,3.94,nan,7,Left,Left,551,48,112,8,nan,nan,0.16
10/30/2025 18:52:44,1.17.2,PRexp,10,3.94,nan,7,Left,Left,552,48,112,8,nan,nan,0.12
10/30/2025 18:53:42,1.17.2,PRexp,10,3.93,nan,7,Right,Left,552,49,112,8,nan,nan,0.10
10/30/2025 18:54:28,1.17.2,PRexp,10,3.94,nan,7,Left,Left,553,49,112,8,nan,nan,0.01
10/30/2025 18:54:33,1.17.2,PRexp,10,3.94,nan,7,Left,Left,554,49,112,8,nan,nan,0.00
10/30/2025 18:54:36,1.17.2,PRexp,10,3.93,nan,7,Left,Left,555,49,112,8,nan,nan,0.15
10/30/2025 18:56:02,1.17.2,PRexp,10,3.94,nan,7,Left,Left,556,49,112,8,nan,nan,0.00
10/30/2025 19:25:20,1.17.2,PRexp,10,3.94,nan,7,Left,Left,557,49,112,8,nan,nan,0.17
10/30/2025 19:25:30,1.17.2,PRexp,10,3.93,5,7,Pellet,Left,557,49,113,9,1.39,2286,nan
10/30/2025 19:26:11,1.17.2,PRexp,10,3.94,nan,9,Left,Left,558,49,113,9,nan,nan,0.21
10/30/2025 19:26:13,1.17.2,PRexp,10,3.94,nan,9,Left,Left,559,49,113,9,nan,nan,0.41
10/30/2025 19:26:20,1.17.2,PRexp,10,3.94,nan,9,Left,Left,560,49,113,9,nan,nan,0.22
10/30/2025 19:26:23,1.17.2,PRexp,10,3.93,nan,9,Left,Left,561,49,113,9,nan,nan,0.69
10/30/2025 19:26:52,1.17.2,PRexp,10,3.93,nan,9,Left,Left,562,49,113,9,nan,nan,0.35
10/30/2025 19:26:53,1.17.2,PRexp,10,3.94,nan,9,Left,Left,563,49,113,9,nan,nan,0.20
10/30/2025 19:26:55,1.17.2,PRexp,10,3.94,nan,9,Left,Left,564,49,113,9,nan,nan,0.27
10/30/2025 19:27:05,1.17.2,PRexp,10,3.94,nan,9,Left,Left,565,49,113,9,nan,nan,0.28
10/30/2025 19:27:07,1.17.2,PRexp,10,3.93,nan,9,Left,Left,566,49,113,9,nan,nan,0.12
10/30/2025 19:27:11,1.17.2,PRexp,10,3.94,3,9,Pellet,Left,566,49,114,10,0.22,101,nan
10/30/2025 19:27:56,1.17.2,PRexp,10,3.94,nan,10,Left,Left,567,49,114,10,nan,nan,0.18
10/30/2025 19:27:59,1.17.2,PRexp,10,3.93,nan,10,Left,Left,568,49,114,10,nan,nan,0.90
10/30/2025 19:28:01,1.17.2,PRexp,10,3.93,nan,10,Left,Left,569,49,114,10,nan,nan,0.13
10/30/2025 19:28:04,1.17.2,PRexp,10,3.94,nan,10,Left,Left,570,49,114,10,nan,nan,0.54
10/30/2025 19:28:09,1.17.2,PRexp,10,3.94,nan,10,Left,Left,571,49,114,10,nan,nan,0.62
10/30/2025 19:28:12,1.17.2,PRexp,10,3.93,nan,10,Left,Left,572,49,114,10,nan,nan,0.37
10/30/2025 19:28:15,1.17.2,PRexp,10,3.94,nan,10,Left,Left,573,49,114,10,nan,nan,0.77
10/30/2025 19:28:26,1.17.2,PRexp,10,3.94,nan,10,Left,Left,574,49,114,10,nan,nan,0.25
10/30/2025 19:28:27,1.17.2,PRexp,10,3.93,nan,10,Left,Left,575,49,114,10,nan,nan,0.28
10/30/2025 19:28:29,1.17.2,PRexp,10,3.93,nan,10,Left,Left,576,49,114,10,nan,nan,0.67
10/30/2025 19:28:35,1.17.2,PRexp,10,3.94,4,10,Pellet,Left,576,49,115,11,0.61,84,nan
10/30/2025 19:29:42,1.17.2,PRexp,10,3.94,nan,12,Right,Left,576,50,115,11,nan,nan,0.00
10/30/2025 19:29:43,1.17.2,PRexp,10,3.94,nan,12,Right,Left,576,51,115,11,nan,nan,0.09
10/30/2025 19:29:44,1.17.2,PRexp,10,3.94,nan,12,Right,Left,576,52,115,11,nan,nan,0.00
10/30/2025 19:29:54,1.17.2,PRexp,10,3.94,nan,12,Left,Left,577,52,115,11,nan,nan,0.12
10/30/2025 19:29:55,1.17.2,PRexp,10,3.93,nan,12,Left,Left,578,52,115,11,nan,nan,0.22
10/30/2025 19:30:00,1.17.2,PRexp,10,3.93,nan,12,Left,Left,579,52,115,11,nan,nan,0.12
10/30/2025 19:30:02,1.17.2,PRexp,10,3.93,nan,12,Left,Left,580,52,115,11,nan,nan,0.13
10/30/2025 19:30:05,1.17.2,PRexp,10,3.93,nan,12,Left,Left,581,52,115,11,nan,nan,0.79
10/30/2025 19:30:07,1.17.2,PRexp,10,3.94,nan,12,Left,Left,582,52,115,11,nan,nan,0.19
10/30/2025 19:30:09,1.17.2,PRexp,10,3.93,nan,12,Left,Left,583,52,115,11,nan,nan,0.15
10/30/2025 19:30:11,1.17.2,PRexp,10,3.93,nan,12,Left,Left,584,52,115,11,nan,nan,0.26
10/30/2025 19:30:15,1.17.2,PRexp,10,3.94,nan,12,Left,Left,585,52,115,11,nan,nan,0.08
10/30/2025 19:30:26,1.17.2,PRexp,10,3.93,nan,12,Left,Left,586,52,115,11,nan,nan,0.07
10/30/2025 19:30:28,1.17.2,PRexp,10,3.93,nan,12,Left,Left,587,52,115,11,nan,nan,0.38
10/30/2025 19:30:33,1.17.2,PRexp,10,3.94,nan,12,Left,Left,588,52,115,11,nan,nan,0.21
10/30/2025 19:30:38,1.17.2,PRexp,10,3.94,4,12,Pellet,Left,588,52,116,12,0.05,123,nan
10/30/2025 19:51:34,1.17.2,PRexp,10,3.93,nan,13,Left,Left,589,52,116,12,nan,nan,0.00
10/30/2025 19:51:35,1.17.2,PRexp,10,3.93,nan,13,Left,Left,590,52,116,12,nan,nan,0.24
10/30/2025 19:51:36,1.17.2,PRexp,10,3.93,nan,13,Left,Left,591,52,116,12,nan,nan,0.20
10/30/2025 19:51:39,1.17.2,PRexp,10,3.93,nan,13,Left,Left,592,52,116,12,nan,nan,0.16
10/30/2025 19:51:44,1.17.2,PRexp,10,3.93,nan,13,Left,Left,593,52,116,12,nan,nan,0.16
10/30/2025 19:51:58,1.17.2,PRexp,10,3.93,nan,13,Left,Left,594,52,116,12,nan,nan,0.23
10/30/2025 19:51:59,1.17.2,PRexp,10,3.94,nan,13,Left,Left,595,52,116,12,nan,nan,0.27
10/30/2025 19:52:01,1.17.2,PRexp,10,3.93,nan,13,Left,Left,596,52,116,12,nan,nan,0.60
10/30/2025 19:52:05,1.17.2,PRexp,10,3.93,nan,13,Left,Left,597,52,116,12,nan,nan,0.45
10/30/2025 19:52:06,1.17.2,PRexp,10,3.94,nan,13,Left,Left,598,52,116,12,nan,nan,0.23
10/30/2025 19:52:07,1.17.2,PRexp,10,3.93,nan,13,Left,Left,599,52,116,12,nan,nan,0.28
10/30/2025 19:52:10,1.17.2,PRexp,10,3.93,nan,13,Left,Left,600,52,116,12,nan,nan,0.38
10/30/2025 19:52:14,1.17.2,PRexp,10,3.94,nan,13,Left,Left,601,52,116,12,nan,nan,0.18
10/30/2025 19:52:17,1.17.2,PRexp,10,3.93,2,13,Pellet,Left,601,52,117,13,1.78,1299,nan
10/30/2025 19:52:48,1.17.2,PRexp,10,3.93,nan,15,Left,Left,602,52,117,13,nan,nan,0.28
10/30/2025 19:53:05,1.17.2,PRexp,10,3.94,nan,15,Left,Left,603,52,117,13,nan,nan,0.75
10/30/2025 19:53:10,1.17.2,PRexp,10,3.93,nan,15,Left,Left,604,52,117,13,nan,nan,0.29
10/30/2025 19:53:12,1.17.2,PRexp,10,3.94,nan,15,Left,Left,605,52,117,13,nan,nan,0.62
10/30/2025 19:53:18,1.17.2,PRexp,10,3.93,nan,15,Left,Left,606,52,117,13,nan,nan,0.03
10/30/2025 19:53:22,1.17.2,PRexp,10,3.93,nan,15,Left,Left,607,52,117,13,nan,nan,0.09
10/30/2025 19:53:51,1.17.2,PRexp,10,3.94,nan,15,Left,Left,608,52,117,13,nan,nan,0.39
10/30/2025 19:53:57,1.17.2,PRexp,10,3.93,nan,15,Left,Left,609,52,117,13,nan,nan,0.28
10/30/2025 19:53:59,1.17.2,PRexp,10,3.94,nan,15,Left,Left,610,52,117,13,nan,nan,0.21
10/30/2025 19:54:00,1.17.2,PRexp,10,3.93,nan,15,Left,Left,611,52,117,13,nan,nan,0.64
10/30/2025 19:54:01,1.17.2,PRexp,10,3.94,nan,15,Left,Left,612,52,117,13,nan,nan,0.20
10/30/2025 19:54:02,1.17.2,PRexp,10,3.93,nan,15,Left,Left,613,52,117,13,nan,nan,0.46
10/30/2025 19:54:04,1.17.2,PRexp,10,3.93,nan,15,Left,Left,614,52,117,13,nan,nan,0.14
10/30/2025 19:54:16,1.17.2,PRexp,10,3.94,nan,15,Left,Left,615,52,117,13,nan,nan,1.34
10/30/2025 19:54:16,1.17.2,PRexp,10,3.94,nan,15,Left,Left,616,52,117,13,nan,nan,0.19
10/30/2025 19:54:20,1.17.2,PRexp,10,3.94,3,15,Pellet,Left,616,52,118,14,0.55,123,nan
10/30/2025 19:55:31,1.17.2,PRexp,10,3.93,nan,17,Left,Left,617,52,118,14,nan,nan,0.08
10/30/2025 20:05:45,1.17.2,PRexp,10,3.93,nan,17,Left,Left,618,52,118,14,nan,nan,0.01
10/30/2025 20:07:33,1.17.2,PRexp,10,3.94,nan,17,Left,Left,619,52,118,14,nan,nan,0.13
10/30/2025 20:07:38,1.17.2,PRexp,10,3.93,nan,17,Left,Left,620,52,118,14,nan,nan,0.18
10/30/2025 20:07:44,1.17.2,PRexp,10,3.94,nan,17,Left,Left,621,52,118,14,nan,nan,0.08
10/30/2025 20:07:48,1.17.2,PRexp,10,3.93,nan,17,Left,Left,622,52,118,14,nan,nan,0.25
10/30/2025 20:07:49,1.17.2,PRexp,10,3.94,nan,17,Left,Left,623,52,118,14,nan,nan,0.00
10/30/2025 20:07:50,1.17.2,PRexp,10,3.93,nan,17,Left,Left,624,52,118,14,nan,nan,0.06
10/30/2025 20:08:24,1.17.2,PRexp,10,3.93,nan,17,Left,Left,625,52,118,14,nan,nan,0.04
10/30/2025 20:08:26,1.17.2,PRexp,10,3.93,nan,17,Left,Left,626,52,118,14,nan,nan,0.70
10/30/2025 20:08:52,1.17.2,PRexp,10,3.93,nan,17,Left,Left,627,52,118,14,nan,nan,0.09
10/30/2025 20:09:39,1.17.2,PRexp,10,3.93,nan,17,Right,Left,627,53,118,14,nan,nan,0.02
10/30/2025 20:09:51,1.17.2,PRexp,10,3.93,nan,17,Left,Left,628,53,118,14,nan,nan,0.01
10/30/2025 20:10:27,1.17.2,PRexp,10,3.94,nan,17,Left,Left,629,53,118,14,nan,nan,0.13
10/30/2025 20:11:11,1.17.2,PRexp,10,3.93,nan,17,Right,Left,629,54,118,14,nan,nan,0.18
10/30/2025 20:11:57,1.17.2,PRexp,10,3.93,nan,17,Right,Left,629,55,118,14,nan,nan,0.08
10/30/2025 20:12:14,1.17.2,PRexp,10,3.93,nan,17,Left,Left,630,55,118,14,nan,nan,0.13
10/30/2025 20:12:15,1.17.2,PRexp,10,3.93,nan,17,Left,Left,631,55,118,14,nan,nan,0.20
10/30/2025 20:12:22,1.17.2,PRexp,10,3.93,nan,17,Left,Left,632,55,118,14,nan,nan,0.00
10/30/2025 20:12:24,1.17.2,PRexp,10,3.93,nan,17,Left,Left,633,55,118,14,nan,nan,0.12
10/30/2025 20:12:29,1.17.2,PRexp,10,3.93,4,17,Pellet,Left,633,55,119,15,0.05,1089,nan
10/30/2025 20:14:07,1.17.2,PRexp,10,3.94,nan,20,Right,Left,633,56,119,15,nan,nan,0.00
10/30/2025 20:18:24,1.17.2,PRexp,10,3.93,nan,20,Left,Left,634,56,119,15,nan,nan,0.06
10/30/2025 20:18:45,1.17.2,PRexp,10,3.94,nan,20,Left,Left,635,56,119,15,nan,nan,0.00
10/30/2025 20:23:59,1.17.2,PRexp,10,3.94,nan,20,Left,Left,636,56,119,15,nan,nan,0.78
10/30/2025 20:24:16,1.17.2,PRexp,10,3.94,nan,20,Right,Left,636,57,119,15,nan,nan,0.56
10/30/2025 20:24:34,1.17.2,PRexp,10,3.93,nan,20,Right,Left,636,58,119,15,nan,nan,0.83
10/30/2025 20:27:18,1.17.2,PRexp,10,3.94,nan,20,Left,Left,637,58,119,15,nan,nan,0.19
10/30/2025 20:27:25,1.17.2,PRexp,10,3.93,nan,20,Right,Left,637,59,119,15,nan,nan,0.04
10/30/2025 20:27:30,1.17.2,PRexp,10,3.93,nan,20,Left,Left,638,59,119,15,nan,nan,0.25
10/30/2025 20:27:34,1.17.2,PRexp,10,3.93,nan,20,Left,Left,639,59,119,15,nan,nan,0.42
10/30/2025 20:27:40,1.17.2,PRexp,10,3.93,nan,20,Left,Left,640,59,119,15,nan,nan,0.36
10/30/2025 20:30:19,1.17.2,PRexp,10,3.93,nan,20,Left,Left,641,59,119,15,nan,nan,0.03
10/30/2025 20:30:22,1.17.2,PRexp,10,3.93,nan,20,Left,Left,642,59,119,15,nan,nan,0.33
10/30/2025 20:30:26,1.17.2,PRexp,10,3.93,nan,20,Left,Left,643,59,119,15,nan,nan,0.10
10/30/2025 20:30:31,1.17.2,PRexp,10,3.93,nan,20,Left,Left,644,59,119,15,nan,nan,0.26
10/30/2025 20:30:53,1.17.2,PRexp,10,3.93,nan,20,Right,Left,644,60,119,15,nan,nan,0.06
10/30/2025 20:33:03,1.17.2,PRexp,10,3.93,nan,20,Left,Left,645,60,119,15,nan,nan,0.16
10/30/2025 20:33:05,1.17.2,PRexp,10,3.93,nan,20,Left,Left,646,60,119,15,nan,nan,0.57
10/30/2025 20:33:09,1.17.2,PRexp,10,3.93,nan,20,Left,Left,647,60,119,15,nan,nan,0.16
10/30/2025 20:33:12,1.17.2,PRexp,10,3.94,nan,20,Left,Left,648,60,119,15,nan,nan,0.11
10/30/2025 20:34:58,1.17.2,PRexp,10,3.93,nan,20,Left,Left,649,60,119,15,nan,nan,0.10
10/30/2025 20:38:12,1.17.2,PRexp,10,3.94,nan,20,Left,Left,650,60,119,15,nan,nan,0.34
10/30/2025 20:38:13,1.17.2,PRexp,10,3.93,nan,20,Left,Left,651,60,119,15,nan,nan,0.33
10/30/2025 20:38:17,1.17.2,PRexp,10,3.93,nan,20,Left,Left,652,60,119,15,nan,nan,0.36
10/30/2025 20:38:23,1.17.2,PRexp,10,3.93,nan,20,Left,Left,653,60,119,15,nan,nan,0.20
10/30/2025 20:38:31,1.17.2,PRexp,10,3.94,3,20,Pellet,Left,653,60,120,16,3.12,1562,nan
10/30/2025 20:38:59,1.17.2,PRexp,10,3.94,nan,22,Left,Left,654,60,120,16,nan,nan,0.16
10/30/2025 20:39:01,1.17.2,PRexp,10,3.93,nan,22,Left,Left,655,60,120,16,nan,nan,0.68
10/30/2025 20:39:04,1.17.2,PRexp,10,3.94,nan,22,Left,Left,656,60,120,16,nan,nan,0.83
10/30/2025 20:39:42,1.17.2,PRexp,10,3.93,nan,22,Left,Left,657,60,120,16,nan,nan,0.15
10/30/2025 20:41:25,1.17.2,PRexp,10,3.94,nan,22,Left,Left,658,60,120,16,nan,nan,0.26
10/30/2025 20:41:27,1.17.2,PRexp,10,3.93,nan,22,Left,Left,659,60,120,16,nan,nan,0.36
10/30/2025 20:41:30,1.17.2,PRexp,10,3.93,nan,22,Left,Left,660,60,120,16,nan,nan,0.47
10/30/2025 20:41:32,1.17.2,PRexp,10,3.93,nan,22,Left,Left,661,60,120,16,nan,nan,0.16
10/30/2025 20:41:34,1.17.2,PRexp,10,3.93,nan,22,Left,Left,662,60,120,16,nan,nan,0.35
10/30/2025 20:41:37,1.17.2,PRexp,10,3.94,nan,22,Left,Left,663,60,120,16,nan,nan,0.16
10/30/2025 20:42:05,1.17.2,PRexp,10,3.94,nan,22,Right,Left,663,61,120,16,nan,nan,0.34
10/30/2025 20:46:55,1.17.2,PRexp,10,3.93,nan,22,Left,Left,664,61,120,16,nan,nan,0.02
10/30/2025 20:47:28,1.17.2,PRexp,10,3.93,nan,22,Left,Left,665,61,120,16,nan,nan,0.02
10/30/2025 20:47:55,1.17.2,PRexp,10,3.93,nan,22,Left,Left,666,61,120,16,nan,nan,0.23
10/30/2025 20:47:58,1.17.2,PRexp,10,3.93,nan,22,Left,Left,667,61,120,16,nan,nan,0.51
10/30/2025 20:48:00,1.17.2,PRexp,10,3.93,nan,22,Left,Left,668,61,120,16,nan,nan,0.14
10/30/2025 20:48:06,1.17.2,PRexp,10,3.94,nan,22,Right,Left,668,62,120,16,nan,nan,0.14
10/30/2025 20:48:22,1.17.2,PRexp,10,3.93,nan,22,Left,Left,669,62,120,16,nan,nan,0.06
10/30/2025 20:48:23,1.17.2,PRexp,10,3.93,nan,22,Left,Left,670,62,120,16,nan,nan,0.15
10/30/2025 20:48:24,1.17.2,PRexp,10,3.93,nan,22,Left,Left,671,62,120,16,nan,nan,0.10
10/30/2025 20:50:45,1.17.2,PRexp,10,3.93,nan,22,Left,Left,672,62,120,16,nan,nan,0.07
10/30/2025 20:50:49,1.17.2,PRexp,10,3.93,nan,22,Left,Left,673,62,120,16,nan,nan,0.07
10/30/2025 20:50:51,1.17.2,PRexp,10,3.93,nan,22,Left,Left,674,62,120,16,nan,nan,0.12
10/30/2025 20:50:53,1.17.2,PRexp,10,3.93,nan,22,Left,Left,675,62,120,16,nan,nan,0.35
10/30/2025 20:51:01,1.17.2,PRexp,10,3.93,5,22,Pellet,Left,675,62,121,17,0.05,750,nan
10/30/2025 20:51:21,1.17.2,PRexp,10,3.93,nan,25,Left,Left,676,62,121,17,nan,nan,0.00
10/30/2025 20:51:29,1.17.2,PRexp,10,3.93,nan,25,Left,Left,677,62,121,17,nan,nan,0.07
10/30/2025 20:51:33,1.17.2,PRexp,10,3.93,nan,25,Left,Left,678,62,121,17,nan,nan,0.08
10/30/2025 21:00:35,1.17.2,PRexp,10,3.93,nan,25,Right,Left,678,63,121,17,nan,nan,0.04
10/30/2025 21:03:08,1.17.2,PRexp,10,3.93,nan,25,Right,Left,678,64,121,17,nan,nan,0.00
10/30/2025 21:05:19,1.17.2,PRexp,10,3.93,nan,25,Left,Left,679,64,121,17,nan,nan,0.10
10/30/2025 21:05:21,1.17.2,PRexp,10,3.93,nan,25,Left,Left,680,64,121,17,nan,nan,0.19
10/30/2025 21:05:23,1.17.2,PRexp,10,3.93,nan,25,Left,Left,681,64,121,17,nan,nan,0.17
10/30/2025 21:05:24,1.17.2,PRexp,10,3.94,nan,25,Left,Left,682,64,121,17,nan,nan,0.10
10/30/2025 21:05:37,1.17.2,PRexp,10,3.94,nan,25,Left,Left,683,64,121,17,nan,nan,0.10
10/30/2025 21:05:40,1.17.2,PRexp,10,3.94,nan,25,Left,Left,684,64,121,17,nan,nan,0.23
10/30/2025 21:05:41,1.17.2,PRexp,10,3.93,nan,25,Left,Left,685,64,121,17,nan,nan,0.16
10/30/2025 21:05:45,1.17.2,PRexp,10,3.93,nan,25,Left,Left,686,64,121,17,nan,nan,0.11
10/30/2025 21:05:56,1.17.2,PRexp,10,3.94,nan,25,Left,Left,687,64,121,17,nan,nan,0.26
10/30/2025 21:05:57,1.17.2,PRexp,10,3.93,nan,25,Left,Left,688,64,121,17,nan,nan,0.07
10/30/2025 21:05:58,1.17.2,PRexp,10,3.93,nan,25,Left,Left,689,64,121,17,nan,nan,0.35
10/30/2025 21:06:00,1.17.2,PRexp,10,3.94,nan,25,Left,Left,690,64,121,17,nan,nan,0.54
10/30/2025 21:06:00,1.17.2,PRexp,10,3.93,nan,25,Left,Left,691,64,121,17,nan,nan,0.00
10/30/2025 21:06:02,1.17.2,PRexp,10,3.94,nan,25,Left,Left,692,64,121,17,nan,nan,0.29
10/30/2025 21:06:03,1.17.2,PRexp,10,3.93,nan,25,Left,Left,693,64,121,17,nan,nan,0.09
10/30/2025 21:06:15,1.17.2,PRexp,10,3.93,nan,25,Left,Left,694,64,121,17,nan,nan,0.62
10/30/2025 21:06:17,1.17.2,PRexp,10,3.93,nan,25,Left,Left,695,64,121,17,nan,nan,0.20
10/30/2025 21:06:21,1.17.2,PRexp,10,3.93,nan,25,Left,Left,696,64,121,17,nan,nan,0.20
10/30/2025 21:06:27,1.17.2,PRexp,10,3.93,nan,25,Left,Left,697,64,121,17,nan,nan,0.00
10/30/2025 21:10:58,1.17.2,PRexp,10,3.93,nan,25,Left,Left,698,64,121,17,nan,nan,0.07
10/30/2025 21:12:35,1.17.2,PRexp,10,3.93,nan,25,Left,Left,699,64,121,17,nan,nan,0.18
10/30/2025 21:13:49,1.17.2,PRexp,10,3.93,nan,25,Left,Left,700,64,121,17,nan,nan,0.09
10/30/2025 21:13:55,1.17.2,PRexp,10,3.93,4,25,Pellet,Left,700,64,122,18,0.05,1374,nan
10/30/2025 21:14:09,1.17.2,PRexp,10,3.93,nan,28,Right,Left,700,65,122,18,nan,nan,0.26
10/30/2025 21:15:40,1.17.2,PRexp,10,3.93,nan,28,Left,Left,701,65,122,18,nan,nan,0.16
10/30/2025 21:15:42,1.17.2,PRexp,10,3.93,nan,28,Left,Left,702,65,122,18,nan,nan,0.17
10/30/2025 21:15:51,1.17.2,PRexp,10,3.93,nan,28,Left,Left,703,65,122,18,nan,nan,0.15
10/30/2025 21:16:00,1.17.2,PRexp,10,3.93,nan,28,Left,Left,704,65,122,18,nan,nan,0.04
10/30/2025 21:16:02,1.17.2,PRexp,10,3.93,nan,28,Left,Left,705,65,122,18,nan,nan,0.60
10/30/2025 21:16:04,1.17.2,PRexp,10,3.93,nan,28,Left,Left,706,65,122,18,nan,nan,0.40
10/30/2025 21:16:06,1.17.2,PRexp,10,3.93,nan,28,Left,Left,707,65,122,18,nan,nan,0.06
10/30/2025 21:16:07,1.17.2,PRexp,10,3.93,nan,28,Left,Left,708,65,122,18,nan,nan,0.22
10/30/2025 21:16:09,1.17.2,PRexp,10,3.93,nan,28,Left,Left,709,65,122,18,nan,nan,0.09
10/30/2025 21:16:17,1.17.2,PRexp,10,3.93,nan,28,Right,Left,709,66,122,18,nan,nan,0.17
10/30/2025 21:17:12,1.17.2,PRexp,10,3.93,nan,28,Right,Left,709,67,122,18,nan,nan,0.18
10/30/2025 21:29:20,1.17.2,PRexp,10,3.93,nan,28,Left,Left,710,67,122,18,nan,nan,0.03
10/30/2025 21:29:30,1.17.2,PRexp,10,3.93,nan,28,Left,Left,711,67,122,18,nan,nan,0.10
10/30/2025 21:29:31,1.17.2,PRexp,10,3.93,nan,28,Left,Left,712,67,122,18,nan,nan,0.15
10/30/2025 21:30:37,1.17.2,PRexp,10,3.93,nan,28,Left,Left,713,67,122,18,nan,nan,0.00
10/30/2025 21:30:38,1.17.2,PRexp,10,3.93,nan,28,Left,Left,714,67,122,18,nan,nan,0.03
10/30/2025 21:30:45,1.17.2,PRexp,10,3.93,nan,28,Left,Left,715,67,122,18,nan,nan,0.18
10/30/2025 21:31:11,1.17.2,PRexp,10,3.93,nan,28,Left,Left,716,67,122,18,nan,nan,0.12
10/30/2025 21:44:16,1.17.2,PRexp,10,3.93,nan,28,Right,Left,716,68,122,18,nan,nan,0.02
10/30/2025 21:44:46,1.17.2,PRexp,10,3.93,nan,28,Right,Left,716,69,122,18,nan,nan,0.14
10/30/2025 21:48:51,1.17.2,PRexp,10,3.93,nan,28,Left,Left,717,69,122,18,nan,nan,0.04
10/30/2025 21:49:18,1.17.2,PRexp,10,3.93,nan,28,Left,Left,718,69,122,18,nan,nan,0.14
10/30/2025 21:49:32,1.17.2,PRexp,10,3.93,nan,28,Right,Left,718,70,122,18,nan,nan,0.43
10/30/2025 21:52:20,1.17.2,PRexp,10,3.93,nan,28,Left,Left,719,70,122,18,nan,nan,0.32
10/30/2025 21:52:23,1.17.2,PRexp,10,3.93,nan,28,Left,Left,720,70,122,18,nan,nan,0.28
10/30/2025 21:52:24,1.17.2,PRexp,10,3.93,nan,28,Left,Left,721,70,122,18,nan,nan,0.01
10/30/2025 21:52:27,1.17.2,PRexp,10,3.93,nan,28,Left,Left,722,70,122,18,nan,nan,0.32
10/30/2025 21:53:08,1.17.2,PRexp,10,3.93,nan,28,Left,Left,723,70,122,18,nan,nan,0.45
10/30/2025 21:53:09,1.17.2,PRexp,10,3.93,nan,28,Left,Left,724,70,122,18,nan,nan,0.12
10/30/2025 21:53:19,1.17.2,PRexp,10,3.93,nan,28,Left,Left,725,70,122,18,nan,nan,0.25
10/30/2025 21:53:21,1.17.2,PRexp,10,3.93,nan,28,Left,Left,726,70,122,18,nan,nan,0.17
10/30/2025 21:53:30,1.17.2,PRexp,10,3.93,nan,28,Left,Left,727,70,122,18,nan,nan,0.11
10/30/2025 21:53:32,1.17.2,PRexp,10,3.93,nan,28,Left,Left,728,70,122,18,nan,nan,0.01
10/30/2025 21:53:32,1.17.2,PRexp,10,3.93,nan,28,LeftDuringDispense,Left,729,70,122,19,nan,nan,0.06
10/30/2025 21:53:35,1.17.2,PRexp,10,3.93,3,28,Pellet,Left,729,70,123,19,0.38,2380,nan
10/30/2025 21:59:06,1.17.2,PRexp,10,3.93,nan,32,Left,Left,730,70,123,19,nan,nan,0.14
10/30/2025 22:03:26,1.17.2,PRexp,10,3.93,nan,32,Left,Left,731,70,123,19,nan,nan,0.10
10/30/2025 22:03:28,1.17.2,PRexp,10,3.93,nan,32,Left,Left,732,70,123,19,nan,nan,0.16
10/30/2025 22:03:29,1.17.2,PRexp,10,3.93,nan,32,Left,Left,733,70,123,19,nan,nan,0.11
10/30/2025 22:03:31,1.17.2,PRexp,10,3.93,nan,32,Left,Left,734,70,123,19,nan,nan,0.54
10/30/2025 22:04:15,1.17.2,PRexp,10,3.93,nan,32,Left,Left,735,70,123,19,nan,nan,0.08
10/30/2025 22:06:29,1.17.2,PRexp,10,3.94,nan,32,Left,Left,736,70,123,19,nan,nan,0.13
10/30/2025 22:10:40,1.17.2,PRexp,10,3.93,nan,32,Left,Left,737,70,123,19,nan,nan,0.17
10/30/2025 22:10:42,1.17.2,PRexp,10,3.93,nan,32,Left,Left,738,70,123,19,nan,nan,0.23
10/30/2025 22:11:57,1.17.2,PRexp,10,3.93,nan,32,Left,Left,739,70,123,19,nan,nan,0.12
10/30/2025 22:11:58,1.17.2,PRexp,10,3.93,nan,32,Left,Left,740,70,123,19,nan,nan,0.20
10/30/2025 22:12:00,1.17.2,PRexp,10,3.93,nan,32,Left,Left,741,70,123,19,nan,nan,0.36
10/30/2025 22:12:01,1.17.2,PRexp,10,3.93,nan,32,Left,Left,742,70,123,19,nan,nan,0.06
10/30/2025 22:13:59,1.17.2,PRexp,10,3.93,nan,32,Left,Left,743,70,123,19,nan,nan,0.17
10/30/2025 22:14:00,1.17.2,PRexp,10,3.93,nan,32,Left,Left,744,70,123,19,nan,nan,0.09
10/30/2025 22:14:08,1.17.2,PRexp,10,3.93,nan,32,Left,Left,745,70,123,19,nan,nan,0.57
10/30/2025 22:14:09,1.17.2,PRexp,10,3.93,nan,32,Left,Left,746,70,123,19,nan,nan,0.52
10/30/2025 22:14:11,1.17.2,PRexp,10,3.93,nan,32,Left,Left,747,70,123,19,nan,nan,0.35
10/30/2025 22:14:15,1.17.2,PRexp,10,3.93,nan,32,Left,Left,748,70,123,19,nan,nan,0.19
10/30/2025 22:14:16,1.17.2,PRexp,10,3.93,nan,32,Left,Left,749,70,123,19,nan,nan,0.21
10/30/2025 22:14:17,1.17.2,PRexp,10,3.93,nan,32,Left,Left,750,70,123,19,nan,nan,0.18
10/30/2025 22:14:19,1.17.2,PRexp,10,3.93,nan,32,Left,Left,751,70,123,19,nan,nan,0.33
10/30/2025 22:14:23,1.17.2,PRexp,10,3.93,nan,32,Left,Left,752,70,123,19,nan,nan,1.06
10/30/2025 22:14:28,1.17.2,PRexp,10,3.93,nan,32,Left,Left,753,70,123,19,nan,nan,0.31
10/30/2025 22:14:30,1.17.2,PRexp,10,3.93,nan,32,Left,Left,754,70,123,19,nan,nan,0.74
10/30/2025 22:14:40,1.17.2,PRexp,10,3.93,nan,32,Right,Left,754,71,123,19,nan,nan,0.12
10/30/2025 22:17:45,1.17.2,PRexp,10,3.93,nan,32,Left,Left,755,71,123,19,nan,nan,0.03
10/30/2025 22:30:28,1.17.2,PRexp,10,3.93,nan,32,Left,Left,756,71,123,19,nan,nan,0.04
10/30/2025 22:30:29,1.17.2,PRexp,10,3.93,nan,32,Left,Left,757,71,123,19,nan,nan,0.17
10/30/2025 22:30:31,1.17.2,PRexp,10,3.93,nan,32,Left,Left,758,71,123,19,nan,nan,0.18
10/30/2025 22:30:47,1.17.2,PRexp,10,3.93,nan,32,Left,Left,759,71,123,19,nan,nan,0.05
10/30/2025 22:30:48,1.17.2,PRexp,10,3.93,nan,32,Left,Left,760,71,123,19,nan,nan,0.11
10/30/2025 22:34:49,1.17.2,PRexp,10,3.93,nan,32,Left,Left,761,71,123,19,nan,nan,0.33
10/30/2025 22:34:55,1.17.2,PRexp,10,3.93,3,32,Pellet,Left,761,71,124,20,0.66,2480,nan
10/30/2025 22:35:30,1.17.2,PRexp,10,3.93,nan,36,Left,Left,762,71,124,20,nan,nan,0.04
10/30/2025 22:35:35,1.17.2,PRexp,10,3.93,nan,36,Left,Left,763,71,124,20,nan,nan,0.28
10/30/2025 22:35:37,1.17.2,PRexp,10,3.93,nan,36,Left,Left,764,71,124,20,nan,nan,0.55
10/30/2025 22:35:38,1.17.2,PRexp,10,3.93,nan,36,Left,Left,765,71,124,20,nan,nan,0.06
10/30/2025 22:35:44,1.17.2,PRexp,10,3.93,nan,36,Left,Left,766,71,124,20,nan,nan,0.90
10/30/2025 22:35:46,1.17.2,PRexp,10,3.93,nan,36,Left,Left,767,71,124,20,nan,nan,0.11
10/30/2025 22:36:01,1.17.2,PRexp,10,3.93,nan,36,Right,Left,767,72,124,20,nan,nan,0.03
10/30/2025 22:36:07,1.17.2,PRexp,10,3.93,nan,36,Left,Left,768,72,124,20,nan,nan,0.05
10/30/2025 22:36:09,1.17.2,PRexp,10,3.93,nan,36,Left,Left,769,72,124,20,nan,nan,0.20
10/30/2025 22:36:40,1.17.2,PRexp,10,3.93,nan,36,Left,Left,770,72,124,20,nan,nan,0.72
10/30/2025 22:36:42,1.17.2,PRexp,10,3.93,nan,36,Left,Left,771,72,124,20,nan,nan,0.68
10/30/2025 22:36:55,1.17.2,PRexp,10,3.93,nan,36,Left,Left,772,72,124,20,nan,nan,0.37
10/30/2025 22:36:57,1.17.2,PRexp,10,3.93,nan,36,Left,Left,773,72,124,20,nan,nan,0.61
10/30/2025 22:37:19,1.17.2,PRexp,10,3.93,nan,36,Right,Left,773,73,124,20,nan,nan,0.06
10/30/2025 22:41:20,1.17.2,PRexp,10,3.93,nan,36,Left,Left,774,73,124,20,nan,nan,0.16
10/30/2025 22:41:20,1.17.2,PRexp,10,3.93,nan,36,Left,Left,775,73,124,20,nan,nan,0.22
10/30/2025 22:41:27,1.17.2,PRexp,10,3.93,nan,36,Right,Left,775,74,124,20,nan,nan,0.21
10/30/2025 22:41:59,1.17.2,PRexp,10,3.93,nan,36,Left,Left,776,74,124,20,nan,nan,0.19
10/30/2025 22:42:00,1.17.2,PRexp,10,3.93,nan,36,Left,Left,777,74,124,20,nan,nan,0.14
10/30/2025 22:42:01,1.17.2,PRexp,10,3.93,nan,36,Left,Left,778,74,124,20,nan,nan,0.33
10/30/2025 22:42:03,1.17.2,PRexp,10,3.93,nan,36,Left,Left,779,74,124,20,nan,nan,0.14
10/30/2025 22:42:04,1.17.2,PRexp,10,3.93,nan,36,Left,Left,780,74,124,20,nan,nan,0.00
10/30/2025 22:42:05,1.17.2,PRexp,10,3.93,nan,36,Left,Left,781,74,124,20,nan,nan,0.16
10/30/2025 22:42:33,1.17.2,PRexp,10,3.93,nan,36,Left,Left,782,74,124,20,nan,nan,0.06
10/30/2025 22:42:34,1.17.2,PRexp,10,3.93,nan,36,Left,Left,783,74,124,20,nan,nan,0.13
10/30/2025 22:43:28,1.17.2,PRexp,10,3.93,nan,36,Left,Left,784,74,124,20,nan,nan,0.47
10/30/2025 22:43:29,1.17.2,PRexp,10,3.93,nan,36,Left,Left,785,74,124,20,nan,nan,0.11
10/30/2025 22:43:30,1.17.2,PRexp,10,3.93,nan,36,Left,Left,786,74,124,20,nan,nan,0.00
10/30/2025 22:46:17,1.17.2,PRexp,10,3.94,nan,36,Left,Left,787,74,124,20,nan,nan,0.15
10/30/2025 22:46:18,1.17.2,PRexp,10,3.93,nan,36,Left,Left,788,74,124,20,nan,nan,0.12
10/30/2025 22:48:29,1.17.2,PRexp,10,3.93,nan,36,Left,Left,789,74,124,20,nan,nan,0.02
10/30/2025 22:48:30,1.17.2,PRexp,10,3.93,nan,36,Left,Left,790,74,124,20,nan,nan,0.11
10/30/2025 22:48:31,1.17.2,PRexp,10,3.93,nan,36,Left,Left,791,74,124,20,nan,nan,0.07
10/30/2025 22:48:39,1.17.2,PRexp,10,3.93,nan,36,Left,Left,792,74,124,20,nan,nan,0.17
10/30/2025 22:48:41,1.17.2,PRexp,10,3.93,nan,36,Left,Left,793,74,124,20,nan,nan,0.04
10/30/2025 22:48:54,1.17.2,PRexp,10,3.93,nan,36,Left,Left,794,74,124,20,nan,nan,0.06
10/30/2025 22:48:55,1.17.2,PRexp,10,3.93,nan,36,Left,Left,795,74,124,20,nan,nan,0.73
10/30/2025 22:48:56,1.17.2,PRexp,10,3.93,nan,36,Left,Left,796,74,124,20,nan,nan,0.00
10/30/2025 22:53:53,1.17.2,PRexp,10,3.93,nan,36,Left,Left,797,74,124,20,nan,nan,0.12
10/30/2025 22:53:56,1.17.2,PRexp,10,3.93,nan,36,LeftDuringDispense,Left,798,74,124,21,nan,nan,0.01
10/30/2025 22:53:59,1.17.2,PRexp,10,3.93,3,36,Pellet,Left,798,74,125,21,0.27,1143,nan
10/30/2025 22:54:57,1.17.2,PRexp,10,3.93,nan,40,Left,Left,799,74,125,21,nan,nan,0.15
10/30/2025 22:55:00,1.17.2,PRexp,10,3.93,nan,40,Left,Left,800,74,125,21,nan,nan,0.77
10/30/2025 22:55:04,1.17.2,PRexp,10,3.93,nan,40,Left,Left,801,74,125,21,nan,nan,1.04
10/30/2025 22:55:14,1.17.2,PRexp,10,3.93,nan,40,Left,Left,802,74,125,21,nan,nan,0.04
10/30/2025 22:55:25,1.17.2,PRexp,10,3.93,nan,40,Left,Left,803,74,125,21,nan,nan,1.01
10/30/2025 22:55:26,1.17.2,PRexp,10,3.93,nan,40,Left,Left,804,74,125,21,nan,nan,0.19
10/30/2025 22:55:27,1.17.2,PRexp,10,3.93,nan,40,Left,Left,805,74,125,21,nan,nan,0.05
10/30/2025 22:55:28,1.17.2,PRexp,10,3.93,nan,40,Left,Left,806,74,125,21,nan,nan,0.08
10/30/2025 22:55:35,1.17.2,PRexp,10,3.93,nan,40,Left,Left,807,74,125,21,nan,nan,0.72
10/30/2025 22:55:45,1.17.2,PRexp,10,3.93,nan,40,Left,Left,808,74,125,21,nan,nan,0.19
10/30/2025 22:55:46,1.17.2,PRexp,10,3.93,nan,40,Left,Left,809,74,125,21,nan,nan,0.84
10/30/2025 22:55:47,1.17.2,PRexp,10,3.93,nan,40,Left,Left,810,74,125,21,nan,nan,0.17
10/30/2025 22:55:48,1.17.2,PRexp,10,3.93,nan,40,Left,Left,811,74,125,21,nan,nan,0.00
10/30/2025 22:55:50,1.17.2,PRexp,10,3.93,nan,40,Left,Left,812,74,125,21,nan,nan,0.35
10/30/2025 22:55:55,1.17.2,PRexp,10,3.93,nan,40,Right,Left,812,75,125,21,nan,nan,0.06
10/30/2025 22:56:06,1.17.2,PRexp,10,3.93,nan,40,Left,Left,813,75,125,21,nan,nan,0.10
10/30/2025 22:56:09,1.17.2,PRexp,10,3.93,nan,40,Left,Left,814,75,125,21,nan,nan,0.49
10/30/2025 22:56:11,1.17.2,PRexp,10,3.93,nan,40,Left,Left,815,75,125,21,nan,nan,1.04
10/30/2025 22:56:12,1.17.2,PRexp,10,3.93,nan,40,Left,Left,816,75,125,21,nan,nan,0.00
10/30/2025 22:56:15,1.17.2,PRexp,10,3.93,nan,40,Left,Left,817,75,125,21,nan,nan,0.20
10/30/2025 22:56:24,1.17.2,PRexp,10,3.93,nan,40,Left,Left,818,75,125,21,nan,nan,0.34
10/30/2025 22:56:25,1.17.2,PRexp,10,3.93,nan,40,Left,Left,819,75,125,21,nan,nan,0.16
10/30/2025 22:59:33,1.17.2,PRexp,10,3.93,nan,40,Right,Left,819,76,125,21,nan,nan,0.11
10/30/2025 22:59:35,1.17.2,PRexp,10,3.93,nan,40,Left,Left,820,76,125,21,nan,nan,0.02
10/30/2025 22:59:39,1.17.2,PRexp,10,3.93,nan,40,Left,Left,821,76,125,21,nan,nan,0.05
10/30/2025 22:59:41,1.17.2,PRexp,10,3.93,nan,40,Left,Left,822,76,125,21,nan,nan,0.22
10/30/2025 22:59:44,1.17.2,PRexp,10,3.93,nan,40,Left,Left,823,76,125,21,nan,nan,0.48
10/30/2025 22:59:58,1.17.2,PRexp,10,3.92,nan,40,Left,Left,824,76,125,21,nan,nan,0.23
10/30/2025 23:00:06,1.17.2,PRexp,10,3.93,nan,40,Left,Left,825,76,125,21,nan,nan,0.08
10/30/2025 23:00:07,1.17.2,PRexp,10,3.93,nan,40,Left,Left,826,76,125,21,nan,nan,0.15
10/30/2025 23:00:29,1.17.2,PRexp,10,3.93,nan,40,Right,Left,826,77,125,21,nan,nan,0.19
10/30/2025 23:04:05,1.17.2,PRexp,10,3.93,nan,40,Left,Left,827,77,125,21,nan,nan,0.20
10/30/2025 23:04:07,1.17.2,PRexp,10,3.93,nan,40,Left,Left,828,77,125,21,nan,nan,0.03
10/30/2025 23:04:53,1.17.2,PRexp,10,3.93,nan,40,Right,Left,828,78,125,21,nan,nan,0.05
10/30/2025 23:05:05,1.17.2,PRexp,10,3.93,nan,40,Left,Left,829,78,125,21,nan,nan,0.14
10/30/2025 23:07:53,1.17.2,PRexp,10,3.93,nan,40,Left,Left,830,78,125,21,nan,nan,0.10
10/30/2025 23:07:54,1.17.2,PRexp,10,3.93,nan,40,Left,Left,831,78,125,21,nan,nan,0.09
10/30/2025 23:07:58,1.17.2,PRexp,10,3.93,nan,40,Right,Left,831,79,125,21,nan,nan,0.10
10/30/2025 23:08:20,1.17.2,PRexp,10,3.93,nan,40,Left,Left,832,79,125,21,nan,nan,0.05
10/30/2025 23:08:21,1.17.2,PRexp,10,3.93,nan,40,Left,Left,833,79,125,21,nan,nan,0.13
10/30/2025 23:08:28,1.17.2,PRexp,10,3.93,nan,40,Left,Left,834,79,125,21,nan,nan,0.70
10/30/2025 23:08:31,1.17.2,PRexp,10,3.93,nan,40,Left,Left,835,79,125,21,nan,nan,0.06
10/30/2025 23:08:32,1.17.2,PRexp,10,3.93,nan,40,Left,Left,836,79,125,21,nan,nan,0.19
10/30/2025 23:08:35,1.17.2,PRexp,10,3.93,nan,40,Left,Left,837,79,125,21,nan,nan,1.08
10/30/2025 23:08:37,1.17.2,PRexp,10,3.93,nan,40,Left,Left,838,79,125,21,nan,nan,0.44
10/30/2025 23:08:38,1.17.2,PRexp,10,3.93,nan,40,LeftDuringDispense,Left,839,79,125,22,nan,nan,0.22
10/30/2025 23:08:43,1.17.2,PRexp,10,3.93,3,40,Pellet,Left,839,79,126,22,0.39,885,nan
10/30/2025 23:09:05,1.17.2,PRexp,10,3.93,nan,45,Left,Left,840,79,126,22,nan,nan,0.20
10/30/2025 23:09:06,1.17.2,PRexp,10,3.93,nan,45,Left,Left,841,79,126,22,nan,nan,0.15
10/30/2025 23:09:15,1.17.2,PRexp,10,3.93,nan,45,Left,Left,842,79,126,22,nan,nan,0.75
10/30/2025 23:09:17,1.17.2,PRexp,10,3.93,nan,45,Left,Left,843,79,126,22,nan,nan,0.77
10/30/2025 23:09:19,1.17.2,PRexp,10,3.93,nan,45,Left,Left,844,79,126,22,nan,nan,0.34
10/30/2025 23:09:26,1.17.2,PRexp,10,3.93,nan,45,Left,Left,845,79,126,22,nan,nan,0.02
10/30/2025 23:09:27,1.17.2,PRexp,10,3.93,nan,45,Left,Left,846,79,126,22,nan,nan,0.16
10/30/2025 23:09:29,1.17.2,PRexp,10,3.93,nan,45,Left,Left,847,79,126,22,nan,nan,0.13
10/30/2025 23:10:52,1.17.2,PRexp,10,3.93,nan,45,Left,Left,848,79,126,22,nan,nan,0.15
10/30/2025 23:10:53,1.17.2,PRexp,10,3.93,nan,45,Left,Left,849,79,126,22,nan,nan,0.14
10/30/2025 23:10:55,1.17.2,PRexp,10,3.93,nan,45,Left,Left,850,79,126,22,nan,nan,0.57
10/30/2025 23:11:10,1.17.2,PRexp,10,3.93,nan,45,Left,Left,851,79,126,22,nan,nan,0.08
10/30/2025 23:13:01,1.17.2,PRexp,10,3.93,nan,45,Right,Left,851,80,126,22,nan,nan,0.14
10/30/2025 23:15:24,1.17.2,PRexp,10,3.93,nan,45,Left,Left,852,80,126,22,nan,nan,0.09
10/30/2025 23:15:38,1.17.2,PRexp,10,3.93,nan,45,Left,Left,853,80,126,22,nan,nan,0.13
10/30/2025 23:15:43,1.17.2,PRexp,10,3.93,nan,45,Left,Left,854,80,126,22,nan,nan,0.27
10/30/2025 23:18:06,1.17.2,PRexp,10,3.93,nan,45,Left,Left,855,80,126,22,nan,nan,0.10
10/30/2025 23:18:09,1.17.2,PRexp,10,3.93,nan,45,Left,Left,856,80,126,22,nan,nan,0.57
10/30/2025 23:18:10,1.17.2,PRexp,10,3.93,nan,45,Left,Left,857,80,126,22,nan,nan,0.15
10/30/2025 23:18:13,1.17.2,PRexp,10,3.93,nan,45,Left,Left,858,80,126,22,nan,nan,0.16
10/30/2025 23:18:18,1.17.2,PRexp,10,3.93,nan,45,Left,Left,859,80,126,22,nan,nan,0.14
10/30/2025 23:34:25,1.17.2,PRexp,10,3.93,nan,45,Right,Left,859,81,126,22,nan,nan,0.03
10/30/2025 23:34:27,1.17.2,PRexp,10,3.93,nan,45,Right,Left,859,82,126,22,nan,nan,0.15
10/30/2025 23:35:39,1.17.2,PRexp,10,3.93,nan,45,Left,Left,860,82,126,22,nan,nan,0.00
10/30/2025 23:35:40,1.17.2,PRexp,10,3.93,nan,45,Left,Left,861,82,126,22,nan,nan,0.12
10/30/2025 23:35:50,1.17.2,PRexp,10,3.93,nan,45,Left,Left,862,82,126,22,nan,nan,0.12
10/30/2025 23:45:33,1.17.2,PRexp,10,3.93,nan,45,Left,Left,863,82,126,22,nan,nan,0.00
10/30/2025 23:45:36,1.17.2,PRexp,10,3.93,nan,45,Left,Left,864,82,126,22,nan,nan,0.04
10/30/2025 23:45:37,1.17.2,PRexp,10,3.93,nan,45,Left,Left,865,82,126,22,nan,nan,0.41
10/30/2025 23:45:39,1.17.2,PRexp,10,3.93,nan,45,Left,Left,866,82,126,22,nan,nan,0.29
10/30/2025 23:45:40,1.17.2,PRexp,10,3.93,nan,45,Left,Left,867,82,126,22,nan,nan,0.20
10/30/2025 23:45:42,1.17.2,PRexp,10,3.93,nan,45,Left,Left,868,82,126,22,nan,nan,0.15
10/30/2025 23:45:56,1.17.2,PRexp,10,3.93,nan,45,Left,Left,869,82,126,22,nan,nan,0.17
10/30/2025 23:46:04,1.17.2,PRexp,10,3.93,nan,45,Left,Left,870,82,126,22,nan,nan,0.35
10/30/2025 23:46:05,1.17.2,PRexp,10,3.93,nan,45,Left,Left,871,82,126,22,nan,nan,0.12
10/30/2025 23:46:12,1.17.2,PRexp,10,3.93,nan,45,Left,Left,872,82,126,22,nan,nan,0.00
10/30/2025 23:51:30,1.17.2,PRexp,10,3.93,nan,45,Left,Left,873,82,126,22,nan,nan,0.00
10/30/2025 23:53:17,1.17.2,PRexp,10,3.93,nan,45,Left,Left,874,82,126,22,nan,nan,0.07
10/30/2025 23:53:19,1.17.2,PRexp,10,3.93,nan,45,Left,Left,875,82,126,22,nan,nan,0.09
10/30/2025 23:53:59,1.17.2,PRexp,10,3.93,nan,45,Left,Left,876,82,126,22,nan,nan,0.05
10/30/2025 23:54:03,1.17.2,PRexp,10,3.93,nan,45,Left,Left,877,82,126,22,nan,nan,0.10
10/30/2025 23:54:04,1.17.2,PRexp,10,3.93,nan,45,Left,Left,878,82,126,22,nan,nan,0.12
10/30/2025 23:54:05,1.17.2,PRexp,10,3.93,nan,45,Left,Left,879,82,126,22,nan,nan,0.21
10/30/2025 23:54:08,1.17.2,PRexp,10,3.93,nan,45,Left,Left,880,82,126,22,nan,nan,0.34
10/30/2025 23:54:09,1.17.2,PRexp,10,3.93,nan,45,Left,Left,881,82,126,22,nan,nan,0.05
10/30/2025 23:54:11,1.17.2,PRexp,10,3.93,nan,45,Left,Left,882,82,126,22,nan,nan,0.10
10/30/2025 23:59:58,1.17.2,PRexp,10,3.93,nan,45,Left,Left,883,82,126,22,nan,nan,0.18
10/30/2025 23:59:59,1.17.2,PRexp,10,3.93,nan,45,Left,Left,884,82,126,22,nan,nan,0.13
10/31/2025 0:00:05,1.17.2,PRexp,10,3.93,3,45,Pellet,Left,884,82,127,23,2.34,3082,nan
10/31/2025 0:00:49,1.17.2,PRexp,10,3.93,nan,50,Left,Left,885,82,127,23,nan,nan,0.18
10/31/2025 0:00:50,1.17.2,PRexp,10,3.93,nan,50,Left,Left,886,82,127,23,nan,nan,0.38
10/31/2025 0:00:57,1.17.2,PRexp,10,3.93,nan,50,Left,Left,887,82,127,23,nan,nan,0.00
10/31/2025 0:00:58,1.17.2,PRexp,10,3.93,nan,50,Left,Left,888,82,127,23,nan,nan,0.05
10/31/2025 0:00:59,1.17.2,PRexp,10,3.93,nan,50,Left,Left,889,82,127,23,nan,nan,0.00
10/31/2025 0:01:00,1.17.2,PRexp,10,3.93,nan,50,Left,Left,890,82,127,23,nan,nan,0.25
10/31/2025 0:01:00,1.17.2,PRexp,10,3.93,nan,50,Left,Left,891,82,127,23,nan,nan,0.12
10/31/2025 0:01:03,1.17.2,PRexp,10,3.93,nan,50,Left,Left,892,82,127,23,nan,nan,0.17
10/31/2025 0:01:04,1.17.2,PRexp,10,3.93,nan,50,Left,Left,893,82,127,23,nan,nan,0.08
10/31/2025 0:01:16,1.17.2,PRexp,10,3.92,nan,50,Left,Left,894,82,127,23,nan,nan,0.26
10/31/2025 0:01:17,1.17.2,PRexp,10,3.93,nan,50,Left,Left,895,82,127,23,nan,nan,0.00
10/31/2025 0:01:20,1.17.2,PRexp,10,3.93,nan,50,Left,Left,896,82,127,23,nan,nan,0.32
10/31/2025 0:01:21,1.17.2,PRexp,10,3.93,nan,50,Left,Left,897,82,127,23,nan,nan,0.01
10/31/2025 0:01:22,1.17.2,PRexp,10,3.93,nan,50,Left,Left,898,82,127,23,nan,nan,0.84
10/31/2025 0:01:23,1.17.2,PRexp,10,3.93,nan,50,Left,Left,899,82,127,23,nan,nan,0.00
10/31/2025 0:01:24,1.17.2,PRexp,10,3.93,nan,50,Left,Left,900,82,127,23,nan,nan,0.02
10/31/2025 0:01:25,1.17.2,PRexp,10,3.93,nan,50,Left,Left,901,82,127,23,nan,nan,0.00
10/31/2025 0:01:27,1.17.2,PRexp,10,3.93,nan,50,Left,Left,902,82,127,23,nan,nan,0.18
10/31/2025 0:01:29,1.17.2,PRexp,10,3.93,nan,50,Left,Left,903,82,127,23,nan,nan,1.11
10/31/2025 0:01:33,1.17.2,PRexp,10,3.93,nan,50,Left,Left,904,82,127,23,nan,nan,1.71
10/31/2025 0:01:37,1.17.2,PRexp,10,3.93,nan,50,Left,Left,905,82,127,23,nan,nan,0.01
10/31/2025 0:01:37,1.17.2,PRexp,10,3.93,nan,50,Left,Left,906,82,127,23,nan,nan,0.13
10/31/2025 0:01:38,1.17.2,PRexp,10,3.93,nan,50,Left,Left,907,82,127,23,nan,nan,0.15
10/31/2025 0:01:40,1.17.2,PRexp,10,3.93,nan,50,Left,Left,908,82,127,23,nan,nan,0.00
10/31/2025 0:01:41,1.17.2,PRexp,10,3.92,nan,50,Left,Left,909,82,127,23,nan,nan,0.26
10/31/2025 0:01:44,1.17.2,PRexp,10,3.93,nan,50,Left,Left,910,82,127,23,nan,nan,0.00
10/31/2025 0:01:45,1.17.2,PRexp,10,3.93,nan,50,Left,Left,911,82,127,23,nan,nan,0.07
10/31/2025 0:01:46,1.17.2,PRexp,10,3.93,nan,50,Left,Left,912,82,127,23,nan,nan,0.21
10/31/2025 0:01:47,1.17.2,PRexp,10,3.93,nan,50,Left,Left,913,82,127,23,nan,nan,0.27
10/31/2025 0:01:49,1.17.2,PRexp,10,3.93,nan,50,Left,Left,914,82,127,23,nan,nan,0.02
10/31/2025 0:01:52,1.17.2,PRexp,10,3.93,nan,50,Left,Left,915,82,127,23,nan,nan,0.15
10/31/2025 0:02:00,1.17.2,PRexp,10,3.93,nan,50,Left,Left,916,82,127,23,nan,nan,0.12
10/31/2025 0:02:01,1.17.2,PRexp,10,3.93,nan,50,Left,Left,917,82,127,23,nan,nan,0.02
10/31/2025 0:02:02,1.17.2,PRexp,10,3.93,nan,50,Left,Left,918,82,127,23,nan,nan,0.00
10/31/2025 0:02:06,1.17.2,PRexp,10,3.93,nan,50,Left,Left,919,82,127,23,nan,nan,0.13
10/31/2025 0:02:18,1.17.2,PRexp,10,3.93,nan,50,Left,Left,920,82,127,23,nan,nan,0.20
10/31/2025 0:02:22,1.17.2,PRexp,10,3.93,nan,50,Left,Left,921,82,127,23,nan,nan,0.02
10/31/2025 0:02:34,1.17.2,PRexp,10,3.93,nan,50,Left,Left,922,82,127,23,nan,nan,0.66
10/31/2025 0:02:36,1.17.2,PRexp,10,3.93,nan,50,Left,Left,923,82,127,23,nan,nan,0.52
10/31/2025 0:02:40,1.17.2,PRexp,10,3.93,nan,50,Left,Left,924,82,127,23,nan,nan,0.48
10/31/2025 0:02:45,1.17.2,PRexp,10,3.93,nan,50,Right,Left,924,83,127,23,nan,nan,0.03
10/31/2025 0:02:48,1.17.2,PRexp,10,3.93,nan,50,Right,Left,924,84,127,23,nan,nan,0.10
10/31/2025 0:02:50,1.17.2,PRexp,10,3.93,nan,50,Right,Left,924,85,127,23,nan,nan,2.09
10/31/2025 0:03:08,1.17.2,PRexp,10,3.93,nan,50,Right,Left,924,86,127,23,nan,nan,1.04
10/31/2025 0:03:09,1.17.2,PRexp,10,3.93,nan,50,Right,Left,924,87,127,23,nan,nan,0.06
10/31/2025 0:03:20,1.17.2,PRexp,10,3.93,nan,50,Right,Left,924,88,127,23,nan,nan,0.19
10/31/2025 0:04:01,1.17.2,PRexp,10,3.93,nan,50,Left,Left,925,88,127,23,nan,nan,0.37
10/31/2025 0:05:54,1.17.2,PRexp,10,3.93,nan,50,Right,Left,925,89,127,23,nan,nan,0.06
10/31/2025 0:05:56,1.17.2,PRexp,10,3.93,nan,50,Right,Left,925,90,127,23,nan,nan,0.78
10/31/2025 0:05:58,1.17.2,PRexp,10,3.92,nan,50,Right,Left,925,91,127,23,nan,nan,0.38
10/31/2025 0:05:59,1.17.2,PRexp,10,3.93,nan,50,Right,Left,925,92,127,23,nan,nan,0.75
10/31/2025 0:06:01,1.17.2,PRexp,10,3.93,nan,50,Right,Left,925,93,127,23,nan,nan,1.02
10/31/2025 0:06:09,1.17.2,PRexp,10,3.93,nan,50,Right,Left,925,94,127,23,nan,nan,0.22
10/31/2025 0:06:37,1.17.2,PRexp,10,3.93,nan,50,Right,Left,925,95,127,23,nan,nan,0.92
10/31/2025 0:06:40,1.17.2,PRexp,10,3.93,nan,50,Right,Left,925,96,127,23,nan,nan,0.10
10/31/2025 0:07:12,1.17.2,PRexp,10,3.93,nan,50,Left,Left,926,96,127,23,nan,nan,0.08
10/31/2025 0:07:13,1.17.2,PRexp,10,3.93,nan,50,Left,Left,927,96,127,23,nan,nan,0.04
10/31/2025 0:07:20,1.17.2,PRexp,10,3.93,nan,50,Left,Left,928,96,127,23,nan,nan,0.12
10/31/2025 0:07:38,1.17.2,PRexp,10,3.93,nan,50,Left,Left,929,96,127,23,nan,nan,0.05
10/31/2025 0:07:39,1.17.2,PRexp,10,3.93,nan,50,Left,Left,930,96,127,23,nan,nan,0.00
10/31/2025 0:07:40,1.17.2,PRexp,10,3.93,nan,50,Left,Left,931,96,127,23,nan,nan,0.11
10/31/2025 0:07:41,1.17.2,PRexp,10,3.93,nan,50,Left,Left,932,96,127,23,nan,nan,0.00
10/31/2025 0:07:42,1.17.2,PRexp,10,3.92,nan,50,Left,Left,933,96,127,23,nan,nan,0.01
10/31/2025 0:07:45,1.17.2,PRexp,10,3.93,nan,50,Left,Left,934,96,127,23,nan,nan,0.57
10/31/2025 0:07:48,1.17.2,PRexp,10,3.93,3,50,Pellet,Left,934,96,128,24,0.11,463,nan
10/31/2025 0:08:14,1.17.2,PRexp,10,3.93,nan,56,Left,Left,935,96,128,24,nan,nan,0.01
10/31/2025 0:08:17,1.17.2,PRexp,10,3.93,nan,56,Left,Left,936,96,128,24,nan,nan,0.03
10/31/2025 0:08:18,1.17.2,PRexp,10,3.93,nan,56,Left,Left,937,96,128,24,nan,nan,0.13
10/31/2025 0:08:20,1.17.2,PRexp,10,3.93,nan,56,Left,Left,938,96,128,24,nan,nan,0.14
10/31/2025 0:08:26,1.17.2,PRexp,10,3.93,nan,56,Left,Left,939,96,128,24,nan,nan,0.11
10/31/2025 0:08:35,1.17.2,PRexp,10,3.93,nan,56,Left,Left,940,96,128,24,nan,nan,0.09
10/31/2025 0:08:38,1.17.2,PRexp,10,3.93,nan,56,Left,Left,941,96,128,24,nan,nan,0.90
10/31/2025 0:08:43,1.17.2,PRexp,10,3.93,nan,56,Left,Left,942,96,128,24,nan,nan,0.20
10/31/2025 0:11:55,1.17.2,PRexp,10,3.93,nan,56,Left,Left,943,96,128,24,nan,nan,0.07
10/31/2025 0:13:02,1.17.2,PRexp,10,3.93,nan,56,Left,Left,944,96,128,24,nan,nan,0.09
10/31/2025 0:13:38,1.17.2,PRexp,10,3.93,nan,56,Left,Left,945,96,128,24,nan,nan,0.19
10/31/2025 0:15:43,1.17.2,PRexp,10,3.92,nan,56,Right,Left,945,97,128,24,nan,nan,0.02
10/31/2025 0:15:46,1.17.2,PRexp,10,3.93,nan,56,Right,Left,945,98,128,24,nan,nan,1.24
10/31/2025 0:15:47,1.17.2,PRexp,10,3.93,nan,56,Right,Left,945,99,128,24,nan,nan,0.70
10/31/2025 0:15:50,1.17.2,PRexp,10,3.93,nan,56,Right,Left,945,100,128,24,nan,nan,0.67
10/31/2025 0:15:57,1.17.2,PRexp,10,3.93,nan,56,Left,Left,946,100,128,24,nan,nan,0.03
10/31/2025 0:15:59,1.17.2,PRexp,10,3.93,nan,56,Left,Left,947,100,128,24,nan,nan,0.34
10/31/2025 0:16:00,1.17.2,PRexp,10,3.92,nan,56,Left,Left,948,100,128,24,nan,nan,0.06
10/31/2025 0:16:22,1.17.2,PRexp,10,3.93,nan,56,Left,Left,949,100,128,24,nan,nan,0.16
10/31/2025 0:16:23,1.17.2,PRexp,10,3.93,nan,56,Left,Left,950,100,128,24,nan,nan,0.11
10/31/2025 0:16:32,1.17.2,PRexp,10,3.93,nan,56,Right,Left,950,101,128,24,nan,nan,0.49
10/31/2025 0:16:35,1.17.2,PRexp,10,3.93,nan,56,Right,Left,950,102,128,24,nan,nan,0.72
10/31/2025 0:16:40,1.17.2,PRexp,10,3.93,nan,56,Left,Left,951,102,128,24,nan,nan,0.25
10/31/2025 0:16:41,1.17.2,PRexp,10,3.93,nan,56,Left,Left,952,102,128,24,nan,nan,0.14
10/31/2025 0:16:42,1.17.2,PRexp,10,3.93,nan,56,Left,Left,953,102,128,24,nan,nan,0.13
10/31/2025 0:16:55,1.17.2,PRexp,10,3.93,nan,56,Left,Left,954,102,128,24,nan,nan,0.23
10/31/2025 0:16:58,1.17.2,PRexp,10,3.93,nan,56,Left,Left,955,102,128,24,nan,nan,0.11
10/31/2025 0:16:59,1.17.2,PRexp,10,3.93,nan,56,Left,Left,956,102,128,24,nan,nan,0.87
10/31/2025 0:17:01,1.17.2,PRexp,10,3.93,nan,56,Left,Left,957,102,128,24,nan,nan,0.08
10/31/2025 0:17:03,1.17.2,PRexp,10,3.93,nan,56,Left,Left,958,102,128,24,nan,nan,0.28
10/31/2025 0:17:07,1.17.2,PRexp,10,3.93,nan,56,Left,Left,959,102,128,24,nan,nan,0.20
10/31/2025 0:17:09,1.17.2,PRexp,10,3.93,nan,56,Left,Left,960,102,128,24,nan,nan,0.10
10/31/2025 0:17:18,1.17.2,PRexp,10,3.93,nan,56,Right,Left,960,103,128,24,nan,nan,0.33
10/31/2025 0:17:20,1.17.2,PRexp,10,3.93,nan,56,Right,Left,960,104,128,24,nan,nan,0.34
10/31/2025 0:17:22,1.17.2,PRexp,10,3.93,nan,56,Left,Left,961,104,128,24,nan,nan,0.14
10/31/2025 0:17:23,1.17.2,PRexp,10,3.92,nan,56,Left,Left,962,104,128,24,nan,nan,0.12
10/31/2025 0:17:24,1.17.2,PRexp,10,3.93,nan,56,Left,Left,963,104,128,24,nan,nan,0.00
10/31/2025 0:17:28,1.17.2,PRexp,10,3.93,nan,56,Right,Left,963,105,128,24,nan,nan,1.28
10/31/2025 0:17:29,1.17.2,PRexp,10,3.93,nan,56,Right,Left,963,106,128,24,nan,nan,0.00
10/31/2025 0:17:33,1.17.2,PRexp,10,3.93,nan,56,Right,Left,963,107,128,24,nan,nan,0.43
10/31/2025 0:17:38,1.17.2,PRexp,10,3.93,nan,56,Right,Left,963,108,128,24,nan,nan,0.50
10/31/2025 0:17:41,1.17.2,PRexp,10,3.92,nan,56,Right,Left,963,109,128,24,nan,nan,0.38
10/31/2025 0:17:45,1.17.2,PRexp,10,3.93,nan,56,Left,Left,964,109,128,24,nan,nan,0.04
10/31/2025 0:17:46,1.17.2,PRexp,10,3.93,nan,56,Left,Left,965,109,128,24,nan,nan,0.02
10/31/2025 0:17:48,1.17.2,PRexp,10,3.93,nan,56,Left,Left,966,109,128,24,nan,nan,0.30
10/31/2025 0:17:52,1.17.2,PRexp,10,3.93,nan,56,Left,Left,967,109,128,24,nan,nan,0.19
10/31/2025 0:17:54,1.17.2,PRexp,10,3.92,nan,56,Left,Left,968,109,128,24,nan,nan,0.40
10/31/2025 0:17:56,1.17.2,PRexp,10,3.93,nan,56,Left,Left,969,109,128,24,nan,nan,0.15
10/31/2025 0:25:34,1.17.2,PRexp,10,3.93,nan,56,Left,Left,970,109,128,24,nan,nan,0.13
10/31/2025 0:28:43,1.17.2,PRexp,10,3.93,nan,56,Left,Left,971,109,128,24,nan,nan,0.04
10/31/2025 0:28:49,1.17.2,PRexp,10,3.93,nan,56,Left,Left,972,109,128,24,nan,nan,0.05
10/31/2025 0:31:28,1.17.2,PRexp,10,3.92,nan,56,Right,Left,972,110,128,24,nan,nan,1.77
10/31/2025 0:31:29,1.17.2,PRexp,10,3.93,nan,56,Right,Left,972,111,128,24,nan,nan,0.23
10/31/2025 0:31:31,1.17.2,PRexp,10,3.93,nan,56,Left,Left,973,111,128,24,nan,nan,0.17
10/31/2025 0:31:34,1.17.2,PRexp,10,3.93,nan,56,Left,Left,974,111,128,24,nan,nan,0.17
10/31/2025 0:31:37,1.17.2,PRexp,10,3.93,nan,56,Left,Left,975,111,128,24,nan,nan,0.21
10/31/2025 0:31:39,1.17.2,PRexp,10,3.93,nan,56,Left,Left,976,111,128,24,nan,nan,0.12
10/31/2025 0:31:40,1.17.2,PRexp,10,3.93,nan,56,Left,Left,977,111,128,24,nan,nan,0.09
10/31/2025 0:31:41,1.17.2,PRexp,10,3.93,nan,56,Left,Left,978,111,128,24,nan,nan,0.22
10/31/2025 0:31:52,1.17.2,PRexp,10,3.93,nan,56,Left,Left,979,111,128,24,nan,nan,0.09
10/31/2025 0:32:19,1.17.2,PRexp,10,3.93,nan,56,Right,Left,979,112,128,24,nan,nan,0.48
10/31/2025 0:32:20,1.17.2,PRexp,10,3.93,nan,56,Right,Left,979,113,128,24,nan,nan,0.13
10/31/2025 0:32:28,1.17.2,PRexp,10,3.92,nan,56,Left,Left,980,113,128,24,nan,nan,0.24
10/31/2025 0:32:29,1.17.2,PRexp,10,3.93,nan,56,Left,Left,981,113,128,24,nan,nan,0.17
10/31/2025 0:35:09,1.17.2,PRexp,10,3.93,nan,56,Left,Left,982,113,128,24,nan,nan,0.07
10/31/2025 0:35:43,1.17.2,PRexp,10,3.93,nan,56,Right,Left,982,114,128,24,nan,nan,0.18
10/31/2025 0:35:45,1.17.2,PRexp,10,3.93,nan,56,Right,Left,982,115,128,24,nan,nan,0.00
10/31/2025 0:35:48,1.17.2,PRexp,10,3.92,nan,56,Left,Left,983,115,128,24,nan,nan,0.17
10/31/2025 0:35:49,1.17.2,PRexp,10,3.92,nan,56,Left,Left,984,115,128,24,nan,nan,0.14
10/31/2025 0:35:54,1.17.2,PRexp,10,3.93,nan,56,Left,Left,985,115,128,24,nan,nan,0.11
10/31/2025 0:35:57,1.17.2,PRexp,10,3.93,nan,56,Left,Left,986,115,128,24,nan,nan,0.11
10/31/2025 0:35:59,1.17.2,PRexp,10,3.93,nan,56,Left,Left,987,115,128,24,nan,nan,0.16
10/31/2025 0:39:05,1.17.2,PRexp,10,3.93,nan,56,Left,Left,988,115,128,24,nan,nan,0.11
10/31/2025 0:39:58,1.17.2,PRexp,10,3.93,nan,56,Left,Left,989,115,128,24,nan,nan,0.02
10/31/2025 0:39:59,1.17.2,PRexp,10,3.93,nan,56,Left,Left,990,115,128,24,nan,nan,0.22
10/31/2025 0:40:03,1.17.2,PRexp,10,3.93,3,56,Pellet,Left,990,115,129,25,0.05,1935,nan
10/31/2025 0:40:30,1.17.2,PRexp,10,3.93,nan,62,Left,Left,991,115,129,25,nan,nan,0.20
10/31/2025 0:40:32,1.17.2,PRexp,10,3.93,nan,62,Left,Left,992,115,129,25,nan,nan,0.60
10/31/2025 0:45:10,1.17.2,PRexp,10,3.93,nan,62,Right,Left,992,116,129,25,nan,nan,0.23
10/31/2025 0:57:30,1.17.2,PRexp,10,3.93,nan,62,Left,Left,993,116,129,25,nan,nan,0.08
10/31/2025 0:59:08,1.17.2,PRexp,10,3.93,nan,62,Right,Left,993,117,129,25,nan,nan,0.21
10/31/2025 1:01:56,1.17.2,PRexp,10,3.92,nan,62,Left,Left,994,117,129,25,nan,nan,0.15
10/31/2025 1:01:57,1.17.2,PRexp,10,3.93,nan,62,Left,Left,995,117,129,25,nan,nan,0.12
10/31/2025 1:02:00,1.17.2,PRexp,10,3.93,nan,62,Left,Left,996,117,129,25,nan,nan,0.24
10/31/2025 1:02:01,1.17.2,PRexp,10,3.93,nan,62,Left,Left,997,117,129,25,nan,nan,0.07
10/31/2025 1:02:02,1.17.2,PRexp,10,3.93,nan,62,Left,Left,998,117,129,25,nan,nan,0.12
10/31/2025 1:02:03,1.17.2,PRexp,10,3.93,nan,62,Left,Left,999,117,129,25,nan,nan,0.00
10/31/2025 1:02:07,1.17.2,PRexp,10,3.93,nan,62,Left,Left,1000,117,129,25,nan,nan,0.27
10/31/2025 1:02:09,1.17.2,PRexp,10,3.93,nan,62,Left,Left,1001,117,129,25,nan,nan,0.12
10/31/2025 1:02:11,1.17.2,PRexp,10,3.93,nan,62,Left,Left,1002,117,129,25,nan,nan,0.37
10/31/2025 1:02:13,1.17.2,PRexp,10,3.93,nan,62,Left,Left,1003,117,129,25,nan,nan,0.28
10/31/2025 1:02:16,1.17.2,PRexp,10,3.93,nan,62,Left,Left,1004,117,129,25,nan,nan,0.34
10/31/2025 1:02:18,1.17.2,PRexp,10,3.93,nan,62,Left,Left,1005,117,129,25,nan,nan,0.21
10/31/2025 1:02:20,1.17.2,PRexp,10,3.93,nan,62,Left,Left,1006,117,129,25,nan,nan,0.52
10/31/2025 1:02:22,1.17.2,PRexp,10,3.92,nan,62,Left,Left,1007,117,129,25,nan,nan,0.34
10/31/2025 1:02:23,1.17.2,PRexp,10,3.92,nan,62,Left,Left,1008,117,129,25,nan,nan,0.08
10/31/2025 1:02:25,1.17.2,PRexp,10,3.93,nan,62,Left,Left,1009,117,129,25,nan,nan,0.79
10/31/2025 1:02:26,1.17.2,PRexp,10,3.93,nan,62,Left,Left,1010,117,129,25,nan,nan,0.18
10/31/2025 1:02:27,1.17.2,PRexp,10,3.92,nan,62,Left,Left,1011,117,129,25,nan,nan,0.00
10/31/2025 1:02:28,1.17.2,PRexp,10,3.92,nan,62,Left,Left,1012,117,129,25,nan,nan,0.22
10/31/2025 1:04:55,1.17.2,PRexp,10,3.92,nan,62,Left,Left,1013,117,129,25,nan,nan,0.20
10/31/2025 1:05:56,1.17.2,PRexp,10,3.92,nan,62,Left,Left,1014,117,129,25,nan,nan,0.03
10/31/2025 1:05:57,1.17.2,PRexp,10,3.93,nan,62,Left,Left,1015,117,129,25,nan,nan,0.02
10/31/2025 2:42:12,1.17.2,PRexp,10,3.91,nan,1,Left,Left,1016,117,129,0,nan,nan,0.22
10/31/2025 2:42:19,1.17.2,PRexp,10,3.92,4,1,Pellet,Left,1016,117,130,1,1.00,7336,nan
10/31/2025 2:42:45,1.17.2,PRexp,10,3.92,nan,1,Left,Left,1017,117,130,1,nan,nan,0.09
10/31/2025 2:42:53,1.17.2,PRexp,10,3.92,5,1,Pellet,Left,1017,117,131,2,0.22,34,nan
10/31/2025 2:43:29,1.17.2,PRexp,10,3.93,nan,2,Left,Left,1018,117,131,2,nan,nan,0.03
10/31/2025 2:43:37,1.17.2,PRexp,10,3.92,nan,2,Left,Left,1019,117,131,2,nan,nan,0.14
10/31/2025 2:43:37,1.17.2,PRexp,10,3.93,nan,2,LeftDuringDispense,Left,1020,117,131,3,nan,nan,0.06
10/31/2025 2:43:43,1.17.2,PRexp,10,3.92,4,2,Pellet,Left,1020,117,132,3,0.39,50,nan
10/31/2025 2:44:24,1.17.2,PRexp,10,3.92,nan,2,Left,Left,1021,117,132,3,nan,nan,1.16
10/31/2025 2:44:51,1.17.2,PRexp,10,3.92,nan,2,Left,Left,1022,117,132,3,nan,nan,0.10
10/31/2025 2:44:55,1.17.2,PRexp,10,3.93,3,2,Pellet,Left,1022,117,133,4,0.16,72,nan
10/31/2025 2:45:38,1.17.2,PRexp,10,3.92,nan,3,Left,Left,1023,117,133,4,nan,nan,0.23
10/31/2025 2:45:40,1.17.2,PRexp,10,3.92,nan,3,Left,Left,1024,117,133,4,nan,nan,0.38
10/31/2025 2:45:42,1.17.2,PRexp,10,3.92,nan,3,Left,Left,1025,117,133,4,nan,nan,0.15
10/31/2025 2:45:48,1.17.2,PRexp,10,3.93,3,3,Pellet,Left,1025,117,134,5,0.61,53,nan
10/31/2025 2:46:20,1.17.2,PRexp,10,3.92,nan,4,Left,Left,1026,117,134,5,nan,nan,0.02
10/31/2025 2:46:23,1.17.2,PRexp,10,3.93,nan,4,Left,Left,1027,117,134,5,nan,nan,0.06
10/31/2025 2:46:28,1.17.2,PRexp,10,3.92,nan,4,Left,Left,1028,117,134,5,nan,nan,0.19
10/31/2025 2:46:30,1.17.2,PRexp,10,3.91,nan,4,Left,Left,1029,117,134,5,nan,nan,0.05
10/31/2025 2:46:34,1.17.2,PRexp,10,3.93,3,4,Pellet,Left,1029,117,135,6,0.05,46,nan
10/31/2025 2:47:01,1.17.2,PRexp,10,3.92,nan,5,Left,Left,1030,117,135,6,nan,nan,1.03
10/31/2025 2:47:03,1.17.2,PRexp,10,3.93,nan,5,Left,Left,1031,117,135,6,nan,nan,0.12
10/31/2025 2:47:06,1.17.2,PRexp,10,3.93,nan,5,Left,Left,1032,117,135,6,nan,nan,0.72
10/31/2025 2:47:10,1.17.2,PRexp,10,3.92,nan,5,Left,Left,1033,117,135,6,nan,nan,0.53
10/31/2025 2:47:22,1.17.2,PRexp,10,3.92,nan,5,Left,Left,1034,117,135,6,nan,nan,0.00
10/31/2025 2:47:25,1.17.2,PRexp,10,3.93,3,5,Pellet,Left,1034,117,136,7,0.11,51,nan
10/31/2025 2:47:50,1.17.2,PRexp,10,3.92,nan,6,Left,Left,1035,117,136,7,nan,nan,0.04
10/31/2025 2:56:09,1.17.2,PRexp,10,3.92,nan,6,Left,Left,1036,117,136,7,nan,nan,0.02
10/31/2025 2:56:10,1.17.2,PRexp,10,3.93,nan,6,Left,Left,1037,117,136,7,nan,nan,0.11
10/31/2025 2:56:11,1.17.2,PRexp,10,3.91,nan,6,Left,Left,1038,117,136,7,nan,nan,0.05
10/31/2025 2:57:01,1.17.2,PRexp,10,3.92,nan,6,Left,Left,1039,117,136,7,nan,nan,0.17
10/31/2025 2:57:04,1.17.2,PRexp,10,3.93,nan,6,Left,Left,1040,117,136,7,nan,nan,0.41
10/31/2025 2:57:07,1.17.2,PRexp,10,3.92,3,6,Pellet,Left,1040,117,137,8,0.05,582,nan
10/31/2025 2:57:46,1.17.2,PRexp,10,3.92,nan,7,Left,Left,1041,117,137,8,nan,nan,0.02
10/31/2025 2:57:47,1.17.2,PRexp,10,3.93,nan,7,Left,Left,1042,117,137,8,nan,nan,0.21
10/31/2025 2:57:59,1.17.2,PRexp,10,3.92,nan,7,Left,Left,1043,117,137,8,nan,nan,0.14
10/31/2025 2:58:15,1.17.2,PRexp,10,3.92,nan,7,Right,Left,1043,118,137,8,nan,nan,0.00
10/31/2025 2:59:05,1.17.2,PRexp,10,3.92,nan,7,Left,Left,1044,118,137,8,nan,nan,0.08
10/31/2025 2:59:08,1.17.2,PRexp,10,3.93,nan,7,Left,Left,1045,118,137,8,nan,nan,0.13
10/31/2025 2:59:27,1.17.2,PRexp,10,3.93,nan,7,Left,Left,1046,118,137,8,nan,nan,0.11
10/31/2025 3:02:01,1.17.2,PRexp,10,3.92,nan,7,Left,Left,1047,118,137,8,nan,nan,0.13
10/31/2025 3:02:07,1.17.2,PRexp,10,3.92,4,7,Pellet,Left,1047,118,138,9,0.33,300,nan
10/31/2025 3:03:00,1.17.2,PRexp,10,3.92,nan,9,Left,Left,1048,118,138,9,nan,nan,0.07
10/31/2025 3:03:02,1.17.2,PRexp,10,3.92,nan,9,Left,Left,1049,118,138,9,nan,nan,0.71
10/31/2025 3:03:04,1.17.2,PRexp,10,3.92,nan,9,Left,Left,1050,118,138,9,nan,nan,0.24
10/31/2025 3:03:06,1.17.2,PRexp,10,3.92,nan,9,Left,Left,1051,118,138,9,nan,nan,0.24
10/31/2025 3:03:08,1.17.2,PRexp,10,3.92,nan,9,Left,Left,1052,118,138,9,nan,nan,0.04
10/31/2025 3:03:13,1.17.2,PRexp,10,3.92,nan,9,Left,Left,1053,118,138,9,nan,nan,0.47
10/31/2025 3:03:16,1.17.2,PRexp,10,3.92,nan,9,Left,Left,1054,118,138,9,nan,nan,0.25
10/31/2025 3:03:17,1.17.2,PRexp,10,3.92,nan,9,Left,Left,1055,118,138,9,nan,nan,0.09
10/31/2025 3:03:21,1.17.2,PRexp,10,3.92,nan,9,Left,Left,1056,118,138,9,nan,nan,0.13
10/31/2025 3:03:27,1.17.2,PRexp,10,3.92,3,9,Pellet,Left,1056,118,139,10,0.50,80,nan
10/31/2025 3:03:52,1.17.2,PRexp,10,3.92,nan,10,Left,Left,1057,118,139,10,nan,nan,0.07
10/31/2025 3:03:58,1.17.2,PRexp,10,3.92,nan,10,Left,Left,1058,118,139,10,nan,nan,0.14
10/31/2025 3:04:01,1.17.2,PRexp,10,3.91,nan,10,Left,Left,1059,118,139,10,nan,nan,0.07
10/31/2025 3:04:06,1.17.2,PRexp,10,3.92,nan,10,Left,Left,1060,118,139,10,nan,nan,0.12
10/31/2025 3:04:09,1.17.2,PRexp,10,3.92,nan,10,Left,Left,1061,118,139,10,nan,nan,0.11
10/31/2025 3:04:12,1.17.2,PRexp,10,3.92,nan,10,Left,Left,1062,118,139,10,nan,nan,0.11
10/31/2025 3:04:14,1.17.2,PRexp,10,3.92,nan,10,Left,Left,1063,118,139,10,nan,nan,0.08
10/31/2025 3:06:15,1.17.2,PRexp,10,3.91,nan,10,Right,Left,1063,119,139,10,nan,nan,0.00
10/31/2025 3:06:17,1.17.2,PRexp,10,3.92,nan,10,Right,Left,1063,120,139,10,nan,nan,0.99
10/31/2025 3:06:18,1.17.2,PRexp,10,3.92,nan,10,Right,Left,1063,121,139,10,nan,nan,0.64
10/31/2025 3:06:20,1.17.2,PRexp,10,3.93,nan,10,Left,Left,1064,121,139,10,nan,nan,0.03
10/31/2025 3:08:24,1.17.2,PRexp,10,3.91,nan,10,Left,Left,1065,121,139,10,nan,nan,0.13
10/31/2025 3:08:35,1.17.2,PRexp,10,3.92,nan,10,Left,Left,1066,121,139,10,nan,nan,0.14
10/31/2025 3:08:40,1.17.2,PRexp,10,3.92,4,10,Pellet,Left,1066,121,140,11,0.05,313,nan
10/31/2025 3:09:04,1.17.2,PRexp,10,3.92,nan,12,Left,Left,1067,121,140,11,nan,nan,1.09
10/31/2025 3:09:05,1.17.2,PRexp,10,3.92,nan,12,Left,Left,1068,121,140,11,nan,nan,0.00
10/31/2025 3:09:07,1.17.2,PRexp,10,3.92,nan,12,Left,Left,1069,121,140,11,nan,nan,0.23
10/31/2025 3:16:04,1.17.2,PRexp,10,3.93,nan,12,Left,Left,1070,121,140,11,nan,nan,0.07
10/31/2025 3:16:07,1.17.2,PRexp,10,3.92,nan,12,Left,Left,1071,121,140,11,nan,nan,0.35
10/31/2025 3:16:15,1.17.2,PRexp,10,3.92,nan,12,Left,Left,1072,121,140,11,nan,nan,0.18
10/31/2025 3:22:06,1.17.2,PRexp,10,3.92,nan,12,Left,Left,1073,121,140,11,nan,nan,0.22
10/31/2025 3:22:07,1.17.2,PRexp,10,3.92,nan,12,Left,Left,1074,121,140,11,nan,nan,0.09
10/31/2025 3:22:10,1.17.2,PRexp,10,3.92,nan,12,Left,Left,1075,121,140,11,nan,nan,0.16
10/31/2025 3:22:14,1.17.2,PRexp,10,3.92,nan,12,Left,Left,1076,121,140,11,nan,nan,0.04
10/31/2025 3:22:23,1.17.2,PRexp,10,3.92,nan,12,Left,Left,1077,121,140,11,nan,nan,0.15
10/31/2025 3:22:25,1.17.2,PRexp,10,3.93,nan,12,Left,Left,1078,121,140,11,nan,nan,0.12
10/31/2025 3:22:29,1.17.2,PRexp,10,3.92,3,12,Pellet,Left,1078,121,141,12,0.11,829,nan
10/31/2025 3:23:58,1.17.2,PRexp,10,3.91,nan,13,Right,Left,1078,122,141,12,nan,nan,0.40
10/31/2025 3:25:29,1.17.2,PRexp,10,3.92,nan,13,Left,Left,1079,122,141,12,nan,nan,0.12
10/31/2025 3:25:31,1.17.2,PRexp,10,3.91,nan,13,Left,Left,1080,122,141,12,nan,nan,0.06
10/31/2025 3:25:34,1.17.2,PRexp,10,3.93,nan,13,Left,Left,1081,122,141,12,nan,nan,0.19
10/31/2025 3:25:36,1.17.2,PRexp,10,3.92,nan,13,Left,Left,1082,122,141,12,nan,nan,0.13
10/31/2025 3:25:37,1.17.2,PRexp,10,3.92,nan,13,Left,Left,1083,122,141,12,nan,nan,0.23
10/31/2025 3:29:57,1.17.2,PRexp,10,3.93,nan,13,Left,Left,1084,122,141,12,nan,nan,0.34
10/31/2025 3:53:46,1.17.2,PRexp,10,3.91,nan,13,Left,Left,1085,122,141,12,nan,nan,0.04
10/31/2025 3:53:52,1.17.2,PRexp,10,3.91,nan,13,Left,Left,1086,122,141,12,nan,nan,0.44
10/31/2025 3:53:57,1.17.2,PRexp,10,3.92,nan,13,Left,Left,1087,122,141,12,nan,nan,0.61
10/31/2025 3:54:04,1.17.2,PRexp,10,3.92,nan,13,Left,Left,1088,122,141,12,nan,nan,0.33
10/31/2025 4:19:25,1.17.2,PRexp,10,3.91,nan,13,Left,Left,1089,122,141,12,nan,nan,0.02
10/31/2025 4:19:29,1.17.2,PRexp,10,3.92,nan,13,Left,Left,1090,122,141,12,nan,nan,0.18
10/31/2025 4:19:33,1.17.2,PRexp,10,3.92,nan,13,Left,Left,1091,122,141,12,nan,nan,0.97
10/31/2025 4:19:39,1.17.2,PRexp,10,3.92,4,13,Pellet,Left,1091,122,142,13,0.05,3430,nan
10/31/2025 4:20:16,1.17.2,PRexp,10,3.92,nan,15,Left,Left,1092,122,142,13,nan,nan,0.16
10/31/2025 4:20:18,1.17.2,PRexp,10,3.92,nan,15,Left,Left,1093,122,142,13,nan,nan,0.06
10/31/2025 4:20:20,1.17.2,PRexp,10,3.92,nan,15,Left,Left,1094,122,142,13,nan,nan,0.53
10/31/2025 4:20:23,1.17.2,PRexp,10,3.92,nan,15,Left,Left,1095,122,142,13,nan,nan,0.09
10/31/2025 4:20:26,1.17.2,PRexp,10,3.92,nan,15,Left,Left,1096,122,142,13,nan,nan,0.13
10/31/2025 4:20:28,1.17.2,PRexp,10,3.92,nan,15,Left,Left,1097,122,142,13,nan,nan,0.13
10/31/2025 4:20:33,1.17.2,PRexp,10,3.92,nan,15,Left,Left,1098,122,142,13,nan,nan,0.83
10/31/2025 4:20:36,1.17.2,PRexp,10,3.91,nan,15,Left,Left,1099,122,142,13,nan,nan,1.21
10/31/2025 4:20:39,1.17.2,PRexp,10,3.92,nan,15,Left,Left,1100,122,142,13,nan,nan,0.20
10/31/2025 4:28:29,1.17.2,PRexp,10,3.92,nan,15,Left,Left,1101,122,142,13,nan,nan,0.24
10/31/2025 4:28:31,1.17.2,PRexp,10,3.92,nan,15,Left,Left,1102,122,142,13,nan,nan,0.73
10/31/2025 4:28:33,1.17.2,PRexp,10,3.92,nan,15,Left,Left,1103,122,142,13,nan,nan,0.53
10/31/2025 4:28:37,1.17.2,PRexp,10,3.91,nan,15,Left,Left,1104,122,142,13,nan,nan,0.54
10/31/2025 4:46:22,1.17.2,PRexp,10,3.92,nan,15,Left,Left,1105,122,142,13,nan,nan,0.30
10/31/2025 4:46:29,1.17.2,PRexp,10,3.92,nan,15,Left,Left,1106,122,142,13,nan,nan,0.17
10/31/2025 4:46:36,1.17.2,PRexp,10,3.91,5,15,Pellet,Left,1106,122,143,14,0.05,1617,nan
10/31/2025 4:47:26,1.17.2,PRexp,10,3.91,nan,17,Left,Left,1107,122,143,14,nan,nan,0.07
10/31/2025 4:47:28,1.17.2,PRexp,10,3.92,nan,17,Left,Left,1108,122,143,14,nan,nan,1.34
10/31/2025 4:47:31,1.17.2,PRexp,10,3.91,nan,17,Left,Left,1109,122,143,14,nan,nan,0.09
10/31/2025 4:53:48,1.17.2,PRexp,10,3.92,nan,17,Left,Left,1110,122,143,14,nan,nan,0.86
10/31/2025 4:53:50,1.17.2,PRexp,10,3.91,nan,17,Left,Left,1111,122,143,14,nan,nan,0.13
10/31/2025 4:53:52,1.17.2,PRexp,10,3.91,nan,17,Left,Left,1112,122,143,14,nan,nan,0.08
10/31/2025 4:54:00,1.17.2,PRexp,10,3.92,nan,17,Left,Left,1113,122,143,14,nan,nan,0.07
10/31/2025 4:54:01,1.17.2,PRexp,10,3.92,nan,17,Left,Left,1114,122,143,14,nan,nan,0.14
10/31/2025 4:54:03,1.17.2,PRexp,10,3.92,nan,17,Left,Left,1115,122,143,14,nan,nan,0.49
10/31/2025 4:54:05,1.17.2,PRexp,10,3.91,nan,17,Left,Left,1116,122,143,14,nan,nan,0.11
10/31/2025 4:54:25,1.17.2,PRexp,10,3.91,nan,17,Left,Left,1117,122,143,14,nan,nan,0.02
10/31/2025 4:54:26,1.17.2,PRexp,10,3.92,nan,17,Left,Left,1118,122,143,14,nan,nan,0.00
10/31/2025 4:54:27,1.17.2,PRexp,10,3.92,nan,17,Left,Left,1119,122,143,14,nan,nan,0.09
10/31/2025 4:54:30,1.17.2,PRexp,10,3.91,nan,17,Left,Left,1120,122,143,14,nan,nan,0.41
10/31/2025 4:54:31,1.17.2,PRexp,10,3.91,nan,17,Left,Left,1121,122,143,14,nan,nan,0.10
10/31/2025 4:54:32,1.17.2,PRexp,10,3.91,nan,17,Left,Left,1122,122,143,14,nan,nan,0.00
10/31/2025 4:54:33,1.17.2,PRexp,10,3.91,nan,17,Left,Left,1123,122,143,14,nan,nan,0.00
10/31/2025 4:54:40,1.17.2,PRexp,10,3.92,4,17,Pellet,Left,1123,122,144,15,0.05,484,nan
10/31/2025 4:54:59,1.17.2,PRexp,10,3.92,nan,20,Left,Left,1124,122,144,15,nan,nan,0.07
10/31/2025 4:55:00,1.17.2,PRexp,10,3.91,nan,20,Left,Left,1125,122,144,15,nan,nan,0.03
10/31/2025 4:56:15,1.17.2,PRexp,10,3.92,nan,20,Right,Left,1125,123,144,15,nan,nan,0.35
10/31/2025 4:56:16,1.17.2,PRexp,10,3.91,nan,20,Right,Left,1125,124,144,15,nan,nan,0.18
10/31/2025 4:56:25,1.17.2,PRexp,10,3.91,nan,20,Left,Left,1126,124,144,15,nan,nan,0.27
10/31/2025 4:56:28,1.17.2,PRexp,10,3.91,nan,20,Left,Left,1127,124,144,15,nan,nan,0.17
10/31/2025 4:56:29,1.17.2,PRexp,10,3.91,nan,20,Left,Left,1128,124,144,15,nan,nan,0.02
10/31/2025 4:56:31,1.17.2,PRexp,10,3.91,nan,20,Left,Left,1129,124,144,15,nan,nan,0.02
10/31/2025 4:56:34,1.17.2,PRexp,10,3.91,nan,20,Left,Left,1130,124,144,15,nan,nan,0.01
10/31/2025 4:56:35,1.17.2,PRexp,10,3.91,nan,20,Left,Left,1131,124,144,15,nan,nan,0.03
10/31/2025 4:56:36,1.17.2,PRexp,10,3.91,nan,20,Left,Left,1132,124,144,15,nan,nan,0.19
10/31/2025 4:56:39,1.17.2,PRexp,10,3.92,nan,20,Left,Left,1133,124,144,15,nan,nan,0.72
10/31/2025 4:56:40,1.17.2,PRexp,10,3.92,nan,20,Left,Left,1134,124,144,15,nan,nan,0.00
10/31/2025 4:56:41,1.17.2,PRexp,10,3.91,nan,20,Left,Left,1135,124,144,15,nan,nan,0.00
10/31/2025 4:56:42,1.17.2,PRexp,10,3.91,nan,20,Left,Left,1136,124,144,15,nan,nan,0.00
10/31/2025 4:56:46,1.17.2,PRexp,10,3.92,nan,20,Left,Left,1137,124,144,15,nan,nan,0.14
10/31/2025 4:56:50,1.17.2,PRexp,10,3.92,nan,20,Left,Left,1138,124,144,15,nan,nan,0.15
10/31/2025 4:56:51,1.17.2,PRexp,10,3.92,nan,20,Left,Left,1139,124,144,15,nan,nan,0.00
10/31/2025 4:56:51,1.17.2,PRexp,10,3.91,nan,20,Left,Left,1140,124,144,15,nan,nan,0.00
10/31/2025 4:56:52,1.17.2,PRexp,10,3.92,nan,20,Left,Left,1141,124,144,15,nan,nan,0.04
10/31/2025 4:56:58,1.17.2,PRexp,10,3.92,nan,20,Right,Left,1141,125,144,15,nan,nan,0.23
10/31/2025 4:57:04,1.17.2,PRexp,10,3.92,nan,20,Right,Left,1141,126,144,15,nan,nan,0.07
10/31/2025 4:57:23,1.17.2,PRexp,10,3.92,nan,20,Right,Left,1141,127,144,15,nan,nan,0.13
10/31/2025 4:57:25,1.17.2,PRexp,10,3.91,nan,20,Right,Left,1141,128,144,15,nan,nan,0.12
10/31/2025 4:57:27,1.17.2,PRexp,10,3.92,nan,20,Right,Left,1141,129,144,15,nan,nan,0.25
10/31/2025 4:58:43,1.17.2,PRexp,10,3.91,nan,20,Left,Left,1142,129,144,15,nan,nan,0.14
10/31/2025 4:58:46,1.17.2,PRexp,10,3.91,nan,20,Left,Left,1143,129,144,15,nan,nan,0.03
10/31/2025 4:58:52,1.17.2,PRexp,10,3.91,3,20,Pellet,Left,1143,129,145,16,3.34,252,nan
10/31/2025 5:00:33,1.17.2,PRexp,10,3.92,nan,22,Left,Left,1144,129,145,16,nan,nan,0.08
10/31/2025 6:07:41,1.17.2,PRexp,10,3.91,nan,1,Left,Left,1145,129,145,0,nan,nan,0.09
10/31/2025 6:07:46,1.17.2,PRexp,10,3.91,nan,1,LeftDuringDispense,Left,1146,129,145,1,nan,nan,0.33
10/31/2025 6:07:53,1.17.2,PRexp,10,3.91,5,1,Pellet,Left,1146,129,146,1,2.67,4141,nan
10/31/2025 6:10:57,1.17.2,PRexp,10,3.91,nan,1,Left,Left,1147,129,146,1,nan,nan,0.07
10/31/2025 6:11:05,1.17.2,PRexp,10,3.91,4,1,Pellet,Left,1147,129,147,2,0.66,192,nan
10/31/2025 6:11:50,1.17.2,PRexp,10,3.91,nan,2,Left,Left,1148,129,147,2,nan,nan,0.54
10/31/2025 6:11:57,1.17.2,PRexp,10,3.91,nan,2,Left,Left,1149,129,147,2,nan,nan,0.57
10/31/2025 6:12:02,1.17.2,PRexp,10,3.91,4,2,Pellet,Left,1149,129,148,3,0.33,57,nan
10/31/2025 6:24:38,1.17.2,PRexp,10,3.91,nan,2,Left,Left,1150,129,148,3,nan,nan,0.27
10/31/2025 6:43:57,1.17.2,PRexp,10,3.91,nan,2,Left,Left,1151,129,148,3,nan,nan,0.49
10/31/2025 6:44:03,1.17.2,PRexp,10,3.91,3,2,Pellet,Left,1151,129,149,4,2.73,1921,nan
10/31/2025 6:46:02,1.17.2,PRexp,10,3.91,nan,3,Left,Left,1152,129,149,4,nan,nan,0.05
10/31/2025 6:46:05,1.17.2,PRexp,10,3.91,nan,3,Left,Left,1153,129,149,4,nan,nan,0.06
10/31/2025 6:46:09,1.17.2,PRexp,10,3.91,nan,3,Left,Left,1154,129,149,4,nan,nan,1.54
10/31/2025 6:46:15,1.17.2,PRexp,10,3.91,4,3,Pellet,Left,1154,129,150,5,0.11,132,nan
10/31/2025 6:47:15,1.17.2,PRexp,10,3.91,nan,4,Left,Left,1155,129,150,5,nan,nan,0.35
10/31/2025 6:47:17,1.17.2,PRexp,10,3.91,nan,4,Left,Left,1156,129,150,5,nan,nan,0.07
10/31/2025 6:47:18,1.17.2,PRexp,10,3.91,nan,4,Left,Left,1157,129,150,5,nan,nan,0.10
10/31/2025 6:47:22,1.17.2,PRexp,10,3.91,nan,4,Left,Left,1158,129,150,5,nan,nan,0.09
10/31/2025 6:47:27,1.17.2,PRexp,10,3.91,4,4,Pellet,Left,1158,129,151,6,0.22,72,nan
10/31/2025 6:51:28,1.17.2,PRexp,10,3.91,nan,5,Left,Left,1159,129,151,6,nan,nan,0.12
10/31/2025 6:51:47,1.17.2,PRexp,10,3.91,nan,5,Left,Left,1160,129,151,6,nan,nan,0.08
10/31/2025 6:51:48,1.17.2,PRexp,10,3.91,nan,5,Left,Left,1161,129,151,6,nan,nan,0.10
10/31/2025 6:51:50,1.17.2,PRexp,10,3.91,nan,5,Left,Left,1162,129,151,6,nan,nan,0.16
10/31/2025 6:51:51,1.17.2,PRexp,10,3.91,nan,5,Left,Left,1163,129,151,6,nan,nan,0.08
10/31/2025 6:51:57,1.17.2,PRexp,10,3.91,4,5,Pellet,Left,1163,129,152,7,0.05,270,nan
10/31/2025 7:50:38,1.17.2,PRexp,10,3.91,nan,1,Left,Left,1164,129,152,0,nan,nan,0.60
10/31/2025 7:50:43,1.17.2,PRexp,10,3.91,3,1,Pellet,Left,1164,129,153,1,2.00,3526,nan
10/31/2025 7:51:29,1.17.2,PRexp,10,3.91,nan,1,Left,Left,1165,129,153,1,nan,nan,0.02
10/31/2025 7:51:37,1.17.2,PRexp,10,3.91,4,1,Pellet,Left,1165,129,154,2,0.61,54,nan
10/31/2025 7:57:15,1.17.2,PRexp,10,3.91,nan,2,Left,Left,1166,129,154,2,nan,nan,1.13
10/31/2025 7:57:21,1.17.2,PRexp,10,3.91,nan,2,Left,Left,1167,129,154,2,nan,nan,2.15
10/31/2025 7:57:29,1.17.2,PRexp,10,3.91,5,2,Pellet,Left,1167,129,155,3,0.16,352,nan
10/31/2025 7:58:04,1.17.2,PRexp,10,3.91,nan,2,Left,Left,1168,129,155,3,nan,nan,0.27
10/31/2025 7:58:07,1.17.2,PRexp,10,3.91,nan,2,Left,Left,1169,129,155,3,nan,nan,0.42
10/31/2025 7:58:13,1.17.2,PRexp,10,3.91,4,2,Pellet,Left,1169,129,156,4,0.05,44,nan
10/31/2025 7:59:07,1.17.2,PRexp,10,3.91,nan,3,Left,Left,1170,129,156,4,nan,nan,0.54
10/31/2025 7:59:22,1.17.2,PRexp,10,3.91,nan,3,Left,Left,1171,129,156,4,nan,nan,0.57
10/31/2025 7:59:23,1.17.2,PRexp,10,3.91,nan,3,Left,Left,1172,129,156,4,nan,nan,0.02
10/31/2025 7:59:29,1.17.2,PRexp,10,3.91,4,3,Pellet,Left,1172,129,157,5,0.27,76,nan
10/31/2025 8:01:13,1.17.2,PRexp,10,3.91,nan,4,Left,Left,1173,129,157,5,nan,nan,0.53
10/31/2025 8:01:15,1.17.2,PRexp,10,3.91,nan,4,Left,Left,1174,129,157,5,nan,nan,0.03
10/31/2025 8:01:17,1.17.2,PRexp,10,3.91,nan,4,Left,Left,1175,129,157,5,nan,nan,0.00
10/31/2025 8:01:21,1.17.2,PRexp,10,3.91,nan,4,Left,Left,1176,129,157,5,nan,nan,3.13
10/31/2025 8:01:25,1.17.2,PRexp,10,3.91,3,4,Pellet,Left,1176,129,158,6,1.00,116,nan
10/31/2025 8:02:12,1.17.2,PRexp,10,3.91,nan,5,Left,Left,1177,129,158,6,nan,nan,0.16
10/31/2025 8:02:13,1.17.2,PRexp,10,3.91,nan,5,Left,Left,1178,129,158,6,nan,nan,0.03
10/31/2025 8:02:19,1.17.2,PRexp,10,3.91,nan,5,Left,Left,1179,129,158,6,nan,nan,0.26
10/31/2025 8:02:23,1.17.2,PRexp,10,3.91,nan,5,Left,Left,1180,129,158,6,nan,nan,0.63
10/31/2025 8:09:35,1.17.2,PRexp,10,3.91,nan,5,Left,Left,1181,129,158,6,nan,nan,1.20
10/31/2025 8:09:42,1.17.2,PRexp,10,3.91,4,5,Pellet,Left,1181,129,159,7,0.44,497,nan
10/31/2025 8:10:14,1.17.2,PRexp,10,3.91,nan,6,Left,Left,1182,129,159,7,nan,nan,0.11
10/31/2025 8:10:18,1.17.2,PRexp,10,3.91,nan,6,Left,Left,1183,129,159,7,nan,nan,0.03
10/31/2025 8:10:22,1.17.2,PRexp,10,3.91,nan,6,Left,Left,1184,129,159,7,nan,nan,0.47
10/31/2025 8:10:24,1.17.2,PRexp,10,3.91,nan,6,Left,Left,1185,129,159,7,nan,nan,0.31
10/31/2025 8:34:46,1.17.2,PRexp,10,3.91,nan,6,Left,Left,1186,129,159,7,nan,nan,0.04
10/31/2025 8:34:49,1.17.2,PRexp,10,3.91,nan,6,Left,Left,1187,129,159,7,nan,nan,0.16
10/31/2025 8:34:55,1.17.2,PRexp,10,3.91,3,6,Pellet,Left,1187,129,160,8,1.16,1513,nan
10/31/2025 8:35:43,1.17.2,PRexp,10,3.91,nan,7,Left,Left,1188,129,160,8,nan,nan,0.17
10/31/2025 8:35:49,1.17.2,PRexp,10,3.91,nan,7,Left,Left,1189,129,160,8,nan,nan,0.02
10/31/2025 8:35:54,1.17.2,PRexp,10,3.91,nan,7,Left,Left,1190,129,160,8,nan,nan,0.09
10/31/2025 8:36:03,1.17.2,PRexp,10,3.91,nan,7,Left,Left,1191,129,160,8,nan,nan,0.02
10/31/2025 8:48:31,1.17.2,PRexp,10,3.91,nan,7,Left,Left,1192,129,160,8,nan,nan,0.08
10/31/2025 8:48:43,1.17.2,PRexp,10,3.91,nan,7,Left,Left,1193,129,160,8,nan,nan,0.00
10/31/2025 8:48:45,1.17.2,PRexp,10,3.91,nan,7,Left,Left,1194,129,160,8,nan,nan,0.17
10/31/2025 8:48:49,1.17.2,PRexp,10,3.91,3,7,Pellet,Left,1194,129,161,9,0.39,834,nan
10/31/2025 8:49:27,1.17.2,PRexp,10,3.91,nan,9,Left,Left,1195,129,161,9,nan,nan,0.05
10/31/2025 8:49:36,1.17.2,PRexp,10,3.91,nan,9,Left,Left,1196,129,161,9,nan,nan,0.04
10/31/2025 8:49:37,1.17.2,PRexp,10,3.91,nan,9,Left,Left,1197,129,161,9,nan,nan,0.04
10/31/2025 8:49:40,1.17.2,PRexp,10,3.91,nan,9,Left,Left,1198,129,161,9,nan,nan,0.06
10/31/2025 8:49:45,1.17.2,PRexp,10,3.91,nan,9,Left,Left,1199,129,161,9,nan,nan,1.22
10/31/2025 8:49:49,1.17.2,PRexp,10,3.91,nan,9,Left,Left,1200,129,161,9,nan,nan,0.06
10/31/2025 8:49:52,1.17.2,PRexp,10,3.91,nan,9,Left,Left,1201,129,161,9,nan,nan,0.31
10/31/2025 8:50:02,1.17.2,PRexp,10,3.91,nan,9,Left,Left,1202,129,161,9,nan,nan,0.06
10/31/2025 9:28:43,1.17.2,PRexp,10,3.91,nan,1,Left,Left,1203,129,161,0,nan,nan,0.30
10/31/2025 9:28:49,1.17.2,PRexp,10,3.91,4,1,Pellet,Left,1203,129,162,1,0.33,2400,nan
10/31/2025 9:33:54,1.17.2,PRexp,10,3.91,nan,1,Left,Left,1204,129,162,1,nan,nan,0.01
10/31/2025 9:33:57,1.17.2,PRexp,10,3.91,nan,1,LeftDuringDispense,Left,1205,129,162,2,nan,nan,0.23
10/31/2025 9:34:05,1.17.2,PRexp,10,3.91,6,1,Pellet,Left,1205,129,163,2,0.05,316,nan
10/31/2025 9:37:06,1.17.2,PRexp,10,3.91,nan,2,Left,Left,1206,129,163,2,nan,nan,0.27
10/31/2025 9:37:08,1.17.2,PRexp,10,3.91,nan,2,Left,Left,1207,129,163,2,nan,nan,0.39
10/31/2025 9:37:16,1.17.2,PRexp,10,3.91,5,2,Pellet,Left,1207,129,164,3,0.39,191,nan
10/31/2025 9:37:54,1.17.2,PRexp,10,3.91,nan,2,Left,Left,1208,129,164,3,nan,nan,0.10
10/31/2025 9:37:55,1.17.2,PRexp,10,3.91,nan,2,Left,Left,1209,129,164,3,nan,nan,0.16
10/31/2025 9:37:59,1.17.2,PRexp,10,3.90,3,2,Pellet,Left,1209,129,165,4,0.16,43,nan
10/31/2025 9:38:47,1.17.2,PRexp,10,3.91,nan,3,Left,Left,1210,129,165,4,nan,nan,0.58
10/31/2025 9:38:49,1.17.2,PRexp,10,3.91,nan,3,Left,Left,1211,129,165,4,nan,nan,0.11
10/31/2025 9:38:51,1.17.2,PRexp,10,3.90,nan,3,Left,Left,1212,129,165,4,nan,nan,0.58
10/31/2025 9:38:56,1.17.2,PRexp,10,3.90,3,3,Pellet,Left,1212,129,166,5,0.61,57,nan
10/31/2025 9:47:03,1.17.2,PRexp,10,3.91,nan,4,Left,Left,1213,129,166,5,nan,nan,0.34
10/31/2025 9:47:04,1.17.2,PRexp,10,3.91,nan,4,Left,Left,1214,129,166,5,nan,nan,0.04
10/31/2025 9:47:09,1.17.2,PRexp,10,3.91,nan,4,Left,Left,1215,129,166,5,nan,nan,0.05
10/31/2025 9:47:11,1.17.2,PRexp,10,3.91,nan,4,Left,Left,1216,129,166,5,nan,nan,0.47
10/31/2025 9:47:17,1.17.2,PRexp,10,3.90,3,4,Pellet,Left,1216,129,167,6,1.22,501,nan
10/31/2025 9:48:01,1.17.2,PRexp,10,3.91,nan,5,Left,Left,1217,129,167,6,nan,nan,0.02
10/31/2025 9:48:03,1.17.2,PRexp,10,3.91,nan,5,Left,Left,1218,129,167,6,nan,nan,0.05
10/31/2025 9:48:06,1.17.2,PRexp,10,3.91,nan,5,Left,Left,1219,129,167,6,nan,nan,0.45
10/31/2025 9:48:09,1.17.2,PRexp,10,3.91,nan,5,Left,Left,1220,129,167,6,nan,nan,0.16
10/31/2025 9:48:13,1.17.2,PRexp,10,3.91,nan,5,Left,Left,1221,129,167,6,nan,nan,0.35
10/31/2025 9:48:23,1.17.2,PRexp,10,3.91,6,5,Pellet,Left,1221,129,168,7,0.50,66,nan
10/31/2025 9:49:27,1.17.2,PRexp,10,3.91,nan,6,Left,Left,1222,129,168,7,nan,nan,0.02
10/31/2025 10:35:45,1.17.2,PRexp,10,3.91,nan,1,Left,Left,1223,129,168,0,nan,nan,0.71
10/31/2025 10:36:04,1.17.2,PRexp,10,3.90,10,1,Pellet,Left,1223,129,169,1,0.78,2861,nan
10/31/2025 10:37:01,1.17.2,PRexp,10,3.91,nan,1,Left,Left,1224,129,169,1,nan,nan,0.85
10/31/2025 10:37:09,1.17.2,PRexp,10,3.91,5,1,Pellet,Left,1224,129,170,2,0.38,65,nan
10/31/2025 10:57:40,1.17.2,PRexp,10,3.91,nan,2,Left,Left,1225,129,170,2,nan,nan,0.97
10/31/2025 10:57:42,1.17.2,PRexp,10,3.91,nan,2,Left,Left,1226,129,170,2,nan,nan,1.45
10/31/2025 10:57:46,1.17.2,PRexp,10,3.91,3,2,Pellet,Left,1226,129,171,3,0.39,1237,nan
10/31/2025 10:58:27,1.17.2,PRexp,10,3.91,nan,2,Left,Left,1227,129,171,3,nan,nan,1.35
10/31/2025 10:58:29,1.17.2,PRexp,10,3.90,nan,2,Left,Left,1228,129,171,3,nan,nan,0.16
10/31/2025 10:58:32,1.17.2,PRexp,10,3.91,3,2,Pellet,Left,1228,129,172,4,0.33,46,nan
10/31/2025 10:58:58,1.17.2,PRexp,10,3.91,nan,3,Left,Left,1229,129,172,4,nan,nan,0.40
10/31/2025 10:59:05,1.17.2,PRexp,10,3.90,nan,3,Left,Left,1230,129,172,4,nan,nan,0.00
10/31/2025 10:59:06,1.17.2,PRexp,10,3.91,nan,3,Left,Left,1231,129,172,4,nan,nan,0.00
10/31/2025 10:59:06,1.17.2,PRexp,10,3.91,nan,3,LeftDuringDispense,Left,1232,129,172,5,nan,nan,0.07
10/31/2025 10:59:14,1.17.2,PRexp,10,3.90,5,3,Pellet,Left,1232,129,173,5,0.05,42,nan
10/31/2025 10:59:44,1.17.2,PRexp,10,3.90,nan,4,Left,Left,1233,129,173,5,nan,nan,0.33
10/31/2025 10:59:45,1.17.2,PRexp,10,3.90,nan,4,Left,Left,1234,129,173,5,nan,nan,0.15
10/31/2025 10:59:51,1.17.2,PRexp,10,3.91,nan,4,Left,Left,1235,129,173,5,nan,nan,0.17
10/31/2025 10:59:52,1.17.2,PRexp,10,3.90,nan,4,Left,Left,1236,129,173,5,nan,nan,0.14
10/31/2025 10:59:52,1.17.2,PRexp,10,3.91,nan,4,LeftDuringDispense,Left,1237,129,173,6,nan,nan,0.02
10/31/2025 10:59:58,1.17.2,PRexp,10,3.91,4,4,Pellet,Left,1237,129,174,6,0.05,44,nan
10/31/2025 11:05:41,1.17.2,PRexp,10,3.90,nan,5,Left,Left,1238,129,174,6,nan,nan,0.25
10/31/2025 11:05:43,1.17.2,PRexp,10,3.91,nan,5,Left,Left,1239,129,174,6,nan,nan,0.13
10/31/2025 11:05:45,1.17.2,PRexp,10,3.91,nan,5,Left,Left,1240,129,174,6,nan,nan,0.26
10/31/2025 11:33:35,1.17.2,PRexp,10,3.91,nan,5,Left,Left,1241,129,174,6,nan,nan,0.25
10/31/2025 11:33:39,1.17.2,PRexp,10,3.90,nan,5,Left,Left,1242,129,174,6,nan,nan,0.95
10/31/2025 11:33:44,1.17.2,PRexp,10,3.90,3,5,Pellet,Left,1242,129,175,7,1.67,2025,nan
10/31/2025 11:38:39,1.17.2,PRexp,10,3.90,nan,6,Left,Left,1243,129,175,7,nan,nan,0.29
10/31/2025 11:38:39,1.17.2,PRexp,10,3.90,nan,6,Left,Left,1244,129,175,7,nan,nan,0.02
10/31/2025 11:38:44,1.17.2,PRexp,10,3.90,nan,6,Left,Left,1245,129,175,7,nan,nan,0.31
10/31/2025 11:38:45,1.17.2,PRexp,10,3.90,nan,6,Left,Left,1246,129,175,7,nan,nan,0.14
10/31/2025 11:38:47,1.17.2,PRexp,10,3.91,nan,6,Left,Left,1247,129,175,7,nan,nan,0.26
10/31/2025 11:38:49,1.17.2,PRexp,10,3.91,nan,6,Left,Left,1248,129,175,7,nan,nan,0.43
10/31/2025 11:38:55,1.17.2,PRexp,10,3.91,4,6,Pellet,Left,1248,129,176,8,0.33,312,nan
10/31/2025 11:39:34,1.17.2,PRexp,10,3.91,nan,7,Left,Left,1249,129,176,8,nan,nan,0.05
10/31/2025 11:39:36,1.17.2,PRexp,10,3.91,nan,7,Left,Left,1250,129,176,8,nan,nan,0.58
10/31/2025 11:39:38,1.17.2,PRexp,10,3.90,nan,7,Left,Left,1251,129,176,8,nan,nan,0.60
10/31/2025 11:39:40,1.17.2,PRexp,10,3.90,nan,7,Left,Left,1252,129,176,8,nan,nan,0.21
10/31/2025 11:39:44,1.17.2,PRexp,10,3.90,nan,7,Left,Left,1253,129,176,8,nan,nan,0.40
10/31/2025 11:39:46,1.17.2,PRexp,10,3.91,nan,7,Left,Left,1254,129,176,8,nan,nan,0.21
10/31/2025 11:39:50,1.17.2,PRexp,10,3.91,nan,7,Left,Left,1255,129,176,8,nan,nan,0.20
10/31/2025 11:39:58,1.17.2,PRexp,10,3.90,5,7,Pellet,Left,1255,129,177,9,0.39,63,nan
10/31/2025 11:43:34,1.17.2,PRexp,10,3.91,nan,9,Left,Left,1256,129,177,9,nan,nan,0.56
10/31/2025 11:43:35,1.17.2,PRexp,10,3.91,nan,9,Left,Left,1257,129,177,9,nan,nan,0.00
10/31/2025 12:16:01,1.17.2,PRexp,10,3.91,nan,1,Left,Left,1258,129,177,0,nan,nan,0.59
10/31/2025 12:16:06,1.17.2,PRexp,10,3.91,3,1,Pellet,Left,1258,129,178,1,1.72,2168,nan
10/31/2025 12:16:47,1.17.2,PRexp,10,3.90,nan,1,Left,Left,1259,129,178,1,nan,nan,0.24
10/31/2025 12:16:52,1.17.2,PRexp,10,3.89,3,1,Pellet,Left,1259,129,179,2,0.33,46,nan
10/31/2025 12:17:44,1.17.2,PRexp,10,3.91,nan,2,Left,Left,1260,129,179,2,nan,nan,0.89
10/31/2025 12:17:45,1.17.2,PRexp,10,3.90,nan,2,Left,Left,1261,129,179,2,nan,nan,0.23
10/31/2025 12:17:49,1.17.2,PRexp,10,3.90,2,2,Pellet,Left,1261,129,180,3,0.61,57,nan
10/31/2025 12:20:53,1.17.2,PRexp,10,3.90,nan,2,Left,Left,1262,129,180,3,nan,nan,0.54
10/31/2025 12:20:55,1.17.2,PRexp,10,3.90,nan,2,Left,Left,1263,129,180,3,nan,nan,0.45
10/31/2025 12:21:00,1.17.2,PRexp,10,3.89,3,2,Pellet,Left,1263,129,181,4,0.50,191,nan
10/31/2025 12:21:41,1.17.2,PRexp,10,3.90,nan,3,Left,Left,1264,129,181,4,nan,nan,0.35
10/31/2025 12:21:42,1.17.2,PRexp,10,3.90,nan,3,Left,Left,1265,129,181,4,nan,nan,0.26
10/31/2025 12:22:55,1.17.2,PRexp,10,3.91,nan,3,Left,Left,1266,129,181,4,nan,nan,0.17
10/31/2025 12:22:59,1.17.2,PRexp,10,3.90,2,3,Pellet,Left,1266,129,182,5,0.27,119,nan
10/31/2025 12:23:29,1.17.2,PRexp,10,3.90,nan,4,Left,Left,1267,129,182,5,nan,nan,0.34
10/31/2025 12:23:30,1.17.2,PRexp,10,3.90,nan,4,Left,Left,1268,129,182,5,nan,nan,0.39
10/31/2025 12:29:14,1.17.2,PRexp,10,3.91,nan,4,Left,Left,1269,129,182,5,nan,nan,0.21
10/31/2025 12:51:55,1.17.2,PRexp,10,3.90,nan,4,Left,Left,1270,129,182,5,nan,nan,0.79
10/31/2025 12:51:57,1.17.2,PRexp,10,3.90,nan,4,LeftDuringDispense,Left,1271,129,182,6,nan,nan,0.19
10/31/2025 12:52:02,1.17.2,PRexp,10,3.89,nan,4,LeftWithPellet,Left,1272,129,182,6,nan,nan,0.48
10/31/2025 12:52:05,1.17.2,PRexp,10,3.90,3,4,Pellet,Left,1272,129,183,6,5.27,1746,nan
10/31/2025 12:52:34,1.17.2,PRexp,10,3.90,nan,5,Left,Left,1273,129,183,6,nan,nan,0.20
10/31/2025 12:52:36,1.17.2,PRexp,10,3.90,nan,5,Left,Left,1274,129,183,6,nan,nan,0.08
10/31/2025 12:52:41,1.17.2,PRexp,10,3.90,nan,5,Left,Left,1275,129,183,6,nan,nan,1.16
10/31/2025 12:52:46,1.17.2,PRexp,10,3.91,nan,5,Left,Left,1276,129,183,6,nan,nan,0.28
10/31/2025 12:52:48,1.17.2,PRexp,10,3.90,nan,5,Left,Left,1277,129,183,6,nan,nan,0.70
10/31/2025 12:52:48,1.17.2,PRexp,10,3.90,nan,5,LeftDuringDispense,Left,1278,129,183,7,nan,nan,0.02
10/31/2025 12:52:56,1.17.2,PRexp,10,3.91,4,5,Pellet,Left,1278,129,184,7,0.66,51,nan
10/31/2025 13:13:53,1.17.2,PRexp,10,3.90,nan,6,Left,Left,1279,129,184,7,nan,nan,0.13
10/31/2025 13:13:55,1.17.2,PRexp,10,3.90,nan,6,Left,Left,1280,129,184,7,nan,nan,0.73
10/31/2025 13:13:56,1.17.2,PRexp,10,3.90,nan,6,Left,Left,1281,129,184,7,nan,nan,0.14
10/31/2025 13:14:00,1.17.2,PRexp,10,3.90,nan,6,Left,Left,1282,129,184,7,nan,nan,0.68
10/31/2025 13:24:32,1.17.2,PRexp,10,3.90,nan,6,Left,Left,1283,129,184,7,nan,nan,0.29
10/31/2025 13:27:37,1.17.2,PRexp,10,3.90,nan,6,Left,Left,1284,129,184,7,nan,nan,0.20
10/31/2025 13:27:43,1.17.2,PRexp,10,3.89,4,6,Pellet,Left,1284,129,185,8,0.72,2087,nan
10/31/2025 13:30:25,1.17.2,PRexp,10,3.90,nan,7,Left,Left,1285,129,185,8,nan,nan,0.76
10/31/2025 13:30:31,1.17.2,PRexp,10,3.90,nan,7,Left,Left,1286,129,185,8,nan,nan,0.15
10/31/2025 13:30:33,1.17.2,PRexp,10,3.89,nan,7,Left,Left,1287,129,185,8,nan,nan,0.44
10/31/2025 13:30:37,1.17.2,PRexp,10,3.90,nan,7,Left,Left,1288,129,185,8,nan,nan,1.26
10/31/2025 13:30:42,1.17.2,PRexp,10,3.90,nan,7,Left,Left,1289,129,185,8,nan,nan,0.70
10/31/2025 13:30:44,1.17.2,PRexp,10,3.90,nan,7,Left,Left,1290,129,185,8,nan,nan,0.39
10/31/2025 13:30:48,1.17.2,PRexp,10,3.90,nan,7,Left,Left,1291,129,185,8,nan,nan,0.80
10/31/2025 13:30:53,1.17.2,PRexp,10,3.90,4,7,Pellet,Left,1291,129,186,9,0.27,190,nan
10/31/2025 13:31:27,1.17.2,PRexp,10,3.89,nan,9,Left,Left,1292,129,186,9,nan,nan,0.06
10/31/2025 13:31:30,1.17.2,PRexp,10,3.89,nan,9,Left,Left,1293,129,186,9,nan,nan,0.69
10/31/2025 13:31:39,1.17.2,PRexp,10,3.90,nan,9,Left,Left,1294,129,186,9,nan,nan,1.23
10/31/2025 13:31:41,1.17.2,PRexp,10,3.89,nan,9,Left,Left,1295,129,186,9,nan,nan,0.23
10/31/2025 13:31:44,1.17.2,PRexp,10,3.89,nan,9,Left,Left,1296,129,186,9,nan,nan,0.35
10/31/2025 13:31:47,1.17.2,PRexp,10,3.90,nan,9,Left,Left,1297,129,186,9,nan,nan,0.78
10/31/2025 13:31:50,1.17.2,PRexp,10,3.89,nan,9,Left,Left,1298,129,186,9,nan,nan,0.31
10/31/2025 13:32:03,1.17.2,PRexp,10,3.90,nan,9,Left,Left,1299,129,186,9,nan,nan,0.08
10/31/2025 13:32:04,1.17.2,PRexp,10,3.90,nan,9,Left,Left,1300,129,186,9,nan,nan,0.22
10/31/2025 13:32:07,1.17.2,PRexp,10,3.90,2,9,Pellet,Left,1300,129,187,10,2.00,74,nan
10/31/2025 13:33:00,1.17.2,PRexp,10,3.90,nan,10,Left,Left,1301,129,187,10,nan,nan,0.25
10/31/2025 13:33:01,1.17.2,PRexp,10,3.89,nan,10,Left,Left,1302,129,187,10,nan,nan,0.17
10/31/2025 13:33:03,1.17.2,PRexp,10,3.90,nan,10,Left,Left,1303,129,187,10,nan,nan,0.17
10/31/2025 13:33:05,1.17.2,PRexp,10,3.90,nan,10,Left,Left,1304,129,187,10,nan,nan,0.28
10/31/2025 13:33:21,1.17.2,PRexp,10,3.90,nan,10,Left,Left,1305,129,187,10,nan,nan,0.22
10/31/2025 13:39:50,1.17.2,PRexp,10,3.89,nan,10,Left,Left,1306,129,187,10,nan,nan,0.68
10/31/2025 13:45:16,1.17.2,PRexp,10,3.90,nan,10,Left,Left,1307,129,187,10,nan,nan,0.97
10/31/2025 13:45:25,1.17.2,PRexp,10,3.90,nan,10,Left,Left,1308,129,187,10,nan,nan,0.70
10/31/2025 13:55:54,1.17.2,PRexp,10,3.90,nan,10,Left,Left,1309,129,187,10,nan,nan,0.20
10/31/2025 13:56:01,1.17.2,PRexp,10,3.89,nan,10,Left,Left,1310,129,187,10,nan,nan,0.00
10/31/2025 13:56:07,1.17.2,PRexp,10,3.91,4,10,Pellet,Left,1310,129,188,11,0.89,1440,nan
10/31/2025 14:00:41,1.17.2,PRexp,10,3.90,nan,12,Left,Left,1311,129,188,11,nan,nan,0.95
10/31/2025 14:00:47,1.17.2,PRexp,10,3.90,nan,12,Left,Left,1312,129,188,11,nan,nan,0.41
10/31/2025 14:00:51,1.17.2,PRexp,10,3.90,nan,12,Left,Left,1313,129,188,11,nan,nan,0.71
10/31/2025 14:00:57,1.17.2,PRexp,10,3.90,nan,12,Left,Left,1314,129,188,11,nan,nan,0.67
10/31/2025 14:01:04,1.17.2,PRexp,10,3.89,nan,12,Left,Left,1315,129,188,11,nan,nan,0.17
10/31/2025 14:01:11,1.17.2,PRexp,10,3.90,nan,12,Left,Left,1316,129,188,11,nan,nan,1.36
10/31/2025 14:01:18,1.17.2,PRexp,10,3.89,nan,12,Left,Left,1317,129,188,11,nan,nan,1.38
10/31/2025 14:01:24,1.17.2,PRexp,10,3.89,nan,12,Left,Left,1318,129,188,11,nan,nan,1.18
10/31/2025 14:11:32,1.17.2,PRexp,10,3.89,nan,12,Left,Left,1319,129,188,11,nan,nan,0.03
10/31/2025 14:11:36,1.17.2,PRexp,10,3.90,nan,12,Left,Left,1320,129,188,11,nan,nan,0.74
10/31/2025 14:11:37,1.17.2,PRexp,10,3.89,nan,12,Left,Left,1321,129,188,11,nan,nan,0.26
10/31/2025 14:11:38,1.17.2,PRexp,10,3.90,nan,12,Left,Left,1322,129,188,11,nan,nan,0.00
10/31/2025 14:11:41,1.17.2,PRexp,10,3.89,nan,12,LeftDuringDispense,Left,1323,129,188,12,nan,nan,0.46
10/31/2025 14:11:47,1.17.2,PRexp,10,3.89,4,12,Pellet,Left,1323,129,189,12,0.39,940,nan
10/31/2025 14:12:33,1.17.2,PRexp,10,3.90,nan,13,Left,Left,1324,129,189,12,nan,nan,1.09
10/31/2025 14:12:35,1.17.2,PRexp,10,3.89,nan,13,Left,Left,1325,129,189,12,nan,nan,0.49
10/31/2025 14:12:35,1.17.2,PRexp,10,3.89,nan,13,Left,Left,1326,129,189,12,nan,nan,0.12
10/31/2025 14:12:38,1.17.2,PRexp,10,3.90,nan,13,Left,Left,1327,129,189,12,nan,nan,0.23
10/31/2025 14:27:27,1.17.2,PRexp,10,3.90,nan,13,Left,Left,1328,129,189,12,nan,nan,0.10
10/31/2025 14:27:30,1.17.2,PRexp,10,3.90,nan,13,Left,Left,1329,129,189,12,nan,nan,0.47
10/31/2025 14:27:31,1.17.2,PRexp,10,3.89,nan,13,Left,Left,1330,129,189,12,nan,nan,0.18
10/31/2025 14:27:32,1.17.2,PRexp,10,3.90,nan,13,Left,Left,1331,129,189,12,nan,nan,0.23
10/31/2025 14:27:37,1.17.2,PRexp,10,3.89,nan,13,Left,Left,1332,129,189,12,nan,nan,0.85
10/31/2025 14:27:40,1.17.2,PRexp,10,3.89,nan,13,Left,Left,1333,129,189,12,nan,nan,0.30
10/31/2025 14:27:41,1.17.2,PRexp,10,3.90,nan,13,Left,Left,1334,129,189,12,nan,nan,0.04
10/31/2025 14:27:42,1.17.2,PRexp,10,3.90,nan,13,Left,Left,1335,129,189,12,nan,nan,0.61
10/31/2025 14:27:46,1.17.2,PRexp,10,3.89,nan,13,Left,Left,1336,129,189,12,nan,nan,1.50
10/31/2025 14:27:47,1.17.2,PRexp,10,3.89,nan,13,LeftDuringDispense,Left,1337,129,189,13,nan,nan,0.18
10/31/2025 14:27:54,1.17.2,PRexp,10,3.90,5,13,Pellet,Left,1337,129,190,13,0.05,967,nan
10/31/2025 14:28:49,1.17.2,PRexp,10,3.89,nan,15,Left,Left,1338,129,190,13,nan,nan,0.06
10/31/2025 14:28:51,1.17.2,PRexp,10,3.89,nan,15,Left,Left,1339,129,190,13,nan,nan,0.40
10/31/2025 14:28:56,1.17.2,PRexp,10,3.90,nan,15,Left,Left,1340,129,190,13,nan,nan,0.98
10/31/2025 14:29:04,1.17.2,PRexp,10,3.89,nan,15,Left,Left,1341,129,190,13,nan,nan,0.32
10/31/2025 14:29:11,1.17.2,PRexp,10,3.89,nan,15,Left,Left,1342,129,190,13,nan,nan,0.13
10/31/2025 14:29:11,1.17.2,PRexp,10,3.90,nan,15,Left,Left,1343,129,190,13,nan,nan,0.19
10/31/2025 14:45:14,1.17.2,PRexp,10,3.89,nan,15,Left,Left,1344,129,190,13,nan,nan,0.17
10/31/2025 14:45:16,1.17.2,PRexp,10,3.89,nan,15,Left,Left,1345,129,190,13,nan,nan,0.52
10/31/2025 14:45:19,1.17.2,PRexp,10,3.89,nan,15,Left,Left,1346,129,190,13,nan,nan,0.56
10/31/2025 14:45:25,1.17.2,PRexp,10,3.90,nan,15,Left,Left,1347,129,190,13,nan,nan,0.12
10/31/2025 14:45:31,1.17.2,PRexp,10,3.89,nan,15,Left,Left,1348,129,190,13,nan,nan,0.84
10/31/2025 14:45:32,1.17.2,PRexp,10,3.90,nan,15,Left,Left,1349,129,190,13,nan,nan,0.33
10/31/2025 14:45:33,1.17.2,PRexp,10,3.89,nan,15,Left,Left,1350,129,190,13,nan,nan,0.62
10/31/2025 14:45:35,1.17.2,PRexp,10,3.90,nan,15,Left,Left,1351,129,190,13,nan,nan,0.22
10/31/2025 15:05:23,1.17.2,PRexp,10,3.89,nan,15,Left,Left,1352,129,190,13,nan,nan,0.05
10/31/2025 15:05:29,1.17.2,PRexp,10,3.89,4,15,Pellet,Left,1352,129,191,14,0.27,2255,nan
10/31/2025 15:06:25,1.17.2,PRexp,10,3.90,nan,17,Left,Left,1353,129,191,14,nan,nan,0.00
10/31/2025 15:06:27,1.17.2,PRexp,10,3.90,nan,17,Left,Left,1354,129,191,14,nan,nan,0.44
10/31/2025 15:06:28,1.17.2,PRexp,10,3.89,nan,17,Left,Left,1355,129,191,14,nan,nan,0.21
10/31/2025 15:06:33,1.17.2,PRexp,10,3.89,nan,17,Left,Left,1356,129,191,14,nan,nan,0.47
10/31/2025 15:06:34,1.17.2,PRexp,10,3.89,nan,17,Left,Left,1357,129,191,14,nan,nan,0.25
10/31/2025 15:06:36,1.17.2,PRexp,10,3.89,nan,17,Left,Left,1358,129,191,14,nan,nan,0.31
10/31/2025 15:06:38,1.17.2,PRexp,10,3.89,nan,17,Left,Left,1359,129,191,14,nan,nan,0.62
10/31/2025 15:06:42,1.17.2,PRexp,10,3.89,nan,17,Left,Left,1360,129,191,14,nan,nan,1.35
10/31/2025 15:06:44,1.17.2,PRexp,10,3.89,nan,17,Left,Left,1361,129,191,14,nan,nan,0.65
10/31/2025 15:06:46,1.17.2,PRexp,10,3.89,nan,17,Left,Left,1362,129,191,14,nan,nan,0.49
10/31/2025 15:06:49,1.17.2,PRexp,10,3.89,nan,17,Left,Left,1363,129,191,14,nan,nan,0.82
10/31/2025 15:06:55,1.17.2,PRexp,10,3.89,nan,17,Left,Left,1364,129,191,14,nan,nan,1.22
10/31/2025 15:06:56,1.17.2,PRexp,10,3.89,nan,17,Left,Left,1365,129,191,14,nan,nan,0.00
10/31/2025 15:06:57,1.17.2,PRexp,10,3.89,nan,17,Left,Left,1366,129,191,14,nan,nan,0.34
10/31/2025 15:06:59,1.17.2,PRexp,10,3.90,nan,17,Left,Left,1367,129,191,14,nan,nan,0.05
10/31/2025 15:07:03,1.17.2,PRexp,10,3.90,nan,17,Left,Left,1368,129,191,14,nan,nan,0.27
10/31/2025 15:07:05,1.17.2,PRexp,10,3.90,nan,17,Left,Left,1369,129,191,14,nan,nan,1.00
10/31/2025 15:07:11,1.17.2,PRexp,10,3.89,4,17,Pellet,Left,1369,129,192,15,0.66,102,nan
10/31/2025 15:32:10,1.17.2,PRexp,10,3.89,nan,20,Left,Left,1370,129,192,15,nan,nan,0.33
10/31/2025 15:32:14,1.17.2,PRexp,10,3.90,nan,20,Left,Left,1371,129,192,15,nan,nan,0.32
10/31/2025 15:32:18,1.17.2,PRexp,10,3.89,nan,20,Left,Left,1372,129,192,15,nan,nan,0.70
10/31/2025 15:32:21,1.17.2,PRexp,10,3.89,nan,20,Left,Left,1373,129,192,15,nan,nan,0.77
10/31/2025 15:32:27,1.17.2,PRexp,10,3.89,nan,20,Left,Left,1374,129,192,15,nan,nan,0.14
10/31/2025 15:45:04,1.17.2,PRexp,10,3.89,nan,20,Left,Left,1375,129,192,15,nan,nan,0.18
10/31/2025 15:45:15,1.17.2,PRexp,10,3.89,nan,20,Left,Left,1376,129,192,15,nan,nan,0.18
10/31/2025 15:45:24,1.17.2,PRexp,10,3.89,nan,20,Left,Left,1377,129,192,15,nan,nan,0.66
10/31/2025 15:45:26,1.17.2,PRexp,10,3.89,nan,20,Left,Left,1378,129,192,15,nan,nan,0.89
10/31/2025 15:45:29,1.17.2,PRexp,10,3.89,nan,20,Left,Left,1379,129,192,15,nan,nan,0.21
10/31/2025 15:45:35,1.17.2,PRexp,10,3.89,nan,20,Left,Left,1380,129,192,15,nan,nan,0.92
10/31/2025 15:46:00,1.17.2,PRexp,10,3.89,nan,20,Left,Left,1381,129,192,15,nan,nan,0.53
10/31/2025 15:46:03,1.17.2,PRexp,10,3.89,nan,20,Left,Left,1382,129,192,15,nan,nan,0.34
10/31/2025 15:46:05,1.17.2,PRexp,10,3.89,nan,20,Left,Left,1383,129,192,15,nan,nan,0.97
10/31/2025 15:46:12,1.17.2,PRexp,10,3.89,nan,20,Left,Left,1384,129,192,15,nan,nan,0.17
10/31/2025 15:46:14,1.17.2,PRexp,10,3.89,nan,20,Left,Left,1385,129,192,15,nan,nan,0.89
10/31/2025 15:46:22,1.17.2,PRexp,10,3.89,nan,20,Left,Left,1386,129,192,15,nan,nan,0.02
10/31/2025 15:46:26,1.17.2,PRexp,10,3.90,nan,20,Left,Left,1387,129,192,15,nan,nan,2.09
10/31/2025 15:46:30,1.17.2,PRexp,10,3.89,nan,20,Left,Left,1388,129,192,15,nan,nan,0.46
10/31/2025 15:46:32,1.17.2,PRexp,10,3.89,nan,20,Left,Left,1389,129,192,15,nan,nan,0.00
10/31/2025 15:46:40,1.17.2,PRexp,10,3.89,5,20,Pellet,Left,1389,129,193,16,0.61,2369,nan
10/31/2025 15:53:10,1.17.2,PRexp,10,3.90,nan,22,Left,Left,1390,129,193,16,nan,nan,0.21
10/31/2025 15:53:12,1.17.2,PRexp,10,3.90,nan,22,Left,Left,1391,129,193,16,nan,nan,0.97
10/31/2025 15:53:17,1.17.2,PRexp,10,3.89,nan,22,Left,Left,1392,129,193,16,nan,nan,0.52
10/31/2025 15:53:18,1.17.2,PRexp,10,3.89,nan,22,Left,Left,1393,129,193,16,nan,nan,0.19
10/31/2025 15:53:21,1.17.2,PRexp,10,3.89,nan,22,Left,Left,1394,129,193,16,nan,nan,0.15
10/31/2025 15:53:22,1.17.2,PRexp,10,3.89,nan,22,Left,Left,1395,129,193,16,nan,nan,0.15
10/31/2025 15:53:24,1.17.2,PRexp,10,3.90,nan,22,Left,Left,1396,129,193,16,nan,nan,0.15
10/31/2025 15:53:26,1.17.2,PRexp,10,3.89,nan,22,Left,Left,1397,129,193,16,nan,nan,0.15
10/31/2025 15:53:27,1.17.2,PRexp,10,3.89,nan,22,Left,Left,1398,129,193,16,nan,nan,0.00
10/31/2025 15:53:29,1.17.2,PRexp,10,3.89,nan,22,Left,Left,1399,129,193,16,nan,nan,0.81
10/31/2025 15:53:30,1.17.2,PRexp,10,3.89,nan,22,Left,Left,1400,129,193,16,nan,nan,0.49
10/31/2025 15:53:35,1.17.2,PRexp,10,3.89,nan,22,Left,Left,1401,129,193,16,nan,nan,0.61
10/31/2025 15:53:43,1.17.2,PRexp,10,3.89,nan,22,Left,Left,1402,129,193,16,nan,nan,0.13
10/31/2025 15:55:51,1.17.2,PRexp,10,3.89,nan,22,Left,Left,1403,129,193,16,nan,nan,0.03
10/31/2025 15:55:52,1.17.2,PRexp,10,3.89,nan,22,Left,Left,1404,129,193,16,nan,nan,0.30
10/31/2025 15:55:56,1.17.2,PRexp,10,3.89,nan,22,Left,Left,1405,129,193,16,nan,nan,1.38
10/31/2025 15:55:57,1.17.2,PRexp,10,3.89,nan,22,Left,Left,1406,129,193,16,nan,nan,0.14
10/31/2025 15:56:00,1.17.2,PRexp,10,3.89,nan,22,Left,Left,1407,129,193,16,nan,nan,1.10
10/31/2025 15:56:02,1.17.2,PRexp,10,3.89,nan,22,Left,Left,1408,129,193,16,nan,nan,0.71
10/31/2025 15:56:08,1.17.2,PRexp,10,3.89,nan,22,Left,Left,1409,129,193,16,nan,nan,0.30
10/31/2025 15:56:09,1.17.2,PRexp,10,3.89,nan,22,Left,Left,1410,129,193,16,nan,nan,0.15
10/31/2025 15:56:11,1.17.2,PRexp,10,3.89,nan,22,Left,Left,1411,129,193,16,nan,nan,0.14
10/31/2025 15:56:19,1.17.2,PRexp,10,3.89,5,22,Pellet,Left,1411,129,194,17,0.05,579,nan
10/31/2025 15:59:59,1.17.2,PRexp,10,3.89,nan,25,Left,Left,1412,129,194,17,nan,nan,0.81
10/31/2025 16:00:03,1.17.2,PRexp,10,3.89,nan,25,Left,Left,1413,129,194,17,nan,nan,2.09
10/31/2025 16:00:05,1.17.2,PRexp,10,3.89,nan,25,Left,Left,1414,129,194,17,nan,nan,1.00
10/31/2025 16:00:07,1.17.2,PRexp,10,3.89,nan,25,Left,Left,1415,129,194,17,nan,nan,0.33
10/31/2025 16:00:11,1.17.2,PRexp,10,3.90,nan,25,Left,Left,1416,129,194,17,nan,nan,0.77
10/31/2025 16:20:32,1.17.2,PRexp,10,3.89,nan,25,Left,Left,1417,129,194,17,nan,nan,0.17
10/31/2025 16:20:34,1.17.2,PRexp,10,3.89,nan,25,Left,Left,1418,129,194,17,nan,nan,0.56
10/31/2025 16:20:36,1.17.2,PRexp,10,3.89,nan,25,Left,Left,1419,129,194,17,nan,nan,0.17
10/31/2025 16:20:38,1.17.2,PRexp,10,3.89,nan,25,Left,Left,1420,129,194,17,nan,nan,0.04
10/31/2025 16:20:41,1.17.2,PRexp,10,3.89,nan,25,Left,Left,1421,129,194,17,nan,nan,0.13
10/31/2025 16:28:21,1.17.2,PRexp,10,3.89,nan,25,Left,Left,1422,129,194,17,nan,nan,0.28
10/31/2025 16:28:25,1.17.2,PRexp,10,3.89,nan,25,Left,Left,1423,129,194,17,nan,nan,0.08
10/31/2025 16:30:35,1.17.2,PRexp,10,3.89,nan,25,Left,Left,1424,129,194,17,nan,nan,0.41
10/31/2025 16:30:36,1.17.2,PRexp,10,3.89,nan,25,Left,Left,1425,129,194,17,nan,nan,0.04
10/31/2025 16:30:39,1.17.2,PRexp,10,3.89,nan,25,Left,Left,1426,129,194,17,nan,nan,0.97
10/31/2025 16:30:41,1.17.2,PRexp,10,3.88,nan,25,Left,Left,1427,129,194,17,nan,nan,0.40
10/31/2025 16:30:46,1.17.2,PRexp,10,3.89,nan,25,Left,Left,1428,129,194,17,nan,nan,1.13
10/31/2025 16:41:21,1.17.2,PRexp,10,3.89,nan,25,Left,Left,1429,129,194,17,nan,nan,0.18
10/31/2025 16:41:23,1.17.2,PRexp,10,3.89,nan,25,Left,Left,1430,129,194,17,nan,nan,0.51
10/31/2025 16:41:29,1.17.2,PRexp,10,3.89,nan,25,Left,Left,1431,129,194,17,nan,nan,0.41
10/31/2025 16:41:33,1.17.2,PRexp,10,3.89,nan,25,Left,Left,1432,129,194,17,nan,nan,1.34
10/31/2025 16:41:35,1.17.2,PRexp,10,3.89,nan,25,Left,Left,1433,129,194,17,nan,nan,0.41
10/31/2025 16:41:38,1.17.2,PRexp,10,3.89,nan,25,Left,Left,1434,129,194,17,nan,nan,1.19
10/31/2025 16:41:42,1.17.2,PRexp,10,3.89,nan,25,Left,Left,1435,129,194,17,nan,nan,0.84
10/31/2025 16:41:48,1.17.2,PRexp,10,3.89,nan,25,Left,Left,1436,129,194,17,nan,nan,1.75
10/31/2025 16:41:54,1.17.2,PRexp,10,3.89,4,25,Pellet,Left,1436,129,195,18,0.55,2734,nan
10/31/2025 16:51:30,1.17.2,PRexp,10,3.89,nan,28,Left,Left,1437,129,195,18,nan,nan,0.31
10/31/2025 16:51:34,1.17.2,PRexp,10,3.89,nan,28,Left,Left,1438,129,195,18,nan,nan,0.04
10/31/2025 16:51:36,1.17.2,PRexp,10,3.89,nan,28,Left,Left,1439,129,195,18,nan,nan,0.74
10/31/2025 16:51:40,1.17.2,PRexp,10,3.89,nan,28,Left,Left,1440,129,195,18,nan,nan,0.17
10/31/2025 16:51:44,1.17.2,PRexp,10,3.89,nan,28,Left,Left,1441,129,195,18,nan,nan,0.34
10/31/2025 16:51:45,1.17.2,PRexp,10,3.89,nan,28,Left,Left,1442,129,195,18,nan,nan,0.43
10/31/2025 16:51:47,1.17.2,PRexp,10,3.89,nan,28,Left,Left,1443,129,195,18,nan,nan,0.11
10/31/2025 16:52:04,1.17.2,PRexp,10,3.89,nan,28,Right,Left,1443,130,195,18,nan,nan,0.50
10/31/2025 16:52:09,1.17.2,PRexp,10,3.89,nan,28,Left,Left,1444,130,195,18,nan,nan,0.17
10/31/2025 16:52:10,1.17.2,PRexp,10,3.89,nan,28,Left,Left,1445,130,195,18,nan,nan,0.14
10/31/2025 16:52:13,1.17.2,PRexp,10,3.89,nan,28,Left,Left,1446,130,195,18,nan,nan,0.05
10/31/2025 16:52:14,1.17.2,PRexp,10,3.89,nan,28,Left,Left,1447,130,195,18,nan,nan,0.22
10/31/2025 16:52:17,1.17.2,PRexp,10,3.89,nan,28,Left,Left,1448,130,195,18,nan,nan,0.14
10/31/2025 16:52:20,1.17.2,PRexp,10,3.89,nan,28,Right,Left,1448,131,195,18,nan,nan,0.49
10/31/2025 16:52:51,1.17.2,PRexp,10,3.89,nan,28,Right,Left,1448,132,195,18,nan,nan,0.00
10/31/2025 16:52:52,1.17.2,PRexp,10,3.89,nan,28,Right,Left,1448,133,195,18,nan,nan,0.00
10/31/2025 16:52:54,1.17.2,PRexp,10,3.89,nan,28,Right,Left,1448,134,195,18,nan,nan,0.03
10/31/2025 16:52:55,1.17.2,PRexp,10,3.89,nan,28,Right,Left,1448,135,195,18,nan,nan,0.17
10/31/2025 16:53:06,1.17.2,PRexp,10,3.89,nan,28,Left,Left,1449,135,195,18,nan,nan,0.01
10/31/2025 16:53:07,1.17.2,PRexp,10,3.89,nan,28,Left,Left,1450,135,195,18,nan,nan,0.16
10/31/2025 16:53:09,1.17.2,PRexp,10,3.89,nan,28,Left,Left,1451,135,195,18,nan,nan,0.20
10/31/2025 16:53:12,1.17.2,PRexp,10,3.89,nan,28,Left,Left,1452,135,195,18,nan,nan,0.48
10/31/2025 16:53:13,1.17.2,PRexp,10,3.89,nan,28,Left,Left,1453,135,195,18,nan,nan,0.27
10/31/2025 16:53:31,1.17.2,PRexp,10,3.89,nan,28,Left,Left,1454,135,195,18,nan,nan,0.14
10/31/2025 16:53:33,1.17.2,PRexp,10,3.89,nan,28,Left,Left,1455,135,195,18,nan,nan,0.06
10/31/2025 16:53:34,1.17.2,PRexp,10,3.89,nan,28,Left,Left,1456,135,195,18,nan,nan,0.10
10/31/2025 16:53:35,1.17.2,PRexp,10,3.89,nan,28,Left,Left,1457,135,195,18,nan,nan,0.09
10/31/2025 16:53:38,1.17.2,PRexp,10,3.89,nan,28,Left,Left,1458,135,195,18,nan,nan,0.13
10/31/2025 16:53:44,1.17.2,PRexp,10,3.89,nan,28,Left,Left,1459,135,195,18,nan,nan,0.00
10/31/2025 16:53:44,1.17.2,PRexp,10,3.89,nan,28,Left,Left,1460,135,195,18,nan,nan,0.00
10/31/2025 16:53:47,1.17.2,PRexp,10,3.89,nan,28,Left,Left,1461,135,195,18,nan,nan,0.17
10/31/2025 17:27:59,1.17.2,PRexp,10,3.89,nan,1,Left,Left,1462,135,195,0,nan,nan,0.10
10/31/2025 17:28:02,1.17.2,PRexp,10,3.89,nan,1,LeftDuringDispense,Left,1463,135,195,1,nan,nan,0.34
10/31/2025 17:28:06,1.17.2,PRexp,10,3.89,3,1,Pellet,Left,1463,135,196,1,1.11,2773,nan
10/31/2025 17:28:29,1.17.2,PRexp,10,3.89,nan,1,Left,Left,1464,135,196,1,nan,nan,0.19
10/31/2025 17:28:35,1.17.2,PRexp,10,3.89,4,1,Pellet,Left,1464,135,197,2,0.39,29,nan
10/31/2025 17:29:20,1.17.2,PRexp,10,3.89,nan,2,Left,Left,1465,135,197,2,nan,nan,0.68
10/31/2025 17:29:21,1.17.2,PRexp,10,3.89,nan,2,Left,Left,1466,135,197,2,nan,nan,0.00
10/31/2025 17:29:27,1.17.2,PRexp,10,3.89,4,2,Pellet,Left,1466,135,198,3,0.05,52,nan
10/31/2025 17:30:00,1.17.2,PRexp,10,3.89,nan,2,Left,Left,1467,135,198,3,nan,nan,0.82
10/31/2025 17:30:08,1.17.2,PRexp,10,3.89,nan,2,Left,Left,1468,135,198,3,nan,nan,0.58
10/31/2025 17:30:14,1.17.2,PRexp,10,3.89,4,2,Pellet,Left,1468,135,199,4,0.05,47,nan
10/31/2025 17:31:11,1.17.2,PRexp,10,3.89,nan,3,Left,Left,1469,135,199,4,nan,nan,0.51
10/31/2025 17:31:13,1.17.2,PRexp,10,3.89,nan,3,Left,Left,1470,135,199,4,nan,nan,0.39
10/31/2025 17:31:16,1.17.2,PRexp,10,3.89,nan,3,Left,Left,1471,135,199,4,nan,nan,0.59
10/31/2025 17:31:22,1.17.2,PRexp,10,3.89,4,3,Pellet,Left,1471,135,200,5,0.27,68,nan
10/31/2025 17:34:12,1.17.2,PRexp,10,3.89,nan,4,Left,Left,1472,135,200,5,nan,nan,0.07
10/31/2025 17:34:13,1.17.2,PRexp,10,3.89,nan,4,Left,Left,1473,135,200,5,nan,nan,0.07
10/31/2025 17:34:16,1.17.2,PRexp,10,3.89,nan,4,Left,Left,1474,135,200,5,nan,nan,1.25
10/31/2025 17:34:18,1.17.2,PRexp,10,3.89,nan,4,Left,Left,1475,135,200,5,nan,nan,0.12
10/31/2025 17:34:27,1.17.2,PRexp,10,3.89,5,4,Pellet,Left,1475,135,201,6,0.89,184,nan
10/31/2025 17:34:57,1.17.2,PRexp,10,3.89,nan,5,Left,Left,1476,135,201,6,nan,nan,0.59
10/31/2025 17:35:05,1.17.2,PRexp,10,3.89,nan,5,Left,Left,1477,135,201,6,nan,nan,0.03
10/31/2025 17:35:08,1.17.2,PRexp,10,3.89,nan,5,Left,Left,1478,135,201,6,nan,nan,0.06
10/31/2025 17:47:23,1.17.2,PRexp,10,3.89,nan,5,Left,Left,1479,135,201,6,nan,nan,1.00
10/31/2025 17:47:25,1.17.2,PRexp,10,3.89,nan,5,Left,Left,1480,135,201,6,nan,nan,0.13
10/31/2025 17:47:33,1.17.2,PRexp,10,3.89,5,5,Pellet,Left,1480,135,202,7,0.11,787,nan
10/31/2025 17:48:10,1.17.2,PRexp,10,3.89,nan,6,Left,Left,1481,135,202,7,nan,nan,0.02
10/31/2025 17:58:16,1.17.2,PRexp,10,3.89,nan,6,Left,Left,1482,135,202,7,nan,nan,1.45
10/31/2025 17:58:18,1.17.2,PRexp,10,3.89,nan,6,Left,Left,1483,135,202,7,nan,nan,0.13
10/31/2025 18:04:22,1.17.2,PRexp,10,3.89,nan,6,Left,Left,1484,135,202,7,nan,nan,0.06
10/31/2025 18:04:26,1.17.2,PRexp,10,3.89,nan,6,Left,Left,1485,135,202,7,nan,nan,0.01
10/31/2025 18:04:29,1.17.2,PRexp,10,3.89,nan,6,Left,Left,1486,135,202,7,nan,nan,0.06
10/31/2025 18:04:42,1.17.2,PRexp,10,3.89,4,6,Pellet,Left,1486,135,203,8,5.70,1029,nan
10/31/2025 18:05:10,1.17.2,PRexp,10,3.89,nan,7,Left,Left,1487,135,203,8,nan,nan,0.14
10/31/2025 18:05:15,1.17.2,PRexp,10,3.89,nan,7,Left,Left,1488,135,203,8,nan,nan,1.15
10/31/2025 18:05:21,1.17.2,PRexp,10,3.89,nan,7,Left,Left,1489,135,203,8,nan,nan,0.46
10/31/2025 18:05:22,1.17.2,PRexp,10,3.89,nan,7,Left,Left,1490,135,203,8,nan,nan,0.55
10/31/2025 18:05:24,1.17.2,PRexp,10,3.89,nan,7,Left,Left,1491,135,203,8,nan,nan,1.16
10/31/2025 18:05:26,1.17.2,PRexp,10,3.89,nan,7,Left,Left,1492,135,203,8,nan,nan,0.25
10/31/2025 18:05:28,1.17.2,PRexp,10,3.89,nan,7,Left,Left,1493,135,203,8,nan,nan,0.35
10/31/2025 18:05:35,1.17.2,PRexp,10,3.89,4,7,Pellet,Left,1493,135,204,9,0.05,53,nan
10/31/2025 18:05:53,1.17.2,PRexp,10,3.89,nan,9,Left,Left,1494,135,204,9,nan,nan,1.35
10/31/2025 18:05:55,1.17.2,PRexp,10,3.89,nan,9,Left,Left,1495,135,204,9,nan,nan,0.12
10/31/2025 18:05:57,1.17.2,PRexp,10,3.89,nan,9,Left,Left,1496,135,204,9,nan,nan,0.43
10/31/2025 18:06:00,1.17.2,PRexp,10,3.89,nan,9,Left,Left,1497,135,204,9,nan,nan,0.27
10/31/2025 18:06:03,1.17.2,PRexp,10,3.89,nan,9,Left,Left,1498,135,204,9,nan,nan,0.16
10/31/2025 18:08:31,1.17.2,PRexp,10,3.89,nan,9,Right,Left,1498,136,204,9,nan,nan,0.03
10/31/2025 18:08:42,1.17.2,PRexp,10,3.89,nan,9,Right,Left,1498,137,204,9,nan,nan,0.22
10/31/2025 18:10:48,1.17.2,PRexp,10,3.89,nan,9,Right,Left,1498,138,204,9,nan,nan,0.40
10/31/2025 18:11:05,1.17.2,PRexp,10,3.89,nan,9,Left,Left,1499,138,204,9,nan,nan,0.00
10/31/2025 18:11:05,1.17.2,PRexp,10,3.89,nan,9,Right,Left,1499,139,204,9,nan,nan,0.00
10/31/2025 18:11:07,1.17.2,PRexp,10,3.89,nan,9,Right,Left,1499,140,204,9,nan,nan,0.21
10/31/2025 18:14:04,1.17.2,PRexp,10,3.89,nan,9,Right,Left,1499,141,204,9,nan,nan,0.10
10/31/2025 18:15:18,1.17.2,PRexp,10,3.89,nan,9,Left,Left,1500,141,204,9,nan,nan,0.09
10/31/2025 18:15:21,1.17.2,PRexp,10,3.89,nan,9,Left,Left,1501,141,204,9,nan,nan,0.22
10/31/2025 18:15:22,1.17.2,PRexp,10,3.89,nan,9,Left,Left,1502,141,204,9,nan,nan,0.08
10/31/2025 18:15:29,1.17.2,PRexp,10,3.89,5,9,Pellet,Left,1502,141,205,10,0.16,594,nan
10/31/2025 18:16:50,1.17.2,PRexp,10,3.89,nan,10,Left,Left,1503,141,205,10,nan,nan,0.07
10/31/2025 18:16:54,1.17.2,PRexp,10,3.89,nan,10,Left,Left,1504,141,205,10,nan,nan,0.27
10/31/2025 18:17:02,1.17.2,PRexp,10,3.89,nan,10,Left,Left,1505,141,205,10,nan,nan,0.04
10/31/2025 18:17:31,1.17.2,PRexp,10,3.89,nan,10,Left,Left,1506,141,205,10,nan,nan,0.04
10/31/2025 18:17:33,1.17.2,PRexp,10,3.89,nan,10,Left,Left,1507,141,205,10,nan,nan,0.67
10/31/2025 18:17:34,1.17.2,PRexp,10,3.89,nan,10,Left,Left,1508,141,205,10,nan,nan,0.10
10/31/2025 18:17:35,1.17.2,PRexp,10,3.89,nan,10,Left,Left,1509,141,205,10,nan,nan,0.23
10/31/2025 18:17:54,1.17.2,PRexp,10,3.89,nan,10,Left,Left,1510,141,205,10,nan,nan,0.14
10/31/2025 18:20:27,1.17.2,PRexp,10,3.89,nan,10,Left,Left,1511,141,205,10,nan,nan,0.12
10/31/2025 18:20:42,1.17.2,PRexp,10,3.89,nan,10,Left,Left,1512,141,205,10,nan,nan,0.06
10/31/2025 18:20:50,1.17.2,PRexp,10,3.89,5,10,Pellet,Left,1512,141,206,11,0.16,321,nan
10/31/2025 18:21:20,1.17.2,PRexp,10,3.89,nan,12,Left,Left,1513,141,206,11,nan,nan,0.41
10/31/2025 18:21:22,1.17.2,PRexp,10,3.89,nan,12,Left,Left,1514,141,206,11,nan,nan,0.15
10/31/2025 18:21:23,1.17.2,PRexp,10,3.89,nan,12,Left,Left,1515,141,206,11,nan,nan,0.18
10/31/2025 18:21:24,1.17.2,PRexp,10,3.89,nan,12,Left,Left,1516,141,206,11,nan,nan,0.15
10/31/2025 18:21:36,1.17.2,PRexp,10,3.89,nan,12,Left,Left,1517,141,206,11,nan,nan,0.23
10/31/2025 18:21:38,1.17.2,PRexp,10,3.89,nan,12,Left,Left,1518,141,206,11,nan,nan,0.13
10/31/2025 18:29:07,1.17.2,PRexp,10,3.89,nan,12,Right,Left,1518,142,206,11,nan,nan,0.20
10/31/2025 18:29:24,1.17.2,PRexp,10,3.89,nan,12,Left,Left,1519,142,206,11,nan,nan,0.23
10/31/2025 18:29:25,1.17.2,PRexp,10,3.89,nan,12,Left,Left,1520,142,206,11,nan,nan,0.16
10/31/2025 18:29:27,1.17.2,PRexp,10,3.89,nan,12,Left,Left,1521,142,206,11,nan,nan,0.18
10/31/2025 18:29:28,1.17.2,PRexp,10,3.89,nan,12,Left,Left,1522,142,206,11,nan,nan,0.09
10/31/2025 18:29:29,1.17.2,PRexp,10,3.89,nan,12,Left,Left,1523,142,206,11,nan,nan,0.25
10/31/2025 18:29:30,1.17.2,PRexp,10,3.89,nan,12,Left,Left,1524,142,206,11,nan,nan,0.06
10/31/2025 18:29:36,1.17.2,PRexp,10,3.89,4,12,Pellet,Left,1524,142,207,12,0.05,526,nan
10/31/2025 18:30:15,1.17.2,PRexp,10,3.89,nan,13,Left,Left,1525,142,207,12,nan,nan,0.08
10/31/2025 18:30:17,1.17.2,PRexp,10,3.89,nan,13,Left,Left,1526,142,207,12,nan,nan,0.13
10/31/2025 18:30:19,1.17.2,PRexp,10,3.89,nan,13,Left,Left,1527,142,207,12,nan,nan,0.26
10/31/2025 18:30:22,1.17.2,PRexp,10,3.89,nan,13,Left,Left,1528,142,207,12,nan,nan,1.20
10/31/2025 18:30:23,1.17.2,PRexp,10,3.89,nan,13,Left,Left,1529,142,207,12,nan,nan,0.00
10/31/2025 18:30:24,1.17.2,PRexp,10,3.89,nan,13,Left,Left,1530,142,207,12,nan,nan,0.46
10/31/2025 18:30:26,1.17.2,PRexp,10,3.88,nan,13,Left,Left,1531,142,207,12,nan,nan,0.66
10/31/2025 18:30:28,1.17.2,PRexp,10,3.89,nan,13,Left,Left,1532,142,207,12,nan,nan,0.04
10/31/2025 18:30:29,1.17.2,PRexp,10,3.89,nan,13,Left,Left,1533,142,207,12,nan,nan,0.37
10/31/2025 18:30:34,1.17.2,PRexp,10,3.89,nan,13,Left,Left,1534,142,207,12,nan,nan,0.23
10/31/2025 18:30:38,1.17.2,PRexp,10,3.89,nan,13,Left,Left,1535,142,207,12,nan,nan,0.11
10/31/2025 18:30:40,1.17.2,PRexp,10,3.89,nan,13,Left,Left,1536,142,207,12,nan,nan,0.06
10/31/2025 18:30:41,1.17.2,PRexp,10,3.89,nan,13,Left,Left,1537,142,207,12,nan,nan,0.62
10/31/2025 18:30:47,1.17.2,PRexp,10,3.89,4,13,Pellet,Left,1537,142,208,13,0.05,71,nan
10/31/2025 18:31:48,1.17.2,PRexp,10,3.89,nan,15,Right,Left,1537,143,208,13,nan,nan,0.13
10/31/2025 18:32:33,1.17.2,PRexp,10,3.89,nan,15,Left,Left,1538,143,208,13,nan,nan,0.00
10/31/2025 18:32:56,1.17.2,PRexp,10,3.89,nan,15,Left,Left,1539,143,208,13,nan,nan,0.13
10/31/2025 18:32:58,1.17.2,PRexp,10,3.89,nan,15,Left,Left,1540,143,208,13,nan,nan,0.06
10/31/2025 18:32:59,1.17.2,PRexp,10,3.89,nan,15,Left,Left,1541,143,208,13,nan,nan,0.12
10/31/2025 18:33:52,1.17.2,PRexp,10,3.89,nan,15,Left,Left,1542,143,208,13,nan,nan,0.13
10/31/2025 18:34:23,1.17.2,PRexp,10,3.89,nan,15,Right,Left,1542,144,208,13,nan,nan,0.18
10/31/2025 18:36:20,1.17.2,PRexp,10,3.89,nan,15,Right,Left,1542,145,208,13,nan,nan,0.14
10/31/2025 18:38:10,1.17.2,PRexp,10,3.89,nan,15,Left,Left,1543,145,208,13,nan,nan,0.09
10/31/2025 18:39:02,1.17.2,PRexp,10,3.89,nan,15,Left,Left,1544,145,208,13,nan,nan,0.05
10/31/2025 18:39:04,1.17.2,PRexp,10,3.89,nan,15,Left,Left,1545,145,208,13,nan,nan,0.02
10/31/2025 18:41:38,1.17.2,PRexp,10,3.89,nan,15,Left,Left,1546,145,208,13,nan,nan,0.14
10/31/2025 18:41:42,1.17.2,PRexp,10,3.89,nan,15,Left,Left,1547,145,208,13,nan,nan,0.09
10/31/2025 18:41:53,1.17.2,PRexp,10,3.89,nan,15,Left,Left,1548,145,208,13,nan,nan,0.04
10/31/2025 18:41:54,1.17.2,PRexp,10,3.89,nan,15,Left,Left,1549,145,208,13,nan,nan,0.00
10/31/2025 18:41:55,1.17.2,PRexp,10,3.89,nan,15,Left,Left,1550,145,208,13,nan,nan,0.00
10/31/2025 18:42:01,1.17.2,PRexp,10,3.89,nan,15,Left,Left,1551,145,208,13,nan,nan,0.11
10/31/2025 18:42:02,1.17.2,PRexp,10,3.89,nan,15,Left,Left,1552,145,208,13,nan,nan,0.11
10/31/2025 18:42:10,1.17.2,PRexp,10,3.89,5,15,Pellet,Left,1552,145,209,14,0.05,683,nan
10/31/2025 18:42:36,1.17.2,PRexp,10,3.89,nan,17,Left,Left,1553,145,209,14,nan,nan,0.04
10/31/2025 18:46:29,1.17.2,PRexp,10,3.89,nan,17,Right,Left,1553,146,209,14,nan,nan,0.11
10/31/2025 18:46:30,1.17.2,PRexp,10,3.89,nan,17,Right,Left,1553,147,209,14,nan,nan,0.12
10/31/2025 18:48:13,1.17.2,PRexp,10,3.88,nan,17,Left,Left,1554,147,209,14,nan,nan,0.08
10/31/2025 18:48:18,1.17.2,PRexp,10,3.89,nan,17,Left,Left,1555,147,209,14,nan,nan,0.55
10/31/2025 18:48:20,1.17.2,PRexp,10,3.89,nan,17,Left,Left,1556,147,209,14,nan,nan,0.02
10/31/2025 18:48:57,1.17.2,PRexp,10,3.89,nan,17,Left,Left,1557,147,209,14,nan,nan,0.05
10/31/2025 18:48:58,1.17.2,PRexp,10,3.89,nan,17,Left,Left,1558,147,209,14,nan,nan,0.41
10/31/2025 18:49:00,1.17.2,PRexp,10,3.89,nan,17,Left,Left,1559,147,209,14,nan,nan,0.30
10/31/2025 18:49:02,1.17.2,PRexp,10,3.89,nan,17,Left,Left,1560,147,209,14,nan,nan,0.22
10/31/2025 18:49:08,1.17.2,PRexp,10,3.89,nan,17,Right,Left,1560,148,209,14,nan,nan,0.14
10/31/2025 18:49:09,1.17.2,PRexp,10,3.89,nan,17,Right,Left,1560,149,209,14,nan,nan,0.36
10/31/2025 18:50:11,1.17.2,PRexp,10,3.89,nan,17,Left,Left,1561,149,209,14,nan,nan,0.01
10/31/2025 18:54:43,1.17.2,PRexp,10,3.89,nan,17,Left,Left,1562,149,209,14,nan,nan,0.16
10/31/2025 18:54:45,1.17.2,PRexp,10,3.89,nan,17,Left,Left,1563,149,209,14,nan,nan,0.05
10/31/2025 18:54:47,1.17.2,PRexp,10,3.89,nan,17,Left,Left,1564,149,209,14,nan,nan,0.09
10/31/2025 18:54:49,1.17.2,PRexp,10,3.88,nan,17,Left,Left,1565,149,209,14,nan,nan,0.60
10/31/2025 18:54:50,1.17.2,PRexp,10,3.89,nan,17,Left,Left,1566,149,209,14,nan,nan,0.07
10/31/2025 18:54:53,1.17.2,PRexp,10,3.89,nan,17,Left,Left,1567,149,209,14,nan,nan,0.13
10/31/2025 18:54:55,1.17.2,PRexp,10,3.89,nan,17,Left,Left,1568,149,209,14,nan,nan,0.19
10/31/2025 18:54:57,1.17.2,PRexp,10,3.89,nan,17,Left,Left,1569,149,209,14,nan,nan,0.10
10/31/2025 18:54:57,1.17.2,PRexp,10,3.89,nan,17,LeftDuringDispense,Left,1570,149,209,15,nan,nan,0.06
10/31/2025 18:55:04,1.17.2,PRexp,10,3.89,4,17,Pellet,Left,1570,149,210,15,0.05,773,nan
10/31/2025 18:55:30,1.17.2,PRexp,10,3.89,nan,20,Left,Left,1571,149,210,15,nan,nan,0.24
10/31/2025 18:55:32,1.17.2,PRexp,10,3.89,nan,20,Left,Left,1572,149,210,15,nan,nan,0.25
10/31/2025 18:55:33,1.17.2,PRexp,10,3.89,nan,20,Left,Left,1573,149,210,15,nan,nan,0.09
10/31/2025 18:55:37,1.17.2,PRexp,10,3.89,nan,20,Left,Left,1574,149,210,15,nan,nan,0.17
10/31/2025 18:55:41,1.17.2,PRexp,10,3.89,nan,20,Left,Left,1575,149,210,15,nan,nan,0.07
10/31/2025 18:55:43,1.17.2,PRexp,10,3.89,nan,20,Left,Left,1576,149,210,15,nan,nan,0.12
10/31/2025 18:55:46,1.17.2,PRexp,10,3.89,nan,20,Left,Left,1577,149,210,15,nan,nan,0.09
10/31/2025 18:55:46,1.17.2,PRexp,10,3.89,nan,20,Left,Left,1578,149,210,15,nan,nan,0.03
10/31/2025 18:55:47,1.17.2,PRexp,10,3.89,nan,20,Left,Left,1579,149,210,15,nan,nan,0.00
10/31/2025 18:55:48,1.17.2,PRexp,10,3.89,nan,20,Left,Left,1580,149,210,15,nan,nan,0.07
10/31/2025 18:56:23,1.17.2,PRexp,10,3.89,nan,20,Left,Left,1581,149,210,15,nan,nan,0.06
10/31/2025 18:58:57,1.17.2,PRexp,10,3.89,nan,20,Left,Left,1582,149,210,15,nan,nan,0.06
10/31/2025 19:02:10,1.17.2,PRexp,10,3.89,nan,20,Left,Left,1583,149,210,15,nan,nan,0.26
10/31/2025 19:02:11,1.17.2,PRexp,10,3.89,nan,20,Left,Left,1584,149,210,15,nan,nan,0.11
10/31/2025 19:02:13,1.17.2,PRexp,10,3.89,nan,20,Left,Left,1585,149,210,15,nan,nan,0.00
10/31/2025 19:02:14,1.17.2,PRexp,10,3.89,nan,20,Left,Left,1586,149,210,15,nan,nan,0.11
10/31/2025 19:02:16,1.17.2,PRexp,10,3.89,nan,20,Left,Left,1587,149,210,15,nan,nan,0.09
10/31/2025 19:02:52,1.17.2,PRexp,10,3.89,nan,20,Left,Left,1588,149,210,15,nan,nan,0.25
10/31/2025 19:02:53,1.17.2,PRexp,10,3.89,nan,20,Left,Left,1589,149,210,15,nan,nan,0.27
10/31/2025 19:02:55,1.17.2,PRexp,10,3.89,nan,20,Left,Left,1590,149,210,15,nan,nan,0.26
10/31/2025 19:02:59,1.17.2,PRexp,10,3.89,3,20,Pellet,Left,1590,149,211,16,0.39,476,nan
10/31/2025 19:03:50,1.17.2,PRexp,10,3.89,nan,22,Left,Left,1591,149,211,16,nan,nan,0.20
10/31/2025 19:03:51,1.17.2,PRexp,10,3.89,nan,22,Left,Left,1592,149,211,16,nan,nan,0.04
10/31/2025 19:03:53,1.17.2,PRexp,10,3.89,nan,22,Left,Left,1593,149,211,16,nan,nan,0.18
10/31/2025 19:04:51,1.17.2,PRexp,10,3.89,nan,22,Left,Left,1594,149,211,16,nan,nan,0.59
10/31/2025 19:04:54,1.17.2,PRexp,10,3.89,nan,22,Left,Left,1595,149,211,16,nan,nan,0.11
10/31/2025 19:05:50,1.17.2,PRexp,10,3.89,nan,22,Left,Left,1596,149,211,16,nan,nan,0.12
10/31/2025 19:05:52,1.17.2,PRexp,10,3.89,nan,22,Left,Left,1597,149,211,16,nan,nan,0.37
10/31/2025 19:05:56,1.17.2,PRexp,10,3.89,nan,22,Left,Left,1598,149,211,16,nan,nan,0.07
10/31/2025 19:05:56,1.17.2,PRexp,10,3.89,nan,22,Left,Left,1599,149,211,16,nan,nan,0.01
10/31/2025 19:05:58,1.17.2,PRexp,10,3.89,nan,22,Left,Left,1600,149,211,16,nan,nan,0.06
10/31/2025 19:31:51,1.17.2,PRexp,10,3.88,nan,22,Left,Left,1601,149,211,16,nan,nan,0.42
10/31/2025 19:31:56,1.17.2,PRexp,10,3.89,nan,22,Left,Left,1602,149,211,16,nan,nan,0.99
10/31/2025 19:32:00,1.17.2,PRexp,10,3.89,nan,22,Left,Left,1603,149,211,16,nan,nan,0.81
10/31/2025 19:32:02,1.17.2,PRexp,10,3.89,nan,22,Left,Left,1604,149,211,16,nan,nan,0.07
10/31/2025 19:32:06,1.17.2,PRexp,10,3.89,nan,22,Left,Left,1605,149,211,16,nan,nan,0.28
10/31/2025 19:32:15,1.17.2,PRexp,10,3.89,nan,22,Left,Left,1606,149,211,16,nan,nan,0.29
10/31/2025 19:32:16,1.17.2,PRexp,10,3.89,nan,22,Left,Left,1607,149,211,16,nan,nan,0.28
10/31/2025 19:32:17,1.17.2,PRexp,10,3.89,nan,22,Left,Left,1608,149,211,16,nan,nan,0.49
10/31/2025 19:32:19,1.17.2,PRexp,10,3.89,nan,22,Left,Left,1609,149,211,16,nan,nan,0.66
10/31/2025 19:32:21,1.17.2,PRexp,10,3.89,nan,22,Left,Left,1610,149,211,16,nan,nan,0.38
10/31/2025 19:32:22,1.17.2,PRexp,10,3.89,nan,22,Left,Left,1611,149,211,16,nan,nan,0.23
10/31/2025 19:32:23,1.17.2,PRexp,10,3.89,nan,22,Left,Left,1612,149,211,16,nan,nan,0.27
10/31/2025 19:32:33,1.17.2,PRexp,10,3.89,6,22,Pellet,Left,1612,149,212,17,0.16,1774,nan
10/31/2025 19:33:02,1.17.2,PRexp,10,3.88,nan,25,Left,Left,1613,149,212,17,nan,nan,0.13
10/31/2025 19:33:04,1.17.2,PRexp,10,3.89,nan,25,Left,Left,1614,149,212,17,nan,nan,0.46
10/31/2025 19:33:09,1.17.2,PRexp,10,3.89,nan,25,Left,Left,1615,149,212,17,nan,nan,1.09
10/31/2025 19:33:10,1.17.2,PRexp,10,3.89,nan,25,Left,Left,1616,149,212,17,nan,nan,0.08
10/31/2025 19:33:12,1.17.2,PRexp,10,3.88,nan,25,Left,Left,1617,149,212,17,nan,nan,0.08
10/31/2025 19:33:17,1.17.2,PRexp,10,3.89,nan,25,Left,Left,1618,149,212,17,nan,nan,0.16
10/31/2025 19:33:21,1.17.2,PRexp,10,3.89,nan,25,Left,Left,1619,149,212,17,nan,nan,0.00
10/31/2025 19:33:23,1.17.2,PRexp,10,3.89,nan,25,Left,Left,1620,149,212,17,nan,nan,0.44
10/31/2025 19:33:28,1.17.2,PRexp,10,3.89,nan,25,Left,Left,1621,149,212,17,nan,nan,0.73
10/31/2025 19:33:28,1.17.2,PRexp,10,3.89,nan,25,Left,Left,1622,149,212,17,nan,nan,0.02
10/31/2025 19:33:36,1.17.2,PRexp,10,3.89,nan,25,Left,Left,1623,149,212,17,nan,nan,0.13
10/31/2025 19:33:40,1.17.2,PRexp,10,3.88,nan,25,Left,Left,1624,149,212,17,nan,nan,0.74
10/31/2025 19:33:43,1.17.2,PRexp,10,3.89,nan,25,Left,Left,1625,149,212,17,nan,nan,0.22
10/31/2025 19:33:44,1.17.2,PRexp,10,3.89,nan,25,Left,Left,1626,149,212,17,nan,nan,0.00
10/31/2025 19:33:46,1.17.2,PRexp,10,3.89,nan,25,Left,Left,1627,149,212,17,nan,nan,0.00
10/31/2025 19:33:48,1.17.2,PRexp,10,3.88,nan,25,Left,Left,1628,149,212,17,nan,nan,0.00
10/31/2025 19:33:49,1.17.2,PRexp,10,3.89,nan,25,Left,Left,1629,149,212,17,nan,nan,0.20
10/31/2025 19:33:51,1.17.2,PRexp,10,3.89,nan,25,Left,Left,1630,149,212,17,nan,nan,0.17
10/31/2025 19:33:53,1.17.2,PRexp,10,3.89,nan,25,Left,Left,1631,149,212,17,nan,nan,0.67
10/31/2025 19:33:55,1.17.2,PRexp,10,3.89,nan,25,Left,Left,1632,149,212,17,nan,nan,0.28
10/31/2025 19:34:21,1.17.2,PRexp,10,3.89,nan,25,Left,Left,1633,149,212,17,nan,nan,4.79
10/31/2025 19:34:29,1.17.2,PRexp,10,3.89,nan,25,Left,Left,1634,149,212,17,nan,nan,0.08
10/31/2025 19:34:33,1.17.2,PRexp,10,3.89,nan,25,Left,Left,1635,149,212,17,nan,nan,0.52
10/31/2025 19:34:38,1.17.2,PRexp,10,3.89,nan,25,Left,Left,1636,149,212,17,nan,nan,0.10
10/31/2025 19:34:45,1.17.2,PRexp,10,3.89,nan,25,Left,Left,1637,149,212,17,nan,nan,0.13
10/31/2025 19:34:50,1.17.2,PRexp,10,3.89,4,25,Pellet,Left,1637,149,213,18,0.05,137,nan
10/31/2025 19:35:42,1.17.2,PRexp,10,3.89,nan,28,Left,Left,1638,149,213,18,nan,nan,0.32
10/31/2025 19:35:44,1.17.2,PRexp,10,3.89,nan,28,Left,Left,1639,149,213,18,nan,nan,0.30
10/31/2025 19:35:45,1.17.2,PRexp,10,3.89,nan,28,Left,Left,1640,149,213,18,nan,nan,0.00
10/31/2025 19:35:48,1.17.2,PRexp,10,3.89,nan,28,Left,Left,1641,149,213,18,nan,nan,0.10
10/31/2025 19:36:00,1.17.2,PRexp,10,3.88,nan,28,Left,Left,1642,149,213,18,nan,nan,0.23
10/31/2025 19:36:02,1.17.2,PRexp,10,3.88,nan,28,Left,Left,1643,149,213,18,nan,nan,0.63
10/31/2025 19:36:06,1.17.2,PRexp,10,3.89,nan,28,Left,Left,1644,149,213,18,nan,nan,1.25
10/31/2025 19:36:07,1.17.2,PRexp,10,3.89,nan,28,Left,Left,1645,149,213,18,nan,nan,0.00
10/31/2025 19:36:11,1.17.2,PRexp,10,3.89,nan,28,Left,Left,1646,149,213,18,nan,nan,0.50
10/31/2025 19:36:14,1.17.2,PRexp,10,3.88,nan,28,Left,Left,1647,149,213,18,nan,nan,0.18
10/31/2025 19:36:19,1.17.2,PRexp,10,3.89,nan,28,Left,Left,1648,149,213,18,nan,nan,0.93
10/31/2025 19:36:32,1.17.2,PRexp,10,3.89,nan,28,Right,Left,1648,150,213,18,nan,nan,0.25
10/31/2025 19:37:17,1.17.2,PRexp,10,3.88,nan,28,Left,Left,1649,150,213,18,nan,nan,0.15
10/31/2025 19:37:18,1.17.2,PRexp,10,3.88,nan,28,Left,Left,1650,150,213,18,nan,nan,0.17
10/31/2025 19:37:20,1.17.2,PRexp,10,3.89,nan,28,Left,Left,1651,150,213,18,nan,nan,0.11
10/31/2025 19:37:28,1.17.2,PRexp,10,3.88,nan,28,Left,Left,1652,150,213,18,nan,nan,0.19
10/31/2025 19:37:30,1.17.2,PRexp,10,3.89,nan,28,Left,Left,1653,150,213,18,nan,nan,0.28
10/31/2025 19:37:32,1.17.2,PRexp,10,3.89,nan,28,Left,Left,1654,150,213,18,nan,nan,0.25
10/31/2025 19:37:34,1.17.2,PRexp,10,3.89,nan,28,Left,Left,1655,150,213,18,nan,nan,0.09
10/31/2025 19:37:35,1.17.2,PRexp,10,3.89,nan,28,Left,Left,1656,150,213,18,nan,nan,0.00
10/31/2025 19:37:39,1.17.2,PRexp,10,3.89,nan,28,Left,Left,1657,150,213,18,nan,nan,1.04
10/31/2025 19:37:46,1.17.2,PRexp,10,3.88,nan,28,Left,Left,1658,150,213,18,nan,nan,0.92
10/31/2025 19:37:49,1.17.2,PRexp,10,3.88,nan,28,Left,Left,1659,150,213,18,nan,nan,0.13
10/31/2025 19:46:47,1.17.2,PRexp,10,3.89,nan,28,Left,Left,1660,150,213,18,nan,nan,0.23
10/31/2025 19:46:48,1.17.2,PRexp,10,3.89,nan,28,Left,Left,1661,150,213,18,nan,nan,0.64
10/31/2025 19:46:52,1.17.2,PRexp,10,3.88,nan,28,Left,Left,1662,150,213,18,nan,nan,0.09
10/31/2025 19:46:53,1.17.2,PRexp,10,3.89,nan,28,Left,Left,1663,150,213,18,nan,nan,0.88
10/31/2025 19:46:55,1.17.2,PRexp,10,3.89,nan,28,Left,Left,1664,150,213,18,nan,nan,0.35
10/31/2025 19:46:59,1.17.2,PRexp,10,3.89,nan,28,Left,Left,1665,150,213,18,nan,nan,1.00
10/31/2025 19:47:07,1.17.2,PRexp,10,3.89,5,28,Pellet,Left,1665,150,214,19,0.05,736,nan
10/31/2025 19:47:47,1.17.2,PRexp,10,3.88,nan,32,Left,Left,1666,150,214,19,nan,nan,0.03
10/31/2025 19:47:50,1.17.2,PRexp,10,3.89,nan,32,Left,Left,1667,150,214,19,nan,nan,0.31
10/31/2025 19:47:50,1.17.2,PRexp,10,3.88,nan,32,Left,Left,1668,150,214,19,nan,nan,0.00
10/31/2025 19:47:54,1.17.2,PRexp,10,3.89,nan,32,Left,Left,1669,150,214,19,nan,nan,0.00
10/31/2025 19:47:55,1.17.2,PRexp,10,3.89,nan,32,Left,Left,1670,150,214,19,nan,nan,0.02
10/31/2025 19:47:56,1.17.2,PRexp,10,3.89,nan,32,Left,Left,1671,150,214,19,nan,nan,0.00
10/31/2025 19:48:01,1.17.2,PRexp,10,3.89,nan,32,Left,Left,1672,150,214,19,nan,nan,0.07
10/31/2025 19:48:02,1.17.2,PRexp,10,3.88,nan,32,Left,Left,1673,150,214,19,nan,nan,0.15
10/31/2025 19:48:05,1.17.2,PRexp,10,3.88,nan,32,Left,Left,1674,150,214,19,nan,nan,0.00
10/31/2025 19:48:06,1.17.2,PRexp,10,3.89,nan,32,Left,Left,1675,150,214,19,nan,nan,0.17
10/31/2025 19:48:11,1.17.2,PRexp,10,3.89,nan,32,Left,Left,1676,150,214,19,nan,nan,0.02
10/31/2025 19:48:12,1.17.2,PRexp,10,3.88,nan,32,Left,Left,1677,150,214,19,nan,nan,0.12
10/31/2025 19:48:13,1.17.2,PRexp,10,3.89,nan,32,Left,Left,1678,150,214,19,nan,nan,0.00
10/31/2025 19:48:14,1.17.2,PRexp,10,3.89,nan,32,Left,Left,1679,150,214,19,nan,nan,0.00
10/31/2025 19:48:15,1.17.2,PRexp,10,3.89,nan,32,Left,Left,1680,150,214,19,nan,nan,0.00
10/31/2025 19:48:17,1.17.2,PRexp,10,3.89,nan,32,Left,Left,1681,150,214,19,nan,nan,0.00
10/31/2025 19:48:19,1.17.2,PRexp,10,3.89,nan,32,Left,Left,1682,150,214,19,nan,nan,0.08
10/31/2025 19:48:20,1.17.2,PRexp,10,3.89,nan,32,Left,Left,1683,150,214,19,nan,nan,0.17
10/31/2025 19:48:23,1.17.2,PRexp,10,3.89,nan,32,Left,Left,1684,150,214,19,nan,nan,0.14
10/31/2025 19:48:43,1.17.2,PRexp,10,3.88,nan,32,Left,Left,1685,150,214,19,nan,nan,0.11
10/31/2025 19:48:44,1.17.2,PRexp,10,3.89,nan,32,Left,Left,1686,150,214,19,nan,nan,0.10
10/31/2025 19:48:48,1.17.2,PRexp,10,3.88,nan,32,Left,Left,1687,150,214,19,nan,nan,1.57
10/31/2025 19:48:49,1.17.2,PRexp,10,3.89,nan,32,Left,Left,1688,150,214,19,nan,nan,0.02
10/31/2025 19:48:52,1.17.2,PRexp,10,3.89,nan,32,Left,Left,1689,150,214,19,nan,nan,0.03
10/31/2025 19:48:53,1.17.2,PRexp,10,3.88,nan,32,Left,Left,1690,150,214,19,nan,nan,0.02
10/31/2025 19:48:54,1.17.2,PRexp,10,3.88,nan,32,Left,Left,1691,150,214,19,nan,nan,0.04
10/31/2025 19:48:57,1.17.2,PRexp,10,3.88,nan,32,Left,Left,1692,150,214,19,nan,nan,0.30
10/31/2025 19:48:59,1.17.2,PRexp,10,3.89,nan,32,Left,Left,1693,150,214,19,nan,nan,0.08
10/31/2025 19:49:06,1.17.2,PRexp,10,3.89,nan,32,Left,Left,1694,150,214,19,nan,nan,0.10
10/31/2025 19:49:11,1.17.2,PRexp,10,3.88,nan,32,Left,Left,1695,150,214,19,nan,nan,0.28
10/31/2025 19:49:13,1.17.2,PRexp,10,3.88,nan,32,Left,Left,1696,150,214,19,nan,nan,0.15
10/31/2025 19:49:38,1.17.2,PRexp,10,3.89,nan,32,Right,Left,1696,151,214,19,nan,nan,0.37
10/31/2025 19:49:39,1.17.2,PRexp,10,3.89,nan,32,Right,Left,1696,152,214,19,nan,nan,0.00
10/31/2025 19:49:42,1.17.2,PRexp,10,3.88,nan,32,Right,Left,1696,153,214,19,nan,nan,0.01
10/31/2025 19:50:12,1.17.2,PRexp,10,3.89,nan,32,Left,Left,1697,153,214,19,nan,nan,0.26
10/31/2025 19:50:14,1.17.2,PRexp,10,3.89,nan,32,LeftDuringDispense,Left,1698,153,214,20,nan,nan,0.05
10/31/2025 19:50:22,1.17.2,PRexp,10,3.89,6,32,Pellet,Left,1698,153,215,20,0.11,196,nan
10/31/2025 19:50:50,1.17.2,PRexp,10,3.89,nan,36,Left,Left,1699,153,215,20,nan,nan,0.15
10/31/2025 19:53:40,1.17.2,PRexp,10,3.89,nan,36,Left,Left,1700,153,215,20,nan,nan,0.10
10/31/2025 19:54:25,1.17.2,PRexp,10,3.89,nan,36,Left,Left,1701,153,215,20,nan,nan,0.40
10/31/2025 19:54:26,1.17.2,PRexp,10,3.89,nan,36,Left,Left,1702,153,215,20,nan,nan,0.16
10/31/2025 19:54:28,1.17.2,PRexp,10,3.89,nan,36,Left,Left,1703,153,215,20,nan,nan,0.09
10/31/2025 19:54:34,1.17.2,PRexp,10,3.89,nan,36,Left,Left,1704,153,215,20,nan,nan,0.04
10/31/2025 19:54:36,1.17.2,PRexp,10,3.88,nan,36,Left,Left,1705,153,215,20,nan,nan,0.62
10/31/2025 19:54:39,1.17.2,PRexp,10,3.89,nan,36,Left,Left,1706,153,215,20,nan,nan,0.02
10/31/2025 19:54:42,1.17.2,PRexp,10,3.88,nan,36,Left,Left,1707,153,215,20,nan,nan,1.21
10/31/2025 19:55:10,1.17.2,PRexp,10,3.88,nan,36,Left,Left,1708,153,215,20,nan,nan,0.04
10/31/2025 19:55:11,1.17.2,PRexp,10,3.89,nan,36,Left,Left,1709,153,215,20,nan,nan,0.15
10/31/2025 19:55:12,1.17.2,PRexp,10,3.89,nan,36,Left,Left,1710,153,215,20,nan,nan,0.08
10/31/2025 19:55:14,1.17.2,PRexp,10,3.89,nan,36,Left,Left,1711,153,215,20,nan,nan,0.13
10/31/2025 19:55:37,1.17.2,PRexp,10,3.88,nan,36,Right,Left,1711,154,215,20,nan,nan,0.09
10/31/2025 19:55:38,1.17.2,PRexp,10,3.88,nan,36,Right,Left,1711,155,215,20,nan,nan,0.01
10/31/2025 19:55:39,1.17.2,PRexp,10,3.89,nan,36,Right,Left,1711,156,215,20,nan,nan,0.23
10/31/2025 19:55:49,1.17.2,PRexp,10,3.89,nan,36,Left,Left,1712,156,215,20,nan,nan,0.14
10/31/2025 19:55:51,1.17.2,PRexp,10,3.88,nan,36,Left,Left,1713,156,215,20,nan,nan,0.09
10/31/2025 19:56:48,1.17.2,PRexp,10,3.89,nan,36,Left,Left,1714,156,215,20,nan,nan,0.03
10/31/2025 19:57:12,1.17.2,PRexp,10,3.89,nan,36,Left,Left,1715,156,215,20,nan,nan,0.09
10/31/2025 19:57:13,1.17.2,PRexp,10,3.89,nan,36,Left,Left,1716,156,215,20,nan,nan,0.06
10/31/2025 19:57:15,1.17.2,PRexp,10,3.89,nan,36,Left,Left,1717,156,215,20,nan,nan,0.11
10/31/2025 19:57:16,1.17.2,PRexp,10,3.89,nan,36,Left,Left,1718,156,215,20,nan,nan,0.11
10/31/2025 20:04:31,1.17.2,PRexp,10,3.88,nan,36,Left,Left,1719,156,215,20,nan,nan,0.12
10/31/2025 20:04:33,1.17.2,PRexp,10,3.89,nan,36,Left,Left,1720,156,215,20,nan,nan,0.48
10/31/2025 20:04:35,1.17.2,PRexp,10,3.88,nan,36,Left,Left,1721,156,215,20,nan,nan,0.08
10/31/2025 20:04:39,1.17.2,PRexp,10,3.88,nan,36,Left,Left,1722,156,215,20,nan,nan,0.04
10/31/2025 20:04:44,1.17.2,PRexp,10,3.89,nan,36,Left,Left,1723,156,215,20,nan,nan,0.62
10/31/2025 20:04:46,1.17.2,PRexp,10,3.89,nan,36,Left,Left,1724,156,215,20,nan,nan,0.01
10/31/2025 20:04:48,1.17.2,PRexp,10,3.88,nan,36,Left,Left,1725,156,215,20,nan,nan,0.14
10/31/2025 20:04:49,1.17.2,PRexp,10,3.88,nan,36,Left,Left,1726,156,215,20,nan,nan,0.06
10/31/2025 20:04:51,1.17.2,PRexp,10,3.89,nan,36,Left,Left,1727,156,215,20,nan,nan,0.04
10/31/2025 20:04:51,1.17.2,PRexp,10,3.88,nan,36,Left,Left,1728,156,215,20,nan,nan,0.10
10/31/2025 20:04:53,1.17.2,PRexp,10,3.88,nan,36,Left,Left,1729,156,215,20,nan,nan,0.51
10/31/2025 20:04:55,1.17.2,PRexp,10,3.88,nan,36,Left,Left,1730,156,215,20,nan,nan,0.08
10/31/2025 20:04:57,1.17.2,PRexp,10,3.89,nan,36,Left,Left,1731,156,215,20,nan,nan,0.70
10/31/2025 20:05:00,1.17.2,PRexp,10,3.89,nan,36,Left,Left,1732,156,215,20,nan,nan,0.01
10/31/2025 20:05:02,1.17.2,PRexp,10,3.88,nan,36,Left,Left,1733,156,215,20,nan,nan,0.10
10/31/2025 20:05:04,1.17.2,PRexp,10,3.89,nan,36,Left,Left,1734,156,215,20,nan,nan,0.18
10/31/2025 20:05:12,1.17.2,PRexp,10,3.89,4,36,Pellet,Left,1734,156,216,21,0.44,890,nan
10/31/2025 20:05:45,1.17.2,PRexp,10,3.89,nan,40,Left,Left,1735,156,216,21,nan,nan,0.11
10/31/2025 20:06:53,1.17.2,PRexp,10,3.89,nan,40,Left,Left,1736,156,216,21,nan,nan,0.22
10/31/2025 20:06:54,1.17.2,PRexp,10,3.89,nan,40,Left,Left,1737,156,216,21,nan,nan,0.61
10/31/2025 20:06:57,1.17.2,PRexp,10,3.89,nan,40,Left,Left,1738,156,216,21,nan,nan,0.02
10/31/2025 20:07:09,1.17.2,PRexp,10,3.89,nan,40,Left,Left,1739,156,216,21,nan,nan,0.03
10/31/2025 20:07:17,1.17.2,PRexp,10,3.88,nan,40,Left,Left,1740,156,216,21,nan,nan,0.11
10/31/2025 20:07:19,1.17.2,PRexp,10,3.89,nan,40,Left,Left,1741,156,216,21,nan,nan,0.61
10/31/2025 20:07:21,1.17.2,PRexp,10,3.89,nan,40,Left,Left,1742,156,216,21,nan,nan,0.18
10/31/2025 20:07:22,1.17.2,PRexp,10,3.88,nan,40,Left,Left,1743,156,216,21,nan,nan,0.00
10/31/2025 20:07:24,1.17.2,PRexp,10,3.89,nan,40,Left,Left,1744,156,216,21,nan,nan,0.06
10/31/2025 20:07:26,1.17.2,PRexp,10,3.88,nan,40,Left,Left,1745,156,216,21,nan,nan,0.22
10/31/2025 20:07:43,1.17.2,PRexp,10,3.88,nan,40,Left,Left,1746,156,216,21,nan,nan,0.61
10/31/2025 20:07:44,1.17.2,PRexp,10,3.89,nan,40,Left,Left,1747,156,216,21,nan,nan,0.00
10/31/2025 20:08:00,1.17.2,PRexp,10,3.88,nan,40,Left,Left,1748,156,216,21,nan,nan,0.08
10/31/2025 20:08:02,1.17.2,PRexp,10,3.88,nan,40,Left,Left,1749,156,216,21,nan,nan,0.14
10/31/2025 20:08:13,1.17.2,PRexp,10,3.88,nan,40,Left,Left,1750,156,216,21,nan,nan,0.05
10/31/2025 20:08:22,1.17.2,PRexp,10,3.88,nan,40,Right,Left,1750,157,216,21,nan,nan,0.25
10/31/2025 20:09:12,1.17.2,PRexp,10,3.89,nan,40,Right,Left,1750,158,216,21,nan,nan,0.09
10/31/2025 20:10:16,1.17.2,PRexp,10,3.88,nan,40,Left,Left,1751,158,216,21,nan,nan,0.03
10/31/2025 20:10:18,1.17.2,PRexp,10,3.89,nan,40,Left,Left,1752,158,216,21,nan,nan,0.11
10/31/2025 20:10:19,1.17.2,PRexp,10,3.89,nan,40,Left,Left,1753,158,216,21,nan,nan,0.16
10/31/2025 20:10:21,1.17.2,PRexp,10,3.88,nan,40,Left,Left,1754,158,216,21,nan,nan,0.44
10/31/2025 20:10:27,1.17.2,PRexp,10,3.88,nan,40,Left,Left,1755,158,216,21,nan,nan,0.43
10/31/2025 20:10:28,1.17.2,PRexp,10,3.89,nan,40,Left,Left,1756,158,216,21,nan,nan,0.00
10/31/2025 20:10:30,1.17.2,PRexp,10,3.88,nan,40,Left,Left,1757,158,216,21,nan,nan,0.07
10/31/2025 20:11:01,1.17.2,PRexp,10,3.88,nan,40,Right,Left,1757,159,216,21,nan,nan,0.10
10/31/2025 20:11:02,1.17.2,PRexp,10,3.89,nan,40,Right,Left,1757,160,216,21,nan,nan,0.00
10/31/2025 20:11:03,1.17.2,PRexp,10,3.88,nan,40,Right,Left,1757,161,216,21,nan,nan,0.00
10/31/2025 20:11:07,1.17.2,PRexp,10,3.89,nan,40,Right,Left,1757,162,216,21,nan,nan,0.40
10/31/2025 20:11:07,1.17.2,PRexp,10,3.89,nan,40,Right,Left,1757,163,216,21,nan,nan,0.00
10/31/2025 20:11:09,1.17.2,PRexp,10,3.89,nan,40,Right,Left,1757,164,216,21,nan,nan,0.00
10/31/2025 20:11:16,1.17.2,PRexp,10,3.89,nan,40,Right,Left,1757,165,216,21,nan,nan,0.00
10/31/2025 20:11:23,1.17.2,PRexp,10,3.89,nan,40,Left,Left,1758,165,216,21,nan,nan,0.04
10/31/2025 20:11:26,1.17.2,PRexp,10,3.89,nan,40,Left,Left,1759,165,216,21,nan,nan,0.63
10/31/2025 20:11:58,1.17.2,PRexp,10,3.88,nan,40,Left,Left,1760,165,216,21,nan,nan,0.20
10/31/2025 20:12:02,1.17.2,PRexp,10,3.89,nan,40,Left,Left,1761,165,216,21,nan,nan,0.21
10/31/2025 20:12:04,1.17.2,PRexp,10,3.89,nan,40,Left,Left,1762,165,216,21,nan,nan,0.24
10/31/2025 20:12:05,1.17.2,PRexp,10,3.88,nan,40,Left,Left,1763,165,216,21,nan,nan,0.00
10/31/2025 20:12:08,1.17.2,PRexp,10,3.88,nan,40,Left,Left,1764,165,216,21,nan,nan,0.05
10/31/2025 20:12:43,1.17.2,PRexp,10,3.89,nan,40,Left,Left,1765,165,216,21,nan,nan,0.14
10/31/2025 20:12:56,1.17.2,PRexp,10,3.89,nan,40,Right,Left,1765,166,216,21,nan,nan,0.11
10/31/2025 20:12:58,1.17.2,PRexp,10,3.89,nan,40,Right,Left,1765,167,216,21,nan,nan,0.58
10/31/2025 20:13:01,1.17.2,PRexp,10,3.89,nan,40,Left,Left,1766,167,216,21,nan,nan,0.11
10/31/2025 20:13:03,1.17.2,PRexp,10,3.89,nan,40,Left,Left,1767,167,216,21,nan,nan,0.17
10/31/2025 20:13:06,1.17.2,PRexp,10,3.88,nan,40,Left,Left,1768,167,216,21,nan,nan,0.08
10/31/2025 20:13:07,1.17.2,PRexp,10,3.88,nan,40,Left,Left,1769,167,216,21,nan,nan,0.10
10/31/2025 20:13:11,1.17.2,PRexp,10,3.88,nan,40,Left,Left,1770,167,216,21,nan,nan,0.08
10/31/2025 20:13:14,1.17.2,PRexp,10,3.89,nan,40,Left,Left,1771,167,216,21,nan,nan,0.44
10/31/2025 20:14:09,1.17.2,PRexp,10,3.89,nan,40,Left,Left,1772,167,216,21,nan,nan,0.16
10/31/2025 20:14:26,1.17.2,PRexp,10,3.89,nan,40,Left,Left,1773,167,216,21,nan,nan,0.15
10/31/2025 20:14:30,1.17.2,PRexp,10,3.88,nan,40,Left,Left,1774,167,216,21,nan,nan,0.19
10/31/2025 20:14:37,1.17.2,PRexp,10,3.88,5,40,Pellet,Left,1774,167,217,22,0.05,565,nan
10/31/2025 20:15:50,1.17.2,PRexp,10,3.89,nan,45,Left,Left,1775,167,217,22,nan,nan,0.13
10/31/2025 20:15:53,1.17.2,PRexp,10,3.88,nan,45,Left,Left,1776,167,217,22,nan,nan,0.08
10/31/2025 20:17:58,1.17.2,PRexp,10,3.89,nan,45,Left,Left,1777,167,217,22,nan,nan,0.18
10/31/2025 20:18:00,1.17.2,PRexp,10,3.89,nan,45,Left,Left,1778,167,217,22,nan,nan,0.56
10/31/2025 20:19:11,1.17.2,PRexp,10,3.88,nan,45,Left,Left,1779,167,217,22,nan,nan,0.22
10/31/2025 20:19:13,1.17.2,PRexp,10,3.89,nan,45,Left,Left,1780,167,217,22,nan,nan,0.40
10/31/2025 20:19:16,1.17.2,PRexp,10,3.89,nan,45,Left,Left,1781,167,217,22,nan,nan,0.41
10/31/2025 20:19:18,1.17.2,PRexp,10,3.88,nan,45,Left,Left,1782,167,217,22,nan,nan,0.11
10/31/2025 20:19:19,1.17.2,PRexp,10,3.88,nan,45,Left,Left,1783,167,217,22,nan,nan,0.48
10/31/2025 20:19:24,1.17.2,PRexp,10,3.89,nan,45,Left,Left,1784,167,217,22,nan,nan,0.26
10/31/2025 20:19:27,1.17.2,PRexp,10,3.88,nan,45,Left,Left,1785,167,217,22,nan,nan,0.41
10/31/2025 20:20:51,1.17.2,PRexp,10,3.89,nan,45,Left,Left,1786,167,217,22,nan,nan,0.14
10/31/2025 20:20:52,1.17.2,PRexp,10,3.88,nan,45,Left,Left,1787,167,217,22,nan,nan,0.07
10/31/2025 20:20:56,1.17.2,PRexp,10,3.88,nan,45,Right,Left,1787,168,217,22,nan,nan,0.13
10/31/2025 20:21:42,1.17.2,PRexp,10,3.89,nan,45,Left,Left,1788,168,217,22,nan,nan,0.04
10/31/2025 20:21:44,1.17.2,PRexp,10,3.88,nan,45,Left,Left,1789,168,217,22,nan,nan,0.19
10/31/2025 20:21:46,1.17.2,PRexp,10,3.89,nan,45,Left,Left,1790,168,217,22,nan,nan,0.14
10/31/2025 20:21:48,1.17.2,PRexp,10,3.88,nan,45,Left,Left,1791,168,217,22,nan,nan,0.51
10/31/2025 20:21:49,1.17.2,PRexp,10,3.89,nan,45,Left,Left,1792,168,217,22,nan,nan,0.25
10/31/2025 20:21:50,1.17.2,PRexp,10,3.89,nan,45,Left,Left,1793,168,217,22,nan,nan,0.01
10/31/2025 20:21:51,1.17.2,PRexp,10,3.89,nan,45,Left,Left,1794,168,217,22,nan,nan,0.00
10/31/2025 20:21:52,1.17.2,PRexp,10,3.89,nan,45,Left,Left,1795,168,217,22,nan,nan,0.37
10/31/2025 20:21:53,1.17.2,PRexp,10,3.88,nan,45,Left,Left,1796,168,217,22,nan,nan,0.00
10/31/2025 20:21:58,1.17.2,PRexp,10,3.89,nan,45,Left,Left,1797,168,217,22,nan,nan,0.42
10/31/2025 20:29:46,1.17.2,PRexp,10,3.89,nan,45,Left,Left,1798,168,217,22,nan,nan,0.16
10/31/2025 20:29:49,1.17.2,PRexp,10,3.89,nan,45,Left,Left,1799,168,217,22,nan,nan,0.13
10/31/2025 20:29:51,1.17.2,PRexp,10,3.88,nan,45,Left,Left,1800,168,217,22,nan,nan,0.23
10/31/2025 20:29:52,1.17.2,PRexp,10,3.89,nan,45,Left,Left,1801,168,217,22,nan,nan,0.11
10/31/2025 20:29:53,1.17.2,PRexp,10,3.89,nan,45,Left,Left,1802,168,217,22,nan,nan,0.10
10/31/2025 20:29:56,1.17.2,PRexp,10,3.88,nan,45,Left,Left,1803,168,217,22,nan,nan,0.21
10/31/2025 20:29:59,1.17.2,PRexp,10,3.88,nan,45,Left,Left,1804,168,217,22,nan,nan,0.33
10/31/2025 20:30:01,1.17.2,PRexp,10,3.88,nan,45,Left,Left,1805,168,217,22,nan,nan,0.06
10/31/2025 20:32:18,1.17.2,PRexp,10,3.88,nan,45,Left,Left,1806,168,217,22,nan,nan,0.13
10/31/2025 20:32:19,1.17.2,PRexp,10,3.89,nan,45,Left,Left,1807,168,217,22,nan,nan,0.11
10/31/2025 20:32:20,1.17.2,PRexp,10,3.89,nan,45,Left,Left,1808,168,217,22,nan,nan,0.13
10/31/2025 20:32:23,1.17.2,PRexp,10,3.89,nan,45,Left,Left,1809,168,217,22,nan,nan,0.14
10/31/2025 20:32:24,1.17.2,PRexp,10,3.89,nan,45,Left,Left,1810,168,217,22,nan,nan,0.82
10/31/2025 20:32:26,1.17.2,PRexp,10,3.89,nan,45,Left,Left,1811,168,217,22,nan,nan,0.12
10/31/2025 20:32:29,1.17.2,PRexp,10,3.89,nan,45,Left,Left,1812,168,217,22,nan,nan,0.02
10/31/2025 20:32:32,1.17.2,PRexp,10,3.88,nan,45,Right,Left,1812,169,217,22,nan,nan,0.12
10/31/2025 20:32:33,1.17.2,PRexp,10,3.89,nan,45,Right,Left,1812,170,217,22,nan,nan,0.31
10/31/2025 20:32:43,1.17.2,PRexp,10,3.89,nan,45,Left,Left,1813,170,217,22,nan,nan,0.02
10/31/2025 20:32:44,1.17.2,PRexp,10,3.88,nan,45,Left,Left,1814,170,217,22,nan,nan,0.14
10/31/2025 20:35:01,1.17.2,PRexp,10,3.88,nan,45,Left,Left,1815,170,217,22,nan,nan,0.06
10/31/2025 20:35:02,1.17.2,PRexp,10,3.88,nan,45,Left,Left,1816,170,217,22,nan,nan,0.58
10/31/2025 20:35:04,1.17.2,PRexp,10,3.89,nan,45,Left,Left,1817,170,217,22,nan,nan,0.10
10/31/2025 20:35:05,1.17.2,PRexp,10,3.89,nan,45,Left,Left,1818,170,217,22,nan,nan,0.12
10/31/2025 20:35:08,1.17.2,PRexp,10,3.88,nan,45,Left,Left,1819,170,217,22,nan,nan,0.13
10/31/2025 20:35:15,1.17.2,PRexp,10,3.89,5,45,Pellet,Left,1819,170,218,23,0.05,1238,nan
10/31/2025 20:36:01,1.17.2,PRexp,10,3.89,nan,50,Left,Left,1820,170,218,23,nan,nan,0.08
10/31/2025 20:36:03,1.17.2,PRexp,10,3.89,nan,50,Left,Left,1821,170,218,23,nan,nan,0.22
10/31/2025 20:36:05,1.17.2,PRexp,10,3.88,nan,50,Left,Left,1822,170,218,23,nan,nan,0.21
10/31/2025 20:36:07,1.17.2,PRexp,10,3.88,nan,50,Left,Left,1823,170,218,23,nan,nan,0.06
10/31/2025 20:36:09,1.17.2,PRexp,10,3.88,nan,50,Left,Left,1824,170,218,23,nan,nan,0.07
10/31/2025 20:36:15,1.17.2,PRexp,10,3.89,nan,50,Left,Left,1825,170,218,23,nan,nan,0.21
10/31/2025 20:36:20,1.17.2,PRexp,10,3.88,nan,50,Left,Left,1826,170,218,23,nan,nan,0.17
10/31/2025 20:36:22,1.17.2,PRexp,10,3.88,nan,50,Left,Left,1827,170,218,23,nan,nan,0.50
10/31/2025 20:36:23,1.17.2,PRexp,10,3.89,nan,50,Left,Left,1828,170,218,23,nan,nan,0.15
10/31/2025 20:36:25,1.17.2,PRexp,10,3.89,nan,50,Left,Left,1829,170,218,23,nan,nan,0.65
10/31/2025 20:36:33,1.17.2,PRexp,10,3.88,nan,50,Left,Left,1830,170,218,23,nan,nan,0.15
10/31/2025 20:40:33,1.17.2,PRexp,10,3.88,nan,50,Left,Left,1831,170,218,23,nan,nan,0.11
10/31/2025 20:40:34,1.17.2,PRexp,10,3.88,nan,50,Left,Left,1832,170,218,23,nan,nan,0.11
10/31/2025 20:44:38,1.17.2,PRexp,10,3.88,nan,50,Left,Left,1833,170,218,23,nan,nan,0.05
10/31/2025 20:46:16,1.17.2,PRexp,10,3.88,nan,50,Right,Left,1833,171,218,23,nan,nan,0.22
10/31/2025 20:49:55,1.17.2,PRexp,10,3.89,nan,50,Left,Left,1834,171,218,23,nan,nan,0.18
10/31/2025 20:50:23,1.17.2,PRexp,10,3.88,nan,50,Left,Left,1835,171,218,23,nan,nan,0.06
10/31/2025 20:50:24,1.17.2,PRexp,10,3.89,nan,50,Left,Left,1836,171,218,23,nan,nan,0.00
10/31/2025 20:50:25,1.17.2,PRexp,10,3.88,nan,50,Left,Left,1837,171,218,23,nan,nan,0.09
10/31/2025 20:50:27,1.17.2,PRexp,10,3.89,nan,50,Left,Left,1838,171,218,23,nan,nan,0.23
10/31/2025 20:50:28,1.17.2,PRexp,10,3.88,nan,50,Left,Left,1839,171,218,23,nan,nan,0.08
10/31/2025 20:52:00,1.17.2,PRexp,10,3.89,nan,50,Left,Left,1840,171,218,23,nan,nan,0.16
10/31/2025 20:52:00,1.17.2,PRexp,10,3.89,nan,50,Left,Left,1841,171,218,23,nan,nan,0.01
10/31/2025 20:52:06,1.17.2,PRexp,10,3.88,nan,50,Left,Left,1842,171,218,23,nan,nan,0.06
10/31/2025 20:52:07,1.17.2,PRexp,10,3.88,nan,50,Left,Left,1843,171,218,23,nan,nan,0.14
10/31/2025 20:52:13,1.17.2,PRexp,10,3.89,nan,50,Left,Left,1844,171,218,23,nan,nan,0.01
10/31/2025 20:52:29,1.17.2,PRexp,10,3.88,nan,50,Left,Left,1845,171,218,23,nan,nan,0.07
10/31/2025 20:52:32,1.17.2,PRexp,10,3.89,nan,50,Left,Left,1846,171,218,23,nan,nan,0.03
10/31/2025 20:52:34,1.17.2,PRexp,10,3.88,nan,50,Left,Left,1847,171,218,23,nan,nan,0.12
10/31/2025 20:52:35,1.17.2,PRexp,10,3.88,nan,50,Left,Left,1848,171,218,23,nan,nan,0.13
10/31/2025 20:53:01,1.17.2,PRexp,10,3.88,nan,50,Right,Left,1848,172,218,23,nan,nan,0.08
10/31/2025 20:55:15,1.17.2,PRexp,10,3.88,nan,50,Left,Left,1849,172,218,23,nan,nan,0.01
10/31/2025 20:55:16,1.17.2,PRexp,10,3.89,nan,50,Left,Left,1850,172,218,23,nan,nan,0.00
10/31/2025 20:55:18,1.17.2,PRexp,10,3.89,nan,50,Left,Left,1851,172,218,23,nan,nan,0.12
10/31/2025 20:55:19,1.17.2,PRexp,10,3.89,nan,50,Left,Left,1852,172,218,23,nan,nan,0.08
10/31/2025 20:55:20,1.17.2,PRexp,10,3.89,nan,50,Left,Left,1853,172,218,23,nan,nan,0.40
10/31/2025 20:55:21,1.17.2,PRexp,10,3.88,nan,50,Left,Left,1854,172,218,23,nan,nan,0.23
10/31/2025 20:55:22,1.17.2,PRexp,10,3.88,nan,50,Left,Left,1855,172,218,23,nan,nan,0.16
10/31/2025 20:55:24,1.17.2,PRexp,10,3.88,nan,50,Left,Left,1856,172,218,23,nan,nan,0.54
10/31/2025 20:55:25,1.17.2,PRexp,10,3.88,nan,50,Left,Left,1857,172,218,23,nan,nan,0.00
10/31/2025 20:55:26,1.17.2,PRexp,10,3.88,nan,50,Left,Left,1858,172,218,23,nan,nan,0.00
10/31/2025 20:55:28,1.17.2,PRexp,10,3.88,nan,50,Left,Left,1859,172,218,23,nan,nan,0.07
10/31/2025 20:55:30,1.17.2,PRexp,10,3.88,nan,50,Left,Left,1860,172,218,23,nan,nan,0.12
10/31/2025 20:55:31,1.17.2,PRexp,10,3.88,nan,50,Left,Left,1861,172,218,23,nan,nan,0.30
10/31/2025 20:55:33,1.17.2,PRexp,10,3.88,nan,50,Left,Left,1862,172,218,23,nan,nan,0.13
10/31/2025 20:55:36,1.17.2,PRexp,10,3.88,nan,50,Left,Left,1863,172,218,23,nan,nan,0.14
10/31/2025 20:55:39,1.17.2,PRexp,10,3.88,nan,50,Left,Left,1864,172,218,23,nan,nan,0.14
10/31/2025 20:56:09,1.17.2,PRexp,10,3.88,nan,50,Right,Left,1864,173,218,23,nan,nan,0.10
10/31/2025 20:59:01,1.17.2,PRexp,10,3.88,nan,50,Left,Left,1865,173,218,23,nan,nan,0.08
10/31/2025 20:59:04,1.17.2,PRexp,10,3.88,nan,50,Left,Left,1866,173,218,23,nan,nan,0.08
10/31/2025 20:59:06,1.17.2,PRexp,10,3.88,nan,50,Left,Left,1867,173,218,23,nan,nan,0.17
10/31/2025 20:59:07,1.17.2,PRexp,10,3.89,nan,50,Left,Left,1868,173,218,23,nan,nan,0.07
10/31/2025 20:59:09,1.17.2,PRexp,10,3.88,nan,50,Left,Left,1869,173,218,23,nan,nan,0.12
10/31/2025 20:59:15,1.17.2,PRexp,10,3.88,4,50,Pellet,Left,1869,173,219,24,0.05,1440,nan
10/31/2025 21:02:44,1.17.2,PRexp,10,3.88,nan,56,Left,Left,1870,173,219,24,nan,nan,0.10
10/31/2025 21:02:57,1.17.2,PRexp,10,3.88,nan,56,Left,Left,1871,173,219,24,nan,nan,0.39
10/31/2025 21:05:11,1.17.2,PRexp,10,3.88,nan,56,Left,Left,1872,173,219,24,nan,nan,0.17
10/31/2025 21:06:08,1.17.2,PRexp,10,3.89,nan,56,Right,Left,1872,174,219,24,nan,nan,0.01
10/31/2025 21:06:24,1.17.2,PRexp,10,3.88,nan,56,Left,Left,1873,174,219,24,nan,nan,0.06
10/31/2025 21:06:26,1.17.2,PRexp,10,3.88,nan,56,Left,Left,1874,174,219,24,nan,nan,0.19
10/31/2025 21:06:27,1.17.2,PRexp,10,3.88,nan,56,Left,Left,1875,174,219,24,nan,nan,0.27
10/31/2025 21:06:35,1.17.2,PRexp,10,3.88,nan,56,Left,Left,1876,174,219,24,nan,nan,0.15
10/31/2025 21:06:55,1.17.2,PRexp,10,3.89,nan,56,Left,Left,1877,174,219,24,nan,nan,0.02
10/31/2025 21:07:14,1.17.2,PRexp,10,3.89,nan,56,Left,Left,1878,174,219,24,nan,nan,0.22
10/31/2025 21:07:15,1.17.2,PRexp,10,3.88,nan,56,Left,Left,1879,174,219,24,nan,nan,0.13
10/31/2025 21:07:17,1.17.2,PRexp,10,3.88,nan,56,Left,Left,1880,174,219,24,nan,nan,0.15
10/31/2025 21:07:20,1.17.2,PRexp,10,3.88,nan,56,Left,Left,1881,174,219,24,nan,nan,0.14
10/31/2025 21:07:21,1.17.2,PRexp,10,3.88,nan,56,Left,Left,1882,174,219,24,nan,nan,0.13
10/31/2025 21:07:22,1.17.2,PRexp,10,3.88,nan,56,Left,Left,1883,174,219,24,nan,nan,0.11
10/31/2025 21:07:23,1.17.2,PRexp,10,3.89,nan,56,Left,Left,1884,174,219,24,nan,nan,0.15
10/31/2025 21:07:30,1.17.2,PRexp,10,3.88,nan,56,Right,Left,1884,175,219,24,nan,nan,0.10
10/31/2025 21:13:06,1.17.2,PRexp,10,3.88,nan,56,Left,Left,1885,175,219,24,nan,nan,0.02
10/31/2025 21:13:09,1.17.2,PRexp,10,3.88,nan,56,Left,Left,1886,175,219,24,nan,nan,0.02
10/31/2025 21:13:09,1.17.2,PRexp,10,3.89,nan,56,Left,Left,1887,175,219,24,nan,nan,0.03
10/31/2025 21:13:11,1.17.2,PRexp,10,3.89,nan,56,Left,Left,1888,175,219,24,nan,nan,0.15
10/31/2025 21:13:15,1.17.2,PRexp,10,3.88,nan,56,Left,Left,1889,175,219,24,nan,nan,0.56
10/31/2025 21:13:16,1.17.2,PRexp,10,3.89,nan,56,Left,Left,1890,175,219,24,nan,nan,0.13
10/31/2025 21:13:17,1.17.2,PRexp,10,3.88,nan,56,Left,Left,1891,175,219,24,nan,nan,0.00
10/31/2025 21:13:19,1.17.2,PRexp,10,3.88,nan,56,Left,Left,1892,175,219,24,nan,nan,0.14
10/31/2025 21:13:19,1.17.2,PRexp,10,3.88,nan,56,Left,Left,1893,175,219,24,nan,nan,0.00
10/31/2025 21:13:22,1.17.2,PRexp,10,3.88,nan,56,Left,Left,1894,175,219,24,nan,nan,0.12
10/31/2025 21:13:23,1.17.2,PRexp,10,3.88,nan,56,Left,Left,1895,175,219,24,nan,nan,0.00
10/31/2025 21:13:26,1.17.2,PRexp,10,3.88,nan,56,Left,Left,1896,175,219,24,nan,nan,0.11
10/31/2025 21:13:44,1.17.2,PRexp,10,3.88,nan,56,Left,Left,1897,175,219,24,nan,nan,0.03
10/31/2025 21:13:45,1.17.2,PRexp,10,3.89,nan,56,Left,Left,1898,175,219,24,nan,nan,0.03
10/31/2025 21:14:53,1.17.2,PRexp,10,3.89,nan,56,Left,Left,1899,175,219,24,nan,nan,0.04
10/31/2025 21:15:05,1.17.2,PRexp,10,3.88,nan,56,Left,Left,1900,175,219,24,nan,nan,1.01
10/31/2025 21:16:34,1.17.2,PRexp,10,3.88,nan,56,Right,Left,1900,176,219,24,nan,nan,0.29
10/31/2025 21:16:38,1.17.2,PRexp,10,3.88,nan,56,Left,Left,1901,176,219,24,nan,nan,0.09
10/31/2025 21:16:39,1.17.2,PRexp,10,3.89,nan,56,Left,Left,1902,176,219,24,nan,nan,0.13
10/31/2025 21:16:41,1.17.2,PRexp,10,3.88,nan,56,Left,Left,1903,176,219,24,nan,nan,0.02
10/31/2025 21:18:09,1.17.2,PRexp,10,3.88,nan,56,Left,Left,1904,176,219,24,nan,nan,0.03
10/31/2025 21:18:17,1.17.2,PRexp,10,3.88,nan,56,Left,Left,1905,176,219,24,nan,nan,0.08
10/31/2025 21:18:19,1.17.2,PRexp,10,3.89,nan,56,Left,Left,1906,176,219,24,nan,nan,0.08
10/31/2025 21:18:20,1.17.2,PRexp,10,3.88,nan,56,Left,Left,1907,176,219,24,nan,nan,0.20
10/31/2025 21:18:23,1.17.2,PRexp,10,3.88,nan,56,Left,Left,1908,176,219,24,nan,nan,0.16
10/31/2025 21:18:29,1.17.2,PRexp,10,3.88,nan,56,Left,Left,1909,176,219,24,nan,nan,0.12
10/31/2025 21:18:31,1.17.2,PRexp,10,3.89,nan,56,Left,Left,1910,176,219,24,nan,nan,0.05
10/31/2025 21:18:33,1.17.2,PRexp,10,3.88,nan,56,Left,Left,1911,176,219,24,nan,nan,0.06
10/31/2025 21:18:34,1.17.2,PRexp,10,3.89,nan,56,Left,Left,1912,176,219,24,nan,nan,0.00
10/31/2025 21:18:43,1.17.2,PRexp,10,3.88,nan,56,Left,Left,1913,176,219,24,nan,nan,0.07
10/31/2025 21:18:44,1.17.2,PRexp,10,3.88,nan,56,Left,Left,1914,176,219,24,nan,nan,0.10
10/31/2025 21:18:46,1.17.2,PRexp,10,3.88,nan,56,Left,Left,1915,176,219,24,nan,nan,0.08
10/31/2025 21:18:49,1.17.2,PRexp,10,3.88,nan,56,Left,Left,1916,176,219,24,nan,nan,0.13
10/31/2025 21:18:50,1.17.2,PRexp,10,3.88,nan,56,Left,Left,1917,176,219,24,nan,nan,0.08
10/31/2025 21:18:57,1.17.2,PRexp,10,3.88,nan,56,Left,Left,1918,176,219,24,nan,nan,0.14
10/31/2025 21:22:55,1.17.2,PRexp,10,3.88,nan,56,Left,Left,1919,176,219,24,nan,nan,0.03
10/31/2025 21:23:01,1.17.2,PRexp,10,3.87,nan,56,Left,Left,1920,176,219,24,nan,nan,0.03
10/31/2025 21:23:03,1.17.2,PRexp,10,3.89,nan,56,Left,Left,1921,176,219,24,nan,nan,0.12
10/31/2025 21:24:54,1.17.2,PRexp,10,3.88,nan,56,Left,Left,1922,176,219,24,nan,nan,0.08
10/31/2025 21:24:57,1.17.2,PRexp,10,3.88,nan,56,Left,Left,1923,176,219,24,nan,nan,0.22
10/31/2025 21:24:58,1.17.2,PRexp,10,3.88,nan,56,Left,Left,1924,176,219,24,nan,nan,0.06
10/31/2025 21:24:59,1.17.2,PRexp,10,3.88,nan,56,Left,Left,1925,176,219,24,nan,nan,0.20
10/31/2025 21:25:05,1.17.2,PRexp,10,3.88,4,56,Pellet,Left,1925,176,220,25,0.39,1550,nan
10/31/2025 21:27:23,1.17.2,PRexp,10,3.88,nan,62,Left,Left,1926,176,220,25,nan,nan,0.04
10/31/2025 21:27:24,1.17.2,PRexp,10,3.88,nan,62,Left,Left,1927,176,220,25,nan,nan,0.03
10/31/2025 21:27:25,1.17.2,PRexp,10,3.89,nan,62,Left,Left,1928,176,220,25,nan,nan,0.03
10/31/2025 21:27:27,1.17.2,PRexp,10,3.88,nan,62,Left,Left,1929,176,220,25,nan,nan,0.11
10/31/2025 21:27:29,1.17.2,PRexp,10,3.88,nan,62,Left,Left,1930,176,220,25,nan,nan,0.17
10/31/2025 21:27:33,1.17.2,PRexp,10,3.87,nan,62,Left,Left,1931,176,220,25,nan,nan,0.10
10/31/2025 21:27:35,1.17.2,PRexp,10,3.88,nan,62,Left,Left,1932,176,220,25,nan,nan,0.07
10/31/2025 21:27:39,1.17.2,PRexp,10,3.88,nan,62,Left,Left,1933,176,220,25,nan,nan,0.15
10/31/2025 21:27:40,1.17.2,PRexp,10,3.88,nan,62,Left,Left,1934,176,220,25,nan,nan,0.17
10/31/2025 21:27:42,1.17.2,PRexp,10,3.88,nan,62,Left,Left,1935,176,220,25,nan,nan,0.11
10/31/2025 21:27:45,1.17.2,PRexp,10,3.88,nan,62,Left,Left,1936,176,220,25,nan,nan,0.41
10/31/2025 21:27:48,1.17.2,PRexp,10,3.88,nan,62,Left,Left,1937,176,220,25,nan,nan,0.09
10/31/2025 21:30:09,1.17.2,PRexp,10,3.89,nan,62,Left,Left,1938,176,220,25,nan,nan,0.33
10/31/2025 21:30:10,1.17.2,PRexp,10,3.88,nan,62,Left,Left,1939,176,220,25,nan,nan,0.45
10/31/2025 21:30:13,1.17.2,PRexp,10,3.88,nan,62,Left,Left,1940,176,220,25,nan,nan,0.13
10/31/2025 21:30:14,1.17.2,PRexp,10,3.88,nan,62,Left,Left,1941,176,220,25,nan,nan,0.19
10/31/2025 21:30:17,1.17.2,PRexp,10,3.88,nan,62,Right,Left,1941,177,220,25,nan,nan,0.28
10/31/2025 21:32:08,1.17.2,PRexp,10,3.88,nan,62,Left,Left,1942,177,220,25,nan,nan,0.02
10/31/2025 21:32:11,1.17.2,PRexp,10,3.89,nan,62,Left,Left,1943,177,220,25,nan,nan,0.03
10/31/2025 21:32:12,1.17.2,PRexp,10,3.88,nan,62,Left,Left,1944,177,220,25,nan,nan,0.12
10/31/2025 21:32:13,1.17.2,PRexp,10,3.88,nan,62,Left,Left,1945,177,220,25,nan,nan,0.16
10/31/2025 21:32:15,1.17.2,PRexp,10,3.87,nan,62,Left,Left,1946,177,220,25,nan,nan,0.07
10/31/2025 21:32:18,1.17.2,PRexp,10,3.88,nan,62,Left,Left,1947,177,220,25,nan,nan,0.09
10/31/2025 21:32:24,1.17.2,PRexp,10,3.89,nan,62,Left,Left,1948,177,220,25,nan,nan,0.04
10/31/2025 21:32:25,1.17.2,PRexp,10,3.88,nan,62,Left,Left,1949,177,220,25,nan,nan,0.14
10/31/2025 21:32:29,1.17.2,PRexp,10,3.88,nan,62,Left,Left,1950,177,220,25,nan,nan,0.09
10/31/2025 21:32:31,1.17.2,PRexp,10,3.88,nan,62,Left,Left,1951,177,220,25,nan,nan,0.08
10/31/2025 21:32:57,1.17.2,PRexp,10,3.88,nan,62,Left,Left,1952,177,220,25,nan,nan,0.15
10/31/2025 21:32:58,1.17.2,PRexp,10,3.88,nan,62,Left,Left,1953,177,220,25,nan,nan,0.14
10/31/2025 21:33:00,1.17.2,PRexp,10,3.88,nan,62,Left,Left,1954,177,220,25,nan,nan,0.12
10/31/2025 21:33:02,1.17.2,PRexp,10,3.87,nan,62,Left,Left,1955,177,220,25,nan,nan,0.09
10/31/2025 21:33:04,1.17.2,PRexp,10,3.88,nan,62,Left,Left,1956,177,220,25,nan,nan,0.15
10/31/2025 21:37:05,1.17.2,PRexp,10,3.88,nan,62,Left,Left,1957,177,220,25,nan,nan,0.03
10/31/2025 21:37:06,1.17.2,PRexp,10,3.88,nan,62,Left,Left,1958,177,220,25,nan,nan,0.37
10/31/2025 21:37:08,1.17.2,PRexp,10,3.88,nan,62,Left,Left,1959,177,220,25,nan,nan,0.49
10/31/2025 21:37:09,1.17.2,PRexp,10,3.88,nan,62,Left,Left,1960,177,220,25,nan,nan,0.14
10/31/2025 21:37:30,1.17.2,PRexp,10,3.88,nan,62,Left,Left,1961,177,220,25,nan,nan,0.16
10/31/2025 21:37:33,1.17.2,PRexp,10,3.88,nan,62,Left,Left,1962,177,220,25,nan,nan,0.08
10/31/2025 21:39:00,1.17.2,PRexp,10,3.88,nan,62,Left,Left,1963,177,220,25,nan,nan,0.17
10/31/2025 21:39:02,1.17.2,PRexp,10,3.88,nan,62,Left,Left,1964,177,220,25,nan,nan,0.29
10/31/2025 21:39:05,1.17.2,PRexp,10,3.89,nan,62,Left,Left,1965,177,220,25,nan,nan,0.08
10/31/2025 21:39:08,1.17.2,PRexp,10,3.89,nan,62,Left,Left,1966,177,220,25,nan,nan,0.19
10/31/2025 21:39:16,1.17.2,PRexp,10,3.89,nan,62,Left,Left,1967,177,220,25,nan,nan,0.08
10/31/2025 21:39:26,1.17.2,PRexp,10,3.88,nan,62,Right,Left,1967,178,220,25,nan,nan,0.07
10/31/2025 21:40:47,1.17.2,PRexp,10,3.88,nan,62,Left,Left,1968,178,220,25,nan,nan,0.28
10/31/2025 21:40:48,1.17.2,PRexp,10,3.88,nan,62,Left,Left,1969,178,220,25,nan,nan,0.01
10/31/2025 21:40:49,1.17.2,PRexp,10,3.88,nan,62,Left,Left,1970,178,220,25,nan,nan,0.13
10/31/2025 21:40:50,1.17.2,PRexp,10,3.88,nan,62,Left,Left,1971,178,220,25,nan,nan,0.07
10/31/2025 21:40:52,1.17.2,PRexp,10,3.88,nan,62,Left,Left,1972,178,220,25,nan,nan,0.14
10/31/2025 21:40:54,1.17.2,PRexp,10,3.88,nan,62,Left,Left,1973,178,220,25,nan,nan,0.06
10/31/2025 21:40:56,1.17.2,PRexp,10,3.88,nan,62,Left,Left,1974,178,220,25,nan,nan,0.01
10/31/2025 21:41:00,1.17.2,PRexp,10,3.88,nan,62,Left,Left,1975,178,220,25,nan,nan,0.11
10/31/2025 21:45:34,1.17.2,PRexp,10,3.89,nan,62,Left,Left,1976,178,220,25,nan,nan,0.11
10/31/2025 21:45:35,1.17.2,PRexp,10,3.89,nan,62,Left,Left,1977,178,220,25,nan,nan,0.13
10/31/2025 21:45:36,1.17.2,PRexp,10,3.89,nan,62,Left,Left,1978,178,220,25,nan,nan,0.11
10/31/2025 21:45:37,1.17.2,PRexp,10,3.87,nan,62,Left,Left,1979,178,220,25,nan,nan,0.12
10/31/2025 21:45:39,1.17.2,PRexp,10,3.88,nan,62,Left,Left,1980,178,220,25,nan,nan,0.23
10/31/2025 21:45:40,1.17.2,PRexp,10,3.88,nan,62,Left,Left,1981,178,220,25,nan,nan,0.14
10/31/2025 21:45:41,1.17.2,PRexp,10,3.88,nan,62,Left,Left,1982,178,220,25,nan,nan,0.06
10/31/2025 21:45:42,1.17.2,PRexp,10,3.89,nan,62,Left,Left,1983,178,220,25,nan,nan,0.00
10/31/2025 21:45:43,1.17.2,PRexp,10,3.88,nan,62,Left,Left,1984,178,220,25,nan,nan,0.15
10/31/2025 21:45:45,1.17.2,PRexp,10,3.88,nan,62,Left,Left,1985,178,220,25,nan,nan,0.02
10/31/2025 21:45:53,1.17.2,PRexp,10,3.88,nan,62,Left,Left,1986,178,220,25,nan,nan,0.06
10/31/2025 21:45:54,1.17.2,PRexp,10,3.88,nan,62,Left,Left,1987,178,220,25,nan,nan,0.00
10/31/2025 21:45:59,1.17.2,PRexp,10,3.89,4,62,Pellet,Left,1987,178,221,26,0.05,1254,nan
10/31/2025 21:46:33,1.17.2,PRexp,10,3.88,nan,69,Left,Left,1988,178,221,26,nan,nan,0.03
10/31/2025 21:46:35,1.17.2,PRexp,10,3.88,nan,69,Left,Left,1989,178,221,26,nan,nan,0.11
10/31/2025 21:46:37,1.17.2,PRexp,10,3.88,nan,69,Left,Left,1990,178,221,26,nan,nan,0.00
10/31/2025 21:47:01,1.17.2,PRexp,10,3.88,nan,69,Left,Left,1991,178,221,26,nan,nan,0.17
10/31/2025 21:47:02,1.17.2,PRexp,10,3.88,nan,69,Left,Left,1992,178,221,26,nan,nan,0.35
10/31/2025 21:47:24,1.17.2,PRexp,10,3.89,nan,69,Left,Left,1993,178,221,26,nan,nan,0.10
10/31/2025 21:47:26,1.17.2,PRexp,10,3.88,nan,69,Left,Left,1994,178,221,26,nan,nan,0.23
10/31/2025 21:47:27,1.17.2,PRexp,10,3.88,nan,69,Left,Left,1995,178,221,26,nan,nan,0.04
10/31/2025 21:47:28,1.17.2,PRexp,10,3.88,nan,69,Left,Left,1996,178,221,26,nan,nan,0.12
10/31/2025 21:47:30,1.17.2,PRexp,10,3.88,nan,69,Left,Left,1997,178,221,26,nan,nan,0.15
10/31/2025 21:47:32,1.17.2,PRexp,10,3.88,nan,69,Left,Left,1998,178,221,26,nan,nan,0.11
10/31/2025 21:47:35,1.17.2,PRexp,10,3.88,nan,69,Left,Left,1999,178,221,26,nan,nan,0.10
10/31/2025 21:48:05,1.17.2,PRexp,10,3.88,nan,69,Left,Left,2000,178,221,26,nan,nan,0.10
10/31/2025 21:48:06,1.17.2,PRexp,10,3.88,nan,69,Left,Left,2001,178,221,26,nan,nan,0.05
10/31/2025 21:48:09,1.17.2,PRexp,10,3.88,nan,69,Left,Left,2002,178,221,26,nan,nan,1.14
10/31/2025 21:48:10,1.17.2,PRexp,10,3.88,nan,69,Left,Left,2003,178,221,26,nan,nan,0.40
10/31/2025 21:48:30,1.17.2,PRexp,10,3.88,nan,69,Right,Left,2003,179,221,26,nan,nan,0.09
10/31/2025 21:51:07,1.17.2,PRexp,10,3.88,nan,69,Left,Left,2004,179,221,26,nan,nan,0.16
10/31/2025 21:51:10,1.17.2,PRexp,10,3.88,nan,69,Left,Left,2005,179,221,26,nan,nan,0.09
10/31/2025 21:51:10,1.17.2,PRexp,10,3.88,nan,69,Left,Left,2006,179,221,26,nan,nan,0.00
10/31/2025 21:51:12,1.17.2,PRexp,10,3.88,nan,69,Left,Left,2007,179,221,26,nan,nan,0.44
10/31/2025 21:51:15,1.17.2,PRexp,10,3.88,nan,69,Left,Left,2008,179,221,26,nan,nan,0.13
10/31/2025 21:51:18,1.17.2,PRexp,10,3.88,nan,69,Left,Left,2009,179,221,26,nan,nan,1.00
10/31/2025 21:51:22,1.17.2,PRexp,10,3.88,nan,69,Left,Left,2010,179,221,26,nan,nan,0.10
10/31/2025 21:51:24,1.17.2,PRexp,10,3.88,nan,69,Left,Left,2011,179,221,26,nan,nan,0.26
10/31/2025 21:51:26,1.17.2,PRexp,10,3.88,nan,69,Left,Left,2012,179,221,26,nan,nan,0.00
10/31/2025 21:51:31,1.17.2,PRexp,10,3.88,nan,69,Left,Left,2013,179,221,26,nan,nan,0.17
10/31/2025 21:51:31,1.17.2,PRexp,10,3.88,nan,69,Left,Left,2014,179,221,26,nan,nan,0.00
10/31/2025 21:51:34,1.17.2,PRexp,10,3.89,nan,69,Left,Left,2015,179,221,26,nan,nan,0.14
10/31/2025 21:51:38,1.17.2,PRexp,10,3.88,nan,69,Left,Left,2016,179,221,26,nan,nan,0.11
10/31/2025 21:52:20,1.17.2,PRexp,10,3.88,nan,69,Left,Left,2017,179,221,26,nan,nan,0.18
10/31/2025 21:52:23,1.17.2,PRexp,10,3.88,nan,69,Left,Left,2018,179,221,26,nan,nan,0.16
10/31/2025 21:52:25,1.17.2,PRexp,10,3.88,nan,69,Left,Left,2019,179,221,26,nan,nan,0.08
10/31/2025 21:52:26,1.17.2,PRexp,10,3.88,nan,69,Left,Left,2020,179,221,26,nan,nan,0.12
10/31/2025 21:52:29,1.17.2,PRexp,10,3.89,nan,69,Left,Left,2021,179,221,26,nan,nan,0.11
10/31/2025 21:52:30,1.17.2,PRexp,10,3.88,nan,69,Left,Left,2022,179,221,26,nan,nan,0.15
10/31/2025 21:52:31,1.17.2,PRexp,10,3.87,nan,69,Left,Left,2023,179,221,26,nan,nan,0.15
10/31/2025 21:52:32,1.17.2,PRexp,10,3.88,nan,69,Left,Left,2024,179,221,26,nan,nan,0.02
10/31/2025 21:52:33,1.17.2,PRexp,10,3.88,nan,69,Left,Left,2025,179,221,26,nan,nan,0.00
10/31/2025 21:52:34,1.17.2,PRexp,10,3.88,nan,69,Left,Left,2026,179,221,26,nan,nan,0.13
10/31/2025 21:52:38,1.17.2,PRexp,10,3.88,nan,69,Left,Left,2027,179,221,26,nan,nan,0.70
10/31/2025 21:52:41,1.17.2,PRexp,10,3.88,nan,69,Left,Left,2028,179,221,26,nan,nan,0.14
10/31/2025 21:52:44,1.17.2,PRexp,10,3.88,nan,69,Left,Left,2029,179,221,26,nan,nan,0.20
10/31/2025 21:52:50,1.17.2,PRexp,10,3.88,nan,69,Left,Left,2030,179,221,26,nan,nan,0.00
10/31/2025 21:53:08,1.17.2,PRexp,10,3.88,nan,69,Left,Left,2031,179,221,26,nan,nan,0.07
10/31/2025 21:53:10,1.17.2,PRexp,10,3.87,nan,69,Left,Left,2032,179,221,26,nan,nan,0.12
10/31/2025 21:53:33,1.17.2,PRexp,10,3.88,nan,69,Left,Left,2033,179,221,26,nan,nan,0.11
10/31/2025 21:53:33,1.17.2,PRexp,10,3.88,nan,69,Left,Left,2034,179,221,26,nan,nan,0.01
10/31/2025 21:53:35,1.17.2,PRexp,10,3.88,nan,69,Left,Left,2035,179,221,26,nan,nan,0.47
10/31/2025 21:56:08,1.17.2,PRexp,10,3.88,nan,69,Left,Left,2036,179,221,26,nan,nan,0.10
10/31/2025 21:56:09,1.17.2,PRexp,10,3.88,nan,69,Left,Left,2037,179,221,26,nan,nan,0.29
10/31/2025 21:56:19,1.17.2,PRexp,10,3.87,nan,69,Left,Left,2038,179,221,26,nan,nan,0.10
10/31/2025 21:58:00,1.17.2,PRexp,10,3.88,nan,69,Left,Left,2039,179,221,26,nan,nan,0.02
10/31/2025 21:58:03,1.17.2,PRexp,10,3.88,nan,69,Left,Left,2040,179,221,26,nan,nan,0.11
10/31/2025 21:58:10,1.17.2,PRexp,10,3.88,nan,69,Left,Left,2041,179,221,26,nan,nan,0.35
10/31/2025 21:58:12,1.17.2,PRexp,10,3.88,nan,69,Left,Left,2042,179,221,26,nan,nan,0.03
10/31/2025 21:58:13,1.17.2,PRexp,10,3.88,nan,69,Left,Left,2043,179,221,26,nan,nan,0.05
10/31/2025 21:58:14,1.17.2,PRexp,10,3.88,nan,69,Left,Left,2044,179,221,26,nan,nan,0.00
10/31/2025 21:58:41,1.17.2,PRexp,10,3.88,nan,69,Left,Left,2045,179,221,26,nan,nan,0.03
10/31/2025 21:58:42,1.17.2,PRexp,10,3.88,nan,69,Left,Left,2046,179,221,26,nan,nan,0.01
10/31/2025 21:58:44,1.17.2,PRexp,10,3.88,nan,69,Left,Left,2047,179,221,26,nan,nan,0.15
10/31/2025 21:58:46,1.17.2,PRexp,10,3.88,nan,69,Left,Left,2048,179,221,26,nan,nan,0.10
10/31/2025 21:58:48,1.17.2,PRexp,10,3.88,nan,69,Left,Left,2049,179,221,26,nan,nan,0.02
10/31/2025 21:58:49,1.17.2,PRexp,10,3.88,nan,69,Left,Left,2050,179,221,26,nan,nan,0.08
10/31/2025 21:58:50,1.17.2,PRexp,10,3.88,nan,69,Left,Left,2051,179,221,26,nan,nan,0.01
10/31/2025 21:58:51,1.17.2,PRexp,10,3.88,nan,69,Left,Left,2052,179,221,26,nan,nan,0.00
10/31/2025 21:58:56,1.17.2,PRexp,10,3.88,nan,69,Left,Left,2053,179,221,26,nan,nan,0.03
10/31/2025 21:58:57,1.17.2,PRexp,10,3.87,nan,69,Left,Left,2054,179,221,26,nan,nan,0.13
10/31/2025 21:59:00,1.17.2,PRexp,10,3.88,nan,69,Left,Left,2055,179,221,26,nan,nan,0.29
10/31/2025 21:59:01,1.17.2,PRexp,10,3.88,nan,69,Left,Left,2056,179,221,26,nan,nan,0.04
10/31/2025 21:59:09,1.17.2,PRexp,10,3.87,4,69,Pellet,Left,2056,179,222,27,0.33,790,nan
10/31/2025 22:00:17,1.17.2,PRexp,10,3.88,nan,77,Left,Left,2057,179,222,27,nan,nan,0.03
10/31/2025 22:00:18,1.17.2,PRexp,10,3.88,nan,77,Left,Left,2058,179,222,27,nan,nan,0.02
10/31/2025 22:00:20,1.17.2,PRexp,10,3.88,nan,77,Left,Left,2059,179,222,27,nan,nan,0.03
10/31/2025 22:00:24,1.17.2,PRexp,10,3.88,nan,77,Left,Left,2060,179,222,27,nan,nan,0.07
10/31/2025 22:04:10,1.17.2,PRexp,10,3.88,nan,77,Left,Left,2061,179,222,27,nan,nan,0.03
10/31/2025 22:04:11,1.17.2,PRexp,10,3.88,nan,77,Left,Left,2062,179,222,27,nan,nan,0.08
10/31/2025 22:04:13,1.17.2,PRexp,10,3.89,nan,77,Left,Left,2063,179,222,27,nan,nan,0.16
10/31/2025 22:04:16,1.17.2,PRexp,10,3.88,nan,77,Left,Left,2064,179,222,27,nan,nan,0.13
10/31/2025 22:04:17,1.17.2,PRexp,10,3.88,nan,77,Left,Left,2065,179,222,27,nan,nan,0.01
10/31/2025 22:04:18,1.17.2,PRexp,10,3.87,nan,77,Left,Left,2066,179,222,27,nan,nan,0.00
10/31/2025 22:04:20,1.17.2,PRexp,10,3.88,nan,77,Left,Left,2067,179,222,27,nan,nan,0.15
10/31/2025 22:04:21,1.17.2,PRexp,10,3.88,nan,77,Left,Left,2068,179,222,27,nan,nan,0.13
10/31/2025 22:04:23,1.17.2,PRexp,10,3.88,nan,77,Left,Left,2069,179,222,27,nan,nan,0.13
10/31/2025 22:04:24,1.17.2,PRexp,10,3.88,nan,77,Left,Left,2070,179,222,27,nan,nan,0.31
10/31/2025 22:04:27,1.17.2,PRexp,10,3.88,nan,77,Left,Left,2071,179,222,27,nan,nan,0.49
10/31/2025 22:04:28,1.17.2,PRexp,10,3.88,nan,77,Left,Left,2072,179,222,27,nan,nan,0.15
10/31/2025 22:04:30,1.17.2,PRexp,10,3.88,nan,77,Left,Left,2073,179,222,27,nan,nan,1.22
10/31/2025 22:04:31,1.17.2,PRexp,10,3.88,nan,77,Left,Left,2074,179,222,27,nan,nan,0.56
10/31/2025 22:06:22,1.17.2,PRexp,10,3.88,nan,77,Right,Left,2074,180,222,27,nan,nan,0.06
10/31/2025 22:07:12,1.17.2,PRexp,10,3.88,nan,77,Right,Left,2074,181,222,27,nan,nan,0.01
10/31/2025 22:08:40,1.17.2,PRexp,10,3.88,nan,77,Left,Left,2075,181,222,27,nan,nan,0.09
10/31/2025 22:09:02,1.17.2,PRexp,10,3.88,nan,77,Left,Left,2076,181,222,27,nan,nan,0.05
10/31/2025 22:09:03,1.17.2,PRexp,10,3.88,nan,77,Left,Left,2077,181,222,27,nan,nan,0.08
10/31/2025 22:09:04,1.17.2,PRexp,10,3.88,nan,77,Left,Left,2078,181,222,27,nan,nan,0.23
10/31/2025 22:09:06,1.17.2,PRexp,10,3.88,nan,77,Left,Left,2079,181,222,27,nan,nan,0.01
10/31/2025 22:09:08,1.17.2,PRexp,10,3.88,nan,77,Left,Left,2080,181,222,27,nan,nan,0.09
10/31/2025 22:09:09,1.17.2,PRexp,10,3.88,nan,77,Left,Left,2081,181,222,27,nan,nan,0.09
10/31/2025 22:09:10,1.17.2,PRexp,10,3.87,nan,77,Left,Left,2082,181,222,27,nan,nan,0.02
10/31/2025 22:09:34,1.17.2,PRexp,10,3.88,nan,77,Left,Left,2083,181,222,27,nan,nan,0.01
10/31/2025 22:09:35,1.17.2,PRexp,10,3.88,nan,77,Left,Left,2084,181,222,27,nan,nan,0.01
10/31/2025 22:09:38,1.17.2,PRexp,10,3.88,nan,77,Left,Left,2085,181,222,27,nan,nan,0.10
10/31/2025 22:09:39,1.17.2,PRexp,10,3.88,nan,77,Left,Left,2086,181,222,27,nan,nan,0.03
10/31/2025 22:09:42,1.17.2,PRexp,10,3.88,nan,77,Left,Left,2087,181,222,27,nan,nan,0.09
10/31/2025 22:09:43,1.17.2,PRexp,10,3.88,nan,77,Left,Left,2088,181,222,27,nan,nan,0.11
10/31/2025 22:09:44,1.17.2,PRexp,10,3.88,nan,77,Left,Left,2089,181,222,27,nan,nan,0.01
10/31/2025 22:09:46,1.17.2,PRexp,10,3.87,nan,77,Left,Left,2090,181,222,27,nan,nan,0.28
10/31/2025 22:12:09,1.17.2,PRexp,10,3.88,nan,77,Left,Left,2091,181,222,27,nan,nan,0.09
10/31/2025 22:12:13,1.17.2,PRexp,10,3.88,nan,77,Left,Left,2092,181,222,27,nan,nan,0.16
10/31/2025 22:12:14,1.17.2,PRexp,10,3.88,nan,77,Left,Left,2093,181,222,27,nan,nan,0.06
10/31/2025 22:12:15,1.17.2,PRexp,10,3.87,nan,77,Left,Left,2094,181,222,27,nan,nan,0.17
10/31/2025 22:12:17,1.17.2,PRexp,10,3.88,nan,77,Left,Left,2095,181,222,27,nan,nan,0.11
10/31/2025 22:12:19,1.17.2,PRexp,10,3.88,nan,77,Left,Left,2096,181,222,27,nan,nan,0.05
10/31/2025 22:12:21,1.17.2,PRexp,10,3.88,nan,77,Left,Left,2097,181,222,27,nan,nan,0.14
10/31/2025 22:12:24,1.17.2,PRexp,10,3.88,nan,77,Left,Left,2098,181,222,27,nan,nan,0.10
10/31/2025 22:12:24,1.17.2,PRexp,10,3.88,nan,77,Left,Left,2099,181,222,27,nan,nan,0.00
10/31/2025 22:12:26,1.17.2,PRexp,10,3.87,nan,77,Left,Left,2100,181,222,27,nan,nan,0.57
10/31/2025 22:12:32,1.17.2,PRexp,10,3.88,nan,77,Left,Left,2101,181,222,27,nan,nan,0.18
10/31/2025 22:12:33,1.17.2,PRexp,10,3.88,nan,77,Left,Left,2102,181,222,27,nan,nan,0.19
10/31/2025 22:12:36,1.17.2,PRexp,10,3.88,nan,77,Left,Left,2103,181,222,27,nan,nan,0.54
10/31/2025 22:12:40,1.17.2,PRexp,10,3.88,nan,77,Right,Left,2103,182,222,27,nan,nan,0.19
10/31/2025 22:12:46,1.17.2,PRexp,10,3.87,nan,77,Left,Left,2104,182,222,27,nan,nan,0.05
10/31/2025 22:12:47,1.17.2,PRexp,10,3.88,nan,77,Left,Left,2105,182,222,27,nan,nan,0.08
10/31/2025 22:12:49,1.17.2,PRexp,10,3.88,nan,77,Left,Left,2106,182,222,27,nan,nan,0.16
10/31/2025 22:12:52,1.17.2,PRexp,10,3.88,nan,77,Left,Left,2107,182,222,27,nan,nan,0.76
10/31/2025 22:12:53,1.17.2,PRexp,10,3.88,nan,77,Left,Left,2108,182,222,27,nan,nan,0.00
10/31/2025 22:12:55,1.17.2,PRexp,10,3.88,nan,77,Left,Left,2109,182,222,27,nan,nan,0.24
10/31/2025 22:13:43,1.17.2,PRexp,10,3.89,nan,77,Left,Left,2110,182,222,27,nan,nan,0.20
10/31/2025 22:13:44,1.17.2,PRexp,10,3.87,nan,77,Left,Left,2111,182,222,27,nan,nan,0.11
10/31/2025 22:13:45,1.17.2,PRexp,10,3.88,nan,77,Left,Left,2112,182,222,27,nan,nan,0.00
10/31/2025 22:13:47,1.17.2,PRexp,10,3.88,nan,77,Left,Left,2113,182,222,27,nan,nan,0.05
10/31/2025 22:13:48,1.17.2,PRexp,10,3.88,nan,77,Left,Left,2114,182,222,27,nan,nan,0.00
10/31/2025 22:13:52,1.17.2,PRexp,10,3.89,nan,77,Left,Left,2115,182,222,27,nan,nan,1.42
10/31/2025 22:13:53,1.17.2,PRexp,10,3.88,nan,77,Left,Left,2116,182,222,27,nan,nan,0.30
10/31/2025 22:14:00,1.17.2,PRexp,10,3.88,nan,77,Left,Left,2117,182,222,27,nan,nan,0.16
10/31/2025 22:14:03,1.17.2,PRexp,10,3.87,nan,77,Left,Left,2118,182,222,27,nan,nan,0.11
10/31/2025 22:14:04,1.17.2,PRexp,10,3.88,nan,77,Left,Left,2119,182,222,27,nan,nan,0.62
10/31/2025 22:17:44,1.17.2,PRexp,10,3.88,nan,77,Left,Left,2120,182,222,27,nan,nan,0.06
10/31/2025 22:17:45,1.17.2,PRexp,10,3.88,nan,77,Left,Left,2121,182,222,27,nan,nan,0.20
10/31/2025 22:17:47,1.17.2,PRexp,10,3.88,nan,77,Left,Left,2122,182,222,27,nan,nan,0.07
10/31/2025 22:17:49,1.17.2,PRexp,10,3.88,nan,77,Left,Left,2123,182,222,27,nan,nan,0.12
10/31/2025 22:17:51,1.17.2,PRexp,10,3.87,nan,77,Left,Left,2124,182,222,27,nan,nan,0.36
10/31/2025 22:17:53,1.17.2,PRexp,10,3.88,nan,77,Left,Left,2125,182,222,27,nan,nan,0.15
10/31/2025 22:18:18,1.17.2,PRexp,10,3.88,nan,77,Left,Left,2126,182,222,27,nan,nan,0.18
10/31/2025 22:18:20,1.17.2,PRexp,10,3.88,nan,77,Left,Left,2127,182,222,27,nan,nan,0.22
10/31/2025 22:18:21,1.17.2,PRexp,10,3.88,nan,77,Left,Left,2128,182,222,27,nan,nan,0.15
10/31/2025 22:18:27,1.17.2,PRexp,10,3.88,nan,77,Left,Left,2129,182,222,27,nan,nan,0.00
10/31/2025 22:18:42,1.17.2,PRexp,10,3.87,nan,77,Right,Left,2129,183,222,27,nan,nan,0.02
10/31/2025 22:18:44,1.17.2,PRexp,10,3.89,nan,77,Left,Left,2130,183,222,27,nan,nan,0.18
10/31/2025 22:18:45,1.17.2,PRexp,10,3.88,nan,77,Left,Left,2131,183,222,27,nan,nan,0.04
10/31/2025 22:18:51,1.17.2,PRexp,10,3.88,nan,77,Left,Left,2132,183,222,27,nan,nan,0.00
10/31/2025 22:23:43,1.17.2,PRexp,10,3.88,nan,77,Left,Left,2133,183,222,27,nan,nan,0.02
10/31/2025 22:23:48,1.17.2,PRexp,10,3.88,4,77,Pellet,Left,2133,183,223,28,0.05,1479,nan
10/31/2025 22:27:32,1.17.2,PRexp,10,3.88,nan,86,Left,Left,2134,183,223,28,nan,nan,0.05
10/31/2025 22:27:33,1.17.2,PRexp,10,3.88,nan,86,Left,Left,2135,183,223,28,nan,nan,0.20
10/31/2025 22:27:34,1.17.2,PRexp,10,3.88,nan,86,Left,Left,2136,183,223,28,nan,nan,0.02
10/31/2025 22:27:37,1.17.2,PRexp,10,3.88,nan,86,Left,Left,2137,183,223,28,nan,nan,0.21
10/31/2025 22:27:38,1.17.2,PRexp,10,3.88,nan,86,Left,Left,2138,183,223,28,nan,nan,0.10
10/31/2025 22:27:43,1.17.2,PRexp,10,3.88,nan,86,Left,Left,2139,183,223,28,nan,nan,0.00
10/31/2025 22:27:43,1.17.2,PRexp,10,3.88,nan,86,Right,Left,2139,184,223,28,nan,nan,0.00
10/31/2025 22:27:52,1.17.2,PRexp,10,3.87,nan,86,Left,Left,2140,184,223,28,nan,nan,0.12
10/31/2025 22:27:53,1.17.2,PRexp,10,3.88,nan,86,Left,Left,2141,184,223,28,nan,nan,0.00
10/31/2025 22:27:54,1.17.2,PRexp,10,3.88,nan,86,Left,Left,2142,184,223,28,nan,nan,0.23
10/31/2025 22:27:58,1.17.2,PRexp,10,3.88,nan,86,Left,Left,2143,184,223,28,nan,nan,0.23
10/31/2025 22:28:19,1.17.2,PRexp,10,3.88,nan,86,Right,Left,2143,185,223,28,nan,nan,0.11
10/31/2025 22:28:22,1.17.2,PRexp,10,3.88,nan,86,Right,Left,2143,186,223,28,nan,nan,0.11
10/31/2025 22:29:57,1.17.2,PRexp,10,3.88,nan,86,Left,Left,2144,186,223,28,nan,nan,0.08
10/31/2025 22:30:02,1.17.2,PRexp,10,3.88,nan,86,Left,Left,2145,186,223,28,nan,nan,0.09
10/31/2025 22:31:43,1.17.2,PRexp,10,3.88,nan,86,Left,Left,2146,186,223,28,nan,nan,0.09
10/31/2025 22:31:44,1.17.2,PRexp,10,3.88,nan,86,Left,Left,2147,186,223,28,nan,nan,0.07
10/31/2025 22:31:51,1.17.2,PRexp,10,3.88,nan,86,Left,Left,2148,186,223,28,nan,nan,0.53
10/31/2025 22:31:52,1.17.2,PRexp,10,3.87,nan,86,Left,Left,2149,186,223,28,nan,nan,0.00
10/31/2025 22:31:54,1.17.2,PRexp,10,3.88,nan,86,Left,Left,2150,186,223,28,nan,nan,0.72
10/31/2025 22:31:56,1.17.2,PRexp,10,3.87,nan,86,Left,Left,2151,186,223,28,nan,nan,0.07
10/31/2025 22:31:59,1.17.2,PRexp,10,3.88,nan,86,Left,Left,2152,186,223,28,nan,nan,0.15
10/31/2025 22:32:02,1.17.2,PRexp,10,3.88,nan,86,Left,Left,2153,186,223,28,nan,nan,0.25
10/31/2025 22:32:03,1.17.2,PRexp,10,3.88,nan,86,Left,Left,2154,186,223,28,nan,nan,0.02
10/31/2025 22:32:04,1.17.2,PRexp,10,3.88,nan,86,Left,Left,2155,186,223,28,nan,nan,0.02
10/31/2025 22:32:05,1.17.2,PRexp,10,3.88,nan,86,Left,Left,2156,186,223,28,nan,nan,0.46
10/31/2025 22:32:07,1.17.2,PRexp,10,3.88,nan,86,Left,Left,2157,186,223,28,nan,nan,0.14
10/31/2025 22:32:08,1.17.2,PRexp,10,3.88,nan,86,Left,Left,2158,186,223,28,nan,nan,0.17
10/31/2025 22:32:10,1.17.2,PRexp,10,3.87,nan,86,Left,Left,2159,186,223,28,nan,nan,0.08
10/31/2025 22:32:11,1.17.2,PRexp,10,3.89,nan,86,Left,Left,2160,186,223,28,nan,nan,0.02
10/31/2025 22:32:17,1.17.2,PRexp,10,3.87,nan,86,Left,Left,2161,186,223,28,nan,nan,0.24
10/31/2025 22:32:19,1.17.2,PRexp,10,3.88,nan,86,Left,Left,2162,186,223,28,nan,nan,1.30
10/31/2025 22:32:20,1.17.2,PRexp,10,3.88,nan,86,Left,Left,2163,186,223,28,nan,nan,0.09
10/31/2025 22:32:22,1.17.2,PRexp,10,3.87,nan,86,Left,Left,2164,186,223,28,nan,nan,0.05
10/31/2025 22:32:25,1.17.2,PRexp,10,3.88,nan,86,Left,Left,2165,186,223,28,nan,nan,0.92
10/31/2025 22:32:26,1.17.2,PRexp,10,3.88,nan,86,Left,Left,2166,186,223,28,nan,nan,0.23
10/31/2025 22:32:28,1.17.2,PRexp,10,3.88,nan,86,Left,Left,2167,186,223,28,nan,nan,0.08
10/31/2025 22:32:29,1.17.2,PRexp,10,3.88,nan,86,Left,Left,2168,186,223,28,nan,nan,0.55
10/31/2025 22:32:31,1.17.2,PRexp,10,3.88,nan,86,Left,Left,2169,186,223,28,nan,nan,0.06
10/31/2025 22:32:34,1.17.2,PRexp,10,3.89,nan,86,Left,Left,2170,186,223,28,nan,nan,0.90
10/31/2025 22:32:36,1.17.2,PRexp,10,3.88,nan,86,Left,Left,2171,186,223,28,nan,nan,0.07
10/31/2025 22:32:37,1.17.2,PRexp,10,3.88,nan,86,Left,Left,2172,186,223,28,nan,nan,0.20
10/31/2025 22:32:38,1.17.2,PRexp,10,3.88,nan,86,Left,Left,2173,186,223,28,nan,nan,0.08
10/31/2025 22:32:39,1.17.2,PRexp,10,3.88,nan,86,Left,Left,2174,186,223,28,nan,nan,0.00
10/31/2025 22:34:29,1.17.2,PRexp,10,3.87,nan,86,Left,Left,2175,186,223,28,nan,nan,0.17
10/31/2025 22:35:13,1.17.2,PRexp,10,3.88,nan,86,Left,Left,2176,186,223,28,nan,nan,0.49
10/31/2025 22:35:14,1.17.2,PRexp,10,3.88,nan,86,Left,Left,2177,186,223,28,nan,nan,0.19
10/31/2025 22:35:16,1.17.2,PRexp,10,3.88,nan,86,Left,Left,2178,186,223,28,nan,nan,0.21
10/31/2025 22:35:39,1.17.2,PRexp,10,3.88,nan,86,Left,Left,2179,186,223,28,nan,nan,0.23
10/31/2025 22:35:57,1.17.2,PRexp,10,3.88,nan,86,Left,Left,2180,186,223,28,nan,nan,0.02
10/31/2025 22:35:59,1.17.2,PRexp,10,3.88,nan,86,Left,Left,2181,186,223,28,nan,nan,0.15
10/31/2025 22:36:01,1.17.2,PRexp,10,3.87,nan,86,Left,Left,2182,186,223,28,nan,nan,0.21
10/31/2025 22:42:21,1.17.2,PRexp,10,3.88,nan,86,Left,Left,2183,186,223,28,nan,nan,0.03
10/31/2025 22:45:11,1.17.2,PRexp,10,3.87,nan,86,Left,Left,2184,186,223,28,nan,nan,0.05
10/31/2025 22:45:15,1.17.2,PRexp,10,3.88,nan,86,Left,Left,2185,186,223,28,nan,nan,0.04
10/31/2025 22:45:15,1.17.2,PRexp,10,3.87,nan,86,Left,Left,2186,186,223,28,nan,nan,0.00
10/31/2025 22:45:17,1.17.2,PRexp,10,3.88,nan,86,Left,Left,2187,186,223,28,nan,nan,0.12
10/31/2025 22:45:18,1.17.2,PRexp,10,3.89,nan,86,Left,Left,2188,186,223,28,nan,nan,0.09
10/31/2025 22:45:42,1.17.2,PRexp,10,3.88,nan,86,Left,Left,2189,186,223,28,nan,nan,0.05
10/31/2025 22:45:46,1.17.2,PRexp,10,3.88,nan,86,Left,Left,2190,186,223,28,nan,nan,0.21
10/31/2025 22:45:47,1.17.2,PRexp,10,3.88,nan,86,Left,Left,2191,186,223,28,nan,nan,0.09
10/31/2025 22:45:48,1.17.2,PRexp,10,3.88,nan,86,Left,Left,2192,186,223,28,nan,nan,0.14
10/31/2025 22:45:51,1.17.2,PRexp,10,3.88,nan,86,Left,Left,2193,186,223,28,nan,nan,0.02
10/31/2025 22:45:53,1.17.2,PRexp,10,3.88,nan,86,Left,Left,2194,186,223,28,nan,nan,0.57
10/31/2025 22:45:54,1.17.2,PRexp,10,3.88,nan,86,Left,Left,2195,186,223,28,nan,nan,0.10
10/31/2025 22:45:56,1.17.2,PRexp,10,3.88,nan,86,Left,Left,2196,186,223,28,nan,nan,0.12
10/31/2025 22:48:13,1.17.2,PRexp,10,3.88,nan,86,Left,Left,2197,186,223,28,nan,nan,0.09
10/31/2025 22:48:14,1.17.2,PRexp,10,3.88,nan,86,Left,Left,2198,186,223,28,nan,nan,0.27
10/31/2025 22:48:16,1.17.2,PRexp,10,3.88,nan,86,Left,Left,2199,186,223,28,nan,nan,0.13
10/31/2025 22:48:23,1.17.2,PRexp,10,3.88,nan,86,Left,Left,2200,186,223,28,nan,nan,0.47
10/31/2025 22:48:25,1.17.2,PRexp,10,3.88,nan,86,Left,Left,2201,186,223,28,nan,nan,0.14
10/31/2025 22:48:26,1.17.2,PRexp,10,3.88,nan,86,Left,Left,2202,186,223,28,nan,nan,0.10
10/31/2025 22:48:32,1.17.2,PRexp,10,3.87,nan,86,Left,Left,2203,186,223,28,nan,nan,0.09
10/31/2025 22:48:48,1.17.2,PRexp,10,3.88,nan,86,Left,Left,2204,186,223,28,nan,nan,0.08
10/31/2025 22:48:49,1.17.2,PRexp,10,3.87,nan,86,Left,Left,2205,186,223,28,nan,nan,0.11
10/31/2025 22:48:51,1.17.2,PRexp,10,3.88,nan,86,Left,Left,2206,186,223,28,nan,nan,0.34
10/31/2025 22:49:02,1.17.2,PRexp,10,3.88,nan,86,Left,Left,2207,186,223,28,nan,nan,0.11
10/31/2025 22:49:03,1.17.2,PRexp,10,3.88,nan,86,Left,Left,2208,186,223,28,nan,nan,0.22
10/31/2025 22:49:04,1.17.2,PRexp,10,3.88,nan,86,Left,Left,2209,186,223,28,nan,nan,0.15
10/31/2025 22:49:11,1.17.2,PRexp,10,3.87,nan,86,Left,Left,2210,186,223,28,nan,nan,0.14
10/31/2025 22:49:13,1.17.2,PRexp,10,3.88,nan,86,Left,Left,2211,186,223,28,nan,nan,0.36
10/31/2025 22:52:27,1.17.2,PRexp,10,3.87,nan,86,Left,Left,2212,186,223,28,nan,nan,0.11
10/31/2025 22:52:28,1.17.2,PRexp,10,3.88,nan,86,Left,Left,2213,186,223,28,nan,nan,0.06
10/31/2025 22:52:29,1.17.2,PRexp,10,3.88,nan,86,Left,Left,2214,186,223,28,nan,nan,0.00
10/31/2025 22:52:55,1.17.2,PRexp,10,3.88,nan,86,Left,Left,2215,186,223,28,nan,nan,0.12
10/31/2025 22:52:56,1.17.2,PRexp,10,3.88,nan,86,Left,Left,2216,186,223,28,nan,nan,0.22
10/31/2025 22:54:52,1.17.2,PRexp,10,3.88,nan,86,Right,Left,2216,187,223,28,nan,nan,0.21
10/31/2025 22:54:53,1.17.2,PRexp,10,3.88,nan,86,Right,Left,2216,188,223,28,nan,nan,0.01
10/31/2025 22:54:54,1.17.2,PRexp,10,3.88,nan,86,Right,Left,2216,189,223,28,nan,nan,0.03
10/31/2025 22:55:06,1.17.2,PRexp,10,3.88,nan,86,Left,Left,2217,189,223,28,nan,nan,0.02
10/31/2025 22:55:07,1.17.2,PRexp,10,3.88,nan,86,Left,Left,2218,189,223,28,nan,nan,0.23
10/31/2025 22:56:28,1.17.2,PRexp,10,3.87,nan,86,Left,Left,2219,189,223,28,nan,nan,0.54
10/31/2025 22:56:31,1.17.2,PRexp,10,3.88,3,86,Pellet,Left,2219,189,224,29,0.16,1963,nan
10/31/2025 22:58:27,1.17.2,PRexp,10,3.87,nan,95,Left,Left,2220,189,224,29,nan,nan,0.64
10/31/2025 22:58:31,1.17.2,PRexp,10,3.88,nan,95,Left,Left,2221,189,224,29,nan,nan,0.42
10/31/2025 22:58:38,1.17.2,PRexp,10,3.88,nan,95,Left,Left,2222,189,224,29,nan,nan,0.19
10/31/2025 22:58:39,1.17.2,PRexp,10,3.88,nan,95,Left,Left,2223,189,224,29,nan,nan,0.13
10/31/2025 22:58:40,1.17.2,PRexp,10,3.88,nan,95,Left,Left,2224,189,224,29,nan,nan,0.02
10/31/2025 22:58:41,1.17.2,PRexp,10,3.87,nan,95,Left,Left,2225,189,224,29,nan,nan,0.11
10/31/2025 22:58:44,1.17.2,PRexp,10,3.88,nan,95,Left,Left,2226,189,224,29,nan,nan,0.04
10/31/2025 22:58:46,1.17.2,PRexp,10,3.87,nan,95,Left,Left,2227,189,224,29,nan,nan,0.14
10/31/2025 22:58:47,1.17.2,PRexp,10,3.88,nan,95,Left,Left,2228,189,224,29,nan,nan,0.00
10/31/2025 22:58:48,1.17.2,PRexp,10,3.88,nan,95,Left,Left,2229,189,224,29,nan,nan,0.14
10/31/2025 22:58:49,1.17.2,PRexp,10,3.87,nan,95,Left,Left,2230,189,224,29,nan,nan,0.04
10/31/2025 22:58:50,1.17.2,PRexp,10,3.87,nan,95,Left,Left,2231,189,224,29,nan,nan,0.19
10/31/2025 22:58:51,1.17.2,PRexp,10,3.88,nan,95,Left,Left,2232,189,224,29,nan,nan,0.17
10/31/2025 22:59:03,1.17.2,PRexp,10,3.88,nan,95,Left,Left,2233,189,224,29,nan,nan,0.15
10/31/2025 23:00:53,1.17.2,PRexp,10,3.88,nan,95,Right,Left,2233,190,224,29,nan,nan,0.05
10/31/2025 23:00:53,1.17.2,PRexp,10,3.88,nan,95,Right,Left,2233,191,224,29,nan,nan,0.00
10/31/2025 23:00:55,1.17.2,PRexp,10,3.88,nan,95,Right,Left,2233,192,224,29,nan,nan,0.16
10/31/2025 23:00:58,1.17.2,PRexp,10,3.88,nan,95,Left,Left,2234,192,224,29,nan,nan,0.09
10/31/2025 23:00:59,1.17.2,PRexp,10,3.88,nan,95,Left,Left,2235,192,224,29,nan,nan,0.04
10/31/2025 23:01:00,1.17.2,PRexp,10,3.88,nan,95,Left,Left,2236,192,224,29,nan,nan,0.13
10/31/2025 23:01:01,1.17.2,PRexp,10,3.88,nan,95,Left,Left,2237,192,224,29,nan,nan,0.00
10/31/2025 23:01:02,1.17.2,PRexp,10,3.87,nan,95,Left,Left,2238,192,224,29,nan,nan,0.13
10/31/2025 23:01:03,1.17.2,PRexp,10,3.88,nan,95,Left,Left,2239,192,224,29,nan,nan,0.17
10/31/2025 23:01:05,1.17.2,PRexp,10,3.88,nan,95,Left,Left,2240,192,224,29,nan,nan,0.10
10/31/2025 23:01:07,1.17.2,PRexp,10,3.88,nan,95,Left,Left,2241,192,224,29,nan,nan,0.15
10/31/2025 23:01:09,1.17.2,PRexp,10,3.87,nan,95,Left,Left,2242,192,224,29,nan,nan,0.87
10/31/2025 23:01:11,1.17.2,PRexp,10,3.88,nan,95,Left,Left,2243,192,224,29,nan,nan,0.10
10/31/2025 23:01:11,1.17.2,PRexp,10,3.88,nan,95,Left,Left,2244,192,224,29,nan,nan,0.12
10/31/2025 23:01:20,1.17.2,PRexp,10,3.87,nan,95,Left,Left,2245,192,224,29,nan,nan,0.17
10/31/2025 23:01:22,1.17.2,PRexp,10,3.88,nan,95,Left,Left,2246,192,224,29,nan,nan,0.09
10/31/2025 23:01:23,1.17.2,PRexp,10,3.88,nan,95,Left,Left,2247,192,224,29,nan,nan,0.10
10/31/2025 23:01:24,1.17.2,PRexp,10,3.88,nan,95,Left,Left,2248,192,224,29,nan,nan,0.00
10/31/2025 23:01:29,1.17.2,PRexp,10,3.88,nan,95,Left,Left,2249,192,224,29,nan,nan,0.08
10/31/2025 23:01:30,1.17.2,PRexp,10,3.88,nan,95,Left,Left,2250,192,224,29,nan,nan,0.00
10/31/2025 23:01:33,1.17.2,PRexp,10,3.87,nan,95,Left,Left,2251,192,224,29,nan,nan,0.02
10/31/2025 23:01:34,1.17.2,PRexp,10,3.88,nan,95,Left,Left,2252,192,224,29,nan,nan,0.03
10/31/2025 23:01:37,1.17.2,PRexp,10,3.87,nan,95,Left,Left,2253,192,224,29,nan,nan,0.17
10/31/2025 23:01:37,1.17.2,PRexp,10,3.88,nan,95,Left,Left,2254,192,224,29,nan,nan,0.09
10/31/2025 23:01:44,1.17.2,PRexp,10,3.87,nan,95,Right,Left,2254,193,224,29,nan,nan,0.01
10/31/2025 23:02:39,1.17.2,PRexp,10,3.88,nan,95,Left,Left,2255,193,224,29,nan,nan,0.21
10/31/2025 23:02:41,1.17.2,PRexp,10,3.88,nan,95,Left,Left,2256,193,224,29,nan,nan,0.21
10/31/2025 23:02:45,1.17.2,PRexp,10,3.87,nan,95,Left,Left,2257,193,224,29,nan,nan,0.06
10/31/2025 23:02:47,1.17.2,PRexp,10,3.88,nan,95,Left,Left,2258,193,224,29,nan,nan,0.09
10/31/2025 23:02:48,1.17.2,PRexp,10,3.88,nan,95,Left,Left,2259,193,224,29,nan,nan,0.02
10/31/2025 23:02:50,1.17.2,PRexp,10,3.88,nan,95,Left,Left,2260,193,224,29,nan,nan,0.05
10/31/2025 23:02:51,1.17.2,PRexp,10,3.87,nan,95,Left,Left,2261,193,224,29,nan,nan,0.09
10/31/2025 23:02:52,1.17.2,PRexp,10,3.88,nan,95,Left,Left,2262,193,224,29,nan,nan,0.47
10/31/2025 23:03:32,1.17.2,PRexp,10,3.88,nan,95,Left,Left,2263,193,224,29,nan,nan,0.08
10/31/2025 23:03:39,1.17.2,PRexp,10,3.87,nan,95,Left,Left,2264,193,224,29,nan,nan,0.00
10/31/2025 23:05:02,1.17.2,PRexp,10,3.88,nan,95,Right,Left,2264,194,224,29,nan,nan,0.06
10/31/2025 23:05:27,1.17.2,PRexp,10,3.88,nan,95,Left,Left,2265,194,224,29,nan,nan,0.19
10/31/2025 23:05:56,1.17.2,PRexp,10,3.88,nan,95,Left,Left,2266,194,224,29,nan,nan,0.14
10/31/2025 23:05:58,1.17.2,PRexp,10,3.88,nan,95,Left,Left,2267,194,224,29,nan,nan,0.09
10/31/2025 23:05:58,1.17.2,PRexp,10,3.88,nan,95,Left,Left,2268,194,224,29,nan,nan,0.03
10/31/2025 23:06:00,1.17.2,PRexp,10,3.88,nan,95,Left,Left,2269,194,224,29,nan,nan,0.30
10/31/2025 23:06:02,1.17.2,PRexp,10,3.87,nan,95,Left,Left,2270,194,224,29,nan,nan,0.09
10/31/2025 23:06:04,1.17.2,PRexp,10,3.88,nan,95,Left,Left,2271,194,224,29,nan,nan,0.22
10/31/2025 23:06:05,1.17.2,PRexp,10,3.88,nan,95,Left,Left,2272,194,224,29,nan,nan,0.00
10/31/2025 23:06:05,1.17.2,PRexp,10,3.88,nan,95,Left,Left,2273,194,224,29,nan,nan,0.05
10/31/2025 23:06:06,1.17.2,PRexp,10,3.88,nan,95,Left,Left,2274,194,224,29,nan,nan,0.00
10/31/2025 23:06:08,1.17.2,PRexp,10,3.87,nan,95,Left,Left,2275,194,224,29,nan,nan,0.12
10/31/2025 23:06:41,1.17.2,PRexp,10,3.88,nan,95,Left,Left,2276,194,224,29,nan,nan,0.02
10/31/2025 23:06:41,1.17.2,PRexp,10,3.88,nan,95,Left,Left,2277,194,224,29,nan,nan,0.00
10/31/2025 23:06:43,1.17.2,PRexp,10,3.88,nan,95,Left,Left,2278,194,224,29,nan,nan,0.08
10/31/2025 23:07:02,1.17.2,PRexp,10,3.88,nan,95,Left,Left,2279,194,224,29,nan,nan,0.10
10/31/2025 23:07:03,1.17.2,PRexp,10,3.88,nan,95,Left,Left,2280,194,224,29,nan,nan,0.13
10/31/2025 23:07:04,1.17.2,PRexp,10,3.88,nan,95,Left,Left,2281,194,224,29,nan,nan,0.44
10/31/2025 23:07:32,1.17.2,PRexp,10,3.88,nan,95,Right,Left,2281,195,224,29,nan,nan,0.13
10/31/2025 23:07:39,1.17.2,PRexp,10,3.88,nan,95,Left,Left,2282,195,224,29,nan,nan,0.04
10/31/2025 23:07:41,1.17.2,PRexp,10,3.87,nan,95,Left,Left,2283,195,224,29,nan,nan,0.13
10/31/2025 23:07:42,1.17.2,PRexp,10,3.87,nan,95,Left,Left,2284,195,224,29,nan,nan,0.15
10/31/2025 23:07:43,1.17.2,PRexp,10,3.88,nan,95,Left,Left,2285,195,224,29,nan,nan,0.10
10/31/2025 23:07:45,1.17.2,PRexp,10,3.88,nan,95,Left,Left,2286,195,224,29,nan,nan,0.21
10/31/2025 23:07:46,1.17.2,PRexp,10,3.88,nan,95,Left,Left,2287,195,224,29,nan,nan,0.01
10/31/2025 23:07:47,1.17.2,PRexp,10,3.88,nan,95,Left,Left,2288,195,224,29,nan,nan,0.49
10/31/2025 23:07:48,1.17.2,PRexp,10,3.87,nan,95,Left,Left,2289,195,224,29,nan,nan,0.11
10/31/2025 23:07:48,1.17.2,PRexp,10,3.88,nan,95,Left,Left,2290,195,224,29,nan,nan,0.00
10/31/2025 23:07:51,1.17.2,PRexp,10,3.88,nan,95,Left,Left,2291,195,224,29,nan,nan,0.51
10/31/2025 23:07:52,1.17.2,PRexp,10,3.88,nan,95,Left,Left,2292,195,224,29,nan,nan,0.06
10/31/2025 23:07:54,1.17.2,PRexp,10,3.87,nan,95,Left,Left,2293,195,224,29,nan,nan,0.18
10/31/2025 23:07:59,1.17.2,PRexp,10,3.87,nan,95,Left,Left,2294,195,224,29,nan,nan,0.08
10/31/2025 23:08:09,1.17.2,PRexp,10,3.88,nan,95,Left,Left,2295,195,224,29,nan,nan,0.12
10/31/2025 23:08:11,1.17.2,PRexp,10,3.87,nan,95,Left,Left,2296,195,224,29,nan,nan,0.23
10/31/2025 23:08:17,1.17.2,PRexp,10,3.88,nan,95,Left,Left,2297,195,224,29,nan,nan,0.27
10/31/2025 23:10:34,1.17.2,PRexp,10,3.88,nan,95,Left,Left,2298,195,224,29,nan,nan,0.04
10/31/2025 23:10:36,1.17.2,PRexp,10,3.87,nan,95,Left,Left,2299,195,224,29,nan,nan,0.61
10/31/2025 23:10:37,1.17.2,PRexp,10,3.88,nan,95,Left,Left,2300,195,224,29,nan,nan,0.10
10/31/2025 23:14:06,1.17.2,PRexp,10,3.87,nan,95,Left,Left,2301,195,224,29,nan,nan,0.13
10/31/2025 23:21:19,1.17.2,PRexp,10,3.87,nan,95,Left,Left,2302,195,224,29,nan,nan,0.05
10/31/2025 23:21:20,1.17.2,PRexp,10,3.88,nan,95,Left,Left,2303,195,224,29,nan,nan,0.02
10/31/2025 23:21:21,1.17.2,PRexp,10,3.88,nan,95,Left,Left,2304,195,224,29,nan,nan,0.07
10/31/2025 23:21:21,1.17.2,PRexp,10,3.87,nan,95,Left,Left,2305,195,224,29,nan,nan,0.14
10/31/2025 23:21:22,1.17.2,PRexp,10,3.87,nan,95,Left,Left,2306,195,224,29,nan,nan,0.16
10/31/2025 23:21:24,1.17.2,PRexp,10,3.88,nan,95,Left,Left,2307,195,224,29,nan,nan,0.19
10/31/2025 23:21:26,1.17.2,PRexp,10,3.88,nan,95,Left,Left,2308,195,224,29,nan,nan,0.02
10/31/2025 23:21:27,1.17.2,PRexp,10,3.88,nan,95,Left,Left,2309,195,224,29,nan,nan,0.48
10/31/2025 23:21:42,1.17.2,PRexp,10,3.88,nan,95,Left,Left,2310,195,224,29,nan,nan,0.05
10/31/2025 23:21:51,1.17.2,PRexp,10,3.88,nan,95,Left,Left,2311,195,224,29,nan,nan,0.20
10/31/2025 23:23:41,1.17.2,PRexp,10,3.87,nan,95,Left,Left,2312,195,224,29,nan,nan,0.10
10/31/2025 23:23:43,1.17.2,PRexp,10,3.87,nan,95,Left,Left,2313,195,224,29,nan,nan,0.55
10/31/2025 23:23:44,1.17.2,PRexp,10,3.87,nan,95,Left,Left,2314,195,224,29,nan,nan,0.03
10/31/2025 23:23:45,1.17.2,PRexp,10,3.87,nan,95,LeftDuringDispense,Left,2315,195,224,30,nan,nan,0.01
10/31/2025 23:23:52,1.17.2,PRexp,10,3.87,5,95,Pellet,Left,2315,195,225,30,0.05,1641,nan
10/31/2025 23:24:52,1.17.2,PRexp,10,3.88,nan,106,Left,Left,2316,195,225,30,nan,nan,0.02
10/31/2025 23:24:56,1.17.2,PRexp,10,3.88,nan,106,Left,Left,2317,195,225,30,nan,nan,0.09
10/31/2025 23:24:58,1.17.2,PRexp,10,3.88,nan,106,Left,Left,2318,195,225,30,nan,nan,0.13
10/31/2025 23:25:00,1.17.2,PRexp,10,3.88,nan,106,Left,Left,2319,195,225,30,nan,nan,0.26
10/31/2025 23:25:05,1.17.2,PRexp,10,3.88,nan,106,Left,Left,2320,195,225,30,nan,nan,0.02
10/31/2025 23:25:06,1.17.2,PRexp,10,3.88,nan,106,Left,Left,2321,195,225,30,nan,nan,0.01
10/31/2025 23:25:07,1.17.2,PRexp,10,3.88,nan,106,Left,Left,2322,195,225,30,nan,nan,0.08
10/31/2025 23:25:08,1.17.2,PRexp,10,3.88,nan,106,Left,Left,2323,195,225,30,nan,nan,0.26
10/31/2025 23:25:09,1.17.2,PRexp,10,3.88,nan,106,Left,Left,2324,195,225,30,nan,nan,0.00
10/31/2025 23:25:13,1.17.2,PRexp,10,3.88,nan,106,Left,Left,2325,195,225,30,nan,nan,0.01
10/31/2025 23:25:14,1.17.2,PRexp,10,3.88,nan,106,Left,Left,2326,195,225,30,nan,nan,0.02
10/31/2025 23:25:15,1.17.2,PRexp,10,3.88,nan,106,Left,Left,2327,195,225,30,nan,nan,0.00
10/31/2025 23:25:18,1.17.2,PRexp,10,3.88,nan,106,Left,Left,2328,195,225,30,nan,nan,0.12
10/31/2025 23:25:20,1.17.2,PRexp,10,3.87,nan,106,Left,Left,2329,195,225,30,nan,nan,0.23
10/31/2025 23:25:22,1.17.2,PRexp,10,3.88,nan,106,Left,Left,2330,195,225,30,nan,nan,0.07
10/31/2025 23:25:23,1.17.2,PRexp,10,3.87,nan,106,Left,Left,2331,195,225,30,nan,nan,0.15
10/31/2025 23:25:26,1.17.2,PRexp,10,3.88,nan,106,Left,Left,2332,195,225,30,nan,nan,0.36
10/31/2025 23:25:46,1.17.2,PRexp,10,3.87,nan,106,Right,Left,2332,196,225,30,nan,nan,0.18
10/31/2025 23:25:46,1.17.2,PRexp,10,3.88,nan,106,Right,Left,2332,197,225,30,nan,nan,0.13
10/31/2025 23:25:48,1.17.2,PRexp,10,3.88,nan,106,Right,Left,2332,198,225,30,nan,nan,1.00
10/31/2025 23:25:50,1.17.2,PRexp,10,3.87,nan,106,Right,Left,2332,199,225,30,nan,nan,0.78
10/31/2025 23:25:54,1.17.2,PRexp,10,3.88,nan,106,Right,Left,2332,200,225,30,nan,nan,0.16
10/31/2025 23:25:55,1.17.2,PRexp,10,3.87,nan,106,Right,Left,2332,201,225,30,nan,nan,0.00
10/31/2025 23:25:56,1.17.2,PRexp,10,3.88,nan,106,Right,Left,2332,202,225,30,nan,nan,0.38
10/31/2025 23:25:57,1.17.2,PRexp,10,3.88,nan,106,Right,Left,2332,203,225,30,nan,nan,0.02
10/31/2025 23:26:04,1.17.2,PRexp,10,3.88,nan,106,Left,Left,2333,203,225,30,nan,nan,0.12
10/31/2025 23:26:05,1.17.2,PRexp,10,3.88,nan,106,Left,Left,2334,203,225,30,nan,nan,0.22
10/31/2025 23:26:06,1.17.2,PRexp,10,3.88,nan,106,Left,Left,2335,203,225,30,nan,nan,0.00
10/31/2025 23:26:20,1.17.2,PRexp,10,3.88,nan,106,Left,Left,2336,203,225,30,nan,nan,0.23
10/31/2025 23:27:16,1.17.2,PRexp,10,3.88,nan,106,Left,Left,2337,203,225,30,nan,nan,0.01
10/31/2025 23:28:10,1.17.2,PRexp,10,3.87,nan,106,Left,Left,2338,203,225,30,nan,nan,0.04
10/31/2025 23:28:13,1.17.2,PRexp,10,3.87,nan,106,Left,Left,2339,203,225,30,nan,nan,0.40
10/31/2025 23:28:14,1.17.2,PRexp,10,3.87,nan,106,Left,Left,2340,203,225,30,nan,nan,0.00
10/31/2025 23:28:18,1.17.2,PRexp,10,3.88,nan,106,Left,Left,2341,203,225,30,nan,nan,0.22
10/31/2025 23:28:21,1.17.2,PRexp,10,3.87,nan,106,Left,Left,2342,203,225,30,nan,nan,0.46
10/31/2025 23:28:23,1.17.2,PRexp,10,3.87,nan,106,Left,Left,2343,203,225,30,nan,nan,0.32
10/31/2025 23:28:26,1.17.2,PRexp,10,3.88,nan,106,Left,Left,2344,203,225,30,nan,nan,0.19
10/31/2025 23:29:15,1.17.2,PRexp,10,3.88,nan,106,Left,Left,2345,203,225,30,nan,nan,0.06
10/31/2025 23:29:16,1.17.2,PRexp,10,3.88,nan,106,Left,Left,2346,203,225,30,nan,nan,0.10
10/31/2025 23:29:18,1.17.2,PRexp,10,3.88,nan,106,Left,Left,2347,203,225,30,nan,nan,0.16
10/31/2025 23:29:19,1.17.2,PRexp,10,3.88,nan,106,Left,Left,2348,203,225,30,nan,nan,0.14
10/31/2025 23:29:26,1.17.2,PRexp,10,3.88,nan,106,Left,Left,2349,203,225,30,nan,nan,0.13
10/31/2025 23:29:29,1.17.2,PRexp,10,3.88,nan,106,Left,Left,2350,203,225,30,nan,nan,0.05
10/31/2025 23:29:31,1.17.2,PRexp,10,3.88,nan,106,Left,Left,2351,203,225,30,nan,nan,0.12
10/31/2025 23:29:35,1.17.2,PRexp,10,3.88,nan,106,Left,Left,2352,203,225,30,nan,nan,0.06
10/31/2025 23:32:06,1.17.2,PRexp,10,3.88,nan,106,Left,Left,2353,203,225,30,nan,nan,0.10
10/31/2025 23:32:07,1.17.2,PRexp,10,3.88,nan,106,Left,Left,2354,203,225,30,nan,nan,0.01
10/31/2025 23:32:08,1.17.2,PRexp,10,3.88,nan,106,Left,Left,2355,203,225,30,nan,nan,0.11
10/31/2025 23:32:09,1.17.2,PRexp,10,3.88,nan,106,Left,Left,2356,203,225,30,nan,nan,0.16
10/31/2025 23:32:10,1.17.2,PRexp,10,3.87,nan,106,Left,Left,2357,203,225,30,nan,nan,0.09
10/31/2025 23:32:11,1.17.2,PRexp,10,3.87,nan,106,Left,Left,2358,203,225,30,nan,nan,0.03
10/31/2025 23:32:12,1.17.2,PRexp,10,3.87,nan,106,Left,Left,2359,203,225,30,nan,nan,0.21
10/31/2025 23:33:04,1.17.2,PRexp,10,3.88,nan,106,Left,Left,2360,203,225,30,nan,nan,0.13
10/31/2025 23:33:06,1.17.2,PRexp,10,3.87,nan,106,Left,Left,2361,203,225,30,nan,nan,0.36
10/31/2025 23:33:08,1.17.2,PRexp,10,3.87,nan,106,Left,Left,2362,203,225,30,nan,nan,0.06
10/31/2025 23:33:09,1.17.2,PRexp,10,3.87,nan,106,Left,Left,2363,203,225,30,nan,nan,0.00
10/31/2025 23:33:09,1.17.2,PRexp,10,3.88,nan,106,Left,Left,2364,203,225,30,nan,nan,0.00
10/31/2025 23:33:10,1.17.2,PRexp,10,3.88,nan,106,Left,Left,2365,203,225,30,nan,nan,0.13
10/31/2025 23:33:14,1.17.2,PRexp,10,3.88,nan,106,Left,Left,2366,203,225,30,nan,nan,0.18
10/31/2025 23:37:31,1.17.2,PRexp,10,3.88,nan,106,Left,Left,2367,203,225,30,nan,nan,0.50
10/31/2025 23:37:33,1.17.2,PRexp,10,3.87,nan,106,Left,Left,2368,203,225,30,nan,nan,0.23
10/31/2025 23:39:04,1.17.2,PRexp,10,3.87,nan,106,Left,Left,2369,203,225,30,nan,nan,0.13
10/31/2025 23:39:50,1.17.2,PRexp,10,3.88,nan,106,Left,Left,2370,203,225,30,nan,nan,0.15
10/31/2025 23:39:52,1.17.2,PRexp,10,3.88,nan,106,Left,Left,2371,203,225,30,nan,nan,0.39
10/31/2025 23:39:54,1.17.2,PRexp,10,3.87,nan,106,Left,Left,2372,203,225,30,nan,nan,0.08
10/31/2025 23:39:57,1.17.2,PRexp,10,3.88,nan,106,Left,Left,2373,203,225,30,nan,nan,0.01
10/31/2025 23:40:25,1.17.2,PRexp,10,3.87,nan,106,Left,Left,2374,203,225,30,nan,nan,0.06
10/31/2025 23:40:26,1.17.2,PRexp,10,3.87,nan,106,Left,Left,2375,203,225,30,nan,nan,0.14
10/31/2025 23:40:27,1.17.2,PRexp,10,3.87,nan,106,Left,Left,2376,203,225,30,nan,nan,0.01
10/31/2025 23:40:29,1.17.2,PRexp,10,3.87,nan,106,Left,Left,2377,203,225,30,nan,nan,0.23
10/31/2025 23:40:30,1.17.2,PRexp,10,3.88,nan,106,Left,Left,2378,203,225,30,nan,nan,0.00
10/31/2025 23:40:32,1.17.2,PRexp,10,3.88,nan,106,Left,Left,2379,203,225,30,nan,nan,0.38
10/31/2025 23:40:33,1.17.2,PRexp,10,3.87,nan,106,Left,Left,2380,203,225,30,nan,nan,0.03
10/31/2025 23:40:35,1.17.2,PRexp,10,3.87,nan,106,Left,Left,2381,203,225,30,nan,nan,0.32
10/31/2025 23:40:35,1.17.2,PRexp,10,3.88,nan,106,Left,Left,2382,203,225,30,nan,nan,0.00
10/31/2025 23:40:37,1.17.2,PRexp,10,3.88,nan,106,Left,Left,2383,203,225,30,nan,nan,0.02
10/31/2025 23:40:38,1.17.2,PRexp,10,3.87,nan,106,Left,Left,2384,203,225,30,nan,nan,0.00
10/31/2025 23:40:39,1.17.2,PRexp,10,3.87,nan,106,Left,Left,2385,203,225,30,nan,nan,0.42
10/31/2025 23:40:41,1.17.2,PRexp,10,3.87,nan,106,Left,Left,2386,203,225,30,nan,nan,0.04
10/31/2025 23:47:28,1.17.2,PRexp,10,3.87,nan,106,Left,Left,2387,203,225,30,nan,nan,0.02
10/31/2025 23:47:28,1.17.2,PRexp,10,3.88,nan,106,Left,Left,2388,203,225,30,nan,nan,0.00
10/31/2025 23:50:35,1.17.2,PRexp,10,3.88,nan,106,Left,Left,2389,203,225,30,nan,nan,0.11
10/31/2025 23:50:36,1.17.2,PRexp,10,3.87,nan,106,Left,Left,2390,203,225,30,nan,nan,0.00
10/31/2025 23:50:38,1.17.2,PRexp,10,3.88,nan,106,Left,Left,2391,203,225,30,nan,nan,0.19
10/31/2025 23:50:38,1.17.2,PRexp,10,3.87,nan,106,Left,Left,2392,203,225,30,nan,nan,0.14
10/31/2025 23:50:39,1.17.2,PRexp,10,3.87,nan,106,Left,Left,2393,203,225,30,nan,nan,0.00
10/31/2025 23:50:40,1.17.2,PRexp,10,3.88,nan,106,Left,Left,2394,203,225,30,nan,nan,0.16
10/31/2025 23:50:41,1.17.2,PRexp,10,3.87,nan,106,Left,Left,2395,203,225,30,nan,nan,0.00
10/31/2025 23:50:42,1.17.2,PRexp,10,3.87,nan,106,Left,Left,2396,203,225,30,nan,nan,0.08
10/31/2025 23:50:43,1.17.2,PRexp,10,3.87,nan,106,Left,Left,2397,203,225,30,nan,nan,0.00
10/31/2025 23:50:44,1.17.2,PRexp,10,3.87,nan,106,Left,Left,2398,203,225,30,nan,nan,0.06
10/31/2025 23:50:44,1.17.2,PRexp,10,3.87,nan,106,Left,Left,2399,203,225,30,nan,nan,0.25
10/31/2025 23:51:02,1.17.2,PRexp,10,3.87,nan,106,Left,Left,2400,203,225,30,nan,nan,0.15
10/31/2025 23:51:03,1.17.2,PRexp,10,3.87,nan,106,Left,Left,2401,203,225,30,nan,nan,0.00
10/31/2025 23:51:04,1.17.2,PRexp,10,3.87,nan,106,Left,Left,2402,203,225,30,nan,nan,0.00
10/31/2025 23:51:06,1.17.2,PRexp,10,3.87,nan,106,Left,Left,2403,203,225,30,nan,nan,0.10
10/31/2025 23:51:07,1.17.2,PRexp,10,3.87,nan,106,Left,Left,2404,203,225,30,nan,nan,0.24
10/31/2025 23:51:09,1.17.2,PRexp,10,3.87,nan,106,Left,Left,2405,203,225,30,nan,nan,0.61
10/31/2025 23:51:10,1.17.2,PRexp,10,3.87,nan,106,Left,Left,2406,203,225,30,nan,nan,0.07
10/31/2025 23:51:12,1.17.2,PRexp,10,3.88,nan,106,Left,Left,2407,203,225,30,nan,nan,0.00
10/31/2025 23:51:48,1.17.2,PRexp,10,3.88,nan,106,Right,Left,2407,204,225,30,nan,nan,0.38
10/31/2025 23:52:03,1.17.2,PRexp,10,3.87,nan,106,Left,Left,2408,204,225,30,nan,nan,0.06
10/31/2025 23:52:04,1.17.2,PRexp,10,3.87,nan,106,Left,Left,2409,204,225,30,nan,nan,0.00
10/31/2025 23:52:07,1.17.2,PRexp,10,3.88,nan,106,Left,Left,2410,204,225,30,nan,nan,0.14
10/31/2025 23:52:07,1.17.2,PRexp,10,3.87,nan,106,Left,Left,2411,204,225,30,nan,nan,0.00
10/31/2025 23:52:09,1.17.2,PRexp,10,3.87,nan,106,Left,Left,2412,204,225,30,nan,nan,0.12
10/31/2025 23:52:13,1.17.2,PRexp,10,3.87,nan,106,Left,Left,2413,204,225,30,nan,nan,0.06
10/31/2025 23:55:35,1.17.2,PRexp,10,3.87,nan,106,Left,Left,2414,204,225,30,nan,nan,0.11
10/31/2025 23:56:02,1.17.2,PRexp,10,3.87,nan,106,Left,Left,2415,204,225,30,nan,nan,0.01
10/31/2025 23:56:03,1.17.2,PRexp,10,3.88,nan,106,Left,Left,2416,204,225,30,nan,nan,0.01
10/31/2025 23:56:06,1.17.2,PRexp,10,3.88,nan,106,Left,Left,2417,204,225,30,nan,nan,0.13
10/31/2025 23:56:09,1.17.2,PRexp,10,3.88,nan,106,Left,Left,2418,204,225,30,nan,nan,0.11
10/31/2025 23:59:44,1.17.2,PRexp,10,3.88,nan,106,Left,Left,2419,204,225,30,nan,nan,0.08
10/31/2025 23:59:46,1.17.2,PRexp,10,3.88,nan,106,Left,Left,2420,204,225,30,nan,nan,0.10
11/1/2025 0:00:02,1.17.2,PRexp,10,3.87,nan,106,Left,Left,2421,204,225,30,nan,nan,0.06
11/1/2025 0:00:12,1.17.2,PRexp,10,3.87,5,106,Pellet,Left,2421,204,226,31,1.00,2180,nan
11/1/2025 0:04:58,1.17.2,PRexp,10,3.88,nan,118,Left,Left,2422,204,226,31,nan,nan,0.15
11/1/2025 0:04:58,1.17.2,PRexp,10,3.87,nan,118,Left,Left,2423,204,226,31,nan,nan,0.01
11/1/2025 0:06:08,1.17.2,PRexp,10,3.87,nan,118,Right,Left,2423,205,226,31,nan,nan,0.33
11/1/2025 0:08:03,1.17.2,PRexp,10,3.87,nan,118,Left,Left,2424,205,226,31,nan,nan,0.09
11/1/2025 0:08:06,1.17.2,PRexp,10,3.87,nan,118,Left,Left,2425,205,226,31,nan,nan,0.23
11/1/2025 0:08:07,1.17.2,PRexp,10,3.87,nan,118,Left,Left,2426,205,226,31,nan,nan,0.03
11/1/2025 0:08:08,1.17.2,PRexp,10,3.87,nan,118,Left,Left,2427,205,226,31,nan,nan,0.00
11/1/2025 0:08:21,1.17.2,PRexp,10,3.87,nan,118,Left,Left,2428,205,226,31,nan,nan,0.30
11/1/2025 0:08:22,1.17.2,PRexp,10,3.87,nan,118,Left,Left,2429,205,226,31,nan,nan,0.09
11/1/2025 0:08:25,1.17.2,PRexp,10,3.87,nan,118,Left,Left,2430,205,226,31,nan,nan,0.03
11/1/2025 0:09:37,1.17.2,PRexp,10,3.88,nan,118,Left,Left,2431,205,226,31,nan,nan,0.04
11/1/2025 0:09:39,1.17.2,PRexp,10,3.87,nan,118,Left,Left,2432,205,226,31,nan,nan,0.52
11/1/2025 0:09:41,1.17.2,PRexp,10,3.87,nan,118,Left,Left,2433,205,226,31,nan,nan,0.13
11/1/2025 0:09:53,1.17.2,PRexp,10,3.87,nan,118,Left,Left,2434,205,226,31,nan,nan,0.21
11/1/2025 0:09:56,1.17.2,PRexp,10,3.87,nan,118,Left,Left,2435,205,226,31,nan,nan,0.14
11/1/2025 0:09:58,1.17.2,PRexp,10,3.88,nan,118,Left,Left,2436,205,226,31,nan,nan,0.17
11/1/2025 0:10:04,1.17.2,PRexp,10,3.88,nan,118,Left,Left,2437,205,226,31,nan,nan,0.00
11/1/2025 0:11:15,1.17.2,PRexp,10,3.88,nan,118,Right,Left,2437,206,226,31,nan,nan,0.20
11/1/2025 0:11:24,1.17.2,PRexp,10,3.87,nan,118,Left,Left,2438,206,226,31,nan,nan,0.01
11/1/2025 0:11:41,1.17.2,PRexp,10,3.88,nan,118,Left,Left,2439,206,226,31,nan,nan,0.13
11/1/2025 0:11:44,1.17.2,PRexp,10,3.88,nan,118,Left,Left,2440,206,226,31,nan,nan,0.02
11/1/2025 0:11:46,1.17.2,PRexp,10,3.87,nan,118,Left,Left,2441,206,226,31,nan,nan,0.68
11/1/2025 0:12:01,1.17.2,PRexp,10,3.87,nan,118,Left,Left,2442,206,226,31,nan,nan,0.06
11/1/2025 0:12:05,1.17.2,PRexp,10,3.87,nan,118,Left,Left,2443,206,226,31,nan,nan,0.17
11/1/2025 0:12:07,1.17.2,PRexp,10,3.87,nan,118,Left,Left,2444,206,226,31,nan,nan,0.21
11/1/2025 0:12:18,1.17.2,PRexp,10,3.88,nan,118,Left,Left,2445,206,226,31,nan,nan,0.68
11/1/2025 0:12:21,1.17.2,PRexp,10,3.88,nan,118,Left,Left,2446,206,226,31,nan,nan,0.27
11/1/2025 0:12:23,1.17.2,PRexp,10,3.87,nan,118,Left,Left,2447,206,226,31,nan,nan,0.14
11/1/2025 0:12:23,1.17.2,PRexp,10,3.87,nan,118,Left,Left,2448,206,226,31,nan,nan,0.00
11/1/2025 0:12:31,1.17.2,PRexp,10,3.87,nan,118,Left,Left,2449,206,226,31,nan,nan,0.00
11/1/2025 0:12:32,1.17.2,PRexp,10,3.88,nan,118,Right,Left,2449,207,226,31,nan,nan,0.00
11/1/2025 0:15:05,1.17.2,PRexp,10,3.88,nan,118,Left,Left,2450,207,226,31,nan,nan,0.02
11/1/2025 0:15:11,1.17.2,PRexp,10,3.88,nan,118,Left,Left,2451,207,226,31,nan,nan,0.04
11/1/2025 0:15:13,1.17.2,PRexp,10,3.87,nan,118,Left,Left,2452,207,226,31,nan,nan,0.41
11/1/2025 0:15:44,1.17.2,PRexp,10,3.87,nan,118,Left,Left,2453,207,226,31,nan,nan,0.04
11/1/2025 0:15:55,1.17.2,PRexp,10,3.87,nan,118,Left,Left,2454,207,226,31,nan,nan,0.11
11/1/2025 0:16:00,1.17.2,PRexp,10,3.87,nan,118,Left,Left,2455,207,226,31,nan,nan,0.04
11/1/2025 0:16:09,1.17.2,PRexp,10,3.87,nan,118,Left,Left,2456,207,226,31,nan,nan,0.17
11/1/2025 0:19:13,1.17.2,PRexp,10,3.88,nan,118,Left,Left,2457,207,226,31,nan,nan,0.17
11/1/2025 0:19:15,1.17.2,PRexp,10,3.87,nan,118,Left,Left,2458,207,226,31,nan,nan,0.08
11/1/2025 0:19:16,1.17.2,PRexp,10,3.87,nan,118,Left,Left,2459,207,226,31,nan,nan,0.02
11/1/2025 0:19:18,1.17.2,PRexp,10,3.87,nan,118,Left,Left,2460,207,226,31,nan,nan,0.67
11/1/2025 0:19:21,1.17.2,PRexp,10,3.87,nan,118,Left,Left,2461,207,226,31,nan,nan,0.14
11/1/2025 0:19:29,1.17.2,PRexp,10,3.87,nan,118,Left,Left,2462,207,226,31,nan,nan,0.07
11/1/2025 0:19:30,1.17.2,PRexp,10,3.87,nan,118,Left,Left,2463,207,226,31,nan,nan,0.00
11/1/2025 0:19:30,1.17.2,PRexp,10,3.87,nan,118,Left,Left,2464,207,226,31,nan,nan,0.08
11/1/2025 0:19:32,1.17.2,PRexp,10,3.87,nan,118,Left,Left,2465,207,226,31,nan,nan,0.13
11/1/2025 0:19:33,1.17.2,PRexp,10,3.88,nan,118,Left,Left,2466,207,226,31,nan,nan,0.15
11/1/2025 0:19:35,1.17.2,PRexp,10,3.87,nan,118,Left,Left,2467,207,226,31,nan,nan,0.51
11/1/2025 0:20:35,1.17.2,PRexp,10,3.87,nan,118,Left,Left,2468,207,226,31,nan,nan,0.00
11/1/2025 0:22:53,1.17.2,PRexp,10,3.87,nan,118,Left,Left,2469,207,226,31,nan,nan,0.07
11/1/2025 0:22:54,1.17.2,PRexp,10,3.87,nan,118,Left,Left,2470,207,226,31,nan,nan,0.10
11/1/2025 0:23:52,1.17.2,PRexp,10,3.87,nan,118,Left,Left,2471,207,226,31,nan,nan,0.20
11/1/2025 0:23:52,1.17.2,PRexp,10,3.87,nan,118,Left,Left,2472,207,226,31,nan,nan,0.01
11/1/2025 0:24:01,1.17.2,PRexp,10,3.87,nan,118,Left,Left,2473,207,226,31,nan,nan,0.01
11/1/2025 0:27:05,1.17.2,PRexp,10,3.88,nan,118,Left,Left,2474,207,226,31,nan,nan,0.07
11/1/2025 0:27:08,1.17.2,PRexp,10,3.87,nan,118,Left,Left,2475,207,226,31,nan,nan,0.28
11/1/2025 0:27:10,1.17.2,PRexp,10,3.87,nan,118,Left,Left,2476,207,226,31,nan,nan,0.17
11/1/2025 0:27:13,1.17.2,PRexp,10,3.87,nan,118,Left,Left,2477,207,226,31,nan,nan,0.08
11/1/2025 0:28:24,1.17.2,PRexp,10,3.87,nan,118,Left,Left,2478,207,226,31,nan,nan,0.10
11/1/2025 0:28:25,1.17.2,PRexp,10,3.87,nan,118,Left,Left,2479,207,226,31,nan,nan,0.02
11/1/2025 0:28:26,1.17.2,PRexp,10,3.88,nan,118,Left,Left,2480,207,226,31,nan,nan,0.00
11/1/2025 0:28:28,1.17.2,PRexp,10,3.88,nan,118,Left,Left,2481,207,226,31,nan,nan,0.21
11/1/2025 0:28:42,1.17.2,PRexp,10,3.88,nan,118,Left,Left,2482,207,226,31,nan,nan,0.01
11/1/2025 0:28:44,1.17.2,PRexp,10,3.87,nan,118,Left,Left,2483,207,226,31,nan,nan,0.08
11/1/2025 0:28:46,1.17.2,PRexp,10,3.87,nan,118,Left,Left,2484,207,226,31,nan,nan,0.21
11/1/2025 0:28:47,1.17.2,PRexp,10,3.88,nan,118,Left,Left,2485,207,226,31,nan,nan,0.76
11/1/2025 0:28:49,1.17.2,PRexp,10,3.87,nan,118,Left,Left,2486,207,226,31,nan,nan,0.10
11/1/2025 0:28:55,1.17.2,PRexp,10,3.88,nan,118,Left,Left,2487,207,226,31,nan,nan,0.00
11/1/2025 0:37:28,1.17.2,PRexp,10,3.88,nan,118,Right,Left,2487,208,226,31,nan,nan,0.10
11/1/2025 0:40:11,1.17.2,PRexp,10,3.87,nan,118,Left,Left,2488,208,226,31,nan,nan,0.17
11/1/2025 0:40:14,1.17.2,PRexp,10,3.87,nan,118,Left,Left,2489,208,226,31,nan,nan,0.18
11/1/2025 0:40:15,1.17.2,PRexp,10,3.87,nan,118,Left,Left,2490,208,226,31,nan,nan,0.11
11/1/2025 0:40:16,1.17.2,PRexp,10,3.87,nan,118,Left,Left,2491,208,226,31,nan,nan,0.10
11/1/2025 0:40:45,1.17.2,PRexp,10,3.87,nan,118,Left,Left,2492,208,226,31,nan,nan,0.04
11/1/2025 0:40:47,1.17.2,PRexp,10,3.87,nan,118,Left,Left,2493,208,226,31,nan,nan,0.31
11/1/2025 0:40:47,1.17.2,PRexp,10,3.87,nan,118,Left,Left,2494,208,226,31,nan,nan,0.08
11/1/2025 0:40:50,1.17.2,PRexp,10,3.87,nan,118,Left,Left,2495,208,226,31,nan,nan,0.05
11/1/2025 0:41:05,1.17.2,PRexp,10,3.87,nan,118,Left,Left,2496,208,226,31,nan,nan,0.01
11/1/2025 0:43:55,1.17.2,PRexp,10,3.87,nan,118,Left,Left,2497,208,226,31,nan,nan,0.14
11/1/2025 0:43:55,1.17.2,PRexp,10,3.87,nan,118,Left,Left,2498,208,226,31,nan,nan,0.19
11/1/2025 0:43:56,1.17.2,PRexp,10,3.87,nan,118,Left,Left,2499,208,226,31,nan,nan,0.00
11/1/2025 0:46:42,1.17.2,PRexp,10,3.88,nan,118,Left,Left,2500,208,226,31,nan,nan,0.11
11/1/2025 0:46:43,1.17.2,PRexp,10,3.87,nan,118,Left,Left,2501,208,226,31,nan,nan,0.11
11/1/2025 0:46:45,1.17.2,PRexp,10,3.87,nan,118,Left,Left,2502,208,226,31,nan,nan,0.14
11/1/2025 0:46:47,1.17.2,PRexp,10,3.87,nan,118,Left,Left,2503,208,226,31,nan,nan,0.17
11/1/2025 0:46:48,1.17.2,PRexp,10,3.87,nan,118,Left,Left,2504,208,226,31,nan,nan,0.11
11/1/2025 0:46:51,1.17.2,PRexp,10,3.88,nan,118,Left,Left,2505,208,226,31,nan,nan,0.16
11/1/2025 0:46:54,1.17.2,PRexp,10,3.87,nan,118,Left,Left,2506,208,226,31,nan,nan,0.07
11/1/2025 0:47:26,1.17.2,PRexp,10,3.87,nan,118,Left,Left,2507,208,226,31,nan,nan,0.10
11/1/2025 0:47:27,1.17.2,PRexp,10,3.87,nan,118,Left,Left,2508,208,226,31,nan,nan,0.08
11/1/2025 0:47:28,1.17.2,PRexp,10,3.87,nan,118,Left,Left,2509,208,226,31,nan,nan,0.08
11/1/2025 0:47:30,1.17.2,PRexp,10,3.87,nan,118,Left,Left,2510,208,226,31,nan,nan,0.34
11/1/2025 0:47:31,1.17.2,PRexp,10,3.87,nan,118,Left,Left,2511,208,226,31,nan,nan,0.03
11/1/2025 0:47:36,1.17.2,PRexp,10,3.87,nan,118,Left,Left,2512,208,226,31,nan,nan,0.35
11/1/2025 0:47:59,1.17.2,PRexp,10,3.87,nan,118,Right,Left,2512,209,226,31,nan,nan,0.02
11/1/2025 0:51:05,1.17.2,PRexp,10,3.87,nan,118,Left,Left,2513,209,226,31,nan,nan,0.10
11/1/2025 0:58:17,1.17.2,PRexp,10,3.87,nan,118,Left,Left,2514,209,226,31,nan,nan,0.55
11/1/2025 0:58:19,1.17.2,PRexp,10,3.87,nan,118,Left,Left,2515,209,226,31,nan,nan,0.51
11/1/2025 0:58:23,1.17.2,PRexp,10,3.87,nan,118,Left,Left,2516,209,226,31,nan,nan,0.23
11/1/2025 0:58:25,1.17.2,PRexp,10,3.88,nan,118,Left,Left,2517,209,226,31,nan,nan,0.25
11/1/2025 0:58:30,1.17.2,PRexp,10,3.87,nan,118,Left,Left,2518,209,226,31,nan,nan,0.57
11/1/2025 0:58:42,1.17.2,PRexp,10,3.87,nan,118,Left,Left,2519,209,226,31,nan,nan,0.23
11/1/2025 0:58:44,1.17.2,PRexp,10,3.87,nan,118,Left,Left,2520,209,226,31,nan,nan,0.88
11/1/2025 0:58:46,1.17.2,PRexp,10,3.87,nan,118,Left,Left,2521,209,226,31,nan,nan,0.04
11/1/2025 0:58:48,1.17.2,PRexp,10,3.87,nan,118,Left,Left,2522,209,226,31,nan,nan,1.13
11/1/2025 0:58:53,1.17.2,PRexp,10,3.87,nan,118,Left,Left,2523,209,226,31,nan,nan,0.13
11/1/2025 0:58:55,1.17.2,PRexp,10,3.88,nan,118,Left,Left,2524,209,226,31,nan,nan,0.30
11/1/2025 0:58:57,1.17.2,PRexp,10,3.87,nan,118,Left,Left,2525,209,226,31,nan,nan,0.62
11/1/2025 0:58:58,1.17.2,PRexp,10,3.88,nan,118,Left,Left,2526,209,226,31,nan,nan,0.19
11/1/2025 0:59:29,1.17.2,PRexp,10,3.87,nan,118,Left,Left,2527,209,226,31,nan,nan,0.19
11/1/2025 1:33:41,1.17.2,PRexp,10,3.88,nan,1,Left,Left,2528,209,226,0,nan,nan,0.97
11/1/2025 1:33:49,1.17.2,PRexp,10,3.87,5,1,Pellet,Left,2528,209,227,1,0.33,5617,nan
11/1/2025 1:34:19,1.17.2,PRexp,10,3.87,nan,1,Left,Left,2529,209,227,1,nan,nan,0.06
11/1/2025 1:34:25,1.17.2,PRexp,10,3.87,4,1,Pellet,Left,2529,209,228,2,0.50,36,nan
11/1/2025 1:34:56,1.17.2,PRexp,10,3.87,nan,2,Left,Left,2530,209,228,2,nan,nan,0.07
11/1/2025 1:35:03,1.17.2,PRexp,10,3.87,nan,2,Left,Left,2531,209,228,2,nan,nan,0.13
11/1/2025 1:35:11,1.17.2,PRexp,10,3.87,5,2,Pellet,Left,2531,209,229,3,0.05,46,nan
11/1/2025 1:35:50,1.17.2,PRexp,10,3.87,nan,2,Left,Left,2532,209,229,3,nan,nan,0.04
11/1/2025 1:35:55,1.17.2,PRexp,10,3.87,nan,2,Left,Left,2533,209,229,3,nan,nan,0.25
11/1/2025 1:35:55,1.17.2,PRexp,10,3.87,nan,2,LeftDuringDispense,Left,2534,209,229,4,nan,nan,0.06
11/1/2025 1:36:03,1.17.2,PRexp,10,3.87,5,2,Pellet,Left,2534,209,230,4,0.05,52,nan
11/1/2025 1:36:47,1.17.2,PRexp,10,3.87,nan,3,Left,Left,2535,209,230,4,nan,nan,0.04
11/1/2025 1:36:49,1.17.2,PRexp,10,3.87,nan,3,Left,Left,2536,209,230,4,nan,nan,0.15
11/1/2025 1:36:51,1.17.2,PRexp,10,3.87,nan,3,Left,Left,2537,209,230,4,nan,nan,0.14
11/1/2025 1:37:01,1.17.2,PRexp,10,3.87,6,3,Pellet,Left,2537,209,231,5,0.05,58,nan
11/1/2025 1:38:00,1.17.2,PRexp,10,3.87,nan,4,Left,Left,2538,209,231,5,nan,nan,0.74
11/1/2025 1:38:05,1.17.2,PRexp,10,3.87,nan,4,Left,Left,2539,209,231,5,nan,nan,0.82
11/1/2025 1:38:06,1.17.2,PRexp,10,3.87,nan,4,Left,Left,2540,209,231,5,nan,nan,0.03
11/1/2025 1:38:07,1.17.2,PRexp,10,3.87,nan,4,Left,Left,2541,209,231,5,nan,nan,0.17
11/1/2025 1:38:13,1.17.2,PRexp,10,3.87,4,4,Pellet,Left,2541,209,232,6,0.22,72,nan
11/1/2025 1:38:45,1.17.2,PRexp,10,3.87,nan,5,Left,Left,2542,209,232,6,nan,nan,0.12
11/1/2025 1:38:46,1.17.2,PRexp,10,3.87,nan,5,Left,Left,2543,209,232,6,nan,nan,0.00
11/1/2025 1:38:47,1.17.2,PRexp,10,3.87,nan,5,Left,Left,2544,209,232,6,nan,nan,0.48
11/1/2025 1:38:50,1.17.2,PRexp,10,3.87,nan,5,Left,Left,2545,209,232,6,nan,nan,0.85
11/1/2025 1:38:52,1.17.2,PRexp,10,3.87,nan,5,Left,Left,2546,209,232,6,nan,nan,0.78
11/1/2025 1:39:00,1.17.2,PRexp,10,3.87,5,5,Pellet,Left,2546,209,233,7,0.05,47,nan
11/1/2025 1:39:29,1.17.2,PRexp,10,3.87,nan,6,Left,Left,2547,209,233,7,nan,nan,0.25
11/1/2025 1:39:33,1.17.2,PRexp,10,3.87,nan,6,Left,Left,2548,209,233,7,nan,nan,0.62
11/1/2025 1:39:35,1.17.2,PRexp,10,3.87,nan,6,Left,Left,2549,209,233,7,nan,nan,1.08
11/1/2025 1:39:36,1.17.2,PRexp,10,3.87,nan,6,Left,Left,2550,209,233,7,nan,nan,0.03
11/1/2025 1:39:39,1.17.2,PRexp,10,3.87,nan,6,Left,Left,2551,209,233,7,nan,nan,1.43
11/1/2025 1:39:45,1.17.2,PRexp,10,3.87,nan,6,Left,Left,2552,209,233,7,nan,nan,0.78
11/1/2025 1:39:51,1.17.2,PRexp,10,3.87,4,6,Pellet,Left,2552,209,234,8,0.66,51,nan
11/1/2025 1:40:23,1.17.2,PRexp,10,3.87,nan,7,Left,Left,2553,209,234,8,nan,nan,0.01
11/1/2025 1:40:25,1.17.2,PRexp,10,3.87,nan,7,Left,Left,2554,209,234,8,nan,nan,1.25
11/1/2025 1:40:28,1.17.2,PRexp,10,3.87,nan,7,Left,Left,2555,209,234,8,nan,nan,0.83
11/1/2025 1:40:29,1.17.2,PRexp,10,3.87,nan,7,Left,Left,2556,209,234,8,nan,nan,0.42
11/1/2025 1:40:33,1.17.2,PRexp,10,3.87,nan,7,Left,Left,2557,209,234,8,nan,nan,1.32
11/1/2025 1:40:35,1.17.2,PRexp,10,3.87,nan,7,Left,Left,2558,209,234,8,nan,nan,0.30
11/1/2025 1:40:39,1.17.2,PRexp,10,3.87,nan,7,Left,Left,2559,209,234,8,nan,nan,1.19
11/1/2025 1:40:40,1.17.2,PRexp,10,3.87,nan,7,LeftDuringDispense,Left,2560,209,234,9,nan,nan,0.06
11/1/2025 1:40:48,1.17.2,PRexp,10,3.87,5,7,Pellet,Left,2560,209,235,9,0.33,56,nan
11/1/2025 1:41:23,1.17.2,PRexp,10,3.87,nan,9,Left,Left,2561,209,235,9,nan,nan,0.13
11/1/2025 1:41:25,1.17.2,PRexp,10,3.87,nan,9,Left,Left,2562,209,235,9,nan,nan,0.88
11/1/2025 1:41:26,1.17.2,PRexp,10,3.87,nan,9,Left,Left,2563,209,235,9,nan,nan,0.17
11/1/2025 1:41:33,1.17.2,PRexp,10,3.87,nan,9,Left,Left,2564,209,235,9,nan,nan,2.01
11/1/2025 1:41:35,1.17.2,PRexp,10,3.87,nan,9,Left,Left,2565,209,235,9,nan,nan,0.56
11/1/2025 1:41:36,1.17.2,PRexp,10,3.87,nan,9,Left,Left,2566,209,235,9,nan,nan,0.02
11/1/2025 1:41:40,1.17.2,PRexp,10,3.87,nan,9,Left,Left,2567,209,235,9,nan,nan,0.71
11/1/2025 1:41:42,1.17.2,PRexp,10,3.87,nan,9,Left,Left,2568,209,235,9,nan,nan,0.59
11/1/2025 1:41:45,1.17.2,PRexp,10,3.87,nan,9,Left,Left,2569,209,235,9,nan,nan,0.18
11/1/2025 1:41:48,1.17.2,PRexp,10,3.87,3,9,Pellet,Left,2569,209,236,10,0.44,61,nan
11/1/2025 1:43:36,1.17.2,PRexp,10,3.87,nan,10,Left,Left,2570,209,236,10,nan,nan,0.13
11/1/2025 1:43:47,1.17.2,PRexp,10,3.87,nan,10,Left,Left,2571,209,236,10,nan,nan,0.21
11/1/2025 1:43:54,1.17.2,PRexp,10,3.87,nan,10,Left,Left,2572,209,236,10,nan,nan,0.00
11/1/2025 1:43:59,1.17.2,PRexp,10,3.87,nan,10,Left,Left,2573,209,236,10,nan,nan,0.12
11/1/2025 1:44:00,1.17.2,PRexp,10,3.87,nan,10,Left,Left,2574,209,236,10,nan,nan,0.13
11/1/2025 1:56:08,1.17.2,PRexp,10,3.87,nan,10,Left,Left,2575,209,236,10,nan,nan,0.46
11/1/2025 1:56:11,1.17.2,PRexp,10,3.87,nan,10,Left,Left,2576,209,236,10,nan,nan,0.70
11/1/2025 1:56:16,1.17.2,PRexp,10,3.87,nan,10,Left,Left,2577,209,236,10,nan,nan,0.84
11/1/2025 1:56:19,1.17.2,PRexp,10,3.87,nan,10,Left,Left,2578,209,236,10,nan,nan,1.02
11/1/2025 1:56:26,1.17.2,PRexp,10,3.87,nan,10,Left,Left,2579,209,236,10,nan,nan,0.69
11/1/2025 1:56:34,1.17.2,PRexp,10,3.87,5,10,Pellet,Left,2579,209,237,11,0.55,886,nan
11/1/2025 1:57:56,1.17.2,PRexp,10,3.87,nan,12,Left,Left,2580,209,237,11,nan,nan,0.11
11/1/2025 1:57:58,1.17.2,PRexp,10,3.87,nan,12,Left,Left,2581,209,237,11,nan,nan,1.15
11/1/2025 1:58:01,1.17.2,PRexp,10,3.87,nan,12,Left,Left,2582,209,237,11,nan,nan,0.91
11/1/2025 1:58:04,1.17.2,PRexp,10,3.87,nan,12,Left,Left,2583,209,237,11,nan,nan,0.96
11/1/2025 1:58:08,1.17.2,PRexp,10,3.87,nan,12,Left,Left,2584,209,237,11,nan,nan,2.47
11/1/2025 1:58:10,1.17.2,PRexp,10,3.87,nan,12,Left,Left,2585,209,237,11,nan,nan,1.03
11/1/2025 1:58:11,1.17.2,PRexp,10,3.87,nan,12,Left,Left,2586,209,237,11,nan,nan,0.21
11/1/2025 1:58:12,1.17.2,PRexp,10,3.87,nan,12,Left,Left,2587,209,237,11,nan,nan,0.83
11/1/2025 1:58:15,1.17.2,PRexp,10,3.87,nan,12,Left,Left,2588,209,237,11,nan,nan,0.60
11/1/2025 1:58:16,1.17.2,PRexp,10,3.87,nan,12,Left,Left,2589,209,237,11,nan,nan,0.64
11/1/2025 1:58:22,1.17.2,PRexp,10,3.87,nan,12,Left,Left,2590,209,237,11,nan,nan,1.81
11/1/2025 1:58:24,1.17.2,PRexp,10,3.87,nan,12,Left,Left,2591,209,237,11,nan,nan,0.72
11/1/2025 1:58:31,1.17.2,PRexp,10,3.87,5,12,Pellet,Left,2591,209,238,12,0.11,117,nan
11/1/2025 1:59:03,1.17.2,PRexp,10,3.87,nan,13,Left,Left,2592,209,238,12,nan,nan,0.07
11/1/2025 1:59:05,1.17.2,PRexp,10,3.87,nan,13,Left,Left,2593,209,238,12,nan,nan,0.04
11/1/2025 1:59:17,1.17.2,PRexp,10,3.87,nan,13,Left,Left,2594,209,238,12,nan,nan,1.21
11/1/2025 1:59:18,1.17.2,PRexp,10,3.87,nan,13,Left,Left,2595,209,238,12,nan,nan,0.06
11/1/2025 1:59:20,1.17.2,PRexp,10,3.87,nan,13,Left,Left,2596,209,238,12,nan,nan,0.00
11/1/2025 1:59:22,1.17.2,PRexp,10,3.87,nan,13,Left,Left,2597,209,238,12,nan,nan,0.85
11/1/2025 1:59:24,1.17.2,PRexp,10,3.87,nan,13,Left,Left,2598,209,238,12,nan,nan,0.54
11/1/2025 1:59:26,1.17.2,PRexp,10,3.87,nan,13,Left,Left,2599,209,238,12,nan,nan,0.06
11/1/2025 1:59:28,1.17.2,PRexp,10,3.87,nan,13,Left,Left,2600,209,238,12,nan,nan,0.97
11/1/2025 1:59:29,1.17.2,PRexp,10,3.87,nan,13,Left,Left,2601,209,238,12,nan,nan,0.06
11/1/2025 1:59:34,1.17.2,PRexp,10,3.87,nan,13,Left,Left,2602,209,238,12,nan,nan,0.57
11/1/2025 1:59:36,1.17.2,PRexp,10,3.87,nan,13,Left,Left,2603,209,238,12,nan,nan,0.58
11/1/2025 1:59:37,1.17.2,PRexp,10,3.87,nan,13,Left,Left,2604,209,238,12,nan,nan,0.00
11/1/2025 1:59:43,1.17.2,PRexp,10,3.87,4,13,Pellet,Left,2604,209,239,13,0.05,72,nan
11/1/2025 2:00:12,1.17.2,PRexp,10,3.87,nan,15,Left,Left,2605,209,239,13,nan,nan,0.05
11/1/2025 2:00:15,1.17.2,PRexp,10,3.87,nan,15,Left,Left,2606,209,239,13,nan,nan,0.04
11/1/2025 2:00:21,1.17.2,PRexp,10,3.87,nan,15,Left,Left,2607,209,239,13,nan,nan,0.25
11/1/2025 2:00:27,1.17.2,PRexp,10,3.87,nan,15,Left,Left,2608,209,239,13,nan,nan,0.18
11/1/2025 2:00:29,1.17.2,PRexp,10,3.87,nan,15,Left,Left,2609,209,239,13,nan,nan,0.24
11/1/2025 2:00:35,1.17.2,PRexp,10,3.87,nan,15,Left,Left,2610,209,239,13,nan,nan,0.94
11/1/2025 2:00:36,1.17.2,PRexp,10,3.87,nan,15,Left,Left,2611,209,239,13,nan,nan,0.01
11/1/2025 2:00:37,1.17.2,PRexp,10,3.87,nan,15,Left,Left,2612,209,239,13,nan,nan,0.41
11/1/2025 2:00:40,1.17.2,PRexp,10,3.87,nan,15,Left,Left,2613,209,239,13,nan,nan,0.27
11/1/2025 2:01:40,1.17.2,PRexp,10,3.87,nan,15,Left,Left,2614,209,239,13,nan,nan,0.47
11/1/2025 2:01:44,1.17.2,PRexp,10,3.87,nan,15,Left,Left,2615,209,239,13,nan,nan,0.55
11/1/2025 2:20:02,1.17.2,PRexp,10,3.87,nan,15,Left,Left,2616,209,239,13,nan,nan,1.89
11/1/2025 2:20:04,1.17.2,PRexp,10,3.87,nan,15,Left,Left,2617,209,239,13,nan,nan,0.29
11/1/2025 2:20:07,1.17.2,PRexp,10,3.87,nan,15,Left,Left,2618,209,239,13,nan,nan,0.26
11/1/2025 2:20:08,1.17.2,PRexp,10,3.87,nan,15,Left,Left,2619,209,239,13,nan,nan,0.27
11/1/2025 2:20:16,1.17.2,PRexp,10,3.87,5,15,Pellet,Left,2619,209,240,14,0.05,1233,nan
11/1/2025 2:20:40,1.17.2,PRexp,10,3.87,nan,17,Left,Left,2620,209,240,14,nan,nan,0.04
11/1/2025 2:20:41,1.17.2,PRexp,10,3.87,nan,17,Left,Left,2621,209,240,14,nan,nan,0.12
11/1/2025 2:20:43,1.17.2,PRexp,10,3.87,nan,17,Left,Left,2622,209,240,14,nan,nan,0.05
11/1/2025 2:20:46,1.17.2,PRexp,10,3.87,nan,17,Left,Left,2623,209,240,14,nan,nan,0.09
11/1/2025 2:20:47,1.17.2,PRexp,10,3.87,nan,17,Left,Left,2624,209,240,14,nan,nan,0.14
11/1/2025 2:20:50,1.17.2,PRexp,10,3.87,nan,17,Left,Left,2625,209,240,14,nan,nan,0.26
11/1/2025 2:20:53,1.17.2,PRexp,10,3.87,nan,17,Left,Left,2626,209,240,14,nan,nan,0.15
11/1/2025 2:20:55,1.17.2,PRexp,10,3.87,nan,17,Left,Left,2627,209,240,14,nan,nan,0.59
11/1/2025 2:20:56,1.17.2,PRexp,10,3.87,nan,17,Left,Left,2628,209,240,14,nan,nan,0.04
11/1/2025 2:20:57,1.17.2,PRexp,10,3.87,nan,17,Left,Left,2629,209,240,14,nan,nan,0.00
11/1/2025 2:21:02,1.17.2,PRexp,10,3.87,nan,17,Left,Left,2630,209,240,14,nan,nan,0.28
11/1/2025 2:21:05,1.17.2,PRexp,10,3.87,nan,17,Left,Left,2631,209,240,14,nan,nan,0.18
11/1/2025 2:21:06,1.17.2,PRexp,10,3.87,nan,17,Left,Left,2632,209,240,14,nan,nan,0.07
11/1/2025 2:21:10,1.17.2,PRexp,10,3.87,nan,17,Left,Left,2633,209,240,14,nan,nan,0.25
11/1/2025 2:21:11,1.17.2,PRexp,10,3.87,nan,17,Left,Left,2634,209,240,14,nan,nan,0.19
11/1/2025 2:37:21,1.17.2,PRexp,10,3.87,nan,17,Left,Left,2635,209,240,14,nan,nan,0.86
11/1/2025 2:37:25,1.17.2,PRexp,10,3.87,nan,17,Left,Left,2636,209,240,14,nan,nan,0.17
11/1/2025 2:37:33,1.17.2,PRexp,10,3.87,5,17,Pellet,Left,2636,209,241,15,0.66,1037,nan
11/1/2025 2:44:01,1.17.2,PRexp,10,3.87,nan,20,Left,Left,2637,209,241,15,nan,nan,0.10
11/1/2025 2:44:03,1.17.2,PRexp,10,3.87,nan,20,Left,Left,2638,209,241,15,nan,nan,0.05
11/1/2025 2:44:05,1.17.2,PRexp,10,3.87,nan,20,Left,Left,2639,209,241,15,nan,nan,0.07
11/1/2025 2:44:06,1.17.2,PRexp,10,3.87,nan,20,Left,Left,2640,209,241,15,nan,nan,0.22
11/1/2025 2:44:09,1.17.2,PRexp,10,3.87,nan,20,Left,Left,2641,209,241,15,nan,nan,0.30
11/1/2025 2:44:13,1.17.2,PRexp,10,3.87,nan,20,Left,Left,2642,209,241,15,nan,nan,1.41
11/1/2025 2:44:16,1.17.2,PRexp,10,3.87,nan,20,Left,Left,2643,209,241,15,nan,nan,0.31
11/1/2025 2:44:19,1.17.2,PRexp,10,3.87,nan,20,Left,Left,2644,209,241,15,nan,nan,0.73
11/1/2025 2:44:19,1.17.2,PRexp,10,3.87,nan,20,Left,Left,2645,209,241,15,nan,nan,0.00
11/1/2025 2:44:21,1.17.2,PRexp,10,3.87,nan,20,Left,Left,2646,209,241,15,nan,nan,1.03
11/1/2025 2:44:24,1.17.2,PRexp,10,3.87,nan,20,Left,Left,2647,209,241,15,nan,nan,2.01
11/1/2025 2:44:27,1.17.2,PRexp,10,3.87,nan,20,Left,Left,2648,209,241,15,nan,nan,0.75
11/1/2025 2:44:31,1.17.2,PRexp,10,3.87,nan,20,Left,Left,2649,209,241,15,nan,nan,1.46
11/1/2025 2:44:43,1.17.2,PRexp,10,3.87,nan,20,Left,Left,2650,209,241,15,nan,nan,1.52
11/1/2025 2:44:45,1.17.2,PRexp,10,3.87,nan,20,Left,Left,2651,209,241,15,nan,nan,0.60
11/1/2025 2:44:48,1.17.2,PRexp,10,3.87,nan,20,Left,Left,2652,209,241,15,nan,nan,0.06
11/1/2025 2:44:50,1.17.2,PRexp,10,3.87,nan,20,Left,Left,2653,209,241,15,nan,nan,0.09
11/1/2025 2:55:25,1.17.2,PRexp,10,3.87,nan,20,Left,Left,2654,209,241,15,nan,nan,1.22
11/1/2025 2:55:26,1.17.2,PRexp,10,3.87,nan,20,Left,Left,2655,209,241,15,nan,nan,0.23
11/1/2025 2:55:26,1.17.2,PRexp,10,3.87,nan,20,Left,Left,2656,209,241,15,nan,nan,0.14
11/1/2025 2:55:34,1.17.2,PRexp,10,3.87,5,20,Pellet,Left,2656,209,242,16,0.33,1081,nan
11/1/2025 2:59:36,1.17.2,PRexp,10,3.87,nan,22,Left,Left,2657,209,242,16,nan,nan,0.02
11/1/2025 2:59:41,1.17.2,PRexp,10,3.87,nan,22,Left,Left,2658,209,242,16,nan,nan,2.43
11/1/2025 2:59:43,1.17.2,PRexp,10,3.87,nan,22,Left,Left,2659,209,242,16,nan,nan,0.65
11/1/2025 2:59:46,1.17.2,PRexp,10,3.87,nan,22,Left,Left,2660,209,242,16,nan,nan,1.23
11/1/2025 2:59:51,1.17.2,PRexp,10,3.87,nan,22,Left,Left,2661,209,242,16,nan,nan,2.79
11/1/2025 2:59:52,1.17.2,PRexp,10,3.87,nan,22,Left,Left,2662,209,242,16,nan,nan,0.59
11/1/2025 2:59:54,1.17.2,PRexp,10,3.86,nan,22,Left,Left,2663,209,242,16,nan,nan,0.04
11/1/2025 2:59:59,1.17.2,PRexp,10,3.87,nan,22,Left,Left,2664,209,242,16,nan,nan,2.54
11/1/2025 3:00:00,1.17.2,PRexp,10,3.87,nan,22,Left,Left,2665,209,242,16,nan,nan,0.00
11/1/2025 3:00:02,1.17.2,PRexp,10,3.87,nan,22,Left,Left,2666,209,242,16,nan,nan,0.55
11/1/2025 3:00:02,1.17.2,PRexp,10,3.87,nan,22,Left,Left,2667,209,242,16,nan,nan,0.00
11/1/2025 3:00:09,1.17.2,PRexp,10,3.87,nan,22,Left,Left,2668,209,242,16,nan,nan,1.06
11/1/2025 3:00:09,1.17.2,PRexp,10,3.87,nan,22,Left,Left,2669,209,242,16,nan,nan,0.00
11/1/2025 3:00:12,1.17.2,PRexp,10,3.87,nan,22,Left,Left,2670,209,242,16,nan,nan,0.37
11/1/2025 3:00:12,1.17.2,PRexp,10,3.87,nan,22,Left,Left,2671,209,242,16,nan,nan,0.00
11/1/2025 3:00:14,1.17.2,PRexp,10,3.87,nan,22,Left,Left,2672,209,242,16,nan,nan,0.13
11/1/2025 3:00:45,1.17.2,PRexp,10,3.86,nan,22,Left,Left,2673,209,242,16,nan,nan,0.06
11/1/2025 3:02:07,1.17.2,PRexp,10,3.87,nan,22,Left,Left,2674,209,242,16,nan,nan,0.19
11/1/2025 3:02:16,1.17.2,PRexp,10,3.87,nan,22,Left,Left,2675,209,242,16,nan,nan,0.05
11/1/2025 3:04:50,1.17.2,PRexp,10,3.87,nan,22,Left,Left,2676,209,242,16,nan,nan,0.02
11/1/2025 3:04:56,1.17.2,PRexp,10,3.87,nan,22,Left,Left,2677,209,242,16,nan,nan,1.14
11/1/2025 3:04:59,1.17.2,PRexp,10,3.87,nan,22,Left,Left,2678,209,242,16,nan,nan,1.10
11/1/2025 3:04:59,1.17.2,PRexp,10,3.87,nan,22,LeftDuringDispense,Left,2679,209,242,17,nan,nan,0.05
11/1/2025 3:05:02,1.17.2,PRexp,10,3.87,nan,22,LeftDuringDispense,Left,2680,209,242,17,nan,nan,0.01
11/1/2025 3:05:12,1.17.2,PRexp,10,3.87,6,22,Pellet,Left,2680,209,243,17,0.44,578,nan
11/1/2025 3:06:21,1.17.2,PRexp,10,3.87,nan,25,Left,Left,2681,209,243,17,nan,nan,1.67
11/1/2025 3:06:22,1.17.2,PRexp,10,3.87,nan,25,Left,Left,2682,209,243,17,nan,nan,0.00
11/1/2025 3:06:25,1.17.2,PRexp,10,3.87,nan,25,Left,Left,2683,209,243,17,nan,nan,1.92
11/1/2025 3:06:26,1.17.2,PRexp,10,3.87,nan,25,Left,Left,2684,209,243,17,nan,nan,0.32
11/1/2025 3:06:27,1.17.2,PRexp,10,3.87,nan,25,Left,Left,2685,209,243,17,nan,nan,0.08
11/1/2025 3:06:30,1.17.2,PRexp,10,3.87,nan,25,Left,Left,2686,209,243,17,nan,nan,0.77
11/1/2025 3:06:31,1.17.2,PRexp,10,3.87,nan,25,Left,Left,2687,209,243,17,nan,nan,0.00
11/1/2025 3:06:33,1.17.2,PRexp,10,3.87,nan,25,Left,Left,2688,209,243,17,nan,nan,0.01
11/1/2025 3:06:36,1.17.2,PRexp,10,3.87,nan,25,Left,Left,2689,209,243,17,nan,nan,2.03
11/1/2025 3:06:39,1.17.2,PRexp,10,3.87,nan,25,Left,Left,2690,209,243,17,nan,nan,0.84
11/1/2025 3:06:42,1.17.2,PRexp,10,3.87,nan,25,Left,Left,2691,209,243,17,nan,nan,1.11
11/1/2025 3:06:46,1.17.2,PRexp,10,3.87,nan,25,Left,Left,2692,209,243,17,nan,nan,1.86
11/1/2025 3:06:50,1.17.2,PRexp,10,3.86,nan,25,Left,Left,2693,209,243,17,nan,nan,0.28
11/1/2025 3:06:53,1.17.2,PRexp,10,3.87,nan,25,Left,Left,2694,209,243,17,nan,nan,0.54
11/1/2025 3:15:04,1.17.2,PRexp,10,3.87,nan,25,Left,Left,2695,209,243,17,nan,nan,0.13
11/1/2025 3:15:05,1.17.2,PRexp,10,3.87,nan,25,Left,Left,2696,209,243,17,nan,nan,0.11
11/1/2025 3:15:06,1.17.2,PRexp,10,3.87,nan,25,Left,Left,2697,209,243,17,nan,nan,0.45
11/1/2025 3:15:09,1.17.2,PRexp,10,3.87,nan,25,Left,Left,2698,209,243,17,nan,nan,0.49
11/1/2025 3:15:13,1.17.2,PRexp,10,3.87,nan,25,Left,Left,2699,209,243,17,nan,nan,0.04
11/1/2025 3:15:14,1.17.2,PRexp,10,3.87,nan,25,Left,Left,2700,209,243,17,nan,nan,0.07
11/1/2025 3:16:13,1.17.2,PRexp,10,3.87,nan,25,Left,Left,2701,209,243,17,nan,nan,0.22
11/1/2025 3:19:27,1.17.2,PRexp,10,3.87,nan,25,Left,Left,2702,209,243,17,nan,nan,0.62
11/1/2025 3:19:29,1.17.2,PRexp,10,3.87,nan,25,Left,Left,2703,209,243,17,nan,nan,0.03
11/1/2025 3:19:32,1.17.2,PRexp,10,3.87,nan,25,Left,Left,2704,209,243,17,nan,nan,0.77
11/1/2025 3:19:33,1.17.2,PRexp,10,3.87,nan,25,Left,Left,2705,209,243,17,nan,nan,0.01
11/1/2025 3:19:34,1.17.2,PRexp,10,3.87,nan,25,LeftDuringDispense,Left,2706,209,243,18,nan,nan,0.03
11/1/2025 3:19:46,1.17.2,PRexp,10,3.87,7,25,Pellet,Left,2706,209,244,18,0.22,874,nan
11/1/2025 3:22:17,1.17.2,PRexp,10,3.87,nan,28,Left,Left,2707,209,244,18,nan,nan,0.02
11/1/2025 3:22:21,1.17.2,PRexp,10,3.87,nan,28,Left,Left,2708,209,244,18,nan,nan,0.09
11/1/2025 3:22:23,1.17.2,PRexp,10,3.87,nan,28,Left,Left,2709,209,244,18,nan,nan,0.13
11/1/2025 3:22:36,1.17.2,PRexp,10,3.87,nan,28,Left,Left,2710,209,244,18,nan,nan,0.04
11/1/2025 3:23:18,1.17.2,PRexp,10,3.87,nan,28,Right,Left,2710,210,244,18,nan,nan,0.11
11/1/2025 3:23:20,1.17.2,PRexp,10,3.87,nan,28,Right,Left,2710,211,244,18,nan,nan,0.68
11/1/2025 3:24:53,1.17.2,PRexp,10,3.87,nan,28,Left,Left,2711,211,244,18,nan,nan,0.11
11/1/2025 3:24:54,1.17.2,PRexp,10,3.87,nan,28,Left,Left,2712,211,244,18,nan,nan,0.10
11/1/2025 3:27:35,1.17.2,PRexp,10,3.87,nan,28,Left,Left,2713,211,244,18,nan,nan,0.08
11/1/2025 3:27:41,1.17.2,PRexp,10,3.87,nan,28,Left,Left,2714,211,244,18,nan,nan,0.04
11/1/2025 3:27:44,1.17.2,PRexp,10,3.87,nan,28,Left,Left,2715,211,244,18,nan,nan,0.02
11/1/2025 3:27:45,1.17.2,PRexp,10,3.87,nan,28,Left,Left,2716,211,244,18,nan,nan,0.52
11/1/2025 3:27:46,1.17.2,PRexp,10,3.87,nan,28,Left,Left,2717,211,244,18,nan,nan,0.00
11/1/2025 3:27:49,1.17.2,PRexp,10,3.87,nan,28,Left,Left,2718,211,244,18,nan,nan,0.12
11/1/2025 3:28:03,1.17.2,PRexp,10,3.87,nan,28,Left,Left,2719,211,244,18,nan,nan,0.15
11/1/2025 3:28:05,1.17.2,PRexp,10,3.87,nan,28,Left,Left,2720,211,244,18,nan,nan,0.16
11/1/2025 3:28:09,1.17.2,PRexp,10,3.87,nan,28,Left,Left,2721,211,244,18,nan,nan,0.25
11/1/2025 3:30:16,1.17.2,PRexp,10,3.87,nan,28,Left,Left,2722,211,244,18,nan,nan,0.37
11/1/2025 3:30:17,1.17.2,PRexp,10,3.87,nan,28,Left,Left,2723,211,244,18,nan,nan,0.47
11/1/2025 3:30:23,1.17.2,PRexp,10,3.87,nan,28,Left,Left,2724,211,244,18,nan,nan,0.14
11/1/2025 3:30:25,1.17.2,PRexp,10,3.87,nan,28,Left,Left,2725,211,244,18,nan,nan,0.34
11/1/2025 3:30:25,1.17.2,PRexp,10,3.87,nan,28,Left,Left,2726,211,244,18,nan,nan,0.05
11/1/2025 3:30:26,1.17.2,PRexp,10,3.87,nan,28,Left,Left,2727,211,244,18,nan,nan,0.11
11/1/2025 3:30:28,1.17.2,PRexp,10,3.87,nan,28,Left,Left,2728,211,244,18,nan,nan,0.21
11/1/2025 3:30:29,1.17.2,PRexp,10,3.87,nan,28,Left,Left,2729,211,244,18,nan,nan,0.25
11/1/2025 3:32:07,1.17.2,PRexp,10,3.87,nan,28,Left,Left,2730,211,244,18,nan,nan,0.14
11/1/2025 3:32:08,1.17.2,PRexp,10,3.87,nan,28,Left,Left,2731,211,244,18,nan,nan,0.14
11/1/2025 3:32:10,1.17.2,PRexp,10,3.87,nan,28,Left,Left,2732,211,244,18,nan,nan,0.07
11/1/2025 3:32:11,1.17.2,PRexp,10,3.87,nan,28,Left,Left,2733,211,244,18,nan,nan,0.00
11/1/2025 3:32:12,1.17.2,PRexp,10,3.87,nan,28,Left,Left,2734,211,244,18,nan,nan,0.01
11/1/2025 3:32:13,1.17.2,PRexp,10,3.87,nan,28,LeftDuringDispense,Left,2735,211,244,19,nan,nan,0.08
11/1/2025 3:32:23,1.17.2,PRexp,10,3.87,6,28,Pellet,Left,2735,211,245,19,0.05,757,nan
11/1/2025 3:33:05,1.17.2,PRexp,10,3.87,nan,32,Left,Left,2736,211,245,19,nan,nan,0.05
11/1/2025 3:33:06,1.17.2,PRexp,10,3.87,nan,32,Left,Left,2737,211,245,19,nan,nan,0.11
11/1/2025 3:33:07,1.17.2,PRexp,10,3.87,nan,32,Left,Left,2738,211,245,19,nan,nan,0.10
11/1/2025 3:33:14,1.17.2,PRexp,10,3.87,nan,32,Left,Left,2739,211,245,19,nan,nan,0.10
11/1/2025 3:33:15,1.17.2,PRexp,10,3.87,nan,32,Left,Left,2740,211,245,19,nan,nan,0.00
11/1/2025 3:33:17,1.17.2,PRexp,10,3.87,nan,32,Left,Left,2741,211,245,19,nan,nan,0.01
11/1/2025 3:33:19,1.17.2,PRexp,10,3.87,nan,32,Left,Left,2742,211,245,19,nan,nan,0.24
11/1/2025 3:33:23,1.17.2,PRexp,10,3.87,nan,32,Left,Left,2743,211,245,19,nan,nan,0.06
11/1/2025 3:33:25,1.17.2,PRexp,10,3.86,nan,32,Left,Left,2744,211,245,19,nan,nan,0.01
11/1/2025 3:33:32,1.17.2,PRexp,10,3.87,nan,32,Left,Left,2745,211,245,19,nan,nan,0.02
11/1/2025 3:33:35,1.17.2,PRexp,10,3.87,nan,32,Left,Left,2746,211,245,19,nan,nan,0.32
11/1/2025 3:34:22,1.17.2,PRexp,10,3.87,nan,32,Left,Left,2747,211,245,19,nan,nan,0.03
11/1/2025 3:34:34,1.17.2,PRexp,10,3.87,nan,32,Right,Left,2747,212,245,19,nan,nan,0.48
11/1/2025 3:34:46,1.17.2,PRexp,10,3.87,nan,32,Left,Left,2748,212,245,19,nan,nan,0.07
11/1/2025 3:34:48,1.17.2,PRexp,10,3.87,nan,32,Left,Left,2749,212,245,19,nan,nan,0.05
11/1/2025 3:34:49,1.17.2,PRexp,10,3.87,nan,32,Left,Left,2750,212,245,19,nan,nan,0.07
11/1/2025 3:39:43,1.17.2,PRexp,10,3.87,nan,32,Left,Left,2751,212,245,19,nan,nan,0.12
11/1/2025 3:39:45,1.17.2,PRexp,10,3.85,nan,32,Left,Left,2752,212,245,19,nan,nan,0.01
11/1/2025 3:39:47,1.17.2,PRexp,10,3.87,nan,32,Left,Left,2753,212,245,19,nan,nan,0.04
11/1/2025 3:43:08,1.17.2,PRexp,10,3.87,nan,32,Left,Left,2754,212,245,19,nan,nan,0.01
11/1/2025 3:43:10,1.17.2,PRexp,10,3.87,nan,32,Left,Left,2755,212,245,19,nan,nan,0.05
11/1/2025 3:43:12,1.17.2,PRexp,10,3.87,nan,32,Left,Left,2756,212,245,19,nan,nan,0.28
11/1/2025 3:43:15,1.17.2,PRexp,10,3.87,nan,32,Left,Left,2757,212,245,19,nan,nan,0.21
11/1/2025 3:43:18,1.17.2,PRexp,10,3.87,nan,32,Left,Left,2758,212,245,19,nan,nan,0.08
11/1/2025 3:43:19,1.17.2,PRexp,10,3.85,nan,32,Left,Left,2759,212,245,19,nan,nan,0.12
11/1/2025 3:43:20,1.17.2,PRexp,10,3.87,nan,32,Left,Left,2760,212,245,19,nan,nan,0.14
11/1/2025 3:43:27,1.17.2,PRexp,10,3.87,nan,32,Left,Left,2761,212,245,19,nan,nan,0.12
11/1/2025 3:43:27,1.17.2,PRexp,10,3.87,nan,32,Left,Left,2762,212,245,19,nan,nan,0.00
11/1/2025 3:43:28,1.17.2,PRexp,10,3.87,nan,32,Left,Left,2763,212,245,19,nan,nan,0.08
11/1/2025 3:43:32,1.17.2,PRexp,10,3.87,nan,32,Left,Left,2764,212,245,19,nan,nan,0.25
11/1/2025 3:43:35,1.17.2,PRexp,10,3.87,nan,32,Left,Left,2765,212,245,19,nan,nan,0.23
11/1/2025 3:43:38,1.17.2,PRexp,10,3.86,nan,32,Left,Left,2766,212,245,19,nan,nan,0.02
11/1/2025 3:43:39,1.17.2,PRexp,10,3.87,nan,32,Left,Left,2767,212,245,19,nan,nan,0.00
11/1/2025 3:43:39,1.17.2,PRexp,10,3.87,nan,32,LeftDuringDispense,Left,2768,212,245,20,nan,nan,0.05
11/1/2025 3:43:49,1.17.2,PRexp,10,3.86,6,32,Pellet,Left,2768,212,246,20,0.22,686,nan
11/1/2025 3:49:48,1.17.2,PRexp,10,3.87,nan,36,Right,Left,2768,213,246,20,nan,nan,0.32
11/1/2025 3:50:01,1.17.2,PRexp,10,3.87,nan,36,Left,Left,2769,213,246,20,nan,nan,0.01
11/1/2025 3:50:04,1.17.2,PRexp,10,3.87,nan,36,Left,Left,2770,213,246,20,nan,nan,0.21
11/1/2025 3:50:07,1.17.2,PRexp,10,3.85,nan,36,Left,Left,2771,213,246,20,nan,nan,0.15
11/1/2025 3:50:08,1.17.2,PRexp,10,3.87,nan,36,Left,Left,2772,213,246,20,nan,nan,0.00
11/1/2025 3:50:10,1.17.2,PRexp,10,3.87,nan,36,Left,Left,2773,213,246,20,nan,nan,0.43
11/1/2025 3:50:11,1.17.2,PRexp,10,3.87,nan,36,Left,Left,2774,213,246,20,nan,nan,0.01
11/1/2025 3:50:13,1.17.2,PRexp,10,3.87,nan,36,Left,Left,2775,213,246,20,nan,nan,0.43
11/1/2025 3:51:36,1.17.2,PRexp,10,3.87,nan,36,Left,Left,2776,213,246,20,nan,nan,0.04
11/1/2025 3:51:40,1.17.2,PRexp,10,3.87,nan,36,Left,Left,2777,213,246,20,nan,nan,0.03
11/1/2025 3:52:40,1.17.2,PRexp,10,3.87,nan,36,Left,Left,2778,213,246,20,nan,nan,0.06
11/1/2025 3:53:58,1.17.2,PRexp,10,3.87,nan,36,Left,Left,2779,213,246,20,nan,nan,0.18
11/1/2025 3:54:03,1.17.2,PRexp,10,3.87,nan,36,Left,Left,2780,213,246,20,nan,nan,0.03
11/1/2025 3:54:06,1.17.2,PRexp,10,3.87,nan,36,Left,Left,2781,213,246,20,nan,nan,2.54
11/1/2025 3:58:07,1.17.2,PRexp,10,3.87,nan,36,Left,Left,2782,213,246,20,nan,nan,0.02
11/1/2025 3:58:09,1.17.2,PRexp,10,3.87,nan,36,Left,Left,2783,213,246,20,nan,nan,0.06
11/1/2025 3:58:10,1.17.2,PRexp,10,3.87,nan,36,Left,Left,2784,213,246,20,nan,nan,0.72
11/1/2025 3:58:13,1.17.2,PRexp,10,3.87,nan,36,Left,Left,2785,213,246,20,nan,nan,0.01
11/1/2025 3:58:16,1.17.2,PRexp,10,3.87,nan,36,Left,Left,2786,213,246,20,nan,nan,0.05
11/1/2025 3:58:17,1.17.2,PRexp,10,3.87,nan,36,Left,Left,2787,213,246,20,nan,nan,0.01
11/1/2025 3:58:18,1.17.2,PRexp,10,3.87,nan,36,Left,Left,2788,213,246,20,nan,nan,0.37
11/1/2025 3:58:19,1.17.2,PRexp,10,3.85,nan,36,Left,Left,2789,213,246,20,nan,nan,0.18
11/1/2025 3:58:20,1.17.2,PRexp,10,3.86,nan,36,Left,Left,2790,213,246,20,nan,nan,0.02
11/1/2025 3:58:21,1.17.2,PRexp,10,3.87,nan,36,Left,Left,2791,213,246,20,nan,nan,0.03
11/1/2025 3:58:22,1.17.2,PRexp,10,3.87,nan,36,Left,Left,2792,213,246,20,nan,nan,0.29
11/1/2025 3:58:24,1.17.2,PRexp,10,3.87,nan,36,Left,Left,2793,213,246,20,nan,nan,0.40
11/1/2025 3:58:26,1.17.2,PRexp,10,3.87,nan,36,Left,Left,2794,213,246,20,nan,nan,0.58
11/1/2025 3:58:26,1.17.2,PRexp,10,3.87,nan,36,Left,Left,2795,213,246,20,nan,nan,0.00
11/1/2025 3:58:29,1.17.2,PRexp,10,3.87,nan,36,Left,Left,2796,213,246,20,nan,nan,0.02
11/1/2025 3:58:31,1.17.2,PRexp,10,3.87,nan,36,Left,Left,2797,213,246,20,nan,nan,0.87
11/1/2025 3:58:34,1.17.2,PRexp,10,3.87,nan,36,Left,Left,2798,213,246,20,nan,nan,1.36
11/1/2025 3:58:35,1.17.2,PRexp,10,3.87,nan,36,Left,Left,2799,213,246,20,nan,nan,0.14
11/1/2025 3:58:38,1.17.2,PRexp,10,3.87,nan,36,Left,Left,2800,213,246,20,nan,nan,0.18
11/1/2025 4:23:05,1.17.2,PRexp,10,3.87,nan,36,Left,Left,2801,213,246,20,nan,nan,0.32
11/1/2025 4:23:08,1.17.2,PRexp,10,3.87,nan,36,Left,Left,2802,213,246,20,nan,nan,0.20
11/1/2025 4:23:10,1.17.2,PRexp,10,3.87,nan,36,Left,Left,2803,213,246,20,nan,nan,0.32
11/1/2025 4:23:11,1.17.2,PRexp,10,3.87,nan,36,Left,Left,2804,213,246,20,nan,nan,0.69
11/1/2025 4:23:18,1.17.2,PRexp,10,3.87,4,36,Pellet,Left,2804,213,247,21,0.94,2369,nan
11/1/2025 4:23:51,1.17.2,PRexp,10,3.87,nan,40,Left,Left,2805,213,247,21,nan,nan,0.04
11/1/2025 4:23:52,1.17.2,PRexp,10,3.87,nan,40,Left,Left,2806,213,247,21,nan,nan,0.21
11/1/2025 4:24:13,1.17.2,PRexp,10,3.87,nan,40,Left,Left,2807,213,247,21,nan,nan,0.08
11/1/2025 4:24:15,1.17.2,PRexp,10,3.87,nan,40,Left,Left,2808,213,247,21,nan,nan,1.07
11/1/2025 4:24:18,1.17.2,PRexp,10,3.87,nan,40,Left,Left,2809,213,247,21,nan,nan,1.01
11/1/2025 4:24:20,1.17.2,PRexp,10,3.87,nan,40,Left,Left,2810,213,247,21,nan,nan,0.65
11/1/2025 4:24:22,1.17.2,PRexp,10,3.87,nan,40,Left,Left,2811,213,247,21,nan,nan,0.88
11/1/2025 4:24:24,1.17.2,PRexp,10,3.87,nan,40,Left,Left,2812,213,247,21,nan,nan,0.09
11/1/2025 4:24:25,1.17.2,PRexp,10,3.87,nan,40,Left,Left,2813,213,247,21,nan,nan,0.20
11/1/2025 4:24:32,1.17.2,PRexp,10,3.87,nan,40,Left,Left,2814,213,247,21,nan,nan,0.37
11/1/2025 4:24:33,1.17.2,PRexp,10,3.87,nan,40,Left,Left,2815,213,247,21,nan,nan,0.00
11/1/2025 4:24:35,1.17.2,PRexp,10,3.87,nan,40,Left,Left,2816,213,247,21,nan,nan,0.57
11/1/2025 4:24:37,1.17.2,PRexp,10,3.86,nan,40,Left,Left,2817,213,247,21,nan,nan,0.96
11/1/2025 4:24:38,1.17.2,PRexp,10,3.87,nan,40,Left,Left,2818,213,247,21,nan,nan,0.00
11/1/2025 4:24:40,1.17.2,PRexp,10,3.87,nan,40,Left,Left,2819,213,247,21,nan,nan,0.76
11/1/2025 4:24:42,1.17.2,PRexp,10,3.87,nan,40,Left,Left,2820,213,247,21,nan,nan,0.15
11/1/2025 4:24:43,1.17.2,PRexp,10,3.87,nan,40,Left,Left,2821,213,247,21,nan,nan,0.02
11/1/2025 4:24:44,1.17.2,PRexp,10,3.87,nan,40,Left,Left,2822,213,247,21,nan,nan,0.02
11/1/2025 4:24:47,1.17.2,PRexp,10,3.87,nan,40,Left,Left,2823,213,247,21,nan,nan,0.73
11/1/2025 4:24:50,1.17.2,PRexp,10,3.87,nan,40,Left,Left,2824,213,247,21,nan,nan,0.16
11/1/2025 4:38:37,1.17.2,PRexp,10,3.87,nan,40,Left,Left,2825,213,247,21,nan,nan,0.91
11/1/2025 4:38:40,1.17.2,PRexp,10,3.87,nan,40,Left,Left,2826,213,247,21,nan,nan,0.97
11/1/2025 4:38:41,1.17.2,PRexp,10,3.86,nan,40,Left,Left,2827,213,247,21,nan,nan,0.04
11/1/2025 4:38:46,1.17.2,PRexp,10,3.87,nan,40,Left,Left,2828,213,247,21,nan,nan,0.98
11/1/2025 4:38:50,1.17.2,PRexp,10,3.87,nan,40,Left,Left,2829,213,247,21,nan,nan,0.91
11/1/2025 4:38:52,1.17.2,PRexp,10,3.86,nan,40,Left,Left,2830,213,247,21,nan,nan,0.41
11/1/2025 4:38:55,1.17.2,PRexp,10,3.87,nan,40,Left,Left,2831,213,247,21,nan,nan,0.02
11/1/2025 4:38:57,1.17.2,PRexp,10,3.87,nan,40,Left,Left,2832,213,247,21,nan,nan,0.00
11/1/2025 4:53:53,1.17.2,PRexp,10,3.86,nan,40,Left,Left,2833,213,247,21,nan,nan,0.13
11/1/2025 4:53:56,1.17.2,PRexp,10,3.86,nan,40,Left,Left,2834,213,247,21,nan,nan,0.13
11/1/2025 4:53:58,1.17.2,PRexp,10,3.86,nan,40,Left,Left,2835,213,247,21,nan,nan,0.10
11/1/2025 4:54:01,1.17.2,PRexp,10,3.87,nan,40,Left,Left,2836,213,247,21,nan,nan,1.46
11/1/2025 4:54:05,1.17.2,PRexp,10,3.87,nan,40,Left,Left,2837,213,247,21,nan,nan,0.79
11/1/2025 4:54:10,1.17.2,PRexp,10,3.87,nan,40,Left,Left,2838,213,247,21,nan,nan,0.79
11/1/2025 4:54:12,1.17.2,PRexp,10,3.87,nan,40,Left,Left,2839,213,247,21,nan,nan,0.00
11/1/2025 5:08:54,1.17.2,PRexp,10,3.87,nan,40,Left,Left,2840,213,247,21,nan,nan,1.32
11/1/2025 5:08:55,1.17.2,PRexp,10,3.86,nan,40,Left,Left,2841,213,247,21,nan,nan,0.43
11/1/2025 5:09:10,1.17.2,PRexp,10,3.87,nan,40,Left,Left,2842,213,247,21,nan,nan,1.29
11/1/2025 5:09:14,1.17.2,PRexp,10,3.87,nan,40,Left,Left,2843,213,247,21,nan,nan,0.78
11/1/2025 5:09:17,1.17.2,PRexp,10,3.87,nan,40,Left,Left,2844,213,247,21,nan,nan,0.63
11/1/2025 5:09:27,1.17.2,PRexp,10,3.87,5,40,Pellet,Left,2844,213,248,22,1.16,2769,nan
11/1/2025 5:11:12,1.17.2,PRexp,10,3.87,nan,45,Left,Left,2845,213,248,22,nan,nan,1.31
11/1/2025 5:11:13,1.17.2,PRexp,10,3.86,nan,45,Left,Left,2846,213,248,22,nan,nan,0.16
11/1/2025 5:11:19,1.17.2,PRexp,10,3.87,nan,45,Left,Left,2847,213,248,22,nan,nan,0.88
11/1/2025 5:11:28,1.17.2,PRexp,10,3.86,nan,45,Left,Left,2848,213,248,22,nan,nan,1.60
11/1/2025 5:11:30,1.17.2,PRexp,10,3.87,nan,45,Left,Left,2849,213,248,22,nan,nan,0.16
11/1/2025 5:11:33,1.17.2,PRexp,10,3.87,nan,45,Left,Left,2850,213,248,22,nan,nan,0.43
11/1/2025 5:11:35,1.17.2,PRexp,10,3.87,nan,45,Left,Left,2851,213,248,22,nan,nan,0.01
11/1/2025 5:11:41,1.17.2,PRexp,10,3.86,nan,45,Left,Left,2852,213,248,22,nan,nan,0.03
11/1/2025 5:11:45,1.17.2,PRexp,10,3.87,nan,45,Left,Left,2853,213,248,22,nan,nan,1.82
11/1/2025 5:11:47,1.17.2,PRexp,10,3.86,nan,45,Left,Left,2854,213,248,22,nan,nan,0.11
11/1/2025 5:11:50,1.17.2,PRexp,10,3.87,nan,45,Left,Left,2855,213,248,22,nan,nan,1.17
11/1/2025 5:11:52,1.17.2,PRexp,10,3.87,nan,45,Left,Left,2856,213,248,22,nan,nan,0.03
11/1/2025 5:11:55,1.17.2,PRexp,10,3.86,nan,45,Left,Left,2857,213,248,22,nan,nan,2.10
11/1/2025 5:11:57,1.17.2,PRexp,10,3.85,nan,45,Left,Left,2858,213,248,22,nan,nan,0.38
11/1/2025 6:03:15,1.17.2,PRexp,10,3.87,nan,1,Left,Left,2859,213,248,0,nan,nan,0.68
11/1/2025 6:03:38,1.17.2,PRexp,10,3.86,5,1,Pellet,Left,2859,213,249,1,15.45,3251,nan
11/1/2025 6:06:29,1.17.2,PRexp,10,3.86,nan,1,Left,Left,2860,213,249,1,nan,nan,0.92
11/1/2025 6:06:34,1.17.2,PRexp,10,3.86,nan,1,LeftDuringDispense,Left,2861,213,249,2,nan,nan,0.33
11/1/2025 6:06:44,1.17.2,PRexp,10,3.87,6,1,Pellet,Left,2861,213,250,2,2.45,186,nan
11/1/2025 6:11:24,1.17.2,PRexp,10,3.86,nan,2,Left,Left,2862,213,250,2,nan,nan,0.54
11/1/2025 6:11:30,1.17.2,PRexp,10,3.86,nan,2,Left,Left,2863,213,250,2,nan,nan,0.28
11/1/2025 6:11:31,1.17.2,PRexp,10,3.86,nan,2,LeftDuringDispense,Left,2864,213,250,3,nan,nan,0.22
11/1/2025 6:11:34,1.17.2,PRexp,10,3.86,nan,2,LeftDuringDispense,Left,2865,213,250,3,nan,nan,0.28
11/1/2025 6:11:45,1.17.2,PRexp,10,3.86,7,2,Pellet,Left,2865,213,251,3,1.78,301,nan
11/1/2025 6:14:45,1.17.2,PRexp,10,3.87,nan,2,Left,Left,2866,213,251,3,nan,nan,0.74
11/1/2025 6:14:46,1.17.2,PRexp,10,3.86,nan,2,Left,Left,2867,213,251,3,nan,nan,0.54
11/1/2025 6:14:47,1.17.2,PRexp,10,3.86,nan,2,LeftDuringDispense,Left,2868,213,251,4,nan,nan,0.01
11/1/2025 6:14:55,1.17.2,PRexp,10,3.87,5,2,Pellet,Left,2868,213,252,4,0.61,190,nan
11/1/2025 6:16:21,1.17.2,PRexp,10,3.86,nan,3,Left,Left,2869,213,252,4,nan,nan,0.00
11/1/2025 6:16:22,1.17.2,PRexp,10,3.86,nan,3,Left,Left,2870,213,252,4,nan,nan,0.40
11/1/2025 6:16:37,1.17.2,PRexp,10,3.86,nan,3,Left,Left,2871,213,252,4,nan,nan,0.74
11/1/2025 6:16:41,1.17.2,PRexp,10,3.86,nan,3,LeftDuringDispense,Left,2872,213,252,5,nan,nan,0.01
11/1/2025 6:16:41,1.17.2,PRexp,10,3.86,nan,3,LeftDuringDispense,Left,2873,213,252,5,nan,nan,0.23
11/1/2025 6:16:48,1.17.2,PRexp,10,3.86,5,3,Pellet,Left,2873,213,253,5,2.28,113,nan
11/1/2025 6:20:58,1.17.2,PRexp,10,3.86,nan,4,Left,Left,2874,213,253,5,nan,nan,0.02
11/1/2025 6:20:59,1.17.2,PRexp,10,3.87,nan,4,Left,Left,2875,213,253,5,nan,nan,0.01
11/1/2025 6:21:02,1.17.2,PRexp,10,3.86,nan,4,Left,Left,2876,213,253,5,nan,nan,0.03
11/1/2025 6:21:07,1.17.2,PRexp,10,3.86,nan,4,Left,Left,2877,213,253,5,nan,nan,0.93
11/1/2025 6:21:15,1.17.2,PRexp,10,3.86,5,4,Pellet,Left,2877,213,254,6,0.72,267,nan
11/1/2025 6:22:45,1.17.2,PRexp,10,3.86,nan,5,Left,Left,2878,213,254,6,nan,nan,0.08
11/1/2025 6:22:46,1.17.2,PRexp,10,3.87,nan,5,Left,Left,2879,213,254,6,nan,nan,0.00
11/1/2025 6:22:48,1.17.2,PRexp,10,3.87,nan,5,Left,Left,2880,213,254,6,nan,nan,0.47
11/1/2025 6:22:50,1.17.2,PRexp,10,3.87,nan,5,Left,Left,2881,213,254,6,nan,nan,0.35
11/1/2025 6:22:54,1.17.2,PRexp,10,3.86,nan,5,Left,Left,2882,213,254,6,nan,nan,0.20
11/1/2025 6:23:02,1.17.2,PRexp,10,3.86,5,5,Pellet,Left,2882,213,255,7,0.72,107,nan
11/1/2025 6:23:49,1.17.2,PRexp,10,3.86,nan,6,Left,Left,2883,213,255,7,nan,nan,0.02
11/1/2025 6:23:50,1.17.2,PRexp,10,3.87,nan,6,Left,Left,2884,213,255,7,nan,nan,0.12
11/1/2025 6:23:54,1.17.2,PRexp,10,3.86,nan,6,Left,Left,2885,213,255,7,nan,nan,0.07
11/1/2025 6:24:01,1.17.2,PRexp,10,3.87,nan,6,Left,Left,2886,213,255,7,nan,nan,0.08
11/1/2025 6:24:02,1.17.2,PRexp,10,3.86,nan,6,Left,Left,2887,213,255,7,nan,nan,0.02
11/1/2025 6:24:07,1.17.2,PRexp,10,3.86,nan,6,Left,Left,2888,213,255,7,nan,nan,0.16
11/1/2025 6:24:15,1.17.2,PRexp,10,3.86,5,6,Pellet,Left,2888,213,256,8,0.16,73,nan
11/1/2025 6:25:07,1.17.2,PRexp,10,3.86,nan,7,Left,Left,2889,213,256,8,nan,nan,0.25
11/1/2025 6:25:10,1.17.2,PRexp,10,3.86,nan,7,Left,Left,2890,213,256,8,nan,nan,0.41
11/1/2025 6:25:16,1.17.2,PRexp,10,3.86,nan,7,Left,Left,2891,213,256,8,nan,nan,0.76
11/1/2025 6:25:41,1.17.2,PRexp,10,3.86,nan,7,Left,Left,2892,213,256,8,nan,nan,0.19
11/1/2025 6:25:41,1.17.2,PRexp,10,3.86,nan,7,Left,Left,2893,213,256,8,nan,nan,0.01
11/1/2025 6:25:42,1.17.2,PRexp,10,3.86,nan,7,Left,Left,2894,213,256,8,nan,nan,0.00
11/1/2025 6:25:43,1.17.2,PRexp,10,3.86,nan,7,Left,Left,2895,213,256,8,nan,nan,0.09
11/1/2025 6:25:56,1.17.2,PRexp,10,3.86,7,7,Pellet,Left,2895,213,257,9,0.72,101,nan
11/1/2025 6:27:36,1.17.2,PRexp,10,3.86,nan,9,Left,Left,2896,213,257,9,nan,nan,0.28
11/1/2025 6:27:38,1.17.2,PRexp,10,3.86,nan,9,Left,Left,2897,213,257,9,nan,nan,0.21
11/1/2025 6:27:40,1.17.2,PRexp,10,3.86,nan,9,Left,Left,2898,213,257,9,nan,nan,0.16
11/1/2025 6:27:47,1.17.2,PRexp,10,3.86,nan,9,Left,Left,2899,213,257,9,nan,nan,1.01
11/1/2025 6:27:54,1.17.2,PRexp,10,3.85,nan,9,Left,Left,2900,213,257,9,nan,nan,0.24
11/1/2025 6:27:56,1.17.2,PRexp,10,3.86,nan,9,Left,Left,2901,213,257,9,nan,nan,0.00
11/1/2025 6:27:58,1.17.2,PRexp,10,3.86,nan,9,Left,Left,2902,213,257,9,nan,nan,0.59
11/1/2025 6:27:59,1.17.2,PRexp,10,3.86,nan,9,Left,Left,2903,213,257,9,nan,nan,0.47
11/1/2025 6:28:10,1.17.2,PRexp,10,3.87,nan,9,Left,Left,2904,213,257,9,nan,nan,0.02
11/1/2025 6:28:19,1.17.2,PRexp,10,3.86,5,9,Pellet,Left,2904,213,258,10,1.67,143,nan
11/1/2025 6:29:19,1.17.2,PRexp,10,3.86,nan,10,Left,Left,2905,213,258,10,nan,nan,0.02
11/1/2025 6:29:35,1.17.2,PRexp,10,3.86,nan,10,Left,Left,2906,213,258,10,nan,nan,0.08
11/1/2025 6:30:06,1.17.2,PRexp,10,3.86,nan,10,Left,Left,2907,213,258,10,nan,nan,0.19
11/1/2025 6:30:09,1.17.2,PRexp,10,3.86,nan,10,Left,Left,2908,213,258,10,nan,nan,0.83
11/1/2025 6:30:11,1.17.2,PRexp,10,3.87,nan,10,Left,Left,2909,213,258,10,nan,nan,0.06
11/1/2025 6:30:13,1.17.2,PRexp,10,3.86,nan,10,Left,Left,2910,213,258,10,nan,nan,0.04
11/1/2025 6:30:15,1.17.2,PRexp,10,3.86,nan,10,Left,Left,2911,213,258,10,nan,nan,0.02
11/1/2025 6:30:16,1.17.2,PRexp,10,3.86,nan,10,Left,Left,2912,213,258,10,nan,nan,0.02
11/1/2025 6:30:17,1.17.2,PRexp,10,3.86,nan,10,Left,Left,2913,213,258,10,nan,nan,0.03
11/1/2025 6:30:18,1.17.2,PRexp,10,3.86,nan,10,Left,Left,2914,213,258,10,nan,nan,0.51
11/1/2025 6:30:24,1.17.2,PRexp,10,3.87,3,10,Pellet,Left,2914,213,259,11,0.72,125,nan
11/1/2025 6:32:11,1.17.2,PRexp,10,3.86,nan,12,Left,Left,2915,213,259,11,nan,nan,0.19
11/1/2025 6:32:13,1.17.2,PRexp,10,3.86,nan,12,Left,Left,2916,213,259,11,nan,nan,0.42
11/1/2025 6:32:15,1.17.2,PRexp,10,3.87,nan,12,Left,Left,2917,213,259,11,nan,nan,0.11
11/1/2025 6:35:33,1.17.2,PRexp,10,3.87,nan,12,Left,Left,2918,213,259,11,nan,nan,0.00
11/1/2025 6:35:37,1.17.2,PRexp,10,3.86,nan,12,Left,Left,2919,213,259,11,nan,nan,0.07
11/1/2025 6:35:41,1.17.2,PRexp,10,3.86,nan,12,Left,Left,2920,213,259,11,nan,nan,0.09
11/1/2025 6:35:43,1.17.2,PRexp,10,3.86,nan,12,Left,Left,2921,213,259,11,nan,nan,0.02
11/1/2025 6:35:52,1.17.2,PRexp,10,3.86,nan,12,Left,Left,2922,213,259,11,nan,nan,0.59
11/1/2025 6:41:37,1.17.2,PRexp,10,3.86,nan,12,Left,Left,2923,213,259,11,nan,nan,0.03
11/1/2025 7:10:34,1.17.2,PRexp,10,3.86,nan,12,Left,Left,2924,213,259,11,nan,nan,0.59
11/1/2025 7:10:39,1.17.2,PRexp,10,3.86,nan,12,Left,Left,2925,213,259,11,nan,nan,2.11
11/1/2025 7:10:41,1.17.2,PRexp,10,3.86,nan,12,Left,Left,2926,213,259,11,nan,nan,0.75
11/1/2025 7:10:44,1.17.2,PRexp,10,3.86,nan,12,LeftDuringDispense,Left,2927,213,259,12,nan,nan,0.02
11/1/2025 7:10:44,1.17.2,PRexp,10,3.86,nan,12,LeftDuringDispense,Left,2928,213,259,12,nan,nan,0.18
11/1/2025 7:10:48,1.17.2,PRexp,10,3.86,4,12,Pellet,Left,2928,213,260,12,1.22,2424,nan
11/1/2025 7:11:26,1.17.2,PRexp,10,3.86,nan,13,Left,Left,2929,213,260,12,nan,nan,1.05
11/1/2025 7:11:28,1.17.2,PRexp,10,3.87,nan,13,Left,Left,2930,213,260,12,nan,nan,0.17
11/1/2025 7:11:32,1.17.2,PRexp,10,3.86,nan,13,Left,Left,2931,213,260,12,nan,nan,0.71
11/1/2025 7:11:36,1.17.2,PRexp,10,3.87,nan,13,Left,Left,2932,213,260,12,nan,nan,1.21
11/1/2025 7:11:38,1.17.2,PRexp,10,3.86,nan,13,Left,Left,2933,213,260,12,nan,nan,0.25
11/1/2025 7:11:39,1.17.2,PRexp,10,3.86,nan,13,Left,Left,2934,213,260,12,nan,nan,0.27
11/1/2025 7:11:41,1.17.2,PRexp,10,3.86,nan,13,Left,Left,2935,213,260,12,nan,nan,0.55
11/1/2025 7:11:43,1.17.2,PRexp,10,3.86,nan,13,Left,Left,2936,213,260,12,nan,nan,0.20
11/1/2025 7:27:59,1.17.2,PRexp,10,3.86,nan,13,Left,Left,2937,213,260,12,nan,nan,0.03
11/1/2025 7:28:01,1.17.2,PRexp,10,3.86,nan,13,Left,Left,2938,213,260,12,nan,nan,0.73
11/1/2025 7:28:04,1.17.2,PRexp,10,3.86,nan,13,Left,Left,2939,213,260,12,nan,nan,0.26
11/1/2025 7:28:07,1.17.2,PRexp,10,3.86,nan,13,Left,Left,2940,213,260,12,nan,nan,0.84
11/1/2025 7:28:11,1.17.2,PRexp,10,3.86,nan,13,Left,Left,2941,213,260,12,nan,nan,0.36
11/1/2025 7:28:21,1.17.2,PRexp,10,3.86,6,13,Pellet,Left,2941,213,261,13,0.05,1053,nan
11/1/2025 7:28:49,1.17.2,PRexp,10,3.86,nan,15,Left,Left,2942,213,261,13,nan,nan,0.02
11/1/2025 7:28:52,1.17.2,PRexp,10,3.86,nan,15,Left,Left,2943,213,261,13,nan,nan,0.68
11/1/2025 7:28:54,1.17.2,PRexp,10,3.86,nan,15,Left,Left,2944,213,261,13,nan,nan,0.05
11/1/2025 7:28:59,1.17.2,PRexp,10,3.86,nan,15,Left,Left,2945,213,261,13,nan,nan,0.01
11/1/2025 7:29:02,1.17.2,PRexp,10,3.86,nan,15,Left,Left,2946,213,261,13,nan,nan,0.09
11/1/2025 7:54:35,1.17.2,PRexp,10,3.86,nan,15,Left,Left,2947,213,261,13,nan,nan,0.15
11/1/2025 7:54:37,1.17.2,PRexp,10,3.86,nan,15,Left,Left,2948,213,261,13,nan,nan,0.14
11/1/2025 7:54:44,1.17.2,PRexp,10,3.86,nan,15,Left,Left,2949,213,261,13,nan,nan,0.15
11/1/2025 7:54:48,1.17.2,PRexp,10,3.86,nan,15,Left,Left,2950,213,261,13,nan,nan,0.28
11/1/2025 7:54:50,1.17.2,PRexp,10,3.86,nan,15,Left,Left,2951,213,261,13,nan,nan,0.05
11/1/2025 7:54:52,1.17.2,PRexp,10,3.86,nan,15,Left,Left,2952,213,261,13,nan,nan,0.39
11/1/2025 7:54:53,1.17.2,PRexp,10,3.85,nan,15,Left,Left,2953,213,261,13,nan,nan,0.00
11/1/2025 7:54:56,1.17.2,PRexp,10,3.85,nan,15,Left,Left,2954,213,261,13,nan,nan,0.24
11/1/2025 7:54:59,1.17.2,PRexp,10,3.86,nan,15,Left,Left,2955,213,261,13,nan,nan,0.63
11/1/2025 7:55:03,1.17.2,PRexp,10,3.86,nan,15,Left,Left,2956,213,261,13,nan,nan,0.26
11/1/2025 7:55:09,1.17.2,PRexp,10,3.86,3,15,Pellet,Left,2956,213,262,14,0.83,1608,nan
11/1/2025 7:56:04,1.17.2,PRexp,10,3.86,nan,17,Left,Left,2957,213,262,14,nan,nan,0.11
11/1/2025 7:56:05,1.17.2,PRexp,10,3.86,nan,17,Left,Left,2958,213,262,14,nan,nan,0.01
11/1/2025 7:56:06,1.17.2,PRexp,10,3.86,nan,17,Left,Left,2959,213,262,14,nan,nan,0.03
11/1/2025 7:56:07,1.17.2,PRexp,10,3.86,nan,17,Left,Left,2960,213,262,14,nan,nan,0.02
11/1/2025 7:56:09,1.17.2,PRexp,10,3.86,nan,17,Left,Left,2961,213,262,14,nan,nan,0.28
11/1/2025 7:56:10,1.17.2,PRexp,10,3.85,nan,17,Left,Left,2962,213,262,14,nan,nan,0.23
11/1/2025 7:56:11,1.17.2,PRexp,10,3.85,nan,17,Left,Left,2963,213,262,14,nan,nan,0.13
11/1/2025 7:56:17,1.17.2,PRexp,10,3.85,nan,17,Left,Left,2964,213,262,14,nan,nan,0.23
11/1/2025 7:56:19,1.17.2,PRexp,10,3.87,nan,17,Left,Left,2965,213,262,14,nan,nan,0.79
11/1/2025 7:56:20,1.17.2,PRexp,10,3.85,nan,17,Left,Left,2966,213,262,14,nan,nan,0.00
11/1/2025 7:56:20,1.17.2,PRexp,10,3.85,nan,17,Left,Left,2967,213,262,14,nan,nan,0.11
11/1/2025 7:56:22,1.17.2,PRexp,10,3.85,nan,17,Left,Left,2968,213,262,14,nan,nan,0.11
11/1/2025 7:56:24,1.17.2,PRexp,10,3.85,nan,17,Left,Left,2969,213,262,14,nan,nan,0.01
11/1/2025 7:56:25,1.17.2,PRexp,10,3.85,nan,17,Left,Left,2970,213,262,14,nan,nan,0.03
11/1/2025 7:56:28,1.17.2,PRexp,10,3.85,nan,17,Left,Left,2971,213,262,14,nan,nan,0.10
11/1/2025 7:56:34,1.17.2,PRexp,10,3.86,nan,17,Left,Left,2972,213,262,14,nan,nan,0.05
11/1/2025 7:56:35,1.17.2,PRexp,10,3.86,nan,17,Left,Left,2973,213,262,14,nan,nan,0.02
11/1/2025 7:56:41,1.17.2,PRexp,10,3.86,4,17,Pellet,Left,2973,213,263,15,0.33,92,nan
11/1/2025 8:01:06,1.17.2,PRexp,10,3.85,nan,20,Left,Left,2974,213,263,15,nan,nan,0.29
11/1/2025 8:01:13,1.17.2,PRexp,10,3.86,nan,20,Left,Left,2975,213,263,15,nan,nan,0.12
11/1/2025 8:01:15,1.17.2,PRexp,10,3.86,nan,20,Left,Left,2976,213,263,15,nan,nan,1.18
11/1/2025 8:01:18,1.17.2,PRexp,10,3.86,nan,20,Left,Left,2977,213,263,15,nan,nan,0.14
11/1/2025 8:01:19,1.17.2,PRexp,10,3.86,nan,20,Left,Left,2978,213,263,15,nan,nan,0.01
11/1/2025 8:01:22,1.17.2,PRexp,10,3.86,nan,20,Left,Left,2979,213,263,15,nan,nan,0.88
11/1/2025 8:01:25,1.17.2,PRexp,10,3.86,nan,20,Left,Left,2980,213,263,15,nan,nan,1.05
11/1/2025 8:01:27,1.17.2,PRexp,10,3.86,nan,20,Left,Left,2981,213,263,15,nan,nan,0.01
11/1/2025 8:01:30,1.17.2,PRexp,10,3.86,nan,20,Left,Left,2982,213,263,15,nan,nan,0.17
11/1/2025 8:01:33,1.17.2,PRexp,10,3.86,nan,20,Left,Left,2983,213,263,15,nan,nan,0.82
11/1/2025 8:01:35,1.17.2,PRexp,10,3.86,nan,20,Left,Left,2984,213,263,15,nan,nan,0.75
11/1/2025 8:01:39,1.17.2,PRexp,10,3.85,nan,20,Left,Left,2985,213,263,15,nan,nan,0.16
11/1/2025 8:01:40,1.17.2,PRexp,10,3.86,nan,20,Left,Left,2986,213,263,15,nan,nan,0.21
11/1/2025 8:01:42,1.17.2,PRexp,10,3.85,nan,20,Left,Left,2987,213,263,15,nan,nan,1.02
11/1/2025 8:02:48,1.17.2,PRexp,10,3.86,nan,20,Left,Left,2988,213,263,15,nan,nan,0.43
11/1/2025 8:02:49,1.17.2,PRexp,10,3.86,nan,20,Left,Left,2989,213,263,15,nan,nan,0.68
11/1/2025 8:02:50,1.17.2,PRexp,10,3.86,nan,20,Left,Left,2990,213,263,15,nan,nan,0.38
11/1/2025 8:02:58,1.17.2,PRexp,10,3.86,nan,20,Left,Left,2991,213,263,15,nan,nan,0.02
11/1/2025 8:03:00,1.17.2,PRexp,10,3.85,nan,20,Left,Left,2992,213,263,15,nan,nan,0.24
11/1/2025 8:03:07,1.17.2,PRexp,10,3.85,nan,20,Left,Left,2993,213,263,15,nan,nan,0.06
11/1/2025 8:03:14,1.17.2,PRexp,10,3.86,5,20,Pellet,Left,2993,213,264,16,0.16,393,nan
11/1/2025 8:04:47,1.17.2,PRexp,10,3.86,nan,22,Left,Left,2994,213,264,16,nan,nan,0.02
11/1/2025 8:05:31,1.17.2,PRexp,10,3.86,nan,22,Left,Left,2995,213,264,16,nan,nan,0.37
11/1/2025 8:05:32,1.17.2,PRexp,10,3.86,nan,22,Left,Left,2996,213,264,16,nan,nan,0.01
11/1/2025 8:05:33,1.17.2,PRexp,10,3.86,nan,22,Left,Left,2997,213,264,16,nan,nan,0.00
11/1/2025 8:05:34,1.17.2,PRexp,10,3.85,nan,22,Left,Left,2998,213,264,16,nan,nan,0.03
11/1/2025 8:05:36,1.17.2,PRexp,10,3.86,nan,22,Left,Left,2999,213,264,16,nan,nan,0.21
11/1/2025 8:05:38,1.17.2,PRexp,10,3.85,nan,22,Left,Left,3000,213,264,16,nan,nan,0.34
11/1/2025 8:05:44,1.17.2,PRexp,10,3.85,nan,22,Left,Left,3001,213,264,16,nan,nan,0.12
11/1/2025 8:05:47,1.17.2,PRexp,10,3.86,nan,22,Left,Left,3002,213,264,16,nan,nan,0.02
11/1/2025 8:05:50,1.17.2,PRexp,10,3.86,nan,22,Left,Left,3003,213,264,16,nan,nan,0.13
11/1/2025 8:05:51,1.17.2,PRexp,10,3.87,nan,22,Left,Left,3004,213,264,16,nan,nan,0.00
11/1/2025 8:06:36,1.17.2,PRexp,10,3.86,nan,22,Right,Left,3004,214,264,16,nan,nan,0.12
11/1/2025 8:06:56,1.17.2,PRexp,10,3.86,nan,22,Left,Left,3005,214,264,16,nan,nan,0.18
11/1/2025 8:06:57,1.17.2,PRexp,10,3.86,nan,22,Left,Left,3006,214,264,16,nan,nan,0.21
11/1/2025 8:07:00,1.17.2,PRexp,10,3.86,nan,22,Left,Left,3007,214,264,16,nan,nan,0.43
11/1/2025 8:07:04,1.17.2,PRexp,10,3.85,nan,22,Left,Left,3008,214,264,16,nan,nan,0.02
11/1/2025 8:07:06,1.17.2,PRexp,10,3.86,nan,22,Left,Left,3009,214,264,16,nan,nan,0.10
11/1/2025 8:07:08,1.17.2,PRexp,10,3.85,nan,22,Left,Left,3010,214,264,16,nan,nan,0.02
11/1/2025 8:07:09,1.17.2,PRexp,10,3.86,nan,22,Left,Left,3011,214,264,16,nan,nan,0.40
11/1/2025 8:07:11,1.17.2,PRexp,10,3.86,nan,22,Left,Left,3012,214,264,16,nan,nan,0.22
11/1/2025 8:07:12,1.17.2,PRexp,10,3.86,nan,22,Left,Left,3013,214,264,16,nan,nan,0.00
11/1/2025 8:07:13,1.17.2,PRexp,10,3.86,nan,22,Left,Left,3014,214,264,16,nan,nan,0.02
11/1/2025 8:07:14,1.17.2,PRexp,10,3.85,nan,22,Left,Left,3015,214,264,16,nan,nan,0.40
11/1/2025 8:07:55,1.17.2,PRexp,10,3.86,14,22,Pellet,Left,3015,214,265,17,0.05,280,nan
11/1/2025 8:08:03,1.17.2,PRexp,10,3.85,nan,25,Left,Left,3016,214,265,17,nan,nan,0.16
11/1/2025 8:31:38,1.17.2,PRexp,10,3.86,nan,25,Left,Left,3017,214,265,17,nan,nan,0.84
11/1/2025 8:31:40,1.17.2,PRexp,10,3.86,nan,25,Left,Left,3018,214,265,17,nan,nan,0.00
11/1/2025 8:31:43,1.17.2,PRexp,10,3.85,nan,25,Left,Left,3019,214,265,17,nan,nan,0.00
11/1/2025 8:31:46,1.17.2,PRexp,10,3.85,nan,25,Left,Left,3020,214,265,17,nan,nan,0.65
11/1/2025 8:31:50,1.17.2,PRexp,10,3.86,nan,25,Left,Left,3021,214,265,17,nan,nan,0.64
11/1/2025 8:31:53,1.17.2,PRexp,10,3.86,nan,25,Left,Left,3022,214,265,17,nan,nan,1.04
11/1/2025 8:31:55,1.17.2,PRexp,10,3.86,nan,25,Left,Left,3023,214,265,17,nan,nan,1.41
11/1/2025 8:31:57,1.17.2,PRexp,10,3.86,nan,25,Left,Left,3024,214,265,17,nan,nan,0.37
11/1/2025 8:31:58,1.17.2,PRexp,10,3.85,nan,25,Left,Left,3025,214,265,17,nan,nan,0.30
11/1/2025 8:32:00,1.17.2,PRexp,10,3.86,nan,25,Left,Left,3026,214,265,17,nan,nan,0.69
11/1/2025 8:32:04,1.17.2,PRexp,10,3.85,nan,25,Left,Left,3027,214,265,17,nan,nan,1.23
11/1/2025 8:32:06,1.17.2,PRexp,10,3.86,nan,25,Left,Left,3028,214,265,17,nan,nan,0.61
11/1/2025 8:32:08,1.17.2,PRexp,10,3.86,nan,25,Left,Left,3029,214,265,17,nan,nan,0.55
11/1/2025 8:32:10,1.17.2,PRexp,10,3.86,nan,25,Left,Left,3030,214,265,17,nan,nan,0.69
11/1/2025 8:46:59,1.17.2,PRexp,10,3.85,nan,25,Left,Left,3031,214,265,17,nan,nan,0.99
11/1/2025 8:47:01,1.17.2,PRexp,10,3.85,nan,25,Left,Left,3032,214,265,17,nan,nan,0.00
11/1/2025 8:47:01,1.17.2,PRexp,10,3.86,nan,25,Left,Left,3033,214,265,17,nan,nan,0.00
11/1/2025 8:47:04,1.17.2,PRexp,10,3.86,nan,25,Left,Left,3034,214,265,17,nan,nan,1.31
11/1/2025 8:47:07,1.17.2,PRexp,10,3.86,nan,25,Left,Left,3035,214,265,17,nan,nan,1.96
11/1/2025 8:47:12,1.17.2,PRexp,10,3.86,nan,25,Left,Left,3036,214,265,17,nan,nan,1.03
11/1/2025 8:47:17,1.17.2,PRexp,10,3.86,nan,25,Left,Left,3037,214,265,17,nan,nan,0.80
11/1/2025 8:47:21,1.17.2,PRexp,10,3.86,nan,25,Left,Left,3038,214,265,17,nan,nan,0.00
11/1/2025 8:47:23,1.17.2,PRexp,10,3.86,nan,25,Left,Left,3039,214,265,17,nan,nan,1.28
11/1/2025 8:47:24,1.17.2,PRexp,10,3.85,nan,25,Left,Left,3040,214,265,17,nan,nan,0.31
11/1/2025 8:47:40,1.17.2,PRexp,10,3.85,nan,25,LeftDuringDispense,Left,3041,214,265,18,nan,nan,1.18
11/1/2025 8:47:50,1.17.2,PRexp,10,3.85,nan,25,LeftDuringDispense,Left,3042,214,265,18,nan,nan,0.31
11/1/2025 8:48:09,1.17.2,PRexp,10,3.85,15,25,Pellet,Left,3042,214,266,18,1.05,2415,nan
11/1/2025 8:48:47,1.17.2,PRexp,10,3.85,nan,28,Left,Left,3043,214,266,18,nan,nan,0.05
11/1/2025 8:49:07,1.17.2,PRexp,10,3.86,nan,28,Left,Left,3044,214,266,18,nan,nan,1.37
11/1/2025 8:49:08,1.17.2,PRexp,10,3.85,nan,28,Left,Left,3045,214,266,18,nan,nan,0.01
11/1/2025 8:49:18,1.17.2,PRexp,10,3.85,nan,28,Left,Left,3046,214,266,18,nan,nan,0.01
11/1/2025 8:49:19,1.17.2,PRexp,10,3.85,nan,28,Left,Left,3047,214,266,18,nan,nan,0.47
11/1/2025 8:49:21,1.17.2,PRexp,10,3.85,nan,28,Left,Left,3048,214,266,18,nan,nan,0.11
11/1/2025 8:49:23,1.17.2,PRexp,10,3.85,nan,28,Left,Left,3049,214,266,18,nan,nan,0.01
11/1/2025 8:49:25,1.17.2,PRexp,10,3.86,nan,28,Left,Left,3050,214,266,18,nan,nan,0.99
11/1/2025 8:49:26,1.17.2,PRexp,10,3.86,nan,28,Left,Left,3051,214,266,18,nan,nan,0.02
11/1/2025 8:49:27,1.17.2,PRexp,10,3.86,nan,28,Left,Left,3052,214,266,18,nan,nan,0.01
11/1/2025 8:49:28,1.17.2,PRexp,10,3.86,nan,28,Left,Left,3053,214,266,18,nan,nan,0.00
11/1/2025 8:49:31,1.17.2,PRexp,10,3.86,nan,28,Left,Left,3054,214,266,18,nan,nan,0.89
11/1/2025 8:49:32,1.17.2,PRexp,10,3.85,nan,28,Left,Left,3055,214,266,18,nan,nan,0.08
11/1/2025 8:49:35,1.17.2,PRexp,10,3.86,nan,28,Left,Left,3056,214,266,18,nan,nan,1.42
11/1/2025 8:49:36,1.17.2,PRexp,10,3.85,nan,28,Left,Left,3057,214,266,18,nan,nan,0.32
11/1/2025 8:49:37,1.17.2,PRexp,10,3.85,nan,28,Left,Left,3058,214,266,18,nan,nan,0.02
11/1/2025 8:49:43,1.17.2,PRexp,10,3.86,nan,28,Left,Left,3059,214,266,18,nan,nan,0.00
11/1/2025 8:49:49,1.17.2,PRexp,10,3.85,nan,28,Left,Left,3060,214,266,18,nan,nan,0.06
11/1/2025 8:49:51,1.17.2,PRexp,10,3.86,nan,28,Left,Left,3061,214,266,18,nan,nan,0.48
11/1/2025 8:49:56,1.17.2,PRexp,10,3.86,nan,28,Left,Left,3062,214,266,18,nan,nan,0.07
11/1/2025 9:20:00,1.17.2,PRexp,10,3.86,nan,1,Left,Left,3063,214,266,0,nan,nan,0.40
11/1/2025 9:20:10,1.17.2,PRexp,10,3.85,4,1,Pellet,Left,3063,214,267,1,2.28,1921,nan
11/1/2025 9:21:21,1.17.2,PRexp,10,3.85,nan,1,Left,Left,3064,214,267,1,nan,nan,0.06
11/1/2025 9:21:28,1.17.2,PRexp,10,3.85,5,1,Pellet,Left,3064,214,268,2,0.11,78,nan
11/1/2025 9:23:11,1.17.2,PRexp,10,3.85,nan,2,Left,Left,3065,214,268,2,nan,nan,0.19
11/1/2025 9:23:13,1.17.2,PRexp,10,3.86,nan,2,Left,Left,3066,214,268,2,nan,nan,0.70
11/1/2025 9:23:19,1.17.2,PRexp,10,3.85,4,2,Pellet,Left,3066,214,269,3,0.72,111,nan
11/1/2025 9:26:24,1.17.2,PRexp,10,3.85,nan,2,Left,Left,3067,214,269,3,nan,nan,0.25
11/1/2025 9:26:25,1.17.2,PRexp,10,3.86,nan,2,Left,Left,3068,214,269,3,nan,nan,0.17
11/1/2025 9:26:26,1.17.2,PRexp,10,3.86,nan,2,LeftDuringDispense,Left,3069,214,269,4,nan,nan,0.05
11/1/2025 9:26:34,1.17.2,PRexp,10,3.85,5,2,Pellet,Left,3069,214,270,4,0.11,195,nan
11/1/2025 9:27:00,1.17.2,PRexp,10,3.85,nan,3,Left,Left,3070,214,270,4,nan,nan,0.05
11/1/2025 9:27:05,1.17.2,PRexp,10,3.85,nan,3,Left,Left,3071,214,270,4,nan,nan,0.51
11/1/2025 9:27:10,1.17.2,PRexp,10,3.85,nan,3,Left,Left,3072,214,270,4,nan,nan,0.07
11/1/2025 9:27:22,1.17.2,PRexp,10,3.85,7,3,Pellet,Left,3072,214,271,5,0.05,48,nan
11/1/2025 9:28:13,1.17.2,PRexp,10,3.85,nan,4,Left,Left,3073,214,271,5,nan,nan,0.14
11/1/2025 9:28:18,1.17.2,PRexp,10,3.85,nan,4,Left,Left,3074,214,271,5,nan,nan,0.13
11/1/2025 9:28:21,1.17.2,PRexp,10,3.86,nan,4,Left,Left,3075,214,271,5,nan,nan,0.54
11/1/2025 9:28:22,1.17.2,PRexp,10,3.86,nan,4,Left,Left,3076,214,271,5,nan,nan,0.44
11/1/2025 9:28:29,1.17.2,PRexp,10,3.86,5,4,Pellet,Left,3076,214,272,6,0.05,67,nan
11/1/2025 9:30:01,1.17.2,PRexp,10,3.85,nan,5,Left,Left,3077,214,272,6,nan,nan,0.00
11/1/2025 9:30:03,1.17.2,PRexp,10,3.85,nan,5,Left,Left,3078,214,272,6,nan,nan,0.71
11/1/2025 9:30:05,1.17.2,PRexp,10,3.85,nan,5,Left,Left,3079,214,272,6,nan,nan,0.00
11/1/2025 9:30:08,1.17.2,PRexp,10,3.85,nan,5,Left,Left,3080,214,272,6,nan,nan,0.55
11/1/2025 9:39:55,1.17.2,PRexp,10,3.86,nan,5,Left,Left,3081,214,272,6,nan,nan,1.71
11/1/2025 9:39:59,1.17.2,PRexp,10,3.85,nan,5,LeftDuringDispense,Left,3082,214,272,7,nan,nan,0.67
11/1/2025 9:40:00,1.17.2,PRexp,10,3.85,nan,5,LeftDuringDispense,Left,3083,214,272,7,nan,nan,1.19
11/1/2025 9:40:02,1.17.2,PRexp,10,3.86,nan,5,LeftDuringDispense,Left,3084,214,272,7,nan,nan,1.87
11/1/2025 9:40:04,1.17.2,PRexp,10,3.86,nan,5,LeftDuringDispense,Left,3085,214,272,7,nan,nan,0.85
11/1/2025 9:40:09,1.17.2,PRexp,10,3.85,nan,5,LeftDuringDispense,Left,3086,214,272,7,nan,nan,0.60
11/1/2025 9:40:09,1.17.2,PRexp,10,3.86,nan,5,LeftDuringDispense,Left,3087,214,272,7,nan,nan,0.04
11/1/2025 9:40:10,1.17.2,PRexp,10,3.85,nan,5,LeftDuringDispense,Left,3088,214,272,7,nan,nan,0.03
11/1/2025 9:40:47,1.17.2,PRexp,10,3.85,16,5,Pellet,Left,3088,214,273,7,1.50,738,nan
11/1/2025 9:50:38,1.17.2,PRexp,10,3.85,nan,6,Left,Left,3089,214,273,7,nan,nan,0.17
11/1/2025 9:50:40,1.17.2,PRexp,10,3.86,nan,6,Left,Left,3090,214,273,7,nan,nan,1.01
11/1/2025 9:50:45,1.17.2,PRexp,10,3.85,nan,6,Left,Left,3091,214,273,7,nan,nan,0.78
11/1/2025 9:50:46,1.17.2,PRexp,10,3.86,nan,6,Left,Left,3092,214,273,7,nan,nan,0.06
11/1/2025 9:50:53,1.17.2,PRexp,10,3.85,nan,6,Left,Left,3093,214,273,7,nan,nan,0.33
11/1/2025 9:50:56,1.17.2,PRexp,10,3.86,nan,6,Left,Left,3094,214,273,7,nan,nan,0.00
11/1/2025 9:51:10,1.17.2,PRexp,10,3.85,8,6,Pellet,Left,3094,214,274,8,0.16,623,nan
11/1/2025 9:51:57,1.17.2,PRexp,10,3.86,nan,7,Left,Left,3095,214,274,8,nan,nan,0.34
11/1/2025 9:52:00,1.17.2,PRexp,10,3.85,nan,7,Left,Left,3096,214,274,8,nan,nan,1.54
11/1/2025 9:52:03,1.17.2,PRexp,10,3.85,nan,7,Left,Left,3097,214,274,8,nan,nan,1.07
11/1/2025 9:52:05,1.17.2,PRexp,10,3.86,nan,7,Left,Left,3098,214,274,8,nan,nan,0.58
11/1/2025 9:52:06,1.17.2,PRexp,10,3.85,nan,7,Left,Left,3099,214,274,8,nan,nan,0.17
11/1/2025 9:52:07,1.17.2,PRexp,10,3.85,nan,7,Left,Left,3100,214,274,8,nan,nan,0.06
11/1/2025 9:52:08,1.17.2,PRexp,10,3.85,nan,7,Left,Left,3101,214,274,8,nan,nan,0.41
11/1/2025 9:52:23,1.17.2,PRexp,10,3.85,8,7,Pellet,Left,3101,214,275,9,0.39,73,nan
11/1/2025 10:22:44,1.17.2,PRexp,10,3.85,nan,1,Left,Left,3102,214,275,0,nan,nan,0.06
11/1/2025 10:22:52,1.17.2,PRexp,10,3.85,nan,1,LeftDuringDispense,Left,3103,214,275,1,nan,nan,0.48
11/1/2025 10:23:18,1.17.2,PRexp,10,3.85,nan,1,LeftDuringDispense,Left,3104,214,275,1,nan,nan,0.45
11/1/2025 10:23:38,1.17.2,PRexp,10,3.85,20,1,Pellet,Left,3104,214,276,1,0.33,1875,nan
11/1/2025 10:24:38,1.17.2,PRexp,10,3.85,nan,1,Left,Left,3105,214,276,1,nan,nan,0.02
11/1/2025 10:24:43,1.17.2,PRexp,10,3.85,nan,1,LeftWithPellet,Left,3106,214,276,2,nan,nan,0.33
11/1/2025 10:24:50,1.17.2,PRexp,10,3.85,2,1,Pellet,Left,3106,214,277,2,10.37,72,nan
11/1/2025 10:25:45,1.17.2,PRexp,10,3.85,nan,2,Left,Left,3107,214,277,2,nan,nan,1.68
11/1/2025 10:25:52,1.17.2,PRexp,10,3.85,nan,2,Left,Left,3108,214,277,2,nan,nan,0.48
11/1/2025 10:25:59,1.17.2,PRexp,10,3.85,4,2,Pellet,Left,3108,214,278,3,1.05,69,nan
11/1/2025 10:26:49,1.17.2,PRexp,10,3.86,nan,2,Left,Left,3109,214,278,3,nan,nan,0.19
11/1/2025 10:26:51,1.17.2,PRexp,10,3.85,nan,2,Left,Left,3110,214,278,3,nan,nan,0.06
11/1/2025 10:26:57,1.17.2,PRexp,10,3.85,4,2,Pellet,Left,3110,214,279,4,0.27,58,nan
11/1/2025 10:31:30,1.17.2,PRexp,10,3.85,nan,3,Left,Left,3111,214,279,4,nan,nan,0.02
11/1/2025 10:31:31,1.17.2,PRexp,10,3.85,nan,3,Left,Left,3112,214,279,4,nan,nan,0.20
11/1/2025 10:31:32,1.17.2,PRexp,10,3.85,nan,3,Left,Left,3113,214,279,4,nan,nan,0.00
11/1/2025 10:31:36,1.17.2,PRexp,10,3.85,3,3,Pellet,Left,3113,214,280,5,0.77,279,nan
11/1/2025 10:32:13,1.17.2,PRexp,10,3.85,nan,4,Left,Left,3114,214,280,5,nan,nan,0.16
11/1/2025 10:32:14,1.17.2,PRexp,10,3.85,nan,4,Left,Left,3115,214,280,5,nan,nan,0.06
11/1/2025 10:32:18,1.17.2,PRexp,10,3.85,nan,4,Left,Left,3116,214,280,5,nan,nan,0.41
11/1/2025 10:32:20,1.17.2,PRexp,10,3.85,nan,4,Left,Left,3117,214,280,5,nan,nan,0.50
11/1/2025 10:32:28,1.17.2,PRexp,10,3.85,4,4,Pellet,Left,3117,214,281,6,0.61,52,nan
11/1/2025 10:45:42,1.17.2,PRexp,10,3.85,nan,5,Left,Left,3118,214,281,6,nan,nan,0.11
11/1/2025 10:45:44,1.17.2,PRexp,10,3.85,nan,5,Left,Left,3119,214,281,6,nan,nan,0.03
11/1/2025 10:45:45,1.17.2,PRexp,10,3.85,nan,5,Left,Left,3120,214,281,6,nan,nan,0.00
11/1/2025 10:45:50,1.17.2,PRexp,10,3.85,nan,5,Left,Left,3121,214,281,6,nan,nan,0.26
11/1/2025 11:06:57,1.17.2,PRexp,10,3.85,nan,5,Left,Left,3122,214,281,6,nan,nan,0.14
11/1/2025 11:07:05,1.17.2,PRexp,10,3.85,4,5,Pellet,Left,3122,214,282,7,0.61,2077,nan
11/1/2025 11:07:33,1.17.2,PRexp,10,3.86,nan,6,Left,Left,3123,214,282,7,nan,nan,0.51
11/1/2025 11:07:35,1.17.2,PRexp,10,3.85,nan,6,Left,Left,3124,214,282,7,nan,nan,0.96
11/1/2025 11:07:37,1.17.2,PRexp,10,3.85,nan,6,Left,Left,3125,214,282,7,nan,nan,0.69
11/1/2025 11:07:39,1.17.2,PRexp,10,3.85,nan,6,Left,Left,3126,214,282,7,nan,nan,0.15
11/1/2025 11:07:43,1.17.2,PRexp,10,3.85,nan,6,Left,Left,3127,214,282,7,nan,nan,0.03
11/1/2025 11:07:46,1.17.2,PRexp,10,3.85,nan,6,Left,Left,3128,214,282,7,nan,nan,0.54
11/1/2025 11:07:51,1.17.2,PRexp,10,3.85,4,6,Pellet,Left,3128,214,283,8,0.39,46,nan
11/1/2025 11:08:44,1.17.2,PRexp,10,3.85,nan,7,Left,Left,3129,214,283,8,nan,nan,0.10
11/1/2025 11:08:45,1.17.2,PRexp,10,3.85,nan,7,Left,Left,3130,214,283,8,nan,nan,0.03
11/1/2025 11:08:47,1.17.2,PRexp,10,3.85,nan,7,Left,Left,3131,214,283,8,nan,nan,0.40
11/1/2025 11:28:12,1.17.2,PRexp,10,3.85,nan,7,Left,Left,3132,214,283,8,nan,nan,0.30
11/1/2025 11:28:13,1.17.2,PRexp,10,3.85,nan,7,Left,Left,3133,214,283,8,nan,nan,0.09
11/1/2025 11:28:14,1.17.2,PRexp,10,3.85,nan,7,Left,Left,3134,214,283,8,nan,nan,0.35
11/1/2025 11:28:18,1.17.2,PRexp,10,3.85,nan,7,Left,Left,3135,214,283,8,nan,nan,0.55
11/1/2025 11:28:24,1.17.2,PRexp,10,3.85,4,7,Pellet,Left,3135,214,284,9,1.05,1233,nan
11/1/2025 11:53:08,1.17.2,PRexp,10,3.85,nan,9,Left,Left,3136,214,284,9,nan,nan,0.65
11/1/2025 11:53:09,1.17.2,PRexp,10,3.85,nan,9,Left,Left,3137,214,284,9,nan,nan,0.26
11/1/2025 11:53:11,1.17.2,PRexp,10,3.85,nan,9,Left,Left,3138,214,284,9,nan,nan,0.48
11/1/2025 11:53:12,1.17.2,PRexp,10,3.85,nan,9,Left,Left,3139,214,284,9,nan,nan,0.33
11/1/2025 11:53:13,1.17.2,PRexp,10,3.85,nan,9,Left,Left,3140,214,284,9,nan,nan,0.47
11/1/2025 11:53:15,1.17.2,PRexp,10,3.85,nan,9,Left,Left,3141,214,284,9,nan,nan,0.17
11/1/2025 11:53:19,1.17.2,PRexp,10,3.85,nan,9,Left,Left,3142,214,284,9,nan,nan,0.33
11/1/2025 11:53:22,1.17.2,PRexp,10,3.85,nan,9,Left,Left,3143,214,284,9,nan,nan,0.50
11/1/2025 11:53:23,1.17.2,PRexp,10,3.85,nan,9,Left,Left,3144,214,284,9,nan,nan,0.00
11/1/2025 11:53:30,1.17.2,PRexp,10,3.85,4,9,Pellet,Left,3144,214,285,10,0.33,1506,nan
11/1/2025 11:54:59,1.17.2,PRexp,10,3.85,nan,10,Left,Left,3145,214,285,10,nan,nan,0.06
11/1/2025 11:55:03,1.17.2,PRexp,10,3.85,nan,10,Left,Left,3146,214,285,10,nan,nan,0.95
11/1/2025 11:55:06,1.17.2,PRexp,10,3.85,nan,10,Left,Left,3147,214,285,10,nan,nan,0.57
11/1/2025 11:55:07,1.17.2,PRexp,10,3.85,nan,10,Left,Left,3148,214,285,10,nan,nan,0.00
11/1/2025 11:55:11,1.17.2,PRexp,10,3.85,nan,10,Left,Left,3149,214,285,10,nan,nan,1.62
11/1/2025 11:55:13,1.17.2,PRexp,10,3.85,nan,10,Left,Left,3150,214,285,10,nan,nan,0.52
11/1/2025 11:55:15,1.17.2,PRexp,10,3.85,nan,10,Left,Left,3151,214,285,10,nan,nan,0.10
11/1/2025 11:55:17,1.17.2,PRexp,10,3.85,nan,10,Left,Left,3152,214,285,10,nan,nan,0.10
11/1/2025 11:55:19,1.17.2,PRexp,10,3.85,nan,10,Left,Left,3153,214,285,10,nan,nan,0.00
11/1/2025 11:55:21,1.17.2,PRexp,10,3.85,nan,10,Left,Left,3154,214,285,10,nan,nan,0.07
11/1/2025 11:55:21,1.17.2,PRexp,10,3.85,nan,10,LeftDuringDispense,Left,3155,214,285,11,nan,nan,0.06
11/1/2025 11:55:29,1.17.2,PRexp,10,3.85,5,10,Pellet,Left,3155,214,286,11,0.05,119,nan
11/1/2025 12:18:09,1.17.2,PRexp,10,3.84,nan,12,Left,Left,3156,214,286,11,nan,nan,0.79
11/1/2025 12:18:10,1.17.2,PRexp,10,3.85,nan,12,Left,Left,3157,214,286,11,nan,nan,0.62
11/1/2025 12:18:11,1.17.2,PRexp,10,3.85,nan,12,Left,Left,3158,214,286,11,nan,nan,0.19
11/1/2025 12:18:14,1.17.2,PRexp,10,3.85,nan,12,Left,Left,3159,214,286,11,nan,nan,1.07
11/1/2025 12:18:20,1.17.2,PRexp,10,3.85,nan,12,Left,Left,3160,214,286,11,nan,nan,1.16
11/1/2025 12:25:30,1.17.2,PRexp,10,3.85,nan,12,Left,Left,3161,214,286,11,nan,nan,0.01
11/1/2025 12:25:33,1.17.2,PRexp,10,3.85,nan,12,Left,Left,3162,214,286,11,nan,nan,1.34
11/1/2025 12:25:34,1.17.2,PRexp,10,3.85,nan,12,Left,Left,3163,214,286,11,nan,nan,0.17
11/1/2025 12:25:36,1.17.2,PRexp,10,3.85,nan,12,Left,Left,3164,214,286,11,nan,nan,0.12
11/1/2025 12:25:37,1.17.2,PRexp,10,3.85,nan,12,Left,Left,3165,214,286,11,nan,nan,0.14
11/1/2025 12:25:38,1.17.2,PRexp,10,3.85,nan,12,Left,Left,3166,214,286,11,nan,nan,0.43
11/1/2025 12:25:41,1.17.2,PRexp,10,3.85,nan,12,Left,Left,3167,214,286,11,nan,nan,1.51
11/1/2025 12:25:47,1.17.2,PRexp,10,3.85,4,12,Pellet,Left,3167,214,287,12,0.61,1818,nan
11/1/2025 12:26:34,1.17.2,PRexp,10,3.85,nan,13,Left,Left,3168,214,287,12,nan,nan,0.07
11/1/2025 12:26:36,1.17.2,PRexp,10,3.85,nan,13,Left,Left,3169,214,287,12,nan,nan,0.03
11/1/2025 12:26:37,1.17.2,PRexp,10,3.85,nan,13,Left,Left,3170,214,287,12,nan,nan,0.36
11/1/2025 12:26:41,1.17.2,PRexp,10,3.85,nan,13,Left,Left,3171,214,287,12,nan,nan,0.59
11/1/2025 12:26:42,1.17.2,PRexp,10,3.85,nan,13,Left,Left,3172,214,287,12,nan,nan,0.17
11/1/2025 12:26:44,1.17.2,PRexp,10,3.85,nan,13,Left,Left,3173,214,287,12,nan,nan,0.76
11/1/2025 12:26:46,1.17.2,PRexp,10,3.85,nan,13,Left,Left,3174,214,287,12,nan,nan,0.01
11/1/2025 12:26:48,1.17.2,PRexp,10,3.85,nan,13,Left,Left,3175,214,287,12,nan,nan,0.05
11/1/2025 12:26:50,1.17.2,PRexp,10,3.85,nan,13,Left,Left,3176,214,287,12,nan,nan,0.23
11/1/2025 12:26:51,1.17.2,PRexp,10,3.85,nan,13,Left,Left,3177,214,287,12,nan,nan,0.06
11/1/2025 12:26:55,1.17.2,PRexp,10,3.85,nan,13,Left,Left,3178,214,287,12,nan,nan,1.70
11/1/2025 12:26:57,1.17.2,PRexp,10,3.85,nan,13,Left,Left,3179,214,287,12,nan,nan,0.02
11/1/2025 12:27:04,1.17.2,PRexp,10,3.85,nan,13,Left,Left,3180,214,287,12,nan,nan,0.25
11/1/2025 12:27:10,1.17.2,PRexp,10,3.85,4,13,Pellet,Left,3180,214,288,13,0.44,83,nan
11/1/2025 12:28:48,1.17.2,PRexp,10,3.85,nan,15,Left,Left,3181,214,288,13,nan,nan,0.27
11/1/2025 12:28:55,1.17.2,PRexp,10,3.85,nan,15,Left,Left,3182,214,288,13,nan,nan,1.47
11/1/2025 12:28:57,1.17.2,PRexp,10,3.85,nan,15,Left,Left,3183,214,288,13,nan,nan,1.01
11/1/2025 12:29:01,1.17.2,PRexp,10,3.84,nan,15,Left,Left,3184,214,288,13,nan,nan,1.47
11/1/2025 12:29:03,1.17.2,PRexp,10,3.85,nan,15,Left,Left,3185,214,288,13,nan,nan,0.02
11/1/2025 12:29:04,1.17.2,PRexp,10,3.85,nan,15,Left,Left,3186,214,288,13,nan,nan,0.03
11/1/2025 12:29:04,1.17.2,PRexp,10,3.85,nan,15,Left,Left,3187,214,288,13,nan,nan,0.03
11/1/2025 12:29:06,1.17.2,PRexp,10,3.85,nan,15,Left,Left,3188,214,288,13,nan,nan,0.00
11/1/2025 12:29:10,1.17.2,PRexp,10,3.85,nan,15,Left,Left,3189,214,288,13,nan,nan,0.28
11/1/2025 12:29:11,1.17.2,PRexp,10,3.85,nan,15,Left,Left,3190,214,288,13,nan,nan,0.00
11/1/2025 12:29:17,1.17.2,PRexp,10,3.85,nan,15,Left,Left,3191,214,288,13,nan,nan,0.02
11/1/2025 12:31:43,1.17.2,PRexp,10,3.85,nan,15,Right,Left,3191,215,288,13,nan,nan,0.25
11/1/2025 12:31:56,1.17.2,PRexp,10,3.85,nan,15,Left,Left,3192,215,288,13,nan,nan,0.11
11/1/2025 12:32:14,1.17.2,PRexp,10,3.85,nan,15,Left,Left,3193,215,288,13,nan,nan,0.05
11/1/2025 12:35:03,1.17.2,PRexp,10,3.85,nan,15,Left,Left,3194,215,288,13,nan,nan,0.18
11/1/2025 12:36:16,1.17.2,PRexp,10,3.85,nan,15,Left,Left,3195,215,288,13,nan,nan,0.73
11/1/2025 12:36:24,1.17.2,PRexp,10,3.85,5,15,Pellet,Left,3195,215,289,14,0.66,554,nan
11/1/2025 12:36:52,1.17.2,PRexp,10,3.85,nan,17,Left,Left,3196,215,289,14,nan,nan,0.50
11/1/2025 12:36:53,1.17.2,PRexp,10,3.85,nan,17,Left,Left,3197,215,289,14,nan,nan,0.55
11/1/2025 12:36:57,1.17.2,PRexp,10,3.85,nan,17,Left,Left,3198,215,289,14,nan,nan,0.80
11/1/2025 12:37:04,1.17.2,PRexp,10,3.85,nan,17,Left,Left,3199,215,289,14,nan,nan,0.06
11/1/2025 12:37:25,1.17.2,PRexp,10,3.85,nan,17,Left,Left,3200,215,289,14,nan,nan,0.38
11/1/2025 12:50:33,1.17.2,PRexp,10,3.85,nan,17,Left,Left,3201,215,289,14,nan,nan,0.08
11/1/2025 12:50:34,1.17.2,PRexp,10,3.85,nan,17,Left,Left,3202,215,289,14,nan,nan,0.24
11/1/2025 12:50:36,1.17.2,PRexp,10,3.84,nan,17,Left,Left,3203,215,289,14,nan,nan,0.20
11/1/2025 12:50:39,1.17.2,PRexp,10,3.85,nan,17,Left,Left,3204,215,289,14,nan,nan,0.08
11/1/2025 12:50:42,1.17.2,PRexp,10,3.85,nan,17,Left,Left,3205,215,289,14,nan,nan,0.03
11/1/2025 12:50:43,1.17.2,PRexp,10,3.85,nan,17,Left,Left,3206,215,289,14,nan,nan,0.60
11/1/2025 13:19:33,1.17.2,PRexp,10,3.85,nan,17,Left,Left,3207,215,289,14,nan,nan,0.26
11/1/2025 13:19:36,1.17.2,PRexp,10,3.85,nan,17,Left,Left,3208,215,289,14,nan,nan,0.97
11/1/2025 13:19:40,1.17.2,PRexp,10,3.84,nan,17,Left,Left,3209,215,289,14,nan,nan,0.65
11/1/2025 13:23:03,1.17.2,PRexp,10,3.85,nan,17,Left,Left,3210,215,289,14,nan,nan,1.10
11/1/2025 13:26:00,1.17.2,PRexp,10,3.85,nan,17,Left,Left,3211,215,289,14,nan,nan,1.92
11/1/2025 13:26:02,1.17.2,PRexp,10,3.85,nan,17,Left,Left,3212,215,289,14,nan,nan,0.60
11/1/2025 13:26:04,1.17.2,PRexp,10,3.85,nan,17,LeftDuringDispense,Left,3213,215,289,15,nan,nan,1.35
11/1/2025 13:26:07,1.17.2,PRexp,10,3.85,nan,17,LeftDuringDispense,Left,3214,215,289,15,nan,nan,0.92
11/1/2025 13:26:18,1.17.2,PRexp,10,3.85,7,17,Pellet,Left,3214,215,290,15,0.55,2994,nan
11/1/2025 13:26:58,1.17.2,PRexp,10,3.84,nan,20,Left,Left,3215,215,290,15,nan,nan,0.02
11/1/2025 13:27:00,1.17.2,PRexp,10,3.85,nan,20,Left,Left,3216,215,290,15,nan,nan,0.76
11/1/2025 13:27:01,1.17.2,PRexp,10,3.85,nan,20,Left,Left,3217,215,290,15,nan,nan,0.00
11/1/2025 13:27:02,1.17.2,PRexp,10,3.85,nan,20,Left,Left,3218,215,290,15,nan,nan,0.04
11/1/2025 13:27:03,1.17.2,PRexp,10,3.84,nan,20,Left,Left,3219,215,290,15,nan,nan,0.01
11/1/2025 13:27:04,1.17.2,PRexp,10,3.85,nan,20,Left,Left,3220,215,290,15,nan,nan,0.12
11/1/2025 13:27:05,1.17.2,PRexp,10,3.85,nan,20,Left,Left,3221,215,290,15,nan,nan,0.03
11/1/2025 13:27:06,1.17.2,PRexp,10,3.84,nan,20,Left,Left,3222,215,290,15,nan,nan,0.00
11/1/2025 13:27:09,1.17.2,PRexp,10,3.85,nan,20,Left,Left,3223,215,290,15,nan,nan,1.21
11/1/2025 13:27:11,1.17.2,PRexp,10,3.85,nan,20,Left,Left,3224,215,290,15,nan,nan,0.74
11/1/2025 13:27:13,1.17.2,PRexp,10,3.85,nan,20,Left,Left,3225,215,290,15,nan,nan,0.23
11/1/2025 13:27:18,1.17.2,PRexp,10,3.84,nan,20,Left,Left,3226,215,290,15,nan,nan,0.01
11/1/2025 13:27:27,1.17.2,PRexp,10,3.84,nan,20,Left,Left,3227,215,290,15,nan,nan,0.29
11/1/2025 13:27:28,1.17.2,PRexp,10,3.84,nan,20,Left,Left,3228,215,290,15,nan,nan,0.00
11/1/2025 13:27:30,1.17.2,PRexp,10,3.85,nan,20,Left,Left,3229,215,290,15,nan,nan,0.00
11/1/2025 13:27:33,1.17.2,PRexp,10,3.85,nan,20,Left,Left,3230,215,290,15,nan,nan,0.18
11/1/2025 13:27:36,1.17.2,PRexp,10,3.85,nan,20,Left,Left,3231,215,290,15,nan,nan,1.00
11/1/2025 13:27:38,1.17.2,PRexp,10,3.85,nan,20,Left,Left,3232,215,290,15,nan,nan,0.89
11/1/2025 13:27:38,1.17.2,PRexp,10,3.84,nan,20,Left,Left,3233,215,290,15,nan,nan,0.04
11/1/2025 13:27:40,1.17.2,PRexp,10,3.85,nan,20,Left,Left,3234,215,290,15,nan,nan,0.10
11/1/2025 13:27:48,1.17.2,PRexp,10,3.85,5,20,Pellet,Left,3234,215,291,16,0.11,90,nan
11/1/2025 13:28:22,1.17.2,PRexp,10,3.85,nan,22,Left,Left,3235,215,291,16,nan,nan,0.06
11/1/2025 13:28:44,1.17.2,PRexp,10,3.85,nan,22,Left,Left,3236,215,291,16,nan,nan,0.04
11/1/2025 13:28:47,1.17.2,PRexp,10,3.85,nan,22,Left,Left,3237,215,291,16,nan,nan,0.94
11/1/2025 13:28:48,1.17.2,PRexp,10,3.85,nan,22,Left,Left,3238,215,291,16,nan,nan,0.03
11/1/2025 13:28:52,1.17.2,PRexp,10,3.85,nan,22,Left,Left,3239,215,291,16,nan,nan,0.39
11/1/2025 13:28:57,1.17.2,PRexp,10,3.84,nan,22,Left,Left,3240,215,291,16,nan,nan,0.09
11/1/2025 13:28:57,1.17.2,PRexp,10,3.85,nan,22,Left,Left,3241,215,291,16,nan,nan,0.04
11/1/2025 13:28:59,1.17.2,PRexp,10,3.85,nan,22,Left,Left,3242,215,291,16,nan,nan,1.11
11/1/2025 13:44:04,1.17.2,PRexp,10,3.85,nan,22,Left,Left,3243,215,291,16,nan,nan,1.43
11/1/2025 13:44:05,1.17.2,PRexp,10,3.85,nan,22,Left,Left,3244,215,291,16,nan,nan,0.00
11/1/2025 13:44:06,1.17.2,PRexp,10,3.84,nan,22,Left,Left,3245,215,291,16,nan,nan,0.40
11/1/2025 13:45:29,1.17.2,PRexp,10,3.84,nan,22,Left,Left,3246,215,291,16,nan,nan,0.31
11/1/2025 13:45:31,1.17.2,PRexp,10,3.85,nan,22,Left,Left,3247,215,291,16,nan,nan,0.12
11/1/2025 13:45:35,1.17.2,PRexp,10,3.85,nan,22,Left,Left,3248,215,291,16,nan,nan,0.76
11/1/2025 13:45:36,1.17.2,PRexp,10,3.85,nan,22,Left,Left,3249,215,291,16,nan,nan,0.00
11/1/2025 13:45:37,1.17.2,PRexp,10,3.84,nan,22,Left,Left,3250,215,291,16,nan,nan,0.02
11/1/2025 13:45:39,1.17.2,PRexp,10,3.85,nan,22,Left,Left,3251,215,291,16,nan,nan,0.00
11/1/2025 13:45:40,1.17.2,PRexp,10,3.85,nan,22,Left,Left,3252,215,291,16,nan,nan,0.13
11/1/2025 13:45:43,1.17.2,PRexp,10,3.83,nan,22,Left,Left,3253,215,291,16,nan,nan,2.13
11/1/2025 13:45:46,1.17.2,PRexp,10,3.85,nan,22,Left,Left,3254,215,291,16,nan,nan,1.94
11/1/2025 14:13:10,1.17.2,PRexp,10,3.85,nan,22,Left,Left,3255,215,291,16,nan,nan,0.76
11/1/2025 14:13:14,1.17.2,PRexp,10,3.84,nan,22,Left,Left,3256,215,291,16,nan,nan,0.97
11/1/2025 14:13:14,1.17.2,PRexp,10,3.85,nan,22,LeftDuringDispense,Left,3257,215,291,17,nan,nan,0.06
11/1/2025 14:13:24,1.17.2,PRexp,10,3.85,6,22,Pellet,Left,3257,215,292,17,0.50,2736,nan
11/1/2025 14:14:32,1.17.2,PRexp,10,3.84,nan,25,Left,Left,3258,215,292,17,nan,nan,2.19
11/1/2025 14:14:34,1.17.2,PRexp,10,3.85,nan,25,Left,Left,3259,215,292,17,nan,nan,0.03
11/1/2025 14:14:36,1.17.2,PRexp,10,3.84,nan,25,Left,Left,3260,215,292,17,nan,nan,0.85
11/1/2025 14:14:41,1.17.2,PRexp,10,3.84,nan,25,Left,Left,3261,215,292,17,nan,nan,1.84
11/1/2025 14:14:46,1.17.2,PRexp,10,3.85,nan,25,Left,Left,3262,215,292,17,nan,nan,0.44
11/1/2025 14:14:47,1.17.2,PRexp,10,3.84,nan,25,Left,Left,3263,215,292,17,nan,nan,0.08
11/1/2025 14:14:48,1.17.2,PRexp,10,3.85,nan,25,Left,Left,3264,215,292,17,nan,nan,0.41
11/1/2025 14:14:51,1.17.2,PRexp,10,3.85,nan,25,Left,Left,3265,215,292,17,nan,nan,0.03
11/1/2025 14:22:37,1.17.2,PRexp,10,3.85,nan,25,Left,Left,3266,215,292,17,nan,nan,0.21
11/1/2025 14:22:39,1.17.2,PRexp,10,3.83,nan,25,Left,Left,3267,215,292,17,nan,nan,0.18
11/1/2025 14:22:40,1.17.2,PRexp,10,3.83,nan,25,Left,Left,3268,215,292,17,nan,nan,0.21
11/1/2025 14:22:43,1.17.2,PRexp,10,3.84,nan,25,Left,Left,3269,215,292,17,nan,nan,0.30
11/1/2025 14:22:45,1.17.2,PRexp,10,3.85,nan,25,Left,Left,3270,215,292,17,nan,nan,0.66
11/1/2025 14:22:47,1.17.2,PRexp,10,3.85,nan,25,Left,Left,3271,215,292,17,nan,nan,0.13
11/1/2025 14:22:50,1.17.2,PRexp,10,3.85,nan,25,Left,Left,3272,215,292,17,nan,nan,0.72
11/1/2025 14:22:53,1.17.2,PRexp,10,3.84,nan,25,Left,Left,3273,215,292,17,nan,nan,0.06
11/1/2025 14:22:56,1.17.2,PRexp,10,3.85,nan,25,Left,Left,3274,215,292,17,nan,nan,0.35
11/1/2025 14:22:57,1.17.2,PRexp,10,3.85,nan,25,Left,Left,3275,215,292,17,nan,nan,0.22
11/1/2025 14:22:58,1.17.2,PRexp,10,3.84,nan,25,Left,Left,3276,215,292,17,nan,nan,0.02
11/1/2025 14:23:00,1.17.2,PRexp,10,3.84,nan,25,Left,Left,3277,215,292,17,nan,nan,0.35
11/1/2025 14:23:01,1.17.2,PRexp,10,3.85,nan,25,Left,Left,3278,215,292,17,nan,nan,0.73
11/1/2025 14:23:03,1.17.2,PRexp,10,3.85,nan,25,Left,Left,3279,215,292,17,nan,nan,0.09
11/1/2025 14:23:13,1.17.2,PRexp,10,3.84,nan,25,Left,Left,3280,215,292,17,nan,nan,0.03
11/1/2025 14:23:14,1.17.2,PRexp,10,3.85,nan,25,Left,Left,3281,215,292,17,nan,nan,0.16
11/1/2025 14:23:23,1.17.2,PRexp,10,3.85,nan,25,Left,Left,3282,215,292,17,nan,nan,0.19
11/1/2025 14:23:23,1.17.2,PRexp,10,3.84,nan,25,LeftDuringDispense,Left,3283,215,292,18,nan,nan,0.01
11/1/2025 14:23:28,1.17.2,PRexp,10,3.84,nan,25,LeftDuringDispense,Left,3284,215,292,18,nan,nan,0.02
11/1/2025 14:23:29,1.17.2,PRexp,10,3.84,nan,25,LeftDuringDispense,Left,3285,215,292,18,nan,nan,0.29
11/1/2025 14:23:34,1.17.2,PRexp,10,3.84,6,25,Pellet,Left,3285,215,293,18,0.33,610,nan
11/1/2025 14:24:13,1.17.2,PRexp,10,3.84,nan,28,Left,Left,3286,215,293,18,nan,nan,0.04
11/1/2025 14:24:13,1.17.2,PRexp,10,3.84,nan,28,Left,Left,3287,215,293,18,nan,nan,0.02
11/1/2025 14:24:24,1.17.2,PRexp,10,3.85,nan,28,Left,Left,3288,215,293,18,nan,nan,0.28
11/1/2025 14:24:28,1.17.2,PRexp,10,3.85,nan,28,Left,Left,3289,215,293,18,nan,nan,0.19
11/1/2025 14:24:30,1.17.2,PRexp,10,3.84,nan,28,Left,Left,3290,215,293,18,nan,nan,0.04
11/1/2025 14:37:00,1.17.2,PRexp,10,3.85,nan,28,Left,Left,3291,215,293,18,nan,nan,0.64
11/1/2025 14:43:13,1.17.2,PRexp,10,3.84,nan,28,Left,Left,3292,215,293,18,nan,nan,0.17
11/1/2025 14:43:17,1.17.2,PRexp,10,3.84,nan,28,Left,Left,3293,215,293,18,nan,nan,0.20
11/1/2025 14:44:17,1.17.2,PRexp,10,3.84,nan,28,Left,Left,3294,215,293,18,nan,nan,1.00
11/1/2025 14:44:57,1.17.2,PRexp,10,3.84,nan,28,Left,Left,3295,215,293,18,nan,nan,0.03
11/1/2025 14:45:15,1.17.2,PRexp,10,3.85,nan,28,Left,Left,3296,215,293,18,nan,nan,0.00
11/1/2025 14:45:45,1.17.2,PRexp,10,3.85,nan,28,Right,Left,3296,216,293,18,nan,nan,0.57
11/1/2025 14:45:45,1.17.2,PRexp,10,3.84,nan,28,Right,Left,3296,217,293,18,nan,nan,0.00
11/1/2025 14:45:46,1.17.2,PRexp,10,3.85,nan,28,Right,Left,3296,218,293,18,nan,nan,0.00
11/1/2025 14:46:50,1.17.2,PRexp,10,3.84,nan,28,Left,Left,3297,218,293,18,nan,nan,0.01
11/1/2025 14:46:54,1.17.2,PRexp,10,3.85,nan,28,Left,Left,3298,218,293,18,nan,nan,0.03
11/1/2025 14:47:00,1.17.2,PRexp,10,3.85,nan,28,Left,Left,3299,218,293,18,nan,nan,0.00
11/1/2025 14:48:09,1.17.2,PRexp,10,3.84,nan,28,Right,Left,3299,219,293,18,nan,nan,0.57
11/1/2025 14:48:33,1.17.2,PRexp,10,3.84,nan,28,Right,Left,3299,220,293,18,nan,nan,0.08
11/1/2025 14:48:38,1.17.2,PRexp,10,3.84,nan,28,Left,Left,3300,220,293,18,nan,nan,0.04
11/1/2025 14:48:41,1.17.2,PRexp,10,3.84,nan,28,Left,Left,3301,220,293,18,nan,nan,0.01
11/1/2025 14:48:46,1.17.2,PRexp,10,3.84,nan,28,Left,Left,3302,220,293,18,nan,nan,0.13
11/1/2025 14:48:51,1.17.2,PRexp,10,3.84,nan,28,Left,Left,3303,220,293,18,nan,nan,0.09
11/1/2025 14:48:53,1.17.2,PRexp,10,3.84,nan,28,Left,Left,3304,220,293,18,nan,nan,0.07
11/1/2025 14:48:57,1.17.2,PRexp,10,3.84,nan,28,Left,Left,3305,220,293,18,nan,nan,0.02
11/1/2025 14:49:01,1.17.2,PRexp,10,3.84,nan,28,Left,Left,3306,220,293,18,nan,nan,0.04
11/1/2025 14:49:02,1.17.2,PRexp,10,3.83,nan,28,Left,Left,3307,220,293,18,nan,nan,0.00
11/1/2025 14:49:05,1.17.2,PRexp,10,3.84,nan,28,Left,Left,3308,220,293,18,nan,nan,0.01
11/1/2025 14:49:07,1.17.2,PRexp,10,3.85,nan,28,Left,Left,3309,220,293,18,nan,nan,0.19
11/1/2025 14:49:09,1.17.2,PRexp,10,3.84,nan,28,Left,Left,3310,220,293,18,nan,nan,0.31
11/1/2025 14:49:10,1.17.2,PRexp,10,3.84,nan,28,Left,Left,3311,220,293,18,nan,nan,0.05
11/1/2025 14:49:14,1.17.2,PRexp,10,3.84,nan,28,Left,Left,3312,220,293,18,nan,nan,0.02
11/1/2025 14:49:18,1.17.2,PRexp,10,3.85,nan,28,Left,Left,3313,220,293,18,nan,nan,0.58
11/1/2025 14:49:34,1.17.2,PRexp,10,3.84,9,28,Pellet,Left,3313,220,294,19,0.39,1560,nan
11/1/2025 14:50:49,1.17.2,PRexp,10,3.84,nan,32,Left,Left,3314,220,294,19,nan,nan,0.22
11/1/2025 14:50:56,1.17.2,PRexp,10,3.84,nan,32,Left,Left,3315,220,294,19,nan,nan,0.00
11/1/2025 14:51:34,1.17.2,PRexp,10,3.84,nan,32,Left,Left,3316,220,294,19,nan,nan,0.06
11/1/2025 14:53:37,1.17.2,PRexp,10,3.84,nan,32,Left,Left,3317,220,294,19,nan,nan,0.08
11/1/2025 14:53:39,1.17.2,PRexp,10,3.85,nan,32,Left,Left,3318,220,294,19,nan,nan,0.09
11/1/2025 14:53:39,1.17.2,PRexp,10,3.85,nan,32,Left,Left,3319,220,294,19,nan,nan,0.00
11/1/2025 14:53:41,1.17.2,PRexp,10,3.84,nan,32,Left,Left,3320,220,294,19,nan,nan,0.17
11/1/2025 14:53:42,1.17.2,PRexp,10,3.84,nan,32,Left,Left,3321,220,294,19,nan,nan,0.04
11/1/2025 14:53:45,1.17.2,PRexp,10,3.85,nan,32,Left,Left,3322,220,294,19,nan,nan,0.09
11/1/2025 14:53:47,1.17.2,PRexp,10,3.84,nan,32,Left,Left,3323,220,294,19,nan,nan,0.47
11/1/2025 14:53:50,1.17.2,PRexp,10,3.85,nan,32,Left,Left,3324,220,294,19,nan,nan,0.02
11/1/2025 14:53:50,1.17.2,PRexp,10,3.84,nan,32,Left,Left,3325,220,294,19,nan,nan,0.00
11/1/2025 14:54:15,1.17.2,PRexp,10,3.85,nan,32,Left,Left,3326,220,294,19,nan,nan,0.06
11/1/2025 14:54:17,1.17.2,PRexp,10,3.84,nan,32,Left,Left,3327,220,294,19,nan,nan,0.01
11/1/2025 14:54:18,1.17.2,PRexp,10,3.84,nan,32,Left,Left,3328,220,294,19,nan,nan,0.02
11/1/2025 14:55:28,1.17.2,PRexp,10,3.84,nan,32,Left,Left,3329,220,294,19,nan,nan,0.06
11/1/2025 14:55:29,1.17.2,PRexp,10,3.84,nan,32,Left,Left,3330,220,294,19,nan,nan,0.13
11/1/2025 14:55:31,1.17.2,PRexp,10,3.85,nan,32,Left,Left,3331,220,294,19,nan,nan,0.01
11/1/2025 14:55:33,1.17.2,PRexp,10,3.85,nan,32,Left,Left,3332,220,294,19,nan,nan,0.30
11/1/2025 14:55:35,1.17.2,PRexp,10,3.84,nan,32,Left,Left,3333,220,294,19,nan,nan,0.17
11/1/2025 14:55:36,1.17.2,PRexp,10,3.83,nan,32,Left,Left,3334,220,294,19,nan,nan,0.09
11/1/2025 14:55:40,1.17.2,PRexp,10,3.84,nan,32,Left,Left,3335,220,294,19,nan,nan,0.17
11/1/2025 14:55:41,1.17.2,PRexp,10,3.84,nan,32,Left,Left,3336,220,294,19,nan,nan,0.00
11/1/2025 14:55:42,1.17.2,PRexp,10,3.84,nan,32,Left,Left,3337,220,294,19,nan,nan,0.29
11/1/2025 14:55:43,1.17.2,PRexp,10,3.85,nan,32,Left,Left,3338,220,294,19,nan,nan,0.38
11/1/2025 14:55:44,1.17.2,PRexp,10,3.84,nan,32,Left,Left,3339,220,294,19,nan,nan,0.31
11/1/2025 14:55:49,1.17.2,PRexp,10,3.83,nan,32,Left,Left,3340,220,294,19,nan,nan,0.05
11/1/2025 14:55:50,1.17.2,PRexp,10,3.84,nan,32,Left,Left,3341,220,294,19,nan,nan,0.00
11/1/2025 14:55:51,1.17.2,PRexp,10,3.85,nan,32,Left,Left,3342,220,294,19,nan,nan,0.01
11/1/2025 14:55:51,1.17.2,PRexp,10,3.83,nan,32,Left,Left,3343,220,294,19,nan,nan,0.00
11/1/2025 14:55:53,1.17.2,PRexp,10,3.85,nan,32,Left,Left,3344,220,294,19,nan,nan,0.19
11/1/2025 14:56:25,1.17.2,PRexp,10,3.85,nan,32,Right,Left,3344,221,294,19,nan,nan,0.09
11/1/2025 14:57:29,1.17.2,PRexp,10,3.84,nan,32,Left,Left,3345,221,294,19,nan,nan,0.05
11/1/2025 14:57:37,1.17.2,PRexp,10,3.84,5,32,Pellet,Left,3345,221,295,20,0.16,483,nan
11/1/2025 14:59:38,1.17.2,PRexp,10,3.84,nan,36,Left,Left,3346,221,295,20,nan,nan,0.00
11/1/2025 14:59:48,1.17.2,PRexp,10,3.84,nan,36,Left,Left,3347,221,295,20,nan,nan,0.06
11/1/2025 14:59:49,1.17.2,PRexp,10,3.84,nan,36,Left,Left,3348,221,295,20,nan,nan,0.00
11/1/2025 14:59:50,1.17.2,PRexp,10,3.84,nan,36,Left,Left,3349,221,295,20,nan,nan,0.21
11/1/2025 14:59:51,1.17.2,PRexp,10,3.84,nan,36,Left,Left,3350,221,295,20,nan,nan,0.44
11/1/2025 15:01:39,1.17.2,PRexp,10,3.84,nan,36,Left,Left,3351,221,295,20,nan,nan,0.05
11/1/2025 15:01:41,1.17.2,PRexp,10,3.84,nan,36,Left,Left,3352,221,295,20,nan,nan,0.14
11/1/2025 15:01:42,1.17.2,PRexp,10,3.85,nan,36,Left,Left,3353,221,295,20,nan,nan,0.08
11/1/2025 15:01:53,1.17.2,PRexp,10,3.84,nan,36,Right,Left,3353,222,295,20,nan,nan,0.71
11/1/2025 15:02:14,1.17.2,PRexp,10,3.84,nan,36,Left,Left,3354,222,295,20,nan,nan,0.03
11/1/2025 15:02:15,1.17.2,PRexp,10,3.84,nan,36,Left,Left,3355,222,295,20,nan,nan,0.42
11/1/2025 15:02:17,1.17.2,PRexp,10,3.85,nan,36,Left,Left,3356,222,295,20,nan,nan,0.37
11/1/2025 15:02:18,1.17.2,PRexp,10,3.84,nan,36,Left,Left,3357,222,295,20,nan,nan,0.00
11/1/2025 15:02:19,1.17.2,PRexp,10,3.84,nan,36,Left,Left,3358,222,295,20,nan,nan,0.00
11/1/2025 15:02:21,1.17.2,PRexp,10,3.84,nan,36,Left,Left,3359,222,295,20,nan,nan,0.20
11/1/2025 15:02:23,1.17.2,PRexp,10,3.84,nan,36,Left,Left,3360,222,295,20,nan,nan,0.08
11/1/2025 15:04:45,1.17.2,PRexp,10,3.84,nan,36,Left,Left,3361,222,295,20,nan,nan,0.80
11/1/2025 15:05:11,1.17.2,PRexp,10,3.84,nan,36,Left,Left,3362,222,295,20,nan,nan,0.06
11/1/2025 15:10:32,1.17.2,PRexp,10,3.84,nan,36,Left,Left,3363,222,295,20,nan,nan,7.97
11/1/2025 15:10:35,1.17.2,PRexp,10,3.84,nan,36,Left,Left,3364,222,295,20,nan,nan,0.04
11/1/2025 15:11:06,1.17.2,PRexp,10,3.84,nan,36,Left,Left,3365,222,295,20,nan,nan,0.10
11/1/2025 15:11:16,1.17.2,PRexp,10,3.85,nan,36,Left,Left,3366,222,295,20,nan,nan,0.01
11/1/2025 15:11:31,1.17.2,PRexp,10,3.84,nan,36,Left,Left,3367,222,295,20,nan,nan,0.19
11/1/2025 15:14:58,1.17.2,PRexp,10,3.84,nan,36,Left,Left,3368,222,295,20,nan,nan,0.01
11/1/2025 15:33:15,1.17.2,PRexp,10,3.84,nan,36,Left,Left,3369,222,295,20,nan,nan,0.26
11/1/2025 15:33:21,1.17.2,PRexp,10,3.84,nan,36,Left,Left,3370,222,295,20,nan,nan,1.13
11/1/2025 15:33:27,1.17.2,PRexp,10,3.84,nan,36,Left,Left,3371,222,295,20,nan,nan,2.65
11/1/2025 15:33:29,1.17.2,PRexp,10,3.85,nan,36,Left,Left,3372,222,295,20,nan,nan,0.22
11/1/2025 15:33:32,1.17.2,PRexp,10,3.84,nan,36,Left,Left,3373,222,295,20,nan,nan,0.60
11/1/2025 15:33:33,1.17.2,PRexp,10,3.84,nan,36,Left,Left,3374,222,295,20,nan,nan,0.00
11/1/2025 15:33:35,1.17.2,PRexp,10,3.85,nan,36,Left,Left,3375,222,295,20,nan,nan,0.18
11/1/2025 15:33:38,1.17.2,PRexp,10,3.84,nan,36,Left,Left,3376,222,295,20,nan,nan,0.77
11/1/2025 15:44:15,1.17.2,PRexp,10,3.85,nan,36,Left,Left,3377,222,295,20,nan,nan,0.12
11/1/2025 15:44:18,1.17.2,PRexp,10,3.84,nan,36,Left,Left,3378,222,295,20,nan,nan,0.01
11/1/2025 15:44:19,1.17.2,PRexp,10,3.84,nan,36,Left,Left,3379,222,295,20,nan,nan,0.02
11/1/2025 15:44:19,1.17.2,PRexp,10,3.84,nan,36,Left,Left,3380,222,295,20,nan,nan,0.03
11/1/2025 15:44:23,1.17.2,PRexp,10,3.84,nan,36,Left,Left,3381,222,295,20,nan,nan,0.07
11/1/2025 15:44:31,1.17.2,PRexp,10,3.84,5,36,Pellet,Left,3381,222,296,21,0.27,2814,nan
11/1/2025 15:53:18,1.17.2,PRexp,10,3.84,nan,40,Left,Left,3382,222,296,21,nan,nan,0.75
11/1/2025 15:53:20,1.17.2,PRexp,10,3.84,nan,40,Left,Left,3383,222,296,21,nan,nan,0.25
11/1/2025 15:53:21,1.17.2,PRexp,10,3.84,nan,40,Left,Left,3384,222,296,21,nan,nan,0.12
11/1/2025 15:53:24,1.17.2,PRexp,10,3.84,nan,40,Left,Left,3385,222,296,21,nan,nan,1.15
11/1/2025 15:53:30,1.17.2,PRexp,10,3.84,nan,40,Left,Left,3386,222,296,21,nan,nan,0.38
11/1/2025 15:53:35,1.17.2,PRexp,10,3.84,nan,40,Left,Left,3387,222,296,21,nan,nan,0.53
11/1/2025 15:53:37,1.17.2,PRexp,10,3.85,nan,40,Left,Left,3388,222,296,21,nan,nan,1.14
11/1/2025 15:53:38,1.17.2,PRexp,10,3.84,nan,40,Left,Left,3389,222,296,21,nan,nan,0.07
11/1/2025 15:53:38,1.17.2,PRexp,10,3.84,nan,40,Left,Left,3390,222,296,21,nan,nan,0.03
11/1/2025 15:53:40,1.17.2,PRexp,10,3.85,nan,40,Left,Left,3391,222,296,21,nan,nan,0.38
11/1/2025 15:53:45,1.17.2,PRexp,10,3.84,nan,40,Left,Left,3392,222,296,21,nan,nan,0.31
11/1/2025 16:12:29,1.17.2,PRexp,10,3.84,nan,40,Left,Left,3393,222,296,21,nan,nan,1.43
11/1/2025 16:12:33,1.17.2,PRexp,10,3.84,nan,40,Left,Left,3394,222,296,21,nan,nan,0.12
11/1/2025 16:12:35,1.17.2,PRexp,10,3.84,nan,40,Left,Left,3395,222,296,21,nan,nan,0.21
11/1/2025 16:12:36,1.17.2,PRexp,10,3.84,nan,40,Left,Left,3396,222,296,21,nan,nan,0.00
11/1/2025 16:12:39,1.17.2,PRexp,10,3.84,nan,40,Left,Left,3397,222,296,21,nan,nan,0.39
11/1/2025 16:12:40,1.17.2,PRexp,10,3.85,nan,40,Left,Left,3398,222,296,21,nan,nan,0.00
11/1/2025 16:12:42,1.17.2,PRexp,10,3.84,nan,40,Left,Left,3399,222,296,21,nan,nan,0.31
11/1/2025 16:12:50,1.17.2,PRexp,10,3.84,nan,40,Left,Left,3400,222,296,21,nan,nan,0.09
11/1/2025 16:12:52,1.17.2,PRexp,10,3.84,nan,40,Left,Left,3401,222,296,21,nan,nan,1.41
11/1/2025 16:13:00,1.17.2,PRexp,10,3.84,nan,40,Left,Left,3402,222,296,21,nan,nan,0.14
11/1/2025 16:13:01,1.17.2,PRexp,10,3.84,nan,40,Left,Left,3403,222,296,21,nan,nan,0.04
11/1/2025 16:13:04,1.17.2,PRexp,10,3.84,nan,40,Left,Left,3404,222,296,21,nan,nan,0.75
11/1/2025 16:13:06,1.17.2,PRexp,10,3.85,nan,40,Left,Left,3405,222,296,21,nan,nan,0.48
11/1/2025 16:13:13,1.17.2,PRexp,10,3.84,nan,40,Left,Left,3406,222,296,21,nan,nan,0.06
11/1/2025 16:14:13,1.17.2,PRexp,10,3.84,nan,40,Left,Left,3407,222,296,21,nan,nan,0.23
11/1/2025 16:14:19,1.17.2,PRexp,10,3.83,nan,40,Left,Left,3408,222,296,21,nan,nan,0.00
11/1/2025 16:14:39,1.17.2,PRexp,10,3.84,nan,40,Left,Left,3409,222,296,21,nan,nan,0.08
11/1/2025 16:33:20,1.17.2,PRexp,10,3.84,nan,40,Left,Left,3410,222,296,21,nan,nan,0.64
11/1/2025 16:33:21,1.17.2,PRexp,10,3.84,nan,40,Left,Left,3411,222,296,21,nan,nan,0.21
11/1/2025 16:33:25,1.17.2,PRexp,10,3.84,nan,40,Left,Left,3412,222,296,21,nan,nan,0.19
11/1/2025 16:33:28,1.17.2,PRexp,10,3.84,nan,40,Left,Left,3413,222,296,21,nan,nan,0.95
11/1/2025 16:33:28,1.17.2,PRexp,10,3.83,nan,40,Left,Left,3414,222,296,21,nan,nan,0.03
11/1/2025 16:33:31,1.17.2,PRexp,10,3.84,nan,40,Left,Left,3415,222,296,21,nan,nan,0.35
11/1/2025 16:33:33,1.17.2,PRexp,10,3.83,nan,40,Left,Left,3416,222,296,21,nan,nan,0.11
11/1/2025 16:33:35,1.17.2,PRexp,10,3.84,nan,40,Left,Left,3417,222,296,21,nan,nan,0.64
11/1/2025 16:33:37,1.17.2,PRexp,10,3.84,nan,40,Left,Left,3418,222,296,21,nan,nan,0.12
11/1/2025 16:33:39,1.17.2,PRexp,10,3.84,nan,40,Left,Left,3419,222,296,21,nan,nan,0.24
11/1/2025 16:33:42,1.17.2,PRexp,10,3.84,nan,40,Left,Left,3420,222,296,21,nan,nan,1.21
11/1/2025 16:33:44,1.17.2,PRexp,10,3.84,nan,40,Left,Left,3421,222,296,21,nan,nan,0.02
11/1/2025 16:33:54,1.17.2,PRexp,10,3.84,6,40,Pellet,Left,3421,222,297,22,0.11,2963,nan
11/1/2025 16:34:56,1.17.2,PRexp,10,3.84,nan,45,Left,Left,3422,222,297,22,nan,nan,0.33
11/1/2025 16:34:57,1.17.2,PRexp,10,3.84,nan,45,Left,Left,3423,222,297,22,nan,nan,0.30
11/1/2025 16:35:00,1.17.2,PRexp,10,3.84,nan,45,Left,Left,3424,222,297,22,nan,nan,0.05
11/1/2025 16:35:01,1.17.2,PRexp,10,3.84,nan,45,Left,Left,3425,222,297,22,nan,nan,0.02
11/1/2025 16:35:06,1.17.2,PRexp,10,3.84,nan,45,Left,Left,3426,222,297,22,nan,nan,0.02
11/1/2025 16:35:07,1.17.2,PRexp,10,3.83,nan,45,Left,Left,3427,222,297,22,nan,nan,0.64
11/1/2025 16:35:08,1.17.2,PRexp,10,3.83,nan,45,Left,Left,3428,222,297,22,nan,nan,0.00
11/1/2025 16:35:12,1.17.2,PRexp,10,3.84,nan,45,Left,Left,3429,222,297,22,nan,nan,1.31
11/1/2025 16:35:12,1.17.2,PRexp,10,3.84,nan,45,Left,Left,3430,222,297,22,nan,nan,0.03
11/1/2025 16:35:13,1.17.2,PRexp,10,3.84,nan,45,Left,Left,3431,222,297,22,nan,nan,0.03
11/1/2025 16:35:16,1.17.2,PRexp,10,3.84,nan,45,Left,Left,3432,222,297,22,nan,nan,0.02
11/1/2025 16:35:20,1.17.2,PRexp,10,3.83,nan,45,Left,Left,3433,222,297,22,nan,nan,1.23
11/1/2025 16:35:24,1.17.2,PRexp,10,3.83,nan,45,Left,Left,3434,222,297,22,nan,nan,0.08
11/1/2025 16:35:26,1.17.2,PRexp,10,3.84,nan,45,Left,Left,3435,222,297,22,nan,nan,0.02
11/1/2025 16:35:27,1.17.2,PRexp,10,3.84,nan,45,Left,Left,3436,222,297,22,nan,nan,0.04
11/1/2025 16:35:33,1.17.2,PRexp,10,3.84,nan,45,Left,Left,3437,222,297,22,nan,nan,1.42
11/1/2025 16:35:35,1.17.2,PRexp,10,3.84,nan,45,Left,Left,3438,222,297,22,nan,nan,0.06
11/1/2025 16:35:36,1.17.2,PRexp,10,3.84,nan,45,Left,Left,3439,222,297,22,nan,nan,0.03
11/1/2025 16:35:40,1.17.2,PRexp,10,3.84,nan,45,Left,Left,3440,222,297,22,nan,nan,0.11
11/1/2025 16:35:48,1.17.2,PRexp,10,3.84,nan,45,Left,Left,3441,222,297,22,nan,nan,0.05
11/1/2025 16:35:49,1.17.2,PRexp,10,3.84,nan,45,Left,Left,3442,222,297,22,nan,nan,0.10
11/1/2025 16:35:52,1.17.2,PRexp,10,3.84,nan,45,Left,Left,3443,222,297,22,nan,nan,0.23
11/1/2025 16:35:55,1.17.2,PRexp,10,3.84,nan,45,Left,Left,3444,222,297,22,nan,nan,0.01
11/1/2025 16:35:58,1.17.2,PRexp,10,3.84,nan,45,Left,Left,3445,222,297,22,nan,nan,0.40
11/1/2025 16:36:23,1.17.2,PRexp,10,3.83,nan,45,Left,Left,3446,222,297,22,nan,nan,0.02
11/1/2025 16:36:26,1.17.2,PRexp,10,3.84,nan,45,Left,Left,3447,222,297,22,nan,nan,0.88
11/1/2025 16:36:33,1.17.2,PRexp,10,3.84,nan,45,Left,Left,3448,222,297,22,nan,nan,0.00
11/1/2025 16:36:51,1.17.2,PRexp,10,3.84,nan,45,Left,Left,3449,222,297,22,nan,nan,0.00
11/1/2025 16:36:52,1.17.2,PRexp,10,3.84,nan,45,Left,Left,3450,222,297,22,nan,nan,0.04
11/1/2025 16:36:58,1.17.2,PRexp,10,3.84,nan,45,Left,Left,3451,222,297,22,nan,nan,0.81
11/1/2025 16:37:09,1.17.2,PRexp,10,3.84,nan,45,Left,Left,3452,222,297,22,nan,nan,0.34
11/1/2025 16:37:11,1.17.2,PRexp,10,3.84,nan,45,Left,Left,3453,222,297,22,nan,nan,0.96
11/1/2025 16:37:15,1.17.2,PRexp,10,3.83,nan,45,Left,Left,3454,222,297,22,nan,nan,0.27
11/1/2025 16:37:18,1.17.2,PRexp,10,3.84,nan,45,Left,Left,3455,222,297,22,nan,nan,0.01
11/1/2025 16:37:19,1.17.2,PRexp,10,3.84,nan,45,Left,Left,3456,222,297,22,nan,nan,0.03
11/1/2025 16:37:23,1.17.2,PRexp,10,3.84,nan,45,Left,Left,3457,222,297,22,nan,nan,0.07
11/1/2025 16:37:26,1.17.2,PRexp,10,3.84,nan,45,Left,Left,3458,222,297,22,nan,nan,1.04
11/1/2025 16:37:29,1.17.2,PRexp,10,3.84,nan,45,Left,Left,3459,222,297,22,nan,nan,0.67
11/1/2025 16:37:29,1.17.2,PRexp,10,3.84,nan,45,Left,Left,3460,222,297,22,nan,nan,0.03
11/1/2025 16:37:32,1.17.2,PRexp,10,3.83,nan,45,Left,Left,3461,222,297,22,nan,nan,0.18
11/1/2025 16:37:34,1.17.2,PRexp,10,3.84,nan,45,Left,Left,3462,222,297,22,nan,nan,1.11
11/1/2025 16:37:36,1.17.2,PRexp,10,3.83,nan,45,Left,Left,3463,222,297,22,nan,nan,0.01
11/1/2025 16:37:37,1.17.2,PRexp,10,3.84,nan,45,Left,Left,3464,222,297,22,nan,nan,0.04
11/1/2025 16:38:15,1.17.2,PRexp,10,3.84,nan,45,Left,Left,3465,222,297,22,nan,nan,0.26
11/1/2025 16:38:19,1.17.2,PRexp,10,3.84,nan,45,Left,Left,3466,222,297,22,nan,nan,0.10
11/1/2025 16:38:34,1.17.2,PRexp,10,3.84,8,45,Pellet,Left,3466,222,298,23,0.33,280,nan
11/1/2025 16:40:39,1.17.2,PRexp,10,3.84,nan,50,Left,Left,3467,222,298,23,nan,nan,0.23
11/1/2025 16:40:42,1.17.2,PRexp,10,3.84,nan,50,Left,Left,3468,222,298,23,nan,nan,0.20
11/1/2025 16:40:46,1.17.2,PRexp,10,3.84,nan,50,Left,Left,3469,222,298,23,nan,nan,0.52
11/1/2025 16:40:49,1.17.2,PRexp,10,3.84,nan,50,Left,Left,3470,222,298,23,nan,nan,0.73
11/1/2025 16:40:50,1.17.2,PRexp,10,3.84,nan,50,Left,Left,3471,222,298,23,nan,nan,0.04
11/1/2025 16:40:52,1.17.2,PRexp,10,3.84,nan,50,Left,Left,3472,222,298,23,nan,nan,0.95
11/1/2025 16:40:56,1.17.2,PRexp,10,3.84,nan,50,Left,Left,3473,222,298,23,nan,nan,0.51
11/1/2025 16:40:57,1.17.2,PRexp,10,3.84,nan,50,Left,Left,3474,222,298,23,nan,nan,0.03
11/1/2025 16:40:58,1.17.2,PRexp,10,3.84,nan,50,Left,Left,3475,222,298,23,nan,nan,0.03
11/1/2025 16:41:03,1.17.2,PRexp,10,3.84,nan,50,Left,Left,3476,222,298,23,nan,nan,1.36
11/1/2025 16:41:04,1.17.2,PRexp,10,3.83,nan,50,Left,Left,3477,222,298,23,nan,nan,0.02
11/1/2025 16:41:06,1.17.2,PRexp,10,3.84,nan,50,Left,Left,3478,222,298,23,nan,nan,0.13
11/1/2025 16:41:07,1.17.2,PRexp,10,3.84,nan,50,Left,Left,3479,222,298,23,nan,nan,0.59
11/1/2025 16:41:08,1.17.2,PRexp,10,3.83,nan,50,Left,Left,3480,222,298,23,nan,nan,0.15
11/1/2025 16:41:12,1.17.2,PRexp,10,3.84,nan,50,Left,Left,3481,222,298,23,nan,nan,1.72
11/1/2025 16:41:14,1.17.2,PRexp,10,3.84,nan,50,Left,Left,3482,222,298,23,nan,nan,0.75
11/1/2025 16:41:15,1.17.2,PRexp,10,3.84,nan,50,Left,Left,3483,222,298,23,nan,nan,0.02
11/1/2025 16:41:19,1.17.2,PRexp,10,3.84,nan,50,Left,Left,3484,222,298,23,nan,nan,0.33
11/1/2025 16:41:20,1.17.2,PRexp,10,3.84,nan,50,Left,Left,3485,222,298,23,nan,nan,0.34
11/1/2025 16:41:21,1.17.2,PRexp,10,3.84,nan,50,Left,Left,3486,222,298,23,nan,nan,0.00
11/1/2025 16:41:23,1.17.2,PRexp,10,3.84,nan,50,Left,Left,3487,222,298,23,nan,nan,0.13
11/1/2025 16:41:24,1.17.2,PRexp,10,3.84,nan,50,Left,Left,3488,222,298,23,nan,nan,0.03
11/1/2025 16:41:25,1.17.2,PRexp,10,3.84,nan,50,Left,Left,3489,222,298,23,nan,nan,0.03
11/1/2025 16:41:27,1.17.2,PRexp,10,3.84,nan,50,Left,Left,3490,222,298,23,nan,nan,0.58
11/1/2025 16:41:35,1.17.2,PRexp,10,3.84,nan,50,Right,Left,3490,223,298,23,nan,nan,0.20
11/1/2025 16:41:36,1.17.2,PRexp,10,3.84,nan,50,Right,Left,3490,224,298,23,nan,nan,0.12
11/1/2025 16:42:21,1.17.2,PRexp,10,3.84,nan,50,Left,Left,3491,224,298,23,nan,nan,0.01
11/1/2025 16:42:23,1.17.2,PRexp,10,3.84,nan,50,Left,Left,3492,224,298,23,nan,nan,0.72
11/1/2025 16:42:24,1.17.2,PRexp,10,3.84,nan,50,Left,Left,3493,224,298,23,nan,nan,0.45
11/1/2025 16:42:36,1.17.2,PRexp,10,3.84,nan,50,Left,Left,3494,224,298,23,nan,nan,0.14
11/1/2025 16:42:37,1.17.2,PRexp,10,3.84,nan,50,Left,Left,3495,224,298,23,nan,nan,0.01
11/1/2025 16:42:39,1.17.2,PRexp,10,3.84,nan,50,Left,Left,3496,224,298,23,nan,nan,0.13
11/1/2025 16:42:41,1.17.2,PRexp,10,3.83,nan,50,Left,Left,3497,224,298,23,nan,nan,0.02
11/1/2025 16:42:42,1.17.2,PRexp,10,3.84,nan,50,Left,Left,3498,224,298,23,nan,nan,0.08
11/1/2025 16:42:45,1.17.2,PRexp,10,3.83,nan,50,Left,Left,3499,224,298,23,nan,nan,0.31
11/1/2025 16:42:47,1.17.2,PRexp,10,3.84,nan,50,Left,Left,3500,224,298,23,nan,nan,0.20
11/1/2025 16:42:53,1.17.2,PRexp,10,3.84,nan,50,Left,Left,3501,224,298,23,nan,nan,0.03
11/1/2025 16:42:54,1.17.2,PRexp,10,3.84,nan,50,Left,Left,3502,224,298,23,nan,nan,0.09
11/1/2025 16:49:24,1.17.2,PRexp,10,3.83,nan,50,Left,Left,3503,224,298,23,nan,nan,0.36
11/1/2025 17:00:54,1.17.2,PRexp,10,3.84,nan,50,Left,Left,3504,224,298,23,nan,nan,0.12
11/1/2025 17:00:56,1.17.2,PRexp,10,3.84,nan,50,Left,Left,3505,224,298,23,nan,nan,1.46
11/1/2025 17:00:59,1.17.2,PRexp,10,3.84,nan,50,Left,Left,3506,224,298,23,nan,nan,0.12
11/1/2025 17:01:01,1.17.2,PRexp,10,3.84,nan,50,Left,Left,3507,224,298,23,nan,nan,1.20
11/1/2025 17:01:03,1.17.2,PRexp,10,3.84,nan,50,Left,Left,3508,224,298,23,nan,nan,0.40
11/1/2025 17:01:05,1.17.2,PRexp,10,3.83,nan,50,Left,Left,3509,224,298,23,nan,nan,0.41
11/1/2025 17:01:07,1.17.2,PRexp,10,3.83,nan,50,Left,Left,3510,224,298,23,nan,nan,0.00
11/1/2025 17:01:10,1.17.2,PRexp,10,3.83,nan,50,Left,Left,3511,224,298,23,nan,nan,1.49
11/1/2025 17:01:15,1.17.2,PRexp,10,3.83,nan,50,Left,Left,3512,224,298,23,nan,nan,0.05
11/1/2025 17:01:17,1.17.2,PRexp,10,3.84,nan,50,Left,Left,3513,224,298,23,nan,nan,0.06
11/1/2025 17:01:18,1.17.2,PRexp,10,3.84,nan,50,Left,Left,3514,224,298,23,nan,nan,0.03
11/1/2025 17:01:19,1.17.2,PRexp,10,3.83,nan,50,Left,Left,3515,224,298,23,nan,nan,0.03
11/1/2025 17:01:20,1.17.2,PRexp,10,3.84,nan,50,Left,Left,3516,224,298,23,nan,nan,0.03
11/1/2025 17:01:28,1.17.2,PRexp,10,3.84,4,50,Pellet,Left,3516,224,299,24,0.78,1374,nan
11/1/2025 17:09:55,1.17.2,PRexp,10,3.84,nan,56,Left,Left,3517,224,299,24,nan,nan,0.10
11/1/2025 17:09:57,1.17.2,PRexp,10,3.84,nan,56,Left,Left,3518,224,299,24,nan,nan,0.25
11/1/2025 17:10:09,1.17.2,PRexp,10,3.85,nan,56,Left,Left,3519,224,299,24,nan,nan,0.02
11/1/2025 17:10:11,1.17.2,PRexp,10,3.84,nan,56,Left,Left,3520,224,299,24,nan,nan,0.00
11/1/2025 17:10:15,1.17.2,PRexp,10,3.83,nan,56,Left,Left,3521,224,299,24,nan,nan,1.04
11/1/2025 17:10:16,1.17.2,PRexp,10,3.84,nan,56,Left,Left,3522,224,299,24,nan,nan,0.02
11/1/2025 17:10:19,1.17.2,PRexp,10,3.84,nan,56,Left,Left,3523,224,299,24,nan,nan,0.32
11/1/2025 17:10:20,1.17.2,PRexp,10,3.83,nan,56,Left,Left,3524,224,299,24,nan,nan,0.22
11/1/2025 17:10:22,1.17.2,PRexp,10,3.84,nan,56,Left,Left,3525,224,299,24,nan,nan,0.03
11/1/2025 17:10:23,1.17.2,PRexp,10,3.84,nan,56,Left,Left,3526,224,299,24,nan,nan,0.11
11/1/2025 17:10:26,1.17.2,PRexp,10,3.84,nan,56,Left,Left,3527,224,299,24,nan,nan,1.58
11/1/2025 17:10:28,1.17.2,PRexp,10,3.84,nan,56,Left,Left,3528,224,299,24,nan,nan,0.72
11/1/2025 17:10:33,1.17.2,PRexp,10,3.83,nan,56,Left,Left,3529,224,299,24,nan,nan,0.40
11/1/2025 17:29:43,1.17.2,PRexp,10,3.83,nan,56,Left,Left,3530,224,299,24,nan,nan,0.14
11/1/2025 17:29:46,1.17.2,PRexp,10,3.84,nan,56,Left,Left,3531,224,299,24,nan,nan,0.47
11/1/2025 17:29:47,1.17.2,PRexp,10,3.83,nan,56,Left,Left,3532,224,299,24,nan,nan,0.12
11/1/2025 17:29:49,1.17.2,PRexp,10,3.83,nan,56,Left,Left,3533,224,299,24,nan,nan,0.38
11/1/2025 17:29:52,1.17.2,PRexp,10,3.84,nan,56,Left,Left,3534,224,299,24,nan,nan,0.59
11/1/2025 17:29:57,1.17.2,PRexp,10,3.84,nan,56,Left,Left,3535,224,299,24,nan,nan,0.54
11/1/2025 17:30:02,1.17.2,PRexp,10,3.84,nan,56,Left,Left,3536,224,299,24,nan,nan,0.39
11/1/2025 17:30:05,1.17.2,PRexp,10,3.84,nan,56,Left,Left,3537,224,299,24,nan,nan,0.04
11/1/2025 17:30:17,1.17.2,PRexp,10,3.83,nan,56,Left,Left,3538,224,299,24,nan,nan,0.23
11/1/2025 17:30:22,1.17.2,PRexp,10,3.84,nan,56,Left,Left,3539,224,299,24,nan,nan,0.18
11/1/2025 17:30:34,1.17.2,PRexp,10,3.83,nan,56,Left,Left,3540,224,299,24,nan,nan,0.20
11/1/2025 17:30:41,1.17.2,PRexp,10,3.84,nan,56,Left,Left,3541,224,299,24,nan,nan,0.11
11/1/2025 17:31:00,1.17.2,PRexp,10,3.83,nan,56,Left,Left,3542,224,299,24,nan,nan,1.11
11/1/2025 17:31:01,1.17.2,PRexp,10,3.84,nan,56,Left,Left,3543,224,299,24,nan,nan,0.00
11/1/2025 17:31:03,1.17.2,PRexp,10,3.84,nan,56,Left,Left,3544,224,299,24,nan,nan,0.23
11/1/2025 17:31:05,1.17.2,PRexp,10,3.84,nan,56,Left,Left,3545,224,299,24,nan,nan,0.06
11/1/2025 17:31:06,1.17.2,PRexp,10,3.84,nan,56,Left,Left,3546,224,299,24,nan,nan,0.04
11/1/2025 17:31:08,1.17.2,PRexp,10,3.84,nan,56,Left,Left,3547,224,299,24,nan,nan,0.04
11/1/2025 17:31:14,1.17.2,PRexp,10,3.84,nan,56,Left,Left,3548,224,299,24,nan,nan,0.73
11/1/2025 17:31:40,1.17.2,PRexp,10,3.84,nan,56,Left,Left,3549,224,299,24,nan,nan,0.09
11/1/2025 17:31:42,1.17.2,PRexp,10,3.83,nan,56,Left,Left,3550,224,299,24,nan,nan,0.15
11/1/2025 17:31:43,1.17.2,PRexp,10,3.83,nan,56,Left,Left,3551,224,299,24,nan,nan,0.07
11/1/2025 17:31:44,1.17.2,PRexp,10,3.83,nan,56,Left,Left,3552,224,299,24,nan,nan,0.01
11/1/2025 17:31:46,1.17.2,PRexp,10,3.84,nan,56,Left,Left,3553,224,299,24,nan,nan,0.05
11/1/2025 17:31:47,1.17.2,PRexp,10,3.84,nan,56,Left,Left,3554,224,299,24,nan,nan,0.05
11/1/2025 17:31:50,1.17.2,PRexp,10,3.83,nan,56,Left,Left,3555,224,299,24,nan,nan,0.91
11/1/2025 17:31:52,1.17.2,PRexp,10,3.83,nan,56,Left,Left,3556,224,299,24,nan,nan,0.13
11/1/2025 17:31:55,1.17.2,PRexp,10,3.83,nan,56,Left,Left,3557,224,299,24,nan,nan,0.10
11/1/2025 17:49:06,1.17.2,PRexp,10,3.83,nan,56,Left,Left,3558,224,299,24,nan,nan,0.80
11/1/2025 17:49:08,1.17.2,PRexp,10,3.83,nan,56,Left,Left,3559,224,299,24,nan,nan,0.03
11/1/2025 17:49:11,1.17.2,PRexp,10,3.83,nan,56,Left,Left,3560,224,299,24,nan,nan,0.60
11/1/2025 17:49:13,1.17.2,PRexp,10,3.84,nan,56,Left,Left,3561,224,299,24,nan,nan,0.07
11/1/2025 17:49:36,1.17.2,PRexp,10,3.83,nan,56,Left,Left,3562,224,299,24,nan,nan,0.28
11/1/2025 17:50:05,1.17.2,PRexp,10,3.84,nan,56,Left,Left,3563,224,299,24,nan,nan,0.06
11/1/2025 17:50:06,1.17.2,PRexp,10,3.83,nan,56,Left,Left,3564,224,299,24,nan,nan,0.31
11/1/2025 17:50:28,1.17.2,PRexp,10,3.83,nan,56,Left,Left,3565,224,299,24,nan,nan,0.42
11/1/2025 17:50:30,1.17.2,PRexp,10,3.84,nan,56,Left,Left,3566,224,299,24,nan,nan,1.60
11/1/2025 17:50:32,1.17.2,PRexp,10,3.84,nan,56,Left,Left,3567,224,299,24,nan,nan,0.57
11/1/2025 17:50:37,1.17.2,PRexp,10,3.84,nan,56,Left,Left,3568,224,299,24,nan,nan,2.56
11/1/2025 17:50:38,1.17.2,PRexp,10,3.84,nan,56,Left,Left,3569,224,299,24,nan,nan,0.04
11/1/2025 17:50:41,1.17.2,PRexp,10,3.84,nan,56,Left,Left,3570,224,299,24,nan,nan,0.00
11/1/2025 17:50:52,1.17.2,PRexp,10,3.84,nan,56,Left,Left,3571,224,299,24,nan,nan,0.14
11/1/2025 17:50:53,1.17.2,PRexp,10,3.84,nan,56,Left,Left,3572,224,299,24,nan,nan,0.46
11/1/2025 17:50:53,1.17.2,PRexp,10,3.84,nan,56,LeftDuringDispense,Left,3573,224,299,25,nan,nan,0.02
11/1/2025 17:51:03,1.17.2,PRexp,10,3.83,5,56,Pellet,Left,3573,224,300,25,0.83,2975,nan
11/1/2025 17:51:47,1.17.2,PRexp,10,3.84,nan,62,Left,Left,3574,224,300,25,nan,nan,0.04
11/1/2025 17:51:51,1.17.2,PRexp,10,3.84,nan,62,Left,Left,3575,224,300,25,nan,nan,1.13
11/1/2025 17:51:52,1.17.2,PRexp,10,3.84,nan,62,Left,Left,3576,224,300,25,nan,nan,0.02
11/1/2025 17:51:54,1.17.2,PRexp,10,3.83,nan,62,Left,Left,3577,224,300,25,nan,nan,0.52
11/1/2025 17:51:54,1.17.2,PRexp,10,3.84,nan,62,Left,Left,3578,224,300,25,nan,nan,0.04
11/1/2025 17:51:56,1.17.2,PRexp,10,3.84,nan,62,Left,Left,3579,224,300,25,nan,nan,0.01
11/1/2025 17:51:58,1.17.2,PRexp,10,3.83,nan,62,Left,Left,3580,224,300,25,nan,nan,0.38
11/1/2025 17:52:03,1.17.2,PRexp,10,3.84,nan,62,Left,Left,3581,224,300,25,nan,nan,0.29
11/1/2025 17:52:15,1.17.2,PRexp,10,3.84,nan,62,Left,Left,3582,224,300,25,nan,nan,0.90
11/1/2025 17:52:22,1.17.2,PRexp,10,3.84,nan,62,Left,Left,3583,224,300,25,nan,nan,0.34
11/1/2025 17:52:23,1.17.2,PRexp,10,3.84,nan,62,Left,Left,3584,224,300,25,nan,nan,0.03
11/1/2025 17:52:24,1.17.2,PRexp,10,3.84,nan,62,Left,Left,3585,224,300,25,nan,nan,0.44
11/1/2025 17:52:28,1.17.2,PRexp,10,3.83,nan,62,Left,Left,3586,224,300,25,nan,nan,0.10
11/1/2025 17:52:37,1.17.2,PRexp,10,3.84,nan,62,Left,Left,3587,224,300,25,nan,nan,1.36
11/1/2025 17:52:40,1.17.2,PRexp,10,3.84,nan,62,Left,Left,3588,224,300,25,nan,nan,0.05
11/1/2025 17:52:44,1.17.2,PRexp,10,3.83,nan,62,Left,Left,3589,224,300,25,nan,nan,0.31
11/1/2025 17:52:53,1.17.2,PRexp,10,3.83,nan,62,Left,Left,3590,224,300,25,nan,nan,0.07
11/1/2025 17:53:03,1.17.2,PRexp,10,3.84,nan,62,Left,Left,3591,224,300,25,nan,nan,0.14
11/1/2025 17:53:24,1.17.2,PRexp,10,3.84,nan,62,Left,Left,3592,224,300,25,nan,nan,0.04
11/1/2025 17:53:25,1.17.2,PRexp,10,3.84,nan,62,Left,Left,3593,224,300,25,nan,nan,0.10
11/1/2025 17:53:28,1.17.2,PRexp,10,3.83,nan,62,Left,Left,3594,224,300,25,nan,nan,0.12
11/1/2025 17:53:30,1.17.2,PRexp,10,3.83,nan,62,Left,Left,3595,224,300,25,nan,nan,0.03
11/1/2025 17:53:32,1.17.2,PRexp,10,3.83,nan,62,Left,Left,3596,224,300,25,nan,nan,1.01
11/1/2025 17:53:34,1.17.2,PRexp,10,3.84,nan,62,Left,Left,3597,224,300,25,nan,nan,0.34
11/1/2025 17:53:35,1.17.2,PRexp,10,3.83,nan,62,Left,Left,3598,224,300,25,nan,nan,0.11
11/1/2025 17:53:42,1.17.2,PRexp,10,3.84,nan,62,Left,Left,3599,224,300,25,nan,nan,1.02
11/1/2025 17:53:43,1.17.2,PRexp,10,3.84,nan,62,Left,Left,3600,224,300,25,nan,nan,0.03
11/1/2025 17:53:46,1.17.2,PRexp,10,3.83,nan,62,Left,Left,3601,224,300,25,nan,nan,0.42
11/1/2025 17:53:48,1.17.2,PRexp,10,3.83,nan,62,Left,Left,3602,224,300,25,nan,nan,0.04
11/1/2025 17:53:51,1.17.2,PRexp,10,3.83,nan,62,Left,Left,3603,224,300,25,nan,nan,0.11
11/1/2025 17:53:54,1.17.2,PRexp,10,3.83,nan,62,Left,Left,3604,224,300,25,nan,nan,0.16
11/1/2025 17:53:56,1.17.2,PRexp,10,3.84,nan,62,Left,Left,3605,224,300,25,nan,nan,1.22
11/1/2025 17:53:58,1.17.2,PRexp,10,3.84,nan,62,Left,Left,3606,224,300,25,nan,nan,0.03
11/1/2025 17:54:08,1.17.2,PRexp,10,3.83,nan,62,Left,Left,3607,224,300,25,nan,nan,0.07
11/1/2025 17:54:10,1.17.2,PRexp,10,3.84,nan,62,Left,Left,3608,224,300,25,nan,nan,0.03
11/1/2025 17:54:12,1.17.2,PRexp,10,3.84,nan,62,Left,Left,3609,224,300,25,nan,nan,0.04
11/1/2025 17:54:15,1.17.2,PRexp,10,3.84,nan,62,Left,Left,3610,224,300,25,nan,nan,0.53
11/1/2025 17:54:16,1.17.2,PRexp,10,3.83,nan,62,Left,Left,3611,224,300,25,nan,nan,0.39
11/1/2025 17:54:19,1.17.2,PRexp,10,3.84,nan,62,Left,Left,3612,224,300,25,nan,nan,0.37
11/1/2025 17:54:22,1.17.2,PRexp,10,3.84,nan,62,Left,Left,3613,224,300,25,nan,nan,0.01
11/1/2025 17:55:16,1.17.2,PRexp,10,3.84,nan,62,Right,Left,3613,225,300,25,nan,nan,0.18
11/1/2025 17:55:18,1.17.2,PRexp,10,3.83,nan,62,Right,Left,3613,226,300,25,nan,nan,0.00
11/1/2025 17:55:21,1.17.2,PRexp,10,3.84,nan,62,Right,Left,3613,227,300,25,nan,nan,0.99
11/1/2025 17:55:21,1.17.2,PRexp,10,3.84,nan,62,Right,Left,3613,228,300,25,nan,nan,0.14
11/1/2025 17:55:50,1.17.2,PRexp,10,3.83,nan,62,Left,Left,3614,228,300,25,nan,nan,0.12
11/1/2025 17:55:53,1.17.2,PRexp,10,3.84,nan,62,Left,Left,3615,228,300,25,nan,nan,0.23
11/1/2025 17:55:56,1.17.2,PRexp,10,3.83,nan,62,Left,Left,3616,228,300,25,nan,nan,0.18
11/1/2025 17:55:58,1.17.2,PRexp,10,3.83,nan,62,Left,Left,3617,228,300,25,nan,nan,0.12
11/1/2025 17:56:00,1.17.2,PRexp,10,3.82,nan,62,Left,Left,3618,228,300,25,nan,nan,0.00
11/1/2025 17:56:02,1.17.2,PRexp,10,3.84,nan,62,Left,Left,3619,228,300,25,nan,nan,0.01
11/1/2025 17:56:15,1.17.2,PRexp,10,3.84,nan,62,Left,Left,3620,228,300,25,nan,nan,0.00
11/1/2025 17:56:28,1.17.2,PRexp,10,3.83,nan,62,Left,Left,3621,228,300,25,nan,nan,0.68
11/1/2025 17:56:30,1.17.2,PRexp,10,3.84,nan,62,Left,Left,3622,228,300,25,nan,nan,0.09
11/1/2025 17:56:38,1.17.2,PRexp,10,3.83,nan,62,Left,Left,3623,228,300,25,nan,nan,0.07
11/1/2025 17:57:25,1.17.2,PRexp,10,3.83,nan,62,Left,Left,3624,228,300,25,nan,nan,0.01
11/1/2025 17:57:31,1.17.2,PRexp,10,3.84,nan,62,Left,Left,3625,228,300,25,nan,nan,0.12
11/1/2025 17:57:34,1.17.2,PRexp,10,3.84,nan,62,Left,Left,3626,228,300,25,nan,nan,0.02
11/1/2025 17:57:36,1.17.2,PRexp,10,3.83,nan,62,Left,Left,3627,228,300,25,nan,nan,0.02
11/1/2025 17:57:38,1.17.2,PRexp,10,3.84,nan,62,Left,Left,3628,228,300,25,nan,nan,0.00
11/1/2025 17:57:40,1.17.2,PRexp,10,3.83,nan,62,Left,Left,3629,228,300,25,nan,nan,0.09
11/1/2025 17:57:41,1.17.2,PRexp,10,3.84,nan,62,Left,Left,3630,228,300,25,nan,nan,0.49
11/1/2025 17:57:48,1.17.2,PRexp,10,3.84,nan,62,Left,Left,3631,228,300,25,nan,nan,0.03
11/1/2025 17:57:51,1.17.2,PRexp,10,3.84,nan,62,Left,Left,3632,228,300,25,nan,nan,0.17
11/1/2025 17:57:52,1.17.2,PRexp,10,3.83,nan,62,Left,Left,3633,228,300,25,nan,nan,0.09
11/1/2025 18:02:19,1.17.2,PRexp,10,3.84,nan,62,Right,Left,3633,229,300,25,nan,nan,0.09
11/1/2025 18:03:06,1.17.2,PRexp,10,3.83,nan,62,Left,Left,3634,229,300,25,nan,nan,0.16
11/1/2025 18:03:07,1.17.2,PRexp,10,3.84,nan,62,Left,Left,3635,229,300,25,nan,nan,0.00
11/1/2025 18:03:15,1.17.2,PRexp,10,3.84,5,62,Pellet,Left,3635,229,301,26,0.05,732,nan
11/1/2025 18:04:55,1.17.2,PRexp,10,3.83,nan,69,Left,Left,3636,229,301,26,nan,nan,0.24
11/1/2025 18:04:59,1.17.2,PRexp,10,3.84,nan,69,Left,Left,3637,229,301,26,nan,nan,0.17
11/1/2025 18:05:01,1.17.2,PRexp,10,3.84,nan,69,Left,Left,3638,229,301,26,nan,nan,0.10
11/1/2025 18:05:03,1.17.2,PRexp,10,3.83,nan,69,Left,Left,3639,229,301,26,nan,nan,0.22
11/1/2025 18:05:04,1.17.2,PRexp,10,3.83,nan,69,Left,Left,3640,229,301,26,nan,nan,0.03
11/1/2025 18:05:07,1.17.2,PRexp,10,3.84,nan,69,Left,Left,3641,229,301,26,nan,nan,0.22
11/1/2025 18:05:08,1.17.2,PRexp,10,3.83,nan,69,Left,Left,3642,229,301,26,nan,nan,0.07
11/1/2025 18:05:09,1.17.2,PRexp,10,3.84,nan,69,Left,Left,3643,229,301,26,nan,nan,0.02
11/1/2025 18:05:14,1.17.2,PRexp,10,3.83,nan,69,Left,Left,3644,229,301,26,nan,nan,0.26
11/1/2025 18:05:14,1.17.2,PRexp,10,3.84,nan,69,Left,Left,3645,229,301,26,nan,nan,0.03
11/1/2025 18:05:15,1.17.2,PRexp,10,3.84,nan,69,Left,Left,3646,229,301,26,nan,nan,0.00
11/1/2025 18:05:16,1.17.2,PRexp,10,3.84,nan,69,Left,Left,3647,229,301,26,nan,nan,0.01
11/1/2025 18:05:17,1.17.2,PRexp,10,3.84,nan,69,Left,Left,3648,229,301,26,nan,nan,0.80
11/1/2025 18:05:20,1.17.2,PRexp,10,3.84,nan,69,Left,Left,3649,229,301,26,nan,nan,0.04
11/1/2025 18:05:21,1.17.2,PRexp,10,3.83,nan,69,Left,Left,3650,229,301,26,nan,nan,0.01
11/1/2025 18:05:24,1.17.2,PRexp,10,3.83,nan,69,Left,Left,3651,229,301,26,nan,nan,0.01
11/1/2025 18:06:29,1.17.2,PRexp,10,3.84,nan,69,Left,Left,3652,229,301,26,nan,nan,0.17
11/1/2025 18:07:06,1.17.2,PRexp,10,3.84,nan,69,Left,Left,3653,229,301,26,nan,nan,0.03
11/1/2025 18:07:08,1.17.2,PRexp,10,3.84,nan,69,Left,Left,3654,229,301,26,nan,nan,0.02
11/1/2025 18:07:09,1.17.2,PRexp,10,3.83,nan,69,Left,Left,3655,229,301,26,nan,nan,0.06
11/1/2025 18:07:12,1.17.2,PRexp,10,3.83,nan,69,Left,Left,3656,229,301,26,nan,nan,0.01
11/1/2025 18:07:14,1.17.2,PRexp,10,3.84,nan,69,Left,Left,3657,229,301,26,nan,nan,0.78
11/1/2025 18:07:15,1.17.2,PRexp,10,3.84,nan,69,Left,Left,3658,229,301,26,nan,nan,0.01
11/1/2025 18:07:17,1.17.2,PRexp,10,3.84,nan,69,Left,Left,3659,229,301,26,nan,nan,0.11
11/1/2025 18:07:19,1.17.2,PRexp,10,3.83,nan,69,Left,Left,3660,229,301,26,nan,nan,0.05
11/1/2025 18:07:20,1.17.2,PRexp,10,3.84,nan,69,Left,Left,3661,229,301,26,nan,nan,0.48
11/1/2025 18:07:22,1.17.2,PRexp,10,3.84,nan,69,Left,Left,3662,229,301,26,nan,nan,0.09
11/1/2025 18:07:24,1.17.2,PRexp,10,3.83,nan,69,Left,Left,3663,229,301,26,nan,nan,0.02
11/1/2025 18:07:34,1.17.2,PRexp,10,3.83,nan,69,Left,Left,3664,229,301,26,nan,nan,0.02
11/1/2025 18:08:54,1.17.2,PRexp,10,3.83,nan,69,Left,Left,3665,229,301,26,nan,nan,0.32
11/1/2025 18:08:56,1.17.2,PRexp,10,3.84,nan,69,Left,Left,3666,229,301,26,nan,nan,0.93
11/1/2025 18:08:58,1.17.2,PRexp,10,3.84,nan,69,Left,Left,3667,229,301,26,nan,nan,0.44
11/1/2025 18:09:00,1.17.2,PRexp,10,3.83,nan,69,Left,Left,3668,229,301,26,nan,nan,0.03
11/1/2025 18:09:01,1.17.2,PRexp,10,3.84,nan,69,Left,Left,3669,229,301,26,nan,nan,0.01
11/1/2025 18:09:03,1.17.2,PRexp,10,3.83,nan,69,Left,Left,3670,229,301,26,nan,nan,0.01
11/1/2025 18:09:04,1.17.2,PRexp,10,3.83,nan,69,Left,Left,3671,229,301,26,nan,nan,0.10
11/1/2025 18:09:06,1.17.2,PRexp,10,3.83,nan,69,Left,Left,3672,229,301,26,nan,nan,0.51
11/1/2025 18:09:10,1.17.2,PRexp,10,3.83,nan,69,Left,Left,3673,229,301,26,nan,nan,0.47
11/1/2025 18:09:16,1.17.2,PRexp,10,3.84,nan,69,Left,Left,3674,229,301,26,nan,nan,0.00
11/1/2025 18:09:48,1.17.2,PRexp,10,3.84,nan,69,Right,Left,3674,230,301,26,nan,nan,0.01
11/1/2025 18:09:53,1.17.2,PRexp,10,3.84,nan,69,Left,Left,3675,230,301,26,nan,nan,0.10
11/1/2025 18:09:53,1.17.2,PRexp,10,3.83,nan,69,Right,Left,3675,231,301,26,nan,nan,0.00
11/1/2025 18:10:16,1.17.2,PRexp,10,3.83,nan,69,Left,Left,3676,231,301,26,nan,nan,0.12
11/1/2025 18:12:45,1.17.2,PRexp,10,3.83,nan,69,Left,Left,3677,231,301,26,nan,nan,0.08
11/1/2025 18:12:48,1.17.2,PRexp,10,3.83,nan,69,Left,Left,3678,231,301,26,nan,nan,0.18
11/1/2025 18:12:52,1.17.2,PRexp,10,3.83,nan,69,Left,Left,3679,231,301,26,nan,nan,0.07
11/1/2025 18:12:54,1.17.2,PRexp,10,3.83,nan,69,Left,Left,3680,231,301,26,nan,nan,0.07
11/1/2025 18:12:54,1.17.2,PRexp,10,3.84,nan,69,Left,Left,3681,231,301,26,nan,nan,0.03
11/1/2025 18:13:41,1.17.2,PRexp,10,3.84,nan,69,Left,Left,3682,231,301,26,nan,nan,0.08
11/1/2025 18:13:55,1.17.2,PRexp,10,3.83,nan,69,Left,Left,3683,231,301,26,nan,nan,0.06
11/1/2025 18:16:30,1.17.2,PRexp,10,3.83,nan,69,Left,Left,3684,231,301,26,nan,nan,0.01
11/1/2025 18:16:31,1.17.2,PRexp,10,3.83,nan,69,Left,Left,3685,231,301,26,nan,nan,0.32
11/1/2025 18:16:33,1.17.2,PRexp,10,3.84,nan,69,Left,Left,3686,231,301,26,nan,nan,0.24
11/1/2025 18:18:10,1.17.2,PRexp,10,3.84,nan,69,Left,Left,3687,231,301,26,nan,nan,0.06
11/1/2025 18:18:12,1.17.2,PRexp,10,3.84,nan,69,Left,Left,3688,231,301,26,nan,nan,0.71
11/1/2025 18:18:14,1.17.2,PRexp,10,3.83,nan,69,Left,Left,3689,231,301,26,nan,nan,0.56
11/1/2025 18:18:16,1.17.2,PRexp,10,3.83,nan,69,Left,Left,3690,231,301,26,nan,nan,0.11
11/1/2025 18:18:21,1.17.2,PRexp,10,3.84,nan,69,Left,Left,3691,231,301,26,nan,nan,0.07
11/1/2025 18:18:24,1.17.2,PRexp,10,3.84,nan,69,Left,Left,3692,231,301,26,nan,nan,1.06
11/1/2025 18:18:26,1.17.2,PRexp,10,3.83,nan,69,Left,Left,3693,231,301,26,nan,nan,0.02
11/1/2025 18:18:29,1.17.2,PRexp,10,3.84,nan,69,Left,Left,3694,231,301,26,nan,nan,0.05
11/1/2025 18:18:30,1.17.2,PRexp,10,3.83,nan,69,Left,Left,3695,231,301,26,nan,nan,0.11
11/1/2025 18:18:31,1.17.2,PRexp,10,3.83,nan,69,Left,Left,3696,231,301,26,nan,nan,0.15
11/1/2025 18:18:32,1.17.2,PRexp,10,3.84,nan,69,Left,Left,3697,231,301,26,nan,nan,0.00
11/1/2025 18:22:50,1.17.2,PRexp,10,3.83,nan,69,Left,Left,3698,231,301,26,nan,nan,0.54
11/1/2025 18:22:51,1.17.2,PRexp,10,3.84,nan,69,Left,Left,3699,231,301,26,nan,nan,0.10
11/1/2025 18:22:52,1.17.2,PRexp,10,3.84,nan,69,Left,Left,3700,231,301,26,nan,nan,0.03
11/1/2025 18:22:53,1.17.2,PRexp,10,3.83,nan,69,Left,Left,3701,231,301,26,nan,nan,0.00
11/1/2025 18:22:54,1.17.2,PRexp,10,3.83,nan,69,Left,Left,3702,231,301,26,nan,nan,0.04
11/1/2025 18:22:57,1.17.2,PRexp,10,3.83,nan,69,Left,Left,3703,231,301,26,nan,nan,0.16
11/1/2025 18:22:59,1.17.2,PRexp,10,3.83,nan,69,Left,Left,3704,231,301,26,nan,nan,0.36
11/1/2025 18:23:07,1.17.2,PRexp,10,3.83,5,69,Pellet,Left,3704,231,302,27,0.16,1191,nan
11/1/2025 18:27:24,1.17.2,PRexp,10,3.83,nan,77,Left,Left,3705,231,302,27,nan,nan,0.04
11/1/2025 18:27:33,1.17.2,PRexp,10,3.84,nan,77,Left,Left,3706,231,302,27,nan,nan,0.06
11/1/2025 18:27:34,1.17.2,PRexp,10,3.83,nan,77,Left,Left,3707,231,302,27,nan,nan,0.01
11/1/2025 18:27:39,1.17.2,PRexp,10,3.84,nan,77,Left,Left,3708,231,302,27,nan,nan,0.09
11/1/2025 18:27:47,1.17.2,PRexp,10,3.83,nan,77,Left,Left,3709,231,302,27,nan,nan,0.01
11/1/2025 18:29:30,1.17.2,PRexp,10,3.83,nan,77,Left,Left,3710,231,302,27,nan,nan,0.03
11/1/2025 18:29:34,1.17.2,PRexp,10,3.84,nan,77,Left,Left,3711,231,302,27,nan,nan,0.10
11/1/2025 18:29:39,1.17.2,PRexp,10,3.83,nan,77,Left,Left,3712,231,302,27,nan,nan,0.04
11/1/2025 18:29:41,1.17.2,PRexp,10,3.83,nan,77,Left,Left,3713,231,302,27,nan,nan,0.23
11/1/2025 18:29:44,1.17.2,PRexp,10,3.83,nan,77,Left,Left,3714,231,302,27,nan,nan,0.09
11/1/2025 18:29:46,1.17.2,PRexp,10,3.83,nan,77,Left,Left,3715,231,302,27,nan,nan,0.14
11/1/2025 18:29:48,1.17.2,PRexp,10,3.83,nan,77,Left,Left,3716,231,302,27,nan,nan,0.15
11/1/2025 18:29:50,1.17.2,PRexp,10,3.83,nan,77,Left,Left,3717,231,302,27,nan,nan,0.17
11/1/2025 18:29:52,1.17.2,PRexp,10,3.83,nan,77,Left,Left,3718,231,302,27,nan,nan,0.13
11/1/2025 18:29:56,1.17.2,PRexp,10,3.83,nan,77,Left,Left,3719,231,302,27,nan,nan,0.02
11/1/2025 18:29:59,1.17.2,PRexp,10,3.83,nan,77,Left,Left,3720,231,302,27,nan,nan,0.11
11/1/2025 18:30:00,1.17.2,PRexp,10,3.84,nan,77,Left,Left,3721,231,302,27,nan,nan,0.02
11/1/2025 18:30:02,1.17.2,PRexp,10,3.84,nan,77,Left,Left,3722,231,302,27,nan,nan,0.21
11/1/2025 18:31:23,1.17.2,PRexp,10,3.83,nan,77,Left,Left,3723,231,302,27,nan,nan,0.05
11/1/2025 18:31:24,1.17.2,PRexp,10,3.83,nan,77,Left,Left,3724,231,302,27,nan,nan,0.12
11/1/2025 18:31:26,1.17.2,PRexp,10,3.84,nan,77,Left,Left,3725,231,302,27,nan,nan,0.02
11/1/2025 18:31:27,1.17.2,PRexp,10,3.84,nan,77,Left,Left,3726,231,302,27,nan,nan,0.25
11/1/2025 18:31:28,1.17.2,PRexp,10,3.83,nan,77,Left,Left,3727,231,302,27,nan,nan,0.08
11/1/2025 18:31:30,1.17.2,PRexp,10,3.83,nan,77,Left,Left,3728,231,302,27,nan,nan,0.00
11/1/2025 18:31:33,1.17.2,PRexp,10,3.84,nan,77,Left,Left,3729,231,302,27,nan,nan,0.96
11/1/2025 18:31:33,1.17.2,PRexp,10,3.84,nan,77,Left,Left,3730,231,302,27,nan,nan,0.00
11/1/2025 18:31:35,1.17.2,PRexp,10,3.83,nan,77,Left,Left,3731,231,302,27,nan,nan,0.05
11/1/2025 18:31:38,1.17.2,PRexp,10,3.83,nan,77,Left,Left,3732,231,302,27,nan,nan,0.03
11/1/2025 18:32:22,1.17.2,PRexp,10,3.83,nan,77,Left,Left,3733,231,302,27,nan,nan,0.11
11/1/2025 18:32:58,1.17.2,PRexp,10,3.83,nan,77,Left,Left,3734,231,302,27,nan,nan,0.09
11/1/2025 18:33:01,1.17.2,PRexp,10,3.83,nan,77,Left,Left,3735,231,302,27,nan,nan,0.07
11/1/2025 18:33:02,1.17.2,PRexp,10,3.84,nan,77,Left,Left,3736,231,302,27,nan,nan,0.07
11/1/2025 18:33:04,1.17.2,PRexp,10,3.84,nan,77,Left,Left,3737,231,302,27,nan,nan,0.07
11/1/2025 18:33:07,1.17.2,PRexp,10,3.83,nan,77,Left,Left,3738,231,302,27,nan,nan,0.15
11/1/2025 18:33:08,1.17.2,PRexp,10,3.83,nan,77,Left,Left,3739,231,302,27,nan,nan,0.11
11/1/2025 18:33:09,1.17.2,PRexp,10,3.83,nan,77,Left,Left,3740,231,302,27,nan,nan,0.73
11/1/2025 18:33:12,1.17.2,PRexp,10,3.83,nan,77,Left,Left,3741,231,302,27,nan,nan,0.10
11/1/2025 18:33:13,1.17.2,PRexp,10,3.83,nan,77,Left,Left,3742,231,302,27,nan,nan,0.03
11/1/2025 18:33:14,1.17.2,PRexp,10,3.84,nan,77,Left,Left,3743,231,302,27,nan,nan,0.00
11/1/2025 18:33:15,1.17.2,PRexp,10,3.83,nan,77,Left,Left,3744,231,302,27,nan,nan,0.09
11/1/2025 18:33:17,1.17.2,PRexp,10,3.84,nan,77,Left,Left,3745,231,302,27,nan,nan,0.08
11/1/2025 18:33:18,1.17.2,PRexp,10,3.83,nan,77,Left,Left,3746,231,302,27,nan,nan,0.40
11/1/2025 18:33:21,1.17.2,PRexp,10,3.84,nan,77,Left,Left,3747,231,302,27,nan,nan,0.07
11/1/2025 18:33:22,1.17.2,PRexp,10,3.83,nan,77,Left,Left,3748,231,302,27,nan,nan,0.37
11/1/2025 18:33:26,1.17.2,PRexp,10,3.83,nan,77,Left,Left,3749,231,302,27,nan,nan,0.01
11/1/2025 18:33:27,1.17.2,PRexp,10,3.83,nan,77,Left,Left,3750,231,302,27,nan,nan,0.00
11/1/2025 18:33:30,1.17.2,PRexp,10,3.83,nan,77,Left,Left,3751,231,302,27,nan,nan,0.28
11/1/2025 18:33:33,1.17.2,PRexp,10,3.83,nan,77,Left,Left,3752,231,302,27,nan,nan,0.84
11/1/2025 18:33:35,1.17.2,PRexp,10,3.83,nan,77,Left,Left,3753,231,302,27,nan,nan,1.17
11/1/2025 18:33:38,1.17.2,PRexp,10,3.83,nan,77,Left,Left,3754,231,302,27,nan,nan,0.11
11/1/2025 18:33:39,1.17.2,PRexp,10,3.83,nan,77,Left,Left,3755,231,302,27,nan,nan,0.03
11/1/2025 18:33:43,1.17.2,PRexp,10,3.84,nan,77,Left,Left,3756,231,302,27,nan,nan,0.56
11/1/2025 18:33:48,1.17.2,PRexp,10,3.83,nan,77,Left,Left,3757,231,302,27,nan,nan,0.02
11/1/2025 18:36:24,1.17.2,PRexp,10,3.84,nan,77,Left,Left,3758,231,302,27,nan,nan,0.00
11/1/2025 18:36:29,1.17.2,PRexp,10,3.83,nan,77,Left,Left,3759,231,302,27,nan,nan,0.24
11/1/2025 18:36:30,1.17.2,PRexp,10,3.84,nan,77,Left,Left,3760,231,302,27,nan,nan,0.02
11/1/2025 18:36:31,1.17.2,PRexp,10,3.84,nan,77,Left,Left,3761,231,302,27,nan,nan,0.03
11/1/2025 18:36:33,1.17.2,PRexp,10,3.83,nan,77,Left,Left,3762,231,302,27,nan,nan,0.15
11/1/2025 18:36:34,1.17.2,PRexp,10,3.83,nan,77,Left,Left,3763,231,302,27,nan,nan,0.26
11/1/2025 18:36:36,1.17.2,PRexp,10,3.83,nan,77,Left,Left,3764,231,302,27,nan,nan,0.13
11/1/2025 18:36:39,1.17.2,PRexp,10,3.83,nan,77,Left,Left,3765,231,302,27,nan,nan,0.02
11/1/2025 18:36:40,1.17.2,PRexp,10,3.84,nan,77,Left,Left,3766,231,302,27,nan,nan,0.01
11/1/2025 18:36:41,1.17.2,PRexp,10,3.83,nan,77,Left,Left,3767,231,302,27,nan,nan,0.48
11/1/2025 18:36:42,1.17.2,PRexp,10,3.83,nan,77,Left,Left,3768,231,302,27,nan,nan,0.01
11/1/2025 18:36:44,1.17.2,PRexp,10,3.83,nan,77,Left,Left,3769,231,302,27,nan,nan,0.36
11/1/2025 18:36:45,1.17.2,PRexp,10,3.83,nan,77,Left,Left,3770,231,302,27,nan,nan,0.02
11/1/2025 18:36:46,1.17.2,PRexp,10,3.83,nan,77,Left,Left,3771,231,302,27,nan,nan,0.01
11/1/2025 18:36:49,1.17.2,PRexp,10,3.83,nan,77,Left,Left,3772,231,302,27,nan,nan,0.15
11/1/2025 18:36:51,1.17.2,PRexp,10,3.83,nan,77,Left,Left,3773,231,302,27,nan,nan,0.10
11/1/2025 18:36:52,1.17.2,PRexp,10,3.83,nan,77,Left,Left,3774,231,302,27,nan,nan,0.12
11/1/2025 18:37:15,1.17.2,PRexp,10,3.83,nan,77,Right,Left,3774,232,302,27,nan,nan,0.04
11/1/2025 18:40:50,1.17.2,PRexp,10,3.83,nan,77,Left,Left,3775,232,302,27,nan,nan,0.01
11/1/2025 18:40:51,1.17.2,PRexp,10,3.83,nan,77,Left,Left,3776,232,302,27,nan,nan,0.16
11/1/2025 18:40:53,1.17.2,PRexp,10,3.83,nan,77,Left,Left,3777,232,302,27,nan,nan,0.01
11/1/2025 18:40:56,1.17.2,PRexp,10,3.83,nan,77,Left,Left,3778,232,302,27,nan,nan,0.22
11/1/2025 18:40:59,1.17.2,PRexp,10,3.84,nan,77,Left,Left,3779,232,302,27,nan,nan,0.16
11/1/2025 18:41:00,1.17.2,PRexp,10,3.83,nan,77,Left,Left,3780,232,302,27,nan,nan,0.02
11/1/2025 18:55:30,1.17.2,PRexp,10,3.83,nan,77,Left,Left,3781,232,302,27,nan,nan,0.17
11/1/2025 18:55:40,1.17.2,PRexp,10,3.84,6,77,Pellet,Left,3781,232,303,28,0.16,1954,nan
11/1/2025 18:56:43,1.17.2,PRexp,10,3.83,nan,86,Left,Left,3782,232,303,28,nan,nan,1.00
11/1/2025 18:56:44,1.17.2,PRexp,10,3.83,nan,86,Left,Left,3783,232,303,28,nan,nan,0.57
11/1/2025 18:56:49,1.17.2,PRexp,10,3.83,nan,86,Left,Left,3784,232,303,28,nan,nan,0.47
11/1/2025 18:56:51,1.17.2,PRexp,10,3.83,nan,86,Left,Left,3785,232,303,28,nan,nan,0.11
11/1/2025 18:56:55,1.17.2,PRexp,10,3.83,nan,86,Left,Left,3786,232,303,28,nan,nan,0.15
11/1/2025 18:57:00,1.17.2,PRexp,10,3.83,nan,86,Left,Left,3787,232,303,28,nan,nan,0.05
11/1/2025 18:57:01,1.17.2,PRexp,10,3.84,nan,86,Left,Left,3788,232,303,28,nan,nan,0.04
11/1/2025 18:57:03,1.17.2,PRexp,10,3.84,nan,86,Left,Left,3789,232,303,28,nan,nan,0.27
11/1/2025 18:57:04,1.17.2,PRexp,10,3.83,nan,86,Left,Left,3790,232,303,28,nan,nan,0.72
11/1/2025 18:57:06,1.17.2,PRexp,10,3.83,nan,86,Left,Left,3791,232,303,28,nan,nan,0.26
11/1/2025 18:57:08,1.17.2,PRexp,10,3.83,nan,86,Left,Left,3792,232,303,28,nan,nan,0.74
11/1/2025 18:57:10,1.17.2,PRexp,10,3.83,nan,86,Left,Left,3793,232,303,28,nan,nan,0.02
11/1/2025 18:57:20,1.17.2,PRexp,10,3.83,nan,86,Left,Left,3794,232,303,28,nan,nan,0.85
11/1/2025 18:57:25,1.17.2,PRexp,10,3.83,nan,86,Left,Left,3795,232,303,28,nan,nan,0.08
11/1/2025 18:57:26,1.17.2,PRexp,10,3.83,nan,86,Left,Left,3796,232,303,28,nan,nan,0.80
11/1/2025 18:57:30,1.17.2,PRexp,10,3.83,nan,86,Left,Left,3797,232,303,28,nan,nan,0.66
11/1/2025 18:57:37,1.17.2,PRexp,10,3.84,nan,86,Left,Left,3798,232,303,28,nan,nan,0.01
11/1/2025 18:57:41,1.17.2,PRexp,10,3.84,nan,86,Left,Left,3799,232,303,28,nan,nan,0.40
11/1/2025 18:57:44,1.17.2,PRexp,10,3.83,nan,86,Left,Left,3800,232,303,28,nan,nan,1.04
11/1/2025 18:57:46,1.17.2,PRexp,10,3.83,nan,86,Left,Left,3801,232,303,28,nan,nan,0.09
11/1/2025 18:57:47,1.17.2,PRexp,10,3.83,nan,86,Left,Left,3802,232,303,28,nan,nan,0.00
11/1/2025 19:13:57,1.17.2,PRexp,10,3.83,nan,86,Left,Left,3803,232,303,28,nan,nan,0.12
11/1/2025 19:13:59,1.17.2,PRexp,10,3.83,nan,86,Left,Left,3804,232,303,28,nan,nan,0.77
11/1/2025 19:14:00,1.17.2,PRexp,10,3.84,nan,86,Left,Left,3805,232,303,28,nan,nan,0.24
11/1/2025 19:14:05,1.17.2,PRexp,10,3.83,nan,86,Left,Left,3806,232,303,28,nan,nan,1.37
11/1/2025 19:14:07,1.17.2,PRexp,10,3.83,nan,86,Left,Left,3807,232,303,28,nan,nan,0.32
11/1/2025 19:14:11,1.17.2,PRexp,10,3.83,nan,86,Left,Left,3808,232,303,28,nan,nan,1.42
11/1/2025 19:14:12,1.17.2,PRexp,10,3.83,nan,86,Left,Left,3809,232,303,28,nan,nan,0.01
11/1/2025 19:14:14,1.17.2,PRexp,10,3.83,nan,86,Left,Left,3810,232,303,28,nan,nan,0.56
11/1/2025 19:14:21,1.17.2,PRexp,10,3.83,nan,86,Left,Left,3811,232,303,28,nan,nan,2.57
11/1/2025 19:14:23,1.17.2,PRexp,10,3.84,nan,86,Left,Left,3812,232,303,28,nan,nan,0.32
11/1/2025 19:14:26,1.17.2,PRexp,10,3.83,nan,86,Left,Left,3813,232,303,28,nan,nan,1.39
11/1/2025 19:14:26,1.17.2,PRexp,10,3.83,nan,86,Left,Left,3814,232,303,28,nan,nan,0.07
11/1/2025 19:14:29,1.17.2,PRexp,10,3.83,nan,86,Left,Left,3815,232,303,28,nan,nan,1.01
11/1/2025 19:14:31,1.17.2,PRexp,10,3.83,nan,86,Left,Left,3816,232,303,28,nan,nan,0.29
11/1/2025 19:14:36,1.17.2,PRexp,10,3.83,nan,86,Left,Left,3817,232,303,28,nan,nan,0.21
11/1/2025 19:14:37,1.17.2,PRexp,10,3.83,nan,86,Left,Left,3818,232,303,28,nan,nan,0.23
11/1/2025 19:14:39,1.17.2,PRexp,10,3.83,nan,86,Left,Left,3819,232,303,28,nan,nan,0.39
11/1/2025 19:14:46,1.17.2,PRexp,10,3.83,nan,86,Left,Left,3820,232,303,28,nan,nan,1.43
11/1/2025 19:14:52,1.17.2,PRexp,10,3.83,nan,86,Left,Left,3821,232,303,28,nan,nan,1.65
11/1/2025 19:14:53,1.17.2,PRexp,10,3.83,nan,86,Left,Left,3822,232,303,28,nan,nan,0.04
11/1/2025 19:14:53,1.17.2,PRexp,10,3.84,nan,86,Left,Left,3823,232,303,28,nan,nan,0.04
11/1/2025 19:15:02,1.17.2,PRexp,10,3.83,nan,86,Left,Left,3824,232,303,28,nan,nan,0.14
11/1/2025 19:15:09,1.17.2,PRexp,10,3.84,nan,86,Left,Left,3825,232,303,28,nan,nan,0.10
11/1/2025 19:15:12,1.17.2,PRexp,10,3.83,nan,86,Left,Left,3826,232,303,28,nan,nan,0.05
11/1/2025 19:15:16,1.17.2,PRexp,10,3.84,nan,86,Left,Left,3827,232,303,28,nan,nan,0.02
11/1/2025 19:15:17,1.17.2,PRexp,10,3.83,nan,86,Left,Left,3828,232,303,28,nan,nan,0.08
11/1/2025 19:15:32,1.17.2,PRexp,10,3.83,nan,86,Left,Left,3829,232,303,28,nan,nan,0.02
11/1/2025 19:15:36,1.17.2,PRexp,10,3.83,nan,86,Left,Left,3830,232,303,28,nan,nan,0.00
11/1/2025 19:15:44,1.17.2,PRexp,10,3.83,nan,86,Left,Left,3831,232,303,28,nan,nan,0.30
11/1/2025 19:15:45,1.17.2,PRexp,10,3.83,nan,86,Left,Left,3832,232,303,28,nan,nan,0.30
11/1/2025 19:15:50,1.17.2,PRexp,10,3.83,nan,86,Left,Left,3833,232,303,28,nan,nan,1.87
11/1/2025 19:15:54,1.17.2,PRexp,10,3.83,nan,86,Left,Left,3834,232,303,28,nan,nan,0.05
11/1/2025 19:16:06,1.17.2,PRexp,10,3.83,nan,86,Left,Left,3835,232,303,28,nan,nan,0.65
11/1/2025 19:16:10,1.17.2,PRexp,10,3.83,nan,86,Left,Left,3836,232,303,28,nan,nan,0.75
11/1/2025 19:16:19,1.17.2,PRexp,10,3.83,nan,86,Left,Left,3837,232,303,28,nan,nan,5.56
11/1/2025 19:16:25,1.17.2,PRexp,10,3.83,nan,86,Left,Left,3838,232,303,28,nan,nan,0.17
11/1/2025 19:16:26,1.17.2,PRexp,10,3.83,nan,86,Left,Left,3839,232,303,28,nan,nan,0.03
11/1/2025 19:23:49,1.17.2,PRexp,10,3.83,nan,86,Left,Left,3840,232,303,28,nan,nan,0.21
11/1/2025 19:23:50,1.17.2,PRexp,10,3.83,nan,86,Left,Left,3841,232,303,28,nan,nan,0.09
11/1/2025 19:23:52,1.17.2,PRexp,10,3.83,nan,86,Left,Left,3842,232,303,28,nan,nan,0.80
11/1/2025 19:23:53,1.17.2,PRexp,10,3.84,nan,86,Left,Left,3843,232,303,28,nan,nan,0.02
11/1/2025 19:23:56,1.17.2,PRexp,10,3.83,nan,86,Left,Left,3844,232,303,28,nan,nan,0.12
11/1/2025 19:24:01,1.17.2,PRexp,10,3.83,nan,86,Left,Left,3845,232,303,28,nan,nan,0.16
11/1/2025 19:24:02,1.17.2,PRexp,10,3.83,nan,86,Left,Left,3846,232,303,28,nan,nan,0.04
11/1/2025 19:24:04,1.17.2,PRexp,10,3.83,nan,86,Left,Left,3847,232,303,28,nan,nan,0.17
11/1/2025 19:24:06,1.17.2,PRexp,10,3.83,nan,86,Left,Left,3848,232,303,28,nan,nan,0.77
11/1/2025 19:24:09,1.17.2,PRexp,10,3.83,nan,86,Left,Left,3849,232,303,28,nan,nan,0.42
11/1/2025 19:24:21,1.17.2,PRexp,10,3.84,nan,86,Left,Left,3850,232,303,28,nan,nan,0.29
11/1/2025 19:25:07,1.17.2,PRexp,10,3.83,nan,86,Right,Left,3850,233,303,28,nan,nan,0.37
11/1/2025 19:25:09,1.17.2,PRexp,10,3.84,nan,86,Right,Left,3850,234,303,28,nan,nan,0.42
11/1/2025 19:27:41,1.17.2,PRexp,10,3.83,nan,86,Left,Left,3851,234,303,28,nan,nan,0.12
11/1/2025 19:27:44,1.17.2,PRexp,10,3.83,nan,86,Left,Left,3852,234,303,28,nan,nan,0.25
11/1/2025 19:27:46,1.17.2,PRexp,10,3.83,nan,86,Left,Left,3853,234,303,28,nan,nan,0.07
11/1/2025 19:27:51,1.17.2,PRexp,10,3.83,nan,86,Left,Left,3854,234,303,28,nan,nan,0.12
11/1/2025 19:27:55,1.17.2,PRexp,10,3.83,nan,86,Left,Left,3855,234,303,28,nan,nan,0.40
11/1/2025 19:28:01,1.17.2,PRexp,10,3.83,nan,86,Left,Left,3856,234,303,28,nan,nan,0.13
11/1/2025 19:28:05,1.17.2,PRexp,10,3.83,nan,86,Left,Left,3857,234,303,28,nan,nan,1.21
11/1/2025 19:28:08,1.17.2,PRexp,10,3.83,nan,86,Left,Left,3858,234,303,28,nan,nan,0.11
11/1/2025 19:28:11,1.17.2,PRexp,10,3.83,nan,86,Left,Left,3859,234,303,28,nan,nan,0.03
11/1/2025 19:28:15,1.17.2,PRexp,10,3.83,nan,86,Left,Left,3860,234,303,28,nan,nan,0.89
11/1/2025 19:28:18,1.17.2,PRexp,10,3.83,nan,86,Left,Left,3861,234,303,28,nan,nan,1.11
11/1/2025 19:28:21,1.17.2,PRexp,10,3.83,nan,86,Left,Left,3862,234,303,28,nan,nan,0.08
11/1/2025 19:28:24,1.17.2,PRexp,10,3.83,nan,86,Left,Left,3863,234,303,28,nan,nan,0.17
11/1/2025 19:28:27,1.17.2,PRexp,10,3.83,nan,86,Left,Left,3864,234,303,28,nan,nan,0.32
11/1/2025 19:29:00,1.17.2,PRexp,10,3.83,nan,86,Left,Left,3865,234,303,28,nan,nan,0.08
11/1/2025 19:29:25,1.17.2,PRexp,10,3.83,nan,86,Left,Left,3866,234,303,28,nan,nan,0.00
11/1/2025 19:29:27,1.17.2,PRexp,10,3.83,nan,86,Left,Left,3867,234,303,28,nan,nan,0.24
11/1/2025 19:29:27,1.17.2,PRexp,10,3.83,nan,86,LeftDuringDispense,Left,3868,234,303,29,nan,nan,0.04
11/1/2025 19:29:42,1.17.2,PRexp,10,3.83,8,86,Pellet,Left,3868,234,304,29,0.05,2042,nan
11/1/2025 19:31:29,1.17.2,PRexp,10,3.83,nan,95,Left,Left,3869,234,304,29,nan,nan,0.19
11/1/2025 19:31:32,1.17.2,PRexp,10,3.83,nan,95,Left,Left,3870,234,304,29,nan,nan,0.04
11/1/2025 19:31:34,1.17.2,PRexp,10,3.83,nan,95,Left,Left,3871,234,304,29,nan,nan,0.39
11/1/2025 19:32:51,1.17.2,PRexp,10,3.83,nan,95,Left,Left,3872,234,304,29,nan,nan,0.02
11/1/2025 19:32:51,1.17.2,PRexp,10,3.83,nan,95,Left,Left,3873,234,304,29,nan,nan,0.05
11/1/2025 19:32:54,1.17.2,PRexp,10,3.83,nan,95,Left,Left,3874,234,304,29,nan,nan,0.71
11/1/2025 19:32:57,1.17.2,PRexp,10,3.83,nan,95,Left,Left,3875,234,304,29,nan,nan,0.04
11/1/2025 19:32:58,1.17.2,PRexp,10,3.83,nan,95,Left,Left,3876,234,304,29,nan,nan,0.44
11/1/2025 19:34:12,1.17.2,PRexp,10,3.83,nan,95,Left,Left,3877,234,304,29,nan,nan,0.19
11/1/2025 19:34:13,1.17.2,PRexp,10,3.83,nan,95,Left,Left,3878,234,304,29,nan,nan,0.21
11/1/2025 19:34:15,1.17.2,PRexp,10,3.84,nan,95,Left,Left,3879,234,304,29,nan,nan,0.09
11/1/2025 19:34:18,1.17.2,PRexp,10,3.83,nan,95,Left,Left,3880,234,304,29,nan,nan,0.10
11/1/2025 19:34:19,1.17.2,PRexp,10,3.83,nan,95,Left,Left,3881,234,304,29,nan,nan,0.00
11/1/2025 19:34:22,1.17.2,PRexp,10,3.83,nan,95,Left,Left,3882,234,304,29,nan,nan,1.07
11/1/2025 19:34:25,1.17.2,PRexp,10,3.83,nan,95,Left,Left,3883,234,304,29,nan,nan,0.05
11/1/2025 19:34:29,1.17.2,PRexp,10,3.83,nan,95,Left,Left,3884,234,304,29,nan,nan,1.06
11/1/2025 19:34:32,1.17.2,PRexp,10,3.83,nan,95,Left,Left,3885,234,304,29,nan,nan,0.01
11/1/2025 19:34:34,1.17.2,PRexp,10,3.83,nan,95,Left,Left,3886,234,304,29,nan,nan,0.23
11/1/2025 19:34:37,1.17.2,PRexp,10,3.83,nan,95,Left,Left,3887,234,304,29,nan,nan,0.02
11/1/2025 19:34:40,1.17.2,PRexp,10,3.83,nan,95,Left,Left,3888,234,304,29,nan,nan,0.10
11/1/2025 19:34:40,1.17.2,PRexp,10,3.83,nan,95,Left,Left,3889,234,304,29,nan,nan,0.10
11/1/2025 19:34:45,1.17.2,PRexp,10,3.83,nan,95,Left,Left,3890,234,304,29,nan,nan,0.13
11/1/2025 19:34:48,1.17.2,PRexp,10,3.83,nan,95,Left,Left,3891,234,304,29,nan,nan,0.67
11/1/2025 19:34:51,1.17.2,PRexp,10,3.83,nan,95,Left,Left,3892,234,304,29,nan,nan,0.02
11/1/2025 19:36:32,1.17.2,PRexp,10,3.83,nan,95,Left,Left,3893,234,304,29,nan,nan,0.14
11/1/2025 19:36:34,1.17.2,PRexp,10,3.83,nan,95,Left,Left,3894,234,304,29,nan,nan,0.02
11/1/2025 19:36:36,1.17.2,PRexp,10,3.83,nan,95,Left,Left,3895,234,304,29,nan,nan,0.60
11/1/2025 19:36:38,1.17.2,PRexp,10,3.83,nan,95,Left,Left,3896,234,304,29,nan,nan,0.10
11/1/2025 19:36:40,1.17.2,PRexp,10,3.83,nan,95,Left,Left,3897,234,304,29,nan,nan,0.05
11/1/2025 19:36:46,1.17.2,PRexp,10,3.83,nan,95,Left,Left,3898,234,304,29,nan,nan,0.05
11/1/2025 19:36:49,1.17.2,PRexp,10,3.83,nan,95,Left,Left,3899,234,304,29,nan,nan,0.87
11/1/2025 19:36:52,1.17.2,PRexp,10,3.83,nan,95,Left,Left,3900,234,304,29,nan,nan,0.09
11/1/2025 19:36:54,1.17.2,PRexp,10,3.83,nan,95,Left,Left,3901,234,304,29,nan,nan,1.44
11/1/2025 19:36:58,1.17.2,PRexp,10,3.83,nan,95,Left,Left,3902,234,304,29,nan,nan,0.04
11/1/2025 19:37:03,1.17.2,PRexp,10,3.83,nan,95,Left,Left,3903,234,304,29,nan,nan,0.02
11/1/2025 19:37:06,1.17.2,PRexp,10,3.83,nan,95,Left,Left,3904,234,304,29,nan,nan,1.21
11/1/2025 19:37:12,1.17.2,PRexp,10,3.83,nan,95,Left,Left,3905,234,304,29,nan,nan,0.48
11/1/2025 19:37:17,1.17.2,PRexp,10,3.83,nan,95,Left,Left,3906,234,304,29,nan,nan,0.12
11/1/2025 19:37:25,1.17.2,PRexp,10,3.83,nan,95,Left,Left,3907,234,304,29,nan,nan,0.03
11/1/2025 19:37:28,1.17.2,PRexp,10,3.83,nan,95,Left,Left,3908,234,304,29,nan,nan,0.18
11/1/2025 19:37:30,1.17.2,PRexp,10,3.83,nan,95,Left,Left,3909,234,304,29,nan,nan,0.04
11/1/2025 19:37:47,1.17.2,PRexp,10,3.83,nan,95,Left,Left,3910,234,304,29,nan,nan,0.19
11/1/2025 19:38:03,1.17.2,PRexp,10,3.83,nan,95,Left,Left,3911,234,304,29,nan,nan,0.14
11/1/2025 19:38:05,1.17.2,PRexp,10,3.83,nan,95,Left,Left,3912,234,304,29,nan,nan,0.10
11/1/2025 19:38:06,1.17.2,PRexp,10,3.83,nan,95,Left,Left,3913,234,304,29,nan,nan,0.10
11/1/2025 19:38:31,1.17.2,PRexp,10,3.83,nan,95,Left,Left,3914,234,304,29,nan,nan,0.02
11/1/2025 19:38:32,1.17.2,PRexp,10,3.83,nan,95,Left,Left,3915,234,304,29,nan,nan,0.24
11/1/2025 19:38:33,1.17.2,PRexp,10,3.83,nan,95,Left,Left,3916,234,304,29,nan,nan,0.05
11/1/2025 19:38:34,1.17.2,PRexp,10,3.83,nan,95,Left,Left,3917,234,304,29,nan,nan,0.11
11/1/2025 19:38:51,1.17.2,PRexp,10,3.83,nan,95,Left,Left,3918,234,304,29,nan,nan,0.11
11/1/2025 19:38:52,1.17.2,PRexp,10,3.83,nan,95,Left,Left,3919,234,304,29,nan,nan,0.19
11/1/2025 19:39:19,1.17.2,PRexp,10,3.83,nan,95,Left,Left,3920,234,304,29,nan,nan,0.11
11/1/2025 19:39:21,1.17.2,PRexp,10,3.84,nan,95,Left,Left,3921,234,304,29,nan,nan,0.11
11/1/2025 19:39:24,1.17.2,PRexp,10,3.83,nan,95,Left,Left,3922,234,304,29,nan,nan,0.28
11/1/2025 19:39:26,1.17.2,PRexp,10,3.83,nan,95,Left,Left,3923,234,304,29,nan,nan,0.11
11/1/2025 19:39:28,1.17.2,PRexp,10,3.83,nan,95,Left,Left,3924,234,304,29,nan,nan,0.13
11/1/2025 19:39:30,1.17.2,PRexp,10,3.84,nan,95,Left,Left,3925,234,304,29,nan,nan,0.30
11/1/2025 19:44:09,1.17.2,PRexp,10,3.83,nan,95,Left,Left,3926,234,304,29,nan,nan,0.17
11/1/2025 19:45:30,1.17.2,PRexp,10,3.83,nan,95,Right,Left,3926,235,304,29,nan,nan,0.10
11/1/2025 19:45:35,1.17.2,PRexp,10,3.83,nan,95,Left,Left,3927,235,304,29,nan,nan,0.06
11/1/2025 19:45:36,1.17.2,PRexp,10,3.83,nan,95,Left,Left,3928,235,304,29,nan,nan,0.01
11/1/2025 19:45:38,1.17.2,PRexp,10,3.83,nan,95,Left,Left,3929,235,304,29,nan,nan,0.76
11/1/2025 19:45:59,1.17.2,PRexp,10,3.83,nan,95,Left,Left,3930,235,304,29,nan,nan,0.71
11/1/2025 19:46:02,1.17.2,PRexp,10,3.83,nan,95,Left,Left,3931,235,304,29,nan,nan,0.14
11/1/2025 19:46:04,1.17.2,PRexp,10,3.83,nan,95,Left,Left,3932,235,304,29,nan,nan,0.34
11/1/2025 19:46:05,1.17.2,PRexp,10,3.83,nan,95,Left,Left,3933,235,304,29,nan,nan,0.05
11/1/2025 19:46:07,1.17.2,PRexp,10,3.83,nan,95,Left,Left,3934,235,304,29,nan,nan,0.48
11/1/2025 19:46:09,1.17.2,PRexp,10,3.83,nan,95,Left,Left,3935,235,304,29,nan,nan,0.15
11/1/2025 19:46:10,1.17.2,PRexp,10,3.83,nan,95,Left,Left,3936,235,304,29,nan,nan,0.00
11/1/2025 19:46:11,1.17.2,PRexp,10,3.83,nan,95,Left,Left,3937,235,304,29,nan,nan,0.19
11/1/2025 19:46:12,1.17.2,PRexp,10,3.83,nan,95,Left,Left,3938,235,304,29,nan,nan,0.03
11/1/2025 19:46:15,1.17.2,PRexp,10,3.83,nan,95,Left,Left,3939,235,304,29,nan,nan,0.13
11/1/2025 19:47:01,1.17.2,PRexp,10,3.83,nan,95,Left,Left,3940,235,304,29,nan,nan,0.04
11/1/2025 19:47:09,1.17.2,PRexp,10,3.83,nan,95,Left,Left,3941,235,304,29,nan,nan,0.10
11/1/2025 19:47:10,1.17.2,PRexp,10,3.83,nan,95,Left,Left,3942,235,304,29,nan,nan,0.02
11/1/2025 19:47:17,1.17.2,PRexp,10,3.83,nan,95,Right,Left,3942,236,304,29,nan,nan,0.67
11/1/2025 19:47:20,1.17.2,PRexp,10,3.83,nan,95,Right,Left,3942,237,304,29,nan,nan,0.35
11/1/2025 19:49:22,1.17.2,PRexp,10,3.83,nan,95,Left,Left,3943,237,304,29,nan,nan,0.08
11/1/2025 19:49:23,1.17.2,PRexp,10,3.83,nan,95,Left,Left,3944,237,304,29,nan,nan,0.93
11/1/2025 19:49:28,1.17.2,PRexp,10,3.83,nan,95,Left,Left,3945,237,304,29,nan,nan,0.11
11/1/2025 19:49:41,1.17.2,PRexp,10,3.83,nan,95,Left,Left,3946,237,304,29,nan,nan,0.61
11/1/2025 19:49:43,1.17.2,PRexp,10,3.84,nan,95,Left,Left,3947,237,304,29,nan,nan,0.49
11/1/2025 19:49:44,1.17.2,PRexp,10,3.83,nan,95,Left,Left,3948,237,304,29,nan,nan,0.03
11/1/2025 19:49:46,1.17.2,PRexp,10,3.83,nan,95,Left,Left,3949,237,304,29,nan,nan,0.15
11/1/2025 19:52:01,1.17.2,PRexp,10,3.83,nan,95,Left,Left,3950,237,304,29,nan,nan,0.05
11/1/2025 19:52:02,1.17.2,PRexp,10,3.83,nan,95,Left,Left,3951,237,304,29,nan,nan,0.05
11/1/2025 19:52:04,1.17.2,PRexp,10,3.83,nan,95,Left,Left,3952,237,304,29,nan,nan,0.12
11/1/2025 19:52:08,1.17.2,PRexp,10,3.83,nan,95,Left,Left,3953,237,304,29,nan,nan,0.03
11/1/2025 19:52:09,1.17.2,PRexp,10,3.83,nan,95,Left,Left,3954,237,304,29,nan,nan,0.00
11/1/2025 19:52:13,1.17.2,PRexp,10,3.83,nan,95,Left,Left,3955,237,304,29,nan,nan,0.23
11/1/2025 19:52:20,1.17.2,PRexp,10,3.83,nan,95,Left,Left,3956,237,304,29,nan,nan,0.09
11/1/2025 19:52:22,1.17.2,PRexp,10,3.83,nan,95,Left,Left,3957,237,304,29,nan,nan,0.37
11/1/2025 19:52:24,1.17.2,PRexp,10,3.83,nan,95,Left,Left,3958,237,304,29,nan,nan,0.34
11/1/2025 19:52:25,1.17.2,PRexp,10,3.83,nan,95,Left,Left,3959,237,304,29,nan,nan,0.16
11/1/2025 19:52:27,1.17.2,PRexp,10,3.83,nan,95,Left,Left,3960,237,304,29,nan,nan,0.21
11/1/2025 19:52:29,1.17.2,PRexp,10,3.83,nan,95,Left,Left,3961,237,304,29,nan,nan,0.12
11/1/2025 19:53:01,1.17.2,PRexp,10,3.83,nan,95,Left,Left,3962,237,304,29,nan,nan,0.20
11/1/2025 19:53:16,1.17.2,PRexp,10,3.83,nan,95,Right,Left,3962,238,304,29,nan,nan,0.03
11/1/2025 19:53:41,1.17.2,PRexp,10,3.83,nan,95,Left,Left,3963,238,304,29,nan,nan,0.07
11/1/2025 19:53:58,1.17.2,PRexp,10,3.83,9,95,Pellet,Left,3963,238,305,30,0.05,1456,nan
11/1/2025 20:00:04,1.17.2,PRexp,10,3.83,nan,106,Left,Left,3964,238,305,30,nan,nan,0.03
11/1/2025 20:00:06,1.17.2,PRexp,10,3.83,nan,106,Left,Left,3965,238,305,30,nan,nan,0.03
11/1/2025 20:00:07,1.17.2,PRexp,10,3.83,nan,106,Left,Left,3966,238,305,30,nan,nan,0.00
11/1/2025 20:00:09,1.17.2,PRexp,10,3.83,nan,106,Left,Left,3967,238,305,30,nan,nan,0.30
11/1/2025 20:00:56,1.17.2,PRexp,10,3.83,nan,106,Left,Left,3968,238,305,30,nan,nan,0.01
11/1/2025 20:01:01,1.17.2,PRexp,10,3.83,nan,106,Left,Left,3969,238,305,30,nan,nan,0.05
11/1/2025 20:03:08,1.17.2,PRexp,10,3.83,nan,106,Left,Left,3970,238,305,30,nan,nan,0.02
11/1/2025 20:03:10,1.17.2,PRexp,10,3.83,nan,106,Left,Left,3971,238,305,30,nan,nan,0.05
11/1/2025 20:03:13,1.17.2,PRexp,10,3.83,nan,106,Left,Left,3972,238,305,30,nan,nan,0.01
11/1/2025 20:03:13,1.17.2,PRexp,10,3.83,nan,106,Left,Left,3973,238,305,30,nan,nan,0.00
11/1/2025 20:03:14,1.17.2,PRexp,10,3.83,nan,106,Left,Left,3974,238,305,30,nan,nan,0.02
11/1/2025 20:03:17,1.17.2,PRexp,10,3.83,nan,106,Left,Left,3975,238,305,30,nan,nan,0.14
11/1/2025 20:03:18,1.17.2,PRexp,10,3.83,nan,106,Left,Left,3976,238,305,30,nan,nan,0.00
11/1/2025 20:03:23,1.17.2,PRexp,10,3.83,nan,106,Left,Left,3977,238,305,30,nan,nan,0.04
11/1/2025 20:03:24,1.17.2,PRexp,10,3.83,nan,106,Left,Left,3978,238,305,30,nan,nan,0.05
11/1/2025 20:03:35,1.17.2,PRexp,10,3.83,nan,106,Left,Left,3979,238,305,30,nan,nan,0.10
11/1/2025 20:03:37,1.17.2,PRexp,10,3.83,nan,106,Left,Left,3980,238,305,30,nan,nan,0.16
11/1/2025 20:03:42,1.17.2,PRexp,10,3.83,nan,106,Left,Left,3981,238,305,30,nan,nan,0.02
11/1/2025 20:03:51,1.17.2,PRexp,10,3.83,nan,106,Left,Left,3982,238,305,30,nan,nan,0.88
11/1/2025 20:03:55,1.17.2,PRexp,10,3.83,nan,106,Left,Left,3983,238,305,30,nan,nan,0.08
11/1/2025 20:04:14,1.17.2,PRexp,10,3.83,nan,106,Left,Left,3984,238,305,30,nan,nan,0.07
11/1/2025 20:04:15,1.17.2,PRexp,10,3.83,nan,106,Left,Left,3985,238,305,30,nan,nan,0.09
11/1/2025 20:04:19,1.17.2,PRexp,10,3.83,nan,106,Left,Left,3986,238,305,30,nan,nan,0.01
11/1/2025 20:04:19,1.17.2,PRexp,10,3.83,nan,106,Left,Left,3987,238,305,30,nan,nan,0.00
11/1/2025 20:04:24,1.17.2,PRexp,10,3.83,nan,106,Left,Left,3988,238,305,30,nan,nan,0.13
11/1/2025 20:04:25,1.17.2,PRexp,10,3.83,nan,106,Left,Left,3989,238,305,30,nan,nan,0.15
11/1/2025 20:05:05,1.17.2,PRexp,10,3.83,nan,106,Left,Left,3990,238,305,30,nan,nan,0.04
11/1/2025 20:05:06,1.17.2,PRexp,10,3.83,nan,106,Left,Left,3991,238,305,30,nan,nan,0.02
11/1/2025 20:05:07,1.17.2,PRexp,10,3.83,nan,106,Left,Left,3992,238,305,30,nan,nan,0.17
11/1/2025 20:05:10,1.17.2,PRexp,10,3.83,nan,106,Left,Left,3993,238,305,30,nan,nan,0.48
11/1/2025 20:05:11,1.17.2,PRexp,10,3.83,nan,106,Left,Left,3994,238,305,30,nan,nan,0.00
11/1/2025 20:05:13,1.17.2,PRexp,10,3.83,nan,106,Left,Left,3995,238,305,30,nan,nan,0.42
11/1/2025 20:05:15,1.17.2,PRexp,10,3.83,nan,106,Left,Left,3996,238,305,30,nan,nan,0.16
11/1/2025 20:05:16,1.17.2,PRexp,10,3.83,nan,106,Left,Left,3997,238,305,30,nan,nan,0.04
11/1/2025 20:05:19,1.17.2,PRexp,10,3.83,nan,106,Left,Left,3998,238,305,30,nan,nan,0.08
11/1/2025 20:05:20,1.17.2,PRexp,10,3.83,nan,106,Left,Left,3999,238,305,30,nan,nan,0.13
11/1/2025 20:05:23,1.17.2,PRexp,10,3.83,nan,106,Left,Left,4000,238,305,30,nan,nan,0.04
11/1/2025 20:05:31,1.17.2,PRexp,10,3.83,nan,106,Left,Left,4001,238,305,30,nan,nan,0.11
11/1/2025 20:05:33,1.17.2,PRexp,10,3.83,nan,106,Left,Left,4002,238,305,30,nan,nan,0.05
11/1/2025 20:05:36,1.17.2,PRexp,10,3.83,nan,106,Left,Left,4003,238,305,30,nan,nan,0.16
11/1/2025 20:06:07,1.17.2,PRexp,10,3.83,nan,106,Left,Left,4004,238,305,30,nan,nan,0.11
11/1/2025 20:06:10,1.17.2,PRexp,10,3.83,nan,106,Left,Left,4005,238,305,30,nan,nan,0.21
11/1/2025 20:06:14,1.17.2,PRexp,10,3.83,nan,106,Left,Left,4006,238,305,30,nan,nan,0.13
11/1/2025 20:06:15,1.17.2,PRexp,10,3.83,nan,106,Left,Left,4007,238,305,30,nan,nan,0.09
11/1/2025 20:07:13,1.17.2,PRexp,10,3.83,nan,106,Left,Left,4008,238,305,30,nan,nan,0.09
11/1/2025 20:07:14,1.17.2,PRexp,10,3.83,nan,106,Left,Left,4009,238,305,30,nan,nan,0.61
11/1/2025 20:07:15,1.17.2,PRexp,10,3.83,nan,106,Left,Left,4010,238,305,30,nan,nan,0.00
11/1/2025 20:07:16,1.17.2,PRexp,10,3.83,nan,106,Left,Left,4011,238,305,30,nan,nan,0.00
11/1/2025 20:07:22,1.17.2,PRexp,10,3.83,nan,106,Left,Left,4012,238,305,30,nan,nan,0.00
11/1/2025 20:07:27,1.17.2,PRexp,10,3.83,nan,106,Left,Left,4013,238,305,30,nan,nan,0.03
11/1/2025 20:07:29,1.17.2,PRexp,10,3.83,nan,106,Left,Left,4014,238,305,30,nan,nan,0.11
11/1/2025 20:13:28,1.17.2,PRexp,10,3.83,nan,106,Left,Left,4015,238,305,30,nan,nan,0.06
11/1/2025 20:13:31,1.17.2,PRexp,10,3.83,nan,106,Left,Left,4016,238,305,30,nan,nan,0.59
11/1/2025 20:13:33,1.17.2,PRexp,10,3.83,nan,106,Left,Left,4017,238,305,30,nan,nan,0.26
11/1/2025 20:13:38,1.17.2,PRexp,10,3.83,nan,106,Left,Left,4018,238,305,30,nan,nan,0.22
11/1/2025 20:13:40,1.17.2,PRexp,10,3.83,nan,106,Left,Left,4019,238,305,30,nan,nan,0.03
11/1/2025 20:13:41,1.17.2,PRexp,10,3.83,nan,106,Left,Left,4020,238,305,30,nan,nan,0.03
11/1/2025 20:13:42,1.17.2,PRexp,10,3.83,nan,106,Left,Left,4021,238,305,30,nan,nan,0.10
11/1/2025 20:13:45,1.17.2,PRexp,10,3.83,nan,106,Left,Left,4022,238,305,30,nan,nan,0.92
11/1/2025 20:13:49,1.17.2,PRexp,10,3.83,nan,106,Left,Left,4023,238,305,30,nan,nan,0.09
11/1/2025 20:14:11,1.17.2,PRexp,10,3.83,nan,106,Right,Left,4023,239,305,30,nan,nan,0.02
11/1/2025 20:14:21,1.17.2,PRexp,10,3.83,nan,106,Left,Left,4024,239,305,30,nan,nan,0.11
11/1/2025 20:14:29,1.17.2,PRexp,10,3.83,nan,106,Left,Left,4025,239,305,30,nan,nan,0.01
11/1/2025 20:14:30,1.17.2,PRexp,10,3.83,nan,106,Left,Left,4026,239,305,30,nan,nan,0.04
11/1/2025 20:14:35,1.17.2,PRexp,10,3.83,nan,106,Left,Left,4027,239,305,30,nan,nan,0.00
11/1/2025 20:16:00,1.17.2,PRexp,10,3.83,nan,106,Left,Left,4028,239,305,30,nan,nan,0.04
11/1/2025 20:16:08,1.17.2,PRexp,10,3.83,nan,106,Left,Left,4029,239,305,30,nan,nan,0.05
11/1/2025 20:16:10,1.17.2,PRexp,10,3.83,nan,106,Left,Left,4030,239,305,30,nan,nan,0.01
11/1/2025 20:16:11,1.17.2,PRexp,10,3.83,nan,106,Left,Left,4031,239,305,30,nan,nan,0.01
11/1/2025 20:16:12,1.17.2,PRexp,10,3.83,nan,106,Left,Left,4032,239,305,30,nan,nan,0.01
11/1/2025 20:16:15,1.17.2,PRexp,10,3.83,nan,106,Left,Left,4033,239,305,30,nan,nan,0.08
11/1/2025 20:17:20,1.17.2,PRexp,10,3.83,nan,106,Left,Left,4034,239,305,30,nan,nan,0.14
11/1/2025 20:17:21,1.17.2,PRexp,10,3.83,nan,106,Left,Left,4035,239,305,30,nan,nan,0.03
11/1/2025 20:17:23,1.17.2,PRexp,10,3.83,nan,106,Left,Left,4036,239,305,30,nan,nan,0.01
11/1/2025 20:19:05,1.17.2,PRexp,10,3.83,nan,106,Left,Left,4037,239,305,30,nan,nan,0.13
11/1/2025 20:19:25,1.17.2,PRexp,10,3.84,nan,106,Left,Left,4038,239,305,30,nan,nan,0.31
11/1/2025 20:19:27,1.17.2,PRexp,10,3.83,nan,106,Left,Left,4039,239,305,30,nan,nan,0.16
11/1/2025 20:19:29,1.17.2,PRexp,10,3.83,nan,106,Left,Left,4040,239,305,30,nan,nan,0.19
11/1/2025 20:19:30,1.17.2,PRexp,10,3.83,nan,106,Left,Left,4041,239,305,30,nan,nan,0.29
11/1/2025 20:19:32,1.17.2,PRexp,10,3.83,nan,106,Left,Left,4042,239,305,30,nan,nan,0.22
11/1/2025 20:19:42,1.17.2,PRexp,10,3.83,nan,106,Right,Left,4042,240,305,30,nan,nan,0.16
11/1/2025 20:20:40,1.17.2,PRexp,10,3.83,nan,106,Left,Left,4043,240,305,30,nan,nan,0.05
11/1/2025 20:20:41,1.17.2,PRexp,10,3.83,nan,106,Left,Left,4044,240,305,30,nan,nan,0.01
11/1/2025 20:20:45,1.17.2,PRexp,10,3.83,nan,106,Left,Left,4045,240,305,30,nan,nan,0.69
11/1/2025 20:25:04,1.17.2,PRexp,10,3.83,nan,106,Left,Left,4046,240,305,30,nan,nan,0.15
11/1/2025 20:25:05,1.17.2,PRexp,10,3.83,nan,106,Left,Left,4047,240,305,30,nan,nan,0.04
11/1/2025 20:25:08,1.17.2,PRexp,10,3.83,nan,106,Left,Left,4048,240,305,30,nan,nan,0.02
11/1/2025 20:25:09,1.17.2,PRexp,10,3.83,nan,106,Left,Left,4049,240,305,30,nan,nan,0.34
11/1/2025 20:25:11,1.17.2,PRexp,10,3.83,nan,106,Left,Left,4050,240,305,30,nan,nan,0.13
11/1/2025 20:25:16,1.17.2,PRexp,10,3.83,nan,106,Left,Left,4051,240,305,30,nan,nan,0.02
11/1/2025 20:29:06,1.17.2,PRexp,10,3.83,nan,106,Right,Left,4051,241,305,30,nan,nan,0.01
11/1/2025 20:29:34,1.17.2,PRexp,10,3.83,nan,106,Left,Left,4052,241,305,30,nan,nan,0.11
11/1/2025 20:29:36,1.17.2,PRexp,10,3.83,nan,106,Left,Left,4053,241,305,30,nan,nan,0.12
11/1/2025 20:29:40,1.17.2,PRexp,10,3.83,nan,106,Left,Left,4054,241,305,30,nan,nan,0.02
11/1/2025 20:29:42,1.17.2,PRexp,10,3.83,nan,106,Left,Left,4055,241,305,30,nan,nan,0.12
11/1/2025 20:29:45,1.17.2,PRexp,10,3.83,nan,106,Left,Left,4056,241,305,30,nan,nan,0.18
11/1/2025 20:29:47,1.17.2,PRexp,10,3.83,nan,106,Left,Left,4057,241,305,30,nan,nan,0.13
11/1/2025 20:29:49,1.17.2,PRexp,10,3.83,nan,106,Left,Left,4058,241,305,30,nan,nan,0.12
11/1/2025 20:29:50,1.17.2,PRexp,10,3.83,nan,106,Left,Left,4059,241,305,30,nan,nan,0.16
11/1/2025 20:29:52,1.17.2,PRexp,10,3.83,nan,106,Left,Left,4060,241,305,30,nan,nan,0.16
11/1/2025 20:32:30,1.17.2,PRexp,10,3.83,nan,106,Left,Left,4061,241,305,30,nan,nan,0.39
11/1/2025 20:32:31,1.17.2,PRexp,10,3.83,nan,106,Left,Left,4062,241,305,30,nan,nan,0.11
11/1/2025 20:32:33,1.17.2,PRexp,10,3.83,nan,106,Left,Left,4063,241,305,30,nan,nan,0.08
11/1/2025 20:32:35,1.17.2,PRexp,10,3.83,nan,106,Left,Left,4064,241,305,30,nan,nan,0.44
11/1/2025 20:32:37,1.17.2,PRexp,10,3.83,nan,106,Left,Left,4065,241,305,30,nan,nan,0.93
11/1/2025 20:32:38,1.17.2,PRexp,10,3.83,nan,106,Left,Left,4066,241,305,30,nan,nan,0.04
11/1/2025 20:32:39,1.17.2,PRexp,10,3.83,nan,106,Left,Left,4067,241,305,30,nan,nan,0.20
11/1/2025 20:32:42,1.17.2,PRexp,10,3.83,nan,106,Left,Left,4068,241,305,30,nan,nan,0.18
11/1/2025 20:32:46,1.17.2,PRexp,10,3.83,nan,106,Left,Left,4069,241,305,30,nan,nan,0.10
11/1/2025 20:32:54,1.17.2,PRexp,10,3.83,5,106,Pellet,Left,4069,241,306,31,0.05,2336,nan
11/1/2025 20:34:41,1.17.2,PRexp,10,3.83,nan,118,Left,Left,4070,241,306,31,nan,nan,0.05
11/1/2025 20:34:57,1.17.2,PRexp,10,3.83,nan,118,Left,Left,4071,241,306,31,nan,nan,0.02
11/1/2025 20:36:12,1.17.2,PRexp,10,3.83,nan,118,Right,Left,4071,242,306,31,nan,nan,0.03
11/1/2025 20:36:25,1.17.2,PRexp,10,3.83,nan,118,Left,Left,4072,242,306,31,nan,nan,0.08
11/1/2025 20:38:48,1.17.2,PRexp,10,3.83,nan,118,Left,Left,4073,242,306,31,nan,nan,0.10
11/1/2025 20:38:50,1.17.2,PRexp,10,3.83,nan,118,Left,Left,4074,242,306,31,nan,nan,0.02
11/1/2025 20:38:52,1.17.2,PRexp,10,3.83,nan,118,Left,Left,4075,242,306,31,nan,nan,0.07
11/1/2025 20:38:55,1.17.2,PRexp,10,3.83,nan,118,Left,Left,4076,242,306,31,nan,nan,0.09
11/1/2025 20:38:57,1.17.2,PRexp,10,3.83,nan,118,Left,Left,4077,242,306,31,nan,nan,0.14
11/1/2025 20:38:59,1.17.2,PRexp,10,3.83,nan,118,Left,Left,4078,242,306,31,nan,nan,0.52
11/1/2025 20:39:02,1.17.2,PRexp,10,3.83,nan,118,Left,Left,4079,242,306,31,nan,nan,0.57
11/1/2025 20:39:03,1.17.2,PRexp,10,3.83,nan,118,Left,Left,4080,242,306,31,nan,nan,0.09
11/1/2025 20:39:06,1.17.2,PRexp,10,3.83,nan,118,Left,Left,4081,242,306,31,nan,nan,0.19
11/1/2025 20:39:07,1.17.2,PRexp,10,3.83,nan,118,Left,Left,4082,242,306,31,nan,nan,0.00
11/1/2025 20:39:09,1.17.2,PRexp,10,3.83,nan,118,Left,Left,4083,242,306,31,nan,nan,0.06
11/1/2025 20:39:49,1.17.2,PRexp,10,3.83,nan,118,Left,Left,4084,242,306,31,nan,nan,0.01
11/1/2025 20:39:51,1.17.2,PRexp,10,3.83,nan,118,Left,Left,4085,242,306,31,nan,nan,0.20
11/1/2025 20:40:00,1.17.2,PRexp,10,3.83,nan,118,Left,Left,4086,242,306,31,nan,nan,0.01
11/1/2025 20:40:01,1.17.2,PRexp,10,3.83,nan,118,Left,Left,4087,242,306,31,nan,nan,0.07
11/1/2025 20:40:03,1.17.2,PRexp,10,3.83,nan,118,Left,Left,4088,242,306,31,nan,nan,0.09
11/1/2025 20:40:04,1.17.2,PRexp,10,3.83,nan,118,Left,Left,4089,242,306,31,nan,nan,0.12
11/1/2025 20:40:20,1.17.2,PRexp,10,3.83,nan,118,Left,Left,4090,242,306,31,nan,nan,0.09
11/1/2025 20:40:23,1.17.2,PRexp,10,3.83,nan,118,Left,Left,4091,242,306,31,nan,nan,0.04
11/1/2025 20:41:29,1.17.2,PRexp,10,3.83,nan,118,Left,Left,4092,242,306,31,nan,nan,0.00
11/1/2025 20:41:31,1.17.2,PRexp,10,3.83,nan,118,Left,Left,4093,242,306,31,nan,nan,0.17
11/1/2025 20:42:09,1.17.2,PRexp,10,3.83,nan,118,Left,Left,4094,242,306,31,nan,nan,0.02
11/1/2025 20:42:10,1.17.2,PRexp,10,3.83,nan,118,Left,Left,4095,242,306,31,nan,nan,0.01
11/1/2025 20:42:13,1.17.2,PRexp,10,3.83,nan,118,Left,Left,4096,242,306,31,nan,nan,0.64
11/1/2025 20:42:15,1.17.2,PRexp,10,3.83,nan,118,Left,Left,4097,242,306,31,nan,nan,0.56
11/1/2025 20:42:15,1.17.2,PRexp,10,3.83,nan,118,Left,Left,4098,242,306,31,nan,nan,0.00
11/1/2025 20:42:17,1.17.2,PRexp,10,3.83,nan,118,Left,Left,4099,242,306,31,nan,nan,0.39
11/1/2025 20:42:20,1.17.2,PRexp,10,3.83,nan,118,Left,Left,4100,242,306,31,nan,nan,0.54
11/1/2025 20:42:21,1.17.2,PRexp,10,3.83,nan,118,Left,Left,4101,242,306,31,nan,nan,0.09
11/1/2025 20:44:35,1.17.2,PRexp,10,3.83,nan,118,Left,Left,4102,242,306,31,nan,nan,0.03
11/1/2025 20:44:37,1.17.2,PRexp,10,3.83,nan,118,Left,Left,4103,242,306,31,nan,nan,0.30
11/1/2025 20:44:39,1.17.2,PRexp,10,3.83,nan,118,Left,Left,4104,242,306,31,nan,nan,0.04
11/1/2025 20:44:41,1.17.2,PRexp,10,3.83,nan,118,Left,Left,4105,242,306,31,nan,nan,0.35
11/1/2025 20:44:47,1.17.2,PRexp,10,3.83,nan,118,Left,Left,4106,242,306,31,nan,nan,0.03
11/1/2025 20:45:42,1.17.2,PRexp,10,3.83,nan,118,Left,Left,4107,242,306,31,nan,nan,0.10
11/1/2025 20:45:46,1.17.2,PRexp,10,3.83,nan,118,Left,Left,4108,242,306,31,nan,nan,0.04
11/1/2025 20:45:49,1.17.2,PRexp,10,3.83,nan,118,Left,Left,4109,242,306,31,nan,nan,0.11
11/1/2025 20:46:11,1.17.2,PRexp,10,3.83,nan,118,Left,Left,4110,242,306,31,nan,nan,0.17
11/1/2025 20:46:15,1.17.2,PRexp,10,3.83,nan,118,Left,Left,4111,242,306,31,nan,nan,0.11
11/1/2025 20:46:16,1.17.2,PRexp,10,3.83,nan,118,Left,Left,4112,242,306,31,nan,nan,0.04
11/1/2025 20:46:18,1.17.2,PRexp,10,3.83,nan,118,Left,Left,4113,242,306,31,nan,nan,0.71
11/1/2025 20:51:01,1.17.2,PRexp,10,3.83,nan,118,Left,Left,4114,242,306,31,nan,nan,0.06
11/1/2025 20:51:03,1.17.2,PRexp,10,3.83,nan,118,Left,Left,4115,242,306,31,nan,nan,0.04
11/1/2025 20:51:23,1.17.2,PRexp,10,3.83,nan,118,Left,Left,4116,242,306,31,nan,nan,0.03
11/1/2025 20:51:29,1.17.2,PRexp,10,3.83,nan,118,Left,Left,4117,242,306,31,nan,nan,0.00
11/1/2025 20:51:33,1.17.2,PRexp,10,3.83,nan,118,Left,Left,4118,242,306,31,nan,nan,0.02
11/1/2025 20:52:42,1.17.2,PRexp,10,3.83,nan,118,Left,Left,4119,242,306,31,nan,nan,0.02
11/1/2025 20:52:44,1.17.2,PRexp,10,3.83,nan,118,Left,Left,4120,242,306,31,nan,nan,0.61
11/1/2025 20:52:46,1.17.2,PRexp,10,3.83,nan,118,Left,Left,4121,242,306,31,nan,nan,0.55
11/1/2025 20:52:47,1.17.2,PRexp,10,3.83,nan,118,Left,Left,4122,242,306,31,nan,nan,0.50
11/1/2025 20:52:50,1.17.2,PRexp,10,3.83,nan,118,Left,Left,4123,242,306,31,nan,nan,0.38
11/1/2025 20:52:53,1.17.2,PRexp,10,3.83,nan,118,Left,Left,4124,242,306,31,nan,nan,0.20
11/1/2025 20:52:56,1.17.2,PRexp,10,3.83,nan,118,Left,Left,4125,242,306,31,nan,nan,0.08
11/1/2025 20:53:45,1.17.2,PRexp,10,3.83,nan,118,Left,Left,4126,242,306,31,nan,nan,0.59
11/1/2025 20:57:02,1.17.2,PRexp,10,3.83,nan,118,Left,Left,4127,242,306,31,nan,nan,0.05
11/1/2025 20:57:03,1.17.2,PRexp,10,3.83,nan,118,Left,Left,4128,242,306,31,nan,nan,0.07
11/1/2025 20:57:06,1.17.2,PRexp,10,3.83,nan,118,Left,Left,4129,242,306,31,nan,nan,0.03
11/1/2025 20:57:07,1.17.2,PRexp,10,3.83,nan,118,Left,Left,4130,242,306,31,nan,nan,0.09
11/1/2025 20:57:09,1.17.2,PRexp,10,3.83,nan,118,Left,Left,4131,242,306,31,nan,nan,0.02
11/1/2025 20:57:10,1.17.2,PRexp,10,3.83,nan,118,Left,Left,4132,242,306,31,nan,nan,0.00
11/1/2025 20:57:11,1.17.2,PRexp,10,3.83,nan,118,Left,Left,4133,242,306,31,nan,nan,0.02
11/1/2025 20:57:13,1.17.2,PRexp,10,3.83,nan,118,Left,Left,4134,242,306,31,nan,nan,0.05
11/1/2025 20:57:14,1.17.2,PRexp,10,3.83,nan,118,Left,Left,4135,242,306,31,nan,nan,0.01
11/1/2025 20:57:15,1.17.2,PRexp,10,3.83,nan,118,Left,Left,4136,242,306,31,nan,nan,0.00
11/1/2025 20:58:07,1.17.2,PRexp,10,3.83,nan,118,Left,Left,4137,242,306,31,nan,nan,0.07
11/1/2025 20:58:21,1.17.2,PRexp,10,3.83,nan,118,Left,Left,4138,242,306,31,nan,nan,0.08
11/1/2025 20:58:22,1.17.2,PRexp,10,3.83,nan,118,Left,Left,4139,242,306,31,nan,nan,0.07
11/1/2025 20:58:25,1.17.2,PRexp,10,3.83,nan,118,Left,Left,4140,242,306,31,nan,nan,0.08
11/1/2025 20:59:23,1.17.2,PRexp,10,3.83,nan,118,Left,Left,4141,242,306,31,nan,nan,0.12
11/1/2025 20:59:25,1.17.2,PRexp,10,3.83,nan,118,Left,Left,4142,242,306,31,nan,nan,0.01
11/1/2025 20:59:39,1.17.2,PRexp,10,3.83,nan,118,Left,Left,4143,242,306,31,nan,nan,0.05
11/1/2025 21:00:07,1.17.2,PRexp,10,3.83,nan,118,Left,Left,4144,242,306,31,nan,nan,0.05
11/1/2025 21:00:09,1.17.2,PRexp,10,3.83,nan,118,Left,Left,4145,242,306,31,nan,nan,0.04
11/1/2025 21:00:10,1.17.2,PRexp,10,3.83,nan,118,Left,Left,4146,242,306,31,nan,nan,0.16
11/1/2025 21:00:15,1.17.2,PRexp,10,3.83,nan,118,Left,Left,4147,242,306,31,nan,nan,0.05
11/1/2025 21:00:16,1.17.2,PRexp,10,3.83,nan,118,Left,Left,4148,242,306,31,nan,nan,0.04
11/1/2025 21:00:17,1.17.2,PRexp,10,3.83,nan,118,Left,Left,4149,242,306,31,nan,nan,0.00
11/1/2025 21:00:20,1.17.2,PRexp,10,3.83,nan,118,Left,Left,4150,242,306,31,nan,nan,0.17
11/1/2025 21:00:23,1.17.2,PRexp,10,3.83,nan,118,Left,Left,4151,242,306,31,nan,nan,0.12
11/1/2025 21:00:37,1.17.2,PRexp,10,3.83,nan,118,Left,Left,4152,242,306,31,nan,nan,0.06
11/1/2025 21:00:39,1.17.2,PRexp,10,3.83,nan,118,Left,Left,4153,242,306,31,nan,nan,0.10
11/1/2025 21:00:40,1.17.2,PRexp,10,3.83,nan,118,Left,Left,4154,242,306,31,nan,nan,0.00
11/1/2025 21:00:42,1.17.2,PRexp,10,3.83,nan,118,Left,Left,4155,242,306,31,nan,nan,0.10
11/1/2025 21:00:44,1.17.2,PRexp,10,3.83,nan,118,Left,Left,4156,242,306,31,nan,nan,0.18
11/1/2025 21:02:35,1.17.2,PRexp,10,3.83,nan,118,Left,Left,4157,242,306,31,nan,nan,0.04
11/1/2025 21:02:37,1.17.2,PRexp,10,3.83,nan,118,Left,Left,4158,242,306,31,nan,nan,0.69
11/1/2025 21:02:40,1.17.2,PRexp,10,3.83,nan,118,Left,Left,4159,242,306,31,nan,nan,0.31
11/1/2025 21:02:42,1.17.2,PRexp,10,3.83,nan,118,Left,Left,4160,242,306,31,nan,nan,0.82
11/1/2025 21:02:44,1.17.2,PRexp,10,3.83,nan,118,Left,Left,4161,242,306,31,nan,nan,0.67
11/1/2025 21:02:47,1.17.2,PRexp,10,3.83,nan,118,Left,Left,4162,242,306,31,nan,nan,0.73
11/1/2025 21:02:50,1.17.2,PRexp,10,3.83,nan,118,Left,Left,4163,242,306,31,nan,nan,0.20
11/1/2025 21:02:52,1.17.2,PRexp,10,3.83,nan,118,Left,Left,4164,242,306,31,nan,nan,0.07
11/1/2025 21:02:53,1.17.2,PRexp,10,3.83,nan,118,Left,Left,4165,242,306,31,nan,nan,0.13
11/1/2025 21:02:55,1.17.2,PRexp,10,3.83,nan,118,Left,Left,4166,242,306,31,nan,nan,1.07
11/1/2025 21:02:57,1.17.2,PRexp,10,3.83,nan,118,Left,Left,4167,242,306,31,nan,nan,0.21
11/1/2025 21:02:58,1.17.2,PRexp,10,3.83,nan,118,Left,Left,4168,242,306,31,nan,nan,0.03
11/1/2025 21:02:59,1.17.2,PRexp,10,3.83,nan,118,Left,Left,4169,242,306,31,nan,nan,0.21
11/1/2025 21:03:57,1.17.2,PRexp,10,3.83,nan,118,Left,Left,4170,242,306,31,nan,nan,0.07
11/1/2025 21:03:58,1.17.2,PRexp,10,3.83,nan,118,Left,Left,4171,242,306,31,nan,nan,0.35
11/1/2025 21:04:00,1.17.2,PRexp,10,3.83,nan,118,Left,Left,4172,242,306,31,nan,nan,0.27
11/1/2025 21:04:02,1.17.2,PRexp,10,3.83,nan,118,Left,Left,4173,242,306,31,nan,nan,0.20
11/1/2025 21:04:02,1.17.2,PRexp,10,3.83,nan,118,Left,Left,4174,242,306,31,nan,nan,0.04
11/1/2025 21:04:04,1.17.2,PRexp,10,3.83,nan,118,Left,Left,4175,242,306,31,nan,nan,0.04
11/1/2025 21:04:06,1.17.2,PRexp,10,3.83,nan,118,Left,Left,4176,242,306,31,nan,nan,0.23
11/1/2025 21:04:08,1.17.2,PRexp,10,3.83,nan,118,Left,Left,4177,242,306,31,nan,nan,0.16
11/1/2025 21:04:18,1.17.2,PRexp,10,3.83,nan,118,Left,Left,4178,242,306,31,nan,nan,0.03
11/1/2025 21:04:20,1.17.2,PRexp,10,3.83,nan,118,Left,Left,4179,242,306,31,nan,nan,0.11
11/1/2025 21:04:25,1.17.2,PRexp,10,3.83,nan,118,Right,Left,4179,243,306,31,nan,nan,0.16
11/1/2025 21:04:33,1.17.2,PRexp,10,3.83,nan,118,Left,Left,4180,243,306,31,nan,nan,0.01
11/1/2025 21:05:59,1.17.2,PRexp,10,3.83,nan,118,Left,Left,4181,243,306,31,nan,nan,0.16
11/1/2025 21:06:00,1.17.2,PRexp,10,3.83,nan,118,Left,Left,4182,243,306,31,nan,nan,0.14
11/1/2025 21:06:02,1.17.2,PRexp,10,3.83,nan,118,Left,Left,4183,243,306,31,nan,nan,0.12
11/1/2025 21:06:03,1.17.2,PRexp,10,3.83,nan,118,Left,Left,4184,243,306,31,nan,nan,0.13
11/1/2025 21:06:05,1.17.2,PRexp,10,3.83,nan,118,Left,Left,4185,243,306,31,nan,nan,0.18
11/1/2025 21:06:28,1.17.2,PRexp,10,3.83,nan,118,Left,Left,4186,243,306,31,nan,nan,0.02
11/1/2025 21:08:44,1.17.2,PRexp,10,3.83,nan,118,Left,Left,4187,243,306,31,nan,nan,0.01
11/1/2025 21:08:51,1.17.2,PRexp,10,3.83,4,118,Pellet,Left,4187,243,307,32,0.22,2157,nan
11/1/2025 21:12:20,1.17.2,PRexp,10,3.83,nan,131,Left,Left,4188,243,307,32,nan,nan,0.11
11/1/2025 21:12:22,1.17.2,PRexp,10,3.83,nan,131,Left,Left,4189,243,307,32,nan,nan,0.08
11/1/2025 21:12:24,1.17.2,PRexp,10,3.83,nan,131,Left,Left,4190,243,307,32,nan,nan,0.03
11/1/2025 21:12:26,1.17.2,PRexp,10,3.83,nan,131,Left,Left,4191,243,307,32,nan,nan,0.07
11/1/2025 21:13:02,1.17.2,PRexp,10,3.83,nan,131,Left,Left,4192,243,307,32,nan,nan,0.05
11/1/2025 21:13:04,1.17.2,PRexp,10,3.83,nan,131,Left,Left,4193,243,307,32,nan,nan,0.29
11/1/2025 21:13:11,1.17.2,PRexp,10,3.83,nan,131,Left,Left,4194,243,307,32,nan,nan,0.13
11/1/2025 21:13:12,1.17.2,PRexp,10,3.83,nan,131,Left,Left,4195,243,307,32,nan,nan,0.08
11/1/2025 21:14:26,1.17.2,PRexp,10,3.83,nan,131,Left,Left,4196,243,307,32,nan,nan,0.10
11/1/2025 21:14:27,1.17.2,PRexp,10,3.83,nan,131,Left,Left,4197,243,307,32,nan,nan,0.16
11/1/2025 21:14:29,1.17.2,PRexp,10,3.83,nan,131,Left,Left,4198,243,307,32,nan,nan,0.51
11/1/2025 21:14:30,1.17.2,PRexp,10,3.83,nan,131,Left,Left,4199,243,307,32,nan,nan,0.06
11/1/2025 21:14:31,1.17.2,PRexp,10,3.83,nan,131,Left,Left,4200,243,307,32,nan,nan,0.09
11/1/2025 21:14:33,1.17.2,PRexp,10,3.83,nan,131,Left,Left,4201,243,307,32,nan,nan,0.04
11/1/2025 21:14:35,1.17.2,PRexp,10,3.83,nan,131,Left,Left,4202,243,307,32,nan,nan,0.06
11/1/2025 21:14:36,1.17.2,PRexp,10,3.83,nan,131,Left,Left,4203,243,307,32,nan,nan,0.17
11/1/2025 21:14:46,1.17.2,PRexp,10,3.83,nan,131,Left,Left,4204,243,307,32,nan,nan,0.03
11/1/2025 21:14:48,1.17.2,PRexp,10,3.83,nan,131,Left,Left,4205,243,307,32,nan,nan,0.19
11/1/2025 21:14:51,1.17.2,PRexp,10,3.83,nan,131,Left,Left,4206,243,307,32,nan,nan,0.09
11/1/2025 21:15:52,1.17.2,PRexp,10,3.83,nan,131,Left,Left,4207,243,307,32,nan,nan,0.02
11/1/2025 21:15:54,1.17.2,PRexp,10,3.83,nan,131,Left,Left,4208,243,307,32,nan,nan,0.02
11/1/2025 21:15:57,1.17.2,PRexp,10,3.83,nan,131,Left,Left,4209,243,307,32,nan,nan,0.06
11/1/2025 21:15:59,1.17.2,PRexp,10,3.83,nan,131,Left,Left,4210,243,307,32,nan,nan,0.28
11/1/2025 21:16:01,1.17.2,PRexp,10,3.83,nan,131,Left,Left,4211,243,307,32,nan,nan,0.01
11/1/2025 21:16:01,1.17.2,PRexp,10,3.83,nan,131,Left,Left,4212,243,307,32,nan,nan,0.00
11/1/2025 21:16:03,1.17.2,PRexp,10,3.83,nan,131,Left,Left,4213,243,307,32,nan,nan,0.25
11/1/2025 21:16:05,1.17.2,PRexp,10,3.83,nan,131,Left,Left,4214,243,307,32,nan,nan,0.13
11/1/2025 21:17:00,1.17.2,PRexp,10,3.83,nan,131,Left,Left,4215,243,307,32,nan,nan,0.02
11/1/2025 21:17:44,1.17.2,PRexp,10,3.83,nan,131,Left,Left,4216,243,307,32,nan,nan,0.28
11/1/2025 21:17:46,1.17.2,PRexp,10,3.83,nan,131,Left,Left,4217,243,307,32,nan,nan,0.11
11/1/2025 21:18:05,1.17.2,PRexp,10,3.83,nan,131,Left,Left,4218,243,307,32,nan,nan,0.03
11/1/2025 21:18:06,1.17.2,PRexp,10,3.83,nan,131,Left,Left,4219,243,307,32,nan,nan,0.10
11/1/2025 21:18:08,1.17.2,PRexp,10,3.83,nan,131,Left,Left,4220,243,307,32,nan,nan,0.69
11/1/2025 21:19:24,1.17.2,PRexp,10,3.83,nan,131,Left,Left,4221,243,307,32,nan,nan,0.06
11/1/2025 21:19:35,1.17.2,PRexp,10,3.83,nan,131,Left,Left,4222,243,307,32,nan,nan,0.32
11/1/2025 21:21:50,1.17.2,PRexp,10,3.83,nan,131,Left,Left,4223,243,307,32,nan,nan,0.06
11/1/2025 21:21:52,1.17.2,PRexp,10,3.83,nan,131,Left,Left,4224,243,307,32,nan,nan,0.01
11/1/2025 21:21:53,1.17.2,PRexp,10,3.83,nan,131,Left,Left,4225,243,307,32,nan,nan,0.37
11/1/2025 21:22:02,1.17.2,PRexp,10,3.83,nan,131,Left,Left,4226,243,307,32,nan,nan,0.02
11/1/2025 21:22:03,1.17.2,PRexp,10,3.83,nan,131,Left,Left,4227,243,307,32,nan,nan,0.05
11/1/2025 21:22:05,1.17.2,PRexp,10,3.83,nan,131,Left,Left,4228,243,307,32,nan,nan,0.02
11/1/2025 21:22:06,1.17.2,PRexp,10,3.83,nan,131,Left,Left,4229,243,307,32,nan,nan,0.06
11/1/2025 21:22:07,1.17.2,PRexp,10,3.83,nan,131,Left,Left,4230,243,307,32,nan,nan,0.03
11/1/2025 21:22:26,1.17.2,PRexp,10,3.83,nan,131,Left,Left,4231,243,307,32,nan,nan,0.13
11/1/2025 21:22:44,1.17.2,PRexp,10,3.83,nan,131,Left,Left,4232,243,307,32,nan,nan,0.23
11/1/2025 21:22:45,1.17.2,PRexp,10,3.83,nan,131,Left,Left,4233,243,307,32,nan,nan,0.12
11/1/2025 21:22:47,1.17.2,PRexp,10,3.83,nan,131,Left,Left,4234,243,307,32,nan,nan,0.18
11/1/2025 21:23:27,1.17.2,PRexp,10,3.83,nan,131,Left,Left,4235,243,307,32,nan,nan,0.13
11/1/2025 21:23:28,1.17.2,PRexp,10,3.83,nan,131,Left,Left,4236,243,307,32,nan,nan,0.00
11/1/2025 21:23:30,1.17.2,PRexp,10,3.83,nan,131,Left,Left,4237,243,307,32,nan,nan,0.05
11/1/2025 21:23:31,1.17.2,PRexp,10,3.83,nan,131,Left,Left,4238,243,307,32,nan,nan,0.03
11/1/2025 21:23:34,1.17.2,PRexp,10,3.83,nan,131,Left,Left,4239,243,307,32,nan,nan,0.08
11/1/2025 21:23:36,1.17.2,PRexp,10,3.83,nan,131,Left,Left,4240,243,307,32,nan,nan,0.10
11/1/2025 21:23:39,1.17.2,PRexp,10,3.83,nan,131,Left,Left,4241,243,307,32,nan,nan,0.22
11/1/2025 21:26:22,1.17.2,PRexp,10,3.83,nan,131,Right,Left,4241,244,307,32,nan,nan,0.25
11/1/2025 21:26:27,1.17.2,PRexp,10,3.83,nan,131,Left,Left,4242,244,307,32,nan,nan,0.02
11/1/2025 21:26:28,1.17.2,PRexp,10,3.83,nan,131,Left,Left,4243,244,307,32,nan,nan,0.07
11/1/2025 21:26:30,1.17.2,PRexp,10,3.83,nan,131,Left,Left,4244,244,307,32,nan,nan,0.07
11/1/2025 21:26:32,1.17.2,PRexp,10,3.83,nan,131,Left,Left,4245,244,307,32,nan,nan,0.11
11/1/2025 21:26:34,1.17.2,PRexp,10,3.83,nan,131,Left,Left,4246,244,307,32,nan,nan,0.10
11/1/2025 21:26:35,1.17.2,PRexp,10,3.83,nan,131,Left,Left,4247,244,307,32,nan,nan,0.10
11/1/2025 21:27:41,1.17.2,PRexp,10,3.83,nan,131,Left,Left,4248,244,307,32,nan,nan,0.01
11/1/2025 21:27:43,1.17.2,PRexp,10,3.83,nan,131,Left,Left,4249,244,307,32,nan,nan,0.11
11/1/2025 21:27:47,1.17.2,PRexp,10,3.83,nan,131,Left,Left,4250,244,307,32,nan,nan,0.21
11/1/2025 21:27:48,1.17.2,PRexp,10,3.83,nan,131,Left,Left,4251,244,307,32,nan,nan,0.00
11/1/2025 21:27:50,1.17.2,PRexp,10,3.83,nan,131,Left,Left,4252,244,307,32,nan,nan,0.15
11/1/2025 21:27:52,1.17.2,PRexp,10,3.83,nan,131,Left,Left,4253,244,307,32,nan,nan,0.54
11/1/2025 21:27:55,1.17.2,PRexp,10,3.83,nan,131,Left,Left,4254,244,307,32,nan,nan,0.07
11/1/2025 21:27:55,1.17.2,PRexp,10,3.83,nan,131,Left,Left,4255,244,307,32,nan,nan,0.00
11/1/2025 21:27:58,1.17.2,PRexp,10,3.83,nan,131,Left,Left,4256,244,307,32,nan,nan,0.64
11/1/2025 21:28:00,1.17.2,PRexp,10,3.83,nan,131,Left,Left,4257,244,307,32,nan,nan,0.01
11/1/2025 21:28:01,1.17.2,PRexp,10,3.83,nan,131,Left,Left,4258,244,307,32,nan,nan,0.03
11/1/2025 21:28:15,1.17.2,PRexp,10,3.83,nan,131,Left,Left,4259,244,307,32,nan,nan,0.06
11/1/2025 21:28:17,1.17.2,PRexp,10,3.83,nan,131,Left,Left,4260,244,307,32,nan,nan,0.05
11/1/2025 21:28:53,1.17.2,PRexp,10,3.83,nan,131,Left,Left,4261,244,307,32,nan,nan,0.00
11/1/2025 21:29:01,1.17.2,PRexp,10,3.83,nan,131,Left,Left,4262,244,307,32,nan,nan,0.02
11/1/2025 21:29:02,1.17.2,PRexp,10,3.83,nan,131,Left,Left,4263,244,307,32,nan,nan,0.13
11/1/2025 21:29:09,1.17.2,PRexp,10,3.83,nan,131,Left,Left,4264,244,307,32,nan,nan,0.12
11/1/2025 21:32:21,1.17.2,PRexp,10,3.83,nan,131,Left,Left,4265,244,307,32,nan,nan,0.10
11/1/2025 21:32:23,1.17.2,PRexp,10,3.83,nan,131,Left,Left,4266,244,307,32,nan,nan,0.03
11/1/2025 21:32:25,1.17.2,PRexp,10,3.83,nan,131,Left,Left,4267,244,307,32,nan,nan,0.20
11/1/2025 21:32:27,1.17.2,PRexp,10,3.83,nan,131,Left,Left,4268,244,307,32,nan,nan,0.01
11/1/2025 21:32:30,1.17.2,PRexp,10,3.83,nan,131,Left,Left,4269,244,307,32,nan,nan,0.16
11/1/2025 21:33:14,1.17.2,PRexp,10,3.83,nan,131,Left,Left,4270,244,307,32,nan,nan,0.06
11/1/2025 21:33:15,1.17.2,PRexp,10,3.83,nan,131,Left,Left,4271,244,307,32,nan,nan,0.15
11/1/2025 21:33:16,1.17.2,PRexp,10,3.83,nan,131,Left,Left,4272,244,307,32,nan,nan,0.29
11/1/2025 21:33:18,1.17.2,PRexp,10,3.83,nan,131,Left,Left,4273,244,307,32,nan,nan,0.11
11/1/2025 21:33:20,1.17.2,PRexp,10,3.83,nan,131,Left,Left,4274,244,307,32,nan,nan,0.08
11/1/2025 21:33:42,1.17.2,PRexp,10,3.83,nan,131,Left,Left,4275,244,307,32,nan,nan,0.09
11/1/2025 21:33:47,1.17.2,PRexp,10,3.83,nan,131,Left,Left,4276,244,307,32,nan,nan,0.02
11/1/2025 21:33:48,1.17.2,PRexp,10,3.83,nan,131,Left,Left,4277,244,307,32,nan,nan,0.24
11/1/2025 21:33:50,1.17.2,PRexp,10,3.83,nan,131,Left,Left,4278,244,307,32,nan,nan,0.08
11/1/2025 21:33:52,1.17.2,PRexp,10,3.83,nan,131,Left,Left,4279,244,307,32,nan,nan,0.11
11/1/2025 21:33:53,1.17.2,PRexp,10,3.83,nan,131,Left,Left,4280,244,307,32,nan,nan,0.05
11/1/2025 21:33:55,1.17.2,PRexp,10,3.83,nan,131,Left,Left,4281,244,307,32,nan,nan,0.04
11/1/2025 21:34:31,1.17.2,PRexp,10,3.83,nan,131,Left,Left,4282,244,307,32,nan,nan,0.04
11/1/2025 21:34:31,1.17.2,PRexp,10,3.83,nan,131,Left,Left,4283,244,307,32,nan,nan,0.02
11/1/2025 21:34:32,1.17.2,PRexp,10,3.83,nan,131,Left,Left,4284,244,307,32,nan,nan,0.00
11/1/2025 21:34:34,1.17.2,PRexp,10,3.83,nan,131,Left,Left,4285,244,307,32,nan,nan,0.06
11/1/2025 21:34:36,1.17.2,PRexp,10,3.83,nan,131,Left,Left,4286,244,307,32,nan,nan,0.01
11/1/2025 21:34:36,1.17.2,PRexp,10,3.83,nan,131,Left,Left,4287,244,307,32,nan,nan,0.00
11/1/2025 21:34:39,1.17.2,PRexp,10,3.83,nan,131,Left,Left,4288,244,307,32,nan,nan,0.07
11/1/2025 21:34:40,1.17.2,PRexp,10,3.83,nan,131,Left,Left,4289,244,307,32,nan,nan,0.01
11/1/2025 21:34:44,1.17.2,PRexp,10,3.83,nan,131,Left,Left,4290,244,307,32,nan,nan,0.07
11/1/2025 21:34:49,1.17.2,PRexp,10,3.83,nan,131,Left,Left,4291,244,307,32,nan,nan,0.11
11/1/2025 21:34:50,1.17.2,PRexp,10,3.83,nan,131,Left,Left,4292,244,307,32,nan,nan,0.15
11/1/2025 21:34:53,1.17.2,PRexp,10,3.83,nan,131,Left,Left,4293,244,307,32,nan,nan,0.10
11/1/2025 21:35:05,1.17.2,PRexp,10,3.83,nan,131,Left,Left,4294,244,307,32,nan,nan,0.05
11/1/2025 21:35:08,1.17.2,PRexp,10,3.83,nan,131,Right,Left,4294,245,307,32,nan,nan,0.14
11/1/2025 21:35:32,1.17.2,PRexp,10,3.83,nan,131,Right,Left,4294,246,307,32,nan,nan,0.09
11/1/2025 21:37:17,1.17.2,PRexp,10,3.83,nan,131,Left,Left,4295,246,307,32,nan,nan,0.04
11/1/2025 21:37:21,1.17.2,PRexp,10,3.83,nan,131,Left,Left,4296,246,307,32,nan,nan,0.06
11/1/2025 21:37:23,1.17.2,PRexp,10,3.83,nan,131,Left,Left,4297,246,307,32,nan,nan,0.02
11/1/2025 21:37:24,1.17.2,PRexp,10,3.83,nan,131,Left,Left,4298,246,307,32,nan,nan,0.03
11/1/2025 21:37:25,1.17.2,PRexp,10,3.83,nan,131,Left,Left,4299,246,307,32,nan,nan,0.01
11/1/2025 21:37:31,1.17.2,PRexp,10,3.83,nan,131,Left,Left,4300,246,307,32,nan,nan,0.00
11/1/2025 21:38:23,1.17.2,PRexp,10,3.83,nan,131,Left,Left,4301,246,307,32,nan,nan,0.02
11/1/2025 21:38:58,1.17.2,PRexp,10,3.83,nan,131,Right,Left,4301,247,307,32,nan,nan,0.05
11/1/2025 21:40:33,1.17.2,PRexp,10,3.83,nan,131,Left,Left,4302,247,307,32,nan,nan,0.10
11/1/2025 21:40:35,1.17.2,PRexp,10,3.83,nan,131,Left,Left,4303,247,307,32,nan,nan,0.18
11/1/2025 21:41:05,1.17.2,PRexp,10,3.83,nan,131,Left,Left,4304,247,307,32,nan,nan,0.13
11/1/2025 21:41:08,1.17.2,PRexp,10,3.83,nan,131,Left,Left,4305,247,307,32,nan,nan,0.12
11/1/2025 21:41:09,1.17.2,PRexp,10,3.83,nan,131,Left,Left,4306,247,307,32,nan,nan,0.24
11/1/2025 21:41:11,1.17.2,PRexp,10,3.83,nan,131,Left,Left,4307,247,307,32,nan,nan,0.25
11/1/2025 21:41:14,1.17.2,PRexp,10,3.83,nan,131,Left,Left,4308,247,307,32,nan,nan,0.45
11/1/2025 21:41:18,1.17.2,PRexp,10,3.83,nan,131,Left,Left,4309,247,307,32,nan,nan,0.11
11/1/2025 21:41:55,1.17.2,PRexp,10,3.83,nan,131,Right,Left,4309,248,307,32,nan,nan,0.11
11/1/2025 21:42:01,1.17.2,PRexp,10,3.83,nan,131,Left,Left,4310,248,307,32,nan,nan,0.20
11/1/2025 21:42:02,1.17.2,PRexp,10,3.83,nan,131,Left,Left,4311,248,307,32,nan,nan,0.08
11/1/2025 21:42:04,1.17.2,PRexp,10,3.83,nan,131,Left,Left,4312,248,307,32,nan,nan,0.08
11/1/2025 21:42:08,1.17.2,PRexp,10,3.82,nan,131,Left,Left,4313,248,307,32,nan,nan,0.11
11/1/2025 21:42:09,1.17.2,PRexp,10,3.83,nan,131,Left,Left,4314,248,307,32,nan,nan,0.25
11/1/2025 21:42:17,1.17.2,PRexp,10,3.83,nan,131,Left,Left,4315,248,307,32,nan,nan,0.08
11/1/2025 21:43:06,1.17.2,PRexp,10,3.83,nan,131,Left,Left,4316,248,307,32,nan,nan,0.02
11/1/2025 21:43:08,1.17.2,PRexp,10,3.83,nan,131,Left,Left,4317,248,307,32,nan,nan,0.05
11/1/2025 21:43:10,1.17.2,PRexp,10,3.83,nan,131,Left,Left,4318,248,307,32,nan,nan,0.05
11/1/2025 21:43:10,1.17.2,PRexp,10,3.83,nan,131,LeftDuringDispense,Left,4319,248,307,33,nan,nan,0.04
11/1/2025 21:43:29,1.17.2,PRexp,10,3.83,9,131,Pellet,Left,4319,248,308,33,3.23,2078,nan
11/1/2025 21:44:47,1.17.2,PRexp,10,3.83,nan,145,Left,Left,4320,248,308,33,nan,nan,0.31
11/1/2025 21:44:50,1.17.2,PRexp,10,3.83,nan,145,Left,Left,4321,248,308,33,nan,nan,0.48
11/1/2025 21:44:52,1.17.2,PRexp,10,3.83,nan,145,Left,Left,4322,248,308,33,nan,nan,0.17
11/1/2025 21:44:53,1.17.2,PRexp,10,3.83,nan,145,Left,Left,4323,248,308,33,nan,nan,0.54
11/1/2025 21:44:55,1.17.2,PRexp,10,3.83,nan,145,Left,Left,4324,248,308,33,nan,nan,0.01
11/1/2025 21:45:06,1.17.2,PRexp,10,3.83,nan,145,Left,Left,4325,248,308,33,nan,nan,0.13
11/1/2025 21:45:12,1.17.2,PRexp,10,3.83,nan,145,Left,Left,4326,248,308,33,nan,nan,0.21
11/1/2025 21:45:16,1.17.2,PRexp,10,3.83,nan,145,Left,Left,4327,248,308,33,nan,nan,0.77
11/1/2025 21:45:18,1.17.2,PRexp,10,3.83,nan,145,Left,Left,4328,248,308,33,nan,nan,0.09
11/1/2025 21:45:19,1.17.2,PRexp,10,3.83,nan,145,Left,Left,4329,248,308,33,nan,nan,0.02
11/1/2025 21:45:21,1.17.2,PRexp,10,3.83,nan,145,Left,Left,4330,248,308,33,nan,nan,0.20
11/1/2025 21:45:23,1.17.2,PRexp,10,3.83,nan,145,Left,Left,4331,248,308,33,nan,nan,1.11
11/1/2025 21:45:25,1.17.2,PRexp,10,3.83,nan,145,Left,Left,4332,248,308,33,nan,nan,0.45
11/1/2025 21:47:31,1.17.2,PRexp,10,3.83,nan,145,Left,Left,4333,248,308,33,nan,nan,0.10
11/1/2025 21:48:19,1.17.2,PRexp,10,3.83,nan,145,Left,Left,4334,248,308,33,nan,nan,0.10
11/1/2025 21:48:22,1.17.2,PRexp,10,3.83,nan,145,Left,Left,4335,248,308,33,nan,nan,0.13
11/1/2025 21:48:27,1.17.2,PRexp,10,3.83,nan,145,Left,Left,4336,248,308,33,nan,nan,0.01
11/1/2025 21:49:33,1.17.2,PRexp,10,3.83,nan,145,Left,Left,4337,248,308,33,nan,nan,0.01
11/1/2025 21:49:34,1.17.2,PRexp,10,3.82,nan,145,Left,Left,4338,248,308,33,nan,nan,0.32
11/1/2025 21:49:36,1.17.2,PRexp,10,3.83,nan,145,Left,Left,4339,248,308,33,nan,nan,0.10
11/1/2025 21:49:37,1.17.2,PRexp,10,3.83,nan,145,Left,Left,4340,248,308,33,nan,nan,0.01
11/1/2025 21:49:40,1.17.2,PRexp,10,3.83,nan,145,Left,Left,4341,248,308,33,nan,nan,0.33
11/1/2025 21:49:42,1.17.2,PRexp,10,3.83,nan,145,Left,Left,4342,248,308,33,nan,nan,0.02
11/1/2025 21:49:43,1.17.2,PRexp,10,3.83,nan,145,Left,Left,4343,248,308,33,nan,nan,0.01
11/1/2025 21:49:46,1.17.2,PRexp,10,3.83,nan,145,Left,Left,4344,248,308,33,nan,nan,0.38
11/1/2025 21:49:47,1.17.2,PRexp,10,3.83,nan,145,Left,Left,4345,248,308,33,nan,nan,0.00
11/1/2025 21:50:17,1.17.2,PRexp,10,3.83,nan,145,Left,Left,4346,248,308,33,nan,nan,0.02
11/1/2025 21:51:27,1.17.2,PRexp,10,3.83,nan,145,Left,Left,4347,248,308,33,nan,nan,0.06
11/1/2025 21:51:30,1.17.2,PRexp,10,3.83,nan,145,Left,Left,4348,248,308,33,nan,nan,0.03
11/1/2025 21:51:31,1.17.2,PRexp,10,3.83,nan,145,Left,Left,4349,248,308,33,nan,nan,0.03
11/1/2025 21:51:31,1.17.2,PRexp,10,3.83,nan,145,Left,Left,4350,248,308,33,nan,nan,0.10
11/1/2025 21:51:33,1.17.2,PRexp,10,3.83,nan,145,Left,Left,4351,248,308,33,nan,nan,0.18
11/1/2025 21:51:35,1.17.2,PRexp,10,3.83,nan,145,Left,Left,4352,248,308,33,nan,nan,0.01
11/1/2025 21:51:36,1.17.2,PRexp,10,3.83,nan,145,Left,Left,4353,248,308,33,nan,nan,0.03
11/1/2025 21:51:37,1.17.2,PRexp,10,3.83,nan,145,Left,Left,4354,248,308,33,nan,nan,0.09
11/1/2025 21:51:57,1.17.2,PRexp,10,3.83,nan,145,Left,Left,4355,248,308,33,nan,nan,0.03
11/1/2025 21:52:04,1.17.2,PRexp,10,3.83,nan,145,Left,Left,4356,248,308,33,nan,nan,0.02
11/1/2025 21:52:08,1.17.2,PRexp,10,3.83,nan,145,Left,Left,4357,248,308,33,nan,nan,0.60
11/1/2025 21:52:10,1.17.2,PRexp,10,3.83,nan,145,Left,Left,4358,248,308,33,nan,nan,0.11
11/1/2025 21:52:37,1.17.2,PRexp,10,3.83,nan,145,Left,Left,4359,248,308,33,nan,nan,0.12
11/1/2025 21:53:36,1.17.2,PRexp,10,3.83,nan,145,Right,Left,4359,249,308,33,nan,nan,0.07
11/1/2025 21:54:35,1.17.2,PRexp,10,3.83,nan,145,Left,Left,4360,249,308,33,nan,nan,0.04
11/1/2025 21:54:37,1.17.2,PRexp,10,3.83,nan,145,Left,Left,4361,249,308,33,nan,nan,0.04
11/1/2025 21:54:40,1.17.2,PRexp,10,3.83,nan,145,Left,Left,4362,249,308,33,nan,nan,0.16
11/1/2025 21:54:44,1.17.2,PRexp,10,3.83,nan,145,Left,Left,4363,249,308,33,nan,nan,0.22
11/1/2025 21:54:52,1.17.2,PRexp,10,3.83,nan,145,Left,Left,4364,249,308,33,nan,nan,0.04
11/1/2025 21:54:57,1.17.2,PRexp,10,3.83,nan,145,Left,Left,4365,249,308,33,nan,nan,0.05
11/1/2025 22:00:02,1.17.2,PRexp,10,3.83,nan,145,Left,Left,4366,249,308,33,nan,nan,0.00
11/1/2025 22:00:06,1.17.2,PRexp,10,3.83,nan,145,Left,Left,4367,249,308,33,nan,nan,1.30
11/1/2025 22:00:09,1.17.2,PRexp,10,3.83,nan,145,Left,Left,4368,249,308,33,nan,nan,0.10
11/1/2025 22:00:34,1.17.2,PRexp,10,3.83,nan,145,Left,Left,4369,249,308,33,nan,nan,0.02
11/1/2025 22:00:35,1.17.2,PRexp,10,3.83,nan,145,Left,Left,4370,249,308,33,nan,nan,0.70
11/1/2025 22:02:04,1.17.2,PRexp,10,3.83,nan,145,Left,Left,4371,249,308,33,nan,nan,0.09
11/1/2025 22:02:10,1.17.2,PRexp,10,3.83,nan,145,Left,Left,4372,249,308,33,nan,nan,0.00
11/1/2025 22:02:21,1.17.2,PRexp,10,3.83,nan,145,Left,Left,4373,249,308,33,nan,nan,0.23
11/1/2025 22:02:32,1.17.2,PRexp,10,3.83,nan,145,Left,Left,4374,249,308,33,nan,nan,0.12
11/1/2025 22:02:34,1.17.2,PRexp,10,3.83,nan,145,Left,Left,4375,249,308,33,nan,nan,0.01
11/1/2025 22:02:36,1.17.2,PRexp,10,3.83,nan,145,Left,Left,4376,249,308,33,nan,nan,0.01
11/1/2025 22:02:37,1.17.2,PRexp,10,3.83,nan,145,Left,Left,4377,249,308,33,nan,nan,0.01
11/1/2025 22:02:38,1.17.2,PRexp,10,3.83,nan,145,Left,Left,4378,249,308,33,nan,nan,0.27
11/1/2025 22:03:15,1.17.2,PRexp,10,3.83,nan,145,Left,Left,4379,249,308,33,nan,nan,0.05
11/1/2025 22:03:17,1.17.2,PRexp,10,3.83,nan,145,Left,Left,4380,249,308,33,nan,nan,0.07
11/1/2025 22:04:03,1.17.2,PRexp,10,3.83,nan,145,Left,Left,4381,249,308,33,nan,nan,0.15
11/1/2025 22:04:06,1.17.2,PRexp,10,3.83,nan,145,Left,Left,4382,249,308,33,nan,nan,0.14
11/1/2025 22:04:08,1.17.2,PRexp,10,3.83,nan,145,Left,Left,4383,249,308,33,nan,nan,0.23
11/1/2025 22:04:10,1.17.2,PRexp,10,3.83,nan,145,Left,Left,4384,249,308,33,nan,nan,0.18
11/1/2025 22:04:11,1.17.2,PRexp,10,3.83,nan,145,Left,Left,4385,249,308,33,nan,nan,0.00
11/1/2025 22:04:13,1.17.2,PRexp,10,3.83,nan,145,Left,Left,4386,249,308,33,nan,nan,0.03
11/1/2025 22:04:19,1.17.2,PRexp,10,3.83,nan,145,Left,Left,4387,249,308,33,nan,nan,0.11
11/1/2025 22:10:55,1.17.2,PRexp,10,3.83,nan,145,Left,Left,4388,249,308,33,nan,nan,0.11
11/1/2025 22:10:57,1.17.2,PRexp,10,3.83,nan,145,Left,Left,4389,249,308,33,nan,nan,0.03
11/1/2025 22:10:59,1.17.2,PRexp,10,3.83,nan,145,Left,Left,4390,249,308,33,nan,nan,0.31
11/1/2025 22:11:01,1.17.2,PRexp,10,3.83,nan,145,Left,Left,4391,249,308,33,nan,nan,0.16
11/1/2025 22:11:24,1.17.2,PRexp,10,3.83,nan,145,Left,Left,4392,249,308,33,nan,nan,0.06
11/1/2025 22:11:41,1.17.2,PRexp,10,3.83,nan,145,Left,Left,4393,249,308,33,nan,nan,0.16
11/1/2025 22:11:43,1.17.2,PRexp,10,3.83,nan,145,Left,Left,4394,249,308,33,nan,nan,0.13
11/1/2025 22:15:23,1.17.2,PRexp,10,3.83,nan,145,Left,Left,4395,249,308,33,nan,nan,0.94
11/1/2025 22:15:24,1.17.2,PRexp,10,3.83,nan,145,Left,Left,4396,249,308,33,nan,nan,0.25
11/1/2025 22:15:27,1.17.2,PRexp,10,3.83,nan,145,Left,Left,4397,249,308,33,nan,nan,0.11
11/1/2025 22:15:28,1.17.2,PRexp,10,3.83,nan,145,Left,Left,4398,249,308,33,nan,nan,0.34
11/1/2025 22:19:49,1.17.2,PRexp,10,3.83,nan,145,Left,Left,4399,249,308,33,nan,nan,0.02
11/1/2025 22:19:51,1.17.2,PRexp,10,3.83,nan,145,Left,Left,4400,249,308,33,nan,nan,0.11
11/1/2025 22:19:53,1.17.2,PRexp,10,3.83,nan,145,Left,Left,4401,249,308,33,nan,nan,0.11
11/1/2025 22:19:54,1.17.2,PRexp,10,3.83,nan,145,Left,Left,4402,249,308,33,nan,nan,0.33
11/1/2025 22:19:57,1.17.2,PRexp,10,3.83,nan,145,Left,Left,4403,249,308,33,nan,nan,0.14
11/1/2025 22:21:13,1.17.2,PRexp,10,3.83,nan,145,Left,Left,4404,249,308,33,nan,nan,0.12
11/1/2025 22:21:16,1.17.2,PRexp,10,3.83,nan,145,Left,Left,4405,249,308,33,nan,nan,0.01
11/1/2025 22:21:18,1.17.2,PRexp,10,3.83,nan,145,Left,Left,4406,249,308,33,nan,nan,0.16
11/1/2025 22:21:20,1.17.2,PRexp,10,3.83,nan,145,Left,Left,4407,249,308,33,nan,nan,0.37
11/1/2025 22:21:21,1.17.2,PRexp,10,3.83,nan,145,Left,Left,4408,249,308,33,nan,nan,0.00
11/1/2025 22:21:24,1.17.2,PRexp,10,3.83,nan,145,Left,Left,4409,249,308,33,nan,nan,0.02
11/1/2025 22:21:33,1.17.2,PRexp,10,3.83,nan,145,Left,Left,4410,249,308,33,nan,nan,0.03
11/1/2025 22:21:35,1.17.2,PRexp,10,3.83,nan,145,Left,Left,4411,249,308,33,nan,nan,0.06
11/1/2025 22:21:37,1.17.2,PRexp,10,3.83,nan,145,Left,Left,4412,249,308,33,nan,nan,0.16
11/1/2025 22:22:03,1.17.2,PRexp,10,3.83,nan,145,Right,Left,4412,250,308,33,nan,nan,0.14
11/1/2025 22:23:39,1.17.2,PRexp,10,3.83,nan,145,Left,Left,4413,250,308,33,nan,nan,0.20
11/1/2025 22:23:41,1.17.2,PRexp,10,3.83,nan,145,Left,Left,4414,250,308,33,nan,nan,0.05
11/1/2025 22:23:44,1.17.2,PRexp,10,3.83,nan,145,Left,Left,4415,250,308,33,nan,nan,0.17
11/1/2025 22:24:08,1.17.2,PRexp,10,3.83,nan,145,Left,Left,4416,250,308,33,nan,nan,0.15
11/1/2025 22:24:21,1.17.2,PRexp,10,3.83,nan,145,Left,Left,4417,250,308,33,nan,nan,0.10
11/1/2025 22:24:23,1.17.2,PRexp,10,3.83,nan,145,Left,Left,4418,250,308,33,nan,nan,0.21
11/1/2025 22:26:43,1.17.2,PRexp,10,3.83,nan,145,Left,Left,4419,250,308,33,nan,nan,0.07
11/1/2025 22:26:46,1.17.2,PRexp,10,3.83,nan,145,Left,Left,4420,250,308,33,nan,nan,0.09
11/1/2025 22:26:48,1.17.2,PRexp,10,3.82,nan,145,Left,Left,4421,250,308,33,nan,nan,0.11
11/1/2025 22:26:58,1.17.2,PRexp,10,3.83,nan,145,Left,Left,4422,250,308,33,nan,nan,0.02
11/1/2025 22:27:00,1.17.2,PRexp,10,3.83,nan,145,Left,Left,4423,250,308,33,nan,nan,0.02
11/1/2025 22:27:14,1.17.2,PRexp,10,3.83,nan,145,Left,Left,4424,250,308,33,nan,nan,0.05
11/1/2025 22:27:15,1.17.2,PRexp,10,3.83,nan,145,Left,Left,4425,250,308,33,nan,nan,0.00
11/1/2025 22:27:16,1.17.2,PRexp,10,3.83,nan,145,Left,Left,4426,250,308,33,nan,nan,0.16
11/1/2025 22:27:25,1.17.2,PRexp,10,3.83,nan,145,Left,Left,4427,250,308,33,nan,nan,0.04
11/1/2025 22:27:27,1.17.2,PRexp,10,3.82,nan,145,Left,Left,4428,250,308,33,nan,nan,0.23
11/1/2025 22:27:28,1.17.2,PRexp,10,3.83,nan,145,Left,Left,4429,250,308,33,nan,nan,0.10
11/1/2025 22:27:30,1.17.2,PRexp,10,3.83,nan,145,Left,Left,4430,250,308,33,nan,nan,0.02
11/1/2025 22:27:38,1.17.2,PRexp,10,3.83,nan,145,Right,Left,4430,251,308,33,nan,nan,0.16
11/1/2025 22:27:42,1.17.2,PRexp,10,3.83,nan,145,Left,Left,4431,251,308,33,nan,nan,0.08
11/1/2025 22:27:44,1.17.2,PRexp,10,3.83,nan,145,Left,Left,4432,251,308,33,nan,nan,0.12
11/1/2025 22:28:49,1.17.2,PRexp,10,3.83,nan,145,Left,Left,4433,251,308,33,nan,nan,0.03
11/1/2025 22:28:53,1.17.2,PRexp,10,3.83,nan,145,Left,Left,4434,251,308,33,nan,nan,0.33
11/1/2025 22:29:07,1.17.2,PRexp,10,3.83,nan,145,Left,Left,4435,251,308,33,nan,nan,0.09
11/1/2025 22:29:17,1.17.2,PRexp,10,3.83,nan,145,Left,Left,4436,251,308,33,nan,nan,0.03
11/1/2025 22:29:19,1.17.2,PRexp,10,3.83,nan,145,Left,Left,4437,251,308,33,nan,nan,0.25
11/1/2025 22:32:23,1.17.2,PRexp,10,3.83,nan,145,Right,Left,4437,252,308,33,nan,nan,0.02
11/1/2025 22:33:48,1.17.2,PRexp,10,3.83,nan,145,Left,Left,4438,252,308,33,nan,nan,0.17
11/1/2025 22:33:49,1.17.2,PRexp,10,3.83,nan,145,Left,Left,4439,252,308,33,nan,nan,0.19
11/1/2025 22:33:51,1.17.2,PRexp,10,3.83,nan,145,Left,Left,4440,252,308,33,nan,nan,0.09
11/1/2025 22:33:53,1.17.2,PRexp,10,3.83,nan,145,Left,Left,4441,252,308,33,nan,nan,0.07
11/1/2025 22:33:53,1.17.2,PRexp,10,3.83,nan,145,Left,Left,4442,252,308,33,nan,nan,0.00
11/1/2025 22:33:54,1.17.2,PRexp,10,3.83,nan,145,Left,Left,4443,252,308,33,nan,nan,0.01
11/1/2025 22:33:56,1.17.2,PRexp,10,3.83,nan,145,Left,Left,4444,252,308,33,nan,nan,0.09
11/1/2025 22:33:58,1.17.2,PRexp,10,3.83,nan,145,Left,Left,4445,252,308,33,nan,nan,0.10
11/1/2025 22:33:59,1.17.2,PRexp,10,3.83,nan,145,Left,Left,4446,252,308,33,nan,nan,0.09
11/1/2025 22:34:01,1.17.2,PRexp,10,3.83,nan,145,Left,Left,4447,252,308,33,nan,nan,0.08
11/1/2025 22:34:10,1.17.2,PRexp,10,3.83,nan,145,Left,Left,4448,252,308,33,nan,nan,0.04
11/1/2025 22:34:13,1.17.2,PRexp,10,3.83,nan,145,Left,Left,4449,252,308,33,nan,nan,0.08
11/1/2025 22:34:14,1.17.2,PRexp,10,3.83,nan,145,Left,Left,4450,252,308,33,nan,nan,0.08
11/1/2025 22:34:16,1.17.2,PRexp,10,3.83,nan,145,Left,Left,4451,252,308,33,nan,nan,0.10
11/1/2025 22:34:19,1.17.2,PRexp,10,3.83,nan,145,Left,Left,4452,252,308,33,nan,nan,0.50
11/1/2025 22:37:42,1.17.2,PRexp,10,3.83,nan,145,Left,Left,4453,252,308,33,nan,nan,0.16
11/1/2025 22:38:20,1.17.2,PRexp,10,3.83,nan,145,Left,Left,4454,252,308,33,nan,nan,0.09
11/1/2025 22:38:21,1.17.2,PRexp,10,3.83,nan,145,Left,Left,4455,252,308,33,nan,nan,0.14
11/1/2025 22:38:46,1.17.2,PRexp,10,3.83,nan,145,Right,Left,4455,253,308,33,nan,nan,0.10
11/1/2025 22:38:48,1.17.2,PRexp,10,3.83,nan,145,Left,Left,4456,253,308,33,nan,nan,0.14
11/1/2025 22:38:49,1.17.2,PRexp,10,3.83,nan,145,Left,Left,4457,253,308,33,nan,nan,0.18
11/1/2025 22:38:51,1.17.2,PRexp,10,3.83,nan,145,Left,Left,4458,253,308,33,nan,nan,0.37
11/1/2025 22:38:53,1.17.2,PRexp,10,3.83,nan,145,Left,Left,4459,253,308,33,nan,nan,0.08
11/1/2025 22:38:54,1.17.2,PRexp,10,3.83,nan,145,Left,Left,4460,253,308,33,nan,nan,0.41
11/1/2025 22:38:59,1.17.2,PRexp,10,3.83,nan,145,Left,Left,4461,253,308,33,nan,nan,0.03
11/1/2025 22:39:00,1.17.2,PRexp,10,3.83,nan,145,Left,Left,4462,253,308,33,nan,nan,0.16
11/1/2025 22:39:09,1.17.2,PRexp,10,3.83,nan,145,Left,Left,4463,253,308,33,nan,nan,0.09
11/1/2025 22:39:10,1.17.2,PRexp,10,3.83,nan,145,Left,Left,4464,253,308,33,nan,nan,0.16
11/1/2025 22:39:18,1.17.2,PRexp,10,3.83,5,145,Pellet,Left,4464,253,309,34,0.33,3349,nan
11/1/2025 22:43:19,1.17.2,PRexp,10,3.83,nan,161,Left,Left,4465,253,309,34,nan,nan,0.27
11/1/2025 22:43:28,1.17.2,PRexp,10,3.83,nan,161,Left,Left,4466,253,309,34,nan,nan,0.05
11/1/2025 22:45:04,1.17.2,PRexp,10,3.83,nan,161,Left,Left,4467,253,309,34,nan,nan,0.55
11/1/2025 22:45:07,1.17.2,PRexp,10,3.83,nan,161,Left,Left,4468,253,309,34,nan,nan,0.10
11/1/2025 22:45:28,1.17.2,PRexp,10,3.83,nan,161,Left,Left,4469,253,309,34,nan,nan,0.15
11/1/2025 22:45:30,1.17.2,PRexp,10,3.83,nan,161,Left,Left,4470,253,309,34,nan,nan,0.20
11/1/2025 22:45:32,1.17.2,PRexp,10,3.82,nan,161,Left,Left,4471,253,309,34,nan,nan,0.19
11/1/2025 22:45:59,1.17.2,PRexp,10,3.83,nan,161,Left,Left,4472,253,309,34,nan,nan,0.02
11/1/2025 22:46:01,1.17.2,PRexp,10,3.83,nan,161,Left,Left,4473,253,309,34,nan,nan,0.04
11/1/2025 22:46:02,1.17.2,PRexp,10,3.83,nan,161,Left,Left,4474,253,309,34,nan,nan,0.06
11/1/2025 22:46:04,1.17.2,PRexp,10,3.83,nan,161,Left,Left,4475,253,309,34,nan,nan,0.24
11/1/2025 22:46:05,1.17.2,PRexp,10,3.83,nan,161,Left,Left,4476,253,309,34,nan,nan,0.09
11/1/2025 22:46:07,1.17.2,PRexp,10,3.83,nan,161,Left,Left,4477,253,309,34,nan,nan,0.01
11/1/2025 22:46:10,1.17.2,PRexp,10,3.83,nan,161,Left,Left,4478,253,309,34,nan,nan,0.13
11/1/2025 22:48:35,1.17.2,PRexp,10,3.83,nan,161,Left,Left,4479,253,309,34,nan,nan,0.01
11/1/2025 22:48:38,1.17.2,PRexp,10,3.83,nan,161,Left,Left,4480,253,309,34,nan,nan,0.03
11/1/2025 22:50:15,1.17.2,PRexp,10,3.83,nan,161,Left,Left,4481,253,309,34,nan,nan,0.09
11/1/2025 22:50:16,1.17.2,PRexp,10,3.83,nan,161,Left,Left,4482,253,309,34,nan,nan,0.15
11/1/2025 22:50:30,1.17.2,PRexp,10,3.83,nan,161,Left,Left,4483,253,309,34,nan,nan,0.08
11/1/2025 22:50:33,1.17.2,PRexp,10,3.83,nan,161,Left,Left,4484,253,309,34,nan,nan,0.14
11/1/2025 22:50:53,1.17.2,PRexp,10,3.83,nan,161,Left,Left,4485,253,309,34,nan,nan,0.16
11/1/2025 22:50:54,1.17.2,PRexp,10,3.83,nan,161,Left,Left,4486,253,309,34,nan,nan,0.00
11/1/2025 22:51:32,1.17.2,PRexp,10,3.83,nan,161,Left,Left,4487,253,309,34,nan,nan,0.45
11/1/2025 22:51:37,1.17.2,PRexp,10,3.83,nan,161,Left,Left,4488,253,309,34,nan,nan,0.29
11/1/2025 22:52:46,1.17.2,PRexp,10,3.83,nan,161,Left,Left,4489,253,309,34,nan,nan,0.08
11/1/2025 22:52:47,1.17.2,PRexp,10,3.83,nan,161,Left,Left,4490,253,309,34,nan,nan,0.15
11/1/2025 22:53:00,1.17.2,PRexp,10,3.83,nan,161,Right,Left,4490,254,309,34,nan,nan,0.08
11/1/2025 22:53:30,1.17.2,PRexp,10,3.83,nan,161,Left,Left,4491,254,309,34,nan,nan,0.00
11/1/2025 22:54:13,1.17.2,PRexp,10,3.82,nan,161,Left,Left,4492,254,309,34,nan,nan,0.20
11/1/2025 22:54:29,1.17.2,PRexp,10,3.83,nan,161,Left,Left,4493,254,309,34,nan,nan,0.12
11/1/2025 22:54:31,1.17.2,PRexp,10,3.82,nan,161,Left,Left,4494,254,309,34,nan,nan,0.17
11/1/2025 22:55:37,1.17.2,PRexp,10,3.83,nan,161,Left,Left,4495,254,309,34,nan,nan,1.21
11/1/2025 22:55:39,1.17.2,PRexp,10,3.83,nan,161,Left,Left,4496,254,309,34,nan,nan,0.14
11/1/2025 22:55:40,1.17.2,PRexp,10,3.83,nan,161,Left,Left,4497,254,309,34,nan,nan,0.42
11/1/2025 22:57:53,1.17.2,PRexp,10,3.83,nan,161,Left,Left,4498,254,309,34,nan,nan,0.07
11/1/2025 22:57:54,1.17.2,PRexp,10,3.83,nan,161,Left,Left,4499,254,309,34,nan,nan,0.00
11/1/2025 22:57:55,1.17.2,PRexp,10,3.83,nan,161,Left,Left,4500,254,309,34,nan,nan,0.01
11/1/2025 22:57:57,1.17.2,PRexp,10,3.83,nan,161,Left,Left,4501,254,309,34,nan,nan,0.60
11/1/2025 22:57:59,1.17.2,PRexp,10,3.83,nan,161,Left,Left,4502,254,309,34,nan,nan,0.04
11/1/2025 22:58:25,1.17.2,PRexp,10,3.83,nan,161,Left,Left,4503,254,309,34,nan,nan,0.13
11/1/2025 22:58:26,1.17.2,PRexp,10,3.83,nan,161,Left,Left,4504,254,309,34,nan,nan,0.13
11/1/2025 22:58:27,1.17.2,PRexp,10,3.82,nan,161,Left,Left,4505,254,309,34,nan,nan,0.14
11/1/2025 22:58:29,1.17.2,PRexp,10,3.82,nan,161,Left,Left,4506,254,309,34,nan,nan,0.09
11/1/2025 22:58:32,1.17.2,PRexp,10,3.83,nan,161,Left,Left,4507,254,309,34,nan,nan,0.01
11/1/2025 22:59:59,1.17.2,PRexp,10,3.83,nan,161,Right,Left,4507,255,309,34,nan,nan,0.12
11/1/2025 23:00:02,1.17.2,PRexp,10,3.83,nan,161,Left,Left,4508,255,309,34,nan,nan,0.23
11/1/2025 23:00:03,1.17.2,PRexp,10,3.83,nan,161,Left,Left,4509,255,309,34,nan,nan,0.09
11/1/2025 23:00:04,1.17.2,PRexp,10,3.83,nan,161,Left,Left,4510,255,309,34,nan,nan,0.13
11/1/2025 23:00:07,1.17.2,PRexp,10,3.83,nan,161,Left,Left,4511,255,309,34,nan,nan,0.10
11/1/2025 23:00:09,1.17.2,PRexp,10,3.82,nan,161,Left,Left,4512,255,309,34,nan,nan,0.13
11/1/2025 23:00:09,1.17.2,PRexp,10,3.83,nan,161,Left,Left,4513,255,309,34,nan,nan,0.00
11/1/2025 23:00:12,1.17.2,PRexp,10,3.83,nan,161,Left,Left,4514,255,309,34,nan,nan,0.13
11/1/2025 23:00:13,1.17.2,PRexp,10,3.83,nan,161,Left,Left,4515,255,309,34,nan,nan,0.16
11/1/2025 23:00:15,1.17.2,PRexp,10,3.83,nan,161,Left,Left,4516,255,309,34,nan,nan,0.10
11/1/2025 23:00:25,1.17.2,PRexp,10,3.83,nan,161,Left,Left,4517,255,309,34,nan,nan,0.20
11/1/2025 23:03:44,1.17.2,PRexp,10,3.82,nan,161,Left,Left,4518,255,309,34,nan,nan,0.11
11/1/2025 23:04:11,1.17.2,PRexp,10,3.83,nan,161,Right,Left,4518,256,309,34,nan,nan,0.09
11/1/2025 23:04:13,1.17.2,PRexp,10,3.83,nan,161,Left,Left,4519,256,309,34,nan,nan,0.09
11/1/2025 23:04:15,1.17.2,PRexp,10,3.83,nan,161,Left,Left,4520,256,309,34,nan,nan,1.07
11/1/2025 23:04:18,1.17.2,PRexp,10,3.83,nan,161,Left,Left,4521,256,309,34,nan,nan,0.13
11/1/2025 23:04:20,1.17.2,PRexp,10,3.83,nan,161,Left,Left,4522,256,309,34,nan,nan,0.12
11/1/2025 23:04:22,1.17.2,PRexp,10,3.83,nan,161,Left,Left,4523,256,309,34,nan,nan,0.48
11/1/2025 23:04:24,1.17.2,PRexp,10,3.83,nan,161,Left,Left,4524,256,309,34,nan,nan,0.19
11/1/2025 23:04:26,1.17.2,PRexp,10,3.83,nan,161,Left,Left,4525,256,309,34,nan,nan,0.24
11/1/2025 23:04:28,1.17.2,PRexp,10,3.83,nan,161,Left,Left,4526,256,309,34,nan,nan,0.01
11/1/2025 23:05:02,1.17.2,PRexp,10,3.83,nan,161,Left,Left,4527,256,309,34,nan,nan,0.13
11/1/2025 23:07:53,1.17.2,PRexp,10,3.83,nan,161,Left,Left,4528,256,309,34,nan,nan,0.08
11/1/2025 23:07:55,1.17.2,PRexp,10,3.83,nan,161,Left,Left,4529,256,309,34,nan,nan,0.11
11/1/2025 23:07:56,1.17.2,PRexp,10,3.83,nan,161,Left,Left,4530,256,309,34,nan,nan,0.12
11/1/2025 23:07:58,1.17.2,PRexp,10,3.83,nan,161,Left,Left,4531,256,309,34,nan,nan,0.13
11/1/2025 23:08:00,1.17.2,PRexp,10,3.82,nan,161,Left,Left,4532,256,309,34,nan,nan,0.17
11/1/2025 23:08:53,1.17.2,PRexp,10,3.83,nan,161,Left,Left,4533,256,309,34,nan,nan,0.31
11/1/2025 23:08:54,1.17.2,PRexp,10,3.83,nan,161,Left,Left,4534,256,309,34,nan,nan,0.15
11/1/2025 23:08:56,1.17.2,PRexp,10,3.83,nan,161,Left,Left,4535,256,309,34,nan,nan,0.11
11/1/2025 23:08:58,1.17.2,PRexp,10,3.83,nan,161,Left,Left,4536,256,309,34,nan,nan,0.07
11/1/2025 23:09:06,1.17.2,PRexp,10,3.83,nan,161,Left,Left,4537,256,309,34,nan,nan,0.16
11/1/2025 23:09:08,1.17.2,PRexp,10,3.83,nan,161,Left,Left,4538,256,309,34,nan,nan,0.69
11/1/2025 23:09:10,1.17.2,PRexp,10,3.83,nan,161,Left,Left,4539,256,309,34,nan,nan,0.40
11/1/2025 23:09:11,1.17.2,PRexp,10,3.83,nan,161,Left,Left,4540,256,309,34,nan,nan,0.01
11/1/2025 23:09:13,1.17.2,PRexp,10,3.83,nan,161,Left,Left,4541,256,309,34,nan,nan,0.03
11/1/2025 23:09:14,1.17.2,PRexp,10,3.83,nan,161,Left,Left,4542,256,309,34,nan,nan,0.71
11/1/2025 23:09:18,1.17.2,PRexp,10,3.83,nan,161,Left,Left,4543,256,309,34,nan,nan,0.07
11/1/2025 23:09:24,1.17.2,PRexp,10,3.83,nan,161,Left,Left,4544,256,309,34,nan,nan,0.01
11/1/2025 23:17:13,1.17.2,PRexp,10,3.83,nan,161,Left,Left,4545,256,309,34,nan,nan,0.00
11/1/2025 23:17:30,1.17.2,PRexp,10,3.83,nan,161,Left,Left,4546,256,309,34,nan,nan,0.16
11/1/2025 23:17:31,1.17.2,PRexp,10,3.83,nan,161,Left,Left,4547,256,309,34,nan,nan,0.03
11/1/2025 23:17:33,1.17.2,PRexp,10,3.82,nan,161,Left,Left,4548,256,309,34,nan,nan,0.09
11/1/2025 23:17:45,1.17.2,PRexp,10,3.83,nan,161,Right,Left,4548,257,309,34,nan,nan,0.05
11/1/2025 23:17:56,1.17.2,PRexp,10,3.83,nan,161,Left,Left,4549,257,309,34,nan,nan,0.02
11/1/2025 23:17:58,1.17.2,PRexp,10,3.83,nan,161,Left,Left,4550,257,309,34,nan,nan,0.14
11/1/2025 23:18:00,1.17.2,PRexp,10,3.83,nan,161,Left,Left,4551,257,309,34,nan,nan,0.19
11/1/2025 23:18:01,1.17.2,PRexp,10,3.83,nan,161,Left,Left,4552,257,309,34,nan,nan,0.10
11/1/2025 23:18:05,1.17.2,PRexp,10,3.83,nan,161,Left,Left,4553,257,309,34,nan,nan,0.08
11/1/2025 23:18:06,1.17.2,PRexp,10,3.83,nan,161,Left,Left,4554,257,309,34,nan,nan,0.17
11/1/2025 23:18:11,1.17.2,PRexp,10,3.83,nan,161,Left,Left,4555,257,309,34,nan,nan,0.15
11/1/2025 23:18:26,1.17.2,PRexp,10,3.83,nan,161,Left,Left,4556,257,309,34,nan,nan,0.06
11/1/2025 23:18:27,1.17.2,PRexp,10,3.83,nan,161,Left,Left,4557,257,309,34,nan,nan,0.02
11/1/2025 23:18:38,1.17.2,PRexp,10,3.83,nan,161,Right,Left,4557,258,309,34,nan,nan,0.08
11/1/2025 23:19:48,1.17.2,PRexp,10,3.82,nan,161,Left,Left,4558,258,309,34,nan,nan,0.08
11/1/2025 23:19:50,1.17.2,PRexp,10,3.83,nan,161,Left,Left,4559,258,309,34,nan,nan,0.18
11/1/2025 23:19:51,1.17.2,PRexp,10,3.83,nan,161,Left,Left,4560,258,309,34,nan,nan,0.01
11/1/2025 23:19:55,1.17.2,PRexp,10,3.83,nan,161,Left,Left,4561,258,309,34,nan,nan,0.11
11/1/2025 23:19:58,1.17.2,PRexp,10,3.83,nan,161,Left,Left,4562,258,309,34,nan,nan,0.08
11/1/2025 23:19:59,1.17.2,PRexp,10,3.82,nan,161,Left,Left,4563,258,309,34,nan,nan,0.15
11/1/2025 23:20:01,1.17.2,PRexp,10,3.83,nan,161,Left,Left,4564,258,309,34,nan,nan,0.13
11/1/2025 23:23:13,1.17.2,PRexp,10,3.82,nan,161,Left,Left,4565,258,309,34,nan,nan,0.04
11/1/2025 23:23:25,1.17.2,PRexp,10,3.83,nan,161,Left,Left,4566,258,309,34,nan,nan,0.01
11/1/2025 23:23:26,1.17.2,PRexp,10,3.83,nan,161,Left,Left,4567,258,309,34,nan,nan,0.09
11/1/2025 23:23:28,1.17.2,PRexp,10,3.83,nan,161,Left,Left,4568,258,309,34,nan,nan,0.14
11/1/2025 23:23:31,1.17.2,PRexp,10,3.82,nan,161,Left,Left,4569,258,309,34,nan,nan,0.15
11/1/2025 23:23:39,1.17.2,PRexp,10,3.83,nan,161,Left,Left,4570,258,309,34,nan,nan,0.07
11/1/2025 23:23:40,1.17.2,PRexp,10,3.83,nan,161,Left,Left,4571,258,309,34,nan,nan,0.10
11/1/2025 23:23:42,1.17.2,PRexp,10,3.83,nan,161,Left,Left,4572,258,309,34,nan,nan,0.07
11/1/2025 23:24:05,1.17.2,PRexp,10,3.83,nan,161,Left,Left,4573,258,309,34,nan,nan,0.15
11/1/2025 23:24:07,1.17.2,PRexp,10,3.83,nan,161,Left,Left,4574,258,309,34,nan,nan,0.20
11/1/2025 23:24:09,1.17.2,PRexp,10,3.83,nan,161,Left,Left,4575,258,309,34,nan,nan,0.08
11/1/2025 23:27:27,1.17.2,PRexp,10,3.83,nan,161,Left,Left,4576,258,309,34,nan,nan,0.20
11/1/2025 23:27:29,1.17.2,PRexp,10,3.82,nan,161,Left,Left,4577,258,309,34,nan,nan,0.20
11/1/2025 23:27:30,1.17.2,PRexp,10,3.83,nan,161,Left,Left,4578,258,309,34,nan,nan,0.00
11/1/2025 23:27:52,1.17.2,PRexp,10,3.83,nan,161,Left,Left,4579,258,309,34,nan,nan,0.06
11/1/2025 23:27:53,1.17.2,PRexp,10,3.83,nan,161,Left,Left,4580,258,309,34,nan,nan,0.17
11/1/2025 23:28:01,1.17.2,PRexp,10,3.83,nan,161,Left,Left,4581,258,309,34,nan,nan,0.01
11/1/2025 23:28:02,1.17.2,PRexp,10,3.83,nan,161,Left,Left,4582,258,309,34,nan,nan,0.07
11/1/2025 23:28:05,1.17.2,PRexp,10,3.83,nan,161,Left,Left,4583,258,309,34,nan,nan,0.09
11/1/2025 23:28:06,1.17.2,PRexp,10,3.83,nan,161,Left,Left,4584,258,309,34,nan,nan,0.10
11/1/2025 23:28:08,1.17.2,PRexp,10,3.83,nan,161,Left,Left,4585,258,309,34,nan,nan,0.13
11/1/2025 23:28:40,1.17.2,PRexp,10,3.83,nan,161,Left,Left,4586,258,309,34,nan,nan,0.13
11/1/2025 23:28:54,1.17.2,PRexp,10,3.83,nan,161,Left,Left,4587,258,309,34,nan,nan,0.12
11/1/2025 23:28:55,1.17.2,PRexp,10,3.83,nan,161,Left,Left,4588,258,309,34,nan,nan,0.06
11/1/2025 23:29:06,1.17.2,PRexp,10,3.83,nan,161,Left,Left,4589,258,309,34,nan,nan,0.20
11/1/2025 23:29:08,1.17.2,PRexp,10,3.83,nan,161,Left,Left,4590,258,309,34,nan,nan,0.15
11/1/2025 23:29:20,1.17.2,PRexp,10,3.83,nan,161,Left,Left,4591,258,309,34,nan,nan,0.04
11/1/2025 23:29:21,1.17.2,PRexp,10,3.83,nan,161,Left,Left,4592,258,309,34,nan,nan,0.02
11/1/2025 23:29:23,1.17.2,PRexp,10,3.82,nan,161,Left,Left,4593,258,309,34,nan,nan,0.21
11/1/2025 23:32:53,1.17.2,PRexp,10,3.83,nan,161,Left,Left,4594,258,309,34,nan,nan,0.04
11/1/2025 23:32:55,1.17.2,PRexp,10,3.83,nan,161,Left,Left,4595,258,309,34,nan,nan,0.08
11/1/2025 23:32:58,1.17.2,PRexp,10,3.83,nan,161,Left,Left,4596,258,309,34,nan,nan,0.13
11/1/2025 23:33:00,1.17.2,PRexp,10,3.83,nan,161,Left,Left,4597,258,309,34,nan,nan,0.13
11/1/2025 23:33:03,1.17.2,PRexp,10,3.83,nan,161,Left,Left,4598,258,309,34,nan,nan,0.12
11/1/2025 23:33:04,1.17.2,PRexp,10,3.82,nan,161,Left,Left,4599,258,309,34,nan,nan,0.12
11/1/2025 23:33:13,1.17.2,PRexp,10,3.83,nan,161,Left,Left,4600,258,309,34,nan,nan,0.02
11/1/2025 23:33:19,1.17.2,PRexp,10,3.82,nan,161,Left,Left,4601,258,309,34,nan,nan,0.07
11/1/2025 23:33:20,1.17.2,PRexp,10,3.83,nan,161,Left,Left,4602,258,309,34,nan,nan,0.00
11/1/2025 23:33:20,1.17.2,PRexp,10,3.83,nan,161,Left,Left,4603,258,309,34,nan,nan,0.15
11/1/2025 23:33:23,1.17.2,PRexp,10,3.83,nan,161,Left,Left,4604,258,309,34,nan,nan,0.12
11/1/2025 23:33:26,1.17.2,PRexp,10,3.82,nan,161,Left,Left,4605,258,309,34,nan,nan,0.02
11/1/2025 23:34:26,1.17.2,PRexp,10,3.83,nan,161,Left,Left,4606,258,309,34,nan,nan,0.05
11/1/2025 23:36:30,1.17.2,PRexp,10,3.83,nan,161,Left,Left,4607,258,309,34,nan,nan,0.01
11/1/2025 23:36:32,1.17.2,PRexp,10,3.83,nan,161,Left,Left,4608,258,309,34,nan,nan,0.08
11/1/2025 23:36:36,1.17.2,PRexp,10,3.83,nan,161,Left,Left,4609,258,309,34,nan,nan,0.19
11/1/2025 23:36:38,1.17.2,PRexp,10,3.83,nan,161,Left,Left,4610,258,309,34,nan,nan,0.17
11/1/2025 23:36:40,1.17.2,PRexp,10,3.83,nan,161,Left,Left,4611,258,309,34,nan,nan,0.11
11/1/2025 23:36:58,1.17.2,PRexp,10,3.83,nan,161,Left,Left,4612,258,309,34,nan,nan,0.05
11/1/2025 23:36:59,1.17.2,PRexp,10,3.83,nan,161,Left,Left,4613,258,309,34,nan,nan,0.26
11/1/2025 23:37:01,1.17.2,PRexp,10,3.83,nan,161,Left,Left,4614,258,309,34,nan,nan,0.23
11/1/2025 23:38:36,1.17.2,PRexp,10,3.82,nan,161,Left,Left,4615,258,309,34,nan,nan,0.02
11/1/2025 23:38:38,1.17.2,PRexp,10,3.83,nan,161,Left,Left,4616,258,309,34,nan,nan,0.04
11/1/2025 23:38:40,1.17.2,PRexp,10,3.83,nan,161,Left,Left,4617,258,309,34,nan,nan,0.02
11/1/2025 23:38:42,1.17.2,PRexp,10,3.83,nan,161,Left,Left,4618,258,309,34,nan,nan,0.20
11/1/2025 23:38:44,1.17.2,PRexp,10,3.83,nan,161,Left,Left,4619,258,309,34,nan,nan,0.99
11/1/2025 23:38:46,1.17.2,PRexp,10,3.83,nan,161,Left,Left,4620,258,309,34,nan,nan,0.46
11/1/2025 23:38:48,1.17.2,PRexp,10,3.82,nan,161,Left,Left,4621,258,309,34,nan,nan,0.05
11/1/2025 23:38:50,1.17.2,PRexp,10,3.82,nan,161,Left,Left,4622,258,309,34,nan,nan,0.12
11/1/2025 23:38:51,1.17.2,PRexp,10,3.83,nan,161,Left,Left,4623,258,309,34,nan,nan,0.06
11/1/2025 23:39:01,1.17.2,PRexp,10,3.83,nan,161,Left,Left,4624,258,309,34,nan,nan,0.03
11/1/2025 23:39:03,1.17.2,PRexp,10,3.83,nan,161,Left,Left,4625,258,309,34,nan,nan,0.78
11/1/2025 23:39:19,1.17.2,PRexp,10,3.83,9,161,Pellet,Left,4625,258,310,35,0.39,3601,nan
11/1/2025 23:44:12,1.17.2,PRexp,10,3.83,nan,178,Left,Left,4626,258,310,35,nan,nan,0.11
11/1/2025 23:45:31,1.17.2,PRexp,10,3.83,nan,178,Left,Left,4627,258,310,35,nan,nan,0.11
11/1/2025 23:45:34,1.17.2,PRexp,10,3.83,nan,178,Left,Left,4628,258,310,35,nan,nan,0.09
11/1/2025 23:45:35,1.17.2,PRexp,10,3.82,nan,178,Left,Left,4629,258,310,35,nan,nan,0.14
11/1/2025 23:45:36,1.17.2,PRexp,10,3.83,nan,178,Left,Left,4630,258,310,35,nan,nan,0.22
11/1/2025 23:45:51,1.17.2,PRexp,10,3.83,nan,178,Left,Left,4631,258,310,35,nan,nan,0.02
11/1/2025 23:45:58,1.17.2,PRexp,10,3.82,nan,178,Left,Left,4632,258,310,35,nan,nan,0.13
11/1/2025 23:46:00,1.17.2,PRexp,10,3.82,nan,178,Left,Left,4633,258,310,35,nan,nan,0.52
11/1/2025 23:46:02,1.17.2,PRexp,10,3.82,nan,178,Left,Left,4634,258,310,35,nan,nan,0.13
11/1/2025 23:46:05,1.17.2,PRexp,10,3.83,nan,178,Left,Left,4635,258,310,35,nan,nan,0.03
11/1/2025 23:46:14,1.17.2,PRexp,10,3.83,nan,178,Right,Left,4635,259,310,35,nan,nan,0.14
11/1/2025 23:46:23,1.17.2,PRexp,10,3.83,nan,178,Left,Left,4636,259,310,35,nan,nan,0.05
11/1/2025 23:46:25,1.17.2,PRexp,10,3.83,nan,178,Left,Left,4637,259,310,35,nan,nan,0.26
11/1/2025 23:46:27,1.17.2,PRexp,10,3.83,nan,178,Left,Left,4638,259,310,35,nan,nan,0.42
11/1/2025 23:46:28,1.17.2,PRexp,10,3.82,nan,178,Left,Left,4639,259,310,35,nan,nan,0.33
11/1/2025 23:46:30,1.17.2,PRexp,10,3.83,nan,178,Left,Left,4640,259,310,35,nan,nan,0.13
11/1/2025 23:49:40,1.17.2,PRexp,10,3.83,nan,178,Left,Left,4641,259,310,35,nan,nan,0.03
11/1/2025 23:49:41,1.17.2,PRexp,10,3.82,nan,178,Left,Left,4642,259,310,35,nan,nan,0.08
11/1/2025 23:49:43,1.17.2,PRexp,10,3.83,nan,178,Left,Left,4643,259,310,35,nan,nan,0.19
11/1/2025 23:49:45,1.17.2,PRexp,10,3.83,nan,178,Left,Left,4644,259,310,35,nan,nan,0.15
11/1/2025 23:49:48,1.17.2,PRexp,10,3.82,nan,178,Left,Left,4645,259,310,35,nan,nan,0.46
11/1/2025 23:49:50,1.17.2,PRexp,10,3.82,nan,178,Left,Left,4646,259,310,35,nan,nan,0.25
11/1/2025 23:49:52,1.17.2,PRexp,10,3.83,nan,178,Left,Left,4647,259,310,35,nan,nan,0.01
11/1/2025 23:49:52,1.17.2,PRexp,10,3.83,nan,178,Left,Left,4648,259,310,35,nan,nan,0.00
11/1/2025 23:49:54,1.17.2,PRexp,10,3.83,nan,178,Left,Left,4649,259,310,35,nan,nan,0.17
11/1/2025 23:49:56,1.17.2,PRexp,10,3.82,nan,178,Left,Left,4650,259,310,35,nan,nan,0.01
11/1/2025 23:49:59,1.17.2,PRexp,10,3.83,nan,178,Left,Left,4651,259,310,35,nan,nan,0.10
11/1/2025 23:50:00,1.17.2,PRexp,10,3.83,nan,178,Left,Left,4652,259,310,35,nan,nan,0.17
11/1/2025 23:50:01,1.17.2,PRexp,10,3.82,nan,178,Left,Left,4653,259,310,35,nan,nan,0.00
11/1/2025 23:50:03,1.17.2,PRexp,10,3.83,nan,178,Left,Left,4654,259,310,35,nan,nan,0.05
11/1/2025 23:50:30,1.17.2,PRexp,10,3.82,nan,178,Left,Left,4655,259,310,35,nan,nan,0.04
11/1/2025 23:50:32,1.17.2,PRexp,10,3.83,nan,178,Left,Left,4656,259,310,35,nan,nan,0.27
11/1/2025 23:51:07,1.17.2,PRexp,10,3.83,nan,178,Left,Left,4657,259,310,35,nan,nan,0.04
11/1/2025 23:51:46,1.17.2,PRexp,10,3.83,nan,178,Left,Left,4658,259,310,35,nan,nan,0.03
11/1/2025 23:51:48,1.17.2,PRexp,10,3.83,nan,178,Left,Left,4659,259,310,35,nan,nan,0.10
11/1/2025 23:51:49,1.17.2,PRexp,10,3.83,nan,178,Left,Left,4660,259,310,35,nan,nan,0.01
11/1/2025 23:51:50,1.17.2,PRexp,10,3.83,nan,178,Left,Left,4661,259,310,35,nan,nan,0.11
11/1/2025 23:51:52,1.17.2,PRexp,10,3.82,nan,178,Left,Left,4662,259,310,35,nan,nan,0.10
11/1/2025 23:51:53,1.17.2,PRexp,10,3.83,nan,178,Left,Left,4663,259,310,35,nan,nan,0.08
11/1/2025 23:54:21,1.17.2,PRexp,10,3.82,nan,178,Left,Left,4664,259,310,35,nan,nan,0.18
11/1/2025 23:54:23,1.17.2,PRexp,10,3.82,nan,178,Left,Left,4665,259,310,35,nan,nan,0.12
11/1/2025 23:56:53,1.17.2,PRexp,10,3.83,nan,178,Left,Left,4666,259,310,35,nan,nan,0.06
11/1/2025 23:58:52,1.17.2,PRexp,10,3.83,nan,178,Left,Left,4667,259,310,35,nan,nan,0.02
11/1/2025 23:58:54,1.17.2,PRexp,10,3.83,nan,178,Left,Left,4668,259,310,35,nan,nan,0.03
11/1/2025 23:58:55,1.17.2,PRexp,10,3.82,nan,178,Left,Left,4669,259,310,35,nan,nan,0.14
11/1/2025 23:58:56,1.17.2,PRexp,10,3.83,nan,178,Left,Left,4670,259,310,35,nan,nan,0.01
11/1/2025 23:58:57,1.17.2,PRexp,10,3.82,nan,178,Left,Left,4671,259,310,35,nan,nan,0.00
11/1/2025 23:58:59,1.17.2,PRexp,10,3.83,nan,178,Left,Left,4672,259,310,35,nan,nan,0.12
11/1/2025 23:59:00,1.17.2,PRexp,10,3.83,nan,178,Left,Left,4673,259,310,35,nan,nan,0.19
11/1/2025 23:59:03,1.17.2,PRexp,10,3.83,nan,178,Left,Left,4674,259,310,35,nan,nan,0.14
11/1/2025 23:59:25,1.17.2,PRexp,10,3.83,nan,178,Left,Left,4675,259,310,35,nan,nan,0.02
11/2/2025 0:03:29,1.17.2,PRexp,10,3.82,nan,178,Left,Left,4676,259,310,35,nan,nan,0.03
11/2/2025 0:03:30,1.17.2,PRexp,10,3.82,nan,178,Left,Left,4677,259,310,35,nan,nan,0.22
11/2/2025 0:03:32,1.17.2,PRexp,10,3.82,nan,178,Left,Left,4678,259,310,35,nan,nan,0.25
11/2/2025 0:03:34,1.17.2,PRexp,10,3.82,nan,178,Left,Left,4679,259,310,35,nan,nan,0.05
11/2/2025 0:04:25,1.17.2,PRexp,10,3.83,nan,178,Left,Left,4680,259,310,35,nan,nan,0.08
11/2/2025 0:04:26,1.17.2,PRexp,10,3.82,nan,178,Left,Left,4681,259,310,35,nan,nan,0.00
11/2/2025 0:04:27,1.17.2,PRexp,10,3.83,nan,178,Left,Left,4682,259,310,35,nan,nan,0.29
11/2/2025 0:04:29,1.17.2,PRexp,10,3.83,nan,178,Left,Left,4683,259,310,35,nan,nan,0.11
11/2/2025 0:04:43,1.17.2,PRexp,10,3.82,nan,178,Left,Left,4684,259,310,35,nan,nan,0.04
11/2/2025 0:04:45,1.17.2,PRexp,10,3.82,nan,178,Left,Left,4685,259,310,35,nan,nan,0.02
11/2/2025 0:06:09,1.17.2,PRexp,10,3.83,nan,178,Left,Left,4686,259,310,35,nan,nan,0.09
11/2/2025 0:06:11,1.17.2,PRexp,10,3.83,nan,178,Left,Left,4687,259,310,35,nan,nan,0.08
11/2/2025 0:06:13,1.17.2,PRexp,10,3.82,nan,178,Left,Left,4688,259,310,35,nan,nan,0.14
11/2/2025 0:06:16,1.17.2,PRexp,10,3.83,nan,178,Left,Left,4689,259,310,35,nan,nan,0.03
11/2/2025 0:06:18,1.17.2,PRexp,10,3.83,nan,178,Left,Left,4690,259,310,35,nan,nan,0.39
11/2/2025 0:06:19,1.17.2,PRexp,10,3.83,nan,178,Left,Left,4691,259,310,35,nan,nan,0.15
11/2/2025 0:06:20,1.17.2,PRexp,10,3.82,nan,178,Left,Left,4692,259,310,35,nan,nan,0.07
11/2/2025 0:06:22,1.17.2,PRexp,10,3.82,nan,178,Left,Left,4693,259,310,35,nan,nan,0.10
11/2/2025 0:06:24,1.17.2,PRexp,10,3.82,nan,178,Left,Left,4694,259,310,35,nan,nan,0.23
11/2/2025 0:06:43,1.17.2,PRexp,10,3.83,nan,178,Left,Left,4695,259,310,35,nan,nan,0.01
11/2/2025 0:06:54,1.17.2,PRexp,10,3.82,nan,178,Left,Left,4696,259,310,35,nan,nan,0.52
11/2/2025 0:07:07,1.17.2,PRexp,10,3.83,nan,178,Left,Left,4697,259,310,35,nan,nan,0.06
11/2/2025 0:07:08,1.17.2,PRexp,10,3.83,nan,178,Left,Left,4698,259,310,35,nan,nan,0.14
11/2/2025 0:08:55,1.17.2,PRexp,10,3.83,nan,178,Left,Left,4699,259,310,35,nan,nan,0.05
11/2/2025 0:09:00,1.17.2,PRexp,10,3.82,nan,178,Left,Left,4700,259,310,35,nan,nan,0.10
11/2/2025 0:09:03,1.17.2,PRexp,10,3.83,nan,178,Left,Left,4701,259,310,35,nan,nan,0.08
11/2/2025 0:11:51,1.17.2,PRexp,10,3.82,nan,178,Left,Left,4702,259,310,35,nan,nan,0.07
11/2/2025 0:11:52,1.17.2,PRexp,10,3.82,nan,178,Left,Left,4703,259,310,35,nan,nan,0.04
11/2/2025 0:11:55,1.17.2,PRexp,10,3.83,nan,178,Left,Left,4704,259,310,35,nan,nan,0.09
11/2/2025 0:11:57,1.17.2,PRexp,10,3.82,nan,178,Left,Left,4705,259,310,35,nan,nan,0.01
11/2/2025 0:12:05,1.17.2,PRexp,10,3.83,nan,178,Right,Left,4705,260,310,35,nan,nan,0.00
11/2/2025 0:12:39,1.17.2,PRexp,10,3.82,nan,178,Left,Left,4706,260,310,35,nan,nan,0.15
11/2/2025 0:12:41,1.17.2,PRexp,10,3.82,nan,178,Left,Left,4707,260,310,35,nan,nan,0.17
11/2/2025 0:12:43,1.17.2,PRexp,10,3.83,nan,178,Left,Left,4708,260,310,35,nan,nan,0.25
11/2/2025 0:12:46,1.17.2,PRexp,10,3.82,nan,178,Left,Left,4709,260,310,35,nan,nan,0.04
11/2/2025 0:12:47,1.17.2,PRexp,10,3.82,nan,178,Left,Left,4710,260,310,35,nan,nan,0.10
11/2/2025 0:12:49,1.17.2,PRexp,10,3.82,nan,178,Left,Left,4711,260,310,35,nan,nan,0.17
11/2/2025 0:12:53,1.17.2,PRexp,10,3.82,nan,178,Left,Left,4712,260,310,35,nan,nan,0.18
11/2/2025 0:21:47,1.17.2,PRexp,10,3.82,nan,178,Left,Left,4713,260,310,35,nan,nan,0.16
11/2/2025 0:21:48,1.17.2,PRexp,10,3.82,nan,178,Left,Left,4714,260,310,35,nan,nan,0.14
11/2/2025 0:21:51,1.17.2,PRexp,10,3.82,nan,178,Left,Left,4715,260,310,35,nan,nan,0.83
11/2/2025 0:21:52,1.17.2,PRexp,10,3.82,nan,178,Left,Left,4716,260,310,35,nan,nan,0.07
11/2/2025 0:21:55,1.17.2,PRexp,10,3.82,nan,178,Left,Left,4717,260,310,35,nan,nan,0.40
11/2/2025 0:21:56,1.17.2,PRexp,10,3.82,nan,178,Left,Left,4718,260,310,35,nan,nan,0.46
11/2/2025 0:23:44,1.17.2,PRexp,10,3.83,nan,178,Left,Left,4719,260,310,35,nan,nan,0.00
11/2/2025 0:23:52,1.17.2,PRexp,10,3.82,nan,178,Left,Left,4720,260,310,35,nan,nan,0.13
11/2/2025 0:23:53,1.17.2,PRexp,10,3.83,nan,178,Left,Left,4721,260,310,35,nan,nan,0.00
11/2/2025 0:23:55,1.17.2,PRexp,10,3.83,nan,178,Left,Left,4722,260,310,35,nan,nan,0.14
11/2/2025 0:23:56,1.17.2,PRexp,10,3.83,nan,178,Left,Left,4723,260,310,35,nan,nan,0.11
11/2/2025 0:23:58,1.17.2,PRexp,10,3.82,nan,178,Left,Left,4724,260,310,35,nan,nan,0.25
11/2/2025 0:24:00,1.17.2,PRexp,10,3.82,nan,178,Left,Left,4725,260,310,35,nan,nan,0.18
11/2/2025 0:24:03,1.17.2,PRexp,10,3.82,nan,178,Left,Left,4726,260,310,35,nan,nan,0.08
11/2/2025 0:24:16,1.17.2,PRexp,10,3.82,nan,178,Right,Left,4726,261,310,35,nan,nan,0.11
11/2/2025 0:24:20,1.17.2,PRexp,10,3.83,nan,178,Left,Left,4727,261,310,35,nan,nan,0.08
11/2/2025 0:24:23,1.17.2,PRexp,10,3.82,nan,178,Left,Left,4728,261,310,35,nan,nan,0.07
11/2/2025 0:24:24,1.17.2,PRexp,10,3.83,nan,178,Left,Left,4729,261,310,35,nan,nan,0.15
11/2/2025 0:24:28,1.17.2,PRexp,10,3.83,nan,178,Left,Left,4730,261,310,35,nan,nan,0.12
11/2/2025 0:24:29,1.17.2,PRexp,10,3.82,nan,178,Left,Left,4731,261,310,35,nan,nan,0.00
11/2/2025 0:24:36,1.17.2,PRexp,10,3.82,nan,178,Left,Left,4732,261,310,35,nan,nan,0.09
11/2/2025 0:24:38,1.17.2,PRexp,10,3.83,nan,178,Left,Left,4733,261,310,35,nan,nan,0.08
11/2/2025 0:28:53,1.17.2,PRexp,10,3.82,nan,178,Left,Left,4734,261,310,35,nan,nan,0.12
11/2/2025 0:28:56,1.17.2,PRexp,10,3.83,nan,178,Left,Left,4735,261,310,35,nan,nan,0.71
11/2/2025 0:28:59,1.17.2,PRexp,10,3.82,nan,178,Left,Left,4736,261,310,35,nan,nan,0.27
11/2/2025 0:29:03,1.17.2,PRexp,10,3.82,nan,178,Left,Left,4737,261,310,35,nan,nan,0.16
11/2/2025 0:29:52,1.17.2,PRexp,10,3.82,nan,178,Left,Left,4738,261,310,35,nan,nan,0.03
11/2/2025 0:32:49,1.17.2,PRexp,10,3.82,nan,178,Left,Left,4739,261,310,35,nan,nan,1.12
11/2/2025 0:32:53,1.17.2,PRexp,10,3.83,nan,178,Left,Left,4740,261,310,35,nan,nan,0.09
11/2/2025 0:33:12,1.17.2,PRexp,10,3.82,nan,178,Right,Left,4740,262,310,35,nan,nan,0.07
11/2/2025 0:33:14,1.17.2,PRexp,10,3.82,nan,178,Left,Left,4741,262,310,35,nan,nan,0.02
11/2/2025 0:33:17,1.17.2,PRexp,10,3.82,nan,178,Left,Left,4742,262,310,35,nan,nan,0.12
11/2/2025 0:33:21,1.17.2,PRexp,10,3.82,nan,178,Left,Left,4743,262,310,35,nan,nan,0.24
11/2/2025 0:33:25,1.17.2,PRexp,10,3.82,nan,178,Left,Left,4744,262,310,35,nan,nan,0.18
11/2/2025 0:33:55,1.17.2,PRexp,10,3.82,nan,178,Left,Left,4745,262,310,35,nan,nan,0.03
11/2/2025 0:33:57,1.17.2,PRexp,10,3.82,nan,178,Left,Left,4746,262,310,35,nan,nan,0.35
11/2/2025 0:33:57,1.17.2,PRexp,10,3.83,nan,178,Left,Left,4747,262,310,35,nan,nan,0.05
11/2/2025 0:33:59,1.17.2,PRexp,10,3.83,nan,178,Left,Left,4748,262,310,35,nan,nan,0.17
11/2/2025 0:34:12,1.17.2,PRexp,10,3.82,nan,178,Left,Left,4749,262,310,35,nan,nan,0.01
11/2/2025 0:34:19,1.17.2,PRexp,10,3.82,nan,178,Left,Left,4750,262,310,35,nan,nan,0.02
11/2/2025 0:34:20,1.17.2,PRexp,10,3.82,nan,178,Left,Left,4751,262,310,35,nan,nan,0.28
11/2/2025 0:34:21,1.17.2,PRexp,10,3.83,nan,178,Left,Left,4752,262,310,35,nan,nan,0.18
11/2/2025 0:34:23,1.17.2,PRexp,10,3.82,nan,178,Left,Left,4753,262,310,35,nan,nan,0.24
11/2/2025 0:34:23,1.17.2,PRexp,10,3.82,nan,178,Left,Left,4754,262,310,35,nan,nan,0.13
11/2/2025 0:34:26,1.17.2,PRexp,10,3.82,nan,178,Left,Left,4755,262,310,35,nan,nan,0.01
11/2/2025 0:34:26,1.17.2,PRexp,10,3.82,nan,178,Left,Left,4756,262,310,35,nan,nan,0.02
11/2/2025 0:34:29,1.17.2,PRexp,10,3.82,nan,178,Left,Left,4757,262,310,35,nan,nan,0.15
11/2/2025 0:34:30,1.17.2,PRexp,10,3.83,nan,178,Left,Left,4758,262,310,35,nan,nan,0.00
11/2/2025 0:34:31,1.17.2,PRexp,10,3.82,nan,178,Left,Left,4759,262,310,35,nan,nan,0.01
11/2/2025 0:35:32,1.17.2,PRexp,10,3.82,nan,178,Left,Left,4760,262,310,35,nan,nan,0.06
11/2/2025 0:35:34,1.17.2,PRexp,10,3.83,nan,178,Left,Left,4761,262,310,35,nan,nan,0.17
11/2/2025 0:35:35,1.17.2,PRexp,10,3.82,nan,178,Left,Left,4762,262,310,35,nan,nan,0.12
11/2/2025 0:35:36,1.17.2,PRexp,10,3.82,nan,178,Left,Left,4763,262,310,35,nan,nan,0.00
11/2/2025 0:38:40,1.17.2,PRexp,10,3.83,nan,178,Left,Left,4764,262,310,35,nan,nan,0.06
11/2/2025 0:40:07,1.17.2,PRexp,10,3.82,nan,178,Left,Left,4765,262,310,35,nan,nan,0.23
11/2/2025 0:40:08,1.17.2,PRexp,10,3.82,nan,178,Left,Left,4766,262,310,35,nan,nan,0.03
11/2/2025 0:41:44,1.17.2,PRexp,10,3.82,nan,178,Right,Left,4766,263,310,35,nan,nan,0.06
11/2/2025 0:48:37,1.17.2,PRexp,10,3.83,nan,178,Left,Left,4767,263,310,35,nan,nan,0.05
11/2/2025 0:48:39,1.17.2,PRexp,10,3.82,nan,178,Left,Left,4768,263,310,35,nan,nan,0.14
11/2/2025 0:48:41,1.17.2,PRexp,10,3.82,nan,178,Left,Left,4769,263,310,35,nan,nan,0.13
11/2/2025 0:48:44,1.17.2,PRexp,10,3.82,nan,178,Left,Left,4770,263,310,35,nan,nan,0.01
11/2/2025 0:48:46,1.17.2,PRexp,10,3.83,nan,178,Left,Left,4771,263,310,35,nan,nan,0.08
11/2/2025 0:49:56,1.17.2,PRexp,10,3.82,nan,178,Left,Left,4772,263,310,35,nan,nan,0.04
11/2/2025 0:50:04,1.17.2,PRexp,10,3.82,nan,178,Left,Left,4773,263,310,35,nan,nan,0.26
11/2/2025 0:50:06,1.17.2,PRexp,10,3.83,nan,178,Left,Left,4774,263,310,35,nan,nan,0.25
11/2/2025 0:50:08,1.17.2,PRexp,10,3.82,nan,178,Left,Left,4775,263,310,35,nan,nan,0.11
11/2/2025 0:50:10,1.17.2,PRexp,10,3.82,nan,178,Left,Left,4776,263,310,35,nan,nan,0.84
11/2/2025 0:50:14,1.17.2,PRexp,10,3.82,nan,178,Left,Left,4777,263,310,35,nan,nan,0.10
11/2/2025 0:50:17,1.17.2,PRexp,10,3.82,nan,178,Left,Left,4778,263,310,35,nan,nan,0.34
11/2/2025 0:50:18,1.17.2,PRexp,10,3.82,nan,178,Left,Left,4779,263,310,35,nan,nan,0.12
11/2/2025 0:50:20,1.17.2,PRexp,10,3.82,nan,178,Left,Left,4780,263,310,35,nan,nan,0.80
11/2/2025 0:50:22,1.17.2,PRexp,10,3.82,nan,178,Left,Left,4781,263,310,35,nan,nan,0.22
11/2/2025 0:50:23,1.17.2,PRexp,10,3.82,nan,178,Left,Left,4782,263,310,35,nan,nan,0.00
11/2/2025 0:50:24,1.17.2,PRexp,10,3.83,nan,178,Left,Left,4783,263,310,35,nan,nan,0.00
11/2/2025 0:50:26,1.17.2,PRexp,10,3.82,nan,178,Left,Left,4784,263,310,35,nan,nan,0.06
11/2/2025 0:50:27,1.17.2,PRexp,10,3.82,nan,178,Left,Left,4785,263,310,35,nan,nan,0.00
11/2/2025 0:50:29,1.17.2,PRexp,10,3.83,nan,178,Left,Left,4786,263,310,35,nan,nan,0.57
11/2/2025 0:50:33,1.17.2,PRexp,10,3.82,nan,178,Left,Left,4787,263,310,35,nan,nan,0.84
11/2/2025 0:50:35,1.17.2,PRexp,10,3.82,nan,178,Left,Left,4788,263,310,35,nan,nan,0.05
11/2/2025 0:50:37,1.17.2,PRexp,10,3.82,nan,178,Left,Left,4789,263,310,35,nan,nan,1.00
11/2/2025 0:50:40,1.17.2,PRexp,10,3.82,nan,178,Left,Left,4790,263,310,35,nan,nan,0.84
11/2/2025 1:11:34,1.17.2,PRexp,10,3.82,nan,178,Left,Left,4791,263,310,35,nan,nan,0.74
11/2/2025 1:11:42,1.17.2,PRexp,10,3.82,nan,178,Left,Left,4792,263,310,35,nan,nan,0.44
11/2/2025 1:12:00,1.17.2,PRexp,10,3.82,nan,178,Left,Left,4793,263,310,35,nan,nan,0.45
11/2/2025 1:12:05,1.17.2,PRexp,10,3.82,nan,178,Left,Left,4794,263,310,35,nan,nan,0.21
11/2/2025 1:12:06,1.17.2,PRexp,10,3.82,nan,178,Left,Left,4795,263,310,35,nan,nan,0.10
11/2/2025 1:12:08,1.17.2,PRexp,10,3.83,nan,178,Left,Left,4796,263,310,35,nan,nan,0.11
11/2/2025 1:12:10,1.17.2,PRexp,10,3.83,nan,178,Left,Left,4797,263,310,35,nan,nan,0.03
11/2/2025 1:12:12,1.17.2,PRexp,10,3.82,nan,178,Left,Left,4798,263,310,35,nan,nan,0.15
11/2/2025 1:12:13,1.17.2,PRexp,10,3.82,nan,178,Left,Left,4799,263,310,35,nan,nan,0.02
11/2/2025 1:12:14,1.17.2,PRexp,10,3.82,nan,178,Left,Left,4800,263,310,35,nan,nan,0.13
11/2/2025 1:12:18,1.17.2,PRexp,10,3.83,nan,178,Left,Left,4801,263,310,35,nan,nan,0.64
11/2/2025 1:12:25,1.17.2,PRexp,10,3.83,nan,178,Left,Left,4802,263,310,35,nan,nan,0.00
11/2/2025 1:12:27,1.17.2,PRexp,10,3.82,nan,178,Left,Left,4803,263,310,35,nan,nan,0.40
11/2/2025 1:12:35,1.17.2,PRexp,10,3.82,5,178,Pellet,Left,4803,263,311,36,0.61,5596,nan
11/2/2025 1:18:15,1.17.2,PRexp,10,3.82,nan,197,Left,Left,4804,263,311,36,nan,nan,3.99
11/2/2025 1:18:17,1.17.2,PRexp,10,3.82,nan,197,Left,Left,4805,263,311,36,nan,nan,0.02
11/2/2025 1:18:21,1.17.2,PRexp,10,3.83,nan,197,Left,Left,4806,263,311,36,nan,nan,0.47
11/2/2025 1:18:23,1.17.2,PRexp,10,3.83,nan,197,Left,Left,4807,263,311,36,nan,nan,0.04
11/2/2025 1:18:26,1.17.2,PRexp,10,3.83,nan,197,Left,Left,4808,263,311,36,nan,nan,2.04
11/2/2025 1:18:27,1.17.2,PRexp,10,3.82,nan,197,Left,Left,4809,263,311,36,nan,nan,0.00
11/2/2025 1:18:38,1.17.2,PRexp,10,3.82,nan,197,Left,Left,4810,263,311,36,nan,nan,0.64
11/2/2025 1:18:39,1.17.2,PRexp,10,3.82,nan,197,Left,Left,4811,263,311,36,nan,nan,0.18
11/2/2025 1:18:54,1.17.2,PRexp,10,3.83,nan,197,Left,Left,4812,263,311,36,nan,nan,0.19
11/2/2025 1:18:56,1.17.2,PRexp,10,3.82,nan,197,Left,Left,4813,263,311,36,nan,nan,0.23
11/2/2025 1:18:56,1.17.2,PRexp,10,3.82,nan,197,Left,Left,4814,263,311,36,nan,nan,0.25
11/2/2025 1:18:58,1.17.2,PRexp,10,3.83,nan,197,Left,Left,4815,263,311,36,nan,nan,0.00
11/2/2025 1:19:00,1.17.2,PRexp,10,3.82,nan,197,Left,Left,4816,263,311,36,nan,nan,0.52
11/2/2025 1:19:01,1.17.2,PRexp,10,3.82,nan,197,Left,Left,4817,263,311,36,nan,nan,0.09
11/2/2025 1:19:04,1.17.2,PRexp,10,3.83,nan,197,Left,Left,4818,263,311,36,nan,nan,0.18
11/2/2025 1:19:06,1.17.2,PRexp,10,3.83,nan,197,Left,Left,4819,263,311,36,nan,nan,0.36
11/2/2025 1:19:08,1.17.2,PRexp,10,3.82,nan,197,Left,Left,4820,263,311,36,nan,nan,1.53
11/2/2025 1:19:10,1.17.2,PRexp,10,3.82,nan,197,Left,Left,4821,263,311,36,nan,nan,0.00
11/2/2025 1:19:11,1.17.2,PRexp,10,3.83,nan,197,Left,Left,4822,263,311,36,nan,nan,0.17
11/2/2025 1:19:13,1.17.2,PRexp,10,3.82,nan,197,Left,Left,4823,263,311,36,nan,nan,0.66
11/2/2025 1:19:16,1.17.2,PRexp,10,3.82,nan,197,Left,Left,4824,263,311,36,nan,nan,0.31
11/2/2025 1:19:18,1.17.2,PRexp,10,3.82,nan,197,Left,Left,4825,263,311,36,nan,nan,0.62
11/2/2025 1:19:21,1.17.2,PRexp,10,3.82,nan,197,Left,Left,4826,263,311,36,nan,nan,0.71
11/2/2025 1:19:29,1.17.2,PRexp,10,3.82,nan,197,Left,Left,4827,263,311,36,nan,nan,0.65
11/2/2025 1:19:31,1.17.2,PRexp,10,3.82,nan,197,Left,Left,4828,263,311,36,nan,nan,0.17
11/2/2025 1:19:33,1.17.2,PRexp,10,3.83,nan,197,Left,Left,4829,263,311,36,nan,nan,0.00
11/2/2025 1:19:34,1.17.2,PRexp,10,3.83,nan,197,Left,Left,4830,263,311,36,nan,nan,0.00
11/2/2025 1:19:36,1.17.2,PRexp,10,3.82,nan,197,Left,Left,4831,263,311,36,nan,nan,0.06
11/2/2025 1:19:39,1.17.2,PRexp,10,3.82,nan,197,Left,Left,4832,263,311,36,nan,nan,0.63
11/2/2025 1:19:41,1.17.2,PRexp,10,3.82,nan,197,Left,Left,4833,263,311,36,nan,nan,0.03
11/2/2025 1:19:44,1.17.2,PRexp,10,3.82,nan,197,Left,Left,4834,263,311,36,nan,nan,0.97
11/2/2025 1:19:45,1.17.2,PRexp,10,3.82,nan,197,Left,Left,4835,263,311,36,nan,nan,0.31
11/2/2025 1:19:51,1.17.2,PRexp,10,3.82,nan,197,Left,Left,4836,263,311,36,nan,nan,1.72
11/2/2025 1:19:52,1.17.2,PRexp,10,3.83,nan,197,Left,Left,4837,263,311,36,nan,nan,0.00
11/2/2025 1:19:56,1.17.2,PRexp,10,3.83,nan,197,Left,Left,4838,263,311,36,nan,nan,0.02
11/2/2025 1:19:59,1.17.2,PRexp,10,3.83,nan,197,Left,Left,4839,263,311,36,nan,nan,1.36
11/2/2025 1:20:02,1.17.2,PRexp,10,3.82,nan,197,Left,Left,4840,263,311,36,nan,nan,1.91
11/2/2025 1:20:11,1.17.2,PRexp,10,3.82,nan,197,Left,Left,4841,263,311,36,nan,nan,4.04
11/2/2025 1:20:14,1.17.2,PRexp,10,3.82,nan,197,Left,Left,4842,263,311,36,nan,nan,0.02
11/2/2025 1:20:15,1.17.2,PRexp,10,3.82,nan,197,Left,Left,4843,263,311,36,nan,nan,0.01
11/2/2025 1:20:18,1.17.2,PRexp,10,3.83,nan,197,Left,Left,4844,263,311,36,nan,nan,0.02
11/2/2025 1:20:22,1.17.2,PRexp,10,3.82,nan,197,Left,Left,4845,263,311,36,nan,nan,1.39
11/2/2025 1:20:42,1.17.2,PRexp,10,3.83,nan,197,Left,Left,4846,263,311,36,nan,nan,0.13
11/2/2025 1:20:43,1.17.2,PRexp,10,3.82,nan,197,Left,Left,4847,263,311,36,nan,nan,0.02
11/2/2025 1:20:46,1.17.2,PRexp,10,3.82,nan,197,Left,Left,4848,263,311,36,nan,nan,1.16
11/2/2025 1:20:48,1.17.2,PRexp,10,3.82,nan,197,Left,Left,4849,263,311,36,nan,nan,0.81
11/2/2025 1:38:26,1.17.2,PRexp,10,3.82,nan,197,Left,Left,4850,263,311,36,nan,nan,0.02
11/2/2025 1:38:31,1.17.2,PRexp,10,3.82,nan,197,Left,Left,4851,263,311,36,nan,nan,1.53
11/2/2025 1:38:32,1.17.2,PRexp,10,3.82,nan,197,Left,Left,4852,263,311,36,nan,nan,0.08
11/2/2025 1:38:35,1.17.2,PRexp,10,3.82,nan,197,Left,Left,4853,263,311,36,nan,nan,1.18
11/2/2025 1:38:37,1.17.2,PRexp,10,3.83,nan,197,Left,Left,4854,263,311,36,nan,nan,0.02
11/2/2025 1:38:40,1.17.2,PRexp,10,3.82,nan,197,Left,Left,4855,263,311,36,nan,nan,1.98
11/2/2025 1:38:42,1.17.2,PRexp,10,3.82,nan,197,Left,Left,4856,263,311,36,nan,nan,0.13
11/2/2025 1:38:43,1.17.2,PRexp,10,3.82,nan,197,Left,Left,4857,263,311,36,nan,nan,0.02
11/2/2025 1:38:52,1.17.2,PRexp,10,3.82,nan,197,Left,Left,4858,263,311,36,nan,nan,0.86
11/2/2025 1:38:53,1.17.2,PRexp,10,3.83,nan,197,Left,Left,4859,263,311,36,nan,nan,0.00
11/2/2025 1:38:53,1.17.2,PRexp,10,3.82,nan,197,Left,Left,4860,263,311,36,nan,nan,0.07
11/2/2025 1:38:55,1.17.2,PRexp,10,3.82,nan,197,Left,Left,4861,263,311,36,nan,nan,0.01
11/2/2025 1:38:56,1.17.2,PRexp,10,3.82,nan,197,Left,Left,4862,263,311,36,nan,nan,0.02
11/2/2025 1:38:57,1.17.2,PRexp,10,3.82,nan,197,Left,Left,4863,263,311,36,nan,nan,0.03
11/2/2025 1:38:58,1.17.2,PRexp,10,3.82,nan,197,Left,Left,4864,263,311,36,nan,nan,0.07
11/2/2025 1:39:00,1.17.2,PRexp,10,3.82,nan,197,Left,Left,4865,263,311,36,nan,nan,0.69
11/2/2025 1:39:02,1.17.2,PRexp,10,3.83,nan,197,Left,Left,4866,263,311,36,nan,nan,0.02
11/2/2025 1:39:03,1.17.2,PRexp,10,3.82,nan,197,Left,Left,4867,263,311,36,nan,nan,0.04
11/2/2025 1:39:06,1.17.2,PRexp,10,3.82,nan,197,Left,Left,4868,263,311,36,nan,nan,0.58
11/2/2025 1:39:11,1.17.2,PRexp,10,3.82,nan,197,Left,Left,4869,263,311,36,nan,nan,1.34
11/2/2025 1:39:20,1.17.2,PRexp,10,3.82,nan,197,Left,Left,4870,263,311,36,nan,nan,0.09
11/2/2025 1:39:24,1.17.2,PRexp,10,3.83,nan,197,Left,Left,4871,263,311,36,nan,nan,0.60
11/2/2025 1:39:53,1.17.2,PRexp,10,3.82,nan,197,Left,Left,4872,263,311,36,nan,nan,0.65
11/2/2025 1:39:54,1.17.2,PRexp,10,3.82,nan,197,Left,Left,4873,263,311,36,nan,nan,0.19
11/2/2025 1:39:56,1.17.2,PRexp,10,3.82,nan,197,Left,Left,4874,263,311,36,nan,nan,0.18
11/2/2025 1:40:00,1.17.2,PRexp,10,3.82,nan,197,Left,Left,4875,263,311,36,nan,nan,0.61
11/2/2025 1:40:01,1.17.2,PRexp,10,3.82,nan,197,Left,Left,4876,263,311,36,nan,nan,0.00
11/2/2025 1:40:04,1.17.2,PRexp,10,3.83,nan,197,Left,Left,4877,263,311,36,nan,nan,0.12
11/2/2025 1:40:33,1.17.2,PRexp,10,3.82,nan,197,Left,Left,4878,263,311,36,nan,nan,0.04
11/2/2025 1:40:34,1.17.2,PRexp,10,3.82,nan,197,Left,Left,4879,263,311,36,nan,nan,0.00
11/2/2025 1:40:42,1.17.2,PRexp,10,3.82,nan,197,Left,Left,4880,263,311,36,nan,nan,0.10
11/2/2025 1:40:44,1.17.2,PRexp,10,3.82,nan,197,Left,Left,4881,263,311,36,nan,nan,0.28
11/2/2025 1:40:45,1.17.2,PRexp,10,3.82,nan,197,Left,Left,4882,263,311,36,nan,nan,0.14
11/2/2025 1:40:52,1.17.2,PRexp,10,3.82,nan,197,Left,Left,4883,263,311,36,nan,nan,0.13
11/2/2025 1:40:55,1.17.2,PRexp,10,3.82,nan,197,Left,Left,4884,263,311,36,nan,nan,0.16
11/2/2025 1:40:58,1.17.2,PRexp,10,3.82,nan,197,Left,Left,4885,263,311,36,nan,nan,1.21
11/2/2025 1:40:59,1.17.2,PRexp,10,3.83,nan,197,Left,Left,4886,263,311,36,nan,nan,0.00
11/2/2025 1:40:59,1.17.2,PRexp,10,3.82,nan,197,Left,Left,4887,263,311,36,nan,nan,0.19
11/2/2025 1:41:03,1.17.2,PRexp,10,3.82,nan,197,Left,Left,4888,263,311,36,nan,nan,0.19
11/2/2025 1:41:05,1.17.2,PRexp,10,3.82,nan,197,Left,Left,4889,263,311,36,nan,nan,0.37
11/2/2025 1:41:07,1.17.2,PRexp,10,3.82,nan,197,Left,Left,4890,263,311,36,nan,nan,0.07
11/2/2025 1:41:09,1.17.2,PRexp,10,3.83,nan,197,Left,Left,4891,263,311,36,nan,nan,0.39
11/2/2025 1:42:09,1.17.2,PRexp,10,3.82,nan,197,Left,Left,4892,263,311,36,nan,nan,0.07
11/2/2025 1:42:11,1.17.2,PRexp,10,3.82,nan,197,Left,Left,4893,263,311,36,nan,nan,0.14
11/2/2025 1:42:14,1.17.2,PRexp,10,3.83,nan,197,Left,Left,4894,263,311,36,nan,nan,0.80
11/2/2025 1:50:57,1.17.2,PRexp,10,3.82,nan,197,Left,Left,4895,263,311,36,nan,nan,0.42
11/2/2025 1:50:58,1.17.2,PRexp,10,3.82,nan,197,Left,Left,4896,263,311,36,nan,nan,0.48
11/2/2025 1:51:00,1.17.2,PRexp,10,3.82,nan,197,Left,Left,4897,263,311,36,nan,nan,0.10
11/2/2025 1:51:05,1.17.2,PRexp,10,3.82,nan,197,Left,Left,4898,263,311,36,nan,nan,1.56
11/2/2025 1:51:05,1.17.2,PRexp,10,3.82,nan,197,Left,Left,4899,263,311,36,nan,nan,0.00
11/2/2025 1:51:13,1.17.2,PRexp,10,3.82,nan,197,Left,Left,4900,263,311,36,nan,nan,0.19
11/2/2025 1:51:18,1.17.2,PRexp,10,3.82,nan,197,Left,Left,4901,263,311,36,nan,nan,0.18
11/2/2025 1:52:35,1.17.2,PRexp,10,3.82,nan,197,Left,Left,4902,263,311,36,nan,nan,50.10
11/2/2025 1:52:43,1.17.2,PRexp,10,3.82,nan,197,Left,Left,4903,263,311,36,nan,nan,5.00
11/2/2025 1:53:03,1.17.2,PRexp,10,3.82,nan,197,Left,Left,4904,263,311,36,nan,nan,0.54
11/2/2025 1:53:07,1.17.2,PRexp,10,3.82,nan,197,Left,Left,4905,263,311,36,nan,nan,0.16
11/2/2025 1:53:09,1.17.2,PRexp,10,3.82,nan,197,Left,Left,4906,263,311,36,nan,nan,0.15
11/2/2025 1:53:12,1.17.2,PRexp,10,3.82,nan,197,Left,Left,4907,263,311,36,nan,nan,0.44
11/2/2025 1:53:14,1.17.2,PRexp,10,3.82,nan,197,Left,Left,4908,263,311,36,nan,nan,1.11
11/2/2025 1:53:15,1.17.2,PRexp,10,3.82,nan,197,Left,Left,4909,263,311,36,nan,nan,0.69
11/2/2025 1:53:17,1.17.2,PRexp,10,3.82,nan,197,Left,Left,4910,263,311,36,nan,nan,0.02
11/2/2025 1:53:18,1.17.2,PRexp,10,3.82,nan,197,Left,Left,4911,263,311,36,nan,nan,0.56
11/2/2025 1:53:19,1.17.2,PRexp,10,3.83,nan,197,Left,Left,4912,263,311,36,nan,nan,0.00
11/2/2025 1:53:22,1.17.2,PRexp,10,3.82,nan,197,Left,Left,4913,263,311,36,nan,nan,0.17
11/2/2025 1:53:28,1.17.2,PRexp,10,3.82,nan,197,Left,Left,4914,263,311,36,nan,nan,0.60
11/2/2025 1:53:28,1.17.2,PRexp,10,3.82,nan,197,Left,Left,4915,263,311,36,nan,nan,0.00
11/2/2025 1:53:29,1.17.2,PRexp,10,3.82,nan,197,Left,Left,4916,263,311,36,nan,nan,0.00
11/2/2025 1:53:30,1.17.2,PRexp,10,3.82,nan,197,Left,Left,4917,263,311,36,nan,nan,0.04
11/2/2025 1:53:30,1.17.2,PRexp,10,3.82,nan,197,Left,Left,4918,263,311,36,nan,nan,0.02
11/2/2025 1:53:32,1.17.2,PRexp,10,3.83,nan,197,Left,Left,4919,263,311,36,nan,nan,0.03
11/2/2025 1:53:34,1.17.2,PRexp,10,3.82,nan,197,Left,Left,4920,263,311,36,nan,nan,0.07
11/2/2025 1:53:36,1.17.2,PRexp,10,3.82,nan,197,Left,Left,4921,263,311,36,nan,nan,0.91
11/2/2025 1:53:38,1.17.2,PRexp,10,3.82,nan,197,Left,Left,4922,263,311,36,nan,nan,0.00
11/2/2025 1:53:45,1.17.2,PRexp,10,3.82,nan,197,Left,Left,4923,263,311,36,nan,nan,0.09
11/2/2025 1:53:46,1.17.2,PRexp,10,3.82,nan,197,Left,Left,4924,263,311,36,nan,nan,0.01
11/2/2025 1:53:48,1.17.2,PRexp,10,3.82,nan,197,Left,Left,4925,263,311,36,nan,nan,0.11
11/2/2025 1:53:50,1.17.2,PRexp,10,3.82,nan,197,Left,Left,4926,263,311,36,nan,nan,0.12
11/2/2025 1:53:52,1.17.2,PRexp,10,3.82,nan,197,Left,Left,4927,263,311,36,nan,nan,0.11
11/2/2025 1:54:13,1.17.2,PRexp,10,3.82,nan,197,Left,Left,4928,263,311,36,nan,nan,0.79
11/2/2025 1:54:15,1.17.2,PRexp,10,3.82,nan,197,Left,Left,4929,263,311,36,nan,nan,0.66
11/2/2025 1:54:18,1.17.2,PRexp,10,3.82,nan,197,Left,Left,4930,263,311,36,nan,nan,0.35
11/2/2025 1:54:46,1.17.2,PRexp,10,3.82,nan,197,Left,Left,4931,263,311,36,nan,nan,0.22
11/2/2025 1:54:47,1.17.2,PRexp,10,3.83,nan,197,Left,Left,4932,263,311,36,nan,nan,0.05
11/2/2025 1:54:50,1.17.2,PRexp,10,3.82,nan,197,Left,Left,4933,263,311,36,nan,nan,0.17
11/2/2025 1:54:51,1.17.2,PRexp,10,3.82,nan,197,Left,Left,4934,263,311,36,nan,nan,0.00
11/2/2025 1:55:33,1.17.2,PRexp,10,3.82,nan,197,Left,Left,4935,263,311,36,nan,nan,1.53
11/2/2025 1:55:50,1.17.2,PRexp,10,3.82,nan,197,Left,Left,4936,263,311,36,nan,nan,0.20
11/2/2025 1:55:51,1.17.2,PRexp,10,3.82,nan,197,Left,Left,4937,263,311,36,nan,nan,0.01
11/2/2025 1:55:54,1.17.2,PRexp,10,3.82,nan,197,Left,Left,4938,263,311,36,nan,nan,0.12
11/2/2025 1:55:55,1.17.2,PRexp,10,3.82,nan,197,Left,Left,4939,263,311,36,nan,nan,0.42
11/2/2025 1:55:59,1.17.2,PRexp,10,3.82,nan,197,Left,Left,4940,263,311,36,nan,nan,0.80
11/2/2025 1:56:03,1.17.2,PRexp,10,3.82,nan,197,Left,Left,4941,263,311,36,nan,nan,0.02
11/2/2025 1:56:04,1.17.2,PRexp,10,3.82,nan,197,Left,Left,4942,263,311,36,nan,nan,0.02
11/2/2025 1:56:05,1.17.2,PRexp,10,3.83,nan,197,Left,Left,4943,263,311,36,nan,nan,0.31
11/2/2025 1:56:08,1.17.2,PRexp,10,3.82,nan,197,Left,Left,4944,263,311,36,nan,nan,0.21
11/2/2025 1:56:09,1.17.2,PRexp,10,3.82,nan,197,Left,Left,4945,263,311,36,nan,nan,0.00
11/2/2025 1:56:10,1.17.2,PRexp,10,3.82,nan,197,Left,Left,4946,263,311,36,nan,nan,0.03
11/2/2025 1:56:11,1.17.2,PRexp,10,3.82,nan,197,Left,Left,4947,263,311,36,nan,nan,0.01
11/2/2025 1:56:16,1.17.2,PRexp,10,3.82,nan,197,Left,Left,4948,263,311,36,nan,nan,0.61
11/2/2025 1:56:19,1.17.2,PRexp,10,3.82,nan,197,Left,Left,4949,263,311,36,nan,nan,0.21
11/2/2025 1:56:21,1.17.2,PRexp,10,3.82,nan,197,Left,Left,4950,263,311,36,nan,nan,0.31
11/2/2025 2:09:41,1.17.2,PRexp,10,3.82,nan,197,Left,Left,4951,263,311,36,nan,nan,0.01
11/2/2025 2:09:46,1.17.2,PRexp,10,3.82,nan,197,Left,Left,4952,263,311,36,nan,nan,0.83
11/2/2025 2:10:05,1.17.2,PRexp,10,3.82,nan,197,Left,Left,4953,263,311,36,nan,nan,1.34
11/2/2025 2:10:07,1.17.2,PRexp,10,3.82,nan,197,Left,Left,4954,263,311,36,nan,nan,0.00
11/2/2025 2:10:08,1.17.2,PRexp,10,3.82,nan,197,Left,Left,4955,263,311,36,nan,nan,0.39
11/2/2025 2:10:09,1.17.2,PRexp,10,3.83,nan,197,Left,Left,4956,263,311,36,nan,nan,0.07
11/2/2025 2:10:10,1.17.2,PRexp,10,3.82,nan,197,Left,Left,4957,263,311,36,nan,nan,0.01
11/2/2025 2:10:14,1.17.2,PRexp,10,3.82,nan,197,Left,Left,4958,263,311,36,nan,nan,0.01
11/2/2025 2:10:20,1.17.2,PRexp,10,3.82,nan,197,Left,Left,4959,263,311,36,nan,nan,0.13
11/2/2025 2:10:21,1.17.2,PRexp,10,3.82,nan,197,Left,Left,4960,263,311,36,nan,nan,0.02
11/2/2025 2:10:24,1.17.2,PRexp,10,3.82,nan,197,Left,Left,4961,263,311,36,nan,nan,0.03
11/2/2025 2:10:25,1.17.2,PRexp,10,3.82,nan,197,Left,Left,4962,263,311,36,nan,nan,0.00
11/2/2025 2:11:35,1.17.2,PRexp,10,3.82,nan,197,Left,Left,4963,263,311,36,nan,nan,0.17
11/2/2025 2:11:39,1.17.2,PRexp,10,3.82,nan,197,Left,Left,4964,263,311,36,nan,nan,0.04
11/2/2025 2:11:55,1.17.2,PRexp,10,3.82,nan,197,Left,Left,4965,263,311,36,nan,nan,0.43
11/2/2025 2:11:59,1.17.2,PRexp,10,3.83,nan,197,Left,Left,4966,263,311,36,nan,nan,0.41
11/2/2025 2:14:14,1.17.2,PRexp,10,3.83,nan,197,Left,Left,4967,263,311,36,nan,nan,0.72
11/2/2025 2:14:16,1.17.2,PRexp,10,3.82,nan,197,Left,Left,4968,263,311,36,nan,nan,0.20
11/2/2025 2:14:19,1.17.2,PRexp,10,3.82,nan,197,Left,Left,4969,263,311,36,nan,nan,0.14
11/2/2025 2:14:22,1.17.2,PRexp,10,3.82,nan,197,Left,Left,4970,263,311,36,nan,nan,0.30
11/2/2025 2:14:23,1.17.2,PRexp,10,3.82,nan,197,Left,Left,4971,263,311,36,nan,nan,0.23
11/2/2025 2:14:30,1.17.2,PRexp,10,3.82,nan,197,Left,Left,4972,263,311,36,nan,nan,0.10
11/2/2025 2:14:32,1.17.2,PRexp,10,3.82,nan,197,Left,Left,4973,263,311,36,nan,nan,0.09
11/2/2025 2:15:09,1.17.2,PRexp,10,3.82,nan,197,Left,Left,4974,263,311,36,nan,nan,0.19
11/2/2025 2:15:15,1.17.2,PRexp,10,3.82,nan,197,Left,Left,4975,263,311,36,nan,nan,0.02
11/2/2025 2:15:16,1.17.2,PRexp,10,3.82,nan,197,Left,Left,4976,263,311,36,nan,nan,0.00
11/2/2025 2:15:21,1.17.2,PRexp,10,3.82,nan,197,Left,Left,4977,263,311,36,nan,nan,0.39
11/2/2025 2:15:33,1.17.2,PRexp,10,3.82,nan,197,Left,Left,4978,263,311,36,nan,nan,0.01
11/2/2025 2:15:35,1.17.2,PRexp,10,3.82,nan,197,Left,Left,4979,263,311,36,nan,nan,0.04
11/2/2025 2:16:05,1.17.2,PRexp,10,3.82,nan,197,Left,Left,4980,263,311,36,nan,nan,0.01
11/2/2025 2:16:09,1.17.2,PRexp,10,3.82,nan,197,Left,Left,4981,263,311,36,nan,nan,0.02
11/2/2025 2:23:08,1.17.2,PRexp,10,3.82,nan,197,Left,Left,4982,263,311,36,nan,nan,0.18
11/2/2025 2:23:19,1.17.2,PRexp,10,3.82,nan,197,Left,Left,4983,263,311,36,nan,nan,0.15
11/2/2025 2:23:19,1.17.2,PRexp,10,3.82,nan,197,Left,Left,4984,263,311,36,nan,nan,0.04
11/2/2025 2:23:22,1.17.2,PRexp,10,3.82,nan,197,Left,Left,4985,263,311,36,nan,nan,0.40
11/2/2025 2:23:28,1.17.2,PRexp,10,3.82,nan,197,Left,Left,4986,263,311,36,nan,nan,0.13
11/2/2025 2:23:30,1.17.2,PRexp,10,3.82,nan,197,Left,Left,4987,263,311,36,nan,nan,1.20
11/2/2025 2:23:37,1.17.2,PRexp,10,3.83,nan,197,Left,Left,4988,263,311,36,nan,nan,1.24
11/2/2025 2:23:40,1.17.2,PRexp,10,3.82,nan,197,Left,Left,4989,263,311,36,nan,nan,0.06
11/2/2025 2:23:46,1.17.2,PRexp,10,3.82,nan,197,Left,Left,4990,263,311,36,nan,nan,0.58
11/2/2025 2:23:59,1.17.2,PRexp,10,3.82,nan,197,Left,Left,4991,263,311,36,nan,nan,0.49
11/2/2025 2:24:09,1.17.2,PRexp,10,3.82,nan,197,Left,Left,4992,263,311,36,nan,nan,0.15
11/2/2025 2:24:09,1.17.2,PRexp,10,3.82,nan,197,Left,Left,4993,263,311,36,nan,nan,0.23
11/2/2025 2:24:13,1.17.2,PRexp,10,3.82,nan,197,Left,Left,4994,263,311,36,nan,nan,0.17
11/2/2025 2:24:33,1.17.2,PRexp,10,3.82,nan,197,Left,Left,4995,263,311,36,nan,nan,0.31
11/2/2025 2:28:55,1.17.2,PRexp,10,3.82,nan,197,Left,Left,4996,263,311,36,nan,nan,0.41
11/2/2025 2:28:57,1.17.2,PRexp,10,3.82,nan,197,Left,Left,4997,263,311,36,nan,nan,0.05
11/2/2025 2:29:01,1.17.2,PRexp,10,3.82,nan,197,Left,Left,4998,263,311,36,nan,nan,1.07
11/2/2025 2:29:07,1.17.2,PRexp,10,3.82,nan,197,Left,Left,4999,263,311,36,nan,nan,0.12
11/2/2025 2:29:13,1.17.2,PRexp,10,3.82,nan,197,Left,Left,5000,263,311,36,nan,nan,0.02
11/2/2025 2:29:23,1.17.2,PRexp,10,3.82,6,197,Pellet,Left,5000,263,312,37,0.11,4608,nan
11/2/2025 2:31:43,1.17.2,PRexp,10,3.82,nan,219,Left,Left,5001,263,312,37,nan,nan,0.07
11/2/2025 2:31:44,1.17.2,PRexp,10,3.82,nan,219,Left,Left,5002,263,312,37,nan,nan,0.10
11/2/2025 2:31:58,1.17.2,PRexp,10,3.82,nan,219,Left,Left,5003,263,312,37,nan,nan,0.07
11/2/2025 2:32:09,1.17.2,PRexp,10,3.82,nan,219,Left,Left,5004,263,312,37,nan,nan,0.19
11/2/2025 2:32:53,1.17.2,PRexp,10,3.82,nan,219,Left,Left,5005,263,312,37,nan,nan,0.13
11/2/2025 2:32:57,1.17.2,PRexp,10,3.82,nan,219,Left,Left,5006,263,312,37,nan,nan,0.07
11/2/2025 2:32:58,1.17.2,PRexp,10,3.82,nan,219,Left,Left,5007,263,312,37,nan,nan,0.00
11/2/2025 2:33:13,1.17.2,PRexp,10,3.82,nan,219,Left,Left,5008,263,312,37,nan,nan,0.13
11/2/2025 2:33:15,1.17.2,PRexp,10,3.82,nan,219,Left,Left,5009,263,312,37,nan,nan,0.10
11/2/2025 2:33:18,1.17.2,PRexp,10,3.82,nan,219,Left,Left,5010,263,312,37,nan,nan,0.08
11/2/2025 2:33:19,1.17.2,PRexp,10,3.82,nan,219,Left,Left,5011,263,312,37,nan,nan,0.01
11/2/2025 2:33:23,1.17.2,PRexp,10,3.83,nan,219,Left,Left,5012,263,312,37,nan,nan,0.42
11/2/2025 2:33:28,1.17.2,PRexp,10,3.83,nan,219,Left,Left,5013,263,312,37,nan,nan,0.01
11/2/2025 2:33:32,1.17.2,PRexp,10,3.83,nan,219,Left,Left,5014,263,312,37,nan,nan,0.05
11/2/2025 2:33:35,1.17.2,PRexp,10,3.82,nan,219,Left,Left,5015,263,312,37,nan,nan,0.32
11/2/2025 2:33:41,1.17.2,PRexp,10,3.82,nan,219,Left,Left,5016,263,312,37,nan,nan,0.00
11/2/2025 2:34:00,1.17.2,PRexp,10,3.82,nan,219,Left,Left,5017,263,312,37,nan,nan,0.02
11/2/2025 2:34:01,1.17.2,PRexp,10,3.82,nan,219,Left,Left,5018,263,312,37,nan,nan,0.02
11/2/2025 2:34:05,1.17.2,PRexp,10,3.82,nan,219,Left,Left,5019,263,312,37,nan,nan,0.12
11/2/2025 2:34:06,1.17.2,PRexp,10,3.82,nan,219,Left,Left,5020,263,312,37,nan,nan,0.06
11/2/2025 2:34:12,1.17.2,PRexp,10,3.82,nan,219,Left,Left,5021,263,312,37,nan,nan,0.07
11/2/2025 2:34:16,1.17.2,PRexp,10,3.82,nan,219,Left,Left,5022,263,312,37,nan,nan,0.06
11/2/2025 2:34:17,1.17.2,PRexp,10,3.82,nan,219,Left,Left,5023,263,312,37,nan,nan,0.03
11/2/2025 2:34:18,1.17.2,PRexp,10,3.82,nan,219,Left,Left,5024,263,312,37,nan,nan,0.02
11/2/2025 2:34:31,1.17.2,PRexp,10,3.83,nan,219,Left,Left,5025,263,312,37,nan,nan,0.11
11/2/2025 2:34:32,1.17.2,PRexp,10,3.82,nan,219,Left,Left,5026,263,312,37,nan,nan,0.06
11/2/2025 2:34:34,1.17.2,PRexp,10,3.82,nan,219,Left,Left,5027,263,312,37,nan,nan,0.08
11/2/2025 2:34:35,1.17.2,PRexp,10,3.82,nan,219,Left,Left,5028,263,312,37,nan,nan,0.05
11/2/2025 2:35:24,1.17.2,PRexp,10,3.82,nan,219,Left,Left,5029,263,312,37,nan,nan,0.12
11/2/2025 2:35:25,1.17.2,PRexp,10,3.82,nan,219,Left,Left,5030,263,312,37,nan,nan,0.15
11/2/2025 2:39:05,1.17.2,PRexp,10,3.82,nan,219,Right,Left,5030,264,312,37,nan,nan,0.09
11/2/2025 2:39:06,1.17.2,PRexp,10,3.82,nan,219,Right,Left,5030,265,312,37,nan,nan,0.03
11/2/2025 2:39:08,1.17.2,PRexp,10,3.82,nan,219,Right,Left,5030,266,312,37,nan,nan,0.54
11/2/2025 2:39:12,1.17.2,PRexp,10,3.82,nan,219,Right,Left,5030,267,312,37,nan,nan,0.02
11/2/2025 2:39:14,1.17.2,PRexp,10,3.82,nan,219,Right,Left,5030,268,312,37,nan,nan,0.00
11/2/2025 2:39:16,1.17.2,PRexp,10,3.82,nan,219,Right,Left,5030,269,312,37,nan,nan,0.06
11/2/2025 2:39:17,1.17.2,PRexp,10,3.82,nan,219,Right,Left,5030,270,312,37,nan,nan,0.02
11/2/2025 2:39:25,1.17.2,PRexp,10,3.82,nan,219,Left,Left,5031,270,312,37,nan,nan,0.06
11/2/2025 2:39:26,1.17.2,PRexp,10,3.82,nan,219,Left,Left,5032,270,312,37,nan,nan,0.01
11/2/2025 2:39:29,1.17.2,PRexp,10,3.82,nan,219,Left,Left,5033,270,312,37,nan,nan,0.05
11/2/2025 2:39:30,1.17.2,PRexp,10,3.82,nan,219,Left,Left,5034,270,312,37,nan,nan,0.27
11/2/2025 2:39:36,1.17.2,PRexp,10,3.82,nan,219,Left,Left,5035,270,312,37,nan,nan,0.23
11/2/2025 2:39:39,1.17.2,PRexp,10,3.82,nan,219,Left,Left,5036,270,312,37,nan,nan,0.02
11/2/2025 2:39:42,1.17.2,PRexp,10,3.82,nan,219,Left,Left,5037,270,312,37,nan,nan,0.05
11/2/2025 2:39:46,1.17.2,PRexp,10,3.82,nan,219,Left,Left,5038,270,312,37,nan,nan,0.23
11/2/2025 2:39:47,1.17.2,PRexp,10,3.82,nan,219,Left,Left,5039,270,312,37,nan,nan,0.00
11/2/2025 2:39:49,1.17.2,PRexp,10,3.82,nan,219,Left,Left,5040,270,312,37,nan,nan,0.02
11/2/2025 2:40:05,1.17.2,PRexp,10,3.82,nan,219,Left,Left,5041,270,312,37,nan,nan,0.15
11/2/2025 2:40:07,1.17.2,PRexp,10,3.82,nan,219,Left,Left,5042,270,312,37,nan,nan,0.02
11/2/2025 2:41:39,1.17.2,PRexp,10,3.82,nan,219,Left,Left,5043,270,312,37,nan,nan,0.14
11/2/2025 2:41:44,1.17.2,PRexp,10,3.82,nan,219,Left,Left,5044,270,312,37,nan,nan,0.08
11/2/2025 2:41:48,1.17.2,PRexp,10,3.82,nan,219,Left,Left,5045,270,312,37,nan,nan,0.02
11/2/2025 2:41:53,1.17.2,PRexp,10,3.82,nan,219,Left,Left,5046,270,312,37,nan,nan,0.05
11/2/2025 2:41:54,1.17.2,PRexp,10,3.82,nan,219,Left,Left,5047,270,312,37,nan,nan,0.02
11/2/2025 2:41:58,1.17.2,PRexp,10,3.82,nan,219,Left,Left,5048,270,312,37,nan,nan,0.07
11/2/2025 2:41:58,1.17.2,PRexp,10,3.82,nan,219,Left,Left,5049,270,312,37,nan,nan,0.00
11/2/2025 2:42:10,1.17.2,PRexp,10,3.83,nan,219,Right,Left,5049,271,312,37,nan,nan,0.15
11/2/2025 2:43:09,1.17.2,PRexp,10,3.82,nan,219,Left,Left,5050,271,312,37,nan,nan,0.00
11/2/2025 2:43:32,1.17.2,PRexp,10,3.82,nan,219,Right,Left,5050,272,312,37,nan,nan,0.01
11/2/2025 2:43:32,1.17.2,PRexp,10,3.82,nan,219,Right,Left,5050,273,312,37,nan,nan,0.06
11/2/2025 2:43:35,1.17.2,PRexp,10,3.82,nan,219,Right,Left,5050,274,312,37,nan,nan,0.36
11/2/2025 2:43:42,1.17.2,PRexp,10,3.82,nan,219,Left,Left,5051,274,312,37,nan,nan,0.00
11/2/2025 2:44:48,1.17.2,PRexp,10,3.82,nan,219,Left,Left,5052,274,312,37,nan,nan,0.01
11/2/2025 2:44:51,1.17.2,PRexp,10,3.82,nan,219,Left,Left,5053,274,312,37,nan,nan,0.11
11/2/2025 2:45:34,1.17.2,PRexp,10,3.82,nan,219,Left,Left,5054,274,312,37,nan,nan,0.21
11/2/2025 2:45:35,1.17.2,PRexp,10,3.82,nan,219,Left,Left,5055,274,312,37,nan,nan,0.00
11/2/2025 2:45:37,1.17.2,PRexp,10,3.82,nan,219,Left,Left,5056,274,312,37,nan,nan,0.02
11/2/2025 2:45:39,1.17.2,PRexp,10,3.82,nan,219,Left,Left,5057,274,312,37,nan,nan,0.12
11/2/2025 2:45:40,1.17.2,PRexp,10,3.82,nan,219,Left,Left,5058,274,312,37,nan,nan,0.06
11/2/2025 2:45:46,1.17.2,PRexp,10,3.82,nan,219,Left,Left,5059,274,312,37,nan,nan,0.01
11/2/2025 2:48:45,1.17.2,PRexp,10,3.82,nan,219,Left,Left,5060,274,312,37,nan,nan,0.11
11/2/2025 2:48:48,1.17.2,PRexp,10,3.82,nan,219,Left,Left,5061,274,312,37,nan,nan,0.21
11/2/2025 2:48:55,1.17.2,PRexp,10,3.82,nan,219,Left,Left,5062,274,312,37,nan,nan,0.06
11/2/2025 2:48:58,1.17.2,PRexp,10,3.82,nan,219,Left,Left,5063,274,312,37,nan,nan,0.03
11/2/2025 2:49:15,1.17.2,PRexp,10,3.82,nan,219,Left,Left,5064,274,312,37,nan,nan,0.13
11/2/2025 2:49:22,1.17.2,PRexp,10,3.82,nan,219,Left,Left,5065,274,312,37,nan,nan,0.01
11/2/2025 2:49:29,1.17.2,PRexp,10,3.82,nan,219,Left,Left,5066,274,312,37,nan,nan,0.06
11/2/2025 2:50:56,1.17.2,PRexp,10,3.82,nan,219,Left,Left,5067,274,312,37,nan,nan,0.03
11/2/2025 2:51:00,1.17.2,PRexp,10,3.82,nan,219,Left,Left,5068,274,312,37,nan,nan,0.15
11/2/2025 2:51:07,1.17.2,PRexp,10,3.82,nan,219,Left,Left,5069,274,312,37,nan,nan,0.30
11/2/2025 2:51:15,1.17.2,PRexp,10,3.82,nan,219,Left,Left,5070,274,312,37,nan,nan,0.03
11/2/2025 2:51:34,1.17.2,PRexp,10,3.82,nan,219,Left,Left,5071,274,312,37,nan,nan,0.02
11/2/2025 2:51:36,1.17.2,PRexp,10,3.82,nan,219,Left,Left,5072,274,312,37,nan,nan,0.10
11/2/2025 2:52:05,1.17.2,PRexp,10,3.82,nan,219,Left,Left,5073,274,312,37,nan,nan,0.16
11/2/2025 2:52:06,1.17.2,PRexp,10,3.82,nan,219,Left,Left,5074,274,312,37,nan,nan,0.60
11/2/2025 2:52:08,1.17.2,PRexp,10,3.82,nan,219,Left,Left,5075,274,312,37,nan,nan,0.40
11/2/2025 2:52:09,1.17.2,PRexp,10,3.82,nan,219,Left,Left,5076,274,312,37,nan,nan,0.00
11/2/2025 2:52:11,1.17.2,PRexp,10,3.82,nan,219,Left,Left,5077,274,312,37,nan,nan,0.16
11/2/2025 2:54:54,1.17.2,PRexp,10,3.83,nan,219,Right,Left,5077,275,312,37,nan,nan,0.01
11/2/2025 2:54:57,1.17.2,PRexp,10,3.82,nan,219,Right,Left,5077,276,312,37,nan,nan,0.11
11/2/2025 2:55:47,1.17.2,PRexp,10,3.82,nan,219,Left,Left,5078,276,312,37,nan,nan,0.11
11/2/2025 2:55:48,1.17.2,PRexp,10,3.82,nan,219,Left,Left,5079,276,312,37,nan,nan,0.25
11/2/2025 2:55:49,1.17.2,PRexp,10,3.82,nan,219,Left,Left,5080,276,312,37,nan,nan,0.27
11/2/2025 2:58:16,1.17.2,PRexp,10,3.82,nan,219,Left,Left,5081,276,312,37,nan,nan,0.02
11/2/2025 2:58:17,1.17.2,PRexp,10,3.82,nan,219,Left,Left,5082,276,312,37,nan,nan,0.05
11/2/2025 2:58:20,1.17.2,PRexp,10,3.82,nan,219,Left,Left,5083,276,312,37,nan,nan,0.05
11/2/2025 2:58:25,1.17.2,PRexp,10,3.82,nan,219,Left,Left,5084,276,312,37,nan,nan,0.05
11/2/2025 2:58:26,1.17.2,PRexp,10,3.82,nan,219,Left,Left,5085,276,312,37,nan,nan,0.09
11/2/2025 2:58:30,1.17.2,PRexp,10,3.82,nan,219,Left,Left,5086,276,312,37,nan,nan,0.02
11/2/2025 2:58:33,1.17.2,PRexp,10,3.82,nan,219,Left,Left,5087,276,312,37,nan,nan,0.01
11/2/2025 2:59:01,1.17.2,PRexp,10,3.82,nan,219,Left,Left,5088,276,312,37,nan,nan,0.01
11/2/2025 2:59:02,1.17.2,PRexp,10,3.82,nan,219,Left,Left,5089,276,312,37,nan,nan,0.00
11/2/2025 2:59:04,1.17.2,PRexp,10,3.82,nan,219,Left,Left,5090,276,312,37,nan,nan,0.02
11/2/2025 2:59:25,1.17.2,PRexp,10,3.82,nan,219,Left,Left,5091,276,312,37,nan,nan,0.04
11/2/2025 2:59:28,1.17.2,PRexp,10,3.82,nan,219,Left,Left,5092,276,312,37,nan,nan,0.01
11/2/2025 2:59:32,1.17.2,PRexp,10,3.82,nan,219,Left,Left,5093,276,312,37,nan,nan,0.17
11/2/2025 2:59:32,1.17.2,PRexp,10,3.82,nan,219,Left,Left,5094,276,312,37,nan,nan,0.00
11/2/2025 2:59:33,1.17.2,PRexp,10,3.82,nan,219,Left,Left,5095,276,312,37,nan,nan,0.00
11/2/2025 2:59:35,1.17.2,PRexp,10,3.82,nan,219,Left,Left,5096,276,312,37,nan,nan,0.49
11/2/2025 2:59:40,1.17.2,PRexp,10,3.82,nan,219,Left,Left,5097,276,312,37,nan,nan,0.89
11/2/2025 2:59:41,1.17.2,PRexp,10,3.82,nan,219,Left,Left,5098,276,312,37,nan,nan,0.14
11/2/2025 2:59:45,1.17.2,PRexp,10,3.82,nan,219,Left,Left,5099,276,312,37,nan,nan,0.17
11/2/2025 3:06:31,1.17.2,PRexp,10,3.82,nan,219,Right,Left,5099,277,312,37,nan,nan,0.01
11/2/2025 3:07:46,1.17.2,PRexp,10,3.82,nan,219,Left,Left,5100,277,312,37,nan,nan,0.02
11/2/2025 3:07:47,1.17.2,PRexp,10,3.82,nan,219,Left,Left,5101,277,312,37,nan,nan,0.07
11/2/2025 3:07:49,1.17.2,PRexp,10,3.82,nan,219,Left,Left,5102,277,312,37,nan,nan,0.12
11/2/2025 3:07:55,1.17.2,PRexp,10,3.82,nan,219,Left,Left,5103,277,312,37,nan,nan,0.03
11/2/2025 3:08:11,1.17.2,PRexp,10,3.82,nan,219,Left,Left,5104,277,312,37,nan,nan,0.01
11/2/2025 3:08:13,1.17.2,PRexp,10,3.82,nan,219,Left,Left,5105,277,312,37,nan,nan,0.08
11/2/2025 3:08:14,1.17.2,PRexp,10,3.82,nan,219,Left,Left,5106,277,312,37,nan,nan,0.02
11/2/2025 3:08:36,1.17.2,PRexp,10,3.82,nan,219,Left,Left,5107,277,312,37,nan,nan,0.02
11/2/2025 3:08:45,1.17.2,PRexp,10,3.82,nan,219,Left,Left,5108,277,312,37,nan,nan,0.01
11/2/2025 3:08:57,1.17.2,PRexp,10,3.82,nan,219,Left,Left,5109,277,312,37,nan,nan,0.03
11/2/2025 3:08:58,1.17.2,PRexp,10,3.82,nan,219,Left,Left,5110,277,312,37,nan,nan,0.22
11/2/2025 3:09:00,1.17.2,PRexp,10,3.82,nan,219,Left,Left,5111,277,312,37,nan,nan,0.31
11/2/2025 3:09:00,1.17.2,PRexp,10,3.82,nan,219,Left,Left,5112,277,312,37,nan,nan,0.13
11/2/2025 3:09:03,1.17.2,PRexp,10,3.82,nan,219,Left,Left,5113,277,312,37,nan,nan,0.01
11/2/2025 3:09:04,1.17.2,PRexp,10,3.82,nan,219,Left,Left,5114,277,312,37,nan,nan,0.13
11/2/2025 3:09:05,1.17.2,PRexp,10,3.82,nan,219,Left,Left,5115,277,312,37,nan,nan,0.00
11/2/2025 3:09:11,1.17.2,PRexp,10,3.82,nan,219,Left,Left,5116,277,312,37,nan,nan,0.13
11/2/2025 3:09:12,1.17.2,PRexp,10,3.82,nan,219,Left,Left,5117,277,312,37,nan,nan,0.00
11/2/2025 3:09:18,1.17.2,PRexp,10,3.82,nan,219,Left,Left,5118,277,312,37,nan,nan,0.11
11/2/2025 3:09:51,1.17.2,PRexp,10,3.82,nan,219,Left,Left,5119,277,312,37,nan,nan,0.19
11/2/2025 3:09:53,1.17.2,PRexp,10,3.82,nan,219,Left,Left,5120,277,312,37,nan,nan,0.02
11/2/2025 3:16:02,1.17.2,PRexp,10,3.82,nan,219,Left,Left,5121,277,312,37,nan,nan,0.45
11/2/2025 3:16:03,1.17.2,PRexp,10,3.82,nan,219,Left,Left,5122,277,312,37,nan,nan,0.00
11/2/2025 3:16:04,1.17.2,PRexp,10,3.82,nan,219,Left,Left,5123,277,312,37,nan,nan,0.04
11/2/2025 3:16:06,1.17.2,PRexp,10,3.82,nan,219,Left,Left,5124,277,312,37,nan,nan,0.24
11/2/2025 3:16:07,1.17.2,PRexp,10,3.82,nan,219,Left,Left,5125,277,312,37,nan,nan,0.00
11/2/2025 3:16:08,1.17.2,PRexp,10,3.82,nan,219,Left,Left,5126,277,312,37,nan,nan,0.22
11/2/2025 3:16:56,1.17.2,PRexp,10,3.82,nan,219,Left,Left,5127,277,312,37,nan,nan,40.63
11/2/2025 3:17:07,1.17.2,PRexp,10,3.82,nan,219,Left,Left,5128,277,312,37,nan,nan,1.47
11/2/2025 3:17:08,1.17.2,PRexp,10,3.82,nan,219,Left,Left,5129,277,312,37,nan,nan,0.84
11/2/2025 3:17:11,1.17.2,PRexp,10,3.82,nan,219,Left,Left,5130,277,312,37,nan,nan,0.61
11/2/2025 3:17:12,1.17.2,PRexp,10,3.82,nan,219,Left,Left,5131,277,312,37,nan,nan,0.00
11/2/2025 3:17:14,1.17.2,PRexp,10,3.82,nan,219,Left,Left,5132,277,312,37,nan,nan,0.20
11/2/2025 3:18:48,1.17.2,PRexp,10,3.82,nan,219,Left,Left,5133,277,312,37,nan,nan,0.25
11/2/2025 3:19:23,1.17.2,PRexp,10,3.82,nan,219,Left,Left,5134,277,312,37,nan,nan,0.33
11/2/2025 3:19:23,1.17.2,PRexp,10,3.82,nan,219,Left,Left,5135,277,312,37,nan,nan,0.03
11/2/2025 3:19:24,1.17.2,PRexp,10,3.82,nan,219,Left,Left,5136,277,312,37,nan,nan,0.09
11/2/2025 3:19:41,1.17.2,PRexp,10,3.82,nan,219,Left,Left,5137,277,312,37,nan,nan,0.09
11/2/2025 3:45:40,1.17.2,PRexp,10,3.82,nan,219,Left,Left,5138,277,312,37,nan,nan,1558.36
11/2/2025 3:45:41,1.17.2,PRexp,10,3.82,nan,219,Left,Left,5139,277,312,37,nan,nan,0.00
11/2/2025 3:45:47,1.17.2,PRexp,10,3.82,nan,219,Left,Left,5140,277,312,37,nan,nan,0.18
11/2/2025 3:46:04,1.17.2,PRexp,10,3.82,nan,219,Left,Left,5141,277,312,37,nan,nan,0.66
11/2/2025 3:46:08,1.17.2,PRexp,10,3.82,nan,219,Left,Left,5142,277,312,37,nan,nan,0.96
11/2/2025 3:46:10,1.17.2,PRexp,10,3.82,nan,219,Left,Left,5143,277,312,37,nan,nan,0.63
11/2/2025 3:46:12,1.17.2,PRexp,10,3.82,nan,219,Left,Left,5144,277,312,37,nan,nan,0.50
11/2/2025 3:46:15,1.17.2,PRexp,10,3.82,nan,219,Left,Left,5145,277,312,37,nan,nan,0.40
11/2/2025 3:46:18,1.17.2,PRexp,10,3.82,nan,219,Left,Left,5146,277,312,37,nan,nan,1.04
11/2/2025 3:46:19,1.17.2,PRexp,10,3.82,nan,219,Left,Left,5147,277,312,37,nan,nan,0.11
11/2/2025 3:46:20,1.17.2,PRexp,10,3.82,nan,219,Left,Left,5148,277,312,37,nan,nan,0.63
11/2/2025 3:46:24,1.17.2,PRexp,10,3.82,nan,219,Left,Left,5149,277,312,37,nan,nan,0.19
11/2/2025 3:46:27,1.17.2,PRexp,10,3.82,nan,219,Left,Left,5150,277,312,37,nan,nan,1.04
11/2/2025 3:46:28,1.17.2,PRexp,10,3.82,nan,219,Left,Left,5151,277,312,37,nan,nan,0.00
11/2/2025 3:46:30,1.17.2,PRexp,10,3.82,nan,219,Left,Left,5152,277,312,37,nan,nan,0.07
11/2/2025 3:46:32,1.17.2,PRexp,10,3.82,nan,219,Left,Left,5153,277,312,37,nan,nan,1.18
11/2/2025 3:59:27,1.17.2,PRexp,10,3.82,nan,219,Left,Left,5154,277,312,37,nan,nan,0.03
11/2/2025 3:59:30,1.17.2,PRexp,10,3.82,nan,219,Left,Left,5155,277,312,37,nan,nan,1.26
11/2/2025 4:00:03,1.17.2,PRexp,10,3.82,nan,219,Left,Left,5156,277,312,37,nan,nan,1.25
11/2/2025 4:00:04,1.17.2,PRexp,10,3.82,nan,219,Left,Left,5157,277,312,37,nan,nan,0.00
11/2/2025 4:00:08,1.17.2,PRexp,10,3.80,nan,219,Left,Left,5158,277,312,37,nan,nan,2.62
11/2/2025 4:00:15,1.17.2,PRexp,10,3.82,nan,219,Left,Left,5159,277,312,37,nan,nan,1.47
11/2/2025 4:00:17,1.17.2,PRexp,10,3.82,nan,219,Left,Left,5160,277,312,37,nan,nan,1.45
11/2/2025 4:00:21,1.17.2,PRexp,10,3.82,nan,219,Left,Left,5161,277,312,37,nan,nan,0.00
11/2/2025 4:00:23,1.17.2,PRexp,10,3.82,nan,219,Left,Left,5162,277,312,37,nan,nan,0.45
11/2/2025 4:00:25,1.17.2,PRexp,10,3.82,nan,219,Left,Left,5163,277,312,37,nan,nan,0.23
11/2/2025 4:00:39,1.17.2,PRexp,10,3.82,nan,219,Left,Left,5164,277,312,37,nan,nan,0.32
11/2/2025 4:34:05,1.17.2,PRexp,10,3.82,nan,1,Left,Left,5165,277,312,0,nan,nan,1.81
11/2/2025 4:34:05,1.17.2,PRexp,10,3.82,nan,1,LeftDuringDispense,Left,5166,277,312,1,nan,nan,0.15
11/2/2025 4:34:16,1.17.2,PRexp,10,3.82,6,1,Pellet,Left,5166,277,313,1,0.83,7492,nan
11/2/2025 4:35:33,1.17.2,PRexp,10,3.82,nan,1,Left,Left,5167,277,313,1,nan,nan,1.10
11/2/2025 4:35:41,1.17.2,PRexp,10,3.82,5,1,Pellet,Left,5167,277,314,2,0.83,86,nan
11/2/2025 4:37:07,1.17.2,PRexp,10,3.82,nan,2,Left,Left,5168,277,314,2,nan,nan,0.25
11/2/2025 4:37:08,1.17.2,PRexp,10,3.81,nan,2,Left,Left,5169,277,314,2,nan,nan,0.46
11/2/2025 4:37:16,1.17.2,PRexp,10,3.82,5,2,Pellet,Left,5169,277,315,3,0.05,95,nan
11/2/2025 4:38:06,1.17.2,PRexp,10,3.82,nan,2,Left,Left,5170,277,315,3,nan,nan,0.06
11/2/2025 4:38:09,1.17.2,PRexp,10,3.82,nan,2,Left,Left,5171,277,315,3,nan,nan,0.17
11/2/2025 4:38:17,1.17.2,PRexp,10,3.81,5,2,Pellet,Left,5171,277,316,4,0.39,61,nan
11/2/2025 4:41:20,1.17.2,PRexp,10,3.82,nan,3,Left,Left,5172,277,316,4,nan,nan,0.58
11/2/2025 4:41:24,1.17.2,PRexp,10,3.82,nan,3,Left,Left,5173,277,316,4,nan,nan,0.22
11/2/2025 4:41:28,1.17.2,PRexp,10,3.82,nan,3,Left,Left,5174,277,316,4,nan,nan,0.18
11/2/2025 4:41:36,1.17.2,PRexp,10,3.82,5,3,Pellet,Left,5174,277,317,5,0.05,199,nan
11/2/2025 4:42:54,1.17.2,PRexp,10,3.82,nan,4,Left,Left,5175,277,317,5,nan,nan,0.21
11/2/2025 4:42:56,1.17.2,PRexp,10,3.82,nan,4,Left,Left,5176,277,317,5,nan,nan,0.39
11/2/2025 4:42:59,1.17.2,PRexp,10,3.82,nan,4,Left,Left,5177,277,317,5,nan,nan,0.33
11/2/2025 4:43:01,1.17.2,PRexp,10,3.82,nan,4,Left,Left,5178,277,317,5,nan,nan,0.02
11/2/2025 4:43:01,1.17.2,PRexp,10,3.82,nan,4,LeftDuringDispense,Left,5179,277,317,6,nan,nan,0.07
11/2/2025 4:43:11,1.17.2,PRexp,10,3.82,6,4,Pellet,Left,5179,277,318,6,0.05,95,nan
11/2/2025 4:44:03,1.17.2,PRexp,10,3.82,nan,5,Left,Left,5180,277,318,6,nan,nan,0.55
11/2/2025 4:44:04,1.17.2,PRexp,10,3.82,nan,5,Left,Left,5181,277,318,6,nan,nan,0.24
11/2/2025 4:44:05,1.17.2,PRexp,10,3.82,nan,5,Left,Left,5182,277,318,6,nan,nan,0.00
11/2/2025 4:44:09,1.17.2,PRexp,10,3.82,nan,5,Left,Left,5183,277,318,6,nan,nan,0.94
11/2/2025 4:44:14,1.17.2,PRexp,10,3.82,nan,5,Left,Left,5184,277,318,6,nan,nan,1.04
11/2/2025 4:44:18,1.17.2,PRexp,10,3.82,2,5,Pellet,Left,5184,277,319,7,3.06,67,nan
11/2/2025 4:45:40,1.17.2,PRexp,10,3.82,nan,6,Left,Left,5185,277,319,7,nan,nan,0.07
11/2/2025 4:45:42,1.17.2,PRexp,10,3.82,nan,6,Left,Left,5186,277,319,7,nan,nan,0.27
11/2/2025 4:45:44,1.17.2,PRexp,10,3.82,nan,6,Left,Left,5187,277,319,7,nan,nan,0.18
11/2/2025 4:45:47,1.17.2,PRexp,10,3.82,nan,6,Left,Left,5188,277,319,7,nan,nan,0.82
11/2/2025 4:45:53,1.17.2,PRexp,10,3.82,nan,6,Left,Left,5189,277,319,7,nan,nan,0.46
11/2/2025 4:45:59,1.17.2,PRexp,10,3.82,nan,6,Left,Left,5190,277,319,7,nan,nan,1.39
11/2/2025 4:46:07,1.17.2,PRexp,10,3.82,5,6,Pellet,Left,5190,277,320,8,0.22,109,nan
11/2/2025 4:47:38,1.17.2,PRexp,10,3.82,nan,7,Left,Left,5191,277,320,8,nan,nan,0.07
11/2/2025 4:47:42,1.17.2,PRexp,10,3.82,nan,7,Left,Left,5192,277,320,8,nan,nan,0.05
11/2/2025 4:47:43,1.17.2,PRexp,10,3.82,nan,7,Left,Left,5193,277,320,8,nan,nan,0.03
11/2/2025 4:47:47,1.17.2,PRexp,10,3.81,nan,7,Left,Left,5194,277,320,8,nan,nan,0.30
11/2/2025 4:47:49,1.17.2,PRexp,10,3.82,nan,7,Left,Left,5195,277,320,8,nan,nan,0.03
11/2/2025 4:47:51,1.17.2,PRexp,10,3.82,nan,7,Left,Left,5196,277,320,8,nan,nan,0.10
11/2/2025 4:47:53,1.17.2,PRexp,10,3.82,nan,7,Left,Left,5197,277,320,8,nan,nan,0.10
11/2/2025 4:48:01,1.17.2,PRexp,10,3.80,5,7,Pellet,Left,5197,277,321,9,0.16,114,nan
11/2/2025 4:50:02,1.17.2,PRexp,10,3.82,nan,9,Left,Left,5198,277,321,9,nan,nan,0.15
11/2/2025 4:50:04,1.17.2,PRexp,10,3.82,nan,9,Left,Left,5199,277,321,9,nan,nan,0.38
11/2/2025 4:50:07,1.17.2,PRexp,10,3.82,nan,9,Left,Left,5200,277,321,9,nan,nan,0.78
11/2/2025 4:50:09,1.17.2,PRexp,10,3.82,nan,9,Left,Left,5201,277,321,9,nan,nan,0.82
11/2/2025 4:50:14,1.17.2,PRexp,10,3.82,nan,9,Left,Left,5202,277,321,9,nan,nan,0.04
11/2/2025 4:50:16,1.17.2,PRexp,10,3.82,nan,9,Left,Left,5203,277,321,9,nan,nan,0.98
11/2/2025 4:50:17,1.17.2,PRexp,10,3.82,nan,9,Left,Left,5204,277,321,9,nan,nan,0.24
11/2/2025 4:50:26,1.17.2,PRexp,10,3.82,nan,9,Left,Left,5205,277,321,9,nan,nan,0.21
11/2/2025 4:50:29,1.17.2,PRexp,10,3.82,nan,9,Left,Left,5206,277,321,9,nan,nan,0.23
11/2/2025 4:50:35,1.17.2,PRexp,10,3.82,4,9,Pellet,Left,5206,277,322,10,0.05,154,nan
11/2/2025 4:52:15,1.17.2,PRexp,10,3.82,nan,10,Left,Left,5207,277,322,10,nan,nan,0.01
11/2/2025 4:52:15,1.17.2,PRexp,10,3.82,nan,10,Left,Left,5208,277,322,10,nan,nan,0.03
11/2/2025 4:52:17,1.17.2,PRexp,10,3.82,nan,10,Left,Left,5209,277,322,10,nan,nan,0.01
11/2/2025 4:52:23,1.17.2,PRexp,10,3.82,nan,10,Left,Left,5210,277,322,10,nan,nan,0.04
11/2/2025 4:52:24,1.17.2,PRexp,10,3.82,nan,10,Left,Left,5211,277,322,10,nan,nan,0.02
11/2/2025 4:52:25,1.17.2,PRexp,10,3.82,nan,10,Left,Left,5212,277,322,10,nan,nan,0.00
11/2/2025 4:52:28,1.17.2,PRexp,10,3.81,nan,10,Left,Left,5213,277,322,10,nan,nan,1.00
11/2/2025 4:52:29,1.17.2,PRexp,10,3.82,nan,10,Left,Left,5214,277,322,10,nan,nan,0.04
11/2/2025 4:52:30,1.17.2,PRexp,10,3.82,nan,10,Left,Left,5215,277,322,10,nan,nan,0.03
11/2/2025 4:52:32,1.17.2,PRexp,10,3.82,nan,10,Left,Left,5216,277,322,10,nan,nan,0.72
11/2/2025 4:52:40,1.17.2,PRexp,10,3.82,5,10,Pellet,Left,5216,277,323,11,0.33,125,nan
11/2/2025 4:53:37,1.17.2,PRexp,10,3.82,nan,12,Left,Left,5217,277,323,11,nan,nan,0.09
11/2/2025 4:53:41,1.17.2,PRexp,10,3.82,nan,12,Left,Left,5218,277,323,11,nan,nan,0.02
11/2/2025 4:53:41,1.17.2,PRexp,10,3.82,nan,12,Left,Left,5219,277,323,11,nan,nan,0.22
11/2/2025 4:53:42,1.17.2,PRexp,10,3.82,nan,12,Left,Left,5220,277,323,11,nan,nan,0.01
11/2/2025 4:53:49,1.17.2,PRexp,10,3.81,nan,12,Left,Left,5221,277,323,11,nan,nan,0.21
11/2/2025 4:53:56,1.17.2,PRexp,10,3.82,nan,12,Left,Left,5222,277,323,11,nan,nan,0.25
11/2/2025 4:53:58,1.17.2,PRexp,10,3.82,nan,12,Left,Left,5223,277,323,11,nan,nan,0.70
11/2/2025 4:54:02,1.17.2,PRexp,10,3.81,nan,12,Left,Left,5224,277,323,11,nan,nan,0.05
11/2/2025 4:54:08,1.17.2,PRexp,10,3.82,nan,12,Left,Left,5225,277,323,11,nan,nan,0.00
11/2/2025 4:54:11,1.17.2,PRexp,10,3.81,nan,12,Left,Left,5226,277,323,11,nan,nan,0.22
11/2/2025 4:54:14,1.17.2,PRexp,10,3.82,nan,12,Left,Left,5227,277,323,11,nan,nan,0.04
11/2/2025 4:54:15,1.17.2,PRexp,10,3.81,nan,12,Left,Left,5228,277,323,11,nan,nan,0.16
11/2/2025 4:54:30,1.17.2,PRexp,10,3.82,8,12,Pellet,Left,5228,277,324,12,0.05,110,nan
11/2/2025 4:57:20,1.17.2,PRexp,10,3.82,nan,13,Left,Left,5229,277,324,12,nan,nan,0.11
11/2/2025 4:57:22,1.17.2,PRexp,10,3.82,nan,13,Left,Left,5230,277,324,12,nan,nan,0.08
11/2/2025 4:57:27,1.17.2,PRexp,10,3.82,nan,13,Left,Left,5231,277,324,12,nan,nan,0.01
11/2/2025 4:57:29,1.17.2,PRexp,10,3.82,nan,13,Left,Left,5232,277,324,12,nan,nan,0.08
11/2/2025 4:57:31,1.17.2,PRexp,10,3.82,nan,13,Left,Left,5233,277,324,12,nan,nan,0.02
11/2/2025 4:57:31,1.17.2,PRexp,10,3.81,nan,13,Left,Left,5234,277,324,12,nan,nan,0.02
11/2/2025 4:57:33,1.17.2,PRexp,10,3.80,nan,13,Left,Left,5235,277,324,12,nan,nan,0.05
11/2/2025 4:57:41,1.17.2,PRexp,10,3.82,nan,13,Left,Left,5236,277,324,12,nan,nan,0.04
11/2/2025 4:57:42,1.17.2,PRexp,10,3.82,nan,13,Left,Left,5237,277,324,12,nan,nan,0.11
11/2/2025 4:57:44,1.17.2,PRexp,10,3.82,nan,13,Left,Left,5238,277,324,12,nan,nan,0.52
11/2/2025 4:57:46,1.17.2,PRexp,10,3.82,nan,13,Left,Left,5239,277,324,12,nan,nan,0.22
11/2/2025 5:02:56,1.17.2,PRexp,10,3.82,nan,13,Left,Left,5240,277,324,12,nan,nan,0.20
11/2/2025 5:02:58,1.17.2,PRexp,10,3.82,nan,13,Left,Left,5241,277,324,12,nan,nan,0.55
11/2/2025 5:03:01,1.17.2,PRexp,10,3.82,nan,13,LeftDuringDispense,Left,5242,277,324,13,nan,nan,0.31
11/2/2025 5:03:07,1.17.2,PRexp,10,3.82,5,13,Pellet,Left,5242,277,325,13,0.05,516,nan
11/2/2025 5:04:20,1.17.2,PRexp,10,3.82,nan,15,Left,Left,5243,277,325,13,nan,nan,0.24
11/2/2025 5:04:22,1.17.2,PRexp,10,3.82,nan,15,Left,Left,5244,277,325,13,nan,nan,0.37
11/2/2025 5:04:25,1.17.2,PRexp,10,3.82,nan,15,Left,Left,5245,277,325,13,nan,nan,0.26
11/2/2025 5:04:30,1.17.2,PRexp,10,3.82,nan,15,Left,Left,5246,277,325,13,nan,nan,0.88
11/2/2025 5:04:32,1.17.2,PRexp,10,3.82,nan,15,Left,Left,5247,277,325,13,nan,nan,0.43
11/2/2025 5:04:34,1.17.2,PRexp,10,3.82,nan,15,Left,Left,5248,277,325,13,nan,nan,0.25
11/2/2025 5:04:37,1.17.2,PRexp,10,3.82,nan,15,Left,Left,5249,277,325,13,nan,nan,0.27
11/2/2025 5:04:41,1.17.2,PRexp,10,3.80,nan,15,Left,Left,5250,277,325,13,nan,nan,1.03
11/2/2025 5:04:46,1.17.2,PRexp,10,3.82,nan,15,Left,Left,5251,277,325,13,nan,nan,0.92
11/2/2025 5:04:48,1.17.2,PRexp,10,3.82,nan,15,Left,Left,5252,277,325,13,nan,nan,0.39
11/2/2025 5:04:51,1.17.2,PRexp,10,3.82,nan,15,Left,Left,5253,277,325,13,nan,nan,1.09
11/2/2025 5:04:53,1.17.2,PRexp,10,3.82,nan,15,Left,Left,5254,277,325,13,nan,nan,0.00
11/2/2025 5:04:54,1.17.2,PRexp,10,3.82,nan,15,Left,Left,5255,277,325,13,nan,nan,0.08
11/2/2025 5:04:58,1.17.2,PRexp,10,3.82,nan,15,Left,Left,5256,277,325,13,nan,nan,0.02
11/2/2025 5:04:59,1.17.2,PRexp,10,3.82,nan,15,Left,Left,5257,277,325,13,nan,nan,0.04
11/2/2025 5:05:09,1.17.2,PRexp,10,3.82,6,15,Pellet,Left,5257,277,326,14,0.05,123,nan
11/2/2025 5:06:38,1.17.2,PRexp,10,3.82,nan,17,Left,Left,5258,277,326,14,nan,nan,0.04
11/2/2025 5:06:41,1.17.2,PRexp,10,3.82,nan,17,Left,Left,5259,277,326,14,nan,nan,0.77
11/2/2025 5:06:43,1.17.2,PRexp,10,3.82,nan,17,Left,Left,5260,277,326,14,nan,nan,0.01
11/2/2025 5:07:00,1.17.2,PRexp,10,3.82,nan,17,Left,Left,5261,277,326,14,nan,nan,0.49
11/2/2025 5:07:03,1.17.2,PRexp,10,3.82,nan,17,Left,Left,5262,277,326,14,nan,nan,0.04
11/2/2025 5:07:08,1.17.2,PRexp,10,3.81,nan,17,Left,Left,5263,277,326,14,nan,nan,0.27
11/2/2025 5:07:09,1.17.2,PRexp,10,3.81,nan,17,Left,Left,5264,277,326,14,nan,nan,0.07
11/2/2025 5:30:05,1.17.2,PRexp,10,3.82,nan,17,Left,Left,5265,277,326,14,nan,nan,1.70
11/2/2025 5:30:06,1.17.2,PRexp,10,3.81,nan,17,Left,Left,5266,277,326,14,nan,nan,0.07
11/2/2025 5:30:07,1.17.2,PRexp,10,3.82,nan,17,Left,Left,5267,277,326,14,nan,nan,0.00
11/2/2025 5:30:08,1.17.2,PRexp,10,3.82,nan,17,Left,Left,5268,277,326,14,nan,nan,0.02
11/2/2025 5:30:10,1.17.2,PRexp,10,3.82,nan,17,Left,Left,5269,277,326,14,nan,nan,0.23
11/2/2025 5:30:16,1.17.2,PRexp,10,3.82,nan,17,Left,Left,5270,277,326,14,nan,nan,2.56
11/2/2025 5:30:18,1.17.2,PRexp,10,3.82,nan,17,Left,Left,5271,277,326,14,nan,nan,0.02
11/2/2025 5:30:20,1.17.2,PRexp,10,3.81,nan,17,Left,Left,5272,277,326,14,nan,nan,0.00
11/2/2025 5:30:21,1.17.2,PRexp,10,3.82,nan,17,Left,Left,5273,277,326,14,nan,nan,0.10
11/2/2025 5:30:24,1.17.2,PRexp,10,3.82,nan,17,Left,Left,5274,277,326,14,nan,nan,0.25
11/2/2025 5:30:24,1.17.2,PRexp,10,3.82,nan,17,LeftDuringDispense,Left,5275,277,326,15,nan,nan,0.13
11/2/2025 5:30:34,1.17.2,PRexp,10,3.82,6,17,Pellet,Left,5275,277,327,15,0.33,1525,nan
11/2/2025 5:35:22,1.17.2,PRexp,10,3.82,nan,20,Left,Left,5276,277,327,15,nan,nan,0.45
11/2/2025 5:35:29,1.17.2,PRexp,10,3.82,nan,20,Left,Left,5277,277,327,15,nan,nan,4.97
11/2/2025 5:35:30,1.17.2,PRexp,10,3.82,nan,20,Left,Left,5278,277,327,15,nan,nan,0.44
11/2/2025 5:35:34,1.17.2,PRexp,10,3.82,nan,20,Left,Left,5279,277,327,15,nan,nan,1.99
11/2/2025 5:35:36,1.17.2,PRexp,10,3.82,nan,20,Left,Left,5280,277,327,15,nan,nan,0.75
11/2/2025 5:35:44,1.17.2,PRexp,10,3.82,nan,20,Left,Left,5281,277,327,15,nan,nan,2.41
11/2/2025 5:35:46,1.17.2,PRexp,10,3.82,nan,20,Left,Left,5282,277,327,15,nan,nan,0.03
11/2/2025 5:35:49,1.17.2,PRexp,10,3.82,nan,20,Left,Left,5283,277,327,15,nan,nan,1.26
11/2/2025 5:35:55,1.17.2,PRexp,10,3.82,nan,20,Left,Left,5284,277,327,15,nan,nan,2.73
11/2/2025 6:11:59,1.17.2,PRexp,10,3.82,nan,1,Left,Left,5285,277,327,0,nan,nan,1.02
11/2/2025 6:12:06,1.17.2,PRexp,10,3.81,5,1,Pellet,Left,5285,277,328,1,0.22,2492,nan
11/2/2025 6:16:46,1.17.2,PRexp,10,3.82,nan,1,Left,Left,5286,277,328,1,nan,nan,0.82
11/2/2025 6:16:52,1.17.2,PRexp,10,3.82,4,1,Pellet,Left,5286,277,329,2,0.33,286,nan
11/2/2025 6:18:32,1.17.2,PRexp,10,3.81,nan,2,Left,Left,5287,277,329,2,nan,nan,0.04
11/2/2025 6:18:35,1.17.2,PRexp,10,3.82,nan,2,Left,Left,5288,277,329,2,nan,nan,0.09
11/2/2025 6:18:38,1.17.2,PRexp,10,3.81,3,2,Pellet,Left,5288,277,330,3,0.05,106,nan
11/2/2025 6:19:25,1.17.2,PRexp,10,3.82,nan,2,Left,Left,5289,277,330,3,nan,nan,0.32
11/2/2025 6:19:27,1.17.2,PRexp,10,3.82,nan,2,Left,Left,5290,277,330,3,nan,nan,0.08
11/2/2025 6:19:30,1.17.2,PRexp,10,3.82,3,2,Pellet,Left,5290,277,331,4,0.11,52,nan
11/2/2025 6:20:43,1.17.2,PRexp,10,3.82,nan,3,Left,Left,5291,277,331,4,nan,nan,0.10
11/2/2025 6:20:46,1.17.2,PRexp,10,3.82,nan,3,Left,Left,5292,277,331,4,nan,nan,0.41
11/2/2025 6:20:47,1.17.2,PRexp,10,3.82,nan,3,Left,Left,5293,277,331,4,nan,nan,0.37
11/2/2025 6:21:09,1.17.2,PRexp,10,3.82,8,3,Pellet,Left,5293,277,332,5,6.65,99,nan
11/2/2025 6:23:19,1.17.2,PRexp,10,3.81,nan,4,Left,Left,5294,277,332,5,nan,nan,0.04
11/2/2025 6:23:21,1.17.2,PRexp,10,3.82,nan,4,Left,Left,5295,277,332,5,nan,nan,0.05
11/2/2025 6:23:23,1.17.2,PRexp,10,3.81,nan,4,Left,Left,5296,277,332,5,nan,nan,0.56
11/2/2025 6:23:24,1.17.2,PRexp,10,3.81,nan,4,Left,Left,5297,277,332,5,nan,nan,0.29
11/2/2025 6:23:32,1.17.2,PRexp,10,3.81,5,4,Pellet,Left,5297,277,333,6,0.11,143,nan
11/2/2025 6:24:43,1.17.2,PRexp,10,3.81,nan,5,Left,Left,5298,277,333,6,nan,nan,0.03
11/2/2025 6:24:45,1.17.2,PRexp,10,3.82,nan,5,Left,Left,5299,277,333,6,nan,nan,0.12
11/2/2025 6:24:46,1.17.2,PRexp,10,3.81,nan,5,Left,Left,5300,277,333,6,nan,nan,0.03
11/2/2025 6:24:48,1.17.2,PRexp,10,3.81,nan,5,Left,Left,5301,277,333,6,nan,nan,0.01
11/2/2025 6:24:54,1.17.2,PRexp,10,3.82,nan,5,Left,Left,5302,277,333,6,nan,nan,0.57
11/2/2025 6:25:02,1.17.2,PRexp,10,3.82,5,5,Pellet,Left,5302,277,334,7,0.16,90,nan
11/2/2025 6:26:21,1.17.2,PRexp,10,3.81,nan,6,Left,Left,5303,277,334,7,nan,nan,0.02
11/2/2025 6:26:24,1.17.2,PRexp,10,3.81,nan,6,Left,Left,5304,277,334,7,nan,nan,0.08
11/2/2025 6:26:26,1.17.2,PRexp,10,3.82,nan,6,Left,Left,5305,277,334,7,nan,nan,0.01
11/2/2025 6:26:27,1.17.2,PRexp,10,3.81,nan,6,Left,Left,5306,277,334,7,nan,nan,0.02
11/2/2025 6:26:29,1.17.2,PRexp,10,3.81,nan,6,Left,Left,5307,277,334,7,nan,nan,0.07
11/2/2025 6:26:32,1.17.2,PRexp,10,3.81,nan,6,Left,Left,5308,277,334,7,nan,nan,0.75
11/2/2025 6:26:38,1.17.2,PRexp,10,3.82,4,6,Pellet,Left,5308,277,335,8,0.39,95,nan
11/2/2025 6:27:36,1.17.2,PRexp,10,3.81,nan,7,Left,Left,5309,277,335,8,nan,nan,0.65
11/2/2025 6:27:41,1.17.2,PRexp,10,3.81,nan,7,Left,Left,5310,277,335,8,nan,nan,0.00
11/2/2025 6:27:43,1.17.2,PRexp,10,3.82,nan,7,Left,Left,5311,277,335,8,nan,nan,0.14
11/2/2025 6:27:43,1.17.2,PRexp,10,3.82,nan,7,Left,Left,5312,277,335,8,nan,nan,0.04
11/2/2025 6:27:44,1.17.2,PRexp,10,3.82,nan,7,Left,Left,5313,277,335,8,nan,nan,0.02
11/2/2025 6:27:46,1.17.2,PRexp,10,3.81,nan,7,Left,Left,5314,277,335,8,nan,nan,0.02
11/2/2025 6:27:50,1.17.2,PRexp,10,3.82,nan,7,Left,Left,5315,277,335,8,nan,nan,0.14
11/2/2025 6:27:58,1.17.2,PRexp,10,3.82,5,7,Pellet,Left,5315,277,336,9,0.05,81,nan
11/2/2025 6:29:04,1.17.2,PRexp,10,3.81,nan,9,Left,Left,5316,277,336,9,nan,nan,0.48
11/2/2025 6:29:04,1.17.2,PRexp,10,3.82,nan,9,Left,Left,5317,277,336,9,nan,nan,0.01
11/2/2025 6:29:08,1.17.2,PRexp,10,3.82,nan,9,Left,Left,5318,277,336,9,nan,nan,0.17
11/2/2025 6:29:12,1.17.2,PRexp,10,3.81,nan,9,Left,Left,5319,277,336,9,nan,nan,0.01
11/2/2025 6:29:13,1.17.2,PRexp,10,3.82,nan,9,Left,Left,5320,277,336,9,nan,nan,0.03
11/2/2025 6:29:16,1.17.2,PRexp,10,3.81,nan,9,Left,Left,5321,277,336,9,nan,nan,0.09
11/2/2025 6:29:17,1.17.2,PRexp,10,3.81,nan,9,Left,Left,5322,277,336,9,nan,nan,0.00
11/2/2025 6:29:19,1.17.2,PRexp,10,3.82,nan,9,Left,Left,5323,277,336,9,nan,nan,0.01
11/2/2025 6:30:16,1.17.2,PRexp,10,3.81,nan,9,Right,Left,5323,278,336,9,nan,nan,0.40
11/2/2025 6:30:45,1.17.2,PRexp,10,3.82,nan,9,Left,Left,5324,278,336,9,nan,nan,0.60
11/2/2025 6:30:51,1.17.2,PRexp,10,3.81,4,9,Pellet,Left,5324,278,337,10,0.05,173,nan
11/2/2025 6:35:56,1.17.2,PRexp,10,3.81,nan,10,Left,Left,5325,278,337,10,nan,nan,0.03
11/2/2025 6:36:10,1.17.2,PRexp,10,3.81,nan,10,Left,Left,5326,278,337,10,nan,nan,2.68
11/2/2025 6:36:13,1.17.2,PRexp,10,3.81,nan,10,Left,Left,5327,278,337,10,nan,nan,1.19
11/2/2025 6:36:17,1.17.2,PRexp,10,3.82,nan,10,Left,Left,5328,278,337,10,nan,nan,0.01
11/2/2025 6:36:22,1.17.2,PRexp,10,3.82,nan,10,Left,Left,5329,278,337,10,nan,nan,0.65
11/2/2025 6:36:25,1.17.2,PRexp,10,3.82,nan,10,Left,Left,5330,278,337,10,nan,nan,0.06
11/2/2025 6:36:27,1.17.2,PRexp,10,3.81,nan,10,Left,Left,5331,278,337,10,nan,nan,0.19
11/2/2025 6:36:29,1.17.2,PRexp,10,3.81,nan,10,Left,Left,5332,278,337,10,nan,nan,1.07
11/2/2025 6:36:35,1.17.2,PRexp,10,3.81,nan,10,Left,Left,5333,278,337,10,nan,nan,0.01
11/2/2025 6:36:39,1.17.2,PRexp,10,3.82,nan,10,Left,Left,5334,278,337,10,nan,nan,0.04
11/2/2025 6:36:44,1.17.2,PRexp,10,3.82,4,10,Pellet,Left,5334,278,338,11,0.05,353,nan
11/2/2025 6:43:26,1.17.2,PRexp,10,3.81,nan,12,Left,Left,5335,278,338,11,nan,nan,0.23
11/2/2025 6:43:28,1.17.2,PRexp,10,3.81,nan,12,Left,Left,5336,278,338,11,nan,nan,0.81
11/2/2025 6:43:32,1.17.2,PRexp,10,3.82,nan,12,Left,Left,5337,278,338,11,nan,nan,0.02
11/2/2025 6:43:36,1.17.2,PRexp,10,3.82,nan,12,Left,Left,5338,278,338,11,nan,nan,1.50
11/2/2025 6:43:38,1.17.2,PRexp,10,3.82,nan,12,Left,Left,5339,278,338,11,nan,nan,0.03
11/2/2025 6:43:39,1.17.2,PRexp,10,3.81,nan,12,Left,Left,5340,278,338,11,nan,nan,0.09
11/2/2025 6:43:42,1.17.2,PRexp,10,3.81,nan,12,Left,Left,5341,278,338,11,nan,nan,0.03
11/2/2025 6:43:44,1.17.2,PRexp,10,3.82,nan,12,Left,Left,5342,278,338,11,nan,nan,0.26
11/2/2025 6:43:46,1.17.2,PRexp,10,3.81,nan,12,Left,Left,5343,278,338,11,nan,nan,0.09
11/2/2025 6:43:52,1.17.2,PRexp,10,3.81,nan,12,Left,Left,5344,278,338,11,nan,nan,1.00
11/2/2025 6:43:53,1.17.2,PRexp,10,3.81,nan,12,Left,Left,5345,278,338,11,nan,nan,0.03
11/2/2025 6:43:55,1.17.2,PRexp,10,3.82,nan,12,Left,Left,5346,278,338,11,nan,nan,0.17
11/2/2025 6:44:05,1.17.2,PRexp,10,3.81,5,12,Pellet,Left,5346,278,339,12,0.61,441,nan
11/2/2025 6:44:37,1.17.2,PRexp,10,3.82,nan,13,Left,Left,5347,278,339,12,nan,nan,0.11
11/2/2025 7:00:08,1.17.2,PRexp,10,3.81,nan,13,Left,Left,5348,278,339,12,nan,nan,1.06
11/2/2025 7:00:09,1.17.2,PRexp,10,3.81,nan,13,Left,Left,5349,278,339,12,nan,nan,0.00
11/2/2025 7:00:13,1.17.2,PRexp,10,3.82,nan,13,Left,Left,5350,278,339,12,nan,nan,0.10
11/2/2025 7:00:14,1.17.2,PRexp,10,3.82,nan,13,Left,Left,5351,278,339,12,nan,nan,0.27
11/2/2025 7:00:15,1.17.2,PRexp,10,3.81,nan,13,Left,Left,5352,278,339,12,nan,nan,0.06
11/2/2025 7:00:16,1.17.2,PRexp,10,3.81,nan,13,Left,Left,5353,278,339,12,nan,nan,0.63
11/2/2025 7:00:21,1.17.2,PRexp,10,3.81,nan,13,Left,Left,5354,278,339,12,nan,nan,0.17
11/2/2025 7:00:23,1.17.2,PRexp,10,3.81,nan,13,Left,Left,5355,278,339,12,nan,nan,1.11
11/2/2025 7:00:24,1.17.2,PRexp,10,3.81,nan,13,Left,Left,5356,278,339,12,nan,nan,0.82
11/2/2025 7:00:28,1.17.2,PRexp,10,3.82,nan,13,Left,Left,5357,278,339,12,nan,nan,0.53
11/2/2025 7:00:30,1.17.2,PRexp,10,3.80,nan,13,Left,Left,5358,278,339,12,nan,nan,0.01
11/2/2025 7:00:40,1.17.2,PRexp,10,3.81,nan,13,Left,Left,5359,278,339,12,nan,nan,0.94
11/2/2025 7:00:46,1.17.2,PRexp,10,3.81,4,13,Pellet,Left,5359,278,340,13,0.44,1001,nan
11/2/2025 7:01:36,1.17.2,PRexp,10,3.81,nan,15,Left,Left,5360,278,340,13,nan,nan,1.71
11/2/2025 7:01:38,1.17.2,PRexp,10,3.82,nan,15,Left,Left,5361,278,340,13,nan,nan,0.48
11/2/2025 7:01:39,1.17.2,PRexp,10,3.81,nan,15,Left,Left,5362,278,340,13,nan,nan,0.32
11/2/2025 7:01:46,1.17.2,PRexp,10,3.82,nan,15,Left,Left,5363,278,340,13,nan,nan,0.74
11/2/2025 7:01:56,1.17.2,PRexp,10,3.81,nan,15,Left,Left,5364,278,340,13,nan,nan,0.96
11/2/2025 7:01:59,1.17.2,PRexp,10,3.82,nan,15,Left,Left,5365,278,340,13,nan,nan,0.33
11/2/2025 7:02:02,1.17.2,PRexp,10,3.81,nan,15,Left,Left,5366,278,340,13,nan,nan,0.85
11/2/2025 7:02:08,1.17.2,PRexp,10,3.81,nan,15,Left,Left,5367,278,340,13,nan,nan,0.70
11/2/2025 7:02:16,1.17.2,PRexp,10,3.81,nan,15,Left,Left,5368,278,340,13,nan,nan,0.00
11/2/2025 7:02:19,1.17.2,PRexp,10,3.82,nan,15,Left,Left,5369,278,340,13,nan,nan,0.33
11/2/2025 7:02:22,1.17.2,PRexp,10,3.81,nan,15,Left,Left,5370,278,340,13,nan,nan,0.67
11/2/2025 7:02:23,1.17.2,PRexp,10,3.82,nan,15,Left,Left,5371,278,340,13,nan,nan,0.04
11/2/2025 7:02:25,1.17.2,PRexp,10,3.82,nan,15,Left,Left,5372,278,340,13,nan,nan,0.05
11/2/2025 7:02:28,1.17.2,PRexp,10,3.82,nan,15,Left,Left,5373,278,340,13,nan,nan,0.76
11/2/2025 7:02:34,1.17.2,PRexp,10,3.81,nan,15,Left,Left,5374,278,340,13,nan,nan,0.07
11/2/2025 7:02:55,1.17.2,PRexp,10,3.82,10,15,Pellet,Left,5374,278,341,14,2.34,128,nan
11/2/2025 7:15:43,1.17.2,PRexp,10,3.81,nan,17,Left,Left,5375,278,341,14,nan,nan,1.81
11/2/2025 7:15:44,1.17.2,PRexp,10,3.81,nan,17,Left,Left,5376,278,341,14,nan,nan,0.04
11/2/2025 7:15:45,1.17.2,PRexp,10,3.81,nan,17,Left,Left,5377,278,341,14,nan,nan,0.17
11/2/2025 7:15:48,1.17.2,PRexp,10,3.81,nan,17,Left,Left,5378,278,341,14,nan,nan,0.01
11/2/2025 7:15:50,1.17.2,PRexp,10,3.81,nan,17,Left,Left,5379,278,341,14,nan,nan,0.00
11/2/2025 7:15:51,1.17.2,PRexp,10,3.81,nan,17,Left,Left,5380,278,341,14,nan,nan,0.02
11/2/2025 7:15:54,1.17.2,PRexp,10,3.82,nan,17,Left,Left,5381,278,341,14,nan,nan,0.36
11/2/2025 7:15:56,1.17.2,PRexp,10,3.81,nan,17,Left,Left,5382,278,341,14,nan,nan,0.27
11/2/2025 7:15:58,1.17.2,PRexp,10,3.81,nan,17,Left,Left,5383,278,341,14,nan,nan,1.44
11/2/2025 7:16:00,1.17.2,PRexp,10,3.81,nan,17,Left,Left,5384,278,341,14,nan,nan,1.34
11/2/2025 7:16:01,1.17.2,PRexp,10,3.81,nan,17,Left,Left,5385,278,341,14,nan,nan,0.09
11/2/2025 7:16:03,1.17.2,PRexp,10,3.81,nan,17,Left,Left,5386,278,341,14,nan,nan,0.02
11/2/2025 7:16:05,1.17.2,PRexp,10,3.81,nan,17,Left,Left,5387,278,341,14,nan,nan,0.29
11/2/2025 7:16:08,1.17.2,PRexp,10,3.81,nan,17,Left,Left,5388,278,341,14,nan,nan,0.75
11/2/2025 7:16:11,1.17.2,PRexp,10,3.81,nan,17,Left,Left,5389,278,341,14,nan,nan,0.81
11/2/2025 7:16:14,1.17.2,PRexp,10,3.81,nan,17,Left,Left,5390,278,341,14,nan,nan,0.43
11/2/2025 7:16:24,1.17.2,PRexp,10,3.81,nan,17,Left,Left,5391,278,341,14,nan,nan,2.26
11/2/2025 7:16:32,1.17.2,PRexp,10,3.82,4,17,Pellet,Left,5391,278,342,15,0.55,818,nan
11/2/2025 7:22:20,1.17.2,PRexp,10,3.81,nan,20,Left,Left,5392,278,342,15,nan,nan,1.63
11/2/2025 7:22:33,1.17.2,PRexp,10,3.81,nan,20,Left,Left,5393,278,342,15,nan,nan,1.06
11/2/2025 7:22:36,1.17.2,PRexp,10,3.81,nan,20,Left,Left,5394,278,342,15,nan,nan,0.24
11/2/2025 7:22:38,1.17.2,PRexp,10,3.81,nan,20,Left,Left,5395,278,342,15,nan,nan,0.03
11/2/2025 7:22:39,1.17.2,PRexp,10,3.81,nan,20,Left,Left,5396,278,342,15,nan,nan,0.00
11/2/2025 7:22:40,1.17.2,PRexp,10,3.82,nan,20,Left,Left,5397,278,342,15,nan,nan,0.16
11/2/2025 7:22:47,1.17.2,PRexp,10,3.81,nan,20,Left,Left,5398,278,342,15,nan,nan,0.85
11/2/2025 7:22:53,1.17.2,PRexp,10,3.82,nan,20,Left,Left,5399,278,342,15,nan,nan,0.83
11/2/2025 7:23:01,1.17.2,PRexp,10,3.81,nan,20,Left,Left,5400,278,342,15,nan,nan,0.73
11/2/2025 7:23:04,1.17.2,PRexp,10,3.81,nan,20,Left,Left,5401,278,342,15,nan,nan,0.56
11/2/2025 7:23:17,1.17.2,PRexp,10,3.81,nan,20,Left,Left,5402,278,342,15,nan,nan,1.38
11/2/2025 7:23:19,1.17.2,PRexp,10,3.80,nan,20,Left,Left,5403,278,342,15,nan,nan,0.84
11/2/2025 7:23:26,1.17.2,PRexp,10,3.81,nan,20,Left,Left,5404,278,342,15,nan,nan,0.17
11/2/2025 7:23:29,1.17.2,PRexp,10,3.81,nan,20,Left,Left,5405,278,342,15,nan,nan,0.55
11/2/2025 7:49:29,1.17.2,PRexp,10,3.81,nan,20,Left,Left,5406,278,342,15,nan,nan,0.15
11/2/2025 7:49:31,1.17.2,PRexp,10,3.81,nan,20,Left,Left,5407,278,342,15,nan,nan,0.73
11/2/2025 7:49:34,1.17.2,PRexp,10,3.82,nan,20,Left,Left,5408,278,342,15,nan,nan,0.05
11/2/2025 7:49:37,1.17.2,PRexp,10,3.80,nan,20,Left,Left,5409,278,342,15,nan,nan,0.84
11/2/2025 7:49:39,1.17.2,PRexp,10,3.81,nan,20,Left,Left,5410,278,342,15,nan,nan,0.70
11/2/2025 7:49:40,1.17.2,PRexp,10,3.81,nan,20,Left,Left,5411,278,342,15,nan,nan,0.02
11/2/2025 7:49:48,1.17.2,PRexp,10,3.81,5,20,Pellet,Left,5411,278,343,16,0.44,1996,nan
11/2/2025 7:54:06,1.17.2,PRexp,10,3.81,nan,22,Left,Left,5412,278,343,16,nan,nan,0.26
11/2/2025 7:54:10,1.17.2,PRexp,10,3.81,nan,22,Left,Left,5413,278,343,16,nan,nan,0.48
11/2/2025 7:54:12,1.17.2,PRexp,10,3.81,nan,22,Left,Left,5414,278,343,16,nan,nan,0.27
11/2/2025 7:54:13,1.17.2,PRexp,10,3.82,nan,22,Left,Left,5415,278,343,16,nan,nan,0.00
11/2/2025 7:54:15,1.17.2,PRexp,10,3.81,nan,22,Left,Left,5416,278,343,16,nan,nan,0.03
11/2/2025 7:54:16,1.17.2,PRexp,10,3.81,nan,22,Left,Left,5417,278,343,16,nan,nan,0.77
11/2/2025 7:54:18,1.17.2,PRexp,10,3.81,nan,22,Left,Left,5418,278,343,16,nan,nan,0.57
11/2/2025 7:54:30,1.17.2,PRexp,10,3.81,nan,22,Left,Left,5419,278,343,16,nan,nan,0.00
11/2/2025 7:54:32,1.17.2,PRexp,10,3.81,nan,22,Left,Left,5420,278,343,16,nan,nan,0.35
11/2/2025 7:54:33,1.17.2,PRexp,10,3.81,nan,22,Left,Left,5421,278,343,16,nan,nan,0.21
11/2/2025 7:54:34,1.17.2,PRexp,10,3.81,nan,22,Left,Left,5422,278,343,16,nan,nan,0.10
11/2/2025 7:54:34,1.17.2,PRexp,10,3.82,nan,22,Left,Left,5423,278,343,16,nan,nan,0.02
11/2/2025 7:54:36,1.17.2,PRexp,10,3.81,nan,22,Left,Left,5424,278,343,16,nan,nan,0.06
11/2/2025 7:54:39,1.17.2,PRexp,10,3.81,nan,22,Left,Left,5425,278,343,16,nan,nan,0.01
11/2/2025 7:54:43,1.17.2,PRexp,10,3.80,nan,22,Left,Left,5426,278,343,16,nan,nan,0.39
11/2/2025 7:54:44,1.17.2,PRexp,10,3.81,nan,22,Left,Left,5427,278,343,16,nan,nan,0.04
11/2/2025 7:54:45,1.17.2,PRexp,10,3.81,nan,22,Left,Left,5428,278,343,16,nan,nan,0.74
11/2/2025 7:54:46,1.17.2,PRexp,10,3.80,nan,22,Left,Left,5429,278,343,16,nan,nan,0.08
11/2/2025 7:54:47,1.17.2,PRexp,10,3.81,nan,22,Left,Left,5430,278,343,16,nan,nan,0.03
11/2/2025 7:54:48,1.17.2,PRexp,10,3.81,nan,22,Left,Left,5431,278,343,16,nan,nan,0.00
11/2/2025 7:54:51,1.17.2,PRexp,10,3.82,nan,22,Left,Left,5432,278,343,16,nan,nan,0.02
11/2/2025 7:54:53,1.17.2,PRexp,10,3.81,nan,22,Left,Left,5433,278,343,16,nan,nan,0.02
11/2/2025 7:54:59,1.17.2,PRexp,10,3.81,4,22,Pellet,Left,5433,278,344,17,0.11,311,nan
11/2/2025 7:55:44,1.17.2,PRexp,10,3.81,nan,25,Left,Left,5434,278,344,17,nan,nan,0.86
11/2/2025 7:55:45,1.17.2,PRexp,10,3.81,nan,25,Left,Left,5435,278,344,17,nan,nan,0.01
11/2/2025 7:55:47,1.17.2,PRexp,10,3.81,nan,25,Left,Left,5436,278,344,17,nan,nan,0.02
11/2/2025 7:55:49,1.17.2,PRexp,10,3.81,nan,25,Left,Left,5437,278,344,17,nan,nan,0.59
11/2/2025 7:55:49,1.17.2,PRexp,10,3.82,nan,25,Left,Left,5438,278,344,17,nan,nan,0.00
11/2/2025 7:55:50,1.17.2,PRexp,10,3.82,nan,25,Left,Left,5439,278,344,17,nan,nan,0.06
11/2/2025 7:55:53,1.17.2,PRexp,10,3.81,nan,25,Left,Left,5440,278,344,17,nan,nan,0.50
11/2/2025 7:55:54,1.17.2,PRexp,10,3.81,nan,25,Left,Left,5441,278,344,17,nan,nan,0.01
11/2/2025 7:55:56,1.17.2,PRexp,10,3.81,nan,25,Left,Left,5442,278,344,17,nan,nan,1.49
11/2/2025 7:55:58,1.17.2,PRexp,10,3.81,nan,25,Left,Left,5443,278,344,17,nan,nan,0.08
11/2/2025 7:56:01,1.17.2,PRexp,10,3.81,nan,25,Left,Left,5444,278,344,17,nan,nan,0.66
11/2/2025 7:56:27,1.17.2,PRexp,10,3.81,nan,25,Left,Left,5445,278,344,17,nan,nan,0.60
11/2/2025 7:56:53,1.17.2,PRexp,10,3.81,nan,25,Left,Left,5446,278,344,17,nan,nan,5.37
11/2/2025 7:57:00,1.17.2,PRexp,10,3.81,nan,25,Left,Left,5447,278,344,17,nan,nan,0.02
11/2/2025 7:57:01,1.17.2,PRexp,10,3.81,nan,25,Left,Left,5448,278,344,17,nan,nan,0.02
11/2/2025 7:57:02,1.17.2,PRexp,10,3.81,nan,25,Left,Left,5449,278,344,17,nan,nan,0.01
11/2/2025 7:57:08,1.17.2,PRexp,10,3.81,nan,25,Left,Left,5450,278,344,17,nan,nan,3.35
11/2/2025 7:57:11,1.17.2,PRexp,10,3.81,nan,25,Left,Left,5451,278,344,17,nan,nan,0.08
11/2/2025 7:57:19,1.17.2,PRexp,10,3.81,nan,25,Left,Left,5452,278,344,17,nan,nan,0.30
11/2/2025 7:57:20,1.17.2,PRexp,10,3.81,nan,25,Left,Left,5453,278,344,17,nan,nan,0.07
11/2/2025 7:57:29,1.17.2,PRexp,10,3.82,nan,25,Left,Left,5454,278,344,17,nan,nan,0.62
11/2/2025 7:57:30,1.17.2,PRexp,10,3.81,nan,25,Left,Left,5455,278,344,17,nan,nan,0.00
11/2/2025 7:57:34,1.17.2,PRexp,10,3.81,nan,25,Left,Left,5456,278,344,17,nan,nan,0.04
11/2/2025 7:57:36,1.17.2,PRexp,10,3.81,nan,25,Left,Left,5457,278,344,17,nan,nan,0.03
11/2/2025 7:57:41,1.17.2,PRexp,10,3.82,nan,25,Left,Left,5458,278,344,17,nan,nan,0.41
11/2/2025 7:57:49,1.17.2,PRexp,10,3.81,5,25,Pellet,Left,5458,278,345,18,0.33,170,nan
11/2/2025 7:59:52,1.17.2,PRexp,10,3.80,nan,28,Left,Left,5459,278,345,18,nan,nan,0.38
11/2/2025 7:59:54,1.17.2,PRexp,10,3.81,nan,28,Left,Left,5460,278,345,18,nan,nan,0.02
11/2/2025 7:59:56,1.17.2,PRexp,10,3.81,nan,28,Left,Left,5461,278,345,18,nan,nan,0.00
11/2/2025 8:00:07,1.17.2,PRexp,10,3.81,nan,28,Left,Left,5462,278,345,18,nan,nan,0.01
11/2/2025 8:08:04,1.17.2,PRexp,10,3.82,nan,28,Left,Left,5463,278,345,18,nan,nan,0.12
11/2/2025 8:08:06,1.17.2,PRexp,10,3.81,nan,28,Left,Left,5464,278,345,18,nan,nan,0.08
11/2/2025 8:08:07,1.17.2,PRexp,10,3.81,nan,28,Left,Left,5465,278,345,18,nan,nan,0.02
11/2/2025 8:08:09,1.17.2,PRexp,10,3.82,nan,28,Left,Left,5466,278,345,18,nan,nan,0.09
11/2/2025 8:08:14,1.17.2,PRexp,10,3.81,nan,28,Left,Left,5467,278,345,18,nan,nan,0.11
11/2/2025 8:08:16,1.17.2,PRexp,10,3.81,nan,28,Left,Left,5468,278,345,18,nan,nan,0.64
11/2/2025 8:08:17,1.17.2,PRexp,10,3.82,nan,28,Left,Left,5469,278,345,18,nan,nan,0.19
11/2/2025 8:08:19,1.17.2,PRexp,10,3.81,nan,28,Left,Left,5470,278,345,18,nan,nan,0.41
11/2/2025 8:08:27,1.17.2,PRexp,10,3.81,nan,28,Left,Left,5471,278,345,18,nan,nan,4.66
11/2/2025 8:08:31,1.17.2,PRexp,10,3.80,nan,28,Left,Left,5472,278,345,18,nan,nan,0.28
11/2/2025 8:08:35,1.17.2,PRexp,10,3.81,nan,28,Left,Left,5473,278,345,18,nan,nan,0.96
11/2/2025 8:08:41,1.17.2,PRexp,10,3.81,nan,28,Left,Left,5474,278,345,18,nan,nan,0.55
11/2/2025 8:08:43,1.17.2,PRexp,10,3.81,nan,28,Left,Left,5475,278,345,18,nan,nan,0.01
11/2/2025 8:08:44,1.17.2,PRexp,10,3.80,nan,28,Left,Left,5476,278,345,18,nan,nan,0.03
11/2/2025 8:08:46,1.17.2,PRexp,10,3.81,nan,28,Left,Left,5477,278,345,18,nan,nan,0.18
11/2/2025 8:08:50,1.17.2,PRexp,10,3.81,nan,28,Left,Left,5478,278,345,18,nan,nan,0.15
11/2/2025 8:08:54,1.17.2,PRexp,10,3.80,nan,28,Left,Left,5479,278,345,18,nan,nan,1.67
11/2/2025 8:08:57,1.17.2,PRexp,10,3.81,nan,28,Left,Left,5480,278,345,18,nan,nan,1.48
11/2/2025 8:09:00,1.17.2,PRexp,10,3.81,nan,28,Left,Left,5481,278,345,18,nan,nan,0.02
11/2/2025 8:09:09,1.17.2,PRexp,10,3.81,nan,28,Left,Left,5482,278,345,18,nan,nan,3.35
11/2/2025 8:09:10,1.17.2,PRexp,10,3.81,nan,28,Left,Left,5483,278,345,18,nan,nan,0.20
11/2/2025 8:09:12,1.17.2,PRexp,10,3.81,nan,28,Left,Left,5484,278,345,18,nan,nan,0.21
11/2/2025 8:09:16,1.17.2,PRexp,10,3.81,nan,28,Left,Left,5485,278,345,18,nan,nan,1.13
11/2/2025 8:09:28,1.17.2,PRexp,10,3.81,nan,28,Left,Left,5486,278,345,18,nan,nan,0.12
11/2/2025 8:09:28,1.17.2,PRexp,10,3.81,nan,28,LeftDuringDispense,Left,5487,278,345,19,nan,nan,0.04
11/2/2025 8:09:36,1.17.2,PRexp,10,3.81,5,28,Pellet,Left,5487,278,346,19,0.39,707,nan
11/2/2025 8:10:26,1.17.2,PRexp,10,3.80,nan,32,Left,Left,5488,278,346,19,nan,nan,0.05
11/2/2025 8:10:34,1.17.2,PRexp,10,3.81,nan,32,Left,Left,5489,278,346,19,nan,nan,0.17
11/2/2025 8:10:36,1.17.2,PRexp,10,3.81,nan,32,Left,Left,5490,278,346,19,nan,nan,0.16
11/2/2025 8:10:38,1.17.2,PRexp,10,3.81,nan,32,Left,Left,5491,278,346,19,nan,nan,0.12
11/2/2025 8:10:39,1.17.2,PRexp,10,3.80,nan,32,Left,Left,5492,278,346,19,nan,nan,0.07
11/2/2025 8:10:40,1.17.2,PRexp,10,3.81,nan,32,Left,Left,5493,278,346,19,nan,nan,0.03
11/2/2025 8:10:42,1.17.2,PRexp,10,3.81,nan,32,Left,Left,5494,278,346,19,nan,nan,0.47
11/2/2025 8:10:44,1.17.2,PRexp,10,3.81,nan,32,Left,Left,5495,278,346,19,nan,nan,0.21
11/2/2025 8:10:47,1.17.2,PRexp,10,3.82,nan,32,Left,Left,5496,278,346,19,nan,nan,0.28
11/2/2025 8:10:50,1.17.2,PRexp,10,3.81,nan,32,Left,Left,5497,278,346,19,nan,nan,0.28
11/2/2025 8:10:51,1.17.2,PRexp,10,3.81,nan,32,Left,Left,5498,278,346,19,nan,nan,0.02
11/2/2025 8:10:55,1.17.2,PRexp,10,3.81,nan,32,Left,Left,5499,278,346,19,nan,nan,0.71
11/2/2025 8:11:00,1.17.2,PRexp,10,3.81,nan,32,Left,Left,5500,278,346,19,nan,nan,1.18
11/2/2025 8:11:09,1.17.2,PRexp,10,3.81,nan,32,Left,Left,5501,278,346,19,nan,nan,0.33
11/2/2025 8:11:10,1.17.2,PRexp,10,3.81,nan,32,Left,Left,5502,278,346,19,nan,nan,0.14
11/2/2025 8:11:12,1.17.2,PRexp,10,3.81,nan,32,Left,Left,5503,278,346,19,nan,nan,0.26
11/2/2025 8:11:14,1.17.2,PRexp,10,3.81,nan,32,Left,Left,5504,278,346,19,nan,nan,0.00
11/2/2025 8:11:15,1.17.2,PRexp,10,3.81,nan,32,Left,Left,5505,278,346,19,nan,nan,0.02
11/2/2025 8:11:18,1.17.2,PRexp,10,3.81,nan,32,Left,Left,5506,278,346,19,nan,nan,0.52
11/2/2025 8:26:15,1.17.2,PRexp,10,3.81,nan,32,Left,Left,5507,278,346,19,nan,nan,0.32
11/2/2025 8:26:17,1.17.2,PRexp,10,3.80,nan,32,Left,Left,5508,278,346,19,nan,nan,0.22
11/2/2025 8:26:18,1.17.2,PRexp,10,3.81,nan,32,Left,Left,5509,278,346,19,nan,nan,0.34
11/2/2025 8:26:24,1.17.2,PRexp,10,3.81,nan,32,Left,Left,5510,278,346,19,nan,nan,1.11
11/2/2025 8:26:25,1.17.2,PRexp,10,3.81,nan,32,Left,Left,5511,278,346,19,nan,nan,0.09
11/2/2025 8:26:27,1.17.2,PRexp,10,3.81,nan,32,Left,Left,5512,278,346,19,nan,nan,0.27
11/2/2025 8:26:29,1.17.2,PRexp,10,3.81,nan,32,Left,Left,5513,278,346,19,nan,nan,0.41
11/2/2025 8:26:37,1.17.2,PRexp,10,3.80,nan,32,Left,Left,5514,278,346,19,nan,nan,0.19
11/2/2025 8:26:41,1.17.2,PRexp,10,3.81,nan,32,Left,Left,5515,278,346,19,nan,nan,0.82
11/2/2025 8:26:42,1.17.2,PRexp,10,3.81,nan,32,Left,Left,5516,278,346,19,nan,nan,0.02
11/2/2025 8:26:48,1.17.2,PRexp,10,3.81,nan,32,Left,Left,5517,278,346,19,nan,nan,0.02
11/2/2025 8:26:50,1.17.2,PRexp,10,3.81,nan,32,Left,Left,5518,278,346,19,nan,nan,1.36
11/2/2025 8:29:19,1.17.2,PRexp,10,3.80,nan,32,Left,Left,5519,278,346,19,nan,nan,0.04
11/2/2025 8:29:20,1.17.2,PRexp,10,3.80,nan,32,LeftDuringDispense,Left,5520,278,346,20,nan,nan,0.08
11/2/2025 8:29:29,1.17.2,PRexp,10,3.81,6,32,Pellet,Left,5520,278,347,20,0.11,1193,nan
11/2/2025 8:35:34,1.17.2,PRexp,10,3.81,nan,36,Left,Left,5521,278,347,20,nan,nan,0.06
11/2/2025 8:35:41,1.17.2,PRexp,10,3.81,nan,36,Left,Left,5522,278,347,20,nan,nan,0.84
11/2/2025 8:35:42,1.17.2,PRexp,10,3.81,nan,36,Left,Left,5523,278,347,20,nan,nan,0.02
11/2/2025 8:35:43,1.17.2,PRexp,10,3.80,nan,36,Left,Left,5524,278,347,20,nan,nan,0.02
11/2/2025 8:35:46,1.17.2,PRexp,10,3.81,nan,36,Left,Left,5525,278,347,20,nan,nan,1.42
11/2/2025 8:35:48,1.17.2,PRexp,10,3.80,nan,36,Left,Left,5526,278,347,20,nan,nan,0.51
11/2/2025 8:35:50,1.17.2,PRexp,10,3.80,nan,36,Left,Left,5527,278,347,20,nan,nan,0.13
11/2/2025 8:35:52,1.17.2,PRexp,10,3.81,nan,36,Left,Left,5528,278,347,20,nan,nan,1.21
11/2/2025 8:35:56,1.17.2,PRexp,10,3.81,nan,36,Left,Left,5529,278,347,20,nan,nan,0.00
11/2/2025 8:35:56,1.17.2,PRexp,10,3.80,nan,36,Left,Left,5530,278,347,20,nan,nan,0.02
11/2/2025 8:35:59,1.17.2,PRexp,10,3.81,nan,36,Left,Left,5531,278,347,20,nan,nan,0.80
11/2/2025 8:36:01,1.17.2,PRexp,10,3.80,nan,36,Left,Left,5532,278,347,20,nan,nan,0.69
11/2/2025 8:36:02,1.17.2,PRexp,10,3.80,nan,36,Left,Left,5533,278,347,20,nan,nan,0.00
11/2/2025 8:36:08,1.17.2,PRexp,10,3.80,nan,36,Left,Left,5534,278,347,20,nan,nan,1.21
11/2/2025 8:36:09,1.17.2,PRexp,10,3.81,nan,36,Left,Left,5535,278,347,20,nan,nan,0.50
11/2/2025 8:36:10,1.17.2,PRexp,10,3.81,nan,36,Left,Left,5536,278,347,20,nan,nan,0.13
11/2/2025 8:36:13,1.17.2,PRexp,10,3.81,nan,36,Left,Left,5537,278,347,20,nan,nan,0.08
11/2/2025 8:36:14,1.17.2,PRexp,10,3.81,nan,36,Left,Left,5538,278,347,20,nan,nan,0.54
11/2/2025 8:36:20,1.17.2,PRexp,10,3.81,nan,36,Left,Left,5539,278,347,20,nan,nan,1.03
11/2/2025 8:36:22,1.17.2,PRexp,10,3.81,nan,36,Left,Left,5540,278,347,20,nan,nan,0.00
11/2/2025 8:36:23,1.17.2,PRexp,10,3.81,nan,36,Left,Left,5541,278,347,20,nan,nan,0.02
11/2/2025 8:36:26,1.17.2,PRexp,10,3.81,nan,36,Left,Left,5542,278,347,20,nan,nan,0.28
11/2/2025 8:36:28,1.17.2,PRexp,10,3.80,nan,36,Left,Left,5543,278,347,20,nan,nan,0.98
11/2/2025 8:36:30,1.17.2,PRexp,10,3.81,nan,36,Left,Left,5544,278,347,20,nan,nan,0.75
11/2/2025 8:36:32,1.17.2,PRexp,10,3.81,nan,36,Left,Left,5545,278,347,20,nan,nan,0.04
11/2/2025 8:36:36,1.17.2,PRexp,10,3.81,nan,36,Left,Left,5546,278,347,20,nan,nan,0.73
11/2/2025 8:36:39,1.17.2,PRexp,10,3.81,nan,36,Left,Left,5547,278,347,20,nan,nan,0.15
11/2/2025 8:36:42,1.17.2,PRexp,10,3.81,nan,36,Left,Left,5548,278,347,20,nan,nan,0.02
11/2/2025 8:36:45,1.17.2,PRexp,10,3.82,nan,36,Left,Left,5549,278,347,20,nan,nan,0.02
11/2/2025 8:36:51,1.17.2,PRexp,10,3.81,nan,36,Left,Left,5550,278,347,20,nan,nan,0.21
11/2/2025 8:36:52,1.17.2,PRexp,10,3.81,nan,36,Left,Left,5551,278,347,20,nan,nan,0.03
11/2/2025 8:36:54,1.17.2,PRexp,10,3.81,nan,36,Left,Left,5552,278,347,20,nan,nan,0.00
11/2/2025 8:37:59,1.17.2,PRexp,10,3.81,nan,36,Left,Left,5553,278,347,20,nan,nan,0.67
11/2/2025 8:38:01,1.17.2,PRexp,10,3.81,nan,36,Left,Left,5554,278,347,20,nan,nan,0.19
11/2/2025 9:01:19,1.17.2,PRexp,10,3.81,nan,36,Left,Left,5555,278,347,20,nan,nan,3.53
11/2/2025 9:01:22,1.17.2,PRexp,10,3.80,nan,36,Left,Left,5556,278,347,20,nan,nan,0.23
11/2/2025 9:01:23,1.17.2,PRexp,10,3.80,nan,36,LeftDuringDispense,Left,5557,278,347,21,nan,nan,0.06
11/2/2025 9:01:33,1.17.2,PRexp,10,3.81,6,36,Pellet,Left,5557,278,348,21,0.44,1924,nan
11/2/2025 9:03:02,1.17.2,PRexp,10,3.80,nan,40,Left,Left,5558,278,348,21,nan,nan,0.27
11/2/2025 9:03:04,1.17.2,PRexp,10,3.81,nan,40,Left,Left,5559,278,348,21,nan,nan,0.70
11/2/2025 9:03:07,1.17.2,PRexp,10,3.81,nan,40,Left,Left,5560,278,348,21,nan,nan,0.07
11/2/2025 9:03:10,1.17.2,PRexp,10,3.81,nan,40,Left,Left,5561,278,348,21,nan,nan,0.10
11/2/2025 9:03:11,1.17.2,PRexp,10,3.81,nan,40,Left,Left,5562,278,348,21,nan,nan,0.41
11/2/2025 9:03:12,1.17.2,PRexp,10,3.80,nan,40,Left,Left,5563,278,348,21,nan,nan,0.02
11/2/2025 9:03:13,1.17.2,PRexp,10,3.81,nan,40,Left,Left,5564,278,348,21,nan,nan,0.02
11/2/2025 9:03:15,1.17.2,PRexp,10,3.80,nan,40,Left,Left,5565,278,348,21,nan,nan,0.02
11/2/2025 9:03:16,1.17.2,PRexp,10,3.81,nan,40,Left,Left,5566,278,348,21,nan,nan,0.89
11/2/2025 9:03:18,1.17.2,PRexp,10,3.81,nan,40,Left,Left,5567,278,348,21,nan,nan,0.04
11/2/2025 9:03:20,1.17.2,PRexp,10,3.81,nan,40,Left,Left,5568,278,348,21,nan,nan,0.04
11/2/2025 9:03:23,1.17.2,PRexp,10,3.81,nan,40,Left,Left,5569,278,348,21,nan,nan,0.03
11/2/2025 9:03:26,1.17.2,PRexp,10,3.80,nan,40,Left,Left,5570,278,348,21,nan,nan,0.01
11/2/2025 9:03:32,1.17.2,PRexp,10,3.81,nan,40,Left,Left,5571,278,348,21,nan,nan,0.02
11/2/2025 9:03:33,1.17.2,PRexp,10,3.81,nan,40,Left,Left,5572,278,348,21,nan,nan,0.03
11/2/2025 9:03:34,1.17.2,PRexp,10,3.80,nan,40,Left,Left,5573,278,348,21,nan,nan,0.07
11/2/2025 9:03:35,1.17.2,PRexp,10,3.81,nan,40,Left,Left,5574,278,348,21,nan,nan,0.00
11/2/2025 9:03:43,1.17.2,PRexp,10,3.81,nan,40,Left,Left,5575,278,348,21,nan,nan,0.03
11/2/2025 9:03:44,1.17.2,PRexp,10,3.81,nan,40,Left,Left,5576,278,348,21,nan,nan,0.05
11/2/2025 9:03:46,1.17.2,PRexp,10,3.80,nan,40,Left,Left,5577,278,348,21,nan,nan,0.02
11/2/2025 9:03:48,1.17.2,PRexp,10,3.80,nan,40,Left,Left,5578,278,348,21,nan,nan,0.09
11/2/2025 9:03:59,1.17.2,PRexp,10,3.81,nan,40,Left,Left,5579,278,348,21,nan,nan,0.08
11/2/2025 9:04:01,1.17.2,PRexp,10,3.80,nan,40,Left,Left,5580,278,348,21,nan,nan,0.11
11/2/2025 9:04:05,1.17.2,PRexp,10,3.81,nan,40,Left,Left,5581,278,348,21,nan,nan,0.02
11/2/2025 9:04:18,1.17.2,PRexp,10,3.81,nan,40,Left,Left,5582,278,348,21,nan,nan,0.07
11/2/2025 9:04:47,1.17.2,PRexp,10,3.80,nan,40,Left,Left,5583,278,348,21,nan,nan,0.05
11/2/2025 9:04:48,1.17.2,PRexp,10,3.81,nan,40,Left,Left,5584,278,348,21,nan,nan,0.01
11/2/2025 9:04:49,1.17.2,PRexp,10,3.81,nan,40,Left,Left,5585,278,348,21,nan,nan,0.07
11/2/2025 9:04:52,1.17.2,PRexp,10,3.81,nan,40,Left,Left,5586,278,348,21,nan,nan,0.03
11/2/2025 9:04:53,1.17.2,PRexp,10,3.81,nan,40,Left,Left,5587,278,348,21,nan,nan,0.13
11/2/2025 9:05:05,1.17.2,PRexp,10,3.80,nan,40,Left,Left,5588,278,348,21,nan,nan,0.52
11/2/2025 9:05:08,1.17.2,PRexp,10,3.80,nan,40,Left,Left,5589,278,348,21,nan,nan,0.24
11/2/2025 9:05:12,1.17.2,PRexp,10,3.80,nan,40,Left,Left,5590,278,348,21,nan,nan,0.02
11/2/2025 9:05:15,1.17.2,PRexp,10,3.80,nan,40,Left,Left,5591,278,348,21,nan,nan,0.05
11/2/2025 9:05:48,1.17.2,PRexp,10,3.81,nan,40,Left,Left,5592,278,348,21,nan,nan,0.17
11/2/2025 9:05:50,1.17.2,PRexp,10,3.81,nan,40,Left,Left,5593,278,348,21,nan,nan,0.02
11/2/2025 9:05:56,1.17.2,PRexp,10,3.81,nan,40,Left,Left,5594,278,348,21,nan,nan,0.90
11/2/2025 9:06:00,1.17.2,PRexp,10,3.81,nan,40,Left,Left,5595,278,348,21,nan,nan,0.10
11/2/2025 9:06:01,1.17.2,PRexp,10,3.81,nan,40,Left,Left,5596,278,348,21,nan,nan,0.06
11/2/2025 9:06:04,1.17.2,PRexp,10,3.81,nan,40,Left,Left,5597,278,348,21,nan,nan,0.68
11/2/2025 9:06:14,1.17.2,PRexp,10,3.80,6,40,Pellet,Left,5597,278,349,22,0.16,281,nan
11/2/2025 9:07:23,1.17.2,PRexp,10,3.81,nan,45,Left,Left,5598,278,349,22,nan,nan,0.18
11/2/2025 9:07:34,1.17.2,PRexp,10,3.81,nan,45,Left,Left,5599,278,349,22,nan,nan,0.12
11/2/2025 9:07:43,1.17.2,PRexp,10,3.80,nan,45,Left,Left,5600,278,349,22,nan,nan,0.50
11/2/2025 9:07:44,1.17.2,PRexp,10,3.80,nan,45,Left,Left,5601,278,349,22,nan,nan,0.85
11/2/2025 9:07:49,1.17.2,PRexp,10,3.80,nan,45,Left,Left,5602,278,349,22,nan,nan,0.01
11/2/2025 9:07:54,1.17.2,PRexp,10,3.81,nan,45,Left,Left,5603,278,349,22,nan,nan,0.12
11/2/2025 9:07:55,1.17.2,PRexp,10,3.81,nan,45,Left,Left,5604,278,349,22,nan,nan,0.00
11/2/2025 9:07:57,1.17.2,PRexp,10,3.80,nan,45,Left,Left,5605,278,349,22,nan,nan,0.05
11/2/2025 9:07:59,1.17.2,PRexp,10,3.81,nan,45,Left,Left,5606,278,349,22,nan,nan,0.55
11/2/2025 9:08:00,1.17.2,PRexp,10,3.80,nan,45,Left,Left,5607,278,349,22,nan,nan,0.01
11/2/2025 9:08:05,1.17.2,PRexp,10,3.81,nan,45,Left,Left,5608,278,349,22,nan,nan,0.03
11/2/2025 9:08:07,1.17.2,PRexp,10,3.80,nan,45,Left,Left,5609,278,349,22,nan,nan,0.09
11/2/2025 9:08:10,1.17.2,PRexp,10,3.81,nan,45,Left,Left,5610,278,349,22,nan,nan,0.03
11/2/2025 9:08:15,1.17.2,PRexp,10,3.80,nan,45,Left,Left,5611,278,349,22,nan,nan,0.07
11/2/2025 9:08:17,1.17.2,PRexp,10,3.82,nan,45,Left,Left,5612,278,349,22,nan,nan,0.01
11/2/2025 9:08:23,1.17.2,PRexp,10,3.81,nan,45,Left,Left,5613,278,349,22,nan,nan,0.07
11/2/2025 9:08:25,1.17.2,PRexp,10,3.81,nan,45,Left,Left,5614,278,349,22,nan,nan,0.08
11/2/2025 9:08:26,1.17.2,PRexp,10,3.81,nan,45,Left,Left,5615,278,349,22,nan,nan,0.03
11/2/2025 9:08:28,1.17.2,PRexp,10,3.80,nan,45,Left,Left,5616,278,349,22,nan,nan,0.09
11/2/2025 9:08:29,1.17.2,PRexp,10,3.80,nan,45,Left,Left,5617,278,349,22,nan,nan,0.08
11/2/2025 9:08:31,1.17.2,PRexp,10,3.81,nan,45,Left,Left,5618,278,349,22,nan,nan,0.48
11/2/2025 9:11:06,1.17.2,PRexp,10,3.80,nan,45,Left,Left,5619,278,349,22,nan,nan,0.06
11/2/2025 9:11:07,1.17.2,PRexp,10,3.81,nan,45,Left,Left,5620,278,349,22,nan,nan,0.00
11/2/2025 9:14:41,1.17.2,PRexp,10,3.81,nan,45,Left,Left,5621,278,349,22,nan,nan,0.02
11/2/2025 9:14:45,1.17.2,PRexp,10,3.80,nan,45,Left,Left,5622,278,349,22,nan,nan,0.06
11/2/2025 9:14:46,1.17.2,PRexp,10,3.80,nan,45,Left,Left,5623,278,349,22,nan,nan,0.28
11/2/2025 9:14:52,1.17.2,PRexp,10,3.80,nan,45,Left,Left,5624,278,349,22,nan,nan,2.00
11/2/2025 9:19:59,1.17.2,PRexp,10,3.80,nan,45,Left,Left,5625,278,349,22,nan,nan,0.33
11/2/2025 9:20:04,1.17.2,PRexp,10,3.81,nan,45,Left,Left,5626,278,349,22,nan,nan,3.31
11/2/2025 9:20:06,1.17.2,PRexp,10,3.81,nan,45,Left,Left,5627,278,349,22,nan,nan,0.04
11/2/2025 9:20:07,1.17.2,PRexp,10,3.81,nan,45,Left,Left,5628,278,349,22,nan,nan,0.04
11/2/2025 9:20:08,1.17.2,PRexp,10,3.81,nan,45,Left,Left,5629,278,349,22,nan,nan,0.37
11/2/2025 9:21:02,1.17.2,PRexp,10,3.81,nan,45,Left,Left,5630,278,349,22,nan,nan,1.73
11/2/2025 9:21:03,1.17.2,PRexp,10,3.81,nan,45,Left,Left,5631,278,349,22,nan,nan,0.14
11/2/2025 9:21:12,1.17.2,PRexp,10,3.81,nan,45,Left,Left,5632,278,349,22,nan,nan,8.51
11/2/2025 9:23:30,1.17.2,PRexp,10,3.80,nan,45,Left,Left,5633,278,349,22,nan,nan,0.05
11/2/2025 9:23:31,1.17.2,PRexp,10,3.81,nan,45,Left,Left,5634,278,349,22,nan,nan,0.10
11/2/2025 9:23:42,1.17.2,PRexp,10,3.81,nan,45,Left,Left,5635,278,349,22,nan,nan,0.37
11/2/2025 9:23:44,1.17.2,PRexp,10,3.81,nan,45,Left,Left,5636,278,349,22,nan,nan,0.00
11/2/2025 9:23:53,1.17.2,PRexp,10,3.80,nan,45,Left,Left,5637,278,349,22,nan,nan,6.58
11/2/2025 9:24:04,1.17.2,PRexp,10,3.80,nan,45,Left,Left,5638,278,349,22,nan,nan,2.61
11/2/2025 9:25:17,1.17.2,PRexp,10,3.80,nan,45,Left,Left,5639,278,349,22,nan,nan,4.27
11/2/2025 9:26:36,1.17.2,PRexp,10,3.80,nan,45,Left,Left,5640,278,349,22,nan,nan,0.09
11/2/2025 9:26:54,1.17.2,PRexp,10,3.81,nan,45,Left,Left,5641,278,349,22,nan,nan,7.57
11/2/2025 9:27:00,1.17.2,PRexp,10,3.80,nan,45,Left,Left,5642,278,349,22,nan,nan,0.00
11/2/2025 9:27:00,1.17.2,PRexp,10,3.80,nan,45,LeftDuringDispense,Left,5643,278,349,23,nan,nan,0.10
11/2/2025 9:27:05,1.17.2,PRexp,10,3.80,nan,45,LeftDuringDispense,Left,5644,278,349,23,nan,nan,0.50
11/2/2025 9:27:09,1.17.2,PRexp,10,3.80,nan,45,LeftDuringDispense,Left,5645,278,349,23,nan,nan,1.29
11/2/2025 9:27:17,1.17.2,PRexp,10,3.80,8,45,Pellet,Left,5645,278,350,23,0.22,1263,nan
11/2/2025 9:29:00,1.17.2,PRexp,10,3.80,nan,50,Left,Left,5646,278,350,23,nan,nan,0.01
11/2/2025 9:29:05,1.17.2,PRexp,10,3.80,nan,50,Left,Left,5647,278,350,23,nan,nan,0.80
11/2/2025 9:29:10,1.17.2,PRexp,10,3.81,nan,50,Left,Left,5648,278,350,23,nan,nan,1.02
11/2/2025 9:29:22,1.17.2,PRexp,10,3.81,nan,50,Left,Left,5649,278,350,23,nan,nan,0.00
11/2/2025 9:29:39,1.17.2,PRexp,10,3.80,nan,50,Left,Left,5650,278,350,23,nan,nan,0.07
11/2/2025 9:29:44,1.17.2,PRexp,10,3.80,nan,50,Left,Left,5651,278,350,23,nan,nan,0.23
11/2/2025 9:30:23,1.17.2,PRexp,10,3.80,nan,50,Left,Left,5652,278,350,23,nan,nan,0.05
11/2/2025 9:30:29,1.17.2,PRexp,10,3.81,nan,50,Left,Left,5653,278,350,23,nan,nan,0.06
11/2/2025 9:30:32,1.17.2,PRexp,10,3.81,nan,50,Left,Left,5654,278,350,23,nan,nan,0.78
11/2/2025 9:30:33,1.17.2,PRexp,10,3.80,nan,50,Left,Left,5655,278,350,23,nan,nan,0.06
11/2/2025 9:30:40,1.17.2,PRexp,10,3.81,nan,50,Left,Left,5656,278,350,23,nan,nan,0.03
11/2/2025 9:30:46,1.17.2,PRexp,10,3.81,nan,50,Left,Left,5657,278,350,23,nan,nan,0.00
11/2/2025 9:30:46,1.17.2,PRexp,10,3.80,nan,50,Left,Left,5658,278,350,23,nan,nan,0.00
11/2/2025 9:30:48,1.17.2,PRexp,10,3.81,nan,50,Left,Left,5659,278,350,23,nan,nan,0.03
11/2/2025 9:30:51,1.17.2,PRexp,10,3.81,nan,50,Left,Left,5660,278,350,23,nan,nan,0.05
11/2/2025 9:30:52,1.17.2,PRexp,10,3.80,nan,50,Left,Left,5661,278,350,23,nan,nan,0.29
11/2/2025 9:30:54,1.17.2,PRexp,10,3.80,nan,50,Left,Left,5662,278,350,23,nan,nan,0.00
11/2/2025 9:30:55,1.17.2,PRexp,10,3.80,nan,50,Left,Left,5663,278,350,23,nan,nan,0.18
11/2/2025 9:30:58,1.17.2,PRexp,10,3.80,nan,50,Left,Left,5664,278,350,23,nan,nan,0.14
11/2/2025 9:30:59,1.17.2,PRexp,10,3.81,nan,50,Left,Left,5665,278,350,23,nan,nan,0.00
11/2/2025 9:31:05,1.17.2,PRexp,10,3.81,nan,50,Left,Left,5666,278,350,23,nan,nan,0.75
11/2/2025 9:31:15,1.17.2,PRexp,10,3.81,nan,50,Left,Left,5667,278,350,23,nan,nan,1.05
11/2/2025 9:31:19,1.17.2,PRexp,10,3.80,nan,50,Left,Left,5668,278,350,23,nan,nan,1.42
11/2/2025 9:31:27,1.17.2,PRexp,10,3.80,nan,50,Left,Left,5669,278,350,23,nan,nan,0.28
11/2/2025 9:31:30,1.17.2,PRexp,10,3.80,nan,50,Left,Left,5670,278,350,23,nan,nan,0.03
11/2/2025 9:31:31,1.17.2,PRexp,10,3.81,nan,50,Left,Left,5671,278,350,23,nan,nan,0.01
11/2/2025 9:31:33,1.17.2,PRexp,10,3.81,nan,50,Left,Left,5672,278,350,23,nan,nan,0.02
11/2/2025 9:31:34,1.17.2,PRexp,10,3.80,nan,50,Left,Left,5673,278,350,23,nan,nan,0.34
11/2/2025 9:31:36,1.17.2,PRexp,10,3.80,nan,50,Left,Left,5674,278,350,23,nan,nan,0.11
11/2/2025 9:31:39,1.17.2,PRexp,10,3.80,nan,50,Left,Left,5675,278,350,23,nan,nan,0.04
11/2/2025 9:31:47,1.17.2,PRexp,10,3.81,nan,50,Left,Left,5676,278,350,23,nan,nan,0.03
11/2/2025 9:31:52,1.17.2,PRexp,10,3.81,nan,50,Left,Left,5677,278,350,23,nan,nan,2.90
11/2/2025 9:32:03,1.17.2,PRexp,10,3.80,nan,50,Left,Left,5678,278,350,23,nan,nan,0.08
11/2/2025 9:32:10,1.17.2,PRexp,10,3.80,nan,50,Left,Left,5679,278,350,23,nan,nan,0.26
11/2/2025 9:32:23,1.17.2,PRexp,10,3.81,nan,50,Left,Left,5680,278,350,23,nan,nan,0.06
11/2/2025 9:32:24,1.17.2,PRexp,10,3.81,nan,50,Left,Left,5681,278,350,23,nan,nan,0.04
11/2/2025 9:32:28,1.17.2,PRexp,10,3.81,nan,50,Left,Left,5682,278,350,23,nan,nan,0.07
11/2/2025 9:32:31,1.17.2,PRexp,10,3.80,nan,50,Left,Left,5683,278,350,23,nan,nan,0.05
11/2/2025 9:32:54,1.17.2,PRexp,10,3.80,nan,50,Left,Left,5684,278,350,23,nan,nan,0.26
11/2/2025 9:33:13,1.17.2,PRexp,10,3.81,nan,50,Left,Left,5685,278,350,23,nan,nan,1.06
11/2/2025 9:33:36,1.17.2,PRexp,10,3.80,nan,50,Left,Left,5686,278,350,23,nan,nan,0.45
11/2/2025 9:33:37,1.17.2,PRexp,10,3.80,nan,50,Left,Left,5687,278,350,23,nan,nan,0.40
11/2/2025 9:33:42,1.17.2,PRexp,10,3.80,nan,50,Left,Left,5688,278,350,23,nan,nan,0.08
11/2/2025 9:33:45,1.17.2,PRexp,10,3.80,nan,50,Left,Left,5689,278,350,23,nan,nan,0.06
11/2/2025 9:41:42,1.17.2,PRexp,10,3.81,nan,50,Left,Left,5690,278,350,23,nan,nan,0.44
11/2/2025 9:41:43,1.17.2,PRexp,10,3.81,nan,50,Left,Left,5691,278,350,23,nan,nan,0.09
11/2/2025 9:41:45,1.17.2,PRexp,10,3.80,nan,50,Left,Left,5692,278,350,23,nan,nan,0.16
11/2/2025 9:41:46,1.17.2,PRexp,10,3.80,nan,50,Left,Left,5693,278,350,23,nan,nan,0.18
11/2/2025 9:41:47,1.17.2,PRexp,10,3.80,nan,50,Left,Left,5694,278,350,23,nan,nan,0.18
11/2/2025 9:41:52,1.17.2,PRexp,10,3.80,nan,50,Left,Left,5695,278,350,23,nan,nan,0.02
11/2/2025 9:41:53,1.17.2,PRexp,10,3.80,nan,50,LeftDuringDispense,Left,5696,278,350,24,nan,nan,0.02
11/2/2025 9:42:03,1.17.2,PRexp,10,3.80,6,50,Pellet,Left,5696,278,351,24,0.22,886,nan
11/2/2025 9:50:45,1.17.2,PRexp,10,3.80,nan,56,Left,Left,5697,278,351,24,nan,nan,0.26
11/2/2025 9:50:47,1.17.2,PRexp,10,3.80,nan,56,Left,Left,5698,278,351,24,nan,nan,0.04
11/2/2025 9:50:49,1.17.2,PRexp,10,3.80,nan,56,Left,Left,5699,278,351,24,nan,nan,0.72
11/2/2025 9:50:53,1.17.2,PRexp,10,3.80,nan,56,Left,Left,5700,278,351,24,nan,nan,1.61
11/2/2025 9:50:56,1.17.2,PRexp,10,3.81,nan,56,Left,Left,5701,278,351,24,nan,nan,0.84
11/2/2025 9:52:07,1.17.2,PRexp,10,3.81,nan,56,Left,Left,5702,278,351,24,nan,nan,12.09
11/2/2025 9:52:08,1.17.2,PRexp,10,3.80,nan,56,Left,Left,5703,278,351,24,nan,nan,0.04
11/2/2025 9:52:09,1.17.2,PRexp,10,3.80,nan,56,Left,Left,5704,278,351,24,nan,nan,0.03
11/2/2025 9:52:10,1.17.2,PRexp,10,3.81,nan,56,Left,Left,5705,278,351,24,nan,nan,0.03
11/2/2025 9:52:14,1.17.2,PRexp,10,3.80,nan,56,Left,Left,5706,278,351,24,nan,nan,1.74
11/2/2025 9:52:16,1.17.2,PRexp,10,3.80,nan,56,Left,Left,5707,278,351,24,nan,nan,0.86
11/2/2025 9:52:18,1.17.2,PRexp,10,3.80,nan,56,Left,Left,5708,278,351,24,nan,nan,0.17
11/2/2025 9:52:19,1.17.2,PRexp,10,3.80,nan,56,Left,Left,5709,278,351,24,nan,nan,0.07
11/2/2025 9:52:24,1.17.2,PRexp,10,3.80,nan,56,Left,Left,5710,278,351,24,nan,nan,0.00
11/2/2025 9:52:32,1.17.2,PRexp,10,3.81,nan,56,Left,Left,5711,278,351,24,nan,nan,3.94
11/2/2025 9:52:34,1.17.2,PRexp,10,3.81,nan,56,Left,Left,5712,278,351,24,nan,nan,0.00
11/2/2025 9:52:36,1.17.2,PRexp,10,3.80,nan,56,Left,Left,5713,278,351,24,nan,nan,0.93
11/2/2025 9:52:40,1.17.2,PRexp,10,3.81,nan,56,Left,Left,5714,278,351,24,nan,nan,1.33
11/2/2025 9:52:45,1.17.2,PRexp,10,3.80,nan,56,Left,Left,5715,278,351,24,nan,nan,0.05
11/2/2025 9:52:47,1.17.2,PRexp,10,3.81,nan,56,Left,Left,5716,278,351,24,nan,nan,0.18
11/2/2025 9:52:49,1.17.2,PRexp,10,3.80,nan,56,Left,Left,5717,278,351,24,nan,nan,0.48
11/2/2025 10:05:21,1.17.2,PRexp,10,3.81,nan,56,Left,Left,5718,278,351,24,nan,nan,1.00
11/2/2025 10:05:24,1.17.2,PRexp,10,3.80,nan,56,Left,Left,5719,278,351,24,nan,nan,1.52
11/2/2025 10:05:26,1.17.2,PRexp,10,3.80,nan,56,Left,Left,5720,278,351,24,nan,nan,0.30
11/2/2025 10:05:27,1.17.2,PRexp,10,3.80,nan,56,Left,Left,5721,278,351,24,nan,nan,0.62
11/2/2025 10:05:28,1.17.2,PRexp,10,3.80,nan,56,Left,Left,5722,278,351,24,nan,nan,0.00
11/2/2025 10:05:30,1.17.2,PRexp,10,3.80,nan,56,Left,Left,5723,278,351,24,nan,nan,0.00
11/2/2025 10:05:31,1.17.2,PRexp,10,3.80,nan,56,Left,Left,5724,278,351,24,nan,nan,0.61
11/2/2025 10:05:32,1.17.2,PRexp,10,3.80,nan,56,Left,Left,5725,278,351,24,nan,nan,0.02
11/2/2025 10:05:38,1.17.2,PRexp,10,3.81,nan,56,Left,Left,5726,278,351,24,nan,nan,2.56
11/2/2025 10:05:39,1.17.2,PRexp,10,3.80,nan,56,Left,Left,5727,278,351,24,nan,nan,0.02
11/2/2025 10:05:41,1.17.2,PRexp,10,3.81,nan,56,Left,Left,5728,278,351,24,nan,nan,0.10
11/2/2025 10:05:41,1.17.2,PRexp,10,3.81,nan,56,Left,Left,5729,278,351,24,nan,nan,0.03
11/2/2025 10:05:45,1.17.2,PRexp,10,3.80,nan,56,Left,Left,5730,278,351,24,nan,nan,0.04
11/2/2025 10:05:47,1.17.2,PRexp,10,3.80,nan,56,Left,Left,5731,278,351,24,nan,nan,0.02
11/2/2025 10:05:50,1.17.2,PRexp,10,3.80,nan,56,Left,Left,5732,278,351,24,nan,nan,0.27
11/2/2025 10:06:46,1.17.2,PRexp,10,3.81,nan,56,Left,Left,5733,278,351,24,nan,nan,7.11
11/2/2025 10:07:09,1.17.2,PRexp,10,3.80,nan,56,Left,Left,5734,278,351,24,nan,nan,0.97
11/2/2025 10:09:07,1.17.2,PRexp,10,3.81,nan,56,Left,Left,5735,278,351,24,nan,nan,0.02
11/2/2025 10:09:14,1.17.2,PRexp,10,3.81,nan,56,Left,Left,5736,278,351,24,nan,nan,2.33
11/2/2025 10:09:14,1.17.2,PRexp,10,3.81,nan,56,Left,Left,5737,278,351,24,nan,nan,0.00
11/2/2025 10:09:18,1.17.2,PRexp,10,3.80,nan,56,Left,Left,5738,278,351,24,nan,nan,1.43
11/2/2025 10:09:22,1.17.2,PRexp,10,3.80,nan,56,Left,Left,5739,278,351,24,nan,nan,0.06
11/2/2025 10:10:10,1.17.2,PRexp,10,3.80,nan,56,Left,Left,5740,278,351,24,nan,nan,0.97
11/2/2025 10:10:12,1.17.2,PRexp,10,3.81,nan,56,Left,Left,5741,278,351,24,nan,nan,0.89
11/2/2025 10:10:14,1.17.2,PRexp,10,3.81,nan,56,Left,Left,5742,278,351,24,nan,nan,0.09
11/2/2025 10:10:22,1.17.2,PRexp,10,3.80,nan,56,Left,Left,5743,278,351,24,nan,nan,1.70
11/2/2025 10:10:28,1.17.2,PRexp,10,3.81,nan,56,Left,Left,5744,278,351,24,nan,nan,2.08
11/2/2025 10:10:47,1.17.2,PRexp,10,3.80,nan,56,Left,Left,5745,278,351,24,nan,nan,0.27
11/2/2025 10:10:51,1.17.2,PRexp,10,3.80,nan,56,Left,Left,5746,278,351,24,nan,nan,0.26
11/2/2025 10:10:56,1.17.2,PRexp,10,3.80,nan,56,Left,Left,5747,278,351,24,nan,nan,2.86
11/2/2025 10:11:03,1.17.2,PRexp,10,3.80,nan,56,Left,Left,5748,278,351,24,nan,nan,0.04
11/2/2025 10:11:07,1.17.2,PRexp,10,3.80,nan,56,Left,Left,5749,278,351,24,nan,nan,1.82
11/2/2025 10:11:08,1.17.2,PRexp,10,3.81,nan,56,Left,Left,5750,278,351,24,nan,nan,0.41
11/2/2025 10:11:11,1.17.2,PRexp,10,3.80,nan,56,Left,Left,5751,278,351,24,nan,nan,1.32
11/2/2025 10:11:13,1.17.2,PRexp,10,3.80,nan,56,Left,Left,5752,278,351,24,nan,nan,0.68
11/2/2025 10:11:22,1.17.2,PRexp,10,3.81,4,56,Pellet,Left,5752,278,352,25,0.94,1759,nan
11/2/2025 10:13:11,1.17.2,PRexp,10,3.80,nan,62,Left,Left,5753,278,352,25,nan,nan,0.77
11/2/2025 10:13:14,1.17.2,PRexp,10,3.80,nan,62,Left,Left,5754,278,352,25,nan,nan,1.79
11/2/2025 10:13:16,1.17.2,PRexp,10,3.80,nan,62,Left,Left,5755,278,352,25,nan,nan,0.00
11/2/2025 10:18:43,1.17.2,PRexp,10,3.81,nan,62,Left,Left,5756,278,352,25,nan,nan,0.70
11/2/2025 10:18:46,1.17.2,PRexp,10,3.81,nan,62,Left,Left,5757,278,352,25,nan,nan,0.02
11/2/2025 10:18:49,1.17.2,PRexp,10,3.80,nan,62,Left,Left,5758,278,352,25,nan,nan,0.00
11/2/2025 10:18:53,1.17.2,PRexp,10,3.81,nan,62,Left,Left,5759,278,352,25,nan,nan,0.65
11/2/2025 10:18:55,1.17.2,PRexp,10,3.80,nan,62,Left,Left,5760,278,352,25,nan,nan,0.01
11/2/2025 10:18:57,1.17.2,PRexp,10,3.80,nan,62,Left,Left,5761,278,352,25,nan,nan,0.22
11/2/2025 10:18:59,1.17.2,PRexp,10,3.81,nan,62,Left,Left,5762,278,352,25,nan,nan,0.07
11/2/2025 10:19:00,1.17.2,PRexp,10,3.81,nan,62,Left,Left,5763,278,352,25,nan,nan,0.08
11/2/2025 10:19:04,1.17.2,PRexp,10,3.81,nan,62,Left,Left,5764,278,352,25,nan,nan,0.83
11/2/2025 10:19:22,1.17.2,PRexp,10,3.80,nan,62,Left,Left,5765,278,352,25,nan,nan,1.61
11/2/2025 10:19:24,1.17.2,PRexp,10,3.80,nan,62,Left,Left,5766,278,352,25,nan,nan,0.08
11/2/2025 10:19:28,1.17.2,PRexp,10,3.80,nan,62,Left,Left,5767,278,352,25,nan,nan,0.12
11/2/2025 10:19:53,1.17.2,PRexp,10,3.80,nan,62,Left,Left,5768,278,352,25,nan,nan,0.03
11/2/2025 10:20:13,1.17.2,PRexp,10,3.80,nan,62,Left,Left,5769,278,352,25,nan,nan,0.50
11/2/2025 10:20:22,1.17.2,PRexp,10,3.80,nan,62,Left,Left,5770,278,352,25,nan,nan,0.82
11/2/2025 10:20:30,1.17.2,PRexp,10,3.80,nan,62,Left,Left,5771,278,352,25,nan,nan,0.48
11/2/2025 10:20:33,1.17.2,PRexp,10,3.80,nan,62,Left,Left,5772,278,352,25,nan,nan,0.13
11/2/2025 10:20:34,1.17.2,PRexp,10,3.80,nan,62,Left,Left,5773,278,352,25,nan,nan,0.00
11/2/2025 10:20:36,1.17.2,PRexp,10,3.80,nan,62,Left,Left,5774,278,352,25,nan,nan,0.97
11/2/2025 10:20:50,1.17.2,PRexp,10,3.80,nan,62,Left,Left,5775,278,352,25,nan,nan,4.94
11/2/2025 10:20:54,1.17.2,PRexp,10,3.80,nan,62,Left,Left,5776,278,352,25,nan,nan,2.34
11/2/2025 10:20:56,1.17.2,PRexp,10,3.80,nan,62,Left,Left,5777,278,352,25,nan,nan,0.02
11/2/2025 10:20:58,1.17.2,PRexp,10,3.80,nan,62,Left,Left,5778,278,352,25,nan,nan,1.14
11/2/2025 10:21:11,1.17.2,PRexp,10,3.80,nan,62,Left,Left,5779,278,352,25,nan,nan,0.05
11/2/2025 10:21:14,1.17.2,PRexp,10,3.80,nan,62,Left,Left,5780,278,352,25,nan,nan,1.09
11/2/2025 10:21:16,1.17.2,PRexp,10,3.80,nan,62,Left,Left,5781,278,352,25,nan,nan,0.04
11/2/2025 10:21:21,1.17.2,PRexp,10,3.80,nan,62,Left,Left,5782,278,352,25,nan,nan,1.13
11/2/2025 10:21:24,1.17.2,PRexp,10,3.80,nan,62,Left,Left,5783,278,352,25,nan,nan,0.68
11/2/2025 10:21:28,1.17.2,PRexp,10,3.80,nan,62,Left,Left,5784,278,352,25,nan,nan,1.39
11/2/2025 10:21:37,1.17.2,PRexp,10,3.80,nan,62,Left,Left,5785,278,352,25,nan,nan,0.09
11/2/2025 10:21:38,1.17.2,PRexp,10,3.80,nan,62,Left,Left,5786,278,352,25,nan,nan,0.05
11/2/2025 10:21:40,1.17.2,PRexp,10,3.80,nan,62,Left,Left,5787,278,352,25,nan,nan,0.13
11/2/2025 10:21:42,1.17.2,PRexp,10,3.80,nan,62,Left,Left,5788,278,352,25,nan,nan,0.00
11/2/2025 10:21:43,1.17.2,PRexp,10,3.80,nan,62,Left,Left,5789,278,352,25,nan,nan,0.24
11/2/2025 10:21:47,1.17.2,PRexp,10,3.80,nan,62,Left,Left,5790,278,352,25,nan,nan,0.15
11/2/2025 10:32:12,1.17.2,PRexp,10,3.81,nan,62,Left,Left,5791,278,352,25,nan,nan,0.24
11/2/2025 10:32:14,1.17.2,PRexp,10,3.81,nan,62,Left,Left,5792,278,352,25,nan,nan,0.06
11/2/2025 10:32:17,1.17.2,PRexp,10,3.80,nan,62,Left,Left,5793,278,352,25,nan,nan,0.26
11/2/2025 10:32:51,1.17.2,PRexp,10,3.80,nan,62,Left,Left,5794,278,352,25,nan,nan,0.83
11/2/2025 10:32:55,1.17.2,PRexp,10,3.81,nan,62,Left,Left,5795,278,352,25,nan,nan,2.64
11/2/2025 10:32:57,1.17.2,PRexp,10,3.80,nan,62,Left,Left,5796,278,352,25,nan,nan,0.00
11/2/2025 10:32:57,1.17.2,PRexp,10,3.80,nan,62,Left,Left,5797,278,352,25,nan,nan,0.08
11/2/2025 10:33:00,1.17.2,PRexp,10,3.80,nan,62,Left,Left,5798,278,352,25,nan,nan,0.00
11/2/2025 10:33:06,1.17.2,PRexp,10,3.80,nan,62,Left,Left,5799,278,352,25,nan,nan,0.07
11/2/2025 10:33:24,1.17.2,PRexp,10,3.80,nan,62,Left,Left,5800,278,352,25,nan,nan,2.45
11/2/2025 10:33:30,1.17.2,PRexp,10,3.81,nan,62,Left,Left,5801,278,352,25,nan,nan,0.26
11/2/2025 10:33:35,1.17.2,PRexp,10,3.80,nan,62,Left,Left,5802,278,352,25,nan,nan,0.62
11/2/2025 10:33:37,1.17.2,PRexp,10,3.81,nan,62,Left,Left,5803,278,352,25,nan,nan,0.18
11/2/2025 10:33:40,1.17.2,PRexp,10,3.80,nan,62,Left,Left,5804,278,352,25,nan,nan,0.70
11/2/2025 10:33:45,1.17.2,PRexp,10,3.80,nan,62,Left,Left,5805,278,352,25,nan,nan,0.90
11/2/2025 10:33:48,1.17.2,PRexp,10,3.80,nan,62,Left,Left,5806,278,352,25,nan,nan,1.03
11/2/2025 10:33:55,1.17.2,PRexp,10,3.80,nan,62,Left,Left,5807,278,352,25,nan,nan,0.20
11/2/2025 10:33:58,1.17.2,PRexp,10,3.80,nan,62,Left,Left,5808,278,352,25,nan,nan,0.25
11/2/2025 10:33:59,1.17.2,PRexp,10,3.80,nan,62,Left,Left,5809,278,352,25,nan,nan,0.04
11/2/2025 10:34:04,1.17.2,PRexp,10,3.80,nan,62,Left,Left,5810,278,352,25,nan,nan,0.50
11/2/2025 10:34:06,1.17.2,PRexp,10,3.80,nan,62,Left,Left,5811,278,352,25,nan,nan,0.34
11/2/2025 10:34:09,1.17.2,PRexp,10,3.80,nan,62,Left,Left,5812,278,352,25,nan,nan,0.67
11/2/2025 10:58:15,1.17.2,PRexp,10,3.80,nan,62,Left,Left,5813,278,352,25,nan,nan,0.81
11/2/2025 10:58:16,1.17.2,PRexp,10,3.80,nan,62,Left,Left,5814,278,352,25,nan,nan,0.84
11/2/2025 10:58:19,1.17.2,PRexp,10,3.80,nan,62,LeftDuringDispense,Left,5815,278,352,26,nan,nan,0.08
11/2/2025 10:58:29,1.17.2,PRexp,10,3.80,7,62,Pellet,Left,5815,278,353,26,0.11,2827,nan
11/2/2025 10:59:37,1.17.2,PRexp,10,3.80,nan,69,Left,Left,5816,278,353,26,nan,nan,0.46
11/2/2025 10:59:39,1.17.2,PRexp,10,3.80,nan,69,Left,Left,5817,278,353,26,nan,nan,0.19
11/2/2025 10:59:40,1.17.2,PRexp,10,3.80,nan,69,Left,Left,5818,278,353,26,nan,nan,0.04
11/2/2025 10:59:41,1.17.2,PRexp,10,3.80,nan,69,Left,Left,5819,278,353,26,nan,nan,0.11
11/2/2025 10:59:45,1.17.2,PRexp,10,3.80,nan,69,Left,Left,5820,278,353,26,nan,nan,0.01
11/2/2025 11:00:05,1.17.2,PRexp,10,3.80,nan,69,Left,Left,5821,278,353,26,nan,nan,0.44
11/2/2025 11:00:07,1.17.2,PRexp,10,3.80,nan,69,Left,Left,5822,278,353,26,nan,nan,1.66
11/2/2025 11:00:09,1.17.2,PRexp,10,3.80,nan,69,Left,Left,5823,278,353,26,nan,nan,0.46
11/2/2025 11:00:10,1.17.2,PRexp,10,3.80,nan,69,Left,Left,5824,278,353,26,nan,nan,0.27
11/2/2025 11:00:11,1.17.2,PRexp,10,3.80,nan,69,Left,Left,5825,278,353,26,nan,nan,0.03
11/2/2025 11:00:13,1.17.2,PRexp,10,3.80,nan,69,Left,Left,5826,278,353,26,nan,nan,0.02
11/2/2025 11:00:13,1.17.2,PRexp,10,3.80,nan,69,Left,Left,5827,278,353,26,nan,nan,0.04
11/2/2025 11:00:18,1.17.2,PRexp,10,3.80,nan,69,Left,Left,5828,278,353,26,nan,nan,0.37
11/2/2025 11:00:23,1.17.2,PRexp,10,3.80,nan,69,Left,Left,5829,278,353,26,nan,nan,0.03
11/2/2025 11:00:29,1.17.2,PRexp,10,3.80,nan,69,Left,Left,5830,278,353,26,nan,nan,0.02
11/2/2025 11:03:29,1.17.2,PRexp,10,3.80,nan,69,Left,Left,5831,278,353,26,nan,nan,0.75
11/2/2025 11:03:31,1.17.2,PRexp,10,3.80,nan,69,Left,Left,5832,278,353,26,nan,nan,1.09
11/2/2025 11:03:32,1.17.2,PRexp,10,3.81,nan,69,Left,Left,5833,278,353,26,nan,nan,0.01
11/2/2025 11:03:33,1.17.2,PRexp,10,3.80,nan,69,Left,Left,5834,278,353,26,nan,nan,0.00
11/2/2025 11:03:34,1.17.2,PRexp,10,3.80,nan,69,Left,Left,5835,278,353,26,nan,nan,0.15
11/2/2025 11:03:37,1.17.2,PRexp,10,3.80,nan,69,Left,Left,5836,278,353,26,nan,nan,0.00
11/2/2025 11:03:37,1.17.2,PRexp,10,3.80,nan,69,Left,Left,5837,278,353,26,nan,nan,0.04
11/2/2025 11:03:40,1.17.2,PRexp,10,3.81,nan,69,Left,Left,5838,278,353,26,nan,nan,1.11
11/2/2025 11:03:44,1.17.2,PRexp,10,3.81,nan,69,Left,Left,5839,278,353,26,nan,nan,1.47
11/2/2025 11:03:44,1.17.2,PRexp,10,3.80,nan,69,Left,Left,5840,278,353,26,nan,nan,0.05
11/2/2025 11:03:49,1.17.2,PRexp,10,3.80,nan,69,Left,Left,5841,278,353,26,nan,nan,0.03
11/2/2025 11:03:53,1.17.2,PRexp,10,3.80,nan,69,Left,Left,5842,278,353,26,nan,nan,0.05
11/2/2025 11:03:54,1.17.2,PRexp,10,3.81,nan,69,Left,Left,5843,278,353,26,nan,nan,0.00
11/2/2025 11:03:55,1.17.2,PRexp,10,3.80,nan,69,Left,Left,5844,278,353,26,nan,nan,0.04
11/2/2025 11:04:00,1.17.2,PRexp,10,3.80,nan,69,Left,Left,5845,278,353,26,nan,nan,0.03
11/2/2025 11:04:02,1.17.2,PRexp,10,3.80,nan,69,Left,Left,5846,278,353,26,nan,nan,0.00
11/2/2025 11:04:03,1.17.2,PRexp,10,3.80,nan,69,Left,Left,5847,278,353,26,nan,nan,0.02
11/2/2025 11:04:08,1.17.2,PRexp,10,3.80,nan,69,Left,Left,5848,278,353,26,nan,nan,0.29
11/2/2025 11:04:15,1.17.2,PRexp,10,3.81,nan,69,Left,Left,5849,278,353,26,nan,nan,0.02
11/2/2025 11:04:17,1.17.2,PRexp,10,3.80,nan,69,Left,Left,5850,278,353,26,nan,nan,1.14
11/2/2025 11:04:18,1.17.2,PRexp,10,3.80,nan,69,Left,Left,5851,278,353,26,nan,nan,0.15
11/2/2025 11:11:21,1.17.2,PRexp,10,3.81,nan,69,Left,Left,5852,278,353,26,nan,nan,0.60
11/2/2025 11:11:24,1.17.2,PRexp,10,3.81,nan,69,Left,Left,5853,278,353,26,nan,nan,0.60
11/2/2025 11:11:25,1.17.2,PRexp,10,3.81,nan,69,Left,Left,5854,278,353,26,nan,nan,0.01
11/2/2025 11:11:27,1.17.2,PRexp,10,3.80,nan,69,Left,Left,5855,278,353,26,nan,nan,0.04
11/2/2025 11:11:29,1.17.2,PRexp,10,3.80,nan,69,Left,Left,5856,278,353,26,nan,nan,0.68
11/2/2025 11:11:31,1.17.2,PRexp,10,3.80,nan,69,Left,Left,5857,278,353,26,nan,nan,0.21
11/2/2025 11:11:33,1.17.2,PRexp,10,3.80,nan,69,Left,Left,5858,278,353,26,nan,nan,0.60
11/2/2025 11:11:37,1.17.2,PRexp,10,3.80,nan,69,Left,Left,5859,278,353,26,nan,nan,0.88
11/2/2025 11:11:41,1.17.2,PRexp,10,3.80,nan,69,Left,Left,5860,278,353,26,nan,nan,0.01
11/2/2025 11:11:42,1.17.2,PRexp,10,3.80,nan,69,Left,Left,5861,278,353,26,nan,nan,0.02
11/2/2025 11:11:45,1.17.2,PRexp,10,3.80,nan,69,Left,Left,5862,278,353,26,nan,nan,0.67
11/2/2025 11:11:48,1.17.2,PRexp,10,3.80,nan,69,Left,Left,5863,278,353,26,nan,nan,0.02
11/2/2025 11:11:49,1.17.2,PRexp,10,3.80,nan,69,Left,Left,5864,278,353,26,nan,nan,0.06
11/2/2025 11:11:52,1.17.2,PRexp,10,3.81,nan,69,Left,Left,5865,278,353,26,nan,nan,0.71
11/2/2025 11:11:54,1.17.2,PRexp,10,3.80,nan,69,Left,Left,5866,278,353,26,nan,nan,1.09
11/2/2025 11:11:56,1.17.2,PRexp,10,3.80,nan,69,Left,Left,5867,278,353,26,nan,nan,0.19
11/2/2025 11:11:59,1.17.2,PRexp,10,3.80,nan,69,Left,Left,5868,278,353,26,nan,nan,0.38
11/2/2025 11:12:01,1.17.2,PRexp,10,3.80,nan,69,Left,Left,5869,278,353,26,nan,nan,0.26
11/2/2025 11:12:29,1.17.2,PRexp,10,3.80,nan,69,Right,Left,5869,279,353,26,nan,nan,0.22
11/2/2025 11:13:14,1.17.2,PRexp,10,3.80,nan,69,Left,Left,5870,279,353,26,nan,nan,0.64
11/2/2025 11:13:20,1.17.2,PRexp,10,3.80,nan,69,Left,Left,5871,279,353,26,nan,nan,0.07
11/2/2025 11:13:21,1.17.2,PRexp,10,3.80,nan,69,Left,Left,5872,279,353,26,nan,nan,0.04
11/2/2025 11:13:22,1.17.2,PRexp,10,3.80,nan,69,Left,Left,5873,279,353,26,nan,nan,0.00
11/2/2025 11:13:23,1.17.2,PRexp,10,3.80,nan,69,Left,Left,5874,279,353,26,nan,nan,0.00
11/2/2025 11:13:28,1.17.2,PRexp,10,3.80,nan,69,Left,Left,5875,279,353,26,nan,nan,0.06
11/2/2025 11:13:32,1.17.2,PRexp,10,3.80,nan,69,Left,Left,5876,279,353,26,nan,nan,0.02
11/2/2025 11:13:33,1.17.2,PRexp,10,3.80,nan,69,Left,Left,5877,279,353,26,nan,nan,0.54
11/2/2025 11:13:36,1.17.2,PRexp,10,3.80,nan,69,Left,Left,5878,279,353,26,nan,nan,0.26
11/2/2025 11:13:39,1.17.2,PRexp,10,3.80,nan,69,Left,Left,5879,279,353,26,nan,nan,0.06
11/2/2025 11:13:43,1.17.2,PRexp,10,3.80,nan,69,Left,Left,5880,279,353,26,nan,nan,0.10
11/2/2025 11:13:45,1.17.2,PRexp,10,3.80,nan,69,Left,Left,5881,279,353,26,nan,nan,0.02
11/2/2025 11:14:09,1.17.2,PRexp,10,3.80,nan,69,Left,Left,5882,279,353,26,nan,nan,0.07
11/2/2025 11:21:15,1.17.2,PRexp,10,3.80,nan,69,Left,Left,5883,279,353,26,nan,nan,0.11
11/2/2025 11:21:18,1.17.2,PRexp,10,3.80,nan,69,Left,Left,5884,279,353,26,nan,nan,0.82
11/2/2025 11:21:26,1.17.2,PRexp,10,3.80,5,69,Pellet,Left,5884,279,354,27,0.22,1377,nan
11/2/2025 11:26:10,1.17.2,PRexp,10,3.80,nan,77,Left,Left,5885,279,354,27,nan,nan,0.32
11/2/2025 11:26:11,1.17.2,PRexp,10,3.80,nan,77,Left,Left,5886,279,354,27,nan,nan,0.03
11/2/2025 11:26:14,1.17.2,PRexp,10,3.80,nan,77,Left,Left,5887,279,354,27,nan,nan,0.00
11/2/2025 11:26:15,1.17.2,PRexp,10,3.80,nan,77,Left,Left,5888,279,354,27,nan,nan,0.00
11/2/2025 11:26:16,1.17.2,PRexp,10,3.80,nan,77,Left,Left,5889,279,354,27,nan,nan,0.00
11/2/2025 11:26:20,1.17.2,PRexp,10,3.80,nan,77,Left,Left,5890,279,354,27,nan,nan,0.60
11/2/2025 11:26:22,1.17.2,PRexp,10,3.80,nan,77,Left,Left,5891,279,354,27,nan,nan,0.00
11/2/2025 11:26:24,1.17.2,PRexp,10,3.80,nan,77,Left,Left,5892,279,354,27,nan,nan,1.65
11/2/2025 11:26:27,1.17.2,PRexp,10,3.80,nan,77,Left,Left,5893,279,354,27,nan,nan,0.03
11/2/2025 11:26:29,1.17.2,PRexp,10,3.80,nan,77,Left,Left,5894,279,354,27,nan,nan,0.05
11/2/2025 11:26:31,1.17.2,PRexp,10,3.80,nan,77,Left,Left,5895,279,354,27,nan,nan,0.21
11/2/2025 11:26:42,1.17.2,PRexp,10,3.80,nan,77,Left,Left,5896,279,354,27,nan,nan,1.95
11/2/2025 11:27:39,1.17.2,PRexp,10,3.80,nan,77,Left,Left,5897,279,354,27,nan,nan,1.70
11/2/2025 11:27:41,1.17.2,PRexp,10,3.80,nan,77,Left,Left,5898,279,354,27,nan,nan,0.00
11/2/2025 11:27:45,1.17.2,PRexp,10,3.80,nan,77,Left,Left,5899,279,354,27,nan,nan,1.53
11/2/2025 11:27:53,1.17.2,PRexp,10,3.80,nan,77,Left,Left,5900,279,354,27,nan,nan,0.85
11/2/2025 11:27:55,1.17.2,PRexp,10,3.80,nan,77,Left,Left,5901,279,354,27,nan,nan,0.00
11/2/2025 11:27:56,1.17.2,PRexp,10,3.80,nan,77,Left,Left,5902,279,354,27,nan,nan,0.00
11/2/2025 11:27:59,1.17.2,PRexp,10,3.80,nan,77,Left,Left,5903,279,354,27,nan,nan,0.37
11/2/2025 11:28:03,1.17.2,PRexp,10,3.81,nan,77,Left,Left,5904,279,354,27,nan,nan,1.53
11/2/2025 11:28:07,1.17.2,PRexp,10,3.80,nan,77,Left,Left,5905,279,354,27,nan,nan,0.03
11/2/2025 11:28:09,1.17.2,PRexp,10,3.80,nan,77,Left,Left,5906,279,354,27,nan,nan,0.12
11/2/2025 11:28:14,1.17.2,PRexp,10,3.80,nan,77,Left,Left,5907,279,354,27,nan,nan,1.05
11/2/2025 11:28:16,1.17.2,PRexp,10,3.80,nan,77,Left,Left,5908,279,354,27,nan,nan,0.19
11/2/2025 11:28:21,1.17.2,PRexp,10,3.80,nan,77,Left,Left,5909,279,354,27,nan,nan,0.75
11/2/2025 12:10:38,1.17.2,PRexp,10,3.80,nan,1,Left,Left,5910,279,354,0,nan,nan,0.81
11/2/2025 12:10:47,1.17.2,PRexp,10,3.80,6,1,Pellet,Left,5910,279,355,1,0.27,2961,nan
11/2/2025 12:11:17,1.17.2,PRexp,10,3.80,nan,1,Left,Left,5911,279,355,1,nan,nan,0.20
11/2/2025 12:11:24,1.17.2,PRexp,10,3.80,4,1,Pellet,Left,5911,279,356,2,0.55,37,nan
11/2/2025 12:13:24,1.17.2,PRexp,10,3.80,nan,2,Left,Left,5912,279,356,2,nan,nan,0.13
11/2/2025 12:13:25,1.17.2,PRexp,10,3.80,nan,2,Left,Left,5913,279,356,2,nan,nan,0.19
11/2/2025 12:13:25,1.17.2,PRexp,10,3.80,nan,2,LeftDuringDispense,Left,5914,279,356,3,nan,nan,0.11
11/2/2025 12:13:42,1.17.2,PRexp,10,3.80,9,2,Pellet,Left,5914,279,357,3,0.50,138,nan
11/2/2025 12:17:21,1.17.2,PRexp,10,3.80,nan,2,Left,Left,5915,279,357,3,nan,nan,0.94
11/2/2025 12:17:26,1.17.2,PRexp,10,3.80,nan,2,Left,Left,5916,279,357,3,nan,nan,0.03
11/2/2025 12:17:26,1.17.2,PRexp,10,3.81,nan,2,LeftDuringDispense,Left,5917,279,357,4,nan,nan,0.03
11/2/2025 12:17:36,1.17.2,PRexp,10,3.80,5,2,Pellet,Left,5917,279,358,4,0.50,234,nan
11/2/2025 12:18:33,1.17.2,PRexp,10,3.80,nan,3,Left,Left,5918,279,358,4,nan,nan,0.03
11/2/2025 12:18:36,1.17.2,PRexp,10,3.80,nan,3,Left,Left,5919,279,358,4,nan,nan,0.02
11/2/2025 12:18:43,1.17.2,PRexp,10,3.80,nan,3,Left,Left,5920,279,358,4,nan,nan,0.07
11/2/2025 12:18:49,1.17.2,PRexp,10,3.80,4,3,Pellet,Left,5920,279,359,5,0.83,73,nan
11/2/2025 12:20:44,1.17.2,PRexp,10,3.80,nan,4,Left,Left,5921,279,359,5,nan,nan,0.02
11/2/2025 12:20:45,1.17.2,PRexp,10,3.80,nan,4,Left,Left,5922,279,359,5,nan,nan,0.02
11/2/2025 12:21:00,1.17.2,PRexp,10,3.80,nan,4,Left,Left,5923,279,359,5,nan,nan,0.09
11/2/2025 12:21:01,1.17.2,PRexp,10,3.80,nan,4,Left,Left,5924,279,359,5,nan,nan,0.05
11/2/2025 12:21:06,1.17.2,PRexp,10,3.80,3,4,Pellet,Left,5924,279,360,6,0.05,137,nan
11/2/2025 12:21:53,1.17.2,PRexp,10,3.80,nan,5,Left,Left,5925,279,360,6,nan,nan,0.37
11/2/2025 12:21:59,1.17.2,PRexp,10,3.80,nan,5,Left,Left,5926,279,360,6,nan,nan,0.06
11/2/2025 12:22:01,1.17.2,PRexp,10,3.80,nan,5,Left,Left,5927,279,360,6,nan,nan,0.34
11/2/2025 12:22:06,1.17.2,PRexp,10,3.80,nan,5,Left,Left,5928,279,360,6,nan,nan,0.34
11/2/2025 12:22:10,1.17.2,PRexp,10,3.80,nan,5,Left,Left,5929,279,360,6,nan,nan,0.02
11/2/2025 12:22:14,1.17.2,PRexp,10,3.80,3,5,Pellet,Left,5929,279,361,7,0.72,68,nan
11/2/2025 12:25:32,1.17.2,PRexp,10,3.80,nan,6,Left,Left,5930,279,361,7,nan,nan,0.01
11/2/2025 12:25:33,1.17.2,PRexp,10,3.80,nan,6,Left,Left,5931,279,361,7,nan,nan,0.02
11/2/2025 12:25:34,1.17.2,PRexp,10,3.80,nan,6,Left,Left,5932,279,361,7,nan,nan,0.02
11/2/2025 12:25:39,1.17.2,PRexp,10,3.80,nan,6,Left,Left,5933,279,361,7,nan,nan,0.47
11/2/2025 12:25:42,1.17.2,PRexp,10,3.80,nan,6,Left,Left,5934,279,361,7,nan,nan,0.55
11/2/2025 12:25:44,1.17.2,PRexp,10,3.80,nan,6,Left,Left,5935,279,361,7,nan,nan,0.12
11/2/2025 12:25:54,1.17.2,PRexp,10,3.80,5,6,Pellet,Left,5935,279,362,8,0.61,220,nan
11/2/2025 12:27:19,1.17.2,PRexp,10,3.80,nan,7,Right,Left,5935,280,362,8,nan,nan,0.11
11/2/2025 12:27:34,1.17.2,PRexp,10,3.80,nan,7,Left,Left,5936,280,362,8,nan,nan,0.09
11/2/2025 12:28:13,1.17.2,PRexp,10,3.80,nan,7,Left,Left,5937,280,362,8,nan,nan,0.19
11/2/2025 12:28:17,1.17.2,PRexp,10,3.80,nan,7,Left,Left,5938,280,362,8,nan,nan,0.11
11/2/2025 12:28:21,1.17.2,PRexp,10,3.80,nan,7,Left,Left,5939,280,362,8,nan,nan,0.15
11/2/2025 12:28:23,1.17.2,PRexp,10,3.80,nan,7,Left,Left,5940,280,362,8,nan,nan,0.25
11/2/2025 12:28:24,1.17.2,PRexp,10,3.80,nan,7,Left,Left,5941,280,362,8,nan,nan,0.22
11/2/2025 12:28:28,1.17.2,PRexp,10,3.80,nan,7,Left,Left,5942,280,362,8,nan,nan,0.15
11/2/2025 12:28:35,1.17.2,PRexp,10,3.80,4,7,Pellet,Left,5942,280,363,9,0.94,160,nan
11/2/2025 12:30:59,1.17.2,PRexp,10,3.80,nan,9,Left,Left,5943,280,363,9,nan,nan,0.06
11/2/2025 12:31:00,1.17.2,PRexp,10,3.80,nan,9,Left,Left,5944,280,363,9,nan,nan,0.22
11/2/2025 12:31:01,1.17.2,PRexp,10,3.80,nan,9,Left,Left,5945,280,363,9,nan,nan,0.03
11/2/2025 12:31:03,1.17.2,PRexp,10,3.80,nan,9,Left,Left,5946,280,363,9,nan,nan,0.00
11/2/2025 12:31:04,1.17.2,PRexp,10,3.80,nan,9,Left,Left,5947,280,363,9,nan,nan,0.27
11/2/2025 12:31:06,1.17.2,PRexp,10,3.80,nan,9,Left,Left,5948,280,363,9,nan,nan,0.27
11/2/2025 12:31:07,1.17.2,PRexp,10,3.80,nan,9,Left,Left,5949,280,363,9,nan,nan,0.10
11/2/2025 12:31:09,1.17.2,PRexp,10,3.80,nan,9,Left,Left,5950,280,363,9,nan,nan,0.61
11/2/2025 12:31:13,1.17.2,PRexp,10,3.80,nan,9,Left,Left,5951,280,363,9,nan,nan,0.10
11/2/2025 12:31:23,1.17.2,PRexp,10,3.80,6,9,Pellet,Left,5951,280,364,10,0.05,169,nan
11/2/2025 12:33:09,1.17.2,PRexp,10,3.80,nan,10,Right,Left,5951,281,364,10,nan,nan,0.26
11/2/2025 12:33:12,1.17.2,PRexp,10,3.80,nan,10,Right,Left,5951,282,364,10,nan,nan,0.11
11/2/2025 12:33:17,1.17.2,PRexp,10,3.80,nan,10,Right,Left,5951,283,364,10,nan,nan,0.00
11/2/2025 12:33:20,1.17.2,PRexp,10,3.80,nan,10,Left,Left,5952,283,364,10,nan,nan,0.03
11/2/2025 12:33:22,1.17.2,PRexp,10,3.80,nan,10,Left,Left,5953,283,364,10,nan,nan,0.15
11/2/2025 12:33:23,1.17.2,PRexp,10,3.80,nan,10,Left,Left,5954,283,364,10,nan,nan,0.03
11/2/2025 12:33:24,1.17.2,PRexp,10,3.80,nan,10,Left,Left,5955,283,364,10,nan,nan,0.09
11/2/2025 12:33:26,1.17.2,PRexp,10,3.80,nan,10,Left,Left,5956,283,364,10,nan,nan,0.25
11/2/2025 12:33:27,1.17.2,PRexp,10,3.80,nan,10,Left,Left,5957,283,364,10,nan,nan,0.24
11/2/2025 12:33:28,1.17.2,PRexp,10,3.80,nan,10,Left,Left,5958,283,364,10,nan,nan,0.02
11/2/2025 12:33:30,1.17.2,PRexp,10,3.80,nan,10,Left,Left,5959,283,364,10,nan,nan,0.19
11/2/2025 12:33:32,1.17.2,PRexp,10,3.80,nan,10,Left,Left,5960,283,364,10,nan,nan,0.07
11/2/2025 12:33:38,1.17.2,PRexp,10,3.80,nan,10,Left,Left,5961,283,364,10,nan,nan,0.07
11/2/2025 12:33:43,1.17.2,PRexp,10,3.80,4,10,Pellet,Left,5961,283,365,11,0.16,140,nan
11/2/2025 12:35:23,1.17.2,PRexp,10,3.80,nan,12,Left,Left,5962,283,365,11,nan,nan,0.06
11/2/2025 12:35:24,1.17.2,PRexp,10,3.80,nan,12,Left,Left,5963,283,365,11,nan,nan,0.08
11/2/2025 12:35:26,1.17.2,PRexp,10,3.80,nan,12,Left,Left,5964,283,365,11,nan,nan,0.46
11/2/2025 12:35:27,1.17.2,PRexp,10,3.80,nan,12,Left,Left,5965,283,365,11,nan,nan,0.00
11/2/2025 12:35:28,1.17.2,PRexp,10,3.80,nan,12,Left,Left,5966,283,365,11,nan,nan,0.64
11/2/2025 12:35:31,1.17.2,PRexp,10,3.80,nan,12,Left,Left,5967,283,365,11,nan,nan,0.06
11/2/2025 12:35:33,1.17.2,PRexp,10,3.80,nan,12,Left,Left,5968,283,365,11,nan,nan,0.21
11/2/2025 12:35:34,1.17.2,PRexp,10,3.80,nan,12,Left,Left,5969,283,365,11,nan,nan,0.03
11/2/2025 12:35:35,1.17.2,PRexp,10,3.80,nan,12,Left,Left,5970,283,365,11,nan,nan,0.19
11/2/2025 12:35:37,1.17.2,PRexp,10,3.80,nan,12,Left,Left,5971,283,365,11,nan,nan,0.28
11/2/2025 12:35:38,1.17.2,PRexp,10,3.80,nan,12,Left,Left,5972,283,365,11,nan,nan,0.00
11/2/2025 12:35:41,1.17.2,PRexp,10,3.80,nan,12,Left,Left,5973,283,365,11,nan,nan,0.19
11/2/2025 12:35:51,1.17.2,PRexp,10,3.80,6,12,Pellet,Left,5973,283,366,12,0.33,128,nan
11/2/2025 12:38:32,1.17.2,PRexp,10,3.80,nan,13,Left,Left,5974,283,366,12,nan,nan,0.30
11/2/2025 12:39:53,1.17.2,PRexp,10,3.80,nan,13,Left,Left,5975,283,366,12,nan,nan,0.64
11/2/2025 12:39:59,1.17.2,PRexp,10,3.80,nan,13,Left,Left,5976,283,366,12,nan,nan,0.03
11/2/2025 12:48:35,1.17.2,PRexp,10,3.80,nan,13,Left,Left,5977,283,366,12,nan,nan,3.60
11/2/2025 13:37:18,1.17.2,PRexp,10,3.80,nan,1,Left,Left,5978,283,366,0,nan,nan,1.45
11/2/2025 13:37:29,1.17.2,PRexp,10,3.79,5,1,Pellet,Left,5978,283,367,1,1.28,3698,nan
11/2/2025 13:38:08,1.17.2,PRexp,10,3.80,nan,1,Left,Left,5979,283,367,1,nan,nan,0.09
11/2/2025 13:38:08,1.17.2,PRexp,10,3.80,nan,1,LeftDuringDispense,Left,5980,283,367,2,nan,nan,0.08
11/2/2025 13:38:19,1.17.2,PRexp,10,3.80,5,1,Pellet,Left,5980,283,368,2,2.79,50,nan
11/2/2025 13:38:47,1.17.2,PRexp,10,3.80,nan,2,Left,Left,5981,283,368,2,nan,nan,0.03
11/2/2025 13:38:51,1.17.2,PRexp,10,3.80,nan,2,Left,Left,5982,283,368,2,nan,nan,0.03
11/2/2025 13:38:52,1.17.2,PRexp,10,3.80,nan,2,LeftDuringDispense,Left,5983,283,368,3,nan,nan,0.08
11/2/2025 13:39:04,1.17.2,PRexp,10,3.80,6,2,Pellet,Left,5983,283,369,3,2.62,45,nan
11/2/2025 13:39:46,1.17.2,PRexp,10,3.80,nan,2,Left,Left,5984,283,369,3,nan,nan,0.88
11/2/2025 13:39:48,1.17.2,PRexp,10,3.80,nan,2,Left,Left,5985,283,369,3,nan,nan,0.73
11/2/2025 13:39:56,1.17.2,PRexp,10,3.80,5,2,Pellet,Left,5985,283,370,4,0.05,52,nan
11/2/2025 13:40:29,1.17.2,PRexp,10,3.80,nan,3,Left,Left,5986,283,370,4,nan,nan,0.58
11/2/2025 13:40:40,1.17.2,PRexp,10,3.80,nan,3,Left,Left,5987,283,370,4,nan,nan,0.17
11/2/2025 13:40:43,1.17.2,PRexp,10,3.80,nan,3,Left,Left,5988,283,370,4,nan,nan,0.04
11/2/2025 13:40:49,1.17.2,PRexp,10,3.80,4,3,Pellet,Left,5988,283,371,5,0.22,53,nan
11/2/2025 13:42:38,1.17.2,PRexp,10,3.80,nan,4,Left,Left,5989,283,371,5,nan,nan,0.04
11/2/2025 13:42:40,1.17.2,PRexp,10,3.80,nan,4,Left,Left,5990,283,371,5,nan,nan,0.03
11/2/2025 13:42:42,1.17.2,PRexp,10,3.80,nan,4,Left,Left,5991,283,371,5,nan,nan,1.00
11/2/2025 13:42:44,1.17.2,PRexp,10,3.80,nan,4,Left,Left,5992,283,371,5,nan,nan,0.66
11/2/2025 13:42:52,1.17.2,PRexp,10,3.80,5,4,Pellet,Left,5992,283,372,6,0.27,123,nan
11/2/2025 13:43:45,1.17.2,PRexp,10,3.80,nan,5,Left,Left,5993,283,372,6,nan,nan,0.01
11/2/2025 13:43:47,1.17.2,PRexp,10,3.79,nan,5,Left,Left,5994,283,372,6,nan,nan,0.02
11/2/2025 13:43:50,1.17.2,PRexp,10,3.80,nan,5,Left,Left,5995,283,372,6,nan,nan,0.60
11/2/2025 13:44:08,1.17.2,PRexp,10,3.80,nan,5,Left,Left,5996,283,372,6,nan,nan,0.08
11/2/2025 13:44:10,1.17.2,PRexp,10,3.80,nan,5,Left,Left,5997,283,372,6,nan,nan,0.51
11/2/2025 13:44:16,1.17.2,PRexp,10,3.80,4,5,Pellet,Left,5997,283,373,7,0.05,84,nan
11/2/2025 13:45:27,1.17.2,PRexp,10,3.80,nan,6,Left,Left,5998,283,373,7,nan,nan,0.11
11/2/2025 13:45:29,1.17.2,PRexp,10,3.80,nan,6,Left,Left,5999,283,373,7,nan,nan,0.16
11/2/2025 13:45:37,1.17.2,PRexp,10,3.80,nan,6,Left,Left,6000,283,373,7,nan,nan,0.13
11/2/2025 13:45:39,1.17.2,PRexp,10,3.80,nan,6,Left,Left,6001,283,373,7,nan,nan,0.05
11/2/2025 13:48:33,1.17.2,PRexp,10,3.80,nan,6,Left,Left,6002,283,373,7,nan,nan,0.00
11/2/2025 13:48:34,1.17.2,PRexp,10,3.80,nan,6,Left,Left,6003,283,373,7,nan,nan,0.02
11/2/2025 13:48:35,1.17.2,PRexp,10,3.80,nan,6,LeftDuringDispense,Left,6004,283,373,8,nan,nan,0.11
11/2/2025 13:48:47,1.17.2,PRexp,10,3.80,7,6,Pellet,Left,6004,283,374,8,0.50,271,nan
11/2/2025 14:24:28,1.17.2,PRexp,10,3.80,nan,1,Left,Left,6005,283,374,0,nan,nan,0.24
11/2/2025 14:24:36,1.17.2,PRexp,10,3.80,5,1,Pellet,Left,6005,283,375,1,0.22,2149,nan
11/2/2025 14:25:03,1.17.2,PRexp,10,3.80,nan,1,Left,Left,6006,283,375,1,nan,nan,0.03
11/2/2025 14:25:10,1.17.2,PRexp,10,3.80,5,1,Pellet,Left,6006,283,376,2,0.11,34,nan
11/2/2025 14:26:03,1.17.2,PRexp,10,3.80,nan,2,Left,Left,6007,283,376,2,nan,nan,0.06
11/2/2025 14:26:04,1.17.2,PRexp,10,3.79,nan,2,Left,Left,6008,283,376,2,nan,nan,0.04
11/2/2025 14:26:12,1.17.2,PRexp,10,3.80,5,2,Pellet,Left,6008,283,377,3,0.05,61,nan
11/2/2025 14:27:15,1.17.2,PRexp,10,3.80,nan,2,Left,Left,6009,283,377,3,nan,nan,1.13
11/2/2025 14:27:16,1.17.2,PRexp,10,3.80,nan,2,Left,Left,6010,283,377,3,nan,nan,0.02
11/2/2025 14:27:16,1.17.2,PRexp,10,3.80,nan,2,LeftDuringDispense,Left,6011,283,377,4,nan,nan,0.06
11/2/2025 14:27:26,1.17.2,PRexp,10,3.80,6,2,Pellet,Left,6011,283,378,4,0.05,75,nan
11/2/2025 14:28:07,1.17.2,PRexp,10,3.80,nan,3,Left,Left,6012,283,378,4,nan,nan,0.28
11/2/2025 14:28:13,1.17.2,PRexp,10,3.80,nan,3,Left,Left,6013,283,378,4,nan,nan,0.66
11/2/2025 14:28:14,1.17.2,PRexp,10,3.80,nan,3,Left,Left,6014,283,378,4,nan,nan,0.01
11/2/2025 14:28:20,1.17.2,PRexp,10,3.80,4,3,Pellet,Left,6014,283,379,5,0.05,54,nan
11/2/2025 14:30:06,1.17.2,PRexp,10,3.80,nan,4,Left,Left,6015,283,379,5,nan,nan,0.24
11/2/2025 14:30:07,1.17.2,PRexp,10,3.80,nan,4,Left,Left,6016,283,379,5,nan,nan,0.23
11/2/2025 14:30:12,1.17.2,PRexp,10,3.80,nan,4,Left,Left,6017,283,379,5,nan,nan,0.12
11/2/2025 14:30:14,1.17.2,PRexp,10,3.80,nan,4,Left,Left,6018,283,379,5,nan,nan,0.37
11/2/2025 14:30:17,1.17.2,PRexp,10,3.80,3,4,Pellet,Left,6018,283,380,6,0.05,117,nan
11/2/2025 14:30:40,1.17.2,PRexp,10,3.80,nan,5,Left,Left,6019,283,380,6,nan,nan,0.25
11/2/2025 14:30:42,1.17.2,PRexp,10,3.80,nan,5,Left,Left,6020,283,380,6,nan,nan,0.57
11/2/2025 14:30:43,1.17.2,PRexp,10,3.80,nan,5,Left,Left,6021,283,380,6,nan,nan,0.02
11/2/2025 14:30:48,1.17.2,PRexp,10,3.80,nan,5,Left,Left,6022,283,380,6,nan,nan,0.24
11/2/2025 14:30:51,1.17.2,PRexp,10,3.80,nan,5,Left,Left,6023,283,380,6,nan,nan,0.50
11/2/2025 14:30:55,1.17.2,PRexp,10,3.80,2,5,Pellet,Left,6023,283,381,7,0.61,38,nan
11/2/2025 14:31:35,1.17.2,PRexp,10,3.80,nan,6,Left,Left,6024,283,381,7,nan,nan,0.19
11/2/2025 14:31:38,1.17.2,PRexp,10,3.80,nan,6,Left,Left,6025,283,381,7,nan,nan,0.14
11/2/2025 14:31:39,1.17.2,PRexp,10,3.79,nan,6,Left,Left,6026,283,381,7,nan,nan,0.02
11/2/2025 14:31:41,1.17.2,PRexp,10,3.80,nan,6,Left,Left,6027,283,381,7,nan,nan,0.85
11/2/2025 14:31:44,1.17.2,PRexp,10,3.80,nan,6,Left,Left,6028,283,381,7,nan,nan,0.09
11/2/2025 14:31:46,1.17.2,PRexp,10,3.80,nan,6,Left,Left,6029,283,381,7,nan,nan,0.29
11/2/2025 14:31:52,1.17.2,PRexp,10,3.79,4,6,Pellet,Left,6029,283,382,8,0.05,57,nan
11/2/2025 14:48:55,1.17.2,PRexp,10,3.80,nan,7,Left,Left,6030,283,382,8,nan,nan,0.41
11/2/2025 14:48:57,1.17.2,PRexp,10,3.80,nan,7,Left,Left,6031,283,382,8,nan,nan,0.70
11/2/2025 14:48:59,1.17.2,PRexp,10,3.80,nan,7,Left,Left,6032,283,382,8,nan,nan,0.52
11/2/2025 14:49:03,1.17.2,PRexp,10,3.80,nan,7,Left,Left,6033,283,382,8,nan,nan,0.69
11/2/2025 14:49:05,1.17.2,PRexp,10,3.80,nan,7,Left,Left,6034,283,382,8,nan,nan,0.51
11/2/2025 14:49:08,1.17.2,PRexp,10,3.80,nan,7,Left,Left,6035,283,382,8,nan,nan,0.06
11/2/2025 14:49:14,1.17.2,PRexp,10,3.79,nan,7,Left,Left,6036,283,382,8,nan,nan,1.08
11/2/2025 14:49:24,1.17.2,PRexp,10,3.80,6,7,Pellet,Left,6036,283,383,9,0.22,1052,nan
11/2/2025 14:58:22,1.17.2,PRexp,10,3.80,nan,9,Left,Left,6037,283,383,9,nan,nan,0.12
11/2/2025 14:58:25,1.17.2,PRexp,10,3.79,nan,9,Left,Left,6038,283,383,9,nan,nan,0.03
11/2/2025 14:58:30,1.17.2,PRexp,10,3.80,nan,9,Left,Left,6039,283,383,9,nan,nan,0.26
11/2/2025 14:58:31,1.17.2,PRexp,10,3.80,nan,9,Left,Left,6040,283,383,9,nan,nan,0.05
11/2/2025 14:58:48,1.17.2,PRexp,10,3.79,nan,9,Left,Left,6041,283,383,9,nan,nan,0.02
11/2/2025 14:58:56,1.17.2,PRexp,10,3.80,nan,9,Left,Left,6042,283,383,9,nan,nan,0.17
11/2/2025 14:59:08,1.17.2,PRexp,10,3.80,nan,9,Left,Left,6043,283,383,9,nan,nan,0.30
11/2/2025 14:59:13,1.17.2,PRexp,10,3.79,nan,9,Left,Left,6044,283,383,9,nan,nan,0.03
11/2/2025 14:59:28,1.17.2,PRexp,10,3.80,nan,9,Left,Left,6045,283,383,9,nan,nan,0.82
11/2/2025 14:59:29,1.17.2,PRexp,10,3.79,nan,9,LeftDuringDispense,Left,6046,283,383,10,nan,nan,0.04
11/2/2025 14:59:39,1.17.2,PRexp,10,3.80,6,9,Pellet,Left,6046,283,384,10,0.16,615,nan
11/2/2025 15:15:31,1.17.2,PRexp,10,3.80,nan,10,Left,Left,6047,283,384,10,nan,nan,0.60
11/2/2025 15:15:33,1.17.2,PRexp,10,3.80,nan,10,Left,Left,6048,283,384,10,nan,nan,0.67
11/2/2025 15:15:36,1.17.2,PRexp,10,3.79,nan,10,Left,Left,6049,283,384,10,nan,nan,0.82
11/2/2025 15:15:37,1.17.2,PRexp,10,3.79,nan,10,Left,Left,6050,283,384,10,nan,nan,0.00
11/2/2025 15:15:45,1.17.2,PRexp,10,3.80,nan,10,Left,Left,6051,283,384,10,nan,nan,0.72
11/2/2025 15:15:59,1.17.2,PRexp,10,3.79,nan,10,Left,Left,6052,283,384,10,nan,nan,0.07
11/2/2025 15:16:09,1.17.2,PRexp,10,3.80,nan,10,Left,Left,6053,283,384,10,nan,nan,0.80
11/2/2025 15:16:11,1.17.2,PRexp,10,3.79,nan,10,Left,Left,6054,283,384,10,nan,nan,0.48
11/2/2025 15:16:11,1.17.2,PRexp,10,3.79,nan,10,Left,Left,6055,283,384,10,nan,nan,0.03
11/2/2025 15:16:12,1.17.2,PRexp,10,3.79,nan,10,Left,Left,6056,283,384,10,nan,nan,0.00
11/2/2025 15:16:20,1.17.2,PRexp,10,3.79,5,10,Pellet,Left,6056,283,385,11,0.16,1001,nan
11/2/2025 15:16:25,1.17.2,PRexp,10,3.80,nan,12,Left,Left,6057,283,385,11,nan,nan,0.28
11/2/2025 15:17:34,1.17.2,PRexp,10,3.80,nan,12,Left,Left,6058,283,385,11,nan,nan,0.01
11/2/2025 15:17:36,1.17.2,PRexp,10,3.79,nan,12,Left,Left,6059,283,385,11,nan,nan,0.38
11/2/2025 15:17:40,1.17.2,PRexp,10,3.78,nan,12,Left,Left,6060,283,385,11,nan,nan,0.34
11/2/2025 15:17:43,1.17.2,PRexp,10,3.79,nan,12,Left,Left,6061,283,385,11,nan,nan,0.10
11/2/2025 15:17:47,1.17.2,PRexp,10,3.80,nan,12,Left,Left,6062,283,385,11,nan,nan,0.01
11/2/2025 15:18:15,1.17.2,PRexp,10,3.79,nan,12,Left,Left,6063,283,385,11,nan,nan,0.41
11/2/2025 15:18:15,1.17.2,PRexp,10,3.80,nan,12,Left,Left,6064,283,385,11,nan,nan,0.01
11/2/2025 15:18:17,1.17.2,PRexp,10,3.80,nan,12,Left,Left,6065,283,385,11,nan,nan,0.03
11/2/2025 15:18:19,1.17.2,PRexp,10,3.80,nan,12,Left,Left,6066,283,385,11,nan,nan,0.07
11/2/2025 15:18:19,1.17.2,PRexp,10,3.79,nan,12,Left,Left,6067,283,385,11,nan,nan,0.04
11/2/2025 15:18:23,1.17.2,PRexp,10,3.79,nan,12,Left,Left,6068,283,385,11,nan,nan,0.28
11/2/2025 15:18:31,1.17.2,PRexp,10,3.80,nan,12,LeftDuringDispense,Left,6069,283,385,12,nan,nan,0.54
11/2/2025 15:18:32,1.17.2,PRexp,10,3.80,4,12,Pellet,Left,6069,283,386,12,1.22,132,nan
11/2/2025 15:19:33,1.17.2,PRexp,10,3.79,nan,13,Left,Left,6070,283,386,12,nan,nan,0.16
11/2/2025 15:19:34,1.17.2,PRexp,10,3.79,nan,13,Left,Left,6071,283,386,12,nan,nan,0.01
11/2/2025 15:19:35,1.17.2,PRexp,10,3.80,nan,13,Left,Left,6072,283,386,12,nan,nan,0.05
11/2/2025 15:19:38,1.17.2,PRexp,10,3.80,nan,13,Left,Left,6073,283,386,12,nan,nan,0.16
11/2/2025 15:19:40,1.17.2,PRexp,10,3.79,nan,13,Left,Left,6074,283,386,12,nan,nan,0.25
11/2/2025 15:20:58,1.17.2,PRexp,10,3.80,nan,13,Left,Left,6075,283,386,12,nan,nan,0.46
11/2/2025 15:21:01,1.17.2,PRexp,10,3.79,nan,13,Left,Left,6076,283,386,12,nan,nan,0.09
11/2/2025 15:21:03,1.17.2,PRexp,10,3.80,nan,13,Left,Left,6077,283,386,12,nan,nan,0.26
11/2/2025 15:21:05,1.17.2,PRexp,10,3.79,nan,13,Left,Left,6078,283,386,12,nan,nan,0.02
11/2/2025 15:21:09,1.17.2,PRexp,10,3.80,nan,13,Left,Left,6079,283,386,12,nan,nan,0.04
11/2/2025 15:21:10,1.17.2,PRexp,10,3.79,nan,13,Left,Left,6080,283,386,12,nan,nan,0.50
11/2/2025 15:21:12,1.17.2,PRexp,10,3.79,nan,13,Left,Left,6081,283,386,12,nan,nan,0.04
11/2/2025 15:21:17,1.17.2,PRexp,10,3.80,nan,13,Left,Left,6082,283,386,12,nan,nan,0.13
11/2/2025 15:21:25,1.17.2,PRexp,10,3.79,5,13,Pellet,Left,6082,283,387,13,0.05,173,nan
11/2/2025 15:26:52,1.17.2,PRexp,10,3.79,nan,15,Left,Left,6083,283,387,13,nan,nan,0.26
11/2/2025 15:26:53,1.17.2,PRexp,10,3.80,nan,15,Left,Left,6084,283,387,13,nan,nan,0.03
11/2/2025 15:26:57,1.17.2,PRexp,10,3.79,nan,15,Left,Left,6085,283,387,13,nan,nan,0.71
11/2/2025 15:26:58,1.17.2,PRexp,10,3.80,nan,15,Left,Left,6086,283,387,13,nan,nan,0.07
11/2/2025 15:26:59,1.17.2,PRexp,10,3.80,nan,15,Left,Left,6087,283,387,13,nan,nan,0.01
11/2/2025 15:27:02,1.17.2,PRexp,10,3.80,nan,15,Left,Left,6088,283,387,13,nan,nan,0.01
11/2/2025 15:27:05,1.17.2,PRexp,10,3.80,nan,15,Left,Left,6089,283,387,13,nan,nan,0.52
11/2/2025 15:27:10,1.17.2,PRexp,10,3.79,nan,15,Left,Left,6090,283,387,13,nan,nan,0.15
11/2/2025 15:27:11,1.17.2,PRexp,10,3.80,nan,15,Left,Left,6091,283,387,13,nan,nan,0.08
11/2/2025 15:27:12,1.17.2,PRexp,10,3.80,nan,15,Left,Left,6092,283,387,13,nan,nan,0.00
11/2/2025 15:27:15,1.17.2,PRexp,10,3.79,nan,15,Left,Left,6093,283,387,13,nan,nan,0.84
11/2/2025 15:41:39,1.17.2,PRexp,10,3.79,nan,15,Left,Left,6094,283,387,13,nan,nan,0.17
11/2/2025 15:41:40,1.17.2,PRexp,10,3.79,nan,15,Left,Left,6095,283,387,13,nan,nan,0.02
11/2/2025 15:41:44,1.17.2,PRexp,10,3.79,nan,15,Left,Left,6096,283,387,13,nan,nan,0.24
11/2/2025 15:41:47,1.17.2,PRexp,10,3.80,nan,15,Left,Left,6097,283,387,13,nan,nan,0.89
11/2/2025 15:41:55,1.17.2,PRexp,10,3.79,5,15,Pellet,Left,6097,283,388,14,0.44,1230,nan
11/2/2025 15:42:42,1.17.2,PRexp,10,3.79,nan,17,Left,Left,6098,283,388,14,nan,nan,0.07
11/2/2025 15:42:49,1.17.2,PRexp,10,3.80,nan,17,Left,Left,6099,283,388,14,nan,nan,0.07
11/2/2025 15:42:55,1.17.2,PRexp,10,3.80,nan,17,Left,Left,6100,283,388,14,nan,nan,0.32
11/2/2025 15:43:02,1.17.2,PRexp,10,3.80,nan,17,Left,Left,6101,283,388,14,nan,nan,0.08
11/2/2025 15:43:10,1.17.2,PRexp,10,3.80,nan,17,Left,Left,6102,283,388,14,nan,nan,2.50
11/2/2025 15:43:11,1.17.2,PRexp,10,3.80,nan,17,Left,Left,6103,283,388,14,nan,nan,0.07
11/2/2025 15:43:12,1.17.2,PRexp,10,3.79,nan,17,Left,Left,6104,283,388,14,nan,nan,0.02
11/2/2025 15:43:13,1.17.2,PRexp,10,3.79,nan,17,Left,Left,6105,283,388,14,nan,nan,0.01
11/2/2025 15:43:17,1.17.2,PRexp,10,3.80,nan,17,Left,Left,6106,283,388,14,nan,nan,0.02
11/2/2025 15:43:18,1.17.2,PRexp,10,3.80,nan,17,Left,Left,6107,283,388,14,nan,nan,0.64
11/2/2025 15:43:20,1.17.2,PRexp,10,3.79,nan,17,Left,Left,6108,283,388,14,nan,nan,0.02
11/2/2025 15:43:25,1.17.2,PRexp,10,3.79,nan,17,Left,Left,6109,283,388,14,nan,nan,0.31
11/2/2025 15:43:31,1.17.2,PRexp,10,3.80,nan,17,Left,Left,6110,283,388,14,nan,nan,0.03
11/2/2025 15:43:36,1.17.2,PRexp,10,3.80,nan,17,Left,Left,6111,283,388,14,nan,nan,0.63
11/2/2025 15:43:42,1.17.2,PRexp,10,3.80,nan,17,Left,Left,6112,283,388,14,nan,nan,0.15
11/2/2025 15:43:44,1.17.2,PRexp,10,3.80,nan,17,Left,Left,6113,283,388,14,nan,nan,0.79
11/2/2025 15:43:49,1.17.2,PRexp,10,3.80,nan,17,Left,Left,6114,283,388,14,nan,nan,0.14
11/2/2025 15:43:57,1.17.2,PRexp,10,3.80,5,17,Pellet,Left,6114,283,389,15,0.05,122,nan
11/2/2025 15:48:22,1.17.2,PRexp,10,3.79,nan,20,Left,Left,6115,283,389,15,nan,nan,0.03
11/2/2025 15:48:23,1.17.2,PRexp,10,3.80,nan,20,Left,Left,6116,283,389,15,nan,nan,0.02
11/2/2025 15:48:31,1.17.2,PRexp,10,3.80,nan,20,Left,Left,6117,283,389,15,nan,nan,0.73
11/2/2025 15:48:39,1.17.2,PRexp,10,3.80,nan,20,Left,Left,6118,283,389,15,nan,nan,1.60
11/2/2025 15:48:41,1.17.2,PRexp,10,3.80,nan,20,Left,Left,6119,283,389,15,nan,nan,1.29
11/2/2025 15:48:45,1.17.2,PRexp,10,3.79,nan,20,Left,Left,6120,283,389,15,nan,nan,0.13
11/2/2025 15:48:47,1.17.2,PRexp,10,3.79,nan,20,Left,Left,6121,283,389,15,nan,nan,0.66
11/2/2025 15:48:49,1.17.2,PRexp,10,3.79,nan,20,Left,Left,6122,283,389,15,nan,nan,0.30
11/2/2025 15:48:50,1.17.2,PRexp,10,3.79,nan,20,Left,Left,6123,283,389,15,nan,nan,0.01
11/2/2025 15:48:53,1.17.2,PRexp,10,3.79,nan,20,Left,Left,6124,283,389,15,nan,nan,0.16
11/2/2025 15:48:55,1.17.2,PRexp,10,3.79,nan,20,Left,Left,6125,283,389,15,nan,nan,1.00
11/2/2025 15:48:56,1.17.2,PRexp,10,3.80,nan,20,Left,Left,6126,283,389,15,nan,nan,0.02
11/2/2025 15:59:59,1.17.2,PRexp,10,3.80,nan,20,Left,Left,6127,283,389,15,nan,nan,0.23
11/2/2025 16:00:03,1.17.2,PRexp,10,3.79,nan,20,Left,Left,6128,283,389,15,nan,nan,0.13
11/2/2025 16:00:07,1.17.2,PRexp,10,3.79,nan,20,Left,Left,6129,283,389,15,nan,nan,0.96
11/2/2025 16:00:08,1.17.2,PRexp,10,3.79,nan,20,Left,Left,6130,283,389,15,nan,nan,0.01
11/2/2025 16:00:10,1.17.2,PRexp,10,3.80,nan,20,Left,Left,6131,283,389,15,nan,nan,0.01
11/2/2025 16:00:11,1.17.2,PRexp,10,3.79,nan,20,Left,Left,6132,283,389,15,nan,nan,0.01
11/2/2025 16:00:20,1.17.2,PRexp,10,3.79,nan,20,Left,Left,6133,283,389,15,nan,nan,0.65
11/2/2025 16:00:23,1.17.2,PRexp,10,3.78,nan,20,Left,Left,6134,283,389,15,nan,nan,0.07
11/2/2025 16:00:23,1.17.2,PRexp,10,3.79,nan,20,LeftDuringDispense,Left,6135,283,389,16,nan,nan,0.01
11/2/2025 16:00:36,1.17.2,PRexp,10,3.79,7,20,Pellet,Left,6135,283,390,16,0.27,998,nan
11/2/2025 16:04:14,1.17.2,PRexp,10,3.79,nan,22,Left,Left,6136,283,390,16,nan,nan,1.38
11/2/2025 16:04:19,1.17.2,PRexp,10,3.80,nan,22,Left,Left,6137,283,390,16,nan,nan,0.13
11/2/2025 16:04:22,1.17.2,PRexp,10,3.79,nan,22,Left,Left,6138,283,390,16,nan,nan,0.08
11/2/2025 16:04:24,1.17.2,PRexp,10,3.80,nan,22,Left,Left,6139,283,390,16,nan,nan,1.21
11/2/2025 16:04:35,1.17.2,PRexp,10,3.79,nan,22,Left,Left,6140,283,390,16,nan,nan,0.89
11/2/2025 16:04:37,1.17.2,PRexp,10,3.79,nan,22,Left,Left,6141,283,390,16,nan,nan,0.14
11/2/2025 16:13:40,1.17.2,PRexp,10,3.80,nan,22,Left,Left,6142,283,390,16,nan,nan,0.22
11/2/2025 16:13:42,1.17.2,PRexp,10,3.79,nan,22,Left,Left,6143,283,390,16,nan,nan,0.03
11/2/2025 16:13:51,1.17.2,PRexp,10,3.79,nan,22,Left,Left,6144,283,390,16,nan,nan,0.06
11/2/2025 16:14:07,1.17.2,PRexp,10,3.80,nan,22,Left,Left,6145,283,390,16,nan,nan,0.04
11/2/2025 16:14:09,1.17.2,PRexp,10,3.79,nan,22,Left,Left,6146,283,390,16,nan,nan,1.10
11/2/2025 16:14:20,1.17.2,PRexp,10,3.80,nan,22,Left,Left,6147,283,390,16,nan,nan,0.24
11/2/2025 16:14:21,1.17.2,PRexp,10,3.80,nan,22,Left,Left,6148,283,390,16,nan,nan,0.21
11/2/2025 16:14:41,1.17.2,PRexp,10,3.80,nan,22,Left,Left,6149,283,390,16,nan,nan,1.31
11/2/2025 16:14:42,1.17.2,PRexp,10,3.80,nan,22,Left,Left,6150,283,390,16,nan,nan,0.02
11/2/2025 16:14:44,1.17.2,PRexp,10,3.80,nan,22,Left,Left,6151,283,390,16,nan,nan,0.00
11/2/2025 16:14:45,1.17.2,PRexp,10,3.80,nan,22,Left,Left,6152,283,390,16,nan,nan,0.00
11/2/2025 16:14:47,1.17.2,PRexp,10,3.80,nan,22,Left,Left,6153,283,390,16,nan,nan,0.15
11/2/2025 16:14:49,1.17.2,PRexp,10,3.79,nan,22,Left,Left,6154,283,390,16,nan,nan,1.03
11/2/2025 16:15:00,1.17.2,PRexp,10,3.79,nan,22,Left,Left,6155,283,390,16,nan,nan,0.13
11/2/2025 16:15:04,1.17.2,PRexp,10,3.79,nan,22,Left,Left,6156,283,390,16,nan,nan,0.13
11/2/2025 16:47:17,1.17.2,PRexp,10,3.80,nan,1,Left,Left,6157,283,390,0,nan,nan,0.57
11/2/2025 16:47:36,1.17.2,PRexp,10,3.79,10,1,Pellet,Left,6157,283,391,1,0.61,2821,nan
11/2/2025 16:48:29,1.17.2,PRexp,10,3.79,nan,1,Left,Left,6158,283,391,1,nan,nan,0.23
11/2/2025 16:48:37,1.17.2,PRexp,10,3.79,5,1,Pellet,Left,6158,283,392,2,0.16,60,nan
11/2/2025 16:49:37,1.17.2,PRexp,10,3.79,nan,2,Left,Left,6159,283,392,2,nan,nan,0.30
11/2/2025 16:49:38,1.17.2,PRexp,10,3.79,nan,2,Left,Left,6160,283,392,2,nan,nan,0.51
11/2/2025 16:49:46,1.17.2,PRexp,10,3.79,5,2,Pellet,Left,6160,283,393,3,0.11,70,nan
11/2/2025 16:50:33,1.17.2,PRexp,10,3.79,nan,2,Left,Left,6161,283,393,3,nan,nan,0.18
11/2/2025 16:50:37,1.17.2,PRexp,10,3.79,nan,2,Left,Left,6162,283,393,3,nan,nan,0.03
11/2/2025 16:50:45,1.17.2,PRexp,10,3.79,5,2,Pellet,Left,6162,283,394,4,0.05,59,nan
11/2/2025 16:52:15,1.17.2,PRexp,10,3.79,nan,3,Left,Left,6163,283,394,4,nan,nan,0.06
11/2/2025 16:52:16,1.17.2,PRexp,10,3.78,nan,3,Left,Left,6164,283,394,4,nan,nan,0.22
11/2/2025 16:52:18,1.17.2,PRexp,10,3.79,nan,3,Left,Left,6165,283,394,4,nan,nan,0.02
11/2/2025 16:52:32,1.17.2,PRexp,10,3.79,8,3,Pellet,Left,6165,283,395,5,0.05,107,nan
11/2/2025 16:53:09,1.17.2,PRexp,10,3.80,nan,4,Left,Left,6166,283,395,5,nan,nan,0.13
11/2/2025 16:53:10,1.17.2,PRexp,10,3.79,nan,4,Left,Left,6167,283,395,5,nan,nan,0.07
11/2/2025 16:53:11,1.17.2,PRexp,10,3.79,nan,4,Left,Left,6168,283,395,5,nan,nan,0.01
11/2/2025 16:53:12,1.17.2,PRexp,10,3.79,nan,4,Left,Left,6169,283,395,5,nan,nan,0.04
11/2/2025 16:53:20,1.17.2,PRexp,10,3.79,5,4,Pellet,Left,6169,283,396,6,0.16,48,nan
11/2/2025 16:54:58,1.17.2,PRexp,10,3.79,nan,5,Left,Left,6170,283,396,6,nan,nan,0.11
11/2/2025 16:55:03,1.17.2,PRexp,10,3.78,nan,5,Left,Left,6171,283,396,6,nan,nan,0.76
11/2/2025 16:55:19,1.17.2,PRexp,10,3.79,nan,5,Left,Left,6172,283,396,6,nan,nan,0.01
11/2/2025 16:55:20,1.17.2,PRexp,10,3.79,nan,5,Left,Left,6173,283,396,6,nan,nan,0.09
11/2/2025 16:55:22,1.17.2,PRexp,10,3.79,nan,5,Left,Left,6174,283,396,6,nan,nan,0.22
11/2/2025 16:55:29,1.17.2,PRexp,10,3.79,5,5,Pellet,Left,6174,283,397,7,0.05,129,nan
11/2/2025 16:59:11,1.17.2,PRexp,10,3.80,nan,6,Left,Left,6175,283,397,7,nan,nan,0.05
11/2/2025 16:59:13,1.17.2,PRexp,10,3.79,nan,6,Left,Left,6176,283,397,7,nan,nan,0.01
11/2/2025 16:59:16,1.17.2,PRexp,10,3.79,nan,6,Left,Left,6177,283,397,7,nan,nan,0.01
11/2/2025 16:59:18,1.17.2,PRexp,10,3.79,nan,6,Left,Left,6178,283,397,7,nan,nan,0.05
11/2/2025 16:59:20,1.17.2,PRexp,10,3.79,nan,6,Left,Left,6179,283,397,7,nan,nan,0.02
11/2/2025 16:59:21,1.17.2,PRexp,10,3.80,nan,6,Left,Left,6180,283,397,7,nan,nan,0.02
11/2/2025 16:59:29,1.17.2,PRexp,10,3.79,5,6,Pellet,Left,6180,283,398,8,0.05,240,nan
11/2/2025 17:00:04,1.17.2,PRexp,10,3.79,nan,7,Left,Left,6181,283,398,8,nan,nan,0.46
11/2/2025 17:00:06,1.17.2,PRexp,10,3.79,nan,7,Left,Left,6182,283,398,8,nan,nan,0.11
11/2/2025 17:07:40,1.17.2,PRexp,10,3.79,nan,7,Left,Left,6183,283,398,8,nan,nan,0.08
11/2/2025 17:07:43,1.17.2,PRexp,10,3.79,nan,7,Left,Left,6184,283,398,8,nan,nan,0.89
11/2/2025 17:07:46,1.17.2,PRexp,10,3.78,nan,7,Left,Left,6185,283,398,8,nan,nan,1.51
11/2/2025 17:07:50,1.17.2,PRexp,10,3.79,nan,7,Left,Left,6186,283,398,8,nan,nan,0.26
11/2/2025 17:07:53,1.17.2,PRexp,10,3.79,nan,7,Left,Left,6187,283,398,8,nan,nan,1.02
11/2/2025 17:07:57,1.17.2,PRexp,10,3.79,3,7,Pellet,Left,6187,283,399,9,0.89,508,nan
11/2/2025 17:08:43,1.17.2,PRexp,10,3.79,nan,9,Left,Left,6188,283,399,9,nan,nan,0.04
11/2/2025 17:08:47,1.17.2,PRexp,10,3.79,nan,9,Left,Left,6189,283,399,9,nan,nan,0.07
11/2/2025 17:08:49,1.17.2,PRexp,10,3.79,nan,9,Left,Left,6190,283,399,9,nan,nan,1.19
11/2/2025 17:08:51,1.17.2,PRexp,10,3.79,nan,9,Left,Left,6191,283,399,9,nan,nan,0.01
11/2/2025 17:08:54,1.17.2,PRexp,10,3.79,nan,9,Left,Left,6192,283,399,9,nan,nan,0.04
11/2/2025 17:09:01,1.17.2,PRexp,10,3.79,nan,9,Left,Left,6193,283,399,9,nan,nan,0.17
11/2/2025 17:09:05,1.17.2,PRexp,10,3.80,nan,9,Left,Left,6194,283,399,9,nan,nan,0.68
11/2/2025 17:09:09,1.17.2,PRexp,10,3.78,nan,9,Left,Left,6195,283,399,9,nan,nan,0.60
11/2/2025 17:09:15,1.17.2,PRexp,10,3.79,nan,9,Left,Left,6196,283,399,9,nan,nan,0.35
11/2/2025 17:09:22,1.17.2,PRexp,10,3.80,5,9,Pellet,Left,6196,283,400,10,0.16,85,nan
11/2/2025 17:10:06,1.17.2,PRexp,10,3.79,nan,10,Left,Left,6197,283,400,10,nan,nan,0.10
11/2/2025 17:10:18,1.17.2,PRexp,10,3.79,nan,10,Left,Left,6198,283,400,10,nan,nan,0.71
11/2/2025 17:10:24,1.17.2,PRexp,10,3.79,nan,10,Left,Left,6199,283,400,10,nan,nan,0.01
11/2/2025 17:10:26,1.17.2,PRexp,10,3.79,nan,10,Left,Left,6200,283,400,10,nan,nan,0.35
11/2/2025 17:35:32,1.17.2,PRexp,10,3.79,nan,10,Left,Left,6201,283,400,10,nan,nan,0.71
11/2/2025 17:35:38,1.17.2,PRexp,10,3.79,nan,10,Left,Left,6202,283,400,10,nan,nan,0.60
11/2/2025 17:35:48,1.17.2,PRexp,10,3.79,nan,10,Left,Left,6203,283,400,10,nan,nan,0.12
11/2/2025 17:35:51,1.17.2,PRexp,10,3.78,nan,10,Left,Left,6204,283,400,10,nan,nan,0.01
11/2/2025 17:35:52,1.17.2,PRexp,10,3.79,nan,10,Left,Left,6205,283,400,10,nan,nan,0.44
11/2/2025 17:35:54,1.17.2,PRexp,10,3.79,nan,10,Left,Left,6206,283,400,10,nan,nan,0.52
11/2/2025 17:36:01,1.17.2,PRexp,10,3.79,5,10,Pellet,Left,6206,283,401,11,0.39,1599,nan
11/2/2025 17:36:39,1.17.2,PRexp,10,3.79,nan,12,Left,Left,6207,283,401,11,nan,nan,0.03
11/2/2025 17:36:46,1.17.2,PRexp,10,3.79,nan,12,Left,Left,6208,283,401,11,nan,nan,0.97
11/2/2025 17:36:52,1.17.2,PRexp,10,3.79,nan,12,Left,Left,6209,283,401,11,nan,nan,1.08
11/2/2025 17:36:55,1.17.2,PRexp,10,3.78,nan,12,Left,Left,6210,283,401,11,nan,nan,0.50
11/2/2025 17:36:57,1.17.2,PRexp,10,3.79,nan,12,Left,Left,6211,283,401,11,nan,nan,0.02
11/2/2025 17:37:01,1.17.2,PRexp,10,3.79,nan,12,Left,Left,6212,283,401,11,nan,nan,0.71
11/2/2025 17:37:08,1.17.2,PRexp,10,3.79,nan,12,Left,Left,6213,283,401,11,nan,nan,0.94
11/2/2025 17:37:11,1.17.2,PRexp,10,3.79,nan,12,Left,Left,6214,283,401,11,nan,nan,0.66
11/2/2025 17:37:15,1.17.2,PRexp,10,3.79,nan,12,Left,Left,6215,283,401,11,nan,nan,0.11
11/2/2025 17:37:18,1.17.2,PRexp,10,3.79,nan,12,Left,Left,6216,283,401,11,nan,nan,0.02
11/2/2025 17:39:17,1.17.2,PRexp,10,3.78,nan,12,Left,Left,6217,283,401,11,nan,nan,0.39
11/2/2025 17:47:25,1.17.2,PRexp,10,3.79,nan,12,Left,Left,6218,283,401,11,nan,nan,1.28
11/2/2025 17:47:33,1.17.2,PRexp,10,3.79,5,12,Pellet,Left,6218,283,402,12,0.33,692,nan
11/2/2025 17:48:15,1.17.2,PRexp,10,3.79,nan,13,Left,Left,6219,283,402,12,nan,nan,0.03
11/2/2025 17:48:21,1.17.2,PRexp,10,3.79,nan,13,Left,Left,6220,283,402,12,nan,nan,0.15
11/2/2025 17:48:24,1.17.2,PRexp,10,3.79,nan,13,Left,Left,6221,283,402,12,nan,nan,0.41
11/2/2025 17:48:28,1.17.2,PRexp,10,3.79,nan,13,Left,Left,6222,283,402,12,nan,nan,0.02
11/2/2025 17:48:31,1.17.2,PRexp,10,3.79,nan,13,Left,Left,6223,283,402,12,nan,nan,0.62
11/2/2025 17:48:33,1.17.2,PRexp,10,3.79,nan,13,Left,Left,6224,283,402,12,nan,nan,0.02
11/2/2025 17:48:47,1.17.2,PRexp,10,3.79,nan,13,Left,Left,6225,283,402,12,nan,nan,0.20
11/2/2025 17:48:48,1.17.2,PRexp,10,3.79,nan,13,Left,Left,6226,283,402,12,nan,nan,0.02
11/2/2025 17:48:50,1.17.2,PRexp,10,3.79,nan,13,Left,Left,6227,283,402,12,nan,nan,0.02
11/2/2025 17:48:52,1.17.2,PRexp,10,3.79,nan,13,Left,Left,6228,283,402,12,nan,nan,0.02
11/2/2025 17:49:03,1.17.2,PRexp,10,3.78,nan,13,Left,Left,6229,283,402,12,nan,nan,0.14
11/2/2025 17:49:24,1.17.2,PRexp,10,3.79,nan,13,Left,Left,6230,283,402,12,nan,nan,0.08
11/2/2025 18:05:52,1.17.2,PRexp,10,3.79,nan,13,Left,Left,6231,283,402,12,nan,nan,0.64
11/2/2025 18:06:00,1.17.2,PRexp,10,3.79,5,13,Pellet,Left,6231,283,403,13,0.11,1107,nan
11/2/2025 18:06:42,1.17.2,PRexp,10,3.79,nan,15,Left,Left,6232,283,403,13,nan,nan,0.66
11/2/2025 18:06:49,1.17.2,PRexp,10,3.79,nan,15,Left,Left,6233,283,403,13,nan,nan,0.07
11/2/2025 18:06:52,1.17.2,PRexp,10,3.79,nan,15,Left,Left,6234,283,403,13,nan,nan,0.92
11/2/2025 18:06:58,1.17.2,PRexp,10,3.79,nan,15,Left,Left,6235,283,403,13,nan,nan,0.82
11/2/2025 18:06:59,1.17.2,PRexp,10,3.79,nan,15,Left,Left,6236,283,403,13,nan,nan,0.02
11/2/2025 18:07:05,1.17.2,PRexp,10,3.79,nan,15,Left,Left,6237,283,403,13,nan,nan,0.04
11/2/2025 18:07:08,1.17.2,PRexp,10,3.79,nan,15,Left,Left,6238,283,403,13,nan,nan,0.24
11/2/2025 18:07:09,1.17.2,PRexp,10,3.79,nan,15,Left,Left,6239,283,403,13,nan,nan,0.02
11/2/2025 18:07:12,1.17.2,PRexp,10,3.79,nan,15,Left,Left,6240,283,403,13,nan,nan,0.07
11/2/2025 18:07:15,1.17.2,PRexp,10,3.79,nan,15,Left,Left,6241,283,403,13,nan,nan,0.01
11/2/2025 18:07:16,1.17.2,PRexp,10,3.79,nan,15,Left,Left,6242,283,403,13,nan,nan,0.03
11/2/2025 18:08:06,1.17.2,PRexp,10,3.79,nan,15,Left,Left,6243,283,403,13,nan,nan,0.06
11/2/2025 18:08:09,1.17.2,PRexp,10,3.78,nan,15,Left,Left,6244,283,403,13,nan,nan,0.44
11/2/2025 18:08:16,1.17.2,PRexp,10,3.79,nan,15,Left,Left,6245,283,403,13,nan,nan,0.11
11/2/2025 18:08:20,1.17.2,PRexp,10,3.79,nan,15,Left,Left,6246,283,403,13,nan,nan,0.07
11/2/2025 18:08:30,1.17.2,PRexp,10,3.78,6,15,Pellet,Left,6246,283,404,14,0.22,150,nan
11/2/2025 18:15:06,1.17.2,PRexp,10,3.78,nan,17,Left,Left,6247,283,404,14,nan,nan,0.56
11/2/2025 18:15:08,1.17.2,PRexp,10,3.79,nan,17,Left,Left,6248,283,404,14,nan,nan,0.90
11/2/2025 18:15:10,1.17.2,PRexp,10,3.79,nan,17,Left,Left,6249,283,404,14,nan,nan,0.42
11/2/2025 18:15:11,1.17.2,PRexp,10,3.78,nan,17,Left,Left,6250,283,404,14,nan,nan,0.11
11/2/2025 18:15:15,1.17.2,PRexp,10,3.79,nan,17,Left,Left,6251,283,404,14,nan,nan,0.02
11/2/2025 18:15:17,1.17.2,PRexp,10,3.79,nan,17,Left,Left,6252,283,404,14,nan,nan,0.01
11/2/2025 18:15:18,1.17.2,PRexp,10,3.79,nan,17,Left,Left,6253,283,404,14,nan,nan,0.15
11/2/2025 18:15:21,1.17.2,PRexp,10,3.79,nan,17,Left,Left,6254,283,404,14,nan,nan,0.13
11/2/2025 18:15:24,1.17.2,PRexp,10,3.79,nan,17,Left,Left,6255,283,404,14,nan,nan,1.25
11/2/2025 18:15:25,1.17.2,PRexp,10,3.79,nan,17,Left,Left,6256,283,404,14,nan,nan,0.02
11/2/2025 18:15:27,1.17.2,PRexp,10,3.78,nan,17,Left,Left,6257,283,404,14,nan,nan,0.04
11/2/2025 18:15:32,1.17.2,PRexp,10,3.80,nan,17,Left,Left,6258,283,404,14,nan,nan,0.97
11/2/2025 18:15:34,1.17.2,PRexp,10,3.79,nan,17,Left,Left,6259,283,404,14,nan,nan,0.77
11/2/2025 18:15:38,1.17.2,PRexp,10,3.79,nan,17,Left,Left,6260,283,404,14,nan,nan,0.22
11/2/2025 18:36:21,1.17.2,PRexp,10,3.79,nan,17,Left,Left,6261,283,404,14,nan,nan,0.23
11/2/2025 18:36:23,1.17.2,PRexp,10,3.79,nan,17,Left,Left,6262,283,404,14,nan,nan,0.27
11/2/2025 18:36:26,1.17.2,PRexp,10,3.79,nan,17,Left,Left,6263,283,404,14,nan,nan,0.20
11/2/2025 18:37:01,1.17.2,PRexp,10,3.78,11,17,Pellet,Left,6263,283,405,15,1.00,1711,nan
11/2/2025 18:37:43,1.17.2,PRexp,10,3.79,nan,20,Left,Left,6264,283,405,15,nan,nan,0.16
11/2/2025 18:37:45,1.17.2,PRexp,10,3.78,nan,20,Left,Left,6265,283,405,15,nan,nan,0.98
11/2/2025 18:37:48,1.17.2,PRexp,10,3.79,nan,20,Left,Left,6266,283,405,15,nan,nan,0.21
11/2/2025 18:37:50,1.17.2,PRexp,10,3.78,nan,20,Left,Left,6267,283,405,15,nan,nan,0.16
11/2/2025 18:37:52,1.17.2,PRexp,10,3.79,nan,20,Left,Left,6268,283,405,15,nan,nan,0.02
11/2/2025 18:37:52,1.17.2,PRexp,10,3.79,nan,20,Left,Left,6269,283,405,15,nan,nan,0.01
11/2/2025 18:37:57,1.17.2,PRexp,10,3.78,nan,20,Left,Left,6270,283,405,15,nan,nan,0.16
11/2/2025 18:37:58,1.17.2,PRexp,10,3.79,nan,20,Left,Left,6271,283,405,15,nan,nan,0.01
11/2/2025 18:38:00,1.17.2,PRexp,10,3.78,nan,20,Left,Left,6272,283,405,15,nan,nan,0.11
11/2/2025 18:38:02,1.17.2,PRexp,10,3.79,nan,20,Left,Left,6273,283,405,15,nan,nan,0.01
11/2/2025 18:38:06,1.17.2,PRexp,10,3.79,nan,20,Left,Left,6274,283,405,15,nan,nan,0.49
11/2/2025 18:38:11,1.17.2,PRexp,10,3.79,nan,20,Left,Left,6275,283,405,15,nan,nan,0.89
11/2/2025 18:38:15,1.17.2,PRexp,10,3.80,nan,20,Left,Left,6276,283,405,15,nan,nan,0.04
11/2/2025 18:38:20,1.17.2,PRexp,10,3.79,nan,20,Left,Left,6277,283,405,15,nan,nan,0.11
11/2/2025 18:38:22,1.17.2,PRexp,10,3.78,nan,20,Left,Left,6278,283,405,15,nan,nan,0.02
11/2/2025 18:38:24,1.17.2,PRexp,10,3.78,nan,20,Left,Left,6279,283,405,15,nan,nan,0.53
11/2/2025 18:38:25,1.17.2,PRexp,10,3.78,nan,20,Left,Left,6280,283,405,15,nan,nan,0.33
11/2/2025 18:38:25,1.17.2,PRexp,10,3.79,nan,20,Left,Left,6281,283,405,15,nan,nan,0.00
11/2/2025 18:38:28,1.17.2,PRexp,10,3.78,nan,20,Left,Left,6282,283,405,15,nan,nan,0.01
11/2/2025 18:38:28,1.17.2,PRexp,10,3.79,nan,20,Left,Left,6283,283,405,15,nan,nan,0.04
11/2/2025 18:38:36,1.17.2,PRexp,10,3.79,5,20,Pellet,Left,6283,283,406,16,0.11,95,nan
11/2/2025 18:39:39,1.17.2,PRexp,10,3.79,nan,22,Left,Left,6284,283,406,16,nan,nan,0.24
11/2/2025 18:39:40,1.17.2,PRexp,10,3.78,nan,22,Left,Left,6285,283,406,16,nan,nan,0.01
11/2/2025 18:43:32,1.17.2,PRexp,10,3.78,nan,22,Left,Left,6286,283,406,16,nan,nan,0.54
11/2/2025 18:48:30,1.17.2,PRexp,10,3.79,nan,22,Left,Left,6287,283,406,16,nan,nan,0.22
11/2/2025 18:48:31,1.17.2,PRexp,10,3.78,nan,22,Left,Left,6288,283,406,16,nan,nan,0.01
11/2/2025 18:48:33,1.17.2,PRexp,10,3.79,nan,22,Left,Left,6289,283,406,16,nan,nan,0.01
11/2/2025 18:48:35,1.17.2,PRexp,10,3.78,nan,22,Left,Left,6290,283,406,16,nan,nan,0.01
11/2/2025 18:48:38,1.17.2,PRexp,10,3.79,nan,22,Left,Left,6291,283,406,16,nan,nan,0.02
11/2/2025 18:48:44,1.17.2,PRexp,10,3.79,nan,22,Left,Left,6292,283,406,16,nan,nan,0.01
11/2/2025 18:48:44,1.17.2,PRexp,10,3.79,nan,22,Left,Left,6293,283,406,16,nan,nan,0.04
11/2/2025 18:48:47,1.17.2,PRexp,10,3.79,nan,22,Left,Left,6294,283,406,16,nan,nan,0.09
11/2/2025 18:48:50,1.17.2,PRexp,10,3.79,nan,22,Left,Left,6295,283,406,16,nan,nan,0.02
11/2/2025 18:48:51,1.17.2,PRexp,10,3.78,nan,22,Left,Left,6296,283,406,16,nan,nan,0.01
11/2/2025 18:48:52,1.17.2,PRexp,10,3.78,nan,22,Left,Left,6297,283,406,16,nan,nan,0.02
11/2/2025 18:48:54,1.17.2,PRexp,10,3.78,nan,22,Left,Left,6298,283,406,16,nan,nan,0.24
11/2/2025 18:48:55,1.17.2,PRexp,10,3.79,nan,22,Left,Left,6299,283,406,16,nan,nan,0.02
11/2/2025 18:48:56,1.17.2,PRexp,10,3.79,nan,22,Left,Left,6300,283,406,16,nan,nan,0.34
11/2/2025 18:48:59,1.17.2,PRexp,10,3.79,nan,22,Left,Left,6301,283,406,16,nan,nan,0.00
11/2/2025 18:49:01,1.17.2,PRexp,10,3.79,nan,22,Left,Left,6302,283,406,16,nan,nan,0.03
11/2/2025 18:49:03,1.17.2,PRexp,10,3.79,nan,22,Left,Left,6303,283,406,16,nan,nan,0.42
11/2/2025 18:49:12,1.17.2,PRexp,10,3.79,nan,22,Left,Left,6304,283,406,16,nan,nan,0.07
11/2/2025 18:49:13,1.17.2,PRexp,10,3.79,nan,22,Left,Left,6305,283,406,16,nan,nan,0.13
11/2/2025 18:49:14,1.17.2,PRexp,10,3.79,nan,22,LeftDuringDispense,Left,6306,283,406,17,nan,nan,0.03
11/2/2025 18:49:23,1.17.2,PRexp,10,3.79,6,22,Pellet,Left,6306,283,407,17,0.05,647,nan
11/2/2025 18:51:29,1.17.2,PRexp,10,3.79,nan,25,Left,Left,6307,283,407,17,nan,nan,0.05
11/2/2025 18:51:35,1.17.2,PRexp,10,3.78,nan,25,Left,Left,6308,283,407,17,nan,nan,0.53
11/2/2025 18:51:36,1.17.2,PRexp,10,3.79,nan,25,Left,Left,6309,283,407,17,nan,nan,0.02
11/2/2025 18:53:02,1.17.2,PRexp,10,3.79,nan,25,Left,Left,6310,283,407,17,nan,nan,0.07
11/2/2025 18:53:03,1.17.2,PRexp,10,3.78,nan,25,Left,Left,6311,283,407,17,nan,nan,0.01
11/2/2025 18:53:05,1.17.2,PRexp,10,3.79,nan,25,Left,Left,6312,283,407,17,nan,nan,0.70
11/2/2025 18:53:07,1.17.2,PRexp,10,3.79,nan,25,Left,Left,6313,283,407,17,nan,nan,0.01
11/2/2025 18:53:09,1.17.2,PRexp,10,3.79,nan,25,Left,Left,6314,283,407,17,nan,nan,0.19
11/2/2025 18:53:12,1.17.2,PRexp,10,3.79,nan,25,Left,Left,6315,283,407,17,nan,nan,0.10
11/2/2025 18:53:19,1.17.2,PRexp,10,3.78,nan,25,Left,Left,6316,283,407,17,nan,nan,0.00
11/2/2025 18:53:37,1.17.2,PRexp,10,3.78,nan,25,Left,Left,6317,283,407,17,nan,nan,0.09
11/2/2025 18:53:39,1.17.2,PRexp,10,3.79,nan,25,Right,Left,6317,284,407,17,nan,nan,0.04
11/2/2025 18:54:30,1.17.2,PRexp,10,3.79,nan,25,Left,Left,6318,284,407,17,nan,nan,0.04
11/2/2025 18:54:33,1.17.2,PRexp,10,3.79,nan,25,Left,Left,6319,284,407,17,nan,nan,0.11
11/2/2025 18:54:34,1.17.2,PRexp,10,3.79,nan,25,Left,Left,6320,284,407,17,nan,nan,0.25
11/2/2025 18:54:38,1.17.2,PRexp,10,3.78,nan,25,Left,Left,6321,284,407,17,nan,nan,0.16
11/2/2025 18:54:38,1.17.2,PRexp,10,3.78,nan,25,Left,Left,6322,284,407,17,nan,nan,0.00
11/2/2025 18:54:40,1.17.2,PRexp,10,3.79,nan,25,Left,Left,6323,284,407,17,nan,nan,0.10
11/2/2025 18:55:01,1.17.2,PRexp,10,3.79,nan,25,Left,Left,6324,284,407,17,nan,nan,0.01
11/2/2025 18:56:16,1.17.2,PRexp,10,3.79,nan,25,Left,Left,6325,284,407,17,nan,nan,0.11
11/2/2025 18:56:18,1.17.2,PRexp,10,3.78,nan,25,Left,Left,6326,284,407,17,nan,nan,0.22
11/2/2025 18:56:23,1.17.2,PRexp,10,3.79,nan,25,Left,Left,6327,284,407,17,nan,nan,0.23
11/2/2025 18:56:31,1.17.2,PRexp,10,3.78,nan,25,Left,Left,6328,284,407,17,nan,nan,0.08
11/2/2025 18:56:33,1.17.2,PRexp,10,3.79,nan,25,Left,Left,6329,284,407,17,nan,nan,0.11
11/2/2025 18:56:35,1.17.2,PRexp,10,3.78,nan,25,Left,Left,6330,284,407,17,nan,nan,0.21
11/2/2025 18:56:38,1.17.2,PRexp,10,3.79,nan,25,Left,Left,6331,284,407,17,nan,nan,0.09
11/2/2025 18:56:38,1.17.2,PRexp,10,3.79,nan,25,LeftDuringDispense,Left,6332,284,407,18,nan,nan,0.01
11/2/2025 18:56:48,1.17.2,PRexp,10,3.78,6,25,Pellet,Left,6332,284,408,18,0.33,445,nan
11/2/2025 18:58:07,1.17.2,PRexp,10,3.79,nan,28,Left,Left,6333,284,408,18,nan,nan,0.00
11/2/2025 18:58:26,1.17.2,PRexp,10,3.78,nan,28,Left,Left,6334,284,408,18,nan,nan,0.06
11/2/2025 18:58:32,1.17.2,PRexp,10,3.79,nan,28,Left,Left,6335,284,408,18,nan,nan,0.12
11/2/2025 18:58:39,1.17.2,PRexp,10,3.78,nan,28,Left,Left,6336,284,408,18,nan,nan,1.07
11/2/2025 18:58:40,1.17.2,PRexp,10,3.79,nan,28,Left,Left,6337,284,408,18,nan,nan,0.01
11/2/2025 18:58:45,1.17.2,PRexp,10,3.78,nan,28,Left,Left,6338,284,408,18,nan,nan,0.47
11/2/2025 18:58:48,1.17.2,PRexp,10,3.78,nan,28,Left,Left,6339,284,408,18,nan,nan,0.05
11/2/2025 18:58:53,1.17.2,PRexp,10,3.78,nan,28,Left,Left,6340,284,408,18,nan,nan,0.19
11/2/2025 18:58:54,1.17.2,PRexp,10,3.79,nan,28,Left,Left,6341,284,408,18,nan,nan,0.35
11/2/2025 18:58:56,1.17.2,PRexp,10,3.79,nan,28,Left,Left,6342,284,408,18,nan,nan,0.62
11/2/2025 18:58:56,1.17.2,PRexp,10,3.79,nan,28,Left,Left,6343,284,408,18,nan,nan,0.05
11/2/2025 18:58:57,1.17.2,PRexp,10,3.78,nan,28,Left,Left,6344,284,408,18,nan,nan,0.02
11/2/2025 18:59:03,1.17.2,PRexp,10,3.78,nan,28,Left,Left,6345,284,408,18,nan,nan,0.01
11/2/2025 18:59:27,1.17.2,PRexp,10,3.79,nan,28,Left,Left,6346,284,408,18,nan,nan,0.11
11/2/2025 18:59:34,1.17.2,PRexp,10,3.79,nan,28,Left,Left,6347,284,408,18,nan,nan,0.01
11/2/2025 18:59:36,1.17.2,PRexp,10,3.79,nan,28,Left,Left,6348,284,408,18,nan,nan,0.01
11/2/2025 19:06:55,1.17.2,PRexp,10,3.79,nan,28,Left,Left,6349,284,408,18,nan,nan,0.14
11/2/2025 19:07:05,1.17.2,PRexp,10,3.79,nan,28,Left,Left,6350,284,408,18,nan,nan,0.09
11/2/2025 19:07:10,1.17.2,PRexp,10,3.79,nan,28,Left,Left,6351,284,408,18,nan,nan,1.79
11/2/2025 19:07:12,1.17.2,PRexp,10,3.78,nan,28,Left,Left,6352,284,408,18,nan,nan,0.74
11/2/2025 19:07:16,1.17.2,PRexp,10,3.78,nan,28,Left,Left,6353,284,408,18,nan,nan,0.88
11/2/2025 19:07:18,1.17.2,PRexp,10,3.79,nan,28,Left,Left,6354,284,408,18,nan,nan,0.48
11/2/2025 19:07:18,1.17.2,PRexp,10,3.78,nan,28,Left,Left,6355,284,408,18,nan,nan,0.12
11/2/2025 19:10:01,1.17.2,PRexp,10,3.78,nan,28,Left,Left,6356,284,408,18,nan,nan,0.02
11/2/2025 19:10:06,1.17.2,PRexp,10,3.79,nan,28,Left,Left,6357,284,408,18,nan,nan,0.03
11/2/2025 19:10:08,1.17.2,PRexp,10,3.78,nan,28,Left,Left,6358,284,408,18,nan,nan,1.36
11/2/2025 19:10:11,1.17.2,PRexp,10,3.79,nan,28,Left,Left,6359,284,408,18,nan,nan,0.62
11/2/2025 19:10:15,1.17.2,PRexp,10,3.79,nan,28,Left,Left,6360,284,408,18,nan,nan,0.69
11/2/2025 19:10:23,1.17.2,PRexp,10,3.79,4,28,Pellet,Left,6360,284,409,19,0.83,815,nan
11/2/2025 19:11:00,1.17.2,PRexp,10,3.78,nan,32,Left,Left,6361,284,409,19,nan,nan,0.02
11/2/2025 19:11:04,1.17.2,PRexp,10,3.79,nan,32,Left,Left,6362,284,409,19,nan,nan,0.69
11/2/2025 19:11:08,1.17.2,PRexp,10,3.79,nan,32,Left,Left,6363,284,409,19,nan,nan,0.27
11/2/2025 19:11:17,1.17.2,PRexp,10,3.79,nan,32,Left,Left,6364,284,409,19,nan,nan,0.11
11/2/2025 19:11:18,1.17.2,PRexp,10,3.79,nan,32,Left,Left,6365,284,409,19,nan,nan,0.11
11/2/2025 19:11:20,1.17.2,PRexp,10,3.78,nan,32,Left,Left,6366,284,409,19,nan,nan,0.06
11/2/2025 19:12:38,1.17.2,PRexp,10,3.79,nan,32,Left,Left,6367,284,409,19,nan,nan,0.91
11/2/2025 19:12:40,1.17.2,PRexp,10,3.78,nan,32,Left,Left,6368,284,409,19,nan,nan,0.02
11/2/2025 19:15:52,1.17.2,PRexp,10,3.79,nan,32,Left,Left,6369,284,409,19,nan,nan,0.24
11/2/2025 19:15:54,1.17.2,PRexp,10,3.78,nan,32,Left,Left,6370,284,409,19,nan,nan,0.10
11/2/2025 19:15:55,1.17.2,PRexp,10,3.78,nan,32,Left,Left,6371,284,409,19,nan,nan,0.23
11/2/2025 19:15:58,1.17.2,PRexp,10,3.79,nan,32,Left,Left,6372,284,409,19,nan,nan,1.22
11/2/2025 19:16:00,1.17.2,PRexp,10,3.78,nan,32,Left,Left,6373,284,409,19,nan,nan,1.17
11/2/2025 19:16:57,1.17.2,PRexp,10,3.79,nan,32,Left,Left,6374,284,409,19,nan,nan,0.06
11/2/2025 19:20:09,1.17.2,PRexp,10,3.78,nan,32,Left,Left,6375,284,409,19,nan,nan,0.09
11/2/2025 19:20:10,1.17.2,PRexp,10,3.79,nan,32,Left,Left,6376,284,409,19,nan,nan,0.02
11/2/2025 19:20:11,1.17.2,PRexp,10,3.79,nan,32,Left,Left,6377,284,409,19,nan,nan,0.09
11/2/2025 19:20:15,1.17.2,PRexp,10,3.78,nan,32,Left,Left,6378,284,409,19,nan,nan,1.74
11/2/2025 19:20:19,1.17.2,PRexp,10,3.79,nan,32,Left,Left,6379,284,409,19,nan,nan,0.00
11/2/2025 19:20:21,1.17.2,PRexp,10,3.79,nan,32,Left,Left,6380,284,409,19,nan,nan,0.38
11/2/2025 19:20:21,1.17.2,PRexp,10,3.78,nan,32,Left,Left,6381,284,409,19,nan,nan,0.04
11/2/2025 19:20:24,1.17.2,PRexp,10,3.78,nan,32,Left,Left,6382,284,409,19,nan,nan,0.00
11/2/2025 19:20:28,1.17.2,PRexp,10,3.79,nan,32,Left,Left,6383,284,409,19,nan,nan,0.25
11/2/2025 19:20:29,1.17.2,PRexp,10,3.79,nan,32,Left,Left,6384,284,409,19,nan,nan,0.04
11/2/2025 19:20:30,1.17.2,PRexp,10,3.78,nan,32,Left,Left,6385,284,409,19,nan,nan,0.02
11/2/2025 19:20:33,1.17.2,PRexp,10,3.78,nan,32,Left,Left,6386,284,409,19,nan,nan,0.93
11/2/2025 19:21:20,1.17.2,PRexp,10,3.78,nan,32,Left,Left,6387,284,409,19,nan,nan,0.19
11/2/2025 19:21:29,1.17.2,PRexp,10,3.79,nan,32,Left,Left,6388,284,409,19,nan,nan,0.19
11/2/2025 19:21:32,1.17.2,PRexp,10,3.79,nan,32,Left,Left,6389,284,409,19,nan,nan,0.15
11/2/2025 19:21:33,1.17.2,PRexp,10,3.78,nan,32,Left,Left,6390,284,409,19,nan,nan,0.17
11/2/2025 19:21:34,1.17.2,PRexp,10,3.78,nan,32,Left,Left,6391,284,409,19,nan,nan,0.14
11/2/2025 19:27:52,1.17.2,PRexp,10,3.78,nan,32,Left,Left,6392,284,409,19,nan,nan,0.26
11/2/2025 19:28:00,1.17.2,PRexp,10,3.78,5,32,Pellet,Left,6392,284,410,20,0.22,1057,nan
11/2/2025 19:28:55,1.17.2,PRexp,10,3.78,nan,36,Left,Left,6393,284,410,20,nan,nan,0.06
11/2/2025 19:29:02,1.17.2,PRexp,10,3.78,nan,36,Left,Left,6394,284,410,20,nan,nan,0.20
11/2/2025 19:29:03,1.17.2,PRexp,10,3.79,nan,36,Left,Left,6395,284,410,20,nan,nan,0.95
11/2/2025 19:29:05,1.17.2,PRexp,10,3.78,nan,36,Left,Left,6396,284,410,20,nan,nan,0.03
11/2/2025 19:29:06,1.17.2,PRexp,10,3.78,nan,36,Left,Left,6397,284,410,20,nan,nan,0.04
11/2/2025 19:29:08,1.17.2,PRexp,10,3.78,nan,36,Left,Left,6398,284,410,20,nan,nan,0.09
11/2/2025 19:29:10,1.17.2,PRexp,10,3.79,nan,36,Left,Left,6399,284,410,20,nan,nan,0.02
11/2/2025 19:29:15,1.17.2,PRexp,10,3.79,nan,36,Left,Left,6400,284,410,20,nan,nan,0.04
11/2/2025 19:29:19,1.17.2,PRexp,10,3.79,nan,36,Left,Left,6401,284,410,20,nan,nan,0.01
11/2/2025 19:29:20,1.17.2,PRexp,10,3.79,nan,36,Left,Left,6402,284,410,20,nan,nan,0.19
11/2/2025 19:29:22,1.17.2,PRexp,10,3.79,nan,36,Left,Left,6403,284,410,20,nan,nan,0.17
11/2/2025 19:29:24,1.17.2,PRexp,10,3.79,nan,36,Left,Left,6404,284,410,20,nan,nan,0.03
11/2/2025 19:29:32,1.17.2,PRexp,10,3.79,nan,36,Left,Left,6405,284,410,20,nan,nan,0.01
11/2/2025 19:29:38,1.17.2,PRexp,10,3.78,nan,36,Left,Left,6406,284,410,20,nan,nan,0.44
11/2/2025 19:29:41,1.17.2,PRexp,10,3.79,nan,36,Left,Left,6407,284,410,20,nan,nan,0.02
11/2/2025 19:29:42,1.17.2,PRexp,10,3.78,nan,36,Left,Left,6408,284,410,20,nan,nan,0.09
11/2/2025 19:29:45,1.17.2,PRexp,10,3.79,nan,36,Left,Left,6409,284,410,20,nan,nan,0.81
11/2/2025 19:29:51,1.17.2,PRexp,10,3.79,nan,36,Left,Left,6410,284,410,20,nan,nan,0.15
11/2/2025 19:29:55,1.17.2,PRexp,10,3.78,nan,36,Left,Left,6411,284,410,20,nan,nan,0.65
11/2/2025 19:29:58,1.17.2,PRexp,10,3.79,nan,36,Left,Left,6412,284,410,20,nan,nan,0.52
11/2/2025 19:30:22,1.17.2,PRexp,10,3.79,nan,36,Left,Left,6413,284,410,20,nan,nan,0.02
11/2/2025 19:30:23,1.17.2,PRexp,10,3.79,nan,36,Left,Left,6414,284,410,20,nan,nan,0.16
11/2/2025 19:30:29,1.17.2,PRexp,10,3.78,nan,36,Left,Left,6415,284,410,20,nan,nan,0.40
11/2/2025 19:30:34,1.17.2,PRexp,10,3.78,nan,36,Left,Left,6416,284,410,20,nan,nan,0.06
11/2/2025 19:31:11,1.17.2,PRexp,10,3.78,nan,36,Right,Left,6416,285,410,20,nan,nan,0.17
11/2/2025 19:31:12,1.17.2,PRexp,10,3.79,nan,36,Right,Left,6416,286,410,20,nan,nan,0.49
11/2/2025 19:31:23,1.17.2,PRexp,10,3.79,nan,36,Left,Left,6417,286,410,20,nan,nan,0.01
11/2/2025 19:31:24,1.17.2,PRexp,10,3.78,nan,36,Left,Left,6418,286,410,20,nan,nan,0.07
11/2/2025 19:31:28,1.17.2,PRexp,10,3.79,nan,36,Left,Left,6419,286,410,20,nan,nan,0.02
11/2/2025 19:31:31,1.17.2,PRexp,10,3.79,nan,36,Left,Left,6420,286,410,20,nan,nan,0.01
11/2/2025 19:31:34,1.17.2,PRexp,10,3.78,nan,36,Left,Left,6421,286,410,20,nan,nan,0.41
11/2/2025 19:31:36,1.17.2,PRexp,10,3.78,nan,36,Left,Left,6422,286,410,20,nan,nan,0.03
11/2/2025 19:32:54,1.17.2,PRexp,10,3.78,nan,36,Left,Left,6423,286,410,20,nan,nan,0.11
11/2/2025 19:32:55,1.17.2,PRexp,10,3.78,nan,36,Left,Left,6424,286,410,20,nan,nan,0.16
11/2/2025 19:32:56,1.17.2,PRexp,10,3.79,nan,36,Left,Left,6425,286,410,20,nan,nan,0.18
11/2/2025 19:33:03,1.17.2,PRexp,10,3.79,nan,36,Left,Left,6426,286,410,20,nan,nan,1.25
11/2/2025 19:33:16,1.17.2,PRexp,10,3.78,nan,36,Left,Left,6427,286,410,20,nan,nan,0.13
11/2/2025 19:33:17,1.17.2,PRexp,10,3.78,nan,36,Left,Left,6428,286,410,20,nan,nan,0.04
11/2/2025 19:33:25,1.17.2,PRexp,10,3.78,5,36,Pellet,Left,6428,286,411,21,0.11,325,nan
11/2/2025 19:34:55,1.17.2,PRexp,10,3.78,nan,40,Left,Left,6429,286,411,21,nan,nan,0.16
11/2/2025 19:35:02,1.17.2,PRexp,10,3.78,nan,40,Left,Left,6430,286,411,21,nan,nan,6.46
11/2/2025 19:35:06,1.17.2,PRexp,10,3.78,nan,40,Left,Left,6431,286,411,21,nan,nan,0.10
11/2/2025 19:35:15,1.17.2,PRexp,10,3.78,nan,40,Left,Left,6432,286,411,21,nan,nan,1.45
11/2/2025 19:35:16,1.17.2,PRexp,10,3.78,nan,40,Left,Left,6433,286,411,21,nan,nan,0.04
11/2/2025 19:35:23,1.17.2,PRexp,10,3.78,nan,40,Left,Left,6434,286,411,21,nan,nan,0.00
11/2/2025 19:35:25,1.17.2,PRexp,10,3.78,nan,40,Left,Left,6435,286,411,21,nan,nan,0.02
11/2/2025 19:35:29,1.17.2,PRexp,10,3.79,nan,40,Left,Left,6436,286,411,21,nan,nan,0.43
11/2/2025 19:35:30,1.17.2,PRexp,10,3.79,nan,40,Left,Left,6437,286,411,21,nan,nan,0.00
11/2/2025 19:35:31,1.17.2,PRexp,10,3.78,nan,40,Left,Left,6438,286,411,21,nan,nan,0.06
11/2/2025 19:35:35,1.17.2,PRexp,10,3.79,nan,40,Left,Left,6439,286,411,21,nan,nan,0.02
11/2/2025 19:35:37,1.17.2,PRexp,10,3.79,nan,40,Left,Left,6440,286,411,21,nan,nan,0.00
11/2/2025 19:35:42,1.17.2,PRexp,10,3.78,nan,40,Left,Left,6441,286,411,21,nan,nan,0.02
11/2/2025 19:36:02,1.17.2,PRexp,10,3.78,nan,40,Left,Left,6442,286,411,21,nan,nan,0.03
11/2/2025 19:36:05,1.17.2,PRexp,10,3.78,nan,40,Left,Left,6443,286,411,21,nan,nan,0.34
11/2/2025 19:36:17,1.17.2,PRexp,10,3.78,nan,40,Left,Left,6444,286,411,21,nan,nan,0.35
11/2/2025 19:37:00,1.17.2,PRexp,10,3.79,nan,40,Left,Left,6445,286,411,21,nan,nan,0.02
11/2/2025 19:37:03,1.17.2,PRexp,10,3.79,nan,40,Left,Left,6446,286,411,21,nan,nan,0.18
11/2/2025 19:37:25,1.17.2,PRexp,10,3.79,nan,40,Left,Left,6447,286,411,21,nan,nan,0.02
11/2/2025 19:37:29,1.17.2,PRexp,10,3.78,nan,40,Left,Left,6448,286,411,21,nan,nan,0.08
11/2/2025 19:46:55,1.17.2,PRexp,10,3.79,nan,40,Left,Left,6449,286,411,21,nan,nan,0.03
11/2/2025 19:46:57,1.17.2,PRexp,10,3.78,nan,40,Left,Left,6450,286,411,21,nan,nan,0.02
11/2/2025 19:47:00,1.17.2,PRexp,10,3.78,nan,40,Left,Left,6451,286,411,21,nan,nan,0.06
11/2/2025 19:47:04,1.17.2,PRexp,10,3.79,nan,40,Left,Left,6452,286,411,21,nan,nan,0.17
11/2/2025 19:47:07,1.17.2,PRexp,10,3.79,nan,40,Left,Left,6453,286,411,21,nan,nan,0.13
11/2/2025 19:47:12,1.17.2,PRexp,10,3.78,nan,40,Left,Left,6454,286,411,21,nan,nan,0.02
11/2/2025 19:47:14,1.17.2,PRexp,10,3.79,nan,40,Left,Left,6455,286,411,21,nan,nan,0.03
11/2/2025 19:47:18,1.17.2,PRexp,10,3.78,nan,40,Left,Left,6456,286,411,21,nan,nan,0.75
11/2/2025 19:47:23,1.17.2,PRexp,10,3.78,nan,40,Left,Left,6457,286,411,21,nan,nan,1.65
11/2/2025 19:47:26,1.17.2,PRexp,10,3.78,nan,40,Left,Left,6458,286,411,21,nan,nan,0.02
11/2/2025 19:47:31,1.17.2,PRexp,10,3.79,nan,40,Left,Left,6459,286,411,21,nan,nan,0.17
11/2/2025 19:47:34,1.17.2,PRexp,10,3.78,nan,40,Left,Left,6460,286,411,21,nan,nan,0.06
11/2/2025 19:47:36,1.17.2,PRexp,10,3.78,nan,40,Left,Left,6461,286,411,21,nan,nan,0.07
11/2/2025 19:50:20,1.17.2,PRexp,10,3.78,nan,40,Left,Left,6462,286,411,21,nan,nan,0.03
11/2/2025 19:50:33,1.17.2,PRexp,10,3.78,nan,40,Left,Left,6463,286,411,21,nan,nan,0.00
11/2/2025 19:50:46,1.17.2,PRexp,10,3.78,nan,40,Left,Left,6464,286,411,21,nan,nan,1.12
11/2/2025 19:50:50,1.17.2,PRexp,10,3.78,nan,40,Left,Left,6465,286,411,21,nan,nan,0.30
11/2/2025 19:51:11,1.17.2,PRexp,10,3.78,nan,40,Left,Left,6466,286,411,21,nan,nan,0.96
11/2/2025 19:52:11,1.17.2,PRexp,10,3.78,nan,40,Right,Left,6466,287,411,21,nan,nan,0.01
11/2/2025 19:52:56,1.17.2,PRexp,10,3.78,nan,40,Right,Left,6466,288,411,21,nan,nan,0.20
11/2/2025 19:52:58,1.17.2,PRexp,10,3.78,nan,40,Right,Left,6466,289,411,21,nan,nan,0.28
11/2/2025 19:53:02,1.17.2,PRexp,10,3.78,nan,40,Right,Left,6466,290,411,21,nan,nan,0.03
11/2/2025 19:53:03,1.17.2,PRexp,10,3.78,nan,40,Right,Left,6466,291,411,21,nan,nan,0.03
11/2/2025 19:53:06,1.17.2,PRexp,10,3.78,nan,40,Right,Left,6466,292,411,21,nan,nan,0.29
11/2/2025 19:53:07,1.17.2,PRexp,10,3.78,nan,40,Right,Left,6466,293,411,21,nan,nan,0.15
11/2/2025 19:53:12,1.17.2,PRexp,10,3.78,nan,40,Right,Left,6466,294,411,21,nan,nan,0.13
11/2/2025 19:53:13,1.17.2,PRexp,10,3.78,nan,40,Right,Left,6466,295,411,21,nan,nan,0.05
11/2/2025 19:53:14,1.17.2,PRexp,10,3.78,nan,40,Right,Left,6466,296,411,21,nan,nan,0.00
11/2/2025 19:53:16,1.17.2,PRexp,10,3.79,nan,40,Right,Left,6466,297,411,21,nan,nan,1.18
11/2/2025 19:53:18,1.17.2,PRexp,10,3.78,nan,40,Right,Left,6466,298,411,21,nan,nan,0.47
11/2/2025 19:53:18,1.17.2,PRexp,10,3.79,nan,40,Right,Left,6466,299,411,21,nan,nan,0.07
11/2/2025 19:53:33,1.17.2,PRexp,10,3.79,nan,40,Left,Left,6467,299,411,21,nan,nan,0.12
11/2/2025 19:53:34,1.17.2,PRexp,10,3.78,nan,40,Left,Left,6468,299,411,21,nan,nan,0.04
11/2/2025 19:53:44,1.17.2,PRexp,10,3.79,6,40,Pellet,Left,6468,299,412,22,0.11,1219,nan
11/2/2025 19:54:57,1.17.2,PRexp,10,3.79,nan,45,Left,Left,6469,299,412,22,nan,nan,0.11
11/2/2025 19:55:04,1.17.2,PRexp,10,3.78,nan,45,Left,Left,6470,299,412,22,nan,nan,0.05
11/2/2025 19:55:05,1.17.2,PRexp,10,3.79,nan,45,Left,Left,6471,299,412,22,nan,nan,0.01
11/2/2025 19:55:45,1.17.2,PRexp,10,3.79,nan,45,Left,Left,6472,299,412,22,nan,nan,0.19
11/2/2025 19:56:21,1.17.2,PRexp,10,3.78,nan,45,Left,Left,6473,299,412,22,nan,nan,0.00
11/2/2025 19:56:26,1.17.2,PRexp,10,3.78,nan,45,Left,Left,6474,299,412,22,nan,nan,0.02
11/2/2025 19:56:29,1.17.2,PRexp,10,3.79,nan,45,Left,Left,6475,299,412,22,nan,nan,0.09
11/2/2025 19:56:34,1.17.2,PRexp,10,3.78,nan,45,Left,Left,6476,299,412,22,nan,nan,0.18
11/2/2025 19:56:36,1.17.2,PRexp,10,3.79,nan,45,Left,Left,6477,299,412,22,nan,nan,0.08
11/2/2025 19:56:37,1.17.2,PRexp,10,3.78,nan,45,Left,Left,6478,299,412,22,nan,nan,0.05
11/2/2025 19:56:42,1.17.2,PRexp,10,3.78,nan,45,Left,Left,6479,299,412,22,nan,nan,0.13
11/2/2025 19:57:27,1.17.2,PRexp,10,3.78,nan,45,Right,Left,6479,300,412,22,nan,nan,0.21
11/2/2025 19:57:34,1.17.2,PRexp,10,3.78,nan,45,Left,Left,6480,300,412,22,nan,nan,0.10
11/2/2025 19:57:35,1.17.2,PRexp,10,3.78,nan,45,Left,Left,6481,300,412,22,nan,nan,0.12
11/2/2025 19:57:37,1.17.2,PRexp,10,3.78,nan,45,Left,Left,6482,300,412,22,nan,nan,0.05
11/2/2025 19:57:40,1.17.2,PRexp,10,3.78,nan,45,Left,Left,6483,300,412,22,nan,nan,0.06
11/2/2025 19:57:40,1.17.2,PRexp,10,3.78,nan,45,Left,Left,6484,300,412,22,nan,nan,0.01
11/2/2025 19:58:09,1.17.2,PRexp,10,3.78,nan,45,Right,Left,6484,301,412,22,nan,nan,0.11
11/2/2025 20:03:44,1.17.2,PRexp,10,3.79,nan,45,Left,Left,6485,301,412,22,nan,nan,0.04
11/2/2025 20:03:52,1.17.2,PRexp,10,3.78,nan,45,Left,Left,6486,301,412,22,nan,nan,0.01
11/2/2025 20:03:56,1.17.2,PRexp,10,3.78,nan,45,Left,Left,6487,301,412,22,nan,nan,1.34
11/2/2025 20:04:00,1.17.2,PRexp,10,3.78,nan,45,Left,Left,6488,301,412,22,nan,nan,0.66
11/2/2025 20:04:17,1.17.2,PRexp,10,3.78,nan,45,Left,Left,6489,301,412,22,nan,nan,0.12
11/2/2025 20:04:19,1.17.2,PRexp,10,3.78,nan,45,Left,Left,6490,301,412,22,nan,nan,0.55
11/2/2025 20:04:53,1.17.2,PRexp,10,3.78,nan,45,Right,Left,6490,302,412,22,nan,nan,0.11
11/2/2025 20:04:54,1.17.2,PRexp,10,3.78,nan,45,Right,Left,6490,303,412,22,nan,nan,0.28
11/2/2025 20:04:56,1.17.2,PRexp,10,3.78,nan,45,Right,Left,6490,304,412,22,nan,nan,0.15
11/2/2025 20:05:00,1.17.2,PRexp,10,3.78,nan,45,Left,Left,6491,304,412,22,nan,nan,0.08
11/2/2025 20:05:45,1.17.2,PRexp,10,3.78,nan,45,Left,Left,6492,304,412,22,nan,nan,0.01
11/2/2025 20:05:47,1.17.2,PRexp,10,3.78,nan,45,Left,Left,6493,304,412,22,nan,nan,0.02
11/2/2025 20:05:48,1.17.2,PRexp,10,3.78,nan,45,Left,Left,6494,304,412,22,nan,nan,0.08
11/2/2025 20:05:50,1.17.2,PRexp,10,3.78,nan,45,Left,Left,6495,304,412,22,nan,nan,0.02
11/2/2025 20:05:51,1.17.2,PRexp,10,3.78,nan,45,Left,Left,6496,304,412,22,nan,nan,0.01
11/2/2025 20:05:52,1.17.2,PRexp,10,3.78,nan,45,Left,Left,6497,304,412,22,nan,nan,0.00
11/2/2025 20:05:53,1.17.2,PRexp,10,3.78,nan,45,Left,Left,6498,304,412,22,nan,nan,0.45
11/2/2025 20:05:58,1.17.2,PRexp,10,3.78,nan,45,Left,Left,6499,304,412,22,nan,nan,0.27
11/2/2025 20:06:21,1.17.2,PRexp,10,3.79,nan,45,Left,Left,6500,304,412,22,nan,nan,0.41
11/2/2025 20:06:27,1.17.2,PRexp,10,3.78,nan,45,Left,Left,6501,304,412,22,nan,nan,0.04
11/2/2025 20:06:28,1.17.2,PRexp,10,3.78,nan,45,Left,Left,6502,304,412,22,nan,nan,0.12
11/2/2025 20:06:41,1.17.2,PRexp,10,3.78,nan,45,Left,Left,6503,304,412,22,nan,nan,0.12
11/2/2025 20:09:00,1.17.2,PRexp,10,3.79,nan,45,Left,Left,6504,304,412,22,nan,nan,0.09
11/2/2025 20:09:02,1.17.2,PRexp,10,3.78,nan,45,Left,Left,6505,304,412,22,nan,nan,0.07
11/2/2025 20:09:05,1.17.2,PRexp,10,3.78,nan,45,Left,Left,6506,304,412,22,nan,nan,0.68
11/2/2025 20:09:07,1.17.2,PRexp,10,3.78,nan,45,Left,Left,6507,304,412,22,nan,nan,0.79
11/2/2025 20:09:11,1.17.2,PRexp,10,3.78,nan,45,Left,Left,6508,304,412,22,nan,nan,0.62
11/2/2025 20:09:13,1.17.2,PRexp,10,3.79,nan,45,Left,Left,6509,304,412,22,nan,nan,0.26
11/2/2025 20:09:14,1.17.2,PRexp,10,3.78,nan,45,Left,Left,6510,304,412,22,nan,nan,0.32
11/2/2025 20:09:16,1.17.2,PRexp,10,3.78,nan,45,Left,Left,6511,304,412,22,nan,nan,0.46
11/2/2025 20:09:17,1.17.2,PRexp,10,3.78,nan,45,Left,Left,6512,304,412,22,nan,nan,0.01
11/2/2025 20:14:17,1.17.2,PRexp,10,3.79,nan,45,Left,Left,6513,304,412,22,nan,nan,0.04
11/2/2025 20:14:29,1.17.2,PRexp,10,3.78,7,45,Pellet,Left,6513,304,413,23,0.11,1245,nan
11/2/2025 20:16:23,1.17.2,PRexp,10,3.78,nan,50,Left,Left,6514,304,413,23,nan,nan,0.10
11/2/2025 20:16:26,1.17.2,PRexp,10,3.78,nan,50,Left,Left,6515,304,413,23,nan,nan,0.14
11/2/2025 20:16:28,1.17.2,PRexp,10,3.78,nan,50,Left,Left,6516,304,413,23,nan,nan,0.01
11/2/2025 20:16:29,1.17.2,PRexp,10,3.79,nan,50,Left,Left,6517,304,413,23,nan,nan,0.02
11/2/2025 20:16:38,1.17.2,PRexp,10,3.78,nan,50,Left,Left,6518,304,413,23,nan,nan,0.03
11/2/2025 20:16:40,1.17.2,PRexp,10,3.78,nan,50,Left,Left,6519,304,413,23,nan,nan,0.00
11/2/2025 20:17:17,1.17.2,PRexp,10,3.79,nan,50,Left,Left,6520,304,413,23,nan,nan,0.25
11/2/2025 20:17:18,1.17.2,PRexp,10,3.78,nan,50,Left,Left,6521,304,413,23,nan,nan,0.11
11/2/2025 20:17:20,1.17.2,PRexp,10,3.79,nan,50,Left,Left,6522,304,413,23,nan,nan,0.00
11/2/2025 20:17:22,1.17.2,PRexp,10,3.78,nan,50,Left,Left,6523,304,413,23,nan,nan,0.01
11/2/2025 20:17:27,1.17.2,PRexp,10,3.78,nan,50,Left,Left,6524,304,413,23,nan,nan,0.68
11/2/2025 20:17:29,1.17.2,PRexp,10,3.78,nan,50,Left,Left,6525,304,413,23,nan,nan,0.02
11/2/2025 20:17:32,1.17.2,PRexp,10,3.78,nan,50,Left,Left,6526,304,413,23,nan,nan,0.13
11/2/2025 20:17:45,1.17.2,PRexp,10,3.78,nan,50,Right,Left,6526,305,413,23,nan,nan,0.20
11/2/2025 20:17:50,1.17.2,PRexp,10,3.78,nan,50,Right,Left,6526,306,413,23,nan,nan,0.11
11/2/2025 20:18:25,1.17.2,PRexp,10,3.78,nan,50,Right,Left,6526,307,413,23,nan,nan,0.07
11/2/2025 20:18:45,1.17.2,PRexp,10,3.78,nan,50,Right,Left,6526,308,413,23,nan,nan,0.29
11/2/2025 20:18:49,1.17.2,PRexp,10,3.78,nan,50,Left,Left,6527,308,413,23,nan,nan,0.13
11/2/2025 20:18:49,1.17.2,PRexp,10,3.79,nan,50,Left,Left,6528,308,413,23,nan,nan,0.01
11/2/2025 20:19:27,1.17.2,PRexp,10,3.78,nan,50,Left,Left,6529,308,413,23,nan,nan,0.48
11/2/2025 20:19:38,1.17.2,PRexp,10,3.78,nan,50,Left,Left,6530,308,413,23,nan,nan,0.08
11/2/2025 20:19:41,1.17.2,PRexp,10,3.79,nan,50,Left,Left,6531,308,413,23,nan,nan,0.58
11/2/2025 20:19:48,1.17.2,PRexp,10,3.78,nan,50,Left,Left,6532,308,413,23,nan,nan,0.42
11/2/2025 20:19:51,1.17.2,PRexp,10,3.78,nan,50,Left,Left,6533,308,413,23,nan,nan,0.21
11/2/2025 20:20:12,1.17.2,PRexp,10,3.78,nan,50,Left,Left,6534,308,413,23,nan,nan,0.17
11/2/2025 20:20:14,1.17.2,PRexp,10,3.78,nan,50,Left,Left,6535,308,413,23,nan,nan,0.25
11/2/2025 20:20:15,1.17.2,PRexp,10,3.78,nan,50,Left,Left,6536,308,413,23,nan,nan,0.08
11/2/2025 20:20:16,1.17.2,PRexp,10,3.78,nan,50,Left,Left,6537,308,413,23,nan,nan,0.30
11/2/2025 20:20:19,1.17.2,PRexp,10,3.78,nan,50,Left,Left,6538,308,413,23,nan,nan,0.09
11/2/2025 20:20:20,1.17.2,PRexp,10,3.79,nan,50,Left,Left,6539,308,413,23,nan,nan,0.00
11/2/2025 20:20:21,1.17.2,PRexp,10,3.78,nan,50,Left,Left,6540,308,413,23,nan,nan,0.02
11/2/2025 20:20:22,1.17.2,PRexp,10,3.78,nan,50,Left,Left,6541,308,413,23,nan,nan,0.27
11/2/2025 20:20:25,1.17.2,PRexp,10,3.78,nan,50,Left,Left,6542,308,413,23,nan,nan,0.16
11/2/2025 20:20:28,1.17.2,PRexp,10,3.78,nan,50,Left,Left,6543,308,413,23,nan,nan,0.01
11/2/2025 20:20:33,1.17.2,PRexp,10,3.78,nan,50,Left,Left,6544,308,413,23,nan,nan,0.02
11/2/2025 20:21:07,1.17.2,PRexp,10,3.78,nan,50,Right,Left,6544,309,413,23,nan,nan,0.21
11/2/2025 20:21:19,1.17.2,PRexp,10,3.78,nan,50,Left,Left,6545,309,413,23,nan,nan,0.24
11/2/2025 20:22:35,1.17.2,PRexp,10,3.78,nan,50,Left,Left,6546,309,413,23,nan,nan,0.26
11/2/2025 20:22:40,1.17.2,PRexp,10,3.78,nan,50,Left,Left,6547,309,413,23,nan,nan,0.50
11/2/2025 20:22:42,1.17.2,PRexp,10,3.78,nan,50,Left,Left,6548,309,413,23,nan,nan,0.04
11/2/2025 20:22:43,1.17.2,PRexp,10,3.78,nan,50,Left,Left,6549,309,413,23,nan,nan,0.15
11/2/2025 20:22:44,1.17.2,PRexp,10,3.78,nan,50,Left,Left,6550,309,413,23,nan,nan,0.01
11/2/2025 20:22:46,1.17.2,PRexp,10,3.78,nan,50,Left,Left,6551,309,413,23,nan,nan,0.04
11/2/2025 20:22:50,1.17.2,PRexp,10,3.78,nan,50,Left,Left,6552,309,413,23,nan,nan,0.04
11/2/2025 20:22:53,1.17.2,PRexp,10,3.78,nan,50,Left,Left,6553,309,413,23,nan,nan,0.17
11/2/2025 20:22:54,1.17.2,PRexp,10,3.78,nan,50,Left,Left,6554,309,413,23,nan,nan,0.00
11/2/2025 20:22:56,1.17.2,PRexp,10,3.78,nan,50,Left,Left,6555,309,413,23,nan,nan,0.10
11/2/2025 20:24:04,1.17.2,PRexp,10,3.78,nan,50,Left,Left,6556,309,413,23,nan,nan,0.01
11/2/2025 20:24:13,1.17.2,PRexp,10,3.78,nan,50,Left,Left,6557,309,413,23,nan,nan,0.01
11/2/2025 20:24:15,1.17.2,PRexp,10,3.78,nan,50,Left,Left,6558,309,413,23,nan,nan,0.16
11/2/2025 20:24:16,1.17.2,PRexp,10,3.78,nan,50,Left,Left,6559,309,413,23,nan,nan,0.04
11/2/2025 20:24:38,1.17.2,PRexp,10,3.78,nan,50,Left,Left,6560,309,413,23,nan,nan,0.08
11/2/2025 20:24:40,1.17.2,PRexp,10,3.78,nan,50,Left,Left,6561,309,413,23,nan,nan,0.09
11/2/2025 20:30:23,1.17.2,PRexp,10,3.78,nan,50,Right,Left,6561,310,413,23,nan,nan,0.21
11/2/2025 20:30:23,1.17.2,PRexp,10,3.78,nan,50,Right,Left,6561,311,413,23,nan,nan,0.03
11/2/2025 20:30:27,1.17.2,PRexp,10,3.78,nan,50,Left,Left,6562,311,413,23,nan,nan,0.04
11/2/2025 20:30:29,1.17.2,PRexp,10,3.78,nan,50,Left,Left,6563,311,413,23,nan,nan,0.11
11/2/2025 20:30:49,1.17.2,PRexp,10,3.79,11,50,Pellet,Left,6563,311,414,24,0.05,980,nan
11/2/2025 20:33:16,1.17.2,PRexp,10,3.78,nan,56,Left,Left,6564,311,414,24,nan,nan,0.06
11/2/2025 20:33:18,1.17.2,PRexp,10,3.78,nan,56,Left,Left,6565,311,414,24,nan,nan,0.01
11/2/2025 20:33:20,1.17.2,PRexp,10,3.78,nan,56,Left,Left,6566,311,414,24,nan,nan,0.27
11/2/2025 20:33:26,1.17.2,PRexp,10,3.79,nan,56,Left,Left,6567,311,414,24,nan,nan,0.40
11/2/2025 20:33:29,1.17.2,PRexp,10,3.78,nan,56,Left,Left,6568,311,414,24,nan,nan,0.01
11/2/2025 20:33:36,1.17.2,PRexp,10,3.79,nan,56,Left,Left,6569,311,414,24,nan,nan,0.01
11/2/2025 20:34:10,1.17.2,PRexp,10,3.78,nan,56,Left,Left,6570,311,414,24,nan,nan,0.08
11/2/2025 20:34:55,1.17.2,PRexp,10,3.78,nan,56,Left,Left,6571,311,414,24,nan,nan,0.25
11/2/2025 20:34:56,1.17.2,PRexp,10,3.79,nan,56,Left,Left,6572,311,414,24,nan,nan,0.20
11/2/2025 20:34:57,1.17.2,PRexp,10,3.78,nan,56,Left,Left,6573,311,414,24,nan,nan,0.01
11/2/2025 20:35:18,1.17.2,PRexp,10,3.78,nan,56,Left,Left,6574,311,414,24,nan,nan,0.20
11/2/2025 20:35:21,1.17.2,PRexp,10,3.79,nan,56,Left,Left,6575,311,414,24,nan,nan,0.61
11/2/2025 20:36:39,1.17.2,PRexp,10,3.79,nan,56,Left,Left,6576,311,414,24,nan,nan,0.02
11/2/2025 20:36:40,1.17.2,PRexp,10,3.78,nan,56,Left,Left,6577,311,414,24,nan,nan,0.07
11/2/2025 20:36:44,1.17.2,PRexp,10,3.79,nan,56,Left,Left,6578,311,414,24,nan,nan,0.72
11/2/2025 20:36:50,1.17.2,PRexp,10,3.78,nan,56,Left,Left,6579,311,414,24,nan,nan,0.81
11/2/2025 20:36:52,1.17.2,PRexp,10,3.78,nan,56,Left,Left,6580,311,414,24,nan,nan,0.12
11/2/2025 20:36:54,1.17.2,PRexp,10,3.78,nan,56,Left,Left,6581,311,414,24,nan,nan,0.10
11/2/2025 20:36:56,1.17.2,PRexp,10,3.78,nan,56,Left,Left,6582,311,414,24,nan,nan,0.33
11/2/2025 20:36:58,1.17.2,PRexp,10,3.78,nan,56,Left,Left,6583,311,414,24,nan,nan,0.28
11/2/2025 20:36:59,1.17.2,PRexp,10,3.78,nan,56,Left,Left,6584,311,414,24,nan,nan,0.17
11/2/2025 20:37:01,1.17.2,PRexp,10,3.78,nan,56,Left,Left,6585,311,414,24,nan,nan,0.08
11/2/2025 20:37:02,1.17.2,PRexp,10,3.78,nan,56,Left,Left,6586,311,414,24,nan,nan,0.12
11/2/2025 20:37:03,1.17.2,PRexp,10,3.79,nan,56,Left,Left,6587,311,414,24,nan,nan,0.01
11/2/2025 20:37:04,1.17.2,PRexp,10,3.78,nan,56,Left,Left,6588,311,414,24,nan,nan,0.02
11/2/2025 20:37:09,1.17.2,PRexp,10,3.78,nan,56,Left,Left,6589,311,414,24,nan,nan,0.15
11/2/2025 20:41:10,1.17.2,PRexp,10,3.78,nan,56,Left,Left,6590,311,414,24,nan,nan,0.14
11/2/2025 20:41:12,1.17.2,PRexp,10,3.78,nan,56,Left,Left,6591,311,414,24,nan,nan,0.06
11/2/2025 20:41:14,1.17.2,PRexp,10,3.78,nan,56,Left,Left,6592,311,414,24,nan,nan,0.20
11/2/2025 20:41:17,1.17.2,PRexp,10,3.79,nan,56,Left,Left,6593,311,414,24,nan,nan,0.03
11/2/2025 20:41:19,1.17.2,PRexp,10,3.78,nan,56,Left,Left,6594,311,414,24,nan,nan,0.28
11/2/2025 20:42:51,1.17.2,PRexp,10,3.78,nan,56,Right,Left,6594,312,414,24,nan,nan,0.06
11/2/2025 20:43:10,1.17.2,PRexp,10,3.78,nan,56,Left,Left,6595,312,414,24,nan,nan,0.22
11/2/2025 20:43:13,1.17.2,PRexp,10,3.78,nan,56,Left,Left,6596,312,414,24,nan,nan,0.10
11/2/2025 20:43:22,1.17.2,PRexp,10,3.78,nan,56,Left,Left,6597,312,414,24,nan,nan,0.02
11/2/2025 20:43:24,1.17.2,PRexp,10,3.78,nan,56,Left,Left,6598,312,414,24,nan,nan,0.06
11/2/2025 20:44:35,1.17.2,PRexp,10,3.78,nan,56,Left,Left,6599,312,414,24,nan,nan,0.05
11/2/2025 20:44:37,1.17.2,PRexp,10,3.78,nan,56,Left,Left,6600,312,414,24,nan,nan,0.03
11/2/2025 20:44:40,1.17.2,PRexp,10,3.78,nan,56,Left,Left,6601,312,414,24,nan,nan,0.03
11/2/2025 20:44:49,1.17.2,PRexp,10,3.78,nan,56,Left,Left,6602,312,414,24,nan,nan,0.08
11/2/2025 20:44:51,1.17.2,PRexp,10,3.78,nan,56,Left,Left,6603,312,414,24,nan,nan,0.12
11/2/2025 20:45:40,1.17.2,PRexp,10,3.78,nan,56,Left,Left,6604,312,414,24,nan,nan,0.15
11/2/2025 20:45:42,1.17.2,PRexp,10,3.78,nan,56,Left,Left,6605,312,414,24,nan,nan,0.02
11/2/2025 20:45:56,1.17.2,PRexp,10,3.78,nan,56,Left,Left,6606,312,414,24,nan,nan,0.11
11/2/2025 20:46:46,1.17.2,PRexp,10,3.78,nan,56,Left,Left,6607,312,414,24,nan,nan,0.05
11/2/2025 20:46:50,1.17.2,PRexp,10,3.78,nan,56,Left,Left,6608,312,414,24,nan,nan,0.75
11/2/2025 20:46:54,1.17.2,PRexp,10,3.78,nan,56,Left,Left,6609,312,414,24,nan,nan,0.03
11/2/2025 20:46:56,1.17.2,PRexp,10,3.78,nan,56,Left,Left,6610,312,414,24,nan,nan,0.90
11/2/2025 20:46:58,1.17.2,PRexp,10,3.78,nan,56,Left,Left,6611,312,414,24,nan,nan,0.07
11/2/2025 20:51:03,1.17.2,PRexp,10,3.78,nan,56,Left,Left,6612,312,414,24,nan,nan,0.14
11/2/2025 20:51:09,1.17.2,PRexp,10,3.78,nan,56,Left,Left,6613,312,414,24,nan,nan,0.03
11/2/2025 20:51:13,1.17.2,PRexp,10,3.78,nan,56,Left,Left,6614,312,414,24,nan,nan,0.08
11/2/2025 20:51:15,1.17.2,PRexp,10,3.78,nan,56,Left,Left,6615,312,414,24,nan,nan,1.19
11/2/2025 20:51:22,1.17.2,PRexp,10,3.78,nan,56,Left,Left,6616,312,414,24,nan,nan,0.04
11/2/2025 20:51:25,1.17.2,PRexp,10,3.78,nan,56,Left,Left,6617,312,414,24,nan,nan,0.19
11/2/2025 20:51:41,1.17.2,PRexp,10,3.78,nan,56,Left,Left,6618,312,414,24,nan,nan,0.18
11/2/2025 20:52:15,1.17.2,PRexp,10,3.78,nan,56,Left,Left,6619,312,414,24,nan,nan,0.13
11/2/2025 20:52:25,1.17.2,PRexp,10,3.78,5,56,Pellet,Left,6619,312,415,25,1.05,1296,nan
11/2/2025 20:53:53,1.17.2,PRexp,10,3.78,nan,62,Left,Left,6620,312,415,25,nan,nan,0.10
11/2/2025 20:53:57,1.17.2,PRexp,10,3.79,nan,62,Left,Left,6621,312,415,25,nan,nan,0.10
11/2/2025 20:54:01,1.17.2,PRexp,10,3.78,nan,62,Left,Left,6622,312,415,25,nan,nan,0.25
11/2/2025 20:56:06,1.17.2,PRexp,10,3.78,nan,62,Left,Left,6623,312,415,25,nan,nan,0.14
11/2/2025 20:56:08,1.17.2,PRexp,10,3.78,nan,62,Left,Left,6624,312,415,25,nan,nan,0.07
11/2/2025 20:56:11,1.17.2,PRexp,10,3.79,nan,62,Left,Left,6625,312,415,25,nan,nan,0.04
11/2/2025 20:56:14,1.17.2,PRexp,10,3.78,nan,62,Left,Left,6626,312,415,25,nan,nan,0.08
11/2/2025 20:56:14,1.17.2,PRexp,10,3.78,nan,62,Left,Left,6627,312,415,25,nan,nan,0.01
11/2/2025 20:56:15,1.17.2,PRexp,10,3.78,nan,62,Left,Left,6628,312,415,25,nan,nan,0.02
11/2/2025 20:56:48,1.17.2,PRexp,10,3.78,nan,62,Left,Left,6629,312,415,25,nan,nan,0.02
11/2/2025 20:56:50,1.17.2,PRexp,10,3.78,nan,62,Left,Left,6630,312,415,25,nan,nan,0.01
11/2/2025 20:56:52,1.17.2,PRexp,10,3.78,nan,62,Left,Left,6631,312,415,25,nan,nan,0.21
11/2/2025 20:57:41,1.17.2,PRexp,10,3.78,nan,62,Left,Left,6632,312,415,25,nan,nan,0.08
11/2/2025 20:59:35,1.17.2,PRexp,10,3.78,nan,62,Left,Left,6633,312,415,25,nan,nan,0.02
11/2/2025 20:59:36,1.17.2,PRexp,10,3.78,nan,62,Left,Left,6634,312,415,25,nan,nan,0.18
11/2/2025 20:59:38,1.17.2,PRexp,10,3.78,nan,62,Left,Left,6635,312,415,25,nan,nan,0.15
11/2/2025 20:59:39,1.17.2,PRexp,10,3.78,nan,62,Left,Left,6636,312,415,25,nan,nan,0.01
11/2/2025 20:59:40,1.17.2,PRexp,10,3.78,nan,62,Left,Left,6637,312,415,25,nan,nan,0.12
11/2/2025 20:59:42,1.17.2,PRexp,10,3.78,nan,62,Left,Left,6638,312,415,25,nan,nan,0.31
11/2/2025 21:00:03,1.17.2,PRexp,10,3.78,nan,62,Left,Left,6639,312,415,25,nan,nan,0.05
11/2/2025 21:00:46,1.17.2,PRexp,10,3.78,nan,62,Left,Left,6640,312,415,25,nan,nan,0.06
11/2/2025 21:00:47,1.17.2,PRexp,10,3.78,nan,62,Left,Left,6641,312,415,25,nan,nan,0.08
11/2/2025 21:00:49,1.17.2,PRexp,10,3.78,nan,62,Left,Left,6642,312,415,25,nan,nan,0.06
11/2/2025 21:00:53,1.17.2,PRexp,10,3.78,nan,62,Left,Left,6643,312,415,25,nan,nan,0.15
11/2/2025 21:00:55,1.17.2,PRexp,10,3.78,nan,62,Left,Left,6644,312,415,25,nan,nan,0.46
11/2/2025 21:00:57,1.17.2,PRexp,10,3.78,nan,62,Left,Left,6645,312,415,25,nan,nan,0.11
11/2/2025 21:00:59,1.17.2,PRexp,10,3.79,nan,62,Left,Left,6646,312,415,25,nan,nan,0.09
11/2/2025 21:01:00,1.17.2,PRexp,10,3.78,nan,62,Left,Left,6647,312,415,25,nan,nan,0.00
11/2/2025 21:01:03,1.17.2,PRexp,10,3.78,nan,62,Left,Left,6648,312,415,25,nan,nan,0.64
11/2/2025 21:01:04,1.17.2,PRexp,10,3.78,nan,62,Left,Left,6649,312,415,25,nan,nan,0.13
11/2/2025 21:01:06,1.17.2,PRexp,10,3.78,nan,62,Left,Left,6650,312,415,25,nan,nan,0.06
11/2/2025 21:01:08,1.17.2,PRexp,10,3.78,nan,62,Left,Left,6651,312,415,25,nan,nan,0.18
11/2/2025 21:01:10,1.17.2,PRexp,10,3.78,nan,62,Left,Left,6652,312,415,25,nan,nan,0.07
11/2/2025 21:01:34,1.17.2,PRexp,10,3.78,nan,62,Left,Left,6653,312,415,25,nan,nan,0.01
11/2/2025 21:01:35,1.17.2,PRexp,10,3.78,nan,62,Left,Left,6654,312,415,25,nan,nan,0.03
11/2/2025 21:01:36,1.17.2,PRexp,10,3.78,nan,62,Left,Left,6655,312,415,25,nan,nan,0.06
11/2/2025 21:01:37,1.17.2,PRexp,10,3.78,nan,62,Left,Left,6656,312,415,25,nan,nan,0.00
11/2/2025 21:01:39,1.17.2,PRexp,10,3.78,nan,62,Left,Left,6657,312,415,25,nan,nan,0.13
11/2/2025 21:02:54,1.17.2,PRexp,10,3.78,nan,62,Left,Left,6658,312,415,25,nan,nan,0.11
11/2/2025 21:02:55,1.17.2,PRexp,10,3.78,nan,62,Left,Left,6659,312,415,25,nan,nan,0.02
11/2/2025 21:02:57,1.17.2,PRexp,10,3.78,nan,62,Left,Left,6660,312,415,25,nan,nan,0.35
11/2/2025 21:03:00,1.17.2,PRexp,10,3.78,nan,62,Left,Left,6661,312,415,25,nan,nan,0.12
11/2/2025 21:03:02,1.17.2,PRexp,10,3.78,nan,62,Left,Left,6662,312,415,25,nan,nan,0.06
11/2/2025 21:04:28,1.17.2,PRexp,10,3.78,nan,62,Left,Left,6663,312,415,25,nan,nan,0.16
11/2/2025 21:05:12,1.17.2,PRexp,10,3.78,nan,62,Left,Left,6664,312,415,25,nan,nan,0.03
11/2/2025 21:05:38,1.17.2,PRexp,10,3.78,nan,62,Left,Left,6665,312,415,25,nan,nan,0.07
11/2/2025 21:05:39,1.17.2,PRexp,10,3.78,nan,62,Left,Left,6666,312,415,25,nan,nan,0.39
11/2/2025 21:05:40,1.17.2,PRexp,10,3.78,nan,62,Left,Left,6667,312,415,25,nan,nan,0.25
11/2/2025 21:07:08,1.17.2,PRexp,10,3.78,nan,62,Left,Left,6668,312,415,25,nan,nan,0.15
11/2/2025 21:07:10,1.17.2,PRexp,10,3.78,nan,62,Left,Left,6669,312,415,25,nan,nan,0.41
11/2/2025 21:07:13,1.17.2,PRexp,10,3.78,nan,62,Left,Left,6670,312,415,25,nan,nan,0.47
11/2/2025 21:07:16,1.17.2,PRexp,10,3.78,nan,62,Left,Left,6671,312,415,25,nan,nan,0.01
11/2/2025 21:07:23,1.17.2,PRexp,10,3.78,nan,62,Left,Left,6672,312,415,25,nan,nan,0.03
11/2/2025 21:07:24,1.17.2,PRexp,10,3.78,nan,62,Left,Left,6673,312,415,25,nan,nan,0.11
11/2/2025 21:07:25,1.17.2,PRexp,10,3.78,nan,62,Left,Left,6674,312,415,25,nan,nan,0.02
11/2/2025 21:07:27,1.17.2,PRexp,10,3.78,nan,62,Left,Left,6675,312,415,25,nan,nan,0.12
11/2/2025 21:09:34,1.17.2,PRexp,10,3.78,nan,62,Left,Left,6676,312,415,25,nan,nan,0.71
11/2/2025 21:09:37,1.17.2,PRexp,10,3.78,nan,62,Left,Left,6677,312,415,25,nan,nan,0.03
11/2/2025 21:09:39,1.17.2,PRexp,10,3.78,nan,62,Left,Left,6678,312,415,25,nan,nan,0.02
11/2/2025 21:09:40,1.17.2,PRexp,10,3.78,nan,62,Left,Left,6679,312,415,25,nan,nan,0.00
11/2/2025 21:09:46,1.17.2,PRexp,10,3.78,nan,62,Left,Left,6680,312,415,25,nan,nan,0.21
11/2/2025 21:09:49,1.17.2,PRexp,10,3.78,nan,62,Left,Left,6681,312,415,25,nan,nan,0.07
11/2/2025 21:09:59,1.17.2,PRexp,10,3.78,5,62,Pellet,Left,6681,312,416,26,0.11,1054,nan
11/2/2025 21:13:39,1.17.2,PRexp,10,3.78,nan,69,Right,Left,6681,313,416,26,nan,nan,0.14
11/2/2025 21:13:41,1.17.2,PRexp,10,3.78,nan,69,Left,Left,6682,313,416,26,nan,nan,0.20
11/2/2025 21:13:44,1.17.2,PRexp,10,3.78,nan,69,Left,Left,6683,313,416,26,nan,nan,0.11
11/2/2025 21:14:42,1.17.2,PRexp,10,3.78,nan,69,Left,Left,6684,313,416,26,nan,nan,0.08
11/2/2025 21:15:43,1.17.2,PRexp,10,3.78,nan,69,Left,Left,6685,313,416,26,nan,nan,0.01
11/2/2025 21:15:47,1.17.2,PRexp,10,3.78,nan,69,Left,Left,6686,313,416,26,nan,nan,0.09
11/2/2025 21:15:49,1.17.2,PRexp,10,3.78,nan,69,Left,Left,6687,313,416,26,nan,nan,0.75
11/2/2025 21:15:53,1.17.2,PRexp,10,3.78,nan,69,Left,Left,6688,313,416,26,nan,nan,0.02
11/2/2025 21:15:56,1.17.2,PRexp,10,3.78,nan,69,Left,Left,6689,313,416,26,nan,nan,0.91
11/2/2025 21:16:03,1.17.2,PRexp,10,3.78,nan,69,Left,Left,6690,313,416,26,nan,nan,0.16
11/2/2025 21:16:04,1.17.2,PRexp,10,3.78,nan,69,Left,Left,6691,313,416,26,nan,nan,0.20
11/2/2025 21:16:16,1.17.2,PRexp,10,3.78,nan,69,Left,Left,6692,313,416,26,nan,nan,0.03
11/2/2025 21:16:22,1.17.2,PRexp,10,3.78,nan,69,Left,Left,6693,313,416,26,nan,nan,0.17
11/2/2025 21:16:29,1.17.2,PRexp,10,3.78,nan,69,Left,Left,6694,313,416,26,nan,nan,0.00
11/2/2025 21:17:15,1.17.2,PRexp,10,3.78,nan,69,Right,Left,6694,314,416,26,nan,nan,0.08
11/2/2025 21:17:18,1.17.2,PRexp,10,3.78,nan,69,Left,Left,6695,314,416,26,nan,nan,0.07
11/2/2025 21:17:23,1.17.2,PRexp,10,3.78,nan,69,Left,Left,6696,314,416,26,nan,nan,0.24
11/2/2025 21:17:24,1.17.2,PRexp,10,3.78,nan,69,Left,Left,6697,314,416,26,nan,nan,0.01
11/2/2025 21:17:27,1.17.2,PRexp,10,3.78,nan,69,Left,Left,6698,314,416,26,nan,nan,0.13
11/2/2025 21:17:28,1.17.2,PRexp,10,3.79,nan,69,Left,Left,6699,314,416,26,nan,nan,0.03
11/2/2025 21:17:29,1.17.2,PRexp,10,3.78,nan,69,Left,Left,6700,314,416,26,nan,nan,0.00
11/2/2025 21:18:01,1.17.2,PRexp,10,3.78,nan,69,Left,Left,6701,314,416,26,nan,nan,0.03
11/2/2025 21:18:03,1.17.2,PRexp,10,3.78,nan,69,Left,Left,6702,314,416,26,nan,nan,0.08
11/2/2025 21:18:06,1.17.2,PRexp,10,3.78,nan,69,Left,Left,6703,314,416,26,nan,nan,0.02
11/2/2025 21:19:24,1.17.2,PRexp,10,3.78,nan,69,Left,Left,6704,314,416,26,nan,nan,0.03
11/2/2025 21:19:29,1.17.2,PRexp,10,3.78,nan,69,Left,Left,6705,314,416,26,nan,nan,0.08
11/2/2025 21:20:39,1.17.2,PRexp,10,3.78,nan,69,Left,Left,6706,314,416,26,nan,nan,0.03
11/2/2025 21:20:41,1.17.2,PRexp,10,3.78,nan,69,Left,Left,6707,314,416,26,nan,nan,0.27
11/2/2025 21:20:44,1.17.2,PRexp,10,3.78,nan,69,Left,Left,6708,314,416,26,nan,nan,0.14
11/2/2025 21:20:46,1.17.2,PRexp,10,3.78,nan,69,Left,Left,6709,314,416,26,nan,nan,0.01
11/2/2025 21:20:49,1.17.2,PRexp,10,3.78,nan,69,Left,Left,6710,314,416,26,nan,nan,0.51
11/2/2025 21:20:53,1.17.2,PRexp,10,3.78,nan,69,Left,Left,6711,314,416,26,nan,nan,0.68
11/2/2025 21:20:56,1.17.2,PRexp,10,3.78,nan,69,Left,Left,6712,314,416,26,nan,nan,0.12
11/2/2025 21:20:58,1.17.2,PRexp,10,3.78,nan,69,Left,Left,6713,314,416,26,nan,nan,0.13
11/2/2025 21:21:02,1.17.2,PRexp,10,3.78,nan,69,Left,Left,6714,314,416,26,nan,nan,0.28
11/2/2025 21:21:54,1.17.2,PRexp,10,3.78,nan,69,Left,Left,6715,314,416,26,nan,nan,0.05
11/2/2025 21:22:02,1.17.2,PRexp,10,3.78,nan,69,Left,Left,6716,314,416,26,nan,nan,0.16
11/2/2025 21:29:02,1.17.2,PRexp,10,3.78,nan,69,Left,Left,6717,314,416,26,nan,nan,0.06
11/2/2025 21:29:03,1.17.2,PRexp,10,3.78,nan,69,Left,Left,6718,314,416,26,nan,nan,0.09
11/2/2025 21:29:06,1.17.2,PRexp,10,3.78,nan,69,Left,Left,6719,314,416,26,nan,nan,0.02
11/2/2025 21:29:07,1.17.2,PRexp,10,3.78,nan,69,Left,Left,6720,314,416,26,nan,nan,0.14
11/2/2025 21:29:11,1.17.2,PRexp,10,3.78,nan,69,Left,Left,6721,314,416,26,nan,nan,0.54
11/2/2025 21:29:14,1.17.2,PRexp,10,3.78,nan,69,Left,Left,6722,314,416,26,nan,nan,0.15
11/2/2025 21:29:16,1.17.2,PRexp,10,3.78,nan,69,Left,Left,6723,314,416,26,nan,nan,0.21
11/2/2025 21:29:19,1.17.2,PRexp,10,3.78,nan,69,Left,Left,6724,314,416,26,nan,nan,0.12
11/2/2025 21:29:21,1.17.2,PRexp,10,3.78,nan,69,Left,Left,6725,314,416,26,nan,nan,0.49
11/2/2025 21:29:25,1.17.2,PRexp,10,3.78,nan,69,Left,Left,6726,314,416,26,nan,nan,0.02
11/2/2025 21:29:32,1.17.2,PRexp,10,3.78,nan,69,Left,Left,6727,314,416,26,nan,nan,0.02
11/2/2025 21:30:01,1.17.2,PRexp,10,3.78,nan,69,Left,Left,6728,314,416,26,nan,nan,0.07
11/2/2025 21:30:14,1.17.2,PRexp,10,3.78,nan,69,Left,Left,6729,314,416,26,nan,nan,0.17
11/2/2025 21:30:15,1.17.2,PRexp,10,3.78,nan,69,Left,Left,6730,314,416,26,nan,nan,0.09
11/2/2025 21:30:17,1.17.2,PRexp,10,3.78,nan,69,Left,Left,6731,314,416,26,nan,nan,0.17
11/2/2025 21:30:18,1.17.2,PRexp,10,3.78,nan,69,Left,Left,6732,314,416,26,nan,nan,0.19
11/2/2025 21:32:09,1.17.2,PRexp,10,3.78,nan,69,Left,Left,6733,314,416,26,nan,nan,0.12
11/2/2025 21:32:10,1.17.2,PRexp,10,3.78,nan,69,Left,Left,6734,314,416,26,nan,nan,0.10
11/2/2025 21:33:22,1.17.2,PRexp,10,3.78,nan,69,Left,Left,6735,314,416,26,nan,nan,0.75
11/2/2025 21:34:13,1.17.2,PRexp,10,3.78,nan,69,Left,Left,6736,314,416,26,nan,nan,0.50
11/2/2025 21:34:16,1.17.2,PRexp,10,3.78,nan,69,Left,Left,6737,314,416,26,nan,nan,0.15
11/2/2025 21:34:18,1.17.2,PRexp,10,3.78,nan,69,Left,Left,6738,314,416,26,nan,nan,0.12
11/2/2025 21:34:19,1.17.2,PRexp,10,3.78,nan,69,Left,Left,6739,314,416,26,nan,nan,0.03
11/2/2025 21:34:21,1.17.2,PRexp,10,3.78,nan,69,Left,Left,6740,314,416,26,nan,nan,0.22
11/2/2025 21:34:23,1.17.2,PRexp,10,3.78,nan,69,Left,Left,6741,314,416,26,nan,nan,0.58
11/2/2025 21:34:24,1.17.2,PRexp,10,3.78,nan,69,Left,Left,6742,314,416,26,nan,nan,0.00
11/2/2025 21:34:26,1.17.2,PRexp,10,3.78,nan,69,Left,Left,6743,314,416,26,nan,nan,0.82
11/2/2025 21:34:28,1.17.2,PRexp,10,3.78,nan,69,Left,Left,6744,314,416,26,nan,nan,0.10
11/2/2025 21:34:32,1.17.2,PRexp,10,3.78,nan,69,Left,Left,6745,314,416,26,nan,nan,0.14
11/2/2025 21:34:33,1.17.2,PRexp,10,3.78,nan,69,Left,Left,6746,314,416,26,nan,nan,0.01
11/2/2025 21:34:35,1.17.2,PRexp,10,3.78,nan,69,Left,Left,6747,314,416,26,nan,nan,0.03
11/2/2025 21:34:36,1.17.2,PRexp,10,3.78,nan,69,Left,Left,6748,314,416,26,nan,nan,0.14
11/2/2025 21:34:40,1.17.2,PRexp,10,3.78,nan,69,Left,Left,6749,314,416,26,nan,nan,0.10
11/2/2025 21:34:41,1.17.2,PRexp,10,3.78,nan,69,Left,Left,6750,314,416,26,nan,nan,0.13
11/2/2025 21:34:50,1.17.2,PRexp,10,3.78,6,69,Pellet,Left,6750,314,417,27,0.05,1491,nan
11/2/2025 21:36:29,1.17.2,PRexp,10,3.78,nan,77,Left,Left,6751,314,417,27,nan,nan,0.03
11/2/2025 21:37:20,1.17.2,PRexp,10,3.78,nan,77,Left,Left,6752,314,417,27,nan,nan,0.02
11/2/2025 21:37:25,1.17.2,PRexp,10,3.78,nan,77,Left,Left,6753,314,417,27,nan,nan,0.04
11/2/2025 21:37:30,1.17.2,PRexp,10,3.78,nan,77,Left,Left,6754,314,417,27,nan,nan,0.08
11/2/2025 21:37:32,1.17.2,PRexp,10,3.78,nan,77,Left,Left,6755,314,417,27,nan,nan,0.12
11/2/2025 21:38:24,1.17.2,PRexp,10,3.78,nan,77,Left,Left,6756,314,417,27,nan,nan,0.06
11/2/2025 21:38:27,1.17.2,PRexp,10,3.78,nan,77,Left,Left,6757,314,417,27,nan,nan,0.09
11/2/2025 21:38:29,1.17.2,PRexp,10,3.78,nan,77,Left,Left,6758,314,417,27,nan,nan,0.31
11/2/2025 21:38:30,1.17.2,PRexp,10,3.78,nan,77,Left,Left,6759,314,417,27,nan,nan,0.13
11/2/2025 21:38:32,1.17.2,PRexp,10,3.78,nan,77,Left,Left,6760,314,417,27,nan,nan,0.05
11/2/2025 21:38:34,1.17.2,PRexp,10,3.78,nan,77,Left,Left,6761,314,417,27,nan,nan,0.14
11/2/2025 21:38:36,1.17.2,PRexp,10,3.78,nan,77,Left,Left,6762,314,417,27,nan,nan,0.46
11/2/2025 21:38:39,1.17.2,PRexp,10,3.78,nan,77,Left,Left,6763,314,417,27,nan,nan,0.09
11/2/2025 21:38:40,1.17.2,PRexp,10,3.78,nan,77,Left,Left,6764,314,417,27,nan,nan,0.10
11/2/2025 21:38:42,1.17.2,PRexp,10,3.78,nan,77,Left,Left,6765,314,417,27,nan,nan,0.12
11/2/2025 21:40:23,1.17.2,PRexp,10,3.78,nan,77,Left,Left,6766,314,417,27,nan,nan,0.09
11/2/2025 21:40:27,1.17.2,PRexp,10,3.78,nan,77,Left,Left,6767,314,417,27,nan,nan,0.45
11/2/2025 21:40:29,1.17.2,PRexp,10,3.78,nan,77,Left,Left,6768,314,417,27,nan,nan,0.15
11/2/2025 21:41:01,1.17.2,PRexp,10,3.79,nan,77,Left,Left,6769,314,417,27,nan,nan,0.21
11/2/2025 21:41:02,1.17.2,PRexp,10,3.78,nan,77,Left,Left,6770,314,417,27,nan,nan,0.45
11/2/2025 21:41:06,1.17.2,PRexp,10,3.78,nan,77,Left,Left,6771,314,417,27,nan,nan,0.09
11/2/2025 21:41:09,1.17.2,PRexp,10,3.78,nan,77,Left,Left,6772,314,417,27,nan,nan,0.04
11/2/2025 21:44:44,1.17.2,PRexp,10,3.78,nan,77,Left,Left,6773,314,417,27,nan,nan,0.19
11/2/2025 21:44:48,1.17.2,PRexp,10,3.78,nan,77,Left,Left,6774,314,417,27,nan,nan,0.02
11/2/2025 21:44:50,1.17.2,PRexp,10,3.78,nan,77,Left,Left,6775,314,417,27,nan,nan,0.75
11/2/2025 21:44:53,1.17.2,PRexp,10,3.78,nan,77,Left,Left,6776,314,417,27,nan,nan,0.06
11/2/2025 21:44:56,1.17.2,PRexp,10,3.78,nan,77,Left,Left,6777,314,417,27,nan,nan,0.04
11/2/2025 21:44:59,1.17.2,PRexp,10,3.78,nan,77,Left,Left,6778,314,417,27,nan,nan,0.46
11/2/2025 21:46:17,1.17.2,PRexp,10,3.78,nan,77,Left,Left,6779,314,417,27,nan,nan,0.13
11/2/2025 21:46:18,1.17.2,PRexp,10,3.78,nan,77,Left,Left,6780,314,417,27,nan,nan,0.15
11/2/2025 21:46:20,1.17.2,PRexp,10,3.78,nan,77,Left,Left,6781,314,417,27,nan,nan,0.73
11/2/2025 21:46:22,1.17.2,PRexp,10,3.78,nan,77,Left,Left,6782,314,417,27,nan,nan,0.03
11/2/2025 21:46:25,1.17.2,PRexp,10,3.78,nan,77,Left,Left,6783,314,417,27,nan,nan,0.27
11/2/2025 21:46:27,1.17.2,PRexp,10,3.78,nan,77,Left,Left,6784,314,417,27,nan,nan,0.13
11/2/2025 21:46:33,1.17.2,PRexp,10,3.78,nan,77,Left,Left,6785,314,417,27,nan,nan,0.14
11/2/2025 21:46:33,1.17.2,PRexp,10,3.78,nan,77,Left,Left,6786,314,417,27,nan,nan,0.00
11/2/2025 21:46:35,1.17.2,PRexp,10,3.78,nan,77,Left,Left,6787,314,417,27,nan,nan,0.39
11/2/2025 21:46:38,1.17.2,PRexp,10,3.78,nan,77,Left,Left,6788,314,417,27,nan,nan,0.15
11/2/2025 21:46:39,1.17.2,PRexp,10,3.78,nan,77,Left,Left,6789,314,417,27,nan,nan,0.16
11/2/2025 21:47:07,1.17.2,PRexp,10,3.78,nan,77,Left,Left,6790,314,417,27,nan,nan,0.04
11/2/2025 21:47:28,1.17.2,PRexp,10,3.78,nan,77,Left,Left,6791,314,417,27,nan,nan,0.04
11/2/2025 21:47:29,1.17.2,PRexp,10,3.78,nan,77,Left,Left,6792,314,417,27,nan,nan,0.40
11/2/2025 21:49:21,1.17.2,PRexp,10,3.78,nan,77,Left,Left,6793,314,417,27,nan,nan,0.11
11/2/2025 21:49:23,1.17.2,PRexp,10,3.78,nan,77,Left,Left,6794,314,417,27,nan,nan,0.06
11/2/2025 21:50:28,1.17.2,PRexp,10,3.78,nan,77,Left,Left,6795,314,417,27,nan,nan,0.02
11/2/2025 21:50:30,1.17.2,PRexp,10,3.78,nan,77,Left,Left,6796,314,417,27,nan,nan,0.07
11/2/2025 21:50:31,1.17.2,PRexp,10,3.78,nan,77,Left,Left,6797,314,417,27,nan,nan,0.18
11/2/2025 21:50:33,1.17.2,PRexp,10,3.78,nan,77,Left,Left,6798,314,417,27,nan,nan,0.07
11/2/2025 21:50:37,1.17.2,PRexp,10,3.78,nan,77,Left,Left,6799,314,417,27,nan,nan,0.03
11/2/2025 21:52:15,1.17.2,PRexp,10,3.78,nan,77,Left,Left,6800,314,417,27,nan,nan,0.00
11/2/2025 21:52:45,1.17.2,PRexp,10,3.78,nan,77,Left,Left,6801,314,417,27,nan,nan,0.04
11/2/2025 21:52:48,1.17.2,PRexp,10,3.78,nan,77,Left,Left,6802,314,417,27,nan,nan,0.03
11/2/2025 21:53:10,1.17.2,PRexp,10,3.78,nan,77,Left,Left,6803,314,417,27,nan,nan,0.08
11/2/2025 21:53:12,1.17.2,PRexp,10,3.78,nan,77,Left,Left,6804,314,417,27,nan,nan,0.14
11/2/2025 21:53:13,1.17.2,PRexp,10,3.78,nan,77,Left,Left,6805,314,417,27,nan,nan,0.29
11/2/2025 21:53:15,1.17.2,PRexp,10,3.78,nan,77,Left,Left,6806,314,417,27,nan,nan,0.20
11/2/2025 21:53:17,1.17.2,PRexp,10,3.78,nan,77,Left,Left,6807,314,417,27,nan,nan,0.11
11/2/2025 21:53:18,1.17.2,PRexp,10,3.78,nan,77,Left,Left,6808,314,417,27,nan,nan,0.08
11/2/2025 21:53:19,1.17.2,PRexp,10,3.78,nan,77,Left,Left,6809,314,417,27,nan,nan,0.00
11/2/2025 21:53:21,1.17.2,PRexp,10,3.78,nan,77,Left,Left,6810,314,417,27,nan,nan,0.14
11/2/2025 21:53:35,1.17.2,PRexp,10,3.78,nan,77,Left,Left,6811,314,417,27,nan,nan,0.15
11/2/2025 21:53:37,1.17.2,PRexp,10,3.78,nan,77,Left,Left,6812,314,417,27,nan,nan,0.10
11/2/2025 21:55:27,1.17.2,PRexp,10,3.78,nan,77,Left,Left,6813,314,417,27,nan,nan,0.10
11/2/2025 21:55:28,1.17.2,PRexp,10,3.78,nan,77,Left,Left,6814,314,417,27,nan,nan,0.07
11/2/2025 21:55:30,1.17.2,PRexp,10,3.78,nan,77,Left,Left,6815,314,417,27,nan,nan,0.08
11/2/2025 21:55:31,1.17.2,PRexp,10,3.78,nan,77,Left,Left,6816,314,417,27,nan,nan,0.16
11/2/2025 21:57:19,1.17.2,PRexp,10,3.78,nan,77,Left,Left,6817,314,417,27,nan,nan,0.05
11/2/2025 21:57:22,1.17.2,PRexp,10,3.78,nan,77,Left,Left,6818,314,417,27,nan,nan,1.16
11/2/2025 21:57:24,1.17.2,PRexp,10,3.78,nan,77,Left,Left,6819,314,417,27,nan,nan,0.77
11/2/2025 21:57:28,1.17.2,PRexp,10,3.78,nan,77,Left,Left,6820,314,417,27,nan,nan,0.11
11/2/2025 21:57:30,1.17.2,PRexp,10,3.78,nan,77,Left,Left,6821,314,417,27,nan,nan,0.03
11/2/2025 21:57:31,1.17.2,PRexp,10,3.78,nan,77,Left,Left,6822,314,417,27,nan,nan,0.03
11/2/2025 21:57:32,1.17.2,PRexp,10,3.78,nan,77,Left,Left,6823,314,417,27,nan,nan,0.01
11/2/2025 21:58:14,1.17.2,PRexp,10,3.78,nan,77,Left,Left,6824,314,417,27,nan,nan,0.02
11/2/2025 21:58:15,1.17.2,PRexp,10,3.78,nan,77,Left,Left,6825,314,417,27,nan,nan,0.05
11/2/2025 21:58:17,1.17.2,PRexp,10,3.78,nan,77,Left,Left,6826,314,417,27,nan,nan,0.12
11/2/2025 21:59:02,1.17.2,PRexp,10,3.78,nan,77,Left,Left,6827,314,417,27,nan,nan,0.03
11/2/2025 21:59:10,1.17.2,PRexp,10,3.78,5,77,Pellet,Left,6827,314,418,28,0.22,1460,nan
11/2/2025 22:02:32,1.17.2,PRexp,10,3.78,nan,86,Left,Left,6828,314,418,28,nan,nan,0.03
11/2/2025 22:03:05,1.17.2,PRexp,10,3.78,nan,86,Left,Left,6829,314,418,28,nan,nan,0.12
11/2/2025 22:03:06,1.17.2,PRexp,10,3.78,nan,86,Left,Left,6830,314,418,28,nan,nan,0.03
11/2/2025 22:03:16,1.17.2,PRexp,10,3.78,nan,86,Left,Left,6831,314,418,28,nan,nan,0.19
11/2/2025 22:03:21,1.17.2,PRexp,10,3.78,nan,86,Left,Left,6832,314,418,28,nan,nan,0.27
11/2/2025 22:03:23,1.17.2,PRexp,10,3.78,nan,86,Left,Left,6833,314,418,28,nan,nan,0.13
11/2/2025 22:04:14,1.17.2,PRexp,10,3.78,nan,86,Left,Left,6834,314,418,28,nan,nan,0.02
11/2/2025 22:04:17,1.17.2,PRexp,10,3.78,nan,86,Left,Left,6835,314,418,28,nan,nan,0.02
11/2/2025 22:04:20,1.17.2,PRexp,10,3.78,nan,86,Left,Left,6836,314,418,28,nan,nan,0.08
11/2/2025 22:05:45,1.17.2,PRexp,10,3.78,nan,86,Left,Left,6837,314,418,28,nan,nan,0.07
11/2/2025 22:05:46,1.17.2,PRexp,10,3.78,nan,86,Left,Left,6838,314,418,28,nan,nan,0.01
11/2/2025 22:05:57,1.17.2,PRexp,10,3.78,nan,86,Right,Left,6838,315,418,28,nan,nan,0.13
11/2/2025 22:05:58,1.17.2,PRexp,10,3.78,nan,86,Left,Left,6839,315,418,28,nan,nan,0.03
11/2/2025 22:06:07,1.17.2,PRexp,10,3.78,nan,86,Left,Left,6840,315,418,28,nan,nan,0.02
11/2/2025 22:06:26,1.17.2,PRexp,10,3.78,nan,86,Left,Left,6841,315,418,28,nan,nan,0.02
11/2/2025 22:06:31,1.17.2,PRexp,10,3.78,nan,86,Left,Left,6842,315,418,28,nan,nan,0.62
11/2/2025 22:06:34,1.17.2,PRexp,10,3.78,nan,86,Left,Left,6843,315,418,28,nan,nan,0.23
11/2/2025 22:06:40,1.17.2,PRexp,10,3.78,nan,86,Left,Left,6844,315,418,28,nan,nan,0.00
11/2/2025 22:06:50,1.17.2,PRexp,10,3.78,nan,86,Left,Left,6845,315,418,28,nan,nan,0.02
11/2/2025 22:06:51,1.17.2,PRexp,10,3.78,nan,86,Left,Left,6846,315,418,28,nan,nan,0.16
11/2/2025 22:06:54,1.17.2,PRexp,10,3.78,nan,86,Left,Left,6847,315,418,28,nan,nan,0.13
11/2/2025 22:06:55,1.17.2,PRexp,10,3.78,nan,86,Left,Left,6848,315,418,28,nan,nan,0.10
11/2/2025 22:07:57,1.17.2,PRexp,10,3.78,nan,86,Left,Left,6849,315,418,28,nan,nan,0.12
11/2/2025 22:09:26,1.17.2,PRexp,10,3.78,nan,86,Left,Left,6850,315,418,28,nan,nan,0.01
11/2/2025 22:12:08,1.17.2,PRexp,10,3.78,nan,86,Left,Left,6851,315,418,28,nan,nan,0.16
11/2/2025 22:12:10,1.17.2,PRexp,10,3.78,nan,86,Left,Left,6852,315,418,28,nan,nan,0.11
11/2/2025 22:12:11,1.17.2,PRexp,10,3.78,nan,86,Left,Left,6853,315,418,28,nan,nan,0.09
11/2/2025 22:12:34,1.17.2,PRexp,10,3.78,nan,86,Right,Left,6853,316,418,28,nan,nan,0.05
11/2/2025 22:12:38,1.17.2,PRexp,10,3.78,nan,86,Left,Left,6854,316,418,28,nan,nan,0.13
11/2/2025 22:12:40,1.17.2,PRexp,10,3.78,nan,86,Left,Left,6855,316,418,28,nan,nan,0.09
11/2/2025 22:12:42,1.17.2,PRexp,10,3.78,nan,86,Left,Left,6856,316,418,28,nan,nan,0.30
11/2/2025 22:12:48,1.17.2,PRexp,10,3.78,nan,86,Left,Left,6857,316,418,28,nan,nan,0.00
11/2/2025 22:12:54,1.17.2,PRexp,10,3.78,nan,86,Left,Left,6858,316,418,28,nan,nan,0.11
11/2/2025 22:13:18,1.17.2,PRexp,10,3.78,nan,86,Left,Left,6859,316,418,28,nan,nan,0.00
11/2/2025 22:13:29,1.17.2,PRexp,10,3.78,nan,86,Left,Left,6860,316,418,28,nan,nan,0.08
11/2/2025 22:14:07,1.17.2,PRexp,10,3.78,nan,86,Left,Left,6861,316,418,28,nan,nan,0.01
11/2/2025 22:14:09,1.17.2,PRexp,10,3.78,nan,86,Left,Left,6862,316,418,28,nan,nan,0.11
11/2/2025 22:14:11,1.17.2,PRexp,10,3.78,nan,86,Left,Left,6863,316,418,28,nan,nan,0.10
11/2/2025 22:14:12,1.17.2,PRexp,10,3.78,nan,86,Left,Left,6864,316,418,28,nan,nan,0.02
11/2/2025 22:14:15,1.17.2,PRexp,10,3.78,nan,86,Left,Left,6865,316,418,28,nan,nan,0.04
11/2/2025 22:14:15,1.17.2,PRexp,10,3.78,nan,86,Left,Left,6866,316,418,28,nan,nan,0.07
11/2/2025 22:14:16,1.17.2,PRexp,10,3.78,nan,86,Left,Left,6867,316,418,28,nan,nan,0.00
11/2/2025 22:14:19,1.17.2,PRexp,10,3.78,nan,86,Left,Left,6868,316,418,28,nan,nan,0.11
11/2/2025 22:14:20,1.17.2,PRexp,10,3.78,nan,86,Left,Left,6869,316,418,28,nan,nan,0.14
11/2/2025 22:14:23,1.17.2,PRexp,10,3.78,nan,86,Left,Left,6870,316,418,28,nan,nan,0.16
11/2/2025 22:14:24,1.17.2,PRexp,10,3.78,nan,86,Left,Left,6871,316,418,28,nan,nan,0.03
11/2/2025 22:14:28,1.17.2,PRexp,10,3.78,nan,86,Left,Left,6872,316,418,28,nan,nan,0.12
11/2/2025 22:14:32,1.17.2,PRexp,10,3.78,nan,86,Left,Left,6873,316,418,28,nan,nan,0.08
11/2/2025 22:14:34,1.17.2,PRexp,10,3.78,nan,86,Left,Left,6874,316,418,28,nan,nan,0.13
11/2/2025 22:19:18,1.17.2,PRexp,10,3.78,nan,86,Left,Left,6875,316,418,28,nan,nan,0.10
11/2/2025 22:19:47,1.17.2,PRexp,10,3.78,nan,86,Left,Left,6876,316,418,28,nan,nan,0.08
11/2/2025 22:19:51,1.17.2,PRexp,10,3.78,nan,86,Left,Left,6877,316,418,28,nan,nan,0.11
11/2/2025 22:19:53,1.17.2,PRexp,10,3.78,nan,86,Left,Left,6878,316,418,28,nan,nan,0.09
11/2/2025 22:19:55,1.17.2,PRexp,10,3.78,nan,86,Left,Left,6879,316,418,28,nan,nan,0.34
11/2/2025 22:20:51,1.17.2,PRexp,10,3.78,nan,86,Left,Left,6880,316,418,28,nan,nan,0.03
11/2/2025 22:20:55,1.17.2,PRexp,10,3.78,nan,86,Left,Left,6881,316,418,28,nan,nan,0.02
11/2/2025 22:20:56,1.17.2,PRexp,10,3.78,nan,86,Left,Left,6882,316,418,28,nan,nan,0.03
11/2/2025 22:21:03,1.17.2,PRexp,10,3.78,nan,86,Left,Left,6883,316,418,28,nan,nan,0.07
11/2/2025 22:21:05,1.17.2,PRexp,10,3.78,nan,86,Left,Left,6884,316,418,28,nan,nan,0.39
11/2/2025 22:21:06,1.17.2,PRexp,10,3.78,nan,86,Left,Left,6885,316,418,28,nan,nan,0.09
11/2/2025 22:21:09,1.17.2,PRexp,10,3.78,nan,86,Left,Left,6886,316,418,28,nan,nan,0.01
11/2/2025 22:21:12,1.17.2,PRexp,10,3.78,nan,86,Left,Left,6887,316,418,28,nan,nan,0.11
11/2/2025 22:21:13,1.17.2,PRexp,10,3.78,nan,86,Left,Left,6888,316,418,28,nan,nan,0.14
11/2/2025 22:21:14,1.17.2,PRexp,10,3.78,nan,86,Left,Left,6889,316,418,28,nan,nan,0.12
11/2/2025 22:22:12,1.17.2,PRexp,10,3.78,nan,86,Left,Left,6890,316,418,28,nan,nan,0.11
11/2/2025 22:22:15,1.17.2,PRexp,10,3.78,nan,86,Left,Left,6891,316,418,28,nan,nan,0.10
11/2/2025 22:22:25,1.17.2,PRexp,10,3.78,nan,86,Left,Left,6892,316,418,28,nan,nan,0.11
11/2/2025 22:22:28,1.17.2,PRexp,10,3.78,nan,86,Left,Left,6893,316,418,28,nan,nan,0.12
11/2/2025 22:22:30,1.17.2,PRexp,10,3.78,nan,86,Left,Left,6894,316,418,28,nan,nan,0.11
11/2/2025 22:22:31,1.17.2,PRexp,10,3.78,nan,86,Left,Left,6895,316,418,28,nan,nan,0.13
11/2/2025 22:25:06,1.17.2,PRexp,10,3.78,nan,86,Left,Left,6896,316,418,28,nan,nan,0.05
11/2/2025 22:25:22,1.17.2,PRexp,10,3.78,nan,86,Left,Left,6897,316,418,28,nan,nan,0.11
11/2/2025 22:28:03,1.17.2,PRexp,10,3.78,nan,86,Left,Left,6898,316,418,28,nan,nan,0.06
11/2/2025 22:28:04,1.17.2,PRexp,10,3.78,nan,86,Left,Left,6899,316,418,28,nan,nan,0.01
11/2/2025 22:28:06,1.17.2,PRexp,10,3.78,nan,86,Left,Left,6900,316,418,28,nan,nan,0.05
11/2/2025 22:28:06,1.17.2,PRexp,10,3.78,nan,86,Left,Left,6901,316,418,28,nan,nan,0.19
11/2/2025 22:28:10,1.17.2,PRexp,10,3.78,nan,86,Left,Left,6902,316,418,28,nan,nan,0.13
11/2/2025 22:28:12,1.17.2,PRexp,10,3.78,nan,86,Left,Left,6903,316,418,28,nan,nan,0.02
11/2/2025 22:28:14,1.17.2,PRexp,10,3.78,nan,86,Left,Left,6904,316,418,28,nan,nan,0.06
11/2/2025 22:28:16,1.17.2,PRexp,10,3.78,nan,86,Left,Left,6905,316,418,28,nan,nan,0.16
11/2/2025 22:28:16,1.17.2,PRexp,10,3.78,nan,86,Left,Left,6906,316,418,28,nan,nan,0.01
11/2/2025 22:28:18,1.17.2,PRexp,10,3.78,nan,86,Left,Left,6907,316,418,28,nan,nan,0.07
11/2/2025 22:28:36,1.17.2,PRexp,10,3.78,nan,86,Left,Left,6908,316,418,28,nan,nan,0.01
11/2/2025 22:28:46,1.17.2,PRexp,10,3.78,nan,86,Left,Left,6909,316,418,28,nan,nan,0.06
11/2/2025 22:29:29,1.17.2,PRexp,10,3.78,nan,86,Left,Left,6910,316,418,28,nan,nan,0.13
11/2/2025 22:29:32,1.17.2,PRexp,10,3.78,nan,86,Left,Left,6911,316,418,28,nan,nan,0.09
11/2/2025 22:29:36,1.17.2,PRexp,10,3.78,nan,86,Left,Left,6912,316,418,28,nan,nan,0.07
11/2/2025 22:29:37,1.17.2,PRexp,10,3.78,nan,86,Left,Left,6913,316,418,28,nan,nan,0.15
11/2/2025 22:29:45,1.17.2,PRexp,10,3.78,5,86,Pellet,Left,6913,316,419,29,0.27,1835,nan
11/2/2025 22:31:19,1.17.2,PRexp,10,3.78,nan,95,Left,Left,6914,316,419,29,nan,nan,0.03
11/2/2025 22:31:23,1.17.2,PRexp,10,3.78,nan,95,Left,Left,6915,316,419,29,nan,nan,0.04
11/2/2025 22:31:27,1.17.2,PRexp,10,3.78,nan,95,Left,Left,6916,316,419,29,nan,nan,0.89
11/2/2025 22:31:31,1.17.2,PRexp,10,3.78,nan,95,Left,Left,6917,316,419,29,nan,nan,0.07
11/2/2025 22:31:32,1.17.2,PRexp,10,3.78,nan,95,Left,Left,6918,316,419,29,nan,nan,0.00
11/2/2025 22:31:35,1.17.2,PRexp,10,3.78,nan,95,Left,Left,6919,316,419,29,nan,nan,0.07
11/2/2025 22:31:50,1.17.2,PRexp,10,3.78,nan,95,Left,Left,6920,316,419,29,nan,nan,0.01
11/2/2025 22:32:58,1.17.2,PRexp,10,3.78,nan,95,Left,Left,6921,316,419,29,nan,nan,0.06
11/2/2025 22:33:00,1.17.2,PRexp,10,3.78,nan,95,Left,Left,6922,316,419,29,nan,nan,0.02
11/2/2025 22:33:07,1.17.2,PRexp,10,3.78,nan,95,Left,Left,6923,316,419,29,nan,nan,0.26
11/2/2025 22:33:19,1.17.2,PRexp,10,3.78,nan,95,Left,Left,6924,316,419,29,nan,nan,0.04
11/2/2025 22:33:20,1.17.2,PRexp,10,3.78,nan,95,Left,Left,6925,316,419,29,nan,nan,0.02
11/2/2025 22:33:25,1.17.2,PRexp,10,3.78,nan,95,Left,Left,6926,316,419,29,nan,nan,0.41
11/2/2025 22:33:59,1.17.2,PRexp,10,3.78,nan,95,Right,Left,6926,317,419,29,nan,nan,0.23
11/2/2025 22:34:00,1.17.2,PRexp,10,3.78,nan,95,Right,Left,6926,318,419,29,nan,nan,0.07
11/2/2025 22:34:01,1.17.2,PRexp,10,3.78,nan,95,Right,Left,6926,319,419,29,nan,nan,0.00
11/2/2025 22:34:08,1.17.2,PRexp,10,3.78,nan,95,Left,Left,6927,319,419,29,nan,nan,0.14
11/2/2025 22:34:36,1.17.2,PRexp,10,3.78,nan,95,Left,Left,6928,319,419,29,nan,nan,0.02
11/2/2025 22:34:38,1.17.2,PRexp,10,3.78,nan,95,Left,Left,6929,319,419,29,nan,nan,0.04
11/2/2025 22:34:43,1.17.2,PRexp,10,3.78,nan,95,Left,Left,6930,319,419,29,nan,nan,0.08
11/2/2025 22:34:46,1.17.2,PRexp,10,3.78,nan,95,Left,Left,6931,319,419,29,nan,nan,0.03
11/2/2025 22:34:48,1.17.2,PRexp,10,3.78,nan,95,Left,Left,6932,319,419,29,nan,nan,0.25
11/2/2025 22:34:53,1.17.2,PRexp,10,3.78,nan,95,Left,Left,6933,319,419,29,nan,nan,0.01
11/2/2025 22:35:18,1.17.2,PRexp,10,3.78,nan,95,Left,Left,6934,319,419,29,nan,nan,0.09
11/2/2025 22:35:20,1.17.2,PRexp,10,3.78,nan,95,Left,Left,6935,319,419,29,nan,nan,0.04
11/2/2025 22:35:21,1.17.2,PRexp,10,3.78,nan,95,Left,Left,6936,319,419,29,nan,nan,0.12
11/2/2025 22:36:13,1.17.2,PRexp,10,3.78,nan,95,Left,Left,6937,319,419,29,nan,nan,0.03
11/2/2025 22:36:57,1.17.2,PRexp,10,3.78,nan,95,Left,Left,6938,319,419,29,nan,nan,0.20
11/2/2025 22:36:58,1.17.2,PRexp,10,3.78,nan,95,Left,Left,6939,319,419,29,nan,nan,0.00
11/2/2025 22:37:01,1.17.2,PRexp,10,3.78,nan,95,Left,Left,6940,319,419,29,nan,nan,0.02
11/2/2025 22:37:02,1.17.2,PRexp,10,3.78,nan,95,Left,Left,6941,319,419,29,nan,nan,0.26
11/2/2025 22:37:03,1.17.2,PRexp,10,3.78,nan,95,Left,Left,6942,319,419,29,nan,nan,0.08
11/2/2025 22:37:06,1.17.2,PRexp,10,3.78,nan,95,Left,Left,6943,319,419,29,nan,nan,0.08
11/2/2025 22:37:16,1.17.2,PRexp,10,3.78,nan,95,Left,Left,6944,319,419,29,nan,nan,0.26
11/2/2025 22:37:19,1.17.2,PRexp,10,3.78,nan,95,Left,Left,6945,319,419,29,nan,nan,0.24
11/2/2025 22:37:21,1.17.2,PRexp,10,3.78,nan,95,Left,Left,6946,319,419,29,nan,nan,0.13
11/2/2025 22:37:25,1.17.2,PRexp,10,3.78,nan,95,Left,Left,6947,319,419,29,nan,nan,0.24
11/2/2025 22:37:27,1.17.2,PRexp,10,3.78,nan,95,Left,Left,6948,319,419,29,nan,nan,0.12
11/2/2025 22:39:08,1.17.2,PRexp,10,3.78,nan,95,Left,Left,6949,319,419,29,nan,nan,0.25
11/2/2025 22:39:10,1.17.2,PRexp,10,3.78,nan,95,Left,Left,6950,319,419,29,nan,nan,0.57
11/2/2025 22:39:13,1.17.2,PRexp,10,3.78,nan,95,Left,Left,6951,319,419,29,nan,nan,0.83
11/2/2025 22:39:16,1.17.2,PRexp,10,3.78,nan,95,Left,Left,6952,319,419,29,nan,nan,0.17
11/2/2025 22:40:19,1.17.2,PRexp,10,3.78,nan,95,Left,Left,6953,319,419,29,nan,nan,0.02
11/2/2025 22:43:36,1.17.2,PRexp,10,3.78,nan,95,Left,Left,6954,319,419,29,nan,nan,0.01
11/2/2025 22:43:37,1.17.2,PRexp,10,3.78,nan,95,Left,Left,6955,319,419,29,nan,nan,0.19
11/2/2025 22:43:41,1.17.2,PRexp,10,3.78,nan,95,Left,Left,6956,319,419,29,nan,nan,0.80
11/2/2025 22:43:44,1.17.2,PRexp,10,3.78,nan,95,Left,Left,6957,319,419,29,nan,nan,0.12
11/2/2025 22:43:46,1.17.2,PRexp,10,3.78,nan,95,Left,Left,6958,319,419,29,nan,nan,0.15
11/2/2025 22:43:48,1.17.2,PRexp,10,3.78,nan,95,Left,Left,6959,319,419,29,nan,nan,0.14
11/2/2025 22:43:49,1.17.2,PRexp,10,3.78,nan,95,Left,Left,6960,319,419,29,nan,nan,0.11
11/2/2025 22:43:54,1.17.2,PRexp,10,3.78,nan,95,Left,Left,6961,319,419,29,nan,nan,0.10
11/2/2025 22:43:56,1.17.2,PRexp,10,3.78,nan,95,Left,Left,6962,319,419,29,nan,nan,0.14
11/2/2025 22:44:01,1.17.2,PRexp,10,3.78,nan,95,Right,Left,6962,320,419,29,nan,nan,0.16
11/2/2025 22:44:06,1.17.2,PRexp,10,3.78,nan,95,Left,Left,6963,320,419,29,nan,nan,0.10
11/2/2025 22:44:07,1.17.2,PRexp,10,3.78,nan,95,Left,Left,6964,320,419,29,nan,nan,0.08
11/2/2025 22:44:09,1.17.2,PRexp,10,3.78,nan,95,Left,Left,6965,320,419,29,nan,nan,0.07
11/2/2025 22:44:11,1.17.2,PRexp,10,3.78,nan,95,Left,Left,6966,320,419,29,nan,nan,0.38
11/2/2025 22:44:39,1.17.2,PRexp,10,3.78,nan,95,Left,Left,6967,320,419,29,nan,nan,0.03
11/2/2025 22:44:41,1.17.2,PRexp,10,3.78,nan,95,Left,Left,6968,320,419,29,nan,nan,0.44
11/2/2025 22:44:43,1.17.2,PRexp,10,3.78,nan,95,Left,Left,6969,320,419,29,nan,nan,0.01
11/2/2025 22:44:49,1.17.2,PRexp,10,3.78,nan,95,Left,Left,6970,320,419,29,nan,nan,0.00
11/2/2025 22:49:08,1.17.2,PRexp,10,3.78,nan,95,Right,Left,6970,321,419,29,nan,nan,0.00
11/2/2025 22:51:38,1.17.2,PRexp,10,3.78,nan,95,Left,Left,6971,321,419,29,nan,nan,0.06
11/2/2025 22:51:40,1.17.2,PRexp,10,3.78,nan,95,Left,Left,6972,321,419,29,nan,nan,0.11
11/2/2025 22:52:12,1.17.2,PRexp,10,3.78,nan,95,Left,Left,6973,321,419,29,nan,nan,0.21
11/2/2025 22:52:14,1.17.2,PRexp,10,3.78,nan,95,Left,Left,6974,321,419,29,nan,nan,0.03
11/2/2025 22:52:17,1.17.2,PRexp,10,3.78,nan,95,Left,Left,6975,321,419,29,nan,nan,0.02
11/2/2025 22:52:18,1.17.2,PRexp,10,3.78,nan,95,Left,Left,6976,321,419,29,nan,nan,0.12
11/2/2025 22:52:40,1.17.2,PRexp,10,3.78,nan,95,Left,Left,6977,321,419,29,nan,nan,0.04
11/2/2025 22:52:44,1.17.2,PRexp,10,3.78,nan,95,Left,Left,6978,321,419,29,nan,nan,0.01
11/2/2025 22:52:46,1.17.2,PRexp,10,3.78,nan,95,Left,Left,6979,321,419,29,nan,nan,0.14
11/2/2025 22:54:24,1.17.2,PRexp,10,3.78,nan,95,Left,Left,6980,321,419,29,nan,nan,0.03
11/2/2025 22:54:27,1.17.2,PRexp,10,3.78,nan,95,Left,Left,6981,321,419,29,nan,nan,0.16
11/2/2025 22:54:31,1.17.2,PRexp,10,3.78,nan,95,Left,Left,6982,321,419,29,nan,nan,0.40
11/2/2025 22:54:33,1.17.2,PRexp,10,3.78,nan,95,Left,Left,6983,321,419,29,nan,nan,0.01
11/2/2025 22:54:34,1.17.2,PRexp,10,3.78,nan,95,Left,Left,6984,321,419,29,nan,nan,0.21
11/2/2025 22:54:36,1.17.2,PRexp,10,3.78,nan,95,Left,Left,6985,321,419,29,nan,nan,0.03
11/2/2025 22:54:38,1.17.2,PRexp,10,3.78,nan,95,Left,Left,6986,321,419,29,nan,nan,0.04
11/2/2025 22:54:39,1.17.2,PRexp,10,3.78,nan,95,Left,Left,6987,321,419,29,nan,nan,0.02
11/2/2025 22:54:42,1.17.2,PRexp,10,3.78,nan,95,Left,Left,6988,321,419,29,nan,nan,0.16
11/2/2025 22:54:48,1.17.2,PRexp,10,3.78,nan,95,Left,Left,6989,321,419,29,nan,nan,0.83
11/2/2025 22:54:50,1.17.2,PRexp,10,3.78,nan,95,Left,Left,6990,321,419,29,nan,nan,0.04
11/2/2025 22:54:55,1.17.2,PRexp,10,3.78,nan,95,Left,Left,6991,321,419,29,nan,nan,0.13
11/2/2025 22:54:58,1.17.2,PRexp,10,3.78,nan,95,Left,Left,6992,321,419,29,nan,nan,0.12
11/2/2025 22:55:01,1.17.2,PRexp,10,3.78,nan,95,Left,Left,6993,321,419,29,nan,nan,0.08
11/2/2025 22:55:04,1.17.2,PRexp,10,3.78,nan,95,Left,Left,6994,321,419,29,nan,nan,0.11
11/2/2025 22:55:06,1.17.2,PRexp,10,3.78,nan,95,Left,Left,6995,321,419,29,nan,nan,0.04
11/2/2025 22:57:06,1.17.2,PRexp,10,3.78,nan,95,Left,Left,6996,321,419,29,nan,nan,0.08
11/2/2025 22:57:07,1.17.2,PRexp,10,3.78,nan,95,Left,Left,6997,321,419,29,nan,nan,0.09
11/2/2025 22:57:09,1.17.2,PRexp,10,3.78,nan,95,Left,Left,6998,321,419,29,nan,nan,0.03
11/2/2025 22:57:12,1.17.2,PRexp,10,3.78,nan,95,Left,Left,6999,321,419,29,nan,nan,0.04
11/2/2025 22:57:16,1.17.2,PRexp,10,3.78,nan,95,Left,Left,7000,321,419,29,nan,nan,0.02
11/2/2025 22:59:30,1.17.2,PRexp,10,3.78,nan,95,Right,Left,7000,322,419,29,nan,nan,0.05
11/2/2025 22:59:32,1.17.2,PRexp,10,3.78,nan,95,Left,Left,7001,322,419,29,nan,nan,0.03
11/2/2025 22:59:33,1.17.2,PRexp,10,3.78,nan,95,Left,Left,7002,322,419,29,nan,nan,0.07
11/2/2025 22:59:34,1.17.2,PRexp,10,3.78,nan,95,Left,Left,7003,322,419,29,nan,nan,0.13
11/2/2025 22:59:36,1.17.2,PRexp,10,3.78,nan,95,Left,Left,7004,322,419,29,nan,nan,0.10
11/2/2025 22:59:37,1.17.2,PRexp,10,3.78,nan,95,Left,Left,7005,322,419,29,nan,nan,0.12
11/2/2025 22:59:40,1.17.2,PRexp,10,3.78,nan,95,Left,Left,7006,322,419,29,nan,nan,0.40
11/2/2025 22:59:42,1.17.2,PRexp,10,3.78,nan,95,Left,Left,7007,322,419,29,nan,nan,0.10
11/2/2025 22:59:44,1.17.2,PRexp,10,3.78,nan,95,Left,Left,7008,322,419,29,nan,nan,0.17
11/2/2025 22:59:44,1.17.2,PRexp,10,3.78,nan,95,LeftDuringDispense,Left,7009,322,419,30,nan,nan,0.04
11/2/2025 22:59:57,1.17.2,PRexp,10,3.78,7,95,Pellet,Left,7009,322,420,30,0.05,1811,nan
11/2/2025 23:02:05,1.17.2,PRexp,10,3.78,nan,106,Left,Left,7010,322,420,30,nan,nan,0.20
11/2/2025 23:02:08,1.17.2,PRexp,10,3.78,nan,106,Left,Left,7011,322,420,30,nan,nan,0.07
11/2/2025 23:02:37,1.17.2,PRexp,10,3.78,nan,106,Left,Left,7012,322,420,30,nan,nan,0.06
11/2/2025 23:02:40,1.17.2,PRexp,10,3.78,nan,106,Left,Left,7013,322,420,30,nan,nan,0.56
11/2/2025 23:02:45,1.17.2,PRexp,10,3.78,nan,106,Left,Left,7014,322,420,30,nan,nan,0.09
11/2/2025 23:02:48,1.17.2,PRexp,10,3.78,nan,106,Left,Left,7015,322,420,30,nan,nan,0.52
11/2/2025 23:02:49,1.17.2,PRexp,10,3.78,nan,106,Left,Left,7016,322,420,30,nan,nan,0.05
11/2/2025 23:02:50,1.17.2,PRexp,10,3.78,nan,106,Left,Left,7017,322,420,30,nan,nan,0.11
11/2/2025 23:07:01,1.17.2,PRexp,10,3.78,nan,106,Left,Left,7018,322,420,30,nan,nan,0.05
11/2/2025 23:07:02,1.17.2,PRexp,10,3.78,nan,106,Left,Left,7019,322,420,30,nan,nan,0.14
11/2/2025 23:07:05,1.17.2,PRexp,10,3.78,nan,106,Left,Left,7020,322,420,30,nan,nan,0.09
11/2/2025 23:07:07,1.17.2,PRexp,10,3.78,nan,106,Left,Left,7021,322,420,30,nan,nan,0.41
11/2/2025 23:07:09,1.17.2,PRexp,10,3.78,nan,106,Left,Left,7022,322,420,30,nan,nan,0.05
11/2/2025 23:07:11,1.17.2,PRexp,10,3.78,nan,106,Left,Left,7023,322,420,30,nan,nan,0.28
11/2/2025 23:07:12,1.17.2,PRexp,10,3.78,nan,106,Left,Left,7024,322,420,30,nan,nan,0.30
11/2/2025 23:07:39,1.17.2,PRexp,10,3.78,nan,106,Left,Left,7025,322,420,30,nan,nan,0.01
11/2/2025 23:07:41,1.17.2,PRexp,10,3.78,nan,106,Left,Left,7026,322,420,30,nan,nan,0.90
11/2/2025 23:07:43,1.17.2,PRexp,10,3.78,nan,106,Left,Left,7027,322,420,30,nan,nan,0.17
11/2/2025 23:07:45,1.17.2,PRexp,10,3.78,nan,106,Left,Left,7028,322,420,30,nan,nan,0.12
11/2/2025 23:07:46,1.17.2,PRexp,10,3.78,nan,106,Left,Left,7029,322,420,30,nan,nan,0.03
11/2/2025 23:07:47,1.17.2,PRexp,10,3.78,nan,106,Left,Left,7030,322,420,30,nan,nan,0.14
11/2/2025 23:07:49,1.17.2,PRexp,10,3.78,nan,106,Left,Left,7031,322,420,30,nan,nan,0.23
11/2/2025 23:07:50,1.17.2,PRexp,10,3.78,nan,106,Left,Left,7032,322,420,30,nan,nan,0.35
11/2/2025 23:07:52,1.17.2,PRexp,10,3.77,nan,106,Left,Left,7033,322,420,30,nan,nan,0.10
11/2/2025 23:07:54,1.17.2,PRexp,10,3.78,nan,106,Left,Left,7034,322,420,30,nan,nan,0.56
11/2/2025 23:07:55,1.17.2,PRexp,10,3.78,nan,106,Left,Left,7035,322,420,30,nan,nan,0.02
11/2/2025 23:07:56,1.17.2,PRexp,10,3.78,nan,106,Left,Left,7036,322,420,30,nan,nan,0.32
11/2/2025 23:08:06,1.17.2,PRexp,10,3.78,nan,106,Right,Left,7036,323,420,30,nan,nan,0.13
11/2/2025 23:08:51,1.17.2,PRexp,10,3.78,nan,106,Left,Left,7037,323,420,30,nan,nan,0.07
11/2/2025 23:09:09,1.17.2,PRexp,10,3.78,nan,106,Left,Left,7038,323,420,30,nan,nan,0.09
11/2/2025 23:09:10,1.17.2,PRexp,10,3.78,nan,106,Left,Left,7039,323,420,30,nan,nan,0.27
11/2/2025 23:13:11,1.17.2,PRexp,10,3.78,nan,106,Left,Left,7040,323,420,30,nan,nan,0.05
11/2/2025 23:13:12,1.17.2,PRexp,10,3.78,nan,106,Left,Left,7041,323,420,30,nan,nan,0.02
11/2/2025 23:13:14,1.17.2,PRexp,10,3.78,nan,106,Left,Left,7042,323,420,30,nan,nan,0.83
11/2/2025 23:15:25,1.17.2,PRexp,10,3.78,nan,106,Left,Left,7043,323,420,30,nan,nan,0.07
11/2/2025 23:15:27,1.17.2,PRexp,10,3.78,nan,106,Left,Left,7044,323,420,30,nan,nan,0.06
11/2/2025 23:15:29,1.17.2,PRexp,10,3.78,nan,106,Left,Left,7045,323,420,30,nan,nan,0.11
11/2/2025 23:15:31,1.17.2,PRexp,10,3.78,nan,106,Left,Left,7046,323,420,30,nan,nan,0.08
11/2/2025 23:15:34,1.17.2,PRexp,10,3.78,nan,106,Left,Left,7047,323,420,30,nan,nan,0.23
11/2/2025 23:15:39,1.17.2,PRexp,10,3.78,nan,106,Left,Left,7048,323,420,30,nan,nan,0.02
11/2/2025 23:15:42,1.17.2,PRexp,10,3.78,nan,106,Left,Left,7049,323,420,30,nan,nan,0.17
11/2/2025 23:15:45,1.17.2,PRexp,10,3.78,nan,106,Left,Left,7050,323,420,30,nan,nan,0.17
11/2/2025 23:15:46,1.17.2,PRexp,10,3.78,nan,106,Left,Left,7051,323,420,30,nan,nan,0.09
11/2/2025 23:15:49,1.17.2,PRexp,10,3.78,nan,106,Left,Left,7052,323,420,30,nan,nan,0.01
11/2/2025 23:15:50,1.17.2,PRexp,10,3.78,nan,106,Left,Left,7053,323,420,30,nan,nan,0.10
11/2/2025 23:15:51,1.17.2,PRexp,10,3.78,nan,106,Left,Left,7054,323,420,30,nan,nan,0.56
11/2/2025 23:15:53,1.17.2,PRexp,10,3.78,nan,106,Left,Left,7055,323,420,30,nan,nan,1.12
11/2/2025 23:15:56,1.17.2,PRexp,10,3.78,nan,106,Left,Left,7056,323,420,30,nan,nan,0.69
11/2/2025 23:16:00,1.17.2,PRexp,10,3.78,nan,106,Left,Left,7057,323,420,30,nan,nan,0.84
11/2/2025 23:16:01,1.17.2,PRexp,10,3.78,nan,106,Left,Left,7058,323,420,30,nan,nan,0.10
11/2/2025 23:16:07,1.17.2,PRexp,10,3.78,nan,106,Left,Left,7059,323,420,30,nan,nan,0.19
11/2/2025 23:16:18,1.17.2,PRexp,10,3.78,nan,106,Left,Left,7060,323,420,30,nan,nan,0.25
11/2/2025 23:16:25,1.17.2,PRexp,10,3.78,nan,106,Left,Left,7061,323,420,30,nan,nan,0.09
11/2/2025 23:16:37,1.17.2,PRexp,10,3.77,nan,106,Left,Left,7062,323,420,30,nan,nan,0.03
11/2/2025 23:16:59,1.17.2,PRexp,10,3.78,nan,106,Left,Left,7063,323,420,30,nan,nan,0.06
11/2/2025 23:17:00,1.17.2,PRexp,10,3.78,nan,106,Left,Left,7064,323,420,30,nan,nan,0.00
11/2/2025 23:17:02,1.17.2,PRexp,10,3.78,nan,106,Left,Left,7065,323,420,30,nan,nan,0.12
11/2/2025 23:17:04,1.17.2,PRexp,10,3.78,nan,106,Left,Left,7066,323,420,30,nan,nan,0.98
11/2/2025 23:21:27,1.17.2,PRexp,10,3.78,nan,106,Left,Left,7067,323,420,30,nan,nan,0.12
11/2/2025 23:21:29,1.17.2,PRexp,10,3.78,nan,106,Left,Left,7068,323,420,30,nan,nan,0.27
11/2/2025 23:21:37,1.17.2,PRexp,10,3.78,nan,106,Left,Left,7069,323,420,30,nan,nan,0.02
11/2/2025 23:21:39,1.17.2,PRexp,10,3.78,nan,106,Left,Left,7070,323,420,30,nan,nan,0.84
11/2/2025 23:21:41,1.17.2,PRexp,10,3.78,nan,106,Left,Left,7071,323,420,30,nan,nan,0.10
11/2/2025 23:21:46,1.17.2,PRexp,10,3.78,nan,106,Left,Left,7072,323,420,30,nan,nan,0.96
11/2/2025 23:21:46,1.17.2,PRexp,10,3.77,nan,106,Left,Left,7073,323,420,30,nan,nan,0.17
11/2/2025 23:21:52,1.17.2,PRexp,10,3.77,nan,106,Left,Left,7074,323,420,30,nan,nan,0.42
11/2/2025 23:21:54,1.17.2,PRexp,10,3.78,nan,106,Left,Left,7075,323,420,30,nan,nan,0.26
11/2/2025 23:24:20,1.17.2,PRexp,10,3.78,nan,106,Left,Left,7076,323,420,30,nan,nan,0.52
11/2/2025 23:24:27,1.17.2,PRexp,10,3.78,nan,106,Left,Left,7077,323,420,30,nan,nan,0.77
11/2/2025 23:37:20,1.17.2,PRexp,10,3.78,nan,106,Left,Left,7078,323,420,30,nan,nan,0.99
11/2/2025 23:37:24,1.17.2,PRexp,10,3.78,nan,106,Left,Left,7079,323,420,30,nan,nan,0.32
11/2/2025 23:37:28,1.17.2,PRexp,10,3.78,nan,106,Left,Left,7080,323,420,30,nan,nan,1.07
11/2/2025 23:37:33,1.17.2,PRexp,10,3.78,nan,106,Left,Left,7081,323,420,30,nan,nan,0.41
11/2/2025 23:37:38,1.17.2,PRexp,10,3.78,nan,106,Left,Left,7082,323,420,30,nan,nan,0.64
11/2/2025 23:37:42,1.17.2,PRexp,10,3.78,nan,106,Left,Left,7083,323,420,30,nan,nan,0.45
11/2/2025 23:37:46,1.17.2,PRexp,10,3.78,nan,106,Left,Left,7084,323,420,30,nan,nan,1.24
11/2/2025 23:37:49,1.17.2,PRexp,10,3.78,nan,106,Left,Left,7085,323,420,30,nan,nan,0.68
11/2/2025 23:45:45,1.17.2,PRexp,10,3.78,nan,106,Left,Left,7086,323,420,30,nan,nan,1.96
11/2/2025 23:45:48,1.17.2,PRexp,10,3.78,nan,106,Left,Left,7087,323,420,30,nan,nan,0.46
11/2/2025 23:52:25,1.17.2,PRexp,10,3.78,nan,106,Left,Left,7088,323,420,30,nan,nan,0.00
11/2/2025 23:52:26,1.17.2,PRexp,10,3.78,nan,106,Left,Left,7089,323,420,30,nan,nan,0.09
11/2/2025 23:52:29,1.17.2,PRexp,10,3.78,nan,106,Left,Left,7090,323,420,30,nan,nan,0.13
11/2/2025 23:52:31,1.17.2,PRexp,10,3.78,nan,106,Left,Left,7091,323,420,30,nan,nan,0.97
11/2/2025 23:52:34,1.17.2,PRexp,10,3.78,nan,106,Left,Left,7092,323,420,30,nan,nan,0.08
11/2/2025 23:52:37,1.17.2,PRexp,10,3.78,nan,106,Left,Left,7093,323,420,30,nan,nan,0.67
11/2/2025 23:52:40,1.17.2,PRexp,10,3.78,nan,106,Left,Left,7094,323,420,30,nan,nan,1.11
11/2/2025 23:57:58,1.17.2,PRexp,10,3.78,nan,106,Left,Left,7095,323,420,30,nan,nan,0.20
11/2/2025 23:58:24,1.17.2,PRexp,10,3.78,nan,106,Left,Left,7096,323,420,30,nan,nan,1.11
11/2/2025 23:59:22,1.17.2,PRexp,10,3.78,nan,106,Left,Left,7097,323,420,30,nan,nan,0.60
11/2/2025 23:59:27,1.17.2,PRexp,10,3.78,nan,106,Left,Left,7098,323,420,30,nan,nan,0.99
11/2/2025 23:59:29,1.17.2,PRexp,10,3.77,nan,106,Left,Left,7099,323,420,30,nan,nan,0.02
11/2/2025 23:59:33,1.17.2,PRexp,10,3.78,nan,106,Left,Left,7100,323,420,30,nan,nan,1.31
11/2/2025 23:59:36,1.17.2,PRexp,10,3.78,nan,106,Left,Left,7101,323,420,30,nan,nan,0.74
11/2/2025 23:59:39,1.17.2,PRexp,10,3.78,nan,106,Left,Left,7102,323,420,30,nan,nan,0.13
11/2/2025 23:59:47,1.17.2,PRexp,10,3.78,nan,106,Left,Left,7103,323,420,30,nan,nan,1.45
11/2/2025 23:59:48,1.17.2,PRexp,10,3.77,nan,106,Left,Left,7104,323,420,30,nan,nan,0.00
11/2/2025 23:59:51,1.17.2,PRexp,10,3.78,nan,106,Left,Left,7105,323,420,30,nan,nan,0.44
11/3/2025 0:00:02,1.17.2,PRexp,10,3.78,nan,106,Left,Left,7106,323,420,30,nan,nan,0.01
11/3/2025 0:00:05,1.17.2,PRexp,10,3.78,nan,106,Left,Left,7107,323,420,30,nan,nan,0.00
11/3/2025 0:00:09,1.17.2,PRexp,10,3.78,nan,106,Left,Left,7108,323,420,30,nan,nan,0.39
11/3/2025 0:00:11,1.17.2,PRexp,10,3.78,nan,106,Left,Left,7109,323,420,30,nan,nan,0.36
11/3/2025 0:00:12,1.17.2,PRexp,10,3.78,nan,106,Left,Left,7110,323,420,30,nan,nan,0.99
11/3/2025 0:00:14,1.17.2,PRexp,10,3.78,nan,106,Left,Left,7111,323,420,30,nan,nan,0.03
11/3/2025 0:00:17,1.17.2,PRexp,10,3.78,nan,106,Left,Left,7112,323,420,30,nan,nan,0.33
11/3/2025 0:00:22,1.17.2,PRexp,10,3.78,nan,106,Left,Left,7113,323,420,30,nan,nan,0.50
11/3/2025 0:00:26,1.17.2,PRexp,10,3.78,nan,106,Left,Left,7114,323,420,30,nan,nan,0.47
11/3/2025 0:00:28,1.17.2,PRexp,10,3.78,nan,106,Left,Left,7115,323,420,30,nan,nan,0.14
11/3/2025 0:00:28,1.17.2,PRexp,10,3.78,nan,106,LeftDuringDispense,Left,7116,323,420,31,nan,nan,0.08
11/3/2025 0:00:43,1.17.2,PRexp,10,3.78,8,106,Pellet,Left,7116,323,421,31,0.16,3647,nan
11/3/2025 0:02:21,1.17.2,PRexp,10,3.78,nan,118,Left,Left,7117,323,421,31,nan,nan,0.55
11/3/2025 0:02:28,1.17.2,PRexp,10,3.78,nan,118,Left,Left,7118,323,421,31,nan,nan,0.03
11/3/2025 0:02:29,1.17.2,PRexp,10,3.78,nan,118,Left,Left,7119,323,421,31,nan,nan,0.01
11/3/2025 0:04:01,1.17.2,PRexp,10,3.78,nan,118,Left,Left,7120,323,421,31,nan,nan,1.12
11/3/2025 0:04:03,1.17.2,PRexp,10,3.78,nan,118,Left,Left,7121,323,421,31,nan,nan,0.95
11/3/2025 0:04:08,1.17.2,PRexp,10,3.78,nan,118,Left,Left,7122,323,421,31,nan,nan,1.38
11/3/2025 0:04:10,1.17.2,PRexp,10,3.78,nan,118,Left,Left,7123,323,421,31,nan,nan,0.21
11/3/2025 0:04:12,1.17.2,PRexp,10,3.78,nan,118,Left,Left,7124,323,421,31,nan,nan,0.26
11/3/2025 0:04:16,1.17.2,PRexp,10,3.78,nan,118,Left,Left,7125,323,421,31,nan,nan,1.09
11/3/2025 0:04:25,1.17.2,PRexp,10,3.78,nan,118,Left,Left,7126,323,421,31,nan,nan,1.54
11/3/2025 0:04:27,1.17.2,PRexp,10,3.78,nan,118,Left,Left,7127,323,421,31,nan,nan,0.72
11/3/2025 0:04:30,1.17.2,PRexp,10,3.78,nan,118,Left,Left,7128,323,421,31,nan,nan,1.02
11/3/2025 0:04:32,1.17.2,PRexp,10,3.78,nan,118,Left,Left,7129,323,421,31,nan,nan,0.44
11/3/2025 0:04:33,1.17.2,PRexp,10,3.78,nan,118,Left,Left,7130,323,421,31,nan,nan,0.66
11/3/2025 0:04:39,1.17.2,PRexp,10,3.78,nan,118,Left,Left,7131,323,421,31,nan,nan,0.86
11/3/2025 0:04:43,1.17.2,PRexp,10,3.78,nan,118,Left,Left,7132,323,421,31,nan,nan,0.23
11/3/2025 0:04:46,1.17.2,PRexp,10,3.78,nan,118,Left,Left,7133,323,421,31,nan,nan,1.86
11/3/2025 0:04:49,1.17.2,PRexp,10,3.78,nan,118,Left,Left,7134,323,421,31,nan,nan,0.87
11/3/2025 0:04:53,1.17.2,PRexp,10,3.78,nan,118,Left,Left,7135,323,421,31,nan,nan,0.00
11/3/2025 0:04:55,1.17.2,PRexp,10,3.78,nan,118,Left,Left,7136,323,421,31,nan,nan,1.17
11/3/2025 0:04:58,1.17.2,PRexp,10,3.78,nan,118,Left,Left,7137,323,421,31,nan,nan,0.73
11/3/2025 0:05:04,1.17.2,PRexp,10,3.78,nan,118,Left,Left,7138,323,421,31,nan,nan,0.32
11/3/2025 0:05:05,1.17.2,PRexp,10,3.78,nan,118,Left,Left,7139,323,421,31,nan,nan,0.01
11/3/2025 0:05:12,1.17.2,PRexp,10,3.77,nan,118,Left,Left,7140,323,421,31,nan,nan,0.66
11/3/2025 0:05:15,1.17.2,PRexp,10,3.78,nan,118,Left,Left,7141,323,421,31,nan,nan,0.19
11/3/2025 0:05:18,1.17.2,PRexp,10,3.78,nan,118,Left,Left,7142,323,421,31,nan,nan,2.03
11/3/2025 0:05:23,1.17.2,PRexp,10,3.78,nan,118,Left,Left,7143,323,421,31,nan,nan,0.97
11/3/2025 0:05:33,1.17.2,PRexp,10,3.78,nan,118,Left,Left,7144,323,421,31,nan,nan,0.76
11/3/2025 0:06:17,1.17.2,PRexp,10,3.78,nan,118,Left,Left,7145,323,421,31,nan,nan,0.25
11/3/2025 0:06:19,1.17.2,PRexp,10,3.78,nan,118,Left,Left,7146,323,421,31,nan,nan,0.36
11/3/2025 0:06:23,1.17.2,PRexp,10,3.78,nan,118,Left,Left,7147,323,421,31,nan,nan,0.08
11/3/2025 0:06:24,1.17.2,PRexp,10,3.78,nan,118,Left,Left,7148,323,421,31,nan,nan,0.01
11/3/2025 0:06:27,1.17.2,PRexp,10,3.78,nan,118,Left,Left,7149,323,421,31,nan,nan,0.62
11/3/2025 0:06:28,1.17.2,PRexp,10,3.78,nan,118,Left,Left,7150,323,421,31,nan,nan,0.00
11/3/2025 0:06:30,1.17.2,PRexp,10,3.78,nan,118,Left,Left,7151,323,421,31,nan,nan,0.89
11/3/2025 0:06:33,1.17.2,PRexp,10,3.77,nan,118,Left,Left,7152,323,421,31,nan,nan,2.13
11/3/2025 0:06:38,1.17.2,PRexp,10,3.78,nan,118,Left,Left,7153,323,421,31,nan,nan,0.17
11/3/2025 0:06:42,1.17.2,PRexp,10,3.78,nan,118,Left,Left,7154,323,421,31,nan,nan,0.03
11/3/2025 0:06:44,1.17.2,PRexp,10,3.78,nan,118,Left,Left,7155,323,421,31,nan,nan,0.70
11/3/2025 0:06:53,1.17.2,PRexp,10,3.78,nan,118,Left,Left,7156,323,421,31,nan,nan,0.13
11/3/2025 0:06:58,1.17.2,PRexp,10,3.78,nan,118,Left,Left,7157,323,421,31,nan,nan,1.13
11/3/2025 0:07:04,1.17.2,PRexp,10,3.78,nan,118,Left,Left,7158,323,421,31,nan,nan,0.44
11/3/2025 0:07:08,1.17.2,PRexp,10,3.78,nan,118,Left,Left,7159,323,421,31,nan,nan,1.17
11/3/2025 0:07:21,1.17.2,PRexp,10,3.78,nan,118,Left,Left,7160,323,421,31,nan,nan,0.38
11/3/2025 0:07:36,1.17.2,PRexp,10,3.78,nan,118,Left,Left,7161,323,421,31,nan,nan,0.13
11/3/2025 0:07:45,1.17.2,PRexp,10,3.78,nan,118,Left,Left,7162,323,421,31,nan,nan,0.73
11/3/2025 0:07:53,1.17.2,PRexp,10,3.78,nan,118,Left,Left,7163,323,421,31,nan,nan,1.43
11/3/2025 0:07:59,1.17.2,PRexp,10,3.78,nan,118,Left,Left,7164,323,421,31,nan,nan,0.87
11/3/2025 0:08:02,1.17.2,PRexp,10,3.78,nan,118,Left,Left,7165,323,421,31,nan,nan,1.53
11/3/2025 0:08:09,1.17.2,PRexp,10,3.78,nan,118,Left,Left,7166,323,421,31,nan,nan,2.71
11/3/2025 0:08:52,1.17.2,PRexp,10,3.78,nan,118,Left,Left,7167,323,421,31,nan,nan,0.02
11/3/2025 0:09:52,1.17.2,PRexp,10,3.78,nan,118,Left,Left,7168,323,421,31,nan,nan,0.07
11/3/2025 0:12:14,1.17.2,PRexp,10,3.78,nan,118,Left,Left,7169,323,421,31,nan,nan,0.02
11/3/2025 0:18:40,1.17.2,PRexp,10,3.78,nan,118,Left,Left,7170,323,421,31,nan,nan,0.90
11/3/2025 0:18:45,1.17.2,PRexp,10,3.78,nan,118,Left,Left,7171,323,421,31,nan,nan,0.75
11/3/2025 0:18:49,1.17.2,PRexp,10,3.78,nan,118,Left,Left,7172,323,421,31,nan,nan,1.34
11/3/2025 0:18:57,1.17.2,PRexp,10,3.78,nan,118,Left,Left,7173,323,421,31,nan,nan,1.31
11/3/2025 0:18:59,1.17.2,PRexp,10,3.78,nan,118,Left,Left,7174,323,421,31,nan,nan,0.43
11/3/2025 0:19:03,1.17.2,PRexp,10,3.78,nan,118,Left,Left,7175,323,421,31,nan,nan,1.64
11/3/2025 0:19:06,1.17.2,PRexp,10,3.77,nan,118,Left,Left,7176,323,421,31,nan,nan,0.34
11/3/2025 0:19:08,1.17.2,PRexp,10,3.78,nan,118,Left,Left,7177,323,421,31,nan,nan,0.51
11/3/2025 0:19:09,1.17.2,PRexp,10,3.78,nan,118,Left,Left,7178,323,421,31,nan,nan,0.13
11/3/2025 0:19:16,1.17.2,PRexp,10,3.78,nan,118,Left,Left,7179,323,421,31,nan,nan,0.21
11/3/2025 0:19:19,1.17.2,PRexp,10,3.78,nan,118,Left,Left,7180,323,421,31,nan,nan,1.31
11/3/2025 0:19:21,1.17.2,PRexp,10,3.78,nan,118,Left,Left,7181,323,421,31,nan,nan,0.12
11/3/2025 0:19:24,1.17.2,PRexp,10,3.78,nan,118,Left,Left,7182,323,421,31,nan,nan,0.04
11/3/2025 0:19:26,1.17.2,PRexp,10,3.78,nan,118,Left,Left,7183,323,421,31,nan,nan,0.07
11/3/2025 0:19:27,1.17.2,PRexp,10,3.78,nan,118,Left,Left,7184,323,421,31,nan,nan,0.03
11/3/2025 0:19:30,1.17.2,PRexp,10,3.77,nan,118,Left,Left,7185,323,421,31,nan,nan,0.93
11/3/2025 0:21:09,1.17.2,PRexp,10,3.78,nan,118,Left,Left,7186,323,421,31,nan,nan,0.07
11/3/2025 0:21:12,1.17.2,PRexp,10,3.78,nan,118,Left,Left,7187,323,421,31,nan,nan,0.32
11/3/2025 0:21:21,1.17.2,PRexp,10,3.78,nan,118,Left,Left,7188,323,421,31,nan,nan,1.33
11/3/2025 0:26:59,1.17.2,PRexp,10,3.78,nan,118,Left,Left,7189,323,421,31,nan,nan,0.12
11/3/2025 0:27:01,1.17.2,PRexp,10,3.78,nan,118,Left,Left,7190,323,421,31,nan,nan,0.27
11/3/2025 0:27:06,1.17.2,PRexp,10,3.78,nan,118,Left,Left,7191,323,421,31,nan,nan,0.27
11/3/2025 0:27:12,1.17.2,PRexp,10,3.78,nan,118,Left,Left,7192,323,421,31,nan,nan,0.37
11/3/2025 0:27:15,1.17.2,PRexp,10,3.78,nan,118,Left,Left,7193,323,421,31,nan,nan,1.69
11/3/2025 0:27:19,1.17.2,PRexp,10,3.78,nan,118,Left,Left,7194,323,421,31,nan,nan,1.17
11/3/2025 0:27:41,1.17.2,PRexp,10,3.78,nan,118,Left,Left,7195,323,421,31,nan,nan,0.64
11/3/2025 0:27:43,1.17.2,PRexp,10,3.78,nan,118,Left,Left,7196,323,421,31,nan,nan,0.02
11/3/2025 0:27:54,1.17.2,PRexp,10,3.78,nan,118,Left,Left,7197,323,421,31,nan,nan,0.18
11/3/2025 0:28:03,1.17.2,PRexp,10,3.78,nan,118,Left,Left,7198,323,421,31,nan,nan,0.17
11/3/2025 0:28:06,1.17.2,PRexp,10,3.78,nan,118,Left,Left,7199,323,421,31,nan,nan,0.54
11/3/2025 0:28:12,1.17.2,PRexp,10,3.78,nan,118,Left,Left,7200,323,421,31,nan,nan,1.29
11/3/2025 0:28:21,1.17.2,PRexp,10,3.78,nan,118,Left,Left,7201,323,421,31,nan,nan,0.26
11/3/2025 0:28:24,1.17.2,PRexp,10,3.77,nan,118,Left,Left,7202,323,421,31,nan,nan,1.54
11/3/2025 0:28:26,1.17.2,PRexp,10,3.78,nan,118,Left,Left,7203,323,421,31,nan,nan,0.00
11/3/2025 0:28:27,1.17.2,PRexp,10,3.78,nan,118,Left,Left,7204,323,421,31,nan,nan,0.03
11/3/2025 0:28:29,1.17.2,PRexp,10,3.78,nan,118,Left,Left,7205,323,421,31,nan,nan,0.54
11/3/2025 0:28:33,1.17.2,PRexp,10,3.78,nan,118,Left,Left,7206,323,421,31,nan,nan,1.52
11/3/2025 0:28:36,1.17.2,PRexp,10,3.78,nan,118,Left,Left,7207,323,421,31,nan,nan,0.04
11/3/2025 0:28:38,1.17.2,PRexp,10,3.78,nan,118,Left,Left,7208,323,421,31,nan,nan,0.08
11/3/2025 0:29:11,1.17.2,PRexp,10,3.78,nan,118,Left,Left,7209,323,421,31,nan,nan,0.38
11/3/2025 0:29:13,1.17.2,PRexp,10,3.78,nan,118,Left,Left,7210,323,421,31,nan,nan,0.25
11/3/2025 0:29:15,1.17.2,PRexp,10,3.78,nan,118,Left,Left,7211,323,421,31,nan,nan,0.25
11/3/2025 0:29:17,1.17.2,PRexp,10,3.78,nan,118,Left,Left,7212,323,421,31,nan,nan,0.40
11/3/2025 0:29:23,1.17.2,PRexp,10,3.78,nan,118,Left,Left,7213,323,421,31,nan,nan,0.12
11/3/2025 0:29:27,1.17.2,PRexp,10,3.78,nan,118,Left,Left,7214,323,421,31,nan,nan,0.01
11/3/2025 0:30:11,1.17.2,PRexp,10,3.78,nan,118,Left,Left,7215,323,421,31,nan,nan,0.38
11/3/2025 0:30:13,1.17.2,PRexp,10,3.78,nan,118,Left,Left,7216,323,421,31,nan,nan,0.31
11/3/2025 0:30:16,1.17.2,PRexp,10,3.78,nan,118,Left,Left,7217,323,421,31,nan,nan,0.02
11/3/2025 0:30:21,1.17.2,PRexp,10,3.78,nan,118,Left,Left,7218,323,421,31,nan,nan,1.39
11/3/2025 0:43:28,1.17.2,PRexp,10,3.78,nan,118,Left,Left,7219,323,421,31,nan,nan,0.18
11/3/2025 0:43:44,1.17.2,PRexp,10,3.78,nan,118,Left,Left,7220,323,421,31,nan,nan,1.50
11/3/2025 0:43:47,1.17.2,PRexp,10,3.78,nan,118,Left,Left,7221,323,421,31,nan,nan,0.50
11/3/2025 0:43:51,1.17.2,PRexp,10,3.78,nan,118,Left,Left,7222,323,421,31,nan,nan,1.20
11/3/2025 0:43:56,1.17.2,PRexp,10,3.78,nan,118,Left,Left,7223,323,421,31,nan,nan,0.41
11/3/2025 0:44:02,1.17.2,PRexp,10,3.77,nan,118,Left,Left,7224,323,421,31,nan,nan,0.00
11/3/2025 0:44:14,1.17.2,PRexp,10,3.78,nan,118,Left,Left,7225,323,421,31,nan,nan,0.85
11/3/2025 0:44:18,1.17.2,PRexp,10,3.78,nan,118,Left,Left,7226,323,421,31,nan,nan,0.12
11/3/2025 0:44:21,1.17.2,PRexp,10,3.78,nan,118,Left,Left,7227,323,421,31,nan,nan,1.31
11/3/2025 0:44:25,1.17.2,PRexp,10,3.78,nan,118,Left,Left,7228,323,421,31,nan,nan,0.10
11/3/2025 0:44:40,1.17.2,PRexp,10,3.78,nan,118,Left,Left,7229,323,421,31,nan,nan,0.02
11/3/2025 0:44:42,1.17.2,PRexp,10,3.78,nan,118,Left,Left,7230,323,421,31,nan,nan,0.35
11/3/2025 0:44:47,1.17.2,PRexp,10,3.78,nan,118,Left,Left,7231,323,421,31,nan,nan,1.23
11/3/2025 0:44:51,1.17.2,PRexp,10,3.78,nan,118,Left,Left,7232,323,421,31,nan,nan,1.70
11/3/2025 0:44:54,1.17.2,PRexp,10,3.78,nan,118,Left,Left,7233,323,421,31,nan,nan,1.74
11/3/2025 0:44:55,1.17.2,PRexp,10,3.78,nan,118,Left,Left,7234,323,421,31,nan,nan,0.35
11/3/2025 0:44:55,1.17.2,PRexp,10,3.78,nan,118,LeftDuringDispense,Left,7235,323,421,32,nan,nan,0.03
11/3/2025 0:45:08,1.17.2,PRexp,10,3.78,7,118,Pellet,Left,7235,323,422,32,0.33,2665,nan
11/3/2025 0:47:17,1.17.2,PRexp,10,3.78,nan,131,Left,Left,7236,323,422,32,nan,nan,0.08
11/3/2025 0:47:28,1.17.2,PRexp,10,3.77,nan,131,Left,Left,7237,323,422,32,nan,nan,0.42
11/3/2025 0:47:32,1.17.2,PRexp,10,3.78,nan,131,Left,Left,7238,323,422,32,nan,nan,0.32
11/3/2025 0:47:38,1.17.2,PRexp,10,3.78,nan,131,Left,Left,7239,323,422,32,nan,nan,0.70
11/3/2025 0:47:45,1.17.2,PRexp,10,3.78,nan,131,Left,Left,7240,323,422,32,nan,nan,0.34
11/3/2025 0:48:02,1.17.2,PRexp,10,3.78,nan,131,Left,Left,7241,323,422,32,nan,nan,0.04
11/3/2025 0:48:30,1.17.2,PRexp,10,3.78,nan,131,Left,Left,7242,323,422,32,nan,nan,0.20
11/3/2025 0:48:35,1.17.2,PRexp,10,3.78,nan,131,Left,Left,7243,323,422,32,nan,nan,1.09
11/3/2025 0:48:37,1.17.2,PRexp,10,3.78,nan,131,Left,Left,7244,323,422,32,nan,nan,0.09
11/3/2025 0:48:41,1.17.2,PRexp,10,3.78,nan,131,Left,Left,7245,323,422,32,nan,nan,0.42
11/3/2025 0:48:42,1.17.2,PRexp,10,3.78,nan,131,Left,Left,7246,323,422,32,nan,nan,0.19
11/3/2025 0:48:45,1.17.2,PRexp,10,3.78,nan,131,Left,Left,7247,323,422,32,nan,nan,0.12
11/3/2025 0:48:48,1.17.2,PRexp,10,3.78,nan,131,Left,Left,7248,323,422,32,nan,nan,0.24
11/3/2025 0:48:52,1.17.2,PRexp,10,3.77,nan,131,Left,Left,7249,323,422,32,nan,nan,0.23
11/3/2025 0:48:53,1.17.2,PRexp,10,3.78,nan,131,Left,Left,7250,323,422,32,nan,nan,0.01
11/3/2025 0:48:55,1.17.2,PRexp,10,3.78,nan,131,Left,Left,7251,323,422,32,nan,nan,0.04
11/3/2025 0:48:56,1.17.2,PRexp,10,3.78,nan,131,Left,Left,7252,323,422,32,nan,nan,0.05
11/3/2025 0:48:57,1.17.2,PRexp,10,3.78,nan,131,Left,Left,7253,323,422,32,nan,nan,0.13
11/3/2025 0:50:20,1.17.2,PRexp,10,3.78,nan,131,Left,Left,7254,323,422,32,nan,nan,0.16
11/3/2025 0:50:23,1.17.2,PRexp,10,3.78,nan,131,Left,Left,7255,323,422,32,nan,nan,0.60
11/3/2025 0:50:31,1.17.2,PRexp,10,3.78,nan,131,Left,Left,7256,323,422,32,nan,nan,0.05
11/3/2025 0:50:33,1.17.2,PRexp,10,3.78,nan,131,Left,Left,7257,323,422,32,nan,nan,1.02
11/3/2025 0:50:34,1.17.2,PRexp,10,3.78,nan,131,Left,Left,7258,323,422,32,nan,nan,0.05
11/3/2025 0:50:36,1.17.2,PRexp,10,3.78,nan,131,Left,Left,7259,323,422,32,nan,nan,0.02
11/3/2025 0:50:37,1.17.2,PRexp,10,3.78,nan,131,Left,Left,7260,323,422,32,nan,nan,0.04
11/3/2025 0:50:38,1.17.2,PRexp,10,3.78,nan,131,Left,Left,7261,323,422,32,nan,nan,0.02
11/3/2025 0:50:40,1.17.2,PRexp,10,3.78,nan,131,Left,Left,7262,323,422,32,nan,nan,0.00
11/3/2025 0:50:45,1.17.2,PRexp,10,3.77,nan,131,Left,Left,7263,323,422,32,nan,nan,0.39
11/3/2025 0:50:46,1.17.2,PRexp,10,3.78,nan,131,Left,Left,7264,323,422,32,nan,nan,0.00
11/3/2025 0:50:47,1.17.2,PRexp,10,3.78,nan,131,Left,Left,7265,323,422,32,nan,nan,0.16
11/3/2025 0:50:49,1.17.2,PRexp,10,3.78,nan,131,Left,Left,7266,323,422,32,nan,nan,0.58
11/3/2025 0:50:51,1.17.2,PRexp,10,3.78,nan,131,Left,Left,7267,323,422,32,nan,nan,0.38
11/3/2025 0:51:47,1.17.2,PRexp,10,3.78,nan,131,Left,Left,7268,323,422,32,nan,nan,0.11
11/3/2025 0:51:48,1.17.2,PRexp,10,3.78,nan,131,Left,Left,7269,323,422,32,nan,nan,0.02
11/3/2025 0:52:10,1.17.2,PRexp,10,3.78,nan,131,Left,Left,7270,323,422,32,nan,nan,0.09
11/3/2025 0:52:11,1.17.2,PRexp,10,3.78,nan,131,Left,Left,7271,323,422,32,nan,nan,0.02
11/3/2025 0:52:18,1.17.2,PRexp,10,3.78,nan,131,Left,Left,7272,323,422,32,nan,nan,0.21
11/3/2025 0:52:21,1.17.2,PRexp,10,3.78,nan,131,Left,Left,7273,323,422,32,nan,nan,0.21
11/3/2025 0:52:27,1.17.2,PRexp,10,3.78,nan,131,Left,Left,7274,323,422,32,nan,nan,0.02
11/3/2025 0:52:34,1.17.2,PRexp,10,3.78,nan,131,Left,Left,7275,323,422,32,nan,nan,1.20
11/3/2025 0:52:44,1.17.2,PRexp,10,3.78,nan,131,Left,Left,7276,323,422,32,nan,nan,0.20
11/3/2025 0:52:49,1.17.2,PRexp,10,3.78,nan,131,Left,Left,7277,323,422,32,nan,nan,0.66
11/3/2025 0:52:50,1.17.2,PRexp,10,3.78,nan,131,Left,Left,7278,323,422,32,nan,nan,0.17
11/3/2025 0:55:32,1.17.2,PRexp,10,3.78,nan,131,Left,Left,7279,323,422,32,nan,nan,0.05
11/3/2025 0:55:33,1.17.2,PRexp,10,3.78,nan,131,Left,Left,7280,323,422,32,nan,nan,0.04
11/3/2025 0:55:36,1.17.2,PRexp,10,3.78,nan,131,Left,Left,7281,323,422,32,nan,nan,0.09
11/3/2025 0:55:40,1.17.2,PRexp,10,3.78,nan,131,Left,Left,7282,323,422,32,nan,nan,0.04
11/3/2025 0:55:43,1.17.2,PRexp,10,3.78,nan,131,Left,Left,7283,323,422,32,nan,nan,0.16
11/3/2025 0:55:47,1.17.2,PRexp,10,3.78,nan,131,Left,Left,7284,323,422,32,nan,nan,0.04
11/3/2025 0:55:50,1.17.2,PRexp,10,3.78,nan,131,Left,Left,7285,323,422,32,nan,nan,0.31
11/3/2025 0:55:54,1.17.2,PRexp,10,3.77,nan,131,Left,Left,7286,323,422,32,nan,nan,0.24
11/3/2025 0:55:58,1.17.2,PRexp,10,3.78,nan,131,Left,Left,7287,323,422,32,nan,nan,0.21
11/3/2025 0:56:01,1.17.2,PRexp,10,3.78,nan,131,Left,Left,7288,323,422,32,nan,nan,0.03
11/3/2025 0:56:05,1.17.2,PRexp,10,3.78,nan,131,Left,Left,7289,323,422,32,nan,nan,1.16
11/3/2025 0:56:10,1.17.2,PRexp,10,3.78,nan,131,Left,Left,7290,323,422,32,nan,nan,0.16
11/3/2025 0:56:14,1.17.2,PRexp,10,3.77,nan,131,Left,Left,7291,323,422,32,nan,nan,0.22
11/3/2025 0:57:08,1.17.2,PRexp,10,3.78,nan,131,Left,Left,7292,323,422,32,nan,nan,0.14
11/3/2025 0:57:09,1.17.2,PRexp,10,3.78,nan,131,Left,Left,7293,323,422,32,nan,nan,0.01
11/3/2025 0:57:13,1.17.2,PRexp,10,3.78,nan,131,Left,Left,7294,323,422,32,nan,nan,0.03
11/3/2025 0:57:17,1.17.2,PRexp,10,3.78,nan,131,Left,Left,7295,323,422,32,nan,nan,0.17
11/3/2025 0:57:18,1.17.2,PRexp,10,3.78,nan,131,Left,Left,7296,323,422,32,nan,nan,0.02
11/3/2025 0:57:20,1.17.2,PRexp,10,3.78,nan,131,Left,Left,7297,323,422,32,nan,nan,0.04
11/3/2025 0:57:40,1.17.2,PRexp,10,3.78,nan,131,Left,Left,7298,323,422,32,nan,nan,0.07
11/3/2025 0:57:42,1.17.2,PRexp,10,3.78,nan,131,Left,Left,7299,323,422,32,nan,nan,0.16
11/3/2025 0:57:45,1.17.2,PRexp,10,3.78,nan,131,Left,Left,7300,323,422,32,nan,nan,1.36
11/3/2025 0:58:20,1.17.2,PRexp,10,3.78,nan,131,Left,Left,7301,323,422,32,nan,nan,0.02
11/3/2025 0:58:52,1.17.2,PRexp,10,3.78,nan,131,Left,Left,7302,323,422,32,nan,nan,0.19
11/3/2025 0:58:53,1.17.2,PRexp,10,3.78,nan,131,Left,Left,7303,323,422,32,nan,nan,0.20
11/3/2025 0:58:55,1.17.2,PRexp,10,3.78,nan,131,Left,Left,7304,323,422,32,nan,nan,0.19
11/3/2025 0:59:06,1.17.2,PRexp,10,3.78,nan,131,Left,Left,7305,323,422,32,nan,nan,0.75
11/3/2025 0:59:07,1.17.2,PRexp,10,3.78,nan,131,Left,Left,7306,323,422,32,nan,nan,0.12
11/3/2025 0:59:08,1.17.2,PRexp,10,3.78,nan,131,Left,Left,7307,323,422,32,nan,nan,0.05
11/3/2025 0:59:19,1.17.2,PRexp,10,3.78,nan,131,Left,Left,7308,323,422,32,nan,nan,0.12
11/3/2025 0:59:25,1.17.2,PRexp,10,3.78,nan,131,Left,Left,7309,323,422,32,nan,nan,0.00
11/3/2025 0:59:40,1.17.2,PRexp,10,3.78,nan,131,Left,Left,7310,323,422,32,nan,nan,0.37
11/3/2025 1:01:22,1.17.2,PRexp,10,3.78,nan,131,Left,Left,7311,323,422,32,nan,nan,0.18
11/3/2025 1:01:25,1.17.2,PRexp,10,3.78,nan,131,Left,Left,7312,323,422,32,nan,nan,0.21
11/3/2025 1:01:29,1.17.2,PRexp,10,3.78,nan,131,Left,Left,7313,323,422,32,nan,nan,0.33
11/3/2025 1:01:36,1.17.2,PRexp,10,3.78,nan,131,Left,Left,7314,323,422,32,nan,nan,0.04
11/3/2025 1:01:42,1.17.2,PRexp,10,3.77,nan,131,Left,Left,7315,323,422,32,nan,nan,0.03
11/3/2025 1:01:44,1.17.2,PRexp,10,3.78,nan,131,Left,Left,7316,323,422,32,nan,nan,0.02
11/3/2025 1:01:45,1.17.2,PRexp,10,3.78,nan,131,Left,Left,7317,323,422,32,nan,nan,0.65
11/3/2025 1:01:48,1.17.2,PRexp,10,3.78,nan,131,Left,Left,7318,323,422,32,nan,nan,0.02
11/3/2025 1:01:50,1.17.2,PRexp,10,3.78,nan,131,Left,Left,7319,323,422,32,nan,nan,0.05
11/3/2025 1:02:02,1.17.2,PRexp,10,3.78,nan,131,Left,Left,7320,323,422,32,nan,nan,0.96
11/3/2025 1:02:09,1.17.2,PRexp,10,3.78,nan,131,Left,Left,7321,323,422,32,nan,nan,0.23
11/3/2025 1:02:11,1.17.2,PRexp,10,3.78,nan,131,Left,Left,7322,323,422,32,nan,nan,0.17
11/3/2025 1:02:29,1.17.2,PRexp,10,3.78,nan,131,Left,Left,7323,323,422,32,nan,nan,0.09
11/3/2025 1:03:31,1.17.2,PRexp,10,3.78,nan,131,Left,Left,7324,323,422,32,nan,nan,0.33
11/3/2025 1:03:33,1.17.2,PRexp,10,3.78,nan,131,Left,Left,7325,323,422,32,nan,nan,0.03
11/3/2025 1:03:41,1.17.2,PRexp,10,3.78,nan,131,Left,Left,7326,323,422,32,nan,nan,0.14
11/3/2025 1:03:58,1.17.2,PRexp,10,3.78,nan,131,Left,Left,7327,323,422,32,nan,nan,0.27
11/3/2025 1:04:00,1.17.2,PRexp,10,3.78,nan,131,Left,Left,7328,323,422,32,nan,nan,0.17
11/3/2025 1:04:52,1.17.2,PRexp,10,3.78,nan,131,Left,Left,7329,323,422,32,nan,nan,0.17
11/3/2025 1:05:23,1.17.2,PRexp,10,3.78,nan,131,Left,Left,7330,323,422,32,nan,nan,1.42
11/3/2025 1:05:24,1.17.2,PRexp,10,3.78,nan,131,Left,Left,7331,323,422,32,nan,nan,0.92
11/3/2025 1:05:30,1.17.2,PRexp,10,3.78,nan,131,Left,Left,7332,323,422,32,nan,nan,0.82
11/3/2025 1:05:36,1.17.2,PRexp,10,3.78,nan,131,Left,Left,7333,323,422,32,nan,nan,0.13
11/3/2025 1:05:41,1.17.2,PRexp,10,3.78,nan,131,Left,Left,7334,323,422,32,nan,nan,0.33
11/3/2025 1:05:44,1.17.2,PRexp,10,3.78,nan,131,Left,Left,7335,323,422,32,nan,nan,0.22
11/3/2025 1:05:45,1.17.2,PRexp,10,3.78,nan,131,Left,Left,7336,323,422,32,nan,nan,0.10
11/3/2025 1:05:47,1.17.2,PRexp,10,3.78,nan,131,Left,Left,7337,323,422,32,nan,nan,0.01
11/3/2025 1:05:48,1.17.2,PRexp,10,3.78,nan,131,Left,Left,7338,323,422,32,nan,nan,0.33
11/3/2025 1:05:51,1.17.2,PRexp,10,3.78,nan,131,Left,Left,7339,323,422,32,nan,nan,0.18
11/3/2025 1:05:54,1.17.2,PRexp,10,3.78,nan,131,Left,Left,7340,323,422,32,nan,nan,0.14
11/3/2025 1:05:55,1.17.2,PRexp,10,3.78,nan,131,Left,Left,7341,323,422,32,nan,nan,0.02
11/3/2025 1:08:08,1.17.2,PRexp,10,3.78,nan,131,Left,Left,7342,323,422,32,nan,nan,0.17
11/3/2025 1:08:14,1.17.2,PRexp,10,3.78,nan,131,Left,Left,7343,323,422,32,nan,nan,0.00
11/3/2025 1:08:17,1.17.2,PRexp,10,3.78,nan,131,Left,Left,7344,323,422,32,nan,nan,0.13
11/3/2025 1:08:23,1.17.2,PRexp,10,3.78,nan,131,Left,Left,7345,323,422,32,nan,nan,0.16
11/3/2025 1:08:29,1.17.2,PRexp,10,3.78,nan,131,Left,Left,7346,323,422,32,nan,nan,0.09
11/3/2025 1:08:34,1.17.2,PRexp,10,3.78,nan,131,Left,Left,7347,323,422,32,nan,nan,0.98
11/3/2025 1:08:37,1.17.2,PRexp,10,3.78,nan,131,Left,Left,7348,323,422,32,nan,nan,0.06
11/3/2025 1:11:45,1.17.2,PRexp,10,3.78,nan,131,Left,Left,7349,323,422,32,nan,nan,0.06
11/3/2025 1:11:47,1.17.2,PRexp,10,3.77,nan,131,Left,Left,7350,323,422,32,nan,nan,0.02
11/3/2025 1:11:49,1.17.2,PRexp,10,3.77,nan,131,Left,Left,7351,323,422,32,nan,nan,0.04
11/3/2025 1:11:56,1.17.2,PRexp,10,3.78,nan,131,Left,Left,7352,323,422,32,nan,nan,0.93
11/3/2025 1:12:04,1.17.2,PRexp,10,3.78,nan,131,Right,Left,7352,324,422,32,nan,nan,0.39
11/3/2025 1:12:27,1.17.2,PRexp,10,3.78,nan,131,Left,Left,7353,324,422,32,nan,nan,0.05
11/3/2025 1:12:29,1.17.2,PRexp,10,3.78,nan,131,Left,Left,7354,324,422,32,nan,nan,0.05
11/3/2025 1:12:32,1.17.2,PRexp,10,3.78,nan,131,Left,Left,7355,324,422,32,nan,nan,0.52
11/3/2025 1:12:55,1.17.2,PRexp,10,3.78,nan,131,Left,Left,7356,324,422,32,nan,nan,0.09
11/3/2025 1:12:57,1.17.2,PRexp,10,3.78,nan,131,Left,Left,7357,324,422,32,nan,nan,0.09
11/3/2025 1:13:00,1.17.2,PRexp,10,3.78,nan,131,Left,Left,7358,324,422,32,nan,nan,0.02
11/3/2025 1:15:24,1.17.2,PRexp,10,3.77,nan,131,Left,Left,7359,324,422,32,nan,nan,0.16
11/3/2025 1:15:25,1.17.2,PRexp,10,3.78,nan,131,Left,Left,7360,324,422,32,nan,nan,0.29
11/3/2025 1:15:26,1.17.2,PRexp,10,3.78,nan,131,Left,Left,7361,324,422,32,nan,nan,0.04
11/3/2025 1:15:28,1.17.2,PRexp,10,3.78,nan,131,Left,Left,7362,324,422,32,nan,nan,0.15
11/3/2025 1:15:31,1.17.2,PRexp,10,3.77,nan,131,Left,Left,7363,324,422,32,nan,nan,0.03
11/3/2025 1:15:33,1.17.2,PRexp,10,3.78,nan,131,Left,Left,7364,324,422,32,nan,nan,0.46
11/3/2025 1:15:34,1.17.2,PRexp,10,3.77,nan,131,Left,Left,7365,324,422,32,nan,nan,0.04
11/3/2025 1:15:40,1.17.2,PRexp,10,3.78,nan,131,Left,Left,7366,324,422,32,nan,nan,0.28
11/3/2025 1:15:40,1.17.2,PRexp,10,3.78,nan,131,LeftDuringDispense,Left,7367,324,422,33,nan,nan,0.04
11/3/2025 1:16:26,1.17.2,PRexp,10,3.78,16,131,Pellet,Left,7367,324,423,33,3.07,1878,nan
11/3/2025 1:22:12,1.17.2,PRexp,10,3.78,nan,145,Left,Left,7368,324,423,33,nan,nan,1.12
11/3/2025 1:22:16,1.17.2,PRexp,10,3.78,nan,145,Left,Left,7369,324,423,33,nan,nan,0.04
11/3/2025 1:22:17,1.17.2,PRexp,10,3.78,nan,145,Left,Left,7370,324,423,33,nan,nan,0.04
11/3/2025 1:22:21,1.17.2,PRexp,10,3.78,nan,145,Left,Left,7371,324,423,33,nan,nan,0.06
11/3/2025 1:22:24,1.17.2,PRexp,10,3.78,nan,145,Left,Left,7372,324,423,33,nan,nan,1.22
11/3/2025 1:22:28,1.17.2,PRexp,10,3.78,nan,145,Left,Left,7373,324,423,33,nan,nan,0.90
11/3/2025 1:22:32,1.17.2,PRexp,10,3.78,nan,145,Left,Left,7374,324,423,33,nan,nan,1.69
11/3/2025 1:22:34,1.17.2,PRexp,10,3.78,nan,145,Left,Left,7375,324,423,33,nan,nan,0.01
11/3/2025 1:22:36,1.17.2,PRexp,10,3.78,nan,145,Left,Left,7376,324,423,33,nan,nan,0.25
11/3/2025 1:22:40,1.17.2,PRexp,10,3.77,nan,145,Left,Left,7377,324,423,33,nan,nan,0.59
11/3/2025 1:24:23,1.17.2,PRexp,10,3.78,nan,145,Left,Left,7378,324,423,33,nan,nan,0.07
11/3/2025 1:25:56,1.17.2,PRexp,10,3.78,nan,145,Left,Left,7379,324,423,33,nan,nan,0.07
11/3/2025 1:27:08,1.17.2,PRexp,10,3.78,nan,145,Right,Left,7379,325,423,33,nan,nan,0.00
11/3/2025 1:27:10,1.17.2,PRexp,10,3.78,nan,145,Right,Left,7379,326,423,33,nan,nan,1.11
11/3/2025 1:27:16,1.17.2,PRexp,10,3.78,nan,145,Right,Left,7379,327,423,33,nan,nan,0.00
11/3/2025 1:27:20,1.17.2,PRexp,10,3.78,nan,145,Left,Left,7380,327,423,33,nan,nan,0.08
11/3/2025 1:27:21,1.17.2,PRexp,10,3.78,nan,145,Left,Left,7381,327,423,33,nan,nan,0.11
11/3/2025 1:27:27,1.17.2,PRexp,10,3.78,nan,145,Left,Left,7382,327,423,33,nan,nan,0.03
11/3/2025 1:27:29,1.17.2,PRexp,10,3.78,nan,145,Left,Left,7383,327,423,33,nan,nan,0.65
11/3/2025 1:27:31,1.17.2,PRexp,10,3.78,nan,145,Left,Left,7384,327,423,33,nan,nan,0.39
11/3/2025 1:27:35,1.17.2,PRexp,10,3.77,nan,145,Left,Left,7385,327,423,33,nan,nan,0.06
11/3/2025 1:27:37,1.17.2,PRexp,10,3.78,nan,145,Left,Left,7386,327,423,33,nan,nan,0.13
11/3/2025 1:27:42,1.17.2,PRexp,10,3.78,nan,145,Left,Left,7387,327,423,33,nan,nan,0.17
11/3/2025 1:27:43,1.17.2,PRexp,10,3.78,nan,145,Left,Left,7388,327,423,33,nan,nan,0.13
11/3/2025 1:27:45,1.17.2,PRexp,10,3.78,nan,145,Left,Left,7389,327,423,33,nan,nan,0.45
11/3/2025 1:27:45,1.17.2,PRexp,10,3.78,nan,145,Left,Left,7390,327,423,33,nan,nan,0.03
11/3/2025 1:27:48,1.17.2,PRexp,10,3.77,nan,145,Left,Left,7391,327,423,33,nan,nan,0.21
11/3/2025 1:27:51,1.17.2,PRexp,10,3.77,nan,145,Left,Left,7392,327,423,33,nan,nan,0.13
11/3/2025 1:27:53,1.17.2,PRexp,10,3.78,nan,145,Left,Left,7393,327,423,33,nan,nan,0.24
11/3/2025 1:27:55,1.17.2,PRexp,10,3.78,nan,145,Left,Left,7394,327,423,33,nan,nan,0.80
11/3/2025 1:27:56,1.17.2,PRexp,10,3.78,nan,145,Left,Left,7395,327,423,33,nan,nan,0.12
11/3/2025 1:28:02,1.17.2,PRexp,10,3.77,nan,145,Left,Left,7396,327,423,33,nan,nan,0.06
11/3/2025 1:28:04,1.17.2,PRexp,10,3.78,nan,145,Left,Left,7397,327,423,33,nan,nan,0.11
11/3/2025 1:28:17,1.17.2,PRexp,10,3.78,nan,145,Right,Left,7397,328,423,33,nan,nan,0.12
11/3/2025 1:28:18,1.17.2,PRexp,10,3.78,nan,145,Right,Left,7397,329,423,33,nan,nan,0.44
11/3/2025 1:28:18,1.17.2,PRexp,10,3.78,nan,145,Right,Left,7397,330,423,33,nan,nan,0.00
11/3/2025 1:28:19,1.17.2,PRexp,10,3.77,nan,145,Right,Left,7397,331,423,33,nan,nan,0.00
11/3/2025 1:28:26,1.17.2,PRexp,10,3.77,nan,145,Left,Left,7398,331,423,33,nan,nan,0.04
11/3/2025 1:33:31,1.17.2,PRexp,10,3.78,nan,145,Left,Left,7399,331,423,33,nan,nan,0.05
11/3/2025 1:33:39,1.17.2,PRexp,10,3.78,nan,145,Left,Left,7400,331,423,33,nan,nan,0.02
11/3/2025 1:34:07,1.17.2,PRexp,10,3.77,nan,145,Left,Left,7401,331,423,33,nan,nan,0.17
11/3/2025 1:34:09,1.17.2,PRexp,10,3.78,nan,145,Left,Left,7402,331,423,33,nan,nan,1.00
11/3/2025 1:34:12,1.17.2,PRexp,10,3.78,nan,145,Left,Left,7403,331,423,33,nan,nan,0.05
11/3/2025 1:34:14,1.17.2,PRexp,10,3.78,nan,145,Left,Left,7404,331,423,33,nan,nan,0.35
11/3/2025 1:34:22,1.17.2,PRexp,10,3.78,nan,145,Left,Left,7405,331,423,33,nan,nan,0.23
11/3/2025 1:36:06,1.17.2,PRexp,10,3.77,nan,145,Left,Left,7406,331,423,33,nan,nan,0.02
11/3/2025 1:36:07,1.17.2,PRexp,10,3.78,nan,145,Left,Left,7407,331,423,33,nan,nan,0.12
11/3/2025 1:36:09,1.17.2,PRexp,10,3.78,nan,145,Left,Left,7408,331,423,33,nan,nan,0.24
11/3/2025 1:36:11,1.17.2,PRexp,10,3.78,nan,145,Left,Left,7409,331,423,33,nan,nan,0.17
11/3/2025 1:36:13,1.17.2,PRexp,10,3.78,nan,145,Left,Left,7410,331,423,33,nan,nan,0.12
11/3/2025 1:36:16,1.17.2,PRexp,10,3.78,nan,145,Left,Left,7411,331,423,33,nan,nan,0.20
11/3/2025 1:36:17,1.17.2,PRexp,10,3.78,nan,145,Left,Left,7412,331,423,33,nan,nan,0.14
11/3/2025 1:36:19,1.17.2,PRexp,10,3.77,nan,145,Left,Left,7413,331,423,33,nan,nan,0.22
11/3/2025 1:37:32,1.17.2,PRexp,10,3.78,nan,145,Left,Left,7414,331,423,33,nan,nan,0.07
11/3/2025 1:37:33,1.17.2,PRexp,10,3.78,nan,145,Left,Left,7415,331,423,33,nan,nan,0.12
11/3/2025 1:37:35,1.17.2,PRexp,10,3.78,nan,145,Left,Left,7416,331,423,33,nan,nan,0.12
11/3/2025 1:39:36,1.17.2,PRexp,10,3.78,nan,145,Left,Left,7417,331,423,33,nan,nan,0.04
11/3/2025 1:39:38,1.17.2,PRexp,10,3.78,nan,145,Left,Left,7418,331,423,33,nan,nan,0.06
11/3/2025 1:39:39,1.17.2,PRexp,10,3.78,nan,145,Left,Left,7419,331,423,33,nan,nan,0.01
11/3/2025 1:39:43,1.17.2,PRexp,10,3.78,nan,145,Left,Left,7420,331,423,33,nan,nan,0.02
11/3/2025 1:42:38,1.17.2,PRexp,10,3.78,nan,145,Left,Left,7421,331,423,33,nan,nan,0.17
11/3/2025 1:42:41,1.17.2,PRexp,10,3.78,nan,145,Left,Left,7422,331,423,33,nan,nan,0.03
11/3/2025 1:42:42,1.17.2,PRexp,10,3.77,nan,145,Left,Left,7423,331,423,33,nan,nan,0.16
11/3/2025 1:42:45,1.17.2,PRexp,10,3.77,nan,145,Left,Left,7424,331,423,33,nan,nan,0.03
11/3/2025 1:42:46,1.17.2,PRexp,10,3.78,nan,145,Left,Left,7425,331,423,33,nan,nan,0.00
11/3/2025 1:42:48,1.17.2,PRexp,10,3.78,nan,145,Left,Left,7426,331,423,33,nan,nan,0.22
11/3/2025 1:42:49,1.17.2,PRexp,10,3.78,nan,145,Left,Left,7427,331,423,33,nan,nan,0.53
11/3/2025 1:42:52,1.17.2,PRexp,10,3.78,nan,145,Left,Left,7428,331,423,33,nan,nan,0.06
11/3/2025 1:42:55,1.17.2,PRexp,10,3.78,nan,145,Left,Left,7429,331,423,33,nan,nan,0.02
11/3/2025 1:43:01,1.17.2,PRexp,10,3.78,nan,145,Left,Left,7430,331,423,33,nan,nan,0.00
11/3/2025 1:43:13,1.17.2,PRexp,10,3.78,nan,145,Left,Left,7431,331,423,33,nan,nan,0.00
11/3/2025 1:43:25,1.17.2,PRexp,10,3.78,nan,145,Left,Left,7432,331,423,33,nan,nan,0.02
11/3/2025 1:43:26,1.17.2,PRexp,10,3.78,nan,145,Left,Left,7433,331,423,33,nan,nan,0.14
11/3/2025 1:44:39,1.17.2,PRexp,10,3.78,nan,145,Left,Left,7434,331,423,33,nan,nan,0.06
11/3/2025 1:44:41,1.17.2,PRexp,10,3.78,nan,145,Left,Left,7435,331,423,33,nan,nan,0.05
11/3/2025 1:44:43,1.17.2,PRexp,10,3.78,nan,145,Left,Left,7436,331,423,33,nan,nan,0.03
11/3/2025 1:44:44,1.17.2,PRexp,10,3.77,nan,145,Left,Left,7437,331,423,33,nan,nan,0.00
11/3/2025 1:44:47,1.17.2,PRexp,10,3.78,nan,145,Left,Left,7438,331,423,33,nan,nan,0.68
11/3/2025 1:44:50,1.17.2,PRexp,10,3.77,nan,145,Left,Left,7439,331,423,33,nan,nan,0.16
11/3/2025 1:44:50,1.17.2,PRexp,10,3.78,nan,145,Left,Left,7440,331,423,33,nan,nan,0.05
11/3/2025 1:44:53,1.17.2,PRexp,10,3.78,nan,145,Left,Left,7441,331,423,33,nan,nan,0.62
11/3/2025 1:44:57,1.17.2,PRexp,10,3.78,nan,145,Left,Left,7442,331,423,33,nan,nan,0.29
11/3/2025 1:44:59,1.17.2,PRexp,10,3.78,nan,145,Left,Left,7443,331,423,33,nan,nan,0.14
11/3/2025 1:45:03,1.17.2,PRexp,10,3.78,nan,145,Left,Left,7444,331,423,33,nan,nan,0.23
11/3/2025 1:45:19,1.17.2,PRexp,10,3.78,nan,145,Right,Left,7444,332,423,33,nan,nan,0.21
11/3/2025 1:46:01,1.17.2,PRexp,10,3.78,nan,145,Left,Left,7445,332,423,33,nan,nan,0.04
11/3/2025 1:46:05,1.17.2,PRexp,10,3.78,nan,145,Left,Left,7446,332,423,33,nan,nan,0.04
11/3/2025 1:46:06,1.17.2,PRexp,10,3.78,nan,145,Left,Left,7447,332,423,33,nan,nan,0.20
11/3/2025 1:46:07,1.17.2,PRexp,10,3.78,nan,145,Left,Left,7448,332,423,33,nan,nan,0.16
11/3/2025 1:46:17,1.17.2,PRexp,10,3.78,nan,145,Left,Left,7449,332,423,33,nan,nan,0.13
11/3/2025 1:52:32,1.17.2,PRexp,10,3.78,nan,145,Left,Left,7450,332,423,33,nan,nan,0.23
11/3/2025 1:52:34,1.17.2,PRexp,10,3.78,nan,145,Left,Left,7451,332,423,33,nan,nan,1.52
11/3/2025 1:52:37,1.17.2,PRexp,10,3.78,nan,145,Left,Left,7452,332,423,33,nan,nan,0.10
11/3/2025 1:52:40,1.17.2,PRexp,10,3.78,nan,145,Left,Left,7453,332,423,33,nan,nan,0.02
11/3/2025 1:52:42,1.17.2,PRexp,10,3.78,nan,145,Left,Left,7454,332,423,33,nan,nan,0.28
11/3/2025 1:52:43,1.17.2,PRexp,10,3.78,nan,145,Left,Left,7455,332,423,33,nan,nan,0.01
11/3/2025 1:52:45,1.17.2,PRexp,10,3.78,nan,145,Left,Left,7456,332,423,33,nan,nan,0.02
11/3/2025 1:52:48,1.17.2,PRexp,10,3.78,nan,145,Left,Left,7457,332,423,33,nan,nan,0.52
11/3/2025 1:52:50,1.17.2,PRexp,10,3.78,nan,145,Left,Left,7458,332,423,33,nan,nan,0.85
11/3/2025 1:52:54,1.17.2,PRexp,10,3.78,nan,145,Left,Left,7459,332,423,33,nan,nan,1.05
11/3/2025 1:52:56,1.17.2,PRexp,10,3.77,nan,145,Left,Left,7460,332,423,33,nan,nan,0.27
11/3/2025 1:52:56,1.17.2,PRexp,10,3.78,nan,145,Left,Left,7461,332,423,33,nan,nan,0.02
11/3/2025 1:52:57,1.17.2,PRexp,10,3.77,nan,145,Left,Left,7462,332,423,33,nan,nan,0.08
11/3/2025 1:52:58,1.17.2,PRexp,10,3.78,nan,145,Left,Left,7463,332,423,33,nan,nan,0.05
11/3/2025 1:54:58,1.17.2,PRexp,10,3.78,nan,145,Left,Left,7464,332,423,33,nan,nan,0.00
11/3/2025 1:54:59,1.17.2,PRexp,10,3.78,nan,145,Left,Left,7465,332,423,33,nan,nan,0.00
11/3/2025 1:55:00,1.17.2,PRexp,10,3.78,nan,145,Left,Left,7466,332,423,33,nan,nan,0.06
11/3/2025 1:55:05,1.17.2,PRexp,10,3.78,nan,145,Left,Left,7467,332,423,33,nan,nan,0.01
11/3/2025 1:55:07,1.17.2,PRexp,10,3.78,nan,145,Left,Left,7468,332,423,33,nan,nan,0.01
11/3/2025 1:55:10,1.17.2,PRexp,10,3.78,nan,145,Left,Left,7469,332,423,33,nan,nan,0.84
11/3/2025 1:55:12,1.17.2,PRexp,10,3.77,nan,145,Left,Left,7470,332,423,33,nan,nan,0.02
11/3/2025 1:55:14,1.17.2,PRexp,10,3.78,nan,145,Left,Left,7471,332,423,33,nan,nan,0.33
11/3/2025 1:55:15,1.17.2,PRexp,10,3.78,nan,145,Left,Left,7472,332,423,33,nan,nan,0.01
11/3/2025 1:55:18,1.17.2,PRexp,10,3.78,nan,145,Left,Left,7473,332,423,33,nan,nan,0.27
11/3/2025 1:55:20,1.17.2,PRexp,10,3.78,nan,145,Left,Left,7474,332,423,33,nan,nan,0.22
11/3/2025 1:55:22,1.17.2,PRexp,10,3.77,nan,145,Left,Left,7475,332,423,33,nan,nan,0.29
11/3/2025 1:55:25,1.17.2,PRexp,10,3.77,nan,145,Left,Left,7476,332,423,33,nan,nan,0.57
11/3/2025 1:55:27,1.17.2,PRexp,10,3.78,nan,145,Left,Left,7477,332,423,33,nan,nan,0.71
11/3/2025 1:55:30,1.17.2,PRexp,10,3.78,nan,145,Left,Left,7478,332,423,33,nan,nan,0.13
11/3/2025 1:55:43,1.17.2,PRexp,10,3.77,nan,145,Left,Left,7479,332,423,33,nan,nan,0.16
11/3/2025 2:14:00,1.17.2,PRexp,10,3.78,nan,145,Left,Left,7480,332,423,33,nan,nan,2.14
11/3/2025 2:14:04,1.17.2,PRexp,10,3.77,nan,145,Left,Left,7481,332,423,33,nan,nan,1.16
11/3/2025 2:14:06,1.17.2,PRexp,10,3.78,nan,145,Left,Left,7482,332,423,33,nan,nan,1.04
11/3/2025 2:14:10,1.17.2,PRexp,10,3.77,nan,145,Left,Left,7483,332,423,33,nan,nan,0.83
11/3/2025 2:14:12,1.17.2,PRexp,10,3.77,nan,145,Left,Left,7484,332,423,33,nan,nan,0.85
11/3/2025 2:14:15,1.17.2,PRexp,10,3.77,nan,145,Left,Left,7485,332,423,33,nan,nan,1.32
11/3/2025 2:14:17,1.17.2,PRexp,10,3.77,nan,145,Left,Left,7486,332,423,33,nan,nan,1.30
11/3/2025 2:14:20,1.17.2,PRexp,10,3.78,nan,145,Left,Left,7487,332,423,33,nan,nan,1.04
11/3/2025 2:14:22,1.17.2,PRexp,10,3.77,nan,145,Left,Left,7488,332,423,33,nan,nan,0.23
11/3/2025 2:14:25,1.17.2,PRexp,10,3.78,nan,145,Left,Left,7489,332,423,33,nan,nan,2.83
11/3/2025 2:14:28,1.17.2,PRexp,10,3.78,nan,145,Left,Left,7490,332,423,33,nan,nan,0.38
11/3/2025 2:14:30,1.17.2,PRexp,10,3.77,nan,145,Left,Left,7491,332,423,33,nan,nan,0.78
11/3/2025 2:14:31,1.17.2,PRexp,10,3.78,nan,145,Left,Left,7492,332,423,33,nan,nan,0.00
11/3/2025 2:14:33,1.17.2,PRexp,10,3.78,nan,145,Left,Left,7493,332,423,33,nan,nan,0.00
11/3/2025 2:14:35,1.17.2,PRexp,10,3.78,nan,145,Left,Left,7494,332,423,33,nan,nan,0.56
11/3/2025 2:14:38,1.17.2,PRexp,10,3.78,nan,145,Left,Left,7495,332,423,33,nan,nan,0.34
11/3/2025 2:14:43,1.17.2,PRexp,10,3.78,nan,145,Left,Left,7496,332,423,33,nan,nan,1.59
11/3/2025 2:14:44,1.17.2,PRexp,10,3.77,nan,145,Left,Left,7497,332,423,33,nan,nan,0.00
11/3/2025 2:14:50,1.17.2,PRexp,10,3.77,nan,145,Left,Left,7498,332,423,33,nan,nan,0.68
11/3/2025 2:14:53,1.17.2,PRexp,10,3.78,nan,145,Left,Left,7499,332,423,33,nan,nan,1.31
11/3/2025 2:15:00,1.17.2,PRexp,10,3.77,nan,145,Left,Left,7500,332,423,33,nan,nan,0.03
11/3/2025 2:25:43,1.17.2,PRexp,10,3.78,nan,145,Left,Left,7501,332,423,33,nan,nan,0.20
11/3/2025 2:25:49,1.17.2,PRexp,10,3.78,nan,145,Left,Left,7502,332,423,33,nan,nan,0.11
11/3/2025 2:25:54,1.17.2,PRexp,10,3.77,nan,145,Left,Left,7503,332,423,33,nan,nan,0.25
11/3/2025 2:25:55,1.17.2,PRexp,10,3.78,nan,145,Left,Left,7504,332,423,33,nan,nan,0.13
11/3/2025 2:25:56,1.17.2,PRexp,10,3.78,nan,145,Left,Left,7505,332,423,33,nan,nan,0.16
11/3/2025 2:26:00,1.17.2,PRexp,10,3.78,nan,145,Left,Left,7506,332,423,33,nan,nan,0.00
11/3/2025 2:26:07,1.17.2,PRexp,10,3.77,nan,145,Left,Left,7507,332,423,33,nan,nan,0.43
11/3/2025 2:26:07,1.17.2,PRexp,10,3.77,nan,145,Left,Left,7508,332,423,33,nan,nan,0.00
11/3/2025 2:26:11,1.17.2,PRexp,10,3.77,nan,145,Left,Left,7509,332,423,33,nan,nan,1.31
11/3/2025 2:26:12,1.17.2,PRexp,10,3.78,nan,145,Left,Left,7510,332,423,33,nan,nan,0.09
11/3/2025 2:26:17,1.17.2,PRexp,10,3.78,nan,145,Left,Left,7511,332,423,33,nan,nan,0.57
11/3/2025 2:26:29,1.17.2,PRexp,10,3.78,nan,145,Left,Left,7512,332,423,33,nan,nan,0.09
11/3/2025 2:26:39,1.17.2,PRexp,10,3.77,5,145,Pellet,Left,7512,332,424,34,0.94,4213,nan
11/3/2025 2:30:05,1.17.2,PRexp,10,3.77,nan,161,Left,Left,7513,332,424,34,nan,nan,1.30
11/3/2025 2:30:06,1.17.2,PRexp,10,3.78,nan,161,Left,Left,7514,332,424,34,nan,nan,0.03
11/3/2025 2:30:11,1.17.2,PRexp,10,3.78,nan,161,Left,Left,7515,332,424,34,nan,nan,1.51
11/3/2025 2:30:12,1.17.2,PRexp,10,3.78,nan,161,Left,Left,7516,332,424,34,nan,nan,0.26
11/3/2025 2:30:14,1.17.2,PRexp,10,3.78,nan,161,Left,Left,7517,332,424,34,nan,nan,0.25
11/3/2025 2:30:17,1.17.2,PRexp,10,3.77,nan,161,Left,Left,7518,332,424,34,nan,nan,1.32
11/3/2025 2:30:19,1.17.2,PRexp,10,3.78,nan,161,Left,Left,7519,332,424,34,nan,nan,0.28
11/3/2025 2:30:20,1.17.2,PRexp,10,3.78,nan,161,Left,Left,7520,332,424,34,nan,nan,0.02
11/3/2025 2:30:21,1.17.2,PRexp,10,3.77,nan,161,Left,Left,7521,332,424,34,nan,nan,0.00
11/3/2025 2:30:24,1.17.2,PRexp,10,3.77,nan,161,Left,Left,7522,332,424,34,nan,nan,0.31
11/3/2025 2:30:24,1.17.2,PRexp,10,3.77,nan,161,Left,Left,7523,332,424,34,nan,nan,0.21
11/3/2025 2:30:26,1.17.2,PRexp,10,3.78,nan,161,Left,Left,7524,332,424,34,nan,nan,0.00
11/3/2025 2:30:28,1.17.2,PRexp,10,3.77,nan,161,Left,Left,7525,332,424,34,nan,nan,0.47
11/3/2025 2:30:31,1.17.2,PRexp,10,3.77,nan,161,Left,Left,7526,332,424,34,nan,nan,0.20
11/3/2025 2:30:33,1.17.2,PRexp,10,3.77,nan,161,Left,Left,7527,332,424,34,nan,nan,0.00
11/3/2025 2:30:35,1.17.2,PRexp,10,3.77,nan,161,Left,Left,7528,332,424,34,nan,nan,0.69
11/3/2025 2:30:37,1.17.2,PRexp,10,3.77,nan,161,Left,Left,7529,332,424,34,nan,nan,0.17
11/3/2025 2:30:40,1.17.2,PRexp,10,3.78,nan,161,Left,Left,7530,332,424,34,nan,nan,0.53
11/3/2025 2:30:44,1.17.2,PRexp,10,3.77,nan,161,Left,Left,7531,332,424,34,nan,nan,1.08
11/3/2025 2:30:49,1.17.2,PRexp,10,3.77,nan,161,Left,Left,7532,332,424,34,nan,nan,0.59
11/3/2025 2:30:53,1.17.2,PRexp,10,3.78,nan,161,Left,Left,7533,332,424,34,nan,nan,0.23
11/3/2025 2:30:54,1.17.2,PRexp,10,3.78,nan,161,Left,Left,7534,332,424,34,nan,nan,0.00
11/3/2025 2:31:04,1.17.2,PRexp,10,3.77,nan,161,Left,Left,7535,332,424,34,nan,nan,0.32
11/3/2025 2:31:06,1.17.2,PRexp,10,3.77,nan,161,Left,Left,7536,332,424,34,nan,nan,0.49
11/3/2025 2:31:11,1.17.2,PRexp,10,3.78,nan,161,Left,Left,7537,332,424,34,nan,nan,1.31
11/3/2025 2:31:13,1.17.2,PRexp,10,3.77,nan,161,Left,Left,7538,332,424,34,nan,nan,1.15
11/3/2025 2:31:16,1.17.2,PRexp,10,3.78,nan,161,Left,Left,7539,332,424,34,nan,nan,0.42
11/3/2025 2:31:18,1.17.2,PRexp,10,3.77,nan,161,Left,Left,7540,332,424,34,nan,nan,0.37
11/3/2025 2:31:21,1.17.2,PRexp,10,3.77,nan,161,Left,Left,7541,332,424,34,nan,nan,1.08
11/3/2025 2:31:33,1.17.2,PRexp,10,3.78,nan,161,Left,Left,7542,332,424,34,nan,nan,1.92
11/3/2025 2:31:37,1.17.2,PRexp,10,3.77,nan,161,Left,Left,7543,332,424,34,nan,nan,0.19
11/3/2025 2:31:40,1.17.2,PRexp,10,3.78,nan,161,Left,Left,7544,332,424,34,nan,nan,0.01
11/3/2025 2:31:42,1.17.2,PRexp,10,3.78,nan,161,Left,Left,7545,332,424,34,nan,nan,0.08
11/3/2025 2:31:57,1.17.2,PRexp,10,3.77,nan,161,Left,Left,7546,332,424,34,nan,nan,0.79
11/3/2025 2:32:00,1.17.2,PRexp,10,3.77,nan,161,Left,Left,7547,332,424,34,nan,nan,0.02
11/3/2025 2:32:03,1.17.2,PRexp,10,3.78,nan,161,Left,Left,7548,332,424,34,nan,nan,0.17
11/3/2025 2:32:05,1.17.2,PRexp,10,3.78,nan,161,Left,Left,7549,332,424,34,nan,nan,0.44
11/3/2025 2:32:07,1.17.2,PRexp,10,3.77,nan,161,Left,Left,7550,332,424,34,nan,nan,0.06
11/3/2025 2:32:10,1.17.2,PRexp,10,3.77,nan,161,Left,Left,7551,332,424,34,nan,nan,0.00
11/3/2025 2:32:11,1.17.2,PRexp,10,3.77,nan,161,Left,Left,7552,332,424,34,nan,nan,0.01
11/3/2025 2:32:16,1.17.2,PRexp,10,3.78,nan,161,Left,Left,7553,332,424,34,nan,nan,0.11
11/3/2025 2:32:20,1.17.2,PRexp,10,3.77,nan,161,Left,Left,7554,332,424,34,nan,nan,0.02
11/3/2025 2:32:23,1.17.2,PRexp,10,3.78,nan,161,Left,Left,7555,332,424,34,nan,nan,0.21
11/3/2025 2:56:49,1.17.2,PRexp,10,3.77,nan,161,Left,Left,7556,332,424,34,nan,nan,1.04
11/3/2025 2:56:53,1.17.2,PRexp,10,3.78,nan,161,Left,Left,7557,332,424,34,nan,nan,0.04
11/3/2025 2:56:55,1.17.2,PRexp,10,3.78,nan,161,Left,Left,7558,332,424,34,nan,nan,0.61
11/3/2025 2:56:58,1.17.2,PRexp,10,3.78,nan,161,Left,Left,7559,332,424,34,nan,nan,0.63
11/3/2025 2:56:59,1.17.2,PRexp,10,3.78,nan,161,Left,Left,7560,332,424,34,nan,nan,0.04
11/3/2025 2:57:02,1.17.2,PRexp,10,3.78,nan,161,Left,Left,7561,332,424,34,nan,nan,1.71
11/3/2025 2:57:06,1.17.2,PRexp,10,3.77,nan,161,Left,Left,7562,332,424,34,nan,nan,0.77
11/3/2025 2:57:12,1.17.2,PRexp,10,3.77,nan,161,Left,Left,7563,332,424,34,nan,nan,1.71
11/3/2025 2:57:14,1.17.2,PRexp,10,3.77,nan,161,Left,Left,7564,332,424,34,nan,nan,1.15
11/3/2025 2:57:17,1.17.2,PRexp,10,3.78,nan,161,Left,Left,7565,332,424,34,nan,nan,0.00
11/3/2025 2:57:20,1.17.2,PRexp,10,3.77,nan,161,Left,Left,7566,332,424,34,nan,nan,1.25
11/3/2025 2:57:22,1.17.2,PRexp,10,3.77,nan,161,Left,Left,7567,332,424,34,nan,nan,1.17
11/3/2025 2:57:25,1.17.2,PRexp,10,3.78,nan,161,Left,Left,7568,332,424,34,nan,nan,0.00
11/3/2025 2:57:33,1.17.2,PRexp,10,3.77,nan,161,Left,Left,7569,332,424,34,nan,nan,1.80
11/3/2025 2:58:25,1.17.2,PRexp,10,3.78,nan,161,Left,Left,7570,332,424,34,nan,nan,0.37
11/3/2025 2:58:27,1.17.2,PRexp,10,3.78,nan,161,Left,Left,7571,332,424,34,nan,nan,1.75
11/3/2025 2:58:33,1.17.2,PRexp,10,3.77,nan,161,Left,Left,7572,332,424,34,nan,nan,1.45
11/3/2025 2:58:38,1.17.2,PRexp,10,3.77,nan,161,Left,Left,7573,332,424,34,nan,nan,2.44
11/3/2025 3:19:36,1.17.2,PRexp,10,3.77,nan,161,Left,Left,7574,332,424,34,nan,nan,1008.78
11/3/2025 3:19:51,1.17.2,PRexp,10,3.77,nan,161,Left,Left,7575,332,424,34,nan,nan,1.09
11/3/2025 3:19:55,1.17.2,PRexp,10,3.77,nan,161,Left,Left,7576,332,424,34,nan,nan,0.07
11/3/2025 3:20:00,1.17.2,PRexp,10,3.77,nan,161,Left,Left,7577,332,424,34,nan,nan,0.04
11/3/2025 3:20:08,1.17.2,PRexp,10,3.77,nan,161,Left,Left,7578,332,424,34,nan,nan,0.58
11/3/2025 3:20:12,1.17.2,PRexp,10,3.77,nan,161,Left,Left,7579,332,424,34,nan,nan,0.32
11/3/2025 3:20:15,1.17.2,PRexp,10,3.77,nan,161,Left,Left,7580,332,424,34,nan,nan,0.39
11/3/2025 3:20:20,1.17.2,PRexp,10,3.77,nan,161,Left,Left,7581,332,424,34,nan,nan,0.07
11/3/2025 3:20:26,1.17.2,PRexp,10,3.77,nan,161,Left,Left,7582,332,424,34,nan,nan,0.31
11/3/2025 3:20:30,1.17.2,PRexp,10,3.77,nan,161,Left,Left,7583,332,424,34,nan,nan,0.49
11/3/2025 3:20:33,1.17.2,PRexp,10,3.77,nan,161,Left,Left,7584,332,424,34,nan,nan,0.34
11/3/2025 3:20:44,1.17.2,PRexp,10,3.77,nan,161,Left,Left,7585,332,424,34,nan,nan,0.17
11/3/2025 3:20:46,1.17.2,PRexp,10,3.77,nan,161,Left,Left,7586,332,424,34,nan,nan,0.52
11/3/2025 3:20:48,1.17.2,PRexp,10,3.77,nan,161,Left,Left,7587,332,424,34,nan,nan,0.25
11/3/2025 3:20:53,1.17.2,PRexp,10,3.77,nan,161,Left,Left,7588,332,424,34,nan,nan,0.02
11/3/2025 3:20:55,1.17.2,PRexp,10,3.77,nan,161,Left,Left,7589,332,424,34,nan,nan,0.34
11/3/2025 3:21:00,1.17.2,PRexp,10,3.77,nan,161,Left,Left,7590,332,424,34,nan,nan,1.27
11/3/2025 3:21:05,1.17.2,PRexp,10,3.77,nan,161,Left,Left,7591,332,424,34,nan,nan,0.66
11/3/2025 3:21:07,1.17.2,PRexp,10,3.77,nan,161,Left,Left,7592,332,424,34,nan,nan,0.48
11/3/2025 3:21:08,1.17.2,PRexp,10,3.77,nan,161,Left,Left,7593,332,424,34,nan,nan,0.33
11/3/2025 3:21:19,1.17.2,PRexp,10,3.77,nan,161,Left,Left,7594,332,424,34,nan,nan,0.17
11/3/2025 3:21:20,1.17.2,PRexp,10,3.77,nan,161,Left,Left,7595,332,424,34,nan,nan,0.18
11/3/2025 3:21:34,1.17.2,PRexp,10,3.77,nan,161,Left,Left,7596,332,424,34,nan,nan,0.60
11/3/2025 3:21:36,1.17.2,PRexp,10,3.77,nan,161,Left,Left,7597,332,424,34,nan,nan,1.20
11/3/2025 3:21:39,1.17.2,PRexp,10,3.77,nan,161,Left,Left,7598,332,424,34,nan,nan,0.86
11/3/2025 3:26:11,1.17.2,PRexp,10,3.77,nan,161,Left,Left,7599,332,424,34,nan,nan,0.10
11/3/2025 3:26:24,1.17.2,PRexp,10,3.77,nan,161,Left,Left,7600,332,424,34,nan,nan,0.04
11/3/2025 3:26:28,1.17.2,PRexp,10,3.77,nan,161,Left,Left,7601,332,424,34,nan,nan,0.03
11/3/2025 3:26:28,1.17.2,PRexp,10,3.77,nan,161,Left,Left,7602,332,424,34,nan,nan,0.08
11/3/2025 3:27:43,1.17.2,PRexp,10,3.77,nan,161,Left,Left,7603,332,424,34,nan,nan,0.03
11/3/2025 3:27:48,1.17.2,PRexp,10,3.77,nan,161,Left,Left,7604,332,424,34,nan,nan,0.34
11/3/2025 3:27:50,1.17.2,PRexp,10,3.77,nan,161,Left,Left,7605,332,424,34,nan,nan,0.76
11/3/2025 3:27:55,1.17.2,PRexp,10,3.77,nan,161,Left,Left,7606,332,424,34,nan,nan,0.18
11/3/2025 3:27:57,1.17.2,PRexp,10,3.76,nan,161,Left,Left,7607,332,424,34,nan,nan,0.28
11/3/2025 3:27:58,1.17.2,PRexp,10,3.77,nan,161,Left,Left,7608,332,424,34,nan,nan,0.03
11/3/2025 3:27:59,1.17.2,PRexp,10,3.77,nan,161,Left,Left,7609,332,424,34,nan,nan,0.03
11/3/2025 3:28:05,1.17.2,PRexp,10,3.77,nan,161,Left,Left,7610,332,424,34,nan,nan,0.21
11/3/2025 3:28:06,1.17.2,PRexp,10,3.77,nan,161,Left,Left,7611,332,424,34,nan,nan,0.03
11/3/2025 3:28:08,1.17.2,PRexp,10,3.77,nan,161,Left,Left,7612,332,424,34,nan,nan,0.03
11/3/2025 3:28:11,1.17.2,PRexp,10,3.78,nan,161,Left,Left,7613,332,424,34,nan,nan,0.07
11/3/2025 3:28:12,1.17.2,PRexp,10,3.78,nan,161,Left,Left,7614,332,424,34,nan,nan,0.04
11/3/2025 3:28:12,1.17.2,PRexp,10,3.77,nan,161,Left,Left,7615,332,424,34,nan,nan,0.04
11/3/2025 3:28:17,1.17.2,PRexp,10,3.77,nan,161,Left,Left,7616,332,424,34,nan,nan,0.30
11/3/2025 3:28:21,1.17.2,PRexp,10,3.77,nan,161,Left,Left,7617,332,424,34,nan,nan,1.99
11/3/2025 3:28:26,1.17.2,PRexp,10,3.77,nan,161,Left,Left,7618,332,424,34,nan,nan,0.28
11/3/2025 3:28:29,1.17.2,PRexp,10,3.78,nan,161,Left,Left,7619,332,424,34,nan,nan,0.09
11/3/2025 3:28:32,1.17.2,PRexp,10,3.77,nan,161,Left,Left,7620,332,424,34,nan,nan,0.17
11/3/2025 3:28:33,1.17.2,PRexp,10,3.77,nan,161,Left,Left,7621,332,424,34,nan,nan,0.02
11/3/2025 3:29:02,1.17.2,PRexp,10,3.77,nan,161,Left,Left,7622,332,424,34,nan,nan,0.02
11/3/2025 3:29:09,1.17.2,PRexp,10,3.78,nan,161,Left,Left,7623,332,424,34,nan,nan,0.07
11/3/2025 3:29:09,1.17.2,PRexp,10,3.77,nan,161,Left,Left,7624,332,424,34,nan,nan,0.09
11/3/2025 3:29:12,1.17.2,PRexp,10,3.77,nan,161,Left,Left,7625,332,424,34,nan,nan,0.47
11/3/2025 3:29:15,1.17.2,PRexp,10,3.77,nan,161,Left,Left,7626,332,424,34,nan,nan,0.07
11/3/2025 3:29:33,1.17.2,PRexp,10,3.76,nan,161,Left,Left,7627,332,424,34,nan,nan,0.01
11/3/2025 3:29:38,1.17.2,PRexp,10,3.77,nan,161,Left,Left,7628,332,424,34,nan,nan,0.14
11/3/2025 3:29:42,1.17.2,PRexp,10,3.77,nan,161,Left,Left,7629,332,424,34,nan,nan,0.20
11/3/2025 3:29:52,1.17.2,PRexp,10,3.77,nan,161,Left,Left,7630,332,424,34,nan,nan,0.82
11/3/2025 3:30:03,1.17.2,PRexp,10,3.77,nan,161,Left,Left,7631,332,424,34,nan,nan,0.16
11/3/2025 3:30:04,1.17.2,PRexp,10,3.78,nan,161,Left,Left,7632,332,424,34,nan,nan,0.14
11/3/2025 3:30:11,1.17.2,PRexp,10,3.77,nan,161,Left,Left,7633,332,424,34,nan,nan,0.19
11/3/2025 3:50:10,1.17.2,PRexp,10,3.77,nan,161,Left,Left,7634,332,424,34,nan,nan,0.10
11/3/2025 3:50:13,1.17.2,PRexp,10,3.77,nan,161,Left,Left,7635,332,424,34,nan,nan,0.26
11/3/2025 3:50:32,1.17.2,PRexp,10,3.77,nan,161,Left,Left,7636,332,424,34,nan,nan,1.77
11/3/2025 3:50:38,1.17.2,PRexp,10,3.77,nan,161,Left,Left,7637,332,424,34,nan,nan,0.24
11/3/2025 3:51:06,1.17.2,PRexp,10,3.77,nan,161,Left,Left,7638,332,424,34,nan,nan,0.63
11/3/2025 4:10:39,1.17.2,PRexp,10,3.77,nan,161,Left,Left,7639,332,424,34,nan,nan,0.32
11/3/2025 4:15:30,1.17.2,PRexp,10,3.76,nan,161,Left,Left,7640,332,424,34,nan,nan,0.05
11/3/2025 4:15:35,1.17.2,PRexp,10,3.77,nan,161,Left,Left,7641,332,424,34,nan,nan,1.36
11/3/2025 4:15:38,1.17.2,PRexp,10,3.76,nan,161,Left,Left,7642,332,424,34,nan,nan,0.06
11/3/2025 4:17:25,1.17.2,PRexp,10,3.77,nan,161,Left,Left,7643,332,424,34,nan,nan,0.75
11/3/2025 4:17:36,1.17.2,PRexp,10,3.76,nan,161,Left,Left,7644,332,424,34,nan,nan,0.47
11/3/2025 4:17:43,1.17.2,PRexp,10,3.77,nan,161,Left,Left,7645,332,424,34,nan,nan,0.94
11/3/2025 4:17:53,1.17.2,PRexp,10,3.76,nan,161,Left,Left,7646,332,424,34,nan,nan,0.70
11/3/2025 4:17:57,1.17.2,PRexp,10,3.77,nan,161,Left,Left,7647,332,424,34,nan,nan,0.05
11/3/2025 4:17:58,1.17.2,PRexp,10,3.76,nan,161,Left,Left,7648,332,424,34,nan,nan,0.00
11/3/2025 4:18:02,1.17.2,PRexp,10,3.78,nan,161,Left,Left,7649,332,424,34,nan,nan,1.83
11/3/2025 4:18:11,1.17.2,PRexp,10,3.77,nan,161,Left,Left,7650,332,424,34,nan,nan,0.84
11/3/2025 4:18:15,1.17.2,PRexp,10,3.77,nan,161,Left,Left,7651,332,424,34,nan,nan,0.04
11/3/2025 4:18:18,1.17.2,PRexp,10,3.77,nan,161,Left,Left,7652,332,424,34,nan,nan,0.73
11/3/2025 4:18:38,1.17.2,PRexp,10,3.77,nan,161,Left,Left,7653,332,424,34,nan,nan,0.36
11/3/2025 4:18:47,1.17.2,PRexp,10,3.77,nan,161,Left,Left,7654,332,424,34,nan,nan,0.29
11/3/2025 4:18:59,1.17.2,PRexp,10,3.77,nan,161,Left,Left,7655,332,424,34,nan,nan,0.00
11/3/2025 4:19:01,1.17.2,PRexp,10,3.77,nan,161,Left,Left,7656,332,424,34,nan,nan,0.65
11/3/2025 4:19:03,1.17.2,PRexp,10,3.77,nan,161,Left,Left,7657,332,424,34,nan,nan,0.07
11/3/2025 4:29:32,1.17.2,PRexp,10,3.77,nan,161,Left,Left,7658,332,424,34,nan,nan,5.91
11/3/2025 4:29:33,1.17.2,PRexp,10,3.77,nan,161,Left,Left,7659,332,424,34,nan,nan,0.00
11/3/2025 4:29:41,1.17.2,PRexp,10,3.76,nan,161,Left,Left,7660,332,424,34,nan,nan,0.16
11/3/2025 4:29:42,1.17.2,PRexp,10,3.77,nan,161,Left,Left,7661,332,424,34,nan,nan,0.00
11/3/2025 4:29:43,1.17.2,PRexp,10,3.77,nan,161,Left,Left,7662,332,424,34,nan,nan,0.11
11/3/2025 4:30:11,1.17.2,PRexp,10,3.77,nan,161,Left,Left,7663,332,424,34,nan,nan,0.06
11/3/2025 4:30:14,1.17.2,PRexp,10,3.77,nan,161,Left,Left,7664,332,424,34,nan,nan,1.23
11/3/2025 4:30:45,1.17.2,PRexp,10,3.77,nan,161,Left,Left,7665,332,424,34,nan,nan,3.72
11/3/2025 4:30:55,1.17.2,PRexp,10,3.77,nan,161,Left,Left,7666,332,424,34,nan,nan,0.58
11/3/2025 4:31:09,1.17.2,PRexp,10,3.76,nan,161,Left,Left,7667,332,424,34,nan,nan,0.69
11/3/2025 4:34:26,1.17.2,PRexp,10,3.77,nan,161,Left,Left,7668,332,424,34,nan,nan,1.86
11/3/2025 4:35:24,1.17.2,PRexp,10,3.76,nan,161,Left,Left,7669,332,424,34,nan,nan,0.04
11/3/2025 4:35:25,1.17.2,PRexp,10,3.76,nan,161,Left,Left,7670,332,424,34,nan,nan,0.00
11/3/2025 4:36:24,1.17.2,PRexp,10,3.77,nan,161,Left,Left,7671,332,424,34,nan,nan,0.25
11/3/2025 4:46:17,1.17.2,PRexp,10,3.77,nan,161,Left,Left,7672,332,424,34,nan,nan,0.13
11/3/2025 4:46:30,1.17.2,PRexp,10,3.76,nan,161,Left,Left,7673,332,424,34,nan,nan,0.43
11/3/2025 4:47:35,1.17.2,PRexp,10,3.77,nan,161,LeftWithPellet,Left,7674,332,424,35,nan,nan,0.87
11/3/2025 4:47:52,1.17.2,PRexp,10,3.77,nan,161,LeftWithPellet,Left,7675,332,424,35,nan,nan,0.82
11/3/2025 4:47:58,1.17.2,PRexp,10,3.77,nan,161,LeftWithPellet,Left,7676,332,424,35,nan,nan,0.04
11/3/2025 4:48:03,1.17.2,PRexp,10,3.76,nan,161,LeftWithPellet,Left,7677,332,424,35,nan,nan,0.86
11/3/2025 4:48:04,1.17.2,PRexp,10,3.77,nan,161,LeftWithPellet,Left,7678,332,424,35,nan,nan,0.25
11/3/2025 4:48:05,1.17.2,PRexp,10,3.76,nan,161,LeftWithPellet,Left,7679,332,424,35,nan,nan,0.20
11/3/2025 4:48:09,1.17.2,PRexp,10,3.77,6,161,Pellet,Left,7679,332,425,35,Timed_out,8490,nan
11/3/2025 4:52:09,1.17.2,PRexp,10,3.77,nan,178,Left,Left,7680,332,425,35,nan,nan,0.69
11/3/2025 4:52:11,1.17.2,PRexp,10,3.76,nan,178,Left,Left,7681,332,425,35,nan,nan,0.33
11/3/2025 4:52:12,1.17.2,PRexp,10,3.77,nan,178,Left,Left,7682,332,425,35,nan,nan,0.03
11/3/2025 4:52:20,1.17.2,PRexp,10,3.77,nan,178,Left,Left,7683,332,425,35,nan,nan,0.04
11/3/2025 4:52:21,1.17.2,PRexp,10,3.77,nan,178,Left,Left,7684,332,425,35,nan,nan,0.14
11/3/2025 4:52:23,1.17.2,PRexp,10,3.77,nan,178,Left,Left,7685,332,425,35,nan,nan,1.14
11/3/2025 4:52:43,1.17.2,PRexp,10,3.77,nan,178,Left,Left,7686,332,425,35,nan,nan,1.39
11/3/2025 4:55:51,1.17.2,PRexp,10,3.77,nan,178,Left,Left,7687,332,425,35,nan,nan,0.13
11/3/2025 4:57:42,1.17.2,PRexp,10,3.76,nan,178,Left,Left,7688,332,425,35,nan,nan,0.19
11/3/2025 5:00:30,1.17.2,PRexp,10,3.77,nan,178,Left,Left,7689,332,425,35,nan,nan,0.49
11/3/2025 5:00:31,1.17.2,PRexp,10,3.76,nan,178,Left,Left,7690,332,425,35,nan,nan,0.13
11/3/2025 5:00:34,1.17.2,PRexp,10,3.77,nan,178,Left,Left,7691,332,425,35,nan,nan,0.26
11/3/2025 5:00:35,1.17.2,PRexp,10,3.76,nan,178,Left,Left,7692,332,425,35,nan,nan,0.17
11/3/2025 5:00:38,1.17.2,PRexp,10,3.77,nan,178,Left,Left,7693,332,425,35,nan,nan,1.15
11/3/2025 5:00:42,1.17.2,PRexp,10,3.76,nan,178,Left,Left,7694,332,425,35,nan,nan,0.02
11/3/2025 5:00:42,1.17.2,PRexp,10,3.76,nan,178,Left,Left,7695,332,425,35,nan,nan,0.00
11/3/2025 5:00:44,1.17.2,PRexp,10,3.76,nan,178,Left,Left,7696,332,425,35,nan,nan,0.03
11/3/2025 5:00:46,1.17.2,PRexp,10,3.77,nan,178,Left,Left,7697,332,425,35,nan,nan,0.02
11/3/2025 5:00:47,1.17.2,PRexp,10,3.77,nan,178,Left,Left,7698,332,425,35,nan,nan,0.01
11/3/2025 5:00:47,1.17.2,PRexp,10,3.77,nan,178,Left,Left,7699,332,425,35,nan,nan,0.00
11/3/2025 5:00:50,1.17.2,PRexp,10,3.77,nan,178,Left,Left,7700,332,425,35,nan,nan,1.00
11/3/2025 5:00:52,1.17.2,PRexp,10,3.77,nan,178,Left,Left,7701,332,425,35,nan,nan,0.65
11/3/2025 5:00:53,1.17.2,PRexp,10,3.76,nan,178,Left,Left,7702,332,425,35,nan,nan,0.00
11/3/2025 5:01:02,1.17.2,PRexp,10,3.76,nan,178,Left,Left,7703,332,425,35,nan,nan,0.04
11/3/2025 5:01:04,1.17.2,PRexp,10,3.77,nan,178,Left,Left,7704,332,425,35,nan,nan,0.20
11/3/2025 5:01:06,1.17.2,PRexp,10,3.76,nan,178,Left,Left,7705,332,425,35,nan,nan,0.01
11/3/2025 5:01:07,1.17.2,PRexp,10,3.76,nan,178,Left,Left,7706,332,425,35,nan,nan,0.02
11/3/2025 5:01:08,1.17.2,PRexp,10,3.76,nan,178,Left,Left,7707,332,425,35,nan,nan,0.96
11/3/2025 5:01:10,1.17.2,PRexp,10,3.77,nan,178,Left,Left,7708,332,425,35,nan,nan,0.05
11/3/2025 5:01:11,1.17.2,PRexp,10,3.77,nan,178,Left,Left,7709,332,425,35,nan,nan,0.01
11/3/2025 5:01:15,1.17.2,PRexp,10,3.77,nan,178,Left,Left,7710,332,425,35,nan,nan,0.18
11/3/2025 5:01:33,1.17.2,PRexp,10,3.77,nan,178,Left,Left,7711,332,425,35,nan,nan,0.00
11/3/2025 5:01:37,1.17.2,PRexp,10,3.77,nan,178,Left,Left,7712,332,425,35,nan,nan,0.26
11/3/2025 5:01:46,1.17.2,PRexp,10,3.76,nan,178,Left,Left,7713,332,425,35,nan,nan,0.99
11/3/2025 5:02:03,1.17.2,PRexp,10,3.78,nan,178,Left,Left,7714,332,425,35,nan,nan,0.03
11/3/2025 5:02:05,1.17.2,PRexp,10,3.76,nan,178,Left,Left,7715,332,425,35,nan,nan,0.05
11/3/2025 5:02:06,1.17.2,PRexp,10,3.77,nan,178,Left,Left,7716,332,425,35,nan,nan,0.02
11/3/2025 5:02:09,1.17.2,PRexp,10,3.77,nan,178,Left,Left,7717,332,425,35,nan,nan,1.70
11/3/2025 5:02:11,1.17.2,PRexp,10,3.77,nan,178,Left,Left,7718,332,425,35,nan,nan,0.08
11/3/2025 5:02:12,1.17.2,PRexp,10,3.77,nan,178,Left,Left,7719,332,425,35,nan,nan,0.00
11/3/2025 5:02:13,1.17.2,PRexp,10,3.77,nan,178,Left,Left,7720,332,425,35,nan,nan,0.32
11/3/2025 5:02:20,1.17.2,PRexp,10,3.77,nan,178,Left,Left,7721,332,425,35,nan,nan,0.56
11/3/2025 5:02:23,1.17.2,PRexp,10,3.76,nan,178,Left,Left,7722,332,425,35,nan,nan,0.07
11/3/2025 5:02:42,1.17.2,PRexp,10,3.77,nan,178,Left,Left,7723,332,425,35,nan,nan,0.97
11/3/2025 5:02:42,1.17.2,PRexp,10,3.77,nan,178,Left,Left,7724,332,425,35,nan,nan,0.08
11/3/2025 5:02:48,1.17.2,PRexp,10,3.76,nan,178,Left,Left,7725,332,425,35,nan,nan,0.31
11/3/2025 5:02:49,1.17.2,PRexp,10,3.77,nan,178,Left,Left,7726,332,425,35,nan,nan,0.07
11/3/2025 5:02:51,1.17.2,PRexp,10,3.77,nan,178,Left,Left,7727,332,425,35,nan,nan,0.00
11/3/2025 5:03:01,1.17.2,PRexp,10,3.76,nan,178,Left,Left,7728,332,425,35,nan,nan,0.10
11/3/2025 5:03:03,1.17.2,PRexp,10,3.77,nan,178,Left,Left,7729,332,425,35,nan,nan,0.21
11/3/2025 5:03:09,1.17.2,PRexp,10,3.77,nan,178,Left,Left,7730,332,425,35,nan,nan,1.46
11/3/2025 5:03:10,1.17.2,PRexp,10,3.77,nan,178,Left,Left,7731,332,425,35,nan,nan,0.01
11/3/2025 5:03:13,1.17.2,PRexp,10,3.76,nan,178,Left,Left,7732,332,425,35,nan,nan,1.54
11/3/2025 5:03:17,1.17.2,PRexp,10,3.77,nan,178,Left,Left,7733,332,425,35,nan,nan,0.33
11/3/2025 5:03:21,1.17.2,PRexp,10,3.76,nan,178,Left,Left,7734,332,425,35,nan,nan,0.71
11/3/2025 5:03:22,1.17.2,PRexp,10,3.76,nan,178,Left,Left,7735,332,425,35,nan,nan,0.03
11/3/2025 5:03:23,1.17.2,PRexp,10,3.76,nan,178,Left,Left,7736,332,425,35,nan,nan,0.04
11/3/2025 5:03:25,1.17.2,PRexp,10,3.77,nan,178,Left,Left,7737,332,425,35,nan,nan,0.63
11/3/2025 5:03:29,1.17.2,PRexp,10,3.76,nan,178,Left,Left,7738,332,425,35,nan,nan,0.29
11/3/2025 5:03:32,1.17.2,PRexp,10,3.76,nan,178,Left,Left,7739,332,425,35,nan,nan,0.19
11/3/2025 5:10:25,1.17.2,PRexp,10,3.77,nan,178,Left,Left,7740,332,425,35,nan,nan,0.02
11/3/2025 5:10:27,1.17.2,PRexp,10,3.76,nan,178,Left,Left,7741,332,425,35,nan,nan,0.02
11/3/2025 5:10:29,1.17.2,PRexp,10,3.76,nan,178,Left,Left,7742,332,425,35,nan,nan,0.06
11/3/2025 5:10:32,1.17.2,PRexp,10,3.77,nan,178,Left,Left,7743,332,425,35,nan,nan,0.02
11/3/2025 5:10:35,1.17.2,PRexp,10,3.76,nan,178,Left,Left,7744,332,425,35,nan,nan,0.18
11/3/2025 5:10:36,1.17.2,PRexp,10,3.76,nan,178,Left,Left,7745,332,425,35,nan,nan,0.00
11/3/2025 5:10:39,1.17.2,PRexp,10,3.77,nan,178,Left,Left,7746,332,425,35,nan,nan,1.53
11/3/2025 5:10:44,1.17.2,PRexp,10,3.77,nan,178,Left,Left,7747,332,425,35,nan,nan,0.04
11/3/2025 5:10:45,1.17.2,PRexp,10,3.77,nan,178,Left,Left,7748,332,425,35,nan,nan,0.09
11/3/2025 5:10:49,1.17.2,PRexp,10,3.76,nan,178,Left,Left,7749,332,425,35,nan,nan,0.24
11/3/2025 5:10:50,1.17.2,PRexp,10,3.77,nan,178,Left,Left,7750,332,425,35,nan,nan,0.04
11/3/2025 5:10:55,1.17.2,PRexp,10,3.76,nan,178,Left,Left,7751,332,425,35,nan,nan,0.01
11/3/2025 5:11:08,1.17.2,PRexp,10,3.76,nan,178,Left,Left,7752,332,425,35,nan,nan,0.02
11/3/2025 5:11:09,1.17.2,PRexp,10,3.76,nan,178,Left,Left,7753,332,425,35,nan,nan,0.02
11/3/2025 5:11:12,1.17.2,PRexp,10,3.76,nan,178,Left,Left,7754,332,425,35,nan,nan,0.05
11/3/2025 5:11:21,1.17.2,PRexp,10,3.77,nan,178,Left,Left,7755,332,425,35,nan,nan,3.24
11/3/2025 5:11:39,1.17.2,PRexp,10,3.77,nan,178,Left,Left,7756,332,425,35,nan,nan,0.53
11/3/2025 5:11:52,1.17.2,PRexp,10,3.76,nan,178,Left,Left,7757,332,425,35,nan,nan,0.26
11/3/2025 5:12:50,1.17.2,PRexp,10,3.76,nan,178,Right,Left,7757,333,425,35,nan,nan,0.15
11/3/2025 5:12:53,1.17.2,PRexp,10,3.77,nan,178,Right,Left,7757,334,425,35,nan,nan,0.09
11/3/2025 5:14:46,1.17.2,PRexp,10,3.77,nan,178,Left,Left,7758,334,425,35,nan,nan,0.16
11/3/2025 5:14:47,1.17.2,PRexp,10,3.76,nan,178,Left,Left,7759,334,425,35,nan,nan,0.22
11/3/2025 5:15:00,1.17.2,PRexp,10,3.77,nan,178,Left,Left,7760,334,425,35,nan,nan,0.35
11/3/2025 5:15:07,1.17.2,PRexp,10,3.77,nan,178,Left,Left,7761,334,425,35,nan,nan,0.01
11/3/2025 5:15:08,1.17.2,PRexp,10,3.76,nan,178,Left,Left,7762,334,425,35,nan,nan,0.01
11/3/2025 5:15:11,1.17.2,PRexp,10,3.76,nan,178,Left,Left,7763,334,425,35,nan,nan,0.04
11/3/2025 5:15:13,1.17.2,PRexp,10,3.76,nan,178,Left,Left,7764,334,425,35,nan,nan,0.03
11/3/2025 5:15:16,1.17.2,PRexp,10,3.77,nan,178,Left,Left,7765,334,425,35,nan,nan,0.88
11/3/2025 5:15:23,1.17.2,PRexp,10,3.77,nan,178,Left,Left,7766,334,425,35,nan,nan,0.62
11/3/2025 5:15:25,1.17.2,PRexp,10,3.77,nan,178,Left,Left,7767,334,425,35,nan,nan,0.27
11/3/2025 5:15:26,1.17.2,PRexp,10,3.77,nan,178,Left,Left,7768,334,425,35,nan,nan,0.00
11/3/2025 5:15:27,1.17.2,PRexp,10,3.77,nan,178,Left,Left,7769,334,425,35,nan,nan,0.03
11/3/2025 5:15:28,1.17.2,PRexp,10,3.76,nan,178,Left,Left,7770,334,425,35,nan,nan,0.19
11/3/2025 5:15:31,1.17.2,PRexp,10,3.77,nan,178,Left,Left,7771,334,425,35,nan,nan,0.01
11/3/2025 5:15:36,1.17.2,PRexp,10,3.77,nan,178,Left,Left,7772,334,425,35,nan,nan,0.02
11/3/2025 5:15:37,1.17.2,PRexp,10,3.77,nan,178,Left,Left,7773,334,425,35,nan,nan,0.05
11/3/2025 5:15:51,1.17.2,PRexp,10,3.76,nan,178,Left,Left,7774,334,425,35,nan,nan,0.13
11/3/2025 5:16:10,1.17.2,PRexp,10,3.77,nan,178,Right,Left,7774,335,425,35,nan,nan,0.40
11/3/2025 5:16:11,1.17.2,PRexp,10,3.76,nan,178,Right,Left,7774,336,425,35,nan,nan,0.00
11/3/2025 5:16:12,1.17.2,PRexp,10,3.76,nan,178,Right,Left,7774,337,425,35,nan,nan,0.00
11/3/2025 5:16:13,1.17.2,PRexp,10,3.78,nan,178,Right,Left,7774,338,425,35,nan,nan,0.17
11/3/2025 5:16:17,1.17.2,PRexp,10,3.77,nan,178,Right,Left,7774,339,425,35,nan,nan,0.17
11/3/2025 5:16:19,1.17.2,PRexp,10,3.77,nan,178,Right,Left,7774,340,425,35,nan,nan,0.33
11/3/2025 5:16:20,1.17.2,PRexp,10,3.76,nan,178,Right,Left,7774,341,425,35,nan,nan,0.22
11/3/2025 5:17:32,1.17.2,PRexp,10,3.76,nan,178,Left,Left,7775,341,425,35,nan,nan,0.08
11/3/2025 5:17:33,1.17.2,PRexp,10,3.76,nan,178,Left,Left,7776,341,425,35,nan,nan,0.10
11/3/2025 5:17:34,1.17.2,PRexp,10,3.76,nan,178,Left,Left,7777,341,425,35,nan,nan,0.25
11/3/2025 5:19:15,1.17.2,PRexp,10,3.76,nan,178,Left,Left,7778,341,425,35,nan,nan,0.01
11/3/2025 5:19:17,1.17.2,PRexp,10,3.76,nan,178,Left,Left,7779,341,425,35,nan,nan,0.13
11/3/2025 5:19:20,1.17.2,PRexp,10,3.76,nan,178,Left,Left,7780,341,425,35,nan,nan,0.14
11/3/2025 5:19:22,1.17.2,PRexp,10,3.77,nan,178,Left,Left,7781,341,425,35,nan,nan,0.12
11/3/2025 5:19:23,1.17.2,PRexp,10,3.77,nan,178,Left,Left,7782,341,425,35,nan,nan,0.00
11/3/2025 5:19:32,1.17.2,PRexp,10,3.76,nan,178,Left,Left,7783,341,425,35,nan,nan,0.06
11/3/2025 5:19:40,1.17.2,PRexp,10,3.77,nan,178,Left,Left,7784,341,425,35,nan,nan,0.13
11/3/2025 5:19:42,1.17.2,PRexp,10,3.77,nan,178,Left,Left,7785,341,425,35,nan,nan,0.13
11/3/2025 5:19:48,1.17.2,PRexp,10,3.76,nan,178,Left,Left,7786,341,425,35,nan,nan,0.09
11/3/2025 5:19:49,1.17.2,PRexp,10,3.76,nan,178,Left,Left,7787,341,425,35,nan,nan,0.19
11/3/2025 5:19:51,1.17.2,PRexp,10,3.77,nan,178,Left,Left,7788,341,425,35,nan,nan,0.02
11/3/2025 5:19:54,1.17.2,PRexp,10,3.76,nan,178,Left,Left,7789,341,425,35,nan,nan,0.07
11/3/2025 5:19:55,1.17.2,PRexp,10,3.77,nan,178,Left,Left,7790,341,425,35,nan,nan,0.01
11/3/2025 5:19:59,1.17.2,PRexp,10,3.77,nan,178,Left,Left,7791,341,425,35,nan,nan,0.13
11/3/2025 5:20:00,1.17.2,PRexp,10,3.76,nan,178,Left,Left,7792,341,425,35,nan,nan,0.05
11/3/2025 5:20:03,1.17.2,PRexp,10,3.76,nan,178,Left,Left,7793,341,425,35,nan,nan,0.04
11/3/2025 5:20:07,1.17.2,PRexp,10,3.77,nan,178,Left,Left,7794,341,425,35,nan,nan,0.12
11/3/2025 5:20:40,1.17.2,PRexp,10,3.77,nan,178,Left,Left,7795,341,425,35,nan,nan,0.05
11/3/2025 5:20:44,1.17.2,PRexp,10,3.76,nan,178,Left,Left,7796,341,425,35,nan,nan,0.54
11/3/2025 5:20:55,1.17.2,PRexp,10,3.77,nan,178,Left,Left,7797,341,425,35,nan,nan,0.03
11/3/2025 5:21:03,1.17.2,PRexp,10,3.76,nan,178,Left,Left,7798,341,425,35,nan,nan,0.09
11/3/2025 5:21:06,1.17.2,PRexp,10,3.76,nan,178,Left,Left,7799,341,425,35,nan,nan,0.16
11/3/2025 5:23:20,1.17.2,PRexp,10,3.77,nan,178,Left,Left,7800,341,425,35,nan,nan,0.12
11/3/2025 5:23:27,1.17.2,PRexp,10,3.76,nan,178,Left,Left,7801,341,425,35,nan,nan,0.10
11/3/2025 5:23:28,1.17.2,PRexp,10,3.76,nan,178,Left,Left,7802,341,425,35,nan,nan,0.01
11/3/2025 5:23:30,1.17.2,PRexp,10,3.77,nan,178,Left,Left,7803,341,425,35,nan,nan,0.02
11/3/2025 5:23:45,1.17.2,PRexp,10,3.77,nan,178,Left,Left,7804,341,425,35,nan,nan,0.66
11/3/2025 5:23:48,1.17.2,PRexp,10,3.77,nan,178,Left,Left,7805,341,425,35,nan,nan,0.01
11/3/2025 5:23:49,1.17.2,PRexp,10,3.77,nan,178,Left,Left,7806,341,425,35,nan,nan,0.17
11/3/2025 5:24:42,1.17.2,PRexp,10,3.76,nan,178,Left,Left,7807,341,425,35,nan,nan,0.07
11/3/2025 5:24:45,1.17.2,PRexp,10,3.76,nan,178,Left,Left,7808,341,425,35,nan,nan,0.24
11/3/2025 5:24:49,1.17.2,PRexp,10,3.76,nan,178,Left,Left,7809,341,425,35,nan,nan,0.10
11/3/2025 5:24:51,1.17.2,PRexp,10,3.76,nan,178,Left,Left,7810,341,425,35,nan,nan,0.06
11/3/2025 5:24:57,1.17.2,PRexp,10,3.77,nan,178,Left,Left,7811,341,425,35,nan,nan,0.21
11/3/2025 5:24:58,1.17.2,PRexp,10,3.76,nan,178,Left,Left,7812,341,425,35,nan,nan,0.06
11/3/2025 5:24:58,1.17.2,PRexp,10,3.77,nan,178,Left,Left,7813,341,425,35,nan,nan,0.04
11/3/2025 5:25:01,1.17.2,PRexp,10,3.76,nan,178,Left,Left,7814,341,425,35,nan,nan,0.10
11/3/2025 5:25:02,1.17.2,PRexp,10,3.77,nan,178,Left,Left,7815,341,425,35,nan,nan,0.13
11/3/2025 5:25:03,1.17.2,PRexp,10,3.76,nan,178,Left,Left,7816,341,425,35,nan,nan,0.01
11/3/2025 5:25:06,1.17.2,PRexp,10,3.77,nan,178,Left,Left,7817,341,425,35,nan,nan,0.15
11/3/2025 5:25:07,1.17.2,PRexp,10,3.77,nan,178,Left,Left,7818,341,425,35,nan,nan,0.54
11/3/2025 5:25:09,1.17.2,PRexp,10,3.76,nan,178,Left,Left,7819,341,425,35,nan,nan,0.11
11/3/2025 5:25:11,1.17.2,PRexp,10,3.76,nan,178,Left,Left,7820,341,425,35,nan,nan,0.10
11/3/2025 5:25:15,1.17.2,PRexp,10,3.77,nan,178,Left,Left,7821,341,425,35,nan,nan,0.14
11/3/2025 5:25:16,1.17.2,PRexp,10,3.77,nan,178,Left,Left,7822,341,425,35,nan,nan,0.02
11/3/2025 5:25:17,1.17.2,PRexp,10,3.77,nan,178,Left,Left,7823,341,425,35,nan,nan,0.05
11/3/2025 5:25:20,1.17.2,PRexp,10,3.77,nan,178,Left,Left,7824,341,425,35,nan,nan,0.21
11/3/2025 5:25:22,1.17.2,PRexp,10,3.76,nan,178,Left,Left,7825,341,425,35,nan,nan,0.29
11/3/2025 5:25:23,1.17.2,PRexp,10,3.76,nan,178,Left,Left,7826,341,425,35,nan,nan,0.06
11/3/2025 5:25:32,1.17.2,PRexp,10,3.76,nan,178,Left,Left,7827,341,425,35,nan,nan,0.21
11/3/2025 5:25:38,1.17.2,PRexp,10,3.77,nan,178,Left,Left,7828,341,425,35,nan,nan,0.00
11/3/2025 5:25:54,1.17.2,PRexp,10,3.76,nan,178,Left,Left,7829,341,425,35,nan,nan,0.01
11/3/2025 5:26:34,1.17.2,PRexp,10,3.77,nan,178,Left,Left,7830,341,425,35,nan,nan,0.04
11/3/2025 5:26:34,1.17.2,PRexp,10,3.76,nan,178,Left,Left,7831,341,425,35,nan,nan,0.00
11/3/2025 5:26:47,1.17.2,PRexp,10,3.77,nan,178,Left,Left,7832,341,425,35,nan,nan,0.09
11/3/2025 5:27:16,1.17.2,PRexp,10,3.77,nan,178,Right,Left,7832,342,425,35,nan,nan,0.27
11/3/2025 5:27:16,1.17.2,PRexp,10,3.77,nan,178,Right,Left,7832,343,425,35,nan,nan,0.18
11/3/2025 5:27:20,1.17.2,PRexp,10,3.77,nan,178,Left,Left,7833,343,425,35,nan,nan,0.02
11/3/2025 5:27:22,1.17.2,PRexp,10,3.77,nan,178,Left,Left,7834,343,425,35,nan,nan,0.10
11/3/2025 5:27:23,1.17.2,PRexp,10,3.76,nan,178,Left,Left,7835,343,425,35,nan,nan,0.05
11/3/2025 5:27:27,1.17.2,PRexp,10,3.77,nan,178,Left,Left,7836,343,425,35,nan,nan,0.09
11/3/2025 5:27:29,1.17.2,PRexp,10,3.76,nan,178,Left,Left,7837,343,425,35,nan,nan,0.08
11/3/2025 5:27:29,1.17.2,PRexp,10,3.77,nan,178,Left,Left,7838,343,425,35,nan,nan,0.10
11/3/2025 5:27:30,1.17.2,PRexp,10,3.77,nan,178,Left,Left,7839,343,425,35,nan,nan,0.09
11/3/2025 5:27:55,1.17.2,PRexp,10,3.77,nan,178,Left,Left,7840,343,425,35,nan,nan,0.09
11/3/2025 5:28:09,1.17.2,PRexp,10,3.76,nan,178,Left,Left,7841,343,425,35,nan,nan,0.14
11/3/2025 5:28:11,1.17.2,PRexp,10,3.77,nan,178,Left,Left,7842,343,425,35,nan,nan,0.04
11/3/2025 5:28:12,1.17.2,PRexp,10,3.77,nan,178,Left,Left,7843,343,425,35,nan,nan,0.16
11/3/2025 5:28:13,1.17.2,PRexp,10,3.76,nan,178,Left,Left,7844,343,425,35,nan,nan,0.12
11/3/2025 5:28:14,1.17.2,PRexp,10,3.76,nan,178,Left,Left,7845,343,425,35,nan,nan,0.00
11/3/2025 5:32:22,1.17.2,PRexp,10,3.76,nan,178,Left,Left,7846,343,425,35,nan,nan,0.10
11/3/2025 5:32:47,1.17.2,PRexp,10,3.76,nan,178,Right,Left,7846,344,425,35,nan,nan,0.12
11/3/2025 5:33:51,1.17.2,PRexp,10,3.76,nan,178,Left,Left,7847,344,425,35,nan,nan,0.01
11/3/2025 5:33:53,1.17.2,PRexp,10,3.76,nan,178,Left,Left,7848,344,425,35,nan,nan,0.02
11/3/2025 5:33:54,1.17.2,PRexp,10,3.76,nan,178,Left,Left,7849,344,425,35,nan,nan,0.10
11/3/2025 5:34:20,1.17.2,PRexp,10,3.76,nan,178,Left,Left,7850,344,425,35,nan,nan,0.14
11/3/2025 5:34:21,1.17.2,PRexp,10,3.77,nan,178,Left,Left,7851,344,425,35,nan,nan,0.08
11/3/2025 5:37:15,1.17.2,PRexp,10,3.76,nan,178,Left,Left,7852,344,425,35,nan,nan,0.06
11/3/2025 5:37:16,1.17.2,PRexp,10,3.77,nan,178,Left,Left,7853,344,425,35,nan,nan,0.04
11/3/2025 5:37:19,1.17.2,PRexp,10,3.76,nan,178,Left,Left,7854,344,425,35,nan,nan,0.94
11/3/2025 5:37:21,1.17.2,PRexp,10,3.77,nan,178,Left,Left,7855,344,425,35,nan,nan,0.17
11/3/2025 5:37:23,1.17.2,PRexp,10,3.76,nan,178,Left,Left,7856,344,425,35,nan,nan,0.04
11/3/2025 5:37:26,1.17.2,PRexp,10,3.77,nan,178,Left,Left,7857,344,425,35,nan,nan,0.02
11/3/2025 5:37:36,1.17.2,PRexp,10,3.77,6,178,Pellet,Left,7857,344,426,36,0.78,2967,nan
11/3/2025 5:40:27,1.17.2,PRexp,10,3.76,nan,197,Left,Left,7858,344,426,36,nan,nan,0.09
11/3/2025 5:43:25,1.17.2,PRexp,10,3.77,nan,197,Left,Left,7859,344,426,36,nan,nan,0.18
11/3/2025 5:43:31,1.17.2,PRexp,10,3.76,nan,197,Left,Left,7860,344,426,36,nan,nan,0.18
11/3/2025 5:43:35,1.17.2,PRexp,10,3.76,nan,197,Left,Left,7861,344,426,36,nan,nan,0.15
11/3/2025 5:46:41,1.17.2,PRexp,10,3.76,nan,197,Right,Left,7861,345,426,36,nan,nan,0.03
11/3/2025 5:46:46,1.17.2,PRexp,10,3.77,nan,197,Left,Left,7862,345,426,36,nan,nan,0.27
11/3/2025 5:46:47,1.17.2,PRexp,10,3.77,nan,197,Left,Left,7863,345,426,36,nan,nan,0.27
11/3/2025 5:46:49,1.17.2,PRexp,10,3.77,nan,197,Left,Left,7864,345,426,36,nan,nan,0.01
11/3/2025 5:46:51,1.17.2,PRexp,10,3.77,nan,197,Left,Left,7865,345,426,36,nan,nan,0.67
11/3/2025 5:46:53,1.17.2,PRexp,10,3.76,nan,197,Left,Left,7866,345,426,36,nan,nan,0.36
11/3/2025 5:46:54,1.17.2,PRexp,10,3.76,nan,197,Left,Left,7867,345,426,36,nan,nan,0.17
11/3/2025 5:46:55,1.17.2,PRexp,10,3.77,nan,197,Left,Left,7868,345,426,36,nan,nan,0.01
11/3/2025 5:46:56,1.17.2,PRexp,10,3.77,nan,197,Left,Left,7869,345,426,36,nan,nan,0.01
11/3/2025 5:46:58,1.17.2,PRexp,10,3.77,nan,197,Left,Left,7870,345,426,36,nan,nan,1.46
11/3/2025 5:47:00,1.17.2,PRexp,10,3.76,nan,197,Left,Left,7871,345,426,36,nan,nan,0.01
11/3/2025 5:47:02,1.17.2,PRexp,10,3.77,nan,197,Left,Left,7872,345,426,36,nan,nan,0.09
11/3/2025 5:47:03,1.17.2,PRexp,10,3.77,nan,197,Left,Left,7873,345,426,36,nan,nan,0.55
11/3/2025 5:47:05,1.17.2,PRexp,10,3.77,nan,197,Left,Left,7874,345,426,36,nan,nan,0.04
11/3/2025 5:47:06,1.17.2,PRexp,10,3.76,nan,197,Left,Left,7875,345,426,36,nan,nan,0.00
11/3/2025 5:47:09,1.17.2,PRexp,10,3.76,nan,197,Left,Left,7876,345,426,36,nan,nan,0.15
11/3/2025 5:47:12,1.17.2,PRexp,10,3.76,nan,197,Left,Left,7877,345,426,36,nan,nan,1.04
11/3/2025 5:47:13,1.17.2,PRexp,10,3.76,nan,197,Left,Left,7878,345,426,36,nan,nan,0.01
11/3/2025 5:47:14,1.17.2,PRexp,10,3.77,nan,197,Left,Left,7879,345,426,36,nan,nan,0.17
11/3/2025 5:47:19,1.17.2,PRexp,10,3.76,nan,197,Left,Left,7880,345,426,36,nan,nan,0.01
11/3/2025 5:47:20,1.17.2,PRexp,10,3.77,nan,197,Left,Left,7881,345,426,36,nan,nan,0.51
11/3/2025 5:47:21,1.17.2,PRexp,10,3.77,nan,197,Left,Left,7882,345,426,36,nan,nan,0.03
11/3/2025 5:47:24,1.17.2,PRexp,10,3.77,nan,197,Left,Left,7883,345,426,36,nan,nan,0.15
11/3/2025 5:47:25,1.17.2,PRexp,10,3.77,nan,197,Left,Left,7884,345,426,36,nan,nan,0.01
11/3/2025 5:47:28,1.17.2,PRexp,10,3.76,nan,197,Left,Left,7885,345,426,36,nan,nan,0.02
11/3/2025 5:47:30,1.17.2,PRexp,10,3.76,nan,197,Left,Left,7886,345,426,36,nan,nan,0.42
11/3/2025 5:47:34,1.17.2,PRexp,10,3.77,nan,197,Left,Left,7887,345,426,36,nan,nan,1.63
11/3/2025 5:47:37,1.17.2,PRexp,10,3.77,nan,197,Left,Left,7888,345,426,36,nan,nan,0.02
11/3/2025 5:47:39,1.17.2,PRexp,10,3.76,nan,197,Left,Left,7889,345,426,36,nan,nan,0.77
11/3/2025 5:47:42,1.17.2,PRexp,10,3.77,nan,197,Left,Left,7890,345,426,36,nan,nan,0.70
11/3/2025 5:47:45,1.17.2,PRexp,10,3.76,nan,197,Left,Left,7891,345,426,36,nan,nan,1.04
11/3/2025 5:47:47,1.17.2,PRexp,10,3.77,nan,197,Left,Left,7892,345,426,36,nan,nan,0.00
11/3/2025 5:47:48,1.17.2,PRexp,10,3.76,nan,197,Left,Left,7893,345,426,36,nan,nan,0.08
11/3/2025 5:47:49,1.17.2,PRexp,10,3.77,nan,197,Left,Left,7894,345,426,36,nan,nan,0.67
11/3/2025 5:47:51,1.17.2,PRexp,10,3.76,nan,197,Left,Left,7895,345,426,36,nan,nan,0.06
11/3/2025 5:47:52,1.17.2,PRexp,10,3.77,nan,197,Left,Left,7896,345,426,36,nan,nan,0.00
11/3/2025 5:47:53,1.17.2,PRexp,10,3.76,nan,197,Left,Left,7897,345,426,36,nan,nan,0.00
11/3/2025 5:47:54,1.17.2,PRexp,10,3.77,nan,197,Left,Left,7898,345,426,36,nan,nan,0.16
11/3/2025 5:47:55,1.17.2,PRexp,10,3.77,nan,197,Left,Left,7899,345,426,36,nan,nan,0.00
11/3/2025 5:47:58,1.17.2,PRexp,10,3.77,nan,197,Left,Left,7900,345,426,36,nan,nan,0.32
11/3/2025 5:48:02,1.17.2,PRexp,10,3.77,nan,197,Left,Left,7901,345,426,36,nan,nan,0.36
11/3/2025 5:48:03,1.17.2,PRexp,10,3.76,nan,197,Left,Left,7902,345,426,36,nan,nan,0.06
11/3/2025 5:48:05,1.17.2,PRexp,10,3.77,nan,197,Left,Left,7903,345,426,36,nan,nan,0.05
11/3/2025 5:48:06,1.17.2,PRexp,10,3.76,nan,197,Left,Left,7904,345,426,36,nan,nan,0.06
11/3/2025 5:48:07,1.17.2,PRexp,10,3.77,nan,197,Left,Left,7905,345,426,36,nan,nan,0.07
11/3/2025 5:48:09,1.17.2,PRexp,10,3.77,nan,197,Left,Left,7906,345,426,36,nan,nan,1.01
11/3/2025 5:48:11,1.17.2,PRexp,10,3.77,nan,197,Left,Left,7907,345,426,36,nan,nan,1.03
11/3/2025 5:48:16,1.17.2,PRexp,10,3.76,nan,197,Left,Left,7908,345,426,36,nan,nan,0.07
11/3/2025 5:48:18,1.17.2,PRexp,10,3.76,nan,197,Left,Left,7909,345,426,36,nan,nan,0.04
11/3/2025 5:48:19,1.17.2,PRexp,10,3.76,nan,197,Left,Left,7910,345,426,36,nan,nan,0.03
11/3/2025 5:48:21,1.17.2,PRexp,10,3.76,nan,197,Left,Left,7911,345,426,36,nan,nan,0.60
11/3/2025 5:48:23,1.17.2,PRexp,10,3.77,nan,197,Left,Left,7912,345,426,36,nan,nan,0.98
11/3/2025 6:02:11,1.17.2,PRexp,10,3.76,nan,197,Left,Left,7913,345,426,36,nan,nan,0.78
11/3/2025 6:11:21,1.17.2,PRexp,10,3.76,nan,197,Left,Left,7914,345,426,36,nan,nan,0.16
11/3/2025 6:11:26,1.17.2,PRexp,10,3.77,nan,197,Left,Left,7915,345,426,36,nan,nan,2.95
11/3/2025 6:11:33,1.17.2,PRexp,10,3.76,nan,197,Left,Left,7916,345,426,36,nan,nan,4.68
11/3/2025 6:11:41,1.17.2,PRexp,10,3.76,nan,197,Left,Left,7917,345,426,36,nan,nan,5.80
11/3/2025 6:11:45,1.17.2,PRexp,10,3.77,nan,197,Left,Left,7918,345,426,36,nan,nan,0.03
11/3/2025 6:24:42,1.17.2,PRexp,10,3.77,nan,197,Left,Left,7919,345,426,36,nan,nan,0.42
11/3/2025 6:24:45,1.17.2,PRexp,10,3.77,nan,197,Left,Left,7920,345,426,36,nan,nan,1.34
11/3/2025 6:43:14,1.17.2,PRexp,10,3.76,nan,197,Left,Left,7921,345,426,36,nan,nan,2.76
11/3/2025 6:43:32,1.17.2,PRexp,10,3.76,nan,197,Left,Left,7922,345,426,36,nan,nan,1.32
11/3/2025 6:43:36,1.17.2,PRexp,10,3.75,nan,197,Left,Left,7923,345,426,36,nan,nan,1.71
11/3/2025 6:43:37,1.17.2,PRexp,10,3.76,nan,197,Left,Left,7924,345,426,36,nan,nan,0.05
11/3/2025 6:43:51,1.17.2,PRexp,10,3.76,nan,197,Left,Left,7925,345,426,36,nan,nan,0.10
11/3/2025 6:46:05,1.17.2,PRexp,10,3.76,nan,197,Left,Left,7926,345,426,36,nan,nan,1.17
11/3/2025 6:46:08,1.17.2,PRexp,10,3.76,nan,197,Left,Left,7927,345,426,36,nan,nan,1.06
11/3/2025 6:48:31,1.17.2,PRexp,10,3.77,nan,197,Left,Left,7928,345,426,36,nan,nan,0.35
11/3/2025 6:52:30,1.17.2,PRexp,10,3.76,nan,197,Left,Left,7929,345,426,36,nan,nan,4.46
11/3/2025 6:52:41,1.17.2,PRexp,10,3.76,nan,197,Left,Left,7930,345,426,36,nan,nan,0.03
11/3/2025 6:52:47,1.17.2,PRexp,10,3.76,nan,197,Left,Left,7931,345,426,36,nan,nan,0.35
11/3/2025 6:52:51,1.17.2,PRexp,10,3.76,nan,197,Left,Left,7932,345,426,36,nan,nan,0.62
11/3/2025 6:53:43,1.17.2,PRexp,10,3.76,nan,197,Left,Left,7933,345,426,36,nan,nan,2.57
11/3/2025 7:09:22,1.17.2,PRexp,10,3.76,nan,197,Left,Left,7934,345,426,36,nan,nan,3.66
11/3/2025 7:18:00,1.17.2,PRexp,10,3.76,nan,197,Left,Left,7935,345,426,36,nan,nan,0.33
11/3/2025 7:20:59,1.17.2,PRexp,10,3.77,nan,197,Left,Left,7936,345,426,36,nan,nan,2.53
11/3/2025 7:22:52,1.17.2,PRexp,10,3.76,nan,197,Left,Left,7937,345,426,36,nan,nan,0.76
11/3/2025 7:26:10,1.17.2,PRexp,10,3.77,nan,197,Left,Left,7938,345,426,36,nan,nan,0.62
11/3/2025 7:26:21,1.17.2,PRexp,10,3.76,nan,197,Left,Left,7939,345,426,36,nan,nan,9.54
11/3/2025 7:30:51,1.17.2,PRexp,10,3.76,nan,197,Left,Left,7940,345,426,36,nan,nan,1.48
11/3/2025 7:33:40,1.17.2,PRexp,10,3.76,nan,197,Left,Left,7941,345,426,36,nan,nan,0.35
11/3/2025 7:35:50,1.17.2,PRexp,10,3.76,nan,197,Left,Left,7942,345,426,36,nan,nan,0.14
11/3/2025 7:36:15,1.17.2,PRexp,10,3.76,nan,197,Left,Left,7943,345,426,36,nan,nan,0.15
11/3/2025 7:36:21,1.17.2,PRexp,10,3.76,nan,197,Left,Left,7944,345,426,36,nan,nan,0.00
11/3/2025 7:39:21,1.17.2,PRexp,10,3.76,nan,197,Left,Left,7945,345,426,36,nan,nan,0.21
11/3/2025 7:40:52,1.17.2,PRexp,10,3.76,nan,197,Left,Left,7946,345,426,36,nan,nan,43.11
11/3/2025 7:41:59,1.17.2,PRexp,10,3.76,nan,197,Left,Left,7947,345,426,36,nan,nan,0.66
11/3/2025 7:42:01,1.17.2,PRexp,10,3.76,nan,197,Left,Left,7948,345,426,36,nan,nan,1.07
11/3/2025 7:42:14,1.17.2,PRexp,10,3.76,nan,197,Left,Left,7949,345,426,36,nan,nan,0.51
11/3/2025 7:42:18,1.17.2,PRexp,10,3.76,nan,197,Left,Left,7950,345,426,36,nan,nan,1.86
11/3/2025 7:42:30,1.17.2,PRexp,10,3.76,nan,197,Left,Left,7951,345,426,36,nan,nan,0.22
11/3/2025 7:42:31,1.17.2,PRexp,10,3.76,nan,197,Left,Left,7952,345,426,36,nan,nan,0.03
11/3/2025 7:42:33,1.17.2,PRexp,10,3.76,nan,197,Left,Left,7953,345,426,36,nan,nan,0.29
11/3/2025 7:42:51,1.17.2,PRexp,10,3.76,nan,197,Left,Left,7954,345,426,36,nan,nan,2.73
11/3/2025 7:43:30,1.17.2,PRexp,10,3.76,nan,197,Left,Left,7955,345,426,36,nan,nan,1.12
11/3/2025 9:44:50,1.17.2,PRexp,10,3.76,nan,1,Left,Left,7956,345,426,0,nan,nan,0.05
11/3/2025 9:44:52,1.17.2,PRexp,10,3.76,nan,1,LeftDuringDispense,Left,7957,345,426,1,nan,nan,1.04
11/3/2025 9:45:16,1.17.2,PRexp,10,3.76,nan,1,LeftWithPellet,Left,7958,345,426,1,nan,nan,0.09
11/3/2025 9:45:25,1.17.2,PRexp,10,3.76,8,1,Pellet,Left,7958,345,427,1,17.45,14869,nan
11/3/2025 9:54:18,1.17.2,PRexp,10,3.76,nan,1,Left,Left,7959,345,427,1,nan,nan,0.30
11/3/2025 9:54:39,1.17.2,PRexp,10,3.76,nan,1,LeftDuringDispense,Left,7960,345,427,2,nan,nan,0.84
11/3/2025 9:55:12,1.17.2,PRexp,10,3.76,18,1,Pellet,Left,7960,345,428,2,5.03,587,nan
11/3/2025 9:57:06,1.17.2,PRexp,10,3.76,nan,2,Left,Left,7961,345,428,2,nan,nan,0.51
11/3/2025 9:57:18,1.17.2,PRexp,10,3.76,nan,2,Left,Left,7962,345,428,2,nan,nan,0.43
11/3/2025 9:58:00,1.17.2,PRexp,10,3.76,15,2,Pellet,Left,7962,345,429,3,1.84,168,nan
11/3/2025 9:59:41,1.17.2,PRexp,10,3.76,nan,2,Left,Left,7963,345,429,3,nan,nan,0.55
11/3/2025 9:59:44,1.17.2,PRexp,10,3.76,nan,2,Left,Left,7964,345,429,3,nan,nan,0.42
11/3/2025 9:59:44,1.17.2,PRexp,10,3.76,nan,2,LeftDuringDispense,Left,7965,345,429,4,nan,nan,0.02
11/3/2025 9:59:57,1.17.2,PRexp,10,3.76,6,2,Pellet,Left,7965,345,430,4,1.33,117,nan
11/3/2025 10:02:32,1.17.2,PRexp,10,3.76,nan,3,Left,Left,7966,345,430,4,nan,nan,0.09
11/3/2025 10:02:33,1.17.2,PRexp,10,3.75,nan,3,Left,Left,7967,345,430,4,nan,nan,0.00
11/3/2025 10:02:35,1.17.2,PRexp,10,3.76,nan,3,Left,Left,7968,345,430,4,nan,nan,0.00
11/3/2025 10:02:36,1.17.2,PRexp,10,3.76,nan,3,LeftDuringDispense,Left,7969,345,430,5,nan,nan,0.52
11/3/2025 10:02:46,1.17.2,PRexp,10,3.76,6,3,Pellet,Left,7969,345,431,5,0.61,169,nan
11/3/2025 10:04:05,1.17.2,PRexp,10,3.76,nan,4,Left,Left,7970,345,431,5,nan,nan,0.34
11/3/2025 10:04:07,1.17.2,PRexp,10,3.76,nan,4,Left,Left,7971,345,431,5,nan,nan,0.26
11/3/2025 10:04:10,1.17.2,PRexp,10,3.76,nan,4,Left,Left,7972,345,431,5,nan,nan,0.31
11/3/2025 10:04:12,1.17.2,PRexp,10,3.76,nan,4,Left,Left,7973,345,431,5,nan,nan,0.20
11/3/2025 10:04:12,1.17.2,PRexp,10,3.76,nan,4,LeftDuringDispense,Left,7974,345,431,6,nan,nan,0.25
11/3/2025 10:04:25,1.17.2,PRexp,10,3.76,7,4,Pellet,Left,7974,345,432,6,0.72,99,nan
11/3/2025 10:06:17,1.17.2,PRexp,10,3.76,nan,5,Left,Left,7975,345,432,6,nan,nan,0.30
11/3/2025 10:06:21,1.17.2,PRexp,10,3.76,nan,5,Left,Left,7976,345,432,6,nan,nan,0.36
11/3/2025 10:06:23,1.17.2,PRexp,10,3.76,nan,5,Left,Left,7977,345,432,6,nan,nan,1.12
11/3/2025 10:06:23,1.17.2,PRexp,10,3.76,nan,5,Left,Left,7978,345,432,6,nan,nan,0.06
11/3/2025 10:06:25,1.17.2,PRexp,10,3.76,nan,5,Left,Left,7979,345,432,6,nan,nan,0.65
11/3/2025 10:06:35,1.17.2,PRexp,10,3.76,5,5,Pellet,Left,7979,345,433,7,1.11,130,nan
11/3/2025 10:07:38,1.17.2,PRexp,10,3.75,nan,6,Left,Left,7980,345,433,7,nan,nan,0.03
11/3/2025 10:07:44,1.17.2,PRexp,10,3.76,nan,6,Left,Left,7981,345,433,7,nan,nan,0.36
11/3/2025 10:07:49,1.17.2,PRexp,10,3.76,nan,6,Left,Left,7982,345,433,7,nan,nan,0.24
11/3/2025 10:07:50,1.17.2,PRexp,10,3.76,nan,6,Left,Left,7983,345,433,7,nan,nan,0.28
11/3/2025 10:07:57,1.17.2,PRexp,10,3.76,nan,6,Left,Left,7984,345,433,7,nan,nan,0.70
11/3/2025 10:08:04,1.17.2,PRexp,10,3.76,nan,6,Left,Left,7985,345,433,7,nan,nan,0.32
11/3/2025 10:08:12,1.17.2,PRexp,10,3.76,5,6,Pellet,Left,7985,345,434,8,0.22,97,nan
11/3/2025 10:10:10,1.17.2,PRexp,10,3.76,nan,7,Left,Left,7986,345,434,8,nan,nan,0.06
11/3/2025 10:10:16,1.17.2,PRexp,10,3.76,nan,7,Left,Left,7987,345,434,8,nan,nan,0.00
11/3/2025 10:10:35,1.17.2,PRexp,10,3.76,nan,7,Left,Left,7988,345,434,8,nan,nan,0.12
11/3/2025 10:10:38,1.17.2,PRexp,10,3.76,nan,7,Left,Left,7989,345,434,8,nan,nan,0.45
11/3/2025 10:10:48,1.17.2,PRexp,10,3.76,nan,7,Left,Left,7990,345,434,8,nan,nan,0.02
11/3/2025 10:10:48,1.17.2,PRexp,10,3.76,nan,7,Left,Left,7991,345,434,8,nan,nan,0.06
11/3/2025 10:10:50,1.17.2,PRexp,10,3.76,nan,7,Left,Left,7992,345,434,8,nan,nan,0.10
11/3/2025 10:10:50,1.17.2,PRexp,10,3.75,nan,7,LeftDuringDispense,Left,7993,345,434,9,nan,nan,0.02
11/3/2025 10:11:04,1.17.2,PRexp,10,3.76,7,7,Pellet,Left,7993,345,435,9,1.44,172,nan
11/3/2025 10:12:12,1.17.2,PRexp,10,3.76,nan,9,Left,Left,7994,345,435,9,nan,nan,0.06
11/3/2025 10:12:13,1.17.2,PRexp,10,3.76,nan,9,Left,Left,7995,345,435,9,nan,nan,0.02
11/3/2025 10:12:16,1.17.2,PRexp,10,3.76,nan,9,Left,Left,7996,345,435,9,nan,nan,0.08
11/3/2025 10:12:18,1.17.2,PRexp,10,3.76,nan,9,Left,Left,7997,345,435,9,nan,nan,0.02
11/3/2025 10:12:20,1.17.2,PRexp,10,3.76,nan,9,Left,Left,7998,345,435,9,nan,nan,0.02
11/3/2025 10:12:23,1.17.2,PRexp,10,3.76,nan,9,Left,Left,7999,345,435,9,nan,nan,0.88
11/3/2025 10:12:29,1.17.2,PRexp,10,3.76,nan,9,Left,Left,8000,345,435,9,nan,nan,0.07
11/3/2025 10:12:30,1.17.2,PRexp,10,3.76,nan,9,Left,Left,8001,345,435,9,nan,nan,0.00
11/3/2025 10:12:32,1.17.2,PRexp,10,3.76,nan,9,Left,Left,8002,345,435,9,nan,nan,0.20
11/3/2025 10:12:33,1.17.2,PRexp,10,3.76,nan,9,LeftDuringDispense,Left,8003,345,435,10,nan,nan,0.18
11/3/2025 10:12:50,1.17.2,PRexp,10,3.76,8,9,Pellet,Left,8003,345,436,10,0.83,106,nan
11/3/2025 10:14:01,1.17.2,PRexp,10,3.76,nan,10,Left,Left,8004,345,436,10,nan,nan,0.01
11/3/2025 10:14:02,1.17.2,PRexp,10,3.76,nan,10,Left,Left,8005,345,436,10,nan,nan,0.14
11/3/2025 10:14:04,1.17.2,PRexp,10,3.76,nan,10,Left,Left,8006,345,436,10,nan,nan,0.42
11/3/2025 10:14:08,1.17.2,PRexp,10,3.76,nan,10,Left,Left,8007,345,436,10,nan,nan,0.08
11/3/2025 10:14:09,1.17.2,PRexp,10,3.76,nan,10,Left,Left,8008,345,436,10,nan,nan,0.02
11/3/2025 10:14:10,1.17.2,PRexp,10,3.76,nan,10,Left,Left,8009,345,436,10,nan,nan,0.44
11/3/2025 10:14:15,1.17.2,PRexp,10,3.76,nan,10,Left,Left,8010,345,436,10,nan,nan,0.01
11/3/2025 10:14:18,1.17.2,PRexp,10,3.76,nan,10,Left,Left,8011,345,436,10,nan,nan,0.21
11/3/2025 10:14:20,1.17.2,PRexp,10,3.76,nan,10,Left,Left,8012,345,436,10,nan,nan,0.02
11/3/2025 10:14:25,1.17.2,PRexp,10,3.76,nan,10,Left,Left,8013,345,436,10,nan,nan,0.24
11/3/2025 10:14:32,1.17.2,PRexp,10,3.76,5,10,Pellet,Left,8013,345,437,11,0.16,102,nan
11/3/2025 10:16:36,1.17.2,PRexp,10,3.75,nan,12,Left,Left,8014,345,437,11,nan,nan,0.02
11/3/2025 10:16:45,1.17.2,PRexp,10,3.76,nan,12,Left,Left,8015,345,437,11,nan,nan,0.02
11/3/2025 10:16:47,1.17.2,PRexp,10,3.76,nan,12,Left,Left,8016,345,437,11,nan,nan,0.11
11/3/2025 10:16:48,1.17.2,PRexp,10,3.76,nan,12,Left,Left,8017,345,437,11,nan,nan,0.11
11/3/2025 10:16:52,1.17.2,PRexp,10,3.76,nan,12,Left,Left,8018,345,437,11,nan,nan,0.12
11/3/2025 10:16:54,1.17.2,PRexp,10,3.76,nan,12,Left,Left,8019,345,437,11,nan,nan,0.03
11/3/2025 10:17:46,1.17.2,PRexp,10,3.76,nan,12,Right,Left,8019,346,437,11,nan,nan,0.59
11/3/2025 10:17:51,1.17.2,PRexp,10,3.76,nan,12,Left,Left,8020,346,437,11,nan,nan,0.12
11/3/2025 10:17:52,1.17.2,PRexp,10,3.76,nan,12,Left,Left,8021,346,437,11,nan,nan,0.11
11/3/2025 10:17:54,1.17.2,PRexp,10,3.76,nan,12,Left,Left,8022,346,437,11,nan,nan,0.06
11/3/2025 10:17:56,1.17.2,PRexp,10,3.76,nan,12,Left,Left,8023,346,437,11,nan,nan,0.24
11/3/2025 10:17:57,1.17.2,PRexp,10,3.76,nan,12,Left,Left,8024,346,437,11,nan,nan,0.14
11/3/2025 10:17:58,1.17.2,PRexp,10,3.76,nan,12,Left,Left,8025,346,437,11,nan,nan,0.04
11/3/2025 10:18:06,1.17.2,PRexp,10,3.76,5,12,Pellet,Left,8025,346,438,12,0.55,214,nan
11/3/2025 10:18:55,1.17.2,PRexp,10,3.76,nan,13,Left,Left,8026,346,438,12,nan,nan,0.01
11/3/2025 10:18:57,1.17.2,PRexp,10,3.76,nan,13,Left,Left,8027,346,438,12,nan,nan,0.99
11/3/2025 10:18:59,1.17.2,PRexp,10,3.76,nan,13,Left,Left,8028,346,438,12,nan,nan,0.10
11/3/2025 10:19:00,1.17.2,PRexp,10,3.76,nan,13,Left,Left,8029,346,438,12,nan,nan,0.00
11/3/2025 10:19:01,1.17.2,PRexp,10,3.76,nan,13,Left,Left,8030,346,438,12,nan,nan,0.01
11/3/2025 10:19:02,1.17.2,PRexp,10,3.76,nan,13,Left,Left,8031,346,438,12,nan,nan,0.15
11/3/2025 10:19:04,1.17.2,PRexp,10,3.76,nan,13,Left,Left,8032,346,438,12,nan,nan,0.14
11/3/2025 10:19:05,1.17.2,PRexp,10,3.76,nan,13,Left,Left,8033,346,438,12,nan,nan,0.01
11/3/2025 10:19:06,1.17.2,PRexp,10,3.76,nan,13,Left,Left,8034,346,438,12,nan,nan,0.00
11/3/2025 10:19:06,1.17.2,PRexp,10,3.76,nan,13,Left,Left,8035,346,438,12,nan,nan,0.02
11/3/2025 10:19:13,1.17.2,PRexp,10,3.76,nan,13,Left,Left,8036,346,438,12,nan,nan,0.04
11/3/2025 10:19:14,1.17.2,PRexp,10,3.76,nan,13,Left,Left,8037,346,438,12,nan,nan,0.13
11/3/2025 10:19:16,1.17.2,PRexp,10,3.76,nan,13,Left,Left,8038,346,438,12,nan,nan,0.41
11/3/2025 10:19:27,1.17.2,PRexp,10,3.76,5,13,Pellet,Left,8038,346,439,13,0.83,80,nan
11/3/2025 10:21:11,1.17.2,PRexp,10,3.76,nan,15,Left,Left,8039,346,439,13,nan,nan,0.12
11/3/2025 10:21:12,1.17.2,PRexp,10,3.76,nan,15,Left,Left,8040,346,439,13,nan,nan,0.07
11/3/2025 10:21:13,1.17.2,PRexp,10,3.76,nan,15,Left,Left,8041,346,439,13,nan,nan,0.13
11/3/2025 10:21:15,1.17.2,PRexp,10,3.76,nan,15,Left,Left,8042,346,439,13,nan,nan,0.11
11/3/2025 10:21:16,1.17.2,PRexp,10,3.75,nan,15,Left,Left,8043,346,439,13,nan,nan,0.03
11/3/2025 10:21:17,1.17.2,PRexp,10,3.75,nan,15,Left,Left,8044,346,439,13,nan,nan,0.30
11/3/2025 10:21:18,1.17.2,PRexp,10,3.76,nan,15,Left,Left,8045,346,439,13,nan,nan,0.11
11/3/2025 10:21:19,1.17.2,PRexp,10,3.76,nan,15,Left,Left,8046,346,439,13,nan,nan,0.04
11/3/2025 10:21:21,1.17.2,PRexp,10,3.76,nan,15,Left,Left,8047,346,439,13,nan,nan,0.12
11/3/2025 10:21:22,1.17.2,PRexp,10,3.76,nan,15,Left,Left,8048,346,439,13,nan,nan,0.00
11/3/2025 10:21:23,1.17.2,PRexp,10,3.76,nan,15,Left,Left,8049,346,439,13,nan,nan,0.27
11/3/2025 10:21:26,1.17.2,PRexp,10,3.76,nan,15,Left,Left,8050,346,439,13,nan,nan,0.53
11/3/2025 10:21:28,1.17.2,PRexp,10,3.76,nan,15,Left,Left,8051,346,439,13,nan,nan,0.15
11/3/2025 10:21:31,1.17.2,PRexp,10,3.75,nan,15,Left,Left,8052,346,439,13,nan,nan,0.03
11/3/2025 10:21:32,1.17.2,PRexp,10,3.76,nan,15,Left,Left,8053,346,439,13,nan,nan,0.00
11/3/2025 10:21:32,1.17.2,PRexp,10,3.76,nan,15,LeftDuringDispense,Left,8054,346,439,14,nan,nan,0.14
11/3/2025 10:21:46,1.17.2,PRexp,10,3.76,7,15,Pellet,Left,8054,346,440,14,0.44,140,nan
11/3/2025 10:23:19,1.17.2,PRexp,10,3.76,nan,17,Left,Left,8055,346,440,14,nan,nan,0.38
11/3/2025 10:23:21,1.17.2,PRexp,10,3.76,nan,17,Left,Left,8056,346,440,14,nan,nan,0.03
11/3/2025 10:23:23,1.17.2,PRexp,10,3.76,nan,17,Left,Left,8057,346,440,14,nan,nan,0.08
11/3/2025 10:23:28,1.17.2,PRexp,10,3.76,nan,17,Left,Left,8058,346,440,14,nan,nan,0.11
11/3/2025 10:23:29,1.17.2,PRexp,10,3.76,nan,17,Left,Left,8059,346,440,14,nan,nan,0.42
11/3/2025 10:23:30,1.17.2,PRexp,10,3.76,nan,17,Left,Left,8060,346,440,14,nan,nan,0.02
11/3/2025 10:23:31,1.17.2,PRexp,10,3.76,nan,17,Left,Left,8061,346,440,14,nan,nan,0.04
11/3/2025 10:27:09,1.17.2,PRexp,10,3.75,nan,17,Left,Left,8062,346,440,14,nan,nan,0.04
11/3/2025 10:27:14,1.17.2,PRexp,10,3.76,nan,17,Left,Left,8063,346,440,14,nan,nan,1.02
11/3/2025 10:27:15,1.17.2,PRexp,10,3.76,nan,17,Left,Left,8064,346,440,14,nan,nan,0.02
11/3/2025 10:27:16,1.17.2,PRexp,10,3.76,nan,17,Left,Left,8065,346,440,14,nan,nan,0.00
11/3/2025 10:27:17,1.17.2,PRexp,10,3.76,nan,17,Left,Left,8066,346,440,14,nan,nan,0.07
11/3/2025 10:27:18,1.17.2,PRexp,10,3.76,nan,17,Left,Left,8067,346,440,14,nan,nan,0.09
11/3/2025 10:27:18,1.17.2,PRexp,10,3.76,nan,17,Left,Left,8068,346,440,14,nan,nan,0.01
11/3/2025 10:27:19,1.17.2,PRexp,10,3.76,nan,17,Left,Left,8069,346,440,14,nan,nan,0.01
11/3/2025 10:27:20,1.17.2,PRexp,10,3.76,nan,17,Left,Left,8070,346,440,14,nan,nan,0.00
11/3/2025 10:27:22,1.17.2,PRexp,10,3.76,nan,17,Left,Left,8071,346,440,14,nan,nan,0.69
11/3/2025 10:27:31,1.17.2,PRexp,10,3.76,6,17,Pellet,Left,8071,346,441,15,0.16,345,nan
11/3/2025 10:28:25,1.17.2,PRexp,10,3.76,nan,20,Left,Left,8072,346,441,15,nan,nan,0.01
11/3/2025 10:28:25,1.17.2,PRexp,10,3.76,nan,20,Left,Left,8073,346,441,15,nan,nan,0.01
11/3/2025 10:28:31,1.17.2,PRexp,10,3.76,nan,20,Left,Left,8074,346,441,15,nan,nan,0.20
11/3/2025 10:28:34,1.17.2,PRexp,10,3.76,nan,20,Left,Left,8075,346,441,15,nan,nan,0.79
11/3/2025 10:28:35,1.17.2,PRexp,10,3.76,nan,20,Left,Left,8076,346,441,15,nan,nan,0.01
11/3/2025 10:28:36,1.17.2,PRexp,10,3.76,nan,20,Left,Left,8077,346,441,15,nan,nan,0.02
11/3/2025 10:28:37,1.17.2,PRexp,10,3.76,nan,20,Left,Left,8078,346,441,15,nan,nan,0.01
11/3/2025 10:28:37,1.17.2,PRexp,10,3.76,nan,20,Left,Left,8079,346,441,15,nan,nan,0.12
11/3/2025 10:28:39,1.17.2,PRexp,10,3.76,nan,20,Left,Left,8080,346,441,15,nan,nan,0.64
11/3/2025 10:28:44,1.17.2,PRexp,10,3.76,nan,20,Left,Left,8081,346,441,15,nan,nan,0.17
11/3/2025 10:28:46,1.17.2,PRexp,10,3.75,nan,20,Left,Left,8082,346,441,15,nan,nan,0.33
11/3/2025 10:28:47,1.17.2,PRexp,10,3.76,nan,20,Left,Left,8083,346,441,15,nan,nan,0.01
11/3/2025 10:28:48,1.17.2,PRexp,10,3.75,nan,20,Left,Left,8084,346,441,15,nan,nan,0.02
11/3/2025 10:28:50,1.17.2,PRexp,10,3.76,nan,20,Left,Left,8085,346,441,15,nan,nan,0.74
11/3/2025 10:28:52,1.17.2,PRexp,10,3.76,nan,20,Left,Left,8086,346,441,15,nan,nan,0.03
11/3/2025 10:28:53,1.17.2,PRexp,10,3.76,nan,20,Left,Left,8087,346,441,15,nan,nan,0.02
11/3/2025 10:28:55,1.17.2,PRexp,10,3.76,nan,20,Left,Left,8088,346,441,15,nan,nan,0.00
11/3/2025 10:28:56,1.17.2,PRexp,10,3.76,nan,20,Left,Left,8089,346,441,15,nan,nan,0.15
11/3/2025 10:29:00,1.17.2,PRexp,10,3.76,nan,20,Left,Left,8090,346,441,15,nan,nan,0.02
11/3/2025 10:29:01,1.17.2,PRexp,10,3.76,nan,20,Left,Left,8091,346,441,15,nan,nan,0.00
11/3/2025 10:29:09,1.17.2,PRexp,10,3.76,5,20,Pellet,Left,8091,346,442,16,0.50,98,nan
11/3/2025 10:30:11,1.17.2,PRexp,10,3.76,nan,22,Left,Left,8092,346,442,16,nan,nan,0.13
11/3/2025 10:30:12,1.17.2,PRexp,10,3.76,nan,22,Left,Left,8093,346,442,16,nan,nan,0.28
11/3/2025 10:30:13,1.17.2,PRexp,10,3.76,nan,22,Left,Left,8094,346,442,16,nan,nan,0.59
11/3/2025 10:30:16,1.17.2,PRexp,10,3.76,nan,22,Left,Left,8095,346,442,16,nan,nan,0.01
11/3/2025 10:30:17,1.17.2,PRexp,10,3.76,nan,22,Left,Left,8096,346,442,16,nan,nan,0.01
11/3/2025 10:30:18,1.17.2,PRexp,10,3.76,nan,22,Left,Left,8097,346,442,16,nan,nan,0.00
11/3/2025 10:30:23,1.17.2,PRexp,10,3.76,nan,22,Left,Left,8098,346,442,16,nan,nan,0.77
11/3/2025 10:30:24,1.17.2,PRexp,10,3.76,nan,22,Left,Left,8099,346,442,16,nan,nan,0.19
11/3/2025 10:30:28,1.17.2,PRexp,10,3.76,nan,22,Left,Left,8100,346,442,16,nan,nan,0.03
11/3/2025 10:30:30,1.17.2,PRexp,10,3.76,nan,22,Left,Left,8101,346,442,16,nan,nan,0.83
11/3/2025 10:30:34,1.17.2,PRexp,10,3.76,nan,22,Left,Left,8102,346,442,16,nan,nan,0.42
11/3/2025 10:30:39,1.17.2,PRexp,10,3.76,nan,22,Left,Left,8103,346,442,16,nan,nan,0.04
11/3/2025 10:30:41,1.17.2,PRexp,10,3.76,nan,22,Left,Left,8104,346,442,16,nan,nan,0.30
11/3/2025 10:30:42,1.17.2,PRexp,10,3.76,nan,22,Left,Left,8105,346,442,16,nan,nan,0.05
11/3/2025 10:30:43,1.17.2,PRexp,10,3.75,nan,22,Left,Left,8106,346,442,16,nan,nan,0.04
11/3/2025 10:30:48,1.17.2,PRexp,10,3.76,nan,22,Left,Left,8107,346,442,16,nan,nan,0.03
11/3/2025 10:30:50,1.17.2,PRexp,10,3.76,nan,22,Left,Left,8108,346,442,16,nan,nan,0.02
11/3/2025 10:30:50,1.17.2,PRexp,10,3.76,nan,22,Left,Left,8109,346,442,16,nan,nan,0.25
11/3/2025 10:30:54,1.17.2,PRexp,10,3.76,nan,22,Left,Left,8110,346,442,16,nan,nan,0.02
11/3/2025 10:30:56,1.17.2,PRexp,10,3.76,nan,22,Left,Left,8111,346,442,16,nan,nan,0.27
11/3/2025 10:30:58,1.17.2,PRexp,10,3.76,nan,22,Left,Left,8112,346,442,16,nan,nan,0.37
11/3/2025 10:31:02,1.17.2,PRexp,10,3.76,nan,22,Left,Left,8113,346,442,16,nan,nan,0.04
11/3/2025 10:31:11,1.17.2,PRexp,10,3.76,6,22,Pellet,Left,8113,346,443,17,0.16,122,nan
11/3/2025 10:33:38,1.17.2,PRexp,10,3.76,nan,25,Right,Left,8113,347,443,17,nan,nan,0.11
11/3/2025 10:33:44,1.17.2,PRexp,10,3.76,nan,25,Left,Left,8114,347,443,17,nan,nan,0.02
11/3/2025 10:33:47,1.17.2,PRexp,10,3.76,nan,25,Left,Left,8115,347,443,17,nan,nan,0.48
11/3/2025 10:33:49,1.17.2,PRexp,10,3.76,nan,25,Left,Left,8116,347,443,17,nan,nan,0.07
11/3/2025 10:33:51,1.17.2,PRexp,10,3.76,nan,25,Left,Left,8117,347,443,17,nan,nan,0.89
11/3/2025 10:34:11,1.17.2,PRexp,10,3.76,nan,25,Left,Left,8118,347,443,17,nan,nan,0.08
11/3/2025 10:34:12,1.17.2,PRexp,10,3.76,nan,25,Left,Left,8119,347,443,17,nan,nan,0.02
11/3/2025 10:34:13,1.17.2,PRexp,10,3.75,nan,25,Left,Left,8120,347,443,17,nan,nan,0.02
11/3/2025 10:34:14,1.17.2,PRexp,10,3.76,nan,25,Left,Left,8121,347,443,17,nan,nan,0.16
11/3/2025 10:34:17,1.17.2,PRexp,10,3.76,nan,25,Left,Left,8122,347,443,17,nan,nan,0.17
11/3/2025 10:34:18,1.17.2,PRexp,10,3.76,nan,25,Left,Left,8123,347,443,17,nan,nan,0.00
11/3/2025 10:34:18,1.17.2,PRexp,10,3.76,nan,25,Left,Left,8124,347,443,17,nan,nan,0.19
11/3/2025 10:34:20,1.17.2,PRexp,10,3.75,nan,25,Left,Left,8125,347,443,17,nan,nan,0.20
11/3/2025 10:34:23,1.17.2,PRexp,10,3.76,nan,25,Left,Left,8126,347,443,17,nan,nan,0.05
11/3/2025 10:34:23,1.17.2,PRexp,10,3.75,nan,25,Left,Left,8127,347,443,17,nan,nan,0.01
11/3/2025 10:34:25,1.17.2,PRexp,10,3.76,nan,25,Left,Left,8128,347,443,17,nan,nan,0.54
11/3/2025 10:34:27,1.17.2,PRexp,10,3.76,nan,25,Left,Left,8129,347,443,17,nan,nan,0.12
11/3/2025 10:34:28,1.17.2,PRexp,10,3.76,nan,25,Left,Left,8130,347,443,17,nan,nan,0.01
11/3/2025 10:34:28,1.17.2,PRexp,10,3.76,nan,25,Left,Left,8131,347,443,17,nan,nan,0.10
11/3/2025 10:34:31,1.17.2,PRexp,10,3.76,nan,25,Left,Left,8132,347,443,17,nan,nan,0.02
11/3/2025 10:34:32,1.17.2,PRexp,10,3.76,nan,25,Left,Left,8133,347,443,17,nan,nan,0.54
11/3/2025 10:34:35,1.17.2,PRexp,10,3.76,nan,25,Left,Left,8134,347,443,17,nan,nan,0.83
11/3/2025 10:34:36,1.17.2,PRexp,10,3.76,nan,25,Left,Left,8135,347,443,17,nan,nan,0.02
11/3/2025 10:34:40,1.17.2,PRexp,10,3.75,nan,25,Left,Left,8136,347,443,17,nan,nan,0.49
11/3/2025 10:34:42,1.17.2,PRexp,10,3.76,nan,25,Left,Left,8137,347,443,17,nan,nan,0.11
11/3/2025 10:34:43,1.17.2,PRexp,10,3.76,nan,25,Left,Left,8138,347,443,17,nan,nan,0.39
11/3/2025 10:34:55,1.17.2,PRexp,10,3.76,7,25,Pellet,Left,8138,347,444,18,0.05,224,nan
11/3/2025 10:50:09,1.17.2,PRexp,10,3.75,nan,28,Left,Left,8139,347,444,18,nan,nan,0.28
11/3/2025 10:50:10,1.17.2,PRexp,10,3.75,nan,28,Left,Left,8140,347,444,18,nan,nan,0.03
11/3/2025 10:50:11,1.17.2,PRexp,10,3.76,nan,28,Left,Left,8141,347,444,18,nan,nan,0.02
11/3/2025 10:50:15,1.17.2,PRexp,10,3.76,nan,28,Left,Left,8142,347,444,18,nan,nan,0.16
11/3/2025 10:50:18,1.17.2,PRexp,10,3.76,nan,28,Left,Left,8143,347,444,18,nan,nan,0.07
11/3/2025 10:50:19,1.17.2,PRexp,10,3.76,nan,28,Left,Left,8144,347,444,18,nan,nan,0.01
11/3/2025 10:50:21,1.17.2,PRexp,10,3.76,nan,28,Left,Left,8145,347,444,18,nan,nan,0.08
11/3/2025 10:50:25,1.17.2,PRexp,10,3.76,nan,28,Left,Left,8146,347,444,18,nan,nan,0.02
11/3/2025 10:50:29,1.17.2,PRexp,10,3.76,nan,28,Left,Left,8147,347,444,18,nan,nan,0.11
11/3/2025 10:50:33,1.17.2,PRexp,10,3.76,nan,28,Left,Left,8148,347,444,18,nan,nan,0.01
11/3/2025 10:50:34,1.17.2,PRexp,10,3.76,nan,28,Left,Left,8149,347,444,18,nan,nan,0.02
11/3/2025 10:50:44,1.17.2,PRexp,10,3.76,nan,28,Left,Left,8150,347,444,18,nan,nan,0.01
11/3/2025 10:50:49,1.17.2,PRexp,10,3.75,nan,28,Left,Left,8151,347,444,18,nan,nan,0.10
11/3/2025 10:50:53,1.17.2,PRexp,10,3.76,nan,28,Left,Left,8152,347,444,18,nan,nan,0.12
11/3/2025 10:50:57,1.17.2,PRexp,10,3.76,nan,28,Left,Left,8153,347,444,18,nan,nan,0.01
11/3/2025 10:51:02,1.17.2,PRexp,10,3.76,nan,28,Left,Left,8154,347,444,18,nan,nan,0.10
11/3/2025 10:51:06,1.17.2,PRexp,10,3.76,nan,28,Left,Left,8155,347,444,18,nan,nan,0.02
11/3/2025 10:51:07,1.17.2,PRexp,10,3.76,nan,28,Left,Left,8156,347,444,18,nan,nan,0.08
11/3/2025 10:51:15,1.17.2,PRexp,10,3.76,nan,28,Left,Left,8157,347,444,18,nan,nan,0.03
11/3/2025 10:51:18,1.17.2,PRexp,10,3.76,nan,28,Left,Left,8158,347,444,18,nan,nan,0.03
11/3/2025 10:51:20,1.17.2,PRexp,10,3.76,nan,28,Left,Left,8159,347,444,18,nan,nan,0.01
11/3/2025 10:51:22,1.17.2,PRexp,10,3.76,nan,28,Left,Left,8160,347,444,18,nan,nan,0.47
11/3/2025 10:51:32,1.17.2,PRexp,10,3.76,nan,28,Left,Left,8161,347,444,18,nan,nan,0.20
11/3/2025 11:21:03,1.17.2,PRexp,10,3.76,nan,28,Left,Left,8162,347,444,18,nan,nan,0.95
11/3/2025 11:21:04,1.17.2,PRexp,10,3.76,nan,28,Left,Left,8163,347,444,18,nan,nan,0.22
11/3/2025 11:21:07,1.17.2,PRexp,10,3.76,nan,28,Left,Left,8164,347,444,18,nan,nan,1.14
11/3/2025 11:21:11,1.17.2,PRexp,10,3.75,nan,28,Left,Left,8165,347,444,18,nan,nan,0.25
11/3/2025 11:21:16,1.17.2,PRexp,10,3.76,nan,28,Left,Left,8166,347,444,18,nan,nan,0.33
11/3/2025 11:21:21,1.17.2,PRexp,10,3.75,3,28,Pellet,Left,8166,347,445,19,0.05,2786,nan
11/3/2025 11:22:13,1.17.2,PRexp,10,3.75,nan,32,Left,Left,8167,347,445,19,nan,nan,0.04
11/3/2025 11:22:16,1.17.2,PRexp,10,3.75,nan,32,Left,Left,8168,347,445,19,nan,nan,0.60
11/3/2025 11:22:17,1.17.2,PRexp,10,3.76,nan,32,Left,Left,8169,347,445,19,nan,nan,0.01
11/3/2025 11:22:45,1.17.2,PRexp,10,3.76,nan,32,Left,Left,8170,347,445,19,nan,nan,0.06
11/3/2025 11:22:52,1.17.2,PRexp,10,3.76,nan,32,Left,Left,8171,347,445,19,nan,nan,0.10
11/3/2025 11:22:54,1.17.2,PRexp,10,3.75,nan,32,Left,Left,8172,347,445,19,nan,nan,0.01
11/3/2025 11:22:54,1.17.2,PRexp,10,3.76,nan,32,Left,Left,8173,347,445,19,nan,nan,0.01
11/3/2025 11:22:56,1.17.2,PRexp,10,3.76,nan,32,Left,Left,8174,347,445,19,nan,nan,0.02
11/3/2025 11:22:58,1.17.2,PRexp,10,3.76,nan,32,Left,Left,8175,347,445,19,nan,nan,0.03
11/3/2025 11:22:59,1.17.2,PRexp,10,3.75,nan,32,Left,Left,8176,347,445,19,nan,nan,0.01
11/3/2025 11:23:00,1.17.2,PRexp,10,3.76,nan,32,Left,Left,8177,347,445,19,nan,nan,0.15
11/3/2025 11:23:01,1.17.2,PRexp,10,3.76,nan,32,Left,Left,8178,347,445,19,nan,nan,0.01
11/3/2025 11:23:03,1.17.2,PRexp,10,3.75,nan,32,Left,Left,8179,347,445,19,nan,nan,0.02
11/3/2025 11:23:04,1.17.2,PRexp,10,3.76,nan,32,Left,Left,8180,347,445,19,nan,nan,0.01
11/3/2025 11:23:05,1.17.2,PRexp,10,3.75,nan,32,Left,Left,8181,347,445,19,nan,nan,0.00
11/3/2025 11:23:05,1.17.2,PRexp,10,3.76,nan,32,Left,Left,8182,347,445,19,nan,nan,0.02
11/3/2025 11:23:07,1.17.2,PRexp,10,3.76,nan,32,Left,Left,8183,347,445,19,nan,nan,0.21
11/3/2025 11:23:15,1.17.2,PRexp,10,3.76,nan,32,Left,Left,8184,347,445,19,nan,nan,0.04
11/3/2025 11:23:17,1.17.2,PRexp,10,3.76,nan,32,Left,Left,8185,347,445,19,nan,nan,1.16
11/3/2025 11:23:18,1.17.2,PRexp,10,3.75,nan,32,Left,Left,8186,347,445,19,nan,nan,0.03
11/3/2025 11:23:18,1.17.2,PRexp,10,3.75,nan,32,Left,Left,8187,347,445,19,nan,nan,0.06
11/3/2025 11:23:21,1.17.2,PRexp,10,3.76,nan,32,Left,Left,8188,347,445,19,nan,nan,0.13
11/3/2025 11:23:22,1.17.2,PRexp,10,3.76,nan,32,Left,Left,8189,347,445,19,nan,nan,0.00
11/3/2025 11:23:24,1.17.2,PRexp,10,3.75,nan,32,Left,Left,8190,347,445,19,nan,nan,0.01
11/3/2025 11:23:24,1.17.2,PRexp,10,3.75,nan,32,Left,Left,8191,347,445,19,nan,nan,0.00
11/3/2025 11:23:26,1.17.2,PRexp,10,3.76,nan,32,Left,Left,8192,347,445,19,nan,nan,0.37
11/3/2025 11:23:28,1.17.2,PRexp,10,3.75,nan,32,Left,Left,8193,347,445,19,nan,nan,0.79
11/3/2025 11:23:31,1.17.2,PRexp,10,3.76,nan,32,Left,Left,8194,347,445,19,nan,nan,1.36
11/3/2025 11:23:35,1.17.2,PRexp,10,3.76,nan,32,Left,Left,8195,347,445,19,nan,nan,0.14
11/3/2025 11:23:39,1.17.2,PRexp,10,3.75,nan,32,Left,Left,8196,347,445,19,nan,nan,0.12
11/3/2025 11:23:40,1.17.2,PRexp,10,3.75,nan,32,Left,Left,8197,347,445,19,nan,nan,0.02
11/3/2025 11:23:43,1.17.2,PRexp,10,3.76,nan,32,Left,Left,8198,347,445,19,nan,nan,0.39
11/3/2025 11:23:51,1.17.2,PRexp,10,3.75,4,32,Pellet,Left,8198,347,446,20,0.72,150,nan
11/3/2025 11:24:50,1.17.2,PRexp,10,3.76,nan,36,Left,Left,8199,347,446,20,nan,nan,0.05
11/3/2025 11:24:53,1.17.2,PRexp,10,3.76,nan,36,Left,Left,8200,347,446,20,nan,nan,0.03
11/3/2025 11:25:02,1.17.2,PRexp,10,3.76,nan,36,Left,Left,8201,347,446,20,nan,nan,0.64
11/3/2025 11:25:03,1.17.2,PRexp,10,3.76,nan,36,Left,Left,8202,347,446,20,nan,nan,0.05
11/3/2025 11:29:51,1.17.2,PRexp,10,3.76,nan,36,Right,Left,8202,348,446,20,nan,nan,0.38
11/3/2025 11:29:56,1.17.2,PRexp,10,3.75,nan,36,Left,Left,8203,348,446,20,nan,nan,0.12
11/3/2025 11:30:00,1.17.2,PRexp,10,3.75,nan,36,Left,Left,8204,348,446,20,nan,nan,0.10
11/3/2025 11:30:02,1.17.2,PRexp,10,3.76,nan,36,Left,Left,8205,348,446,20,nan,nan,0.10
11/3/2025 11:30:04,1.17.2,PRexp,10,3.75,nan,36,Left,Left,8206,348,446,20,nan,nan,0.01
11/3/2025 11:30:06,1.17.2,PRexp,10,3.75,nan,36,Left,Left,8207,348,446,20,nan,nan,0.29
11/3/2025 11:30:10,1.17.2,PRexp,10,3.75,nan,36,Left,Left,8208,348,446,20,nan,nan,0.09
11/3/2025 11:30:14,1.17.2,PRexp,10,3.76,nan,36,Left,Left,8209,348,446,20,nan,nan,0.14
11/3/2025 11:30:18,1.17.2,PRexp,10,3.75,nan,36,Left,Left,8210,348,446,20,nan,nan,0.84
11/3/2025 11:30:25,1.17.2,PRexp,10,3.75,nan,36,Left,Left,8211,348,446,20,nan,nan,0.17
11/3/2025 11:30:31,1.17.2,PRexp,10,3.76,nan,36,Left,Left,8212,348,446,20,nan,nan,0.11
11/3/2025 11:30:33,1.17.2,PRexp,10,3.76,nan,36,Left,Left,8213,348,446,20,nan,nan,0.03
11/3/2025 11:30:41,1.17.2,PRexp,10,3.76,nan,36,Left,Left,8214,348,446,20,nan,nan,0.73
11/3/2025 11:30:42,1.17.2,PRexp,10,3.76,nan,36,Left,Left,8215,348,446,20,nan,nan,0.07
11/3/2025 11:30:42,1.17.2,PRexp,10,3.76,nan,36,Left,Left,8216,348,446,20,nan,nan,0.04
11/3/2025 11:30:43,1.17.2,PRexp,10,3.76,nan,36,Left,Left,8217,348,446,20,nan,nan,0.04
11/3/2025 11:30:44,1.17.2,PRexp,10,3.75,nan,36,Left,Left,8218,348,446,20,nan,nan,0.03
11/3/2025 11:30:46,1.17.2,PRexp,10,3.76,nan,36,Left,Left,8219,348,446,20,nan,nan,0.02
11/3/2025 11:30:48,1.17.2,PRexp,10,3.76,nan,36,Left,Left,8220,348,446,20,nan,nan,0.00
11/3/2025 11:30:54,1.17.2,PRexp,10,3.76,nan,36,Left,Left,8221,348,446,20,nan,nan,0.03
11/3/2025 11:30:55,1.17.2,PRexp,10,3.75,nan,36,Left,Left,8222,348,446,20,nan,nan,0.04
11/3/2025 11:30:56,1.17.2,PRexp,10,3.76,nan,36,Left,Left,8223,348,446,20,nan,nan,0.04
11/3/2025 11:30:57,1.17.2,PRexp,10,3.76,nan,36,Left,Left,8224,348,446,20,nan,nan,0.13
11/3/2025 11:30:58,1.17.2,PRexp,10,3.76,nan,36,Left,Left,8225,348,446,20,nan,nan,0.00
11/3/2025 11:31:01,1.17.2,PRexp,10,3.76,nan,36,Left,Left,8226,348,446,20,nan,nan,0.03
11/3/2025 11:31:04,1.17.2,PRexp,10,3.76,nan,36,Left,Left,8227,348,446,20,nan,nan,0.03
11/3/2025 11:31:07,1.17.2,PRexp,10,3.76,nan,36,Left,Left,8228,348,446,20,nan,nan,0.01
11/3/2025 11:31:08,1.17.2,PRexp,10,3.76,nan,36,Left,Left,8229,348,446,20,nan,nan,0.13
11/3/2025 11:31:12,1.17.2,PRexp,10,3.75,nan,36,Left,Left,8230,348,446,20,nan,nan,1.03
11/3/2025 11:31:43,1.17.2,PRexp,10,3.75,nan,36,Left,Left,8231,348,446,20,nan,nan,0.58
11/3/2025 11:32:21,1.17.2,PRexp,10,3.76,nan,36,Right,Left,8231,349,446,20,nan,nan,0.17
11/3/2025 12:01:44,1.17.2,PRexp,10,3.75,nan,36,Left,Left,8232,349,446,20,nan,nan,0.36
11/3/2025 12:01:48,1.17.2,PRexp,10,3.75,nan,36,Left,Left,8233,349,446,20,nan,nan,0.02
11/3/2025 12:01:50,1.17.2,PRexp,10,3.75,nan,36,Left,Left,8234,349,446,20,nan,nan,0.06
11/3/2025 12:01:53,1.17.2,PRexp,10,3.76,nan,36,LeftDuringDispense,Left,8235,349,446,21,nan,nan,0.13
11/3/2025 12:01:58,1.17.2,PRexp,10,3.75,5,36,Pellet,Left,8235,349,447,21,0.05,2287,nan
11/3/2025 12:02:33,1.17.2,PRexp,10,3.76,nan,40,Left,Left,8236,349,447,21,nan,nan,0.44
11/3/2025 12:02:34,1.17.2,PRexp,10,3.75,nan,40,Left,Left,8237,349,447,21,nan,nan,0.00
11/3/2025 12:02:40,1.17.2,PRexp,10,3.75,nan,40,Left,Left,8238,349,447,21,nan,nan,0.14
11/3/2025 12:02:45,1.17.2,PRexp,10,3.76,nan,40,Left,Left,8239,349,447,21,nan,nan,0.06
11/3/2025 12:02:48,1.17.2,PRexp,10,3.76,nan,40,Left,Left,8240,349,447,21,nan,nan,0.85
11/3/2025 12:02:49,1.17.2,PRexp,10,3.76,nan,40,Left,Left,8241,349,447,21,nan,nan,0.09
11/3/2025 12:02:59,1.17.2,PRexp,10,3.76,nan,40,Left,Left,8242,349,447,21,nan,nan,0.21
11/3/2025 12:03:02,1.17.2,PRexp,10,3.76,nan,40,Left,Left,8243,349,447,21,nan,nan,0.02
11/3/2025 12:03:03,1.17.2,PRexp,10,3.76,nan,40,Left,Left,8244,349,447,21,nan,nan,0.00
11/3/2025 12:03:04,1.17.2,PRexp,10,3.76,nan,40,Left,Left,8245,349,447,21,nan,nan,0.02
11/3/2025 12:03:05,1.17.2,PRexp,10,3.75,nan,40,Left,Left,8246,349,447,21,nan,nan,0.14
11/3/2025 12:03:10,1.17.2,PRexp,10,3.76,nan,40,Left,Left,8247,349,447,21,nan,nan,0.19
11/3/2025 12:03:10,1.17.2,PRexp,10,3.75,nan,40,Left,Left,8248,349,447,21,nan,nan,0.03
11/3/2025 12:03:12,1.17.2,PRexp,10,3.76,nan,40,Left,Left,8249,349,447,21,nan,nan,0.00
11/3/2025 12:03:14,1.17.2,PRexp,10,3.76,nan,40,Left,Left,8250,349,447,21,nan,nan,0.00
11/3/2025 12:03:15,1.17.2,PRexp,10,3.76,nan,40,Left,Left,8251,349,447,21,nan,nan,0.00
11/3/2025 12:03:17,1.17.2,PRexp,10,3.76,nan,40,Left,Left,8252,349,447,21,nan,nan,0.06
11/3/2025 12:03:18,1.17.2,PRexp,10,3.76,nan,40,Left,Left,8253,349,447,21,nan,nan,0.01
11/3/2025 12:03:21,1.17.2,PRexp,10,3.76,nan,40,Left,Left,8254,349,447,21,nan,nan,0.07
11/3/2025 12:03:23,1.17.2,PRexp,10,3.76,nan,40,Left,Left,8255,349,447,21,nan,nan,0.13
11/3/2025 12:03:24,1.17.2,PRexp,10,3.76,nan,40,Left,Left,8256,349,447,21,nan,nan,0.04
11/3/2025 12:03:26,1.17.2,PRexp,10,3.75,nan,40,Left,Left,8257,349,447,21,nan,nan,0.00
11/3/2025 12:03:27,1.17.2,PRexp,10,3.75,nan,40,Left,Left,8258,349,447,21,nan,nan,0.03
11/3/2025 12:03:27,1.17.2,PRexp,10,3.75,nan,40,Left,Left,8259,349,447,21,nan,nan,0.00
11/3/2025 12:03:30,1.17.2,PRexp,10,3.75,nan,40,Left,Left,8260,349,447,21,nan,nan,0.02
11/3/2025 12:03:35,1.17.2,PRexp,10,3.75,nan,40,Left,Left,8261,349,447,21,nan,nan,0.61
11/3/2025 12:03:37,1.17.2,PRexp,10,3.75,nan,40,Left,Left,8262,349,447,21,nan,nan,0.08
11/3/2025 12:03:38,1.17.2,PRexp,10,3.75,nan,40,Left,Left,8263,349,447,21,nan,nan,0.03
11/3/2025 12:03:45,1.17.2,PRexp,10,3.75,nan,40,Left,Left,8264,349,447,21,nan,nan,0.00
11/3/2025 12:03:49,1.17.2,PRexp,10,3.76,nan,40,Left,Left,8265,349,447,21,nan,nan,0.26
11/3/2025 12:03:50,1.17.2,PRexp,10,3.75,nan,40,Left,Left,8266,349,447,21,nan,nan,0.07
11/3/2025 12:03:51,1.17.2,PRexp,10,3.76,nan,40,Left,Left,8267,349,447,21,nan,nan,0.04
11/3/2025 12:03:53,1.17.2,PRexp,10,3.75,nan,40,Left,Left,8268,349,447,21,nan,nan,0.01
11/3/2025 12:16:44,1.17.2,PRexp,10,3.76,nan,40,Left,Left,8269,349,447,21,nan,nan,0.57
11/3/2025 12:16:45,1.17.2,PRexp,10,3.75,nan,40,Left,Left,8270,349,447,21,nan,nan,0.32
11/3/2025 12:16:48,1.17.2,PRexp,10,3.76,nan,40,Left,Left,8271,349,447,21,nan,nan,0.49
11/3/2025 12:16:49,1.17.2,PRexp,10,3.76,nan,40,Left,Left,8272,349,447,21,nan,nan,0.37
11/3/2025 12:16:50,1.17.2,PRexp,10,3.75,nan,40,Left,Left,8273,349,447,21,nan,nan,0.48
11/3/2025 12:16:54,1.17.2,PRexp,10,3.75,nan,40,Left,Left,8274,349,447,21,nan,nan,0.65
11/3/2025 12:16:55,1.17.2,PRexp,10,3.75,nan,40,Left,Left,8275,349,447,21,nan,nan,0.20
11/3/2025 12:16:58,1.17.2,PRexp,10,3.75,nan,40,LeftWithPellet,Left,8276,349,447,22,nan,nan,0.25
11/3/2025 12:16:59,1.17.2,PRexp,10,3.76,nan,40,LeftWithPellet,Left,8277,349,447,22,nan,nan,0.51
11/3/2025 12:17:02,1.17.2,PRexp,10,3.76,nan,40,LeftWithPellet,Left,8278,349,447,22,nan,nan,0.76
11/3/2025 12:17:05,1.17.2,PRexp,10,3.75,nan,40,LeftWithPellet,Left,8279,349,447,22,nan,nan,1.00
11/3/2025 12:17:08,1.17.2,PRexp,10,3.76,nan,40,LeftWithPellet,Left,8280,349,447,22,nan,nan,0.29
11/3/2025 12:17:10,1.17.2,PRexp,10,3.75,nan,40,LeftWithPellet,Left,8281,349,447,22,nan,nan,1.05
11/3/2025 12:17:12,1.17.2,PRexp,10,3.76,2,40,Pellet,Left,8281,349,448,22,15.35,914,nan
11/3/2025 12:19:07,1.17.2,PRexp,10,3.75,nan,45,Left,Left,8282,349,448,22,nan,nan,0.21
11/3/2025 12:19:08,1.17.2,PRexp,10,3.75,nan,45,Left,Left,8283,349,448,22,nan,nan,0.46
11/3/2025 12:19:11,1.17.2,PRexp,10,3.75,nan,45,Left,Left,8284,349,448,22,nan,nan,1.05
11/3/2025 12:19:13,1.17.2,PRexp,10,3.76,nan,45,Left,Left,8285,349,448,22,nan,nan,0.00
11/3/2025 12:19:14,1.17.2,PRexp,10,3.76,nan,45,Left,Left,8286,349,448,22,nan,nan,0.16
11/3/2025 12:19:16,1.17.2,PRexp,10,3.76,nan,45,Left,Left,8287,349,448,22,nan,nan,1.08
11/3/2025 12:19:18,1.17.2,PRexp,10,3.75,nan,45,Left,Left,8288,349,448,22,nan,nan,0.04
11/3/2025 12:19:28,1.17.2,PRexp,10,3.75,nan,45,Left,Left,8289,349,448,22,nan,nan,0.12
11/3/2025 12:19:29,1.17.2,PRexp,10,3.75,nan,45,Left,Left,8290,349,448,22,nan,nan,0.01
11/3/2025 12:19:31,1.17.2,PRexp,10,3.75,nan,45,Left,Left,8291,349,448,22,nan,nan,1.13
11/3/2025 12:19:34,1.17.2,PRexp,10,3.76,nan,45,Left,Left,8292,349,448,22,nan,nan,0.83
11/3/2025 12:19:35,1.17.2,PRexp,10,3.75,nan,45,Left,Left,8293,349,448,22,nan,nan,0.01
11/3/2025 12:19:38,1.17.2,PRexp,10,3.75,nan,45,Left,Left,8294,349,448,22,nan,nan,0.48
11/3/2025 12:19:41,1.17.2,PRexp,10,3.75,nan,45,Left,Left,8295,349,448,22,nan,nan,0.09
11/3/2025 12:19:44,1.17.2,PRexp,10,3.76,nan,45,Left,Left,8296,349,448,22,nan,nan,0.01
11/3/2025 12:19:46,1.17.2,PRexp,10,3.76,nan,45,Left,Left,8297,349,448,22,nan,nan,0.11
11/3/2025 12:20:40,1.17.2,PRexp,10,3.75,nan,45,Left,Left,8298,349,448,22,nan,nan,2.98
11/3/2025 12:20:46,1.17.2,PRexp,10,3.75,nan,45,Left,Left,8299,349,448,22,nan,nan,0.30
11/3/2025 12:20:49,1.17.2,PRexp,10,3.75,nan,45,Left,Left,8300,349,448,22,nan,nan,1.40
11/3/2025 12:20:50,1.17.2,PRexp,10,3.75,nan,45,Left,Left,8301,349,448,22,nan,nan,0.00
11/3/2025 12:20:58,1.17.2,PRexp,10,3.76,nan,45,Left,Left,8302,349,448,22,nan,nan,1.47
11/3/2025 12:21:01,1.17.2,PRexp,10,3.75,nan,45,Left,Left,8303,349,448,22,nan,nan,1.65
11/3/2025 12:21:10,1.17.2,PRexp,10,3.75,nan,45,Left,Left,8304,349,448,22,nan,nan,0.81
11/3/2025 12:21:15,1.17.2,PRexp,10,3.75,nan,45,Left,Left,8305,349,448,22,nan,nan,1.34
11/3/2025 12:21:17,1.17.2,PRexp,10,3.75,nan,45,Left,Left,8306,349,448,22,nan,nan,0.57
11/3/2025 12:21:23,1.17.2,PRexp,10,3.76,nan,45,Left,Left,8307,349,448,22,nan,nan,1.41
11/3/2025 12:21:30,1.17.2,PRexp,10,3.75,nan,45,Left,Left,8308,349,448,22,nan,nan,1.40
11/3/2025 12:21:41,1.17.2,PRexp,10,3.75,nan,45,Left,Left,8309,349,448,22,nan,nan,0.24
11/3/2025 12:21:44,1.17.2,PRexp,10,3.75,nan,45,Left,Left,8310,349,448,22,nan,nan,2.19
11/3/2025 12:21:46,1.17.2,PRexp,10,3.75,nan,45,Left,Left,8311,349,448,22,nan,nan,0.05
11/3/2025 12:21:49,1.17.2,PRexp,10,3.76,nan,45,Left,Left,8312,349,448,22,nan,nan,0.86
11/3/2025 12:21:52,1.17.2,PRexp,10,3.75,nan,45,Left,Left,8313,349,448,22,nan,nan,1.07
11/3/2025 12:21:54,1.17.2,PRexp,10,3.76,nan,45,Left,Left,8314,349,448,22,nan,nan,0.69
11/3/2025 12:21:55,1.17.2,PRexp,10,3.75,nan,45,Left,Left,8315,349,448,22,nan,nan,0.01
11/3/2025 12:21:56,1.17.2,PRexp,10,3.75,nan,45,Left,Left,8316,349,448,22,nan,nan,0.02
11/3/2025 12:21:59,1.17.2,PRexp,10,3.75,nan,45,Left,Left,8317,349,448,22,nan,nan,0.90
11/3/2025 12:22:00,1.17.2,PRexp,10,3.76,nan,45,Left,Left,8318,349,448,22,nan,nan,0.00
11/3/2025 12:22:02,1.17.2,PRexp,10,3.76,nan,45,Left,Left,8319,349,448,22,nan,nan,0.72
11/3/2025 12:22:05,1.17.2,PRexp,10,3.75,nan,45,Left,Left,8320,349,448,22,nan,nan,0.40
11/3/2025 12:22:06,1.17.2,PRexp,10,3.76,nan,45,Left,Left,8321,349,448,22,nan,nan,0.82
11/3/2025 12:22:13,1.17.2,PRexp,10,3.75,nan,45,Left,Left,8322,349,448,22,nan,nan,0.04
11/3/2025 12:22:16,1.17.2,PRexp,10,3.76,nan,45,Left,Left,8323,349,448,22,nan,nan,1.79
11/3/2025 12:22:17,1.17.2,PRexp,10,3.76,nan,45,Left,Left,8324,349,448,22,nan,nan,0.48
11/3/2025 12:22:24,1.17.2,PRexp,10,3.76,nan,45,Left,Left,8325,349,448,22,nan,nan,0.08
11/3/2025 12:22:28,1.17.2,PRexp,10,3.76,nan,45,Left,Left,8326,349,448,22,nan,nan,0.33
11/3/2025 12:22:38,1.17.2,PRexp,10,3.75,6,45,Pellet,Left,8326,349,449,23,0.11,326,nan
11/3/2025 12:24:37,1.17.2,PRexp,10,3.76,nan,50,Left,Left,8327,349,449,23,nan,nan,0.77
11/3/2025 12:24:39,1.17.2,PRexp,10,3.75,nan,50,Left,Left,8328,349,449,23,nan,nan,0.47
11/3/2025 12:24:41,1.17.2,PRexp,10,3.75,nan,50,Left,Left,8329,349,449,23,nan,nan,0.67
11/3/2025 12:24:51,1.17.2,PRexp,10,3.75,nan,50,Left,Left,8330,349,449,23,nan,nan,0.15
11/3/2025 12:24:53,1.17.2,PRexp,10,3.75,nan,50,Left,Left,8331,349,449,23,nan,nan,0.45
11/3/2025 12:24:55,1.17.2,PRexp,10,3.76,nan,50,Left,Left,8332,349,449,23,nan,nan,0.19
11/3/2025 12:24:58,1.17.2,PRexp,10,3.76,nan,50,Left,Left,8333,349,449,23,nan,nan,0.14
11/3/2025 12:24:59,1.17.2,PRexp,10,3.76,nan,50,Left,Left,8334,349,449,23,nan,nan,0.19
11/3/2025 12:25:06,1.17.2,PRexp,10,3.75,nan,50,Left,Left,8335,349,449,23,nan,nan,0.75
11/3/2025 12:25:07,1.17.2,PRexp,10,3.75,nan,50,Left,Left,8336,349,449,23,nan,nan,0.53
11/3/2025 12:25:12,1.17.2,PRexp,10,3.76,nan,50,Left,Left,8337,349,449,23,nan,nan,0.73
11/3/2025 12:25:13,1.17.2,PRexp,10,3.75,nan,50,Left,Left,8338,349,449,23,nan,nan,0.00
11/3/2025 12:25:16,1.17.2,PRexp,10,3.75,nan,50,Left,Left,8339,349,449,23,nan,nan,0.29
11/3/2025 12:25:21,1.17.2,PRexp,10,3.75,nan,50,Left,Left,8340,349,449,23,nan,nan,0.10
11/3/2025 12:25:24,1.17.2,PRexp,10,3.76,nan,50,Left,Left,8341,349,449,23,nan,nan,0.75
11/3/2025 12:25:26,1.17.2,PRexp,10,3.76,nan,50,Left,Left,8342,349,449,23,nan,nan,0.10
11/3/2025 12:33:44,1.17.2,PRexp,10,3.75,nan,50,Left,Left,8343,349,449,23,nan,nan,0.04
11/3/2025 12:33:50,1.17.2,PRexp,10,3.75,nan,50,Left,Left,8344,349,449,23,nan,nan,0.64
11/3/2025 12:33:52,1.17.2,PRexp,10,3.76,nan,50,Left,Left,8345,349,449,23,nan,nan,0.50
11/3/2025 12:33:53,1.17.2,PRexp,10,3.75,nan,50,Left,Left,8346,349,449,23,nan,nan,0.22
11/3/2025 12:33:57,1.17.2,PRexp,10,3.76,nan,50,Left,Left,8347,349,449,23,nan,nan,1.45
11/3/2025 12:34:02,1.17.2,PRexp,10,3.75,nan,50,Left,Left,8348,349,449,23,nan,nan,0.78
11/3/2025 12:34:08,1.17.2,PRexp,10,3.76,nan,50,Left,Left,8349,349,449,23,nan,nan,1.42
11/3/2025 12:34:09,1.17.2,PRexp,10,3.76,nan,50,Left,Left,8350,349,449,23,nan,nan,0.09
11/3/2025 12:34:16,1.17.2,PRexp,10,3.75,nan,50,Left,Left,8351,349,449,23,nan,nan,1.39
11/3/2025 12:34:19,1.17.2,PRexp,10,3.75,nan,50,Left,Left,8352,349,449,23,nan,nan,0.14
11/3/2025 12:34:21,1.17.2,PRexp,10,3.75,nan,50,Left,Left,8353,349,449,23,nan,nan,0.02
11/3/2025 12:34:22,1.17.2,PRexp,10,3.76,nan,50,Left,Left,8354,349,449,23,nan,nan,0.11
11/3/2025 12:34:29,1.17.2,PRexp,10,3.75,nan,50,Left,Left,8355,349,449,23,nan,nan,0.18
11/3/2025 12:34:32,1.17.2,PRexp,10,3.76,nan,50,Left,Left,8356,349,449,23,nan,nan,0.20
11/3/2025 12:34:43,1.17.2,PRexp,10,3.75,nan,50,Left,Left,8357,349,449,23,nan,nan,0.14
11/3/2025 12:34:51,1.17.2,PRexp,10,3.76,nan,50,Left,Left,8358,349,449,23,nan,nan,1.14
11/3/2025 12:34:52,1.17.2,PRexp,10,3.75,nan,50,Left,Left,8359,349,449,23,nan,nan,0.57
11/3/2025 12:34:54,1.17.2,PRexp,10,3.75,nan,50,Left,Left,8360,349,449,23,nan,nan,0.27
11/3/2025 12:34:57,1.17.2,PRexp,10,3.76,nan,50,Left,Left,8361,349,449,23,nan,nan,1.75
11/3/2025 12:34:58,1.17.2,PRexp,10,3.75,nan,50,Left,Left,8362,349,449,23,nan,nan,0.24
11/3/2025 12:35:00,1.17.2,PRexp,10,3.76,nan,50,Left,Left,8363,349,449,23,nan,nan,0.82
11/3/2025 12:35:04,1.17.2,PRexp,10,3.75,nan,50,Left,Left,8364,349,449,23,nan,nan,1.05
11/3/2025 12:35:07,1.17.2,PRexp,10,3.76,nan,50,Left,Left,8365,349,449,23,nan,nan,1.12
11/3/2025 12:35:11,1.17.2,PRexp,10,3.75,nan,50,Left,Left,8366,349,449,23,nan,nan,1.99
11/3/2025 12:35:13,1.17.2,PRexp,10,3.75,nan,50,Left,Left,8367,349,449,23,nan,nan,0.00
11/3/2025 12:35:19,1.17.2,PRexp,10,3.76,nan,50,Left,Left,8368,349,449,23,nan,nan,2.15
11/3/2025 12:35:20,1.17.2,PRexp,10,3.75,nan,50,Left,Left,8369,349,449,23,nan,nan,0.00
11/3/2025 12:35:23,1.17.2,PRexp,10,3.75,nan,50,Left,Left,8370,349,449,23,nan,nan,1.05
11/3/2025 12:35:25,1.17.2,PRexp,10,3.76,nan,50,Left,Left,8371,349,449,23,nan,nan,0.03
11/3/2025 12:35:29,1.17.2,PRexp,10,3.76,nan,50,Left,Left,8372,349,449,23,nan,nan,2.19
11/3/2025 12:35:36,1.17.2,PRexp,10,3.75,nan,50,Left,Left,8373,349,449,23,nan,nan,1.89
11/3/2025 12:35:37,1.17.2,PRexp,10,3.76,nan,50,Left,Left,8374,349,449,23,nan,nan,0.19
11/3/2025 12:35:38,1.17.2,PRexp,10,3.76,nan,50,Left,Left,8375,349,449,23,nan,nan,0.70
11/3/2025 12:35:40,1.17.2,PRexp,10,3.76,nan,50,Left,Left,8376,349,449,23,nan,nan,0.09
11/3/2025 12:35:52,1.17.2,PRexp,10,3.75,7,50,Pellet,Left,8376,349,450,24,0.16,794,nan
11/3/2025 12:36:55,1.17.2,PRexp,10,3.76,nan,56,Left,Left,8377,349,450,24,nan,nan,0.49
11/3/2025 12:36:56,1.17.2,PRexp,10,3.76,nan,56,Left,Left,8378,349,450,24,nan,nan,0.43
11/3/2025 12:37:18,1.17.2,PRexp,10,3.75,nan,56,Left,Left,8379,349,450,24,nan,nan,0.02
11/3/2025 12:37:23,1.17.2,PRexp,10,3.75,nan,56,Left,Left,8380,349,450,24,nan,nan,1.13
11/3/2025 12:37:29,1.17.2,PRexp,10,3.75,nan,56,Left,Left,8381,349,450,24,nan,nan,0.04
11/3/2025 12:37:32,1.17.2,PRexp,10,3.76,nan,56,Left,Left,8382,349,450,24,nan,nan,0.32
11/3/2025 12:37:36,1.17.2,PRexp,10,3.76,nan,56,Left,Left,8383,349,450,24,nan,nan,0.20
11/3/2025 12:37:41,1.17.2,PRexp,10,3.76,nan,56,Left,Left,8384,349,450,24,nan,nan,1.07
11/3/2025 12:37:42,1.17.2,PRexp,10,3.76,nan,56,Left,Left,8385,349,450,24,nan,nan,0.03
11/3/2025 12:37:43,1.17.2,PRexp,10,3.75,nan,56,Left,Left,8386,349,450,24,nan,nan,0.06
11/3/2025 12:37:44,1.17.2,PRexp,10,3.76,nan,56,Left,Left,8387,349,450,24,nan,nan,0.06
11/3/2025 12:37:45,1.17.2,PRexp,10,3.75,nan,56,Left,Left,8388,349,450,24,nan,nan,0.22
11/3/2025 12:37:47,1.17.2,PRexp,10,3.76,nan,56,Left,Left,8389,349,450,24,nan,nan,0.02
11/3/2025 12:37:49,1.17.2,PRexp,10,3.75,nan,56,Left,Left,8390,349,450,24,nan,nan,0.14
11/3/2025 12:37:52,1.17.2,PRexp,10,3.75,nan,56,Left,Left,8391,349,450,24,nan,nan,0.87
11/3/2025 12:37:53,1.17.2,PRexp,10,3.76,nan,56,Left,Left,8392,349,450,24,nan,nan,0.01
11/3/2025 12:38:00,1.17.2,PRexp,10,3.76,nan,56,Left,Left,8393,349,450,24,nan,nan,0.00
11/3/2025 12:38:02,1.17.2,PRexp,10,3.75,nan,56,Left,Left,8394,349,450,24,nan,nan,0.83
11/3/2025 12:38:04,1.17.2,PRexp,10,3.76,nan,56,Left,Left,8395,349,450,24,nan,nan,0.04
11/3/2025 12:38:15,1.17.2,PRexp,10,3.75,nan,56,Left,Left,8396,349,450,24,nan,nan,0.87
11/3/2025 12:38:18,1.17.2,PRexp,10,3.75,nan,56,Left,Left,8397,349,450,24,nan,nan,0.95
11/3/2025 12:38:19,1.17.2,PRexp,10,3.74,nan,56,Left,Left,8398,349,450,24,nan,nan,0.00
11/3/2025 12:38:23,1.17.2,PRexp,10,3.76,nan,56,Left,Left,8399,349,450,24,nan,nan,0.07
11/3/2025 12:38:30,1.17.2,PRexp,10,3.75,nan,56,Left,Left,8400,349,450,24,nan,nan,0.30
11/3/2025 12:38:35,1.17.2,PRexp,10,3.75,nan,56,Left,Left,8401,349,450,24,nan,nan,1.15
11/3/2025 12:38:37,1.17.2,PRexp,10,3.76,nan,56,Left,Left,8402,349,450,24,nan,nan,0.37
11/3/2025 12:53:11,1.17.2,PRexp,10,3.75,nan,56,Left,Left,8403,349,450,24,nan,nan,0.04
11/3/2025 12:53:18,1.17.2,PRexp,10,3.75,nan,56,Left,Left,8404,349,450,24,nan,nan,0.06
11/3/2025 12:53:20,1.17.2,PRexp,10,3.76,nan,56,Left,Left,8405,349,450,24,nan,nan,0.10
11/3/2025 12:53:26,1.17.2,PRexp,10,3.74,nan,56,Left,Left,8406,349,450,24,nan,nan,0.03
11/3/2025 12:53:26,1.17.2,PRexp,10,3.75,nan,56,Left,Left,8407,349,450,24,nan,nan,0.03
11/3/2025 12:53:35,1.17.2,PRexp,10,3.75,nan,56,Left,Left,8408,349,450,24,nan,nan,0.22
11/3/2025 12:53:45,1.17.2,PRexp,10,3.75,nan,56,Left,Left,8409,349,450,24,nan,nan,0.67
11/3/2025 12:53:46,1.17.2,PRexp,10,3.75,nan,56,Left,Left,8410,349,450,24,nan,nan,0.00
11/3/2025 12:53:47,1.17.2,PRexp,10,3.76,nan,56,Left,Left,8411,349,450,24,nan,nan,0.14
11/3/2025 12:53:53,1.17.2,PRexp,10,3.75,nan,56,Left,Left,8412,349,450,24,nan,nan,0.19
11/3/2025 12:53:54,1.17.2,PRexp,10,3.76,nan,56,Left,Left,8413,349,450,24,nan,nan,0.04
11/3/2025 12:54:00,1.17.2,PRexp,10,3.75,nan,56,Left,Left,8414,349,450,24,nan,nan,0.29
11/3/2025 12:54:01,1.17.2,PRexp,10,3.75,nan,56,Left,Left,8415,349,450,24,nan,nan,0.10
11/3/2025 12:54:05,1.17.2,PRexp,10,3.75,nan,56,Left,Left,8416,349,450,24,nan,nan,1.02
11/3/2025 12:54:08,1.17.2,PRexp,10,3.75,nan,56,Left,Left,8417,349,450,24,nan,nan,1.18
11/3/2025 12:59:38,1.17.2,PRexp,10,3.76,nan,56,Left,Left,8418,349,450,24,nan,nan,0.20
11/3/2025 12:59:39,1.17.2,PRexp,10,3.75,nan,56,Left,Left,8419,349,450,24,nan,nan,0.04
11/3/2025 13:01:53,1.17.2,PRexp,10,3.75,nan,56,Left,Left,8420,349,450,24,nan,nan,1.38
11/3/2025 13:01:55,1.17.2,PRexp,10,3.76,nan,56,Left,Left,8421,349,450,24,nan,nan,0.00
11/3/2025 13:01:56,1.17.2,PRexp,10,3.75,nan,56,Left,Left,8422,349,450,24,nan,nan,0.03
11/3/2025 13:01:58,1.17.2,PRexp,10,3.75,nan,56,Left,Left,8423,349,450,24,nan,nan,0.64
11/3/2025 13:02:00,1.17.2,PRexp,10,3.75,nan,56,Left,Left,8424,349,450,24,nan,nan,0.17
11/3/2025 13:02:03,1.17.2,PRexp,10,3.75,nan,56,Left,Left,8425,349,450,24,nan,nan,1.12
11/3/2025 13:02:07,1.17.2,PRexp,10,3.75,nan,56,Left,Left,8426,349,450,24,nan,nan,0.86
11/3/2025 13:02:12,1.17.2,PRexp,10,3.75,nan,56,Left,Left,8427,349,450,24,nan,nan,0.49
11/3/2025 13:02:16,1.17.2,PRexp,10,3.75,nan,56,Left,Left,8428,349,450,24,nan,nan,1.06
11/3/2025 13:02:17,1.17.2,PRexp,10,3.75,nan,56,Left,Left,8429,349,450,24,nan,nan,0.75
11/3/2025 13:02:21,1.17.2,PRexp,10,3.75,nan,56,Left,Left,8430,349,450,24,nan,nan,1.36
11/3/2025 13:02:27,1.17.2,PRexp,10,3.74,nan,56,Left,Left,8431,349,450,24,nan,nan,0.09
11/3/2025 13:02:39,1.17.2,PRexp,10,3.75,nan,56,Left,Left,8432,349,450,24,nan,nan,0.09
11/3/2025 13:02:49,1.17.2,PRexp,10,3.75,6,56,Pellet,Left,8432,349,451,25,0.33,1617,nan
11/3/2025 13:06:32,1.17.2,PRexp,10,3.76,nan,62,Left,Left,8433,349,451,25,nan,nan,0.08
11/3/2025 13:06:34,1.17.2,PRexp,10,3.75,nan,62,Left,Left,8434,349,451,25,nan,nan,0.04
11/3/2025 13:06:41,1.17.2,PRexp,10,3.75,nan,62,Left,Left,8435,349,451,25,nan,nan,0.07
11/3/2025 13:06:42,1.17.2,PRexp,10,3.75,nan,62,Left,Left,8436,349,451,25,nan,nan,0.03
11/3/2025 13:06:48,1.17.2,PRexp,10,3.76,nan,62,Left,Left,8437,349,451,25,nan,nan,1.19
11/3/2025 13:06:54,1.17.2,PRexp,10,3.76,nan,62,Left,Left,8438,349,451,25,nan,nan,0.04
11/3/2025 13:06:58,1.17.2,PRexp,10,3.75,nan,62,Left,Left,8439,349,451,25,nan,nan,0.02
11/3/2025 13:07:08,1.17.2,PRexp,10,3.75,nan,62,Left,Left,8440,349,451,25,nan,nan,0.81
11/3/2025 13:07:13,1.17.2,PRexp,10,3.75,nan,62,Left,Left,8441,349,451,25,nan,nan,0.01
11/3/2025 13:07:16,1.17.2,PRexp,10,3.75,nan,62,Left,Left,8442,349,451,25,nan,nan,0.01
11/3/2025 13:07:21,1.17.2,PRexp,10,3.75,nan,62,Left,Left,8443,349,451,25,nan,nan,1.38
11/3/2025 13:07:28,1.17.2,PRexp,10,3.75,nan,62,Left,Left,8444,349,451,25,nan,nan,2.73
11/3/2025 13:07:35,1.17.2,PRexp,10,3.75,nan,62,Left,Left,8445,349,451,25,nan,nan,0.14
11/3/2025 13:07:36,1.17.2,PRexp,10,3.75,nan,62,Left,Left,8446,349,451,25,nan,nan,0.07
11/3/2025 13:07:42,1.17.2,PRexp,10,3.76,nan,62,Left,Left,8447,349,451,25,nan,nan,0.06
11/3/2025 13:07:49,1.17.2,PRexp,10,3.75,nan,62,Left,Left,8448,349,451,25,nan,nan,0.00
11/3/2025 13:07:50,1.17.2,PRexp,10,3.75,nan,62,Left,Left,8449,349,451,25,nan,nan,0.05
11/3/2025 13:07:57,1.17.2,PRexp,10,3.75,nan,62,Left,Left,8450,349,451,25,nan,nan,0.03
11/3/2025 13:07:59,1.17.2,PRexp,10,3.75,nan,62,Left,Left,8451,349,451,25,nan,nan,0.79
11/3/2025 13:08:07,1.17.2,PRexp,10,3.75,nan,62,Left,Left,8452,349,451,25,nan,nan,0.68
11/3/2025 13:08:08,1.17.2,PRexp,10,3.75,nan,62,Left,Left,8453,349,451,25,nan,nan,0.00
11/3/2025 13:08:10,1.17.2,PRexp,10,3.75,nan,62,Left,Left,8454,349,451,25,nan,nan,0.76
11/3/2025 13:08:12,1.17.2,PRexp,10,3.75,nan,62,Left,Left,8455,349,451,25,nan,nan,0.02
11/3/2025 13:08:14,1.17.2,PRexp,10,3.75,nan,62,Left,Left,8456,349,451,25,nan,nan,0.65
11/3/2025 13:08:16,1.17.2,PRexp,10,3.75,nan,62,Left,Left,8457,349,451,25,nan,nan,0.83
11/3/2025 13:08:21,1.17.2,PRexp,10,3.75,nan,62,Left,Left,8458,349,451,25,nan,nan,1.04
11/3/2025 13:08:23,1.17.2,PRexp,10,3.76,nan,62,Left,Left,8459,349,451,25,nan,nan,0.01
11/3/2025 13:08:26,1.17.2,PRexp,10,3.75,nan,62,Left,Left,8460,349,451,25,nan,nan,0.04
11/3/2025 13:08:34,1.17.2,PRexp,10,3.75,nan,62,Left,Left,8461,349,451,25,nan,nan,1.36
11/3/2025 13:08:38,1.17.2,PRexp,10,3.75,nan,62,Left,Left,8462,349,451,25,nan,nan,1.67
11/3/2025 13:08:41,1.17.2,PRexp,10,3.76,nan,62,Left,Left,8463,349,451,25,nan,nan,1.20
11/3/2025 13:08:49,1.17.2,PRexp,10,3.75,nan,62,Left,Left,8464,349,451,25,nan,nan,0.79
11/3/2025 13:08:50,1.17.2,PRexp,10,3.75,nan,62,Left,Left,8465,349,451,25,nan,nan,0.00
11/3/2025 13:08:51,1.17.2,PRexp,10,3.75,nan,62,Left,Left,8466,349,451,25,nan,nan,0.00
11/3/2025 13:08:54,1.17.2,PRexp,10,3.75,nan,62,Left,Left,8467,349,451,25,nan,nan,0.10
11/3/2025 13:08:56,1.17.2,PRexp,10,3.75,nan,62,Left,Left,8468,349,451,25,nan,nan,0.00
11/3/2025 13:08:59,1.17.2,PRexp,10,3.75,nan,62,Left,Left,8469,349,451,25,nan,nan,0.64
11/3/2025 13:09:04,1.17.2,PRexp,10,3.75,nan,62,Left,Left,8470,349,451,25,nan,nan,0.78
11/3/2025 13:09:06,1.17.2,PRexp,10,3.75,nan,62,Left,Left,8471,349,451,25,nan,nan,0.03
11/3/2025 13:20:03,1.17.2,PRexp,10,3.75,nan,62,Left,Left,8472,349,451,25,nan,nan,0.05
11/3/2025 13:20:10,1.17.2,PRexp,10,3.75,nan,62,Left,Left,8473,349,451,25,nan,nan,0.17
11/3/2025 13:20:14,1.17.2,PRexp,10,3.75,nan,62,Left,Left,8474,349,451,25,nan,nan,0.79
11/3/2025 13:20:14,1.17.2,PRexp,10,3.75,nan,62,Left,Left,8475,349,451,25,nan,nan,0.00
11/3/2025 13:20:22,1.17.2,PRexp,10,3.75,nan,62,Left,Left,8476,349,451,25,nan,nan,0.19
11/3/2025 13:20:23,1.17.2,PRexp,10,3.75,nan,62,Left,Left,8477,349,451,25,nan,nan,0.04
11/3/2025 13:20:24,1.17.2,PRexp,10,3.75,nan,62,Left,Left,8478,349,451,25,nan,nan,0.00
11/3/2025 13:20:28,1.17.2,PRexp,10,3.75,nan,62,Left,Left,8479,349,451,25,nan,nan,0.02
11/3/2025 13:20:30,1.17.2,PRexp,10,3.75,nan,62,Left,Left,8480,349,451,25,nan,nan,0.25
11/3/2025 13:20:36,1.17.2,PRexp,10,3.75,nan,62,Left,Left,8481,349,451,25,nan,nan,0.78
11/3/2025 13:20:41,1.17.2,PRexp,10,3.75,nan,62,Left,Left,8482,349,451,25,nan,nan,0.24
11/3/2025 13:20:44,1.17.2,PRexp,10,3.75,nan,62,Left,Left,8483,349,451,25,nan,nan,0.46
11/3/2025 13:20:46,1.17.2,PRexp,10,3.75,nan,62,Left,Left,8484,349,451,25,nan,nan,0.06
11/3/2025 13:20:54,1.17.2,PRexp,10,3.76,nan,62,Left,Left,8485,349,451,25,nan,nan,0.34
11/3/2025 13:20:56,1.17.2,PRexp,10,3.75,nan,62,Left,Left,8486,349,451,25,nan,nan,0.42
11/3/2025 13:20:58,1.17.2,PRexp,10,3.75,nan,62,Left,Left,8487,349,451,25,nan,nan,0.32
11/3/2025 13:21:01,1.17.2,PRexp,10,3.75,nan,62,Left,Left,8488,349,451,25,nan,nan,0.73
11/3/2025 13:21:04,1.17.2,PRexp,10,3.75,nan,62,Left,Left,8489,349,451,25,nan,nan,0.32
11/3/2025 13:21:07,1.17.2,PRexp,10,3.75,nan,62,Left,Left,8490,349,451,25,nan,nan,0.53
11/3/2025 13:21:33,1.17.2,PRexp,10,3.75,nan,62,Left,Left,8491,349,451,25,nan,nan,0.36
11/3/2025 13:21:54,1.17.2,PRexp,10,3.75,nan,62,Left,Left,8492,349,451,25,nan,nan,0.12
11/3/2025 13:21:56,1.17.2,PRexp,10,3.75,nan,62,Left,Left,8493,349,451,25,nan,nan,0.36
11/3/2025 13:22:02,1.17.2,PRexp,10,3.76,nan,62,Left,Left,8494,349,451,25,nan,nan,0.44
11/3/2025 13:22:03,1.17.2,PRexp,10,3.75,nan,62,LeftDuringDispense,Left,8495,349,451,26,nan,nan,0.01
11/3/2025 13:22:08,1.17.2,PRexp,10,3.75,4,62,Pellet,Left,8495,349,452,26,0.05,1159,nan
11/3/2025 13:22:56,1.17.2,PRexp,10,3.75,nan,69,Left,Left,8496,349,452,26,nan,nan,0.22
11/3/2025 13:23:57,1.17.2,PRexp,10,3.75,nan,69,Left,Left,8497,349,452,26,nan,nan,0.00
11/3/2025 13:24:19,1.17.2,PRexp,10,3.75,nan,69,Left,Left,8498,349,452,26,nan,nan,0.45
11/3/2025 13:24:23,1.17.2,PRexp,10,3.75,nan,69,Left,Left,8499,349,452,26,nan,nan,1.00
11/3/2025 13:24:24,1.17.2,PRexp,10,3.75,nan,69,Left,Left,8500,349,452,26,nan,nan,0.19
11/3/2025 13:24:37,1.17.2,PRexp,10,3.75,nan,69,Left,Left,8501,349,452,26,nan,nan,0.87
11/3/2025 13:24:40,1.17.2,PRexp,10,3.75,nan,69,Left,Left,8502,349,452,26,nan,nan,0.05
11/3/2025 13:24:42,1.17.2,PRexp,10,3.75,nan,69,Left,Left,8503,349,452,26,nan,nan,0.57
11/3/2025 13:24:48,1.17.2,PRexp,10,3.75,nan,69,Left,Left,8504,349,452,26,nan,nan,0.56
11/3/2025 13:24:57,1.17.2,PRexp,10,3.75,nan,69,Left,Left,8505,349,452,26,nan,nan,0.67
11/3/2025 13:37:10,1.17.2,PRexp,10,3.76,nan,69,Left,Left,8506,349,452,26,nan,nan,0.26
11/3/2025 13:37:12,1.17.2,PRexp,10,3.75,nan,69,Left,Left,8507,349,452,26,nan,nan,0.75
11/3/2025 13:37:13,1.17.2,PRexp,10,3.75,nan,69,Left,Left,8508,349,452,26,nan,nan,0.13
11/3/2025 13:37:16,1.17.2,PRexp,10,3.75,nan,69,Left,Left,8509,349,452,26,nan,nan,0.37
11/3/2025 13:37:19,1.17.2,PRexp,10,3.75,nan,69,Left,Left,8510,349,452,26,nan,nan,0.44
11/3/2025 13:37:23,1.17.2,PRexp,10,3.75,nan,69,Left,Left,8511,349,452,26,nan,nan,0.58
11/3/2025 13:37:23,1.17.2,PRexp,10,3.75,nan,69,Left,Left,8512,349,452,26,nan,nan,0.00
11/3/2025 13:37:26,1.17.2,PRexp,10,3.75,nan,69,Left,Left,8513,349,452,26,nan,nan,0.10
11/3/2025 13:37:28,1.17.2,PRexp,10,3.75,nan,69,Left,Left,8514,349,452,26,nan,nan,1.22
11/3/2025 13:37:30,1.17.2,PRexp,10,3.75,nan,69,Left,Left,8515,349,452,26,nan,nan,0.08
11/3/2025 13:37:31,1.17.2,PRexp,10,3.76,nan,69,Left,Left,8516,349,452,26,nan,nan,0.00
11/3/2025 13:37:34,1.17.2,PRexp,10,3.75,nan,69,Left,Left,8517,349,452,26,nan,nan,0.09
11/3/2025 13:37:36,1.17.2,PRexp,10,3.75,nan,69,Left,Left,8518,349,452,26,nan,nan,0.17
11/3/2025 13:37:37,1.17.2,PRexp,10,3.75,nan,69,Left,Left,8519,349,452,26,nan,nan,0.12
11/3/2025 13:37:42,1.17.2,PRexp,10,3.75,nan,69,Left,Left,8520,349,452,26,nan,nan,0.28
11/3/2025 13:37:44,1.17.2,PRexp,10,3.75,nan,69,Left,Left,8521,349,452,26,nan,nan,0.04
11/3/2025 13:37:47,1.17.2,PRexp,10,3.75,nan,69,Left,Left,8522,349,452,26,nan,nan,0.02
11/3/2025 13:37:53,1.17.2,PRexp,10,3.75,nan,69,Left,Left,8523,349,452,26,nan,nan,0.27
11/3/2025 13:37:55,1.17.2,PRexp,10,3.76,nan,69,Left,Left,8524,349,452,26,nan,nan,1.04
11/3/2025 13:37:57,1.17.2,PRexp,10,3.75,nan,69,Left,Left,8525,349,452,26,nan,nan,0.01
11/3/2025 13:38:06,1.17.2,PRexp,10,3.75,nan,69,Left,Left,8526,349,452,26,nan,nan,0.34
11/3/2025 13:38:21,1.17.2,PRexp,10,3.75,nan,69,Left,Left,8527,349,452,26,nan,nan,0.85
11/3/2025 13:38:42,1.17.2,PRexp,10,3.75,nan,69,Left,Left,8528,349,452,26,nan,nan,0.02
11/3/2025 13:38:46,1.17.2,PRexp,10,3.75,nan,69,Left,Left,8529,349,452,26,nan,nan,0.05
11/3/2025 13:38:48,1.17.2,PRexp,10,3.75,nan,69,Left,Left,8530,349,452,26,nan,nan,0.79
11/3/2025 13:38:55,1.17.2,PRexp,10,3.76,nan,69,Left,Left,8531,349,452,26,nan,nan,0.10
11/3/2025 13:39:08,1.17.2,PRexp,10,3.75,nan,69,Left,Left,8532,349,452,26,nan,nan,0.24
11/3/2025 13:39:09,1.17.2,PRexp,10,3.75,nan,69,Left,Left,8533,349,452,26,nan,nan,0.79
11/3/2025 13:39:11,1.17.2,PRexp,10,3.75,nan,69,Left,Left,8534,349,452,26,nan,nan,0.06
11/3/2025 13:39:14,1.17.2,PRexp,10,3.75,nan,69,Left,Left,8535,349,452,26,nan,nan,0.17
11/3/2025 13:39:24,1.17.2,PRexp,10,3.75,nan,69,Left,Left,8536,349,452,26,nan,nan,0.07
11/3/2025 13:39:49,1.17.2,PRexp,10,3.75,nan,69,Left,Left,8537,349,452,26,nan,nan,0.20
11/3/2025 13:39:51,1.17.2,PRexp,10,3.75,nan,69,Left,Left,8538,349,452,26,nan,nan,0.56
11/3/2025 13:40:07,1.17.2,PRexp,10,3.75,nan,69,Left,Left,8539,349,452,26,nan,nan,0.23
11/3/2025 13:40:09,1.17.2,PRexp,10,3.75,nan,69,Left,Left,8540,349,452,26,nan,nan,0.12
11/3/2025 13:40:11,1.17.2,PRexp,10,3.75,nan,69,Left,Left,8541,349,452,26,nan,nan,0.32
11/3/2025 13:40:23,1.17.2,PRexp,10,3.75,nan,69,Left,Left,8542,349,452,26,nan,nan,1.02
11/3/2025 13:40:28,1.17.2,PRexp,10,3.75,nan,69,Left,Left,8543,349,452,26,nan,nan,1.70
11/3/2025 13:40:33,1.17.2,PRexp,10,3.76,nan,69,Left,Left,8544,349,452,26,nan,nan,0.35
11/3/2025 13:40:37,1.17.2,PRexp,10,3.75,nan,69,Left,Left,8545,349,452,26,nan,nan,0.08
11/3/2025 13:40:47,1.17.2,PRexp,10,3.75,nan,69,Left,Left,8546,349,452,26,nan,nan,0.42
11/3/2025 13:40:50,1.17.2,PRexp,10,3.74,nan,69,Left,Left,8547,349,452,26,nan,nan,0.72
11/3/2025 13:40:53,1.17.2,PRexp,10,3.75,nan,69,Left,Left,8548,349,452,26,nan,nan,0.50
11/3/2025 13:40:59,1.17.2,PRexp,10,3.75,nan,69,Left,Left,8549,349,452,26,nan,nan,0.60
11/3/2025 13:41:01,1.17.2,PRexp,10,3.76,nan,69,Left,Left,8550,349,452,26,nan,nan,0.19
11/3/2025 13:41:10,1.17.2,PRexp,10,3.75,nan,69,Left,Left,8551,349,452,26,nan,nan,0.01
11/3/2025 13:52:35,1.17.2,PRexp,10,3.75,nan,69,Left,Left,8552,349,452,26,nan,nan,0.30
11/3/2025 13:52:37,1.17.2,PRexp,10,3.75,nan,69,Left,Left,8553,349,452,26,nan,nan,0.11
11/3/2025 13:52:38,1.17.2,PRexp,10,3.75,nan,69,Left,Left,8554,349,452,26,nan,nan,0.06
11/3/2025 13:52:40,1.17.2,PRexp,10,3.75,nan,69,Left,Left,8555,349,452,26,nan,nan,0.03
11/3/2025 13:52:43,1.17.2,PRexp,10,3.75,nan,69,Left,Left,8556,349,452,26,nan,nan,0.61
11/3/2025 13:52:47,1.17.2,PRexp,10,3.75,nan,69,Left,Left,8557,349,452,26,nan,nan,0.02
11/3/2025 13:52:58,1.17.2,PRexp,10,3.75,nan,69,Left,Left,8558,349,452,26,nan,nan,0.17
11/3/2025 13:52:59,1.17.2,PRexp,10,3.75,nan,69,Left,Left,8559,349,452,26,nan,nan,0.15
11/3/2025 13:52:59,1.17.2,PRexp,10,3.75,nan,69,Left,Left,8560,349,452,26,nan,nan,0.08
11/3/2025 13:53:11,1.17.2,PRexp,10,3.75,nan,69,Left,Left,8561,349,452,26,nan,nan,0.23
11/3/2025 13:53:15,1.17.2,PRexp,10,3.75,nan,69,Left,Left,8562,349,452,26,nan,nan,0.16
11/3/2025 13:53:16,1.17.2,PRexp,10,3.75,nan,69,Left,Left,8563,349,452,26,nan,nan,0.03
11/3/2025 13:53:22,1.17.2,PRexp,10,3.75,nan,69,Left,Left,8564,349,452,26,nan,nan,0.10
11/3/2025 13:53:24,1.17.2,PRexp,10,3.75,nan,69,LeftDuringDispense,Left,8565,349,452,27,nan,nan,0.05
11/3/2025 13:53:32,1.17.2,PRexp,10,3.76,4,69,Pellet,Left,8565,349,453,27,2.23,1883,nan
11/3/2025 13:57:23,1.17.2,PRexp,10,3.75,nan,77,Left,Left,8566,349,453,27,nan,nan,0.88
11/3/2025 13:57:25,1.17.2,PRexp,10,3.75,nan,77,Left,Left,8567,349,453,27,nan,nan,0.07
11/3/2025 13:57:30,1.17.2,PRexp,10,3.75,nan,77,Left,Left,8568,349,453,27,nan,nan,1.83
11/3/2025 13:57:31,1.17.2,PRexp,10,3.75,nan,77,Left,Left,8569,349,453,27,nan,nan,0.00
11/3/2025 13:57:33,1.17.2,PRexp,10,3.74,nan,77,Left,Left,8570,349,453,27,nan,nan,0.92
11/3/2025 13:57:54,1.17.2,PRexp,10,3.75,nan,77,Left,Left,8571,349,453,27,nan,nan,0.05
11/3/2025 14:02:26,1.17.2,PRexp,10,3.74,nan,77,Left,Left,8572,349,453,27,nan,nan,0.10
11/3/2025 14:02:33,1.17.2,PRexp,10,3.75,nan,77,Left,Left,8573,349,453,27,nan,nan,0.62
11/3/2025 14:02:39,1.17.2,PRexp,10,3.74,nan,77,Left,Left,8574,349,453,27,nan,nan,1.80
11/3/2025 14:02:41,1.17.2,PRexp,10,3.75,nan,77,Left,Left,8575,349,453,27,nan,nan,0.02
11/3/2025 14:02:46,1.17.2,PRexp,10,3.75,nan,77,Left,Left,8576,349,453,27,nan,nan,0.02
11/3/2025 14:02:49,1.17.2,PRexp,10,3.75,nan,77,Left,Left,8577,349,453,27,nan,nan,0.63
11/3/2025 14:02:52,1.17.2,PRexp,10,3.75,nan,77,Left,Left,8578,349,453,27,nan,nan,0.35
11/3/2025 14:03:06,1.17.2,PRexp,10,3.75,nan,77,Left,Left,8579,349,453,27,nan,nan,1.45
11/3/2025 14:03:10,1.17.2,PRexp,10,3.75,nan,77,Left,Left,8580,349,453,27,nan,nan,1.31
11/3/2025 14:03:14,1.17.2,PRexp,10,3.75,nan,77,Left,Left,8581,349,453,27,nan,nan,1.02
11/3/2025 14:03:28,1.17.2,PRexp,10,3.75,nan,77,Left,Left,8582,349,453,27,nan,nan,0.71
11/3/2025 14:03:37,1.17.2,PRexp,10,3.75,nan,77,Left,Left,8583,349,453,27,nan,nan,0.94
11/3/2025 14:03:43,1.17.2,PRexp,10,3.75,nan,77,Left,Left,8584,349,453,27,nan,nan,1.25
11/3/2025 14:03:45,1.17.2,PRexp,10,3.75,nan,77,Left,Left,8585,349,453,27,nan,nan,0.04
11/3/2025 14:03:57,1.17.2,PRexp,10,3.75,nan,77,Left,Left,8586,349,453,27,nan,nan,0.47
11/3/2025 14:04:04,1.17.2,PRexp,10,3.75,nan,77,Left,Left,8587,349,453,27,nan,nan,0.08
11/3/2025 14:04:05,1.17.2,PRexp,10,3.75,nan,77,Left,Left,8588,349,453,27,nan,nan,0.49
11/3/2025 14:04:08,1.17.2,PRexp,10,3.74,nan,77,Left,Left,8589,349,453,27,nan,nan,0.95
11/3/2025 14:04:14,1.17.2,PRexp,10,3.75,nan,77,Left,Left,8590,349,453,27,nan,nan,0.86
11/3/2025 14:04:18,1.17.2,PRexp,10,3.75,nan,77,Left,Left,8591,349,453,27,nan,nan,0.74
11/3/2025 14:30:24,1.17.2,PRexp,10,3.75,nan,77,Left,Left,8592,349,453,27,nan,nan,0.17
11/3/2025 14:30:26,1.17.2,PRexp,10,3.76,nan,77,Left,Left,8593,349,453,27,nan,nan,0.18
11/3/2025 14:30:29,1.17.2,PRexp,10,3.75,nan,77,Left,Left,8594,349,453,27,nan,nan,0.01
11/3/2025 14:30:30,1.17.2,PRexp,10,3.74,nan,77,Left,Left,8595,349,453,27,nan,nan,0.02
11/3/2025 14:30:34,1.17.2,PRexp,10,3.75,nan,77,Left,Left,8596,349,453,27,nan,nan,0.10
11/3/2025 14:30:36,1.17.2,PRexp,10,3.75,nan,77,Left,Left,8597,349,453,27,nan,nan,0.06
11/3/2025 14:30:43,1.17.2,PRexp,10,3.75,nan,77,Left,Left,8598,349,453,27,nan,nan,0.72
11/3/2025 14:30:50,1.17.2,PRexp,10,3.74,nan,77,Left,Left,8599,349,453,27,nan,nan,0.00
11/3/2025 14:30:51,1.17.2,PRexp,10,3.75,nan,77,Left,Left,8600,349,453,27,nan,nan,0.00
11/3/2025 14:30:52,1.17.2,PRexp,10,3.75,nan,77,Left,Left,8601,349,453,27,nan,nan,0.03
11/3/2025 14:30:59,1.17.2,PRexp,10,3.75,nan,77,Left,Left,8602,349,453,27,nan,nan,0.70
11/3/2025 14:31:00,1.17.2,PRexp,10,3.75,nan,77,Left,Left,8603,349,453,27,nan,nan,0.62
11/3/2025 14:31:04,1.17.2,PRexp,10,3.75,nan,77,Left,Left,8604,349,453,27,nan,nan,0.53
11/3/2025 14:31:05,1.17.2,PRexp,10,3.75,nan,77,Left,Left,8605,349,453,27,nan,nan,0.60
11/3/2025 14:31:07,1.17.2,PRexp,10,3.75,nan,77,Left,Left,8606,349,453,27,nan,nan,0.18
11/3/2025 14:31:09,1.17.2,PRexp,10,3.75,nan,77,Left,Left,8607,349,453,27,nan,nan,0.52
11/3/2025 14:31:10,1.17.2,PRexp,10,3.75,nan,77,Left,Left,8608,349,453,27,nan,nan,0.01
11/3/2025 14:31:13,1.17.2,PRexp,10,3.75,nan,77,Left,Left,8609,349,453,27,nan,nan,0.52
11/3/2025 14:31:16,1.17.2,PRexp,10,3.75,nan,77,Left,Left,8610,349,453,27,nan,nan,0.14
11/3/2025 14:31:17,1.17.2,PRexp,10,3.74,nan,77,Left,Left,8611,349,453,27,nan,nan,0.00
11/3/2025 14:31:20,1.17.2,PRexp,10,3.75,nan,77,Left,Left,8612,349,453,27,nan,nan,0.52
11/3/2025 14:31:23,1.17.2,PRexp,10,3.75,nan,77,Left,Left,8613,349,453,27,nan,nan,0.66
11/3/2025 14:31:26,1.17.2,PRexp,10,3.75,nan,77,Left,Left,8614,349,453,27,nan,nan,0.19
11/3/2025 14:31:29,1.17.2,PRexp,10,3.75,nan,77,Left,Left,8615,349,453,27,nan,nan,0.09
11/3/2025 14:31:31,1.17.2,PRexp,10,3.75,nan,77,Left,Left,8616,349,453,27,nan,nan,0.06
11/3/2025 14:31:42,1.17.2,PRexp,10,3.75,nan,77,Left,Left,8617,349,453,27,nan,nan,0.55
11/3/2025 14:31:45,1.17.2,PRexp,10,3.75,nan,77,Left,Left,8618,349,453,27,nan,nan,0.08
11/3/2025 14:31:46,1.17.2,PRexp,10,3.75,nan,77,Left,Left,8619,349,453,27,nan,nan,0.03
11/3/2025 14:31:51,1.17.2,PRexp,10,3.75,nan,77,Left,Left,8620,349,453,27,nan,nan,0.03
11/3/2025 14:31:52,1.17.2,PRexp,10,3.76,nan,77,Left,Left,8621,349,453,27,nan,nan,0.01
11/3/2025 14:32:05,1.17.2,PRexp,10,3.76,nan,77,Left,Left,8622,349,453,27,nan,nan,0.02
11/3/2025 14:32:07,1.17.2,PRexp,10,3.75,nan,77,Left,Left,8623,349,453,27,nan,nan,0.01
11/3/2025 14:32:08,1.17.2,PRexp,10,3.75,nan,77,Left,Left,8624,349,453,27,nan,nan,0.10
11/3/2025 14:32:13,1.17.2,PRexp,10,3.75,nan,77,Left,Left,8625,349,453,27,nan,nan,0.02
11/3/2025 14:33:04,1.17.2,PRexp,10,3.75,nan,77,Left,Left,8626,349,453,27,nan,nan,0.03
11/3/2025 14:34:05,1.17.2,PRexp,10,3.74,nan,77,Left,Left,8627,349,453,27,nan,nan,0.31
11/3/2025 14:34:07,1.17.2,PRexp,10,3.75,nan,77,Left,Left,8628,349,453,27,nan,nan,0.10
11/3/2025 14:34:19,1.17.2,PRexp,10,3.75,nan,77,Left,Left,8629,349,453,27,nan,nan,0.06
11/3/2025 14:35:11,1.17.2,PRexp,10,3.76,nan,77,Left,Left,8630,349,453,27,nan,nan,0.31
11/3/2025 14:36:36,1.17.2,PRexp,10,3.75,nan,77,Left,Left,8631,349,453,27,nan,nan,0.02
11/3/2025 14:36:42,1.17.2,PRexp,10,3.75,nan,77,Left,Left,8632,349,453,27,nan,nan,0.19
11/3/2025 14:37:18,1.17.2,PRexp,10,3.75,nan,77,Left,Left,8633,349,453,27,nan,nan,0.11
11/3/2025 14:37:21,1.17.2,PRexp,10,3.75,nan,77,Left,Left,8634,349,453,27,nan,nan,0.02
11/3/2025 14:37:22,1.17.2,PRexp,10,3.75,nan,77,Left,Left,8635,349,453,27,nan,nan,0.02
11/3/2025 14:37:24,1.17.2,PRexp,10,3.75,nan,77,Left,Left,8636,349,453,27,nan,nan,0.01
11/3/2025 14:37:26,1.17.2,PRexp,10,3.75,nan,77,Left,Left,8637,349,453,27,nan,nan,0.72
11/3/2025 14:37:28,1.17.2,PRexp,10,3.75,nan,77,Left,Left,8638,349,453,27,nan,nan,0.01
11/3/2025 14:37:30,1.17.2,PRexp,10,3.75,nan,77,Left,Left,8639,349,453,27,nan,nan,1.02
11/3/2025 14:37:31,1.17.2,PRexp,10,3.75,nan,77,Left,Left,8640,349,453,27,nan,nan,0.01
11/3/2025 14:37:34,1.17.2,PRexp,10,3.76,nan,77,Left,Left,8641,349,453,27,nan,nan,0.04
11/3/2025 14:37:37,1.17.2,PRexp,10,3.75,nan,77,Left,Left,8642,349,453,27,nan,nan,0.01
11/3/2025 14:37:48,1.17.2,PRexp,10,3.75,6,77,Pellet,Left,8642,349,454,28,1.11,2657,nan
11/3/2025 14:39:19,1.17.2,PRexp,10,3.74,nan,86,Left,Left,8643,349,454,28,nan,nan,0.19
11/3/2025 14:39:37,1.17.2,PRexp,10,3.75,nan,86,Left,Left,8644,349,454,28,nan,nan,0.08
11/3/2025 14:39:38,1.17.2,PRexp,10,3.75,nan,86,Left,Left,8645,349,454,28,nan,nan,0.02
11/3/2025 14:39:43,1.17.2,PRexp,10,3.75,nan,86,Left,Left,8646,349,454,28,nan,nan,0.10
11/3/2025 14:39:45,1.17.2,PRexp,10,3.75,nan,86,Left,Left,8647,349,454,28,nan,nan,0.07
11/3/2025 14:39:49,1.17.2,PRexp,10,3.75,nan,86,Left,Left,8648,349,454,28,nan,nan,0.30
11/3/2025 14:39:57,1.17.2,PRexp,10,3.75,nan,86,Left,Left,8649,349,454,28,nan,nan,0.29
11/3/2025 14:40:08,1.17.2,PRexp,10,3.75,nan,86,Left,Left,8650,349,454,28,nan,nan,0.06
11/3/2025 14:40:17,1.17.2,PRexp,10,3.75,nan,86,Left,Left,8651,349,454,28,nan,nan,0.12
11/3/2025 14:40:23,1.17.2,PRexp,10,3.75,nan,86,Left,Left,8652,349,454,28,nan,nan,1.07
11/3/2025 14:40:30,1.17.2,PRexp,10,3.75,nan,86,Left,Left,8653,349,454,28,nan,nan,0.05
11/3/2025 14:40:34,1.17.2,PRexp,10,3.75,nan,86,Left,Left,8654,349,454,28,nan,nan,0.96
11/3/2025 14:40:41,1.17.2,PRexp,10,3.75,nan,86,Left,Left,8655,349,454,28,nan,nan,1.47
11/3/2025 14:40:50,1.17.2,PRexp,10,3.75,nan,86,Left,Left,8656,349,454,28,nan,nan,0.94
11/3/2025 14:40:51,1.17.2,PRexp,10,3.75,nan,86,Left,Left,8657,349,454,28,nan,nan,0.03
11/3/2025 14:40:52,1.17.2,PRexp,10,3.75,nan,86,Left,Left,8658,349,454,28,nan,nan,0.02
11/3/2025 14:40:54,1.17.2,PRexp,10,3.75,nan,86,Left,Left,8659,349,454,28,nan,nan,0.02
11/3/2025 14:41:00,1.17.2,PRexp,10,3.75,nan,86,Left,Left,8660,349,454,28,nan,nan,1.84
11/3/2025 14:41:00,1.17.2,PRexp,10,3.75,nan,86,Left,Left,8661,349,454,28,nan,nan,0.02
11/3/2025 14:41:04,1.17.2,PRexp,10,3.75,nan,86,Left,Left,8662,349,454,28,nan,nan,0.13
11/3/2025 14:41:07,1.17.2,PRexp,10,3.75,nan,86,Left,Left,8663,349,454,28,nan,nan,0.20
11/3/2025 14:41:11,1.17.2,PRexp,10,3.74,nan,86,Left,Left,8664,349,454,28,nan,nan,0.52
11/3/2025 14:41:14,1.17.2,PRexp,10,3.75,nan,86,Left,Left,8665,349,454,28,nan,nan,0.36
11/3/2025 14:42:00,1.17.2,PRexp,10,3.75,nan,86,Right,Left,8665,350,454,28,nan,nan,0.20
11/3/2025 14:42:08,1.17.2,PRexp,10,3.75,nan,86,Left,Left,8666,350,454,28,nan,nan,0.14
11/3/2025 14:42:09,1.17.2,PRexp,10,3.75,nan,86,Left,Left,8667,350,454,28,nan,nan,0.02
11/3/2025 14:42:12,1.17.2,PRexp,10,3.75,nan,86,Left,Left,8668,350,454,28,nan,nan,0.07
11/3/2025 14:42:14,1.17.2,PRexp,10,3.75,nan,86,Left,Left,8669,350,454,28,nan,nan,0.15
11/3/2025 14:42:16,1.17.2,PRexp,10,3.75,nan,86,Left,Left,8670,350,454,28,nan,nan,0.02
11/3/2025 14:42:17,1.17.2,PRexp,10,3.75,nan,86,Left,Left,8671,350,454,28,nan,nan,0.04
11/3/2025 14:42:20,1.17.2,PRexp,10,3.75,nan,86,Left,Left,8672,350,454,28,nan,nan,0.15
11/3/2025 14:42:24,1.17.2,PRexp,10,3.74,nan,86,Left,Left,8673,350,454,28,nan,nan,0.07
11/3/2025 14:42:27,1.17.2,PRexp,10,3.75,nan,86,Left,Left,8674,350,454,28,nan,nan,0.41
11/3/2025 14:42:28,1.17.2,PRexp,10,3.75,nan,86,Left,Left,8675,350,454,28,nan,nan,0.08
11/3/2025 14:42:29,1.17.2,PRexp,10,3.75,nan,86,Left,Left,8676,350,454,28,nan,nan,0.12
11/3/2025 14:42:32,1.17.2,PRexp,10,3.74,nan,86,Left,Left,8677,350,454,28,nan,nan,0.20
11/3/2025 14:42:36,1.17.2,PRexp,10,3.75,nan,86,Left,Left,8678,350,454,28,nan,nan,0.36
11/3/2025 14:42:40,1.17.2,PRexp,10,3.75,nan,86,Left,Left,8679,350,454,28,nan,nan,0.57
11/3/2025 14:42:42,1.17.2,PRexp,10,3.74,nan,86,Left,Left,8680,350,454,28,nan,nan,0.71
11/3/2025 14:42:45,1.17.2,PRexp,10,3.75,nan,86,Left,Left,8681,350,454,28,nan,nan,0.44
11/3/2025 14:42:46,1.17.2,PRexp,10,3.75,nan,86,Left,Left,8682,350,454,28,nan,nan,0.00
11/3/2025 14:42:47,1.17.2,PRexp,10,3.75,nan,86,Left,Left,8683,350,454,28,nan,nan,0.36
11/3/2025 14:42:48,1.17.2,PRexp,10,3.74,nan,86,Left,Left,8684,350,454,28,nan,nan,0.01
11/3/2025 14:42:50,1.17.2,PRexp,10,3.75,nan,86,Left,Left,8685,350,454,28,nan,nan,0.14
11/3/2025 14:42:52,1.17.2,PRexp,10,3.74,nan,86,Left,Left,8686,350,454,28,nan,nan,0.01
11/3/2025 14:42:56,1.17.2,PRexp,10,3.75,nan,86,Left,Left,8687,350,454,28,nan,nan,0.67
11/3/2025 14:42:59,1.17.2,PRexp,10,3.75,nan,86,Left,Left,8688,350,454,28,nan,nan,0.04
11/3/2025 14:43:04,1.17.2,PRexp,10,3.74,nan,86,Left,Left,8689,350,454,28,nan,nan,0.02
11/3/2025 14:43:05,1.17.2,PRexp,10,3.74,nan,86,Left,Left,8690,350,454,28,nan,nan,0.15
11/3/2025 14:43:15,1.17.2,PRexp,10,3.75,nan,86,Left,Left,8691,350,454,28,nan,nan,0.12
11/3/2025 14:43:20,1.17.2,PRexp,10,3.75,nan,86,Left,Left,8692,350,454,28,nan,nan,0.01
11/3/2025 14:43:45,1.17.2,PRexp,10,3.75,nan,86,Left,Left,8693,350,454,28,nan,nan,0.03
11/3/2025 14:43:51,1.17.2,PRexp,10,3.75,nan,86,Left,Left,8694,350,454,28,nan,nan,0.01
11/3/2025 14:43:57,1.17.2,PRexp,10,3.75,nan,86,Left,Left,8695,350,454,28,nan,nan,0.10
11/3/2025 14:44:01,1.17.2,PRexp,10,3.75,nan,86,Left,Left,8696,350,454,28,nan,nan,0.03
11/3/2025 14:44:05,1.17.2,PRexp,10,3.74,nan,86,Left,Left,8697,350,454,28,nan,nan,0.02
11/3/2025 14:44:06,1.17.2,PRexp,10,3.75,nan,86,Left,Left,8698,350,454,28,nan,nan,0.03
11/3/2025 14:44:08,1.17.2,PRexp,10,3.75,nan,86,Left,Left,8699,350,454,28,nan,nan,0.10
11/3/2025 14:45:50,1.17.2,PRexp,10,3.75,nan,86,Left,Left,8700,350,454,28,nan,nan,0.03
11/3/2025 14:45:53,1.17.2,PRexp,10,3.75,nan,86,Left,Left,8701,350,454,28,nan,nan,0.04
11/3/2025 14:45:55,1.17.2,PRexp,10,3.75,nan,86,Left,Left,8702,350,454,28,nan,nan,0.03
11/3/2025 14:45:58,1.17.2,PRexp,10,3.75,nan,86,Left,Left,8703,350,454,28,nan,nan,0.02
11/3/2025 14:46:04,1.17.2,PRexp,10,3.75,nan,86,Left,Left,8704,350,454,28,nan,nan,0.12
11/3/2025 14:46:06,1.17.2,PRexp,10,3.75,nan,86,Left,Left,8705,350,454,28,nan,nan,0.20
11/3/2025 14:46:07,1.17.2,PRexp,10,3.75,nan,86,Left,Left,8706,350,454,28,nan,nan,0.01
11/3/2025 14:46:10,1.17.2,PRexp,10,3.75,nan,86,Left,Left,8707,350,454,28,nan,nan,0.04
11/3/2025 14:46:14,1.17.2,PRexp,10,3.75,nan,86,Left,Left,8708,350,454,28,nan,nan,0.01
11/3/2025 14:46:18,1.17.2,PRexp,10,3.75,nan,86,Left,Left,8709,350,454,28,nan,nan,0.01
11/3/2025 14:46:21,1.17.2,PRexp,10,3.75,nan,86,Left,Left,8710,350,454,28,nan,nan,0.13
11/3/2025 14:47:48,1.17.2,PRexp,10,3.75,nan,86,Right,Left,8710,351,454,28,nan,nan,0.31
11/3/2025 14:48:07,1.17.2,PRexp,10,3.75,nan,86,Right,Left,8710,352,454,28,nan,nan,0.02
11/3/2025 14:49:01,1.17.2,PRexp,10,3.75,nan,86,Left,Left,8711,352,454,28,nan,nan,0.32
11/3/2025 14:49:05,1.17.2,PRexp,10,3.75,nan,86,Left,Left,8712,352,454,28,nan,nan,0.16
11/3/2025 14:49:06,1.17.2,PRexp,10,3.75,nan,86,Left,Left,8713,352,454,28,nan,nan,0.12
11/3/2025 14:49:08,1.17.2,PRexp,10,3.75,nan,86,Left,Left,8714,352,454,28,nan,nan,0.03
11/3/2025 14:49:10,1.17.2,PRexp,10,3.75,nan,86,Left,Left,8715,352,454,28,nan,nan,0.46
11/3/2025 14:49:16,1.17.2,PRexp,10,3.75,nan,86,Left,Left,8716,352,454,28,nan,nan,0.38
11/3/2025 14:49:17,1.17.2,PRexp,10,3.75,nan,86,Left,Left,8717,352,454,28,nan,nan,0.02
11/3/2025 14:49:20,1.17.2,PRexp,10,3.75,nan,86,Left,Left,8718,352,454,28,nan,nan,0.61
11/3/2025 14:49:22,1.17.2,PRexp,10,3.75,nan,86,Left,Left,8719,352,454,28,nan,nan,0.12
11/3/2025 14:49:24,1.17.2,PRexp,10,3.75,nan,86,Left,Left,8720,352,454,28,nan,nan,0.09
11/3/2025 14:49:41,1.17.2,PRexp,10,3.74,nan,86,Left,Left,8721,352,454,28,nan,nan,0.04
11/3/2025 14:49:42,1.17.2,PRexp,10,3.75,nan,86,Left,Left,8722,352,454,28,nan,nan,0.20
11/3/2025 14:52:00,1.17.2,PRexp,10,3.75,nan,86,Left,Left,8723,352,454,28,nan,nan,0.08
11/3/2025 14:52:03,1.17.2,PRexp,10,3.75,nan,86,Left,Left,8724,352,454,28,nan,nan,0.05
11/3/2025 14:52:05,1.17.2,PRexp,10,3.75,nan,86,Left,Left,8725,352,454,28,nan,nan,0.04
11/3/2025 14:52:09,1.17.2,PRexp,10,3.75,nan,86,Left,Left,8726,352,454,28,nan,nan,0.01
11/3/2025 14:52:11,1.17.2,PRexp,10,3.75,nan,86,Left,Left,8727,352,454,28,nan,nan,0.11
11/3/2025 14:52:23,1.17.2,PRexp,10,3.75,nan,86,Left,Left,8728,352,454,28,nan,nan,0.11
11/3/2025 14:52:26,1.17.2,PRexp,10,3.75,nan,86,LeftDuringDispense,Left,8729,352,454,29,nan,nan,0.21
11/3/2025 14:53:22,1.17.2,PRexp,10,3.75,21,86,Pellet,Left,8729,352,455,29,2.11,934,nan
11/3/2025 14:55:46,1.17.2,PRexp,10,3.75,nan,95,Left,Left,8730,352,455,29,nan,nan,0.02
11/3/2025 14:55:49,1.17.2,PRexp,10,3.75,nan,95,Left,Left,8731,352,455,29,nan,nan,0.16
11/3/2025 14:56:04,1.17.2,PRexp,10,3.74,nan,95,Left,Left,8732,352,455,29,nan,nan,0.12
11/3/2025 14:56:14,1.17.2,PRexp,10,3.74,nan,95,Left,Left,8733,352,455,29,nan,nan,0.09
11/3/2025 14:56:18,1.17.2,PRexp,10,3.75,nan,95,Left,Left,8734,352,455,29,nan,nan,0.03
11/3/2025 14:56:20,1.17.2,PRexp,10,3.75,nan,95,Left,Left,8735,352,455,29,nan,nan,0.02
11/3/2025 14:56:36,1.17.2,PRexp,10,3.75,nan,95,Left,Left,8736,352,455,29,nan,nan,0.11
11/3/2025 14:56:38,1.17.2,PRexp,10,3.75,nan,95,Left,Left,8737,352,455,29,nan,nan,0.14
11/3/2025 14:56:40,1.17.2,PRexp,10,3.75,nan,95,Left,Left,8738,352,455,29,nan,nan,0.08
11/3/2025 14:56:43,1.17.2,PRexp,10,3.75,nan,95,Left,Left,8739,352,455,29,nan,nan,0.16
11/3/2025 14:56:46,1.17.2,PRexp,10,3.75,nan,95,Left,Left,8740,352,455,29,nan,nan,0.15
11/3/2025 14:56:53,1.17.2,PRexp,10,3.74,nan,95,Left,Left,8741,352,455,29,nan,nan,0.72
11/3/2025 14:56:57,1.17.2,PRexp,10,3.74,nan,95,Left,Left,8742,352,455,29,nan,nan,0.03
11/3/2025 14:56:58,1.17.2,PRexp,10,3.74,nan,95,Left,Left,8743,352,455,29,nan,nan,0.00
11/3/2025 14:58:13,1.17.2,PRexp,10,3.74,nan,95,Right,Left,8743,353,455,29,nan,nan,0.12
11/3/2025 14:58:28,1.17.2,PRexp,10,3.75,nan,95,Left,Left,8744,353,455,29,nan,nan,0.12
11/3/2025 14:58:38,1.17.2,PRexp,10,3.75,nan,95,Left,Left,8745,353,455,29,nan,nan,0.05
11/3/2025 14:58:41,1.17.2,PRexp,10,3.75,nan,95,Left,Left,8746,353,455,29,nan,nan,0.03
11/3/2025 14:58:43,1.17.2,PRexp,10,3.75,nan,95,Left,Left,8747,353,455,29,nan,nan,0.71
11/3/2025 14:58:45,1.17.2,PRexp,10,3.74,nan,95,Left,Left,8748,353,455,29,nan,nan,0.11
11/3/2025 14:58:46,1.17.2,PRexp,10,3.75,nan,95,Left,Left,8749,353,455,29,nan,nan,0.01
11/3/2025 14:58:49,1.17.2,PRexp,10,3.75,nan,95,Left,Left,8750,353,455,29,nan,nan,0.25
11/3/2025 14:58:50,1.17.2,PRexp,10,3.75,nan,95,Left,Left,8751,353,455,29,nan,nan,0.20
11/3/2025 14:59:12,1.17.2,PRexp,10,3.75,nan,95,Right,Left,8751,354,455,29,nan,nan,0.19
11/3/2025 14:59:45,1.17.2,PRexp,10,3.75,nan,95,Left,Left,8752,354,455,29,nan,nan,0.22
11/3/2025 15:00:51,1.17.2,PRexp,10,3.75,nan,95,Right,Left,8752,355,455,29,nan,nan,0.48
11/3/2025 15:00:55,1.17.2,PRexp,10,3.75,nan,95,Left,Left,8753,355,455,29,nan,nan,0.04
11/3/2025 15:00:56,1.17.2,PRexp,10,3.74,nan,95,Left,Left,8754,355,455,29,nan,nan,0.02
11/3/2025 15:00:58,1.17.2,PRexp,10,3.74,nan,95,Left,Left,8755,355,455,29,nan,nan,0.02
11/3/2025 15:01:01,1.17.2,PRexp,10,3.74,nan,95,Left,Left,8756,355,455,29,nan,nan,0.02
11/3/2025 15:01:02,1.17.2,PRexp,10,3.74,nan,95,Left,Left,8757,355,455,29,nan,nan,0.24
11/3/2025 15:01:06,1.17.2,PRexp,10,3.74,nan,95,Left,Left,8758,355,455,29,nan,nan,0.10
11/3/2025 15:01:31,1.17.2,PRexp,10,3.75,nan,95,Left,Left,8759,355,455,29,nan,nan,0.07
11/3/2025 15:01:33,1.17.2,PRexp,10,3.74,nan,95,Left,Left,8760,355,455,29,nan,nan,0.04
11/3/2025 15:01:38,1.17.2,PRexp,10,3.74,nan,95,Left,Left,8761,355,455,29,nan,nan,0.05
11/3/2025 15:01:47,1.17.2,PRexp,10,3.74,nan,95,Left,Left,8762,355,455,29,nan,nan,0.08
11/3/2025 15:01:51,1.17.2,PRexp,10,3.75,nan,95,Left,Left,8763,355,455,29,nan,nan,0.04
11/3/2025 15:01:52,1.17.2,PRexp,10,3.74,nan,95,Left,Left,8764,355,455,29,nan,nan,0.05
11/3/2025 15:01:55,1.17.2,PRexp,10,3.75,nan,95,Left,Left,8765,355,455,29,nan,nan,0.01
11/3/2025 15:02:24,1.17.2,PRexp,10,3.75,nan,95,Left,Left,8766,355,455,29,nan,nan,0.12
11/3/2025 15:02:26,1.17.2,PRexp,10,3.74,nan,95,Left,Left,8767,355,455,29,nan,nan,0.34
11/3/2025 15:02:28,1.17.2,PRexp,10,3.75,nan,95,Left,Left,8768,355,455,29,nan,nan,0.36
11/3/2025 15:02:29,1.17.2,PRexp,10,3.74,nan,95,Left,Left,8769,355,455,29,nan,nan,0.01
11/3/2025 15:02:30,1.17.2,PRexp,10,3.75,nan,95,Left,Left,8770,355,455,29,nan,nan,0.00
11/3/2025 15:02:31,1.17.2,PRexp,10,3.75,nan,95,Left,Left,8771,355,455,29,nan,nan,0.11
11/3/2025 15:02:31,1.17.2,PRexp,10,3.74,nan,95,Left,Left,8772,355,455,29,nan,nan,0.10
11/3/2025 15:02:34,1.17.2,PRexp,10,3.74,nan,95,Left,Left,8773,355,455,29,nan,nan,0.01
11/3/2025 15:02:35,1.17.2,PRexp,10,3.74,nan,95,Left,Left,8774,355,455,29,nan,nan,0.02
11/3/2025 15:02:36,1.17.2,PRexp,10,3.75,nan,95,Left,Left,8775,355,455,29,nan,nan,0.45
11/3/2025 15:02:39,1.17.2,PRexp,10,3.75,nan,95,Left,Left,8776,355,455,29,nan,nan,0.05
11/3/2025 15:02:40,1.17.2,PRexp,10,3.75,nan,95,Left,Left,8777,355,455,29,nan,nan,0.04
11/3/2025 15:02:41,1.17.2,PRexp,10,3.74,nan,95,Left,Left,8778,355,455,29,nan,nan,0.02
11/3/2025 15:02:44,1.17.2,PRexp,10,3.75,nan,95,Left,Left,8779,355,455,29,nan,nan,0.16
11/3/2025 15:02:44,1.17.2,PRexp,10,3.75,nan,95,Left,Left,8780,355,455,29,nan,nan,0.03
11/3/2025 15:02:46,1.17.2,PRexp,10,3.75,nan,95,Left,Left,8781,355,455,29,nan,nan,0.02
11/3/2025 15:02:49,1.17.2,PRexp,10,3.74,nan,95,Left,Left,8782,355,455,29,nan,nan,0.09
11/3/2025 15:02:52,1.17.2,PRexp,10,3.74,nan,95,Left,Left,8783,355,455,29,nan,nan,0.69
11/3/2025 15:02:55,1.17.2,PRexp,10,3.75,nan,95,Left,Left,8784,355,455,29,nan,nan,0.58
11/3/2025 15:02:58,1.17.2,PRexp,10,3.75,nan,95,Left,Left,8785,355,455,29,nan,nan,0.62
11/3/2025 15:03:08,1.17.2,PRexp,10,3.75,nan,95,Left,Left,8786,355,455,29,nan,nan,0.05
11/3/2025 15:03:14,1.17.2,PRexp,10,3.75,nan,95,Left,Left,8787,355,455,29,nan,nan,0.13
11/3/2025 15:03:16,1.17.2,PRexp,10,3.75,nan,95,Left,Left,8788,355,455,29,nan,nan,0.01
11/3/2025 15:03:21,1.17.2,PRexp,10,3.75,nan,95,Left,Left,8789,355,455,29,nan,nan,0.15
11/3/2025 15:03:23,1.17.2,PRexp,10,3.75,nan,95,Left,Left,8790,355,455,29,nan,nan,0.02
11/3/2025 15:03:34,1.17.2,PRexp,10,3.74,nan,95,Left,Left,8791,355,455,29,nan,nan,0.04
11/3/2025 15:03:37,1.17.2,PRexp,10,3.74,nan,95,Left,Left,8792,355,455,29,nan,nan,0.07
11/3/2025 15:03:50,1.17.2,PRexp,10,3.75,nan,95,Left,Left,8793,355,455,29,nan,nan,0.14
11/3/2025 15:04:05,1.17.2,PRexp,10,3.75,nan,95,Left,Left,8794,355,455,29,nan,nan,0.19
11/3/2025 15:04:36,1.17.2,PRexp,10,3.75,nan,95,Left,Left,8795,355,455,29,nan,nan,0.06
11/3/2025 15:06:03,1.17.2,PRexp,10,3.75,nan,95,Left,Left,8796,355,455,29,nan,nan,0.05
11/3/2025 15:06:08,1.17.2,PRexp,10,3.74,nan,95,Left,Left,8797,355,455,29,nan,nan,0.09
11/3/2025 15:06:17,1.17.2,PRexp,10,3.74,nan,95,Left,Left,8798,355,455,29,nan,nan,0.07
11/3/2025 15:06:57,1.17.2,PRexp,10,3.74,nan,95,Right,Left,8798,356,455,29,nan,nan,0.01
11/3/2025 15:06:57,1.17.2,PRexp,10,3.75,nan,95,Right,Left,8798,357,455,29,nan,nan,0.00
11/3/2025 15:06:58,1.17.2,PRexp,10,3.75,nan,95,Left,Left,8799,357,455,29,nan,nan,0.02
11/3/2025 15:06:59,1.17.2,PRexp,10,3.74,nan,95,Left,Left,8800,357,455,29,nan,nan,0.05
11/3/2025 15:07:00,1.17.2,PRexp,10,3.75,nan,95,Left,Left,8801,357,455,29,nan,nan,0.07
11/3/2025 15:07:02,1.17.2,PRexp,10,3.75,nan,95,Left,Left,8802,357,455,29,nan,nan,0.23
11/3/2025 15:07:04,1.17.2,PRexp,10,3.74,nan,95,Left,Left,8803,357,455,29,nan,nan,0.01
11/3/2025 15:07:06,1.17.2,PRexp,10,3.74,nan,95,Left,Left,8804,357,455,29,nan,nan,0.13
11/3/2025 15:07:09,1.17.2,PRexp,10,3.74,nan,95,Left,Left,8805,357,455,29,nan,nan,0.47
11/3/2025 15:07:09,1.17.2,PRexp,10,3.74,nan,95,Left,Left,8806,357,455,29,nan,nan,0.02
11/3/2025 15:07:11,1.17.2,PRexp,10,3.75,nan,95,Left,Left,8807,357,455,29,nan,nan,0.19
11/3/2025 15:07:14,1.17.2,PRexp,10,3.75,nan,95,Left,Left,8808,357,455,29,nan,nan,0.01
11/3/2025 15:07:22,1.17.2,PRexp,10,3.75,nan,95,Left,Left,8809,357,455,29,nan,nan,0.48
11/3/2025 15:07:23,1.17.2,PRexp,10,3.75,nan,95,Left,Left,8810,357,455,29,nan,nan,0.04
11/3/2025 15:07:24,1.17.2,PRexp,10,3.74,nan,95,Left,Left,8811,357,455,29,nan,nan,0.12
11/3/2025 15:07:27,1.17.2,PRexp,10,3.75,nan,95,Left,Left,8812,357,455,29,nan,nan,0.13
11/3/2025 15:07:28,1.17.2,PRexp,10,3.74,nan,95,Left,Left,8813,357,455,29,nan,nan,0.18
11/3/2025 15:07:30,1.17.2,PRexp,10,3.75,nan,95,Left,Left,8814,357,455,29,nan,nan,0.02
11/3/2025 15:07:31,1.17.2,PRexp,10,3.75,nan,95,Left,Left,8815,357,455,29,nan,nan,0.03
11/3/2025 15:07:36,1.17.2,PRexp,10,3.74,nan,95,Left,Left,8816,357,455,29,nan,nan,0.68
11/3/2025 15:07:37,1.17.2,PRexp,10,3.74,nan,95,Left,Left,8817,357,455,29,nan,nan,0.12
11/3/2025 15:07:41,1.17.2,PRexp,10,3.74,nan,95,Left,Left,8818,357,455,29,nan,nan,0.22
11/3/2025 15:07:42,1.17.2,PRexp,10,3.75,nan,95,Left,Left,8819,357,455,29,nan,nan,0.04
11/3/2025 15:07:44,1.17.2,PRexp,10,3.74,nan,95,Left,Left,8820,357,455,29,nan,nan,0.09
11/3/2025 15:07:58,1.17.2,PRexp,10,3.74,nan,95,Left,Left,8821,357,455,29,nan,nan,0.10
11/3/2025 15:08:31,1.17.2,PRexp,10,3.75,nan,95,Left,Left,8822,357,455,29,nan,nan,0.11
11/3/2025 15:08:32,1.17.2,PRexp,10,3.74,nan,95,Left,Left,8823,357,455,29,nan,nan,0.27
11/3/2025 15:08:34,1.17.2,PRexp,10,3.75,nan,95,Left,Left,8824,357,455,29,nan,nan,0.32
11/3/2025 15:08:44,1.17.2,PRexp,10,3.74,6,95,Pellet,Left,8824,357,456,30,0.16,922,nan
11/3/2025 15:10:11,1.17.2,PRexp,10,3.74,nan,106,Left,Left,8825,357,456,30,nan,nan,0.08
11/3/2025 15:10:14,1.17.2,PRexp,10,3.75,nan,106,Left,Left,8826,357,456,30,nan,nan,0.10
11/3/2025 15:10:17,1.17.2,PRexp,10,3.75,nan,106,Left,Left,8827,357,456,30,nan,nan,0.08
11/3/2025 15:10:37,1.17.2,PRexp,10,3.74,nan,106,Left,Left,8828,357,456,30,nan,nan,0.27
11/3/2025 15:10:40,1.17.2,PRexp,10,3.75,nan,106,Left,Left,8829,357,456,30,nan,nan,0.28
11/3/2025 15:10:42,1.17.2,PRexp,10,3.75,nan,106,Left,Left,8830,357,456,30,nan,nan,0.19
11/3/2025 15:10:46,1.17.2,PRexp,10,3.75,nan,106,Left,Left,8831,357,456,30,nan,nan,0.13
11/3/2025 15:10:49,1.17.2,PRexp,10,3.74,nan,106,Left,Left,8832,357,456,30,nan,nan,0.29
11/3/2025 15:11:27,1.17.2,PRexp,10,3.75,nan,106,Left,Left,8833,357,456,30,nan,nan,0.06
11/3/2025 15:11:28,1.17.2,PRexp,10,3.74,nan,106,Left,Left,8834,357,456,30,nan,nan,0.11
11/3/2025 15:11:30,1.17.2,PRexp,10,3.75,nan,106,Left,Left,8835,357,456,30,nan,nan,0.21
11/3/2025 15:11:33,1.17.2,PRexp,10,3.75,nan,106,Left,Left,8836,357,456,30,nan,nan,0.04
11/3/2025 15:11:35,1.17.2,PRexp,10,3.74,nan,106,Left,Left,8837,357,456,30,nan,nan,0.21
11/3/2025 15:11:36,1.17.2,PRexp,10,3.74,nan,106,Left,Left,8838,357,456,30,nan,nan,0.05
11/3/2025 15:11:37,1.17.2,PRexp,10,3.75,nan,106,Left,Left,8839,357,456,30,nan,nan,0.04
11/3/2025 15:11:53,1.17.2,PRexp,10,3.75,nan,106,Left,Left,8840,357,456,30,nan,nan,0.08
11/3/2025 15:12:28,1.17.2,PRexp,10,3.75,nan,106,Left,Left,8841,357,456,30,nan,nan,0.04
11/3/2025 15:12:30,1.17.2,PRexp,10,3.75,nan,106,Left,Left,8842,357,456,30,nan,nan,0.09
11/3/2025 15:12:33,1.17.2,PRexp,10,3.74,nan,106,Left,Left,8843,357,456,30,nan,nan,0.04
11/3/2025 15:12:35,1.17.2,PRexp,10,3.74,nan,106,Left,Left,8844,357,456,30,nan,nan,0.18
11/3/2025 15:12:39,1.17.2,PRexp,10,3.75,nan,106,Left,Left,8845,357,456,30,nan,nan,0.09
11/3/2025 15:12:42,1.17.2,PRexp,10,3.74,nan,106,Left,Left,8846,357,456,30,nan,nan,0.15
11/3/2025 15:12:45,1.17.2,PRexp,10,3.75,nan,106,Left,Left,8847,357,456,30,nan,nan,0.25
11/3/2025 15:12:47,1.17.2,PRexp,10,3.74,nan,106,Left,Left,8848,357,456,30,nan,nan,0.21
11/3/2025 15:12:51,1.17.2,PRexp,10,3.75,nan,106,Left,Left,8849,357,456,30,nan,nan,0.75
11/3/2025 15:12:55,1.17.2,PRexp,10,3.75,nan,106,Left,Left,8850,357,456,30,nan,nan,0.09
11/3/2025 15:12:58,1.17.2,PRexp,10,3.75,nan,106,Left,Left,8851,357,456,30,nan,nan,0.12
11/3/2025 15:13:39,1.17.2,PRexp,10,3.75,nan,106,Left,Left,8852,357,456,30,nan,nan,0.04
11/3/2025 15:13:41,1.17.2,PRexp,10,3.74,nan,106,Left,Left,8853,357,456,30,nan,nan,0.24
11/3/2025 15:13:43,1.17.2,PRexp,10,3.75,nan,106,Left,Left,8854,357,456,30,nan,nan,0.13
11/3/2025 15:13:45,1.17.2,PRexp,10,3.75,nan,106,Left,Left,8855,357,456,30,nan,nan,0.22
11/3/2025 15:13:47,1.17.2,PRexp,10,3.74,nan,106,Left,Left,8856,357,456,30,nan,nan,0.25
11/3/2025 15:13:49,1.17.2,PRexp,10,3.75,nan,106,Left,Left,8857,357,456,30,nan,nan,0.33
11/3/2025 15:13:52,1.17.2,PRexp,10,3.75,nan,106,Left,Left,8858,357,456,30,nan,nan,0.36
11/3/2025 15:13:53,1.17.2,PRexp,10,3.74,nan,106,Left,Left,8859,357,456,30,nan,nan,0.13
11/3/2025 15:13:54,1.17.2,PRexp,10,3.74,nan,106,Left,Left,8860,357,456,30,nan,nan,0.08
11/3/2025 15:13:57,1.17.2,PRexp,10,3.74,nan,106,Left,Left,8861,357,456,30,nan,nan,0.20
11/3/2025 15:14:13,1.17.2,PRexp,10,3.75,nan,106,Right,Left,8861,358,456,30,nan,nan,0.20
11/3/2025 15:14:18,1.17.2,PRexp,10,3.74,nan,106,Left,Left,8862,358,456,30,nan,nan,0.23
11/3/2025 15:14:19,1.17.2,PRexp,10,3.75,nan,106,Left,Left,8863,358,456,30,nan,nan,0.00
11/3/2025 15:14:22,1.17.2,PRexp,10,3.75,nan,106,Left,Left,8864,358,456,30,nan,nan,0.23
11/3/2025 15:14:24,1.17.2,PRexp,10,3.74,nan,106,Left,Left,8865,358,456,30,nan,nan,0.23
11/3/2025 15:14:27,1.17.2,PRexp,10,3.74,nan,106,Left,Left,8866,358,456,30,nan,nan,0.04
11/3/2025 15:14:28,1.17.2,PRexp,10,3.75,nan,106,Left,Left,8867,358,456,30,nan,nan,0.21
11/3/2025 15:14:30,1.17.2,PRexp,10,3.75,nan,106,Left,Left,8868,358,456,30,nan,nan,0.28
11/3/2025 15:14:32,1.17.2,PRexp,10,3.74,nan,106,Left,Left,8869,358,456,30,nan,nan,0.04
11/3/2025 15:14:34,1.17.2,PRexp,10,3.75,nan,106,Left,Left,8870,358,456,30,nan,nan,0.17
11/3/2025 15:14:37,1.17.2,PRexp,10,3.75,nan,106,Left,Left,8871,358,456,30,nan,nan,0.22
11/3/2025 15:15:57,1.17.2,PRexp,10,3.75,nan,106,Left,Left,8872,358,456,30,nan,nan,0.20
11/3/2025 15:15:59,1.17.2,PRexp,10,3.75,nan,106,Left,Left,8873,358,456,30,nan,nan,0.28
11/3/2025 15:16:04,1.17.2,PRexp,10,3.74,nan,106,Left,Left,8874,358,456,30,nan,nan,0.12
11/3/2025 15:16:42,1.17.2,PRexp,10,3.74,nan,106,Left,Left,8875,358,456,30,nan,nan,0.02
11/3/2025 15:16:48,1.17.2,PRexp,10,3.74,nan,106,Left,Left,8876,358,456,30,nan,nan,0.18
11/3/2025 15:16:52,1.17.2,PRexp,10,3.75,nan,106,Left,Left,8877,358,456,30,nan,nan,0.02
11/3/2025 15:16:57,1.17.2,PRexp,10,3.75,nan,106,Left,Left,8878,358,456,30,nan,nan,0.36
11/3/2025 15:16:59,1.17.2,PRexp,10,3.74,nan,106,Left,Left,8879,358,456,30,nan,nan,0.54
11/3/2025 15:17:01,1.17.2,PRexp,10,3.75,nan,106,Left,Left,8880,358,456,30,nan,nan,0.05
11/3/2025 15:17:02,1.17.2,PRexp,10,3.75,nan,106,Left,Left,8881,358,456,30,nan,nan,0.57
11/3/2025 15:17:07,1.17.2,PRexp,10,3.74,nan,106,Left,Left,8882,358,456,30,nan,nan,0.39
11/3/2025 15:17:10,1.17.2,PRexp,10,3.74,nan,106,Left,Left,8883,358,456,30,nan,nan,0.08
11/3/2025 15:17:12,1.17.2,PRexp,10,3.75,nan,106,Left,Left,8884,358,456,30,nan,nan,0.38
11/3/2025 15:17:20,1.17.2,PRexp,10,3.75,nan,106,Left,Left,8885,358,456,30,nan,nan,0.06
11/3/2025 15:17:28,1.17.2,PRexp,10,3.74,nan,106,Left,Left,8886,358,456,30,nan,nan,0.01
11/3/2025 15:17:31,1.17.2,PRexp,10,3.75,nan,106,Left,Left,8887,358,456,30,nan,nan,0.01
11/3/2025 15:17:34,1.17.2,PRexp,10,3.75,nan,106,Left,Left,8888,358,456,30,nan,nan,0.51
11/3/2025 15:17:37,1.17.2,PRexp,10,3.74,nan,106,Left,Left,8889,358,456,30,nan,nan,0.03
11/3/2025 15:17:39,1.17.2,PRexp,10,3.74,nan,106,Left,Left,8890,358,456,30,nan,nan,0.10
11/3/2025 15:17:43,1.17.2,PRexp,10,3.74,nan,106,Left,Left,8891,358,456,30,nan,nan,0.01
11/3/2025 15:17:46,1.17.2,PRexp,10,3.75,nan,106,Left,Left,8892,358,456,30,nan,nan,0.14
11/3/2025 15:17:49,1.17.2,PRexp,10,3.75,nan,106,Left,Left,8893,358,456,30,nan,nan,0.01
11/3/2025 15:17:56,1.17.2,PRexp,10,3.75,nan,106,Left,Left,8894,358,456,30,nan,nan,0.00
11/3/2025 15:17:59,1.17.2,PRexp,10,3.75,nan,106,Left,Left,8895,358,456,30,nan,nan,0.17
11/3/2025 15:18:00,1.17.2,PRexp,10,3.75,nan,106,Left,Left,8896,358,456,30,nan,nan,0.07
11/3/2025 15:18:03,1.17.2,PRexp,10,3.75,nan,106,Left,Left,8897,358,456,30,nan,nan,0.10
11/3/2025 15:18:57,1.17.2,PRexp,10,3.75,nan,106,Left,Left,8898,358,456,30,nan,nan,0.02
11/3/2025 15:19:01,1.17.2,PRexp,10,3.75,nan,106,Left,Left,8899,358,456,30,nan,nan,0.08
11/3/2025 15:19:04,1.17.2,PRexp,10,3.74,nan,106,Left,Left,8900,358,456,30,nan,nan,0.25
11/3/2025 15:19:06,1.17.2,PRexp,10,3.75,nan,106,Left,Left,8901,358,456,30,nan,nan,0.05
11/3/2025 15:19:08,1.17.2,PRexp,10,3.74,nan,106,Left,Left,8902,358,456,30,nan,nan,0.20
11/3/2025 15:19:12,1.17.2,PRexp,10,3.74,nan,106,Left,Left,8903,358,456,30,nan,nan,0.08
11/3/2025 15:19:16,1.17.2,PRexp,10,3.74,nan,106,Left,Left,8904,358,456,30,nan,nan,0.03
11/3/2025 15:19:18,1.17.2,PRexp,10,3.74,nan,106,Left,Left,8905,358,456,30,nan,nan,0.03
11/3/2025 15:19:20,1.17.2,PRexp,10,3.75,nan,106,Left,Left,8906,358,456,30,nan,nan,0.02
11/3/2025 15:19:22,1.17.2,PRexp,10,3.74,nan,106,Left,Left,8907,358,456,30,nan,nan,0.49
11/3/2025 15:19:25,1.17.2,PRexp,10,3.75,nan,106,Left,Left,8908,358,456,30,nan,nan,0.08
11/3/2025 15:19:28,1.17.2,PRexp,10,3.75,nan,106,Left,Left,8909,358,456,30,nan,nan,0.13
11/3/2025 15:23:35,1.17.2,PRexp,10,3.75,nan,106,Left,Left,8910,358,456,30,nan,nan,0.16
11/3/2025 15:48:02,1.17.2,PRexp,10,3.74,nan,106,Left,Left,8911,358,456,30,nan,nan,0.18
11/3/2025 15:48:06,1.17.2,PRexp,10,3.75,nan,106,Left,Left,8912,358,456,30,nan,nan,1.22
11/3/2025 15:48:09,1.17.2,PRexp,10,3.74,nan,106,Left,Left,8913,358,456,30,nan,nan,1.11
11/3/2025 15:48:12,1.17.2,PRexp,10,3.75,nan,106,Left,Left,8914,358,456,30,nan,nan,0.58
11/3/2025 15:48:20,1.17.2,PRexp,10,3.74,nan,106,Left,Left,8915,358,456,30,nan,nan,0.90
11/3/2025 15:48:21,1.17.2,PRexp,10,3.75,nan,106,Left,Left,8916,358,456,30,nan,nan,0.33
11/3/2025 15:48:25,1.17.2,PRexp,10,3.75,nan,106,Left,Left,8917,358,456,30,nan,nan,0.54
11/3/2025 15:48:27,1.17.2,PRexp,10,3.75,nan,106,Left,Left,8918,358,456,30,nan,nan,0.13
11/3/2025 15:48:33,1.17.2,PRexp,10,3.75,nan,106,Left,Left,8919,358,456,30,nan,nan,0.11
11/3/2025 15:48:34,1.17.2,PRexp,10,3.74,nan,106,Left,Left,8920,358,456,30,nan,nan,0.02
11/3/2025 15:48:37,1.17.2,PRexp,10,3.75,nan,106,Left,Left,8921,358,456,30,nan,nan,0.50
11/3/2025 15:48:41,1.17.2,PRexp,10,3.74,nan,106,Left,Left,8922,358,456,30,nan,nan,0.86
11/3/2025 15:48:43,1.17.2,PRexp,10,3.75,nan,106,Left,Left,8923,358,456,30,nan,nan,0.05
11/3/2025 15:48:46,1.17.2,PRexp,10,3.74,nan,106,Left,Left,8924,358,456,30,nan,nan,0.97
11/3/2025 15:48:47,1.17.2,PRexp,10,3.74,nan,106,Left,Left,8925,358,456,30,nan,nan,0.08
11/3/2025 15:48:49,1.17.2,PRexp,10,3.74,nan,106,Left,Left,8926,358,456,30,nan,nan,0.56
11/3/2025 15:48:52,1.17.2,PRexp,10,3.75,nan,106,Left,Left,8927,358,456,30,nan,nan,0.92
11/3/2025 15:48:53,1.17.2,PRexp,10,3.74,nan,106,Left,Left,8928,358,456,30,nan,nan,0.16
11/3/2025 15:48:57,1.17.2,PRexp,10,3.74,nan,106,Left,Left,8929,358,456,30,nan,nan,0.11
11/3/2025 15:48:58,1.17.2,PRexp,10,3.74,nan,106,Left,Left,8930,358,456,30,nan,nan,0.01
11/3/2025 15:49:15,1.17.2,PRexp,10,3.74,9,106,Pellet,Left,8930,358,457,31,0.72,2431,nan
11/3/2025 15:51:15,1.17.2,PRexp,10,3.74,nan,118,Left,Left,8931,358,457,31,nan,nan,0.06
11/3/2025 15:51:19,1.17.2,PRexp,10,3.74,nan,118,Left,Left,8932,358,457,31,nan,nan,0.18
11/3/2025 15:51:21,1.17.2,PRexp,10,3.74,nan,118,Left,Left,8933,358,457,31,nan,nan,0.11
11/3/2025 15:51:24,1.17.2,PRexp,10,3.74,nan,118,Left,Left,8934,358,457,31,nan,nan,0.93
11/3/2025 15:51:28,1.17.2,PRexp,10,3.75,nan,118,Left,Left,8935,358,457,31,nan,nan,0.11
11/3/2025 15:51:31,1.17.2,PRexp,10,3.75,nan,118,Left,Left,8936,358,457,31,nan,nan,0.03
11/3/2025 15:51:33,1.17.2,PRexp,10,3.74,nan,118,Left,Left,8937,358,457,31,nan,nan,0.08
11/3/2025 15:51:36,1.17.2,PRexp,10,3.74,nan,118,Left,Left,8938,358,457,31,nan,nan,0.22
11/3/2025 15:51:37,1.17.2,PRexp,10,3.75,nan,118,Left,Left,8939,358,457,31,nan,nan,0.09
11/3/2025 15:51:45,1.17.2,PRexp,10,3.74,nan,118,Left,Left,8940,358,457,31,nan,nan,0.07
11/3/2025 15:51:47,1.17.2,PRexp,10,3.75,nan,118,Left,Left,8941,358,457,31,nan,nan,0.62
11/3/2025 15:51:53,1.17.2,PRexp,10,3.74,nan,118,Left,Left,8942,358,457,31,nan,nan,0.31
11/3/2025 15:52:05,1.17.2,PRexp,10,3.75,nan,118,Left,Left,8943,358,457,31,nan,nan,1.03
11/3/2025 15:52:11,1.17.2,PRexp,10,3.74,nan,118,Left,Left,8944,358,457,31,nan,nan,1.83
11/3/2025 15:52:12,1.17.2,PRexp,10,3.74,nan,118,Left,Left,8945,358,457,31,nan,nan,0.03
11/3/2025 15:52:13,1.17.2,PRexp,10,3.75,nan,118,Left,Left,8946,358,457,31,nan,nan,0.04
11/3/2025 15:52:16,1.17.2,PRexp,10,3.74,nan,118,Left,Left,8947,358,457,31,nan,nan,0.14
11/3/2025 15:52:19,1.17.2,PRexp,10,3.75,nan,118,Left,Left,8948,358,457,31,nan,nan,0.04
11/3/2025 15:52:22,1.17.2,PRexp,10,3.74,nan,118,Left,Left,8949,358,457,31,nan,nan,1.21
11/3/2025 15:52:28,1.17.2,PRexp,10,3.74,nan,118,Left,Left,8950,358,457,31,nan,nan,1.62
11/3/2025 15:52:30,1.17.2,PRexp,10,3.74,nan,118,Left,Left,8951,358,457,31,nan,nan,0.60
11/3/2025 15:52:33,1.17.2,PRexp,10,3.74,nan,118,Left,Left,8952,358,457,31,nan,nan,0.02
11/3/2025 15:52:37,1.17.2,PRexp,10,3.74,nan,118,Left,Left,8953,358,457,31,nan,nan,1.55
11/3/2025 15:52:53,1.17.2,PRexp,10,3.74,nan,118,Left,Left,8954,358,457,31,nan,nan,0.59
11/3/2025 15:52:57,1.17.2,PRexp,10,3.74,nan,118,Left,Left,8955,358,457,31,nan,nan,1.31
11/3/2025 15:53:00,1.17.2,PRexp,10,3.75,nan,118,Left,Left,8956,358,457,31,nan,nan,0.18
11/3/2025 15:53:14,1.17.2,PRexp,10,3.75,nan,118,Left,Left,8957,358,457,31,nan,nan,0.01
11/3/2025 15:53:15,1.17.2,PRexp,10,3.74,nan,118,Left,Left,8958,358,457,31,nan,nan,0.29
11/3/2025 15:53:17,1.17.2,PRexp,10,3.74,nan,118,Left,Left,8959,358,457,31,nan,nan,0.03
11/3/2025 15:53:27,1.17.2,PRexp,10,3.74,nan,118,Left,Left,8960,358,457,31,nan,nan,0.92
11/3/2025 15:53:31,1.17.2,PRexp,10,3.75,nan,118,Left,Left,8961,358,457,31,nan,nan,0.56
11/3/2025 15:53:32,1.17.2,PRexp,10,3.75,nan,118,Left,Left,8962,358,457,31,nan,nan,0.66
11/3/2025 15:53:40,1.17.2,PRexp,10,3.74,nan,118,Left,Left,8963,358,457,31,nan,nan,0.08
11/3/2025 15:53:43,1.17.2,PRexp,10,3.75,nan,118,Left,Left,8964,358,457,31,nan,nan,0.17
11/3/2025 15:53:45,1.17.2,PRexp,10,3.74,nan,118,Left,Left,8965,358,457,31,nan,nan,0.30
11/3/2025 15:53:51,1.17.2,PRexp,10,3.74,nan,118,Left,Left,8966,358,457,31,nan,nan,0.75
11/3/2025 15:53:58,1.17.2,PRexp,10,3.75,nan,118,Left,Left,8967,358,457,31,nan,nan,1.14
11/3/2025 15:54:03,1.17.2,PRexp,10,3.74,nan,118,Left,Left,8968,358,457,31,nan,nan,0.59
11/3/2025 15:54:25,1.17.2,PRexp,10,3.75,nan,118,Left,Left,8969,358,457,31,nan,nan,0.10
11/3/2025 15:54:29,1.17.2,PRexp,10,3.75,nan,118,Left,Left,8970,358,457,31,nan,nan,0.11
11/3/2025 15:54:57,1.17.2,PRexp,10,3.75,nan,118,Left,Left,8971,358,457,31,nan,nan,0.11
11/3/2025 15:55:03,1.17.2,PRexp,10,3.74,nan,118,Left,Left,8972,358,457,31,nan,nan,0.34
11/3/2025 15:55:59,1.17.2,PRexp,10,3.74,nan,118,Left,Left,8973,358,457,31,nan,nan,0.09
11/3/2025 16:16:44,1.17.2,PRexp,10,3.74,nan,118,Left,Left,8974,358,457,31,nan,nan,0.05
11/3/2025 16:17:09,1.17.2,PRexp,10,3.75,nan,118,Left,Left,8975,358,457,31,nan,nan,0.03
11/3/2025 16:17:18,1.17.2,PRexp,10,3.74,nan,118,Left,Left,8976,358,457,31,nan,nan,2.93
11/3/2025 16:17:21,1.17.2,PRexp,10,3.75,nan,118,Left,Left,8977,358,457,31,nan,nan,0.85
11/3/2025 16:17:23,1.17.2,PRexp,10,3.74,nan,118,Left,Left,8978,358,457,31,nan,nan,0.19
11/3/2025 16:17:26,1.17.2,PRexp,10,3.74,nan,118,Left,Left,8979,358,457,31,nan,nan,0.08
11/3/2025 16:17:30,1.17.2,PRexp,10,3.74,nan,118,Left,Left,8980,358,457,31,nan,nan,1.33
11/3/2025 16:17:56,1.17.2,PRexp,10,3.74,nan,118,Left,Left,8981,358,457,31,nan,nan,0.70
11/3/2025 16:18:00,1.17.2,PRexp,10,3.74,nan,118,Left,Left,8982,358,457,31,nan,nan,1.28
11/3/2025 16:18:07,1.17.2,PRexp,10,3.74,nan,118,Left,Left,8983,358,457,31,nan,nan,1.14
11/3/2025 16:18:09,1.17.2,PRexp,10,3.75,nan,118,Left,Left,8984,358,457,31,nan,nan,0.27
11/3/2025 16:18:11,1.17.2,PRexp,10,3.74,nan,118,Left,Left,8985,358,457,31,nan,nan,0.30
11/3/2025 16:18:17,1.17.2,PRexp,10,3.74,nan,118,Left,Left,8986,358,457,31,nan,nan,0.20
11/3/2025 16:18:28,1.17.2,PRexp,10,3.75,nan,118,Left,Left,8987,358,457,31,nan,nan,0.31
11/3/2025 16:18:51,1.17.2,PRexp,10,3.74,nan,118,Left,Left,8988,358,457,31,nan,nan,0.34
11/3/2025 16:18:56,1.17.2,PRexp,10,3.74,nan,118,Left,Left,8989,358,457,31,nan,nan,0.71
11/3/2025 16:19:34,1.17.2,PRexp,10,3.74,nan,118,Left,Left,8990,358,457,31,nan,nan,0.05
11/3/2025 16:19:39,1.17.2,PRexp,10,3.75,nan,118,Left,Left,8991,358,457,31,nan,nan,0.63
11/3/2025 16:19:41,1.17.2,PRexp,10,3.75,nan,118,Left,Left,8992,358,457,31,nan,nan,0.13
11/3/2025 16:19:44,1.17.2,PRexp,10,3.74,nan,118,Left,Left,8993,358,457,31,nan,nan,0.79
11/3/2025 16:19:48,1.17.2,PRexp,10,3.74,nan,118,Left,Left,8994,358,457,31,nan,nan,0.63
11/3/2025 16:19:51,1.17.2,PRexp,10,3.74,nan,118,Left,Left,8995,358,457,31,nan,nan,0.53
11/3/2025 16:19:57,1.17.2,PRexp,10,3.74,nan,118,Left,Left,8996,358,457,31,nan,nan,0.72
11/3/2025 16:19:59,1.17.2,PRexp,10,3.74,nan,118,Left,Left,8997,358,457,31,nan,nan,0.99
11/3/2025 16:20:17,1.17.2,PRexp,10,3.74,nan,118,Left,Left,8998,358,457,31,nan,nan,0.00
11/3/2025 16:37:16,1.17.2,PRexp,10,3.74,nan,118,Left,Left,8999,358,457,31,nan,nan,0.23
11/3/2025 16:39:49,1.17.2,PRexp,10,3.74,nan,118,Left,Left,9000,358,457,31,nan,nan,0.12
11/3/2025 16:48:12,1.17.2,PRexp,10,3.74,nan,118,Left,Left,9001,358,457,31,nan,nan,0.80
11/3/2025 16:48:22,1.17.2,PRexp,10,3.74,nan,118,Left,Left,9002,358,457,31,nan,nan,0.43
11/3/2025 16:48:25,1.17.2,PRexp,10,3.74,nan,118,Left,Left,9003,358,457,31,nan,nan,0.10
11/3/2025 16:48:31,1.17.2,PRexp,10,3.75,nan,118,Left,Left,9004,358,457,31,nan,nan,0.75
11/3/2025 16:48:46,1.17.2,PRexp,10,3.74,nan,118,Left,Left,9005,358,457,31,nan,nan,1.27
11/3/2025 16:48:50,1.17.2,PRexp,10,3.74,nan,118,Left,Left,9006,358,457,31,nan,nan,1.18
11/3/2025 16:48:55,1.17.2,PRexp,10,3.74,nan,118,Left,Left,9007,358,457,31,nan,nan,0.06
11/3/2025 17:07:07,1.17.2,PRexp,10,3.74,nan,118,Left,Left,9008,358,457,31,nan,nan,0.13
11/3/2025 17:07:13,1.17.2,PRexp,10,3.75,nan,118,Left,Left,9009,358,457,31,nan,nan,0.23
11/3/2025 17:07:16,1.17.2,PRexp,10,3.74,nan,118,Left,Left,9010,358,457,31,nan,nan,0.20
11/3/2025 17:07:16,1.17.2,PRexp,10,3.74,nan,118,Left,Left,9011,358,457,31,nan,nan,0.02
11/3/2025 17:07:23,1.17.2,PRexp,10,3.74,nan,118,Left,Left,9012,358,457,31,nan,nan,1.13
11/3/2025 17:08:17,1.17.2,PRexp,10,3.74,nan,118,Left,Left,9013,358,457,31,nan,nan,0.10
11/3/2025 17:15:43,1.17.2,PRexp,10,3.74,nan,118,Left,Left,9014,358,457,31,nan,nan,0.11
11/3/2025 17:15:45,1.17.2,PRexp,10,3.74,nan,118,Left,Left,9015,358,457,31,nan,nan,0.06
11/3/2025 17:15:47,1.17.2,PRexp,10,3.74,nan,118,Left,Left,9016,358,457,31,nan,nan,0.65
11/3/2025 17:15:49,1.17.2,PRexp,10,3.74,nan,118,Left,Left,9017,358,457,31,nan,nan,0.02
11/3/2025 17:15:52,1.17.2,PRexp,10,3.74,nan,118,Left,Left,9018,358,457,31,nan,nan,0.60
11/3/2025 17:15:56,1.17.2,PRexp,10,3.74,nan,118,Left,Left,9019,358,457,31,nan,nan,0.54
11/3/2025 17:16:01,1.17.2,PRexp,10,3.74,nan,118,Left,Left,9020,358,457,31,nan,nan,1.13
11/3/2025 17:16:09,1.17.2,PRexp,10,3.74,nan,118,Left,Left,9021,358,457,31,nan,nan,1.32
11/3/2025 17:16:09,1.17.2,PRexp,10,3.74,nan,118,Left,Left,9022,358,457,31,nan,nan,0.00
11/3/2025 17:16:13,1.17.2,PRexp,10,3.74,nan,118,Left,Left,9023,358,457,31,nan,nan,0.22
11/3/2025 17:16:16,1.17.2,PRexp,10,3.74,nan,118,Left,Left,9024,358,457,31,nan,nan,0.87
11/3/2025 17:16:18,1.17.2,PRexp,10,3.74,nan,118,Left,Left,9025,358,457,31,nan,nan,0.06
11/3/2025 17:16:41,1.17.2,PRexp,10,3.74,nan,118,Left,Left,9026,358,457,31,nan,nan,0.64
11/3/2025 17:16:46,1.17.2,PRexp,10,3.74,nan,118,Left,Left,9027,358,457,31,nan,nan,0.90
11/3/2025 17:16:49,1.17.2,PRexp,10,3.74,nan,118,Left,Left,9028,358,457,31,nan,nan,0.21
11/3/2025 17:17:06,1.17.2,PRexp,10,3.75,nan,118,Left,Left,9029,358,457,31,nan,nan,0.71
11/3/2025 17:17:13,1.17.2,PRexp,10,3.74,nan,118,Left,Left,9030,358,457,31,nan,nan,0.00
11/3/2025 17:17:23,1.17.2,PRexp,10,3.74,nan,118,Left,Left,9031,358,457,31,nan,nan,0.24
11/3/2025 17:17:31,1.17.2,PRexp,10,3.74,nan,118,Left,Left,9032,358,457,31,nan,nan,0.30
11/3/2025 17:17:38,1.17.2,PRexp,10,3.74,nan,118,Left,Left,9033,358,457,31,nan,nan,0.01
11/3/2025 17:17:42,1.17.2,PRexp,10,3.74,nan,118,Left,Left,9034,358,457,31,nan,nan,1.49
11/3/2025 17:17:47,1.17.2,PRexp,10,3.74,nan,118,Left,Left,9035,358,457,31,nan,nan,0.26
11/3/2025 17:17:48,1.17.2,PRexp,10,3.74,nan,118,Left,Left,9036,358,457,31,nan,nan,0.08
11/3/2025 17:17:50,1.17.2,PRexp,10,3.74,nan,118,Left,Left,9037,358,457,31,nan,nan,0.51
11/3/2025 17:17:55,1.17.2,PRexp,10,3.74,nan,118,Left,Left,9038,358,457,31,nan,nan,0.62
11/3/2025 17:17:59,1.17.2,PRexp,10,3.74,nan,118,Left,Left,9039,358,457,31,nan,nan,0.32
11/3/2025 17:18:01,1.17.2,PRexp,10,3.74,nan,118,Left,Left,9040,358,457,31,nan,nan,0.52
11/3/2025 17:18:04,1.17.2,PRexp,10,3.74,nan,118,Left,Left,9041,358,457,31,nan,nan,0.57
11/3/2025 17:18:06,1.17.2,PRexp,10,3.75,nan,118,Left,Left,9042,358,457,31,nan,nan,0.07
11/3/2025 17:18:07,1.17.2,PRexp,10,3.74,nan,118,Left,Left,9043,358,457,31,nan,nan,0.06
11/3/2025 17:18:33,1.17.2,PRexp,10,3.74,nan,118,Left,Left,9044,358,457,31,nan,nan,0.05
11/3/2025 17:18:39,1.17.2,PRexp,10,3.74,nan,118,Left,Left,9045,358,457,31,nan,nan,0.39
11/3/2025 17:18:46,1.17.2,PRexp,10,3.74,nan,118,Left,Left,9046,358,457,31,nan,nan,0.27
11/3/2025 17:18:53,1.17.2,PRexp,10,3.74,nan,118,Left,Left,9047,358,457,31,nan,nan,0.00
11/3/2025 17:19:21,1.17.2,PRexp,10,3.74,nan,118,Right,Left,9047,359,457,31,nan,nan,0.43
11/3/2025 17:19:43,1.17.2,PRexp,10,3.74,nan,118,Right,Left,9047,360,457,31,nan,nan,0.82
11/3/2025 17:19:47,1.17.2,PRexp,10,3.74,nan,118,Right,Left,9047,361,457,31,nan,nan,0.05
11/3/2025 17:20:21,1.17.2,PRexp,10,3.74,nan,118,Left,Left,9048,361,457,31,nan,nan,0.11
11/3/2025 17:20:27,1.17.2,PRexp,10,3.74,nan,118,LeftDuringDispense,Left,9049,361,457,32,nan,nan,0.69
11/3/2025 17:20:27,1.17.2,PRexp,10,3.74,nan,118,LeftDuringDispense,Left,9050,361,457,32,nan,nan,0.03
11/3/2025 17:21:14,1.17.2,PRexp,10,3.74,19,118,Pellet,Left,9050,361,458,32,2.39,5519,nan
11/3/2025 17:23:17,1.17.2,PRexp,10,3.74,nan,131,Left,Left,9051,361,458,32,nan,nan,0.03
11/3/2025 17:23:24,1.17.2,PRexp,10,3.74,nan,131,Left,Left,9052,361,458,32,nan,nan,0.45
11/3/2025 17:23:26,1.17.2,PRexp,10,3.74,nan,131,Left,Left,9053,361,458,32,nan,nan,0.02
11/3/2025 17:23:28,1.17.2,PRexp,10,3.74,nan,131,Left,Left,9054,361,458,32,nan,nan,0.17
11/3/2025 17:23:33,1.17.2,PRexp,10,3.74,nan,131,Left,Left,9055,361,458,32,nan,nan,0.04
11/3/2025 17:23:36,1.17.2,PRexp,10,3.74,nan,131,Left,Left,9056,361,458,32,nan,nan,0.15
11/3/2025 17:23:38,1.17.2,PRexp,10,3.74,nan,131,Left,Left,9057,361,458,32,nan,nan,0.02
11/3/2025 17:23:53,1.17.2,PRexp,10,3.74,nan,131,Left,Left,9058,361,458,32,nan,nan,0.22
11/3/2025 17:23:55,1.17.2,PRexp,10,3.74,nan,131,Left,Left,9059,361,458,32,nan,nan,0.15
11/3/2025 17:23:58,1.17.2,PRexp,10,3.74,nan,131,Left,Left,9060,361,458,32,nan,nan,0.02
11/3/2025 17:24:00,1.17.2,PRexp,10,3.74,nan,131,Left,Left,9061,361,458,32,nan,nan,0.45
11/3/2025 17:24:02,1.17.2,PRexp,10,3.74,nan,131,Left,Left,9062,361,458,32,nan,nan,0.92
11/3/2025 17:24:05,1.17.2,PRexp,10,3.74,nan,131,Left,Left,9063,361,458,32,nan,nan,0.86
11/3/2025 17:24:09,1.17.2,PRexp,10,3.74,nan,131,Left,Left,9064,361,458,32,nan,nan,0.29
11/3/2025 17:24:12,1.17.2,PRexp,10,3.74,nan,131,Left,Left,9065,361,458,32,nan,nan,0.09
11/3/2025 17:24:14,1.17.2,PRexp,10,3.74,nan,131,Left,Left,9066,361,458,32,nan,nan,0.13
11/3/2025 17:24:29,1.17.2,PRexp,10,3.74,nan,131,Left,Left,9067,361,458,32,nan,nan,0.34
11/3/2025 17:24:35,1.17.2,PRexp,10,3.74,nan,131,Left,Left,9068,361,458,32,nan,nan,0.14
11/3/2025 17:24:38,1.17.2,PRexp,10,3.74,nan,131,Left,Left,9069,361,458,32,nan,nan,0.02
11/3/2025 17:24:42,1.17.2,PRexp,10,3.74,nan,131,Left,Left,9070,361,458,32,nan,nan,0.54
11/3/2025 17:24:50,1.17.2,PRexp,10,3.74,nan,131,Left,Left,9071,361,458,32,nan,nan,0.06
11/3/2025 17:24:54,1.17.2,PRexp,10,3.74,nan,131,Left,Left,9072,361,458,32,nan,nan,0.12
11/3/2025 17:24:55,1.17.2,PRexp,10,3.74,nan,131,Left,Left,9073,361,458,32,nan,nan,0.08
11/3/2025 17:24:57,1.17.2,PRexp,10,3.74,nan,131,Left,Left,9074,361,458,32,nan,nan,0.55
11/3/2025 17:25:02,1.17.2,PRexp,10,3.74,nan,131,Left,Left,9075,361,458,32,nan,nan,0.10
11/3/2025 17:25:03,1.17.2,PRexp,10,3.74,nan,131,Left,Left,9076,361,458,32,nan,nan,0.05
11/3/2025 17:25:04,1.17.2,PRexp,10,3.74,nan,131,Left,Left,9077,361,458,32,nan,nan,0.03
11/3/2025 17:25:06,1.17.2,PRexp,10,3.74,nan,131,Left,Left,9078,361,458,32,nan,nan,0.16
11/3/2025 17:25:28,1.17.2,PRexp,10,3.74,nan,131,Left,Left,9079,361,458,32,nan,nan,0.35
11/3/2025 17:25:51,1.17.2,PRexp,10,3.74,nan,131,Right,Left,9079,362,458,32,nan,nan,1.54
11/3/2025 17:25:52,1.17.2,PRexp,10,3.74,nan,131,Right,Left,9079,363,458,32,nan,nan,0.23
11/3/2025 17:25:53,1.17.2,PRexp,10,3.74,nan,131,Right,Left,9079,364,458,32,nan,nan,0.09
11/3/2025 17:25:55,1.17.2,PRexp,10,3.74,nan,131,Right,Left,9079,365,458,32,nan,nan,0.44
11/3/2025 17:25:57,1.17.2,PRexp,10,3.74,nan,131,Right,Left,9079,366,458,32,nan,nan,0.12
11/3/2025 17:26:03,1.17.2,PRexp,10,3.74,nan,131,Left,Left,9080,366,458,32,nan,nan,0.11
11/3/2025 17:26:07,1.17.2,PRexp,10,3.74,nan,131,Left,Left,9081,366,458,32,nan,nan,0.13
11/3/2025 17:26:10,1.17.2,PRexp,10,3.74,nan,131,Left,Left,9082,366,458,32,nan,nan,0.02
11/3/2025 17:26:14,1.17.2,PRexp,10,3.74,nan,131,Left,Left,9083,366,458,32,nan,nan,0.17
11/3/2025 17:26:17,1.17.2,PRexp,10,3.74,nan,131,Left,Left,9084,366,458,32,nan,nan,0.50
11/3/2025 17:26:20,1.17.2,PRexp,10,3.74,nan,131,Left,Left,9085,366,458,32,nan,nan,0.25
11/3/2025 17:26:23,1.17.2,PRexp,10,3.74,nan,131,Left,Left,9086,366,458,32,nan,nan,0.17
11/3/2025 17:26:28,1.17.2,PRexp,10,3.75,nan,131,Left,Left,9087,366,458,32,nan,nan,0.75
11/3/2025 17:26:32,1.17.2,PRexp,10,3.74,nan,131,Left,Left,9088,366,458,32,nan,nan,0.01
11/3/2025 17:26:42,1.17.2,PRexp,10,3.74,nan,131,Left,Left,9089,366,458,32,nan,nan,0.30
11/3/2025 17:27:04,1.17.2,PRexp,10,3.74,nan,131,Left,Left,9090,366,458,32,nan,nan,0.04
11/3/2025 17:30:49,1.17.2,PRexp,10,3.74,nan,131,Right,Left,9090,367,458,32,nan,nan,0.15
11/3/2025 17:30:54,1.17.2,PRexp,10,3.74,nan,131,Right,Left,9090,368,458,32,nan,nan,0.10
11/3/2025 17:31:05,1.17.2,PRexp,10,3.74,nan,131,Left,Left,9091,368,458,32,nan,nan,0.27
11/3/2025 17:31:07,1.17.2,PRexp,10,3.74,nan,131,Left,Left,9092,368,458,32,nan,nan,0.06
11/3/2025 17:31:08,1.17.2,PRexp,10,3.74,nan,131,Left,Left,9093,368,458,32,nan,nan,0.04
11/3/2025 17:31:10,1.17.2,PRexp,10,3.74,nan,131,Left,Left,9094,368,458,32,nan,nan,0.02
11/3/2025 17:31:14,1.17.2,PRexp,10,3.74,nan,131,Left,Left,9095,368,458,32,nan,nan,0.51
11/3/2025 17:31:15,1.17.2,PRexp,10,3.74,nan,131,Left,Left,9096,368,458,32,nan,nan,0.04
11/3/2025 17:31:21,1.17.2,PRexp,10,3.74,nan,131,Left,Left,9097,368,458,32,nan,nan,0.61
11/3/2025 17:31:24,1.17.2,PRexp,10,3.74,nan,131,Left,Left,9098,368,458,32,nan,nan,0.06
11/3/2025 17:31:28,1.17.2,PRexp,10,3.74,nan,131,Left,Left,9099,368,458,32,nan,nan,0.36
11/3/2025 17:31:29,1.17.2,PRexp,10,3.74,nan,131,Left,Left,9100,368,458,32,nan,nan,0.09
11/3/2025 17:31:35,1.17.2,PRexp,10,3.74,nan,131,Left,Left,9101,368,458,32,nan,nan,0.09
11/3/2025 17:31:36,1.17.2,PRexp,10,3.74,nan,131,Left,Left,9102,368,458,32,nan,nan,0.02
11/3/2025 17:31:41,1.17.2,PRexp,10,3.74,nan,131,Left,Left,9103,368,458,32,nan,nan,1.02
11/3/2025 17:31:49,1.17.2,PRexp,10,3.74,nan,131,Left,Left,9104,368,458,32,nan,nan,0.03
11/3/2025 17:31:54,1.17.2,PRexp,10,3.74,nan,131,Left,Left,9105,368,458,32,nan,nan,1.72
11/3/2025 17:32:02,1.17.2,PRexp,10,3.74,nan,131,Left,Left,9106,368,458,32,nan,nan,0.23
11/3/2025 17:32:14,1.17.2,PRexp,10,3.74,nan,131,Left,Left,9107,368,458,32,nan,nan,0.02
11/3/2025 17:32:17,1.17.2,PRexp,10,3.74,nan,131,Left,Left,9108,368,458,32,nan,nan,0.21
11/3/2025 17:32:18,1.17.2,PRexp,10,3.74,nan,131,Left,Left,9109,368,458,32,nan,nan,0.08
11/3/2025 17:32:24,1.17.2,PRexp,10,3.74,nan,131,Left,Left,9110,368,458,32,nan,nan,0.45
11/3/2025 17:32:29,1.17.2,PRexp,10,3.74,nan,131,Left,Left,9111,368,458,32,nan,nan,0.02
11/3/2025 17:32:43,1.17.2,PRexp,10,3.74,nan,131,Left,Left,9112,368,458,32,nan,nan,0.09
11/3/2025 17:32:46,1.17.2,PRexp,10,3.74,nan,131,Left,Left,9113,368,458,32,nan,nan,0.54
11/3/2025 17:32:50,1.17.2,PRexp,10,3.74,nan,131,Left,Left,9114,368,458,32,nan,nan,0.12
11/3/2025 17:32:52,1.17.2,PRexp,10,3.74,nan,131,Left,Left,9115,368,458,32,nan,nan,0.02
11/3/2025 17:32:59,1.17.2,PRexp,10,3.75,nan,131,Left,Left,9116,368,458,32,nan,nan,0.07
11/3/2025 17:33:00,1.17.2,PRexp,10,3.74,nan,131,Left,Left,9117,368,458,32,nan,nan,0.29
11/3/2025 17:33:06,1.17.2,PRexp,10,3.74,nan,131,Left,Left,9118,368,458,32,nan,nan,0.72
11/3/2025 17:33:07,1.17.2,PRexp,10,3.74,nan,131,Left,Left,9119,368,458,32,nan,nan,0.00
11/3/2025 17:33:11,1.17.2,PRexp,10,3.74,nan,131,Left,Left,9120,368,458,32,nan,nan,0.11
11/3/2025 17:33:16,1.17.2,PRexp,10,3.74,nan,131,Left,Left,9121,368,458,32,nan,nan,0.14
11/3/2025 17:33:20,1.17.2,PRexp,10,3.74,nan,131,Left,Left,9122,368,458,32,nan,nan,0.98
11/3/2025 17:33:27,1.17.2,PRexp,10,3.74,nan,131,Left,Left,9123,368,458,32,nan,nan,0.02
11/3/2025 17:33:30,1.17.2,PRexp,10,3.74,nan,131,Left,Left,9124,368,458,32,nan,nan,0.05
11/3/2025 17:33:43,1.17.2,PRexp,10,3.74,nan,131,Right,Left,9124,369,458,32,nan,nan,0.19
11/3/2025 17:33:47,1.17.2,PRexp,10,3.74,nan,131,Left,Left,9125,369,458,32,nan,nan,0.16
11/3/2025 17:33:55,1.17.2,PRexp,10,3.74,nan,131,Left,Left,9126,369,458,32,nan,nan,0.12
11/3/2025 17:33:57,1.17.2,PRexp,10,3.74,nan,131,Left,Left,9127,369,458,32,nan,nan,0.23
11/3/2025 17:34:01,1.17.2,PRexp,10,3.74,nan,131,Left,Left,9128,369,458,32,nan,nan,0.05
11/3/2025 17:34:03,1.17.2,PRexp,10,3.74,nan,131,Left,Left,9129,369,458,32,nan,nan,0.72
11/3/2025 17:34:07,1.17.2,PRexp,10,3.74,nan,131,Left,Left,9130,369,458,32,nan,nan,0.17
11/3/2025 17:34:38,1.17.2,PRexp,10,3.74,nan,131,Left,Left,9131,369,458,32,nan,nan,0.08
11/3/2025 17:34:48,1.17.2,PRexp,10,3.74,nan,131,Left,Left,9132,369,458,32,nan,nan,0.10
11/3/2025 17:34:49,1.17.2,PRexp,10,3.74,nan,131,Left,Left,9133,369,458,32,nan,nan,0.05
11/3/2025 17:34:54,1.17.2,PRexp,10,3.74,nan,131,Left,Left,9134,369,458,32,nan,nan,0.02
11/3/2025 17:35:01,1.17.2,PRexp,10,3.74,nan,131,Left,Left,9135,369,458,32,nan,nan,0.13
11/3/2025 17:35:04,1.17.2,PRexp,10,3.74,nan,131,Left,Left,9136,369,458,32,nan,nan,0.09
11/3/2025 17:35:08,1.17.2,PRexp,10,3.74,nan,131,Left,Left,9137,369,458,32,nan,nan,0.01
11/3/2025 17:35:09,1.17.2,PRexp,10,3.74,nan,131,Left,Left,9138,369,458,32,nan,nan,0.01
11/3/2025 17:35:11,1.17.2,PRexp,10,3.74,nan,131,Left,Left,9139,369,458,32,nan,nan,0.20
11/3/2025 17:35:13,1.17.2,PRexp,10,3.74,nan,131,Left,Left,9140,369,458,32,nan,nan,0.23
11/3/2025 17:35:16,1.17.2,PRexp,10,3.74,nan,131,Left,Left,9141,369,458,32,nan,nan,0.63
11/3/2025 17:35:42,1.17.2,PRexp,10,3.74,nan,131,Right,Left,9141,370,458,32,nan,nan,0.31
11/3/2025 17:36:06,1.17.2,PRexp,10,3.74,nan,131,Left,Left,9142,370,458,32,nan,nan,0.00
11/3/2025 17:36:09,1.17.2,PRexp,10,3.74,nan,131,Left,Left,9143,370,458,32,nan,nan,0.26
11/3/2025 17:36:11,1.17.2,PRexp,10,3.74,nan,131,Left,Left,9144,370,458,32,nan,nan,0.28
11/3/2025 17:36:11,1.17.2,PRexp,10,3.74,nan,131,Left,Left,9145,370,458,32,nan,nan,0.00
11/3/2025 17:36:13,1.17.2,PRexp,10,3.74,nan,131,Left,Left,9146,370,458,32,nan,nan,0.23
11/3/2025 17:36:17,1.17.2,PRexp,10,3.74,nan,131,Left,Left,9147,370,458,32,nan,nan,0.12
11/3/2025 17:36:20,1.17.2,PRexp,10,3.74,nan,131,Left,Left,9148,370,458,32,nan,nan,0.33
11/3/2025 17:36:21,1.17.2,PRexp,10,3.74,nan,131,Left,Left,9149,370,458,32,nan,nan,0.14
11/3/2025 17:36:22,1.17.2,PRexp,10,3.74,nan,131,Left,Left,9150,370,458,32,nan,nan,0.00
11/3/2025 17:36:26,1.17.2,PRexp,10,3.74,nan,131,Left,Left,9151,370,458,32,nan,nan,0.14
11/3/2025 17:36:26,1.17.2,PRexp,10,3.74,nan,131,Left,Left,9152,370,458,32,nan,nan,0.09
11/3/2025 17:36:30,1.17.2,PRexp,10,3.74,nan,131,Left,Left,9153,370,458,32,nan,nan,0.18
11/3/2025 17:36:32,1.17.2,PRexp,10,3.74,nan,131,Left,Left,9154,370,458,32,nan,nan,0.18
11/3/2025 17:37:18,1.17.2,PRexp,10,3.74,nan,131,Left,Left,9155,370,458,32,nan,nan,0.04
11/3/2025 17:37:22,1.17.2,PRexp,10,3.74,nan,131,Left,Left,9156,370,458,32,nan,nan,0.02
11/3/2025 17:37:27,1.17.2,PRexp,10,3.74,nan,131,Left,Left,9157,370,458,32,nan,nan,0.10
11/3/2025 17:40:11,1.17.2,PRexp,10,3.74,nan,131,Left,Left,9158,370,458,32,nan,nan,0.05
11/3/2025 17:40:13,1.17.2,PRexp,10,3.74,nan,131,Left,Left,9159,370,458,32,nan,nan,0.03
11/3/2025 17:40:15,1.17.2,PRexp,10,3.74,nan,131,Left,Left,9160,370,458,32,nan,nan,0.03
11/3/2025 17:40:16,1.17.2,PRexp,10,3.74,nan,131,Left,Left,9161,370,458,32,nan,nan,0.02
11/3/2025 17:40:18,1.17.2,PRexp,10,3.74,nan,131,Left,Left,9162,370,458,32,nan,nan,0.11
11/3/2025 17:40:19,1.17.2,PRexp,10,3.73,nan,131,Left,Left,9163,370,458,32,nan,nan,0.16
11/3/2025 17:40:24,1.17.2,PRexp,10,3.74,nan,131,Left,Left,9164,370,458,32,nan,nan,0.12
11/3/2025 17:40:28,1.17.2,PRexp,10,3.74,nan,131,Left,Left,9165,370,458,32,nan,nan,0.49
11/3/2025 17:40:29,1.17.2,PRexp,10,3.74,nan,131,Left,Left,9166,370,458,32,nan,nan,0.08
11/3/2025 17:40:31,1.17.2,PRexp,10,3.74,nan,131,Left,Left,9167,370,458,32,nan,nan,0.23
11/3/2025 17:40:34,1.17.2,PRexp,10,3.74,nan,131,Left,Left,9168,370,458,32,nan,nan,0.47
11/3/2025 17:40:37,1.17.2,PRexp,10,3.74,nan,131,Left,Left,9169,370,458,32,nan,nan,0.28
11/3/2025 17:40:38,1.17.2,PRexp,10,3.74,nan,131,Left,Left,9170,370,458,32,nan,nan,0.02
11/3/2025 17:40:39,1.17.2,PRexp,10,3.74,nan,131,Left,Left,9171,370,458,32,nan,nan,0.00
11/3/2025 17:40:42,1.17.2,PRexp,10,3.74,nan,131,Left,Left,9172,370,458,32,nan,nan,0.13
11/3/2025 17:41:31,1.17.2,PRexp,10,3.74,nan,131,Left,Left,9173,370,458,32,nan,nan,0.01
11/3/2025 17:41:33,1.17.2,PRexp,10,3.74,nan,131,Left,Left,9174,370,458,32,nan,nan,0.03
11/3/2025 17:41:35,1.17.2,PRexp,10,3.74,nan,131,Left,Left,9175,370,458,32,nan,nan,0.10
11/3/2025 17:41:40,1.17.2,PRexp,10,3.74,nan,131,Left,Left,9176,370,458,32,nan,nan,0.02
11/3/2025 17:41:42,1.17.2,PRexp,10,3.74,nan,131,Left,Left,9177,370,458,32,nan,nan,0.17
11/3/2025 17:42:11,1.17.2,PRexp,10,3.74,nan,131,Right,Left,9177,371,458,32,nan,nan,0.09
11/3/2025 17:42:11,1.17.2,PRexp,10,3.74,nan,131,Right,Left,9177,372,458,32,nan,nan,0.00
11/3/2025 17:42:17,1.17.2,PRexp,10,3.74,nan,131,Left,Left,9178,372,458,32,nan,nan,0.01
11/3/2025 17:42:18,1.17.2,PRexp,10,3.74,nan,131,Left,Left,9179,372,458,32,nan,nan,0.10
11/3/2025 17:42:30,1.17.2,PRexp,10,3.74,nan,131,Left,Left,9180,372,458,32,nan,nan,0.23
11/3/2025 17:42:46,1.17.2,PRexp,10,3.74,nan,131,Right,Left,9180,373,458,32,nan,nan,0.22
11/3/2025 17:42:52,1.17.2,PRexp,10,3.74,nan,131,Left,Left,9181,373,458,32,nan,nan,0.02
11/3/2025 17:43:28,1.17.2,PRexp,10,3.74,nan,131,LeftDuringDispense,Left,9182,373,458,33,nan,nan,0.17
11/3/2025 17:44:43,1.17.2,PRexp,10,3.74,nan,131,LeftDuringDispense,Left,9183,373,458,33,nan,nan,0.40
11/3/2025 17:44:48,1.17.2,PRexp,10,3.74,nan,131,LeftDuringDispense,Left,9184,373,458,33,nan,nan,0.06
11/3/2025 17:44:50,1.17.2,PRexp,10,3.74,nan,131,LeftDuringDispense,Left,9185,373,458,33,nan,nan,0.15
11/3/2025 17:44:55,1.17.2,PRexp,10,3.74,nan,131,LeftDuringDispense,Left,9186,373,458,33,nan,nan,0.20
11/3/2025 17:45:03,1.17.2,PRexp,10,3.74,45,131,Pellet,Left,9186,373,459,33,0.05,1429,nan
11/3/2025 17:45:36,1.17.2,PRexp,10,3.74,nan,145,Left,Left,9187,373,459,33,nan,nan,0.14
11/3/2025 17:45:38,1.17.2,PRexp,10,3.74,nan,145,Left,Left,9188,373,459,33,nan,nan,0.05
11/3/2025 17:45:39,1.17.2,PRexp,10,3.74,nan,145,Left,Left,9189,373,459,33,nan,nan,0.01
11/3/2025 17:45:41,1.17.2,PRexp,10,3.74,nan,145,Left,Left,9190,373,459,33,nan,nan,0.08
11/3/2025 17:45:42,1.17.2,PRexp,10,3.74,nan,145,Left,Left,9191,373,459,33,nan,nan,0.02
11/3/2025 17:45:45,1.17.2,PRexp,10,3.74,nan,145,Left,Left,9192,373,459,33,nan,nan,0.21
11/3/2025 17:45:49,1.17.2,PRexp,10,3.74,nan,145,Left,Left,9193,373,459,33,nan,nan,0.47
11/3/2025 17:46:15,1.17.2,PRexp,10,3.73,nan,145,Left,Left,9194,373,459,33,nan,nan,0.07
11/3/2025 17:46:16,1.17.2,PRexp,10,3.74,nan,145,Left,Left,9195,373,459,33,nan,nan,0.01
11/3/2025 17:47:35,1.17.2,PRexp,10,3.74,nan,145,Left,Left,9196,373,459,33,nan,nan,0.01
11/3/2025 17:48:05,1.17.2,PRexp,10,3.74,nan,145,Left,Left,9197,373,459,33,nan,nan,0.08
11/3/2025 17:48:13,1.17.2,PRexp,10,3.74,nan,145,Left,Left,9198,373,459,33,nan,nan,0.12
11/3/2025 17:48:15,1.17.2,PRexp,10,3.74,nan,145,Left,Left,9199,373,459,33,nan,nan,0.47
11/3/2025 17:48:17,1.17.2,PRexp,10,3.74,nan,145,Left,Left,9200,373,459,33,nan,nan,0.02
11/3/2025 17:48:19,1.17.2,PRexp,10,3.74,nan,145,Left,Left,9201,373,459,33,nan,nan,0.41
11/3/2025 17:48:20,1.17.2,PRexp,10,3.74,nan,145,Left,Left,9202,373,459,33,nan,nan,0.01
11/3/2025 17:48:22,1.17.2,PRexp,10,3.74,nan,145,Left,Left,9203,373,459,33,nan,nan,0.42
11/3/2025 17:48:24,1.17.2,PRexp,10,3.74,nan,145,Left,Left,9204,373,459,33,nan,nan,0.08
11/3/2025 17:48:26,1.17.2,PRexp,10,3.74,nan,145,Left,Left,9205,373,459,33,nan,nan,0.08
11/3/2025 17:48:29,1.17.2,PRexp,10,3.74,nan,145,Left,Left,9206,373,459,33,nan,nan,0.25
11/3/2025 17:48:30,1.17.2,PRexp,10,3.74,nan,145,Left,Left,9207,373,459,33,nan,nan,0.01
11/3/2025 17:48:33,1.17.2,PRexp,10,3.74,nan,145,Left,Left,9208,373,459,33,nan,nan,0.41
11/3/2025 17:49:44,1.17.2,PRexp,10,3.74,nan,145,Left,Left,9209,373,459,33,nan,nan,0.11
11/3/2025 17:49:49,1.17.2,PRexp,10,3.74,nan,145,Left,Left,9210,373,459,33,nan,nan,0.01
11/3/2025 17:49:52,1.17.2,PRexp,10,3.74,nan,145,Left,Left,9211,373,459,33,nan,nan,0.04
11/3/2025 17:49:55,1.17.2,PRexp,10,3.74,nan,145,Left,Left,9212,373,459,33,nan,nan,0.31
11/3/2025 17:49:57,1.17.2,PRexp,10,3.74,nan,145,Left,Left,9213,373,459,33,nan,nan,0.17
11/3/2025 17:50:01,1.17.2,PRexp,10,3.74,nan,145,Left,Left,9214,373,459,33,nan,nan,0.27
11/3/2025 17:50:03,1.17.2,PRexp,10,3.74,nan,145,Left,Left,9215,373,459,33,nan,nan,0.16
11/3/2025 17:50:07,1.17.2,PRexp,10,3.74,nan,145,Left,Left,9216,373,459,33,nan,nan,0.15
11/3/2025 17:50:11,1.17.2,PRexp,10,3.73,nan,145,Left,Left,9217,373,459,33,nan,nan,0.03
11/3/2025 17:50:31,1.17.2,PRexp,10,3.74,nan,145,Left,Left,9218,373,459,33,nan,nan,0.09
11/3/2025 17:50:32,1.17.2,PRexp,10,3.74,nan,145,Left,Left,9219,373,459,33,nan,nan,0.01
11/3/2025 17:50:58,1.17.2,PRexp,10,3.74,nan,145,Right,Left,9219,374,459,33,nan,nan,0.26
11/3/2025 17:51:05,1.17.2,PRexp,10,3.74,nan,145,Left,Left,9220,374,459,33,nan,nan,0.09
11/3/2025 17:51:39,1.17.2,PRexp,10,3.74,nan,145,Left,Left,9221,374,459,33,nan,nan,0.11
11/3/2025 17:51:42,1.17.2,PRexp,10,3.74,nan,145,Left,Left,9222,374,459,33,nan,nan,0.30
11/3/2025 17:51:43,1.17.2,PRexp,10,3.74,nan,145,Left,Left,9223,374,459,33,nan,nan,0.08
11/3/2025 17:51:46,1.17.2,PRexp,10,3.74,nan,145,Left,Left,9224,374,459,33,nan,nan,0.22
11/3/2025 17:51:50,1.17.2,PRexp,10,3.74,nan,145,Left,Left,9225,374,459,33,nan,nan,0.24
11/3/2025 17:51:51,1.17.2,PRexp,10,3.74,nan,145,Left,Left,9226,374,459,33,nan,nan,0.24
11/3/2025 17:51:55,1.17.2,PRexp,10,3.74,nan,145,Left,Left,9227,374,459,33,nan,nan,0.22
11/3/2025 17:51:57,1.17.2,PRexp,10,3.74,nan,145,Left,Left,9228,374,459,33,nan,nan,0.17
11/3/2025 17:51:59,1.17.2,PRexp,10,3.74,nan,145,Left,Left,9229,374,459,33,nan,nan,0.22
11/3/2025 17:52:03,1.17.2,PRexp,10,3.74,nan,145,Left,Left,9230,374,459,33,nan,nan,0.15
11/3/2025 17:52:05,1.17.2,PRexp,10,3.74,nan,145,Left,Left,9231,374,459,33,nan,nan,0.16
11/3/2025 17:52:06,1.17.2,PRexp,10,3.74,nan,145,Left,Left,9232,374,459,33,nan,nan,0.26
11/3/2025 17:52:09,1.17.2,PRexp,10,3.74,nan,145,Left,Left,9233,374,459,33,nan,nan,0.14
11/3/2025 17:54:14,1.17.2,PRexp,10,3.74,nan,145,Left,Left,9234,374,459,33,nan,nan,0.01
11/3/2025 17:55:13,1.17.2,PRexp,10,3.74,nan,145,Left,Left,9235,374,459,33,nan,nan,0.12
11/3/2025 17:56:46,1.17.2,PRexp,10,3.74,nan,145,Right,Left,9235,375,459,33,nan,nan,0.19
11/3/2025 17:56:46,1.17.2,PRexp,10,3.74,nan,145,Right,Left,9235,376,459,33,nan,nan,0.00
11/3/2025 17:57:08,1.17.2,PRexp,10,3.74,nan,145,Left,Left,9236,376,459,33,nan,nan,0.07
11/3/2025 17:57:36,1.17.2,PRexp,10,3.74,nan,145,Left,Left,9237,376,459,33,nan,nan,0.07
11/3/2025 17:57:38,1.17.2,PRexp,10,3.74,nan,145,Left,Left,9238,376,459,33,nan,nan,0.02
11/3/2025 17:57:41,1.17.2,PRexp,10,3.74,nan,145,Left,Left,9239,376,459,33,nan,nan,0.08
11/3/2025 17:57:47,1.17.2,PRexp,10,3.74,nan,145,Left,Left,9240,376,459,33,nan,nan,0.02
11/3/2025 17:57:48,1.17.2,PRexp,10,3.74,nan,145,Left,Left,9241,376,459,33,nan,nan,0.08
11/3/2025 17:57:52,1.17.2,PRexp,10,3.74,nan,145,Left,Left,9242,376,459,33,nan,nan,0.23
11/3/2025 17:57:57,1.17.2,PRexp,10,3.74,nan,145,Left,Left,9243,376,459,33,nan,nan,0.22
11/3/2025 17:58:00,1.17.2,PRexp,10,3.74,nan,145,Left,Left,9244,376,459,33,nan,nan,0.20
11/3/2025 17:58:44,1.17.2,PRexp,10,3.74,nan,145,Left,Left,9245,376,459,33,nan,nan,0.10
11/3/2025 17:58:45,1.17.2,PRexp,10,3.74,nan,145,Left,Left,9246,376,459,33,nan,nan,0.01
11/3/2025 17:58:48,1.17.2,PRexp,10,3.74,nan,145,Left,Left,9247,376,459,33,nan,nan,0.36
11/3/2025 17:58:50,1.17.2,PRexp,10,3.74,nan,145,Left,Left,9248,376,459,33,nan,nan,0.26
11/3/2025 17:58:53,1.17.2,PRexp,10,3.74,nan,145,Left,Left,9249,376,459,33,nan,nan,0.33
11/3/2025 17:58:56,1.17.2,PRexp,10,3.74,nan,145,Left,Left,9250,376,459,33,nan,nan,0.23
11/3/2025 17:58:59,1.17.2,PRexp,10,3.74,nan,145,Left,Left,9251,376,459,33,nan,nan,0.59
11/3/2025 17:59:01,1.17.2,PRexp,10,3.74,nan,145,Left,Left,9252,376,459,33,nan,nan,0.28
11/3/2025 17:59:04,1.17.2,PRexp,10,3.74,nan,145,Left,Left,9253,376,459,33,nan,nan,0.01
11/3/2025 17:59:06,1.17.2,PRexp,10,3.74,nan,145,Left,Left,9254,376,459,33,nan,nan,0.54
11/3/2025 17:59:10,1.17.2,PRexp,10,3.74,nan,145,Left,Left,9255,376,459,33,nan,nan,0.21
11/3/2025 17:59:12,1.17.2,PRexp,10,3.74,nan,145,Left,Left,9256,376,459,33,nan,nan,0.12
11/3/2025 17:59:15,1.17.2,PRexp,10,3.74,nan,145,Left,Left,9257,376,459,33,nan,nan,0.04
11/3/2025 17:59:20,1.17.2,PRexp,10,3.74,nan,145,Left,Left,9258,376,459,33,nan,nan,0.94
11/3/2025 17:59:23,1.17.2,PRexp,10,3.74,nan,145,Left,Left,9259,376,459,33,nan,nan,0.05
11/3/2025 17:59:26,1.17.2,PRexp,10,3.74,nan,145,Left,Left,9260,376,459,33,nan,nan,0.26
11/3/2025 18:00:28,1.17.2,PRexp,10,3.74,nan,145,Left,Left,9261,376,459,33,nan,nan,0.07
11/3/2025 18:00:55,1.17.2,PRexp,10,3.74,nan,145,Left,Left,9262,376,459,33,nan,nan,0.07
11/3/2025 18:00:57,1.17.2,PRexp,10,3.74,nan,145,Left,Left,9263,376,459,33,nan,nan,0.20
11/3/2025 18:00:58,1.17.2,PRexp,10,3.74,nan,145,Left,Left,9264,376,459,33,nan,nan,0.13
11/3/2025 18:01:01,1.17.2,PRexp,10,3.74,nan,145,Left,Left,9265,376,459,33,nan,nan,0.24
11/3/2025 18:01:05,1.17.2,PRexp,10,3.74,nan,145,Left,Left,9266,376,459,33,nan,nan,0.01
11/3/2025 18:01:08,1.17.2,PRexp,10,3.74,nan,145,Left,Left,9267,376,459,33,nan,nan,0.06
11/3/2025 18:01:09,1.17.2,PRexp,10,3.74,nan,145,Left,Left,9268,376,459,33,nan,nan,0.28
11/3/2025 18:01:12,1.17.2,PRexp,10,3.74,nan,145,Left,Left,9269,376,459,33,nan,nan,0.28
11/3/2025 18:01:17,1.17.2,PRexp,10,3.74,nan,145,Left,Left,9270,376,459,33,nan,nan,0.17
11/3/2025 18:01:19,1.17.2,PRexp,10,3.74,nan,145,Left,Left,9271,376,459,33,nan,nan,0.13
11/3/2025 18:01:28,1.17.2,PRexp,10,3.74,nan,145,Left,Left,9272,376,459,33,nan,nan,0.02
11/3/2025 18:01:30,1.17.2,PRexp,10,3.74,nan,145,Left,Left,9273,376,459,33,nan,nan,0.06
11/3/2025 18:01:31,1.17.2,PRexp,10,3.74,nan,145,Left,Left,9274,376,459,33,nan,nan,0.04
11/3/2025 18:01:33,1.17.2,PRexp,10,3.73,nan,145,Left,Left,9275,376,459,33,nan,nan,0.19
11/3/2025 18:01:34,1.17.2,PRexp,10,3.73,nan,145,Left,Left,9276,376,459,33,nan,nan,0.08
11/3/2025 18:02:47,1.17.2,PRexp,10,3.74,nan,145,Left,Left,9277,376,459,33,nan,nan,0.04
11/3/2025 18:02:51,1.17.2,PRexp,10,3.74,nan,145,Left,Left,9278,376,459,33,nan,nan,0.42
11/3/2025 18:02:54,1.17.2,PRexp,10,3.74,nan,145,Left,Left,9279,376,459,33,nan,nan,0.03
11/3/2025 18:02:55,1.17.2,PRexp,10,3.74,nan,145,Left,Left,9280,376,459,33,nan,nan,0.07
11/3/2025 18:03:00,1.17.2,PRexp,10,3.74,nan,145,Left,Left,9281,376,459,33,nan,nan,0.16
11/3/2025 18:03:02,1.17.2,PRexp,10,3.74,nan,145,Left,Left,9282,376,459,33,nan,nan,0.21
11/3/2025 18:03:06,1.17.2,PRexp,10,3.74,nan,145,Left,Left,9283,376,459,33,nan,nan,0.07
11/3/2025 18:03:09,1.17.2,PRexp,10,3.74,nan,145,Left,Left,9284,376,459,33,nan,nan,0.02
11/3/2025 18:03:12,1.17.2,PRexp,10,3.74,nan,145,Left,Left,9285,376,459,33,nan,nan,0.37
11/3/2025 18:03:13,1.17.2,PRexp,10,3.74,nan,145,Left,Left,9286,376,459,33,nan,nan,0.00
11/3/2025 18:03:18,1.17.2,PRexp,10,3.74,nan,145,Left,Left,9287,376,459,33,nan,nan,0.02
11/3/2025 18:03:20,1.17.2,PRexp,10,3.74,nan,145,Left,Left,9288,376,459,33,nan,nan,0.06
11/3/2025 18:03:25,1.17.2,PRexp,10,3.74,nan,145,Left,Left,9289,376,459,33,nan,nan,0.14
11/3/2025 18:03:27,1.17.2,PRexp,10,3.74,nan,145,Left,Left,9290,376,459,33,nan,nan,0.12
11/3/2025 18:03:32,1.17.2,PRexp,10,3.74,nan,145,Left,Left,9291,376,459,33,nan,nan,0.01
11/3/2025 18:03:39,1.17.2,PRexp,10,3.74,nan,145,Left,Left,9292,376,459,33,nan,nan,0.61
11/3/2025 18:04:10,1.17.2,PRexp,10,3.74,nan,145,Right,Left,9292,377,459,33,nan,nan,0.35
11/3/2025 18:04:12,1.17.2,PRexp,10,3.74,nan,145,Left,Left,9293,377,459,33,nan,nan,0.17
11/3/2025 18:04:14,1.17.2,PRexp,10,3.74,nan,145,Left,Left,9294,377,459,33,nan,nan,0.13
11/3/2025 18:04:16,1.17.2,PRexp,10,3.74,nan,145,Left,Left,9295,377,459,33,nan,nan,0.32
11/3/2025 18:07:58,1.17.2,PRexp,10,3.74,nan,145,Left,Left,9296,377,459,33,nan,nan,0.00
11/3/2025 18:08:02,1.17.2,PRexp,10,3.74,nan,145,Left,Left,9297,377,459,33,nan,nan,0.13
11/3/2025 18:08:16,1.17.2,PRexp,10,3.74,nan,145,Left,Left,9298,377,459,33,nan,nan,0.35
11/3/2025 18:08:20,1.17.2,PRexp,10,3.74,nan,145,Left,Left,9299,377,459,33,nan,nan,0.15
11/3/2025 18:08:23,1.17.2,PRexp,10,3.74,nan,145,Left,Left,9300,377,459,33,nan,nan,0.77
11/3/2025 18:08:25,1.17.2,PRexp,10,3.74,nan,145,Left,Left,9301,377,459,33,nan,nan,0.01
11/3/2025 18:08:26,1.17.2,PRexp,10,3.74,nan,145,Left,Left,9302,377,459,33,nan,nan,0.12
11/3/2025 18:08:30,1.17.2,PRexp,10,3.74,nan,145,Left,Left,9303,377,459,33,nan,nan,0.21
11/3/2025 18:08:33,1.17.2,PRexp,10,3.74,nan,145,Left,Left,9304,377,459,33,nan,nan,0.27
11/3/2025 18:08:35,1.17.2,PRexp,10,3.73,nan,145,Left,Left,9305,377,459,33,nan,nan,0.19
11/3/2025 18:08:36,1.17.2,PRexp,10,3.74,nan,145,Left,Left,9306,377,459,33,nan,nan,0.24
11/3/2025 18:09:27,1.17.2,PRexp,10,3.74,nan,145,Left,Left,9307,377,459,33,nan,nan,0.20
11/3/2025 18:09:28,1.17.2,PRexp,10,3.74,nan,145,Left,Left,9308,377,459,33,nan,nan,0.04
11/3/2025 18:09:33,1.17.2,PRexp,10,3.74,nan,145,Left,Left,9309,377,459,33,nan,nan,0.01
11/3/2025 18:09:35,1.17.2,PRexp,10,3.74,nan,145,Left,Left,9310,377,459,33,nan,nan,0.13
11/3/2025 18:09:37,1.17.2,PRexp,10,3.74,nan,145,Left,Left,9311,377,459,33,nan,nan,0.11
11/3/2025 18:09:38,1.17.2,PRexp,10,3.74,nan,145,Left,Left,9312,377,459,33,nan,nan,0.34
11/3/2025 18:09:42,1.17.2,PRexp,10,3.74,nan,145,Left,Left,9313,377,459,33,nan,nan,0.08
11/3/2025 18:09:45,1.17.2,PRexp,10,3.74,nan,145,Left,Left,9314,377,459,33,nan,nan,0.11
11/3/2025 18:09:48,1.17.2,PRexp,10,3.74,nan,145,Left,Left,9315,377,459,33,nan,nan,0.19
11/3/2025 18:10:17,1.17.2,PRexp,10,3.74,nan,145,Left,Left,9316,377,459,33,nan,nan,0.10
11/3/2025 18:10:22,1.17.2,PRexp,10,3.74,nan,145,Left,Left,9317,377,459,33,nan,nan,0.15
11/3/2025 18:11:14,1.17.2,PRexp,10,3.74,nan,145,Left,Left,9318,377,459,33,nan,nan,0.13
11/3/2025 18:11:16,1.17.2,PRexp,10,3.74,nan,145,Left,Left,9319,377,459,33,nan,nan,0.61
11/3/2025 18:11:20,1.17.2,PRexp,10,3.74,nan,145,Left,Left,9320,377,459,33,nan,nan,0.04
11/3/2025 18:11:22,1.17.2,PRexp,10,3.74,nan,145,Left,Left,9321,377,459,33,nan,nan,0.15
11/3/2025 18:11:24,1.17.2,PRexp,10,3.73,nan,145,Left,Left,9322,377,459,33,nan,nan,0.15
11/3/2025 18:11:52,1.17.2,PRexp,10,3.74,nan,145,Left,Left,9323,377,459,33,nan,nan,0.03
11/3/2025 18:11:55,1.17.2,PRexp,10,3.73,nan,145,Left,Left,9324,377,459,33,nan,nan,0.11
11/3/2025 18:11:58,1.17.2,PRexp,10,3.74,nan,145,Left,Left,9325,377,459,33,nan,nan,0.06
11/3/2025 18:12:02,1.17.2,PRexp,10,3.74,nan,145,Left,Left,9326,377,459,33,nan,nan,0.01
11/3/2025 18:12:04,1.17.2,PRexp,10,3.74,nan,145,Left,Left,9327,377,459,33,nan,nan,0.01
11/3/2025 18:12:07,1.17.2,PRexp,10,3.74,nan,145,Left,Left,9328,377,459,33,nan,nan,0.09
11/3/2025 18:12:10,1.17.2,PRexp,10,3.74,nan,145,Left,Left,9329,377,459,33,nan,nan,0.13
11/3/2025 18:12:46,1.17.2,PRexp,10,3.74,nan,145,Left,Left,9330,377,459,33,nan,nan,0.12
11/3/2025 18:12:49,1.17.2,PRexp,10,3.74,nan,145,Left,Left,9331,377,459,33,nan,nan,0.01
11/3/2025 18:13:54,1.17.2,PRexp,10,3.74,nan,145,LeftDuringDispense,Left,9332,377,459,34,nan,nan,0.02
11/3/2025 18:13:57,1.17.2,PRexp,10,3.74,nan,145,LeftDuringDispense,Left,9333,377,459,34,nan,nan,0.19
11/3/2025 18:13:59,1.17.2,PRexp,10,3.74,nan,145,LeftDuringDispense,Left,9334,377,459,34,nan,nan,0.28
11/3/2025 18:14:15,1.17.2,PRexp,10,3.74,31,145,Pellet,Left,9334,377,460,34,0.05,1752,nan
11/3/2025 18:16:15,1.17.2,PRexp,10,3.74,nan,161,Left,Left,9335,377,460,34,nan,nan,0.01
11/3/2025 18:16:16,1.17.2,PRexp,10,3.74,nan,161,Left,Left,9336,377,460,34,nan,nan,0.04
11/3/2025 18:16:19,1.17.2,PRexp,10,3.74,nan,161,Left,Left,9337,377,460,34,nan,nan,0.10
11/3/2025 18:16:26,1.17.2,PRexp,10,3.74,nan,161,Left,Left,9338,377,460,34,nan,nan,0.02
11/3/2025 18:16:31,1.17.2,PRexp,10,3.74,nan,161,Left,Left,9339,377,460,34,nan,nan,0.02
11/3/2025 18:16:34,1.17.2,PRexp,10,3.74,nan,161,Left,Left,9340,377,460,34,nan,nan,0.30
11/3/2025 18:17:08,1.17.2,PRexp,10,3.74,nan,161,Left,Left,9341,377,460,34,nan,nan,0.16
11/3/2025 18:17:10,1.17.2,PRexp,10,3.74,nan,161,Left,Left,9342,377,460,34,nan,nan,0.08
11/3/2025 18:17:14,1.17.2,PRexp,10,3.74,nan,161,Left,Left,9343,377,460,34,nan,nan,0.02
11/3/2025 18:17:18,1.17.2,PRexp,10,3.74,nan,161,Left,Left,9344,377,460,34,nan,nan,0.61
11/3/2025 18:17:20,1.17.2,PRexp,10,3.74,nan,161,Left,Left,9345,377,460,34,nan,nan,0.14
11/3/2025 18:17:25,1.17.2,PRexp,10,3.74,nan,161,Left,Left,9346,377,460,34,nan,nan,0.09
11/3/2025 18:18:22,1.17.2,PRexp,10,3.74,nan,161,Left,Left,9347,377,460,34,nan,nan,0.23
11/3/2025 18:18:23,1.17.2,PRexp,10,3.74,nan,161,Left,Left,9348,377,460,34,nan,nan,0.09
11/3/2025 18:18:24,1.17.2,PRexp,10,3.74,nan,161,Left,Left,9349,377,460,34,nan,nan,0.15
11/3/2025 18:18:58,1.17.2,PRexp,10,3.74,nan,161,Left,Left,9350,377,460,34,nan,nan,0.02
11/3/2025 18:19:02,1.17.2,PRexp,10,3.74,nan,161,Left,Left,9351,377,460,34,nan,nan,0.87
11/3/2025 18:19:06,1.17.2,PRexp,10,3.74,nan,161,Left,Left,9352,377,460,34,nan,nan,0.90
11/3/2025 18:19:08,1.17.2,PRexp,10,3.74,nan,161,Left,Left,9353,377,460,34,nan,nan,0.18
11/3/2025 18:19:12,1.17.2,PRexp,10,3.74,nan,161,Left,Left,9354,377,460,34,nan,nan,0.20
11/3/2025 18:19:16,1.17.2,PRexp,10,3.74,nan,161,Left,Left,9355,377,460,34,nan,nan,0.31
11/3/2025 18:19:20,1.17.2,PRexp,10,3.74,nan,161,Left,Left,9356,377,460,34,nan,nan,0.22
11/3/2025 18:19:22,1.17.2,PRexp,10,3.74,nan,161,Left,Left,9357,377,460,34,nan,nan,0.10
11/3/2025 18:19:49,1.17.2,PRexp,10,3.74,nan,161,Right,Left,9357,378,460,34,nan,nan,0.22
11/3/2025 18:19:55,1.17.2,PRexp,10,3.74,nan,161,Left,Left,9358,378,460,34,nan,nan,0.12
11/3/2025 18:19:57,1.17.2,PRexp,10,3.74,nan,161,Left,Left,9359,378,460,34,nan,nan,0.05
11/3/2025 18:19:59,1.17.2,PRexp,10,3.74,nan,161,Left,Left,9360,378,460,34,nan,nan,0.19
11/3/2025 18:20:00,1.17.2,PRexp,10,3.74,nan,161,Left,Left,9361,378,460,34,nan,nan,0.11
11/3/2025 18:20:03,1.17.2,PRexp,10,3.74,nan,161,Left,Left,9362,378,460,34,nan,nan,0.11
11/3/2025 18:20:28,1.17.2,PRexp,10,3.74,nan,161,Left,Left,9363,378,460,34,nan,nan,0.11
11/3/2025 18:20:30,1.17.2,PRexp,10,3.74,nan,161,Left,Left,9364,378,460,34,nan,nan,0.16
11/3/2025 18:20:34,1.17.2,PRexp,10,3.74,nan,161,Left,Left,9365,378,460,34,nan,nan,0.05
11/3/2025 18:20:36,1.17.2,PRexp,10,3.74,nan,161,Left,Left,9366,378,460,34,nan,nan,0.17
11/3/2025 18:20:38,1.17.2,PRexp,10,3.74,nan,161,Left,Left,9367,378,460,34,nan,nan,0.07
11/3/2025 18:20:41,1.17.2,PRexp,10,3.74,nan,161,Left,Left,9368,378,460,34,nan,nan,0.10
11/3/2025 18:20:45,1.17.2,PRexp,10,3.74,nan,161,Left,Left,9369,378,460,34,nan,nan,0.01
11/3/2025 18:20:47,1.17.2,PRexp,10,3.74,nan,161,Left,Left,9370,378,460,34,nan,nan,0.03
11/3/2025 18:20:52,1.17.2,PRexp,10,3.74,nan,161,Left,Left,9371,378,460,34,nan,nan,0.85
11/3/2025 18:20:54,1.17.2,PRexp,10,3.74,nan,161,Left,Left,9372,378,460,34,nan,nan,0.12
11/3/2025 18:20:59,1.17.2,PRexp,10,3.74,nan,161,Left,Left,9373,378,460,34,nan,nan,0.39
11/3/2025 18:21:05,1.17.2,PRexp,10,3.74,nan,161,Left,Left,9374,378,460,34,nan,nan,0.56
11/3/2025 18:21:08,1.17.2,PRexp,10,3.74,nan,161,Left,Left,9375,378,460,34,nan,nan,0.02
11/3/2025 18:21:38,1.17.2,PRexp,10,3.74,nan,161,Left,Left,9376,378,460,34,nan,nan,0.28
11/3/2025 18:21:39,1.17.2,PRexp,10,3.74,nan,161,Left,Left,9377,378,460,34,nan,nan,0.01
11/3/2025 18:21:42,1.17.2,PRexp,10,3.74,nan,161,Left,Left,9378,378,460,34,nan,nan,0.05
11/3/2025 18:21:45,1.17.2,PRexp,10,3.74,nan,161,Left,Left,9379,378,460,34,nan,nan,0.23
11/3/2025 18:21:46,1.17.2,PRexp,10,3.74,nan,161,Left,Left,9380,378,460,34,nan,nan,0.00
11/3/2025 18:21:49,1.17.2,PRexp,10,3.74,nan,161,Left,Left,9381,378,460,34,nan,nan,0.16
11/3/2025 18:22:15,1.17.2,PRexp,10,3.74,nan,161,Left,Left,9382,378,460,34,nan,nan,0.17
11/3/2025 18:22:17,1.17.2,PRexp,10,3.74,nan,161,Left,Left,9383,378,460,34,nan,nan,0.07
11/3/2025 18:22:22,1.17.2,PRexp,10,3.73,nan,161,Left,Left,9384,378,460,34,nan,nan,0.02
11/3/2025 18:22:25,1.17.2,PRexp,10,3.74,nan,161,Left,Left,9385,378,460,34,nan,nan,0.01
11/3/2025 18:22:29,1.17.2,PRexp,10,3.74,nan,161,Left,Left,9386,378,460,34,nan,nan,0.40
11/3/2025 18:22:33,1.17.2,PRexp,10,3.74,nan,161,Left,Left,9387,378,460,34,nan,nan,0.03
11/3/2025 18:23:01,1.17.2,PRexp,10,3.74,nan,161,Left,Left,9388,378,460,34,nan,nan,0.13
11/3/2025 18:23:44,1.17.2,PRexp,10,3.74,nan,161,Right,Left,9388,379,460,34,nan,nan,0.00
11/3/2025 18:24:07,1.17.2,PRexp,10,3.74,nan,161,Left,Left,9389,379,460,34,nan,nan,0.02
11/3/2025 18:24:09,1.17.2,PRexp,10,3.74,nan,161,Left,Left,9390,379,460,34,nan,nan,0.01
11/3/2025 18:24:11,1.17.2,PRexp,10,3.74,nan,161,Left,Left,9391,379,460,34,nan,nan,0.17
11/3/2025 18:24:15,1.17.2,PRexp,10,3.74,nan,161,Left,Left,9392,379,460,34,nan,nan,0.08
11/3/2025 18:24:20,1.17.2,PRexp,10,3.74,nan,161,Left,Left,9393,379,460,34,nan,nan,0.14
11/3/2025 18:24:22,1.17.2,PRexp,10,3.74,nan,161,Left,Left,9394,379,460,34,nan,nan,0.14
11/3/2025 18:24:24,1.17.2,PRexp,10,3.74,nan,161,Left,Left,9395,379,460,34,nan,nan,0.09
11/3/2025 18:24:26,1.17.2,PRexp,10,3.73,nan,161,Left,Left,9396,379,460,34,nan,nan,0.43
11/3/2025 18:24:29,1.17.2,PRexp,10,3.74,nan,161,Left,Left,9397,379,460,34,nan,nan,0.07
11/3/2025 18:24:31,1.17.2,PRexp,10,3.74,nan,161,Left,Left,9398,379,460,34,nan,nan,0.05
11/3/2025 18:24:33,1.17.2,PRexp,10,3.74,nan,161,Left,Left,9399,379,460,34,nan,nan,0.12
11/3/2025 18:25:23,1.17.2,PRexp,10,3.74,nan,161,Left,Left,9400,379,460,34,nan,nan,0.04
11/3/2025 18:25:29,1.17.2,PRexp,10,3.74,nan,161,Left,Left,9401,379,460,34,nan,nan,0.16
11/3/2025 18:25:32,1.17.2,PRexp,10,3.74,nan,161,Left,Left,9402,379,460,34,nan,nan,0.09
11/3/2025 18:25:33,1.17.2,PRexp,10,3.73,nan,161,Left,Left,9403,379,460,34,nan,nan,0.07
11/3/2025 18:25:35,1.17.2,PRexp,10,3.74,nan,161,Left,Left,9404,379,460,34,nan,nan,0.12
11/3/2025 18:25:36,1.17.2,PRexp,10,3.74,nan,161,Left,Left,9405,379,460,34,nan,nan,0.01
11/3/2025 18:25:39,1.17.2,PRexp,10,3.74,nan,161,Left,Left,9406,379,460,34,nan,nan,0.25
11/3/2025 18:25:42,1.17.2,PRexp,10,3.74,nan,161,Left,Left,9407,379,460,34,nan,nan,0.21
11/3/2025 18:25:44,1.17.2,PRexp,10,3.74,nan,161,Left,Left,9408,379,460,34,nan,nan,0.18
11/3/2025 18:25:47,1.17.2,PRexp,10,3.74,nan,161,Left,Left,9409,379,460,34,nan,nan,0.12
11/3/2025 18:25:48,1.17.2,PRexp,10,3.74,nan,161,Left,Left,9410,379,460,34,nan,nan,0.15
11/3/2025 18:25:51,1.17.2,PRexp,10,3.74,nan,161,Left,Left,9411,379,460,34,nan,nan,0.13
11/3/2025 18:25:54,1.17.2,PRexp,10,3.74,nan,161,Left,Left,9412,379,460,34,nan,nan,0.12
11/3/2025 18:25:55,1.17.2,PRexp,10,3.74,nan,161,Left,Left,9413,379,460,34,nan,nan,0.16
11/3/2025 18:25:58,1.17.2,PRexp,10,3.74,nan,161,Left,Left,9414,379,460,34,nan,nan,0.17
11/3/2025 18:25:59,1.17.2,PRexp,10,3.74,nan,161,Left,Left,9415,379,460,34,nan,nan,0.00
11/3/2025 18:26:02,1.17.2,PRexp,10,3.74,nan,161,Left,Left,9416,379,460,34,nan,nan,0.05
11/3/2025 18:26:56,1.17.2,PRexp,10,3.74,nan,161,Left,Left,9417,379,460,34,nan,nan,0.04
11/3/2025 18:26:58,1.17.2,PRexp,10,3.74,nan,161,Left,Left,9418,379,460,34,nan,nan,0.03
11/3/2025 18:27:02,1.17.2,PRexp,10,3.74,nan,161,Left,Left,9419,379,460,34,nan,nan,0.17
11/3/2025 18:27:09,1.17.2,PRexp,10,3.74,nan,161,Left,Left,9420,379,460,34,nan,nan,0.01
11/3/2025 18:27:10,1.17.2,PRexp,10,3.74,nan,161,Left,Left,9421,379,460,34,nan,nan,0.00
11/3/2025 18:27:17,1.17.2,PRexp,10,3.74,nan,161,Left,Left,9422,379,460,34,nan,nan,0.10
11/3/2025 18:27:20,1.17.2,PRexp,10,3.74,nan,161,Left,Left,9423,379,460,34,nan,nan,0.05
11/3/2025 18:27:23,1.17.2,PRexp,10,3.74,nan,161,Left,Left,9424,379,460,34,nan,nan,0.22
11/3/2025 18:27:26,1.17.2,PRexp,10,3.74,nan,161,Left,Left,9425,379,460,34,nan,nan,0.29
11/3/2025 18:27:30,1.17.2,PRexp,10,3.74,nan,161,Left,Left,9426,379,460,34,nan,nan,0.17
11/3/2025 18:27:34,1.17.2,PRexp,10,3.74,nan,161,Left,Left,9427,379,460,34,nan,nan,0.32
11/3/2025 18:27:37,1.17.2,PRexp,10,3.74,nan,161,Left,Left,9428,379,460,34,nan,nan,0.04
11/3/2025 18:27:41,1.17.2,PRexp,10,3.74,nan,161,Left,Left,9429,379,460,34,nan,nan,0.12
11/3/2025 18:27:46,1.17.2,PRexp,10,3.74,nan,161,Left,Left,9430,379,460,34,nan,nan,0.03
11/3/2025 18:27:47,1.17.2,PRexp,10,3.74,nan,161,Left,Left,9431,379,460,34,nan,nan,0.15
11/3/2025 18:28:55,1.17.2,PRexp,10,3.74,nan,161,Left,Left,9432,379,460,34,nan,nan,0.06
11/3/2025 18:28:55,1.17.2,PRexp,10,3.74,nan,161,Left,Left,9433,379,460,34,nan,nan,0.12
11/3/2025 18:29:09,1.17.2,PRexp,10,3.74,nan,161,Left,Left,9434,379,460,34,nan,nan,0.14
11/3/2025 18:29:58,1.17.2,PRexp,10,3.74,nan,161,Left,Left,9435,379,460,34,nan,nan,0.08
11/3/2025 18:29:59,1.17.2,PRexp,10,3.74,nan,161,Left,Left,9436,379,460,34,nan,nan,0.00
11/3/2025 18:30:02,1.17.2,PRexp,10,3.74,nan,161,Left,Left,9437,379,460,34,nan,nan,0.06
11/3/2025 18:30:03,1.17.2,PRexp,10,3.74,nan,161,Left,Left,9438,379,460,34,nan,nan,0.13
11/3/2025 18:30:06,1.17.2,PRexp,10,3.74,nan,161,Left,Left,9439,379,460,34,nan,nan,0.08
11/3/2025 18:30:10,1.17.2,PRexp,10,3.74,nan,161,Left,Left,9440,379,460,34,nan,nan,0.25
11/3/2025 18:30:13,1.17.2,PRexp,10,3.74,nan,161,Left,Left,9441,379,460,34,nan,nan,0.04
11/3/2025 18:30:16,1.17.2,PRexp,10,3.74,nan,161,Left,Left,9442,379,460,34,nan,nan,0.01
11/3/2025 18:30:19,1.17.2,PRexp,10,3.74,nan,161,Left,Left,9443,379,460,34,nan,nan,0.25
11/3/2025 18:30:21,1.17.2,PRexp,10,3.74,nan,161,Left,Left,9444,379,460,34,nan,nan,0.00
11/3/2025 18:30:23,1.17.2,PRexp,10,3.74,nan,161,Left,Left,9445,379,460,34,nan,nan,0.35
11/3/2025 18:30:29,1.17.2,PRexp,10,3.74,nan,161,Left,Left,9446,379,460,34,nan,nan,0.00
11/3/2025 18:32:30,1.17.2,PRexp,10,3.74,nan,161,Left,Left,9447,379,460,34,nan,nan,0.03
11/3/2025 18:33:39,1.17.2,PRexp,10,3.74,nan,161,Left,Left,9448,379,460,34,nan,nan,0.08
11/3/2025 18:33:42,1.17.2,PRexp,10,3.74,nan,161,Left,Left,9449,379,460,34,nan,nan,0.32
11/3/2025 18:33:46,1.17.2,PRexp,10,3.74,nan,161,Left,Left,9450,379,460,34,nan,nan,0.39
11/3/2025 18:33:49,1.17.2,PRexp,10,3.74,nan,161,Left,Left,9451,379,460,34,nan,nan,0.01
11/3/2025 18:33:50,1.17.2,PRexp,10,3.74,nan,161,Left,Left,9452,379,460,34,nan,nan,0.00
11/3/2025 18:34:46,1.17.2,PRexp,10,3.74,nan,161,Left,Left,9453,379,460,34,nan,nan,0.08
11/3/2025 18:34:48,1.17.2,PRexp,10,3.74,nan,161,Left,Left,9454,379,460,34,nan,nan,0.07
11/3/2025 18:35:27,1.17.2,PRexp,10,3.74,nan,161,Left,Left,9455,379,460,34,nan,nan,0.12
11/3/2025 18:35:30,1.17.2,PRexp,10,3.74,nan,161,Left,Left,9456,379,460,34,nan,nan,0.03
11/3/2025 18:35:30,1.17.2,PRexp,10,3.74,nan,161,Left,Left,9457,379,460,34,nan,nan,0.00
11/3/2025 18:35:33,1.17.2,PRexp,10,3.74,nan,161,Left,Left,9458,379,460,34,nan,nan,0.28
11/3/2025 18:35:34,1.17.2,PRexp,10,3.74,nan,161,Left,Left,9459,379,460,34,nan,nan,0.52
11/3/2025 18:35:37,1.17.2,PRexp,10,3.74,nan,161,Left,Left,9460,379,460,34,nan,nan,0.10
11/3/2025 18:35:38,1.17.2,PRexp,10,3.74,nan,161,Left,Left,9461,379,460,34,nan,nan,0.00
11/3/2025 18:35:39,1.17.2,PRexp,10,3.74,nan,161,Left,Left,9462,379,460,34,nan,nan,0.00
11/3/2025 18:35:42,1.17.2,PRexp,10,3.74,nan,161,Left,Left,9463,379,460,34,nan,nan,0.14
11/3/2025 18:35:46,1.17.2,PRexp,10,3.74,nan,161,Left,Left,9464,379,460,34,nan,nan,0.15
11/3/2025 18:35:51,1.17.2,PRexp,10,3.74,nan,161,Left,Left,9465,379,460,34,nan,nan,0.12
11/3/2025 18:35:57,1.17.2,PRexp,10,3.74,nan,161,Left,Left,9466,379,460,34,nan,nan,0.07
11/3/2025 18:35:59,1.17.2,PRexp,10,3.74,nan,161,Left,Left,9467,379,460,34,nan,nan,0.09
11/3/2025 18:37:05,1.17.2,PRexp,10,3.74,nan,161,Left,Left,9468,379,460,34,nan,nan,0.14
11/3/2025 18:39:16,1.17.2,PRexp,10,3.74,nan,161,Left,Left,9469,379,460,34,nan,nan,0.01
11/3/2025 18:40:07,1.17.2,PRexp,10,3.74,nan,161,Left,Left,9470,379,460,34,nan,nan,0.31
11/3/2025 18:40:10,1.17.2,PRexp,10,3.74,nan,161,Left,Left,9471,379,460,34,nan,nan,0.08
11/3/2025 18:40:16,1.17.2,PRexp,10,3.74,nan,161,Left,Left,9472,379,460,34,nan,nan,0.27
11/3/2025 18:40:18,1.17.2,PRexp,10,3.74,nan,161,Left,Left,9473,379,460,34,nan,nan,0.07
11/3/2025 18:40:19,1.17.2,PRexp,10,3.74,nan,161,Left,Left,9474,379,460,34,nan,nan,0.02
11/3/2025 18:40:21,1.17.2,PRexp,10,3.74,nan,161,Left,Left,9475,379,460,34,nan,nan,0.03
11/3/2025 18:40:23,1.17.2,PRexp,10,3.74,nan,161,Left,Left,9476,379,460,34,nan,nan,0.32
11/3/2025 18:40:26,1.17.2,PRexp,10,3.74,nan,161,Left,Left,9477,379,460,34,nan,nan,0.65
11/3/2025 18:40:30,1.17.2,PRexp,10,3.74,nan,161,Left,Left,9478,379,460,34,nan,nan,0.16
11/3/2025 18:40:30,1.17.2,PRexp,10,3.74,nan,161,Left,Left,9479,379,460,34,nan,nan,0.00
11/3/2025 18:40:33,1.17.2,PRexp,10,3.74,nan,161,Left,Left,9480,379,460,34,nan,nan,0.07
11/3/2025 18:41:27,1.17.2,PRexp,10,3.74,nan,161,Left,Left,9481,379,460,34,nan,nan,0.13
11/3/2025 18:42:11,1.17.2,PRexp,10,3.73,nan,161,Left,Left,9482,379,460,34,nan,nan,0.06
11/3/2025 18:42:12,1.17.2,PRexp,10,3.74,nan,161,Left,Left,9483,379,460,34,nan,nan,0.15
11/3/2025 18:42:14,1.17.2,PRexp,10,3.74,nan,161,Left,Left,9484,379,460,34,nan,nan,0.17
11/3/2025 18:42:49,1.17.2,PRexp,10,3.73,nan,161,Left,Left,9485,379,460,34,nan,nan,0.26
11/3/2025 18:42:54,1.17.2,PRexp,10,3.74,nan,161,Left,Left,9486,379,460,34,nan,nan,0.07
11/3/2025 18:42:56,1.17.2,PRexp,10,3.74,nan,161,Left,Left,9487,379,460,34,nan,nan,0.04
11/3/2025 18:42:57,1.17.2,PRexp,10,3.74,nan,161,Left,Left,9488,379,460,34,nan,nan,0.05
11/3/2025 18:43:01,1.17.2,PRexp,10,3.74,nan,161,Left,Left,9489,379,460,34,nan,nan,0.23
11/3/2025 18:43:02,1.17.2,PRexp,10,3.74,nan,161,Left,Left,9490,379,460,34,nan,nan,0.19
11/3/2025 18:43:05,1.17.2,PRexp,10,3.74,nan,161,Left,Left,9491,379,460,34,nan,nan,0.17
11/3/2025 18:43:06,1.17.2,PRexp,10,3.74,nan,161,Left,Left,9492,379,460,34,nan,nan,0.04
11/3/2025 18:43:08,1.17.2,PRexp,10,3.74,nan,161,Left,Left,9493,379,460,34,nan,nan,0.00
11/3/2025 18:43:40,1.17.2,PRexp,10,3.74,nan,161,Left,Left,9494,379,460,34,nan,nan,0.01
11/3/2025 18:43:42,1.17.2,PRexp,10,3.74,nan,161,Left,Left,9495,379,460,34,nan,nan,0.14
11/3/2025 18:44:41,1.17.2,PRexp,10,3.73,nan,161,LeftDuringDispense,Left,9496,379,460,35,nan,nan,0.03
11/3/2025 18:44:41,1.17.2,PRexp,10,3.74,nan,161,LeftDuringDispense,Left,9497,379,460,35,nan,nan,0.36
11/3/2025 18:45:01,1.17.2,PRexp,10,3.73,nan,161,LeftDuringDispense,Left,9498,379,460,35,nan,nan,0.14
11/3/2025 18:45:10,1.17.2,PRexp,10,3.74,nan,161,LeftDuringDispense,Left,9499,379,460,35,nan,nan,1.08
11/3/2025 18:45:10,1.17.2,PRexp,10,3.73,nan,161,LeftDuringDispense,Left,9500,379,460,35,nan,nan,0.10
11/3/2025 18:45:11,1.17.2,PRexp,10,3.74,nan,161,LeftDuringDispense,Left,9501,379,460,35,nan,nan,0.24
11/3/2025 18:45:13,1.17.2,PRexp,10,3.73,nan,161,LeftDuringDispense,Left,9502,379,460,35,nan,nan,0.02
11/3/2025 18:45:15,1.17.2,PRexp,10,3.74,nan,161,LeftDuringDispense,Left,9503,379,460,35,nan,nan,1.35
11/3/2025 18:46:11,1.17.2,PRexp,10,3.73,nan,161,LeftWithPellet,Left,9504,379,460,35,nan,nan,0.12
11/3/2025 18:46:32,1.17.2,PRexp,10,3.74,47,161,Pellet,Left,9504,379,461,35,27.47,1937,nan
11/3/2025 18:49:18,1.17.2,PRexp,10,3.74,nan,178,Left,Left,9505,379,461,35,nan,nan,0.02
11/3/2025 18:49:21,1.17.2,PRexp,10,3.74,nan,178,Left,Left,9506,379,461,35,nan,nan,0.23
11/3/2025 18:49:24,1.17.2,PRexp,10,3.74,nan,178,Left,Left,9507,379,461,35,nan,nan,0.04
11/3/2025 18:53:19,1.17.2,PRexp,10,3.74,nan,178,Left,Left,9508,379,461,35,nan,nan,0.27
11/3/2025 18:53:23,1.17.2,PRexp,10,3.74,nan,178,Left,Left,9509,379,461,35,nan,nan,0.26
11/3/2025 18:53:28,1.17.2,PRexp,10,3.73,nan,178,Left,Left,9510,379,461,35,nan,nan,0.07
11/3/2025 19:06:36,1.17.2,PRexp,10,3.74,nan,178,Left,Left,9511,379,461,35,nan,nan,0.25
11/3/2025 19:06:44,1.17.2,PRexp,10,3.74,nan,178,Left,Left,9512,379,461,35,nan,nan,2.35
11/3/2025 19:06:49,1.17.2,PRexp,10,3.74,nan,178,Left,Left,9513,379,461,35,nan,nan,2.68
11/3/2025 19:06:56,1.17.2,PRexp,10,3.74,nan,178,Left,Left,9514,379,461,35,nan,nan,1.51
11/3/2025 19:06:59,1.17.2,PRexp,10,3.74,nan,178,Left,Left,9515,379,461,35,nan,nan,0.84
11/3/2025 19:07:01,1.17.2,PRexp,10,3.74,nan,178,Left,Left,9516,379,461,35,nan,nan,0.98
11/3/2025 19:07:04,1.17.2,PRexp,10,3.73,nan,178,Left,Left,9517,379,461,35,nan,nan,1.13
11/3/2025 19:07:08,1.17.2,PRexp,10,3.73,nan,178,Left,Left,9518,379,461,35,nan,nan,0.11
11/3/2025 19:07:12,1.17.2,PRexp,10,3.74,nan,178,Left,Left,9519,379,461,35,nan,nan,1.30
11/3/2025 19:07:15,1.17.2,PRexp,10,3.73,nan,178,Left,Left,9520,379,461,35,nan,nan,0.53
11/3/2025 19:07:16,1.17.2,PRexp,10,3.74,nan,178,Left,Left,9521,379,461,35,nan,nan,0.29
11/3/2025 19:07:18,1.17.2,PRexp,10,3.74,nan,178,Left,Left,9522,379,461,35,nan,nan,0.75
11/3/2025 19:07:21,1.17.2,PRexp,10,3.74,nan,178,Left,Left,9523,379,461,35,nan,nan,1.12
11/3/2025 19:07:23,1.17.2,PRexp,10,3.73,nan,178,Left,Left,9524,379,461,35,nan,nan,0.53
11/3/2025 19:07:27,1.17.2,PRexp,10,3.73,nan,178,Left,Left,9525,379,461,35,nan,nan,1.70
11/3/2025 19:07:31,1.17.2,PRexp,10,3.74,nan,178,Left,Left,9526,379,461,35,nan,nan,0.83
11/3/2025 19:07:48,1.17.2,PRexp,10,3.73,nan,178,Left,Left,9527,379,461,35,nan,nan,0.13
11/3/2025 19:07:53,1.17.2,PRexp,10,3.74,nan,178,Left,Left,9528,379,461,35,nan,nan,1.49
11/3/2025 19:08:06,1.17.2,PRexp,10,3.73,nan,178,Left,Left,9529,379,461,35,nan,nan,0.11
11/3/2025 19:08:48,1.17.2,PRexp,10,3.74,nan,178,Left,Left,9530,379,461,35,nan,nan,0.04
11/3/2025 19:08:52,1.17.2,PRexp,10,3.73,nan,178,Left,Left,9531,379,461,35,nan,nan,0.13
11/3/2025 19:09:00,1.17.2,PRexp,10,3.73,nan,178,Left,Left,9532,379,461,35,nan,nan,0.09
11/3/2025 19:09:14,1.17.2,PRexp,10,3.74,nan,178,Left,Left,9533,379,461,35,nan,nan,0.16
11/3/2025 19:10:17,1.17.2,PRexp,10,3.73,nan,178,Left,Left,9534,379,461,35,nan,nan,0.13
11/3/2025 19:10:42,1.17.2,PRexp,10,3.74,nan,178,Left,Left,9535,379,461,35,nan,nan,0.21
11/3/2025 19:10:44,1.17.2,PRexp,10,3.73,nan,178,Left,Left,9536,379,461,35,nan,nan,0.26
11/3/2025 19:10:46,1.17.2,PRexp,10,3.74,nan,178,Left,Left,9537,379,461,35,nan,nan,0.20
11/3/2025 19:11:21,1.17.2,PRexp,10,3.74,nan,178,Left,Left,9538,379,461,35,nan,nan,0.05
11/3/2025 19:12:17,1.17.2,PRexp,10,3.73,nan,178,Left,Left,9539,379,461,35,nan,nan,0.28
11/3/2025 19:12:20,1.17.2,PRexp,10,3.73,nan,178,Left,Left,9540,379,461,35,nan,nan,0.50
11/3/2025 19:13:39,1.17.2,PRexp,10,3.73,nan,178,Left,Left,9541,379,461,35,nan,nan,0.10
11/3/2025 19:13:41,1.17.2,PRexp,10,3.74,nan,178,Left,Left,9542,379,461,35,nan,nan,0.02
11/3/2025 19:13:42,1.17.2,PRexp,10,3.74,nan,178,Left,Left,9543,379,461,35,nan,nan,0.02
11/3/2025 19:13:43,1.17.2,PRexp,10,3.74,nan,178,Left,Left,9544,379,461,35,nan,nan,0.01
11/3/2025 19:13:44,1.17.2,PRexp,10,3.74,nan,178,Left,Left,9545,379,461,35,nan,nan,0.16
11/3/2025 19:13:47,1.17.2,PRexp,10,3.74,nan,178,Left,Left,9546,379,461,35,nan,nan,0.32
11/3/2025 19:13:51,1.17.2,PRexp,10,3.73,nan,178,Left,Left,9547,379,461,35,nan,nan,0.80
11/3/2025 19:13:55,1.17.2,PRexp,10,3.74,nan,178,Left,Left,9548,379,461,35,nan,nan,0.22
11/3/2025 19:13:56,1.17.2,PRexp,10,3.73,nan,178,Left,Left,9549,379,461,35,nan,nan,0.18
11/3/2025 19:13:58,1.17.2,PRexp,10,3.74,nan,178,Left,Left,9550,379,461,35,nan,nan,0.52
11/3/2025 19:15:11,1.17.2,PRexp,10,3.73,nan,178,Left,Left,9551,379,461,35,nan,nan,0.11
11/3/2025 19:15:12,1.17.2,PRexp,10,3.74,nan,178,Left,Left,9552,379,461,35,nan,nan,0.00
11/3/2025 19:15:15,1.17.2,PRexp,10,3.73,nan,178,Left,Left,9553,379,461,35,nan,nan,0.07
11/3/2025 19:15:16,1.17.2,PRexp,10,3.74,nan,178,Left,Left,9554,379,461,35,nan,nan,0.11
11/3/2025 19:15:17,1.17.2,PRexp,10,3.73,nan,178,Left,Left,9555,379,461,35,nan,nan,0.05
11/3/2025 19:15:30,1.17.2,PRexp,10,3.74,nan,178,Left,Left,9556,379,461,35,nan,nan,0.00
11/3/2025 19:15:36,1.17.2,PRexp,10,3.73,nan,178,Left,Left,9557,379,461,35,nan,nan,0.12
11/3/2025 19:15:39,1.17.2,PRexp,10,3.74,nan,178,Left,Left,9558,379,461,35,nan,nan,0.01
11/3/2025 19:15:43,1.17.2,PRexp,10,3.73,nan,178,Left,Left,9559,379,461,35,nan,nan,1.13
11/3/2025 19:15:45,1.17.2,PRexp,10,3.74,nan,178,Left,Left,9560,379,461,35,nan,nan,1.22
11/3/2025 19:15:47,1.17.2,PRexp,10,3.74,nan,178,Left,Left,9561,379,461,35,nan,nan,0.04
11/3/2025 19:15:48,1.17.2,PRexp,10,3.73,nan,178,Left,Left,9562,379,461,35,nan,nan,0.00
11/3/2025 19:15:51,1.17.2,PRexp,10,3.74,nan,178,Left,Left,9563,379,461,35,nan,nan,0.40
11/3/2025 19:15:55,1.17.2,PRexp,10,3.74,nan,178,Left,Left,9564,379,461,35,nan,nan,0.18
11/3/2025 19:15:58,1.17.2,PRexp,10,3.74,nan,178,Left,Left,9565,379,461,35,nan,nan,0.59
11/3/2025 19:15:59,1.17.2,PRexp,10,3.73,nan,178,Left,Left,9566,379,461,35,nan,nan,0.16
11/3/2025 19:16:02,1.17.2,PRexp,10,3.74,nan,178,Left,Left,9567,379,461,35,nan,nan,0.53
11/3/2025 19:16:19,1.17.2,PRexp,10,3.74,nan,178,Left,Left,9568,379,461,35,nan,nan,0.12
11/3/2025 19:16:27,1.17.2,PRexp,10,3.73,nan,178,Left,Left,9569,379,461,35,nan,nan,0.17
11/3/2025 19:17:22,1.17.2,PRexp,10,3.74,nan,178,Left,Left,9570,379,461,35,nan,nan,0.04
11/3/2025 19:17:24,1.17.2,PRexp,10,3.74,nan,178,Left,Left,9571,379,461,35,nan,nan,0.17
11/3/2025 19:17:28,1.17.2,PRexp,10,3.73,nan,178,Left,Left,9572,379,461,35,nan,nan,0.12
11/3/2025 19:17:29,1.17.2,PRexp,10,3.74,nan,178,Left,Left,9573,379,461,35,nan,nan,0.43
11/3/2025 19:17:51,1.17.2,PRexp,10,3.74,nan,178,Left,Left,9574,379,461,35,nan,nan,0.40
11/3/2025 19:17:55,1.17.2,PRexp,10,3.74,nan,178,Left,Left,9575,379,461,35,nan,nan,0.07
11/3/2025 19:18:00,1.17.2,PRexp,10,3.74,nan,178,Left,Left,9576,379,461,35,nan,nan,0.29
11/3/2025 19:18:37,1.17.2,PRexp,10,3.73,nan,178,Left,Left,9577,379,461,35,nan,nan,0.10
11/3/2025 19:18:41,1.17.2,PRexp,10,3.73,nan,178,Left,Left,9578,379,461,35,nan,nan,0.04
11/3/2025 19:19:16,1.17.2,PRexp,10,3.73,nan,178,Left,Left,9579,379,461,35,nan,nan,0.38
11/3/2025 19:19:19,1.17.2,PRexp,10,3.74,nan,178,Left,Left,9580,379,461,35,nan,nan,0.07
11/3/2025 19:19:30,1.17.2,PRexp,10,3.74,nan,178,Left,Left,9581,379,461,35,nan,nan,0.85
11/3/2025 19:19:33,1.17.2,PRexp,10,3.73,nan,178,Left,Left,9582,379,461,35,nan,nan,0.41
11/3/2025 19:22:03,1.17.2,PRexp,10,3.74,nan,178,Left,Left,9583,379,461,35,nan,nan,0.03
11/3/2025 19:22:09,1.17.2,PRexp,10,3.74,nan,178,Left,Left,9584,379,461,35,nan,nan,0.04
11/3/2025 19:24:23,1.17.2,PRexp,10,3.73,nan,178,Left,Left,9585,379,461,35,nan,nan,0.20
11/3/2025 19:25:55,1.17.2,PRexp,10,3.74,nan,178,Left,Left,9586,379,461,35,nan,nan,0.58
11/3/2025 19:25:56,1.17.2,PRexp,10,3.74,nan,178,Left,Left,9587,379,461,35,nan,nan,0.19
11/3/2025 19:26:06,1.17.2,PRexp,10,3.74,nan,178,Left,Left,9588,379,461,35,nan,nan,0.71
11/3/2025 19:26:15,1.17.2,PRexp,10,3.74,nan,178,Left,Left,9589,379,461,35,nan,nan,1.04
11/3/2025 19:27:58,1.17.2,PRexp,10,3.74,nan,178,Left,Left,9590,379,461,35,nan,nan,0.04
11/3/2025 19:28:02,1.17.2,PRexp,10,3.73,nan,178,Left,Left,9591,379,461,35,nan,nan,0.26
11/3/2025 19:28:05,1.17.2,PRexp,10,3.74,nan,178,Left,Left,9592,379,461,35,nan,nan,0.27
11/3/2025 19:28:06,1.17.2,PRexp,10,3.74,nan,178,Left,Left,9593,379,461,35,nan,nan,0.30
11/3/2025 19:28:17,1.17.2,PRexp,10,3.74,nan,178,Left,Left,9594,379,461,35,nan,nan,0.40
11/3/2025 19:31:02,1.17.2,PRexp,10,3.73,nan,178,Left,Left,9595,379,461,35,nan,nan,0.19
11/3/2025 19:31:04,1.17.2,PRexp,10,3.73,nan,178,Left,Left,9596,379,461,35,nan,nan,0.24
11/3/2025 19:33:17,1.17.2,PRexp,10,3.73,nan,178,Left,Left,9597,379,461,35,nan,nan,0.02
11/3/2025 19:33:19,1.17.2,PRexp,10,3.74,nan,178,Left,Left,9598,379,461,35,nan,nan,0.14
11/3/2025 19:33:22,1.17.2,PRexp,10,3.74,nan,178,Left,Left,9599,379,461,35,nan,nan,0.34
11/3/2025 19:35:47,1.17.2,PRexp,10,3.73,nan,178,Left,Left,9600,379,461,35,nan,nan,0.29
11/3/2025 19:35:50,1.17.2,PRexp,10,3.74,nan,178,Left,Left,9601,379,461,35,nan,nan,0.15
11/3/2025 19:35:56,1.17.2,PRexp,10,3.74,nan,178,Left,Left,9602,379,461,35,nan,nan,0.28
11/3/2025 19:36:22,1.17.2,PRexp,10,3.74,nan,178,Left,Left,9603,379,461,35,nan,nan,0.46
11/3/2025 19:36:37,1.17.2,PRexp,10,3.74,nan,178,Left,Left,9604,379,461,35,nan,nan,0.31
11/3/2025 19:36:44,1.17.2,PRexp,10,3.74,nan,178,Left,Left,9605,379,461,35,nan,nan,0.28
11/3/2025 19:36:50,1.17.2,PRexp,10,3.73,nan,178,Left,Left,9606,379,461,35,nan,nan,0.24
11/3/2025 19:36:52,1.17.2,PRexp,10,3.73,nan,178,Left,Left,9607,379,461,35,nan,nan,0.06
11/3/2025 19:37:19,1.17.2,PRexp,10,3.74,nan,178,Left,Left,9608,379,461,35,nan,nan,0.35
11/3/2025 19:37:40,1.17.2,PRexp,10,3.74,nan,178,Left,Left,9609,379,461,35,nan,nan,0.14
11/3/2025 19:37:44,1.17.2,PRexp,10,3.73,nan,178,Left,Left,9610,379,461,35,nan,nan,0.03
11/3/2025 19:37:46,1.17.2,PRexp,10,3.73,nan,178,Left,Left,9611,379,461,35,nan,nan,0.62
11/3/2025 19:37:49,1.17.2,PRexp,10,3.73,nan,178,Left,Left,9612,379,461,35,nan,nan,0.26
11/3/2025 19:37:54,1.17.2,PRexp,10,3.73,nan,178,Left,Left,9613,379,461,35,nan,nan,0.02
11/3/2025 19:37:55,1.17.2,PRexp,10,3.73,nan,178,Left,Left,9614,379,461,35,nan,nan,0.05
11/3/2025 19:37:59,1.17.2,PRexp,10,3.74,nan,178,Left,Left,9615,379,461,35,nan,nan,0.04
11/3/2025 19:38:00,1.17.2,PRexp,10,3.74,nan,178,Left,Left,9616,379,461,35,nan,nan,0.02
11/3/2025 19:38:06,1.17.2,PRexp,10,3.73,nan,178,Left,Left,9617,379,461,35,nan,nan,0.01
11/3/2025 19:38:10,1.17.2,PRexp,10,3.73,nan,178,Left,Left,9618,379,461,35,nan,nan,0.09
11/3/2025 19:38:31,1.17.2,PRexp,10,3.74,nan,178,Left,Left,9619,379,461,35,nan,nan,0.13
11/3/2025 19:42:48,1.17.2,PRexp,10,3.73,nan,178,Left,Left,9620,379,461,35,nan,nan,0.28
11/3/2025 19:42:49,1.17.2,PRexp,10,3.74,nan,178,Left,Left,9621,379,461,35,nan,nan,0.14
11/3/2025 19:42:54,1.17.2,PRexp,10,3.73,nan,178,Left,Left,9622,379,461,35,nan,nan,0.13
11/3/2025 19:42:56,1.17.2,PRexp,10,3.74,nan,178,Left,Left,9623,379,461,35,nan,nan,0.29
11/3/2025 19:42:57,1.17.2,PRexp,10,3.73,nan,178,Left,Left,9624,379,461,35,nan,nan,0.00
11/3/2025 19:43:04,1.17.2,PRexp,10,3.74,nan,178,Left,Left,9625,379,461,35,nan,nan,0.10
11/3/2025 19:43:11,1.17.2,PRexp,10,3.73,nan,178,Left,Left,9626,379,461,35,nan,nan,0.00
11/3/2025 19:43:14,1.17.2,PRexp,10,3.73,nan,178,Left,Left,9627,379,461,35,nan,nan,0.77
11/3/2025 19:43:17,1.17.2,PRexp,10,3.74,nan,178,Left,Left,9628,379,461,35,nan,nan,0.02
11/3/2025 19:43:18,1.17.2,PRexp,10,3.74,nan,178,Left,Left,9629,379,461,35,nan,nan,0.00
11/3/2025 19:43:21,1.17.2,PRexp,10,3.73,nan,178,Left,Left,9630,379,461,35,nan,nan,0.04
11/3/2025 19:43:47,1.17.2,PRexp,10,3.74,nan,178,Left,Left,9631,379,461,35,nan,nan,0.18
11/3/2025 19:43:52,1.17.2,PRexp,10,3.74,nan,178,Left,Left,9632,379,461,35,nan,nan,0.11
11/3/2025 19:44:27,1.17.2,PRexp,10,3.74,nan,178,Left,Left,9633,379,461,35,nan,nan,0.31
11/3/2025 19:44:28,1.17.2,PRexp,10,3.74,nan,178,Left,Left,9634,379,461,35,nan,nan,0.18
11/3/2025 19:44:31,1.17.2,PRexp,10,3.73,nan,178,Left,Left,9635,379,461,35,nan,nan,0.09
11/3/2025 19:44:37,1.17.2,PRexp,10,3.74,nan,178,Left,Left,9636,379,461,35,nan,nan,0.25
11/3/2025 19:44:40,1.17.2,PRexp,10,3.74,nan,178,Left,Left,9637,379,461,35,nan,nan,0.30
11/3/2025 19:44:46,1.17.2,PRexp,10,3.73,nan,178,Left,Left,9638,379,461,35,nan,nan,0.28
11/3/2025 19:44:48,1.17.2,PRexp,10,3.74,nan,178,Left,Left,9639,379,461,35,nan,nan,0.02
11/3/2025 19:44:50,1.17.2,PRexp,10,3.73,nan,178,Left,Left,9640,379,461,35,nan,nan,0.00
11/3/2025 19:44:54,1.17.2,PRexp,10,3.73,nan,178,Left,Left,9641,379,461,35,nan,nan,0.18
11/3/2025 19:44:59,1.17.2,PRexp,10,3.74,nan,178,Left,Left,9642,379,461,35,nan,nan,0.05
11/3/2025 19:45:03,1.17.2,PRexp,10,3.73,nan,178,Left,Left,9643,379,461,35,nan,nan,1.06
11/3/2025 19:45:07,1.17.2,PRexp,10,3.73,nan,178,Left,Left,9644,379,461,35,nan,nan,1.07
11/3/2025 19:45:14,1.17.2,PRexp,10,3.73,nan,178,Left,Left,9645,379,461,35,nan,nan,0.00
11/3/2025 19:45:17,1.17.2,PRexp,10,3.74,nan,178,Left,Left,9646,379,461,35,nan,nan,0.12
11/3/2025 19:45:22,1.17.2,PRexp,10,3.73,nan,178,Left,Left,9647,379,461,35,nan,nan,0.15
11/3/2025 19:45:24,1.17.2,PRexp,10,3.73,nan,178,Left,Left,9648,379,461,35,nan,nan,0.20
11/3/2025 19:45:30,1.17.2,PRexp,10,3.73,nan,178,Right,Left,9648,380,461,35,nan,nan,0.20
11/3/2025 19:45:40,1.17.2,PRexp,10,3.73,nan,178,Left,Left,9649,380,461,35,nan,nan,0.01
11/3/2025 19:45:43,1.17.2,PRexp,10,3.73,nan,178,Left,Left,9650,380,461,35,nan,nan,0.16
11/3/2025 19:45:45,1.17.2,PRexp,10,3.73,nan,178,Left,Left,9651,380,461,35,nan,nan,0.34
11/3/2025 19:45:53,1.17.2,PRexp,10,3.74,nan,178,Left,Left,9652,380,461,35,nan,nan,0.16
11/3/2025 19:45:56,1.17.2,PRexp,10,3.73,nan,178,Left,Left,9653,380,461,35,nan,nan,0.08
11/3/2025 19:46:00,1.17.2,PRexp,10,3.73,nan,178,Left,Left,9654,380,461,35,nan,nan,0.13
11/3/2025 19:46:14,1.17.2,PRexp,10,3.73,nan,178,Left,Left,9655,380,461,35,nan,nan,0.16
11/3/2025 19:46:15,1.17.2,PRexp,10,3.74,nan,178,Left,Left,9656,380,461,35,nan,nan,0.03
11/3/2025 19:46:16,1.17.2,PRexp,10,3.74,nan,178,Left,Left,9657,380,461,35,nan,nan,0.12
11/3/2025 19:46:18,1.17.2,PRexp,10,3.73,nan,178,Left,Left,9658,380,461,35,nan,nan,0.27
11/3/2025 19:46:22,1.17.2,PRexp,10,3.73,nan,178,Left,Left,9659,380,461,35,nan,nan,0.12
11/3/2025 19:46:32,1.17.2,PRexp,10,3.73,nan,178,Left,Left,9660,380,461,35,nan,nan,0.10
11/3/2025 19:46:55,1.17.2,PRexp,10,3.73,nan,178,Left,Left,9661,380,461,35,nan,nan,0.14
11/3/2025 19:47:01,1.17.2,PRexp,10,3.73,nan,178,Left,Left,9662,380,461,35,nan,nan,0.00
11/3/2025 19:47:04,1.17.2,PRexp,10,3.74,nan,178,Left,Left,9663,380,461,35,nan,nan,0.35
11/3/2025 19:47:05,1.17.2,PRexp,10,3.73,nan,178,Left,Left,9664,380,461,35,nan,nan,0.00
11/3/2025 19:47:12,1.17.2,PRexp,10,3.74,nan,178,Left,Left,9665,380,461,35,nan,nan,0.10
11/3/2025 19:47:13,1.17.2,PRexp,10,3.73,nan,178,Left,Left,9666,380,461,35,nan,nan,0.15
11/3/2025 19:47:16,1.17.2,PRexp,10,3.74,nan,178,Left,Left,9667,380,461,35,nan,nan,0.16
11/3/2025 19:47:18,1.17.2,PRexp,10,3.74,nan,178,Left,Left,9668,380,461,35,nan,nan,1.14
11/3/2025 19:47:22,1.17.2,PRexp,10,3.74,nan,178,Left,Left,9669,380,461,35,nan,nan,0.04
11/3/2025 19:47:27,1.17.2,PRexp,10,3.74,nan,178,Left,Left,9670,380,461,35,nan,nan,0.25
11/3/2025 19:47:33,1.17.2,PRexp,10,3.74,nan,178,Left,Left,9671,380,461,35,nan,nan,0.04
11/3/2025 19:47:39,1.17.2,PRexp,10,3.74,nan,178,Left,Left,9672,380,461,35,nan,nan,0.04
11/3/2025 19:47:47,1.17.2,PRexp,10,3.74,nan,178,Left,Left,9673,380,461,35,nan,nan,0.02
11/3/2025 19:47:53,1.17.2,PRexp,10,3.73,nan,178,Left,Left,9674,380,461,35,nan,nan,0.03
11/3/2025 19:47:59,1.17.2,PRexp,10,3.74,nan,178,Left,Left,9675,380,461,35,nan,nan,0.42
11/3/2025 19:48:00,1.17.2,PRexp,10,3.73,nan,178,Left,Left,9676,380,461,35,nan,nan,0.02
11/3/2025 19:48:04,1.17.2,PRexp,10,3.74,nan,178,Left,Left,9677,380,461,35,nan,nan,0.51
11/3/2025 19:48:08,1.17.2,PRexp,10,3.74,nan,178,Left,Left,9678,380,461,35,nan,nan,0.18
11/3/2025 19:48:10,1.17.2,PRexp,10,3.74,nan,178,Left,Left,9679,380,461,35,nan,nan,0.50
11/3/2025 19:48:13,1.17.2,PRexp,10,3.73,nan,178,Left,Left,9680,380,461,35,nan,nan,0.20
11/3/2025 19:48:38,1.17.2,PRexp,10,3.74,nan,178,Right,Left,9680,381,461,35,nan,nan,0.02
11/3/2025 19:48:41,1.17.2,PRexp,10,3.74,nan,178,Left,Left,9681,381,461,35,nan,nan,0.07
11/3/2025 19:48:41,1.17.2,PRexp,10,3.73,nan,178,Left,Left,9682,381,461,35,nan,nan,0.00
11/3/2025 19:49:14,1.17.2,PRexp,10,3.74,nan,178,LeftDuringDispense,Left,9683,381,461,36,nan,nan,0.14
11/3/2025 19:49:29,1.17.2,PRexp,10,3.73,nan,178,RightDuringDispense,Left,9683,382,461,36,nan,nan,0.23
11/3/2025 19:49:33,1.17.2,PRexp,10,3.73,nan,178,RightDuringDispense,Left,9683,383,461,36,nan,nan,0.12
11/3/2025 19:49:41,1.17.2,PRexp,10,3.73,21,178,Pellet,Left,9683,383,462,36,0.94,3789,nan
11/3/2025 19:51:46,1.17.2,PRexp,10,3.73,nan,197,Left,Left,9684,383,462,36,nan,nan,0.01
11/3/2025 19:51:48,1.17.2,PRexp,10,3.74,nan,197,Left,Left,9685,383,462,36,nan,nan,0.12
11/3/2025 19:51:48,1.17.2,PRexp,10,3.73,nan,197,Left,Left,9686,383,462,36,nan,nan,0.11
11/3/2025 19:51:49,1.17.2,PRexp,10,3.73,nan,197,Left,Left,9687,383,462,36,nan,nan,0.18
11/3/2025 19:51:53,1.17.2,PRexp,10,3.73,nan,197,Left,Left,9688,383,462,36,nan,nan,0.03
11/3/2025 19:51:53,1.17.2,PRexp,10,3.73,nan,197,Left,Left,9689,383,462,36,nan,nan,0.07
11/3/2025 19:51:56,1.17.2,PRexp,10,3.73,nan,197,Left,Left,9690,383,462,36,nan,nan,0.03
11/3/2025 19:52:01,1.17.2,PRexp,10,3.73,nan,197,Left,Left,9691,383,462,36,nan,nan,0.02
11/3/2025 19:52:08,1.17.2,PRexp,10,3.73,nan,197,Right,Left,9691,384,462,36,nan,nan,0.34
11/3/2025 19:52:13,1.17.2,PRexp,10,3.74,nan,197,Left,Left,9692,384,462,36,nan,nan,0.04
11/3/2025 19:52:15,1.17.2,PRexp,10,3.73,nan,197,Left,Left,9693,384,462,36,nan,nan,0.01
11/3/2025 19:52:29,1.17.2,PRexp,10,3.73,nan,197,Right,Left,9693,385,462,36,nan,nan,0.16
11/3/2025 19:53:47,1.17.2,PRexp,10,3.73,nan,197,Left,Left,9694,385,462,36,nan,nan,0.00
11/3/2025 19:53:47,1.17.2,PRexp,10,3.74,nan,197,Left,Left,9695,385,462,36,nan,nan,0.19
11/3/2025 19:54:24,1.17.2,PRexp,10,3.73,nan,197,Left,Left,9696,385,462,36,nan,nan,0.05
11/3/2025 19:54:28,1.17.2,PRexp,10,3.73,nan,197,Left,Left,9697,385,462,36,nan,nan,0.04
11/3/2025 19:54:31,1.17.2,PRexp,10,3.74,nan,197,Left,Left,9698,385,462,36,nan,nan,0.43
11/3/2025 19:54:31,1.17.2,PRexp,10,3.73,nan,197,Left,Left,9699,385,462,36,nan,nan,0.01
11/3/2025 19:54:35,1.17.2,PRexp,10,3.73,nan,197,Left,Left,9700,385,462,36,nan,nan,0.04
11/3/2025 19:54:37,1.17.2,PRexp,10,3.73,nan,197,Left,Left,9701,385,462,36,nan,nan,0.03
11/3/2025 19:54:40,1.17.2,PRexp,10,3.73,nan,197,Left,Left,9702,385,462,36,nan,nan,0.29
11/3/2025 19:54:44,1.17.2,PRexp,10,3.74,nan,197,Left,Left,9703,385,462,36,nan,nan,0.09
11/3/2025 19:54:45,1.17.2,PRexp,10,3.74,nan,197,Left,Left,9704,385,462,36,nan,nan,0.14
11/3/2025 19:55:16,1.17.2,PRexp,10,3.73,nan,197,Left,Left,9705,385,462,36,nan,nan,0.07
11/3/2025 19:55:48,1.17.2,PRexp,10,3.73,nan,197,Left,Left,9706,385,462,36,nan,nan,0.07
11/3/2025 19:55:51,1.17.2,PRexp,10,3.74,nan,197,Left,Left,9707,385,462,36,nan,nan,0.12
11/3/2025 19:55:52,1.17.2,PRexp,10,3.74,nan,197,Left,Left,9708,385,462,36,nan,nan,0.04
11/3/2025 19:55:58,1.17.2,PRexp,10,3.73,nan,197,Left,Left,9709,385,462,36,nan,nan,0.35
11/3/2025 19:56:00,1.17.2,PRexp,10,3.74,nan,197,Left,Left,9710,385,462,36,nan,nan,0.01
11/3/2025 19:56:04,1.17.2,PRexp,10,3.74,nan,197,Left,Left,9711,385,462,36,nan,nan,1.14
11/3/2025 19:56:07,1.17.2,PRexp,10,3.73,nan,197,Left,Left,9712,385,462,36,nan,nan,0.35
11/3/2025 19:56:11,1.17.2,PRexp,10,3.73,nan,197,Left,Left,9713,385,462,36,nan,nan,0.14
11/3/2025 19:56:15,1.17.2,PRexp,10,3.73,nan,197,Left,Left,9714,385,462,36,nan,nan,0.27
11/3/2025 19:56:18,1.17.2,PRexp,10,3.73,nan,197,Left,Left,9715,385,462,36,nan,nan,0.01
11/3/2025 19:56:20,1.17.2,PRexp,10,3.74,nan,197,Left,Left,9716,385,462,36,nan,nan,0.21
11/3/2025 19:56:28,1.17.2,PRexp,10,3.73,nan,197,Right,Left,9716,386,462,36,nan,nan,0.13
11/3/2025 19:56:29,1.17.2,PRexp,10,3.73,nan,197,Left,Left,9717,386,462,36,nan,nan,0.10
11/3/2025 19:56:30,1.17.2,PRexp,10,3.74,nan,197,Left,Left,9718,386,462,36,nan,nan,0.01
11/3/2025 19:56:32,1.17.2,PRexp,10,3.74,nan,197,Left,Left,9719,386,462,36,nan,nan,0.04
11/3/2025 19:56:34,1.17.2,PRexp,10,3.73,nan,197,Left,Left,9720,386,462,36,nan,nan,0.01
11/3/2025 19:56:35,1.17.2,PRexp,10,3.73,nan,197,Left,Left,9721,386,462,36,nan,nan,0.03
11/3/2025 19:56:38,1.17.2,PRexp,10,3.74,nan,197,Left,Left,9722,386,462,36,nan,nan,0.12
11/3/2025 19:56:39,1.17.2,PRexp,10,3.73,nan,197,Left,Left,9723,386,462,36,nan,nan,0.16
11/3/2025 19:57:21,1.17.2,PRexp,10,3.73,nan,197,Left,Left,9724,386,462,36,nan,nan,0.03
11/3/2025 19:57:26,1.17.2,PRexp,10,3.74,nan,197,Left,Left,9725,386,462,36,nan,nan,0.04
11/3/2025 19:57:35,1.17.2,PRexp,10,3.73,nan,197,Left,Left,9726,386,462,36,nan,nan,0.90
11/3/2025 19:57:38,1.17.2,PRexp,10,3.73,nan,197,Left,Left,9727,386,462,36,nan,nan,0.29
11/3/2025 19:57:42,1.17.2,PRexp,10,3.73,nan,197,Left,Left,9728,386,462,36,nan,nan,0.11
11/3/2025 19:57:45,1.17.2,PRexp,10,3.73,nan,197,Left,Left,9729,386,462,36,nan,nan,0.10
11/3/2025 19:57:47,1.17.2,PRexp,10,3.73,nan,197,Left,Left,9730,386,462,36,nan,nan,0.02
11/3/2025 19:57:48,1.17.2,PRexp,10,3.73,nan,197,Left,Left,9731,386,462,36,nan,nan,0.12
11/3/2025 19:58:44,1.17.2,PRexp,10,3.73,nan,197,Left,Left,9732,386,462,36,nan,nan,0.19
11/3/2025 19:58:47,1.17.2,PRexp,10,3.74,nan,197,Left,Left,9733,386,462,36,nan,nan,0.09
11/3/2025 19:59:18,1.17.2,PRexp,10,3.74,nan,197,Left,Left,9734,386,462,36,nan,nan,0.15
11/3/2025 19:59:20,1.17.2,PRexp,10,3.74,nan,197,Left,Left,9735,386,462,36,nan,nan,0.15
11/3/2025 19:59:43,1.17.2,PRexp,10,3.73,nan,197,Left,Left,9736,386,462,36,nan,nan,0.11
11/3/2025 19:59:45,1.17.2,PRexp,10,3.73,nan,197,Left,Left,9737,386,462,36,nan,nan,0.07
11/3/2025 20:00:27,1.17.2,PRexp,10,3.74,nan,197,Left,Left,9738,386,462,36,nan,nan,0.13
11/3/2025 20:00:32,1.17.2,PRexp,10,3.74,nan,197,Right,Left,9738,387,462,36,nan,nan,0.34
11/3/2025 20:00:56,1.17.2,PRexp,10,3.74,nan,197,Left,Left,9739,387,462,36,nan,nan,0.12
11/3/2025 20:01:00,1.17.2,PRexp,10,3.73,nan,197,Left,Left,9740,387,462,36,nan,nan,0.02
11/3/2025 20:01:04,1.17.2,PRexp,10,3.74,nan,197,Left,Left,9741,387,462,36,nan,nan,0.09
11/3/2025 20:01:08,1.17.2,PRexp,10,3.74,nan,197,Left,Left,9742,387,462,36,nan,nan,0.02
11/3/2025 20:01:10,1.17.2,PRexp,10,3.73,nan,197,Left,Left,9743,387,462,36,nan,nan,0.16
11/3/2025 20:01:14,1.17.2,PRexp,10,3.74,nan,197,Left,Left,9744,387,462,36,nan,nan,0.20
11/3/2025 20:01:18,1.17.2,PRexp,10,3.73,nan,197,Left,Left,9745,387,462,36,nan,nan,0.01
11/3/2025 20:01:19,1.17.2,PRexp,10,3.73,nan,197,Left,Left,9746,387,462,36,nan,nan,0.09
11/3/2025 20:01:54,1.17.2,PRexp,10,3.73,nan,197,Left,Left,9747,387,462,36,nan,nan,0.04
11/3/2025 20:01:56,1.17.2,PRexp,10,3.73,nan,197,Left,Left,9748,387,462,36,nan,nan,0.03
11/3/2025 20:01:58,1.17.2,PRexp,10,3.74,nan,197,Left,Left,9749,387,462,36,nan,nan,0.12
11/3/2025 20:02:02,1.17.2,PRexp,10,3.73,nan,197,Left,Left,9750,387,462,36,nan,nan,0.10
11/3/2025 20:02:04,1.17.2,PRexp,10,3.73,nan,197,Left,Left,9751,387,462,36,nan,nan,0.02
11/3/2025 20:02:38,1.17.2,PRexp,10,3.73,nan,197,Left,Left,9752,387,462,36,nan,nan,0.01
11/3/2025 20:03:21,1.17.2,PRexp,10,3.73,nan,197,Left,Left,9753,387,462,36,nan,nan,0.12
11/3/2025 20:03:23,1.17.2,PRexp,10,3.73,nan,197,Left,Left,9754,387,462,36,nan,nan,0.28
11/3/2025 20:03:24,1.17.2,PRexp,10,3.74,nan,197,Left,Left,9755,387,462,36,nan,nan,0.00
11/3/2025 20:03:25,1.17.2,PRexp,10,3.74,nan,197,Left,Left,9756,387,462,36,nan,nan,0.13
11/3/2025 20:03:32,1.17.2,PRexp,10,3.73,nan,197,Left,Left,9757,387,462,36,nan,nan,0.19
11/3/2025 20:03:52,1.17.2,PRexp,10,3.74,nan,197,Left,Left,9758,387,462,36,nan,nan,0.03
11/3/2025 20:03:57,1.17.2,PRexp,10,3.73,nan,197,Left,Left,9759,387,462,36,nan,nan,0.11
11/3/2025 20:04:48,1.17.2,PRexp,10,3.73,nan,197,Right,Left,9759,388,462,36,nan,nan,0.15
11/3/2025 20:04:52,1.17.2,PRexp,10,3.73,nan,197,Left,Left,9760,388,462,36,nan,nan,0.02
11/3/2025 20:07:13,1.17.2,PRexp,10,3.73,nan,197,Left,Left,9761,388,462,36,nan,nan,0.04
11/3/2025 20:07:14,1.17.2,PRexp,10,3.73,nan,197,Left,Left,9762,388,462,36,nan,nan,0.05
11/3/2025 20:07:41,1.17.2,PRexp,10,3.74,nan,197,Left,Left,9763,388,462,36,nan,nan,0.03
11/3/2025 20:07:43,1.17.2,PRexp,10,3.74,nan,197,Left,Left,9764,388,462,36,nan,nan,0.02
11/3/2025 20:07:45,1.17.2,PRexp,10,3.73,nan,197,Left,Left,9765,388,462,36,nan,nan,0.04
11/3/2025 20:07:46,1.17.2,PRexp,10,3.73,nan,197,Left,Left,9766,388,462,36,nan,nan,0.00
11/3/2025 20:07:51,1.17.2,PRexp,10,3.73,nan,197,Left,Left,9767,388,462,36,nan,nan,0.03
11/3/2025 20:07:54,1.17.2,PRexp,10,3.73,nan,197,Left,Left,9768,388,462,36,nan,nan,0.01
11/3/2025 20:07:55,1.17.2,PRexp,10,3.73,nan,197,Left,Left,9769,388,462,36,nan,nan,0.11
11/3/2025 20:07:59,1.17.2,PRexp,10,3.73,nan,197,Left,Left,9770,388,462,36,nan,nan,0.01
11/3/2025 20:08:01,1.17.2,PRexp,10,3.73,nan,197,Left,Left,9771,388,462,36,nan,nan,0.07
11/3/2025 20:08:02,1.17.2,PRexp,10,3.74,nan,197,Left,Left,9772,388,462,36,nan,nan,0.00
11/3/2025 20:08:15,1.17.2,PRexp,10,3.73,nan,197,Left,Left,9773,388,462,36,nan,nan,0.06
11/3/2025 20:08:17,1.17.2,PRexp,10,3.73,nan,197,Left,Left,9774,388,462,36,nan,nan,0.09
11/3/2025 20:08:43,1.17.2,PRexp,10,3.73,nan,197,Left,Left,9775,388,462,36,nan,nan,0.07
11/3/2025 20:08:49,1.17.2,PRexp,10,3.74,nan,197,Left,Left,9776,388,462,36,nan,nan,0.12
11/3/2025 20:08:51,1.17.2,PRexp,10,3.74,nan,197,Left,Left,9777,388,462,36,nan,nan,0.01
11/3/2025 20:08:53,1.17.2,PRexp,10,3.73,nan,197,Left,Left,9778,388,462,36,nan,nan,0.56
11/3/2025 20:09:31,1.17.2,PRexp,10,3.74,nan,197,Left,Left,9779,388,462,36,nan,nan,0.02
11/3/2025 20:09:55,1.17.2,PRexp,10,3.73,nan,197,Left,Left,9780,388,462,36,nan,nan,0.01
11/3/2025 20:10:03,1.17.2,PRexp,10,3.74,nan,197,Right,Left,9780,389,462,36,nan,nan,0.28
11/3/2025 20:10:03,1.17.2,PRexp,10,3.74,nan,197,Right,Left,9780,390,462,36,nan,nan,0.00
11/3/2025 20:10:54,1.17.2,PRexp,10,3.73,nan,197,Left,Left,9781,390,462,36,nan,nan,0.01
11/3/2025 20:10:56,1.17.2,PRexp,10,3.73,nan,197,Left,Left,9782,390,462,36,nan,nan,0.04
11/3/2025 20:11:01,1.17.2,PRexp,10,3.73,nan,197,Left,Left,9783,390,462,36,nan,nan,0.30
11/3/2025 20:11:02,1.17.2,PRexp,10,3.73,nan,197,Left,Left,9784,390,462,36,nan,nan,0.07
11/3/2025 20:11:06,1.17.2,PRexp,10,3.73,nan,197,Left,Left,9785,390,462,36,nan,nan,0.18
11/3/2025 20:11:08,1.17.2,PRexp,10,3.74,nan,197,Left,Left,9786,390,462,36,nan,nan,0.11
11/3/2025 20:11:10,1.17.2,PRexp,10,3.74,nan,197,Left,Left,9787,390,462,36,nan,nan,0.18
11/3/2025 20:11:26,1.17.2,PRexp,10,3.74,nan,197,Left,Left,9788,390,462,36,nan,nan,0.03
11/3/2025 20:11:31,1.17.2,PRexp,10,3.73,nan,197,Left,Left,9789,390,462,36,nan,nan,0.12
11/3/2025 20:11:43,1.17.2,PRexp,10,3.73,nan,197,Left,Left,9790,390,462,36,nan,nan,0.00
11/3/2025 20:12:50,1.17.2,PRexp,10,3.74,nan,197,Left,Left,9791,390,462,36,nan,nan,0.05
11/3/2025 20:13:43,1.17.2,PRexp,10,3.73,nan,197,Left,Left,9792,390,462,36,nan,nan,0.01
11/3/2025 20:13:45,1.17.2,PRexp,10,3.74,nan,197,Left,Left,9793,390,462,36,nan,nan,0.02
11/3/2025 20:13:46,1.17.2,PRexp,10,3.73,nan,197,Left,Left,9794,390,462,36,nan,nan,0.21
11/3/2025 20:13:48,1.17.2,PRexp,10,3.73,nan,197,Left,Left,9795,390,462,36,nan,nan,0.03
11/3/2025 20:13:49,1.17.2,PRexp,10,3.73,nan,197,Left,Left,9796,390,462,36,nan,nan,0.03
11/3/2025 20:13:52,1.17.2,PRexp,10,3.74,nan,197,Left,Left,9797,390,462,36,nan,nan,0.13
11/3/2025 20:14:31,1.17.2,PRexp,10,3.73,nan,197,Left,Left,9798,390,462,36,nan,nan,0.06
11/3/2025 20:16:57,1.17.2,PRexp,10,3.73,nan,197,Left,Left,9799,390,462,36,nan,nan,0.14
11/3/2025 20:18:46,1.17.2,PRexp,10,3.73,nan,197,Left,Left,9800,390,462,36,nan,nan,0.11
11/3/2025 20:18:48,1.17.2,PRexp,10,3.73,nan,197,Left,Left,9801,390,462,36,nan,nan,0.13
11/3/2025 20:18:54,1.17.2,PRexp,10,3.73,nan,197,Left,Left,9802,390,462,36,nan,nan,0.11
11/3/2025 20:19:15,1.17.2,PRexp,10,3.73,nan,197,Left,Left,9803,390,462,36,nan,nan,0.06
11/3/2025 20:19:17,1.17.2,PRexp,10,3.74,nan,197,Left,Left,9804,390,462,36,nan,nan,0.11
11/3/2025 20:19:49,1.17.2,PRexp,10,3.74,nan,197,Left,Left,9805,390,462,36,nan,nan,0.19
11/3/2025 20:19:51,1.17.2,PRexp,10,3.73,nan,197,Left,Left,9806,390,462,36,nan,nan,0.34
11/3/2025 20:20:27,1.17.2,PRexp,10,3.73,nan,197,Left,Left,9807,390,462,36,nan,nan,0.07
11/3/2025 20:20:28,1.17.2,PRexp,10,3.73,nan,197,Left,Left,9808,390,462,36,nan,nan,0.03
11/3/2025 20:20:30,1.17.2,PRexp,10,3.73,nan,197,Left,Left,9809,390,462,36,nan,nan,0.22
11/3/2025 20:20:32,1.17.2,PRexp,10,3.73,nan,197,Left,Left,9810,390,462,36,nan,nan,0.11
11/3/2025 20:20:33,1.17.2,PRexp,10,3.73,nan,197,Left,Left,9811,390,462,36,nan,nan,0.25
11/3/2025 20:21:07,1.17.2,PRexp,10,3.73,nan,197,Left,Left,9812,390,462,36,nan,nan,0.16
11/3/2025 20:21:09,1.17.2,PRexp,10,3.73,nan,197,Left,Left,9813,390,462,36,nan,nan,0.04
11/3/2025 20:21:11,1.17.2,PRexp,10,3.73,nan,197,Left,Left,9814,390,462,36,nan,nan,0.21
11/3/2025 20:21:13,1.17.2,PRexp,10,3.74,nan,197,Left,Left,9815,390,462,36,nan,nan,0.17
11/3/2025 20:21:15,1.17.2,PRexp,10,3.73,nan,197,Left,Left,9816,390,462,36,nan,nan,0.14
11/3/2025 20:21:18,1.17.2,PRexp,10,3.73,nan,197,Left,Left,9817,390,462,36,nan,nan,0.10
11/3/2025 20:21:50,1.17.2,PRexp,10,3.73,nan,197,Right,Left,9817,391,462,36,nan,nan,0.16
11/3/2025 20:21:56,1.17.2,PRexp,10,3.73,nan,197,Left,Left,9818,391,462,36,nan,nan,0.13
11/3/2025 20:21:58,1.17.2,PRexp,10,3.73,nan,197,Left,Left,9819,391,462,36,nan,nan,0.15
11/3/2025 20:21:59,1.17.2,PRexp,10,3.74,nan,197,Left,Left,9820,391,462,36,nan,nan,0.13
11/3/2025 20:22:01,1.17.2,PRexp,10,3.73,nan,197,Left,Left,9821,391,462,36,nan,nan,0.10
11/3/2025 20:22:38,1.17.2,PRexp,10,3.73,nan,197,Left,Left,9822,391,462,36,nan,nan,0.02
11/3/2025 20:22:41,1.17.2,PRexp,10,3.73,nan,197,Left,Left,9823,391,462,36,nan,nan,0.11
11/3/2025 20:22:44,1.17.2,PRexp,10,3.73,nan,197,Left,Left,9824,391,462,36,nan,nan,0.12
11/3/2025 20:22:46,1.17.2,PRexp,10,3.73,nan,197,Left,Left,9825,391,462,36,nan,nan,0.11
11/3/2025 20:22:48,1.17.2,PRexp,10,3.73,nan,197,Left,Left,9826,391,462,36,nan,nan,0.40
11/3/2025 20:22:53,1.17.2,PRexp,10,3.74,nan,197,Left,Left,9827,391,462,36,nan,nan,0.16
11/3/2025 20:23:19,1.17.2,PRexp,10,3.73,nan,197,Left,Left,9828,391,462,36,nan,nan,0.00
11/3/2025 20:23:20,1.17.2,PRexp,10,3.73,nan,197,Left,Left,9829,391,462,36,nan,nan,0.00
11/3/2025 20:23:26,1.17.2,PRexp,10,3.73,nan,197,Left,Left,9830,391,462,36,nan,nan,0.08
11/3/2025 20:23:32,1.17.2,PRexp,10,3.73,nan,197,Left,Left,9831,391,462,36,nan,nan,0.00
11/3/2025 20:25:13,1.17.2,PRexp,10,3.74,nan,197,Left,Left,9832,391,462,36,nan,nan,0.14
11/3/2025 20:25:15,1.17.2,PRexp,10,3.73,nan,197,Left,Left,9833,391,462,36,nan,nan,0.10
11/3/2025 20:25:18,1.17.2,PRexp,10,3.73,nan,197,Left,Left,9834,391,462,36,nan,nan,0.93
11/3/2025 20:25:23,1.17.2,PRexp,10,3.73,nan,197,Left,Left,9835,391,462,36,nan,nan,0.01
11/3/2025 20:25:25,1.17.2,PRexp,10,3.73,nan,197,Left,Left,9836,391,462,36,nan,nan,0.22
11/3/2025 20:26:58,1.17.2,PRexp,10,3.73,nan,197,Left,Left,9837,391,462,36,nan,nan,0.01
11/3/2025 20:27:00,1.17.2,PRexp,10,3.73,nan,197,Left,Left,9838,391,462,36,nan,nan,0.01
11/3/2025 20:27:01,1.17.2,PRexp,10,3.73,nan,197,Left,Left,9839,391,462,36,nan,nan,0.02
11/3/2025 20:27:04,1.17.2,PRexp,10,3.73,nan,197,Left,Left,9840,391,462,36,nan,nan,0.17
11/3/2025 20:27:18,1.17.2,PRexp,10,3.73,nan,197,Left,Left,9841,391,462,36,nan,nan,0.02
11/3/2025 20:27:20,1.17.2,PRexp,10,3.72,nan,197,Left,Left,9842,391,462,36,nan,nan,0.06
11/3/2025 20:28:28,1.17.2,PRexp,10,3.73,nan,197,Left,Left,9843,391,462,36,nan,nan,0.05
11/3/2025 20:28:31,1.17.2,PRexp,10,3.74,nan,197,Left,Left,9844,391,462,36,nan,nan,0.06
11/3/2025 20:28:32,1.17.2,PRexp,10,3.74,nan,197,Left,Left,9845,391,462,36,nan,nan,0.02
11/3/2025 20:30:15,1.17.2,PRexp,10,3.74,nan,197,Left,Left,9846,391,462,36,nan,nan,0.08
11/3/2025 20:30:16,1.17.2,PRexp,10,3.73,nan,197,Left,Left,9847,391,462,36,nan,nan,0.02
11/3/2025 20:30:17,1.17.2,PRexp,10,3.73,nan,197,Left,Left,9848,391,462,36,nan,nan,0.13
11/3/2025 20:30:18,1.17.2,PRexp,10,3.73,nan,197,Left,Left,9849,391,462,36,nan,nan,0.11
11/3/2025 20:30:21,1.17.2,PRexp,10,3.73,nan,197,Left,Left,9850,391,462,36,nan,nan,0.14
11/3/2025 20:30:22,1.17.2,PRexp,10,3.73,nan,197,Left,Left,9851,391,462,36,nan,nan,0.33
11/3/2025 20:30:25,1.17.2,PRexp,10,3.73,nan,197,Left,Left,9852,391,462,36,nan,nan,0.09
11/3/2025 20:32:58,1.17.2,PRexp,10,3.73,nan,197,Left,Left,9853,391,462,36,nan,nan,0.02
11/3/2025 20:32:59,1.17.2,PRexp,10,3.74,nan,197,Left,Left,9854,391,462,36,nan,nan,0.00
11/3/2025 20:33:19,1.17.2,PRexp,10,3.73,nan,197,Left,Left,9855,391,462,36,nan,nan,0.16
11/3/2025 20:33:24,1.17.2,PRexp,10,3.73,nan,197,Right,Left,9855,392,462,36,nan,nan,0.06
11/3/2025 20:33:25,1.17.2,PRexp,10,3.73,nan,197,Right,Left,9855,393,462,36,nan,nan,0.61
11/3/2025 20:33:30,1.17.2,PRexp,10,3.73,nan,197,Left,Left,9856,393,462,36,nan,nan,0.03
11/3/2025 20:33:35,1.17.2,PRexp,10,3.74,nan,197,Left,Left,9857,393,462,36,nan,nan,0.19
11/3/2025 20:33:36,1.17.2,PRexp,10,3.73,nan,197,Left,Left,9858,393,462,36,nan,nan,0.13
11/3/2025 20:33:39,1.17.2,PRexp,10,3.73,nan,197,Left,Left,9859,393,462,36,nan,nan,0.20
11/3/2025 20:33:41,1.17.2,PRexp,10,3.74,nan,197,Left,Left,9860,393,462,36,nan,nan,0.20
11/3/2025 20:33:43,1.17.2,PRexp,10,3.73,nan,197,Left,Left,9861,393,462,36,nan,nan,0.40
11/3/2025 20:34:01,1.17.2,PRexp,10,3.73,nan,197,Left,Left,9862,393,462,36,nan,nan,0.18
11/3/2025 20:34:03,1.17.2,PRexp,10,3.73,nan,197,Left,Left,9863,393,462,36,nan,nan,0.14
11/3/2025 20:34:06,1.17.2,PRexp,10,3.73,nan,197,Left,Left,9864,393,462,36,nan,nan,0.12
11/3/2025 20:34:07,1.17.2,PRexp,10,3.73,nan,197,Left,Left,9865,393,462,36,nan,nan,0.01
11/3/2025 20:34:29,1.17.2,PRexp,10,3.73,nan,197,Left,Left,9866,393,462,36,nan,nan,0.09
11/3/2025 20:36:44,1.17.2,PRexp,10,3.73,nan,197,Left,Left,9867,393,462,36,nan,nan,0.13
11/3/2025 20:36:46,1.17.2,PRexp,10,3.73,nan,197,Left,Left,9868,393,462,36,nan,nan,0.10
11/3/2025 20:38:39,1.17.2,PRexp,10,3.73,nan,197,Left,Left,9869,393,462,36,nan,nan,0.11
11/3/2025 20:38:41,1.17.2,PRexp,10,3.73,nan,197,Left,Left,9870,393,462,36,nan,nan,0.60
11/3/2025 20:38:43,1.17.2,PRexp,10,3.73,nan,197,Left,Left,9871,393,462,36,nan,nan,0.50
11/3/2025 20:38:48,1.17.2,PRexp,10,3.73,nan,197,Left,Left,9872,393,462,36,nan,nan,1.06
11/3/2025 20:38:51,1.17.2,PRexp,10,3.74,nan,197,Left,Left,9873,393,462,36,nan,nan,0.28
11/3/2025 20:38:53,1.17.2,PRexp,10,3.73,nan,197,Left,Left,9874,393,462,36,nan,nan,0.15
11/3/2025 20:38:55,1.17.2,PRexp,10,3.73,nan,197,Left,Left,9875,393,462,36,nan,nan,0.14
11/3/2025 20:38:58,1.17.2,PRexp,10,3.73,nan,197,Left,Left,9876,393,462,36,nan,nan,0.03
11/3/2025 20:39:01,1.17.2,PRexp,10,3.73,nan,197,Left,Left,9877,393,462,36,nan,nan,0.13
11/3/2025 20:39:26,1.17.2,PRexp,10,3.73,nan,197,Left,Left,9878,393,462,36,nan,nan,0.09
11/3/2025 20:39:27,1.17.2,PRexp,10,3.73,nan,197,Left,Left,9879,393,462,36,nan,nan,0.00
11/3/2025 20:39:28,1.17.2,PRexp,10,3.73,nan,197,Left,Left,9880,393,462,36,nan,nan,0.02
11/3/2025 20:39:29,1.17.2,PRexp,10,3.73,nan,197,LeftDuringDispense,Left,9881,393,462,37,nan,nan,0.05
11/3/2025 20:40:48,1.17.2,PRexp,10,3.73,nan,197,RightDuringDispense,Left,9881,394,462,37,nan,nan,0.06
11/3/2025 20:40:53,1.17.2,PRexp,10,3.73,nan,197,LeftDuringDispense,Left,9882,394,462,37,nan,nan,0.06
11/3/2025 20:40:54,1.17.2,PRexp,10,3.73,nan,197,LeftDuringDispense,Left,9883,394,462,37,nan,nan,0.14
11/3/2025 20:41:43,1.17.2,PRexp,10,3.73,nan,197,RightDuringDispense,Left,9883,395,462,37,nan,nan,0.05
11/3/2025 20:41:46,1.17.2,PRexp,10,3.73,nan,197,LeftDuringDispense,Left,9884,395,462,37,nan,nan,0.14
11/3/2025 20:42:21,1.17.2,PRexp,10,3.73,58,197,Pellet,Left,9884,395,463,37,1.00,3160,nan
11/3/2025 20:45:13,1.17.2,PRexp,10,3.73,nan,219,Left,Left,9885,395,463,37,nan,nan,0.04
11/3/2025 20:45:19,1.17.2,PRexp,10,3.73,nan,219,Left,Left,9886,395,463,37,nan,nan,0.19
11/3/2025 20:45:21,1.17.2,PRexp,10,3.73,nan,219,Left,Left,9887,395,463,37,nan,nan,0.06
11/3/2025 20:45:24,1.17.2,PRexp,10,3.73,nan,219,Left,Left,9888,395,463,37,nan,nan,0.14
11/3/2025 20:45:26,1.17.2,PRexp,10,3.73,nan,219,Left,Left,9889,395,463,37,nan,nan,0.14
11/3/2025 20:45:49,1.17.2,PRexp,10,3.73,nan,219,Left,Left,9890,395,463,37,nan,nan,0.04
11/3/2025 20:45:50,1.17.2,PRexp,10,3.73,nan,219,Left,Left,9891,395,463,37,nan,nan,0.00
11/3/2025 20:45:52,1.17.2,PRexp,10,3.73,nan,219,Left,Left,9892,395,463,37,nan,nan,0.67
11/3/2025 20:45:54,1.17.2,PRexp,10,3.73,nan,219,Left,Left,9893,395,463,37,nan,nan,0.24
11/3/2025 20:45:56,1.17.2,PRexp,10,3.73,nan,219,Left,Left,9894,395,463,37,nan,nan,0.14
11/3/2025 20:45:58,1.17.2,PRexp,10,3.73,nan,219,Left,Left,9895,395,463,37,nan,nan,0.10
11/3/2025 20:46:35,1.17.2,PRexp,10,3.73,nan,219,Left,Left,9896,395,463,37,nan,nan,0.14
11/3/2025 20:47:51,1.17.2,PRexp,10,3.73,nan,219,Left,Left,9897,395,463,37,nan,nan,0.03
11/3/2025 20:48:16,1.17.2,PRexp,10,3.73,nan,219,Right,Left,9897,396,463,37,nan,nan,0.24
11/3/2025 20:49:04,1.17.2,PRexp,10,3.73,nan,219,Left,Left,9898,396,463,37,nan,nan,0.18
11/3/2025 20:49:10,1.17.2,PRexp,10,3.73,nan,219,Left,Left,9899,396,463,37,nan,nan,0.10
11/3/2025 20:49:14,1.17.2,PRexp,10,3.73,nan,219,Left,Left,9900,396,463,37,nan,nan,0.09
11/3/2025 20:49:16,1.17.2,PRexp,10,3.73,nan,219,Left,Left,9901,396,463,37,nan,nan,0.08
11/3/2025 20:49:42,1.17.2,PRexp,10,3.73,nan,219,Left,Left,9902,396,463,37,nan,nan,0.11
11/3/2025 20:51:14,1.17.2,PRexp,10,3.73,nan,219,Left,Left,9903,396,463,37,nan,nan,0.06
11/3/2025 20:51:15,1.17.2,PRexp,10,3.73,nan,219,Left,Left,9904,396,463,37,nan,nan,0.12
11/3/2025 20:51:17,1.17.2,PRexp,10,3.73,nan,219,Left,Left,9905,396,463,37,nan,nan,0.57
11/3/2025 20:51:19,1.17.2,PRexp,10,3.73,nan,219,Left,Left,9906,396,463,37,nan,nan,0.17
11/3/2025 20:52:15,1.17.2,PRexp,10,3.73,nan,219,Right,Left,9906,397,463,37,nan,nan,0.21
11/3/2025 20:52:24,1.17.2,PRexp,10,3.73,nan,219,Left,Left,9907,397,463,37,nan,nan,0.09
11/3/2025 20:52:32,1.17.2,PRexp,10,3.73,nan,219,Left,Left,9908,397,463,37,nan,nan,0.06
11/3/2025 20:52:33,1.17.2,PRexp,10,3.73,nan,219,Left,Left,9909,397,463,37,nan,nan,0.10
11/3/2025 20:52:34,1.17.2,PRexp,10,3.73,nan,219,Left,Left,9910,397,463,37,nan,nan,0.15
11/3/2025 20:52:38,1.17.2,PRexp,10,3.73,nan,219,Left,Left,9911,397,463,37,nan,nan,0.04
11/3/2025 20:53:39,1.17.2,PRexp,10,3.73,nan,219,Left,Left,9912,397,463,37,nan,nan,0.11
11/3/2025 20:53:41,1.17.2,PRexp,10,3.73,nan,219,Left,Left,9913,397,463,37,nan,nan,0.42
11/3/2025 20:53:43,1.17.2,PRexp,10,3.73,nan,219,Left,Left,9914,397,463,37,nan,nan,0.04
11/3/2025 20:53:45,1.17.2,PRexp,10,3.73,nan,219,Left,Left,9915,397,463,37,nan,nan,0.25
11/3/2025 20:53:50,1.17.2,PRexp,10,3.73,nan,219,Left,Left,9916,397,463,37,nan,nan,0.01
11/3/2025 20:53:53,1.17.2,PRexp,10,3.73,nan,219,Left,Left,9917,397,463,37,nan,nan,0.11
11/3/2025 20:53:53,1.17.2,PRexp,10,3.73,nan,219,Left,Left,9918,397,463,37,nan,nan,0.00
11/3/2025 20:53:58,1.17.2,PRexp,10,3.73,nan,219,Left,Left,9919,397,463,37,nan,nan,0.14
11/3/2025 20:54:01,1.17.2,PRexp,10,3.73,nan,219,Left,Left,9920,397,463,37,nan,nan,0.26
11/3/2025 20:54:20,1.17.2,PRexp,10,3.73,nan,219,Left,Left,9921,397,463,37,nan,nan,0.10
11/3/2025 20:55:09,1.17.2,PRexp,10,3.73,nan,219,Left,Left,9922,397,463,37,nan,nan,0.16
11/3/2025 20:55:10,1.17.2,PRexp,10,3.73,nan,219,Left,Left,9923,397,463,37,nan,nan,0.19
11/3/2025 20:55:14,1.17.2,PRexp,10,3.73,nan,219,Left,Left,9924,397,463,37,nan,nan,0.12
11/3/2025 20:55:16,1.17.2,PRexp,10,3.73,nan,219,Left,Left,9925,397,463,37,nan,nan,0.23
11/3/2025 20:55:30,1.17.2,PRexp,10,3.73,nan,219,Left,Left,9926,397,463,37,nan,nan,0.07
11/3/2025 20:55:34,1.17.2,PRexp,10,3.73,nan,219,Left,Left,9927,397,463,37,nan,nan,0.11
11/3/2025 20:55:37,1.17.2,PRexp,10,3.73,nan,219,Left,Left,9928,397,463,37,nan,nan,0.10
11/3/2025 20:55:39,1.17.2,PRexp,10,3.73,nan,219,Left,Left,9929,397,463,37,nan,nan,0.12
11/3/2025 20:56:34,1.17.2,PRexp,10,3.73,nan,219,Left,Left,9930,397,463,37,nan,nan,0.10
11/3/2025 20:58:22,1.17.2,PRexp,10,3.73,nan,219,Left,Left,9931,397,463,37,nan,nan,0.07
11/3/2025 20:58:24,1.17.2,PRexp,10,3.73,nan,219,Left,Left,9932,397,463,37,nan,nan,0.30
11/3/2025 20:58:25,1.17.2,PRexp,10,3.73,nan,219,Left,Left,9933,397,463,37,nan,nan,0.00
11/3/2025 20:58:30,1.17.2,PRexp,10,3.73,nan,219,Left,Left,9934,397,463,37,nan,nan,0.12
11/3/2025 20:58:34,1.17.2,PRexp,10,3.73,nan,219,Left,Left,9935,397,463,37,nan,nan,0.71
11/3/2025 20:58:37,1.17.2,PRexp,10,3.73,nan,219,Left,Left,9936,397,463,37,nan,nan,0.09
11/3/2025 20:58:38,1.17.2,PRexp,10,3.73,nan,219,Left,Left,9937,397,463,37,nan,nan,0.17
11/3/2025 20:58:48,1.17.2,PRexp,10,3.73,nan,219,Left,Left,9938,397,463,37,nan,nan,0.06
11/3/2025 20:58:50,1.17.2,PRexp,10,3.73,nan,219,Left,Left,9939,397,463,37,nan,nan,0.11
11/3/2025 20:59:04,1.17.2,PRexp,10,3.73,nan,219,Left,Left,9940,397,463,37,nan,nan,0.01
11/3/2025 20:59:06,1.17.2,PRexp,10,3.73,nan,219,Left,Left,9941,397,463,37,nan,nan,0.15
11/3/2025 20:59:08,1.17.2,PRexp,10,3.73,nan,219,Left,Left,9942,397,463,37,nan,nan,0.52
11/3/2025 20:59:11,1.17.2,PRexp,10,3.73,nan,219,Left,Left,9943,397,463,37,nan,nan,0.15
11/3/2025 21:00:25,1.17.2,PRexp,10,3.73,nan,219,Left,Left,9944,397,463,37,nan,nan,0.20
11/3/2025 21:00:27,1.17.2,PRexp,10,3.73,nan,219,Left,Left,9945,397,463,37,nan,nan,0.07
11/3/2025 21:01:21,1.17.2,PRexp,10,3.73,nan,219,Left,Left,9946,397,463,37,nan,nan,0.06
