MM:DD:YYYY hh:mm:ss,Library_Version,Session_type,Device_Number,Battery_Voltage,Motor_Turns,FR,Event,Active_Poke,Left_Poke_Count,Right_Poke_Count,Pellet_Count,Block_Pellet_Count,Retrieval_Time,InterPelletInterval,Poke_Time
5/8/2025 17:40:40,1.17.0,PRexp,10,4.02,nan,1,Left,Left,1,0,0,0,nan,nan,0.11
5/8/2025 17:51:03,1.17.0,PRexp,10,4.02,nan,1,RightWithPellet,Left,1,1,0,1,nan,nan,0.61
5/8/2025 17:51:05,1.17.0,PRexp,10,4.03,nan,1,RightWithPellet,Left,1,2,0,1,nan,nan,0.47
5/8/2025 17:51:07,1.17.0,PRexp,10,4.02,nan,1,LeftWithPellet,Left,2,2,0,1,nan,nan,0.12
5/8/2025 17:52:18,1.17.0,PRexp,10,4.02,nan,1,LeftWithPellet,Left,3,2,0,1,nan,nan,0.26
5/8/2025 17:54:21,1.17.0,PRexp,10,4.02,4,1,Pellet,Left,3,2,1,1,Timed_out,nan,nan
5/8/2025 18:20:45,1.17.0,PRexp,10,4.02,nan,1,Left,Left,4,2,1,0,nan,nan,0.21
5/8/2025 18:20:47,1.17.0,PRexp,10,4.02,2,1,Pellet,Left,4,2,2,1,0.18,1586,nan
5/8/2025 18:21:09,1.17.0,PRexp,10,4.02,nan,1,Left,Left,5,2,2,1,nan,nan,0.14
5/8/2025 18:21:26,1.17.0,PRexp,10,4.02,3,1,Pellet,Left,5,2,3,2,11.92,39,nan
5/8/2025 18:21:52,1.17.0,PRexp,10,4.03,nan,2,Left,Left,6,2,3,2,nan,nan,0.17
5/8/2025 18:22:05,1.17.0,PRexp,10,4.02,nan,2,Left,Left,7,2,3,2,nan,nan,0.25
5/8/2025 18:22:08,1.17.0,PRexp,10,4.02,2,2,Pellet,Left,7,2,4,3,0.18,42,nan
5/8/2025 18:38:32,1.17.0,PRexp,10,4.02,nan,2,Left,Left,8,2,4,3,nan,nan,0.14
5/8/2025 18:38:45,1.17.0,PRexp,10,4.02,nan,2,Left,Left,9,2,4,3,nan,nan,0.19
5/8/2025 18:38:48,1.17.0,PRexp,10,4.02,1,2,Pellet,Left,9,2,5,4,0.61,1000,nan
5/8/2025 18:39:08,1.17.0,PRexp,10,4.02,nan,3,Left,Left,10,2,5,4,nan,nan,0.06
5/8/2025 18:39:12,1.17.0,PRexp,10,4.02,nan,3,Left,Left,11,2,5,4,nan,nan,0.16
5/8/2025 18:39:14,1.17.0,PRexp,10,4.02,nan,3,Left,Left,12,2,5,4,nan,nan,0.13
5/8/2025 18:39:30,1.17.0,PRexp,10,4.02,3,3,Pellet,Left,12,2,6,5,11.74,42,nan
5/8/2025 18:39:53,1.17.0,PRexp,10,4.02,nan,4,Left,Left,13,2,6,5,nan,nan,0.01
5/8/2025 18:39:59,1.17.0,PRexp,10,4.02,nan,4,Left,Left,14,2,6,5,nan,nan,0.21
5/8/2025 18:40:02,1.17.0,PRexp,10,4.02,nan,4,Left,Left,15,2,6,5,nan,nan,0.36
5/8/2025 18:40:07,1.17.0,PRexp,10,4.02,nan,4,Left,Left,16,2,6,5,nan,nan,0.34
5/8/2025 18:40:10,1.17.0,PRexp,10,4.02,2,4,Pellet,Left,16,2,7,6,0.06,40,nan
5/8/2025 18:53:56,1.17.0,PRexp,10,4.02,nan,5,Left,Left,17,2,7,6,nan,nan,0.05
5/8/2025 18:58:39,1.17.0,PRexp,10,4.02,nan,5,Left,Left,18,2,7,6,nan,nan,0.09
5/8/2025 18:58:51,1.17.0,PRexp,10,4.02,nan,5,Left,Left,19,2,7,6,nan,nan,0.21
5/8/2025 18:58:53,1.17.0,PRexp,10,4.02,nan,5,Right,Left,19,3,7,6,nan,nan,0.23
5/8/2025 18:58:56,1.17.0,PRexp,10,4.02,nan,5,Left,Left,20,3,7,6,nan,nan,0.13
5/8/2025 19:08:12,1.17.0,PRexp,10,4.03,nan,5,Right,Left,20,4,7,6,nan,nan,0.31
5/8/2025 19:10:00,1.17.0,PRexp,10,4.02,nan,5,Left,Left,21,4,7,6,nan,nan,0.15
5/8/2025 19:10:32,1.17.0,PRexp,10,4.02,9,5,Pellet,Left,21,4,8,7,14.69,1822,nan
5/8/2025 19:10:56,1.17.0,PRexp,10,4.02,nan,6,Left,Left,22,4,8,7,nan,nan,0.12
5/8/2025 19:12:06,1.17.0,PRexp,10,4.02,nan,6,Left,Left,23,4,8,7,nan,nan,0.11
5/8/2025 19:14:10,1.17.0,PRexp,10,4.02,nan,6,Left,Left,24,4,8,7,nan,nan,0.15
5/8/2025 19:14:12,1.17.0,PRexp,10,4.02,nan,6,Left,Left,25,4,8,7,nan,nan,0.14
5/8/2025 19:16:41,1.17.0,PRexp,10,4.02,nan,6,Left,Left,26,4,8,7,nan,nan,0.03
5/8/2025 19:16:44,1.17.0,PRexp,10,4.02,nan,6,Left,Left,27,4,8,7,nan,nan,0.22
5/8/2025 19:16:48,1.17.0,PRexp,10,4.03,2,6,Pellet,Left,27,4,9,8,0.61,375,nan
5/8/2025 19:17:16,1.17.0,PRexp,10,4.02,nan,7,Left,Left,28,4,9,8,nan,nan,0.18
5/8/2025 19:17:20,1.17.0,PRexp,10,4.02,nan,7,Left,Left,29,4,9,8,nan,nan,0.15
5/8/2025 19:17:29,1.17.0,PRexp,10,4.02,nan,7,Left,Left,30,4,9,8,nan,nan,0.18
5/8/2025 19:17:35,1.17.0,PRexp,10,4.02,nan,7,Left,Left,31,4,9,8,nan,nan,0.19
5/8/2025 19:17:43,1.17.0,PRexp,10,4.02,nan,7,Left,Left,32,4,9,8,nan,nan,0.51
5/8/2025 19:20:44,1.17.0,PRexp,10,4.02,nan,7,Left,Left,33,4,9,8,nan,nan,0.14
5/8/2025 19:22:08,1.17.0,PRexp,10,4.02,nan,7,Right,Left,33,5,9,8,nan,nan,0.17
5/8/2025 19:23:53,1.17.0,PRexp,10,4.02,nan,7,Left,Left,34,5,9,8,nan,nan,0.17
5/8/2025 19:23:58,1.17.0,PRexp,10,4.02,3,7,Pellet,Left,34,5,10,9,0.24,431,nan
5/8/2025 19:24:17,1.17.0,PRexp,10,4.02,nan,9,Left,Left,35,5,10,9,nan,nan,0.20
5/8/2025 19:24:21,1.17.0,PRexp,10,4.02,nan,9,Left,Left,36,5,10,9,nan,nan,0.26
5/8/2025 19:24:25,1.17.0,PRexp,10,4.02,nan,9,Left,Left,37,5,10,9,nan,nan,0.25
5/8/2025 19:24:28,1.17.0,PRexp,10,4.02,nan,9,Left,Left,38,5,10,9,nan,nan,0.29
5/8/2025 19:24:30,1.17.0,PRexp,10,4.02,nan,9,Left,Left,39,5,10,9,nan,nan,0.19
5/8/2025 19:24:33,1.17.0,PRexp,10,4.02,nan,9,Left,Left,40,5,10,9,nan,nan,1.20
5/8/2025 19:24:36,1.17.0,PRexp,10,4.02,nan,9,Left,Left,41,5,10,9,nan,nan,1.17
5/8/2025 19:24:37,1.17.0,PRexp,10,4.02,nan,9,Left,Left,42,5,10,9,nan,nan,0.19
5/8/2025 19:24:40,1.17.0,PRexp,10,4.02,nan,9,Left,Left,43,5,10,9,nan,nan,0.48
5/8/2025 19:24:42,1.17.0,PRexp,10,4.02,1,9,Pellet,Left,43,5,11,10,0.42,44,nan
5/8/2025 19:25:02,1.17.0,PRexp,10,4.02,nan,10,Left,Left,44,5,11,10,nan,nan,0.22
5/8/2025 19:25:03,1.17.0,PRexp,10,4.02,nan,10,Left,Left,45,5,11,10,nan,nan,0.00
5/8/2025 19:25:05,1.17.0,PRexp,10,4.02,nan,10,Left,Left,46,5,11,10,nan,nan,0.00
5/8/2025 19:25:06,1.17.0,PRexp,10,4.02,nan,10,Left,Left,47,5,11,10,nan,nan,0.15
5/8/2025 19:25:09,1.17.0,PRexp,10,4.02,nan,10,Left,Left,48,5,11,10,nan,nan,0.49
5/8/2025 19:25:13,1.17.0,PRexp,10,4.02,nan,10,Left,Left,49,5,11,10,nan,nan,1.74
5/8/2025 19:25:15,1.17.0,PRexp,10,4.02,nan,10,Left,Left,50,5,11,10,nan,nan,0.18
5/8/2025 19:25:20,1.17.0,PRexp,10,4.01,nan,10,Right,Left,50,6,11,10,nan,nan,0.49
5/8/2025 19:25:23,1.17.0,PRexp,10,4.02,nan,10,Left,Left,51,6,11,10,nan,nan,0.25
5/8/2025 19:25:24,1.17.0,PRexp,10,4.02,nan,10,Right,Left,51,7,11,10,nan,nan,0.00
5/8/2025 19:25:26,1.17.0,PRexp,10,4.02,nan,10,Left,Left,52,7,11,10,nan,nan,0.02
5/8/2025 19:25:28,1.17.0,PRexp,10,4.02,nan,10,Right,Left,52,8,11,10,nan,nan,0.53
5/8/2025 19:32:45,1.17.0,PRexp,10,4.02,nan,10,Left,Left,53,8,11,10,nan,nan,0.38
5/8/2025 19:32:50,1.17.0,PRexp,10,4.02,3,10,Pellet,Left,53,8,12,11,0.42,488,nan
5/8/2025 19:33:08,1.17.0,PRexp,10,4.02,nan,12,Left,Left,54,8,12,11,nan,nan,0.07
5/8/2025 19:33:11,1.17.0,PRexp,10,4.02,nan,12,Left,Left,55,8,12,11,nan,nan,0.32
5/8/2025 19:33:14,1.17.0,PRexp,10,4.02,nan,12,Left,Left,56,8,12,11,nan,nan,0.24
5/8/2025 19:33:23,1.17.0,PRexp,10,4.02,nan,12,Left,Left,57,8,12,11,nan,nan,0.20
5/8/2025 19:33:26,1.17.0,PRexp,10,4.02,nan,12,Left,Left,58,8,12,11,nan,nan,0.42
5/8/2025 19:35:13,1.17.0,PRexp,10,4.02,nan,12,Left,Left,59,8,12,11,nan,nan,0.02
5/8/2025 19:35:59,1.17.0,PRexp,10,4.02,nan,12,Right,Left,59,9,12,11,nan,nan,0.23
5/8/2025 19:36:36,1.17.0,PRexp,10,4.02,nan,12,Right,Left,59,10,12,11,nan,nan,0.34
5/8/2025 19:36:38,1.17.0,PRexp,10,4.02,nan,12,Right,Left,59,11,12,11,nan,nan,0.04
5/8/2025 19:38:29,1.17.0,PRexp,10,4.02,nan,12,Right,Left,59,12,12,11,nan,nan,0.04
5/8/2025 19:38:30,1.17.0,PRexp,10,4.02,nan,12,Left,Left,60,12,12,11,nan,nan,0.13
5/8/2025 19:38:31,1.17.0,PRexp,10,4.02,nan,12,Left,Left,61,12,12,11,nan,nan,0.09
5/8/2025 19:39:17,1.17.0,PRexp,10,4.02,nan,12,Left,Left,62,12,12,11,nan,nan,0.27
5/8/2025 19:39:19,1.17.0,PRexp,10,4.02,nan,12,Left,Left,63,12,12,11,nan,nan,0.17
5/8/2025 19:39:20,1.17.0,PRexp,10,4.02,nan,12,Left,Left,64,12,12,11,nan,nan,0.00
5/8/2025 19:42:09,1.17.0,PRexp,10,4.02,nan,12,Right,Left,64,13,12,11,nan,nan,0.45
5/8/2025 19:42:15,1.17.0,PRexp,10,4.02,nan,12,Left,Left,65,13,12,11,nan,nan,0.22
5/8/2025 19:42:17,1.17.0,PRexp,10,4.02,nan,12,LeftDuringDispense,Left,66,13,12,12,nan,nan,0.08
5/8/2025 19:42:21,1.17.0,PRexp,10,4.02,nan,12,LeftWithPellet,Left,67,13,12,12,nan,nan,0.18
5/8/2025 19:42:24,1.17.0,PRexp,10,4.02,3,12,Pellet,Left,67,13,13,12,3.83,574,nan
5/8/2025 19:43:22,1.17.0,PRexp,10,4.02,nan,13,Left,Left,68,13,13,12,nan,nan,0.32
5/8/2025 19:43:24,1.17.0,PRexp,10,4.02,nan,13,Left,Left,69,13,13,12,nan,nan,0.21
5/8/2025 19:47:44,1.17.0,PRexp,10,4.02,nan,13,Left,Left,70,13,13,12,nan,nan,0.36
5/8/2025 19:47:46,1.17.0,PRexp,10,4.02,nan,13,Left,Left,71,13,13,12,nan,nan,0.56
5/8/2025 19:47:49,1.17.0,PRexp,10,4.02,nan,13,Left,Left,72,13,13,12,nan,nan,0.45
5/8/2025 19:47:51,1.17.0,PRexp,10,4.02,nan,13,Left,Left,73,13,13,12,nan,nan,0.36
5/8/2025 19:47:54,1.17.0,PRexp,10,4.02,nan,13,Left,Left,74,13,13,12,nan,nan,0.61
5/8/2025 19:47:57,1.17.0,PRexp,10,4.02,nan,13,Right,Left,74,14,13,12,nan,nan,0.38
5/8/2025 19:47:59,1.17.0,PRexp,10,4.02,nan,13,Left,Left,75,14,13,12,nan,nan,0.31
5/8/2025 19:48:00,1.17.0,PRexp,10,4.02,nan,13,Left,Left,76,14,13,12,nan,nan,0.33
5/8/2025 19:48:03,1.17.0,PRexp,10,4.02,nan,13,Left,Left,77,14,13,12,nan,nan,0.00
5/8/2025 19:48:04,1.17.0,PRexp,10,4.02,nan,13,Left,Left,78,14,13,12,nan,nan,0.21
5/8/2025 19:48:10,1.17.0,PRexp,10,4.02,nan,13,Left,Left,79,14,13,12,nan,nan,0.27
5/8/2025 19:48:16,1.17.0,PRexp,10,4.02,nan,13,Left,Left,80,14,13,12,nan,nan,0.00
5/8/2025 19:48:20,1.17.0,PRexp,10,4.02,2,13,Pellet,Left,80,14,14,13,0.97,356,nan
5/8/2025 19:48:49,1.17.0,PRexp,10,4.02,nan,15,Left,Left,81,14,14,13,nan,nan,0.19
5/8/2025 19:48:54,1.17.0,PRexp,10,4.02,nan,15,Left,Left,82,14,14,13,nan,nan,0.26
5/8/2025 19:48:58,1.17.0,PRexp,10,4.02,nan,15,Left,Left,83,14,14,13,nan,nan,0.30
5/8/2025 19:48:59,1.17.0,PRexp,10,4.02,nan,15,Left,Left,84,14,14,13,nan,nan,0.09
5/8/2025 19:53:21,1.17.0,PRexp,10,4.02,nan,15,Left,Left,85,14,14,13,nan,nan,0.50
5/8/2025 19:53:26,1.17.0,PRexp,10,4.02,nan,15,Left,Left,86,14,14,13,nan,nan,0.14
5/8/2025 19:54:11,1.17.0,PRexp,10,4.02,nan,15,Right,Left,86,15,14,13,nan,nan,0.17
5/8/2025 19:54:50,1.17.0,PRexp,10,4.02,nan,15,Right,Left,86,16,14,13,nan,nan,0.15
5/8/2025 19:55:21,1.17.0,PRexp,10,4.02,nan,15,Left,Left,87,16,14,13,nan,nan,0.31
5/8/2025 19:55:25,1.17.0,PRexp,10,4.02,nan,15,Right,Left,87,17,14,13,nan,nan,0.07
5/8/2025 19:55:28,1.17.0,PRexp,10,4.02,nan,15,Right,Left,87,18,14,13,nan,nan,0.00
5/8/2025 19:55:31,1.17.0,PRexp,10,4.02,nan,15,Left,Left,88,18,14,13,nan,nan,0.31
5/8/2025 19:55:34,1.17.0,PRexp,10,4.02,nan,15,Left,Left,89,18,14,13,nan,nan,0.38
5/8/2025 19:55:35,1.17.0,PRexp,10,4.02,nan,15,Left,Left,90,18,14,13,nan,nan,0.20
5/8/2025 19:55:36,1.17.0,PRexp,10,4.02,nan,15,Left,Left,91,18,14,13,nan,nan,0.00
5/8/2025 19:55:54,1.17.0,PRexp,10,4.02,nan,15,Right,Left,91,19,14,13,nan,nan,0.05
5/8/2025 19:56:58,1.17.0,PRexp,10,4.02,nan,15,Left,Left,92,19,14,13,nan,nan,0.08
5/8/2025 19:57:00,1.17.0,PRexp,10,4.02,nan,15,Left,Left,93,19,14,13,nan,nan,0.27
5/8/2025 19:57:24,1.17.0,PRexp,10,4.02,nan,15,Right,Left,93,20,14,13,nan,nan,0.00
5/8/2025 19:58:57,1.17.0,PRexp,10,4.02,nan,15,Left,Left,94,20,14,13,nan,nan,0.14
5/8/2025 19:59:00,1.17.0,PRexp,10,4.02,nan,15,Right,Left,94,21,14,13,nan,nan,0.23
5/8/2025 19:59:32,1.17.0,PRexp,10,4.02,nan,15,Left,Left,95,21,14,13,nan,nan,0.09
5/8/2025 19:59:37,1.17.0,PRexp,10,4.02,3,15,Pellet,Left,95,21,15,14,0.30,677,nan
5/8/2025 19:59:59,1.17.0,PRexp,10,4.02,nan,17,Left,Left,96,21,15,14,nan,nan,0.28
5/8/2025 20:00:10,1.17.0,PRexp,10,4.02,nan,17,Right,Left,96,22,15,14,nan,nan,0.22
5/8/2025 20:00:14,1.17.0,PRexp,10,4.02,nan,17,Left,Left,97,22,15,14,nan,nan,0.01
5/8/2025 20:00:16,1.17.0,PRexp,10,4.02,nan,17,Left,Left,98,22,15,14,nan,nan,0.07
5/8/2025 20:00:20,1.17.0,PRexp,10,4.02,nan,17,Left,Left,99,22,15,14,nan,nan,0.23
5/8/2025 20:00:25,1.17.0,PRexp,10,4.02,nan,17,Left,Left,100,22,15,14,nan,nan,0.12
5/8/2025 20:07:33,1.17.0,PRexp,10,4.02,nan,17,Left,Left,101,22,15,14,nan,nan,0.19
5/8/2025 20:07:35,1.17.0,PRexp,10,4.02,nan,17,Left,Left,102,22,15,14,nan,nan,0.00
5/8/2025 20:07:36,1.17.0,PRexp,10,4.02,nan,17,Left,Left,103,22,15,14,nan,nan,0.39
5/8/2025 20:07:39,1.17.0,PRexp,10,4.02,nan,17,Left,Left,104,22,15,14,nan,nan,0.07
5/8/2025 20:07:40,1.17.0,PRexp,10,4.02,nan,17,Left,Left,105,22,15,14,nan,nan,0.08
5/8/2025 20:09:10,1.17.0,PRexp,10,4.02,nan,17,Left,Left,106,22,15,14,nan,nan,0.16
5/8/2025 20:09:12,1.17.0,PRexp,10,4.02,nan,17,Left,Left,107,22,15,14,nan,nan,0.41
5/8/2025 20:09:15,1.17.0,PRexp,10,4.02,nan,17,Left,Left,108,22,15,14,nan,nan,0.11
5/8/2025 20:09:19,1.17.0,PRexp,10,4.02,nan,17,Left,Left,109,22,15,14,nan,nan,0.14
5/8/2025 20:09:21,1.17.0,PRexp,10,4.02,nan,17,Left,Left,110,22,15,14,nan,nan,0.18
5/8/2025 20:09:26,1.17.0,PRexp,10,4.02,nan,17,Left,Left,111,22,15,14,nan,nan,0.20
5/8/2025 20:09:29,1.17.0,PRexp,10,4.02,nan,17,Left,Left,112,22,15,14,nan,nan,0.23
5/8/2025 20:09:32,1.17.0,PRexp,10,4.02,2,17,Pellet,Left,112,22,16,15,0.42,595,nan
5/8/2025 20:09:49,1.17.0,PRexp,10,4.02,nan,20,Left,Left,113,22,16,15,nan,nan,0.20
5/8/2025 20:09:51,1.17.0,PRexp,10,4.02,nan,20,Left,Left,114,22,16,15,nan,nan,0.50
5/8/2025 20:09:53,1.17.0,PRexp,10,4.02,nan,20,Left,Left,115,22,16,15,nan,nan,0.50
5/8/2025 20:09:56,1.17.0,PRexp,10,4.02,nan,20,Left,Left,116,22,16,15,nan,nan,0.21
5/8/2025 20:10:03,1.17.0,PRexp,10,4.02,nan,20,Right,Left,116,23,16,15,nan,nan,0.21
5/8/2025 20:10:16,1.17.0,PRexp,10,4.02,nan,20,Left,Left,117,23,16,15,nan,nan,0.73
5/8/2025 20:10:28,1.17.0,PRexp,10,4.02,nan,20,Left,Left,118,23,16,15,nan,nan,0.42
5/8/2025 20:10:29,1.17.0,PRexp,10,4.02,nan,20,Left,Left,119,23,16,15,nan,nan,0.19
5/8/2025 20:10:33,1.17.0,PRexp,10,4.02,nan,20,Left,Left,120,23,16,15,nan,nan,0.27
5/8/2025 20:10:35,1.17.0,PRexp,10,4.02,nan,20,Left,Left,121,23,16,15,nan,nan,0.14
5/8/2025 20:10:41,1.17.0,PRexp,10,4.02,nan,20,Left,Left,122,23,16,15,nan,nan,0.14
5/8/2025 20:10:51,1.17.0,PRexp,10,4.02,nan,20,Left,Left,123,23,16,15,nan,nan,0.15
5/8/2025 20:10:52,1.17.0,PRexp,10,4.02,nan,20,Left,Left,124,23,16,15,nan,nan,0.07
5/8/2025 20:10:56,1.17.0,PRexp,10,4.02,nan,20,Left,Left,125,23,16,15,nan,nan,0.20
5/8/2025 20:10:57,1.17.0,PRexp,10,4.02,nan,20,Left,Left,126,23,16,15,nan,nan,0.48
5/8/2025 20:10:59,1.17.0,PRexp,10,4.02,nan,20,Left,Left,127,23,16,15,nan,nan,0.45
5/8/2025 20:11:06,1.17.0,PRexp,10,4.02,nan,20,Left,Left,128,23,16,15,nan,nan,0.09
5/8/2025 20:11:21,1.17.0,PRexp,10,4.00,nan,20,Left,Left,129,23,16,15,nan,nan,0.06
5/8/2025 20:11:23,1.17.0,PRexp,10,4.00,nan,20,Left,Left,130,23,16,15,nan,nan,0.01
5/8/2025 20:11:26,1.17.0,PRexp,10,4.02,nan,20,Left,Left,131,23,16,15,nan,nan,0.42
5/8/2025 20:11:28,1.17.0,PRexp,10,4.02,nan,20,Left,Left,132,23,16,15,nan,nan,0.53
5/8/2025 20:11:33,1.17.0,PRexp,10,4.02,3,20,Pellet,Left,132,23,17,16,0.24,121,nan
5/8/2025 20:11:53,1.17.0,PRexp,10,4.02,nan,22,Left,Left,133,23,17,16,nan,nan,0.27
5/8/2025 20:11:55,1.17.0,PRexp,10,4.02,nan,22,Left,Left,134,23,17,16,nan,nan,0.14
5/8/2025 20:11:56,1.17.0,PRexp,10,4.02,nan,22,Left,Left,135,23,17,16,nan,nan,0.37
5/8/2025 20:12:37,1.17.0,PRexp,10,4.02,nan,22,Right,Left,135,24,17,16,nan,nan,0.04
5/8/2025 20:14:19,1.17.0,PRexp,10,4.02,nan,22,Left,Left,136,24,17,16,nan,nan,0.15
5/8/2025 20:14:21,1.17.0,PRexp,10,4.02,nan,22,Left,Left,137,24,17,16,nan,nan,0.20
5/8/2025 20:16:15,1.17.0,PRexp,10,4.02,nan,22,Left,Left,138,24,17,16,nan,nan,0.31
5/8/2025 20:16:30,1.17.0,PRexp,10,4.02,nan,22,Left,Left,139,24,17,16,nan,nan,0.24
5/8/2025 20:17:54,1.17.0,PRexp,10,4.02,nan,22,Right,Left,139,25,17,16,nan,nan,0.06
5/8/2025 20:17:55,1.17.0,PRexp,10,4.02,nan,22,Left,Left,140,25,17,16,nan,nan,0.05
5/8/2025 20:17:57,1.17.0,PRexp,10,4.02,nan,22,Left,Left,141,25,17,16,nan,nan,0.23
5/8/2025 20:19:32,1.17.0,PRexp,10,4.02,nan,22,Left,Left,142,25,17,16,nan,nan,0.21
5/8/2025 20:19:33,1.17.0,PRexp,10,4.02,nan,22,Left,Left,143,25,17,16,nan,nan,0.33
5/8/2025 20:19:36,1.17.0,PRexp,10,4.02,nan,22,Left,Left,144,25,17,16,nan,nan,0.16
5/8/2025 20:19:40,1.17.0,PRexp,10,4.02,nan,22,Left,Left,145,25,17,16,nan,nan,0.19
5/8/2025 20:19:43,1.17.0,PRexp,10,4.02,nan,22,Right,Left,145,26,17,16,nan,nan,0.05
5/8/2025 20:19:45,1.17.0,PRexp,10,4.02,nan,22,Left,Left,146,26,17,16,nan,nan,0.19
5/8/2025 20:19:46,1.17.0,PRexp,10,4.02,nan,22,Right,Left,146,27,17,16,nan,nan,0.00
5/8/2025 20:19:51,1.17.0,PRexp,10,4.02,nan,22,Left,Left,147,27,17,16,nan,nan,0.08
5/8/2025 20:19:53,1.17.0,PRexp,10,4.02,nan,22,Left,Left,148,27,17,16,nan,nan,0.24
5/8/2025 20:31:26,1.17.0,PRexp,10,4.02,nan,22,Left,Left,149,27,17,16,nan,nan,0.16
5/8/2025 20:33:54,1.17.0,PRexp,10,4.02,nan,22,Left,Left,150,27,17,16,nan,nan,0.16
5/8/2025 20:34:01,1.17.0,PRexp,10,4.02,nan,22,Left,Left,151,27,17,16,nan,nan,0.29
5/8/2025 20:34:06,1.17.0,PRexp,10,4.02,nan,22,Left,Left,152,27,17,16,nan,nan,0.14
5/8/2025 20:34:12,1.17.0,PRexp,10,4.02,nan,22,Right,Left,152,28,17,16,nan,nan,0.00
5/8/2025 20:34:14,1.17.0,PRexp,10,4.02,nan,22,Left,Left,153,28,17,16,nan,nan,0.28
5/8/2025 20:34:16,1.17.0,PRexp,10,4.02,nan,22,Left,Left,154,28,17,16,nan,nan,0.23
5/8/2025 20:34:21,1.17.0,PRexp,10,4.02,2,22,Pellet,Left,154,28,18,17,0.55,1367,nan
5/8/2025 20:34:39,1.17.0,PRexp,10,4.02,nan,25,Left,Left,155,28,18,17,nan,nan,0.23
5/8/2025 20:34:43,1.17.0,PRexp,10,4.02,nan,25,Left,Left,156,28,18,17,nan,nan,0.54
5/8/2025 20:34:47,1.17.0,PRexp,10,4.02,nan,25,Left,Left,157,28,18,17,nan,nan,0.35
5/8/2025 20:34:48,1.17.0,PRexp,10,4.02,nan,25,Left,Left,158,28,18,17,nan,nan,0.44
5/8/2025 20:34:59,1.17.0,PRexp,10,4.02,nan,25,Left,Left,159,28,18,17,nan,nan,0.27
5/8/2025 20:35:04,1.17.0,PRexp,10,4.02,nan,25,Left,Left,160,28,18,17,nan,nan,0.42
5/8/2025 20:35:07,1.17.0,PRexp,10,4.02,nan,25,Left,Left,161,28,18,17,nan,nan,0.22
5/8/2025 20:35:13,1.17.0,PRexp,10,4.02,nan,25,Left,Left,162,28,18,17,nan,nan,0.53
5/8/2025 20:35:15,1.17.0,PRexp,10,4.02,nan,25,Left,Left,163,28,18,17,nan,nan,0.87
5/8/2025 20:35:19,1.17.0,PRexp,10,4.02,nan,25,Left,Left,164,28,18,17,nan,nan,0.18
5/8/2025 20:35:21,1.17.0,PRexp,10,4.02,nan,25,Left,Left,165,28,18,17,nan,nan,0.33
5/8/2025 20:35:23,1.17.0,PRexp,10,4.02,nan,25,Left,Left,166,28,18,17,nan,nan,0.63
5/8/2025 20:35:26,1.17.0,PRexp,10,4.02,nan,25,Right,Left,166,29,18,17,nan,nan,0.42
5/8/2025 20:35:28,1.17.0,PRexp,10,4.02,nan,25,Left,Left,167,29,18,17,nan,nan,0.32
5/8/2025 20:35:48,1.17.0,PRexp,10,4.02,nan,25,Left,Left,168,29,18,17,nan,nan,0.63
5/8/2025 20:35:51,1.17.0,PRexp,10,4.02,nan,25,Left,Left,169,29,18,17,nan,nan,0.60
5/8/2025 20:35:54,1.17.0,PRexp,10,4.02,nan,25,Left,Left,170,29,18,17,nan,nan,0.43
5/8/2025 20:43:39,1.17.0,PRexp,10,4.02,nan,25,Right,Left,170,30,18,17,nan,nan,0.13
5/8/2025 20:47:17,1.17.0,PRexp,10,4.02,nan,25,Left,Left,171,30,18,17,nan,nan,0.29
5/8/2025 20:47:46,1.17.0,PRexp,10,4.02,nan,25,Left,Left,172,30,18,17,nan,nan,0.25
5/8/2025 20:51:11,1.17.0,PRexp,10,4.02,nan,25,Right,Left,172,31,18,17,nan,nan,0.22
5/8/2025 20:51:19,1.17.0,PRexp,10,4.02,nan,25,Right,Left,172,32,18,17,nan,nan,0.10
5/8/2025 20:51:21,1.17.0,PRexp,10,4.02,nan,25,Left,Left,173,32,18,17,nan,nan,0.45
5/8/2025 20:51:23,1.17.0,PRexp,10,4.02,nan,25,Left,Left,174,32,18,17,nan,nan,0.23
5/8/2025 20:51:25,1.17.0,PRexp,10,4.02,nan,25,Left,Left,175,32,18,17,nan,nan,0.35
5/8/2025 20:51:27,1.17.0,PRexp,10,4.02,nan,25,Left,Left,176,32,18,17,nan,nan,0.20
5/8/2025 20:51:29,1.17.0,PRexp,10,4.02,nan,25,Left,Left,177,32,18,17,nan,nan,0.36
5/8/2025 20:51:34,1.17.0,PRexp,10,4.02,nan,25,Left,Left,178,32,18,17,nan,nan,0.04
5/8/2025 20:51:36,1.17.0,PRexp,10,4.02,nan,25,Left,Left,179,32,18,17,nan,nan,0.17
5/8/2025 20:51:39,1.17.0,PRexp,10,4.02,2,25,Pellet,Left,179,32,19,18,0.55,1039,nan
5/8/2025 20:52:05,1.17.0,PRexp,10,4.02,nan,28,Left,Left,180,32,19,18,nan,nan,0.16
5/8/2025 20:52:07,1.17.0,PRexp,10,4.02,nan,28,Left,Left,181,32,19,18,nan,nan,0.28
5/8/2025 20:52:10,1.17.0,PRexp,10,4.02,nan,28,Left,Left,182,32,19,18,nan,nan,0.27
5/8/2025 20:52:21,1.17.0,PRexp,10,4.02,nan,28,Left,Left,183,32,19,18,nan,nan,0.06
5/8/2025 20:52:26,1.17.0,PRexp,10,4.02,nan,28,Left,Left,184,32,19,18,nan,nan,0.28
5/8/2025 20:52:28,1.17.0,PRexp,10,4.02,nan,28,Left,Left,185,32,19,18,nan,nan,0.26
5/8/2025 20:52:34,1.17.0,PRexp,10,4.02,nan,28,Left,Left,186,32,19,18,nan,nan,0.13
5/8/2025 20:52:42,1.17.0,PRexp,10,4.02,nan,28,Left,Left,187,32,19,18,nan,nan,0.32
5/8/2025 20:52:48,1.17.0,PRexp,10,4.02,nan,28,Left,Left,188,32,19,18,nan,nan,0.20
5/8/2025 20:52:53,1.17.0,PRexp,10,4.02,nan,28,Left,Left,189,32,19,18,nan,nan,0.79
5/8/2025 20:52:57,1.17.0,PRexp,10,4.02,nan,28,Left,Left,190,32,19,18,nan,nan,0.31
5/8/2025 20:52:58,1.17.0,PRexp,10,4.02,nan,28,Left,Left,191,32,19,18,nan,nan,0.16
5/8/2025 20:52:59,1.17.0,PRexp,10,4.02,nan,28,Left,Left,192,32,19,18,nan,nan,0.00
5/8/2025 20:53:03,1.17.0,PRexp,10,4.02,nan,28,Left,Left,193,32,19,18,nan,nan,0.16
5/8/2025 20:53:04,1.17.0,PRexp,10,4.02,nan,28,Left,Left,194,32,19,18,nan,nan,0.54
5/8/2025 20:53:08,1.17.0,PRexp,10,4.02,nan,28,Left,Left,195,32,19,18,nan,nan,0.35
5/8/2025 20:59:51,1.17.0,PRexp,10,4.02,nan,28,Left,Left,196,32,19,18,nan,nan,0.02
5/8/2025 21:00:33,1.17.0,PRexp,10,4.02,nan,28,Left,Left,197,32,19,18,nan,nan,0.05
5/8/2025 21:02:44,1.17.0,PRexp,10,4.02,nan,28,Left,Left,198,32,19,18,nan,nan,0.09
5/8/2025 21:03:04,1.17.0,PRexp,10,4.02,nan,28,Left,Left,199,32,19,18,nan,nan,0.04
5/8/2025 21:03:06,1.17.0,PRexp,10,4.02,nan,28,Left,Left,200,32,19,18,nan,nan,0.40
5/8/2025 21:03:08,1.17.0,PRexp,10,4.02,nan,28,Left,Left,201,32,19,18,nan,nan,0.33
5/8/2025 21:03:10,1.17.0,PRexp,10,4.02,nan,28,Left,Left,202,32,19,18,nan,nan,0.37
5/8/2025 21:03:12,1.17.0,PRexp,10,4.02,nan,28,Left,Left,203,32,19,18,nan,nan,0.23
5/8/2025 21:03:14,1.17.0,PRexp,10,4.02,nan,28,Right,Left,203,33,19,18,nan,nan,0.06
5/8/2025 21:03:16,1.17.0,PRexp,10,4.02,nan,28,Left,Left,204,33,19,18,nan,nan,0.29
5/8/2025 21:03:19,1.17.0,PRexp,10,4.02,nan,28,Left,Left,205,33,19,18,nan,nan,0.19
5/8/2025 21:03:21,1.17.0,PRexp,10,4.02,nan,28,Right,Left,205,34,19,18,nan,nan,0.03
5/8/2025 21:03:24,1.17.0,PRexp,10,4.02,nan,28,Left,Left,206,34,19,18,nan,nan,0.18
5/8/2025 21:03:25,1.17.0,PRexp,10,4.02,nan,28,Left,Left,207,34,19,18,nan,nan,0.00
5/8/2025 21:03:28,1.17.0,PRexp,10,4.02,2,28,Pellet,Left,207,34,20,19,0.30,709,nan
5/8/2025 21:03:51,1.17.0,PRexp,10,4.02,nan,32,Left,Left,208,34,20,19,nan,nan,0.19
5/8/2025 21:03:52,1.17.0,PRexp,10,4.02,nan,32,Left,Left,209,34,20,19,nan,nan,0.18
5/8/2025 21:03:54,1.17.0,PRexp,10,4.02,nan,32,Left,Left,210,34,20,19,nan,nan,0.31
5/8/2025 21:03:56,1.17.0,PRexp,10,4.02,nan,32,Left,Left,211,34,20,19,nan,nan,0.21
5/8/2025 21:04:02,1.17.0,PRexp,10,4.02,nan,32,Left,Left,212,34,20,19,nan,nan,0.20
5/8/2025 21:04:07,1.17.0,PRexp,10,4.02,nan,32,Left,Left,213,34,20,19,nan,nan,0.58
5/8/2025 21:04:10,1.17.0,PRexp,10,4.02,nan,32,Left,Left,214,34,20,19,nan,nan,0.30
5/8/2025 21:04:17,1.17.0,PRexp,10,4.02,nan,32,Left,Left,215,34,20,19,nan,nan,0.20
5/8/2025 21:04:23,1.17.0,PRexp,10,4.02,nan,32,Left,Left,216,34,20,19,nan,nan,0.10
5/8/2025 21:04:25,1.17.0,PRexp,10,4.02,nan,32,Left,Left,217,34,20,19,nan,nan,0.04
5/8/2025 21:04:27,1.17.0,PRexp,10,4.02,nan,32,Left,Left,218,34,20,19,nan,nan,0.32
5/8/2025 21:04:32,1.17.0,PRexp,10,4.02,nan,32,Left,Left,219,34,20,19,nan,nan,0.15
5/8/2025 21:04:36,1.17.0,PRexp,10,4.02,nan,32,Left,Left,220,34,20,19,nan,nan,0.11
5/8/2025 21:04:52,1.17.0,PRexp,10,4.02,nan,32,Left,Left,221,34,20,19,nan,nan,0.23
5/8/2025 21:04:55,1.17.0,PRexp,10,4.02,nan,32,Left,Left,222,34,20,19,nan,nan,0.37
5/8/2025 21:04:56,1.17.0,PRexp,10,4.02,nan,32,Left,Left,223,34,20,19,nan,nan,0.56
5/8/2025 21:04:57,1.17.0,PRexp,10,4.02,nan,32,Left,Left,224,34,20,19,nan,nan,0.00
5/8/2025 21:04:59,1.17.0,PRexp,10,4.02,nan,32,Left,Left,225,34,20,19,nan,nan,0.03
5/8/2025 21:05:00,1.17.0,PRexp,10,4.02,nan,32,Left,Left,226,34,20,19,nan,nan,0.42
5/8/2025 21:05:02,1.17.0,PRexp,10,4.02,nan,32,Left,Left,227,34,20,19,nan,nan,0.14
5/8/2025 21:05:03,1.17.0,PRexp,10,4.02,nan,32,Left,Left,228,34,20,19,nan,nan,0.00
5/8/2025 21:05:08,1.17.0,PRexp,10,4.02,nan,32,Left,Left,229,34,20,19,nan,nan,0.50
5/8/2025 21:05:09,1.17.0,PRexp,10,4.02,nan,32,Left,Left,230,34,20,19,nan,nan,0.00
5/8/2025 21:05:14,1.17.0,PRexp,10,4.02,nan,32,Left,Left,231,34,20,19,nan,nan,0.57
5/8/2025 21:05:19,1.17.0,PRexp,10,4.02,nan,32,Left,Left,232,34,20,19,nan,nan,0.34
5/8/2025 21:05:21,1.17.0,PRexp,10,4.02,nan,32,Right,Left,232,35,20,19,nan,nan,0.33
5/8/2025 21:05:27,1.17.0,PRexp,10,4.02,nan,32,Left,Left,233,35,20,19,nan,nan,0.17
5/8/2025 21:05:29,1.17.0,PRexp,10,4.02,nan,32,Left,Left,234,35,20,19,nan,nan,0.23
5/8/2025 21:05:31,1.17.0,PRexp,10,4.02,nan,32,Left,Left,235,35,20,19,nan,nan,0.23
5/8/2025 21:05:33,1.17.0,PRexp,10,4.02,nan,32,Left,Left,236,35,20,19,nan,nan,0.25
5/8/2025 21:05:51,1.17.0,PRexp,10,4.02,nan,32,Right,Left,236,36,20,19,nan,nan,0.55
5/8/2025 21:06:01,1.17.0,PRexp,10,4.02,nan,32,Left,Left,237,36,20,19,nan,nan,0.23
5/8/2025 21:06:07,1.17.0,PRexp,10,4.02,nan,32,Left,Left,238,36,20,19,nan,nan,0.15
5/8/2025 21:08:17,1.17.0,PRexp,10,4.02,nan,32,Left,Left,239,36,20,19,nan,nan,0.07
5/8/2025 21:08:22,1.17.0,PRexp,10,4.02,3,32,Pellet,Left,239,36,21,20,0.06,294,nan
5/8/2025 21:08:41,1.17.0,PRexp,10,4.02,nan,36,Left,Left,240,36,21,20,nan,nan,0.18
5/8/2025 21:08:44,1.17.0,PRexp,10,4.02,nan,36,Left,Left,241,36,21,20,nan,nan,0.27
5/8/2025 21:08:46,1.17.0,PRexp,10,4.02,nan,36,Left,Left,242,36,21,20,nan,nan,0.09
5/8/2025 21:08:50,1.17.0,PRexp,10,4.02,nan,36,Left,Left,243,36,21,20,nan,nan,0.48
5/8/2025 21:08:55,1.17.0,PRexp,10,4.02,nan,36,Left,Left,244,36,21,20,nan,nan,0.09
5/8/2025 21:08:57,1.17.0,PRexp,10,4.02,nan,36,Left,Left,245,36,21,20,nan,nan,0.23
5/8/2025 21:09:03,1.17.0,PRexp,10,4.02,nan,36,Left,Left,246,36,21,20,nan,nan,0.30
5/8/2025 21:09:05,1.17.0,PRexp,10,4.02,nan,36,Left,Left,247,36,21,20,nan,nan,0.18
5/8/2025 21:09:10,1.17.0,PRexp,10,4.02,nan,36,Left,Left,248,36,21,20,nan,nan,0.04
5/8/2025 21:09:11,1.17.0,PRexp,10,4.02,nan,36,Left,Left,249,36,21,20,nan,nan,0.60
5/8/2025 21:09:14,1.17.0,PRexp,10,4.02,nan,36,Left,Left,250,36,21,20,nan,nan,0.18
5/8/2025 21:09:19,1.17.0,PRexp,10,4.01,nan,36,Left,Left,251,36,21,20,nan,nan,0.15
5/8/2025 21:09:21,1.17.0,PRexp,10,4.02,nan,36,Left,Left,252,36,21,20,nan,nan,0.15
5/8/2025 21:09:23,1.17.0,PRexp,10,4.02,nan,36,Left,Left,253,36,21,20,nan,nan,0.19
5/8/2025 21:09:27,1.17.0,PRexp,10,4.02,nan,36,Left,Left,254,36,21,20,nan,nan,0.26
5/8/2025 21:09:29,1.17.0,PRexp,10,4.02,nan,36,Left,Left,255,36,21,20,nan,nan,0.08
5/8/2025 21:13:52,1.17.0,PRexp,10,4.02,nan,36,Left,Left,256,36,21,20,nan,nan,0.42
5/8/2025 21:13:56,1.17.0,PRexp,10,4.02,nan,36,Left,Left,257,36,21,20,nan,nan,0.07
5/8/2025 21:13:58,1.17.0,PRexp,10,4.02,nan,36,Left,Left,258,36,21,20,nan,nan,0.37
5/8/2025 21:14:02,1.17.0,PRexp,10,4.02,nan,36,Left,Left,259,36,21,20,nan,nan,0.37
5/8/2025 21:14:11,1.17.0,PRexp,10,4.02,nan,36,Right,Left,259,37,21,20,nan,nan,0.29
5/8/2025 21:14:13,1.17.0,PRexp,10,4.02,nan,36,Left,Left,260,37,21,20,nan,nan,0.27
5/8/2025 21:14:15,1.17.0,PRexp,10,4.02,nan,36,Left,Left,261,37,21,20,nan,nan,0.17
5/8/2025 21:14:18,1.17.0,PRexp,10,4.02,nan,36,Left,Left,262,37,21,20,nan,nan,0.30
5/8/2025 21:14:22,1.17.0,PRexp,10,4.02,nan,36,Left,Left,263,37,21,20,nan,nan,0.04
5/8/2025 21:15:41,1.17.0,PRexp,10,4.02,nan,36,Left,Left,264,37,21,20,nan,nan,0.02
5/8/2025 21:16:10,1.17.0,PRexp,10,4.02,nan,36,Left,Left,265,37,21,20,nan,nan,0.14
5/8/2025 21:16:11,1.17.0,PRexp,10,4.02,nan,36,Left,Left,266,37,21,20,nan,nan,0.00
5/8/2025 21:16:13,1.17.0,PRexp,10,4.02,nan,36,Left,Left,267,37,21,20,nan,nan,0.31
5/8/2025 21:16:16,1.17.0,PRexp,10,4.02,nan,36,Left,Left,268,37,21,20,nan,nan,0.46
5/8/2025 21:16:18,1.17.0,PRexp,10,4.02,nan,36,Left,Left,269,37,21,20,nan,nan,0.23
5/8/2025 21:16:19,1.17.0,PRexp,10,4.02,nan,36,Left,Left,270,37,21,20,nan,nan,0.04
5/8/2025 21:16:21,1.17.0,PRexp,10,4.02,nan,36,Left,Left,271,37,21,20,nan,nan,0.09
5/8/2025 21:16:23,1.17.0,PRexp,10,4.02,nan,36,Left,Left,272,37,21,20,nan,nan,0.06
5/8/2025 21:16:29,1.17.0,PRexp,10,4.02,nan,36,Left,Left,273,37,21,20,nan,nan,0.25
5/8/2025 21:16:32,1.17.0,PRexp,10,4.02,nan,36,Left,Left,274,37,21,20,nan,nan,0.11
5/8/2025 21:16:33,1.17.0,PRexp,10,4.02,nan,36,Right,Left,274,38,21,20,nan,nan,0.12
5/8/2025 21:16:35,1.17.0,PRexp,10,4.02,nan,36,Right,Left,274,39,21,20,nan,nan,0.00
5/8/2025 21:16:41,1.17.0,PRexp,10,4.02,nan,36,Right,Left,274,40,21,20,nan,nan,1.03
5/8/2025 21:16:45,1.17.0,PRexp,10,4.02,nan,36,Right,Left,274,41,21,20,nan,nan,1.18
5/8/2025 21:16:47,1.17.0,PRexp,10,4.02,nan,36,Right,Left,274,42,21,20,nan,nan,0.10
5/8/2025 21:16:54,1.17.0,PRexp,10,4.02,nan,36,Right,Left,274,43,21,20,nan,nan,0.10
5/8/2025 21:17:01,1.17.0,PRexp,10,4.02,nan,36,Right,Left,274,44,21,20,nan,nan,0.00
5/8/2025 21:17:04,1.17.0,PRexp,10,4.02,nan,36,Right,Left,274,45,21,20,nan,nan,0.11
5/8/2025 21:17:06,1.17.0,PRexp,10,4.02,nan,36,Right,Left,274,46,21,20,nan,nan,0.00
5/8/2025 21:17:07,1.17.0,PRexp,10,4.02,nan,36,Right,Left,274,47,21,20,nan,nan,0.00
5/8/2025 21:17:11,1.17.0,PRexp,10,4.02,nan,36,Right,Left,274,48,21,20,nan,nan,0.81
5/8/2025 21:17:16,1.17.0,PRexp,10,4.02,nan,36,Right,Left,274,49,21,20,nan,nan,0.11
5/8/2025 21:17:18,1.17.0,PRexp,10,4.02,nan,36,Right,Left,274,50,21,20,nan,nan,0.03
5/8/2025 21:17:24,1.17.0,PRexp,10,4.02,nan,36,Right,Left,274,51,21,20,nan,nan,0.45
5/8/2025 21:17:28,1.17.0,PRexp,10,4.02,nan,36,Left,Left,275,51,21,20,nan,nan,0.14
5/8/2025 21:17:30,1.17.0,PRexp,10,4.01,nan,36,LeftDuringDispense,Left,276,51,21,21,nan,nan,0.36
5/8/2025 21:17:31,1.17.0,PRexp,10,4.02,nan,36,LeftDuringDispense,Left,277,51,21,21,nan,nan,0.06
5/8/2025 21:17:33,1.17.0,PRexp,10,4.02,nan,36,LeftDuringDispense,Left,278,51,21,21,nan,nan,0.36
5/8/2025 21:17:34,1.17.0,PRexp,10,4.02,nan,36,LeftDuringDispense,Left,279,51,21,21,nan,nan,0.17
5/8/2025 21:17:35,1.17.0,PRexp,10,4.02,nan,36,LeftDuringDispense,Left,280,51,21,21,nan,nan,0.05
5/8/2025 21:17:36,1.17.0,PRexp,10,4.02,nan,36,LeftDuringDispense,Left,281,51,21,21,nan,nan,1.11
5/8/2025 21:17:37,1.17.0,PRexp,10,4.02,nan,36,LeftDuringDispense,Left,282,51,21,21,nan,nan,0.14
5/8/2025 21:17:37,1.17.0,PRexp,10,4.02,nan,36,LeftDuringDispense,Left,283,51,21,21,nan,nan,0.08
5/8/2025 21:17:41,1.17.0,PRexp,10,4.02,nan,36,LeftWithPellet,Left,284,51,21,21,nan,nan,0.50
5/8/2025 21:17:42,1.17.0,PRexp,10,4.02,nan,36,LeftWithPellet,Left,285,51,21,21,nan,nan,0.22
5/8/2025 21:17:43,1.17.0,PRexp,10,4.02,nan,36,LeftWithPellet,Left,286,51,21,21,nan,nan,0.36
5/8/2025 21:17:45,1.17.0,PRexp,10,4.02,nan,36,LeftWithPellet,Left,287,51,21,21,nan,nan,0.74
5/8/2025 21:17:46,1.17.0,PRexp,10,4.02,nan,36,LeftWithPellet,Left,288,51,21,21,nan,nan,0.33
5/8/2025 21:17:46,1.17.0,PRexp,10,4.02,nan,36,LeftWithPellet,Left,289,51,21,21,nan,nan,0.06
5/8/2025 21:17:49,1.17.0,PRexp,10,4.02,nan,36,LeftWithPellet,Left,290,51,21,21,nan,nan,0.47
5/8/2025 21:17:51,1.17.0,PRexp,10,4.02,3,36,Pellet,Left,290,51,22,21,11.25,569,nan
5/8/2025 21:18:18,1.17.0,PRexp,10,4.02,nan,40,Left,Left,291,51,22,21,nan,nan,0.21
5/8/2025 21:18:22,1.17.0,PRexp,10,4.02,nan,40,Left,Left,292,51,22,21,nan,nan,0.24
5/8/2025 21:29:44,1.17.0,PRexp,10,4.02,nan,40,Left,Left,293,51,22,21,nan,nan,0.62
5/8/2025 21:30:11,1.17.0,PRexp,10,4.02,nan,40,Right,Left,293,52,22,21,nan,nan,0.20
5/8/2025 21:30:12,1.17.0,PRexp,10,4.02,nan,40,Right,Left,293,53,22,21,nan,nan,0.10
5/8/2025 21:30:17,1.17.0,PRexp,10,4.02,nan,40,Left,Left,294,53,22,21,nan,nan,0.11
5/8/2025 21:30:18,1.17.0,PRexp,10,4.01,nan,40,Right,Left,294,54,22,21,nan,nan,0.00
5/8/2025 21:30:24,1.17.0,PRexp,10,4.01,nan,40,Left,Left,295,54,22,21,nan,nan,0.00
5/8/2025 21:30:31,1.17.0,PRexp,10,4.02,nan,40,Right,Left,295,55,22,21,nan,nan,0.11
5/8/2025 21:30:33,1.17.0,PRexp,10,4.02,nan,40,Left,Left,296,55,22,21,nan,nan,0.04
5/8/2025 21:30:35,1.17.0,PRexp,10,4.02,nan,40,Left,Left,297,55,22,21,nan,nan,0.25
5/8/2025 21:30:39,1.17.0,PRexp,10,4.02,nan,40,Left,Left,298,55,22,21,nan,nan,0.19
5/8/2025 21:31:29,1.17.0,PRexp,10,4.01,nan,40,Left,Left,299,55,22,21,nan,nan,0.22
5/8/2025 21:32:00,1.17.0,PRexp,10,4.02,nan,40,Left,Left,300,55,22,21,nan,nan,0.21
5/8/2025 21:32:04,1.17.0,PRexp,10,4.02,nan,40,Left,Left,301,55,22,21,nan,nan,0.05
5/8/2025 21:32:08,1.17.0,PRexp,10,4.02,nan,40,Left,Left,302,55,22,21,nan,nan,0.07
5/8/2025 21:32:14,1.17.0,PRexp,10,4.02,nan,40,Left,Left,303,55,22,21,nan,nan,0.17
5/8/2025 21:35:30,1.17.0,PRexp,10,4.01,nan,40,Left,Left,304,55,22,21,nan,nan,0.14
5/8/2025 21:35:32,1.17.0,PRexp,10,4.02,nan,40,Left,Left,305,55,22,21,nan,nan,0.25
5/8/2025 21:35:35,1.17.0,PRexp,10,4.02,nan,40,Left,Left,306,55,22,21,nan,nan,0.21
5/8/2025 21:35:42,1.17.0,PRexp,10,4.02,nan,40,Left,Left,307,55,22,21,nan,nan,0.23
5/8/2025 21:35:59,1.17.0,PRexp,10,4.02,nan,40,Left,Left,308,55,22,21,nan,nan,0.22
5/8/2025 21:36:01,1.17.0,PRexp,10,4.02,nan,40,Left,Left,309,55,22,21,nan,nan,0.30
5/8/2025 21:38:56,1.17.0,PRexp,10,4.02,nan,40,Right,Left,309,56,22,21,nan,nan,0.13
5/8/2025 21:39:02,1.17.0,PRexp,10,4.02,nan,40,Right,Left,309,57,22,21,nan,nan,0.02
5/8/2025 21:39:09,1.17.0,PRexp,10,4.01,nan,40,Left,Left,310,57,22,21,nan,nan,0.11
5/8/2025 21:39:11,1.17.0,PRexp,10,4.01,nan,40,Left,Left,311,57,22,21,nan,nan,0.16
5/8/2025 21:39:17,1.17.0,PRexp,10,4.02,nan,40,Left,Left,312,57,22,21,nan,nan,0.10
5/8/2025 22:20:54,1.17.0,PRexp,10,4.02,nan,1,Left,Left,313,57,22,0,nan,nan,0.03
5/8/2025 22:20:57,1.17.0,PRexp,10,4.01,2,1,Pellet,Left,313,57,23,1,0.36,3785,nan
5/8/2025 22:21:14,1.17.0,PRexp,10,4.02,nan,1,Left,Left,314,57,23,1,nan,nan,0.41
5/8/2025 22:21:19,1.17.0,PRexp,10,4.01,3,1,Pellet,Left,314,57,24,2,0.30,23,nan
5/8/2025 22:21:36,1.17.0,PRexp,10,4.02,nan,2,Left,Left,315,57,24,2,nan,nan,0.02
5/8/2025 22:21:38,1.17.0,PRexp,10,4.02,nan,2,Left,Left,316,57,24,2,nan,nan,0.31
5/8/2025 22:21:41,1.17.0,PRexp,10,4.02,2,2,Pellet,Left,316,57,25,3,0.18,22,nan
5/8/2025 22:21:58,1.17.0,PRexp,10,4.02,nan,2,Left,Left,317,57,25,3,nan,nan,0.13
5/8/2025 22:22:02,1.17.0,PRexp,10,4.02,nan,2,Left,Left,318,57,25,3,nan,nan,0.17
5/8/2025 22:22:04,1.17.0,PRexp,10,4.01,nan,2,LeftWithPellet,Left,319,57,25,4,nan,nan,0.01
5/8/2025 22:22:05,1.17.0,PRexp,10,4.02,2,2,Pellet,Left,319,57,26,4,1.06,24,nan
5/8/2025 22:22:21,1.17.0,PRexp,10,4.01,nan,3,Left,Left,320,57,26,4,nan,nan,0.44
5/8/2025 22:22:23,1.17.0,PRexp,10,4.01,nan,3,Left,Left,321,57,26,4,nan,nan,0.44
5/8/2025 22:22:28,1.17.0,PRexp,10,4.02,nan,3,Left,Left,322,57,26,4,nan,nan,0.26
5/8/2025 22:22:31,1.17.0,PRexp,10,4.01,2,3,Pellet,Left,322,57,27,5,0.36,26,nan
5/8/2025 22:22:51,1.17.0,PRexp,10,4.02,nan,4,Left,Left,323,57,27,5,nan,nan,0.16
5/8/2025 22:22:53,1.17.0,PRexp,10,4.02,nan,4,Left,Left,324,57,27,5,nan,nan,0.27
5/8/2025 22:22:55,1.17.0,PRexp,10,4.01,nan,4,Left,Left,325,57,27,5,nan,nan,0.20
5/8/2025 22:23:06,1.17.0,PRexp,10,4.02,nan,4,Left,Left,326,57,27,5,nan,nan,0.42
5/8/2025 22:23:09,1.17.0,PRexp,10,4.01,2,4,Pellet,Left,326,57,28,6,0.12,38,nan
5/8/2025 22:23:25,1.17.0,PRexp,10,4.02,nan,5,Left,Left,327,57,28,6,nan,nan,0.29
5/8/2025 22:23:27,1.17.0,PRexp,10,4.02,nan,5,Left,Left,328,57,28,6,nan,nan,0.06
5/8/2025 22:23:31,1.17.0,PRexp,10,4.01,nan,5,Left,Left,329,57,28,6,nan,nan,0.42
5/8/2025 22:23:35,1.17.0,PRexp,10,4.01,nan,5,Right,Left,329,58,28,6,nan,nan,0.04
5/8/2025 22:23:38,1.17.0,PRexp,10,4.02,nan,5,Right,Left,329,59,28,6,nan,nan,0.11
5/8/2025 22:23:41,1.17.0,PRexp,10,4.01,nan,5,Left,Left,330,59,28,6,nan,nan,0.19
5/8/2025 22:23:44,1.17.0,PRexp,10,4.02,nan,5,Left,Left,331,59,28,6,nan,nan,0.29
5/8/2025 22:24:02,1.17.0,PRexp,10,4.02,2,5,Pellet,Left,331,59,29,7,15.39,53,nan
5/8/2025 22:24:19,1.17.0,PRexp,10,4.01,nan,6,Left,Left,332,59,29,7,nan,nan,0.13
5/8/2025 22:24:20,1.17.0,PRexp,10,4.02,nan,6,Left,Left,333,59,29,7,nan,nan,0.00
5/8/2025 22:24:25,1.17.0,PRexp,10,4.02,nan,6,Left,Left,334,59,29,7,nan,nan,0.23
5/8/2025 22:24:28,1.17.0,PRexp,10,4.01,nan,6,Left,Left,335,59,29,7,nan,nan,0.10
5/8/2025 22:24:33,1.17.0,PRexp,10,4.02,nan,6,Left,Left,336,59,29,7,nan,nan,0.18
5/8/2025 22:31:06,1.17.0,PRexp,10,4.02,nan,6,Left,Left,337,59,29,7,nan,nan,0.43
5/8/2025 22:31:25,1.17.0,PRexp,10,4.01,3,6,Pellet,Left,337,59,30,8,12.37,442,nan
5/8/2025 22:31:53,1.17.0,PRexp,10,4.01,nan,7,Right,Left,337,60,30,8,nan,nan,0.18
5/8/2025 22:31:55,1.17.0,PRexp,10,4.01,nan,7,Left,Left,338,60,30,8,nan,nan,0.25
5/8/2025 22:31:57,1.17.0,PRexp,10,4.02,nan,7,Left,Left,339,60,30,8,nan,nan,0.49
5/8/2025 22:31:59,1.17.0,PRexp,10,4.02,nan,7,Left,Left,340,60,30,8,nan,nan,0.19
5/8/2025 22:32:11,1.17.0,PRexp,10,4.02,nan,7,Left,Left,341,60,30,8,nan,nan,0.17
5/8/2025 22:32:13,1.17.0,PRexp,10,4.01,nan,7,Left,Left,342,60,30,8,nan,nan,0.16
5/8/2025 22:32:18,1.17.0,PRexp,10,4.01,nan,7,Left,Left,343,60,30,8,nan,nan,0.40
5/8/2025 22:32:26,1.17.0,PRexp,10,4.02,nan,7,Right,Left,343,61,30,8,nan,nan,0.57
5/8/2025 22:33:56,1.17.0,PRexp,10,4.02,nan,7,Left,Left,344,61,30,8,nan,nan,0.23
5/8/2025 22:33:58,1.17.0,PRexp,10,4.02,2,7,Pellet,Left,344,61,31,9,0.24,154,nan
5/8/2025 22:34:17,1.17.0,PRexp,10,4.01,nan,9,Left,Left,345,61,31,9,nan,nan,0.14
5/8/2025 22:34:20,1.17.0,PRexp,10,4.01,nan,9,Left,Left,346,61,31,9,nan,nan,0.31
5/8/2025 22:34:28,1.17.0,PRexp,10,4.02,nan,9,Left,Left,347,61,31,9,nan,nan,0.22
5/8/2025 22:38:50,1.17.0,PRexp,10,4.02,nan,9,Left,Left,348,61,31,9,nan,nan,0.33
5/8/2025 22:38:51,1.17.0,PRexp,10,4.02,nan,9,Left,Left,349,61,31,9,nan,nan,0.28
5/8/2025 22:38:54,1.17.0,PRexp,10,4.02,nan,9,Left,Left,350,61,31,9,nan,nan,0.33
5/8/2025 22:39:11,1.17.0,PRexp,10,4.01,nan,9,Left,Left,351,61,31,9,nan,nan,0.03
5/8/2025 22:39:16,1.17.0,PRexp,10,4.02,nan,9,Left,Left,352,61,31,9,nan,nan,0.08
5/8/2025 22:40:16,1.17.0,PRexp,10,4.02,nan,9,Right,Left,352,62,31,9,nan,nan,0.03
5/8/2025 22:40:22,1.17.0,PRexp,10,4.01,nan,9,Right,Left,352,63,31,9,nan,nan,0.00
5/8/2025 22:40:24,1.17.0,PRexp,10,4.01,nan,9,Left,Left,353,63,31,9,nan,nan,0.12
5/8/2025 22:40:29,1.17.0,PRexp,10,4.02,3,9,Pellet,Left,353,63,32,10,0.36,391,nan
5/8/2025 22:40:46,1.17.0,PRexp,10,4.01,nan,10,Left,Left,354,63,32,10,nan,nan,0.19
5/8/2025 22:40:50,1.17.0,PRexp,10,4.01,nan,10,Left,Left,355,63,32,10,nan,nan,0.31
5/8/2025 22:40:51,1.17.0,PRexp,10,4.01,nan,10,Left,Left,356,63,32,10,nan,nan,0.28
5/8/2025 22:40:54,1.17.0,PRexp,10,4.01,nan,10,Left,Left,357,63,32,10,nan,nan,0.32
5/8/2025 22:40:56,1.17.0,PRexp,10,4.02,nan,10,Left,Left,358,63,32,10,nan,nan,0.24
5/8/2025 22:40:58,1.17.0,PRexp,10,4.01,nan,10,Left,Left,359,63,32,10,nan,nan,0.05
5/8/2025 22:42:29,1.17.0,PRexp,10,4.01,nan,10,Left,Left,360,63,32,10,nan,nan,0.04
5/8/2025 22:42:33,1.17.0,PRexp,10,4.01,nan,10,Left,Left,361,63,32,10,nan,nan,0.30
5/8/2025 22:43:32,1.17.0,PRexp,10,4.02,nan,10,Left,Left,362,63,32,10,nan,nan,0.08
5/8/2025 22:43:35,1.17.0,PRexp,10,4.01,nan,10,Left,Left,363,63,32,10,nan,nan,0.11
5/8/2025 22:43:38,1.17.0,PRexp,10,4.02,2,10,Pellet,Left,363,63,33,11,0.06,189,nan
5/8/2025 22:44:16,1.17.0,PRexp,10,4.02,nan,12,Left,Left,364,63,33,11,nan,nan,0.24
5/8/2025 22:44:20,1.17.0,PRexp,10,4.02,nan,12,Left,Left,365,63,33,11,nan,nan,0.17
5/8/2025 22:44:23,1.17.0,PRexp,10,4.02,nan,12,Left,Left,366,63,33,11,nan,nan,0.12
5/8/2025 22:44:56,1.17.0,PRexp,10,4.02,nan,12,Left,Left,367,63,33,11,nan,nan,0.25
5/8/2025 22:44:58,1.17.0,PRexp,10,4.02,nan,12,Left,Left,368,63,33,11,nan,nan,0.26
5/8/2025 22:45:02,1.17.0,PRexp,10,4.02,nan,12,Left,Left,369,63,33,11,nan,nan,0.31
5/8/2025 22:45:04,1.17.0,PRexp,10,4.02,nan,12,Left,Left,370,63,33,11,nan,nan,0.21
5/8/2025 22:45:08,1.17.0,PRexp,10,4.01,nan,12,Left,Left,371,63,33,11,nan,nan,0.18
5/8/2025 22:45:10,1.17.0,PRexp,10,4.01,nan,12,Left,Left,372,63,33,11,nan,nan,0.13
5/8/2025 22:45:16,1.17.0,PRexp,10,4.02,nan,12,Left,Left,373,63,33,11,nan,nan,0.10
5/8/2025 22:45:19,1.17.0,PRexp,10,4.01,nan,12,Left,Left,374,63,33,11,nan,nan,0.23
5/8/2025 22:45:21,1.17.0,PRexp,10,4.01,nan,12,Left,Left,375,63,33,11,nan,nan,0.38
5/8/2025 22:45:24,1.17.0,PRexp,10,4.01,2,12,Pellet,Left,375,63,34,12,0.06,106,nan
5/8/2025 22:45:50,1.17.0,PRexp,10,4.01,nan,13,Right,Left,375,64,34,12,nan,nan,0.05
5/8/2025 22:45:53,1.17.0,PRexp,10,4.01,nan,13,Left,Left,376,64,34,12,nan,nan,0.28
5/8/2025 22:45:56,1.17.0,PRexp,10,4.02,nan,13,Left,Left,377,64,34,12,nan,nan,0.14
5/8/2025 22:46:01,1.17.0,PRexp,10,4.02,nan,13,Left,Left,378,64,34,12,nan,nan,0.18
5/8/2025 22:46:03,1.17.0,PRexp,10,4.02,nan,13,Left,Left,379,64,34,12,nan,nan,0.11
5/8/2025 22:46:06,1.17.0,PRexp,10,4.02,nan,13,Left,Left,380,64,34,12,nan,nan,0.36
5/8/2025 22:46:09,1.17.0,PRexp,10,4.02,nan,13,Left,Left,381,64,34,12,nan,nan,0.23
5/8/2025 22:46:11,1.17.0,PRexp,10,4.01,nan,13,Left,Left,382,64,34,12,nan,nan,0.14
5/8/2025 22:47:09,1.17.0,PRexp,10,4.01,nan,13,Left,Left,383,64,34,12,nan,nan,0.15
5/8/2025 22:47:11,1.17.0,PRexp,10,4.02,nan,13,Left,Left,384,64,34,12,nan,nan,0.21
5/8/2025 22:47:14,1.17.0,PRexp,10,4.01,nan,13,Left,Left,385,64,34,12,nan,nan,0.15
5/8/2025 22:48:24,1.17.0,PRexp,10,4.02,nan,13,Right,Left,385,65,34,12,nan,nan,0.02
5/8/2025 22:48:36,1.17.0,PRexp,10,4.01,nan,13,Left,Left,386,65,34,12,nan,nan,0.03
5/8/2025 22:48:38,1.17.0,PRexp,10,4.02,nan,13,Left,Left,387,65,34,12,nan,nan,0.08
5/8/2025 22:50:57,1.17.0,PRexp,10,4.01,nan,13,Left,Left,388,65,34,12,nan,nan,0.03
5/8/2025 22:51:04,1.17.0,PRexp,10,4.01,2,13,Pellet,Left,388,65,35,13,2.51,340,nan
5/8/2025 22:51:19,1.17.0,PRexp,10,4.00,nan,15,Left,Left,389,65,35,13,nan,nan,0.21
5/8/2025 22:51:26,1.17.0,PRexp,10,4.02,nan,15,Left,Left,390,65,35,13,nan,nan,0.42
5/8/2025 22:51:31,1.17.0,PRexp,10,4.02,nan,15,Left,Left,391,65,35,13,nan,nan,0.35
5/8/2025 22:51:48,1.17.0,PRexp,10,4.02,nan,15,Left,Left,392,65,35,13,nan,nan,0.05
5/8/2025 22:51:50,1.17.0,PRexp,10,4.01,nan,15,Left,Left,393,65,35,13,nan,nan,0.41
5/8/2025 22:52:13,1.17.0,PRexp,10,4.01,nan,15,Left,Left,394,65,35,13,nan,nan,0.12
5/8/2025 22:53:46,1.17.0,PRexp,10,4.02,nan,15,Left,Left,395,65,35,13,nan,nan,0.13
5/8/2025 22:53:48,1.17.0,PRexp,10,4.02,nan,15,Left,Left,396,65,35,13,nan,nan,0.36
5/8/2025 22:53:52,1.17.0,PRexp,10,4.02,nan,15,Left,Left,397,65,35,13,nan,nan,0.28
5/8/2025 22:53:54,1.17.0,PRexp,10,4.01,nan,15,Left,Left,398,65,35,13,nan,nan,0.53
5/8/2025 22:54:09,1.17.0,PRexp,10,4.02,nan,15,Right,Left,398,66,35,13,nan,nan,0.10
5/8/2025 22:55:03,1.17.0,PRexp,10,4.01,nan,15,Left,Left,399,66,35,13,nan,nan,0.16
5/8/2025 22:55:05,1.17.0,PRexp,10,4.02,nan,15,Left,Left,400,66,35,13,nan,nan,0.34
5/8/2025 22:55:08,1.17.0,PRexp,10,4.02,nan,15,Left,Left,401,66,35,13,nan,nan,0.23
5/8/2025 22:56:11,1.17.0,PRexp,10,4.01,nan,15,Right,Left,401,67,35,13,nan,nan,0.06
5/8/2025 23:04:53,1.17.0,PRexp,10,4.02,nan,15,Right,Left,401,68,35,13,nan,nan,0.04
5/8/2025 23:05:04,1.17.0,PRexp,10,4.02,nan,15,Left,Left,402,68,35,13,nan,nan,0.23
5/8/2025 23:06:50,1.17.0,PRexp,10,4.02,nan,15,Left,Left,403,68,35,13,nan,nan,0.12
5/8/2025 23:06:53,1.17.0,PRexp,10,4.01,2,15,Pellet,Left,403,68,36,14,0.06,949,nan
5/8/2025 23:07:15,1.17.0,PRexp,10,4.01,nan,17,Left,Left,404,68,36,14,nan,nan,0.15
5/8/2025 23:07:20,1.17.0,PRexp,10,4.02,nan,17,Left,Left,405,68,36,14,nan,nan,0.16
5/8/2025 23:09:48,1.17.0,PRexp,10,4.01,nan,17,Left,Left,406,68,36,14,nan,nan,0.11
5/8/2025 23:09:51,1.17.0,PRexp,10,4.01,nan,17,Left,Left,407,68,36,14,nan,nan,0.29
5/8/2025 23:09:53,1.17.0,PRexp,10,4.02,nan,17,Left,Left,408,68,36,14,nan,nan,0.32
5/8/2025 23:10:03,1.17.0,PRexp,10,4.02,nan,17,Left,Left,409,68,36,14,nan,nan,0.25
5/8/2025 23:10:07,1.17.0,PRexp,10,4.02,nan,17,Left,Left,410,68,36,14,nan,nan,0.19
5/8/2025 23:10:10,1.17.0,PRexp,10,4.01,nan,17,Left,Left,411,68,36,14,nan,nan,0.44
5/8/2025 23:13:02,1.17.0,PRexp,10,4.02,nan,17,Left,Left,412,68,36,14,nan,nan,0.06
5/8/2025 23:13:04,1.17.0,PRexp,10,4.01,nan,17,Left,Left,413,68,36,14,nan,nan,0.13
5/8/2025 23:13:09,1.17.0,PRexp,10,4.01,nan,17,Right,Left,413,69,36,14,nan,nan,0.02
5/8/2025 23:13:11,1.17.0,PRexp,10,4.01,nan,17,Left,Left,414,69,36,14,nan,nan,0.18
5/8/2025 23:15:53,1.17.0,PRexp,10,4.01,nan,17,Left,Left,415,69,36,14,nan,nan,0.08
5/8/2025 23:15:56,1.17.0,PRexp,10,4.01,nan,17,Left,Left,416,69,36,14,nan,nan,0.14
5/8/2025 23:16:19,1.17.0,PRexp,10,4.02,nan,17,Right,Left,416,70,36,14,nan,nan,0.03
5/8/2025 23:16:25,1.17.0,PRexp,10,4.00,nan,17,Left,Left,417,70,36,14,nan,nan,0.29
5/8/2025 23:16:31,1.17.0,PRexp,10,4.01,nan,17,Left,Left,418,70,36,14,nan,nan,0.10
5/8/2025 23:17:15,1.17.0,PRexp,10,4.01,nan,17,Left,Left,419,70,36,14,nan,nan,0.03
5/8/2025 23:17:18,1.17.0,PRexp,10,4.02,nan,17,Right,Left,419,71,36,14,nan,nan,0.43
5/8/2025 23:17:19,1.17.0,PRexp,10,4.01,nan,17,Left,Left,420,71,36,14,nan,nan,0.00
5/8/2025 23:17:22,1.17.0,PRexp,10,4.01,2,17,Pellet,Left,420,71,37,15,0.12,629,nan
5/8/2025 23:17:45,1.17.0,PRexp,10,4.01,nan,20,Left,Left,421,71,37,15,nan,nan,0.16
5/8/2025 23:17:48,1.17.0,PRexp,10,4.01,nan,20,Left,Left,422,71,37,15,nan,nan,0.25
5/8/2025 23:17:52,1.17.0,PRexp,10,4.02,nan,20,Left,Left,423,71,37,15,nan,nan,0.33
5/8/2025 23:17:55,1.17.0,PRexp,10,4.02,nan,20,Left,Left,424,71,37,15,nan,nan,0.19
5/8/2025 23:17:58,1.17.0,PRexp,10,4.01,nan,20,Left,Left,425,71,37,15,nan,nan,0.09
5/8/2025 23:18:01,1.17.0,PRexp,10,4.02,nan,20,Left,Left,426,71,37,15,nan,nan,0.39
5/8/2025 23:18:07,1.17.0,PRexp,10,4.01,nan,20,Left,Left,427,71,37,15,nan,nan,0.12
5/8/2025 23:18:09,1.17.0,PRexp,10,4.02,nan,20,Left,Left,428,71,37,15,nan,nan,0.01
5/8/2025 23:18:11,1.17.0,PRexp,10,4.00,nan,20,Left,Left,429,71,37,15,nan,nan,0.15
5/8/2025 23:18:12,1.17.0,PRexp,10,4.01,nan,20,Left,Left,430,71,37,15,nan,nan,0.47
5/8/2025 23:18:14,1.17.0,PRexp,10,4.01,nan,20,Left,Left,431,71,37,15,nan,nan,0.00
5/8/2025 23:18:16,1.17.0,PRexp,10,4.02,nan,20,Left,Left,432,71,37,15,nan,nan,0.24
5/8/2025 23:18:18,1.17.0,PRexp,10,4.01,nan,20,Left,Left,433,71,37,15,nan,nan,0.23
5/8/2025 23:18:20,1.17.0,PRexp,10,4.01,nan,20,Left,Left,434,71,37,15,nan,nan,0.30
5/8/2025 23:18:22,1.17.0,PRexp,10,4.01,nan,20,Left,Left,435,71,37,15,nan,nan,0.30
5/8/2025 23:18:36,1.17.0,PRexp,10,4.02,nan,20,Right,Left,435,72,37,15,nan,nan,0.13
5/8/2025 23:18:42,1.17.0,PRexp,10,4.01,nan,20,Left,Left,436,72,37,15,nan,nan,0.21
5/8/2025 23:18:54,1.17.0,PRexp,10,4.01,nan,20,Left,Left,437,72,37,15,nan,nan,0.13
5/8/2025 23:19:01,1.17.0,PRexp,10,4.02,nan,20,Left,Left,438,72,37,15,nan,nan,0.04
5/8/2025 23:19:04,1.17.0,PRexp,10,4.01,nan,20,Left,Left,439,72,37,15,nan,nan,0.13
5/8/2025 23:23:02,1.17.0,PRexp,10,4.01,nan,20,Left,Left,440,72,37,15,nan,nan,0.31
5/8/2025 23:23:05,1.17.0,PRexp,10,4.02,2,20,Pellet,Left,440,72,38,16,0.06,342,nan
5/8/2025 23:23:24,1.17.0,PRexp,10,4.01,nan,22,Left,Left,441,72,38,16,nan,nan,0.27
5/8/2025 23:23:27,1.17.0,PRexp,10,4.02,nan,22,Left,Left,442,72,38,16,nan,nan,0.33
5/8/2025 23:23:29,1.17.0,PRexp,10,4.02,nan,22,Left,Left,443,72,38,16,nan,nan,0.42
5/8/2025 23:23:33,1.17.0,PRexp,10,4.01,nan,22,Right,Left,443,73,38,16,nan,nan,0.19
5/8/2025 23:24:44,1.17.0,PRexp,10,4.02,nan,22,Left,Left,444,73,38,16,nan,nan,0.37
5/8/2025 23:24:47,1.17.0,PRexp,10,4.01,nan,22,Left,Left,445,73,38,16,nan,nan,0.03
5/8/2025 23:25:32,1.17.0,PRexp,10,4.02,nan,22,Right,Left,445,74,38,16,nan,nan,0.07
5/8/2025 23:25:37,1.17.0,PRexp,10,4.02,nan,22,Left,Left,446,74,38,16,nan,nan,0.06
5/8/2025 23:26:09,1.17.0,PRexp,10,4.02,nan,22,Left,Left,447,74,38,16,nan,nan,0.08
5/8/2025 23:26:14,1.17.0,PRexp,10,4.01,nan,22,Left,Left,448,74,38,16,nan,nan,0.04
5/8/2025 23:26:20,1.17.0,PRexp,10,4.02,nan,22,Left,Left,449,74,38,16,nan,nan,0.08
5/8/2025 23:26:59,1.17.0,PRexp,10,4.01,nan,22,Left,Left,450,74,38,16,nan,nan,0.20
5/8/2025 23:28:36,1.17.0,PRexp,10,4.02,nan,22,Left,Left,451,74,38,16,nan,nan,0.31
5/8/2025 23:28:41,1.17.0,PRexp,10,4.02,nan,22,Left,Left,452,74,38,16,nan,nan,0.14
5/8/2025 23:29:01,1.17.0,PRexp,10,4.01,nan,22,Right,Left,452,75,38,16,nan,nan,0.13
5/8/2025 23:29:06,1.17.0,PRexp,10,4.02,nan,22,Left,Left,453,75,38,16,nan,nan,0.30
5/8/2025 23:29:15,1.17.0,PRexp,10,4.02,nan,22,Left,Left,454,75,38,16,nan,nan,0.13
5/8/2025 23:31:00,1.17.0,PRexp,10,4.02,nan,22,Left,Left,455,75,38,16,nan,nan,0.23
5/8/2025 23:31:10,1.17.0,PRexp,10,4.01,nan,22,Left,Left,456,75,38,16,nan,nan,0.11
5/8/2025 23:31:24,1.17.0,PRexp,10,4.02,nan,22,Left,Left,457,75,38,16,nan,nan,0.17
5/8/2025 23:31:46,1.17.0,PRexp,10,4.01,nan,22,Right,Left,457,76,38,16,nan,nan,0.19
5/8/2025 23:32:07,1.17.0,PRexp,10,4.02,nan,22,Left,Left,458,76,38,16,nan,nan,0.28
5/8/2025 23:32:15,1.17.0,PRexp,10,4.01,nan,22,Right,Left,458,77,38,16,nan,nan,0.16
5/8/2025 23:32:17,1.17.0,PRexp,10,4.02,nan,22,Left,Left,459,77,38,16,nan,nan,0.14
5/8/2025 23:32:21,1.17.0,PRexp,10,4.01,nan,22,Left,Left,460,77,38,16,nan,nan,0.27
5/8/2025 23:32:26,1.17.0,PRexp,10,4.01,nan,22,Left,Left,461,77,38,16,nan,nan,0.07
5/8/2025 23:32:31,1.17.0,PRexp,10,4.02,nan,22,Left,Left,462,77,38,16,nan,nan,0.17
5/8/2025 23:32:34,1.17.0,PRexp,10,4.02,2,22,Pellet,Left,462,77,39,17,0.18,569,nan
5/8/2025 23:32:54,1.17.0,PRexp,10,4.02,nan,25,Left,Left,463,77,39,17,nan,nan,0.32
5/8/2025 23:33:03,1.17.0,PRexp,10,4.01,nan,25,Left,Left,464,77,39,17,nan,nan,0.15
5/8/2025 23:33:07,1.17.0,PRexp,10,4.01,nan,25,Left,Left,465,77,39,17,nan,nan,0.33
5/8/2025 23:33:21,1.17.0,PRexp,10,4.01,nan,25,Left,Left,466,77,39,17,nan,nan,0.13
5/8/2025 23:33:42,1.17.0,PRexp,10,4.01,nan,25,Left,Left,467,77,39,17,nan,nan,0.14
5/8/2025 23:35:55,1.17.0,PRexp,10,4.02,nan,25,Left,Left,468,77,39,17,nan,nan,0.00
5/8/2025 23:36:08,1.17.0,PRexp,10,4.02,nan,25,Left,Left,469,77,39,17,nan,nan,0.14
5/8/2025 23:36:10,1.17.0,PRexp,10,4.01,nan,25,Left,Left,470,77,39,17,nan,nan,0.22
5/8/2025 23:36:44,1.17.0,PRexp,10,4.01,nan,25,Left,Left,471,77,39,17,nan,nan,0.16
5/8/2025 23:39:16,1.17.0,PRexp,10,4.01,nan,25,Left,Left,472,77,39,17,nan,nan,0.12
5/8/2025 23:39:19,1.17.0,PRexp,10,4.01,nan,25,Left,Left,473,77,39,17,nan,nan,0.20
5/8/2025 23:39:35,1.17.0,PRexp,10,4.01,nan,25,Left,Left,474,77,39,17,nan,nan,0.45
5/8/2025 23:39:39,1.17.0,PRexp,10,4.01,nan,25,Right,Left,474,78,39,17,nan,nan,0.32
5/8/2025 23:39:41,1.17.0,PRexp,10,4.02,nan,25,Left,Left,475,78,39,17,nan,nan,0.20
5/8/2025 23:39:43,1.17.0,PRexp,10,4.00,nan,25,Left,Left,476,78,39,17,nan,nan,0.34
5/8/2025 23:39:45,1.17.0,PRexp,10,4.01,nan,25,Left,Left,477,78,39,17,nan,nan,0.44
5/8/2025 23:39:50,1.17.0,PRexp,10,4.00,nan,25,Left,Left,478,78,39,17,nan,nan,0.12
5/8/2025 23:39:53,1.17.0,PRexp,10,4.01,nan,25,Left,Left,479,78,39,17,nan,nan,0.33
5/8/2025 23:50:19,1.17.0,PRexp,10,4.01,nan,25,Left,Left,480,78,39,17,nan,nan,0.10
5/8/2025 23:51:23,1.17.0,PRexp,10,4.01,nan,25,Left,Left,481,78,39,17,nan,nan,0.06
5/8/2025 23:51:24,1.17.0,PRexp,10,4.01,nan,25,Right,Left,481,79,39,17,nan,nan,0.00
5/8/2025 23:51:26,1.17.0,PRexp,10,4.01,nan,25,Left,Left,482,79,39,17,nan,nan,0.00
5/8/2025 23:51:28,1.17.0,PRexp,10,4.01,nan,25,Left,Left,483,79,39,17,nan,nan,0.16
5/8/2025 23:53:51,1.17.0,PRexp,10,4.01,nan,25,Left,Left,484,79,39,17,nan,nan,0.03
5/8/2025 23:53:52,1.17.0,PRexp,10,4.01,nan,25,Left,Left,485,79,39,17,nan,nan,0.16
5/8/2025 23:54:01,1.17.0,PRexp,10,4.01,nan,25,Left,Left,486,79,39,17,nan,nan,0.06
5/8/2025 23:54:07,1.17.0,PRexp,10,4.01,nan,25,Left,Left,487,79,39,17,nan,nan,0.26
5/8/2025 23:54:12,1.17.0,PRexp,10,4.01,3,25,Pellet,Left,487,79,40,18,0.18,1299,nan
5/8/2025 23:54:27,1.17.0,PRexp,10,4.01,nan,28,Left,Left,488,79,40,18,nan,nan,0.20
5/8/2025 23:54:30,1.17.0,PRexp,10,4.02,nan,28,Left,Left,489,79,40,18,nan,nan,0.01
5/8/2025 23:54:37,1.17.0,PRexp,10,4.02,nan,28,Left,Left,490,79,40,18,nan,nan,0.00
5/8/2025 23:54:42,1.17.0,PRexp,10,4.01,nan,28,Left,Left,491,79,40,18,nan,nan,0.06
5/8/2025 23:57:44,1.17.0,PRexp,10,4.01,nan,28,Left,Left,492,79,40,18,nan,nan,0.06
5/8/2025 23:57:57,1.17.0,PRexp,10,4.02,nan,28,Left,Left,493,79,40,18,nan,nan,0.02
5/8/2025 23:58:01,1.17.0,PRexp,10,4.00,nan,28,Left,Left,494,79,40,18,nan,nan,0.18
5/8/2025 23:58:21,1.17.0,PRexp,10,4.00,nan,28,Left,Left,495,79,40,18,nan,nan,0.32
5/8/2025 23:58:26,1.17.0,PRexp,10,4.02,nan,28,Left,Left,496,79,40,18,nan,nan,0.28
5/8/2025 23:58:30,1.17.0,PRexp,10,4.01,nan,28,Left,Left,497,79,40,18,nan,nan,0.09
5/8/2025 23:58:31,1.17.0,PRexp,10,4.01,nan,28,Left,Left,498,79,40,18,nan,nan,0.00
5/8/2025 23:58:34,1.17.0,PRexp,10,4.01,nan,28,Right,Left,498,80,40,18,nan,nan,0.35
5/8/2025 23:58:36,1.17.0,PRexp,10,4.00,nan,28,Left,Left,499,80,40,18,nan,nan,0.26
5/8/2025 23:58:38,1.17.0,PRexp,10,4.01,nan,28,Left,Left,500,80,40,18,nan,nan,0.09
5/8/2025 23:58:40,1.17.0,PRexp,10,4.01,nan,28,Left,Left,501,80,40,18,nan,nan,0.12
5/8/2025 23:58:50,1.17.0,PRexp,10,4.01,nan,28,Left,Left,502,80,40,18,nan,nan,0.12
5/8/2025 23:58:53,1.17.0,PRexp,10,4.01,nan,28,Right,Left,502,81,40,18,nan,nan,0.09
5/8/2025 23:58:54,1.17.0,PRexp,10,4.00,nan,28,Left,Left,503,81,40,18,nan,nan,0.10
5/9/2025 0:09:40,1.17.0,PRexp,10,4.01,nan,28,Left,Left,504,81,40,18,nan,nan,0.56
5/9/2025 0:09:41,1.17.0,PRexp,10,4.01,nan,28,Left,Left,505,81,40,18,nan,nan,0.15
5/9/2025 0:10:42,1.17.0,PRexp,10,4.01,nan,28,Left,Left,506,81,40,18,nan,nan,0.24
5/9/2025 0:10:44,1.17.0,PRexp,10,4.00,nan,28,Left,Left,507,81,40,18,nan,nan,0.32
5/9/2025 0:10:49,1.17.0,PRexp,10,4.01,nan,28,Left,Left,508,81,40,18,nan,nan,0.20
5/9/2025 0:10:53,1.17.0,PRexp,10,4.01,nan,28,Left,Left,509,81,40,18,nan,nan,0.32
5/9/2025 0:10:54,1.17.0,PRexp,10,4.00,nan,28,Left,Left,510,81,40,18,nan,nan,0.15
5/9/2025 0:12:58,1.17.0,PRexp,10,4.01,nan,28,Left,Left,511,81,40,18,nan,nan,0.14
5/9/2025 0:13:00,1.17.0,PRexp,10,4.01,nan,28,Left,Left,512,81,40,18,nan,nan,0.31
5/9/2025 0:13:56,1.17.0,PRexp,10,4.01,nan,28,Right,Left,512,82,40,18,nan,nan,0.12
5/9/2025 0:13:58,1.17.0,PRexp,10,4.01,nan,28,Left,Left,513,82,40,18,nan,nan,0.21
5/9/2025 0:13:59,1.17.0,PRexp,10,4.01,nan,28,Right,Left,513,83,40,18,nan,nan,0.00
5/9/2025 0:14:01,1.17.0,PRexp,10,4.01,nan,28,Left,Left,514,83,40,18,nan,nan,0.05
5/9/2025 0:14:40,1.17.0,PRexp,10,4.02,nan,28,Left,Left,515,83,40,18,nan,nan,0.13
5/9/2025 0:14:42,1.17.0,PRexp,10,4.01,1,28,Pellet,Left,515,83,41,19,0.36,1230,nan
5/9/2025 0:15:07,1.17.0,PRexp,10,4.00,nan,32,Left,Left,516,83,41,19,nan,nan,0.08
5/9/2025 0:15:18,1.17.0,PRexp,10,4.01,nan,32,Right,Left,516,84,41,19,nan,nan,0.20
5/9/2025 0:15:23,1.17.0,PRexp,10,4.01,nan,32,Left,Left,517,84,41,19,nan,nan,0.20
5/9/2025 0:16:21,1.17.0,PRexp,10,4.01,nan,32,Left,Left,518,84,41,19,nan,nan,0.04
5/9/2025 0:16:35,1.17.0,PRexp,10,4.01,nan,32,Left,Left,519,84,41,19,nan,nan,0.06
5/9/2025 0:17:01,1.17.0,PRexp,10,4.02,nan,32,Left,Left,520,84,41,19,nan,nan,0.28
5/9/2025 0:17:03,1.17.0,PRexp,10,4.01,nan,32,Left,Left,521,84,41,19,nan,nan,0.00
5/9/2025 0:17:05,1.17.0,PRexp,10,4.01,nan,32,Left,Left,522,84,41,19,nan,nan,0.24
5/9/2025 0:17:06,1.17.0,PRexp,10,4.01,nan,32,Left,Left,523,84,41,19,nan,nan,0.22
5/9/2025 0:17:08,1.17.0,PRexp,10,4.01,nan,32,Left,Left,524,84,41,19,nan,nan,0.12
5/9/2025 0:17:12,1.17.0,PRexp,10,4.01,nan,32,Left,Left,525,84,41,19,nan,nan,0.26
5/9/2025 0:17:14,1.17.0,PRexp,10,4.02,nan,32,Left,Left,526,84,41,19,nan,nan,0.20
5/9/2025 0:17:23,1.17.0,PRexp,10,4.01,nan,32,Right,Left,526,85,41,19,nan,nan,0.67
5/9/2025 0:17:28,1.17.0,PRexp,10,4.01,nan,32,Right,Left,526,86,41,19,nan,nan,1.01
5/9/2025 0:17:31,1.17.0,PRexp,10,4.00,nan,32,Right,Left,526,87,41,19,nan,nan,0.32
5/9/2025 0:17:33,1.17.0,PRexp,10,4.00,nan,32,Right,Left,526,88,41,19,nan,nan,0.13
5/9/2025 0:17:54,1.17.0,PRexp,10,4.01,nan,32,Left,Left,527,88,41,19,nan,nan,0.02
5/9/2025 0:17:58,1.17.0,PRexp,10,4.01,nan,32,Left,Left,528,88,41,19,nan,nan,0.13
5/9/2025 0:17:59,1.17.0,PRexp,10,4.01,nan,32,Right,Left,528,89,41,19,nan,nan,0.10
5/9/2025 0:18:04,1.17.0,PRexp,10,4.01,nan,32,Right,Left,528,90,41,19,nan,nan,0.08
5/9/2025 0:18:07,1.17.0,PRexp,10,4.01,nan,32,Right,Left,528,91,41,19,nan,nan,0.08
5/9/2025 0:18:12,1.17.0,PRexp,10,4.01,nan,32,Left,Left,529,91,41,19,nan,nan,0.14
5/9/2025 0:18:14,1.17.0,PRexp,10,4.01,nan,32,Left,Left,530,91,41,19,nan,nan,0.21
5/9/2025 0:18:21,1.17.0,PRexp,10,4.01,nan,32,Left,Left,531,91,41,19,nan,nan,0.14
5/9/2025 0:18:29,1.17.0,PRexp,10,4.02,nan,32,Left,Left,532,91,41,19,nan,nan,0.02
5/9/2025 0:18:46,1.17.0,PRexp,10,4.01,nan,32,Left,Left,533,91,41,19,nan,nan,0.26
5/9/2025 0:18:53,1.17.0,PRexp,10,4.01,nan,32,Left,Left,534,91,41,19,nan,nan,0.00
5/9/2025 0:19:02,1.17.0,PRexp,10,4.01,nan,32,Left,Left,535,91,41,19,nan,nan,0.02
5/9/2025 0:19:04,1.17.0,PRexp,10,4.01,nan,32,Right,Left,535,92,41,19,nan,nan,0.10
5/9/2025 0:19:05,1.17.0,PRexp,10,4.01,nan,32,Right,Left,535,93,41,19,nan,nan,0.12
5/9/2025 0:19:07,1.17.0,PRexp,10,4.01,nan,32,Right,Left,535,94,41,19,nan,nan,0.11
5/9/2025 0:19:11,1.17.0,PRexp,10,4.01,nan,32,Right,Left,535,95,41,19,nan,nan,0.71
5/9/2025 0:19:13,1.17.0,PRexp,10,4.01,nan,32,Left,Left,536,95,41,19,nan,nan,0.42
5/9/2025 0:19:14,1.17.0,PRexp,10,4.01,nan,32,Left,Left,537,95,41,19,nan,nan,0.00
5/9/2025 0:19:20,1.17.0,PRexp,10,4.01,nan,32,Left,Left,538,95,41,19,nan,nan,0.18
5/9/2025 0:19:22,1.17.0,PRexp,10,4.00,nan,32,Left,Left,539,95,41,19,nan,nan,0.21
5/9/2025 0:21:13,1.17.0,PRexp,10,4.01,nan,32,Right,Left,539,96,41,19,nan,nan,0.09
5/9/2025 0:22:56,1.17.0,PRexp,10,4.01,nan,32,Left,Left,540,96,41,19,nan,nan,0.00
5/9/2025 0:23:00,1.17.0,PRexp,10,4.01,nan,32,Left,Left,541,96,41,19,nan,nan,0.07
5/9/2025 0:23:45,1.17.0,PRexp,10,4.00,nan,32,Left,Left,542,96,41,19,nan,nan,0.02
5/9/2025 0:24:53,1.17.0,PRexp,10,4.01,nan,32,Left,Left,543,96,41,19,nan,nan,0.27
5/9/2025 0:27:25,1.17.0,PRexp,10,4.01,nan,32,Left,Left,544,96,41,19,nan,nan,0.11
5/9/2025 0:27:27,1.17.0,PRexp,10,4.01,nan,32,Left,Left,545,96,41,19,nan,nan,0.19
5/9/2025 0:29:48,1.17.0,PRexp,10,4.01,nan,32,Left,Left,546,96,41,19,nan,nan,0.07
5/9/2025 0:29:50,1.17.0,PRexp,10,4.01,nan,32,Left,Left,547,96,41,19,nan,nan,0.41
5/9/2025 0:29:57,1.17.0,PRexp,10,4.01,4,32,Pellet,Left,547,96,42,20,0.24,915,nan
5/9/2025 0:30:19,1.17.0,PRexp,10,4.01,nan,36,Left,Left,548,96,42,20,nan,nan,0.22
5/9/2025 0:30:22,1.17.0,PRexp,10,4.01,nan,36,Left,Left,549,96,42,20,nan,nan,0.25
5/9/2025 0:30:24,1.17.0,PRexp,10,4.01,nan,36,Left,Left,550,96,42,20,nan,nan,0.32
5/9/2025 0:30:28,1.17.0,PRexp,10,4.01,nan,36,Left,Left,551,96,42,20,nan,nan,0.33
5/9/2025 0:30:32,1.17.0,PRexp,10,4.01,nan,36,Left,Left,552,96,42,20,nan,nan,0.31
5/9/2025 0:30:35,1.17.0,PRexp,10,4.01,nan,36,Right,Left,552,97,42,20,nan,nan,0.27
5/9/2025 0:30:37,1.17.0,PRexp,10,4.01,nan,36,Left,Left,553,97,42,20,nan,nan,0.33
5/9/2025 0:30:39,1.17.0,PRexp,10,4.01,nan,36,Left,Left,554,97,42,20,nan,nan,0.23
5/9/2025 0:31:37,1.17.0,PRexp,10,4.01,nan,36,Right,Left,554,98,42,20,nan,nan,0.73
5/9/2025 0:31:43,1.17.0,PRexp,10,4.01,nan,36,Right,Left,554,99,42,20,nan,nan,0.17
5/9/2025 0:31:44,1.17.0,PRexp,10,4.01,nan,36,Left,Left,555,99,42,20,nan,nan,0.00
5/9/2025 0:31:47,1.17.0,PRexp,10,4.01,nan,36,Left,Left,556,99,42,20,nan,nan,0.44
5/9/2025 0:31:50,1.17.0,PRexp,10,4.01,nan,36,Right,Left,556,100,42,20,nan,nan,0.11
5/9/2025 0:31:52,1.17.0,PRexp,10,4.01,nan,36,Left,Left,557,100,42,20,nan,nan,0.21
5/9/2025 0:31:56,1.17.0,PRexp,10,4.01,nan,36,Left,Left,558,100,42,20,nan,nan,0.31
5/9/2025 0:31:58,1.17.0,PRexp,10,4.00,nan,36,Left,Left,559,100,42,20,nan,nan,0.19
5/9/2025 0:32:00,1.17.0,PRexp,10,4.01,nan,36,Left,Left,560,100,42,20,nan,nan,0.32
5/9/2025 0:32:03,1.17.0,PRexp,10,4.01,nan,36,Left,Left,561,100,42,20,nan,nan,0.74
5/9/2025 0:32:05,1.17.0,PRexp,10,4.01,nan,36,Right,Left,561,101,42,20,nan,nan,0.12
5/9/2025 0:32:06,1.17.0,PRexp,10,4.01,nan,36,Right,Left,561,102,42,20,nan,nan,0.11
5/9/2025 0:32:08,1.17.0,PRexp,10,4.01,nan,36,Left,Left,562,102,42,20,nan,nan,0.00
5/9/2025 0:32:13,1.17.0,PRexp,10,4.00,nan,36,Left,Left,563,102,42,20,nan,nan,0.13
5/9/2025 0:32:18,1.17.0,PRexp,10,4.01,nan,36,Right,Left,563,103,42,20,nan,nan,0.19
5/9/2025 0:32:20,1.17.0,PRexp,10,4.01,nan,36,Left,Left,564,103,42,20,nan,nan,0.24
5/9/2025 0:32:25,1.17.0,PRexp,10,4.01,nan,36,Left,Left,565,103,42,20,nan,nan,0.10
5/9/2025 0:35:37,1.17.0,PRexp,10,4.00,nan,36,Left,Left,566,103,42,20,nan,nan,0.11
5/9/2025 0:38:03,1.17.0,PRexp,10,4.01,nan,36,Left,Left,567,103,42,20,nan,nan,0.13
5/9/2025 0:39:19,1.17.0,PRexp,10,4.01,nan,36,Left,Left,568,103,42,20,nan,nan,0.09
5/9/2025 0:39:21,1.17.0,PRexp,10,4.01,nan,36,Left,Left,569,103,42,20,nan,nan,0.12
5/9/2025 0:39:23,1.17.0,PRexp,10,4.01,nan,36,Right,Left,569,104,42,20,nan,nan,0.08
5/9/2025 0:45:30,1.17.0,PRexp,10,4.01,nan,36,Left,Left,570,104,42,20,nan,nan,0.15
5/9/2025 0:45:31,1.17.0,PRexp,10,4.01,nan,36,Left,Left,571,104,42,20,nan,nan,0.28
5/9/2025 0:45:34,1.17.0,PRexp,10,4.00,nan,36,Left,Left,572,104,42,20,nan,nan,0.24
5/9/2025 0:46:23,1.17.0,PRexp,10,4.00,nan,36,Left,Left,573,104,42,20,nan,nan,0.23
5/9/2025 0:46:43,1.17.0,PRexp,10,4.01,nan,36,Left,Left,574,104,42,20,nan,nan,0.18
5/9/2025 0:46:44,1.17.0,PRexp,10,4.01,nan,36,Left,Left,575,104,42,20,nan,nan,0.17
5/9/2025 0:46:50,1.17.0,PRexp,10,4.01,nan,36,Left,Left,576,104,42,20,nan,nan,0.17
5/9/2025 0:47:35,1.17.0,PRexp,10,4.01,nan,36,Left,Left,577,104,42,20,nan,nan,0.04
5/9/2025 0:47:39,1.17.0,PRexp,10,4.01,nan,36,Left,Left,578,104,42,20,nan,nan,0.10
5/9/2025 2:06:27,1.17.0,PRexp,10,4.01,nan,1,Left,Left,579,104,42,0,nan,nan,0.32
5/9/2025 2:06:30,1.17.0,PRexp,10,4.00,2,1,Pellet,Left,579,104,43,1,1.10,5793,nan
5/9/2025 2:06:55,1.17.0,PRexp,10,4.00,nan,1,Left,Left,580,104,43,1,nan,nan,0.14
5/9/2025 2:06:57,1.17.0,PRexp,10,4.00,nan,1,LeftWithPellet,Left,581,104,43,2,nan,nan,0.08
5/9/2025 2:06:58,1.17.0,PRexp,10,4.01,2,1,Pellet,Left,581,104,44,2,1.33,28,nan
5/9/2025 2:07:16,1.17.0,PRexp,10,4.00,nan,2,Left,Left,582,104,44,2,nan,nan,0.17
5/9/2025 2:07:17,1.17.0,PRexp,10,4.00,nan,2,Left,Left,583,104,44,2,nan,nan,0.20
5/9/2025 2:07:20,1.17.0,PRexp,10,4.00,2,2,Pellet,Left,583,104,45,3,0.24,22,nan
5/9/2025 2:07:35,1.17.0,PRexp,10,4.00,nan,2,Left,Left,584,104,45,3,nan,nan,0.14
5/9/2025 2:07:39,1.17.0,PRexp,10,4.00,nan,2,Left,Left,585,104,45,3,nan,nan,0.15
5/9/2025 2:07:56,1.17.0,PRexp,10,4.00,3,2,Pellet,Left,585,104,46,4,12.55,36,nan
5/9/2025 2:08:18,1.17.0,PRexp,10,4.00,nan,3,Left,Left,586,104,46,4,nan,nan,0.05
5/9/2025 2:08:22,1.17.0,PRexp,10,4.01,nan,3,Left,Left,587,104,46,4,nan,nan,0.09
5/9/2025 2:08:27,1.17.0,PRexp,10,4.00,nan,3,Left,Left,588,104,46,4,nan,nan,0.24
5/9/2025 2:08:32,1.17.0,PRexp,10,4.00,2,3,Pellet,Left,588,104,47,5,0.92,36,nan
5/9/2025 2:09:16,1.17.0,PRexp,10,4.00,nan,4,Left,Left,589,104,47,5,nan,nan,0.35
5/9/2025 2:09:19,1.17.0,PRexp,10,4.00,nan,4,Left,Left,590,104,47,5,nan,nan,0.52
5/9/2025 2:09:21,1.17.0,PRexp,10,4.00,nan,4,Left,Left,591,104,47,5,nan,nan,0.23
5/9/2025 2:09:27,1.17.0,PRexp,10,4.00,nan,4,Left,Left,592,104,47,5,nan,nan,0.61
5/9/2025 2:09:30,1.17.0,PRexp,10,4.01,2,4,Pellet,Left,592,104,48,6,0.49,58,nan
5/9/2025 2:09:49,1.17.0,PRexp,10,4.00,nan,5,Left,Left,593,104,48,6,nan,nan,0.01
5/9/2025 2:09:55,1.17.0,PRexp,10,4.00,nan,5,Left,Left,594,104,48,6,nan,nan,0.01
5/9/2025 2:09:59,1.17.0,PRexp,10,4.01,nan,5,Left,Left,595,104,48,6,nan,nan,0.30
5/9/2025 2:20:07,1.17.0,PRexp,10,4.00,nan,5,Left,Left,596,104,48,6,nan,nan,0.69
5/9/2025 2:20:11,1.17.0,PRexp,10,4.01,nan,5,Left,Left,597,104,48,6,nan,nan,0.81
5/9/2025 2:20:14,1.17.0,PRexp,10,4.00,2,5,Pellet,Left,597,104,49,7,0.06,644,nan
5/9/2025 2:20:43,1.17.0,PRexp,10,4.00,nan,6,Left,Left,598,104,49,7,nan,nan,0.04
5/9/2025 2:20:50,1.17.0,PRexp,10,4.00,nan,6,Left,Left,599,104,49,7,nan,nan,0.16
5/9/2025 2:20:52,1.17.0,PRexp,10,4.00,nan,6,Left,Left,600,104,49,7,nan,nan,1.00
5/9/2025 2:20:55,1.17.0,PRexp,10,4.00,nan,6,Left,Left,601,104,49,7,nan,nan,0.43
5/9/2025 2:22:21,1.17.0,PRexp,10,4.01,nan,6,Right,Left,601,105,49,7,nan,nan,0.04
5/9/2025 2:22:23,1.17.0,PRexp,10,4.00,nan,6,Left,Left,602,105,49,7,nan,nan,0.28
5/9/2025 2:22:27,1.17.0,PRexp,10,4.00,nan,6,Right,Left,602,106,49,7,nan,nan,0.25
5/9/2025 2:22:37,1.17.0,PRexp,10,4.00,nan,6,Left,Left,603,106,49,7,nan,nan,0.25
5/9/2025 2:22:39,1.17.0,PRexp,10,4.00,2,6,Pellet,Left,603,106,50,8,0.06,145,nan
5/9/2025 2:24:24,1.17.0,PRexp,10,4.00,nan,7,Left,Left,604,106,50,8,nan,nan,0.14
5/9/2025 2:24:28,1.17.0,PRexp,10,4.00,nan,7,Left,Left,605,106,50,8,nan,nan,0.11
5/9/2025 2:24:38,1.17.0,PRexp,10,4.00,nan,7,Right,Left,605,107,50,8,nan,nan,0.12
5/9/2025 2:26:35,1.17.0,PRexp,10,4.00,nan,7,Left,Left,606,107,50,8,nan,nan,0.04
5/9/2025 2:26:43,1.17.0,PRexp,10,4.01,nan,7,Left,Left,607,107,50,8,nan,nan,0.10
5/9/2025 2:26:46,1.17.0,PRexp,10,4.00,nan,7,Left,Left,608,107,50,8,nan,nan,0.11
5/9/2025 2:27:06,1.17.0,PRexp,10,4.01,nan,7,Left,Left,609,107,50,8,nan,nan,0.03
5/9/2025 2:27:12,1.17.0,PRexp,10,4.00,nan,7,Left,Left,610,107,50,8,nan,nan,0.00
5/9/2025 2:27:53,1.17.0,PRexp,10,4.00,3,7,Pellet,Left,610,107,51,9,35.57,314,nan
5/9/2025 2:31:13,1.17.0,PRexp,10,4.00,nan,9,Left,Left,611,107,51,9,nan,nan,0.07
5/9/2025 2:31:16,1.17.0,PRexp,10,4.00,nan,9,Left,Left,612,107,51,9,nan,nan,0.16
5/9/2025 2:36:48,1.17.0,PRexp,10,4.00,nan,9,Left,Left,613,107,51,9,nan,nan,0.26
5/9/2025 2:36:53,1.17.0,PRexp,10,4.00,nan,9,Left,Left,614,107,51,9,nan,nan,0.29
5/9/2025 2:36:56,1.17.0,PRexp,10,4.00,nan,9,Left,Left,615,107,51,9,nan,nan,0.37
5/9/2025 2:36:59,1.17.0,PRexp,10,4.00,nan,9,Left,Left,616,107,51,9,nan,nan,0.02
5/9/2025 2:37:04,1.17.0,PRexp,10,4.01,nan,9,Left,Left,617,107,51,9,nan,nan,0.30
5/9/2025 2:37:08,1.17.0,PRexp,10,4.00,nan,9,Left,Left,618,107,51,9,nan,nan,0.34
5/9/2025 2:37:14,1.17.0,PRexp,10,4.00,nan,9,Left,Left,619,107,51,9,nan,nan,0.18
5/9/2025 2:37:18,1.17.0,PRexp,10,4.00,2,9,Pellet,Left,619,107,52,10,0.12,565,nan
5/9/2025 2:37:39,1.17.0,PRexp,10,4.00,nan,10,Left,Left,620,107,52,10,nan,nan,0.46
5/9/2025 2:37:43,1.17.0,PRexp,10,4.00,nan,10,Left,Left,621,107,52,10,nan,nan,0.65
5/9/2025 2:38:10,1.17.0,PRexp,10,4.00,nan,10,Left,Left,622,107,52,10,nan,nan,0.16
5/9/2025 2:38:13,1.17.0,PRexp,10,4.00,nan,10,Left,Left,623,107,52,10,nan,nan,0.27
5/9/2025 2:38:19,1.17.0,PRexp,10,4.00,nan,10,Left,Left,624,107,52,10,nan,nan,0.39
5/9/2025 2:38:23,1.17.0,PRexp,10,4.00,nan,10,Left,Left,625,107,52,10,nan,nan,0.15
5/9/2025 2:38:27,1.17.0,PRexp,10,4.00,nan,10,Right,Left,625,108,52,10,nan,nan,0.48
5/9/2025 2:38:29,1.17.0,PRexp,10,4.00,nan,10,Right,Left,625,109,52,10,nan,nan,0.18
5/9/2025 2:38:30,1.17.0,PRexp,10,4.01,nan,10,Left,Left,626,109,52,10,nan,nan,0.35
5/9/2025 2:38:33,1.17.0,PRexp,10,4.00,nan,10,Left,Left,627,109,52,10,nan,nan,0.28
5/9/2025 2:38:58,1.17.0,PRexp,10,4.00,nan,10,Left,Left,628,109,52,10,nan,nan,0.27
5/9/2025 2:39:01,1.17.0,PRexp,10,4.00,nan,10,Right,Left,628,110,52,10,nan,nan,0.19
5/9/2025 2:39:04,1.17.0,PRexp,10,4.00,nan,10,Left,Left,629,110,52,10,nan,nan,0.21
5/9/2025 2:39:21,1.17.0,PRexp,10,4.00,2,10,Pellet,Left,629,110,53,11,13.29,123,nan
5/9/2025 2:40:46,1.17.0,PRexp,10,4.00,nan,12,Left,Left,630,110,53,11,nan,nan,0.38
5/9/2025 2:40:49,1.17.0,PRexp,10,4.00,nan,12,Left,Left,631,110,53,11,nan,nan,0.39
5/9/2025 2:40:51,1.17.0,PRexp,10,4.00,nan,12,Left,Left,632,110,53,11,nan,nan,0.29
5/9/2025 2:40:54,1.17.0,PRexp,10,4.00,nan,12,Left,Left,633,110,53,11,nan,nan,0.49
5/9/2025 2:40:57,1.17.0,PRexp,10,4.00,nan,12,Left,Left,634,110,53,11,nan,nan,0.03
5/9/2025 2:41:10,1.17.0,PRexp,10,4.00,nan,12,Left,Left,635,110,53,11,nan,nan,0.29
5/9/2025 2:41:11,1.17.0,PRexp,10,4.00,nan,12,Left,Left,636,110,53,11,nan,nan,0.31
5/9/2025 2:41:15,1.17.0,PRexp,10,4.00,nan,12,Left,Left,637,110,53,11,nan,nan,0.16
5/9/2025 2:41:17,1.17.0,PRexp,10,4.00,nan,12,Right,Left,637,111,53,11,nan,nan,0.29
5/9/2025 2:41:21,1.17.0,PRexp,10,4.00,nan,12,Right,Left,637,112,53,11,nan,nan,0.14
5/9/2025 2:41:26,1.17.0,PRexp,10,4.00,nan,12,Left,Left,638,112,53,11,nan,nan,0.84
5/9/2025 2:41:29,1.17.0,PRexp,10,4.00,nan,12,Left,Left,639,112,53,11,nan,nan,0.42
5/9/2025 2:41:34,1.17.0,PRexp,10,4.00,nan,12,Right,Left,639,113,53,11,nan,nan,0.35
5/9/2025 2:41:35,1.17.0,PRexp,10,4.00,nan,12,Left,Left,640,113,53,11,nan,nan,0.00
5/9/2025 2:41:40,1.17.0,PRexp,10,4.00,nan,12,Left,Left,641,113,53,11,nan,nan,0.31
5/9/2025 2:41:43,1.17.0,PRexp,10,4.00,2,12,Pellet,Left,641,113,54,12,0.30,142,nan
5/9/2025 2:42:14,1.17.0,PRexp,10,4.00,nan,13,Left,Left,642,113,54,12,nan,nan,0.30
5/9/2025 2:42:17,1.17.0,PRexp,10,4.00,nan,13,Left,Left,643,113,54,12,nan,nan,0.31
5/9/2025 2:44:15,1.17.0,PRexp,10,4.00,nan,13,Left,Left,644,113,54,12,nan,nan,0.26
5/9/2025 2:44:25,1.17.0,PRexp,10,4.00,nan,13,Left,Left,645,113,54,12,nan,nan,0.23
5/9/2025 2:44:27,1.17.0,PRexp,10,4.00,nan,13,Left,Left,646,113,54,12,nan,nan,0.35
5/9/2025 2:44:29,1.17.0,PRexp,10,4.00,nan,13,Left,Left,647,113,54,12,nan,nan,0.35
5/9/2025 2:44:33,1.17.0,PRexp,10,4.00,nan,13,Left,Left,648,113,54,12,nan,nan,0.26
5/9/2025 2:47:18,1.17.0,PRexp,10,4.00,nan,13,Right,Left,648,114,54,12,nan,nan,0.07
5/9/2025 2:47:19,1.17.0,PRexp,10,4.00,nan,13,Left,Left,649,114,54,12,nan,nan,0.00
5/9/2025 2:47:22,1.17.0,PRexp,10,4.00,nan,13,Left,Left,650,114,54,12,nan,nan,0.17
5/9/2025 2:47:34,1.17.0,PRexp,10,4.00,nan,13,Left,Left,651,114,54,12,nan,nan,0.22
5/9/2025 2:47:36,1.17.0,PRexp,10,4.00,nan,13,Left,Left,652,114,54,12,nan,nan,0.13
5/9/2025 2:50:43,1.17.0,PRexp,10,4.00,nan,13,Right,Left,652,115,54,12,nan,nan,0.27
5/9/2025 2:50:46,1.17.0,PRexp,10,4.00,nan,13,Left,Left,653,115,54,12,nan,nan,0.12
5/9/2025 2:50:47,1.17.0,PRexp,10,4.00,nan,13,Left,Left,654,115,54,12,nan,nan,0.17
5/9/2025 2:50:50,1.17.0,PRexp,10,4.00,2,13,Pellet,Left,654,115,55,13,0.06,547,nan
5/9/2025 2:51:23,1.17.0,PRexp,10,4.00,nan,15,Left,Left,655,115,55,13,nan,nan,0.08
5/9/2025 2:51:26,1.17.0,PRexp,10,4.00,nan,15,Left,Left,656,115,55,13,nan,nan,0.29
5/9/2025 2:51:29,1.17.0,PRexp,10,4.00,nan,15,Left,Left,657,115,55,13,nan,nan,0.09
5/9/2025 2:51:40,1.17.0,PRexp,10,4.00,nan,15,Left,Left,658,115,55,13,nan,nan,0.05
5/9/2025 2:51:42,1.17.0,PRexp,10,4.00,nan,15,Left,Left,659,115,55,13,nan,nan,0.40
5/9/2025 2:51:46,1.17.0,PRexp,10,4.00,nan,15,Left,Left,660,115,55,13,nan,nan,0.10
5/9/2025 2:51:48,1.17.0,PRexp,10,4.00,nan,15,Left,Left,661,115,55,13,nan,nan,0.18
5/9/2025 2:51:55,1.17.0,PRexp,10,4.00,nan,15,Left,Left,662,115,55,13,nan,nan,0.36
5/9/2025 2:51:59,1.17.0,PRexp,10,4.01,nan,15,Left,Left,663,115,55,13,nan,nan,0.30
5/9/2025 2:52:02,1.17.0,PRexp,10,4.00,nan,15,Left,Left,664,115,55,13,nan,nan,0.40
5/9/2025 2:52:05,1.17.0,PRexp,10,4.00,nan,15,Left,Left,665,115,55,13,nan,nan,0.34
5/9/2025 2:52:08,1.17.0,PRexp,10,4.00,nan,15,Left,Left,666,115,55,13,nan,nan,0.51
5/9/2025 2:52:11,1.17.0,PRexp,10,4.00,nan,15,Left,Left,667,115,55,13,nan,nan,0.00
5/9/2025 2:52:12,1.17.0,PRexp,10,4.00,nan,15,Right,Left,667,116,55,13,nan,nan,0.33
5/9/2025 2:52:17,1.17.0,PRexp,10,4.00,nan,15,Left,Left,668,116,55,13,nan,nan,0.25
5/9/2025 2:52:36,1.17.0,PRexp,10,4.00,nan,15,Left,Left,669,116,55,13,nan,nan,0.32
5/9/2025 2:52:39,1.17.0,PRexp,10,4.00,2,15,Pellet,Left,669,116,56,14,0.06,108,nan
5/9/2025 2:53:04,1.17.0,PRexp,10,4.00,nan,17,Left,Left,670,116,56,14,nan,nan,0.41
5/9/2025 2:53:09,1.17.0,PRexp,10,4.00,nan,17,Left,Left,671,116,56,14,nan,nan,0.28
5/9/2025 2:53:31,1.17.0,PRexp,10,4.00,nan,17,Left,Left,672,116,56,14,nan,nan,0.16
5/9/2025 2:53:47,1.17.0,PRexp,10,4.00,nan,17,Left,Left,673,116,56,14,nan,nan,0.54
5/9/2025 2:54:02,1.17.0,PRexp,10,4.00,nan,17,Left,Left,674,116,56,14,nan,nan,0.36
5/9/2025 2:54:06,1.17.0,PRexp,10,4.00,nan,17,Right,Left,674,117,56,14,nan,nan,0.05
5/9/2025 2:54:10,1.17.0,PRexp,10,4.00,nan,17,Left,Left,675,117,56,14,nan,nan,0.44
5/9/2025 2:54:12,1.17.0,PRexp,10,4.01,nan,17,Left,Left,676,117,56,14,nan,nan,0.43
5/9/2025 2:54:17,1.17.0,PRexp,10,4.00,nan,17,Left,Left,677,117,56,14,nan,nan,0.23
5/9/2025 2:54:23,1.17.0,PRexp,10,4.00,nan,17,Left,Left,678,117,56,14,nan,nan,0.28
5/9/2025 2:54:33,1.17.0,PRexp,10,4.00,nan,17,Left,Left,679,117,56,14,nan,nan,0.21
5/9/2025 2:54:37,1.17.0,PRexp,10,4.00,nan,17,Left,Left,680,117,56,14,nan,nan,0.24
5/9/2025 2:55:05,1.17.0,PRexp,10,4.00,nan,17,Right,Left,680,118,56,14,nan,nan,0.13
5/9/2025 2:55:06,1.17.0,PRexp,10,4.00,nan,17,Left,Left,681,118,56,14,nan,nan,0.00
5/9/2025 2:55:11,1.17.0,PRexp,10,4.00,nan,17,Left,Left,682,118,56,14,nan,nan,0.52
5/9/2025 2:55:16,1.17.0,PRexp,10,4.01,nan,17,Left,Left,683,118,56,14,nan,nan,0.14
5/9/2025 2:55:19,1.17.0,PRexp,10,4.01,nan,17,Left,Left,684,118,56,14,nan,nan,0.21
5/9/2025 2:55:24,1.17.0,PRexp,10,4.00,nan,17,Right,Left,684,119,56,14,nan,nan,0.40
5/9/2025 2:55:27,1.17.0,PRexp,10,4.00,nan,17,Left,Left,685,119,56,14,nan,nan,0.24
5/9/2025 2:55:30,1.17.0,PRexp,10,4.00,nan,17,Left,Left,686,119,56,14,nan,nan,0.22
5/9/2025 2:55:37,1.17.0,PRexp,10,4.00,4,17,Pellet,Left,686,119,57,15,0.55,179,nan
5/9/2025 2:56:07,1.17.0,PRexp,10,4.00,nan,20,Left,Left,687,119,57,15,nan,nan,0.16
5/9/2025 2:56:38,1.17.0,PRexp,10,4.00,nan,20,Left,Left,688,119,57,15,nan,nan,0.06
5/9/2025 2:57:22,1.17.0,PRexp,10,4.00,nan,20,Left,Left,689,119,57,15,nan,nan,0.19
5/9/2025 2:57:27,1.17.0,PRexp,10,4.00,nan,20,Left,Left,690,119,57,15,nan,nan,0.14
5/9/2025 2:57:32,1.17.0,PRexp,10,4.00,nan,20,Left,Left,691,119,57,15,nan,nan,0.43
5/9/2025 2:57:37,1.17.0,PRexp,10,4.00,nan,20,Left,Left,692,119,57,15,nan,nan,0.16
5/9/2025 2:57:42,1.17.0,PRexp,10,4.00,nan,20,Left,Left,693,119,57,15,nan,nan,0.21
5/9/2025 2:57:47,1.17.0,PRexp,10,4.00,nan,20,Left,Left,694,119,57,15,nan,nan,0.27
5/9/2025 2:57:49,1.17.0,PRexp,10,4.01,nan,20,Left,Left,695,119,57,15,nan,nan,0.46
5/9/2025 2:57:52,1.17.0,PRexp,10,4.00,nan,20,Right,Left,695,120,57,15,nan,nan,0.21
5/9/2025 2:57:57,1.17.0,PRexp,10,4.00,nan,20,Left,Left,696,120,57,15,nan,nan,0.25
5/9/2025 2:58:03,1.17.0,PRexp,10,4.00,nan,20,Left,Left,697,120,57,15,nan,nan,0.30
5/9/2025 2:58:15,1.17.0,PRexp,10,4.00,nan,20,Left,Left,698,120,57,15,nan,nan,0.04
5/9/2025 2:59:36,1.17.0,PRexp,10,4.00,nan,20,Left,Left,699,120,57,15,nan,nan,0.23
5/9/2025 2:59:38,1.17.0,PRexp,10,4.00,nan,20,Right,Left,699,121,57,15,nan,nan,0.10
5/9/2025 2:59:40,1.17.0,PRexp,10,4.00,nan,20,Left,Left,700,121,57,15,nan,nan,0.15
5/9/2025 3:00:00,1.17.0,PRexp,10,4.00,nan,20,Left,Left,701,121,57,15,nan,nan,0.04
5/9/2025 3:00:36,1.17.0,PRexp,10,4.00,nan,20,Left,Left,702,121,57,15,nan,nan,0.01
5/9/2025 3:00:38,1.17.0,PRexp,10,4.00,nan,20,Left,Left,703,121,57,15,nan,nan,0.24
5/9/2025 3:00:42,1.17.0,PRexp,10,4.00,nan,20,Left,Left,704,121,57,15,nan,nan,0.20
5/9/2025 3:00:51,1.17.0,PRexp,10,4.00,nan,20,Left,Left,705,121,57,15,nan,nan,0.13
5/9/2025 3:00:59,1.17.0,PRexp,10,4.00,nan,20,Left,Left,706,121,57,15,nan,nan,0.14
5/9/2025 3:01:02,1.17.0,PRexp,10,4.00,2,20,Pellet,Left,706,121,58,16,0.18,325,nan
5/9/2025 3:01:27,1.17.0,PRexp,10,4.00,nan,22,Left,Left,707,121,58,16,nan,nan,0.17
5/9/2025 3:01:51,1.17.0,PRexp,10,4.00,nan,22,Left,Left,708,121,58,16,nan,nan,0.03
5/9/2025 3:01:57,1.17.0,PRexp,10,4.00,nan,22,Left,Left,709,121,58,16,nan,nan,0.29
5/9/2025 3:02:03,1.17.0,PRexp,10,4.00,nan,22,Left,Left,710,121,58,16,nan,nan,0.18
5/9/2025 3:02:05,1.17.0,PRexp,10,4.00,nan,22,Right,Left,710,122,58,16,nan,nan,0.41
5/9/2025 3:02:08,1.17.0,PRexp,10,4.00,nan,22,Left,Left,711,122,58,16,nan,nan,0.14
5/9/2025 3:02:10,1.17.0,PRexp,10,4.00,nan,22,Left,Left,712,122,58,16,nan,nan,0.19
5/9/2025 3:02:15,1.17.0,PRexp,10,4.00,nan,22,Left,Left,713,122,58,16,nan,nan,0.25
5/9/2025 3:02:19,1.17.0,PRexp,10,4.00,nan,22,Right,Left,713,123,58,16,nan,nan,1.07
5/9/2025 3:02:22,1.17.0,PRexp,10,4.00,nan,22,Right,Left,713,124,58,16,nan,nan,0.30
5/9/2025 3:02:23,1.17.0,PRexp,10,4.00,nan,22,Left,Left,714,124,58,16,nan,nan,0.00
5/9/2025 3:02:25,1.17.0,PRexp,10,4.00,nan,22,Left,Left,715,124,58,16,nan,nan,0.24
5/9/2025 3:02:28,1.17.0,PRexp,10,4.00,nan,22,Right,Left,715,125,58,16,nan,nan,0.42
5/9/2025 3:02:36,1.17.0,PRexp,10,4.00,nan,22,Left,Left,716,125,58,16,nan,nan,0.26
5/9/2025 3:02:43,1.17.0,PRexp,10,4.00,nan,22,Left,Left,717,125,58,16,nan,nan,0.27
5/9/2025 3:02:45,1.17.0,PRexp,10,4.00,nan,22,Left,Left,718,125,58,16,nan,nan,0.00
5/9/2025 3:02:49,1.17.0,PRexp,10,4.00,nan,22,Right,Left,718,126,58,16,nan,nan,0.21
5/9/2025 3:02:54,1.17.0,PRexp,10,4.00,nan,22,Left,Left,719,126,58,16,nan,nan,0.26
5/9/2025 3:02:58,1.17.0,PRexp,10,4.00,nan,22,Left,Left,720,126,58,16,nan,nan,0.23
5/9/2025 3:02:59,1.17.0,PRexp,10,4.00,nan,22,Left,Left,721,126,58,16,nan,nan,0.13
5/9/2025 3:03:03,1.17.0,PRexp,10,4.01,nan,22,Right,Left,721,127,58,16,nan,nan,0.11
5/9/2025 3:03:05,1.17.0,PRexp,10,4.01,nan,22,Right,Left,721,128,58,16,nan,nan,0.52
5/9/2025 3:03:08,1.17.0,PRexp,10,4.00,nan,22,Left,Left,722,128,58,16,nan,nan,0.41
5/9/2025 3:03:09,1.17.0,PRexp,10,4.00,nan,22,Left,Left,723,128,58,16,nan,nan,0.00
5/9/2025 3:03:10,1.17.0,PRexp,10,4.00,nan,22,Left,Left,724,128,58,16,nan,nan,0.22
5/9/2025 3:03:14,1.17.0,PRexp,10,4.00,nan,22,Left,Left,725,128,58,16,nan,nan,0.10
5/9/2025 3:03:15,1.17.0,PRexp,10,4.00,nan,22,Left,Left,726,128,58,16,nan,nan,0.08
5/9/2025 3:03:22,1.17.0,PRexp,10,4.00,nan,22,Left,Left,727,128,58,16,nan,nan,0.00
5/9/2025 3:06:59,1.17.0,PRexp,10,4.00,nan,22,Left,Left,728,128,58,16,nan,nan,0.06
5/9/2025 3:07:04,1.17.0,PRexp,10,4.00,3,22,Pellet,Left,728,128,59,17,0.12,362,nan
5/9/2025 3:07:35,1.17.0,PRexp,10,4.01,nan,25,Left,Left,729,128,59,17,nan,nan,0.00
5/9/2025 3:07:37,1.17.0,PRexp,10,4.00,nan,25,Left,Left,730,128,59,17,nan,nan,0.17
5/9/2025 3:07:41,1.17.0,PRexp,10,4.00,nan,25,Left,Left,731,128,59,17,nan,nan,0.05
5/9/2025 3:07:45,1.17.0,PRexp,10,4.00,nan,25,Left,Left,732,128,59,17,nan,nan,0.15
5/9/2025 3:07:47,1.17.0,PRexp,10,4.00,nan,25,Left,Left,733,128,59,17,nan,nan,0.45
5/9/2025 3:08:23,1.17.0,PRexp,10,4.00,nan,25,Right,Left,733,129,59,17,nan,nan,0.09
5/9/2025 3:09:21,1.17.0,PRexp,10,4.00,nan,25,Left,Left,734,129,59,17,nan,nan,0.04
5/9/2025 3:09:24,1.17.0,PRexp,10,4.00,nan,25,Left,Left,735,129,59,17,nan,nan,0.14
5/9/2025 3:10:31,1.17.0,PRexp,10,4.00,nan,25,Left,Left,736,129,59,17,nan,nan,0.18
5/9/2025 3:10:50,1.17.0,PRexp,10,4.00,nan,25,Left,Left,737,129,59,17,nan,nan,0.50
5/9/2025 3:12:09,1.17.0,PRexp,10,4.01,nan,25,Left,Left,738,129,59,17,nan,nan,0.07
5/9/2025 3:12:13,1.17.0,PRexp,10,4.00,nan,25,Left,Left,739,129,59,17,nan,nan,0.23
5/9/2025 3:12:21,1.17.0,PRexp,10,4.00,nan,25,Left,Left,740,129,59,17,nan,nan,0.07
5/9/2025 3:12:28,1.17.0,PRexp,10,4.00,nan,25,Left,Left,741,129,59,17,nan,nan,0.00
5/9/2025 3:12:30,1.17.0,PRexp,10,4.00,nan,25,Left,Left,742,129,59,17,nan,nan,0.11
5/9/2025 3:12:32,1.17.0,PRexp,10,4.00,nan,25,Left,Left,743,129,59,17,nan,nan,0.16
5/9/2025 3:19:04,1.17.0,PRexp,10,4.00,nan,25,Left,Left,744,129,59,17,nan,nan,0.39
5/9/2025 3:19:09,1.17.0,PRexp,10,4.00,nan,25,Left,Left,745,129,59,17,nan,nan,0.34
5/9/2025 3:19:11,1.17.0,PRexp,10,4.00,nan,25,Left,Left,746,129,59,17,nan,nan,0.27
5/9/2025 3:20:03,1.17.0,PRexp,10,4.00,nan,25,Right,Left,746,130,59,17,nan,nan,0.06
5/9/2025 3:20:05,1.17.0,PRexp,10,4.00,nan,25,Left,Left,747,130,59,17,nan,nan,0.03
5/9/2025 3:20:06,1.17.0,PRexp,10,4.00,nan,25,Left,Left,748,130,59,17,nan,nan,0.15
5/9/2025 3:20:46,1.17.0,PRexp,10,4.00,nan,25,Left,Left,749,130,59,17,nan,nan,0.10
5/9/2025 3:20:48,1.17.0,PRexp,10,4.00,nan,25,Left,Left,750,130,59,17,nan,nan,0.18
5/9/2025 3:20:50,1.17.0,PRexp,10,4.00,nan,25,Left,Left,751,130,59,17,nan,nan,0.23
5/9/2025 3:20:57,1.17.0,PRexp,10,4.00,nan,25,Left,Left,752,130,59,17,nan,nan,0.16
5/9/2025 3:21:04,1.17.0,PRexp,10,4.00,nan,25,Left,Left,753,130,59,17,nan,nan,0.36
5/9/2025 3:21:06,1.17.0,PRexp,10,4.00,2,25,Pellet,Left,753,130,60,18,0.06,842,nan
5/9/2025 3:21:39,1.17.0,PRexp,10,4.00,nan,28,Left,Left,754,130,60,18,nan,nan,0.25
5/9/2025 3:22:03,1.17.0,PRexp,10,4.00,nan,28,Right,Left,754,131,60,18,nan,nan,0.05
5/9/2025 4:06:45,1.17.0,PRexp,10,4.00,nan,1,Left,Left,755,131,60,0,nan,nan,0.21
5/9/2025 4:06:48,1.17.0,PRexp,10,4.00,2,1,Pellet,Left,755,131,61,1,0.42,2742,nan
5/9/2025 4:07:17,1.17.0,PRexp,10,4.00,nan,1,Left,Left,756,131,61,1,nan,nan,0.24
5/9/2025 4:07:20,1.17.0,PRexp,10,4.00,2,1,Pellet,Left,756,131,62,2,0.06,32,nan
5/9/2025 4:08:08,1.17.0,PRexp,10,4.00,nan,2,Left,Left,757,131,62,2,nan,nan,0.48
5/9/2025 4:08:22,1.17.0,PRexp,10,4.00,nan,2,Left,Left,758,131,62,2,nan,nan,0.16
5/9/2025 4:08:26,1.17.0,PRexp,10,4.00,3,2,Pellet,Left,758,131,63,3,0.12,66,nan
5/9/2025 4:09:07,1.17.0,PRexp,10,4.00,nan,2,Left,Left,759,131,63,3,nan,nan,0.62
5/9/2025 4:09:11,1.17.0,PRexp,10,4.00,nan,2,Left,Left,760,131,63,3,nan,nan,0.08
5/9/2025 4:09:14,1.17.0,PRexp,10,4.00,2,2,Pellet,Left,760,131,64,4,0.18,48,nan
5/9/2025 4:09:43,1.17.0,PRexp,10,4.00,nan,3,Left,Left,761,131,64,4,nan,nan,0.16
5/9/2025 4:09:48,1.17.0,PRexp,10,4.00,nan,3,Left,Left,762,131,64,4,nan,nan,0.64
5/9/2025 4:09:55,1.17.0,PRexp,10,4.00,nan,3,Left,Left,763,131,64,4,nan,nan,0.84
5/9/2025 4:09:57,1.17.0,PRexp,10,4.00,2,3,Pellet,Left,763,131,65,5,0.06,43,nan
5/9/2025 4:10:33,1.17.0,PRexp,10,4.00,nan,4,Left,Left,764,131,65,5,nan,nan,0.12
5/9/2025 4:10:41,1.17.0,PRexp,10,4.00,nan,4,Left,Left,765,131,65,5,nan,nan,0.17
5/9/2025 4:10:47,1.17.0,PRexp,10,4.00,nan,4,Left,Left,766,131,65,5,nan,nan,0.17
5/9/2025 4:10:54,1.17.0,PRexp,10,4.00,nan,4,Left,Left,767,131,65,5,nan,nan,0.65
5/9/2025 4:10:56,1.17.0,PRexp,10,4.00,2,4,Pellet,Left,767,131,66,6,0.49,59,nan
5/9/2025 4:11:23,1.17.0,PRexp,10,4.00,nan,5,Left,Left,768,131,66,6,nan,nan,0.01
5/9/2025 4:11:27,1.17.0,PRexp,10,4.00,nan,5,Left,Left,769,131,66,6,nan,nan,0.17
5/9/2025 4:11:32,1.17.0,PRexp,10,4.00,nan,5,Left,Left,770,131,66,6,nan,nan,0.18
5/9/2025 4:11:40,1.17.0,PRexp,10,4.00,nan,5,Left,Left,771,131,66,6,nan,nan,0.15
5/9/2025 4:11:47,1.17.0,PRexp,10,4.00,nan,5,Left,Left,772,131,66,6,nan,nan,0.84
5/9/2025 4:11:49,1.17.0,PRexp,10,4.00,2,5,Pellet,Left,772,131,67,7,0.06,53,nan
5/9/2025 4:12:21,1.17.0,PRexp,10,4.00,nan,6,Left,Left,773,131,67,7,nan,nan,0.19
5/9/2025 4:12:27,1.17.0,PRexp,10,4.00,nan,6,Left,Left,774,131,67,7,nan,nan,0.22
5/9/2025 4:12:44,1.17.0,PRexp,10,4.00,nan,6,Right,Left,774,132,67,7,nan,nan,0.61
5/9/2025 4:12:45,1.17.0,PRexp,10,4.00,nan,6,Left,Left,775,132,67,7,nan,nan,0.16
5/9/2025 4:12:47,1.17.0,PRexp,10,4.00,nan,6,Left,Left,776,132,67,7,nan,nan,0.33
5/9/2025 4:12:54,1.17.0,PRexp,10,4.00,nan,6,Left,Left,777,132,67,7,nan,nan,0.20
5/9/2025 4:24:44,1.17.0,PRexp,10,4.00,nan,6,Left,Left,778,132,67,7,nan,nan,0.10
5/9/2025 4:24:48,1.17.0,PRexp,10,4.00,3,6,Pellet,Left,778,132,68,8,0.06,779,nan
5/9/2025 4:25:09,1.17.0,PRexp,10,4.00,nan,7,Left,Left,779,132,68,8,nan,nan,0.08
5/9/2025 4:25:15,1.17.0,PRexp,10,4.00,nan,7,Left,Left,780,132,68,8,nan,nan,0.45
5/9/2025 4:25:21,1.17.0,PRexp,10,4.00,nan,7,Left,Left,781,132,68,8,nan,nan,0.66
5/9/2025 4:25:25,1.17.0,PRexp,10,4.00,nan,7,Left,Left,782,132,68,8,nan,nan,0.33
5/9/2025 4:25:29,1.17.0,PRexp,10,4.00,nan,7,Left,Left,783,132,68,8,nan,nan,0.51
5/9/2025 4:25:33,1.17.0,PRexp,10,4.00,nan,7,Left,Left,784,132,68,8,nan,nan,0.28
5/9/2025 4:25:47,1.17.0,PRexp,10,4.00,nan,7,Right,Left,784,133,68,8,nan,nan,0.03
5/9/2025 4:26:03,1.17.0,PRexp,10,4.00,nan,7,Left,Left,785,133,68,8,nan,nan,0.24
5/9/2025 4:26:05,1.17.0,PRexp,10,4.00,1,7,Pellet,Left,785,133,69,9,0.12,77,nan
5/9/2025 4:33:34,1.17.0,PRexp,10,4.00,nan,9,Left,Left,786,133,69,9,nan,nan,0.15
5/9/2025 4:33:41,1.17.0,PRexp,10,4.00,nan,9,Left,Left,787,133,69,9,nan,nan,0.73
5/9/2025 4:33:46,1.17.0,PRexp,10,4.00,nan,9,Left,Left,788,133,69,9,nan,nan,0.28
5/9/2025 4:43:14,1.17.0,PRexp,10,4.00,nan,9,Left,Left,789,133,69,9,nan,nan,0.17
5/9/2025 4:43:18,1.17.0,PRexp,10,4.00,nan,9,Left,Left,790,133,69,9,nan,nan,0.07
5/9/2025 4:43:22,1.17.0,PRexp,10,4.00,nan,9,Left,Left,791,133,69,9,nan,nan,0.25
5/9/2025 4:54:13,1.17.0,PRexp,10,4.00,nan,9,Left,Left,792,133,69,9,nan,nan,0.15
5/9/2025 4:54:15,1.17.0,PRexp,10,4.00,nan,9,Left,Left,793,133,69,9,nan,nan,0.31
5/9/2025 5:00:15,1.17.0,PRexp,10,4.00,nan,9,Left,Left,794,133,69,9,nan,nan,0.24
5/9/2025 5:00:18,1.17.0,PRexp,10,4.00,2,9,Pellet,Left,794,133,70,10,0.06,2053,nan
5/9/2025 5:00:49,1.17.0,PRexp,10,4.00,nan,10,Left,Left,795,133,70,10,nan,nan,0.00
5/9/2025 5:01:08,1.17.0,PRexp,10,4.00,nan,10,Left,Left,796,133,70,10,nan,nan,0.51
5/9/2025 5:01:24,1.17.0,PRexp,10,4.00,nan,10,Left,Left,797,133,70,10,nan,nan,0.47
5/9/2025 5:01:31,1.17.0,PRexp,10,4.00,nan,10,Left,Left,798,133,70,10,nan,nan,0.24
5/9/2025 5:01:35,1.17.0,PRexp,10,4.00,nan,10,Left,Left,799,133,70,10,nan,nan,0.23
5/9/2025 5:01:43,1.17.0,PRexp,10,4.00,nan,10,Left,Left,800,133,70,10,nan,nan,0.20
5/9/2025 5:01:51,1.17.0,PRexp,10,4.00,nan,10,Left,Left,801,133,70,10,nan,nan,0.30
5/9/2025 5:01:56,1.17.0,PRexp,10,4.00,nan,10,Left,Left,802,133,70,10,nan,nan,0.49
5/9/2025 5:02:03,1.17.0,PRexp,10,4.00,nan,10,Left,Left,803,133,70,10,nan,nan,0.16
5/9/2025 5:02:06,1.17.0,PRexp,10,4.00,nan,10,Left,Left,804,133,70,10,nan,nan,0.22
5/9/2025 5:02:09,1.17.0,PRexp,10,3.99,2,10,Pellet,Left,804,133,71,11,0.06,111,nan
5/9/2025 5:03:48,1.17.0,PRexp,10,4.00,nan,12,Left,Left,805,133,71,11,nan,nan,0.10
5/9/2025 5:03:51,1.17.0,PRexp,10,4.00,nan,12,Left,Left,806,133,71,11,nan,nan,0.25
5/9/2025 5:05:08,1.17.0,PRexp,10,4.00,nan,12,Left,Left,807,133,71,11,nan,nan,0.02
5/9/2025 5:07:46,1.17.0,PRexp,10,4.00,nan,12,Left,Left,808,133,71,11,nan,nan,0.06
5/9/2025 5:07:53,1.17.0,PRexp,10,3.99,nan,12,Left,Left,809,133,71,11,nan,nan,0.21
5/9/2025 5:07:55,1.17.0,PRexp,10,4.00,nan,12,Left,Left,810,133,71,11,nan,nan,0.43
5/9/2025 5:07:59,1.17.0,PRexp,10,4.00,nan,12,Left,Left,811,133,71,11,nan,nan,0.12
5/9/2025 5:08:50,1.17.0,PRexp,10,4.00,nan,12,Left,Left,812,133,71,11,nan,nan,0.08
5/9/2025 5:09:42,1.17.0,PRexp,10,4.00,nan,12,Left,Left,813,133,71,11,nan,nan,0.21
5/9/2025 5:09:46,1.17.0,PRexp,10,4.00,nan,12,Left,Left,814,133,71,11,nan,nan,0.07
5/9/2025 5:09:49,1.17.0,PRexp,10,4.00,nan,12,Left,Left,815,133,71,11,nan,nan,0.14
5/9/2025 5:10:41,1.17.0,PRexp,10,4.00,nan,12,Left,Left,816,133,71,11,nan,nan,0.12
5/9/2025 5:10:46,1.17.0,PRexp,10,4.00,2,12,Pellet,Left,816,133,72,12,0.24,517,nan
5/9/2025 5:11:09,1.17.0,PRexp,10,4.00,nan,13,Left,Left,817,133,72,12,nan,nan,0.06
5/9/2025 5:11:24,1.17.0,PRexp,10,4.00,nan,13,Right,Left,817,134,72,12,nan,nan,0.15
5/9/2025 5:11:27,1.17.0,PRexp,10,4.00,nan,13,Left,Left,818,134,72,12,nan,nan,0.56
5/9/2025 5:11:29,1.17.0,PRexp,10,4.00,nan,13,Left,Left,819,134,72,12,nan,nan,0.20
5/9/2025 5:11:33,1.17.0,PRexp,10,4.00,nan,13,Left,Left,820,134,72,12,nan,nan,0.16
5/9/2025 5:11:35,1.17.0,PRexp,10,4.00,nan,13,Left,Left,821,134,72,12,nan,nan,0.33
5/9/2025 5:11:45,1.17.0,PRexp,10,4.00,nan,13,Left,Left,822,134,72,12,nan,nan,0.19
5/9/2025 5:11:47,1.17.0,PRexp,10,4.00,nan,13,Left,Left,823,134,72,12,nan,nan,0.34
5/9/2025 5:11:50,1.17.0,PRexp,10,4.00,nan,13,Right,Left,823,135,72,12,nan,nan,0.19
5/9/2025 5:11:51,1.17.0,PRexp,10,4.00,nan,13,Left,Left,824,135,72,12,nan,nan,0.21
5/9/2025 5:11:54,1.17.0,PRexp,10,3.99,nan,13,Left,Left,825,135,72,12,nan,nan,0.22
5/9/2025 5:11:57,1.17.0,PRexp,10,4.00,nan,13,Left,Left,826,135,72,12,nan,nan,0.52
5/9/2025 5:11:58,1.17.0,PRexp,10,3.99,nan,13,Left,Left,827,135,72,12,nan,nan,0.00
5/9/2025 5:12:00,1.17.0,PRexp,10,4.00,nan,13,Left,Left,828,135,72,12,nan,nan,0.19
5/9/2025 5:12:03,1.17.0,PRexp,10,4.00,nan,13,Right,Left,828,136,72,12,nan,nan,0.79
5/9/2025 5:12:06,1.17.0,PRexp,10,4.00,nan,13,Right,Left,828,137,72,12,nan,nan,0.62
5/9/2025 5:12:07,1.17.0,PRexp,10,4.00,nan,13,Right,Left,828,138,72,12,nan,nan,0.00
5/9/2025 5:12:10,1.17.0,PRexp,10,4.00,nan,13,Right,Left,828,139,72,12,nan,nan,0.31
5/9/2025 5:12:12,1.17.0,PRexp,10,4.00,nan,13,Left,Left,829,139,72,12,nan,nan,0.44
5/9/2025 5:12:15,1.17.0,PRexp,10,4.00,2,13,Pellet,Left,829,139,73,13,0.24,89,nan
5/9/2025 5:12:34,1.17.0,PRexp,10,4.00,nan,15,Left,Left,830,139,73,13,nan,nan,0.23
5/9/2025 5:12:38,1.17.0,PRexp,10,4.00,nan,15,Left,Left,831,139,73,13,nan,nan,0.11
5/9/2025 5:12:41,1.17.0,PRexp,10,4.00,nan,15,Left,Left,832,139,73,13,nan,nan,0.29
5/9/2025 5:12:46,1.17.0,PRexp,10,4.00,nan,15,Left,Left,833,139,73,13,nan,nan,0.26
5/9/2025 5:12:48,1.17.0,PRexp,10,4.00,nan,15,Right,Left,833,140,73,13,nan,nan,0.22
5/9/2025 5:12:50,1.17.0,PRexp,10,4.00,nan,15,Left,Left,834,140,73,13,nan,nan,0.00
5/9/2025 5:12:53,1.17.0,PRexp,10,4.00,nan,15,Left,Left,835,140,73,13,nan,nan,0.40
5/9/2025 5:12:56,1.17.0,PRexp,10,4.00,nan,15,Left,Left,836,140,73,13,nan,nan,0.82
5/9/2025 5:12:59,1.17.0,PRexp,10,4.00,nan,15,Left,Left,837,140,73,13,nan,nan,0.19
5/9/2025 5:13:05,1.17.0,PRexp,10,4.00,nan,15,Left,Left,838,140,73,13,nan,nan,0.25
5/9/2025 5:13:11,1.17.0,PRexp,10,4.00,nan,15,Left,Left,839,140,73,13,nan,nan,0.23
5/9/2025 5:13:15,1.17.0,PRexp,10,4.00,nan,15,Left,Left,840,140,73,13,nan,nan,0.22
5/9/2025 5:13:20,1.17.0,PRexp,10,4.00,nan,15,Right,Left,840,141,73,13,nan,nan,0.15
5/9/2025 5:13:27,1.17.0,PRexp,10,4.00,nan,15,Left,Left,841,141,73,13,nan,nan,0.00
5/9/2025 5:14:17,1.17.0,PRexp,10,4.00,nan,15,Right,Left,841,142,73,13,nan,nan,0.06
5/9/2025 5:14:19,1.17.0,PRexp,10,4.00,nan,15,Left,Left,842,142,73,13,nan,nan,0.09
5/9/2025 5:14:27,1.17.0,PRexp,10,4.00,nan,15,Left,Left,843,142,73,13,nan,nan,0.13
5/9/2025 5:14:35,1.17.0,PRexp,10,4.00,nan,15,Left,Left,844,142,73,13,nan,nan,0.38
5/9/2025 5:15:05,1.17.0,PRexp,10,4.00,2,15,Pellet,Left,844,142,74,14,27.48,170,nan
5/9/2025 5:15:30,1.17.0,PRexp,10,4.00,nan,17,Left,Left,845,142,74,14,nan,nan,0.10
5/9/2025 5:15:37,1.17.0,PRexp,10,4.00,nan,17,Left,Left,846,142,74,14,nan,nan,0.05
5/9/2025 5:15:41,1.17.0,PRexp,10,4.00,nan,17,Left,Left,847,142,74,14,nan,nan,0.34
5/9/2025 5:15:45,1.17.0,PRexp,10,3.99,nan,17,Left,Left,848,142,74,14,nan,nan,0.08
5/9/2025 5:15:47,1.17.0,PRexp,10,4.00,nan,17,Right,Left,848,143,74,14,nan,nan,0.29
5/9/2025 5:15:50,1.17.0,PRexp,10,4.00,nan,17,Left,Left,849,143,74,14,nan,nan,0.13
5/9/2025 5:15:52,1.17.0,PRexp,10,4.00,nan,17,Right,Left,849,144,74,14,nan,nan,0.15
5/9/2025 5:15:55,1.17.0,PRexp,10,4.00,nan,17,Left,Left,850,144,74,14,nan,nan,0.26
5/9/2025 5:16:04,1.17.0,PRexp,10,4.00,nan,17,Left,Left,851,144,74,14,nan,nan,0.18
5/9/2025 5:16:09,1.17.0,PRexp,10,4.00,nan,17,Left,Left,852,144,74,14,nan,nan,0.12
5/9/2025 5:16:12,1.17.0,PRexp,10,4.00,nan,17,Left,Left,853,144,74,14,nan,nan,0.15
5/9/2025 5:16:31,1.17.0,PRexp,10,3.99,nan,17,Left,Left,854,144,74,14,nan,nan,0.13
5/9/2025 5:16:33,1.17.0,PRexp,10,4.00,nan,17,Left,Left,855,144,74,14,nan,nan,0.09
5/9/2025 5:17:19,1.17.0,PRexp,10,4.00,nan,17,Left,Left,856,144,74,14,nan,nan,0.07
5/9/2025 5:17:21,1.17.0,PRexp,10,4.00,nan,17,Left,Left,857,144,74,14,nan,nan,0.06
5/9/2025 5:17:34,1.17.0,PRexp,10,4.00,nan,17,Left,Left,858,144,74,14,nan,nan,0.16
5/9/2025 5:18:59,1.17.0,PRexp,10,4.00,nan,17,Left,Left,859,144,74,14,nan,nan,0.00
5/9/2025 5:19:01,1.17.0,PRexp,10,4.00,nan,17,Left,Left,860,144,74,14,nan,nan,0.22
5/9/2025 5:19:05,1.17.0,PRexp,10,4.00,nan,17,Left,Left,861,144,74,14,nan,nan,0.20
5/9/2025 5:19:35,1.17.0,PRexp,10,4.00,4,17,Pellet,Left,861,144,75,15,23.64,270,nan
5/9/2025 5:20:07,1.17.0,PRexp,10,4.00,nan,20,Left,Left,862,144,75,15,nan,nan,0.04
5/9/2025 5:20:19,1.17.0,PRexp,10,4.00,nan,20,Left,Left,863,144,75,15,nan,nan,0.26
5/9/2025 5:20:22,1.17.0,PRexp,10,4.00,nan,20,Right,Left,863,145,75,15,nan,nan,0.31
5/9/2025 5:20:25,1.17.0,PRexp,10,4.00,nan,20,Left,Left,864,145,75,15,nan,nan,0.20
5/9/2025 5:20:33,1.17.0,PRexp,10,3.99,nan,20,Right,Left,864,146,75,15,nan,nan,0.26
5/9/2025 5:20:35,1.17.0,PRexp,10,4.00,nan,20,Left,Left,865,146,75,15,nan,nan,0.28
5/9/2025 5:20:37,1.17.0,PRexp,10,4.00,nan,20,Left,Left,866,146,75,15,nan,nan,0.32
5/9/2025 5:20:42,1.17.0,PRexp,10,4.00,nan,20,Left,Left,867,146,75,15,nan,nan,0.67
5/9/2025 5:20:44,1.17.0,PRexp,10,4.00,nan,20,Left,Left,868,146,75,15,nan,nan,0.30
5/9/2025 5:20:50,1.17.0,PRexp,10,3.99,nan,20,Left,Left,869,146,75,15,nan,nan,0.29
5/9/2025 5:20:53,1.17.0,PRexp,10,4.00,nan,20,Left,Left,870,146,75,15,nan,nan,0.21
5/9/2025 5:22:34,1.17.0,PRexp,10,4.00,nan,20,Left,Left,871,146,75,15,nan,nan,0.05
5/9/2025 5:22:37,1.17.0,PRexp,10,3.98,nan,20,Left,Left,872,146,75,15,nan,nan,0.14
5/9/2025 5:25:21,1.17.0,PRexp,10,4.00,nan,20,Left,Left,873,146,75,15,nan,nan,0.12
5/9/2025 5:25:24,1.17.0,PRexp,10,4.00,nan,20,Left,Left,874,146,75,15,nan,nan,0.17
5/9/2025 5:25:33,1.17.0,PRexp,10,4.00,nan,20,Right,Left,874,147,75,15,nan,nan,0.42
5/9/2025 5:25:34,1.17.0,PRexp,10,4.00,nan,20,Left,Left,875,147,75,15,nan,nan,0.19
5/9/2025 5:25:37,1.17.0,PRexp,10,4.00,nan,20,Left,Left,876,147,75,15,nan,nan,0.19
5/9/2025 5:25:40,1.17.0,PRexp,10,4.00,nan,20,Right,Left,876,148,75,15,nan,nan,0.19
5/9/2025 5:25:42,1.17.0,PRexp,10,4.00,nan,20,Left,Left,877,148,75,15,nan,nan,0.26
5/9/2025 5:25:52,1.17.0,PRexp,10,4.00,nan,20,Right,Left,877,149,75,15,nan,nan,0.13
5/9/2025 5:25:54,1.17.0,PRexp,10,4.00,nan,20,Right,Left,877,150,75,15,nan,nan,0.39
5/9/2025 5:25:55,1.17.0,PRexp,10,4.00,nan,20,Left,Left,878,150,75,15,nan,nan,0.46
5/9/2025 5:25:59,1.17.0,PRexp,10,4.00,nan,20,Left,Left,879,150,75,15,nan,nan,0.40
5/9/2025 5:26:07,1.17.0,PRexp,10,4.00,nan,20,Left,Left,880,150,75,15,nan,nan,0.20
5/9/2025 5:26:09,1.17.0,PRexp,10,4.00,nan,20,Right,Left,880,151,75,15,nan,nan,0.14
5/9/2025 5:28:01,1.17.0,PRexp,10,4.00,nan,20,Left,Left,881,151,75,15,nan,nan,0.71
5/9/2025 5:28:34,1.17.0,PRexp,10,4.00,3,20,Pellet,Left,881,151,76,16,26.14,539,nan
5/9/2025 5:28:56,1.17.0,PRexp,10,4.00,nan,22,Left,Left,882,151,76,16,nan,nan,0.13
5/9/2025 5:30:33,1.17.0,PRexp,10,4.00,nan,22,Right,Left,882,152,76,16,nan,nan,0.00
5/9/2025 5:30:42,1.17.0,PRexp,10,4.00,nan,22,Left,Left,883,152,76,16,nan,nan,0.16
5/9/2025 5:30:47,1.17.0,PRexp,10,4.00,nan,22,Left,Left,884,152,76,16,nan,nan,0.16
5/9/2025 5:31:53,1.17.0,PRexp,10,3.99,nan,22,Left,Left,885,152,76,16,nan,nan,0.21
5/9/2025 5:32:01,1.17.0,PRexp,10,4.00,nan,22,Left,Left,886,152,76,16,nan,nan,0.06
5/9/2025 5:35:01,1.17.0,PRexp,10,4.00,nan,22,Left,Left,887,152,76,16,nan,nan,0.30
5/9/2025 5:35:42,1.17.0,PRexp,10,4.00,nan,22,Left,Left,888,152,76,16,nan,nan,0.17
5/9/2025 5:36:00,1.17.0,PRexp,10,3.98,nan,22,Right,Left,888,153,76,16,nan,nan,0.05
5/9/2025 5:36:01,1.17.0,PRexp,10,4.00,nan,22,Left,Left,889,153,76,16,nan,nan,0.00
5/9/2025 5:36:07,1.17.0,PRexp,10,4.00,nan,22,Left,Left,890,153,76,16,nan,nan,0.13
5/9/2025 5:36:11,1.17.0,PRexp,10,4.00,nan,22,Left,Left,891,153,76,16,nan,nan,0.34
5/9/2025 5:37:20,1.17.0,PRexp,10,4.00,nan,22,Right,Left,891,154,76,16,nan,nan,0.05
5/9/2025 5:37:45,1.17.0,PRexp,10,4.00,nan,22,Left,Left,892,154,76,16,nan,nan,0.20
5/9/2025 5:37:51,1.17.0,PRexp,10,4.00,nan,22,Left,Left,893,154,76,16,nan,nan,0.13
5/9/2025 5:37:55,1.17.0,PRexp,10,4.00,nan,22,Right,Left,893,155,76,16,nan,nan,0.21
5/9/2025 5:37:56,1.17.0,PRexp,10,4.00,nan,22,Left,Left,894,155,76,16,nan,nan,0.14
5/9/2025 5:38:01,1.17.0,PRexp,10,4.00,nan,22,Left,Left,895,155,76,16,nan,nan,0.21
5/9/2025 5:38:59,1.17.0,PRexp,10,4.00,nan,22,Left,Left,896,155,76,16,nan,nan,0.02
5/9/2025 5:39:01,1.17.0,PRexp,10,4.00,nan,22,Left,Left,897,155,76,16,nan,nan,0.02
5/9/2025 5:39:07,1.17.0,PRexp,10,4.00,nan,22,Left,Left,898,155,76,16,nan,nan,0.00
5/9/2025 5:39:35,1.17.0,PRexp,10,4.00,nan,22,Right,Left,898,156,76,16,nan,nan,0.18
5/9/2025 5:39:37,1.17.0,PRexp,10,4.00,nan,22,Left,Left,899,156,76,16,nan,nan,0.13
5/9/2025 5:39:38,1.17.0,PRexp,10,4.00,nan,22,Right,Left,899,157,76,16,nan,nan,0.00
5/9/2025 5:39:42,1.17.0,PRexp,10,4.00,nan,22,Left,Left,900,157,76,16,nan,nan,0.15
5/9/2025 5:39:48,1.17.0,PRexp,10,4.00,nan,22,Left,Left,901,157,76,16,nan,nan,0.11
5/9/2025 5:41:58,1.17.0,PRexp,10,4.00,nan,22,Left,Left,902,157,76,16,nan,nan,0.21
5/9/2025 5:46:18,1.17.0,PRexp,10,4.00,nan,22,Left,Left,903,157,76,16,nan,nan,0.04
5/9/2025 5:46:21,1.17.0,PRexp,10,4.00,2,22,Pellet,Left,903,157,77,17,0.06,1067,nan
5/9/2025 5:47:11,1.17.0,PRexp,10,4.00,nan,25,Left,Left,904,157,77,17,nan,nan,0.20
5/9/2025 5:47:32,1.17.0,PRexp,10,4.00,nan,25,Left,Left,905,157,77,17,nan,nan,0.20
5/9/2025 5:47:39,1.17.0,PRexp,10,4.00,nan,25,Left,Left,906,157,77,17,nan,nan,0.11
5/9/2025 5:47:48,1.17.0,PRexp,10,4.00,nan,25,Left,Left,907,157,77,17,nan,nan,0.14
5/9/2025 5:47:55,1.17.0,PRexp,10,4.00,nan,25,Left,Left,908,157,77,17,nan,nan,0.10
5/9/2025 5:47:59,1.17.0,PRexp,10,4.00,nan,25,Left,Left,909,157,77,17,nan,nan,0.09
5/9/2025 5:48:21,1.17.0,PRexp,10,4.00,nan,25,Left,Left,910,157,77,17,nan,nan,0.20
5/9/2025 5:48:28,1.17.0,PRexp,10,4.00,nan,25,Left,Left,911,157,77,17,nan,nan,0.20
5/9/2025 5:48:33,1.17.0,PRexp,10,4.00,nan,25,Left,Left,912,157,77,17,nan,nan,0.16
5/9/2025 5:48:38,1.17.0,PRexp,10,4.00,nan,25,Left,Left,913,157,77,17,nan,nan,0.26
5/9/2025 5:48:42,1.17.0,PRexp,10,4.00,nan,25,Left,Left,914,157,77,17,nan,nan,0.23
5/9/2025 5:48:47,1.17.0,PRexp,10,3.99,nan,25,Left,Left,915,157,77,17,nan,nan,0.14
5/9/2025 5:48:49,1.17.0,PRexp,10,4.00,nan,25,Left,Left,916,157,77,17,nan,nan,0.27
5/9/2025 5:48:56,1.17.0,PRexp,10,4.00,nan,25,Left,Left,917,157,77,17,nan,nan,0.25
5/9/2025 5:49:01,1.17.0,PRexp,10,4.00,nan,25,Left,Left,918,157,77,17,nan,nan,0.20
5/9/2025 5:49:05,1.17.0,PRexp,10,3.99,nan,25,Right,Left,918,158,77,17,nan,nan,0.22
5/9/2025 5:49:07,1.17.0,PRexp,10,4.00,nan,25,Left,Left,919,158,77,17,nan,nan,0.22
5/9/2025 5:49:12,1.17.0,PRexp,10,4.00,nan,25,Left,Left,920,158,77,17,nan,nan,0.15
5/9/2025 5:49:17,1.17.0,PRexp,10,4.00,nan,25,Left,Left,921,158,77,17,nan,nan,0.24
5/9/2025 5:49:19,1.17.0,PRexp,10,4.00,nan,25,Right,Left,921,159,77,17,nan,nan,0.14
5/9/2025 5:49:23,1.17.0,PRexp,10,4.00,nan,25,Left,Left,922,159,77,17,nan,nan,0.18
5/9/2025 5:49:33,1.17.0,PRexp,10,4.00,nan,25,Left,Left,923,159,77,17,nan,nan,0.19
5/9/2025 5:49:36,1.17.0,PRexp,10,4.00,nan,25,Right,Left,923,160,77,17,nan,nan,1.06
5/9/2025 5:49:39,1.17.0,PRexp,10,4.00,nan,25,Right,Left,923,161,77,17,nan,nan,0.15
5/9/2025 5:49:40,1.17.0,PRexp,10,4.00,nan,25,Left,Left,924,161,77,17,nan,nan,0.00
5/9/2025 5:49:46,1.17.0,PRexp,10,4.00,nan,25,Left,Left,925,161,77,17,nan,nan,0.26
5/9/2025 5:49:49,1.17.0,PRexp,10,4.00,nan,25,Right,Left,925,162,77,17,nan,nan,0.20
5/9/2025 5:49:51,1.17.0,PRexp,10,3.98,nan,25,Left,Left,926,162,77,17,nan,nan,0.23
5/9/2025 5:49:56,1.17.0,PRexp,10,4.00,nan,25,Left,Left,927,162,77,17,nan,nan,0.55
5/9/2025 5:49:59,1.17.0,PRexp,10,4.00,nan,25,Left,Left,928,162,77,17,nan,nan,0.25
5/9/2025 5:50:02,1.17.0,PRexp,10,4.00,2,25,Pellet,Left,928,162,78,18,0.42,221,nan
5/9/2025 5:50:29,1.17.0,PRexp,10,4.00,nan,28,Left,Left,929,162,78,18,nan,nan,0.18
5/9/2025 5:50:35,1.17.0,PRexp,10,4.00,nan,28,Left,Left,930,162,78,18,nan,nan,0.15
5/9/2025 5:50:37,1.17.0,PRexp,10,4.00,nan,28,Left,Left,931,162,78,18,nan,nan,0.28
5/9/2025 5:50:40,1.17.0,PRexp,10,4.00,nan,28,Left,Left,932,162,78,18,nan,nan,0.31
5/9/2025 5:50:42,1.17.0,PRexp,10,4.00,nan,28,Left,Left,933,162,78,18,nan,nan,0.32
5/9/2025 5:50:45,1.17.0,PRexp,10,4.00,nan,28,Left,Left,934,162,78,18,nan,nan,0.41
5/9/2025 5:50:49,1.17.0,PRexp,10,3.99,nan,28,Left,Left,935,162,78,18,nan,nan,0.27
5/9/2025 5:50:53,1.17.0,PRexp,10,4.00,nan,28,Right,Left,935,163,78,18,nan,nan,0.03
5/9/2025 5:50:55,1.17.0,PRexp,10,4.00,nan,28,Left,Left,936,163,78,18,nan,nan,0.36
5/9/2025 5:50:59,1.17.0,PRexp,10,4.00,nan,28,Left,Left,937,163,78,18,nan,nan,0.25
5/9/2025 5:51:04,1.17.0,PRexp,10,4.00,nan,28,Left,Left,938,163,78,18,nan,nan,0.33
5/9/2025 5:51:08,1.17.0,PRexp,10,4.00,nan,28,Left,Left,939,163,78,18,nan,nan,0.19
5/9/2025 5:51:27,1.17.0,PRexp,10,4.00,nan,28,Left,Left,940,163,78,18,nan,nan,0.17
5/9/2025 5:51:32,1.17.0,PRexp,10,4.00,nan,28,Left,Left,941,163,78,18,nan,nan,0.34
5/9/2025 5:51:41,1.17.0,PRexp,10,4.00,nan,28,Left,Left,942,163,78,18,nan,nan,0.34
5/9/2025 5:51:44,1.17.0,PRexp,10,4.00,nan,28,Left,Left,943,163,78,18,nan,nan,0.19
5/9/2025 5:51:49,1.17.0,PRexp,10,4.00,nan,28,Left,Left,944,163,78,18,nan,nan,0.22
5/9/2025 5:51:50,1.17.0,PRexp,10,4.00,nan,28,Left,Left,945,163,78,18,nan,nan,0.00
5/9/2025 5:52:10,1.17.0,PRexp,10,3.99,nan,28,Left,Left,946,163,78,18,nan,nan,0.22
5/9/2025 5:53:50,1.17.0,PRexp,10,4.00,nan,28,Left,Left,947,163,78,18,nan,nan,0.10
5/9/2025 5:53:54,1.17.0,PRexp,10,4.00,nan,28,Left,Left,948,163,78,18,nan,nan,0.15
5/9/2025 5:53:57,1.17.0,PRexp,10,4.00,nan,28,Left,Left,949,163,78,18,nan,nan,0.10
5/9/2025 5:54:04,1.17.0,PRexp,10,4.00,nan,28,Right,Left,949,164,78,18,nan,nan,0.00
5/9/2025 5:54:26,1.17.0,PRexp,10,4.00,nan,28,Left,Left,950,164,78,18,nan,nan,0.17
5/9/2025 5:54:31,1.17.0,PRexp,10,4.00,nan,28,Left,Left,951,164,78,18,nan,nan,0.19
5/9/2025 5:54:38,1.17.0,PRexp,10,4.00,nan,28,Right,Left,951,165,78,18,nan,nan,0.24
5/9/2025 5:54:40,1.17.0,PRexp,10,3.99,nan,28,Left,Left,952,165,78,18,nan,nan,0.00
5/9/2025 5:54:41,1.17.0,PRexp,10,4.00,nan,28,Left,Left,953,165,78,18,nan,nan,0.37
5/9/2025 5:54:51,1.17.0,PRexp,10,4.00,nan,28,Left,Left,954,165,78,18,nan,nan,0.24
5/9/2025 5:54:56,1.17.0,PRexp,10,4.00,nan,28,Left,Left,955,165,78,18,nan,nan,0.22
5/9/2025 5:55:00,1.17.0,PRexp,10,4.00,nan,28,Right,Left,955,166,78,18,nan,nan,0.14
5/9/2025 6:00:17,1.17.0,PRexp,10,4.00,nan,28,Left,Left,956,166,78,18,nan,nan,0.06
5/9/2025 6:00:20,1.17.0,PRexp,10,4.00,2,28,Pellet,Left,956,166,79,19,0.79,618,nan
5/9/2025 6:02:19,1.17.0,PRexp,10,4.00,nan,32,Left,Left,957,166,79,19,nan,nan,0.26
5/9/2025 6:02:27,1.17.0,PRexp,10,4.00,nan,32,Left,Left,958,166,79,19,nan,nan,0.19
5/9/2025 6:02:38,1.17.0,PRexp,10,4.00,nan,32,Left,Left,959,166,79,19,nan,nan,0.19
5/9/2025 6:02:56,1.17.0,PRexp,10,4.00,nan,32,Left,Left,960,166,79,19,nan,nan,0.15
5/9/2025 6:02:58,1.17.0,PRexp,10,4.00,nan,32,Left,Left,961,166,79,19,nan,nan,0.37
5/9/2025 6:03:40,1.17.0,PRexp,10,4.00,nan,32,Left,Left,962,166,79,19,nan,nan,0.10
5/9/2025 6:09:52,1.17.0,PRexp,10,4.00,nan,32,Left,Left,963,166,79,19,nan,nan,0.40
5/9/2025 6:09:55,1.17.0,PRexp,10,4.00,nan,32,Left,Left,964,166,79,19,nan,nan,0.30
5/9/2025 6:10:13,1.17.0,PRexp,10,4.00,nan,32,Left,Left,965,166,79,19,nan,nan,0.78
5/9/2025 6:10:15,1.17.0,PRexp,10,4.00,nan,32,Left,Left,966,166,79,19,nan,nan,0.16
5/9/2025 6:10:25,1.17.0,PRexp,10,4.00,nan,32,Left,Left,967,166,79,19,nan,nan,0.41
5/9/2025 6:10:31,1.17.0,PRexp,10,4.00,nan,32,Left,Left,968,166,79,19,nan,nan,0.23
5/9/2025 6:10:35,1.17.0,PRexp,10,4.00,nan,32,Left,Left,969,166,79,19,nan,nan,0.05
5/9/2025 6:10:40,1.17.0,PRexp,10,4.00,nan,32,Left,Left,970,166,79,19,nan,nan,0.06
5/9/2025 6:11:24,1.17.0,PRexp,10,4.00,nan,32,Left,Left,971,166,79,19,nan,nan,0.28
5/9/2025 6:11:26,1.17.0,PRexp,10,4.00,nan,32,Left,Left,972,166,79,19,nan,nan,0.22
5/9/2025 6:12:20,1.17.0,PRexp,10,3.99,nan,32,Left,Left,973,166,79,19,nan,nan,0.23
5/9/2025 6:12:22,1.17.0,PRexp,10,4.00,nan,32,Left,Left,974,166,79,19,nan,nan,0.36
5/9/2025 6:12:24,1.17.0,PRexp,10,3.99,nan,32,Left,Left,975,166,79,19,nan,nan,0.09
5/9/2025 6:14:52,1.17.0,PRexp,10,4.00,nan,32,Left,Left,976,166,79,19,nan,nan,0.17
5/9/2025 6:14:58,1.17.0,PRexp,10,4.00,nan,32,Left,Left,977,166,79,19,nan,nan,0.18
5/9/2025 6:15:08,1.17.0,PRexp,10,4.00,nan,32,Left,Left,978,166,79,19,nan,nan,0.14
5/9/2025 6:15:14,1.17.0,PRexp,10,4.00,nan,32,Left,Left,979,166,79,19,nan,nan,0.17
5/9/2025 6:15:23,1.17.0,PRexp,10,4.00,nan,32,Left,Left,980,166,79,19,nan,nan,0.14
5/9/2025 6:15:25,1.17.0,PRexp,10,4.00,nan,32,Left,Left,981,166,79,19,nan,nan,0.12
5/9/2025 6:16:07,1.17.0,PRexp,10,4.00,nan,32,Left,Left,982,166,79,19,nan,nan,0.12
5/9/2025 6:16:09,1.17.0,PRexp,10,3.98,nan,32,Left,Left,983,166,79,19,nan,nan,0.02
5/9/2025 6:30:49,1.17.0,PRexp,10,4.00,nan,32,Left,Left,984,166,79,19,nan,nan,0.20
5/9/2025 6:41:06,1.17.0,PRexp,10,4.00,nan,32,Left,Left,985,166,79,19,nan,nan,0.20
5/9/2025 6:41:13,1.17.0,PRexp,10,4.00,nan,32,Left,Left,986,166,79,19,nan,nan,0.00
5/9/2025 7:31:22,1.17.0,PRexp,10,3.99,nan,1,Left,Left,987,166,79,0,nan,nan,0.30
5/9/2025 7:31:27,1.17.0,PRexp,10,3.99,3,1,Pellet,Left,987,166,80,1,0.55,5467,nan
5/9/2025 7:31:54,1.17.0,PRexp,10,4.00,nan,1,Left,Left,988,166,80,1,nan,nan,0.04
5/9/2025 7:31:57,1.17.0,PRexp,10,3.99,2,1,Pellet,Left,988,166,81,2,0.55,30,nan
5/9/2025 7:32:27,1.17.0,PRexp,10,4.00,nan,2,Left,Left,989,166,81,2,nan,nan,0.10
5/9/2025 7:32:37,1.17.0,PRexp,10,4.00,nan,2,Left,Left,990,166,81,2,nan,nan,0.71
5/9/2025 7:33:05,1.17.0,PRexp,10,4.00,4,2,Pellet,Left,990,166,82,3,21.93,68,nan
5/9/2025 7:33:41,1.17.0,PRexp,10,4.00,nan,2,Left,Left,991,166,82,3,nan,nan,0.15
5/9/2025 7:34:04,1.17.0,PRexp,10,4.00,nan,2,Left,Left,992,166,82,3,nan,nan,0.15
5/9/2025 7:34:07,1.17.0,PRexp,10,4.00,2,2,Pellet,Left,992,166,83,4,0.12,62,nan
5/9/2025 7:34:41,1.17.0,PRexp,10,3.99,nan,3,Left,Left,993,166,83,4,nan,nan,0.34
5/9/2025 7:34:47,1.17.0,PRexp,10,3.99,nan,3,Left,Left,994,166,83,4,nan,nan,0.88
5/9/2025 7:34:51,1.17.0,PRexp,10,4.00,nan,3,Left,Left,995,166,83,4,nan,nan,0.44
5/9/2025 7:34:54,1.17.0,PRexp,10,3.99,2,3,Pellet,Left,995,166,84,5,0.06,47,nan
5/9/2025 7:35:21,1.17.0,PRexp,10,3.99,nan,4,Left,Left,996,166,84,5,nan,nan,0.15
5/9/2025 7:36:06,1.17.0,PRexp,10,4.00,nan,4,Left,Left,997,166,84,5,nan,nan,0.33
5/9/2025 7:36:08,1.17.0,PRexp,10,4.00,nan,4,Left,Left,998,166,84,5,nan,nan,0.45
5/9/2025 7:36:11,1.17.0,PRexp,10,3.99,nan,4,Left,Left,999,166,84,5,nan,nan,0.76
5/9/2025 7:36:14,1.17.0,PRexp,10,3.99,2,4,Pellet,Left,999,166,85,6,0.30,80,nan
5/9/2025 7:36:41,1.17.0,PRexp,10,3.99,nan,5,Left,Left,1000,166,85,6,nan,nan,0.55
5/9/2025 7:36:49,1.17.0,PRexp,10,3.99,nan,5,Left,Left,1001,166,85,6,nan,nan,0.21
5/9/2025 7:36:54,1.17.0,PRexp,10,4.00,nan,5,Left,Left,1002,166,85,6,nan,nan,0.33
5/9/2025 7:38:11,1.17.0,PRexp,10,3.99,nan,5,Right,Left,1002,167,85,6,nan,nan,0.16
5/9/2025 8:54:20,1.17.0,PRexp,10,3.99,nan,1,Left,Left,1003,167,85,0,nan,nan,0.35
5/9/2025 8:54:29,1.17.0,PRexp,10,3.99,2,1,Pellet,Left,1003,167,86,1,6.20,4695,nan
5/9/2025 8:56:46,1.17.0,PRexp,10,4.00,nan,1,Left,Left,1004,167,86,1,nan,nan,0.11
5/9/2025 8:56:50,1.17.0,PRexp,10,3.98,2,1,Pellet,Left,1004,167,87,2,1.77,141,nan
5/9/2025 8:57:55,1.17.0,PRexp,10,3.99,nan,2,Left,Left,1005,167,87,2,nan,nan,0.22
5/9/2025 8:57:57,1.17.0,PRexp,10,3.99,nan,2,Left,Left,1006,167,87,2,nan,nan,0.12
5/9/2025 8:58:00,1.17.0,PRexp,10,3.99,2,2,Pellet,Left,1006,167,88,3,0.18,70,nan
5/9/2025 8:59:02,1.17.0,PRexp,10,3.99,nan,2,Left,Left,1007,167,88,3,nan,nan,0.10
5/9/2025 8:59:11,1.17.0,PRexp,10,4.00,nan,2,Left,Left,1008,167,88,3,nan,nan,0.10
5/9/2025 8:59:21,1.17.0,PRexp,10,3.99,4,2,Pellet,Left,1008,167,89,4,3.07,81,nan
5/9/2025 9:01:03,1.17.0,PRexp,10,3.99,nan,3,Left,Left,1009,167,89,4,nan,nan,0.51
5/9/2025 9:01:07,1.17.0,PRexp,10,3.99,nan,3,Left,Left,1010,167,89,4,nan,nan,0.36
5/9/2025 9:01:13,1.17.0,PRexp,10,3.99,nan,3,Left,Left,1011,167,89,4,nan,nan,0.53
5/9/2025 9:01:15,1.17.0,PRexp,10,3.99,2,3,Pellet,Left,1011,167,90,5,0.06,114,nan
5/9/2025 9:01:44,1.17.0,PRexp,10,3.99,nan,4,Left,Left,1012,167,90,5,nan,nan,0.16
5/9/2025 9:01:48,1.17.0,PRexp,10,3.99,nan,4,Left,Left,1013,167,90,5,nan,nan,0.09
5/9/2025 9:01:55,1.17.0,PRexp,10,4.00,nan,4,Left,Left,1014,167,90,5,nan,nan,0.36
5/9/2025 9:01:58,1.17.0,PRexp,10,3.99,nan,4,Left,Left,1015,167,90,5,nan,nan,0.22
5/9/2025 9:02:20,1.17.0,PRexp,10,3.99,3,4,Pellet,Left,1015,167,91,6,17.53,64,nan
5/9/2025 9:05:33,1.17.0,PRexp,10,3.99,nan,5,Left,Left,1016,167,91,6,nan,nan,0.15
5/9/2025 9:16:06,1.17.0,PRexp,10,3.98,nan,5,Left,Left,1017,167,91,6,nan,nan,0.10
5/9/2025 9:19:24,1.17.0,PRexp,10,3.99,nan,5,Left,Left,1018,167,91,6,nan,nan,0.48
5/9/2025 9:19:28,1.17.0,PRexp,10,3.99,nan,5,Left,Left,1019,167,91,6,nan,nan,0.42
5/9/2025 9:20:36,1.17.0,PRexp,10,3.99,nan,5,Left,Left,1020,167,91,6,nan,nan,0.32
5/9/2025 9:20:41,1.17.0,PRexp,10,3.99,3,5,Pellet,Left,1020,167,92,7,0.12,1102,nan
5/9/2025 9:21:24,1.17.0,PRexp,10,3.98,nan,6,Left,Left,1021,167,92,7,nan,nan,0.00
5/9/2025 9:21:36,1.17.0,PRexp,10,3.99,nan,6,Left,Left,1022,167,92,7,nan,nan,0.12
5/9/2025 9:23:42,1.17.0,PRexp,10,3.99,nan,6,Left,Left,1023,167,92,7,nan,nan,0.21
5/9/2025 10:07:24,1.17.0,PRexp,10,3.99,nan,1,Left,Left,1024,167,92,0,nan,nan,0.15
5/9/2025 10:07:31,1.17.0,PRexp,10,3.99,3,1,Pellet,Left,1024,167,93,1,1.59,2810,nan
5/9/2025 10:08:12,1.17.0,PRexp,10,3.98,nan,1,Left,Left,1025,167,93,1,nan,nan,0.08
5/9/2025 10:08:16,1.17.0,PRexp,10,3.98,2,1,Pellet,Left,1025,167,94,2,0.30,45,nan
5/9/2025 10:08:51,1.17.0,PRexp,10,3.99,nan,2,Left,Left,1026,167,94,2,nan,nan,0.13
5/9/2025 10:08:58,1.17.0,PRexp,10,3.99,nan,2,Left,Left,1027,167,94,2,nan,nan,0.00
5/9/2025 10:09:01,1.17.0,PRexp,10,3.99,2,2,Pellet,Left,1027,167,95,3,0.06,45,nan
5/9/2025 10:09:51,1.17.0,PRexp,10,3.99,nan,2,Left,Left,1028,167,95,3,nan,nan,0.29
5/9/2025 10:09:56,1.17.0,PRexp,10,3.99,nan,2,Left,Left,1029,167,95,3,nan,nan,0.20
5/9/2025 10:09:58,1.17.0,PRexp,10,3.98,2,2,Pellet,Left,1029,167,96,4,0.06,57,nan
5/9/2025 10:31:00,1.17.0,PRexp,10,3.99,nan,3,Left,Left,1030,167,96,4,nan,nan,0.47
5/9/2025 10:31:09,1.17.0,PRexp,10,3.98,nan,3,Left,Left,1031,167,96,4,nan,nan,0.82
5/9/2025 10:31:13,1.17.0,PRexp,10,3.99,nan,3,Left,Left,1032,167,96,4,nan,nan,0.17
5/9/2025 10:31:16,1.17.0,PRexp,10,3.98,2,3,Pellet,Left,1032,167,97,5,0.36,1278,nan
5/9/2025 10:32:16,1.17.0,PRexp,10,3.99,nan,4,Left,Left,1033,167,97,5,nan,nan,0.24
5/9/2025 10:32:21,1.17.0,PRexp,10,3.99,nan,4,Left,Left,1034,167,97,5,nan,nan,0.53
5/9/2025 10:32:27,1.17.0,PRexp,10,3.99,nan,4,Left,Left,1035,167,97,5,nan,nan,0.41
5/9/2025 10:32:36,1.17.0,PRexp,10,3.99,nan,4,Left,Left,1036,167,97,5,nan,nan,0.21
5/9/2025 10:32:40,1.17.0,PRexp,10,3.99,3,4,Pellet,Left,1036,167,98,6,0.06,84,nan
5/9/2025 10:33:36,1.17.0,PRexp,10,3.98,nan,5,Left,Left,1037,167,98,6,nan,nan,0.05
5/9/2025 11:12:10,1.17.0,PRexp,10,3.98,nan,1,Left,Left,1038,167,98,0,nan,nan,0.27
5/9/2025 11:12:13,1.17.0,PRexp,10,3.98,1,1,Pellet,Left,1038,167,99,1,0.49,2373,nan
5/9/2025 11:12:55,1.17.0,PRexp,10,3.98,nan,1,Left,Left,1039,167,99,1,nan,nan,0.16
5/9/2025 11:13:02,1.17.0,PRexp,10,3.98,3,1,Pellet,Left,1039,167,100,2,0.18,49,nan
5/9/2025 11:13:53,1.17.0,PRexp,10,3.98,nan,2,Left,Left,1040,167,100,2,nan,nan,0.08
5/9/2025 11:13:57,1.17.0,PRexp,10,3.99,nan,2,Left,Left,1041,167,100,2,nan,nan,0.09
5/9/2025 11:14:00,1.17.0,PRexp,10,3.98,2,2,Pellet,Left,1041,167,101,3,0.06,58,nan
5/9/2025 11:14:42,1.17.0,PRexp,10,3.98,nan,2,Left,Left,1042,167,101,3,nan,nan,0.03
5/9/2025 11:14:45,1.17.0,PRexp,10,3.98,nan,2,Left,Left,1043,167,101,3,nan,nan,0.22
5/9/2025 11:14:47,1.17.0,PRexp,10,3.98,2,2,Pellet,Left,1043,167,102,4,0.12,47,nan
5/9/2025 11:15:07,1.17.0,PRexp,10,3.98,nan,3,Left,Left,1044,167,102,4,nan,nan,0.08
5/9/2025 11:15:12,1.17.0,PRexp,10,3.99,nan,3,Left,Left,1045,167,102,4,nan,nan,0.17
5/9/2025 11:15:18,1.17.0,PRexp,10,3.99,nan,3,Left,Left,1046,167,102,4,nan,nan,0.23
5/9/2025 11:15:21,1.17.0,PRexp,10,3.98,2,3,Pellet,Left,1046,167,103,5,0.06,34,nan
5/9/2025 11:15:47,1.17.0,PRexp,10,3.98,nan,4,Left,Left,1047,167,103,5,nan,nan,0.15
5/9/2025 11:15:50,1.17.0,PRexp,10,3.98,nan,4,Left,Left,1048,167,103,5,nan,nan,0.12
5/9/2025 11:15:58,1.17.0,PRexp,10,3.98,nan,4,Left,Left,1049,167,103,5,nan,nan,0.21
5/9/2025 11:16:04,1.17.0,PRexp,10,3.98,nan,4,Left,Left,1050,167,103,5,nan,nan,0.40
5/9/2025 11:16:06,1.17.0,PRexp,10,3.99,2,4,Pellet,Left,1050,167,104,6,0.18,45,nan
5/9/2025 11:28:41,1.17.0,PRexp,10,3.98,nan,5,Left,Left,1051,167,104,6,nan,nan,0.47
5/9/2025 11:28:43,1.17.0,PRexp,10,3.98,nan,5,Left,Left,1052,167,104,6,nan,nan,0.55
5/9/2025 11:28:50,1.17.0,PRexp,10,3.99,nan,5,Left,Left,1053,167,104,6,nan,nan,0.40
5/9/2025 11:28:54,1.17.0,PRexp,10,3.98,nan,5,Left,Left,1054,167,104,6,nan,nan,0.32
5/9/2025 11:28:57,1.17.0,PRexp,10,3.98,nan,5,Left,Left,1055,167,104,6,nan,nan,0.71
5/9/2025 11:28:59,1.17.0,PRexp,10,3.98,2,5,Pellet,Left,1055,167,105,7,0.12,773,nan
5/9/2025 11:29:25,1.17.0,PRexp,10,3.98,nan,6,Left,Left,1056,167,105,7,nan,nan,0.17
5/9/2025 11:29:28,1.17.0,PRexp,10,3.98,nan,6,Left,Left,1057,167,105,7,nan,nan,0.12
5/9/2025 11:29:34,1.17.0,PRexp,10,3.98,nan,6,Left,Left,1058,167,105,7,nan,nan,0.22
5/9/2025 11:46:54,1.17.0,PRexp,10,3.98,nan,6,Left,Left,1059,167,105,7,nan,nan,0.30
5/9/2025 11:46:58,1.17.0,PRexp,10,3.98,nan,6,Left,Left,1060,167,105,7,nan,nan,0.55
5/9/2025 11:57:59,1.17.0,PRexp,10,3.98,nan,6,Left,Left,1061,167,105,7,nan,nan,0.50
5/9/2025 11:58:01,1.17.0,PRexp,10,3.98,2,6,Pellet,Left,1061,167,106,8,0.18,1742,nan
5/9/2025 11:58:36,1.17.0,PRexp,10,3.98,nan,7,Left,Left,1062,167,106,8,nan,nan,0.07
5/9/2025 11:58:40,1.17.0,PRexp,10,3.98,nan,7,Left,Left,1063,167,106,8,nan,nan,0.02
5/9/2025 11:58:49,1.17.0,PRexp,10,3.98,nan,7,Left,Left,1064,167,106,8,nan,nan,0.19
5/9/2025 11:58:54,1.17.0,PRexp,10,3.98,nan,7,Left,Left,1065,167,106,8,nan,nan,0.63
5/9/2025 11:58:58,1.17.0,PRexp,10,3.98,nan,7,Left,Left,1066,167,106,8,nan,nan,0.84
5/9/2025 11:59:01,1.17.0,PRexp,10,3.98,nan,7,Left,Left,1067,167,106,8,nan,nan,0.70
5/9/2025 11:59:05,1.17.0,PRexp,10,3.98,nan,7,Left,Left,1068,167,106,8,nan,nan,0.19
5/9/2025 11:59:08,1.17.0,PRexp,10,3.98,2,7,Pellet,Left,1068,167,107,9,0.24,67,nan
5/9/2025 11:59:38,1.17.0,PRexp,10,3.98,nan,9,Left,Left,1069,167,107,9,nan,nan,0.32
5/9/2025 11:59:42,1.17.0,PRexp,10,3.98,nan,9,Left,Left,1070,167,107,9,nan,nan,0.31
5/9/2025 11:59:48,1.17.0,PRexp,10,3.98,nan,9,Left,Left,1071,167,107,9,nan,nan,0.36
5/9/2025 12:11:23,1.17.0,PRexp,10,3.98,nan,9,Left,Left,1072,167,107,9,nan,nan,0.17
5/9/2025 12:11:25,1.17.0,PRexp,10,3.98,nan,9,Left,Left,1073,167,107,9,nan,nan,0.16
5/9/2025 12:11:30,1.17.0,PRexp,10,3.98,nan,9,Left,Left,1074,167,107,9,nan,nan,0.34
5/9/2025 12:29:40,1.17.0,PRexp,10,3.98,nan,9,Left,Left,1075,167,107,9,nan,nan,0.18
5/9/2025 12:29:42,1.17.0,PRexp,10,3.98,nan,9,Left,Left,1076,167,107,9,nan,nan,0.36
5/9/2025 12:29:45,1.17.0,PRexp,10,3.98,nan,9,Left,Left,1077,167,107,9,nan,nan,0.20
5/9/2025 12:29:52,1.17.0,PRexp,10,3.98,4,9,Pellet,Left,1077,167,108,10,0.06,1844,nan
5/9/2025 12:30:25,1.17.0,PRexp,10,3.98,nan,10,Left,Left,1078,167,108,10,nan,nan,0.07
5/9/2025 12:30:31,1.17.0,PRexp,10,3.98,nan,10,Left,Left,1079,167,108,10,nan,nan,0.03
5/9/2025 12:30:35,1.17.0,PRexp,10,3.98,nan,10,Left,Left,1080,167,108,10,nan,nan,0.21
5/9/2025 12:30:40,1.17.0,PRexp,10,3.98,nan,10,Left,Left,1081,167,108,10,nan,nan,0.27
5/9/2025 12:30:47,1.17.0,PRexp,10,3.98,nan,10,Left,Left,1082,167,108,10,nan,nan,0.72
5/9/2025 12:30:50,1.17.0,PRexp,10,3.98,nan,10,Left,Left,1083,167,108,10,nan,nan,0.24
5/9/2025 12:30:54,1.17.0,PRexp,10,3.98,nan,10,Left,Left,1084,167,108,10,nan,nan,0.37
5/9/2025 12:31:02,1.17.0,PRexp,10,3.98,nan,10,Left,Left,1085,167,108,10,nan,nan,0.10
5/9/2025 12:31:06,1.17.0,PRexp,10,3.98,nan,10,Left,Left,1086,167,108,10,nan,nan,0.23
5/9/2025 12:31:07,1.17.0,PRexp,10,3.98,nan,10,Left,Left,1087,167,108,10,nan,nan,0.32
5/9/2025 12:31:10,1.17.0,PRexp,10,3.98,2,10,Pellet,Left,1087,167,109,11,0.06,78,nan
5/9/2025 12:33:12,1.17.0,PRexp,10,3.98,nan,12,Left,Left,1088,167,109,11,nan,nan,0.37
5/9/2025 12:41:00,1.17.0,PRexp,10,3.98,nan,12,Left,Left,1089,167,109,11,nan,nan,0.32
5/9/2025 12:41:06,1.17.0,PRexp,10,3.98,nan,12,Left,Left,1090,167,109,11,nan,nan,0.06
5/9/2025 12:41:16,1.17.0,PRexp,10,3.98,nan,12,Left,Left,1091,167,109,11,nan,nan,0.20
5/9/2025 12:43:37,1.17.0,PRexp,10,3.98,nan,12,Left,Left,1092,167,109,11,nan,nan,0.14
5/9/2025 12:45:03,1.17.0,PRexp,10,3.98,nan,12,Left,Left,1093,167,109,11,nan,nan,0.39
5/9/2025 12:47:05,1.17.0,PRexp,10,3.98,nan,12,Left,Left,1094,167,109,11,nan,nan,0.09
5/9/2025 12:47:08,1.17.0,PRexp,10,3.98,nan,12,Left,Left,1095,167,109,11,nan,nan,0.08
5/9/2025 12:49:23,1.17.0,PRexp,10,3.98,nan,12,Left,Left,1096,167,109,11,nan,nan,0.22
5/9/2025 12:49:48,1.17.0,PRexp,10,3.98,nan,12,Left,Left,1097,167,109,11,nan,nan,0.13
5/9/2025 12:50:37,1.17.0,PRexp,10,3.98,nan,12,Right,Left,1097,168,109,11,nan,nan,0.00
5/9/2025 12:50:39,1.17.0,PRexp,10,3.98,nan,12,Left,Left,1098,168,109,11,nan,nan,0.14
5/9/2025 12:50:40,1.17.0,PRexp,10,3.98,nan,12,Left,Left,1099,168,109,11,nan,nan,0.35
5/9/2025 12:50:45,1.17.0,PRexp,10,3.98,3,12,Pellet,Left,1099,168,110,12,0.06,1175,nan
5/9/2025 12:51:10,1.17.0,PRexp,10,3.98,nan,13,Left,Left,1100,168,110,12,nan,nan,0.21
5/9/2025 12:51:12,1.17.0,PRexp,10,3.98,nan,13,Left,Left,1101,168,110,12,nan,nan,0.20
5/9/2025 12:55:53,1.17.0,PRexp,10,3.98,nan,13,Right,Left,1101,169,110,12,nan,nan,0.18
5/9/2025 12:55:56,1.17.0,PRexp,10,3.98,nan,13,Right,Left,1101,170,110,12,nan,nan,0.23
5/9/2025 12:55:58,1.17.0,PRexp,10,3.98,nan,13,Left,Left,1102,170,110,12,nan,nan,0.04
5/9/2025 12:56:01,1.17.0,PRexp,10,3.98,nan,13,Left,Left,1103,170,110,12,nan,nan,0.26
5/9/2025 12:56:08,1.17.0,PRexp,10,3.98,nan,13,Left,Left,1104,170,110,12,nan,nan,0.14
5/9/2025 12:56:41,1.17.0,PRexp,10,3.98,nan,13,Right,Left,1104,171,110,12,nan,nan,0.05
5/9/2025 12:57:26,1.17.0,PRexp,10,3.98,nan,13,Left,Left,1105,171,110,12,nan,nan,0.34
5/9/2025 14:09:46,1.17.0,PRexp,10,3.98,nan,1,Left,Left,1106,171,110,0,nan,nan,0.23
5/9/2025 14:09:49,1.17.0,PRexp,10,3.98,1,1,Pellet,Left,1106,171,111,1,0.36,4744,nan
5/9/2025 14:10:32,1.17.0,PRexp,10,3.98,nan,1,Left,Left,1107,171,111,1,nan,nan,0.24
5/9/2025 14:10:35,1.17.0,PRexp,10,3.98,2,1,Pellet,Left,1107,171,112,2,0.06,46,nan
5/9/2025 14:10:57,1.17.0,PRexp,10,3.98,nan,2,Left,Left,1108,171,112,2,nan,nan,0.29
5/9/2025 14:11:00,1.17.0,PRexp,10,3.98,nan,2,Left,Left,1109,171,112,2,nan,nan,0.07
5/9/2025 14:11:03,1.17.0,PRexp,10,3.98,2,2,Pellet,Left,1109,171,113,3,0.18,28,nan
5/9/2025 14:11:27,1.17.0,PRexp,10,3.98,nan,2,Left,Left,1110,171,113,3,nan,nan,0.00
5/9/2025 14:11:33,1.17.0,PRexp,10,3.98,nan,2,Left,Left,1111,171,113,3,nan,nan,0.46
5/9/2025 14:11:38,1.17.0,PRexp,10,3.98,3,2,Pellet,Left,1111,171,114,4,0.06,35,nan
5/9/2025 14:12:04,1.17.0,PRexp,10,3.98,nan,3,Left,Left,1112,171,114,4,nan,nan,0.09
5/9/2025 14:12:11,1.17.0,PRexp,10,3.98,nan,3,Left,Left,1113,171,114,4,nan,nan,0.23
5/9/2025 14:12:14,1.17.0,PRexp,10,3.98,nan,3,Left,Left,1114,171,114,4,nan,nan,0.48
5/9/2025 14:12:17,1.17.0,PRexp,10,3.98,2,3,Pellet,Left,1114,171,115,5,0.12,39,nan
5/9/2025 14:12:38,1.17.0,PRexp,10,3.98,nan,4,Left,Left,1115,171,115,5,nan,nan,0.26
5/9/2025 14:12:43,1.17.0,PRexp,10,3.98,nan,4,Left,Left,1116,171,115,5,nan,nan,0.50
5/9/2025 14:12:46,1.17.0,PRexp,10,3.98,nan,4,Left,Left,1117,171,115,5,nan,nan,0.37
5/9/2025 14:12:50,1.17.0,PRexp,10,3.98,nan,4,Left,Left,1118,171,115,5,nan,nan,0.58
5/9/2025 14:13:06,1.17.0,PRexp,10,3.98,4,4,Pellet,Left,1118,171,116,6,9.15,49,nan
5/9/2025 14:13:31,1.17.0,PRexp,10,3.98,nan,5,Left,Left,1119,171,116,6,nan,nan,0.15
5/9/2025 14:13:38,1.17.0,PRexp,10,3.98,nan,5,Left,Left,1120,171,116,6,nan,nan,0.18
5/9/2025 14:13:42,1.17.0,PRexp,10,3.98,nan,5,Left,Left,1121,171,116,6,nan,nan,0.14
5/9/2025 14:13:45,1.17.0,PRexp,10,3.98,nan,5,Left,Left,1122,171,116,6,nan,nan,0.39
5/9/2025 14:13:49,1.17.0,PRexp,10,3.98,nan,5,Left,Left,1123,171,116,6,nan,nan,0.34
5/9/2025 14:13:52,1.17.0,PRexp,10,3.98,2,5,Pellet,Left,1123,171,117,7,0.49,46,nan
5/9/2025 14:37:55,1.17.0,PRexp,10,3.98,nan,6,Left,Left,1124,171,117,7,nan,nan,0.16
5/9/2025 14:37:58,1.17.0,PRexp,10,3.98,nan,6,Left,Left,1125,171,117,7,nan,nan,0.19
5/9/2025 14:54:08,1.17.0,PRexp,10,3.98,nan,6,Left,Left,1126,171,117,7,nan,nan,0.37
5/9/2025 14:54:11,1.17.0,PRexp,10,3.98,nan,6,Left,Left,1127,171,117,7,nan,nan,0.56
5/9/2025 14:54:14,1.17.0,PRexp,10,3.98,nan,6,Left,Left,1128,171,117,7,nan,nan,0.37
5/9/2025 15:08:23,1.17.0,PRexp,10,3.98,nan,6,Left,Left,1129,171,117,7,nan,nan,0.46
5/9/2025 15:08:26,1.17.0,PRexp,10,3.98,2,6,Pellet,Left,1129,171,118,8,0.42,3274,nan
5/9/2025 15:08:52,1.17.0,PRexp,10,3.98,nan,7,Left,Left,1130,171,118,8,nan,nan,0.21
5/9/2025 15:08:54,1.17.0,PRexp,10,3.98,nan,7,Left,Left,1131,171,118,8,nan,nan,0.06
5/9/2025 15:08:59,1.17.0,PRexp,10,3.98,nan,7,Left,Left,1132,171,118,8,nan,nan,0.34
5/9/2025 15:09:06,1.17.0,PRexp,10,3.98,nan,7,Left,Left,1133,171,118,8,nan,nan,0.31
5/9/2025 15:09:09,1.17.0,PRexp,10,3.98,nan,7,Left,Left,1134,171,118,8,nan,nan,0.19
5/9/2025 15:27:13,1.17.0,PRexp,10,3.98,nan,7,Left,Left,1135,171,118,8,nan,nan,0.19
5/9/2025 15:27:15,1.17.0,PRexp,10,3.98,nan,7,Left,Left,1136,171,118,8,nan,nan,0.11
5/9/2025 15:27:19,1.17.0,PRexp,10,3.98,3,7,Pellet,Left,1136,171,119,9,0.12,1133,nan
5/9/2025 15:27:46,1.17.0,PRexp,10,3.98,nan,9,Left,Left,1137,171,119,9,nan,nan,0.05
5/9/2025 15:27:49,1.17.0,PRexp,10,3.98,nan,9,Left,Left,1138,171,119,9,nan,nan,0.51
5/9/2025 15:27:53,1.17.0,PRexp,10,3.98,nan,9,Left,Left,1139,171,119,9,nan,nan,0.72
5/9/2025 15:27:56,1.17.0,PRexp,10,3.98,nan,9,Left,Left,1140,171,119,9,nan,nan,0.62
5/9/2025 15:28:00,1.17.0,PRexp,10,3.98,nan,9,Left,Left,1141,171,119,9,nan,nan,0.19
5/9/2025 15:28:04,1.17.0,PRexp,10,3.98,nan,9,Left,Left,1142,171,119,9,nan,nan,0.29
5/9/2025 15:34:31,1.17.0,PRexp,10,3.98,nan,9,Left,Left,1143,171,119,9,nan,nan,0.37
5/9/2025 15:34:48,1.17.0,PRexp,10,3.98,nan,9,Left,Left,1144,171,119,9,nan,nan,0.09
5/9/2025 15:38:10,1.17.0,PRexp,10,3.98,nan,9,Left,Left,1145,171,119,9,nan,nan,0.07
5/9/2025 15:38:15,1.17.0,PRexp,10,3.98,3,9,Pellet,Left,1145,171,120,10,0.30,656,nan
5/9/2025 15:39:54,1.17.0,PRexp,10,3.98,nan,10,Right,Left,1145,172,120,10,nan,nan,0.04
5/9/2025 15:40:52,1.17.0,PRexp,10,3.98,nan,10,Right,Left,1145,173,120,10,nan,nan,0.24
5/9/2025 15:41:07,1.17.0,PRexp,10,3.98,nan,10,Left,Left,1146,173,120,10,nan,nan,0.18
5/9/2025 15:41:48,1.17.0,PRexp,10,3.98,nan,10,Left,Left,1147,173,120,10,nan,nan,0.19
5/9/2025 15:41:50,1.17.0,PRexp,10,3.98,nan,10,Left,Left,1148,173,120,10,nan,nan,0.24
5/9/2025 15:41:54,1.17.0,PRexp,10,3.98,nan,10,Left,Left,1149,173,120,10,nan,nan,0.16
5/9/2025 15:42:00,1.17.0,PRexp,10,3.98,nan,10,Left,Left,1150,173,120,10,nan,nan,0.00
5/9/2025 15:43:05,1.17.0,PRexp,10,3.98,nan,10,Left,Left,1151,173,120,10,nan,nan,0.19
5/9/2025 15:43:09,1.17.0,PRexp,10,3.98,nan,10,Left,Left,1152,173,120,10,nan,nan,0.07
5/9/2025 15:43:12,1.17.0,PRexp,10,3.98,nan,10,Left,Left,1153,173,120,10,nan,nan,0.04
5/9/2025 15:44:51,1.17.0,PRexp,10,3.98,nan,10,Left,Left,1154,173,120,10,nan,nan,0.14
5/9/2025 15:45:34,1.17.0,PRexp,10,3.98,nan,10,Left,Left,1155,173,120,10,nan,nan,0.25
5/9/2025 15:45:37,1.17.0,PRexp,10,3.98,2,10,Pellet,Left,1155,173,121,11,0.06,442,nan
5/9/2025 15:47:38,1.17.0,PRexp,10,3.98,nan,12,Left,Left,1156,173,121,11,nan,nan,0.11
5/9/2025 15:48:03,1.17.0,PRexp,10,3.98,nan,12,Left,Left,1157,173,121,11,nan,nan,0.15
5/9/2025 15:48:09,1.17.0,PRexp,10,3.98,nan,12,Left,Left,1158,173,121,11,nan,nan,0.22
5/9/2025 15:48:22,1.17.0,PRexp,10,3.98,nan,12,Left,Left,1159,173,121,11,nan,nan,0.00
5/9/2025 15:48:27,1.17.0,PRexp,10,3.98,nan,12,Left,Left,1160,173,121,11,nan,nan,0.12
5/9/2025 15:48:32,1.17.0,PRexp,10,3.98,nan,12,Left,Left,1161,173,121,11,nan,nan,0.15
5/9/2025 15:48:40,1.17.0,PRexp,10,3.98,nan,12,Left,Left,1162,173,121,11,nan,nan,0.18
5/9/2025 15:48:43,1.17.0,PRexp,10,3.98,nan,12,Left,Left,1163,173,121,11,nan,nan,0.28
5/9/2025 15:48:44,1.17.0,PRexp,10,3.98,nan,12,Left,Left,1164,173,121,11,nan,nan,0.17
5/9/2025 15:48:53,1.17.0,PRexp,10,3.98,nan,12,Left,Left,1165,173,121,11,nan,nan,0.22
5/9/2025 15:48:55,1.17.0,PRexp,10,3.98,nan,12,Left,Left,1166,173,121,11,nan,nan,0.34
5/9/2025 15:49:01,1.17.0,PRexp,10,3.98,nan,12,Left,Left,1167,173,121,11,nan,nan,0.19
5/9/2025 15:49:30,1.17.0,PRexp,10,3.98,4,12,Pellet,Left,1167,173,122,12,19.69,233,nan
5/9/2025 15:49:55,1.17.0,PRexp,10,3.98,nan,13,Left,Left,1168,173,122,12,nan,nan,0.00
5/9/2025 15:49:57,1.17.0,PRexp,10,3.98,nan,13,Left,Left,1169,173,122,12,nan,nan,0.18
5/9/2025 15:50:00,1.17.0,PRexp,10,3.98,nan,13,Left,Left,1170,173,122,12,nan,nan,0.21
5/9/2025 15:50:14,1.17.0,PRexp,10,3.98,nan,13,Left,Left,1171,173,122,12,nan,nan,0.10
5/9/2025 15:50:25,1.17.0,PRexp,10,3.98,nan,13,Right,Left,1171,174,122,12,nan,nan,0.25
5/9/2025 15:50:28,1.17.0,PRexp,10,3.98,nan,13,Right,Left,1171,175,122,12,nan,nan,0.42
5/9/2025 15:50:31,1.17.0,PRexp,10,3.98,nan,13,Right,Left,1171,176,122,12,nan,nan,0.67
5/9/2025 15:50:32,1.17.0,PRexp,10,3.98,nan,13,Left,Left,1172,176,122,12,nan,nan,0.05
5/9/2025 15:50:34,1.17.0,PRexp,10,3.98,nan,13,Left,Left,1173,176,122,12,nan,nan,0.40
5/9/2025 15:50:40,1.17.0,PRexp,10,3.98,nan,13,Left,Left,1174,176,122,12,nan,nan,0.17
5/9/2025 15:50:47,1.17.0,PRexp,10,3.98,nan,13,Left,Left,1175,176,122,12,nan,nan,0.21
5/9/2025 15:50:51,1.17.0,PRexp,10,3.98,nan,13,Left,Left,1176,176,122,12,nan,nan,0.10
5/9/2025 15:51:13,1.17.0,PRexp,10,3.98,nan,13,Left,Left,1177,176,122,12,nan,nan,0.34
5/9/2025 17:14:19,1.17.0,PRexp,10,3.98,nan,1,Left,Left,1178,176,122,0,nan,nan,0.02
5/9/2025 17:14:22,1.17.0,PRexp,10,3.97,2,1,Pellet,Left,1178,176,123,1,0.36,5092,nan
5/9/2025 17:14:45,1.17.0,PRexp,10,3.98,nan,1,Left,Left,1179,176,123,1,nan,nan,0.05
5/9/2025 17:14:47,1.17.0,PRexp,10,3.98,2,1,Pellet,Left,1179,176,124,2,0.24,25,nan
5/9/2025 17:15:15,1.17.0,PRexp,10,3.98,nan,2,Left,Left,1180,176,124,2,nan,nan,0.49
5/9/2025 17:15:21,1.17.0,PRexp,10,3.98,nan,2,Left,Left,1181,176,124,2,nan,nan,0.45
5/9/2025 17:15:37,1.17.0,PRexp,10,3.98,3,2,Pellet,Left,1181,176,125,3,10.82,50,nan
5/9/2025 17:16:07,1.17.0,PRexp,10,3.98,nan,2,Left,Left,1182,176,125,3,nan,nan,0.59
5/9/2025 17:16:13,1.17.0,PRexp,10,3.98,nan,2,Left,Left,1183,176,125,3,nan,nan,0.54
5/9/2025 17:16:15,1.17.0,PRexp,10,3.98,2,2,Pellet,Left,1183,176,126,4,0.06,38,nan
5/9/2025 17:16:42,1.17.0,PRexp,10,3.98,nan,3,Left,Left,1184,176,126,4,nan,nan,0.02
5/9/2025 17:16:46,1.17.0,PRexp,10,3.98,nan,3,Left,Left,1185,176,126,4,nan,nan,0.63
5/9/2025 17:16:48,1.17.0,PRexp,10,3.97,nan,3,Left,Left,1186,176,126,4,nan,nan,0.42
5/9/2025 17:16:50,1.17.0,PRexp,10,3.98,2,3,Pellet,Left,1186,176,127,5,0.12,35,nan
5/9/2025 17:17:21,1.17.0,PRexp,10,3.97,nan,4,Left,Left,1187,176,127,5,nan,nan,0.67
5/9/2025 17:17:25,1.17.0,PRexp,10,3.98,nan,4,Left,Left,1188,176,127,5,nan,nan,1.26
5/9/2025 17:17:32,1.17.0,PRexp,10,3.98,nan,4,Left,Left,1189,176,127,5,nan,nan,0.20
5/9/2025 17:17:46,1.17.0,PRexp,10,3.98,nan,4,Left,Left,1190,176,127,5,nan,nan,0.16
5/9/2025 17:17:51,1.17.0,PRexp,10,3.97,3,4,Pellet,Left,1190,176,128,6,0.06,61,nan
5/9/2025 17:18:31,1.17.0,PRexp,10,3.98,nan,5,Left,Left,1191,176,128,6,nan,nan,0.31
5/9/2025 17:18:35,1.17.0,PRexp,10,3.98,nan,5,Left,Left,1192,176,128,6,nan,nan,0.40
5/9/2025 17:18:38,1.17.0,PRexp,10,3.98,nan,5,Left,Left,1193,176,128,6,nan,nan,0.18
5/9/2025 17:18:44,1.17.0,PRexp,10,3.97,nan,5,Left,Left,1194,176,128,6,nan,nan,0.32
5/9/2025 17:19:35,1.17.0,PRexp,10,3.97,nan,5,Right,Left,1194,177,128,6,nan,nan,0.02
5/9/2025 17:19:42,1.17.0,PRexp,10,3.98,nan,5,Right,Left,1194,178,128,6,nan,nan,0.00
5/9/2025 17:38:12,1.17.0,PRexp,10,3.96,nan,5,Left,Left,1195,178,128,6,nan,nan,0.59
5/9/2025 17:38:15,1.17.0,PRexp,10,3.97,2,5,Pellet,Left,1195,178,129,7,0.18,1224,nan
5/9/2025 17:38:45,1.17.0,PRexp,10,3.97,nan,6,Left,Left,1196,178,129,7,nan,nan,0.69
5/9/2025 17:38:48,1.17.0,PRexp,10,3.98,nan,6,Left,Left,1197,178,129,7,nan,nan,0.36
5/9/2025 17:38:52,1.17.0,PRexp,10,3.97,nan,6,Left,Left,1198,178,129,7,nan,nan,0.73
5/9/2025 17:38:57,1.17.0,PRexp,10,3.98,nan,6,Left,Left,1199,178,129,7,nan,nan,1.09
5/9/2025 17:39:00,1.17.0,PRexp,10,3.98,nan,6,Left,Left,1200,178,129,7,nan,nan,0.53
5/9/2025 17:39:01,1.17.0,PRexp,10,3.98,nan,6,Left,Left,1201,178,129,7,nan,nan,0.00
5/9/2025 17:39:03,1.17.0,PRexp,10,3.98,2,6,Pellet,Left,1201,178,130,8,0.12,48,nan
5/9/2025 17:39:29,1.17.0,PRexp,10,3.96,nan,7,Left,Left,1202,178,130,8,nan,nan,0.73
5/9/2025 17:39:32,1.17.0,PRexp,10,3.97,nan,7,Left,Left,1203,178,130,8,nan,nan,0.52
5/9/2025 17:39:38,1.17.0,PRexp,10,3.97,nan,7,Left,Left,1204,178,130,8,nan,nan,0.50
5/9/2025 17:39:45,1.17.0,PRexp,10,3.97,nan,7,Left,Left,1205,178,130,8,nan,nan,0.55
5/9/2025 17:39:50,1.17.0,PRexp,10,3.98,nan,7,Left,Left,1206,178,130,8,nan,nan,0.84
5/9/2025 17:39:56,1.17.0,PRexp,10,3.98,nan,7,Left,Left,1207,178,130,8,nan,nan,0.65
5/9/2025 18:14:32,1.17.0,PRexp,10,3.98,nan,1,Left,Left,1208,178,130,0,nan,nan,0.30
5/9/2025 18:14:34,1.17.0,PRexp,10,3.98,2,1,Pellet,Left,1208,178,131,1,0.30,2131,nan
5/9/2025 18:15:21,1.17.0,PRexp,10,3.97,nan,1,Left,Left,1209,178,131,1,nan,nan,0.31
5/9/2025 18:15:24,1.17.0,PRexp,10,3.97,2,1,Pellet,Left,1209,178,132,2,0.30,49,nan
5/9/2025 18:15:50,1.17.0,PRexp,10,3.97,nan,2,Left,Left,1210,178,132,2,nan,nan,0.12
5/9/2025 18:15:57,1.17.0,PRexp,10,3.96,nan,2,Left,Left,1211,178,132,2,nan,nan,0.00
5/9/2025 18:16:01,1.17.0,PRexp,10,3.97,3,2,Pellet,Left,1211,178,133,3,0.06,38,nan
5/9/2025 18:17:05,1.17.0,PRexp,10,3.97,nan,2,Left,Left,1212,178,133,3,nan,nan,0.23
5/9/2025 18:18:57,1.17.0,PRexp,10,3.97,nan,2,Left,Left,1213,178,133,3,nan,nan,0.45
5/9/2025 18:19:00,1.17.0,PRexp,10,3.97,2,2,Pellet,Left,1213,178,134,4,0.06,179,nan
5/9/2025 18:37:53,1.17.0,PRexp,10,3.97,nan,3,Left,Left,1214,178,134,4,nan,nan,1.10
5/9/2025 18:38:32,1.17.0,PRexp,10,3.97,nan,3,Left,Left,1215,178,134,4,nan,nan,0.20
5/9/2025 18:38:35,1.17.0,PRexp,10,3.97,nan,3,Left,Left,1216,178,134,4,nan,nan,1.03
5/9/2025 18:38:40,1.17.0,PRexp,10,3.97,3,3,Pellet,Left,1216,178,135,5,0.12,1180,nan
5/9/2025 18:39:17,1.17.0,PRexp,10,3.97,nan,4,Left,Left,1217,178,135,5,nan,nan,0.16
5/9/2025 18:39:22,1.17.0,PRexp,10,3.97,nan,4,Left,Left,1218,178,135,5,nan,nan,0.05
5/9/2025 18:45:40,1.17.0,PRexp,10,3.97,nan,4,Left,Left,1219,178,135,5,nan,nan,0.26
5/9/2025 18:45:46,1.17.0,PRexp,10,3.97,nan,4,Left,Left,1220,178,135,5,nan,nan,2.81
5/9/2025 18:45:51,1.17.0,PRexp,10,3.97,3,4,Pellet,Left,1220,178,136,6,0.06,430,nan
5/9/2025 18:46:24,1.17.0,PRexp,10,3.97,nan,5,Left,Left,1221,178,136,6,nan,nan,0.15
5/9/2025 18:46:28,1.17.0,PRexp,10,3.97,nan,5,Left,Left,1222,178,136,6,nan,nan,0.33
5/9/2025 18:46:31,1.17.0,PRexp,10,3.97,nan,5,Left,Left,1223,178,136,6,nan,nan,0.12
5/9/2025 18:47:12,1.17.0,PRexp,10,3.97,nan,5,Left,Left,1224,178,136,6,nan,nan,0.53
5/9/2025 18:47:16,1.17.0,PRexp,10,3.97,nan,5,Left,Left,1225,178,136,6,nan,nan,1.11
5/9/2025 18:47:18,1.17.0,PRexp,10,3.97,2,5,Pellet,Left,1225,178,137,7,0.06,88,nan
5/9/2025 18:47:59,1.17.0,PRexp,10,3.97,nan,6,Left,Left,1226,178,137,7,nan,nan,0.74
5/9/2025 18:48:03,1.17.0,PRexp,10,3.98,nan,6,Left,Left,1227,178,137,7,nan,nan,0.71
5/9/2025 18:48:09,1.17.0,PRexp,10,3.97,nan,6,Left,Left,1228,178,137,7,nan,nan,0.56
5/9/2025 18:48:10,1.17.0,PRexp,10,3.97,nan,6,Left,Left,1229,178,137,7,nan,nan,0.00
5/9/2025 18:48:14,1.17.0,PRexp,10,3.97,nan,6,Left,Left,1230,178,137,7,nan,nan,0.57
5/9/2025 18:48:21,1.17.0,PRexp,10,3.97,nan,6,Left,Left,1231,178,137,7,nan,nan,0.28
5/9/2025 18:48:23,1.17.0,PRexp,10,3.97,2,6,Pellet,Left,1231,178,138,8,0.06,65,nan
5/9/2025 18:48:54,1.17.0,PRexp,10,3.97,nan,7,Left,Left,1232,178,138,8,nan,nan,0.06
5/9/2025 18:50:01,1.17.0,PRexp,10,3.97,nan,7,Left,Left,1233,178,138,8,nan,nan,0.17
5/9/2025 18:50:03,1.17.0,PRexp,10,3.96,nan,7,Left,Left,1234,178,138,8,nan,nan,0.33
5/9/2025 18:50:06,1.17.0,PRexp,10,3.98,nan,7,Left,Left,1235,178,138,8,nan,nan,0.41
5/9/2025 18:50:11,1.17.0,PRexp,10,3.97,nan,7,Left,Left,1236,178,138,8,nan,nan,0.06
5/9/2025 18:58:02,1.17.0,PRexp,10,3.97,nan,7,Left,Left,1237,178,138,8,nan,nan,0.05
5/9/2025 18:59:39,1.17.0,PRexp,10,3.97,nan,7,Right,Left,1237,179,138,8,nan,nan,0.03
5/9/2025 18:59:41,1.17.0,PRexp,10,3.97,nan,7,Right,Left,1237,180,138,8,nan,nan,0.22
5/9/2025 18:59:43,1.17.0,PRexp,10,3.97,nan,7,Left,Left,1238,180,138,8,nan,nan,0.14
5/9/2025 18:59:46,1.17.0,PRexp,10,3.98,2,7,Pellet,Left,1238,180,139,9,0.55,683,nan
5/9/2025 19:00:10,1.17.0,PRexp,10,3.97,nan,9,Left,Left,1239,180,139,9,nan,nan,0.06
5/9/2025 19:00:49,1.17.0,PRexp,10,3.97,nan,9,Left,Left,1240,180,139,9,nan,nan,0.04
5/9/2025 19:00:52,1.17.0,PRexp,10,3.97,nan,9,Left,Left,1241,180,139,9,nan,nan,0.09
5/9/2025 19:00:55,1.17.0,PRexp,10,3.97,nan,9,Left,Left,1242,180,139,9,nan,nan,0.12
5/9/2025 19:01:00,1.17.0,PRexp,10,3.97,nan,9,Left,Left,1243,180,139,9,nan,nan,0.07
5/9/2025 19:01:41,1.17.0,PRexp,10,3.96,nan,9,Left,Left,1244,180,139,9,nan,nan,0.06
5/9/2025 19:01:44,1.17.0,PRexp,10,3.97,nan,9,Left,Left,1245,180,139,9,nan,nan,0.14
5/9/2025 19:01:49,1.17.0,PRexp,10,3.97,nan,9,Right,Left,1245,181,139,9,nan,nan,0.93
5/9/2025 19:01:51,1.17.0,PRexp,10,3.97,nan,9,Left,Left,1246,181,139,9,nan,nan,0.13
5/9/2025 19:01:54,1.17.0,PRexp,10,3.97,nan,9,Left,Left,1247,181,139,9,nan,nan,0.11
5/9/2025 19:01:58,1.17.0,PRexp,10,3.96,3,9,Pellet,Left,1247,181,140,10,0.06,132,nan
5/9/2025 19:04:22,1.17.0,PRexp,10,3.97,nan,10,Left,Left,1248,181,140,10,nan,nan,0.09
5/9/2025 19:06:26,1.17.0,PRexp,10,3.97,nan,10,Left,Left,1249,181,140,10,nan,nan,0.11
5/9/2025 19:06:30,1.17.0,PRexp,10,3.97,nan,10,Left,Left,1250,181,140,10,nan,nan,0.18
5/9/2025 19:10:54,1.17.0,PRexp,10,3.97,nan,10,Left,Left,1251,181,140,10,nan,nan,0.23
5/9/2025 19:10:56,1.17.0,PRexp,10,3.97,nan,10,Left,Left,1252,181,140,10,nan,nan,0.35
5/9/2025 19:11:03,1.17.0,PRexp,10,3.98,nan,10,Left,Left,1253,181,140,10,nan,nan,0.09
5/9/2025 19:11:08,1.17.0,PRexp,10,3.97,nan,10,Left,Left,1254,181,140,10,nan,nan,0.10
5/9/2025 19:11:12,1.17.0,PRexp,10,3.96,nan,10,Left,Left,1255,181,140,10,nan,nan,0.22
5/9/2025 19:11:15,1.17.0,PRexp,10,3.97,nan,10,Left,Left,1256,181,140,10,nan,nan,0.18
5/9/2025 19:11:16,1.17.0,PRexp,10,3.97,nan,10,Left,Left,1257,181,140,10,nan,nan,0.00
5/9/2025 19:11:23,1.17.0,PRexp,10,3.97,4,10,Pellet,Left,1257,181,141,11,0.06,565,nan
5/9/2025 19:11:51,1.17.0,PRexp,10,3.97,nan,12,Left,Left,1258,181,141,11,nan,nan,0.08
5/9/2025 19:12:55,1.17.0,PRexp,10,3.97,nan,12,Left,Left,1259,181,141,11,nan,nan,0.40
5/9/2025 19:12:59,1.17.0,PRexp,10,3.97,nan,12,Right,Left,1259,182,141,11,nan,nan,0.41
5/9/2025 19:13:06,1.17.0,PRexp,10,3.97,nan,12,Left,Left,1260,182,141,11,nan,nan,0.00
5/9/2025 19:14:48,1.17.0,PRexp,10,3.97,nan,12,Left,Left,1261,182,141,11,nan,nan,0.11
5/9/2025 19:14:59,1.17.0,PRexp,10,3.97,nan,12,Left,Left,1262,182,141,11,nan,nan,0.05
5/9/2025 19:15:26,1.17.0,PRexp,10,3.97,nan,12,Left,Left,1263,182,141,11,nan,nan,0.09
5/9/2025 19:15:55,1.17.0,PRexp,10,3.97,nan,12,Left,Left,1264,182,141,11,nan,nan,0.10
5/9/2025 19:16:41,1.17.0,PRexp,10,3.97,nan,12,Right,Left,1264,183,141,11,nan,nan,0.16
5/9/2025 19:16:42,1.17.0,PRexp,10,3.96,nan,12,Left,Left,1265,183,141,11,nan,nan,0.13
5/9/2025 19:16:46,1.17.0,PRexp,10,3.97,nan,12,Left,Left,1266,183,141,11,nan,nan,0.17
5/9/2025 19:16:49,1.17.0,PRexp,10,3.97,nan,12,Left,Left,1267,183,141,11,nan,nan,0.14
5/9/2025 19:17:59,1.17.0,PRexp,10,3.97,nan,12,Left,Left,1268,183,141,11,nan,nan,0.09
5/9/2025 19:18:02,1.17.0,PRexp,10,3.97,nan,12,Left,Left,1269,183,141,11,nan,nan,0.17
5/9/2025 19:18:04,1.17.0,PRexp,10,3.96,2,12,Pellet,Left,1269,183,142,12,0.06,401,nan
5/9/2025 19:18:31,1.17.0,PRexp,10,3.97,nan,13,Left,Left,1270,183,142,12,nan,nan,0.03
5/9/2025 19:18:37,1.17.0,PRexp,10,3.97,nan,13,Left,Left,1271,183,142,12,nan,nan,0.00
5/9/2025 19:18:43,1.17.0,PRexp,10,3.97,nan,13,Left,Left,1272,183,142,12,nan,nan,0.16
5/9/2025 19:19:34,1.17.0,PRexp,10,3.97,nan,13,Left,Left,1273,183,142,12,nan,nan,0.05
5/9/2025 19:20:40,1.17.0,PRexp,10,3.96,nan,13,Left,Left,1274,183,142,12,nan,nan,0.16
5/9/2025 19:21:19,1.17.0,PRexp,10,3.96,nan,13,Left,Left,1275,183,142,12,nan,nan,0.11
5/9/2025 19:21:46,1.17.0,PRexp,10,3.97,nan,13,Left,Left,1276,183,142,12,nan,nan,0.15
5/9/2025 19:22:17,1.17.0,PRexp,10,3.97,nan,13,Left,Left,1277,183,142,12,nan,nan,0.22
5/9/2025 19:23:20,1.17.0,PRexp,10,3.97,nan,13,Right,Left,1277,184,142,12,nan,nan,0.12
5/9/2025 19:23:27,1.17.0,PRexp,10,3.96,nan,13,Left,Left,1278,184,142,12,nan,nan,0.00
5/9/2025 19:24:33,1.17.0,PRexp,10,3.98,nan,13,Left,Left,1279,184,142,12,nan,nan,0.18
5/9/2025 19:24:37,1.17.0,PRexp,10,3.96,nan,13,Left,Left,1280,184,142,12,nan,nan,0.42
5/9/2025 19:24:42,1.17.0,PRexp,10,3.96,nan,13,Left,Left,1281,184,142,12,nan,nan,0.40
5/9/2025 19:24:47,1.17.0,PRexp,10,3.97,nan,13,Left,Left,1282,184,142,12,nan,nan,0.18
5/9/2025 19:24:54,1.17.0,PRexp,10,3.96,4,13,Pellet,Left,1282,184,143,13,0.12,410,nan
5/9/2025 19:25:49,1.17.0,PRexp,10,3.97,nan,15,Left,Left,1283,184,143,13,nan,nan,0.37
5/9/2025 19:26:10,1.17.0,PRexp,10,3.96,nan,15,Left,Left,1284,184,143,13,nan,nan,0.51
5/9/2025 19:26:15,1.17.0,PRexp,10,3.97,nan,15,Left,Left,1285,184,143,13,nan,nan,0.61
5/9/2025 19:26:22,1.17.0,PRexp,10,3.96,nan,15,Right,Left,1285,185,143,13,nan,nan,0.66
5/9/2025 19:26:23,1.17.0,PRexp,10,3.97,nan,15,Left,Left,1286,185,143,13,nan,nan,0.19
5/9/2025 19:26:27,1.17.0,PRexp,10,3.96,nan,15,Right,Left,1286,186,143,13,nan,nan,0.23
5/9/2025 19:26:33,1.17.0,PRexp,10,3.97,nan,15,Left,Left,1287,186,143,13,nan,nan,0.00
5/9/2025 19:28:18,1.17.0,PRexp,10,3.97,nan,15,Left,Left,1288,186,143,13,nan,nan,0.24
5/9/2025 19:28:49,1.17.0,PRexp,10,3.96,nan,15,Left,Left,1289,186,143,13,nan,nan,0.13
5/9/2025 19:28:52,1.17.0,PRexp,10,3.97,nan,15,Left,Left,1290,186,143,13,nan,nan,0.08
5/9/2025 19:29:00,1.17.0,PRexp,10,3.97,nan,15,Left,Left,1291,186,143,13,nan,nan,0.14
5/9/2025 19:29:03,1.17.0,PRexp,10,3.97,nan,15,Left,Left,1292,186,143,13,nan,nan,0.15
5/9/2025 19:29:06,1.17.0,PRexp,10,3.96,nan,15,Left,Left,1293,186,143,13,nan,nan,0.25
5/9/2025 19:29:11,1.17.0,PRexp,10,3.97,nan,15,Left,Left,1294,186,143,13,nan,nan,0.15
5/9/2025 19:29:15,1.17.0,PRexp,10,3.96,nan,15,Left,Left,1295,186,143,13,nan,nan,0.20
5/9/2025 19:29:20,1.17.0,PRexp,10,3.96,nan,15,Right,Left,1295,187,143,13,nan,nan,0.37
5/9/2025 19:29:22,1.17.0,PRexp,10,3.97,nan,15,Left,Left,1296,187,143,13,nan,nan,0.20
5/9/2025 19:29:23,1.17.0,PRexp,10,3.96,nan,15,Left,Left,1297,187,143,13,nan,nan,0.23
5/9/2025 19:29:26,1.17.0,PRexp,10,3.96,2,15,Pellet,Left,1297,187,144,14,0.18,272,nan
5/9/2025 19:30:12,1.17.0,PRexp,10,3.97,nan,17,Left,Left,1298,187,144,14,nan,nan,0.02
5/9/2025 19:30:17,1.17.0,PRexp,10,3.97,nan,17,Left,Left,1299,187,144,14,nan,nan,0.05
5/9/2025 19:31:11,1.17.0,PRexp,10,3.97,nan,17,Left,Left,1300,187,144,14,nan,nan,0.13
5/9/2025 19:32:43,1.17.0,PRexp,10,3.97,nan,17,Right,Left,1300,188,144,14,nan,nan,0.07
5/9/2025 19:32:45,1.17.0,PRexp,10,3.97,nan,17,Left,Left,1301,188,144,14,nan,nan,0.00
5/9/2025 19:32:49,1.17.0,PRexp,10,3.97,nan,17,Left,Left,1302,188,144,14,nan,nan,0.33
5/9/2025 19:32:56,1.17.0,PRexp,10,3.97,nan,17,Left,Left,1303,188,144,14,nan,nan,0.12
5/9/2025 19:33:00,1.17.0,PRexp,10,3.97,nan,17,Left,Left,1304,188,144,14,nan,nan,0.03
5/9/2025 19:34:08,1.17.0,PRexp,10,3.96,nan,17,Left,Left,1305,188,144,14,nan,nan,0.33
5/9/2025 19:34:10,1.17.0,PRexp,10,3.97,nan,17,Left,Left,1306,188,144,14,nan,nan,0.24
5/9/2025 19:34:16,1.17.0,PRexp,10,3.97,nan,17,Left,Left,1307,188,144,14,nan,nan,0.24
5/9/2025 19:34:33,1.17.0,PRexp,10,3.97,nan,17,Left,Left,1308,188,144,14,nan,nan,0.23
5/9/2025 19:34:37,1.17.0,PRexp,10,3.97,nan,17,Right,Left,1308,189,144,14,nan,nan,0.30
5/9/2025 19:34:40,1.17.0,PRexp,10,3.97,nan,17,Left,Left,1309,189,144,14,nan,nan,0.13
5/9/2025 19:34:45,1.17.0,PRexp,10,3.98,nan,17,Left,Left,1310,189,144,14,nan,nan,0.32
5/9/2025 19:34:47,1.17.0,PRexp,10,3.97,nan,17,Left,Left,1311,189,144,14,nan,nan,0.07
5/9/2025 19:34:54,1.17.0,PRexp,10,3.97,nan,17,Left,Left,1312,189,144,14,nan,nan,0.70
5/9/2025 19:34:58,1.17.0,PRexp,10,3.97,nan,17,Left,Left,1313,189,144,14,nan,nan,0.36
5/9/2025 19:35:02,1.17.0,PRexp,10,3.96,nan,17,Right,Left,1313,190,144,14,nan,nan,0.14
5/9/2025 19:35:04,1.17.0,PRexp,10,3.97,nan,17,Right,Left,1313,191,144,14,nan,nan,0.31
5/9/2025 19:35:08,1.17.0,PRexp,10,3.97,nan,17,Left,Left,1314,191,144,14,nan,nan,1.00
5/9/2025 19:35:36,1.17.0,PRexp,10,3.97,3,17,Pellet,Left,1314,191,145,15,21.79,370,nan
5/9/2025 19:36:34,1.17.0,PRexp,10,3.97,nan,20,Left,Left,1315,191,145,15,nan,nan,0.17
5/9/2025 19:36:52,1.17.0,PRexp,10,3.96,nan,20,Left,Left,1316,191,145,15,nan,nan,0.39
5/9/2025 19:36:58,1.17.0,PRexp,10,3.97,nan,20,Left,Left,1317,191,145,15,nan,nan,0.59
5/9/2025 19:37:14,1.17.0,PRexp,10,3.97,nan,20,Right,Left,1317,192,145,15,nan,nan,0.22
5/9/2025 19:37:19,1.17.0,PRexp,10,3.96,nan,20,Left,Left,1318,192,145,15,nan,nan,0.25
5/9/2025 19:37:22,1.17.0,PRexp,10,3.97,nan,20,Left,Left,1319,192,145,15,nan,nan,0.58
5/9/2025 19:37:26,1.17.0,PRexp,10,3.97,nan,20,Left,Left,1320,192,145,15,nan,nan,0.37
5/9/2025 19:37:31,1.17.0,PRexp,10,3.97,nan,20,Right,Left,1320,193,145,15,nan,nan,0.24
5/9/2025 19:37:34,1.17.0,PRexp,10,3.97,nan,20,Right,Left,1320,194,145,15,nan,nan,0.00
5/9/2025 19:37:37,1.17.0,PRexp,10,3.97,nan,20,Left,Left,1321,194,145,15,nan,nan,0.05
5/9/2025 19:37:37,1.17.0,PRexp,10,3.97,nan,20,Right,Left,1321,195,145,15,nan,nan,0.00
5/9/2025 19:37:39,1.17.0,PRexp,10,3.96,nan,20,Left,Left,1322,195,145,15,nan,nan,0.16
5/9/2025 19:37:43,1.17.0,PRexp,10,3.97,nan,20,Left,Left,1323,195,145,15,nan,nan,0.26
5/9/2025 19:37:48,1.17.0,PRexp,10,3.97,nan,20,Right,Left,1323,196,145,15,nan,nan,0.09
5/9/2025 19:37:49,1.17.0,PRexp,10,3.96,nan,20,Left,Left,1324,196,145,15,nan,nan,0.00
5/9/2025 19:37:51,1.17.0,PRexp,10,3.97,nan,20,Left,Left,1325,196,145,15,nan,nan,0.17
5/9/2025 19:38:15,1.17.0,PRexp,10,3.97,nan,20,Right,Left,1325,197,145,15,nan,nan,0.48
5/9/2025 19:38:17,1.17.0,PRexp,10,3.98,nan,20,Left,Left,1326,197,145,15,nan,nan,0.00
5/9/2025 19:38:18,1.17.0,PRexp,10,3.97,nan,20,Left,Left,1327,197,145,15,nan,nan,0.49
5/9/2025 19:38:23,1.17.0,PRexp,10,3.97,nan,20,Left,Left,1328,197,145,15,nan,nan,0.22
5/9/2025 19:38:32,1.17.0,PRexp,10,3.98,nan,20,Left,Left,1329,197,145,15,nan,nan,0.12
5/9/2025 19:38:39,1.17.0,PRexp,10,3.97,nan,20,Left,Left,1330,197,145,15,nan,nan,0.06
5/9/2025 19:38:40,1.17.0,PRexp,10,3.97,nan,20,Left,Left,1331,197,145,15,nan,nan,0.00
5/9/2025 19:38:43,1.17.0,PRexp,10,3.97,nan,20,Left,Left,1332,197,145,15,nan,nan,0.36
5/9/2025 19:38:44,1.17.0,PRexp,10,3.96,nan,20,Left,Left,1333,197,145,15,nan,nan,0.04
5/9/2025 19:38:48,1.17.0,PRexp,10,3.96,nan,20,Left,Left,1334,197,145,15,nan,nan,0.34
5/9/2025 19:38:50,1.17.0,PRexp,10,3.97,2,20,Pellet,Left,1334,197,146,16,0.12,194,nan
5/9/2025 19:39:43,1.17.0,PRexp,10,3.96,nan,22,Right,Left,1334,198,146,16,nan,nan,0.06
5/9/2025 19:39:44,1.17.0,PRexp,10,3.97,nan,22,Left,Left,1335,198,146,16,nan,nan,0.16
5/9/2025 19:39:50,1.17.0,PRexp,10,3.97,nan,22,Right,Left,1335,199,146,16,nan,nan,0.00
5/9/2025 19:39:53,1.17.0,PRexp,10,3.97,nan,22,Left,Left,1336,199,146,16,nan,nan,0.35
5/9/2025 19:39:55,1.17.0,PRexp,10,3.97,nan,22,Left,Left,1337,199,146,16,nan,nan,0.19
5/9/2025 19:40:02,1.17.0,PRexp,10,3.97,nan,22,Left,Left,1338,199,146,16,nan,nan,0.00
5/9/2025 19:40:09,1.17.0,PRexp,10,3.97,nan,22,Left,Left,1339,199,146,16,nan,nan,0.12
5/9/2025 19:40:21,1.17.0,PRexp,10,3.96,nan,22,Left,Left,1340,199,146,16,nan,nan,0.24
5/9/2025 19:40:23,1.17.0,PRexp,10,3.96,nan,22,Left,Left,1341,199,146,16,nan,nan,0.50
5/9/2025 19:40:27,1.17.0,PRexp,10,3.97,nan,22,Left,Left,1342,199,146,16,nan,nan,0.40
5/9/2025 19:40:28,1.17.0,PRexp,10,3.97,nan,22,Left,Left,1343,199,146,16,nan,nan,0.00
5/9/2025 19:40:29,1.17.0,PRexp,10,3.97,nan,22,Left,Left,1344,199,146,16,nan,nan,0.15
5/9/2025 19:40:31,1.17.0,PRexp,10,3.97,nan,22,Left,Left,1345,199,146,16,nan,nan,0.16
5/9/2025 19:40:33,1.17.0,PRexp,10,3.96,nan,22,Left,Left,1346,199,146,16,nan,nan,0.00
5/9/2025 19:40:41,1.17.0,PRexp,10,3.97,nan,22,Left,Left,1347,199,146,16,nan,nan,0.24
5/9/2025 19:40:47,1.17.0,PRexp,10,3.97,nan,22,Left,Left,1348,199,146,16,nan,nan,0.20
5/9/2025 19:40:49,1.17.0,PRexp,10,3.97,nan,22,Left,Left,1349,199,146,16,nan,nan,0.38
5/9/2025 19:41:00,1.17.0,PRexp,10,3.97,nan,22,Left,Left,1350,199,146,16,nan,nan,0.12
5/9/2025 19:41:02,1.17.0,PRexp,10,3.97,nan,22,Left,Left,1351,199,146,16,nan,nan,0.69
5/9/2025 19:45:49,1.17.0,PRexp,10,3.96,nan,22,Right,Left,1351,200,146,16,nan,nan,0.01
5/9/2025 19:49:21,1.17.0,PRexp,10,3.96,nan,22,Right,Left,1351,201,146,16,nan,nan,0.08
5/9/2025 19:49:22,1.17.0,PRexp,10,3.97,nan,22,Left,Left,1352,201,146,16,nan,nan,0.00
5/9/2025 19:49:41,1.17.0,PRexp,10,3.97,nan,22,Left,Left,1353,201,146,16,nan,nan,0.18
5/9/2025 19:49:53,1.17.0,PRexp,10,3.97,nan,22,Left,Left,1354,201,146,16,nan,nan,0.10
5/9/2025 19:50:22,1.17.0,PRexp,10,3.97,nan,22,Left,Left,1355,201,146,16,nan,nan,0.15
5/9/2025 19:50:25,1.17.0,PRexp,10,3.97,nan,22,Left,Left,1356,201,146,16,nan,nan,0.10
5/9/2025 19:50:27,1.17.0,PRexp,10,3.97,2,22,Pellet,Left,1356,201,147,17,0.18,697,nan
5/9/2025 19:50:51,1.17.0,PRexp,10,3.97,nan,25,Left,Left,1357,201,147,17,nan,nan,0.13
5/9/2025 19:50:58,1.17.0,PRexp,10,3.97,nan,25,Left,Left,1358,201,147,17,nan,nan,0.04
5/9/2025 19:51:01,1.17.0,PRexp,10,3.97,nan,25,Left,Left,1359,201,147,17,nan,nan,0.10
5/9/2025 19:51:20,1.17.0,PRexp,10,3.97,nan,25,Left,Left,1360,201,147,17,nan,nan,0.15
5/9/2025 19:51:22,1.17.0,PRexp,10,3.96,nan,25,Left,Left,1361,201,147,17,nan,nan,0.34
5/9/2025 19:51:43,1.17.0,PRexp,10,3.96,nan,25,Left,Left,1362,201,147,17,nan,nan,0.25
5/9/2025 19:51:45,1.17.0,PRexp,10,3.97,nan,25,Left,Left,1363,201,147,17,nan,nan,0.35
5/9/2025 19:51:47,1.17.0,PRexp,10,3.97,nan,25,Left,Left,1364,201,147,17,nan,nan,0.24
5/9/2025 19:51:50,1.17.0,PRexp,10,3.98,nan,25,Left,Left,1365,201,147,17,nan,nan,0.06
5/9/2025 19:51:56,1.17.0,PRexp,10,3.97,nan,25,Left,Left,1366,201,147,17,nan,nan,0.21
5/9/2025 19:52:05,1.17.0,PRexp,10,3.97,nan,25,Left,Left,1367,201,147,17,nan,nan,0.00
5/9/2025 19:52:06,1.17.0,PRexp,10,3.97,nan,25,Right,Left,1367,202,147,17,nan,nan,0.00
5/9/2025 19:52:11,1.17.0,PRexp,10,3.97,nan,25,Left,Left,1368,202,147,17,nan,nan,0.47
5/9/2025 19:52:14,1.17.0,PRexp,10,3.97,nan,25,Left,Left,1369,202,147,17,nan,nan,0.12
5/9/2025 19:52:15,1.17.0,PRexp,10,3.97,nan,25,Left,Left,1370,202,147,17,nan,nan,0.00
5/9/2025 19:52:18,1.17.0,PRexp,10,3.97,nan,25,Left,Left,1371,202,147,17,nan,nan,0.60
5/9/2025 19:52:21,1.17.0,PRexp,10,3.96,nan,25,Left,Left,1372,202,147,17,nan,nan,0.45
5/9/2025 19:52:24,1.17.0,PRexp,10,3.97,nan,25,Right,Left,1372,203,147,17,nan,nan,0.32
5/9/2025 19:52:26,1.17.0,PRexp,10,3.97,nan,25,Left,Left,1373,203,147,17,nan,nan,0.25
5/9/2025 19:52:28,1.17.0,PRexp,10,3.97,nan,25,Left,Left,1374,203,147,17,nan,nan,0.21
5/9/2025 19:52:34,1.17.0,PRexp,10,3.97,nan,25,Left,Left,1375,203,147,17,nan,nan,0.28
5/9/2025 19:52:38,1.17.0,PRexp,10,3.97,nan,25,Left,Left,1376,203,147,17,nan,nan,0.22
5/9/2025 19:53:07,1.17.0,PRexp,10,3.97,nan,25,Left,Left,1377,203,147,17,nan,nan,0.12
5/9/2025 19:53:09,1.17.0,PRexp,10,3.97,nan,25,Left,Left,1378,203,147,17,nan,nan,0.19
5/9/2025 19:53:10,1.17.0,PRexp,10,3.97,nan,25,Left,Left,1379,203,147,17,nan,nan,0.47
5/9/2025 19:53:13,1.17.0,PRexp,10,3.96,nan,25,Left,Left,1380,203,147,17,nan,nan,0.30
5/9/2025 19:53:16,1.17.0,PRexp,10,3.97,nan,25,Left,Left,1381,203,147,17,nan,nan,0.48
5/9/2025 19:53:19,1.17.0,PRexp,10,3.97,2,25,Pellet,Left,1381,203,148,18,0.12,172,nan
5/9/2025 19:53:38,1.17.0,PRexp,10,3.97,nan,28,Left,Left,1382,203,148,18,nan,nan,0.15
5/9/2025 19:53:41,1.17.0,PRexp,10,3.97,nan,28,Left,Left,1383,203,148,18,nan,nan,0.17
5/9/2025 19:53:45,1.17.0,PRexp,10,3.97,nan,28,Right,Left,1383,204,148,18,nan,nan,0.09
5/9/2025 19:53:46,1.17.0,PRexp,10,3.97,nan,28,Left,Left,1384,204,148,18,nan,nan,0.00
5/9/2025 19:53:51,1.17.0,PRexp,10,3.97,nan,28,Left,Left,1385,204,148,18,nan,nan,0.26
5/9/2025 19:53:56,1.17.0,PRexp,10,3.97,nan,28,Right,Left,1385,205,148,18,nan,nan,0.36
5/9/2025 19:53:57,1.17.0,PRexp,10,3.97,nan,28,Left,Left,1386,205,148,18,nan,nan,0.17
5/9/2025 19:54:03,1.17.0,PRexp,10,3.97,nan,28,Left,Left,1387,205,148,18,nan,nan,0.30
5/9/2025 19:54:04,1.17.0,PRexp,10,3.97,nan,28,Left,Left,1388,205,148,18,nan,nan,0.00
5/9/2025 19:54:07,1.17.0,PRexp,10,3.97,nan,28,Left,Left,1389,205,148,18,nan,nan,0.26
5/9/2025 19:54:28,1.17.0,PRexp,10,3.97,nan,28,Left,Left,1390,205,148,18,nan,nan,0.33
5/9/2025 19:54:46,1.17.0,PRexp,10,3.97,nan,28,Right,Left,1390,206,148,18,nan,nan,0.19
5/9/2025 19:54:47,1.17.0,PRexp,10,3.97,nan,28,Right,Left,1390,207,148,18,nan,nan,0.00
5/9/2025 19:54:55,1.17.0,PRexp,10,3.97,nan,28,Left,Left,1391,207,148,18,nan,nan,0.29
5/9/2025 19:54:59,1.17.0,PRexp,10,3.97,nan,28,Left,Left,1392,207,148,18,nan,nan,0.15
5/9/2025 19:55:07,1.17.0,PRexp,10,3.97,nan,28,Left,Left,1393,207,148,18,nan,nan,0.18
5/9/2025 19:55:10,1.17.0,PRexp,10,3.97,nan,28,Left,Left,1394,207,148,18,nan,nan,0.26
5/9/2025 19:55:24,1.17.0,PRexp,10,3.97,nan,28,Left,Left,1395,207,148,18,nan,nan,0.05
5/9/2025 19:55:27,1.17.0,PRexp,10,3.97,nan,28,Left,Left,1396,207,148,18,nan,nan,0.31
5/9/2025 19:55:38,1.17.0,PRexp,10,3.97,nan,28,Left,Left,1397,207,148,18,nan,nan,0.15
5/9/2025 19:55:59,1.17.0,PRexp,10,3.96,nan,28,Left,Left,1398,207,148,18,nan,nan,0.15
5/9/2025 19:56:03,1.17.0,PRexp,10,3.97,nan,28,Left,Left,1399,207,148,18,nan,nan,0.18
5/9/2025 19:56:08,1.17.0,PRexp,10,3.97,nan,28,Left,Left,1400,207,148,18,nan,nan,0.14
5/9/2025 19:56:45,1.17.0,PRexp,10,3.97,nan,28,Left,Left,1401,207,148,18,nan,nan,0.15
5/9/2025 19:56:49,1.17.0,PRexp,10,3.97,nan,28,Left,Left,1402,207,148,18,nan,nan,0.14
5/9/2025 19:56:51,1.17.0,PRexp,10,3.97,nan,28,Left,Left,1403,207,148,18,nan,nan,0.30
5/9/2025 19:56:55,1.17.0,PRexp,10,3.97,nan,28,Left,Left,1404,207,148,18,nan,nan,0.18
5/9/2025 19:56:59,1.17.0,PRexp,10,3.97,nan,28,Left,Left,1405,207,148,18,nan,nan,0.60
5/9/2025 19:57:08,1.17.0,PRexp,10,3.97,nan,28,Left,Left,1406,207,148,18,nan,nan,0.15
5/9/2025 19:57:10,1.17.0,PRexp,10,3.96,nan,28,Right,Left,1406,208,148,18,nan,nan,0.25
5/9/2025 19:57:15,1.17.0,PRexp,10,3.97,nan,28,Left,Left,1407,208,148,18,nan,nan,0.23
5/9/2025 19:57:17,1.17.0,PRexp,10,3.96,nan,28,Left,Left,1408,208,148,18,nan,nan,0.31
5/9/2025 19:57:22,1.17.0,PRexp,10,3.96,nan,28,Right,Left,1408,209,148,18,nan,nan,0.19
5/9/2025 19:57:28,1.17.0,PRexp,10,3.97,nan,28,Left,Left,1409,209,148,18,nan,nan,0.58
5/9/2025 19:57:33,1.17.0,PRexp,10,3.97,3,28,Pellet,Left,1409,209,149,19,0.06,254,nan
5/9/2025 19:58:00,1.17.0,PRexp,10,3.96,nan,32,Right,Left,1409,210,149,19,nan,nan,0.05
5/9/2025 19:58:04,1.17.0,PRexp,10,3.97,nan,32,Left,Left,1410,210,149,19,nan,nan,0.46
5/9/2025 19:58:07,1.17.0,PRexp,10,3.96,nan,32,Left,Left,1411,210,149,19,nan,nan,0.19
5/9/2025 19:58:09,1.17.0,PRexp,10,3.96,nan,32,Left,Left,1412,210,149,19,nan,nan,0.07
5/9/2025 19:58:15,1.17.0,PRexp,10,3.97,nan,32,Left,Left,1413,210,149,19,nan,nan,0.44
5/9/2025 19:58:19,1.17.0,PRexp,10,3.96,nan,32,Left,Left,1414,210,149,19,nan,nan,0.34
5/9/2025 19:58:20,1.17.0,PRexp,10,3.97,nan,32,Left,Left,1415,210,149,19,nan,nan,0.04
5/9/2025 19:58:23,1.17.0,PRexp,10,3.97,nan,32,Left,Left,1416,210,149,19,nan,nan,0.25
5/9/2025 19:58:25,1.17.0,PRexp,10,3.97,nan,32,Left,Left,1417,210,149,19,nan,nan,0.11
5/9/2025 19:58:28,1.17.0,PRexp,10,3.96,nan,32,Left,Left,1418,210,149,19,nan,nan,0.26
5/9/2025 19:58:33,1.17.0,PRexp,10,3.97,nan,32,Left,Left,1419,210,149,19,nan,nan,0.22
5/9/2025 19:58:35,1.17.0,PRexp,10,3.97,nan,32,Right,Left,1419,211,149,19,nan,nan,0.31
5/9/2025 19:58:37,1.17.0,PRexp,10,3.97,nan,32,Right,Left,1419,212,149,19,nan,nan,0.28
5/9/2025 19:58:39,1.17.0,PRexp,10,3.97,nan,32,Left,Left,1420,212,149,19,nan,nan,0.86
5/9/2025 19:58:41,1.17.0,PRexp,10,3.96,nan,32,Left,Left,1421,212,149,19,nan,nan,0.00
5/9/2025 19:58:43,1.17.0,PRexp,10,3.96,nan,32,Left,Left,1422,212,149,19,nan,nan,0.31
5/9/2025 19:58:45,1.17.0,PRexp,10,3.97,nan,32,Left,Left,1423,212,149,19,nan,nan,0.00
5/9/2025 19:58:46,1.17.0,PRexp,10,3.97,nan,32,Left,Left,1424,212,149,19,nan,nan,0.00
5/9/2025 19:58:48,1.17.0,PRexp,10,3.97,nan,32,Left,Left,1425,212,149,19,nan,nan,0.16
5/9/2025 19:58:51,1.17.0,PRexp,10,3.97,nan,32,Left,Left,1426,212,149,19,nan,nan,1.85
5/9/2025 19:58:52,1.17.0,PRexp,10,3.97,nan,32,Left,Left,1427,212,149,19,nan,nan,0.00
5/9/2025 19:58:56,1.17.0,PRexp,10,3.97,nan,32,Left,Left,1428,212,149,19,nan,nan,0.38
5/9/2025 19:58:58,1.17.0,PRexp,10,3.97,nan,32,Left,Left,1429,212,149,19,nan,nan,0.00
5/9/2025 19:59:25,1.17.0,PRexp,10,3.96,nan,32,Right,Left,1429,213,149,19,nan,nan,0.42
5/9/2025 19:59:27,1.17.0,PRexp,10,3.97,nan,32,Right,Left,1429,214,149,19,nan,nan,0.00
5/9/2025 19:59:29,1.17.0,PRexp,10,3.97,nan,32,Right,Left,1429,215,149,19,nan,nan,0.61
5/9/2025 19:59:31,1.17.0,PRexp,10,3.96,nan,32,Right,Left,1429,216,149,19,nan,nan,0.00
5/9/2025 19:59:33,1.17.0,PRexp,10,3.97,nan,32,Left,Left,1430,216,149,19,nan,nan,0.05
5/9/2025 19:59:36,1.17.0,PRexp,10,3.97,nan,32,Left,Left,1431,216,149,19,nan,nan,0.39
5/9/2025 19:59:39,1.17.0,PRexp,10,3.96,nan,32,Left,Left,1432,216,149,19,nan,nan,0.08
5/9/2025 19:59:44,1.17.0,PRexp,10,3.97,nan,32,Left,Left,1433,216,149,19,nan,nan,0.21
5/9/2025 19:59:47,1.17.0,PRexp,10,3.97,nan,32,Left,Left,1434,216,149,19,nan,nan,0.06
5/9/2025 19:59:51,1.17.0,PRexp,10,3.97,nan,32,Left,Left,1435,216,149,19,nan,nan,0.05
5/9/2025 20:01:24,1.17.0,PRexp,10,3.97,nan,32,Left,Left,1436,216,149,19,nan,nan,0.17
5/9/2025 20:01:47,1.17.0,PRexp,10,3.97,nan,32,Right,Left,1436,217,149,19,nan,nan,0.14
5/9/2025 20:01:50,1.17.0,PRexp,10,3.97,nan,32,Left,Left,1437,217,149,19,nan,nan,0.39
5/9/2025 20:01:54,1.17.0,PRexp,10,3.97,nan,32,Left,Left,1438,217,149,19,nan,nan,0.21
5/9/2025 20:01:58,1.17.0,PRexp,10,3.97,nan,32,Right,Left,1438,218,149,19,nan,nan,0.13
5/9/2025 20:02:01,1.17.0,PRexp,10,3.97,nan,32,Right,Left,1438,219,149,19,nan,nan,0.31
5/9/2025 20:02:02,1.17.0,PRexp,10,3.96,nan,32,Left,Left,1439,219,149,19,nan,nan,0.32
5/9/2025 20:02:05,1.17.0,PRexp,10,3.97,nan,32,Left,Left,1440,219,149,19,nan,nan,0.20
5/9/2025 20:02:26,1.17.0,PRexp,10,3.97,nan,32,Right,Left,1440,220,149,19,nan,nan,0.14
5/9/2025 20:02:30,1.17.0,PRexp,10,3.96,nan,32,Left,Left,1441,220,149,19,nan,nan,0.10
5/9/2025 20:02:33,1.17.0,PRexp,10,3.97,2,32,Pellet,Left,1441,220,150,20,0.06,300,nan
5/9/2025 20:04:36,1.17.0,PRexp,10,3.96,nan,36,Left,Left,1442,220,150,20,nan,nan,0.22
5/9/2025 20:04:40,1.17.0,PRexp,10,3.97,nan,36,Left,Left,1443,220,150,20,nan,nan,0.20
5/9/2025 20:04:55,1.17.0,PRexp,10,3.97,nan,36,Left,Left,1444,220,150,20,nan,nan,0.13
5/9/2025 20:04:59,1.17.0,PRexp,10,3.97,nan,36,Left,Left,1445,220,150,20,nan,nan,0.22
5/9/2025 20:05:06,1.17.0,PRexp,10,3.97,nan,36,Left,Left,1446,220,150,20,nan,nan,0.17
5/9/2025 20:05:28,1.17.0,PRexp,10,3.97,nan,36,Left,Left,1447,220,150,20,nan,nan,0.05
5/9/2025 20:06:10,1.17.0,PRexp,10,3.96,nan,36,Left,Left,1448,220,150,20,nan,nan,0.07
5/9/2025 20:06:12,1.17.0,PRexp,10,3.97,nan,36,Left,Left,1449,220,150,20,nan,nan,0.07
5/9/2025 20:06:42,1.17.0,PRexp,10,3.96,nan,36,Left,Left,1450,220,150,20,nan,nan,0.03
5/9/2025 20:06:43,1.17.0,PRexp,10,3.97,nan,36,Left,Left,1451,220,150,20,nan,nan,0.37
5/9/2025 20:06:45,1.17.0,PRexp,10,3.97,nan,36,Left,Left,1452,220,150,20,nan,nan,0.12
5/9/2025 20:06:49,1.17.0,PRexp,10,3.97,nan,36,Left,Left,1453,220,150,20,nan,nan,0.15
5/9/2025 20:06:52,1.17.0,PRexp,10,3.97,nan,36,Left,Left,1454,220,150,20,nan,nan,0.10
5/9/2025 20:06:59,1.17.0,PRexp,10,3.97,nan,36,Left,Left,1455,220,150,20,nan,nan,0.21
5/9/2025 20:07:00,1.17.0,PRexp,10,3.97,nan,36,Left,Left,1456,220,150,20,nan,nan,0.60
5/9/2025 20:07:02,1.17.0,PRexp,10,3.97,nan,36,Left,Left,1457,220,150,20,nan,nan,0.12
5/9/2025 20:07:05,1.17.0,PRexp,10,3.97,nan,36,Left,Left,1458,220,150,20,nan,nan,0.12
5/9/2025 20:07:08,1.17.0,PRexp,10,3.97,nan,36,Left,Left,1459,220,150,20,nan,nan,0.34
5/9/2025 20:07:09,1.17.0,PRexp,10,3.97,nan,36,Left,Left,1460,220,150,20,nan,nan,0.00
5/9/2025 20:07:12,1.17.0,PRexp,10,3.97,nan,36,Left,Left,1461,220,150,20,nan,nan,0.76
5/9/2025 20:07:14,1.17.0,PRexp,10,3.96,nan,36,Left,Left,1462,220,150,20,nan,nan,0.55
5/9/2025 20:07:15,1.17.0,PRexp,10,3.96,nan,36,Left,Left,1463,220,150,20,nan,nan,0.00
5/9/2025 20:07:16,1.17.0,PRexp,10,3.97,nan,36,Left,Left,1464,220,150,20,nan,nan,0.73
5/9/2025 20:07:19,1.17.0,PRexp,10,3.96,nan,36,Left,Left,1465,220,150,20,nan,nan,0.26
5/9/2025 20:07:54,1.17.0,PRexp,10,3.97,nan,36,Left,Left,1466,220,150,20,nan,nan,0.25
5/9/2025 20:11:26,1.17.0,PRexp,10,3.97,nan,36,Left,Left,1467,220,150,20,nan,nan,0.23
5/9/2025 20:11:35,1.17.0,PRexp,10,3.97,nan,36,Left,Left,1468,220,150,20,nan,nan,0.04
5/9/2025 20:11:38,1.17.0,PRexp,10,3.97,nan,36,Left,Left,1469,220,150,20,nan,nan,0.23
5/9/2025 20:12:33,1.17.0,PRexp,10,3.97,nan,36,Left,Left,1470,220,150,20,nan,nan,0.04
5/9/2025 20:12:40,1.17.0,PRexp,10,3.97,nan,36,Left,Left,1471,220,150,20,nan,nan,0.00
5/9/2025 20:13:54,1.17.0,PRexp,10,3.97,nan,36,Right,Left,1471,221,150,20,nan,nan,0.08
5/9/2025 20:13:57,1.17.0,PRexp,10,3.97,nan,36,Left,Left,1472,221,150,20,nan,nan,0.10
5/9/2025 20:15:30,1.17.0,PRexp,10,3.96,nan,36,Left,Left,1473,221,150,20,nan,nan,0.08
5/9/2025 20:15:33,1.17.0,PRexp,10,3.96,nan,36,Left,Left,1474,221,150,20,nan,nan,0.05
5/9/2025 20:15:41,1.17.0,PRexp,10,3.97,nan,36,Left,Left,1475,221,150,20,nan,nan,0.15
5/9/2025 20:15:43,1.17.0,PRexp,10,3.97,nan,36,Right,Left,1475,222,150,20,nan,nan,0.26
5/9/2025 20:15:45,1.17.0,PRexp,10,3.96,nan,36,Left,Left,1476,222,150,20,nan,nan,0.02
5/9/2025 20:15:46,1.17.0,PRexp,10,3.97,nan,36,Left,Left,1477,222,150,20,nan,nan,0.00
5/9/2025 20:15:49,1.17.0,PRexp,10,3.96,1,36,Pellet,Left,1477,222,151,21,0.67,796,nan
5/9/2025 20:16:10,1.17.0,PRexp,10,3.97,nan,40,Left,Left,1478,222,151,21,nan,nan,0.02
5/9/2025 20:17:35,1.17.0,PRexp,10,3.96,nan,40,Left,Left,1479,222,151,21,nan,nan,0.00
5/9/2025 20:17:44,1.17.0,PRexp,10,3.96,nan,40,Left,Left,1480,222,151,21,nan,nan,0.14
5/9/2025 20:17:47,1.17.0,PRexp,10,3.97,nan,40,Left,Left,1481,222,151,21,nan,nan,0.27
5/9/2025 20:18:27,1.17.0,PRexp,10,3.97,nan,40,Left,Left,1482,222,151,21,nan,nan,0.07
5/9/2025 20:18:28,1.17.0,PRexp,10,3.97,nan,40,Left,Left,1483,222,151,21,nan,nan,0.14
5/9/2025 20:18:30,1.17.0,PRexp,10,3.97,nan,40,Left,Left,1484,222,151,21,nan,nan,0.14
5/9/2025 20:18:33,1.17.0,PRexp,10,3.97,nan,40,Left,Left,1485,222,151,21,nan,nan,0.17
5/9/2025 20:19:39,1.17.0,PRexp,10,3.97,nan,40,Left,Left,1486,222,151,21,nan,nan,0.16
5/9/2025 20:19:46,1.17.0,PRexp,10,3.97,nan,40,Left,Left,1487,222,151,21,nan,nan,0.00
5/9/2025 20:22:40,1.17.0,PRexp,10,3.96,nan,40,Left,Left,1488,222,151,21,nan,nan,0.27
5/9/2025 20:22:42,1.17.0,PRexp,10,3.97,nan,40,Left,Left,1489,222,151,21,nan,nan,0.17
5/9/2025 20:23:03,1.17.0,PRexp,10,3.96,nan,40,Right,Left,1489,223,151,21,nan,nan,0.18
5/9/2025 20:23:05,1.17.0,PRexp,10,3.96,nan,40,Left,Left,1490,223,151,21,nan,nan,0.08
5/9/2025 20:23:07,1.17.0,PRexp,10,3.97,nan,40,Left,Left,1491,223,151,21,nan,nan,0.22
5/9/2025 20:23:12,1.17.0,PRexp,10,3.96,nan,40,Left,Left,1492,223,151,21,nan,nan,0.11
5/9/2025 20:23:16,1.17.0,PRexp,10,3.97,nan,40,Left,Left,1493,223,151,21,nan,nan,0.20
5/9/2025 20:24:48,1.17.0,PRexp,10,3.97,nan,40,Left,Left,1494,223,151,21,nan,nan,0.17
5/9/2025 20:24:51,1.17.0,PRexp,10,3.98,nan,40,Right,Left,1494,224,151,21,nan,nan,0.09
5/9/2025 20:24:56,1.17.0,PRexp,10,3.97,nan,40,Left,Left,1495,224,151,21,nan,nan,0.01
5/9/2025 20:24:58,1.17.0,PRexp,10,3.97,nan,40,Left,Left,1496,224,151,21,nan,nan,0.21
5/9/2025 20:24:59,1.17.0,PRexp,10,3.96,nan,40,Left,Left,1497,224,151,21,nan,nan,0.00
5/9/2025 20:25:01,1.17.0,PRexp,10,3.97,nan,40,Left,Left,1498,224,151,21,nan,nan,0.24
5/9/2025 20:25:03,1.17.0,PRexp,10,3.97,nan,40,Left,Left,1499,224,151,21,nan,nan,0.21
5/9/2025 20:25:04,1.17.0,PRexp,10,3.96,nan,40,Left,Left,1500,224,151,21,nan,nan,0.00
5/9/2025 20:25:06,1.17.0,PRexp,10,3.97,nan,40,Left,Left,1501,224,151,21,nan,nan,0.04
5/9/2025 20:25:08,1.17.0,PRexp,10,3.97,nan,40,Left,Left,1502,224,151,21,nan,nan,0.07
5/9/2025 20:26:13,1.17.0,PRexp,10,3.97,nan,40,Left,Left,1503,224,151,21,nan,nan,0.12
5/9/2025 20:28:07,1.17.0,PRexp,10,3.97,nan,40,Left,Left,1504,224,151,21,nan,nan,0.18
5/9/2025 20:28:11,1.17.0,PRexp,10,3.97,nan,40,Left,Left,1505,224,151,21,nan,nan,0.60
5/9/2025 20:28:14,1.17.0,PRexp,10,3.97,nan,40,Left,Left,1506,224,151,21,nan,nan,0.34
5/9/2025 20:28:25,1.17.0,PRexp,10,3.97,nan,40,Right,Left,1506,225,151,21,nan,nan,0.31
5/9/2025 20:28:26,1.17.0,PRexp,10,3.96,nan,40,Left,Left,1507,225,151,21,nan,nan,0.16
5/9/2025 20:28:37,1.17.0,PRexp,10,3.96,nan,40,Left,Left,1508,225,151,21,nan,nan,0.10
5/9/2025 20:28:40,1.17.0,PRexp,10,3.97,nan,40,Right,Left,1508,226,151,21,nan,nan,0.12
5/9/2025 20:28:41,1.17.0,PRexp,10,3.97,nan,40,Left,Left,1509,226,151,21,nan,nan,0.00
5/9/2025 20:30:33,1.17.0,PRexp,10,3.97,nan,40,Left,Left,1510,226,151,21,nan,nan,0.13
5/9/2025 20:30:38,1.17.0,PRexp,10,3.97,nan,40,Right,Left,1510,227,151,21,nan,nan,0.09
5/9/2025 20:30:45,1.17.0,PRexp,10,3.96,nan,40,Left,Left,1511,227,151,21,nan,nan,0.00
5/9/2025 20:30:52,1.17.0,PRexp,10,3.97,nan,40,Left,Left,1512,227,151,21,nan,nan,0.39
5/9/2025 20:30:54,1.17.0,PRexp,10,3.97,nan,40,Left,Left,1513,227,151,21,nan,nan,0.12
5/9/2025 20:31:04,1.17.0,PRexp,10,3.97,nan,40,Right,Left,1513,228,151,21,nan,nan,0.08
5/9/2025 20:31:05,1.17.0,PRexp,10,3.97,nan,40,Left,Left,1514,228,151,21,nan,nan,0.00
5/9/2025 20:31:08,1.17.0,PRexp,10,3.96,nan,40,Left,Left,1515,228,151,21,nan,nan,0.13
5/9/2025 20:31:09,1.17.0,PRexp,10,3.97,nan,40,Left,Left,1516,228,151,21,nan,nan,0.15
5/9/2025 20:31:11,1.17.0,PRexp,10,3.97,nan,40,Left,Left,1517,228,151,21,nan,nan,0.11
5/9/2025 20:31:14,1.17.0,PRexp,10,3.96,2,40,Pellet,Left,1517,228,152,22,0.06,924,nan
5/9/2025 20:31:36,1.17.0,PRexp,10,3.96,nan,45,Right,Left,1517,229,152,22,nan,nan,0.01
5/9/2025 20:32:40,1.17.0,PRexp,10,3.97,nan,45,Left,Left,1518,229,152,22,nan,nan,0.05
5/9/2025 20:33:12,1.17.0,PRexp,10,3.97,nan,45,Left,Left,1519,229,152,22,nan,nan,0.08
5/9/2025 20:33:15,1.17.0,PRexp,10,3.96,nan,45,Left,Left,1520,229,152,22,nan,nan,0.20
5/9/2025 20:33:17,1.17.0,PRexp,10,3.97,nan,45,Left,Left,1521,229,152,22,nan,nan,0.21
5/9/2025 20:33:45,1.17.0,PRexp,10,3.96,nan,45,Right,Left,1521,230,152,22,nan,nan,0.06
5/9/2025 20:33:46,1.17.0,PRexp,10,3.97,nan,45,Left,Left,1522,230,152,22,nan,nan,0.07
5/9/2025 20:33:47,1.17.0,PRexp,10,3.97,nan,45,Right,Left,1522,231,152,22,nan,nan,0.00
5/9/2025 20:33:49,1.17.0,PRexp,10,3.96,nan,45,Left,Left,1523,231,152,22,nan,nan,0.17
5/9/2025 20:33:53,1.17.0,PRexp,10,3.96,nan,45,Left,Left,1524,231,152,22,nan,nan,0.10
5/9/2025 20:33:56,1.17.0,PRexp,10,3.97,nan,45,Left,Left,1525,231,152,22,nan,nan,0.15
5/9/2025 20:33:58,1.17.0,PRexp,10,3.97,nan,45,Left,Left,1526,231,152,22,nan,nan,0.10
5/9/2025 20:35:13,1.17.0,PRexp,10,3.96,nan,45,Left,Left,1527,231,152,22,nan,nan,0.14
5/9/2025 20:35:15,1.17.0,PRexp,10,3.97,nan,45,Left,Left,1528,231,152,22,nan,nan,0.34
5/9/2025 20:35:23,1.17.0,PRexp,10,3.96,nan,45,Left,Left,1529,231,152,22,nan,nan,0.03
5/9/2025 20:36:00,1.17.0,PRexp,10,3.96,nan,45,Left,Left,1530,231,152,22,nan,nan,0.22
5/9/2025 20:36:03,1.17.0,PRexp,10,3.96,nan,45,Left,Left,1531,231,152,22,nan,nan,0.23
5/9/2025 20:36:09,1.17.0,PRexp,10,3.97,nan,45,Left,Left,1532,231,152,22,nan,nan,0.17
5/9/2025 20:36:10,1.17.0,PRexp,10,3.96,nan,45,Left,Left,1533,231,152,22,nan,nan,0.25
5/9/2025 20:36:12,1.17.0,PRexp,10,3.97,nan,45,Left,Left,1534,231,152,22,nan,nan,0.11
5/9/2025 20:38:19,1.17.0,PRexp,10,3.97,nan,45,Left,Left,1535,231,152,22,nan,nan,0.12
5/9/2025 20:38:23,1.17.0,PRexp,10,3.97,nan,45,Left,Left,1536,231,152,22,nan,nan,0.21
5/9/2025 20:38:29,1.17.0,PRexp,10,3.96,nan,45,Left,Left,1537,231,152,22,nan,nan,0.00
5/9/2025 20:38:30,1.17.0,PRexp,10,3.96,nan,45,Left,Left,1538,231,152,22,nan,nan,0.08
5/9/2025 20:38:32,1.17.0,PRexp,10,3.97,nan,45,Left,Left,1539,231,152,22,nan,nan,0.31
5/9/2025 20:38:34,1.17.0,PRexp,10,3.97,nan,45,Left,Left,1540,231,152,22,nan,nan,0.15
5/9/2025 20:40:36,1.17.0,PRexp,10,3.97,nan,45,Left,Left,1541,231,152,22,nan,nan,0.07
5/9/2025 20:40:43,1.17.0,PRexp,10,3.96,nan,45,Left,Left,1542,231,152,22,nan,nan,0.05
5/9/2025 20:40:45,1.17.0,PRexp,10,3.96,nan,45,Left,Left,1543,231,152,22,nan,nan,0.13
5/9/2025 20:40:47,1.17.0,PRexp,10,3.97,nan,45,Left,Left,1544,231,152,22,nan,nan,0.08
5/9/2025 20:41:02,1.17.0,PRexp,10,3.97,nan,45,Left,Left,1545,231,152,22,nan,nan,0.23
5/9/2025 20:41:05,1.17.0,PRexp,10,3.96,nan,45,Left,Left,1546,231,152,22,nan,nan,0.26
5/9/2025 20:41:07,1.17.0,PRexp,10,3.97,nan,45,Left,Left,1547,231,152,22,nan,nan,0.25
5/9/2025 20:41:09,1.17.0,PRexp,10,3.96,nan,45,Left,Left,1548,231,152,22,nan,nan,0.33
5/9/2025 20:41:12,1.17.0,PRexp,10,3.96,nan,45,Left,Left,1549,231,152,22,nan,nan,0.31
5/9/2025 20:42:39,1.17.0,PRexp,10,3.97,nan,45,Left,Left,1550,231,152,22,nan,nan,0.13
5/9/2025 20:42:41,1.17.0,PRexp,10,3.96,nan,45,Left,Left,1551,231,152,22,nan,nan,0.11
5/9/2025 20:42:45,1.17.0,PRexp,10,3.96,nan,45,Left,Left,1552,231,152,22,nan,nan,0.15
5/9/2025 20:42:52,1.17.0,PRexp,10,3.96,nan,45,Left,Left,1553,231,152,22,nan,nan,0.08
5/9/2025 20:42:55,1.17.0,PRexp,10,3.97,nan,45,Left,Left,1554,231,152,22,nan,nan,0.14
5/9/2025 20:42:59,1.17.0,PRexp,10,3.97,nan,45,Left,Left,1555,231,152,22,nan,nan,0.19
5/9/2025 20:43:01,1.17.0,PRexp,10,3.97,nan,45,Left,Left,1556,231,152,22,nan,nan,0.41
5/9/2025 20:43:05,1.17.0,PRexp,10,3.96,nan,45,Left,Left,1557,231,152,22,nan,nan,0.48
5/9/2025 20:43:09,1.17.0,PRexp,10,3.96,nan,45,Left,Left,1558,231,152,22,nan,nan,0.53
5/9/2025 20:43:12,1.17.0,PRexp,10,3.96,nan,45,Right,Left,1558,232,152,22,nan,nan,0.42
5/9/2025 20:43:13,1.17.0,PRexp,10,3.97,nan,45,Left,Left,1559,232,152,22,nan,nan,0.18
5/9/2025 20:43:15,1.17.0,PRexp,10,3.97,nan,45,Left,Left,1560,232,152,22,nan,nan,0.19
5/9/2025 20:43:18,1.17.0,PRexp,10,3.97,nan,45,Left,Left,1561,232,152,22,nan,nan,0.25
5/9/2025 20:43:21,1.17.0,PRexp,10,3.97,nan,45,Left,Left,1562,232,152,22,nan,nan,0.44
5/9/2025 20:43:44,1.17.0,PRexp,10,3.97,4,45,Pellet,Left,1562,232,153,23,14.91,751,nan
5/9/2025 20:45:35,1.17.0,PRexp,10,3.96,nan,50,Left,Left,1563,232,153,23,nan,nan,0.22
5/9/2025 20:45:37,1.17.0,PRexp,10,3.97,nan,50,Left,Left,1564,232,153,23,nan,nan,0.10
5/9/2025 20:46:29,1.17.0,PRexp,10,3.97,nan,50,Left,Left,1565,232,153,23,nan,nan,0.11
5/9/2025 20:46:31,1.17.0,PRexp,10,3.96,nan,50,Left,Left,1566,232,153,23,nan,nan,0.14
5/9/2025 20:46:34,1.17.0,PRexp,10,3.96,nan,50,Left,Left,1567,232,153,23,nan,nan,0.08
5/9/2025 20:46:44,1.17.0,PRexp,10,3.97,nan,50,Left,Left,1568,232,153,23,nan,nan,0.08
5/9/2025 20:46:49,1.17.0,PRexp,10,3.97,nan,50,Left,Left,1569,232,153,23,nan,nan,0.03
5/9/2025 20:46:51,1.17.0,PRexp,10,3.96,nan,50,Left,Left,1570,232,153,23,nan,nan,0.39
5/9/2025 20:46:54,1.17.0,PRexp,10,3.97,nan,50,Left,Left,1571,232,153,23,nan,nan,0.12
5/9/2025 20:47:36,1.17.0,PRexp,10,3.96,nan,50,Left,Left,1572,232,153,23,nan,nan,0.07
5/9/2025 20:47:38,1.17.0,PRexp,10,3.96,nan,50,Left,Left,1573,232,153,23,nan,nan,0.08
5/9/2025 20:47:40,1.17.0,PRexp,10,3.97,nan,50,Left,Left,1574,232,153,23,nan,nan,0.21
5/9/2025 20:47:44,1.17.0,PRexp,10,3.96,nan,50,Left,Left,1575,232,153,23,nan,nan,0.35
5/9/2025 20:47:49,1.17.0,PRexp,10,3.96,nan,50,Left,Left,1576,232,153,23,nan,nan,0.07
5/9/2025 20:47:53,1.17.0,PRexp,10,3.96,nan,50,Left,Left,1577,232,153,23,nan,nan,0.31
5/9/2025 20:47:56,1.17.0,PRexp,10,3.96,nan,50,Left,Left,1578,232,153,23,nan,nan,0.10
5/9/2025 20:48:53,1.17.0,PRexp,10,3.97,nan,50,Left,Left,1579,232,153,23,nan,nan,0.07
5/9/2025 20:53:33,1.17.0,PRexp,10,3.97,nan,50,Left,Left,1580,232,153,23,nan,nan,0.13
5/9/2025 20:53:37,1.17.0,PRexp,10,3.97,nan,50,Left,Left,1581,232,153,23,nan,nan,0.14
5/9/2025 20:53:41,1.17.0,PRexp,10,3.97,nan,50,Left,Left,1582,232,153,23,nan,nan,0.25
5/9/2025 20:53:45,1.17.0,PRexp,10,3.97,nan,50,Left,Left,1583,232,153,23,nan,nan,0.19
5/9/2025 20:53:48,1.17.0,PRexp,10,3.96,nan,50,Left,Left,1584,232,153,23,nan,nan,0.50
5/9/2025 20:53:53,1.17.0,PRexp,10,3.96,nan,50,Left,Left,1585,232,153,23,nan,nan,0.35
5/9/2025 20:53:55,1.17.0,PRexp,10,3.96,nan,50,Left,Left,1586,232,153,23,nan,nan,0.29
5/9/2025 20:53:58,1.17.0,PRexp,10,3.96,nan,50,Left,Left,1587,232,153,23,nan,nan,0.45
5/9/2025 20:54:00,1.17.0,PRexp,10,3.97,nan,50,Left,Left,1588,232,153,23,nan,nan,0.34
5/9/2025 20:54:03,1.17.0,PRexp,10,3.97,nan,50,Left,Left,1589,232,153,23,nan,nan,0.28
5/9/2025 20:54:08,1.17.0,PRexp,10,3.96,nan,50,Left,Left,1590,232,153,23,nan,nan,0.49
5/9/2025 20:54:12,1.17.0,PRexp,10,3.97,nan,50,Left,Left,1591,232,153,23,nan,nan,0.10
5/9/2025 20:54:14,1.17.0,PRexp,10,3.97,nan,50,Left,Left,1592,232,153,23,nan,nan,0.24
5/9/2025 20:54:16,1.17.0,PRexp,10,3.97,nan,50,Left,Left,1593,232,153,23,nan,nan,0.38
5/9/2025 20:54:20,1.17.0,PRexp,10,3.96,nan,50,Left,Left,1594,232,153,23,nan,nan,0.37
5/9/2025 20:54:23,1.17.0,PRexp,10,3.96,nan,50,Left,Left,1595,232,153,23,nan,nan,0.15
5/9/2025 20:54:26,1.17.0,PRexp,10,3.97,nan,50,Left,Left,1596,232,153,23,nan,nan,0.32
5/9/2025 20:54:30,1.17.0,PRexp,10,3.96,nan,50,Right,Left,1596,233,153,23,nan,nan,0.38
5/9/2025 20:54:32,1.17.0,PRexp,10,3.96,nan,50,Left,Left,1597,233,153,23,nan,nan,0.00
5/9/2025 20:54:34,1.17.0,PRexp,10,3.97,nan,50,Left,Left,1598,233,153,23,nan,nan,0.44
5/9/2025 20:54:39,1.17.0,PRexp,10,3.96,nan,50,Right,Left,1598,234,153,23,nan,nan,0.48
5/9/2025 20:54:41,1.17.0,PRexp,10,3.96,nan,50,Left,Left,1599,234,153,23,nan,nan,0.13
5/9/2025 20:54:42,1.17.0,PRexp,10,3.97,nan,50,Right,Left,1599,235,153,23,nan,nan,0.00
5/9/2025 20:54:44,1.17.0,PRexp,10,3.96,nan,50,Left,Left,1600,235,153,23,nan,nan,0.46
5/9/2025 20:54:46,1.17.0,PRexp,10,3.97,nan,50,Left,Left,1601,235,153,23,nan,nan,0.85
5/9/2025 20:54:47,1.17.0,PRexp,10,3.97,nan,50,Left,Left,1602,235,153,23,nan,nan,0.00
5/9/2025 20:54:49,1.17.0,PRexp,10,3.96,nan,50,Left,Left,1603,235,153,23,nan,nan,0.00
5/9/2025 20:54:51,1.17.0,PRexp,10,3.96,nan,50,Left,Left,1604,235,153,23,nan,nan,0.57
5/9/2025 20:54:52,1.17.0,PRexp,10,3.97,nan,50,Left,Left,1605,235,153,23,nan,nan,0.00
5/9/2025 20:54:57,1.17.0,PRexp,10,3.97,nan,50,Left,Left,1606,235,153,23,nan,nan,0.78
5/9/2025 20:54:58,1.17.0,PRexp,10,3.97,nan,50,Left,Left,1607,235,153,23,nan,nan,0.31
5/9/2025 20:55:13,1.17.0,PRexp,10,3.96,nan,50,Left,Left,1608,235,153,23,nan,nan,0.09
5/9/2025 20:55:20,1.17.0,PRexp,10,3.97,nan,50,Left,Left,1609,235,153,23,nan,nan,0.13
5/9/2025 21:00:33,1.17.0,PRexp,10,3.96,nan,50,Left,Left,1610,235,153,23,nan,nan,0.12
5/9/2025 21:00:34,1.17.0,PRexp,10,3.97,nan,50,Left,Left,1611,235,153,23,nan,nan,0.21
5/9/2025 21:00:38,1.17.0,PRexp,10,3.97,nan,50,Left,Left,1612,235,153,23,nan,nan,0.21
5/9/2025 21:01:11,1.17.0,PRexp,10,3.97,3,50,Pellet,Left,1612,235,154,24,26.39,1047,nan
5/9/2025 21:02:07,1.17.0,PRexp,10,3.96,nan,56,Left,Left,1613,235,154,24,nan,nan,0.18
5/9/2025 21:02:43,1.17.0,PRexp,10,3.96,nan,56,Left,Left,1614,235,154,24,nan,nan,0.14
5/9/2025 21:02:45,1.17.0,PRexp,10,3.97,nan,56,Left,Left,1615,235,154,24,nan,nan,0.35
5/9/2025 21:03:02,1.17.0,PRexp,10,3.97,nan,56,Left,Left,1616,235,154,24,nan,nan,0.13
5/9/2025 21:03:05,1.17.0,PRexp,10,3.97,nan,56,Left,Left,1617,235,154,24,nan,nan,0.35
5/9/2025 21:03:39,1.17.0,PRexp,10,3.97,nan,56,Left,Left,1618,235,154,24,nan,nan,0.19
5/9/2025 21:04:00,1.17.0,PRexp,10,3.96,nan,56,Right,Left,1618,236,154,24,nan,nan,0.46
5/9/2025 21:04:02,1.17.0,PRexp,10,3.96,nan,56,Left,Left,1619,236,154,24,nan,nan,0.00
5/9/2025 21:04:04,1.17.0,PRexp,10,3.97,nan,56,Left,Left,1620,236,154,24,nan,nan,0.14
5/9/2025 21:04:06,1.17.0,PRexp,10,3.96,nan,56,Left,Left,1621,236,154,24,nan,nan,0.15
5/9/2025 21:04:15,1.17.0,PRexp,10,3.97,nan,56,Left,Left,1622,236,154,24,nan,nan,0.19
5/9/2025 21:04:17,1.17.0,PRexp,10,3.97,nan,56,Left,Left,1623,236,154,24,nan,nan,0.25
5/9/2025 21:04:19,1.17.0,PRexp,10,3.96,nan,56,Left,Left,1624,236,154,24,nan,nan,0.29
5/9/2025 21:04:22,1.17.0,PRexp,10,3.96,nan,56,Left,Left,1625,236,154,24,nan,nan,0.09
5/9/2025 21:04:26,1.17.0,PRexp,10,3.96,nan,56,Right,Left,1625,237,154,24,nan,nan,0.18
5/9/2025 21:04:28,1.17.0,PRexp,10,3.97,nan,56,Left,Left,1626,237,154,24,nan,nan,0.31
5/9/2025 21:04:31,1.17.0,PRexp,10,3.96,nan,56,Left,Left,1627,237,154,24,nan,nan,0.12
5/9/2025 21:04:35,1.17.0,PRexp,10,3.96,nan,56,Left,Left,1628,237,154,24,nan,nan,0.19
5/9/2025 21:05:24,1.17.0,PRexp,10,3.96,nan,56,Left,Left,1629,237,154,24,nan,nan,0.13
5/9/2025 21:05:26,1.17.0,PRexp,10,3.96,nan,56,Right,Left,1629,238,154,24,nan,nan,0.04
5/9/2025 21:05:57,1.17.0,PRexp,10,3.97,nan,56,Left,Left,1630,238,154,24,nan,nan,0.14
5/9/2025 21:06:43,1.17.0,PRexp,10,3.97,nan,56,Left,Left,1631,238,154,24,nan,nan,0.06
5/9/2025 21:07:14,1.17.0,PRexp,10,3.97,nan,56,Left,Left,1632,238,154,24,nan,nan,0.00
5/9/2025 21:07:28,1.17.0,PRexp,10,3.96,nan,56,Left,Left,1633,238,154,24,nan,nan,0.11
5/9/2025 21:07:30,1.17.0,PRexp,10,3.96,nan,56,Left,Left,1634,238,154,24,nan,nan,0.12
5/9/2025 21:07:33,1.17.0,PRexp,10,3.96,nan,56,Left,Left,1635,238,154,24,nan,nan,0.29
5/9/2025 21:07:39,1.17.0,PRexp,10,3.96,nan,56,Left,Left,1636,238,154,24,nan,nan,0.66
5/9/2025 21:07:41,1.17.0,PRexp,10,3.97,nan,56,Left,Left,1637,238,154,24,nan,nan,0.44
5/9/2025 21:07:48,1.17.0,PRexp,10,3.97,nan,56,Left,Left,1638,238,154,24,nan,nan,0.14
5/9/2025 21:07:50,1.17.0,PRexp,10,3.96,nan,56,Left,Left,1639,238,154,24,nan,nan,0.36
5/9/2025 21:07:53,1.17.0,PRexp,10,3.96,nan,56,Left,Left,1640,238,154,24,nan,nan,0.07
5/9/2025 21:07:56,1.17.0,PRexp,10,3.97,nan,56,Left,Left,1641,238,154,24,nan,nan,0.45
5/9/2025 21:08:03,1.17.0,PRexp,10,3.96,nan,56,Left,Left,1642,238,154,24,nan,nan,0.21
5/9/2025 21:08:06,1.17.0,PRexp,10,3.97,nan,56,Left,Left,1643,238,154,24,nan,nan,0.44
5/9/2025 21:08:11,1.17.0,PRexp,10,3.97,nan,56,Left,Left,1644,238,154,24,nan,nan,0.60
5/9/2025 21:08:18,1.17.0,PRexp,10,3.97,nan,56,Left,Left,1645,238,154,24,nan,nan,0.00
5/9/2025 21:09:17,1.17.0,PRexp,10,3.96,nan,56,Left,Left,1646,238,154,24,nan,nan,0.20
5/9/2025 21:09:38,1.17.0,PRexp,10,3.96,nan,56,Left,Left,1647,238,154,24,nan,nan,0.37
5/9/2025 21:09:49,1.17.0,PRexp,10,3.96,nan,56,Left,Left,1648,238,154,24,nan,nan,0.24
5/9/2025 21:09:52,1.17.0,PRexp,10,3.97,nan,56,Left,Left,1649,238,154,24,nan,nan,0.52
5/9/2025 21:09:55,1.17.0,PRexp,10,3.97,nan,56,Left,Left,1650,238,154,24,nan,nan,0.72
5/9/2025 21:09:59,1.17.0,PRexp,10,3.97,nan,56,Left,Left,1651,238,154,24,nan,nan,0.24
5/9/2025 21:10:03,1.17.0,PRexp,10,3.97,nan,56,Right,Left,1651,239,154,24,nan,nan,0.50
5/9/2025 21:10:06,1.17.0,PRexp,10,3.96,nan,56,Right,Left,1651,240,154,24,nan,nan,0.21
5/9/2025 21:10:10,1.17.0,PRexp,10,3.97,nan,56,Left,Left,1652,240,154,24,nan,nan,0.33
5/9/2025 21:10:13,1.17.0,PRexp,10,3.96,nan,56,Left,Left,1653,240,154,24,nan,nan,0.35
5/9/2025 21:10:16,1.17.0,PRexp,10,3.97,nan,56,Left,Left,1654,240,154,24,nan,nan,0.48
5/9/2025 21:10:20,1.17.0,PRexp,10,3.97,nan,56,Left,Left,1655,240,154,24,nan,nan,0.10
5/9/2025 21:10:27,1.17.0,PRexp,10,3.96,nan,56,Left,Left,1656,240,154,24,nan,nan,0.53
5/9/2025 21:10:31,1.17.0,PRexp,10,3.97,nan,56,Left,Left,1657,240,154,24,nan,nan,0.25
5/9/2025 21:10:50,1.17.0,PRexp,10,3.96,nan,56,Left,Left,1658,240,154,24,nan,nan,0.12
5/9/2025 21:10:54,1.17.0,PRexp,10,3.97,nan,56,Left,Left,1659,240,154,24,nan,nan,0.10
5/9/2025 21:10:58,1.17.0,PRexp,10,3.96,nan,56,Left,Left,1660,240,154,24,nan,nan,0.19
5/9/2025 21:11:02,1.17.0,PRexp,10,3.97,nan,56,Left,Left,1661,240,154,24,nan,nan,0.15
5/9/2025 21:11:08,1.17.0,PRexp,10,3.97,nan,56,Left,Left,1662,240,154,24,nan,nan,0.41
5/9/2025 21:11:11,1.17.0,PRexp,10,3.96,nan,56,Right,Left,1662,241,154,24,nan,nan,0.13
5/9/2025 21:11:16,1.17.0,PRexp,10,3.96,nan,56,Left,Left,1663,241,154,24,nan,nan,0.17
5/9/2025 21:11:19,1.17.0,PRexp,10,3.97,nan,56,Left,Left,1664,241,154,24,nan,nan,0.43
5/9/2025 21:11:23,1.17.0,PRexp,10,3.97,nan,56,Right,Left,1664,242,154,24,nan,nan,0.60
5/9/2025 21:11:25,1.17.0,PRexp,10,3.96,nan,56,Left,Left,1665,242,154,24,nan,nan,0.00
5/9/2025 21:11:27,1.17.0,PRexp,10,3.96,nan,56,Left,Left,1666,242,154,24,nan,nan,0.23
5/9/2025 21:11:34,1.17.0,PRexp,10,3.97,nan,56,Left,Left,1667,242,154,24,nan,nan,0.22
5/9/2025 21:11:36,1.17.0,PRexp,10,3.96,nan,56,Left,Left,1668,242,154,24,nan,nan,0.26
5/9/2025 21:11:38,1.17.0,PRexp,10,3.96,2,56,Pellet,Left,1668,242,155,25,0.30,627,nan
5/9/2025 21:12:45,1.17.0,PRexp,10,3.96,nan,62,Left,Left,1669,242,155,25,nan,nan,0.00
5/9/2025 21:13:15,1.17.0,PRexp,10,3.96,nan,62,Left,Left,1670,242,155,25,nan,nan,0.20
5/9/2025 21:13:29,1.17.0,PRexp,10,3.96,nan,62,Left,Left,1671,242,155,25,nan,nan,0.14
5/9/2025 21:13:32,1.17.0,PRexp,10,3.96,nan,62,Left,Left,1672,242,155,25,nan,nan,0.16
5/9/2025 21:14:28,1.17.0,PRexp,10,3.96,nan,62,Left,Left,1673,242,155,25,nan,nan,0.12
5/9/2025 21:14:31,1.17.0,PRexp,10,3.96,nan,62,Right,Left,1673,243,155,25,nan,nan,0.12
5/9/2025 21:16:03,1.17.0,PRexp,10,3.96,nan,62,Left,Left,1674,243,155,25,nan,nan,0.21
5/9/2025 21:16:12,1.17.0,PRexp,10,3.97,nan,62,Left,Left,1675,243,155,25,nan,nan,0.19
5/9/2025 21:16:17,1.17.0,PRexp,10,3.96,nan,62,Right,Left,1675,244,155,25,nan,nan,0.35
5/9/2025 21:16:20,1.17.0,PRexp,10,3.97,nan,62,Left,Left,1676,244,155,25,nan,nan,0.20
5/9/2025 21:16:24,1.17.0,PRexp,10,3.97,nan,62,Left,Left,1677,244,155,25,nan,nan,0.10
5/9/2025 21:16:25,1.17.0,PRexp,10,3.96,nan,62,Left,Left,1678,244,155,25,nan,nan,0.12
5/9/2025 21:16:28,1.17.0,PRexp,10,3.97,nan,62,Left,Left,1679,244,155,25,nan,nan,0.36
5/9/2025 21:16:33,1.17.0,PRexp,10,3.97,nan,62,Left,Left,1680,244,155,25,nan,nan,0.13
5/9/2025 21:16:38,1.17.0,PRexp,10,3.96,nan,62,Left,Left,1681,244,155,25,nan,nan,0.06
5/9/2025 21:16:41,1.17.0,PRexp,10,3.96,nan,62,Left,Left,1682,244,155,25,nan,nan,0.48
5/9/2025 21:16:45,1.17.0,PRexp,10,3.96,nan,62,Left,Left,1683,244,155,25,nan,nan,0.66
5/9/2025 21:16:49,1.17.0,PRexp,10,3.97,nan,62,Left,Left,1684,244,155,25,nan,nan,0.20
5/9/2025 21:16:50,1.17.0,PRexp,10,3.96,nan,62,Left,Left,1685,244,155,25,nan,nan,0.00
5/9/2025 21:16:53,1.17.0,PRexp,10,3.97,nan,62,Left,Left,1686,244,155,25,nan,nan,0.18
5/9/2025 21:16:56,1.17.0,PRexp,10,3.97,nan,62,Right,Left,1686,245,155,25,nan,nan,0.25
5/9/2025 21:16:58,1.17.0,PRexp,10,3.97,nan,62,Left,Left,1687,245,155,25,nan,nan,0.41
5/9/2025 21:17:01,1.17.0,PRexp,10,3.97,nan,62,Left,Left,1688,245,155,25,nan,nan,0.39
5/9/2025 21:17:02,1.17.0,PRexp,10,3.96,nan,62,Left,Left,1689,245,155,25,nan,nan,0.10
5/9/2025 21:17:07,1.17.0,PRexp,10,3.96,nan,62,Left,Left,1690,245,155,25,nan,nan,0.40
5/9/2025 21:17:11,1.17.0,PRexp,10,3.97,nan,62,Left,Left,1691,245,155,25,nan,nan,0.25
5/9/2025 21:17:15,1.17.0,PRexp,10,3.96,nan,62,Left,Left,1692,245,155,25,nan,nan,0.20
5/9/2025 21:17:19,1.17.0,PRexp,10,3.97,nan,62,Left,Left,1693,245,155,25,nan,nan,0.17
5/9/2025 21:17:22,1.17.0,PRexp,10,3.97,nan,62,Left,Left,1694,245,155,25,nan,nan,0.13
5/9/2025 21:17:25,1.17.0,PRexp,10,3.97,nan,62,Left,Left,1695,245,155,25,nan,nan,0.21
5/9/2025 21:17:31,1.17.0,PRexp,10,3.97,nan,62,Left,Left,1696,245,155,25,nan,nan,0.50
5/9/2025 21:17:32,1.17.0,PRexp,10,3.96,nan,62,Left,Left,1697,245,155,25,nan,nan,0.00
5/9/2025 21:17:36,1.17.0,PRexp,10,3.96,nan,62,Left,Left,1698,245,155,25,nan,nan,0.53
5/9/2025 21:17:43,1.17.0,PRexp,10,3.96,nan,62,Left,Left,1699,245,155,25,nan,nan,0.22
5/9/2025 21:17:46,1.17.0,PRexp,10,3.96,nan,62,Left,Left,1700,245,155,25,nan,nan,0.18
5/9/2025 21:17:50,1.17.0,PRexp,10,3.97,nan,62,Left,Left,1701,245,155,25,nan,nan,0.23
5/9/2025 21:17:52,1.17.0,PRexp,10,3.96,nan,62,Left,Left,1702,245,155,25,nan,nan,0.23
5/9/2025 21:17:55,1.17.0,PRexp,10,3.96,nan,62,Left,Left,1703,245,155,25,nan,nan,0.25
5/9/2025 21:18:00,1.17.0,PRexp,10,3.96,nan,62,Left,Left,1704,245,155,25,nan,nan,0.20
5/9/2025 21:18:02,1.17.0,PRexp,10,3.96,nan,62,Left,Left,1705,245,155,25,nan,nan,0.32
5/9/2025 21:18:12,1.17.0,PRexp,10,3.97,nan,62,Left,Left,1706,245,155,25,nan,nan,0.16
5/9/2025 21:18:16,1.17.0,PRexp,10,3.96,nan,62,Left,Left,1707,245,155,25,nan,nan,0.23
5/9/2025 21:18:18,1.17.0,PRexp,10,3.97,nan,62,Left,Left,1708,245,155,25,nan,nan,0.27
5/9/2025 21:18:26,1.17.0,PRexp,10,3.96,nan,62,Right,Left,1708,246,155,25,nan,nan,0.53
5/9/2025 21:18:28,1.17.0,PRexp,10,3.96,nan,62,Left,Left,1709,246,155,25,nan,nan,0.18
5/9/2025 21:18:31,1.17.0,PRexp,10,3.96,nan,62,Right,Left,1709,247,155,25,nan,nan,0.55
5/9/2025 21:18:32,1.17.0,PRexp,10,3.96,nan,62,Right,Left,1709,248,155,25,nan,nan,0.00
5/9/2025 21:18:34,1.17.0,PRexp,10,3.97,nan,62,Right,Left,1709,249,155,25,nan,nan,0.24
5/9/2025 21:18:36,1.17.0,PRexp,10,3.97,nan,62,Left,Left,1710,249,155,25,nan,nan,0.27
5/9/2025 21:18:37,1.17.0,PRexp,10,3.96,nan,62,Right,Left,1710,250,155,25,nan,nan,0.00
5/9/2025 21:18:39,1.17.0,PRexp,10,3.97,nan,62,Left,Left,1711,250,155,25,nan,nan,0.35
5/9/2025 21:18:44,1.17.0,PRexp,10,3.96,nan,62,Right,Left,1711,251,155,25,nan,nan,0.39
5/9/2025 21:18:47,1.17.0,PRexp,10,3.96,nan,62,Left,Left,1712,251,155,25,nan,nan,0.24
5/9/2025 21:18:57,1.17.0,PRexp,10,3.96,nan,62,Left,Left,1713,251,155,25,nan,nan,0.51
5/9/2025 21:19:08,1.17.0,PRexp,10,3.96,nan,62,Left,Left,1714,251,155,25,nan,nan,0.27
5/9/2025 21:19:12,1.17.0,PRexp,10,3.96,nan,62,Left,Left,1715,251,155,25,nan,nan,0.37
5/9/2025 21:19:26,1.17.0,PRexp,10,3.97,nan,62,Left,Left,1716,251,155,25,nan,nan,0.09
5/9/2025 21:19:27,1.17.0,PRexp,10,3.96,nan,62,Left,Left,1717,251,155,25,nan,nan,0.00
5/9/2025 21:19:31,1.17.0,PRexp,10,3.97,nan,62,Left,Left,1718,251,155,25,nan,nan,0.23
5/9/2025 21:19:34,1.17.0,PRexp,10,3.97,nan,62,Right,Left,1718,252,155,25,nan,nan,0.01
5/9/2025 21:19:35,1.17.0,PRexp,10,3.96,nan,62,Right,Left,1718,253,155,25,nan,nan,0.00
5/9/2025 21:19:40,1.17.0,PRexp,10,3.96,nan,62,Left,Left,1719,253,155,25,nan,nan,0.21
5/9/2025 21:19:43,1.17.0,PRexp,10,3.96,nan,62,Left,Left,1720,253,155,25,nan,nan,0.22
5/9/2025 21:21:31,1.17.0,PRexp,10,3.97,nan,62,Left,Left,1721,253,155,25,nan,nan,0.08
5/9/2025 21:24:10,1.17.0,PRexp,10,3.96,nan,62,Left,Left,1722,253,155,25,nan,nan,0.09
5/9/2025 21:24:12,1.17.0,PRexp,10,3.96,nan,62,Left,Left,1723,253,155,25,nan,nan,0.12
5/9/2025 21:24:18,1.17.0,PRexp,10,3.96,nan,62,Left,Left,1724,253,155,25,nan,nan,0.30
5/9/2025 21:24:22,1.17.0,PRexp,10,3.96,nan,62,Left,Left,1725,253,155,25,nan,nan,0.24
5/9/2025 21:24:28,1.17.0,PRexp,10,3.97,nan,62,Left,Left,1726,253,155,25,nan,nan,0.15
5/9/2025 21:24:29,1.17.0,PRexp,10,3.97,nan,62,Left,Left,1727,253,155,25,nan,nan,0.21
5/9/2025 21:24:36,1.17.0,PRexp,10,3.97,nan,62,Left,Left,1728,253,155,25,nan,nan,0.05
5/9/2025 21:25:22,1.17.0,PRexp,10,3.96,nan,62,Left,Left,1729,253,155,25,nan,nan,0.07
5/9/2025 21:25:35,1.17.0,PRexp,10,3.96,nan,62,Left,Left,1730,253,155,25,nan,nan,0.05
5/9/2025 21:25:38,1.17.0,PRexp,10,3.96,2,62,Pellet,Left,1730,253,156,26,0.24,840,nan
5/9/2025 21:28:05,1.17.0,PRexp,10,3.97,nan,69,Left,Left,1731,253,156,26,nan,nan,0.09
5/9/2025 21:31:51,1.17.0,PRexp,10,3.97,nan,69,Left,Left,1732,253,156,26,nan,nan,0.13
5/9/2025 21:32:57,1.17.0,PRexp,10,3.96,nan,69,Left,Left,1733,253,156,26,nan,nan,0.07
5/9/2025 21:33:18,1.17.0,PRexp,10,3.97,nan,69,Left,Left,1734,253,156,26,nan,nan,0.16
5/9/2025 21:33:22,1.17.0,PRexp,10,3.96,nan,69,Left,Left,1735,253,156,26,nan,nan,0.15
5/9/2025 21:34:06,1.17.0,PRexp,10,3.96,nan,69,Left,Left,1736,253,156,26,nan,nan,0.05
5/9/2025 21:34:08,1.17.0,PRexp,10,3.96,nan,69,Left,Left,1737,253,156,26,nan,nan,0.24
5/9/2025 21:34:11,1.17.0,PRexp,10,3.96,nan,69,Left,Left,1738,253,156,26,nan,nan,0.04
5/9/2025 21:34:49,1.17.0,PRexp,10,3.96,nan,69,Left,Left,1739,253,156,26,nan,nan,0.08
5/9/2025 21:34:54,1.17.0,PRexp,10,3.97,nan,69,Left,Left,1740,253,156,26,nan,nan,0.09
5/9/2025 21:35:33,1.17.0,PRexp,10,3.97,nan,69,Left,Left,1741,253,156,26,nan,nan,0.06
5/9/2025 21:35:34,1.17.0,PRexp,10,3.96,nan,69,Left,Left,1742,253,156,26,nan,nan,0.10
5/9/2025 21:35:37,1.17.0,PRexp,10,3.97,nan,69,Left,Left,1743,253,156,26,nan,nan,0.03
5/9/2025 21:35:39,1.17.0,PRexp,10,3.96,nan,69,Left,Left,1744,253,156,26,nan,nan,0.18
5/9/2025 21:37:58,1.17.0,PRexp,10,3.96,nan,69,Left,Left,1745,253,156,26,nan,nan,0.03
5/9/2025 21:38:01,1.17.0,PRexp,10,3.96,nan,69,Left,Left,1746,253,156,26,nan,nan,0.26
5/9/2025 21:38:03,1.17.0,PRexp,10,3.96,nan,69,Left,Left,1747,253,156,26,nan,nan,0.17
5/9/2025 21:38:07,1.17.0,PRexp,10,3.97,nan,69,Left,Left,1748,253,156,26,nan,nan,0.15
5/9/2025 21:38:16,1.17.0,PRexp,10,3.96,nan,69,Left,Left,1749,253,156,26,nan,nan,0.12
5/9/2025 21:38:23,1.17.0,PRexp,10,3.96,nan,69,Left,Left,1750,253,156,26,nan,nan,0.19
5/9/2025 21:38:30,1.17.0,PRexp,10,3.96,nan,69,Left,Left,1751,253,156,26,nan,nan,0.43
5/9/2025 21:38:35,1.17.0,PRexp,10,3.96,nan,69,Left,Left,1752,253,156,26,nan,nan,0.42
5/9/2025 21:38:37,1.17.0,PRexp,10,3.96,nan,69,Left,Left,1753,253,156,26,nan,nan,0.40
5/9/2025 21:41:42,1.17.0,PRexp,10,3.96,nan,69,Left,Left,1754,253,156,26,nan,nan,0.55
5/9/2025 21:41:43,1.17.0,PRexp,10,3.96,nan,69,Left,Left,1755,253,156,26,nan,nan,0.07
5/9/2025 21:42:43,1.17.0,PRexp,10,3.96,nan,69,Left,Left,1756,253,156,26,nan,nan,0.05
5/9/2025 21:42:44,1.17.0,PRexp,10,3.96,nan,69,Left,Left,1757,253,156,26,nan,nan,0.09
5/9/2025 21:43:17,1.17.0,PRexp,10,3.97,nan,69,Right,Left,1757,254,156,26,nan,nan,0.18
5/9/2025 21:43:18,1.17.0,PRexp,10,3.96,nan,69,Right,Left,1757,255,156,26,nan,nan,0.32
5/9/2025 21:43:21,1.17.0,PRexp,10,3.96,nan,69,Left,Left,1758,255,156,26,nan,nan,0.15
5/9/2025 21:43:24,1.17.0,PRexp,10,3.96,nan,69,Left,Left,1759,255,156,26,nan,nan,0.20
5/9/2025 21:45:12,1.17.0,PRexp,10,3.97,nan,69,Right,Left,1759,256,156,26,nan,nan,0.24
5/9/2025 21:45:15,1.17.0,PRexp,10,3.96,nan,69,Left,Left,1760,256,156,26,nan,nan,0.29
5/9/2025 21:45:19,1.17.0,PRexp,10,3.96,nan,69,Left,Left,1761,256,156,26,nan,nan,0.22
5/9/2025 21:45:39,1.17.0,PRexp,10,3.97,nan,69,Left,Left,1762,256,156,26,nan,nan,0.07
5/9/2025 21:45:41,1.17.0,PRexp,10,3.97,nan,69,Left,Left,1763,256,156,26,nan,nan,0.38
5/9/2025 21:45:47,1.17.0,PRexp,10,3.96,nan,69,Right,Left,1763,257,156,26,nan,nan,0.07
5/9/2025 21:45:51,1.17.0,PRexp,10,3.96,nan,69,Left,Left,1764,257,156,26,nan,nan,0.19
5/9/2025 21:45:54,1.17.0,PRexp,10,3.96,nan,69,Right,Left,1764,258,156,26,nan,nan,0.12
5/9/2025 21:45:56,1.17.0,PRexp,10,3.96,nan,69,Left,Left,1765,258,156,26,nan,nan,0.27
5/9/2025 21:45:59,1.17.0,PRexp,10,3.96,nan,69,Right,Left,1765,259,156,26,nan,nan,0.18
5/9/2025 21:46:01,1.17.0,PRexp,10,3.96,nan,69,Left,Left,1766,259,156,26,nan,nan,0.17
5/9/2025 21:46:04,1.17.0,PRexp,10,3.96,nan,69,Left,Left,1767,259,156,26,nan,nan,0.41
5/9/2025 21:46:06,1.17.0,PRexp,10,3.96,nan,69,Left,Left,1768,259,156,26,nan,nan,0.19
5/9/2025 21:46:12,1.17.0,PRexp,10,3.96,nan,69,Right,Left,1768,260,156,26,nan,nan,0.35
5/9/2025 21:46:27,1.17.0,PRexp,10,3.96,nan,69,Left,Left,1769,260,156,26,nan,nan,0.02
5/9/2025 21:47:33,1.17.0,PRexp,10,3.97,nan,69,Left,Left,1770,260,156,26,nan,nan,0.10
5/9/2025 21:48:16,1.17.0,PRexp,10,3.96,nan,69,Left,Left,1771,260,156,26,nan,nan,0.17
5/9/2025 21:50:52,1.17.0,PRexp,10,3.96,nan,69,Left,Left,1772,260,156,26,nan,nan,0.16
5/9/2025 21:50:54,1.17.0,PRexp,10,3.96,nan,69,Left,Left,1773,260,156,26,nan,nan,0.13
5/9/2025 21:51:20,1.17.0,PRexp,10,3.96,nan,69,Right,Left,1773,261,156,26,nan,nan,0.11
5/9/2025 21:51:26,1.17.0,PRexp,10,3.96,nan,69,Left,Left,1774,261,156,26,nan,nan,0.00
5/9/2025 21:51:28,1.17.0,PRexp,10,3.96,nan,69,Left,Left,1775,261,156,26,nan,nan,0.07
5/9/2025 21:51:30,1.17.0,PRexp,10,3.96,nan,69,Left,Left,1776,261,156,26,nan,nan,0.10
5/9/2025 21:51:33,1.17.0,PRexp,10,3.96,nan,69,Left,Left,1777,261,156,26,nan,nan,0.03
5/9/2025 21:51:53,1.17.0,PRexp,10,3.96,nan,69,Left,Left,1778,261,156,26,nan,nan,0.06
5/9/2025 21:54:46,1.17.0,PRexp,10,3.96,nan,69,Right,Left,1778,262,156,26,nan,nan,0.12
5/9/2025 21:54:49,1.17.0,PRexp,10,3.96,nan,69,Left,Left,1779,262,156,26,nan,nan,0.08
5/9/2025 21:54:49,1.17.0,PRexp,10,3.96,nan,69,Right,Left,1779,263,156,26,nan,nan,0.00
5/9/2025 21:54:55,1.17.0,PRexp,10,3.96,nan,69,Left,Left,1780,263,156,26,nan,nan,0.12
5/9/2025 21:54:59,1.17.0,PRexp,10,3.96,nan,69,Left,Left,1781,263,156,26,nan,nan,0.15
5/9/2025 21:55:04,1.17.0,PRexp,10,3.96,nan,69,Left,Left,1782,263,156,26,nan,nan,0.10
5/9/2025 21:55:12,1.17.0,PRexp,10,3.96,nan,69,Left,Left,1783,263,156,26,nan,nan,0.09
5/9/2025 21:55:23,1.17.0,PRexp,10,3.96,nan,69,Left,Left,1784,263,156,26,nan,nan,0.54
5/9/2025 21:55:29,1.17.0,PRexp,10,3.96,nan,69,Right,Left,1784,264,156,26,nan,nan,0.24
5/9/2025 21:55:30,1.17.0,PRexp,10,3.96,nan,69,Left,Left,1785,264,156,26,nan,nan,0.00
5/9/2025 21:55:34,1.17.0,PRexp,10,3.96,nan,69,Left,Left,1786,264,156,26,nan,nan,0.38
5/9/2025 21:55:36,1.17.0,PRexp,10,3.97,nan,69,Left,Left,1787,264,156,26,nan,nan,0.41
5/9/2025 21:55:50,1.17.0,PRexp,10,3.96,nan,69,Left,Left,1788,264,156,26,nan,nan,0.00
5/9/2025 22:09:02,1.17.0,PRexp,10,3.96,nan,69,Left,Left,1789,264,156,26,nan,nan,0.06
5/9/2025 22:09:33,1.17.0,PRexp,10,3.96,nan,69,Left,Left,1790,264,156,26,nan,nan,0.15
5/9/2025 22:10:17,1.17.0,PRexp,10,3.96,nan,69,Left,Left,1791,264,156,26,nan,nan,0.12
5/9/2025 22:10:37,1.17.0,PRexp,10,3.96,nan,69,Left,Left,1792,264,156,26,nan,nan,0.21
5/9/2025 22:10:52,1.17.0,PRexp,10,3.96,nan,69,Right,Left,1792,265,156,26,nan,nan,0.06
5/9/2025 22:10:53,1.17.0,PRexp,10,3.96,nan,69,Left,Left,1793,265,156,26,nan,nan,0.06
5/9/2025 22:10:54,1.17.0,PRexp,10,3.96,nan,69,Right,Left,1793,266,156,26,nan,nan,0.00
5/9/2025 22:10:57,1.17.0,PRexp,10,3.96,nan,69,Left,Left,1794,266,156,26,nan,nan,0.28
5/9/2025 22:11:00,1.17.0,PRexp,10,3.96,nan,69,Left,Left,1795,266,156,26,nan,nan,0.25
5/9/2025 22:11:03,1.17.0,PRexp,10,3.96,nan,69,Right,Left,1795,267,156,26,nan,nan,0.12
5/9/2025 22:11:09,1.17.0,PRexp,10,3.96,nan,69,Left,Left,1796,267,156,26,nan,nan,0.12
5/9/2025 22:11:21,1.17.0,PRexp,10,3.96,nan,69,Right,Left,1796,268,156,26,nan,nan,0.03
5/9/2025 22:13:03,1.17.0,PRexp,10,3.96,nan,69,Left,Left,1797,268,156,26,nan,nan,0.13
5/9/2025 22:13:06,1.17.0,PRexp,10,3.97,nan,69,Left,Left,1798,268,156,26,nan,nan,0.24
5/9/2025 22:13:11,1.17.0,PRexp,10,3.96,nan,69,Left,Left,1799,268,156,26,nan,nan,0.03
5/9/2025 22:13:14,1.17.0,PRexp,10,3.97,2,69,Pellet,Left,1799,268,157,27,0.18,2856,nan
5/9/2025 22:13:33,1.17.0,PRexp,10,3.96,nan,77,Left,Left,1800,268,157,27,nan,nan,0.07
5/9/2025 22:15:07,1.17.0,PRexp,10,3.96,nan,77,Right,Left,1800,269,157,27,nan,nan,0.14
5/9/2025 22:16:03,1.17.0,PRexp,10,3.96,nan,77,Left,Left,1801,269,157,27,nan,nan,0.04
5/9/2025 22:17:20,1.17.0,PRexp,10,3.96,nan,77,Right,Left,1801,270,157,27,nan,nan,0.20
5/9/2025 22:17:22,1.17.0,PRexp,10,3.96,nan,77,Left,Left,1802,270,157,27,nan,nan,0.16
5/9/2025 22:17:27,1.17.0,PRexp,10,3.96,nan,77,Left,Left,1803,270,157,27,nan,nan,0.12
5/9/2025 22:17:28,1.17.0,PRexp,10,3.96,nan,77,Left,Left,1804,270,157,27,nan,nan,0.25
5/9/2025 22:17:31,1.17.0,PRexp,10,3.96,nan,77,Left,Left,1805,270,157,27,nan,nan,0.27
5/9/2025 22:17:37,1.17.0,PRexp,10,3.96,nan,77,Left,Left,1806,270,157,27,nan,nan,0.00
5/9/2025 22:17:40,1.17.0,PRexp,10,3.96,nan,77,Left,Left,1807,270,157,27,nan,nan,0.32
5/9/2025 22:17:45,1.17.0,PRexp,10,3.96,nan,77,Left,Left,1808,270,157,27,nan,nan,0.19
5/9/2025 22:17:46,1.17.0,PRexp,10,3.96,nan,77,Left,Left,1809,270,157,27,nan,nan,0.00
5/9/2025 22:17:50,1.17.0,PRexp,10,3.96,nan,77,Left,Left,1810,270,157,27,nan,nan,0.20
5/9/2025 22:17:51,1.17.0,PRexp,10,3.96,nan,77,Left,Left,1811,270,157,27,nan,nan,0.34
5/9/2025 22:17:54,1.17.0,PRexp,10,3.96,nan,77,Left,Left,1812,270,157,27,nan,nan,0.33
5/9/2025 22:18:00,1.17.0,PRexp,10,3.96,nan,77,Left,Left,1813,270,157,27,nan,nan,0.15
5/9/2025 22:18:01,1.17.0,PRexp,10,3.96,nan,77,Right,Left,1813,271,157,27,nan,nan,0.11
5/9/2025 22:18:03,1.17.0,PRexp,10,3.96,nan,77,Left,Left,1814,271,157,27,nan,nan,0.17
5/9/2025 22:18:06,1.17.0,PRexp,10,3.96,nan,77,Left,Left,1815,271,157,27,nan,nan,0.11
5/9/2025 22:20:07,1.17.0,PRexp,10,3.96,nan,77,Left,Left,1816,271,157,27,nan,nan,0.15
5/9/2025 22:20:09,1.17.0,PRexp,10,3.96,nan,77,Left,Left,1817,271,157,27,nan,nan,0.12
5/9/2025 22:20:43,1.17.0,PRexp,10,3.96,nan,77,Left,Left,1818,271,157,27,nan,nan,0.04
5/9/2025 22:20:59,1.17.0,PRexp,10,3.96,nan,77,Left,Left,1819,271,157,27,nan,nan,0.32
5/9/2025 22:21:02,1.17.0,PRexp,10,3.96,nan,77,Left,Left,1820,271,157,27,nan,nan,0.36
5/9/2025 22:21:06,1.17.0,PRexp,10,3.96,nan,77,Left,Left,1821,271,157,27,nan,nan,0.37
5/9/2025 22:21:14,1.17.0,PRexp,10,3.96,nan,77,Left,Left,1822,271,157,27,nan,nan,0.17
5/9/2025 22:21:18,1.17.0,PRexp,10,3.96,nan,77,Left,Left,1823,271,157,27,nan,nan,0.22
5/9/2025 22:21:20,1.17.0,PRexp,10,3.96,nan,77,Left,Left,1824,271,157,27,nan,nan,0.22
5/9/2025 22:22:23,1.17.0,PRexp,10,3.96,nan,77,Left,Left,1825,271,157,27,nan,nan,0.09
5/9/2025 22:22:26,1.17.0,PRexp,10,3.96,nan,77,Left,Left,1826,271,157,27,nan,nan,0.26
5/9/2025 22:22:31,1.17.0,PRexp,10,3.96,nan,77,Left,Left,1827,271,157,27,nan,nan,0.15
5/9/2025 22:22:47,1.17.0,PRexp,10,3.96,nan,77,Right,Left,1827,272,157,27,nan,nan,0.46
5/9/2025 22:22:50,1.17.0,PRexp,10,3.97,nan,77,Left,Left,1828,272,157,27,nan,nan,0.16
5/9/2025 22:22:50,1.17.0,PRexp,10,3.96,nan,77,Right,Left,1828,273,157,27,nan,nan,0.00
5/9/2025 22:22:52,1.17.0,PRexp,10,3.96,nan,77,Left,Left,1829,273,157,27,nan,nan,0.00
5/9/2025 22:23:04,1.17.0,PRexp,10,3.96,nan,77,Right,Left,1829,274,157,27,nan,nan,0.19
5/9/2025 22:23:06,1.17.0,PRexp,10,3.97,nan,77,Left,Left,1830,274,157,27,nan,nan,0.24
5/9/2025 22:23:06,1.17.0,PRexp,10,3.96,nan,77,Right,Left,1830,275,157,27,nan,nan,0.00
5/9/2025 22:23:08,1.17.0,PRexp,10,3.96,nan,77,Left,Left,1831,275,157,27,nan,nan,0.00
5/9/2025 22:24:14,1.17.0,PRexp,10,3.96,nan,77,Left,Left,1832,275,157,27,nan,nan,0.20
5/9/2025 22:24:16,1.17.0,PRexp,10,3.97,nan,77,Left,Left,1833,275,157,27,nan,nan,0.47
5/9/2025 22:24:19,1.17.0,PRexp,10,3.96,nan,77,Left,Left,1834,275,157,27,nan,nan,0.27
5/9/2025 22:24:22,1.17.0,PRexp,10,3.96,nan,77,Left,Left,1835,275,157,27,nan,nan,0.14
5/9/2025 22:24:56,1.17.0,PRexp,10,3.96,nan,77,Right,Left,1835,276,157,27,nan,nan,0.19
5/9/2025 22:25:17,1.17.0,PRexp,10,3.96,nan,77,Left,Left,1836,276,157,27,nan,nan,0.13
5/9/2025 22:25:46,1.17.0,PRexp,10,3.96,nan,77,Right,Left,1836,277,157,27,nan,nan,0.14
5/9/2025 22:25:48,1.17.0,PRexp,10,3.96,nan,77,Left,Left,1837,277,157,27,nan,nan,0.23
5/9/2025 22:26:33,1.17.0,PRexp,10,3.96,nan,77,Left,Left,1838,277,157,27,nan,nan,0.04
5/9/2025 22:26:41,1.17.0,PRexp,10,3.96,nan,77,Left,Left,1839,277,157,27,nan,nan,0.05
5/9/2025 22:26:43,1.17.0,PRexp,10,3.96,nan,77,Left,Left,1840,277,157,27,nan,nan,0.24
5/9/2025 22:26:44,1.17.0,PRexp,10,3.96,nan,77,Left,Left,1841,277,157,27,nan,nan,0.11
5/9/2025 22:26:56,1.17.0,PRexp,10,3.96,nan,77,Left,Left,1842,277,157,27,nan,nan,0.00
5/9/2025 22:27:08,1.17.0,PRexp,10,3.96,nan,77,Left,Left,1843,277,157,27,nan,nan,0.00
5/9/2025 22:27:55,1.17.0,PRexp,10,3.97,nan,77,Left,Left,1844,277,157,27,nan,nan,0.14
5/9/2025 22:27:57,1.17.0,PRexp,10,3.96,nan,77,Left,Left,1845,277,157,27,nan,nan,0.05
5/9/2025 22:28:04,1.17.0,PRexp,10,3.96,nan,77,Left,Left,1846,277,157,27,nan,nan,0.00
5/9/2025 22:30:42,1.17.0,PRexp,10,3.96,nan,77,Left,Left,1847,277,157,27,nan,nan,0.05
5/9/2025 22:30:48,1.17.0,PRexp,10,3.96,nan,77,Left,Left,1848,277,157,27,nan,nan,0.00
5/9/2025 22:34:14,1.17.0,PRexp,10,3.96,nan,77,Left,Left,1849,277,157,27,nan,nan,0.07
5/9/2025 22:35:03,1.17.0,PRexp,10,3.96,nan,77,Right,Left,1849,278,157,27,nan,nan,0.00
5/9/2025 22:35:06,1.17.0,PRexp,10,3.96,nan,77,Left,Left,1850,278,157,27,nan,nan,0.13
5/9/2025 22:35:30,1.17.0,PRexp,10,3.96,nan,77,Right,Left,1850,279,157,27,nan,nan,0.05
5/9/2025 22:35:32,1.17.0,PRexp,10,3.96,nan,77,Left,Left,1851,279,157,27,nan,nan,0.08
5/9/2025 22:35:33,1.17.0,PRexp,10,3.97,nan,77,Right,Left,1851,280,157,27,nan,nan,0.00
5/9/2025 22:35:36,1.17.0,PRexp,10,3.96,nan,77,Left,Left,1852,280,157,27,nan,nan,0.07
5/9/2025 22:36:37,1.17.0,PRexp,10,3.96,nan,77,Right,Left,1852,281,157,27,nan,nan,0.11
5/9/2025 22:36:39,1.17.0,PRexp,10,3.96,nan,77,Left,Left,1853,281,157,27,nan,nan,0.16
5/9/2025 22:36:40,1.17.0,PRexp,10,3.96,nan,77,Left,Left,1854,281,157,27,nan,nan,0.00
5/9/2025 22:37:08,1.17.0,PRexp,10,3.96,nan,77,Left,Left,1855,281,157,27,nan,nan,0.09
5/9/2025 22:37:32,1.17.0,PRexp,10,3.96,nan,77,Left,Left,1856,281,157,27,nan,nan,0.24
5/9/2025 22:37:33,1.17.0,PRexp,10,3.96,nan,77,Left,Left,1857,281,157,27,nan,nan,0.17
5/9/2025 22:37:35,1.17.0,PRexp,10,3.96,nan,77,Left,Left,1858,281,157,27,nan,nan,0.23
5/9/2025 22:37:37,1.17.0,PRexp,10,3.96,nan,77,Left,Left,1859,281,157,27,nan,nan,0.27
5/9/2025 22:37:39,1.17.0,PRexp,10,3.96,nan,77,Left,Left,1860,281,157,27,nan,nan,0.31
5/9/2025 22:37:41,1.17.0,PRexp,10,3.96,nan,77,Left,Left,1861,281,157,27,nan,nan,0.15
5/9/2025 22:37:44,1.17.0,PRexp,10,3.97,nan,77,Left,Left,1862,281,157,27,nan,nan,0.07
5/9/2025 22:37:46,1.17.0,PRexp,10,3.96,nan,77,Left,Left,1863,281,157,27,nan,nan,0.30
5/9/2025 22:37:48,1.17.0,PRexp,10,3.96,nan,77,Left,Left,1864,281,157,27,nan,nan,0.00
5/9/2025 22:37:50,1.17.0,PRexp,10,3.96,nan,77,Left,Left,1865,281,157,27,nan,nan,0.20
5/9/2025 22:37:54,1.17.0,PRexp,10,3.96,nan,77,Right,Left,1865,282,157,27,nan,nan,0.04
5/9/2025 22:37:56,1.17.0,PRexp,10,3.96,nan,77,Left,Left,1866,282,157,27,nan,nan,0.04
5/9/2025 22:38:02,1.17.0,PRexp,10,3.96,nan,77,Left,Left,1867,282,157,27,nan,nan,0.00
5/9/2025 22:38:07,1.17.0,PRexp,10,3.97,nan,77,Left,Left,1868,282,157,27,nan,nan,0.29
5/9/2025 22:38:09,1.17.0,PRexp,10,3.96,nan,77,Left,Left,1869,282,157,27,nan,nan,0.30
5/9/2025 22:38:12,1.17.0,PRexp,10,3.96,nan,77,Left,Left,1870,282,157,27,nan,nan,0.50
5/9/2025 22:38:16,1.17.0,PRexp,10,3.96,nan,77,Right,Left,1870,283,157,27,nan,nan,0.81
5/9/2025 22:38:18,1.17.0,PRexp,10,3.96,nan,77,Left,Left,1871,283,157,27,nan,nan,0.09
5/9/2025 22:38:20,1.17.0,PRexp,10,3.96,nan,77,Left,Left,1872,283,157,27,nan,nan,0.25
5/9/2025 22:38:22,1.17.0,PRexp,10,3.96,nan,77,Right,Left,1872,284,157,27,nan,nan,0.19
5/9/2025 22:38:23,1.17.0,PRexp,10,3.96,nan,77,Left,Left,1873,284,157,27,nan,nan,0.20
5/9/2025 22:38:29,1.17.0,PRexp,10,3.96,nan,77,Left,Left,1874,284,157,27,nan,nan,0.24
5/9/2025 22:38:33,1.17.0,PRexp,10,3.96,nan,77,Right,Left,1874,285,157,27,nan,nan,0.25
5/9/2025 22:38:34,1.17.0,PRexp,10,3.96,nan,77,Left,Left,1875,285,157,27,nan,nan,0.00
5/9/2025 22:39:09,1.17.0,PRexp,10,3.96,nan,77,Right,Left,1875,286,157,27,nan,nan,0.09
5/9/2025 22:39:11,1.17.0,PRexp,10,3.96,nan,77,Left,Left,1876,286,157,27,nan,nan,0.16
5/9/2025 22:39:18,1.17.0,PRexp,10,3.96,3,77,Pellet,Left,1876,286,158,28,0.18,1564,nan
5/9/2025 22:39:33,1.17.0,PRexp,10,3.96,nan,86,Left,Left,1877,286,158,28,nan,nan,0.11
5/9/2025 22:39:42,1.17.0,PRexp,10,3.96,nan,86,Right,Left,1877,287,158,28,nan,nan,0.07
5/9/2025 22:43:32,1.17.0,PRexp,10,3.96,nan,86,Left,Left,1878,287,158,28,nan,nan,0.03
5/9/2025 22:43:37,1.17.0,PRexp,10,3.96,nan,86,Left,Left,1879,287,158,28,nan,nan,0.01
5/9/2025 22:43:59,1.17.0,PRexp,10,3.96,nan,86,Left,Left,1880,287,158,28,nan,nan,0.04
5/9/2025 22:44:06,1.17.0,PRexp,10,3.96,nan,86,Left,Left,1881,287,158,28,nan,nan,0.21
5/9/2025 22:45:08,1.17.0,PRexp,10,3.96,nan,86,Left,Left,1882,287,158,28,nan,nan,0.10
5/9/2025 22:45:13,1.17.0,PRexp,10,3.96,nan,86,Left,Left,1883,287,158,28,nan,nan,0.00
5/9/2025 22:45:25,1.17.0,PRexp,10,3.96,nan,86,Left,Left,1884,287,158,28,nan,nan,0.08
5/9/2025 22:45:28,1.17.0,PRexp,10,3.96,nan,86,Left,Left,1885,287,158,28,nan,nan,0.06
5/9/2025 22:45:29,1.17.0,PRexp,10,3.96,nan,86,Left,Left,1886,287,158,28,nan,nan,0.17
5/9/2025 22:45:31,1.17.0,PRexp,10,3.96,nan,86,Left,Left,1887,287,158,28,nan,nan,0.11
5/9/2025 22:45:36,1.17.0,PRexp,10,3.96,nan,86,Left,Left,1888,287,158,28,nan,nan,0.16
5/9/2025 22:45:38,1.17.0,PRexp,10,3.96,nan,86,Left,Left,1889,287,158,28,nan,nan,0.00
5/9/2025 22:45:40,1.17.0,PRexp,10,3.96,nan,86,Left,Left,1890,287,158,28,nan,nan,0.23
5/9/2025 22:45:46,1.17.0,PRexp,10,3.96,nan,86,Left,Left,1891,287,158,28,nan,nan,0.10
5/9/2025 22:46:09,1.17.0,PRexp,10,3.96,nan,86,Left,Left,1892,287,158,28,nan,nan,0.08
5/9/2025 22:46:11,1.17.0,PRexp,10,3.96,nan,86,Left,Left,1893,287,158,28,nan,nan,0.18
5/9/2025 22:46:13,1.17.0,PRexp,10,3.96,nan,86,Left,Left,1894,287,158,28,nan,nan,0.15
5/9/2025 22:46:20,1.17.0,PRexp,10,3.96,nan,86,Left,Left,1895,287,158,28,nan,nan,0.10
5/9/2025 22:46:23,1.17.0,PRexp,10,3.96,nan,86,Left,Left,1896,287,158,28,nan,nan,0.15
5/9/2025 22:47:04,1.17.0,PRexp,10,3.96,nan,86,Left,Left,1897,287,158,28,nan,nan,0.25
5/9/2025 22:47:31,1.17.0,PRexp,10,3.96,nan,86,Left,Left,1898,287,158,28,nan,nan,0.23
5/9/2025 22:47:34,1.17.0,PRexp,10,3.96,nan,86,Left,Left,1899,287,158,28,nan,nan,0.32
5/9/2025 22:47:51,1.17.0,PRexp,10,3.96,nan,86,Right,Left,1899,288,158,28,nan,nan,0.28
5/9/2025 22:47:54,1.17.0,PRexp,10,3.96,nan,86,Left,Left,1900,288,158,28,nan,nan,0.34
5/9/2025 22:51:14,1.17.0,PRexp,10,3.96,nan,86,Left,Left,1901,288,158,28,nan,nan,0.12
5/9/2025 22:52:21,1.17.0,PRexp,10,3.96,nan,86,Left,Left,1902,288,158,28,nan,nan,0.09
5/9/2025 22:52:36,1.17.0,PRexp,10,3.96,nan,86,Left,Left,1903,288,158,28,nan,nan,0.18
5/9/2025 22:52:39,1.17.0,PRexp,10,3.96,nan,86,Left,Left,1904,288,158,28,nan,nan,0.07
5/9/2025 22:52:40,1.17.0,PRexp,10,3.96,nan,86,Left,Left,1905,288,158,28,nan,nan,0.08
5/9/2025 22:53:47,1.17.0,PRexp,10,3.96,nan,86,Left,Left,1906,288,158,28,nan,nan,0.01
5/9/2025 22:53:49,1.17.0,PRexp,10,3.96,nan,86,Left,Left,1907,288,158,28,nan,nan,0.14
5/9/2025 22:54:35,1.17.0,PRexp,10,3.96,nan,86,Left,Left,1908,288,158,28,nan,nan,0.01
5/9/2025 22:54:37,1.17.0,PRexp,10,3.96,nan,86,Left,Left,1909,288,158,28,nan,nan,0.16
5/9/2025 22:54:40,1.17.0,PRexp,10,3.96,nan,86,Left,Left,1910,288,158,28,nan,nan,0.17
5/9/2025 22:54:50,1.17.0,PRexp,10,3.96,nan,86,Right,Left,1910,289,158,28,nan,nan,0.31
5/9/2025 22:54:52,1.17.0,PRexp,10,3.96,nan,86,Left,Left,1911,289,158,28,nan,nan,0.17
5/9/2025 22:55:02,1.17.0,PRexp,10,3.97,nan,86,Left,Left,1912,289,158,28,nan,nan,0.40
5/9/2025 22:55:04,1.17.0,PRexp,10,3.96,nan,86,Left,Left,1913,289,158,28,nan,nan,0.22
5/9/2025 22:55:08,1.17.0,PRexp,10,3.96,nan,86,Left,Left,1914,289,158,28,nan,nan,0.54
5/9/2025 22:55:10,1.17.0,PRexp,10,3.96,nan,86,Left,Left,1915,289,158,28,nan,nan,0.00
5/9/2025 22:55:14,1.17.0,PRexp,10,3.96,nan,86,Left,Left,1916,289,158,28,nan,nan,0.58
5/9/2025 22:55:17,1.17.0,PRexp,10,3.96,nan,86,Left,Left,1917,289,158,28,nan,nan,0.31
5/9/2025 22:55:21,1.17.0,PRexp,10,3.96,nan,86,Left,Left,1918,289,158,28,nan,nan,0.24
5/9/2025 22:55:22,1.17.0,PRexp,10,3.96,nan,86,Left,Left,1919,289,158,28,nan,nan,0.42
5/9/2025 22:55:24,1.17.0,PRexp,10,3.96,nan,86,Left,Left,1920,289,158,28,nan,nan,0.00
5/9/2025 22:55:27,1.17.0,PRexp,10,3.96,nan,86,Left,Left,1921,289,158,28,nan,nan,0.23
5/9/2025 22:55:29,1.17.0,PRexp,10,3.96,nan,86,Left,Left,1922,289,158,28,nan,nan,0.32
5/9/2025 22:55:32,1.17.0,PRexp,10,3.96,nan,86,Left,Left,1923,289,158,28,nan,nan,0.05
5/9/2025 22:55:45,1.17.0,PRexp,10,3.96,nan,86,Right,Left,1923,290,158,28,nan,nan,0.00
5/9/2025 22:55:49,1.17.0,PRexp,10,3.96,nan,86,Left,Left,1924,290,158,28,nan,nan,0.24
5/9/2025 22:55:53,1.17.0,PRexp,10,3.96,nan,86,Left,Left,1925,290,158,28,nan,nan,0.10
5/9/2025 22:55:59,1.17.0,PRexp,10,3.96,nan,86,Left,Left,1926,290,158,28,nan,nan,0.00
5/9/2025 23:01:48,1.17.0,PRexp,10,3.96,nan,86,Left,Left,1927,290,158,28,nan,nan,0.14
5/9/2025 23:03:29,1.17.0,PRexp,10,3.96,nan,86,Right,Left,1927,291,158,28,nan,nan,0.25
5/9/2025 23:05:09,1.17.0,PRexp,10,3.96,nan,86,Left,Left,1928,291,158,28,nan,nan,0.09
5/9/2025 23:05:48,1.17.0,PRexp,10,3.96,nan,86,Right,Left,1928,292,158,28,nan,nan,0.17
5/9/2025 23:05:50,1.17.0,PRexp,10,3.96,nan,86,Left,Left,1929,292,158,28,nan,nan,0.11
5/9/2025 23:05:51,1.17.0,PRexp,10,3.96,nan,86,Left,Left,1930,292,158,28,nan,nan,0.08
5/9/2025 23:05:56,1.17.0,PRexp,10,3.96,nan,86,Left,Left,1931,292,158,28,nan,nan,0.03
5/9/2025 23:08:49,1.17.0,PRexp,10,3.96,nan,86,Left,Left,1932,292,158,28,nan,nan,0.01
5/9/2025 23:08:50,1.17.0,PRexp,10,3.96,nan,86,Left,Left,1933,292,158,28,nan,nan,0.11
5/9/2025 23:08:52,1.17.0,PRexp,10,3.96,nan,86,Left,Left,1934,292,158,28,nan,nan,0.18
5/9/2025 23:09:40,1.17.0,PRexp,10,3.96,nan,86,Left,Left,1935,292,158,28,nan,nan,0.21
5/9/2025 23:09:42,1.17.0,PRexp,10,3.96,nan,86,Left,Left,1936,292,158,28,nan,nan,0.34
5/9/2025 23:10:52,1.17.0,PRexp,10,3.96,nan,86,Left,Left,1937,292,158,28,nan,nan,0.20
5/9/2025 23:10:56,1.17.0,PRexp,10,3.96,nan,86,Right,Left,1937,293,158,28,nan,nan,0.03
5/9/2025 23:10:58,1.17.0,PRexp,10,3.96,nan,86,Right,Left,1937,294,158,28,nan,nan,0.03
5/9/2025 23:11:43,1.17.0,PRexp,10,3.96,nan,86,Left,Left,1938,294,158,28,nan,nan,0.21
5/9/2025 23:11:47,1.17.0,PRexp,10,3.96,nan,86,Left,Left,1939,294,158,28,nan,nan,0.10
5/9/2025 23:11:50,1.17.0,PRexp,10,3.96,nan,86,Left,Left,1940,294,158,28,nan,nan,0.18
5/9/2025 23:11:53,1.17.0,PRexp,10,3.96,nan,86,Left,Left,1941,294,158,28,nan,nan,0.53
5/9/2025 23:11:56,1.17.0,PRexp,10,3.96,nan,86,Left,Left,1942,294,158,28,nan,nan,0.41
5/9/2025 23:11:58,1.17.0,PRexp,10,3.96,nan,86,Left,Left,1943,294,158,28,nan,nan,0.33
5/9/2025 23:12:00,1.17.0,PRexp,10,3.96,nan,86,Left,Left,1944,294,158,28,nan,nan,0.44
5/9/2025 23:12:03,1.17.0,PRexp,10,3.96,nan,86,Left,Left,1945,294,158,28,nan,nan,0.52
5/9/2025 23:12:05,1.17.0,PRexp,10,3.96,nan,86,Left,Left,1946,294,158,28,nan,nan,0.31
5/9/2025 23:12:07,1.17.0,PRexp,10,3.96,nan,86,Left,Left,1947,294,158,28,nan,nan,0.49
5/9/2025 23:12:09,1.17.0,PRexp,10,3.96,nan,86,Left,Left,1948,294,158,28,nan,nan,0.00
5/9/2025 23:12:12,1.17.0,PRexp,10,3.96,nan,86,Left,Left,1949,294,158,28,nan,nan,0.14
5/9/2025 23:12:14,1.17.0,PRexp,10,3.96,nan,86,Left,Left,1950,294,158,28,nan,nan,0.19
5/9/2025 23:12:15,1.17.0,PRexp,10,3.96,nan,86,Left,Left,1951,294,158,28,nan,nan,0.00
5/9/2025 23:12:16,1.17.0,PRexp,10,3.96,nan,86,Right,Left,1951,295,158,28,nan,nan,0.24
5/9/2025 23:12:18,1.17.0,PRexp,10,3.96,nan,86,Left,Left,1952,295,158,28,nan,nan,0.10
5/9/2025 23:14:00,1.17.0,PRexp,10,3.96,nan,86,Left,Left,1953,295,158,28,nan,nan,0.15
5/9/2025 23:15:38,1.17.0,PRexp,10,3.96,nan,86,Left,Left,1954,295,158,28,nan,nan,0.13
5/9/2025 23:15:39,1.17.0,PRexp,10,3.96,nan,86,Left,Left,1955,295,158,28,nan,nan,0.22
5/9/2025 23:16:27,1.17.0,PRexp,10,3.96,nan,86,Right,Left,1955,296,158,28,nan,nan,0.05
5/9/2025 23:17:24,1.17.0,PRexp,10,3.96,nan,86,Left,Left,1956,296,158,28,nan,nan,0.12
5/9/2025 23:17:25,1.17.0,PRexp,10,3.96,nan,86,Left,Left,1957,296,158,28,nan,nan,0.16
5/9/2025 23:17:31,1.17.0,PRexp,10,3.96,nan,86,Left,Left,1958,296,158,28,nan,nan,0.24
5/9/2025 23:17:32,1.17.0,PRexp,10,3.96,nan,86,Left,Left,1959,296,158,28,nan,nan,0.15
5/9/2025 23:17:34,1.17.0,PRexp,10,3.96,nan,86,Left,Left,1960,296,158,28,nan,nan,0.26
5/9/2025 23:17:37,1.17.0,PRexp,10,3.96,nan,86,Right,Left,1960,297,158,28,nan,nan,0.18
5/9/2025 23:17:53,1.17.0,PRexp,10,3.96,nan,86,Left,Left,1961,297,158,28,nan,nan,0.22
5/9/2025 23:17:55,1.17.0,PRexp,10,3.96,nan,86,Left,Left,1962,297,158,28,nan,nan,0.33
5/9/2025 23:17:58,1.17.0,PRexp,10,3.96,2,86,Pellet,Left,1962,297,159,29,0.18,2320,nan
5/9/2025 23:18:17,1.17.0,PRexp,10,3.96,nan,95,Left,Left,1963,297,159,29,nan,nan,0.07
5/9/2025 23:18:48,1.17.0,PRexp,10,3.96,nan,95,Left,Left,1964,297,159,29,nan,nan,0.19
5/9/2025 23:19:48,1.17.0,PRexp,10,3.96,nan,95,Right,Left,1964,298,159,29,nan,nan,0.18
5/9/2025 23:19:55,1.17.0,PRexp,10,3.96,nan,95,Left,Left,1965,298,159,29,nan,nan,0.00
5/9/2025 23:20:50,1.17.0,PRexp,10,3.96,nan,95,Left,Left,1966,298,159,29,nan,nan,0.02
5/9/2025 23:20:51,1.17.0,PRexp,10,3.96,nan,95,Left,Left,1967,298,159,29,nan,nan,0.16
5/9/2025 23:21:17,1.17.0,PRexp,10,3.96,nan,95,Right,Left,1967,299,159,29,nan,nan,0.02
5/9/2025 23:21:19,1.17.0,PRexp,10,3.96,nan,95,Left,Left,1968,299,159,29,nan,nan,0.21
5/9/2025 23:21:25,1.17.0,PRexp,10,3.96,nan,95,Left,Left,1969,299,159,29,nan,nan,0.03
5/9/2025 23:21:27,1.17.0,PRexp,10,3.96,nan,95,Left,Left,1970,299,159,29,nan,nan,0.08
5/9/2025 23:21:29,1.17.0,PRexp,10,3.96,nan,95,Left,Left,1971,299,159,29,nan,nan,0.22
5/9/2025 23:21:32,1.17.0,PRexp,10,3.96,nan,95,Left,Left,1972,299,159,29,nan,nan,0.11
5/9/2025 23:21:36,1.17.0,PRexp,10,3.96,nan,95,Left,Left,1973,299,159,29,nan,nan,0.10
5/9/2025 23:21:57,1.17.0,PRexp,10,3.96,nan,95,Left,Left,1974,299,159,29,nan,nan,0.41
5/9/2025 23:21:59,1.17.0,PRexp,10,3.96,nan,95,Left,Left,1975,299,159,29,nan,nan,0.34
5/9/2025 23:22:07,1.17.0,PRexp,10,3.96,nan,95,Left,Left,1976,299,159,29,nan,nan,0.11
5/9/2025 23:22:15,1.17.0,PRexp,10,3.96,nan,95,Right,Left,1976,300,159,29,nan,nan,0.26
5/9/2025 23:22:19,1.17.0,PRexp,10,3.96,nan,95,Left,Left,1977,300,159,29,nan,nan,0.46
5/9/2025 23:22:23,1.17.0,PRexp,10,3.96,nan,95,Left,Left,1978,300,159,29,nan,nan,0.19
5/9/2025 23:22:31,1.17.0,PRexp,10,3.96,nan,95,Left,Left,1979,300,159,29,nan,nan,0.66
5/9/2025 23:22:34,1.17.0,PRexp,10,3.96,nan,95,Left,Left,1980,300,159,29,nan,nan,0.33
5/9/2025 23:22:38,1.17.0,PRexp,10,3.96,nan,95,Left,Left,1981,300,159,29,nan,nan,0.61
5/9/2025 23:22:42,1.17.0,PRexp,10,3.96,nan,95,Left,Left,1982,300,159,29,nan,nan,0.32
5/9/2025 23:22:48,1.17.0,PRexp,10,3.96,nan,95,Right,Left,1982,301,159,29,nan,nan,0.56
5/9/2025 23:22:51,1.17.0,PRexp,10,3.96,nan,95,Right,Left,1982,302,159,29,nan,nan,0.17
5/9/2025 23:22:55,1.17.0,PRexp,10,3.96,nan,95,Left,Left,1983,302,159,29,nan,nan,0.00
5/9/2025 23:22:56,1.17.0,PRexp,10,3.96,nan,95,Right,Left,1983,303,159,29,nan,nan,0.00
5/9/2025 23:23:01,1.17.0,PRexp,10,3.96,nan,95,Left,Left,1984,303,159,29,nan,nan,0.52
5/9/2025 23:23:07,1.17.0,PRexp,10,3.96,nan,95,Left,Left,1985,303,159,29,nan,nan,0.26
5/9/2025 23:23:15,1.17.0,PRexp,10,3.96,nan,95,Left,Left,1986,303,159,29,nan,nan,0.29
5/9/2025 23:23:26,1.17.0,PRexp,10,3.96,nan,95,Left,Left,1987,303,159,29,nan,nan,0.32
5/9/2025 23:23:39,1.17.0,PRexp,10,3.96,nan,95,Left,Left,1988,303,159,29,nan,nan,0.18
5/9/2025 23:23:45,1.17.0,PRexp,10,3.96,nan,95,Left,Left,1989,303,159,29,nan,nan,0.19
5/9/2025 23:23:48,1.17.0,PRexp,10,3.96,nan,95,Left,Left,1990,303,159,29,nan,nan,0.28
5/9/2025 23:23:52,1.17.0,PRexp,10,3.96,nan,95,Left,Left,1991,303,159,29,nan,nan,0.23
5/9/2025 23:23:59,1.17.0,PRexp,10,3.96,nan,95,Left,Left,1992,303,159,29,nan,nan,0.09
5/9/2025 23:24:16,1.17.0,PRexp,10,3.96,nan,95,Left,Left,1993,303,159,29,nan,nan,0.20
5/9/2025 23:25:20,1.17.0,PRexp,10,3.96,nan,95,Left,Left,1994,303,159,29,nan,nan,0.20
5/9/2025 23:25:29,1.17.0,PRexp,10,3.96,nan,95,Left,Left,1995,303,159,29,nan,nan,0.12
5/9/2025 23:25:35,1.17.0,PRexp,10,3.96,nan,95,Left,Left,1996,303,159,29,nan,nan,0.20
5/9/2025 23:28:44,1.17.0,PRexp,10,3.96,nan,95,Left,Left,1997,303,159,29,nan,nan,0.06
5/9/2025 23:28:47,1.17.0,PRexp,10,3.96,nan,95,Left,Left,1998,303,159,29,nan,nan,0.19
5/9/2025 23:29:07,1.17.0,PRexp,10,3.96,nan,95,Right,Left,1998,304,159,29,nan,nan,0.11
5/9/2025 23:31:20,1.17.0,PRexp,10,3.96,nan,95,Left,Left,1999,304,159,29,nan,nan,0.17
5/9/2025 23:31:51,1.17.0,PRexp,10,3.96,nan,95,Left,Left,2000,304,159,29,nan,nan,0.10
5/9/2025 23:31:55,1.17.0,PRexp,10,3.96,nan,95,Right,Left,2000,305,159,29,nan,nan,0.10
5/9/2025 23:31:56,1.17.0,PRexp,10,3.96,nan,95,Left,Left,2001,305,159,29,nan,nan,0.14
5/9/2025 23:33:50,1.17.0,PRexp,10,3.96,nan,95,Left,Left,2002,305,159,29,nan,nan,0.04
5/9/2025 23:33:53,1.17.0,PRexp,10,3.96,nan,95,Left,Left,2003,305,159,29,nan,nan,0.06
5/9/2025 23:37:31,1.17.0,PRexp,10,3.96,nan,95,Left,Left,2004,305,159,29,nan,nan,0.06
5/9/2025 23:37:32,1.17.0,PRexp,10,3.96,nan,95,Left,Left,2005,305,159,29,nan,nan,0.09
5/9/2025 23:38:00,1.17.0,PRexp,10,3.96,nan,95,Left,Left,2006,305,159,29,nan,nan,0.20
5/9/2025 23:38:07,1.17.0,PRexp,10,3.96,nan,95,Left,Left,2007,305,159,29,nan,nan,0.00
5/9/2025 23:45:02,1.17.0,PRexp,10,3.96,nan,95,Left,Left,2008,305,159,29,nan,nan,0.10
5/9/2025 23:45:04,1.17.0,PRexp,10,3.96,nan,95,Left,Left,2009,305,159,29,nan,nan,0.38
5/9/2025 23:45:18,1.17.0,PRexp,10,3.96,nan,95,Left,Left,2010,305,159,29,nan,nan,0.03
5/9/2025 23:45:44,1.17.0,PRexp,10,3.96,nan,95,Left,Left,2011,305,159,29,nan,nan,0.05
5/9/2025 23:45:47,1.17.0,PRexp,10,3.96,nan,95,Left,Left,2012,305,159,29,nan,nan,0.15
5/9/2025 23:45:51,1.17.0,PRexp,10,3.96,nan,95,Left,Left,2013,305,159,29,nan,nan,0.16
5/9/2025 23:45:55,1.17.0,PRexp,10,3.96,nan,95,Left,Left,2014,305,159,29,nan,nan,0.13
5/9/2025 23:45:57,1.17.0,PRexp,10,3.96,nan,95,Left,Left,2015,305,159,29,nan,nan,0.28
5/9/2025 23:45:59,1.17.0,PRexp,10,3.96,nan,95,Left,Left,2016,305,159,29,nan,nan,0.21
5/9/2025 23:46:02,1.17.0,PRexp,10,3.96,nan,95,Left,Left,2017,305,159,29,nan,nan,0.21
5/9/2025 23:46:05,1.17.0,PRexp,10,3.96,nan,95,Left,Left,2018,305,159,29,nan,nan,0.23
5/9/2025 23:46:13,1.17.0,PRexp,10,3.96,nan,95,Right,Left,2018,306,159,29,nan,nan,0.03
5/9/2025 23:46:16,1.17.0,PRexp,10,3.96,nan,95,Left,Left,2019,306,159,29,nan,nan,0.26
5/9/2025 23:46:20,1.17.0,PRexp,10,3.96,nan,95,Left,Left,2020,306,159,29,nan,nan,0.21
5/9/2025 23:46:25,1.17.0,PRexp,10,3.96,nan,95,Left,Left,2021,306,159,29,nan,nan,0.20
5/9/2025 23:46:27,1.17.0,PRexp,10,3.96,nan,95,Left,Left,2022,306,159,29,nan,nan,0.16
5/9/2025 23:46:31,1.17.0,PRexp,10,3.96,nan,95,Left,Left,2023,306,159,29,nan,nan,0.14
5/9/2025 23:46:34,1.17.0,PRexp,10,3.96,nan,95,Left,Left,2024,306,159,29,nan,nan,0.06
5/9/2025 23:46:54,1.17.0,PRexp,10,3.96,nan,95,Left,Left,2025,306,159,29,nan,nan,0.32
5/9/2025 23:46:56,1.17.0,PRexp,10,3.96,nan,95,Left,Left,2026,306,159,29,nan,nan,0.54
5/9/2025 23:46:59,1.17.0,PRexp,10,3.96,nan,95,Left,Left,2027,306,159,29,nan,nan,0.31
5/9/2025 23:47:04,1.17.0,PRexp,10,3.96,nan,95,Left,Left,2028,306,159,29,nan,nan,0.18
5/9/2025 23:47:07,1.17.0,PRexp,10,3.96,nan,95,Left,Left,2029,306,159,29,nan,nan,0.05
5/9/2025 23:47:27,1.17.0,PRexp,10,3.96,nan,95,Left,Left,2030,306,159,29,nan,nan,0.17
5/9/2025 23:47:43,1.17.0,PRexp,10,3.96,nan,95,Left,Left,2031,306,159,29,nan,nan,0.13
5/9/2025 23:49:34,1.17.0,PRexp,10,3.96,nan,95,Left,Left,2032,306,159,29,nan,nan,0.09
5/9/2025 23:50:42,1.17.0,PRexp,10,3.96,nan,95,Left,Left,2033,306,159,29,nan,nan,0.08
5/9/2025 23:51:36,1.17.0,PRexp,10,3.96,nan,95,Left,Left,2034,306,159,29,nan,nan,0.19
5/9/2025 23:51:41,1.17.0,PRexp,10,3.95,nan,95,Right,Left,2034,307,159,29,nan,nan,0.05
5/9/2025 23:51:51,1.17.0,PRexp,10,3.96,nan,95,Left,Left,2035,307,159,29,nan,nan,0.03
5/9/2025 23:51:54,1.17.0,PRexp,10,3.96,nan,95,Left,Left,2036,307,159,29,nan,nan,0.22
5/9/2025 23:51:57,1.17.0,PRexp,10,3.96,nan,95,Left,Left,2037,307,159,29,nan,nan,0.06
5/9/2025 23:52:02,1.17.0,PRexp,10,3.96,nan,95,Left,Left,2038,307,159,29,nan,nan,0.09
5/9/2025 23:52:04,1.17.0,PRexp,10,3.96,nan,95,Left,Left,2039,307,159,29,nan,nan,0.19
5/9/2025 23:52:47,1.17.0,PRexp,10,3.96,nan,95,Left,Left,2040,307,159,29,nan,nan,0.05
5/9/2025 23:53:41,1.17.0,PRexp,10,3.96,nan,95,Left,Left,2041,307,159,29,nan,nan,0.16
5/9/2025 23:53:44,1.17.0,PRexp,10,3.96,nan,95,Left,Left,2042,307,159,29,nan,nan,0.27
5/9/2025 23:53:46,1.17.0,PRexp,10,3.96,nan,95,Left,Left,2043,307,159,29,nan,nan,0.23
5/9/2025 23:53:50,1.17.0,PRexp,10,3.96,nan,95,Left,Left,2044,307,159,29,nan,nan,0.18
5/9/2025 23:54:23,1.17.0,PRexp,10,3.96,nan,95,Left,Left,2045,307,159,29,nan,nan,0.05
5/9/2025 23:54:25,1.17.0,PRexp,10,3.96,nan,95,Left,Left,2046,307,159,29,nan,nan,0.04
5/9/2025 23:54:28,1.17.0,PRexp,10,3.96,nan,95,Left,Left,2047,307,159,29,nan,nan,0.19
5/9/2025 23:54:36,1.17.0,PRexp,10,3.96,nan,95,Left,Left,2048,307,159,29,nan,nan,0.60
5/9/2025 23:54:38,1.17.0,PRexp,10,3.96,nan,95,Left,Left,2049,307,159,29,nan,nan,0.47
5/9/2025 23:54:40,1.17.0,PRexp,10,3.96,nan,95,Left,Left,2050,307,159,29,nan,nan,0.46
5/9/2025 23:54:44,1.17.0,PRexp,10,3.96,nan,95,Left,Left,2051,307,159,29,nan,nan,0.31
5/9/2025 23:54:46,1.17.0,PRexp,10,3.96,nan,95,Left,Left,2052,307,159,29,nan,nan,0.43
5/9/2025 23:55:25,1.17.0,PRexp,10,3.96,nan,95,Left,Left,2053,307,159,29,nan,nan,0.46
5/9/2025 23:57:24,1.17.0,PRexp,10,3.96,nan,95,Left,Left,2054,307,159,29,nan,nan,0.03
5/9/2025 23:57:38,1.17.0,PRexp,10,3.96,nan,95,Left,Left,2055,307,159,29,nan,nan,0.16
5/9/2025 23:57:42,1.17.0,PRexp,10,3.96,nan,95,Left,Left,2056,307,159,29,nan,nan,0.15
5/9/2025 23:57:43,1.17.0,PRexp,10,3.96,nan,95,Left,Left,2057,307,159,29,nan,nan,0.31
5/9/2025 23:57:48,1.17.0,PRexp,10,3.96,3,95,Pellet,Left,2057,307,160,30,0.06,2390,nan
5/9/2025 23:58:21,1.17.0,PRexp,10,3.96,nan,106,Left,Left,2058,307,160,30,nan,nan,0.09
5/9/2025 23:59:30,1.17.0,PRexp,10,3.96,nan,106,Left,Left,2059,307,160,30,nan,nan,0.03
5/9/2025 23:59:56,1.17.0,PRexp,10,3.96,nan,106,Right,Left,2059,308,160,30,nan,nan,0.06
5/9/2025 23:59:57,1.17.0,PRexp,10,3.96,nan,106,Left,Left,2060,308,160,30,nan,nan,0.07
5/10/2025 0:00:01,1.17.0,PRexp,10,3.96,nan,106,Left,Left,2061,308,160,30,nan,nan,0.22
5/10/2025 0:00:08,1.17.0,PRexp,10,3.96,nan,106,Right,Left,2061,309,160,30,nan,nan,0.00
5/10/2025 0:00:10,1.17.0,PRexp,10,3.96,nan,106,Left,Left,2062,309,160,30,nan,nan,0.14
5/10/2025 0:00:15,1.17.0,PRexp,10,3.96,nan,106,Left,Left,2063,309,160,30,nan,nan,0.16
5/10/2025 0:00:27,1.17.0,PRexp,10,3.96,nan,106,Left,Left,2064,309,160,30,nan,nan,0.17
5/10/2025 0:00:41,1.17.0,PRexp,10,3.96,nan,106,Left,Left,2065,309,160,30,nan,nan,0.19
5/10/2025 0:00:43,1.17.0,PRexp,10,3.96,nan,106,Left,Left,2066,309,160,30,nan,nan,0.12
5/10/2025 0:00:47,1.17.0,PRexp,10,3.96,nan,106,Left,Left,2067,309,160,30,nan,nan,0.17
5/10/2025 0:00:49,1.17.0,PRexp,10,3.96,nan,106,Left,Left,2068,309,160,30,nan,nan,0.06
5/10/2025 0:00:53,1.17.0,PRexp,10,3.96,nan,106,Left,Left,2069,309,160,30,nan,nan,0.14
5/10/2025 0:00:56,1.17.0,PRexp,10,3.96,nan,106,Left,Left,2070,309,160,30,nan,nan,0.11
5/10/2025 0:01:36,1.17.0,PRexp,10,3.96,nan,106,Left,Left,2071,309,160,30,nan,nan,0.08
5/10/2025 0:01:38,1.17.0,PRexp,10,3.96,nan,106,Left,Left,2072,309,160,30,nan,nan,0.31
5/10/2025 0:01:40,1.17.0,PRexp,10,3.96,nan,106,Left,Left,2073,309,160,30,nan,nan,0.13
5/10/2025 0:01:43,1.17.0,PRexp,10,3.96,nan,106,Left,Left,2074,309,160,30,nan,nan,0.20
5/10/2025 0:01:45,1.17.0,PRexp,10,3.96,nan,106,Left,Left,2075,309,160,30,nan,nan,0.48
5/10/2025 0:01:48,1.17.0,PRexp,10,3.96,nan,106,Left,Left,2076,309,160,30,nan,nan,0.23
5/10/2025 0:01:50,1.17.0,PRexp,10,3.96,nan,106,Left,Left,2077,309,160,30,nan,nan,0.19
5/10/2025 0:01:51,1.17.0,PRexp,10,3.96,nan,106,Left,Left,2078,309,160,30,nan,nan,0.32
5/10/2025 0:01:55,1.17.0,PRexp,10,3.96,nan,106,Left,Left,2079,309,160,30,nan,nan,0.35
5/10/2025 0:01:57,1.17.0,PRexp,10,3.96,nan,106,Left,Left,2080,309,160,30,nan,nan,0.20
5/10/2025 0:01:59,1.17.0,PRexp,10,3.96,nan,106,Right,Left,2080,310,160,30,nan,nan,0.32
5/10/2025 0:02:02,1.17.0,PRexp,10,3.96,nan,106,Left,Left,2081,310,160,30,nan,nan,0.55
5/10/2025 0:02:03,1.17.0,PRexp,10,3.96,nan,106,Left,Left,2082,310,160,30,nan,nan,0.00
5/10/2025 0:02:06,1.17.0,PRexp,10,3.96,nan,106,Left,Left,2083,310,160,30,nan,nan,0.29
5/10/2025 0:02:10,1.17.0,PRexp,10,3.96,nan,106,Left,Left,2084,310,160,30,nan,nan,0.56
5/10/2025 0:02:15,1.17.0,PRexp,10,3.96,nan,106,Left,Left,2085,310,160,30,nan,nan,0.22
5/10/2025 0:02:17,1.17.0,PRexp,10,3.96,nan,106,Left,Left,2086,310,160,30,nan,nan,0.22
5/10/2025 0:05:49,1.17.0,PRexp,10,3.96,nan,106,Right,Left,2086,311,160,30,nan,nan,0.14
5/10/2025 0:07:01,1.17.0,PRexp,10,3.96,nan,106,Left,Left,2087,311,160,30,nan,nan,0.19
5/10/2025 0:07:05,1.17.0,PRexp,10,3.96,nan,106,Left,Left,2088,311,160,30,nan,nan,0.16
5/10/2025 0:07:09,1.17.0,PRexp,10,3.96,nan,106,Left,Left,2089,311,160,30,nan,nan,0.04
5/10/2025 0:10:23,1.17.0,PRexp,10,3.96,nan,106,Left,Left,2090,311,160,30,nan,nan,0.12
5/10/2025 0:10:27,1.17.0,PRexp,10,3.96,nan,106,Left,Left,2091,311,160,30,nan,nan,0.30
5/10/2025 0:14:45,1.17.0,PRexp,10,3.96,nan,106,Left,Left,2092,311,160,30,nan,nan,0.19
5/10/2025 0:56:51,1.17.0,PRexp,10,3.96,nan,1,Left,Left,2093,311,160,0,nan,nan,0.11
5/10/2025 0:56:54,1.17.0,PRexp,10,3.96,2,1,Pellet,Left,2093,311,161,1,0.30,3546,nan
5/10/2025 0:57:25,1.17.0,PRexp,10,3.96,nan,1,Left,Left,2094,311,161,1,nan,nan,0.64
5/10/2025 0:57:28,1.17.0,PRexp,10,3.96,2,1,Pellet,Left,2094,311,162,2,0.24,34,nan
5/10/2025 0:58:01,1.17.0,PRexp,10,3.96,nan,2,Left,Left,2095,311,162,2,nan,nan,0.26
5/10/2025 0:58:07,1.17.0,PRexp,10,3.96,nan,2,Left,Left,2096,311,162,2,nan,nan,0.14
5/10/2025 0:58:23,1.17.0,PRexp,10,3.96,3,2,Pellet,Left,2096,311,163,3,9.96,55,nan
5/10/2025 0:58:50,1.17.0,PRexp,10,3.96,nan,2,Left,Left,2097,311,163,3,nan,nan,0.09
5/10/2025 0:58:56,1.17.0,PRexp,10,3.96,nan,2,Left,Left,2098,311,163,3,nan,nan,0.45
5/10/2025 0:58:58,1.17.0,PRexp,10,3.96,2,2,Pellet,Left,2098,311,164,4,0.06,35,nan
5/10/2025 0:59:27,1.17.0,PRexp,10,3.96,nan,3,Left,Left,2099,311,164,4,nan,nan,0.14
5/10/2025 0:59:34,1.17.0,PRexp,10,3.96,nan,3,Left,Left,2100,311,164,4,nan,nan,0.47
5/10/2025 0:59:49,1.17.0,PRexp,10,3.96,nan,3,Left,Left,2101,311,164,4,nan,nan,0.23
5/10/2025 1:00:12,1.17.0,PRexp,10,3.96,3,3,Pellet,Left,2101,311,165,5,18.83,74,nan
5/10/2025 1:00:43,1.17.0,PRexp,10,3.96,nan,4,Left,Left,2102,311,165,5,nan,nan,0.18
5/10/2025 1:00:45,1.17.0,PRexp,10,3.96,nan,4,Left,Left,2103,311,165,5,nan,nan,0.26
5/10/2025 1:00:48,1.17.0,PRexp,10,3.96,nan,4,Left,Left,2104,311,165,5,nan,nan,0.03
5/10/2025 1:00:49,1.17.0,PRexp,10,3.96,nan,4,Left,Left,2105,311,165,5,nan,nan,0.02
5/10/2025 1:00:53,1.17.0,PRexp,10,3.96,2,4,Pellet,Left,2105,311,166,6,0.12,41,nan
5/10/2025 1:01:14,1.17.0,PRexp,10,3.96,nan,5,Left,Left,2106,311,166,6,nan,nan,0.05
5/10/2025 1:01:18,1.17.0,PRexp,10,3.96,nan,5,Left,Left,2107,311,166,6,nan,nan,0.06
5/10/2025 1:01:22,1.17.0,PRexp,10,3.96,nan,5,Left,Left,2108,311,166,6,nan,nan,0.31
5/10/2025 1:01:26,1.17.0,PRexp,10,3.96,nan,5,Left,Left,2109,311,166,6,nan,nan,0.79
5/10/2025 1:01:29,1.17.0,PRexp,10,3.96,nan,5,Left,Left,2110,311,166,6,nan,nan,0.62
5/10/2025 1:01:31,1.17.0,PRexp,10,3.96,1,5,Pellet,Left,2110,311,167,7,0.24,38,nan
5/10/2025 1:01:53,1.17.0,PRexp,10,3.96,nan,6,Left,Left,2111,311,167,7,nan,nan,0.20
5/10/2025 1:01:57,1.17.0,PRexp,10,3.96,nan,6,Left,Left,2112,311,167,7,nan,nan,0.24
5/10/2025 1:02:03,1.17.0,PRexp,10,3.96,nan,6,Left,Left,2113,311,167,7,nan,nan,0.28
5/10/2025 1:02:08,1.17.0,PRexp,10,3.96,nan,6,Left,Left,2114,311,167,7,nan,nan,0.32
5/10/2025 1:02:15,1.17.0,PRexp,10,3.96,nan,6,Left,Left,2115,311,167,7,nan,nan,0.35
5/10/2025 1:02:21,1.17.0,PRexp,10,3.96,nan,6,Left,Left,2116,311,167,7,nan,nan,0.17
5/10/2025 1:02:35,1.17.0,PRexp,10,3.96,2,6,Pellet,Left,2116,311,168,8,10.45,64,nan
5/10/2025 1:03:06,1.17.0,PRexp,10,3.96,nan,7,Left,Left,2117,311,168,8,nan,nan,0.12
5/10/2025 1:03:10,1.17.0,PRexp,10,3.96,nan,7,Left,Left,2118,311,168,8,nan,nan,0.17
5/10/2025 1:03:15,1.17.0,PRexp,10,3.96,nan,7,Left,Left,2119,311,168,8,nan,nan,1.09
5/10/2025 1:03:20,1.17.0,PRexp,10,3.96,nan,7,Left,Left,2120,311,168,8,nan,nan,0.49
5/10/2025 1:03:23,1.17.0,PRexp,10,3.96,nan,7,Left,Left,2121,311,168,8,nan,nan,0.93
5/10/2025 1:03:28,1.17.0,PRexp,10,3.96,nan,7,Left,Left,2122,311,168,8,nan,nan,0.35
5/10/2025 1:03:33,1.17.0,PRexp,10,3.96,nan,7,Left,Left,2123,311,168,8,nan,nan,0.70
5/10/2025 1:03:52,1.17.0,PRexp,10,3.95,3,7,Pellet,Left,2123,311,169,9,15.20,77,nan
5/10/2025 1:04:13,1.17.0,PRexp,10,3.96,nan,9,Left,Left,2124,311,169,9,nan,nan,0.08
5/10/2025 1:04:16,1.17.0,PRexp,10,3.96,nan,9,Left,Left,2125,311,169,9,nan,nan,0.16
5/10/2025 1:04:23,1.17.0,PRexp,10,3.96,nan,9,Left,Left,2126,311,169,9,nan,nan,0.18
5/10/2025 1:04:27,1.17.0,PRexp,10,3.96,nan,9,Left,Left,2127,311,169,9,nan,nan,0.53
5/10/2025 1:04:30,1.17.0,PRexp,10,3.96,nan,9,Left,Left,2128,311,169,9,nan,nan,0.33
5/10/2025 1:04:34,1.17.0,PRexp,10,3.96,nan,9,Left,Left,2129,311,169,9,nan,nan,0.33
5/10/2025 1:04:40,1.17.0,PRexp,10,3.96,nan,9,Left,Left,2130,311,169,9,nan,nan,0.32
5/10/2025 1:04:43,1.17.0,PRexp,10,3.96,nan,9,Left,Left,2131,311,169,9,nan,nan,0.80
5/10/2025 1:04:46,1.17.0,PRexp,10,3.96,nan,9,Left,Left,2132,311,169,9,nan,nan,0.40
5/10/2025 1:04:49,1.17.0,PRexp,10,3.96,2,9,Pellet,Left,2132,311,170,10,0.30,57,nan
5/10/2025 1:05:09,1.17.0,PRexp,10,3.96,nan,10,Left,Left,2133,311,170,10,nan,nan,0.55
5/10/2025 1:05:12,1.17.0,PRexp,10,3.96,nan,10,Left,Left,2134,311,170,10,nan,nan,0.49
5/10/2025 1:05:15,1.17.0,PRexp,10,3.96,nan,10,Left,Left,2135,311,170,10,nan,nan,0.32
5/10/2025 1:05:18,1.17.0,PRexp,10,3.96,nan,10,Left,Left,2136,311,170,10,nan,nan,0.63
5/10/2025 1:05:21,1.17.0,PRexp,10,3.96,nan,10,Left,Left,2137,311,170,10,nan,nan,0.45
5/10/2025 1:05:28,1.17.0,PRexp,10,3.96,nan,10,Left,Left,2138,311,170,10,nan,nan,0.28
5/10/2025 1:05:30,1.17.0,PRexp,10,3.96,nan,10,Right,Left,2138,312,170,10,nan,nan,0.20
5/10/2025 1:05:33,1.17.0,PRexp,10,3.96,nan,10,Left,Left,2139,312,170,10,nan,nan,0.55
5/10/2025 1:05:34,1.17.0,PRexp,10,3.96,nan,10,Left,Left,2140,312,170,10,nan,nan,0.00
5/10/2025 1:05:39,1.17.0,PRexp,10,3.96,nan,10,Left,Left,2141,312,170,10,nan,nan,0.32
5/10/2025 1:05:40,1.17.0,PRexp,10,3.96,nan,10,Left,Left,2142,312,170,10,nan,nan,0.57
5/10/2025 1:05:43,1.17.0,PRexp,10,3.96,2,10,Pellet,Left,2142,312,171,11,0.24,54,nan
5/10/2025 1:06:00,1.17.0,PRexp,10,3.96,nan,12,Left,Left,2143,312,171,11,nan,nan,0.14
5/10/2025 1:06:05,1.17.0,PRexp,10,3.96,nan,12,Left,Left,2144,312,171,11,nan,nan,0.70
5/10/2025 1:06:09,1.17.0,PRexp,10,3.96,nan,12,Left,Left,2145,312,171,11,nan,nan,0.92
5/10/2025 1:06:10,1.17.0,PRexp,10,3.96,nan,12,Left,Left,2146,312,171,11,nan,nan,0.00
5/10/2025 1:06:13,1.17.0,PRexp,10,3.96,nan,12,Left,Left,2147,312,171,11,nan,nan,0.34
5/10/2025 1:06:15,1.17.0,PRexp,10,3.96,nan,12,Left,Left,2148,312,171,11,nan,nan,0.38
5/10/2025 1:06:17,1.17.0,PRexp,10,3.96,nan,12,Left,Left,2149,312,171,11,nan,nan,0.48
5/10/2025 1:06:19,1.17.0,PRexp,10,3.96,nan,12,Left,Left,2150,312,171,11,nan,nan,0.74
5/10/2025 1:06:21,1.17.0,PRexp,10,3.96,nan,12,Left,Left,2151,312,171,11,nan,nan,0.49
5/10/2025 1:06:30,1.17.0,PRexp,10,3.96,nan,12,Left,Left,2152,312,171,11,nan,nan,1.61
5/10/2025 1:06:33,1.17.0,PRexp,10,3.96,nan,12,Left,Left,2153,312,171,11,nan,nan,0.32
5/10/2025 1:06:34,1.17.0,PRexp,10,3.96,nan,12,Left,Left,2154,312,171,11,nan,nan,0.00
5/10/2025 1:06:53,1.17.0,PRexp,10,3.96,3,12,Pellet,Left,2154,312,172,12,12.30,70,nan
5/10/2025 1:08:47,1.17.0,PRexp,10,3.96,nan,13,Left,Left,2155,312,172,12,nan,nan,0.18
5/10/2025 1:18:07,1.17.0,PRexp,10,3.96,nan,13,Left,Left,2156,312,172,12,nan,nan,0.02
5/10/2025 1:18:09,1.17.0,PRexp,10,3.96,nan,13,Left,Left,2157,312,172,12,nan,nan,0.29
5/10/2025 1:18:13,1.17.0,PRexp,10,3.96,nan,13,Left,Left,2158,312,172,12,nan,nan,0.15
5/10/2025 1:19:19,1.17.0,PRexp,10,3.96,nan,13,Left,Left,2159,312,172,12,nan,nan,0.10
5/10/2025 1:19:25,1.17.0,PRexp,10,3.96,nan,13,Left,Left,2160,312,172,12,nan,nan,0.13
5/10/2025 1:19:28,1.17.0,PRexp,10,3.96,nan,13,Left,Left,2161,312,172,12,nan,nan,0.12
5/10/2025 1:24:47,1.17.0,PRexp,10,3.96,nan,13,Left,Left,2162,312,172,12,nan,nan,0.00
5/10/2025 1:24:54,1.17.0,PRexp,10,3.96,nan,13,Left,Left,2163,312,172,12,nan,nan,0.03
5/10/2025 1:25:03,1.17.0,PRexp,10,3.96,nan,13,Left,Left,2164,312,172,12,nan,nan,0.10
5/10/2025 1:25:09,1.17.0,PRexp,10,3.96,nan,13,Left,Left,2165,312,172,12,nan,nan,0.34
5/10/2025 1:25:15,1.17.0,PRexp,10,3.96,nan,13,Left,Left,2166,312,172,12,nan,nan,0.52
5/10/2025 1:25:23,1.17.0,PRexp,10,3.96,nan,13,Left,Left,2167,312,172,12,nan,nan,0.22
5/10/2025 1:25:28,1.17.0,PRexp,10,3.96,3,13,Pellet,Left,2167,312,173,13,0.06,1115,nan
5/10/2025 1:25:56,1.17.0,PRexp,10,3.95,nan,15,Left,Left,2168,312,173,13,nan,nan,0.08
5/10/2025 1:25:59,1.17.0,PRexp,10,3.96,nan,15,Left,Left,2169,312,173,13,nan,nan,0.44
5/10/2025 1:26:06,1.17.0,PRexp,10,3.95,nan,15,Left,Left,2170,312,173,13,nan,nan,0.16
5/10/2025 1:30:48,1.17.0,PRexp,10,3.96,nan,15,Left,Left,2171,312,173,13,nan,nan,0.00
5/10/2025 1:30:52,1.17.0,PRexp,10,3.96,nan,15,Left,Left,2172,312,173,13,nan,nan,0.17
5/10/2025 1:30:58,1.17.0,PRexp,10,3.96,nan,15,Left,Left,2173,312,173,13,nan,nan,0.12
5/10/2025 1:31:06,1.17.0,PRexp,10,3.96,nan,15,Left,Left,2174,312,173,13,nan,nan,0.10
5/10/2025 1:31:07,1.17.0,PRexp,10,3.96,nan,15,Left,Left,2175,312,173,13,nan,nan,0.12
5/10/2025 1:31:11,1.17.0,PRexp,10,3.96,nan,15,Left,Left,2176,312,173,13,nan,nan,0.19
5/10/2025 1:31:14,1.17.0,PRexp,10,3.96,nan,15,Left,Left,2177,312,173,13,nan,nan,0.26
5/10/2025 1:31:16,1.17.0,PRexp,10,3.96,nan,15,Left,Left,2178,312,173,13,nan,nan,0.32
5/10/2025 1:31:21,1.17.0,PRexp,10,3.96,nan,15,Left,Left,2179,312,173,13,nan,nan,0.12
5/10/2025 1:31:39,1.17.0,PRexp,10,3.96,nan,15,Left,Left,2180,312,173,13,nan,nan,0.16
5/10/2025 1:31:46,1.17.0,PRexp,10,3.96,nan,15,Left,Left,2181,312,173,13,nan,nan,0.49
5/10/2025 1:31:49,1.17.0,PRexp,10,3.95,nan,15,Left,Left,2182,312,173,13,nan,nan,0.44
5/10/2025 1:31:53,1.17.0,PRexp,10,3.96,2,15,Pellet,Left,2182,312,174,14,0.24,385,nan
5/10/2025 1:32:24,1.17.0,PRexp,10,3.96,nan,17,Left,Left,2183,312,174,14,nan,nan,0.10
5/10/2025 1:32:29,1.17.0,PRexp,10,3.96,nan,17,Left,Left,2184,312,174,14,nan,nan,0.18
5/10/2025 1:32:33,1.17.0,PRexp,10,3.96,nan,17,Right,Left,2184,313,174,14,nan,nan,0.29
5/10/2025 1:32:35,1.17.0,PRexp,10,3.96,nan,17,Left,Left,2185,313,174,14,nan,nan,0.00
5/10/2025 1:32:40,1.17.0,PRexp,10,3.96,nan,17,Left,Left,2186,313,174,14,nan,nan,0.42
5/10/2025 1:32:42,1.17.0,PRexp,10,3.95,nan,17,Left,Left,2187,313,174,14,nan,nan,0.60
5/10/2025 1:33:01,1.17.0,PRexp,10,3.96,nan,17,Left,Left,2188,313,174,14,nan,nan,0.08
5/10/2025 1:33:03,1.17.0,PRexp,10,3.96,nan,17,Left,Left,2189,313,174,14,nan,nan,0.17
5/10/2025 1:34:05,1.17.0,PRexp,10,3.96,nan,17,Right,Left,2189,314,174,14,nan,nan,0.17
5/10/2025 1:34:07,1.17.0,PRexp,10,3.96,nan,17,Right,Left,2189,315,174,14,nan,nan,0.47
5/10/2025 1:34:11,1.17.0,PRexp,10,3.96,nan,17,Left,Left,2190,315,174,14,nan,nan,0.36
5/10/2025 1:34:13,1.17.0,PRexp,10,3.96,nan,17,Left,Left,2191,315,174,14,nan,nan,0.33
5/10/2025 1:34:18,1.17.0,PRexp,10,3.96,nan,17,Left,Left,2192,315,174,14,nan,nan,0.09
5/10/2025 1:34:21,1.17.0,PRexp,10,3.96,nan,17,Left,Left,2193,315,174,14,nan,nan,0.25
5/10/2025 1:34:25,1.17.0,PRexp,10,3.96,nan,17,Left,Left,2194,315,174,14,nan,nan,0.56
5/10/2025 1:34:28,1.17.0,PRexp,10,3.95,nan,17,Left,Left,2195,315,174,14,nan,nan,0.22
5/10/2025 1:34:29,1.17.0,PRexp,10,3.96,nan,17,Left,Left,2196,315,174,14,nan,nan,0.00
5/10/2025 1:34:31,1.17.0,PRexp,10,3.96,nan,17,Left,Left,2197,315,174,14,nan,nan,0.31
5/10/2025 1:34:35,1.17.0,PRexp,10,3.95,nan,17,Left,Left,2198,315,174,14,nan,nan,0.21
5/10/2025 1:34:37,1.17.0,PRexp,10,3.96,nan,17,Left,Left,2199,315,174,14,nan,nan,0.30
5/10/2025 1:34:40,1.17.0,PRexp,10,3.96,2,17,Pellet,Left,2199,315,175,15,0.18,167,nan
5/10/2025 1:35:12,1.17.0,PRexp,10,3.96,nan,20,Left,Left,2200,315,175,15,nan,nan,0.12
5/10/2025 1:36:39,1.17.0,PRexp,10,3.96,nan,20,Left,Left,2201,315,175,15,nan,nan,0.15
5/10/2025 1:36:43,1.17.0,PRexp,10,3.96,nan,20,Left,Left,2202,315,175,15,nan,nan,0.13
5/10/2025 1:36:45,1.17.0,PRexp,10,3.96,nan,20,Left,Left,2203,315,175,15,nan,nan,0.09
5/10/2025 1:36:52,1.17.0,PRexp,10,3.96,nan,20,Left,Left,2204,315,175,15,nan,nan,0.00
5/10/2025 1:36:58,1.17.0,PRexp,10,3.95,nan,20,Left,Left,2205,315,175,15,nan,nan,0.23
5/10/2025 1:39:06,1.17.0,PRexp,10,3.96,nan,20,Left,Left,2206,315,175,15,nan,nan,0.11
5/10/2025 1:39:11,1.17.0,PRexp,10,3.96,nan,20,Left,Left,2207,315,175,15,nan,nan,0.19
5/10/2025 1:39:14,1.17.0,PRexp,10,3.96,nan,20,Left,Left,2208,315,175,15,nan,nan,0.11
5/10/2025 1:39:18,1.17.0,PRexp,10,3.96,nan,20,Left,Left,2209,315,175,15,nan,nan,0.29
5/10/2025 1:39:20,1.17.0,PRexp,10,3.96,nan,20,Left,Left,2210,315,175,15,nan,nan,0.41
5/10/2025 1:39:22,1.17.0,PRexp,10,3.95,nan,20,Left,Left,2211,315,175,15,nan,nan,0.18
5/10/2025 1:39:25,1.17.0,PRexp,10,3.96,nan,20,Left,Left,2212,315,175,15,nan,nan,0.40
5/10/2025 1:39:30,1.17.0,PRexp,10,3.96,nan,20,Right,Left,2212,316,175,15,nan,nan,0.43
5/10/2025 1:39:34,1.17.0,PRexp,10,3.96,nan,20,Left,Left,2213,316,175,15,nan,nan,0.45
5/10/2025 1:39:37,1.17.0,PRexp,10,3.96,nan,20,Left,Left,2214,316,175,15,nan,nan,0.29
5/10/2025 1:40:22,1.17.0,PRexp,10,3.96,nan,20,Left,Left,2215,316,175,15,nan,nan,0.06
5/10/2025 1:40:25,1.17.0,PRexp,10,3.96,nan,20,Left,Left,2216,316,175,15,nan,nan,0.38
5/10/2025 1:40:27,1.17.0,PRexp,10,3.96,nan,20,Left,Left,2217,316,175,15,nan,nan,0.31
5/10/2025 1:40:30,1.17.0,PRexp,10,3.96,nan,20,Left,Left,2218,316,175,15,nan,nan,0.32
5/10/2025 1:40:32,1.17.0,PRexp,10,3.96,nan,20,Left,Left,2219,316,175,15,nan,nan,0.21
5/10/2025 1:40:48,1.17.0,PRexp,10,3.96,3,20,Pellet,Left,2219,316,176,16,9.90,368,nan
5/10/2025 1:42:24,1.17.0,PRexp,10,3.96,nan,22,Left,Left,2220,316,176,16,nan,nan,0.13
5/10/2025 1:42:27,1.17.0,PRexp,10,3.96,nan,22,Left,Left,2221,316,176,16,nan,nan,0.39
5/10/2025 1:42:31,1.17.0,PRexp,10,3.96,nan,22,Left,Left,2222,316,176,16,nan,nan,0.16
5/10/2025 1:42:34,1.17.0,PRexp,10,3.96,nan,22,Left,Left,2223,316,176,16,nan,nan,0.26
5/10/2025 1:42:38,1.17.0,PRexp,10,3.96,nan,22,Left,Left,2224,316,176,16,nan,nan,0.28
5/10/2025 1:42:41,1.17.0,PRexp,10,3.96,nan,22,Left,Left,2225,316,176,16,nan,nan,0.24
5/10/2025 1:42:46,1.17.0,PRexp,10,3.96,nan,22,Left,Left,2226,316,176,16,nan,nan,0.32
5/10/2025 1:42:55,1.17.0,PRexp,10,3.96,nan,22,Left,Left,2227,316,176,16,nan,nan,0.62
5/10/2025 1:42:57,1.17.0,PRexp,10,3.96,nan,22,Left,Left,2228,316,176,16,nan,nan,0.67
5/10/2025 1:42:58,1.17.0,PRexp,10,3.96,nan,22,Left,Left,2229,316,176,16,nan,nan,0.15
5/10/2025 1:43:01,1.17.0,PRexp,10,3.95,nan,22,Left,Left,2230,316,176,16,nan,nan,0.40
5/10/2025 1:43:04,1.17.0,PRexp,10,3.96,nan,22,Left,Left,2231,316,176,16,nan,nan,0.46
5/10/2025 1:43:07,1.17.0,PRexp,10,3.96,nan,22,Left,Left,2232,316,176,16,nan,nan,0.61
5/10/2025 1:43:10,1.17.0,PRexp,10,3.96,nan,22,Left,Left,2233,316,176,16,nan,nan,0.50
5/10/2025 1:43:13,1.17.0,PRexp,10,3.96,nan,22,Left,Left,2234,316,176,16,nan,nan,0.28
5/10/2025 1:43:14,1.17.0,PRexp,10,3.96,nan,22,Left,Left,2235,316,176,16,nan,nan,0.00
5/10/2025 1:43:17,1.17.0,PRexp,10,3.96,nan,22,Left,Left,2236,316,176,16,nan,nan,0.39
5/10/2025 1:43:19,1.17.0,PRexp,10,3.95,nan,22,Left,Left,2237,316,176,16,nan,nan,0.85
5/10/2025 1:43:23,1.17.0,PRexp,10,3.96,nan,22,Left,Left,2238,316,176,16,nan,nan,0.25
5/10/2025 1:43:26,1.17.0,PRexp,10,3.96,nan,22,Left,Left,2239,316,176,16,nan,nan,0.36
5/10/2025 1:43:28,1.17.0,PRexp,10,3.95,nan,22,Left,Left,2240,316,176,16,nan,nan,0.14
5/10/2025 1:43:33,1.17.0,PRexp,10,3.96,nan,22,Left,Left,2241,316,176,16,nan,nan,0.18
5/10/2025 1:43:48,1.17.0,PRexp,10,3.96,4,22,Pellet,Left,2241,316,177,17,8.24,180,nan
5/10/2025 1:44:29,1.17.0,PRexp,10,3.96,nan,25,Left,Left,2242,316,177,17,nan,nan,0.12
5/10/2025 1:44:35,1.17.0,PRexp,10,3.96,nan,25,Left,Left,2243,316,177,17,nan,nan,0.28
5/10/2025 1:44:38,1.17.0,PRexp,10,3.96,nan,25,Left,Left,2244,316,177,17,nan,nan,0.05
5/10/2025 1:44:41,1.17.0,PRexp,10,3.96,nan,25,Left,Left,2245,316,177,17,nan,nan,0.12
5/10/2025 1:45:22,1.17.0,PRexp,10,3.96,nan,25,Left,Left,2246,316,177,17,nan,nan,0.14
5/10/2025 1:45:24,1.17.0,PRexp,10,3.96,nan,25,Right,Left,2246,317,177,17,nan,nan,0.19
5/10/2025 1:45:29,1.17.0,PRexp,10,3.96,nan,25,Left,Left,2247,317,177,17,nan,nan,0.09
5/10/2025 1:45:30,1.17.0,PRexp,10,3.96,nan,25,Left,Left,2248,317,177,17,nan,nan,0.21
5/10/2025 1:45:34,1.17.0,PRexp,10,3.96,nan,25,Left,Left,2249,317,177,17,nan,nan,0.11
5/10/2025 1:46:09,1.17.0,PRexp,10,3.96,nan,25,Left,Left,2250,317,177,17,nan,nan,0.23
5/10/2025 1:46:11,1.17.0,PRexp,10,3.96,nan,25,Left,Left,2251,317,177,17,nan,nan,0.11
5/10/2025 1:46:13,1.17.0,PRexp,10,3.96,nan,25,Left,Left,2252,317,177,17,nan,nan,0.02
5/10/2025 1:46:48,1.17.0,PRexp,10,3.95,nan,25,Left,Left,2253,317,177,17,nan,nan,0.16
5/10/2025 1:46:54,1.17.0,PRexp,10,3.96,nan,25,Left,Left,2254,317,177,17,nan,nan,0.12
5/10/2025 1:46:57,1.17.0,PRexp,10,3.95,nan,25,Left,Left,2255,317,177,17,nan,nan,0.19
5/10/2025 1:47:00,1.17.0,PRexp,10,3.96,nan,25,Right,Left,2255,318,177,17,nan,nan,0.20
5/10/2025 1:47:03,1.17.0,PRexp,10,3.96,nan,25,Left,Left,2256,318,177,17,nan,nan,0.12
5/10/2025 1:47:27,1.17.0,PRexp,10,3.95,nan,25,Left,Left,2257,318,177,17,nan,nan,0.25
5/10/2025 1:47:31,1.17.0,PRexp,10,3.96,nan,25,Left,Left,2258,318,177,17,nan,nan,0.09
5/10/2025 1:47:35,1.17.0,PRexp,10,3.96,nan,25,Right,Left,2258,319,177,17,nan,nan,0.62
5/10/2025 1:47:40,1.17.0,PRexp,10,3.96,nan,25,Left,Left,2259,319,177,17,nan,nan,0.22
5/10/2025 1:47:42,1.17.0,PRexp,10,3.95,nan,25,Left,Left,2260,319,177,17,nan,nan,0.12
5/10/2025 1:47:46,1.17.0,PRexp,10,3.96,nan,25,Left,Left,2261,319,177,17,nan,nan,0.08
5/10/2025 1:49:32,1.17.0,PRexp,10,3.96,nan,25,Left,Left,2262,319,177,17,nan,nan,0.08
5/10/2025 1:50:43,1.17.0,PRexp,10,3.96,nan,25,Left,Left,2263,319,177,17,nan,nan,0.11
5/10/2025 1:52:09,1.17.0,PRexp,10,3.96,nan,25,Left,Left,2264,319,177,17,nan,nan,0.21
5/10/2025 1:53:52,1.17.0,PRexp,10,3.96,nan,25,Right,Left,2264,320,177,17,nan,nan,0.05
5/10/2025 1:53:54,1.17.0,PRexp,10,3.96,nan,25,Left,Left,2265,320,177,17,nan,nan,0.00
5/10/2025 1:53:55,1.17.0,PRexp,10,3.96,nan,25,Left,Left,2266,320,177,17,nan,nan,0.30
5/10/2025 1:53:58,1.17.0,PRexp,10,3.96,2,25,Pellet,Left,2266,320,178,18,0.42,610,nan
5/10/2025 1:54:31,1.17.0,PRexp,10,3.96,nan,28,Left,Left,2267,320,178,18,nan,nan,0.20
5/10/2025 1:54:35,1.17.0,PRexp,10,3.95,nan,28,Left,Left,2268,320,178,18,nan,nan,0.21
5/10/2025 1:54:38,1.17.0,PRexp,10,3.96,nan,28,Left,Left,2269,320,178,18,nan,nan,0.12
5/10/2025 1:54:45,1.17.0,PRexp,10,3.95,nan,28,Left,Left,2270,320,178,18,nan,nan,0.11
5/10/2025 1:54:49,1.17.0,PRexp,10,3.96,nan,28,Left,Left,2271,320,178,18,nan,nan,0.34
5/10/2025 1:54:53,1.17.0,PRexp,10,3.95,nan,28,Left,Left,2272,320,178,18,nan,nan,0.00
5/10/2025 1:54:54,1.17.0,PRexp,10,3.95,nan,28,Left,Left,2273,320,178,18,nan,nan,0.00
5/10/2025 1:57:24,1.17.0,PRexp,10,3.96,nan,28,Left,Left,2274,320,178,18,nan,nan,0.04
5/10/2025 1:58:05,1.17.0,PRexp,10,3.95,nan,28,Right,Left,2274,321,178,18,nan,nan,0.30
5/10/2025 1:58:08,1.17.0,PRexp,10,3.96,nan,28,Left,Left,2275,321,178,18,nan,nan,0.09
5/10/2025 1:58:09,1.17.0,PRexp,10,3.96,nan,28,Right,Left,2275,322,178,18,nan,nan,0.00
5/10/2025 1:58:13,1.17.0,PRexp,10,3.95,nan,28,Left,Left,2276,322,178,18,nan,nan,0.26
5/10/2025 1:58:16,1.17.0,PRexp,10,3.96,nan,28,Left,Left,2277,322,178,18,nan,nan,0.22
5/10/2025 1:58:24,1.17.0,PRexp,10,3.96,nan,28,Left,Left,2278,322,178,18,nan,nan,0.00
5/10/2025 2:05:10,1.17.0,PRexp,10,3.95,nan,28,Left,Left,2279,322,178,18,nan,nan,0.02
5/10/2025 2:05:13,1.17.0,PRexp,10,3.96,nan,28,Left,Left,2280,322,178,18,nan,nan,0.08
5/10/2025 2:05:18,1.17.0,PRexp,10,3.96,nan,28,Left,Left,2281,322,178,18,nan,nan,0.30
5/10/2025 2:05:25,1.17.0,PRexp,10,3.95,nan,28,Left,Left,2282,322,178,18,nan,nan,0.11
5/10/2025 2:07:11,1.17.0,PRexp,10,3.96,nan,28,Left,Left,2283,322,178,18,nan,nan,0.16
5/10/2025 2:15:39,1.17.0,PRexp,10,3.96,nan,28,Left,Left,2284,322,178,18,nan,nan,0.10
5/10/2025 2:15:46,1.17.0,PRexp,10,3.96,nan,28,Left,Left,2285,322,178,18,nan,nan,0.02
5/10/2025 2:15:57,1.17.0,PRexp,10,3.95,nan,28,Left,Left,2286,322,178,18,nan,nan,0.08
5/10/2025 2:16:01,1.17.0,PRexp,10,3.96,nan,28,Left,Left,2287,322,178,18,nan,nan,0.02
5/10/2025 2:16:07,1.17.0,PRexp,10,3.96,nan,28,Left,Left,2288,322,178,18,nan,nan,0.38
5/10/2025 2:16:08,1.17.0,PRexp,10,3.95,nan,28,Left,Left,2289,322,178,18,nan,nan,0.00
5/10/2025 2:16:13,1.17.0,PRexp,10,3.96,nan,28,Left,Left,2290,322,178,18,nan,nan,0.49
5/10/2025 2:16:17,1.17.0,PRexp,10,3.96,nan,28,Left,Left,2291,322,178,18,nan,nan,0.41
5/10/2025 2:16:21,1.17.0,PRexp,10,3.96,nan,28,Left,Left,2292,322,178,18,nan,nan,0.49
5/10/2025 2:16:24,1.17.0,PRexp,10,3.96,nan,28,Left,Left,2293,322,178,18,nan,nan,0.68
5/10/2025 2:16:28,1.17.0,PRexp,10,3.96,nan,28,Left,Left,2294,322,178,18,nan,nan,0.32
5/10/2025 2:16:30,1.17.0,PRexp,10,3.95,2,28,Pellet,Left,2294,322,179,19,0.12,1352,nan
5/10/2025 2:16:54,1.17.0,PRexp,10,3.96,nan,32,Left,Left,2295,322,179,19,nan,nan,0.18
5/10/2025 2:16:55,1.17.0,PRexp,10,3.96,nan,32,Left,Left,2296,322,179,19,nan,nan,0.25
5/10/2025 2:16:59,1.17.0,PRexp,10,3.96,nan,32,Left,Left,2297,322,179,19,nan,nan,0.06
5/10/2025 2:32:16,1.17.0,PRexp,10,3.96,nan,32,Left,Left,2298,322,179,19,nan,nan,0.19
5/10/2025 2:32:19,1.17.0,PRexp,10,3.95,nan,32,Left,Left,2299,322,179,19,nan,nan,0.13
5/10/2025 2:32:22,1.17.0,PRexp,10,3.95,nan,32,Left,Left,2300,322,179,19,nan,nan,0.16
5/10/2025 2:32:26,1.17.0,PRexp,10,3.96,nan,32,Left,Left,2301,322,179,19,nan,nan,0.17
5/10/2025 2:32:32,1.17.0,PRexp,10,3.96,nan,32,Left,Left,2302,322,179,19,nan,nan,0.25
5/10/2025 2:32:36,1.17.0,PRexp,10,3.96,nan,32,Left,Left,2303,322,179,19,nan,nan,0.19
5/10/2025 2:32:41,1.17.0,PRexp,10,3.96,nan,32,Left,Left,2304,322,179,19,nan,nan,0.42
5/10/2025 2:32:44,1.17.0,PRexp,10,3.96,nan,32,Left,Left,2305,322,179,19,nan,nan,0.25
5/10/2025 2:32:47,1.17.0,PRexp,10,3.96,nan,32,Left,Left,2306,322,179,19,nan,nan,0.35
5/10/2025 2:32:49,1.17.0,PRexp,10,3.96,nan,32,Left,Left,2307,322,179,19,nan,nan,0.14
5/10/2025 2:32:54,1.17.0,PRexp,10,3.95,nan,32,Left,Left,2308,322,179,19,nan,nan,0.42
5/10/2025 2:32:55,1.17.0,PRexp,10,3.96,nan,32,Left,Left,2309,322,179,19,nan,nan,0.20
5/10/2025 2:32:58,1.17.0,PRexp,10,3.95,nan,32,Left,Left,2310,322,179,19,nan,nan,0.66
5/10/2025 2:33:02,1.17.0,PRexp,10,3.96,nan,32,Left,Left,2311,322,179,19,nan,nan,0.29
5/10/2025 2:33:04,1.17.0,PRexp,10,3.96,nan,32,Left,Left,2312,322,179,19,nan,nan,0.33
5/10/2025 2:33:06,1.17.0,PRexp,10,3.95,nan,32,Left,Left,2313,322,179,19,nan,nan,0.23
5/10/2025 2:33:10,1.17.0,PRexp,10,3.96,nan,32,Left,Left,2314,322,179,19,nan,nan,0.10
5/10/2025 2:33:11,1.17.0,PRexp,10,3.96,nan,32,Left,Left,2315,322,179,19,nan,nan,0.19
5/10/2025 2:33:14,1.17.0,PRexp,10,3.96,nan,32,Left,Left,2316,322,179,19,nan,nan,0.28
5/10/2025 2:53:17,1.17.0,PRexp,10,3.96,nan,32,Left,Left,2317,322,179,19,nan,nan,0.21
5/10/2025 2:53:21,1.17.0,PRexp,10,3.96,nan,32,Left,Left,2318,322,179,19,nan,nan,0.17
5/10/2025 2:53:27,1.17.0,PRexp,10,3.96,nan,32,Left,Left,2319,322,179,19,nan,nan,0.10
5/10/2025 2:53:29,1.17.0,PRexp,10,3.96,nan,32,Left,Left,2320,322,179,19,nan,nan,0.23
5/10/2025 2:53:33,1.17.0,PRexp,10,3.96,nan,32,Left,Left,2321,322,179,19,nan,nan,0.41
5/10/2025 3:11:41,1.17.0,PRexp,10,3.95,nan,32,Left,Left,2322,322,179,19,nan,nan,0.21
5/10/2025 3:11:43,1.17.0,PRexp,10,3.95,nan,32,Left,Left,2323,322,179,19,nan,nan,0.31
5/10/2025 3:11:47,1.17.0,PRexp,10,3.95,nan,32,Left,Left,2324,322,179,19,nan,nan,0.16
5/10/2025 3:11:51,1.17.0,PRexp,10,3.95,nan,32,Left,Left,2325,322,179,19,nan,nan,0.16
5/10/2025 3:11:55,1.17.0,PRexp,10,3.95,nan,32,Left,Left,2326,322,179,19,nan,nan,0.08
5/10/2025 3:12:00,1.17.0,PRexp,10,3.96,2,32,Pellet,Left,2326,322,180,20,0.30,3330,nan
5/10/2025 3:12:29,1.17.0,PRexp,10,3.96,nan,36,Left,Left,2327,322,180,20,nan,nan,0.15
5/10/2025 3:12:33,1.17.0,PRexp,10,3.95,nan,36,Left,Left,2328,322,180,20,nan,nan,0.44
5/10/2025 3:12:38,1.17.0,PRexp,10,3.95,nan,36,Left,Left,2329,322,180,20,nan,nan,0.45
5/10/2025 3:12:40,1.17.0,PRexp,10,3.96,nan,36,Left,Left,2330,322,180,20,nan,nan,0.48
5/10/2025 3:12:46,1.17.0,PRexp,10,3.96,nan,36,Left,Left,2331,322,180,20,nan,nan,0.48
5/10/2025 3:12:47,1.17.0,PRexp,10,3.96,nan,36,Left,Left,2332,322,180,20,nan,nan,0.00
5/10/2025 3:12:51,1.17.0,PRexp,10,3.96,nan,36,Left,Left,2333,322,180,20,nan,nan,0.49
5/10/2025 3:12:58,1.17.0,PRexp,10,3.95,nan,36,Left,Left,2334,322,180,20,nan,nan,0.84
5/10/2025 3:12:59,1.17.0,PRexp,10,3.95,nan,36,Left,Left,2335,322,180,20,nan,nan,0.00
5/10/2025 3:13:03,1.17.0,PRexp,10,3.95,nan,36,Left,Left,2336,322,180,20,nan,nan,0.53
5/10/2025 3:13:07,1.17.0,PRexp,10,3.95,nan,36,Left,Left,2337,322,180,20,nan,nan,0.79
5/10/2025 3:13:10,1.17.0,PRexp,10,3.95,nan,36,Left,Left,2338,322,180,20,nan,nan,0.65
5/10/2025 3:13:12,1.17.0,PRexp,10,3.95,nan,36,Left,Left,2339,322,180,20,nan,nan,0.21
5/10/2025 3:13:16,1.17.0,PRexp,10,3.95,nan,36,Left,Left,2340,322,180,20,nan,nan,0.04
5/10/2025 3:13:20,1.17.0,PRexp,10,3.95,nan,36,Left,Left,2341,322,180,20,nan,nan,0.27
5/10/2025 3:13:22,1.17.0,PRexp,10,3.96,nan,36,Left,Left,2342,322,180,20,nan,nan,0.66
5/10/2025 3:13:23,1.17.0,PRexp,10,3.96,nan,36,Left,Left,2343,322,180,20,nan,nan,0.00
5/10/2025 3:13:24,1.17.0,PRexp,10,3.95,nan,36,Left,Left,2344,322,180,20,nan,nan,0.00
5/10/2025 3:13:28,1.17.0,PRexp,10,3.95,nan,36,Left,Left,2345,322,180,20,nan,nan,1.60
5/10/2025 3:13:29,1.17.0,PRexp,10,3.96,nan,36,Left,Left,2346,322,180,20,nan,nan,0.00
5/10/2025 3:13:31,1.17.0,PRexp,10,3.95,nan,36,Left,Left,2347,322,180,20,nan,nan,0.49
5/10/2025 3:13:35,1.17.0,PRexp,10,3.95,nan,36,Left,Left,2348,322,180,20,nan,nan,0.93
5/10/2025 3:13:39,1.17.0,PRexp,10,3.95,nan,36,Left,Left,2349,322,180,20,nan,nan,0.65
5/10/2025 3:13:47,1.17.0,PRexp,10,3.95,nan,36,Left,Left,2350,322,180,20,nan,nan,0.11
5/10/2025 3:13:48,1.17.0,PRexp,10,3.96,nan,36,Left,Left,2351,322,180,20,nan,nan,0.00
5/10/2025 3:45:03,1.17.0,PRexp,10,3.95,nan,1,Left,Left,2352,322,180,0,nan,nan,0.30
5/10/2025 3:45:06,1.17.0,PRexp,10,3.95,2,1,Pellet,Left,2352,322,181,1,0.30,1986,nan
5/10/2025 3:45:26,1.17.0,PRexp,10,3.96,nan,1,Left,Left,2353,322,181,1,nan,nan,0.14
5/10/2025 3:45:30,1.17.0,PRexp,10,3.95,2,1,Pellet,Left,2353,322,182,2,0.12,24,nan
5/10/2025 3:45:45,1.17.0,PRexp,10,3.95,nan,2,Left,Left,2354,322,182,2,nan,nan,0.18
5/10/2025 3:45:54,1.17.0,PRexp,10,3.95,nan,2,Left,Left,2355,322,182,2,nan,nan,0.20
5/10/2025 3:45:56,1.17.0,PRexp,10,3.95,2,2,Pellet,Left,2355,322,183,3,0.30,26,nan
5/10/2025 3:46:14,1.17.0,PRexp,10,3.95,nan,2,Left,Left,2356,322,183,3,nan,nan,0.09
5/10/2025 3:46:19,1.17.0,PRexp,10,3.95,nan,2,Left,Left,2357,322,183,3,nan,nan,0.36
5/10/2025 3:46:34,1.17.0,PRexp,10,3.95,3,2,Pellet,Left,2357,322,184,4,8.37,38,nan
5/10/2025 3:47:01,1.17.0,PRexp,10,3.95,nan,3,Left,Left,2358,322,184,4,nan,nan,0.15
5/10/2025 3:47:03,1.17.0,PRexp,10,3.95,nan,3,Left,Left,2359,322,184,4,nan,nan,0.27
5/10/2025 3:47:07,1.17.0,PRexp,10,3.95,nan,3,Left,Left,2360,322,184,4,nan,nan,0.43
5/10/2025 3:47:09,1.17.0,PRexp,10,3.95,2,3,Pellet,Left,2360,322,185,5,0.12,35,nan
5/10/2025 3:47:29,1.17.0,PRexp,10,3.95,nan,4,Left,Left,2361,322,185,5,nan,nan,0.24
5/10/2025 3:47:33,1.17.0,PRexp,10,3.95,nan,4,Left,Left,2362,322,185,5,nan,nan,0.32
5/10/2025 3:47:38,1.17.0,PRexp,10,3.95,nan,4,Left,Left,2363,322,185,5,nan,nan,0.23
5/10/2025 3:47:43,1.17.0,PRexp,10,3.95,nan,4,Left,Left,2364,322,185,5,nan,nan,0.84
5/10/2025 3:47:45,1.17.0,PRexp,10,3.95,1,4,Pellet,Left,2364,322,186,6,0.42,36,nan
5/10/2025 3:48:44,1.17.0,PRexp,10,3.96,nan,5,Left,Left,2365,322,186,6,nan,nan,0.04
5/10/2025 3:48:46,1.17.0,PRexp,10,3.95,nan,5,Left,Left,2366,322,186,6,nan,nan,0.45
5/10/2025 3:48:52,1.17.0,PRexp,10,3.95,nan,5,Right,Left,2366,323,186,6,nan,nan,0.37
5/10/2025 3:48:54,1.17.0,PRexp,10,3.95,nan,5,Left,Left,2367,323,186,6,nan,nan,0.18
5/10/2025 3:49:00,1.17.0,PRexp,10,3.95,nan,5,Left,Left,2368,323,186,6,nan,nan,0.18
5/10/2025 3:49:04,1.17.0,PRexp,10,3.95,nan,5,Left,Left,2369,323,186,6,nan,nan,0.28
5/10/2025 3:49:07,1.17.0,PRexp,10,3.95,2,5,Pellet,Left,2369,323,187,7,0.06,81,nan
5/10/2025 3:49:26,1.17.0,PRexp,10,3.95,nan,6,Left,Left,2370,323,187,7,nan,nan,0.43
5/10/2025 3:49:34,1.17.0,PRexp,10,3.95,nan,6,Left,Left,2371,323,187,7,nan,nan,0.30
5/10/2025 3:49:39,1.17.0,PRexp,10,3.95,nan,6,Left,Left,2372,323,187,7,nan,nan,0.16
5/10/2025 3:49:42,1.17.0,PRexp,10,3.95,nan,6,Left,Left,2373,323,187,7,nan,nan,0.73
5/10/2025 3:49:47,1.17.0,PRexp,10,3.94,nan,6,Left,Left,2374,323,187,7,nan,nan,0.93
5/10/2025 3:49:50,1.17.0,PRexp,10,3.95,nan,6,Left,Left,2375,323,187,7,nan,nan,0.56
5/10/2025 3:50:04,1.17.0,PRexp,10,3.95,3,6,Pellet,Left,2375,323,188,8,10.28,58,nan
5/10/2025 3:50:39,1.17.0,PRexp,10,3.96,nan,7,Left,Left,2376,323,188,8,nan,nan,0.17
5/10/2025 3:50:43,1.17.0,PRexp,10,3.95,nan,7,Left,Left,2377,323,188,8,nan,nan,0.09
5/10/2025 3:50:45,1.17.0,PRexp,10,3.95,nan,7,Left,Left,2378,323,188,8,nan,nan,0.04
5/10/2025 3:57:23,1.17.0,PRexp,10,3.95,nan,7,Right,Left,2378,324,188,8,nan,nan,0.05
5/10/2025 3:57:26,1.17.0,PRexp,10,3.95,nan,7,Left,Left,2379,324,188,8,nan,nan,0.08
5/10/2025 3:57:29,1.17.0,PRexp,10,3.96,nan,7,Left,Left,2380,324,188,8,nan,nan,0.12
5/10/2025 3:58:37,1.17.0,PRexp,10,3.95,nan,7,Right,Left,2380,325,188,8,nan,nan,0.13
5/10/2025 3:58:40,1.17.0,PRexp,10,3.95,nan,7,Left,Left,2381,325,188,8,nan,nan,0.16
5/10/2025 3:58:41,1.17.0,PRexp,10,3.95,nan,7,Left,Left,2382,325,188,8,nan,nan,0.24
5/10/2025 3:58:45,1.17.0,PRexp,10,3.95,2,7,Pellet,Left,2382,325,189,9,0.18,521,nan
5/10/2025 3:59:23,1.17.0,PRexp,10,3.95,nan,9,Left,Left,2383,325,189,9,nan,nan,0.10
5/10/2025 3:59:28,1.17.0,PRexp,10,3.96,nan,9,Left,Left,2384,325,189,9,nan,nan,0.17
5/10/2025 3:59:32,1.17.0,PRexp,10,3.95,nan,9,Left,Left,2385,325,189,9,nan,nan,0.23
5/10/2025 3:59:37,1.17.0,PRexp,10,3.95,nan,9,Left,Left,2386,325,189,9,nan,nan,0.09
5/10/2025 3:59:42,1.17.0,PRexp,10,3.95,nan,9,Left,Left,2387,325,189,9,nan,nan,0.05
5/10/2025 3:59:45,1.17.0,PRexp,10,3.95,nan,9,Left,Left,2388,325,189,9,nan,nan,0.13
5/10/2025 3:59:50,1.17.0,PRexp,10,3.96,nan,9,Left,Left,2389,325,189,9,nan,nan,0.15
5/10/2025 3:59:56,1.17.0,PRexp,10,3.95,nan,9,Left,Left,2390,325,189,9,nan,nan,0.00
5/10/2025 3:59:57,1.17.0,PRexp,10,3.95,nan,9,Right,Left,2390,326,189,9,nan,nan,0.00
5/10/2025 3:59:59,1.17.0,PRexp,10,3.94,nan,9,Right,Left,2390,327,189,9,nan,nan,0.25
5/10/2025 4:00:00,1.17.0,PRexp,10,3.96,nan,9,Right,Left,2390,328,189,9,nan,nan,0.11
5/10/2025 4:00:03,1.17.0,PRexp,10,3.95,nan,9,Left,Left,2391,328,189,9,nan,nan,0.40
5/10/2025 4:00:08,1.17.0,PRexp,10,3.95,3,9,Pellet,Left,2391,328,190,10,0.06,83,nan
5/10/2025 4:02:36,1.17.0,PRexp,10,3.95,nan,10,Left,Left,2392,328,190,10,nan,nan,0.00
5/10/2025 4:02:37,1.17.0,PRexp,10,3.95,nan,10,Right,Left,2392,329,190,10,nan,nan,0.00
5/10/2025 4:02:44,1.17.0,PRexp,10,3.95,nan,10,Left,Left,2393,329,190,10,nan,nan,0.00
5/10/2025 4:05:30,1.17.0,PRexp,10,3.95,nan,10,Left,Left,2394,329,190,10,nan,nan,0.14
5/10/2025 4:05:33,1.17.0,PRexp,10,3.95,nan,10,Left,Left,2395,329,190,10,nan,nan,0.15
5/10/2025 4:05:38,1.17.0,PRexp,10,3.95,nan,10,Left,Left,2396,329,190,10,nan,nan,0.57
5/10/2025 4:05:40,1.17.0,PRexp,10,3.95,nan,10,Left,Left,2397,329,190,10,nan,nan,0.12
5/10/2025 4:05:44,1.17.0,PRexp,10,3.96,nan,10,Left,Left,2398,329,190,10,nan,nan,0.32
5/10/2025 4:05:47,1.17.0,PRexp,10,3.95,nan,10,Left,Left,2399,329,190,10,nan,nan,0.35
5/10/2025 4:05:49,1.17.0,PRexp,10,3.95,nan,10,Left,Left,2400,329,190,10,nan,nan,0.42
5/10/2025 4:05:53,1.17.0,PRexp,10,3.96,nan,10,Right,Left,2400,330,190,10,nan,nan,0.10
5/10/2025 4:05:57,1.17.0,PRexp,10,3.95,nan,10,Left,Left,2401,330,190,10,nan,nan,0.14
5/10/2025 4:06:00,1.17.0,PRexp,10,3.95,2,10,Pellet,Left,2401,330,191,11,0.12,352,nan
5/10/2025 4:06:25,1.17.0,PRexp,10,3.95,nan,12,Left,Left,2402,330,191,11,nan,nan,0.12
5/10/2025 4:07:05,1.17.0,PRexp,10,3.96,nan,12,Left,Left,2403,330,191,11,nan,nan,0.17
5/10/2025 4:07:12,1.17.0,PRexp,10,3.95,nan,12,Left,Left,2404,330,191,11,nan,nan,0.05
5/10/2025 4:07:56,1.17.0,PRexp,10,3.95,nan,12,Right,Left,2404,331,191,11,nan,nan,0.21
5/10/2025 4:07:57,1.17.0,PRexp,10,3.95,nan,12,Left,Left,2405,331,191,11,nan,nan,0.14
5/10/2025 4:08:00,1.17.0,PRexp,10,3.96,nan,12,Left,Left,2406,331,191,11,nan,nan,0.10
5/10/2025 4:08:04,1.17.0,PRexp,10,3.94,nan,12,Left,Left,2407,331,191,11,nan,nan,0.15
5/10/2025 4:08:08,1.17.0,PRexp,10,3.95,nan,12,Right,Left,2407,332,191,11,nan,nan,0.11
5/10/2025 4:10:58,1.17.0,PRexp,10,3.95,nan,12,Left,Left,2408,332,191,11,nan,nan,0.11
5/10/2025 4:11:20,1.17.0,PRexp,10,3.95,nan,12,Right,Left,2408,333,191,11,nan,nan,0.10
5/10/2025 4:11:27,1.17.0,PRexp,10,3.95,nan,12,Left,Left,2409,333,191,11,nan,nan,0.00
5/10/2025 4:12:28,1.17.0,PRexp,10,3.95,nan,12,Left,Left,2410,333,191,11,nan,nan,0.21
5/10/2025 4:12:30,1.17.0,PRexp,10,3.94,nan,12,Left,Left,2411,333,191,11,nan,nan,0.57
5/10/2025 4:12:32,1.17.0,PRexp,10,3.95,nan,12,Left,Left,2412,333,191,11,nan,nan,0.26
5/10/2025 4:12:35,1.17.0,PRexp,10,3.95,nan,12,Left,Left,2413,333,191,11,nan,nan,0.40
5/10/2025 4:12:51,1.17.0,PRexp,10,3.95,3,12,Pellet,Left,2413,333,192,12,11.56,411,nan
5/10/2025 4:14:17,1.17.0,PRexp,10,3.95,nan,13,Left,Left,2414,333,192,12,nan,nan,0.06
5/10/2025 4:14:23,1.17.0,PRexp,10,3.95,nan,13,Left,Left,2415,333,192,12,nan,nan,0.23
5/10/2025 4:14:34,1.17.0,PRexp,10,3.95,nan,13,Left,Left,2416,333,192,12,nan,nan,0.03
5/10/2025 4:14:40,1.17.0,PRexp,10,3.95,nan,13,Left,Left,2417,333,192,12,nan,nan,0.06
5/10/2025 4:14:43,1.17.0,PRexp,10,3.94,nan,13,Left,Left,2418,333,192,12,nan,nan,0.18
5/10/2025 4:14:46,1.17.0,PRexp,10,3.95,nan,13,Left,Left,2419,333,192,12,nan,nan,0.57
5/10/2025 4:14:47,1.17.0,PRexp,10,3.95,nan,13,Left,Left,2420,333,192,12,nan,nan,0.44
5/10/2025 4:14:50,1.17.0,PRexp,10,3.95,nan,13,Left,Left,2421,333,192,12,nan,nan,0.64
5/10/2025 4:14:53,1.17.0,PRexp,10,3.95,nan,13,Left,Left,2422,333,192,12,nan,nan,0.54
5/10/2025 4:14:55,1.17.0,PRexp,10,3.95,nan,13,Left,Left,2423,333,192,12,nan,nan,0.22
5/10/2025 4:14:57,1.17.0,PRexp,10,3.95,nan,13,Left,Left,2424,333,192,12,nan,nan,0.00
5/10/2025 4:15:00,1.17.0,PRexp,10,3.94,nan,13,Left,Left,2425,333,192,12,nan,nan,0.31
5/10/2025 4:15:04,1.17.0,PRexp,10,3.95,nan,13,Left,Left,2426,333,192,12,nan,nan,0.51
5/10/2025 4:15:08,1.17.0,PRexp,10,3.94,3,13,Pellet,Left,2426,333,193,13,0.12,137,nan
5/10/2025 4:15:33,1.17.0,PRexp,10,3.95,nan,15,Left,Left,2427,333,193,13,nan,nan,0.30
5/10/2025 4:15:38,1.17.0,PRexp,10,3.95,nan,15,Left,Left,2428,333,193,13,nan,nan,0.20
5/10/2025 4:15:42,1.17.0,PRexp,10,3.95,nan,15,Right,Left,2428,334,193,13,nan,nan,0.43
5/10/2025 4:15:46,1.17.0,PRexp,10,3.95,nan,15,Right,Left,2428,335,193,13,nan,nan,0.38
5/10/2025 4:15:49,1.17.0,PRexp,10,3.95,nan,15,Right,Left,2428,336,193,13,nan,nan,0.04
5/10/2025 4:15:51,1.17.0,PRexp,10,3.96,nan,15,Left,Left,2429,336,193,13,nan,nan,0.00
5/10/2025 4:15:52,1.17.0,PRexp,10,3.95,nan,15,Left,Left,2430,336,193,13,nan,nan,0.16
5/10/2025 4:15:55,1.17.0,PRexp,10,3.95,nan,15,Left,Left,2431,336,193,13,nan,nan,0.30
5/10/2025 4:16:02,1.17.0,PRexp,10,3.94,nan,15,Left,Left,2432,336,193,13,nan,nan,0.43
5/10/2025 4:16:04,1.17.0,PRexp,10,3.95,nan,15,Left,Left,2433,336,193,13,nan,nan,0.50
5/10/2025 4:16:08,1.17.0,PRexp,10,3.95,nan,15,Left,Left,2434,336,193,13,nan,nan,0.54
5/10/2025 4:16:11,1.17.0,PRexp,10,3.95,nan,15,Left,Left,2435,336,193,13,nan,nan,0.79
5/10/2025 4:16:14,1.17.0,PRexp,10,3.95,nan,15,Left,Left,2436,336,193,13,nan,nan,0.32
5/10/2025 4:16:16,1.17.0,PRexp,10,3.95,nan,15,Left,Left,2437,336,193,13,nan,nan,0.47
5/10/2025 4:16:19,1.17.0,PRexp,10,3.95,nan,15,Left,Left,2438,336,193,13,nan,nan,0.44
5/10/2025 4:16:21,1.17.0,PRexp,10,3.95,nan,15,Left,Left,2439,336,193,13,nan,nan,0.19
5/10/2025 4:16:22,1.17.0,PRexp,10,3.95,nan,15,Left,Left,2440,336,193,13,nan,nan,0.00
5/10/2025 4:16:26,1.17.0,PRexp,10,3.95,nan,15,Left,Left,2441,336,193,13,nan,nan,1.31
5/10/2025 4:16:28,1.17.0,PRexp,10,3.95,1,15,Pellet,Left,2441,336,194,14,0.12,80,nan
5/10/2025 4:16:50,1.17.0,PRexp,10,3.95,nan,17,Left,Left,2442,336,194,14,nan,nan,0.18
5/10/2025 4:18:03,1.17.0,PRexp,10,3.94,nan,17,Right,Left,2442,337,194,14,nan,nan,0.15
5/10/2025 4:18:04,1.17.0,PRexp,10,3.94,nan,17,Left,Left,2443,337,194,14,nan,nan,0.09
5/10/2025 4:18:06,1.17.0,PRexp,10,3.95,nan,17,Left,Left,2444,337,194,14,nan,nan,0.13
5/10/2025 4:18:09,1.17.0,PRexp,10,3.95,nan,17,Right,Left,2444,338,194,14,nan,nan,0.54
5/10/2025 4:18:12,1.17.0,PRexp,10,3.95,nan,17,Left,Left,2445,338,194,14,nan,nan,0.10
5/10/2025 4:19:06,1.17.0,PRexp,10,3.95,nan,17,Right,Left,2445,339,194,14,nan,nan,0.19
5/10/2025 4:19:08,1.17.0,PRexp,10,3.95,nan,17,Left,Left,2446,339,194,14,nan,nan,0.24
5/10/2025 4:19:10,1.17.0,PRexp,10,3.95,nan,17,Left,Left,2447,339,194,14,nan,nan,0.13
5/10/2025 4:19:14,1.17.0,PRexp,10,3.96,nan,17,Left,Left,2448,339,194,14,nan,nan,0.27
5/10/2025 4:19:17,1.17.0,PRexp,10,3.95,nan,17,Left,Left,2449,339,194,14,nan,nan,0.27
5/10/2025 4:19:20,1.17.0,PRexp,10,3.95,nan,17,Left,Left,2450,339,194,14,nan,nan,0.41
5/10/2025 4:19:23,1.17.0,PRexp,10,3.95,nan,17,Left,Left,2451,339,194,14,nan,nan,0.49
5/10/2025 4:19:27,1.17.0,PRexp,10,3.95,nan,17,Left,Left,2452,339,194,14,nan,nan,0.23
5/10/2025 4:21:16,1.17.0,PRexp,10,3.95,nan,17,Left,Left,2453,339,194,14,nan,nan,0.09
5/10/2025 4:21:17,1.17.0,PRexp,10,3.95,nan,17,Left,Left,2454,339,194,14,nan,nan,0.49
5/10/2025 4:21:23,1.17.0,PRexp,10,3.96,nan,17,Left,Left,2455,339,194,14,nan,nan,0.06
5/10/2025 4:21:26,1.17.0,PRexp,10,3.94,nan,17,Right,Left,2455,340,194,14,nan,nan,0.52
5/10/2025 4:21:30,1.17.0,PRexp,10,3.95,nan,17,Left,Left,2456,340,194,14,nan,nan,0.19
5/10/2025 4:21:33,1.17.0,PRexp,10,3.95,nan,17,Left,Left,2457,340,194,14,nan,nan,0.15
5/10/2025 4:21:36,1.17.0,PRexp,10,3.95,nan,17,Left,Left,2458,340,194,14,nan,nan,0.45
5/10/2025 4:21:38,1.17.0,PRexp,10,3.95,1,17,Pellet,Left,2458,340,195,15,0.18,310,nan
5/10/2025 4:26:42,1.17.0,PRexp,10,3.95,nan,20,Right,Left,2458,341,195,15,nan,nan,0.02
5/10/2025 4:26:43,1.17.0,PRexp,10,3.95,nan,20,Left,Left,2459,341,195,15,nan,nan,0.10
5/10/2025 4:26:46,1.17.0,PRexp,10,3.95,nan,20,Left,Left,2460,341,195,15,nan,nan,0.23
5/10/2025 4:26:48,1.17.0,PRexp,10,3.95,nan,20,Left,Left,2461,341,195,15,nan,nan,0.30
5/10/2025 4:26:57,1.17.0,PRexp,10,3.94,nan,20,Left,Left,2462,341,195,15,nan,nan,0.49
5/10/2025 4:26:58,1.17.0,PRexp,10,3.95,nan,20,Left,Left,2463,341,195,15,nan,nan,0.28
5/10/2025 4:27:01,1.17.0,PRexp,10,3.95,nan,20,Left,Left,2464,341,195,15,nan,nan,0.12
5/10/2025 4:27:03,1.17.0,PRexp,10,3.95,nan,20,Left,Left,2465,341,195,15,nan,nan,0.14
5/10/2025 4:27:04,1.17.0,PRexp,10,3.95,nan,20,Left,Left,2466,341,195,15,nan,nan,0.00
5/10/2025 4:27:06,1.17.0,PRexp,10,3.96,nan,20,Left,Left,2467,341,195,15,nan,nan,0.00
5/10/2025 4:27:09,1.17.0,PRexp,10,3.95,nan,20,Left,Left,2468,341,195,15,nan,nan,0.23
5/10/2025 4:27:12,1.17.0,PRexp,10,3.95,nan,20,Left,Left,2469,341,195,15,nan,nan,0.37
5/10/2025 4:27:17,1.17.0,PRexp,10,3.95,nan,20,Left,Left,2470,341,195,15,nan,nan,0.20
5/10/2025 4:27:19,1.17.0,PRexp,10,3.95,nan,20,Left,Left,2471,341,195,15,nan,nan,0.73
5/10/2025 4:27:23,1.17.0,PRexp,10,3.95,nan,20,Left,Left,2472,341,195,15,nan,nan,0.23
5/10/2025 4:27:25,1.17.0,PRexp,10,3.95,nan,20,Left,Left,2473,341,195,15,nan,nan,0.80
5/10/2025 4:27:27,1.17.0,PRexp,10,3.95,nan,20,Left,Left,2474,341,195,15,nan,nan,0.40
5/10/2025 4:27:29,1.17.0,PRexp,10,3.95,nan,20,Left,Left,2475,341,195,15,nan,nan,0.60
5/10/2025 4:27:31,1.17.0,PRexp,10,3.95,nan,20,Left,Left,2476,341,195,15,nan,nan,0.59
5/10/2025 4:27:34,1.17.0,PRexp,10,3.95,nan,20,Left,Left,2477,341,195,15,nan,nan,0.25
5/10/2025 4:27:37,1.17.0,PRexp,10,3.95,nan,20,Left,Left,2478,341,195,15,nan,nan,0.37
5/10/2025 4:27:42,1.17.0,PRexp,10,3.95,3,20,Pellet,Left,2478,341,196,16,0.06,364,nan
5/10/2025 4:28:04,1.17.0,PRexp,10,3.95,nan,22,Left,Left,2479,341,196,16,nan,nan,0.15
5/10/2025 4:28:08,1.17.0,PRexp,10,3.95,nan,22,Left,Left,2480,341,196,16,nan,nan,0.22
5/10/2025 4:31:46,1.17.0,PRexp,10,3.95,nan,22,Left,Left,2481,341,196,16,nan,nan,0.12
5/10/2025 4:31:49,1.17.0,PRexp,10,3.94,nan,22,Left,Left,2482,341,196,16,nan,nan,0.03
5/10/2025 4:31:54,1.17.0,PRexp,10,3.95,nan,22,Left,Left,2483,341,196,16,nan,nan,0.73
5/10/2025 4:31:57,1.17.0,PRexp,10,3.95,nan,22,Left,Left,2484,341,196,16,nan,nan,0.21
5/10/2025 4:31:59,1.17.0,PRexp,10,3.95,nan,22,Left,Left,2485,341,196,16,nan,nan,0.84
5/10/2025 4:32:02,1.17.0,PRexp,10,3.94,nan,22,Left,Left,2486,341,196,16,nan,nan,0.49
5/10/2025 4:32:04,1.17.0,PRexp,10,3.95,nan,22,Left,Left,2487,341,196,16,nan,nan,0.15
5/10/2025 4:32:06,1.17.0,PRexp,10,3.95,nan,22,Left,Left,2488,341,196,16,nan,nan,0.58
5/10/2025 4:32:10,1.17.0,PRexp,10,3.95,nan,22,Left,Left,2489,341,196,16,nan,nan,0.55
5/10/2025 4:32:12,1.17.0,PRexp,10,3.95,nan,22,Left,Left,2490,341,196,16,nan,nan,0.53
5/10/2025 4:32:17,1.17.0,PRexp,10,3.95,nan,22,Left,Left,2491,341,196,16,nan,nan,0.49
5/10/2025 4:32:20,1.17.0,PRexp,10,3.95,nan,22,Left,Left,2492,341,196,16,nan,nan,0.32
5/10/2025 5:03:10,1.17.0,PRexp,10,3.95,nan,1,Left,Left,2493,341,196,0,nan,nan,0.43
5/10/2025 5:03:14,1.17.0,PRexp,10,3.95,2,1,Pellet,Left,2493,341,197,1,0.92,2131,nan
5/10/2025 5:03:46,1.17.0,PRexp,10,3.95,nan,1,Left,Left,2494,341,197,1,nan,nan,0.31
5/10/2025 5:03:48,1.17.0,PRexp,10,3.94,2,1,Pellet,Left,2494,341,198,2,0.12,35,nan
5/10/2025 5:04:24,1.17.0,PRexp,10,3.95,nan,2,Left,Left,2495,341,198,2,nan,nan,0.30
5/10/2025 5:04:28,1.17.0,PRexp,10,3.94,nan,2,Left,Left,2496,341,198,2,nan,nan,0.72
5/10/2025 5:04:31,1.17.0,PRexp,10,3.95,2,2,Pellet,Left,2496,341,199,3,0.12,43,nan
5/10/2025 5:04:57,1.17.0,PRexp,10,3.94,nan,2,Left,Left,2497,341,199,3,nan,nan,0.21
5/10/2025 5:05:02,1.17.0,PRexp,10,3.95,nan,2,Left,Left,2498,341,199,3,nan,nan,0.30
5/10/2025 5:05:08,1.17.0,PRexp,10,3.94,4,2,Pellet,Left,2498,341,200,4,0.06,37,nan
5/10/2025 5:05:33,1.17.0,PRexp,10,3.95,nan,3,Left,Left,2499,341,200,4,nan,nan,0.05
5/10/2025 5:05:35,1.17.0,PRexp,10,3.94,nan,3,Left,Left,2500,341,200,4,nan,nan,0.37
5/10/2025 5:05:39,1.17.0,PRexp,10,3.95,nan,3,Left,Left,2501,341,200,4,nan,nan,0.41
5/10/2025 5:05:42,1.17.0,PRexp,10,3.95,1,3,Pellet,Left,2501,341,201,5,0.18,34,nan
5/10/2025 5:06:09,1.17.0,PRexp,10,3.95,nan,4,Left,Left,2502,341,201,5,nan,nan,0.06
5/10/2025 5:06:13,1.17.0,PRexp,10,3.95,nan,4,Left,Left,2503,341,201,5,nan,nan,0.42
5/10/2025 5:06:17,1.17.0,PRexp,10,3.95,nan,4,Left,Left,2504,341,201,5,nan,nan,0.48
5/10/2025 5:06:21,1.17.0,PRexp,10,3.95,nan,4,Left,Left,2505,341,201,5,nan,nan,0.27
5/10/2025 5:06:24,1.17.0,PRexp,10,3.94,2,4,Pellet,Left,2505,341,202,6,0.24,41,nan
5/10/2025 5:06:53,1.17.0,PRexp,10,3.95,nan,5,Left,Left,2506,341,202,6,nan,nan,0.05
5/10/2025 5:07:01,1.17.0,PRexp,10,3.94,nan,5,Left,Left,2507,341,202,6,nan,nan,0.19
5/10/2025 5:07:02,1.17.0,PRexp,10,3.95,nan,5,Left,Left,2508,341,202,6,nan,nan,0.00
5/10/2025 5:07:08,1.17.0,PRexp,10,3.94,nan,5,Left,Left,2509,341,202,6,nan,nan,0.25
5/10/2025 5:07:13,1.17.0,PRexp,10,3.95,nan,5,Left,Left,2510,341,202,6,nan,nan,0.83
5/10/2025 5:07:17,1.17.0,PRexp,10,3.95,2,5,Pellet,Left,2510,341,203,7,0.18,54,nan
5/10/2025 5:07:50,1.17.0,PRexp,10,3.94,nan,6,Left,Left,2511,341,203,7,nan,nan,0.24
5/10/2025 5:07:53,1.17.0,PRexp,10,3.94,nan,6,Left,Left,2512,341,203,7,nan,nan,0.35
5/10/2025 5:08:00,1.17.0,PRexp,10,3.95,nan,6,Left,Left,2513,341,203,7,nan,nan,0.00
5/10/2025 5:08:10,1.17.0,PRexp,10,3.95,nan,6,Left,Left,2514,341,203,7,nan,nan,0.68
5/10/2025 5:08:12,1.17.0,PRexp,10,3.95,nan,6,Left,Left,2515,341,203,7,nan,nan,0.55
5/10/2025 5:08:14,1.17.0,PRexp,10,3.95,nan,6,Left,Left,2516,341,203,7,nan,nan,0.88
5/10/2025 5:08:17,1.17.0,PRexp,10,3.94,2,6,Pellet,Left,2516,341,204,8,0.12,60,nan
5/10/2025 5:08:39,1.17.0,PRexp,10,3.95,nan,7,Left,Left,2517,341,204,8,nan,nan,0.31
5/10/2025 5:08:41,1.17.0,PRexp,10,3.94,nan,7,Left,Left,2518,341,204,8,nan,nan,0.64
5/10/2025 5:08:44,1.17.0,PRexp,10,3.95,nan,7,Left,Left,2519,341,204,8,nan,nan,0.72
5/10/2025 5:08:48,1.17.0,PRexp,10,3.95,nan,7,Left,Left,2520,341,204,8,nan,nan,0.45
5/10/2025 5:08:54,1.17.0,PRexp,10,3.94,nan,7,Left,Left,2521,341,204,8,nan,nan,0.00
5/10/2025 5:08:56,1.17.0,PRexp,10,3.94,nan,7,Left,Left,2522,341,204,8,nan,nan,0.62
5/10/2025 5:08:59,1.17.0,PRexp,10,3.95,nan,7,Left,Left,2523,341,204,8,nan,nan,0.66
5/10/2025 5:09:02,1.17.0,PRexp,10,3.95,2,7,Pellet,Left,2523,341,205,9,0.24,44,nan
5/10/2025 5:09:19,1.17.0,PRexp,10,3.94,nan,9,Left,Left,2524,341,205,9,nan,nan,0.19
5/10/2025 5:09:29,1.17.0,PRexp,10,3.95,nan,9,Left,Left,2525,341,205,9,nan,nan,0.23
5/10/2025 5:09:37,1.17.0,PRexp,10,3.95,nan,9,Left,Left,2526,341,205,9,nan,nan,0.25
5/10/2025 5:09:39,1.17.0,PRexp,10,3.95,nan,9,Left,Left,2527,341,205,9,nan,nan,0.00
5/10/2025 5:09:43,1.17.0,PRexp,10,3.95,nan,9,Left,Left,2528,341,205,9,nan,nan,0.54
5/10/2025 5:09:48,1.17.0,PRexp,10,3.95,nan,9,Left,Left,2529,341,205,9,nan,nan,0.86
5/10/2025 5:09:51,1.17.0,PRexp,10,3.94,nan,9,Left,Left,2530,341,205,9,nan,nan,0.47
5/10/2025 5:09:55,1.17.0,PRexp,10,3.95,nan,9,Left,Left,2531,341,205,9,nan,nan,0.56
5/10/2025 5:10:00,1.17.0,PRexp,10,3.95,nan,9,Left,Left,2532,341,205,9,nan,nan,0.20
5/10/2025 5:10:18,1.17.0,PRexp,10,3.95,3,9,Pellet,Left,2532,341,206,10,13.86,77,nan
5/10/2025 5:11:34,1.17.0,PRexp,10,3.94,nan,10,Left,Left,2533,341,206,10,nan,nan,0.58
5/10/2025 5:11:36,1.17.0,PRexp,10,3.94,nan,10,Left,Left,2534,341,206,10,nan,nan,0.25
5/10/2025 5:11:38,1.17.0,PRexp,10,3.95,nan,10,Left,Left,2535,341,206,10,nan,nan,0.70
5/10/2025 5:11:40,1.17.0,PRexp,10,3.94,nan,10,Left,Left,2536,341,206,10,nan,nan,0.34
5/10/2025 5:11:41,1.17.0,PRexp,10,3.94,nan,10,Left,Left,2537,341,206,10,nan,nan,0.11
5/10/2025 5:11:45,1.17.0,PRexp,10,3.95,nan,10,Left,Left,2538,341,206,10,nan,nan,0.34
5/10/2025 5:11:48,1.17.0,PRexp,10,3.95,nan,10,Left,Left,2539,341,206,10,nan,nan,0.35
5/10/2025 5:11:53,1.17.0,PRexp,10,3.95,nan,10,Left,Left,2540,341,206,10,nan,nan,0.49
5/10/2025 5:11:57,1.17.0,PRexp,10,3.95,nan,10,Left,Left,2541,341,206,10,nan,nan,0.71
5/10/2025 5:11:59,1.17.0,PRexp,10,3.95,nan,10,Left,Left,2542,341,206,10,nan,nan,0.10
5/10/2025 5:12:02,1.17.0,PRexp,10,3.94,2,10,Pellet,Left,2542,341,207,11,0.06,104,nan
5/10/2025 5:12:45,1.17.0,PRexp,10,3.95,nan,12,Left,Left,2543,341,207,11,nan,nan,0.01
5/10/2025 5:12:47,1.17.0,PRexp,10,3.95,nan,12,Left,Left,2544,341,207,11,nan,nan,0.38
5/10/2025 5:12:49,1.17.0,PRexp,10,3.94,nan,12,Left,Left,2545,341,207,11,nan,nan,0.84
5/10/2025 5:12:55,1.17.0,PRexp,10,3.95,nan,12,Left,Left,2546,341,207,11,nan,nan,0.92
5/10/2025 5:12:59,1.17.0,PRexp,10,3.94,nan,12,Left,Left,2547,341,207,11,nan,nan,0.29
5/10/2025 5:13:05,1.17.0,PRexp,10,3.94,nan,12,Left,Left,2548,341,207,11,nan,nan,0.81
5/10/2025 5:13:08,1.17.0,PRexp,10,3.95,nan,12,Left,Left,2549,341,207,11,nan,nan,0.39
5/10/2025 5:13:11,1.17.0,PRexp,10,3.95,nan,12,Left,Left,2550,341,207,11,nan,nan,0.42
5/10/2025 5:13:13,1.17.0,PRexp,10,3.94,nan,12,Left,Left,2551,341,207,11,nan,nan,0.53
5/10/2025 5:13:17,1.17.0,PRexp,10,3.95,nan,12,Left,Left,2552,341,207,11,nan,nan,0.16
5/10/2025 5:13:20,1.17.0,PRexp,10,3.94,nan,12,Left,Left,2553,341,207,11,nan,nan,0.38
5/10/2025 5:13:23,1.17.0,PRexp,10,3.94,nan,12,Left,Left,2554,341,207,11,nan,nan,0.33
5/10/2025 5:13:28,1.17.0,PRexp,10,3.95,2,12,Pellet,Left,2554,341,208,12,0.06,86,nan
5/10/2025 5:16:07,1.17.0,PRexp,10,3.95,nan,13,Right,Left,2554,342,208,12,nan,nan,0.29
5/10/2025 5:16:10,1.17.0,PRexp,10,3.95,nan,13,Left,Left,2555,342,208,12,nan,nan,0.34
5/10/2025 5:16:14,1.17.0,PRexp,10,3.94,nan,13,Left,Left,2556,342,208,12,nan,nan,0.81
5/10/2025 5:16:16,1.17.0,PRexp,10,3.95,nan,13,Left,Left,2557,342,208,12,nan,nan,0.03
5/10/2025 5:16:24,1.17.0,PRexp,10,3.94,nan,13,Left,Left,2558,342,208,12,nan,nan,0.00
5/10/2025 5:16:28,1.17.0,PRexp,10,3.94,nan,13,Left,Left,2559,342,208,12,nan,nan,0.19
5/10/2025 5:16:30,1.17.0,PRexp,10,3.95,nan,13,Left,Left,2560,342,208,12,nan,nan,0.77
5/10/2025 5:16:34,1.17.0,PRexp,10,3.95,nan,13,Left,Left,2561,342,208,12,nan,nan,0.50
5/10/2025 5:16:38,1.17.0,PRexp,10,3.95,nan,13,Left,Left,2562,342,208,12,nan,nan,0.30
5/10/2025 5:16:41,1.17.0,PRexp,10,3.95,nan,13,Left,Left,2563,342,208,12,nan,nan,0.40
5/10/2025 5:16:46,1.17.0,PRexp,10,3.95,nan,13,Left,Left,2564,342,208,12,nan,nan,0.81
5/10/2025 5:16:49,1.17.0,PRexp,10,3.95,nan,13,Left,Left,2565,342,208,12,nan,nan,0.25
5/10/2025 5:16:52,1.17.0,PRexp,10,3.95,nan,13,Left,Left,2566,342,208,12,nan,nan,0.50
5/10/2025 5:16:59,1.17.0,PRexp,10,3.95,nan,13,Right,Left,2566,343,208,12,nan,nan,0.42
5/10/2025 5:33:37,1.17.0,PRexp,10,3.95,nan,13,Left,Left,2567,343,208,12,nan,nan,0.31
5/10/2025 5:33:39,1.17.0,PRexp,10,3.95,2,13,Pellet,Left,2567,343,209,13,0.24,1211,nan
5/10/2025 5:34:19,1.17.0,PRexp,10,3.95,nan,15,Left,Left,2568,343,209,13,nan,nan,0.74
5/10/2025 5:34:22,1.17.0,PRexp,10,3.94,nan,15,Left,Left,2569,343,209,13,nan,nan,0.32
5/10/2025 5:34:25,1.17.0,PRexp,10,3.95,nan,15,Left,Left,2570,343,209,13,nan,nan,0.22
5/10/2025 5:34:31,1.17.0,PRexp,10,3.94,nan,15,Left,Left,2571,343,209,13,nan,nan,0.00
5/10/2025 5:34:36,1.17.0,PRexp,10,3.95,nan,15,Left,Left,2572,343,209,13,nan,nan,0.42
5/10/2025 5:34:40,1.17.0,PRexp,10,3.95,nan,15,Left,Left,2573,343,209,13,nan,nan,0.33
5/10/2025 5:34:42,1.17.0,PRexp,10,3.95,nan,15,Left,Left,2574,343,209,13,nan,nan,0.00
5/10/2025 5:34:45,1.17.0,PRexp,10,3.94,nan,15,Left,Left,2575,343,209,13,nan,nan,0.11
5/10/2025 5:34:54,1.17.0,PRexp,10,3.94,nan,15,Left,Left,2576,343,209,13,nan,nan,0.62
5/10/2025 5:34:59,1.17.0,PRexp,10,3.95,nan,15,Left,Left,2577,343,209,13,nan,nan,0.44
5/10/2025 5:35:03,1.17.0,PRexp,10,3.95,nan,15,Left,Left,2578,343,209,13,nan,nan,0.88
5/10/2025 5:35:06,1.17.0,PRexp,10,3.94,nan,15,Left,Left,2579,343,209,13,nan,nan,0.04
5/10/2025 5:35:07,1.17.0,PRexp,10,3.95,nan,15,Left,Left,2580,343,209,13,nan,nan,0.00
5/10/2025 5:35:11,1.17.0,PRexp,10,3.95,nan,15,Left,Left,2581,343,209,13,nan,nan,0.38
5/10/2025 5:35:23,1.17.0,PRexp,10,3.94,nan,15,Left,Left,2582,343,209,13,nan,nan,0.35
5/10/2025 5:35:28,1.17.0,PRexp,10,3.94,3,15,Pellet,Left,2582,343,210,14,0.06,109,nan
5/10/2025 5:35:57,1.17.0,PRexp,10,3.95,nan,17,Left,Left,2583,343,210,14,nan,nan,0.04
5/10/2025 5:36:00,1.17.0,PRexp,10,3.95,nan,17,Left,Left,2584,343,210,14,nan,nan,0.22
5/10/2025 5:36:09,1.17.0,PRexp,10,3.94,nan,17,Left,Left,2585,343,210,14,nan,nan,0.76
5/10/2025 5:36:14,1.17.0,PRexp,10,3.94,nan,17,Left,Left,2586,343,210,14,nan,nan,0.10
5/10/2025 5:36:21,1.17.0,PRexp,10,3.95,nan,17,Left,Left,2587,343,210,14,nan,nan,0.33
5/10/2025 5:36:25,1.17.0,PRexp,10,3.94,nan,17,Left,Left,2588,343,210,14,nan,nan,0.57
5/10/2025 5:36:28,1.17.0,PRexp,10,3.94,nan,17,Left,Left,2589,343,210,14,nan,nan,0.16
5/10/2025 5:36:31,1.17.0,PRexp,10,3.95,nan,17,Left,Left,2590,343,210,14,nan,nan,0.46
5/10/2025 5:36:35,1.17.0,PRexp,10,3.95,nan,17,Left,Left,2591,343,210,14,nan,nan,0.81
5/10/2025 5:36:39,1.17.0,PRexp,10,3.94,nan,17,Left,Left,2592,343,210,14,nan,nan,0.57
5/10/2025 5:47:14,1.17.0,PRexp,10,3.95,nan,17,Left,Left,2593,343,210,14,nan,nan,0.09
5/10/2025 5:59:08,1.17.0,PRexp,10,3.95,nan,17,Left,Left,2594,343,210,14,nan,nan,0.77
5/10/2025 5:59:48,1.17.0,PRexp,10,3.94,nan,17,Left,Left,2595,343,210,14,nan,nan,3.33
5/10/2025 5:59:52,1.17.0,PRexp,10,3.94,nan,17,Left,Left,2596,343,210,14,nan,nan,2.31
5/10/2025 5:59:55,1.17.0,PRexp,10,3.95,nan,17,Left,Left,2597,343,210,14,nan,nan,0.13
5/10/2025 5:59:58,1.17.0,PRexp,10,3.94,nan,17,Left,Left,2598,343,210,14,nan,nan,0.00
5/10/2025 6:00:01,1.17.0,PRexp,10,3.95,nan,17,Left,Left,2599,343,210,14,nan,nan,0.57
5/10/2025 6:00:04,1.17.0,PRexp,10,3.94,2,17,Pellet,Left,2599,343,211,15,0.42,1476,nan
5/10/2025 6:00:37,1.17.0,PRexp,10,3.94,nan,20,Left,Left,2600,343,211,15,nan,nan,0.08
5/10/2025 6:00:38,1.17.0,PRexp,10,3.94,nan,20,Left,Left,2601,343,211,15,nan,nan,0.03
5/10/2025 6:00:45,1.17.0,PRexp,10,3.94,nan,20,Left,Left,2602,343,211,15,nan,nan,1.18
5/10/2025 6:00:49,1.17.0,PRexp,10,3.93,nan,20,Left,Left,2603,343,211,15,nan,nan,0.18
5/10/2025 6:00:53,1.17.0,PRexp,10,3.94,nan,20,Left,Left,2604,343,211,15,nan,nan,0.49
5/10/2025 6:00:59,1.17.0,PRexp,10,3.94,nan,20,Left,Left,2605,343,211,15,nan,nan,0.50
5/10/2025 6:01:04,1.17.0,PRexp,10,3.95,nan,20,Left,Left,2606,343,211,15,nan,nan,0.62
5/10/2025 6:01:08,1.17.0,PRexp,10,3.95,nan,20,Left,Left,2607,343,211,15,nan,nan,0.79
5/10/2025 6:01:13,1.17.0,PRexp,10,3.94,nan,20,Left,Left,2608,343,211,15,nan,nan,0.36
5/10/2025 6:01:17,1.17.0,PRexp,10,3.94,nan,20,Left,Left,2609,343,211,15,nan,nan,0.58
5/10/2025 6:01:21,1.17.0,PRexp,10,3.94,nan,20,Left,Left,2610,343,211,15,nan,nan,0.44
5/10/2025 6:01:25,1.17.0,PRexp,10,3.95,nan,20,Left,Left,2611,343,211,15,nan,nan,1.80
5/10/2025 6:01:29,1.17.0,PRexp,10,3.95,nan,20,Left,Left,2612,343,211,15,nan,nan,0.38
5/10/2025 6:01:31,1.17.0,PRexp,10,3.94,nan,20,Left,Left,2613,343,211,15,nan,nan,0.35
5/10/2025 6:01:34,1.17.0,PRexp,10,3.94,nan,20,Left,Left,2614,343,211,15,nan,nan,0.41
5/10/2025 6:01:37,1.17.0,PRexp,10,3.95,nan,20,Left,Left,2615,343,211,15,nan,nan,0.33
5/10/2025 6:01:39,1.17.0,PRexp,10,3.94,nan,20,Left,Left,2616,343,211,15,nan,nan,0.00
5/10/2025 6:01:42,1.17.0,PRexp,10,3.95,nan,20,Left,Left,2617,343,211,15,nan,nan,0.63
5/10/2025 6:01:45,1.17.0,PRexp,10,3.94,nan,20,Left,Left,2618,343,211,15,nan,nan,0.39
5/10/2025 6:01:46,1.17.0,PRexp,10,3.94,nan,20,Left,Left,2619,343,211,15,nan,nan,0.40
5/10/2025 6:01:49,1.17.0,PRexp,10,3.94,2,20,Pellet,Left,2619,343,212,16,0.18,105,nan
5/10/2025 6:02:32,1.17.0,PRexp,10,3.95,nan,22,Left,Left,2620,343,212,16,nan,nan,0.14
5/10/2025 6:02:34,1.17.0,PRexp,10,3.95,nan,22,Left,Left,2621,343,212,16,nan,nan,0.20
5/10/2025 6:02:39,1.17.0,PRexp,10,3.95,nan,22,Left,Left,2622,343,212,16,nan,nan,1.22
5/10/2025 6:02:44,1.17.0,PRexp,10,3.94,nan,22,Left,Left,2623,343,212,16,nan,nan,0.07
5/10/2025 6:02:48,1.17.0,PRexp,10,3.94,nan,22,Left,Left,2624,343,212,16,nan,nan,0.36
5/10/2025 6:10:45,1.17.0,PRexp,10,3.95,nan,22,Left,Left,2625,343,212,16,nan,nan,0.20
5/10/2025 6:10:51,1.17.0,PRexp,10,3.94,nan,22,Left,Left,2626,343,212,16,nan,nan,0.83
5/10/2025 6:10:58,1.17.0,PRexp,10,3.95,nan,22,Left,Left,2627,343,212,16,nan,nan,1.99
5/10/2025 6:11:02,1.17.0,PRexp,10,3.94,nan,22,Left,Left,2628,343,212,16,nan,nan,0.30
5/10/2025 6:11:09,1.17.0,PRexp,10,3.94,nan,22,Left,Left,2629,343,212,16,nan,nan,3.12
5/10/2025 6:11:12,1.17.0,PRexp,10,3.94,nan,22,Left,Left,2630,343,212,16,nan,nan,0.72
5/10/2025 6:11:18,1.17.0,PRexp,10,3.94,nan,22,Left,Left,2631,343,212,16,nan,nan,1.52
5/10/2025 6:11:22,1.17.0,PRexp,10,3.94,nan,22,Left,Left,2632,343,212,16,nan,nan,1.84
5/10/2025 6:11:26,1.17.0,PRexp,10,3.94,nan,22,Left,Left,2633,343,212,16,nan,nan,0.46
5/10/2025 6:11:33,1.17.0,PRexp,10,3.94,nan,22,Left,Left,2634,343,212,16,nan,nan,2.62
5/10/2025 6:11:37,1.17.0,PRexp,10,3.94,nan,22,Left,Left,2635,343,212,16,nan,nan,1.26
5/10/2025 6:11:40,1.17.0,PRexp,10,3.95,nan,22,Left,Left,2636,343,212,16,nan,nan,1.31
5/10/2025 6:11:44,1.17.0,PRexp,10,3.94,nan,22,Left,Left,2637,343,212,16,nan,nan,0.00
5/10/2025 6:11:49,1.17.0,PRexp,10,3.94,nan,22,Left,Left,2638,343,212,16,nan,nan,1.11
5/10/2025 6:11:53,1.17.0,PRexp,10,3.94,nan,22,Left,Left,2639,343,212,16,nan,nan,0.03
5/10/2025 6:11:54,1.17.0,PRexp,10,3.95,nan,22,Left,Left,2640,343,212,16,nan,nan,0.00
5/10/2025 6:11:56,1.17.0,PRexp,10,3.94,nan,22,Left,Left,2641,343,212,16,nan,nan,0.06
5/10/2025 6:12:19,1.17.0,PRexp,10,3.95,3,22,Pellet,Left,2641,343,213,17,16.63,630,nan
5/10/2025 6:19:49,1.17.0,PRexp,10,3.94,nan,25,Left,Left,2642,343,213,17,nan,nan,0.62
5/10/2025 6:19:56,1.17.0,PRexp,10,3.94,nan,25,Left,Left,2643,343,213,17,nan,nan,0.44
5/10/2025 6:20:00,1.17.0,PRexp,10,3.95,nan,25,Left,Left,2644,343,213,17,nan,nan,0.54
5/10/2025 6:20:07,1.17.0,PRexp,10,3.94,nan,25,Left,Left,2645,343,213,17,nan,nan,1.13
5/10/2025 6:20:11,1.17.0,PRexp,10,3.95,nan,25,Left,Left,2646,343,213,17,nan,nan,0.87
5/10/2025 6:20:16,1.17.0,PRexp,10,3.95,nan,25,Left,Left,2647,343,213,17,nan,nan,0.82
5/10/2025 6:20:20,1.17.0,PRexp,10,3.94,nan,25,Left,Left,2648,343,213,17,nan,nan,0.75
5/10/2025 6:20:25,1.17.0,PRexp,10,3.94,nan,25,Left,Left,2649,343,213,17,nan,nan,0.66
5/10/2025 6:20:29,1.17.0,PRexp,10,3.94,nan,25,Left,Left,2650,343,213,17,nan,nan,1.04
5/10/2025 6:20:32,1.17.0,PRexp,10,3.95,nan,25,Left,Left,2651,343,213,17,nan,nan,0.72
5/10/2025 6:20:34,1.17.0,PRexp,10,3.94,nan,25,Left,Left,2652,343,213,17,nan,nan,0.77
5/10/2025 6:20:38,1.17.0,PRexp,10,3.94,nan,25,Left,Left,2653,343,213,17,nan,nan,0.81
5/10/2025 6:20:39,1.17.0,PRexp,10,3.94,nan,25,Left,Left,2654,343,213,17,nan,nan,0.00
5/10/2025 6:20:43,1.17.0,PRexp,10,3.94,nan,25,Left,Left,2655,343,213,17,nan,nan,1.14
5/10/2025 6:20:46,1.17.0,PRexp,10,3.94,nan,25,Left,Left,2656,343,213,17,nan,nan,0.83
5/10/2025 6:20:48,1.17.0,PRexp,10,3.94,nan,25,Left,Left,2657,343,213,17,nan,nan,0.75
5/10/2025 6:20:51,1.17.0,PRexp,10,3.94,nan,25,Left,Left,2658,343,213,17,nan,nan,0.41
5/10/2025 6:20:54,1.17.0,PRexp,10,3.94,nan,25,Left,Left,2659,343,213,17,nan,nan,0.22
5/10/2025 6:20:58,1.17.0,PRexp,10,3.94,nan,25,Left,Left,2660,343,213,17,nan,nan,2.00
5/10/2025 6:20:59,1.17.0,PRexp,10,3.94,nan,25,Left,Left,2661,343,213,17,nan,nan,0.41
5/10/2025 6:21:08,1.17.0,PRexp,10,3.94,nan,25,Left,Left,2662,343,213,17,nan,nan,0.58
5/10/2025 6:21:11,1.17.0,PRexp,10,3.94,nan,25,Left,Left,2663,343,213,17,nan,nan,1.20
5/10/2025 6:21:14,1.17.0,PRexp,10,3.94,nan,25,Left,Left,2664,343,213,17,nan,nan,0.78
5/10/2025 6:21:15,1.17.0,PRexp,10,3.95,nan,25,Left,Left,2665,343,213,17,nan,nan,0.49
5/10/2025 6:21:19,1.17.0,PRexp,10,3.94,nan,25,Left,Left,2666,343,213,17,nan,nan,0.69
5/10/2025 6:21:22,1.17.0,PRexp,10,3.94,2,25,Pellet,Left,2666,343,214,18,0.36,543,nan
5/10/2025 6:21:46,1.17.0,PRexp,10,3.95,nan,28,Left,Left,2667,343,214,18,nan,nan,0.74
5/10/2025 6:21:50,1.17.0,PRexp,10,3.94,nan,28,Left,Left,2668,343,214,18,nan,nan,0.30
5/10/2025 6:21:52,1.17.0,PRexp,10,3.94,nan,28,Left,Left,2669,343,214,18,nan,nan,0.13
5/10/2025 6:21:55,1.17.0,PRexp,10,3.95,nan,28,Left,Left,2670,343,214,18,nan,nan,0.27
5/10/2025 6:28:17,1.17.0,PRexp,10,3.94,nan,28,Left,Left,2671,343,214,18,nan,nan,0.40
5/10/2025 6:28:19,1.17.0,PRexp,10,3.94,nan,28,Left,Left,2672,343,214,18,nan,nan,0.10
5/10/2025 6:37:22,1.17.0,PRexp,10,3.94,nan,28,Left,Left,2673,343,214,18,nan,nan,0.44
5/10/2025 6:37:24,1.17.0,PRexp,10,3.94,nan,28,Left,Left,2674,343,214,18,nan,nan,0.14
5/10/2025 6:37:29,1.17.0,PRexp,10,3.94,nan,28,Left,Left,2675,343,214,18,nan,nan,0.43
5/10/2025 6:37:31,1.17.0,PRexp,10,3.94,nan,28,Left,Left,2676,343,214,18,nan,nan,0.41
5/10/2025 6:37:33,1.17.0,PRexp,10,3.94,nan,28,Left,Left,2677,343,214,18,nan,nan,0.82
5/10/2025 6:37:36,1.17.0,PRexp,10,3.94,nan,28,Left,Left,2678,343,214,18,nan,nan,0.68
5/10/2025 6:37:40,1.17.0,PRexp,10,3.95,nan,28,Left,Left,2679,343,214,18,nan,nan,0.69
5/10/2025 6:37:43,1.17.0,PRexp,10,3.94,nan,28,Left,Left,2680,343,214,18,nan,nan,0.63
5/10/2025 6:37:46,1.17.0,PRexp,10,3.94,nan,28,Left,Left,2681,343,214,18,nan,nan,0.47
5/10/2025 6:37:50,1.17.0,PRexp,10,3.94,nan,28,Left,Left,2682,343,214,18,nan,nan,0.71
5/10/2025 6:37:52,1.17.0,PRexp,10,3.94,nan,28,Left,Left,2683,343,214,18,nan,nan,0.50
5/10/2025 6:37:55,1.17.0,PRexp,10,3.94,nan,28,Left,Left,2684,343,214,18,nan,nan,0.07
5/10/2025 6:37:58,1.17.0,PRexp,10,3.94,nan,28,Left,Left,2685,343,214,18,nan,nan,0.31
5/10/2025 6:37:59,1.17.0,PRexp,10,3.94,nan,28,Left,Left,2686,343,214,18,nan,nan,0.00
5/10/2025 6:38:02,1.17.0,PRexp,10,3.95,nan,28,Left,Left,2687,343,214,18,nan,nan,1.08
5/10/2025 6:38:04,1.17.0,PRexp,10,3.95,nan,28,Left,Left,2688,343,214,18,nan,nan,0.00
5/10/2025 6:38:06,1.17.0,PRexp,10,3.95,nan,28,Left,Left,2689,343,214,18,nan,nan,0.02
5/10/2025 6:38:07,1.17.0,PRexp,10,3.94,nan,28,Left,Left,2690,343,214,18,nan,nan,0.42
5/10/2025 6:38:09,1.17.0,PRexp,10,3.94,nan,28,Left,Left,2691,343,214,18,nan,nan,0.35
5/10/2025 6:38:11,1.17.0,PRexp,10,3.94,nan,28,Left,Left,2692,343,214,18,nan,nan,0.85
5/10/2025 6:38:16,1.17.0,PRexp,10,3.95,nan,28,Left,Left,2693,343,214,18,nan,nan,0.31
5/10/2025 6:38:18,1.17.0,PRexp,10,3.94,nan,28,Left,Left,2694,343,214,18,nan,nan,0.13
5/10/2025 6:38:22,1.17.0,PRexp,10,3.94,2,28,Pellet,Left,2694,343,215,19,0.24,1020,nan
5/10/2025 6:38:54,1.17.0,PRexp,10,3.94,nan,32,Left,Left,2695,343,215,19,nan,nan,0.10
5/10/2025 6:38:57,1.17.0,PRexp,10,3.94,nan,32,Left,Left,2696,343,215,19,nan,nan,0.27
5/10/2025 6:39:05,1.17.0,PRexp,10,3.95,nan,32,Left,Left,2697,343,215,19,nan,nan,1.31
5/10/2025 6:39:08,1.17.0,PRexp,10,3.95,nan,32,Left,Left,2698,343,215,19,nan,nan,0.50
5/10/2025 6:39:12,1.17.0,PRexp,10,3.94,nan,32,Left,Left,2699,343,215,19,nan,nan,1.05
5/10/2025 6:39:14,1.17.0,PRexp,10,3.95,nan,32,Left,Left,2700,343,215,19,nan,nan,0.42
5/10/2025 6:39:20,1.17.0,PRexp,10,3.94,nan,32,Left,Left,2701,343,215,19,nan,nan,0.43
5/10/2025 6:39:26,1.17.0,PRexp,10,3.94,nan,32,Left,Left,2702,343,215,19,nan,nan,0.30
5/10/2025 6:39:31,1.17.0,PRexp,10,3.95,nan,32,Left,Left,2703,343,215,19,nan,nan,0.77
5/10/2025 6:39:35,1.17.0,PRexp,10,3.94,nan,32,Left,Left,2704,343,215,19,nan,nan,0.72
5/10/2025 6:39:39,1.17.0,PRexp,10,3.94,nan,32,Left,Left,2705,343,215,19,nan,nan,0.33
5/10/2025 6:39:42,1.17.0,PRexp,10,3.93,nan,32,Left,Left,2706,343,215,19,nan,nan,0.37
5/10/2025 6:39:48,1.17.0,PRexp,10,3.94,nan,32,Left,Left,2707,343,215,19,nan,nan,0.47
5/10/2025 6:39:51,1.17.0,PRexp,10,3.94,nan,32,Left,Left,2708,343,215,19,nan,nan,0.26
5/10/2025 6:39:54,1.17.0,PRexp,10,3.94,nan,32,Left,Left,2709,343,215,19,nan,nan,0.89
5/10/2025 6:39:57,1.17.0,PRexp,10,3.94,nan,32,Left,Left,2710,343,215,19,nan,nan,0.39
5/10/2025 6:40:01,1.17.0,PRexp,10,3.94,nan,32,Left,Left,2711,343,215,19,nan,nan,0.36
5/10/2025 6:40:03,1.17.0,PRexp,10,3.94,nan,32,Left,Left,2712,343,215,19,nan,nan,0.65
5/10/2025 6:40:07,1.17.0,PRexp,10,3.94,nan,32,Left,Left,2713,343,215,19,nan,nan,0.44
5/10/2025 6:40:09,1.17.0,PRexp,10,3.94,nan,32,Left,Left,2714,343,215,19,nan,nan,1.27
5/10/2025 6:40:13,1.17.0,PRexp,10,3.94,nan,32,Left,Left,2715,343,215,19,nan,nan,1.52
5/10/2025 6:40:18,1.17.0,PRexp,10,3.94,nan,32,Left,Left,2716,343,215,19,nan,nan,1.02
5/10/2025 6:40:23,1.17.0,PRexp,10,3.94,nan,32,Left,Left,2717,343,215,19,nan,nan,0.57
5/10/2025 6:40:28,1.17.0,PRexp,10,3.94,nan,32,Left,Left,2718,343,215,19,nan,nan,0.21
5/10/2025 6:40:29,1.17.0,PRexp,10,3.94,nan,32,Left,Left,2719,343,215,19,nan,nan,0.00
5/10/2025 6:40:31,1.17.0,PRexp,10,3.94,nan,32,Left,Left,2720,343,215,19,nan,nan,0.61
5/10/2025 6:40:33,1.17.0,PRexp,10,3.94,nan,32,Left,Left,2721,343,215,19,nan,nan,0.70
5/10/2025 6:40:37,1.17.0,PRexp,10,3.94,nan,32,Left,Left,2722,343,215,19,nan,nan,0.64
5/10/2025 6:40:40,1.17.0,PRexp,10,3.94,nan,32,Left,Left,2723,343,215,19,nan,nan,0.86
5/10/2025 6:40:43,1.17.0,PRexp,10,3.94,nan,32,Left,Left,2724,343,215,19,nan,nan,1.22
5/10/2025 6:40:51,1.17.0,PRexp,10,3.94,nan,32,Left,Left,2725,343,215,19,nan,nan,0.51
5/10/2025 6:40:53,1.17.0,PRexp,10,3.94,nan,32,Left,Left,2726,343,215,19,nan,nan,0.00
5/10/2025 6:40:55,1.17.0,PRexp,10,3.94,2,32,Pellet,Left,2726,343,216,20,0.12,153,nan
5/10/2025 6:41:30,1.17.0,PRexp,10,3.94,nan,36,Left,Left,2727,343,216,20,nan,nan,0.36
5/10/2025 6:47:35,1.17.0,PRexp,10,3.94,nan,36,Left,Left,2728,343,216,20,nan,nan,0.43
5/10/2025 6:47:40,1.17.0,PRexp,10,3.94,nan,36,Left,Left,2729,343,216,20,nan,nan,0.33
5/10/2025 6:47:49,1.17.0,PRexp,10,3.95,nan,36,Left,Left,2730,343,216,20,nan,nan,0.29
5/10/2025 6:48:00,1.17.0,PRexp,10,3.94,nan,36,Left,Left,2731,343,216,20,nan,nan,0.54
5/10/2025 6:48:02,1.17.0,PRexp,10,3.94,nan,36,Left,Left,2732,343,216,20,nan,nan,0.00
5/10/2025 6:48:04,1.17.0,PRexp,10,3.94,nan,36,Left,Left,2733,343,216,20,nan,nan,0.37
5/10/2025 6:48:06,1.17.0,PRexp,10,3.94,nan,36,Left,Left,2734,343,216,20,nan,nan,0.42
5/10/2025 6:48:18,1.17.0,PRexp,10,3.94,nan,36,Right,Left,2734,344,216,20,nan,nan,0.34
5/10/2025 6:48:20,1.17.0,PRexp,10,3.94,nan,36,Right,Left,2734,345,216,20,nan,nan,0.50
5/10/2025 6:48:22,1.17.0,PRexp,10,3.94,nan,36,Right,Left,2734,346,216,20,nan,nan,0.30
5/10/2025 6:48:26,1.17.0,PRexp,10,3.95,nan,36,Left,Left,2735,346,216,20,nan,nan,0.03
5/10/2025 6:48:27,1.17.0,PRexp,10,3.94,nan,36,Right,Left,2735,347,216,20,nan,nan,0.00
5/10/2025 6:48:31,1.17.0,PRexp,10,3.94,nan,36,Left,Left,2736,347,216,20,nan,nan,0.17
5/10/2025 6:48:33,1.17.0,PRexp,10,3.94,nan,36,Left,Left,2737,347,216,20,nan,nan,0.00
5/10/2025 6:48:34,1.17.0,PRexp,10,3.94,nan,36,Right,Left,2737,348,216,20,nan,nan,0.00
5/10/2025 6:48:38,1.17.0,PRexp,10,3.94,nan,36,Left,Left,2738,348,216,20,nan,nan,0.38
5/10/2025 6:48:39,1.17.0,PRexp,10,3.94,nan,36,Left,Left,2739,348,216,20,nan,nan,0.18
5/10/2025 6:48:42,1.17.0,PRexp,10,3.94,nan,36,Left,Left,2740,348,216,20,nan,nan,0.21
5/10/2025 6:48:50,1.17.0,PRexp,10,3.94,nan,36,Left,Left,2741,348,216,20,nan,nan,0.23
5/10/2025 6:49:51,1.17.0,PRexp,10,3.94,nan,36,Left,Left,2742,348,216,20,nan,nan,0.00
5/10/2025 6:49:58,1.17.0,PRexp,10,3.94,nan,36,Left,Left,2743,348,216,20,nan,nan,0.00
5/10/2025 6:49:59,1.17.0,PRexp,10,3.94,nan,36,Left,Left,2744,348,216,20,nan,nan,0.16
5/10/2025 6:50:02,1.17.0,PRexp,10,3.94,nan,36,Left,Left,2745,348,216,20,nan,nan,0.25
5/10/2025 6:52:44,1.17.0,PRexp,10,3.94,nan,36,Right,Left,2745,349,216,20,nan,nan,0.29
5/10/2025 6:52:46,1.17.0,PRexp,10,3.95,nan,36,Left,Left,2746,349,216,20,nan,nan,0.09
5/10/2025 6:52:47,1.17.0,PRexp,10,3.94,nan,36,Right,Left,2746,350,216,20,nan,nan,0.00
5/10/2025 6:52:50,1.17.0,PRexp,10,3.94,nan,36,Left,Left,2747,350,216,20,nan,nan,0.23
5/10/2025 6:52:53,1.17.0,PRexp,10,3.94,nan,36,Left,Left,2748,350,216,20,nan,nan,0.34
5/10/2025 6:52:55,1.17.0,PRexp,10,3.94,nan,36,Left,Left,2749,350,216,20,nan,nan,0.40
5/10/2025 6:52:57,1.17.0,PRexp,10,3.94,nan,36,Left,Left,2750,350,216,20,nan,nan,0.30
5/10/2025 6:52:59,1.17.0,PRexp,10,3.95,nan,36,Left,Left,2751,350,216,20,nan,nan,0.38
5/10/2025 6:53:01,1.17.0,PRexp,10,3.95,nan,36,Left,Left,2752,350,216,20,nan,nan,0.28
5/10/2025 6:53:09,1.17.0,PRexp,10,3.95,nan,36,Left,Left,2753,350,216,20,nan,nan,0.15
5/10/2025 6:53:11,1.17.0,PRexp,10,3.94,nan,36,Left,Left,2754,350,216,20,nan,nan,0.13
5/10/2025 6:53:18,1.17.0,PRexp,10,3.94,nan,36,Left,Left,2755,350,216,20,nan,nan,0.45
5/10/2025 6:53:24,1.17.0,PRexp,10,3.95,nan,36,Left,Left,2756,350,216,20,nan,nan,0.24
5/10/2025 6:53:27,1.17.0,PRexp,10,3.94,nan,36,Left,Left,2757,350,216,20,nan,nan,0.50
5/10/2025 6:53:31,1.17.0,PRexp,10,3.94,nan,36,Left,Left,2758,350,216,20,nan,nan,0.50
5/10/2025 6:53:34,1.17.0,PRexp,10,3.94,nan,36,Left,Left,2759,350,216,20,nan,nan,0.58
5/10/2025 6:53:37,1.17.0,PRexp,10,3.94,nan,36,Left,Left,2760,350,216,20,nan,nan,0.13
5/10/2025 6:53:39,1.17.0,PRexp,10,3.94,nan,36,Left,Left,2761,350,216,20,nan,nan,0.45
5/10/2025 6:56:21,1.17.0,PRexp,10,3.94,nan,36,Left,Left,2762,350,216,20,nan,nan,0.19
5/10/2025 6:56:27,1.17.0,PRexp,10,3.94,3,36,Pellet,Left,2762,350,217,21,0.06,932,nan
5/10/2025 6:57:04,1.17.0,PRexp,10,3.94,nan,40,Left,Left,2763,350,217,21,nan,nan,0.23
5/10/2025 6:58:12,1.17.0,PRexp,10,3.94,nan,40,Right,Left,2763,351,217,21,nan,nan,0.32
5/10/2025 6:58:15,1.17.0,PRexp,10,3.94,nan,40,Left,Left,2764,351,217,21,nan,nan,0.07
5/10/2025 6:58:16,1.17.0,PRexp,10,3.94,nan,40,Right,Left,2764,352,217,21,nan,nan,0.00
5/10/2025 6:58:22,1.17.0,PRexp,10,3.94,nan,40,Left,Left,2765,352,217,21,nan,nan,0.00
5/10/2025 6:58:59,1.17.0,PRexp,10,3.94,nan,40,Right,Left,2765,353,217,21,nan,nan,0.18
5/10/2025 6:59:01,1.17.0,PRexp,10,3.95,nan,40,Left,Left,2766,353,217,21,nan,nan,0.05
5/10/2025 6:59:02,1.17.0,PRexp,10,3.94,nan,40,Right,Left,2766,354,217,21,nan,nan,0.00
5/10/2025 7:02:46,1.17.0,PRexp,10,3.94,nan,40,Left,Left,2767,354,217,21,nan,nan,0.36
5/10/2025 7:02:47,1.17.0,PRexp,10,3.94,nan,40,Left,Left,2768,354,217,21,nan,nan,0.00
5/10/2025 7:02:48,1.17.0,PRexp,10,3.94,nan,40,Left,Left,2769,354,217,21,nan,nan,0.29
5/10/2025 7:02:50,1.17.0,PRexp,10,3.94,nan,40,Left,Left,2770,354,217,21,nan,nan,0.32
5/10/2025 7:02:53,1.17.0,PRexp,10,3.94,nan,40,Left,Left,2771,354,217,21,nan,nan,0.37
5/10/2025 7:02:55,1.17.0,PRexp,10,3.95,nan,40,Left,Left,2772,354,217,21,nan,nan,0.11
5/10/2025 7:03:03,1.17.0,PRexp,10,3.94,nan,40,Left,Left,2773,354,217,21,nan,nan,0.20
5/10/2025 7:03:05,1.17.0,PRexp,10,3.94,nan,40,Left,Left,2774,354,217,21,nan,nan,0.14
5/10/2025 7:03:08,1.17.0,PRexp,10,3.94,nan,40,Left,Left,2775,354,217,21,nan,nan,0.19
5/10/2025 7:03:26,1.17.0,PRexp,10,3.95,nan,40,Right,Left,2775,355,217,21,nan,nan,0.08
5/10/2025 7:03:29,1.17.0,PRexp,10,3.95,nan,40,Left,Left,2776,355,217,21,nan,nan,0.17
5/10/2025 7:03:30,1.17.0,PRexp,10,3.94,nan,40,Left,Left,2777,355,217,21,nan,nan,0.28
5/10/2025 7:03:35,1.17.0,PRexp,10,3.95,nan,40,Right,Left,2777,356,217,21,nan,nan,0.19
5/10/2025 7:03:36,1.17.0,PRexp,10,3.94,nan,40,Left,Left,2778,356,217,21,nan,nan,0.00
5/10/2025 7:03:37,1.17.0,PRexp,10,3.94,nan,40,Left,Left,2779,356,217,21,nan,nan,0.07
5/10/2025 7:03:41,1.17.0,PRexp,10,3.95,nan,40,Left,Left,2780,356,217,21,nan,nan,0.19
5/10/2025 7:03:43,1.17.0,PRexp,10,3.94,nan,40,Left,Left,2781,356,217,21,nan,nan,0.52
5/10/2025 7:03:46,1.17.0,PRexp,10,3.94,nan,40,Left,Left,2782,356,217,21,nan,nan,0.34
5/10/2025 7:03:47,1.17.0,PRexp,10,3.94,nan,40,Left,Left,2783,356,217,21,nan,nan,0.13
5/10/2025 7:03:50,1.17.0,PRexp,10,3.94,nan,40,Left,Left,2784,356,217,21,nan,nan,0.39
5/10/2025 7:03:53,1.17.0,PRexp,10,3.94,nan,40,Left,Left,2785,356,217,21,nan,nan,0.17
5/10/2025 7:03:58,1.17.0,PRexp,10,3.94,nan,40,Left,Left,2786,356,217,21,nan,nan,0.48
5/10/2025 7:04:00,1.17.0,PRexp,10,3.94,nan,40,Left,Left,2787,356,217,21,nan,nan,0.15
5/10/2025 7:05:02,1.17.0,PRexp,10,3.94,nan,40,Left,Left,2788,356,217,21,nan,nan,0.24
5/10/2025 7:05:30,1.17.0,PRexp,10,3.94,nan,40,Left,Left,2789,356,217,21,nan,nan,0.20
5/10/2025 7:08:09,1.17.0,PRexp,10,3.94,nan,40,Right,Left,2789,357,217,21,nan,nan,0.04
5/10/2025 7:08:16,1.17.0,PRexp,10,3.94,nan,40,Right,Left,2789,358,217,21,nan,nan,0.17
5/10/2025 7:08:17,1.17.0,PRexp,10,3.94,nan,40,Left,Left,2790,358,217,21,nan,nan,0.00
5/10/2025 7:08:21,1.17.0,PRexp,10,3.94,nan,40,Left,Left,2791,358,217,21,nan,nan,0.18
5/10/2025 7:08:24,1.17.0,PRexp,10,3.94,nan,40,Left,Left,2792,358,217,21,nan,nan,0.07
5/10/2025 7:15:42,1.17.0,PRexp,10,3.95,nan,40,Left,Left,2793,358,217,21,nan,nan,0.37
5/10/2025 7:15:46,1.17.0,PRexp,10,3.94,nan,40,Left,Left,2794,358,217,21,nan,nan,0.33
5/10/2025 7:15:47,1.17.0,PRexp,10,3.94,nan,40,Left,Left,2795,358,217,21,nan,nan,0.33
5/10/2025 7:15:51,1.17.0,PRexp,10,3.94,nan,40,Left,Left,2796,358,217,21,nan,nan,0.15
5/10/2025 7:15:55,1.17.0,PRexp,10,3.94,nan,40,Left,Left,2797,358,217,21,nan,nan,0.43
5/10/2025 7:16:00,1.17.0,PRexp,10,3.94,nan,40,Left,Left,2798,358,217,21,nan,nan,0.50
5/10/2025 7:16:02,1.17.0,PRexp,10,3.94,nan,40,Left,Left,2799,358,217,21,nan,nan,0.68
5/10/2025 7:16:05,1.17.0,PRexp,10,3.94,nan,40,Left,Left,2800,358,217,21,nan,nan,0.60
5/10/2025 7:16:07,1.17.0,PRexp,10,3.94,nan,40,Left,Left,2801,358,217,21,nan,nan,0.37
5/10/2025 7:16:47,1.17.0,PRexp,10,3.94,nan,40,Left,Left,2802,358,217,21,nan,nan,0.05
5/10/2025 7:16:50,1.17.0,PRexp,10,3.94,2,40,Pellet,Left,2802,358,218,22,0.98,1223,nan
5/10/2025 7:17:17,1.17.0,PRexp,10,3.94,nan,45,Left,Left,2803,358,218,22,nan,nan,0.17
5/10/2025 7:17:28,1.17.0,PRexp,10,3.94,nan,45,Left,Left,2804,358,218,22,nan,nan,0.19
5/10/2025 8:09:10,1.17.0,PRexp,10,3.94,nan,1,Left,Left,2805,358,218,0,nan,nan,0.02
5/10/2025 8:09:12,1.17.0,PRexp,10,3.94,2,1,Pellet,Left,2805,358,219,1,0.36,3142,nan
5/10/2025 8:10:51,1.17.0,PRexp,10,3.94,nan,1,Left,Left,2806,358,219,1,nan,nan,0.26
5/10/2025 8:10:56,1.17.0,PRexp,10,3.94,3,1,Pellet,Left,2806,358,220,2,0.55,104,nan
5/10/2025 8:11:37,1.17.0,PRexp,10,3.95,nan,2,Left,Left,2807,358,220,2,nan,nan,0.67
5/10/2025 8:11:45,1.17.0,PRexp,10,3.94,nan,2,Left,Left,2808,358,220,2,nan,nan,0.94
5/10/2025 8:11:50,1.17.0,PRexp,10,3.94,3,2,Pellet,Left,2808,358,221,3,0.06,54,nan
5/10/2025 8:17:31,1.17.0,PRexp,10,3.94,nan,2,Left,Left,2809,358,221,3,nan,nan,0.62
5/10/2025 8:17:34,1.17.0,PRexp,10,3.94,nan,2,Left,Left,2810,358,221,3,nan,nan,0.67
5/10/2025 8:17:37,1.17.0,PRexp,10,3.94,2,2,Pellet,Left,2810,358,222,4,0.18,347,nan
5/10/2025 8:18:15,1.17.0,PRexp,10,3.94,nan,3,Left,Left,2811,358,222,4,nan,nan,0.88
5/10/2025 8:18:19,1.17.0,PRexp,10,3.94,nan,3,Left,Left,2812,358,222,4,nan,nan,0.44
5/10/2025 8:18:25,1.17.0,PRexp,10,3.94,nan,3,Left,Left,2813,358,222,4,nan,nan,0.68
5/10/2025 8:18:28,1.17.0,PRexp,10,3.94,2,3,Pellet,Left,2813,358,223,5,0.12,51,nan
5/10/2025 8:18:57,1.17.0,PRexp,10,3.94,nan,4,Left,Left,2814,358,223,5,nan,nan,0.13
5/10/2025 8:19:00,1.17.0,PRexp,10,3.94,nan,4,Left,Left,2815,358,223,5,nan,nan,0.08
5/10/2025 8:19:05,1.17.0,PRexp,10,3.94,nan,4,Left,Left,2816,358,223,5,nan,nan,0.79
5/10/2025 8:19:08,1.17.0,PRexp,10,3.94,nan,4,Left,Left,2817,358,223,5,nan,nan,0.47
5/10/2025 8:19:27,1.17.0,PRexp,10,3.94,4,4,Pellet,Left,2817,358,224,6,12.57,59,nan
5/10/2025 8:19:57,1.17.0,PRexp,10,3.94,nan,5,Left,Left,2818,358,224,6,nan,nan,0.09
5/10/2025 8:20:02,1.17.0,PRexp,10,3.94,nan,5,Left,Left,2819,358,224,6,nan,nan,0.19
5/10/2025 8:20:07,1.17.0,PRexp,10,3.94,nan,5,Left,Left,2820,358,224,6,nan,nan,0.52
5/10/2025 8:20:09,1.17.0,PRexp,10,3.94,nan,5,Left,Left,2821,358,224,6,nan,nan,0.12
5/10/2025 8:22:11,1.17.0,PRexp,10,3.94,nan,5,Left,Left,2822,358,224,6,nan,nan,0.28
5/10/2025 8:22:14,1.17.0,PRexp,10,3.94,2,5,Pellet,Left,2822,358,225,7,0.36,167,nan
5/10/2025 8:22:43,1.17.0,PRexp,10,3.94,nan,6,Left,Left,2823,358,225,7,nan,nan,0.09
5/10/2025 8:22:47,1.17.0,PRexp,10,3.94,nan,6,Left,Left,2824,358,225,7,nan,nan,0.70
5/10/2025 8:22:50,1.17.0,PRexp,10,3.94,nan,6,Left,Left,2825,358,225,7,nan,nan,0.61
5/10/2025 8:22:52,1.17.0,PRexp,10,3.94,nan,6,Left,Left,2826,358,225,7,nan,nan,0.29
5/10/2025 8:22:55,1.17.0,PRexp,10,3.93,nan,6,Left,Left,2827,358,225,7,nan,nan,0.39
5/10/2025 8:22:58,1.17.0,PRexp,10,3.94,nan,6,Left,Left,2828,358,225,7,nan,nan,0.34
5/10/2025 8:23:01,1.17.0,PRexp,10,3.94,2,6,Pellet,Left,2828,358,226,8,0.36,47,nan
5/10/2025 8:23:24,1.17.0,PRexp,10,3.94,nan,7,Left,Left,2829,358,226,8,nan,nan,0.07
5/10/2025 8:23:26,1.17.0,PRexp,10,3.94,nan,7,Left,Left,2830,358,226,8,nan,nan,0.25
5/10/2025 8:23:30,1.17.0,PRexp,10,3.94,nan,7,Left,Left,2831,358,226,8,nan,nan,0.35
5/10/2025 8:23:33,1.17.0,PRexp,10,3.94,nan,7,Left,Left,2832,358,226,8,nan,nan,0.26
5/10/2025 8:23:36,1.17.0,PRexp,10,3.94,nan,7,Left,Left,2833,358,226,8,nan,nan,0.26
5/10/2025 8:23:43,1.17.0,PRexp,10,3.94,nan,7,Left,Left,2834,358,226,8,nan,nan,0.32
5/10/2025 8:23:48,1.17.0,PRexp,10,3.94,nan,7,Left,Left,2835,358,226,8,nan,nan,0.64
5/10/2025 8:23:52,1.17.0,PRexp,10,3.94,3,7,Pellet,Left,2835,358,227,9,0.06,51,nan
5/10/2025 8:24:41,1.17.0,PRexp,10,3.94,nan,9,Right,Left,2835,359,227,9,nan,nan,0.00
5/10/2025 9:14:55,1.17.0,PRexp,10,3.94,nan,1,Left,Left,2836,359,227,0,nan,nan,0.87
5/10/2025 9:14:58,1.17.0,PRexp,10,3.94,1,1,Pellet,Left,2836,359,228,1,1.10,3066,nan
5/10/2025 9:16:17,1.17.0,PRexp,10,3.94,nan,1,Left,Left,2837,359,228,1,nan,nan,0.00
5/10/2025 9:16:23,1.17.0,PRexp,10,3.94,3,1,Pellet,Left,2837,359,229,2,0.24,85,nan
5/10/2025 9:16:55,1.17.0,PRexp,10,3.94,nan,2,Left,Left,2838,359,229,2,nan,nan,0.11
5/10/2025 9:16:58,1.17.0,PRexp,10,3.94,nan,2,Left,Left,2839,359,229,2,nan,nan,0.16
5/10/2025 9:17:52,1.17.0,PRexp,10,3.94,9,2,Pellet,Left,2839,359,230,3,34.59,89,nan
5/10/2025 9:18:30,1.17.0,PRexp,10,3.94,nan,2,Left,Left,2840,359,230,3,nan,nan,0.22
5/10/2025 9:18:35,1.17.0,PRexp,10,3.94,nan,2,Left,Left,2841,359,230,3,nan,nan,0.33
5/10/2025 9:18:37,1.17.0,PRexp,10,3.94,2,2,Pellet,Left,2841,359,231,4,0.24,45,nan
5/10/2025 9:19:45,1.17.0,PRexp,10,3.94,nan,3,Left,Left,2842,359,231,4,nan,nan,0.22
5/10/2025 9:19:49,1.17.0,PRexp,10,3.94,nan,3,Left,Left,2843,359,231,4,nan,nan,0.80
5/10/2025 9:19:52,1.17.0,PRexp,10,3.94,nan,3,Left,Left,2844,359,231,4,nan,nan,0.43
5/10/2025 9:19:55,1.17.0,PRexp,10,3.94,2,3,Pellet,Left,2844,359,232,5,0.36,78,nan
5/10/2025 9:20:27,1.17.0,PRexp,10,3.94,nan,4,Left,Left,2845,359,232,5,nan,nan,0.14
5/10/2025 9:20:32,1.17.0,PRexp,10,3.94,nan,4,Left,Left,2846,359,232,5,nan,nan,0.04
5/10/2025 9:20:36,1.17.0,PRexp,10,3.94,nan,4,Left,Left,2847,359,232,5,nan,nan,0.07
5/10/2025 9:20:41,1.17.0,PRexp,10,3.94,nan,4,Left,Left,2848,359,232,5,nan,nan,0.14
5/10/2025 9:21:00,1.17.0,PRexp,10,3.94,3,4,Pellet,Left,2848,359,233,6,12.32,65,nan
5/10/2025 9:21:32,1.17.0,PRexp,10,3.94,nan,5,Left,Left,2849,359,233,6,nan,nan,0.17
5/10/2025 9:21:33,1.17.0,PRexp,10,3.94,nan,5,Left,Left,2850,359,233,6,nan,nan,0.00
5/10/2025 9:21:40,1.17.0,PRexp,10,3.94,nan,5,Left,Left,2851,359,233,6,nan,nan,1.45
5/10/2025 9:21:43,1.17.0,PRexp,10,3.94,nan,5,Left,Left,2852,359,233,6,nan,nan,0.62
5/10/2025 9:21:45,1.17.0,PRexp,10,3.94,nan,5,Left,Left,2853,359,233,6,nan,nan,0.01
5/10/2025 9:21:48,1.17.0,PRexp,10,3.94,1,5,Pellet,Left,2853,359,234,7,0.18,48,nan
5/10/2025 9:27:39,1.17.0,PRexp,10,3.94,nan,6,Left,Left,2854,359,234,7,nan,nan,0.04
5/10/2025 9:28:41,1.17.0,PRexp,10,3.94,nan,6,Left,Left,2855,359,234,7,nan,nan,0.31
5/10/2025 9:28:42,1.17.0,PRexp,10,3.94,nan,6,Left,Left,2856,359,234,7,nan,nan,0.23
5/10/2025 9:29:30,1.17.0,PRexp,10,3.94,nan,6,Left,Left,2857,359,234,7,nan,nan,0.59
5/10/2025 9:29:47,1.17.0,PRexp,10,3.94,nan,6,Left,Left,2858,359,234,7,nan,nan,0.53
5/10/2025 9:29:49,1.17.0,PRexp,10,3.94,nan,6,Left,Left,2859,359,234,7,nan,nan,0.27
5/10/2025 9:29:52,1.17.0,PRexp,10,3.94,2,6,Pellet,Left,2859,359,235,8,0.24,484,nan
5/10/2025 9:30:24,1.17.0,PRexp,10,3.94,nan,7,Left,Left,2860,359,235,8,nan,nan,0.30
5/10/2025 9:30:30,1.17.0,PRexp,10,3.94,nan,7,Left,Left,2861,359,235,8,nan,nan,0.24
5/10/2025 9:30:35,1.17.0,PRexp,10,3.94,nan,7,Left,Left,2862,359,235,8,nan,nan,0.18
5/10/2025 9:56:12,1.17.0,PRexp,10,3.94,nan,7,Left,Left,2863,359,235,8,nan,nan,0.41
5/10/2025 10:20:57,1.17.0,PRexp,10,3.94,nan,7,Left,Left,2864,359,235,8,nan,nan,0.18
5/10/2025 10:21:05,1.17.0,PRexp,10,3.94,nan,7,Left,Left,2865,359,235,8,nan,nan,0.53
5/10/2025 10:21:09,1.17.0,PRexp,10,3.93,nan,7,Left,Left,2866,359,235,8,nan,nan,0.07
5/10/2025 10:21:12,1.17.0,PRexp,10,3.94,2,7,Pellet,Left,2866,359,236,9,0.12,3080,nan
5/10/2025 10:21:52,1.17.0,PRexp,10,3.94,nan,9,Left,Left,2867,359,236,9,nan,nan,0.65
5/10/2025 10:21:55,1.17.0,PRexp,10,3.94,nan,9,Left,Left,2868,359,236,9,nan,nan,0.18
5/10/2025 10:21:58,1.17.0,PRexp,10,3.94,nan,9,Left,Left,2869,359,236,9,nan,nan,0.47
5/10/2025 10:22:02,1.17.0,PRexp,10,3.94,nan,9,Left,Left,2870,359,236,9,nan,nan,0.62
5/10/2025 10:22:06,1.17.0,PRexp,10,3.94,nan,9,Left,Left,2871,359,236,9,nan,nan,1.02
5/10/2025 10:22:08,1.17.0,PRexp,10,3.94,nan,9,Left,Left,2872,359,236,9,nan,nan,0.51
5/10/2025 10:22:15,1.17.0,PRexp,10,3.94,nan,9,Left,Left,2873,359,236,9,nan,nan,0.06
5/10/2025 10:22:16,1.17.0,PRexp,10,3.94,nan,9,Left,Left,2874,359,236,9,nan,nan,0.00
5/10/2025 10:22:20,1.17.0,PRexp,10,3.93,nan,9,Left,Left,2875,359,236,9,nan,nan,0.28
5/10/2025 10:22:24,1.17.0,PRexp,10,3.94,2,9,Pellet,Left,2875,359,237,10,0.12,72,nan
5/10/2025 10:27:03,1.17.0,PRexp,10,3.94,nan,10,Left,Left,2876,359,237,10,nan,nan,0.44
5/10/2025 10:27:06,1.17.0,PRexp,10,3.94,nan,10,Left,Left,2877,359,237,10,nan,nan,0.78
5/10/2025 10:27:13,1.17.0,PRexp,10,3.93,nan,10,Left,Left,2878,359,237,10,nan,nan,0.23
5/10/2025 10:27:17,1.17.0,PRexp,10,3.94,nan,10,Left,Left,2879,359,237,10,nan,nan,0.27
5/10/2025 10:27:21,1.17.0,PRexp,10,3.94,nan,10,Left,Left,2880,359,237,10,nan,nan,0.52
5/10/2025 10:27:24,1.17.0,PRexp,10,3.94,nan,10,Left,Left,2881,359,237,10,nan,nan,0.47
5/10/2025 10:27:29,1.17.0,PRexp,10,3.94,nan,10,Left,Left,2882,359,237,10,nan,nan,0.68
5/10/2025 10:27:33,1.17.0,PRexp,10,3.94,nan,10,Left,Left,2883,359,237,10,nan,nan,0.28
5/10/2025 10:32:58,1.17.0,PRexp,10,3.94,nan,10,Left,Left,2884,359,237,10,nan,nan,0.42
5/10/2025 10:32:59,1.17.0,PRexp,10,3.94,nan,10,Left,Left,2885,359,237,10,nan,nan,0.23
5/10/2025 10:33:02,1.17.0,PRexp,10,3.94,1,10,Pellet,Left,2885,359,238,11,0.24,638,nan
5/10/2025 10:55:40,1.17.0,PRexp,10,3.94,nan,12,Left,Left,2886,359,238,11,nan,nan,0.65
5/10/2025 10:55:43,1.17.0,PRexp,10,3.94,nan,12,Left,Left,2887,359,238,11,nan,nan,0.35
5/10/2025 10:55:46,1.17.0,PRexp,10,3.94,nan,12,Left,Left,2888,359,238,11,nan,nan,0.26
5/10/2025 10:55:49,1.17.0,PRexp,10,3.94,nan,12,Left,Left,2889,359,238,11,nan,nan,0.42
5/10/2025 10:55:53,1.17.0,PRexp,10,3.94,nan,12,Left,Left,2890,359,238,11,nan,nan,0.21
5/10/2025 10:55:59,1.17.0,PRexp,10,3.94,nan,12,Left,Left,2891,359,238,11,nan,nan,0.40
5/10/2025 10:56:03,1.17.0,PRexp,10,3.94,nan,12,Left,Left,2892,359,238,11,nan,nan,0.29
5/10/2025 10:56:06,1.17.0,PRexp,10,3.94,nan,12,Left,Left,2893,359,238,11,nan,nan,0.35
5/10/2025 10:56:09,1.17.0,PRexp,10,3.94,nan,12,Left,Left,2894,359,238,11,nan,nan,0.53
5/10/2025 10:56:13,1.17.0,PRexp,10,3.94,nan,12,Left,Left,2895,359,238,11,nan,nan,0.40
5/10/2025 10:56:15,1.17.0,PRexp,10,3.94,nan,12,Left,Left,2896,359,238,11,nan,nan,0.92
5/10/2025 10:56:18,1.17.0,PRexp,10,3.94,nan,12,Left,Left,2897,359,238,11,nan,nan,0.37
5/10/2025 10:56:20,1.17.0,PRexp,10,3.93,2,12,Pellet,Left,2897,359,239,12,0.06,1398,nan
5/10/2025 10:57:42,1.17.0,PRexp,10,3.94,nan,13,Left,Left,2898,359,239,12,nan,nan,0.51
5/10/2025 10:57:47,1.17.0,PRexp,10,3.94,nan,13,Left,Left,2899,359,239,12,nan,nan,1.01
5/10/2025 10:57:50,1.17.0,PRexp,10,3.94,nan,13,Left,Left,2900,359,239,12,nan,nan,0.66
5/10/2025 10:57:55,1.17.0,PRexp,10,3.94,nan,13,Left,Left,2901,359,239,12,nan,nan,0.30
5/10/2025 10:58:00,1.17.0,PRexp,10,3.94,nan,13,Left,Left,2902,359,239,12,nan,nan,0.69
5/10/2025 10:58:04,1.17.0,PRexp,10,3.94,nan,13,Left,Left,2903,359,239,12,nan,nan,0.41
5/10/2025 10:58:13,1.17.0,PRexp,10,3.94,nan,13,Left,Left,2904,359,239,12,nan,nan,0.53
5/10/2025 10:58:18,1.17.0,PRexp,10,3.94,nan,13,Left,Left,2905,359,239,12,nan,nan,0.40
5/10/2025 10:58:20,1.17.0,PRexp,10,3.94,nan,13,Left,Left,2906,359,239,12,nan,nan,0.49
5/10/2025 10:58:23,1.17.0,PRexp,10,3.94,nan,13,Left,Left,2907,359,239,12,nan,nan,0.49
5/10/2025 10:58:26,1.17.0,PRexp,10,3.94,nan,13,Left,Left,2908,359,239,12,nan,nan,0.46
5/10/2025 10:58:28,1.17.0,PRexp,10,3.94,nan,13,Left,Left,2909,359,239,12,nan,nan,0.84
5/10/2025 10:58:32,1.17.0,PRexp,10,3.94,nan,13,Left,Left,2910,359,239,12,nan,nan,1.91
5/10/2025 10:58:35,1.17.0,PRexp,10,3.94,2,13,Pellet,Left,2910,359,240,13,0.18,135,nan
5/10/2025 10:59:08,1.17.0,PRexp,10,3.94,nan,15,Left,Left,2911,359,240,13,nan,nan,0.06
5/10/2025 10:59:10,1.17.0,PRexp,10,3.94,nan,15,Left,Left,2912,359,240,13,nan,nan,0.50
5/10/2025 10:59:15,1.17.0,PRexp,10,3.94,nan,15,Left,Left,2913,359,240,13,nan,nan,0.97
5/10/2025 10:59:20,1.17.0,PRexp,10,3.94,nan,15,Left,Left,2914,359,240,13,nan,nan,0.42
5/10/2025 10:59:24,1.17.0,PRexp,10,3.94,nan,15,Left,Left,2915,359,240,13,nan,nan,0.70
5/10/2025 10:59:30,1.17.0,PRexp,10,3.93,nan,15,Left,Left,2916,359,240,13,nan,nan,0.12
5/10/2025 10:59:34,1.17.0,PRexp,10,3.94,nan,15,Left,Left,2917,359,240,13,nan,nan,0.21
5/10/2025 11:05:44,1.17.0,PRexp,10,3.93,nan,15,Left,Left,2918,359,240,13,nan,nan,0.30
5/10/2025 11:59:44,1.17.0,PRexp,10,3.94,nan,1,Left,Left,2919,359,240,0,nan,nan,0.38
5/10/2025 11:59:46,1.17.0,PRexp,10,3.94,2,1,Pellet,Left,2919,359,241,1,0.06,3671,nan
5/10/2025 12:02:00,1.17.0,PRexp,10,3.93,nan,1,Left,Left,2920,359,241,1,nan,nan,0.13
5/10/2025 12:02:05,1.17.0,PRexp,10,3.93,2,1,Pellet,Left,2920,359,242,2,0.61,139,nan
5/10/2025 12:02:41,1.17.0,PRexp,10,3.93,nan,2,Left,Left,2921,359,242,2,nan,nan,0.00
5/10/2025 12:02:45,1.17.0,PRexp,10,3.94,nan,2,Left,Left,2922,359,242,2,nan,nan,0.93
5/10/2025 12:03:03,1.17.0,PRexp,10,3.94,4,2,Pellet,Left,2922,359,243,3,11.15,58,nan
5/10/2025 12:03:36,1.17.0,PRexp,10,3.94,nan,2,Left,Left,2923,359,243,3,nan,nan,0.24
5/10/2025 12:03:37,1.17.0,PRexp,10,3.94,nan,2,Left,Left,2924,359,243,3,nan,nan,0.41
5/10/2025 12:03:41,1.17.0,PRexp,10,3.94,2,2,Pellet,Left,2924,359,244,4,0.06,38,nan
5/10/2025 12:04:14,1.17.0,PRexp,10,3.93,nan,3,Left,Left,2925,359,244,4,nan,nan,0.38
5/10/2025 12:04:16,1.17.0,PRexp,10,3.93,nan,3,Left,Left,2926,359,244,4,nan,nan,0.05
5/10/2025 12:04:20,1.17.0,PRexp,10,3.93,nan,3,Left,Left,2927,359,244,4,nan,nan,0.29
5/10/2025 12:04:25,1.17.0,PRexp,10,3.93,2,3,Pellet,Left,2927,359,245,5,0.06,44,nan
5/10/2025 12:04:49,1.17.0,PRexp,10,3.94,nan,4,Left,Left,2928,359,245,5,nan,nan,0.13
5/10/2025 12:09:42,1.17.0,PRexp,10,3.93,nan,4,Right,Left,2928,360,245,5,nan,nan,0.09
5/10/2025 12:10:16,1.17.0,PRexp,10,3.94,nan,4,Right,Left,2928,361,245,5,nan,nan,0.02
5/10/2025 12:10:18,1.17.0,PRexp,10,3.93,nan,4,Right,Left,2928,362,245,5,nan,nan,0.54
5/10/2025 12:10:23,1.17.0,PRexp,10,3.94,nan,4,Left,Left,2929,362,245,5,nan,nan,0.17
5/10/2025 12:10:24,1.17.0,PRexp,10,3.93,nan,4,Right,Left,2929,363,245,5,nan,nan,0.00
5/10/2025 12:12:38,1.17.0,PRexp,10,3.94,nan,4,Left,Left,2930,363,245,5,nan,nan,0.14
5/10/2025 12:12:51,1.17.0,PRexp,10,3.93,nan,4,Right,Left,2930,364,245,5,nan,nan,0.14
5/10/2025 12:14:49,1.17.0,PRexp,10,3.94,nan,4,Right,Left,2930,365,245,5,nan,nan,0.01
5/10/2025 12:14:52,1.17.0,PRexp,10,3.93,nan,4,Left,Left,2931,365,245,5,nan,nan,0.09
5/10/2025 12:14:55,1.17.0,PRexp,10,3.94,2,4,Pellet,Left,2931,365,246,6,0.49,630,nan
5/10/2025 12:15:22,1.17.0,PRexp,10,3.93,nan,5,Left,Left,2932,365,246,6,nan,nan,0.40
5/10/2025 12:15:27,1.17.0,PRexp,10,3.94,nan,5,Left,Left,2933,365,246,6,nan,nan,0.12
5/10/2025 12:16:36,1.17.0,PRexp,10,3.93,nan,5,Left,Left,2934,365,246,6,nan,nan,0.55
5/10/2025 12:16:39,1.17.0,PRexp,10,3.93,nan,5,Left,Left,2935,365,246,6,nan,nan,0.19
5/10/2025 12:16:44,1.17.0,PRexp,10,3.94,nan,5,Left,Left,2936,365,246,6,nan,nan,0.14
5/10/2025 12:16:48,1.17.0,PRexp,10,3.93,2,5,Pellet,Left,2936,365,247,7,0.06,113,nan
5/10/2025 12:18:44,1.17.0,PRexp,10,3.93,nan,6,Left,Left,2937,365,247,7,nan,nan,0.04
5/10/2025 12:18:47,1.17.0,PRexp,10,3.93,nan,6,Left,Left,2938,365,247,7,nan,nan,0.12
5/10/2025 13:22:47,1.17.0,PRexp,10,3.93,nan,1,Left,Left,2939,365,247,0,nan,nan,0.04
5/10/2025 13:22:51,1.17.0,PRexp,10,3.93,3,1,Pellet,Left,2939,365,248,1,0.18,3963,nan
5/10/2025 13:23:17,1.17.0,PRexp,10,3.93,nan,1,Left,Left,2940,365,248,1,nan,nan,0.26
5/10/2025 13:23:19,1.17.0,PRexp,10,3.93,2,1,Pellet,Left,2940,365,249,2,0.12,28,nan
5/10/2025 13:23:44,1.17.0,PRexp,10,3.93,nan,2,Left,Left,2941,365,249,2,nan,nan,0.05
5/10/2025 13:23:50,1.17.0,PRexp,10,3.93,nan,2,Left,Left,2942,365,249,2,nan,nan,0.39
5/10/2025 13:24:10,1.17.0,PRexp,10,3.93,4,2,Pellet,Left,2942,365,250,3,12.88,51,nan
5/10/2025 13:25:08,1.17.0,PRexp,10,3.93,nan,2,Left,Left,2943,365,250,3,nan,nan,0.37
5/10/2025 13:25:13,1.17.0,PRexp,10,3.94,nan,2,Left,Left,2944,365,250,3,nan,nan,0.85
5/10/2025 13:25:16,1.17.0,PRexp,10,3.93,2,2,Pellet,Left,2944,365,251,4,0.55,66,nan
5/10/2025 13:25:42,1.17.0,PRexp,10,3.93,nan,3,Left,Left,2945,365,251,4,nan,nan,0.44
5/10/2025 13:25:48,1.17.0,PRexp,10,3.93,nan,3,Left,Left,2946,365,251,4,nan,nan,0.47
5/10/2025 13:25:52,1.17.0,PRexp,10,3.93,nan,3,Left,Left,2947,365,251,4,nan,nan,0.53
5/10/2025 13:25:55,1.17.0,PRexp,10,3.93,2,3,Pellet,Left,2947,365,252,5,0.12,38,nan
5/10/2025 13:26:41,1.17.0,PRexp,10,3.94,nan,4,Left,Left,2948,365,252,5,nan,nan,0.31
5/10/2025 13:26:45,1.17.0,PRexp,10,3.93,nan,4,Left,Left,2949,365,252,5,nan,nan,0.29
5/10/2025 13:26:47,1.17.0,PRexp,10,3.93,nan,4,Left,Left,2950,365,252,5,nan,nan,0.22
5/10/2025 13:26:51,1.17.0,PRexp,10,3.93,nan,4,Left,Left,2951,365,252,5,nan,nan,0.85
5/10/2025 13:27:11,1.17.0,PRexp,10,3.94,4,4,Pellet,Left,2951,365,253,6,13.37,77,nan
5/10/2025 13:27:40,1.17.0,PRexp,10,3.93,nan,5,Left,Left,2952,365,253,6,nan,nan,0.15
5/10/2025 13:27:46,1.17.0,PRexp,10,3.93,nan,5,Left,Left,2953,365,253,6,nan,nan,0.14
5/10/2025 13:27:51,1.17.0,PRexp,10,3.93,nan,5,Left,Left,2954,365,253,6,nan,nan,0.31
5/10/2025 13:27:55,1.17.0,PRexp,10,3.93,nan,5,Left,Left,2955,365,253,6,nan,nan,0.44
5/10/2025 13:27:59,1.17.0,PRexp,10,3.93,nan,5,Left,Left,2956,365,253,6,nan,nan,0.09
5/10/2025 13:28:10,1.17.0,PRexp,10,3.93,3,5,Pellet,Left,2956,365,254,7,7.02,59,nan
5/10/2025 13:28:54,1.17.0,PRexp,10,3.93,nan,6,Left,Left,2957,365,254,7,nan,nan,0.49
5/10/2025 13:28:57,1.17.0,PRexp,10,3.94,nan,6,Left,Left,2958,365,254,7,nan,nan,0.22
5/10/2025 14:09:49,1.17.0,PRexp,10,3.93,nan,1,Left,Left,2959,365,254,0,nan,nan,0.25
5/10/2025 14:09:58,1.17.0,PRexp,10,3.93,4,1,Pellet,Left,2959,365,255,1,0.42,2508,nan
5/10/2025 14:10:38,1.17.0,PRexp,10,3.93,nan,1,Left,Left,2960,365,255,1,nan,nan,0.39
5/10/2025 14:11:00,1.17.0,PRexp,10,3.93,2,1,Pellet,Left,2960,365,256,2,18.06,62,nan
5/10/2025 14:11:57,1.17.0,PRexp,10,3.93,nan,2,Left,Left,2961,365,256,2,nan,nan,0.19
5/10/2025 14:12:01,1.17.0,PRexp,10,3.93,nan,2,Left,Left,2962,365,256,2,nan,nan,0.77
5/10/2025 14:12:04,1.17.0,PRexp,10,3.93,2,2,Pellet,Left,2962,365,257,3,0.12,64,nan
5/10/2025 14:12:47,1.17.0,PRexp,10,3.93,nan,2,Left,Left,2963,365,257,3,nan,nan,0.05
5/10/2025 14:12:51,1.17.0,PRexp,10,3.93,nan,2,Left,Left,2964,365,257,3,nan,nan,0.83
5/10/2025 14:12:53,1.17.0,PRexp,10,3.93,2,2,Pellet,Left,2964,365,258,4,0.06,49,nan
5/10/2025 14:13:24,1.17.0,PRexp,10,3.93,nan,3,Left,Left,2965,365,258,4,nan,nan,0.00
5/10/2025 14:13:31,1.17.0,PRexp,10,3.93,nan,3,Left,Left,2966,365,258,4,nan,nan,0.39
5/10/2025 14:36:11,1.17.0,PRexp,10,3.93,nan,3,Left,Left,2967,365,258,4,nan,nan,0.04
5/10/2025 14:36:14,1.17.0,PRexp,10,3.93,2,3,Pellet,Left,2967,365,259,5,0.30,1400,nan
5/10/2025 14:36:50,1.17.0,PRexp,10,3.93,nan,4,Left,Left,2968,365,259,5,nan,nan,0.04
5/10/2025 14:36:55,1.17.0,PRexp,10,3.93,nan,4,Left,Left,2969,365,259,5,nan,nan,0.02
5/10/2025 14:37:02,1.17.0,PRexp,10,3.93,nan,4,Left,Left,2970,365,259,5,nan,nan,0.40
5/10/2025 14:37:05,1.17.0,PRexp,10,3.93,nan,4,Left,Left,2971,365,259,5,nan,nan,0.30
5/10/2025 14:37:08,1.17.0,PRexp,10,3.93,2,4,Pellet,Left,2971,365,260,6,0.18,55,nan
5/10/2025 14:37:39,1.17.0,PRexp,10,3.93,nan,5,Left,Left,2972,365,260,6,nan,nan,0.18
5/10/2025 14:37:47,1.17.0,PRexp,10,3.93,nan,5,Left,Left,2973,365,260,6,nan,nan,0.72
5/10/2025 14:37:49,1.17.0,PRexp,10,3.93,nan,5,Left,Left,2974,365,260,6,nan,nan,0.31
5/10/2025 14:37:55,1.17.0,PRexp,10,3.94,nan,5,Left,Left,2975,365,260,6,nan,nan,0.48
5/10/2025 14:37:56,1.17.0,PRexp,10,3.93,nan,5,Left,Left,2976,365,260,6,nan,nan,0.06
5/10/2025 14:38:28,1.17.0,PRexp,10,3.93,3,5,Pellet,Left,2976,365,261,7,26.78,80,nan
5/10/2025 14:43:04,1.17.0,PRexp,10,3.93,nan,6,Left,Left,2977,365,261,7,nan,nan,0.04
5/10/2025 14:51:49,1.17.0,PRexp,10,3.93,nan,6,Left,Left,2978,365,261,7,nan,nan,0.21
5/10/2025 14:53:45,1.17.0,PRexp,10,3.93,nan,6,Right,Left,2978,366,261,7,nan,nan,0.06
5/10/2025 14:53:57,1.17.0,PRexp,10,3.93,nan,6,Left,Left,2979,366,261,7,nan,nan,0.00
5/10/2025 14:54:00,1.17.0,PRexp,10,3.93,nan,6,Left,Left,2980,366,261,7,nan,nan,0.22
5/10/2025 14:54:27,1.17.0,PRexp,10,3.93,nan,6,Left,Left,2981,366,261,7,nan,nan,0.26
5/10/2025 14:54:29,1.17.0,PRexp,10,3.93,nan,6,Left,Left,2982,366,261,7,nan,nan,0.06
5/10/2025 14:54:33,1.17.0,PRexp,10,3.93,2,6,Pellet,Left,2982,366,262,8,0.06,965,nan
5/10/2025 14:54:55,1.17.0,PRexp,10,3.93,nan,7,Left,Left,2983,366,262,8,nan,nan,0.08
5/10/2025 14:55:08,1.17.0,PRexp,10,3.93,nan,7,Left,Left,2984,366,262,8,nan,nan,0.18
5/10/2025 14:55:10,1.17.0,PRexp,10,3.93,nan,7,Left,Left,2985,366,262,8,nan,nan,0.35
5/10/2025 14:55:18,1.17.0,PRexp,10,3.93,nan,7,Left,Left,2986,366,262,8,nan,nan,0.15
5/10/2025 14:55:20,1.17.0,PRexp,10,3.93,nan,7,Left,Left,2987,366,262,8,nan,nan,0.39
5/10/2025 14:55:25,1.17.0,PRexp,10,3.93,nan,7,Left,Left,2988,366,262,8,nan,nan,0.21
5/10/2025 14:56:34,1.17.0,PRexp,10,3.93,nan,7,Right,Left,2988,367,262,8,nan,nan,0.36
5/10/2025 14:58:21,1.17.0,PRexp,10,3.93,nan,7,Left,Left,2989,367,262,8,nan,nan,0.04
5/10/2025 14:58:34,1.17.0,PRexp,10,3.93,1,7,Pellet,Left,2989,367,263,9,10.35,241,nan
5/10/2025 15:00:30,1.17.0,PRexp,10,3.93,nan,9,Left,Left,2990,367,263,9,nan,nan,0.07
5/10/2025 15:00:48,1.17.0,PRexp,10,3.93,nan,9,Left,Left,2991,367,263,9,nan,nan,0.26
5/10/2025 15:00:49,1.17.0,PRexp,10,3.93,nan,9,Left,Left,2992,367,263,9,nan,nan,0.22
5/10/2025 15:00:53,1.17.0,PRexp,10,3.93,nan,9,Left,Left,2993,367,263,9,nan,nan,0.58
5/10/2025 15:00:56,1.17.0,PRexp,10,3.93,nan,9,Left,Left,2994,367,263,9,nan,nan,0.53
5/10/2025 15:00:58,1.17.0,PRexp,10,3.93,nan,9,Left,Left,2995,367,263,9,nan,nan,0.31
5/10/2025 15:01:00,1.17.0,PRexp,10,3.93,nan,9,Left,Left,2996,367,263,9,nan,nan,0.33
5/10/2025 15:01:03,1.17.0,PRexp,10,3.93,nan,9,Left,Left,2997,367,263,9,nan,nan,0.46
5/10/2025 15:01:06,1.17.0,PRexp,10,3.93,nan,9,Left,Left,2998,367,263,9,nan,nan,0.19
5/10/2025 15:01:28,1.17.0,PRexp,10,3.93,3,9,Pellet,Left,2998,367,264,10,16.95,174,nan
5/10/2025 15:01:45,1.17.0,PRexp,10,3.93,nan,10,Left,Left,2999,367,264,10,nan,nan,0.14
5/10/2025 15:01:48,1.17.0,PRexp,10,3.93,nan,10,Left,Left,3000,367,264,10,nan,nan,0.24
5/10/2025 15:01:51,1.17.0,PRexp,10,3.93,nan,10,Left,Left,3001,367,264,10,nan,nan,0.09
5/10/2025 15:02:15,1.17.0,PRexp,10,3.93,nan,10,Right,Left,3001,368,264,10,nan,nan,0.05
5/10/2025 15:02:20,1.17.0,PRexp,10,3.93,nan,10,Left,Left,3002,368,264,10,nan,nan,0.07
5/10/2025 15:03:47,1.17.0,PRexp,10,3.93,nan,10,Left,Left,3003,368,264,10,nan,nan,0.25
5/10/2025 15:04:01,1.17.0,PRexp,10,3.93,nan,10,Left,Left,3004,368,264,10,nan,nan,0.19
5/10/2025 15:04:20,1.17.0,PRexp,10,3.93,nan,10,Left,Left,3005,368,264,10,nan,nan,0.37
5/10/2025 15:04:24,1.17.0,PRexp,10,3.93,nan,10,Left,Left,3006,368,264,10,nan,nan,0.30
5/10/2025 15:04:25,1.17.0,PRexp,10,3.93,nan,10,Left,Left,3007,368,264,10,nan,nan,0.00
5/10/2025 15:04:36,1.17.0,PRexp,10,3.93,nan,10,Left,Left,3008,368,264,10,nan,nan,0.31
5/10/2025 15:04:39,1.17.0,PRexp,10,3.93,2,10,Pellet,Left,3008,368,265,11,0.06,190,nan
5/10/2025 15:52:12,1.17.0,PRexp,10,3.93,nan,1,Left,Left,3009,368,265,0,nan,nan,0.12
5/10/2025 15:52:16,1.17.0,PRexp,10,3.93,3,1,Pellet,Left,3009,368,266,1,0.12,2858,nan
5/10/2025 15:52:53,1.17.0,PRexp,10,3.93,nan,1,Left,Left,3010,368,266,1,nan,nan,0.06
5/10/2025 15:52:57,1.17.0,PRexp,10,3.93,2,1,Pellet,Left,3010,368,267,2,0.06,41,nan
5/10/2025 15:53:10,1.17.0,PRexp,10,3.93,nan,2,Left,Left,3011,368,267,2,nan,nan,0.03
5/10/2025 15:53:16,1.17.0,PRexp,10,3.92,nan,2,Left,Left,3012,368,267,2,nan,nan,0.46
5/10/2025 15:53:18,1.17.0,PRexp,10,3.93,1,2,Pellet,Left,3012,368,268,3,0.18,21,nan
5/10/2025 15:53:49,1.17.0,PRexp,10,3.93,nan,2,Left,Left,3013,368,268,3,nan,nan,0.08
5/10/2025 15:53:56,1.17.0,PRexp,10,3.93,nan,2,Left,Left,3014,368,268,3,nan,nan,1.93
5/10/2025 15:53:58,1.17.0,PRexp,10,3.93,2,2,Pellet,Left,3014,368,269,4,0.12,40,nan
5/10/2025 15:54:33,1.17.0,PRexp,10,3.93,nan,3,Left,Left,3015,368,269,4,nan,nan,0.15
5/10/2025 15:54:35,1.17.0,PRexp,10,3.93,nan,3,Left,Left,3016,368,269,4,nan,nan,0.00
5/10/2025 15:54:38,1.17.0,PRexp,10,3.93,nan,3,Left,Left,3017,368,269,4,nan,nan,0.08
5/10/2025 15:54:41,1.17.0,PRexp,10,3.93,2,3,Pellet,Left,3017,368,270,5,0.06,43,nan
5/10/2025 15:54:51,1.17.0,PRexp,10,3.93,nan,4,Left,Left,3018,368,270,5,nan,nan,0.55
5/10/2025 15:54:52,1.17.0,PRexp,10,3.93,nan,4,Left,Left,3019,368,270,5,nan,nan,0.12
5/10/2025 15:54:54,1.17.0,PRexp,10,3.93,nan,4,Left,Left,3020,368,270,5,nan,nan,0.74
5/10/2025 15:54:59,1.17.0,PRexp,10,3.93,nan,4,Left,Left,3021,368,270,5,nan,nan,1.06
5/10/2025 15:55:01,1.17.0,PRexp,10,3.93,1,4,Pellet,Left,3021,368,271,6,0.06,20,nan
5/10/2025 15:55:30,1.17.0,PRexp,10,3.93,nan,5,Left,Left,3022,368,271,6,nan,nan,0.09
5/10/2025 15:55:37,1.17.0,PRexp,10,3.93,nan,5,Left,Left,3023,368,271,6,nan,nan,0.88
5/10/2025 15:55:42,1.17.0,PRexp,10,3.93,nan,5,Left,Left,3024,368,271,6,nan,nan,0.48
5/10/2025 15:55:44,1.17.0,PRexp,10,3.93,nan,5,Left,Left,3025,368,271,6,nan,nan,0.42
5/10/2025 15:55:48,1.17.0,PRexp,10,3.93,nan,5,Left,Left,3026,368,271,6,nan,nan,0.39
5/10/2025 15:55:53,1.17.0,PRexp,10,3.93,3,5,Pellet,Left,3026,368,272,7,0.49,52,nan
5/10/2025 16:18:48,1.17.0,PRexp,10,3.93,nan,6,Left,Left,3027,368,272,7,nan,nan,0.04
5/10/2025 16:25:27,1.17.0,PRexp,10,3.93,nan,6,Left,Left,3028,368,272,7,nan,nan,0.04
5/10/2025 16:25:34,1.17.0,PRexp,10,3.93,nan,6,Left,Left,3029,368,272,7,nan,nan,0.34
5/10/2025 16:25:38,1.17.0,PRexp,10,3.93,nan,6,Left,Left,3030,368,272,7,nan,nan,0.86
5/10/2025 16:25:41,1.17.0,PRexp,10,3.93,nan,6,Left,Left,3031,368,272,7,nan,nan,0.70
5/10/2025 16:25:51,1.17.0,PRexp,10,3.93,nan,6,Left,Left,3032,368,272,7,nan,nan,0.31
5/10/2025 16:25:54,1.17.0,PRexp,10,3.93,2,6,Pellet,Left,3032,368,273,8,0.12,1801,nan
5/10/2025 16:50:52,1.17.0,PRexp,10,3.93,nan,7,Left,Left,3033,368,273,8,nan,nan,0.25
5/10/2025 16:50:56,1.17.0,PRexp,10,3.93,nan,7,Left,Left,3034,368,273,8,nan,nan,0.36
5/10/2025 16:51:04,1.17.0,PRexp,10,3.93,nan,7,Left,Left,3035,368,273,8,nan,nan,0.24
5/10/2025 16:51:08,1.17.0,PRexp,10,3.93,nan,7,Left,Left,3036,368,273,8,nan,nan,0.23
5/10/2025 16:51:10,1.17.0,PRexp,10,3.93,nan,7,Left,Left,3037,368,273,8,nan,nan,0.51
5/10/2025 16:51:13,1.17.0,PRexp,10,3.93,nan,7,Left,Left,3038,368,273,8,nan,nan,0.60
5/10/2025 16:51:16,1.17.0,PRexp,10,3.93,nan,7,Left,Left,3039,368,273,8,nan,nan,0.66
5/10/2025 16:51:21,1.17.0,PRexp,10,3.93,2,7,Pellet,Left,3039,368,274,9,0.18,1527,nan
5/10/2025 16:51:49,1.17.0,PRexp,10,3.93,nan,9,Left,Left,3040,368,274,9,nan,nan,0.21
5/10/2025 16:51:58,1.17.0,PRexp,10,3.93,nan,9,Left,Left,3041,368,274,9,nan,nan,0.19
5/10/2025 16:52:01,1.17.0,PRexp,10,3.93,nan,9,Left,Left,3042,368,274,9,nan,nan,0.32
5/10/2025 16:52:04,1.17.0,PRexp,10,3.93,nan,9,Left,Left,3043,368,274,9,nan,nan,0.38
5/10/2025 16:52:08,1.17.0,PRexp,10,3.93,nan,9,Left,Left,3044,368,274,9,nan,nan,0.69
5/10/2025 16:52:13,1.17.0,PRexp,10,3.93,nan,9,Left,Left,3045,368,274,9,nan,nan,0.39
5/10/2025 16:52:17,1.17.0,PRexp,10,3.93,nan,9,Left,Left,3046,368,274,9,nan,nan,0.35
5/10/2025 16:52:20,1.17.0,PRexp,10,3.93,nan,9,Left,Left,3047,368,274,9,nan,nan,1.12
5/10/2025 16:52:23,1.17.0,PRexp,10,3.93,nan,9,Left,Left,3048,368,274,9,nan,nan,0.34
5/10/2025 16:52:25,1.17.0,PRexp,10,3.93,1,9,Pellet,Left,3048,368,275,10,0.12,64,nan
5/10/2025 16:53:08,1.17.0,PRexp,10,3.93,nan,10,Left,Left,3049,368,275,10,nan,nan,0.05
5/10/2025 16:53:12,1.17.0,PRexp,10,3.93,nan,10,Left,Left,3050,368,275,10,nan,nan,0.74
5/10/2025 16:53:15,1.17.0,PRexp,10,3.93,nan,10,Left,Left,3051,368,275,10,nan,nan,1.28
5/10/2025 16:53:19,1.17.0,PRexp,10,3.93,nan,10,Left,Left,3052,368,275,10,nan,nan,0.57
5/10/2025 16:53:21,1.17.0,PRexp,10,3.93,nan,10,Left,Left,3053,368,275,10,nan,nan,0.77
5/10/2025 16:53:24,1.17.0,PRexp,10,3.92,nan,10,Left,Left,3054,368,275,10,nan,nan,0.30
5/10/2025 16:53:31,1.17.0,PRexp,10,3.93,nan,10,Left,Left,3055,368,275,10,nan,nan,0.49
5/10/2025 16:53:32,1.17.0,PRexp,10,3.93,nan,10,Left,Left,3056,368,275,10,nan,nan,0.66
5/10/2025 16:53:35,1.17.0,PRexp,10,3.93,nan,10,Left,Left,3057,368,275,10,nan,nan,0.20
5/10/2025 16:53:39,1.17.0,PRexp,10,3.93,nan,10,Left,Left,3058,368,275,10,nan,nan,0.43
5/10/2025 16:53:57,1.17.0,PRexp,10,3.93,3,10,Pellet,Left,3058,368,276,11,12.08,92,nan
5/10/2025 16:56:57,1.17.0,PRexp,10,3.93,nan,12,Left,Left,3059,368,276,11,nan,nan,0.02
5/10/2025 16:57:03,1.17.0,PRexp,10,3.92,nan,12,Left,Left,3060,368,276,11,nan,nan,0.70
5/10/2025 16:57:09,1.17.0,PRexp,10,3.93,nan,12,Left,Left,3061,368,276,11,nan,nan,1.79
5/10/2025 16:57:16,1.17.0,PRexp,10,3.93,nan,12,Left,Left,3062,368,276,11,nan,nan,3.29
5/10/2025 16:57:20,1.17.0,PRexp,10,3.93,nan,12,Left,Left,3063,368,276,11,nan,nan,1.15
5/10/2025 16:57:26,1.17.0,PRexp,10,3.93,nan,12,Left,Left,3064,368,276,11,nan,nan,0.85
5/10/2025 16:57:29,1.17.0,PRexp,10,3.93,nan,12,Left,Left,3065,368,276,11,nan,nan,0.69
5/10/2025 16:57:33,1.17.0,PRexp,10,3.93,nan,12,Left,Left,3066,368,276,11,nan,nan,0.05
5/10/2025 16:57:36,1.17.0,PRexp,10,3.93,nan,12,Left,Left,3067,368,276,11,nan,nan,0.00
5/10/2025 16:57:40,1.17.0,PRexp,10,3.93,nan,12,Left,Left,3068,368,276,11,nan,nan,1.24
5/10/2025 16:57:46,1.17.0,PRexp,10,3.93,nan,12,Left,Left,3069,368,276,11,nan,nan,0.30
5/10/2025 16:57:49,1.17.0,PRexp,10,3.93,nan,12,Left,Left,3070,368,276,11,nan,nan,0.14
5/10/2025 16:57:51,1.17.0,PRexp,10,3.93,2,12,Pellet,Left,3070,368,277,12,0.18,234,nan
5/10/2025 17:05:25,1.17.0,PRexp,10,3.93,nan,13,Left,Left,3071,368,277,12,nan,nan,0.04
5/10/2025 17:06:24,1.17.0,PRexp,10,3.93,nan,13,Right,Left,3071,369,277,12,nan,nan,0.12
5/10/2025 17:06:27,1.17.0,PRexp,10,3.93,nan,13,Left,Left,3072,369,277,12,nan,nan,0.23
5/10/2025 17:06:28,1.17.0,PRexp,10,3.93,nan,13,Left,Left,3073,369,277,12,nan,nan,0.00
5/10/2025 17:06:40,1.17.0,PRexp,10,3.93,nan,13,Left,Left,3074,369,277,12,nan,nan,0.28
5/10/2025 17:06:45,1.17.0,PRexp,10,3.93,nan,13,Left,Left,3075,369,277,12,nan,nan,0.15
5/10/2025 17:06:48,1.17.0,PRexp,10,3.93,nan,13,Left,Left,3076,369,277,12,nan,nan,0.33
5/10/2025 17:09:07,1.17.0,PRexp,10,3.92,nan,13,Left,Left,3077,369,277,12,nan,nan,0.03
5/10/2025 17:10:53,1.17.0,PRexp,10,3.92,nan,13,Left,Left,3078,369,277,12,nan,nan,0.17
5/10/2025 17:10:55,1.17.0,PRexp,10,3.93,nan,13,Left,Left,3079,369,277,12,nan,nan,0.20
5/10/2025 17:10:57,1.17.0,PRexp,10,3.93,nan,13,Left,Left,3080,369,277,12,nan,nan,0.12
5/10/2025 17:11:01,1.17.0,PRexp,10,3.93,nan,13,Left,Left,3081,369,277,12,nan,nan,0.06
5/10/2025 17:11:47,1.17.0,PRexp,10,3.92,nan,13,Left,Left,3082,369,277,12,nan,nan,0.18
5/10/2025 17:17:57,1.17.0,PRexp,10,3.93,nan,13,Right,Left,3082,370,277,12,nan,nan,0.06
5/10/2025 17:19:25,1.17.0,PRexp,10,3.93,nan,13,Left,Left,3083,370,277,12,nan,nan,0.18
5/10/2025 17:19:28,1.17.0,PRexp,10,3.93,2,13,Pellet,Left,3083,370,278,13,0.18,1297,nan
5/10/2025 17:19:58,1.17.0,PRexp,10,3.93,nan,15,Left,Left,3084,370,278,13,nan,nan,0.07
5/10/2025 17:20:04,1.17.0,PRexp,10,3.92,nan,15,Right,Left,3084,371,278,13,nan,nan,0.33
5/10/2025 17:20:05,1.17.0,PRexp,10,3.93,nan,15,Left,Left,3085,371,278,13,nan,nan,0.14
5/10/2025 17:20:45,1.17.0,PRexp,10,3.93,nan,15,Left,Left,3086,371,278,13,nan,nan,0.31
5/10/2025 17:20:47,1.17.0,PRexp,10,3.93,nan,15,Left,Left,3087,371,278,13,nan,nan,0.21
5/10/2025 17:20:49,1.17.0,PRexp,10,3.93,nan,15,Left,Left,3088,371,278,13,nan,nan,0.19
5/10/2025 17:20:52,1.17.0,PRexp,10,3.93,nan,15,Left,Left,3089,371,278,13,nan,nan,0.70
5/10/2025 17:21:02,1.17.0,PRexp,10,3.93,nan,15,Left,Left,3090,371,278,13,nan,nan,0.06
5/10/2025 17:21:03,1.17.0,PRexp,10,3.93,nan,15,Left,Left,3091,371,278,13,nan,nan,0.28
5/10/2025 17:24:54,1.17.0,PRexp,10,3.93,nan,15,Left,Left,3092,371,278,13,nan,nan,0.03
5/10/2025 17:24:57,1.17.0,PRexp,10,3.93,nan,15,Left,Left,3093,371,278,13,nan,nan,0.41
5/10/2025 17:25:00,1.17.0,PRexp,10,3.93,nan,15,Left,Left,3094,371,278,13,nan,nan,0.31
5/10/2025 17:25:04,1.17.0,PRexp,10,3.93,nan,15,Left,Left,3095,371,278,13,nan,nan,0.31
5/10/2025 17:25:07,1.17.0,PRexp,10,3.92,nan,15,Left,Left,3096,371,278,13,nan,nan,0.45
5/10/2025 17:25:11,1.17.0,PRexp,10,3.93,nan,15,Left,Left,3097,371,278,13,nan,nan,0.68
5/10/2025 17:25:13,1.17.0,PRexp,10,3.92,nan,15,Left,Left,3098,371,278,13,nan,nan,0.58
5/10/2025 17:25:20,1.17.0,PRexp,10,3.93,4,15,Pellet,Left,3098,371,279,14,0.06,352,nan
5/10/2025 17:25:57,1.17.0,PRexp,10,3.93,nan,17,Left,Left,3099,371,279,14,nan,nan,0.22
5/10/2025 17:26:00,1.17.0,PRexp,10,3.93,nan,17,Left,Left,3100,371,279,14,nan,nan,0.20
5/10/2025 17:26:02,1.17.0,PRexp,10,3.93,nan,17,Left,Left,3101,371,279,14,nan,nan,0.69
5/10/2025 17:26:04,1.17.0,PRexp,10,3.93,nan,17,Left,Left,3102,371,279,14,nan,nan,0.36
5/10/2025 17:26:08,1.17.0,PRexp,10,3.92,nan,17,Left,Left,3103,371,279,14,nan,nan,0.07
5/10/2025 17:26:10,1.17.0,PRexp,10,3.93,nan,17,Left,Left,3104,371,279,14,nan,nan,0.62
5/10/2025 17:26:12,1.17.0,PRexp,10,3.93,nan,17,Left,Left,3105,371,279,14,nan,nan,0.09
5/10/2025 17:26:15,1.17.0,PRexp,10,3.93,nan,17,Left,Left,3106,371,279,14,nan,nan,0.91
5/10/2025 17:26:17,1.17.0,PRexp,10,3.93,nan,17,Left,Left,3107,371,279,14,nan,nan,0.11
5/10/2025 17:26:23,1.17.0,PRexp,10,3.93,nan,17,Left,Left,3108,371,279,14,nan,nan,0.22
5/10/2025 17:27:25,1.17.0,PRexp,10,3.93,nan,17,Left,Left,3109,371,279,14,nan,nan,0.31
5/10/2025 17:27:34,1.17.0,PRexp,10,3.93,nan,17,Left,Left,3110,371,279,14,nan,nan,0.19
5/10/2025 17:27:36,1.17.0,PRexp,10,3.93,nan,17,Left,Left,3111,371,279,14,nan,nan,0.18
5/10/2025 17:27:39,1.17.0,PRexp,10,3.93,nan,17,Left,Left,3112,371,279,14,nan,nan,0.36
5/10/2025 17:27:40,1.17.0,PRexp,10,3.93,nan,17,Left,Left,3113,371,279,14,nan,nan,0.13
5/10/2025 17:27:43,1.17.0,PRexp,10,3.93,nan,17,Left,Left,3114,371,279,14,nan,nan,0.50
5/10/2025 17:27:45,1.17.0,PRexp,10,3.92,nan,17,Left,Left,3115,371,279,14,nan,nan,0.25
5/10/2025 17:27:48,1.17.0,PRexp,10,3.92,2,17,Pellet,Left,3115,371,280,15,0.06,147,nan
5/10/2025 17:28:13,1.17.0,PRexp,10,3.93,nan,20,Left,Left,3116,371,280,15,nan,nan,0.29
5/10/2025 17:28:24,1.17.0,PRexp,10,3.92,nan,20,Left,Left,3117,371,280,15,nan,nan,0.31
5/10/2025 17:28:27,1.17.0,PRexp,10,3.93,nan,20,Right,Left,3117,372,280,15,nan,nan,0.09
5/10/2025 17:29:23,1.17.0,PRexp,10,3.92,nan,20,Left,Left,3118,372,280,15,nan,nan,0.25
5/10/2025 17:29:24,1.17.0,PRexp,10,3.92,nan,20,Left,Left,3119,372,280,15,nan,nan,0.38
5/10/2025 17:29:29,1.17.0,PRexp,10,3.93,nan,20,Left,Left,3120,372,280,15,nan,nan,0.64
5/10/2025 17:29:30,1.17.0,PRexp,10,3.92,nan,20,Left,Left,3121,372,280,15,nan,nan,0.02
5/10/2025 17:29:33,1.17.0,PRexp,10,3.93,nan,20,Left,Left,3122,372,280,15,nan,nan,0.58
5/10/2025 17:29:36,1.17.0,PRexp,10,3.93,nan,20,Left,Left,3123,372,280,15,nan,nan,0.52
5/10/2025 17:29:40,1.17.0,PRexp,10,3.93,nan,20,Left,Left,3124,372,280,15,nan,nan,0.69
5/10/2025 17:29:43,1.17.0,PRexp,10,3.93,nan,20,Left,Left,3125,372,280,15,nan,nan,0.49
5/10/2025 17:29:47,1.17.0,PRexp,10,3.93,nan,20,Left,Left,3126,372,280,15,nan,nan,0.73
5/10/2025 17:29:50,1.17.0,PRexp,10,3.93,nan,20,Left,Left,3127,372,280,15,nan,nan,0.12
5/10/2025 17:29:52,1.17.0,PRexp,10,3.92,nan,20,Left,Left,3128,372,280,15,nan,nan,0.00
5/10/2025 17:29:54,1.17.0,PRexp,10,3.93,nan,20,Left,Left,3129,372,280,15,nan,nan,0.25
5/10/2025 17:29:58,1.17.0,PRexp,10,3.93,nan,20,Left,Left,3130,372,280,15,nan,nan,0.59
5/10/2025 17:30:00,1.17.0,PRexp,10,3.93,nan,20,Left,Left,3131,372,280,15,nan,nan,0.91
5/10/2025 17:30:05,1.17.0,PRexp,10,3.93,nan,20,Left,Left,3132,372,280,15,nan,nan,0.51
5/10/2025 17:30:11,1.17.0,PRexp,10,3.93,nan,20,Left,Left,3133,372,280,15,nan,nan,0.16
5/10/2025 17:30:12,1.17.0,PRexp,10,3.93,nan,20,Left,Left,3134,372,280,15,nan,nan,0.38
5/10/2025 17:54:27,1.17.0,PRexp,10,3.93,nan,20,Left,Left,3135,372,280,15,nan,nan,0.19
5/10/2025 17:54:30,1.17.0,PRexp,10,3.92,2,20,Pellet,Left,3135,372,281,16,0.98,1603,nan
5/10/2025 17:56:51,1.17.0,PRexp,10,3.92,nan,22,Left,Left,3136,372,281,16,nan,nan,0.16
5/10/2025 17:56:55,1.17.0,PRexp,10,3.92,nan,22,Left,Left,3137,372,281,16,nan,nan,0.02
5/10/2025 17:57:00,1.17.0,PRexp,10,3.92,nan,22,Left,Left,3138,372,281,16,nan,nan,0.31
5/10/2025 17:57:02,1.17.0,PRexp,10,3.93,nan,22,Left,Left,3139,372,281,16,nan,nan,0.44
5/10/2025 17:57:07,1.17.0,PRexp,10,3.93,nan,22,Left,Left,3140,372,281,16,nan,nan,0.40
5/10/2025 17:57:10,1.17.0,PRexp,10,3.93,nan,22,Left,Left,3141,372,281,16,nan,nan,0.06
5/10/2025 17:57:14,1.17.0,PRexp,10,3.93,nan,22,Left,Left,3142,372,281,16,nan,nan,0.03
5/10/2025 17:57:18,1.17.0,PRexp,10,3.92,nan,22,Left,Left,3143,372,281,16,nan,nan,0.57
5/10/2025 17:57:23,1.17.0,PRexp,10,3.93,nan,22,Left,Left,3144,372,281,16,nan,nan,1.23
5/10/2025 17:57:28,1.17.0,PRexp,10,3.92,nan,22,Left,Left,3145,372,281,16,nan,nan,0.31
5/10/2025 17:57:29,1.17.0,PRexp,10,3.92,nan,22,Left,Left,3146,372,281,16,nan,nan,0.00
5/10/2025 17:57:32,1.17.0,PRexp,10,3.92,nan,22,Left,Left,3147,372,281,16,nan,nan,0.78
5/10/2025 17:57:41,1.17.0,PRexp,10,3.93,nan,22,Left,Left,3148,372,281,16,nan,nan,0.34
5/10/2025 17:57:45,1.17.0,PRexp,10,3.93,nan,22,Left,Left,3149,372,281,16,nan,nan,0.50
5/10/2025 17:57:47,1.17.0,PRexp,10,3.93,nan,22,Left,Left,3150,372,281,16,nan,nan,0.00
5/10/2025 17:57:51,1.17.0,PRexp,10,3.93,nan,22,Left,Left,3151,372,281,16,nan,nan,0.19
5/10/2025 17:57:56,1.17.0,PRexp,10,3.93,nan,22,Left,Left,3152,372,281,16,nan,nan,0.15
5/10/2025 17:57:58,1.17.0,PRexp,10,3.92,nan,22,Left,Left,3153,372,281,16,nan,nan,0.26
5/10/2025 17:58:01,1.17.0,PRexp,10,3.93,nan,22,Left,Left,3154,372,281,16,nan,nan,0.25
5/10/2025 17:58:09,1.17.0,PRexp,10,3.92,nan,22,Left,Left,3155,372,281,16,nan,nan,0.49
5/10/2025 17:58:15,1.17.0,PRexp,10,3.92,nan,22,Left,Left,3156,372,281,16,nan,nan,0.68
5/10/2025 17:58:18,1.17.0,PRexp,10,3.92,nan,22,Left,Left,3157,372,281,16,nan,nan,0.80
5/10/2025 17:58:20,1.17.0,PRexp,10,3.92,2,22,Pellet,Left,3157,372,282,17,0.06,230,nan
5/10/2025 17:58:46,1.17.0,PRexp,10,3.92,nan,25,Left,Left,3158,372,282,17,nan,nan,0.17
5/10/2025 17:58:49,1.17.0,PRexp,10,3.93,nan,25,Left,Left,3159,372,282,17,nan,nan,0.34
5/10/2025 17:58:56,1.17.0,PRexp,10,3.93,nan,25,Left,Left,3160,372,282,17,nan,nan,0.10
5/10/2025 17:59:00,1.17.0,PRexp,10,3.92,nan,25,Left,Left,3161,372,282,17,nan,nan,0.24
5/10/2025 17:59:01,1.17.0,PRexp,10,3.92,nan,25,Left,Left,3162,372,282,17,nan,nan,0.00
5/10/2025 17:59:05,1.17.0,PRexp,10,3.92,nan,25,Left,Left,3163,372,282,17,nan,nan,0.21
5/10/2025 17:59:07,1.17.0,PRexp,10,3.93,nan,25,Left,Left,3164,372,282,17,nan,nan,0.58
5/10/2025 17:59:08,1.17.0,PRexp,10,3.93,nan,25,Left,Left,3165,372,282,17,nan,nan,0.00
5/10/2025 17:59:11,1.17.0,PRexp,10,3.93,nan,25,Left,Left,3166,372,282,17,nan,nan,0.94
5/10/2025 17:59:15,1.17.0,PRexp,10,3.93,nan,25,Left,Left,3167,372,282,17,nan,nan,0.59
5/10/2025 17:59:16,1.17.0,PRexp,10,3.92,nan,25,Left,Left,3168,372,282,17,nan,nan,0.00
5/10/2025 17:59:22,1.17.0,PRexp,10,3.93,nan,25,Left,Left,3169,372,282,17,nan,nan,0.50
5/10/2025 17:59:24,1.17.0,PRexp,10,3.93,nan,25,Left,Left,3170,372,282,17,nan,nan,0.00
5/10/2025 17:59:27,1.17.0,PRexp,10,3.93,nan,25,Left,Left,3171,372,282,17,nan,nan,0.42
5/10/2025 17:59:29,1.17.0,PRexp,10,3.93,nan,25,Left,Left,3172,372,282,17,nan,nan,0.09
5/10/2025 17:59:30,1.17.0,PRexp,10,3.93,nan,25,Left,Left,3173,372,282,17,nan,nan,0.00
5/10/2025 17:59:35,1.17.0,PRexp,10,3.93,nan,25,Left,Left,3174,372,282,17,nan,nan,0.25
5/10/2025 17:59:36,1.17.0,PRexp,10,3.92,nan,25,Left,Left,3175,372,282,17,nan,nan,0.00
5/10/2025 17:59:39,1.17.0,PRexp,10,3.93,nan,25,Left,Left,3176,372,282,17,nan,nan,0.17
5/10/2025 17:59:42,1.17.0,PRexp,10,3.93,nan,25,Left,Left,3177,372,282,17,nan,nan,0.09
5/10/2025 18:00:07,1.17.0,PRexp,10,3.93,nan,25,Left,Left,3178,372,282,17,nan,nan,0.39
5/10/2025 18:00:11,1.17.0,PRexp,10,3.92,nan,25,Left,Left,3179,372,282,17,nan,nan,0.55
5/10/2025 18:00:13,1.17.0,PRexp,10,3.93,nan,25,Left,Left,3180,372,282,17,nan,nan,0.49
5/10/2025 18:11:24,1.17.0,PRexp,10,3.93,nan,25,Left,Left,3181,372,282,17,nan,nan,0.08
5/10/2025 18:14:59,1.17.0,PRexp,10,3.92,nan,25,Left,Left,3182,372,282,17,nan,nan,0.09
5/10/2025 18:15:05,1.17.0,PRexp,10,3.92,3,25,Pellet,Left,3182,372,283,18,0.06,1005,nan
5/10/2025 18:16:08,1.17.0,PRexp,10,3.92,nan,28,Left,Left,3183,372,283,18,nan,nan,0.06
5/10/2025 18:16:10,1.17.0,PRexp,10,3.92,nan,28,Left,Left,3184,372,283,18,nan,nan,0.13
5/10/2025 18:16:20,1.17.0,PRexp,10,3.93,nan,28,Left,Left,3185,372,283,18,nan,nan,0.07
5/10/2025 18:16:23,1.17.0,PRexp,10,3.93,nan,28,Left,Left,3186,372,283,18,nan,nan,0.09
5/10/2025 18:16:26,1.17.0,PRexp,10,3.92,nan,28,Right,Left,3186,373,283,18,nan,nan,0.28
5/10/2025 18:16:27,1.17.0,PRexp,10,3.92,nan,28,Left,Left,3187,373,283,18,nan,nan,0.15
5/10/2025 18:19:32,1.17.0,PRexp,10,3.93,nan,28,Left,Left,3188,373,283,18,nan,nan,0.09
5/10/2025 18:19:35,1.17.0,PRexp,10,3.93,nan,28,Left,Left,3189,373,283,18,nan,nan,0.15
5/10/2025 18:19:41,1.17.0,PRexp,10,3.93,nan,28,Left,Left,3190,373,283,18,nan,nan,0.11
5/10/2025 18:19:44,1.17.0,PRexp,10,3.92,nan,28,Left,Left,3191,373,283,18,nan,nan,0.33
5/10/2025 18:19:45,1.17.0,PRexp,10,3.93,nan,28,Left,Left,3192,373,283,18,nan,nan,0.10
5/10/2025 18:19:48,1.17.0,PRexp,10,3.92,nan,28,Left,Left,3193,373,283,18,nan,nan,0.32
5/10/2025 18:19:50,1.17.0,PRexp,10,3.92,nan,28,Left,Left,3194,373,283,18,nan,nan,0.15
5/10/2025 18:20:56,1.17.0,PRexp,10,3.93,nan,28,Left,Left,3195,373,283,18,nan,nan,0.18
5/10/2025 18:21:06,1.17.0,PRexp,10,3.92,nan,28,Right,Left,3195,374,283,18,nan,nan,0.03
5/10/2025 18:21:09,1.17.0,PRexp,10,3.92,nan,28,Left,Left,3196,374,283,18,nan,nan,0.08
5/10/2025 18:21:32,1.17.0,PRexp,10,3.92,nan,28,Left,Left,3197,374,283,18,nan,nan,0.11
5/10/2025 18:21:41,1.17.0,PRexp,10,3.93,nan,28,Left,Left,3198,374,283,18,nan,nan,0.03
5/10/2025 18:21:44,1.17.0,PRexp,10,3.93,nan,28,Left,Left,3199,374,283,18,nan,nan,0.10
5/10/2025 18:21:47,1.17.0,PRexp,10,3.92,nan,28,Left,Left,3200,374,283,18,nan,nan,0.23
5/10/2025 18:21:50,1.17.0,PRexp,10,3.93,nan,28,Left,Left,3201,374,283,18,nan,nan,0.09
5/10/2025 18:21:54,1.17.0,PRexp,10,3.93,nan,28,Left,Left,3202,374,283,18,nan,nan,0.26
5/10/2025 18:21:57,1.17.0,PRexp,10,3.92,nan,28,Left,Left,3203,374,283,18,nan,nan,0.20
5/10/2025 18:22:11,1.17.0,PRexp,10,3.92,nan,28,Left,Left,3204,374,283,18,nan,nan,0.20
5/10/2025 18:22:15,1.17.0,PRexp,10,3.93,nan,28,Left,Left,3205,374,283,18,nan,nan,0.24
5/10/2025 18:22:16,1.17.0,PRexp,10,3.93,nan,28,Left,Left,3206,374,283,18,nan,nan,0.17
5/10/2025 18:22:19,1.17.0,PRexp,10,3.93,nan,28,Right,Left,3206,375,283,18,nan,nan,0.25
5/10/2025 18:22:21,1.17.0,PRexp,10,3.92,nan,28,Left,Left,3207,375,283,18,nan,nan,0.33
5/10/2025 18:22:24,1.17.0,PRexp,10,3.92,nan,28,Left,Left,3208,375,283,18,nan,nan,0.22
5/10/2025 18:22:26,1.17.0,PRexp,10,3.92,nan,28,Left,Left,3209,375,283,18,nan,nan,0.33
5/10/2025 18:22:29,1.17.0,PRexp,10,3.93,nan,28,Left,Left,3210,375,283,18,nan,nan,0.54
5/10/2025 18:22:31,1.17.0,PRexp,10,3.93,2,28,Pellet,Left,3210,375,284,19,0.06,446,nan
5/10/2025 18:23:00,1.17.0,PRexp,10,3.93,nan,32,Left,Left,3211,375,284,19,nan,nan,0.04
5/10/2025 18:23:21,1.17.0,PRexp,10,3.92,nan,32,Left,Left,3212,375,284,19,nan,nan,0.50
5/10/2025 18:23:23,1.17.0,PRexp,10,3.93,nan,32,Left,Left,3213,375,284,19,nan,nan,0.21
5/10/2025 18:23:45,1.17.0,PRexp,10,3.92,nan,32,Left,Left,3214,375,284,19,nan,nan,0.46
5/10/2025 18:23:47,1.17.0,PRexp,10,3.93,nan,32,Left,Left,3215,375,284,19,nan,nan,0.00
5/10/2025 18:23:49,1.17.0,PRexp,10,3.92,nan,32,Left,Left,3216,375,284,19,nan,nan,0.33
5/10/2025 18:24:00,1.17.0,PRexp,10,3.92,nan,32,Left,Left,3217,375,284,19,nan,nan,0.05
5/10/2025 18:24:05,1.17.0,PRexp,10,3.93,nan,32,Left,Left,3218,375,284,19,nan,nan,0.09
5/10/2025 18:26:16,1.17.0,PRexp,10,3.93,nan,32,Left,Left,3219,375,284,19,nan,nan,0.03
5/10/2025 18:26:28,1.17.0,PRexp,10,3.92,nan,32,Left,Left,3220,375,284,19,nan,nan,0.03
5/10/2025 18:26:30,1.17.0,PRexp,10,3.92,nan,32,Left,Left,3221,375,284,19,nan,nan,0.16
5/10/2025 18:27:01,1.17.0,PRexp,10,3.92,nan,32,Left,Left,3222,375,284,19,nan,nan,0.11
5/10/2025 18:27:05,1.17.0,PRexp,10,3.93,nan,32,Left,Left,3223,375,284,19,nan,nan,0.11
5/10/2025 18:27:15,1.17.0,PRexp,10,3.93,nan,32,Left,Left,3224,375,284,19,nan,nan,0.06
5/10/2025 18:27:16,1.17.0,PRexp,10,3.92,nan,32,Left,Left,3225,375,284,19,nan,nan,0.37
5/10/2025 18:27:20,1.17.0,PRexp,10,3.92,nan,32,Left,Left,3226,375,284,19,nan,nan,0.08
5/10/2025 18:27:24,1.17.0,PRexp,10,3.92,nan,32,Left,Left,3227,375,284,19,nan,nan,0.24
5/10/2025 18:27:30,1.17.0,PRexp,10,3.93,nan,32,Left,Left,3228,375,284,19,nan,nan,0.36
5/10/2025 18:27:37,1.17.0,PRexp,10,3.92,nan,32,Left,Left,3229,375,284,19,nan,nan,0.19
5/10/2025 18:27:42,1.17.0,PRexp,10,3.93,nan,32,Left,Left,3230,375,284,19,nan,nan,0.21
5/10/2025 18:28:43,1.17.0,PRexp,10,3.92,nan,32,Left,Left,3231,375,284,19,nan,nan,0.14
5/10/2025 18:28:45,1.17.0,PRexp,10,3.92,nan,32,Left,Left,3232,375,284,19,nan,nan,0.35
5/10/2025 18:28:47,1.17.0,PRexp,10,3.93,nan,32,Left,Left,3233,375,284,19,nan,nan,0.12
5/10/2025 18:28:50,1.17.0,PRexp,10,3.92,nan,32,Left,Left,3234,375,284,19,nan,nan,0.35
5/10/2025 18:28:53,1.17.0,PRexp,10,3.93,nan,32,Left,Left,3235,375,284,19,nan,nan,0.41
5/10/2025 18:28:57,1.17.0,PRexp,10,3.92,nan,32,Left,Left,3236,375,284,19,nan,nan,0.48
5/10/2025 18:29:00,1.17.0,PRexp,10,3.93,nan,32,Left,Left,3237,375,284,19,nan,nan,0.43
5/10/2025 18:29:04,1.17.0,PRexp,10,3.92,nan,32,Left,Left,3238,375,284,19,nan,nan,0.13
5/10/2025 18:29:06,1.17.0,PRexp,10,3.93,nan,32,Left,Left,3239,375,284,19,nan,nan,0.45
5/10/2025 18:29:08,1.17.0,PRexp,10,3.92,nan,32,Left,Left,3240,375,284,19,nan,nan,0.54
5/10/2025 18:29:12,1.17.0,PRexp,10,3.93,nan,32,Left,Left,3241,375,284,19,nan,nan,0.28
5/10/2025 18:29:13,1.17.0,PRexp,10,3.92,nan,32,Left,Left,3242,375,284,19,nan,nan,0.33
5/10/2025 18:29:17,1.17.0,PRexp,10,3.92,2,32,Pellet,Left,3242,375,285,20,0.06,406,nan
5/10/2025 18:29:54,1.17.0,PRexp,10,3.92,nan,36,Left,Left,3243,375,285,20,nan,nan,0.07
5/10/2025 18:30:01,1.17.0,PRexp,10,3.93,nan,36,Left,Left,3244,375,285,20,nan,nan,0.11
5/10/2025 18:30:04,1.17.0,PRexp,10,3.92,nan,36,Left,Left,3245,375,285,20,nan,nan,0.18
5/10/2025 18:30:16,1.17.0,PRexp,10,3.92,nan,36,Left,Left,3246,375,285,20,nan,nan,0.13
5/10/2025 18:30:21,1.17.0,PRexp,10,3.92,nan,36,Left,Left,3247,375,285,20,nan,nan,0.16
5/10/2025 18:30:42,1.17.0,PRexp,10,3.93,nan,36,Right,Left,3247,376,285,20,nan,nan,0.10
5/10/2025 18:30:44,1.17.0,PRexp,10,3.92,nan,36,Left,Left,3248,376,285,20,nan,nan,0.08
5/10/2025 18:30:47,1.17.0,PRexp,10,3.93,nan,36,Left,Left,3249,376,285,20,nan,nan,0.04
5/10/2025 18:34:09,1.17.0,PRexp,10,3.93,nan,36,Left,Left,3250,376,285,20,nan,nan,0.22
5/10/2025 18:34:12,1.17.0,PRexp,10,3.92,nan,36,Left,Left,3251,376,285,20,nan,nan,0.29
5/10/2025 18:34:15,1.17.0,PRexp,10,3.93,nan,36,Left,Left,3252,376,285,20,nan,nan,0.28
5/10/2025 18:34:18,1.17.0,PRexp,10,3.93,nan,36,Left,Left,3253,376,285,20,nan,nan,0.27
5/10/2025 18:34:29,1.17.0,PRexp,10,3.92,nan,36,Left,Left,3254,376,285,20,nan,nan,0.12
5/10/2025 18:34:32,1.17.0,PRexp,10,3.91,nan,36,Left,Left,3255,376,285,20,nan,nan,0.53
5/10/2025 18:34:37,1.17.0,PRexp,10,3.93,nan,36,Left,Left,3256,376,285,20,nan,nan,0.27
5/10/2025 18:34:39,1.17.0,PRexp,10,3.93,nan,36,Left,Left,3257,376,285,20,nan,nan,0.32
5/10/2025 18:34:42,1.17.0,PRexp,10,3.93,nan,36,Left,Left,3258,376,285,20,nan,nan,0.34
5/10/2025 18:34:57,1.17.0,PRexp,10,3.93,nan,36,Right,Left,3258,377,285,20,nan,nan,0.23
5/10/2025 18:34:59,1.17.0,PRexp,10,3.93,nan,36,Left,Left,3259,377,285,20,nan,nan,0.13
5/10/2025 18:35:01,1.17.0,PRexp,10,3.93,nan,36,Left,Left,3260,377,285,20,nan,nan,0.22
5/10/2025 18:35:05,1.17.0,PRexp,10,3.92,nan,36,Left,Left,3261,377,285,20,nan,nan,0.39
5/10/2025 18:35:27,1.17.0,PRexp,10,3.93,nan,36,Left,Left,3262,377,285,20,nan,nan,0.38
5/10/2025 18:35:28,1.17.0,PRexp,10,3.93,nan,36,Left,Left,3263,377,285,20,nan,nan,0.24
5/10/2025 18:35:39,1.17.0,PRexp,10,3.93,nan,36,Left,Left,3264,377,285,20,nan,nan,0.38
5/10/2025 18:35:41,1.17.0,PRexp,10,3.93,nan,36,Left,Left,3265,377,285,20,nan,nan,0.44
5/10/2025 18:35:45,1.17.0,PRexp,10,3.92,nan,36,Left,Left,3266,377,285,20,nan,nan,0.44
5/10/2025 18:35:48,1.17.0,PRexp,10,3.92,nan,36,Left,Left,3267,377,285,20,nan,nan,0.48
5/10/2025 18:35:51,1.17.0,PRexp,10,3.92,nan,36,Left,Left,3268,377,285,20,nan,nan,0.10
5/10/2025 18:35:57,1.17.0,PRexp,10,3.93,nan,36,Left,Left,3269,377,285,20,nan,nan,1.39
5/10/2025 18:36:01,1.17.0,PRexp,10,3.93,nan,36,Left,Left,3270,377,285,20,nan,nan,0.48
5/10/2025 18:36:05,1.17.0,PRexp,10,3.93,nan,36,Left,Left,3271,377,285,20,nan,nan,0.35
5/10/2025 18:36:08,1.17.0,PRexp,10,3.92,nan,36,Left,Left,3272,377,285,20,nan,nan,0.74
5/10/2025 18:36:13,1.17.0,PRexp,10,3.92,nan,36,Left,Left,3273,377,285,20,nan,nan,0.50
5/10/2025 18:36:15,1.17.0,PRexp,10,3.92,nan,36,Left,Left,3274,377,285,20,nan,nan,0.31
5/10/2025 18:36:18,1.17.0,PRexp,10,3.92,nan,36,Left,Left,3275,377,285,20,nan,nan,0.35
5/10/2025 18:36:22,1.17.0,PRexp,10,3.93,nan,36,Left,Left,3276,377,285,20,nan,nan,0.28
5/10/2025 18:36:45,1.17.0,PRexp,10,3.92,nan,36,Left,Left,3277,377,285,20,nan,nan,0.17
5/10/2025 18:37:10,1.17.0,PRexp,10,3.92,nan,36,Left,Left,3278,377,285,20,nan,nan,0.25
5/10/2025 18:37:13,1.17.0,PRexp,10,3.93,1,36,Pellet,Left,3278,377,286,21,0.06,475,nan
5/10/2025 18:37:52,1.17.0,PRexp,10,3.92,nan,40,Left,Left,3279,377,286,21,nan,nan,0.19
5/10/2025 18:58:20,1.17.0,PRexp,10,3.92,nan,40,Left,Left,3280,377,286,21,nan,nan,0.12
5/10/2025 18:58:29,1.17.0,PRexp,10,3.92,nan,40,Left,Left,3281,377,286,21,nan,nan,0.14
5/10/2025 18:58:41,1.17.0,PRexp,10,3.93,nan,40,Left,Left,3282,377,286,21,nan,nan,0.12
5/10/2025 18:58:44,1.17.0,PRexp,10,3.93,nan,40,Left,Left,3283,377,286,21,nan,nan,0.22
5/10/2025 18:58:49,1.17.0,PRexp,10,3.92,nan,40,Left,Left,3284,377,286,21,nan,nan,0.11
5/10/2025 18:58:55,1.17.0,PRexp,10,3.93,nan,40,Left,Left,3285,377,286,21,nan,nan,0.19
5/10/2025 18:59:01,1.17.0,PRexp,10,3.93,nan,40,Left,Left,3286,377,286,21,nan,nan,0.07
5/10/2025 18:59:04,1.17.0,PRexp,10,3.93,nan,40,Left,Left,3287,377,286,21,nan,nan,0.28
5/10/2025 18:59:24,1.17.0,PRexp,10,3.93,nan,40,Left,Left,3288,377,286,21,nan,nan,0.13
5/10/2025 18:59:27,1.17.0,PRexp,10,3.92,nan,40,Left,Left,3289,377,286,21,nan,nan,0.39
5/10/2025 18:59:34,1.17.0,PRexp,10,3.92,nan,40,Left,Left,3290,377,286,21,nan,nan,0.16
5/10/2025 19:00:23,1.17.0,PRexp,10,3.93,nan,40,Left,Left,3291,377,286,21,nan,nan,0.12
5/10/2025 19:00:29,1.17.0,PRexp,10,3.92,nan,40,Left,Left,3292,377,286,21,nan,nan,0.00
5/10/2025 19:00:32,1.17.0,PRexp,10,3.92,nan,40,Left,Left,3293,377,286,21,nan,nan,0.12
5/10/2025 19:00:46,1.17.0,PRexp,10,3.92,nan,40,Left,Left,3294,377,286,21,nan,nan,0.53
5/10/2025 19:00:51,1.17.0,PRexp,10,3.93,nan,40,Left,Left,3295,377,286,21,nan,nan,0.24
5/10/2025 19:00:56,1.17.0,PRexp,10,3.92,nan,40,Left,Left,3296,377,286,21,nan,nan,0.19
5/10/2025 19:01:05,1.17.0,PRexp,10,3.92,nan,40,Left,Left,3297,377,286,21,nan,nan,0.08
5/10/2025 19:01:07,1.17.0,PRexp,10,3.92,nan,40,Left,Left,3298,377,286,21,nan,nan,0.30
5/10/2025 19:01:11,1.17.0,PRexp,10,3.92,nan,40,Left,Left,3299,377,286,21,nan,nan,0.04
5/10/2025 19:01:15,1.17.0,PRexp,10,3.92,nan,40,Left,Left,3300,377,286,21,nan,nan,0.16
5/10/2025 19:01:19,1.17.0,PRexp,10,3.92,nan,40,Left,Left,3301,377,286,21,nan,nan,0.58
5/10/2025 19:01:23,1.17.0,PRexp,10,3.92,nan,40,Left,Left,3302,377,286,21,nan,nan,0.38
5/10/2025 19:01:29,1.17.0,PRexp,10,3.93,nan,40,Left,Left,3303,377,286,21,nan,nan,0.10
5/10/2025 19:01:35,1.17.0,PRexp,10,3.92,nan,40,Left,Left,3304,377,286,21,nan,nan,0.28
5/10/2025 19:01:38,1.17.0,PRexp,10,3.92,nan,40,Left,Left,3305,377,286,21,nan,nan,0.96
5/10/2025 19:01:42,1.17.0,PRexp,10,3.92,nan,40,Left,Left,3306,377,286,21,nan,nan,0.64
5/10/2025 19:01:44,1.17.0,PRexp,10,3.92,nan,40,Left,Left,3307,377,286,21,nan,nan,0.16
5/10/2025 19:01:45,1.17.0,PRexp,10,3.92,nan,40,Left,Left,3308,377,286,21,nan,nan,0.00
5/10/2025 19:01:49,1.17.0,PRexp,10,3.92,nan,40,Left,Left,3309,377,286,21,nan,nan,0.39
5/10/2025 19:01:54,1.17.0,PRexp,10,3.92,nan,40,Left,Left,3310,377,286,21,nan,nan,0.33
5/10/2025 19:01:56,1.17.0,PRexp,10,3.92,nan,40,Left,Left,3311,377,286,21,nan,nan,1.15
5/10/2025 19:02:04,1.17.0,PRexp,10,3.92,nan,40,Left,Left,3312,377,286,21,nan,nan,0.13
5/10/2025 19:02:08,1.17.0,PRexp,10,3.93,nan,40,Left,Left,3313,377,286,21,nan,nan,0.11
5/10/2025 19:02:13,1.17.0,PRexp,10,3.91,nan,40,Left,Left,3314,377,286,21,nan,nan,0.25
5/10/2025 19:02:18,1.17.0,PRexp,10,3.92,nan,40,Left,Left,3315,377,286,21,nan,nan,0.31
5/10/2025 19:02:21,1.17.0,PRexp,10,3.93,nan,40,Left,Left,3316,377,286,21,nan,nan,0.42
5/10/2025 19:02:24,1.17.0,PRexp,10,3.92,nan,40,Left,Left,3317,377,286,21,nan,nan,0.31
5/10/2025 19:02:27,1.17.0,PRexp,10,3.92,nan,40,Left,Left,3318,377,286,21,nan,nan,0.73
5/10/2025 19:02:33,1.17.0,PRexp,10,3.92,3,40,Pellet,Left,3318,377,287,22,0.12,1521,nan
5/10/2025 19:03:07,1.17.0,PRexp,10,3.93,nan,45,Left,Left,3319,377,287,22,nan,nan,0.26
5/10/2025 19:03:09,1.17.0,PRexp,10,3.93,nan,45,Left,Left,3320,377,287,22,nan,nan,0.19
5/10/2025 19:03:18,1.17.0,PRexp,10,3.93,nan,45,Left,Left,3321,377,287,22,nan,nan,0.04
5/10/2025 19:03:20,1.17.0,PRexp,10,3.93,nan,45,Left,Left,3322,377,287,22,nan,nan,0.39
5/10/2025 19:03:26,1.17.0,PRexp,10,3.92,nan,45,Left,Left,3323,377,287,22,nan,nan,0.96
5/10/2025 19:03:32,1.17.0,PRexp,10,3.92,nan,45,Left,Left,3324,377,287,22,nan,nan,0.19
5/10/2025 19:03:38,1.17.0,PRexp,10,3.92,nan,45,Left,Left,3325,377,287,22,nan,nan,0.72
5/10/2025 19:03:44,1.17.0,PRexp,10,3.92,nan,45,Left,Left,3326,377,287,22,nan,nan,0.81
5/10/2025 19:03:52,1.17.0,PRexp,10,3.92,nan,45,Left,Left,3327,377,287,22,nan,nan,0.00
5/10/2025 19:03:56,1.17.0,PRexp,10,3.92,nan,45,Left,Left,3328,377,287,22,nan,nan,0.62
5/10/2025 19:04:00,1.17.0,PRexp,10,3.93,nan,45,Left,Left,3329,377,287,22,nan,nan,0.35
5/10/2025 19:04:07,1.17.0,PRexp,10,3.92,nan,45,Left,Left,3330,377,287,22,nan,nan,0.72
5/10/2025 19:04:10,1.17.0,PRexp,10,3.92,nan,45,Left,Left,3331,377,287,22,nan,nan,0.70
5/10/2025 19:04:13,1.17.0,PRexp,10,3.92,nan,45,Left,Left,3332,377,287,22,nan,nan,0.49
5/10/2025 19:04:16,1.17.0,PRexp,10,3.92,nan,45,Left,Left,3333,377,287,22,nan,nan,0.69
5/10/2025 19:04:22,1.17.0,PRexp,10,3.92,nan,45,Left,Left,3334,377,287,22,nan,nan,0.51
5/10/2025 19:04:40,1.17.0,PRexp,10,3.93,nan,45,Left,Left,3335,377,287,22,nan,nan,0.44
5/10/2025 19:04:41,1.17.0,PRexp,10,3.92,nan,45,Left,Left,3336,377,287,22,nan,nan,0.35
5/10/2025 19:04:45,1.17.0,PRexp,10,3.93,nan,45,Left,Left,3337,377,287,22,nan,nan,0.29
5/10/2025 19:04:47,1.17.0,PRexp,10,3.92,nan,45,Left,Left,3338,377,287,22,nan,nan,0.17
5/10/2025 19:04:52,1.17.0,PRexp,10,3.92,nan,45,Left,Left,3339,377,287,22,nan,nan,0.54
5/10/2025 19:04:54,1.17.0,PRexp,10,3.92,nan,45,Left,Left,3340,377,287,22,nan,nan,0.54
5/10/2025 19:04:57,1.17.0,PRexp,10,3.92,nan,45,Left,Left,3341,377,287,22,nan,nan,0.68
5/10/2025 19:06:15,1.17.0,PRexp,10,3.92,nan,45,Left,Left,3342,377,287,22,nan,nan,0.23
5/10/2025 19:06:22,1.17.0,PRexp,10,3.93,nan,45,Left,Left,3343,377,287,22,nan,nan,0.42
5/10/2025 19:06:25,1.17.0,PRexp,10,3.92,nan,45,Left,Left,3344,377,287,22,nan,nan,0.27
5/10/2025 19:06:27,1.17.0,PRexp,10,3.92,nan,45,Left,Left,3345,377,287,22,nan,nan,0.31
5/10/2025 19:06:31,1.17.0,PRexp,10,3.92,nan,45,Left,Left,3346,377,287,22,nan,nan,0.45
5/10/2025 19:06:34,1.17.0,PRexp,10,3.93,nan,45,Left,Left,3347,377,287,22,nan,nan,0.31
5/10/2025 19:06:38,1.17.0,PRexp,10,3.92,nan,45,Left,Left,3348,377,287,22,nan,nan,0.65
5/10/2025 19:06:43,1.17.0,PRexp,10,3.93,nan,45,Left,Left,3349,377,287,22,nan,nan,0.53
5/10/2025 19:06:48,1.17.0,PRexp,10,3.92,nan,45,Left,Left,3350,377,287,22,nan,nan,0.36
5/10/2025 19:06:49,1.17.0,PRexp,10,3.92,nan,45,Left,Left,3351,377,287,22,nan,nan,0.05
5/10/2025 19:06:52,1.17.0,PRexp,10,3.92,nan,45,Left,Left,3352,377,287,22,nan,nan,0.36
5/10/2025 19:06:55,1.17.0,PRexp,10,3.92,nan,45,Left,Left,3353,377,287,22,nan,nan,0.36
5/10/2025 19:07:00,1.17.0,PRexp,10,3.92,nan,45,Left,Left,3354,377,287,22,nan,nan,0.39
5/10/2025 19:07:05,1.17.0,PRexp,10,3.92,nan,45,Left,Left,3355,377,287,22,nan,nan,0.90
5/10/2025 19:07:16,1.17.0,PRexp,10,3.92,nan,45,Left,Left,3356,377,287,22,nan,nan,0.30
5/10/2025 19:07:19,1.17.0,PRexp,10,3.92,nan,45,Left,Left,3357,377,287,22,nan,nan,0.55
5/10/2025 19:07:23,1.17.0,PRexp,10,3.93,nan,45,Left,Left,3358,377,287,22,nan,nan,0.68
5/10/2025 19:07:27,1.17.0,PRexp,10,3.92,nan,45,Left,Left,3359,377,287,22,nan,nan,0.39
5/10/2025 19:07:32,1.17.0,PRexp,10,3.92,nan,45,Left,Left,3360,377,287,22,nan,nan,0.40
5/10/2025 19:11:29,1.17.0,PRexp,10,3.93,nan,45,Left,Left,3361,377,287,22,nan,nan,0.05
5/10/2025 19:11:41,1.17.0,PRexp,10,3.92,nan,45,Left,Left,3362,377,287,22,nan,nan,0.17
5/10/2025 19:11:42,1.17.0,PRexp,10,3.93,nan,45,Left,Left,3363,377,287,22,nan,nan,0.15
5/10/2025 19:11:45,1.17.0,PRexp,10,3.93,2,45,Pellet,Left,3363,377,288,23,0.12,552,nan
5/10/2025 19:13:12,1.17.0,PRexp,10,3.92,nan,50,Left,Left,3364,377,288,23,nan,nan,0.03
5/10/2025 19:13:13,1.17.0,PRexp,10,3.92,nan,50,Left,Left,3365,377,288,23,nan,nan,0.00
5/10/2025 19:14:02,1.17.0,PRexp,10,3.92,nan,50,Left,Left,3366,377,288,23,nan,nan,0.08
5/10/2025 19:16:45,1.17.0,PRexp,10,3.92,nan,50,Right,Left,3366,378,288,23,nan,nan,0.14
5/10/2025 19:16:47,1.17.0,PRexp,10,3.92,nan,50,Left,Left,3367,378,288,23,nan,nan,0.21
5/10/2025 19:16:49,1.17.0,PRexp,10,3.93,nan,50,Left,Left,3368,378,288,23,nan,nan,0.10
5/10/2025 19:17:12,1.17.0,PRexp,10,3.92,nan,50,Left,Left,3369,378,288,23,nan,nan,0.11
5/10/2025 19:18:18,1.17.0,PRexp,10,3.93,nan,50,Left,Left,3370,378,288,23,nan,nan,0.15
5/10/2025 19:18:20,1.17.0,PRexp,10,3.92,nan,50,Right,Left,3370,379,288,23,nan,nan,0.08
5/10/2025 19:18:27,1.17.0,PRexp,10,3.92,nan,50,Left,Left,3371,379,288,23,nan,nan,0.00
5/10/2025 19:19:50,1.17.0,PRexp,10,3.93,nan,50,Left,Left,3372,379,288,23,nan,nan,0.02
5/10/2025 19:21:55,1.17.0,PRexp,10,3.92,nan,50,Left,Left,3373,379,288,23,nan,nan,0.40
5/10/2025 19:21:57,1.17.0,PRexp,10,3.92,nan,50,Left,Left,3374,379,288,23,nan,nan,0.08
5/10/2025 19:22:00,1.17.0,PRexp,10,3.92,nan,50,Left,Left,3375,379,288,23,nan,nan,0.13
5/10/2025 19:22:01,1.17.0,PRexp,10,3.92,nan,50,Left,Left,3376,379,288,23,nan,nan,0.06
5/10/2025 19:22:04,1.17.0,PRexp,10,3.93,nan,50,Left,Left,3377,379,288,23,nan,nan,0.29
5/10/2025 19:22:09,1.17.0,PRexp,10,3.93,nan,50,Left,Left,3378,379,288,23,nan,nan,0.28
5/10/2025 19:22:45,1.17.0,PRexp,10,3.93,nan,50,Left,Left,3379,379,288,23,nan,nan,0.23
5/10/2025 19:23:14,1.17.0,PRexp,10,3.92,nan,50,Left,Left,3380,379,288,23,nan,nan,0.02
5/10/2025 19:23:54,1.17.0,PRexp,10,3.92,nan,50,Left,Left,3381,379,288,23,nan,nan,0.12
5/10/2025 19:23:55,1.17.0,PRexp,10,3.93,nan,50,Left,Left,3382,379,288,23,nan,nan,0.18
5/10/2025 19:24:00,1.17.0,PRexp,10,3.92,nan,50,Left,Left,3383,379,288,23,nan,nan,0.48
5/10/2025 19:24:03,1.17.0,PRexp,10,3.92,nan,50,Left,Left,3384,379,288,23,nan,nan,0.14
5/10/2025 19:24:11,1.17.0,PRexp,10,3.91,nan,50,Left,Left,3385,379,288,23,nan,nan,0.20
5/10/2025 19:25:11,1.17.0,PRexp,10,3.91,nan,50,Left,Left,3386,379,288,23,nan,nan,0.08
5/10/2025 19:25:59,1.17.0,PRexp,10,3.92,nan,50,Left,Left,3387,379,288,23,nan,nan,0.15
5/10/2025 19:26:03,1.17.0,PRexp,10,3.93,nan,50,Left,Left,3388,379,288,23,nan,nan,0.20
5/10/2025 19:26:56,1.17.0,PRexp,10,3.92,nan,50,Right,Left,3388,380,288,23,nan,nan,0.05
5/10/2025 19:26:57,1.17.0,PRexp,10,3.92,nan,50,Left,Left,3389,380,288,23,nan,nan,0.13
5/10/2025 19:27:01,1.17.0,PRexp,10,3.92,nan,50,Left,Left,3390,380,288,23,nan,nan,0.18
5/10/2025 19:27:25,1.17.0,PRexp,10,3.92,nan,50,Left,Left,3391,380,288,23,nan,nan,0.20
5/10/2025 19:27:29,1.17.0,PRexp,10,3.93,nan,50,Left,Left,3392,380,288,23,nan,nan,0.26
5/10/2025 19:28:26,1.17.0,PRexp,10,3.93,nan,50,Right,Left,3392,381,288,23,nan,nan,0.13
5/10/2025 19:28:28,1.17.0,PRexp,10,3.92,nan,50,Left,Left,3393,381,288,23,nan,nan,0.15
5/10/2025 19:29:29,1.17.0,PRexp,10,3.92,nan,50,Left,Left,3394,381,288,23,nan,nan,0.00
5/10/2025 19:29:34,1.17.0,PRexp,10,3.93,nan,50,Left,Left,3395,381,288,23,nan,nan,0.07
5/10/2025 19:29:37,1.17.0,PRexp,10,3.93,nan,50,Left,Left,3396,381,288,23,nan,nan,0.44
5/10/2025 19:29:42,1.17.0,PRexp,10,3.92,nan,50,Left,Left,3397,381,288,23,nan,nan,0.27
5/10/2025 19:29:56,1.17.0,PRexp,10,3.92,nan,50,Left,Left,3398,381,288,23,nan,nan,0.50
5/10/2025 19:29:58,1.17.0,PRexp,10,3.93,nan,50,Left,Left,3399,381,288,23,nan,nan,0.21
5/10/2025 19:30:00,1.17.0,PRexp,10,3.92,nan,50,Left,Left,3400,381,288,23,nan,nan,0.43
5/10/2025 19:30:03,1.17.0,PRexp,10,3.92,nan,50,Left,Left,3401,381,288,23,nan,nan,0.49
5/10/2025 19:30:04,1.17.0,PRexp,10,3.93,nan,50,Left,Left,3402,381,288,23,nan,nan,0.34
5/10/2025 19:31:23,1.17.0,PRexp,10,3.91,nan,50,Left,Left,3403,381,288,23,nan,nan,0.50
5/10/2025 19:31:27,1.17.0,PRexp,10,3.92,nan,50,Left,Left,3404,381,288,23,nan,nan,0.38
5/10/2025 19:31:30,1.17.0,PRexp,10,3.92,nan,50,Left,Left,3405,381,288,23,nan,nan,0.42
5/10/2025 19:32:05,1.17.0,PRexp,10,3.92,nan,50,Left,Left,3406,381,288,23,nan,nan,0.22
5/10/2025 19:32:07,1.17.0,PRexp,10,3.92,nan,50,Left,Left,3407,381,288,23,nan,nan,0.20
5/10/2025 19:36:50,1.17.0,PRexp,10,3.93,nan,50,Left,Left,3408,381,288,23,nan,nan,0.12
5/10/2025 19:36:52,1.17.0,PRexp,10,3.92,nan,50,Left,Left,3409,381,288,23,nan,nan,0.32
5/10/2025 19:36:57,1.17.0,PRexp,10,3.93,nan,50,Left,Left,3410,381,288,23,nan,nan,0.36
5/10/2025 19:37:08,1.17.0,PRexp,10,3.92,nan,50,Right,Left,3410,382,288,23,nan,nan,0.16
5/10/2025 19:37:09,1.17.0,PRexp,10,3.92,nan,50,Left,Left,3411,382,288,23,nan,nan,0.00
5/10/2025 19:37:12,1.17.0,PRexp,10,3.93,nan,50,Left,Left,3412,382,288,23,nan,nan,0.35
5/10/2025 19:37:55,1.17.0,PRexp,10,3.92,nan,50,Right,Left,3412,383,288,23,nan,nan,0.24
5/10/2025 19:38:07,1.17.0,PRexp,10,3.92,nan,50,Left,Left,3413,383,288,23,nan,nan,0.42
5/10/2025 19:38:10,1.17.0,PRexp,10,3.92,2,50,Pellet,Left,3413,383,289,24,0.06,1585,nan
5/10/2025 19:38:31,1.17.0,PRexp,10,3.92,nan,56,Left,Left,3414,383,289,24,nan,nan,0.10
5/10/2025 19:38:47,1.17.0,PRexp,10,3.92,nan,56,Left,Left,3415,383,289,24,nan,nan,0.14
5/10/2025 19:38:50,1.17.0,PRexp,10,3.92,nan,56,Left,Left,3416,383,289,24,nan,nan,0.33
5/10/2025 19:38:52,1.17.0,PRexp,10,3.92,nan,56,Left,Left,3417,383,289,24,nan,nan,0.35
5/10/2025 19:38:58,1.17.0,PRexp,10,3.93,nan,56,Left,Left,3418,383,289,24,nan,nan,0.13
5/10/2025 19:39:02,1.17.0,PRexp,10,3.92,nan,56,Left,Left,3419,383,289,24,nan,nan,0.64
5/10/2025 19:40:20,1.17.0,PRexp,10,3.92,nan,56,Left,Left,3420,383,289,24,nan,nan,0.07
5/10/2025 19:40:22,1.17.0,PRexp,10,3.93,nan,56,Left,Left,3421,383,289,24,nan,nan,0.33
5/10/2025 19:40:24,1.17.0,PRexp,10,3.92,nan,56,Left,Left,3422,383,289,24,nan,nan,0.31
5/10/2025 19:40:26,1.17.0,PRexp,10,3.92,nan,56,Left,Left,3423,383,289,24,nan,nan,0.49
5/10/2025 19:40:29,1.17.0,PRexp,10,3.91,nan,56,Left,Left,3424,383,289,24,nan,nan,0.19
5/10/2025 19:40:33,1.17.0,PRexp,10,3.92,nan,56,Left,Left,3425,383,289,24,nan,nan,0.01
5/10/2025 19:41:26,1.17.0,PRexp,10,3.92,nan,56,Right,Left,3425,384,289,24,nan,nan,0.15
5/10/2025 19:41:43,1.17.0,PRexp,10,3.92,nan,56,Left,Left,3426,384,289,24,nan,nan,0.08
5/10/2025 19:42:42,1.17.0,PRexp,10,3.92,nan,56,Left,Left,3427,384,289,24,nan,nan,0.13
5/10/2025 19:42:45,1.17.0,PRexp,10,3.93,nan,56,Right,Left,3427,385,289,24,nan,nan,0.14
5/10/2025 19:42:46,1.17.0,PRexp,10,3.93,nan,56,Right,Left,3427,386,289,24,nan,nan,0.00
5/10/2025 19:42:49,1.17.0,PRexp,10,3.92,nan,56,Left,Left,3428,386,289,24,nan,nan,0.15
5/10/2025 19:42:50,1.17.0,PRexp,10,3.92,nan,56,Left,Left,3429,386,289,24,nan,nan,0.00
5/10/2025 19:42:56,1.17.0,PRexp,10,3.92,nan,56,Left,Left,3430,386,289,24,nan,nan,0.08
5/10/2025 19:42:57,1.17.0,PRexp,10,3.93,nan,56,Left,Left,3431,386,289,24,nan,nan,0.38
5/10/2025 19:43:03,1.17.0,PRexp,10,3.92,nan,56,Left,Left,3432,386,289,24,nan,nan,0.36
5/10/2025 19:43:05,1.17.0,PRexp,10,3.92,nan,56,Left,Left,3433,386,289,24,nan,nan,0.09
5/10/2025 19:44:30,1.17.0,PRexp,10,3.91,nan,56,Left,Left,3434,386,289,24,nan,nan,0.17
5/10/2025 19:44:32,1.17.0,PRexp,10,3.92,nan,56,Left,Left,3435,386,289,24,nan,nan,0.21
5/10/2025 19:45:50,1.17.0,PRexp,10,3.92,nan,56,Left,Left,3436,386,289,24,nan,nan,0.10
5/10/2025 19:46:21,1.17.0,PRexp,10,3.93,nan,56,Left,Left,3437,386,289,24,nan,nan,0.12
5/10/2025 19:46:30,1.17.0,PRexp,10,3.92,nan,56,Left,Left,3438,386,289,24,nan,nan,0.10
5/10/2025 19:46:31,1.17.0,PRexp,10,3.93,nan,56,Left,Left,3439,386,289,24,nan,nan,0.00
5/10/2025 19:46:33,1.17.0,PRexp,10,3.92,nan,56,Left,Left,3440,386,289,24,nan,nan,0.21
5/10/2025 19:46:34,1.17.0,PRexp,10,3.92,nan,56,Left,Left,3441,386,289,24,nan,nan,0.31
5/10/2025 19:46:38,1.17.0,PRexp,10,3.92,nan,56,Left,Left,3442,386,289,24,nan,nan,0.16
5/10/2025 19:46:41,1.17.0,PRexp,10,3.91,nan,56,Right,Left,3442,387,289,24,nan,nan,0.06
5/10/2025 19:46:49,1.17.0,PRexp,10,3.92,nan,56,Left,Left,3443,387,289,24,nan,nan,0.19
5/10/2025 19:46:51,1.17.0,PRexp,10,3.92,nan,56,Left,Left,3444,387,289,24,nan,nan,0.00
5/10/2025 19:46:53,1.17.0,PRexp,10,3.92,nan,56,Left,Left,3445,387,289,24,nan,nan,0.33
5/10/2025 19:46:56,1.17.0,PRexp,10,3.92,nan,56,Left,Left,3446,387,289,24,nan,nan,0.39
5/10/2025 19:46:59,1.17.0,PRexp,10,3.92,nan,56,Left,Left,3447,387,289,24,nan,nan,0.40
5/10/2025 19:47:04,1.17.0,PRexp,10,3.92,nan,56,Left,Left,3448,387,289,24,nan,nan,0.38
5/10/2025 19:47:08,1.17.0,PRexp,10,3.92,nan,56,Left,Left,3449,387,289,24,nan,nan,0.36
5/10/2025 19:47:11,1.17.0,PRexp,10,3.93,nan,56,Left,Left,3450,387,289,24,nan,nan,0.32
5/10/2025 19:47:15,1.17.0,PRexp,10,3.93,nan,56,Left,Left,3451,387,289,24,nan,nan,0.36
5/10/2025 19:47:19,1.17.0,PRexp,10,3.92,nan,56,Left,Left,3452,387,289,24,nan,nan,0.48
5/10/2025 19:47:23,1.17.0,PRexp,10,3.92,nan,56,Left,Left,3453,387,289,24,nan,nan,0.46
5/10/2025 19:47:25,1.17.0,PRexp,10,3.92,nan,56,Left,Left,3454,387,289,24,nan,nan,0.46
5/10/2025 19:47:30,1.17.0,PRexp,10,3.92,nan,56,Left,Left,3455,387,289,24,nan,nan,0.54
5/10/2025 19:47:32,1.17.0,PRexp,10,3.92,nan,56,Left,Left,3456,387,289,24,nan,nan,0.00
5/10/2025 19:47:34,1.17.0,PRexp,10,3.92,nan,56,Left,Left,3457,387,289,24,nan,nan,0.77
5/10/2025 19:47:36,1.17.0,PRexp,10,3.92,nan,56,Left,Left,3458,387,289,24,nan,nan,0.69
5/10/2025 19:47:39,1.17.0,PRexp,10,3.92,nan,56,Left,Left,3459,387,289,24,nan,nan,0.38
5/10/2025 19:47:42,1.17.0,PRexp,10,3.92,nan,56,Left,Left,3460,387,289,24,nan,nan,0.50
5/10/2025 19:47:43,1.17.0,PRexp,10,3.92,nan,56,Left,Left,3461,387,289,24,nan,nan,0.24
5/10/2025 19:47:57,1.17.0,PRexp,10,3.92,nan,56,Left,Left,3462,387,289,24,nan,nan,0.08
5/10/2025 19:48:13,1.17.0,PRexp,10,3.92,nan,56,Left,Left,3463,387,289,24,nan,nan,0.30
5/10/2025 19:48:15,1.17.0,PRexp,10,3.92,nan,56,Left,Left,3464,387,289,24,nan,nan,0.50
5/10/2025 19:48:21,1.17.0,PRexp,10,3.92,nan,56,Right,Left,3464,388,289,24,nan,nan,0.08
5/10/2025 19:48:24,1.17.0,PRexp,10,3.92,nan,56,Right,Left,3464,389,289,24,nan,nan,0.09
5/10/2025 19:50:31,1.17.0,PRexp,10,3.92,nan,56,Left,Left,3465,389,289,24,nan,nan,0.05
5/10/2025 19:50:36,1.17.0,PRexp,10,3.93,nan,56,Left,Left,3466,389,289,24,nan,nan,0.17
5/10/2025 19:50:42,1.17.0,PRexp,10,3.92,nan,56,Left,Left,3467,389,289,24,nan,nan,0.00
5/10/2025 19:51:09,1.17.0,PRexp,10,3.92,nan,56,Left,Left,3468,389,289,24,nan,nan,0.22
5/10/2025 19:51:11,1.17.0,PRexp,10,3.92,nan,56,Left,Left,3469,389,289,24,nan,nan,0.24
5/10/2025 19:51:17,1.17.0,PRexp,10,3.91,3,56,Pellet,Left,3469,389,290,25,0.06,787,nan
5/10/2025 19:51:39,1.17.0,PRexp,10,3.92,nan,62,Left,Left,3470,389,290,25,nan,nan,0.07
5/10/2025 19:51:51,1.17.0,PRexp,10,3.92,nan,62,Left,Left,3471,389,290,25,nan,nan,0.18
5/10/2025 19:51:58,1.17.0,PRexp,10,3.92,nan,62,Left,Left,3472,389,290,25,nan,nan,0.36
5/10/2025 19:52:21,1.17.0,PRexp,10,3.92,nan,62,Left,Left,3473,389,290,25,nan,nan,0.09
5/10/2025 19:52:27,1.17.0,PRexp,10,3.92,nan,62,Left,Left,3474,389,290,25,nan,nan,0.00
5/10/2025 19:52:49,1.17.0,PRexp,10,3.92,nan,62,Left,Left,3475,389,290,25,nan,nan,0.08
5/10/2025 19:53:11,1.17.0,PRexp,10,3.92,nan,62,Left,Left,3476,389,290,25,nan,nan,0.37
5/10/2025 19:53:14,1.17.0,PRexp,10,3.92,nan,62,Left,Left,3477,389,290,25,nan,nan,0.32
5/10/2025 19:53:18,1.17.0,PRexp,10,3.92,nan,62,Right,Left,3477,390,290,25,nan,nan,0.05
5/10/2025 19:53:23,1.17.0,PRexp,10,3.92,nan,62,Right,Left,3477,391,290,25,nan,nan,0.01
5/10/2025 19:53:32,1.17.0,PRexp,10,3.92,nan,62,Left,Left,3478,391,290,25,nan,nan,0.03
5/10/2025 19:53:34,1.17.0,PRexp,10,3.92,nan,62,Left,Left,3479,391,290,25,nan,nan,0.07
5/10/2025 19:53:51,1.17.0,PRexp,10,3.92,nan,62,Left,Left,3480,391,290,25,nan,nan,0.05
5/10/2025 19:56:00,1.17.0,PRexp,10,3.93,nan,62,Left,Left,3481,391,290,25,nan,nan,0.33
5/10/2025 19:56:03,1.17.0,PRexp,10,3.93,nan,62,Left,Left,3482,391,290,25,nan,nan,0.29
5/10/2025 19:56:05,1.17.0,PRexp,10,3.92,nan,62,Left,Left,3483,391,290,25,nan,nan,0.22
5/10/2025 19:56:08,1.17.0,PRexp,10,3.93,nan,62,Left,Left,3484,391,290,25,nan,nan,0.36
5/10/2025 19:56:34,1.17.0,PRexp,10,3.92,nan,62,Left,Left,3485,391,290,25,nan,nan,0.34
5/10/2025 19:56:36,1.17.0,PRexp,10,3.92,nan,62,Left,Left,3486,391,290,25,nan,nan,0.46
5/10/2025 19:57:55,1.17.0,PRexp,10,3.92,nan,62,Left,Left,3487,391,290,25,nan,nan,0.27
5/10/2025 19:57:57,1.17.0,PRexp,10,3.93,nan,62,Left,Left,3488,391,290,25,nan,nan,0.11
5/10/2025 19:58:35,1.17.0,PRexp,10,3.92,nan,62,Left,Left,3489,391,290,25,nan,nan,0.12
5/10/2025 19:58:42,1.17.0,PRexp,10,3.92,nan,62,Left,Left,3490,391,290,25,nan,nan,0.03
5/10/2025 19:58:46,1.17.0,PRexp,10,3.92,nan,62,Left,Left,3491,391,290,25,nan,nan,0.41
5/10/2025 19:59:15,1.17.0,PRexp,10,3.92,nan,62,Right,Left,3491,392,290,25,nan,nan,0.05
5/10/2025 19:59:17,1.17.0,PRexp,10,3.92,nan,62,Left,Left,3492,392,290,25,nan,nan,0.08
5/10/2025 20:03:09,1.17.0,PRexp,10,3.93,nan,62,Left,Left,3493,392,290,25,nan,nan,0.01
5/10/2025 20:03:18,1.17.0,PRexp,10,3.92,nan,62,Left,Left,3494,392,290,25,nan,nan,0.15
5/10/2025 20:03:29,1.17.0,PRexp,10,3.92,nan,62,Left,Left,3495,392,290,25,nan,nan,0.27
5/10/2025 20:03:31,1.17.0,PRexp,10,3.92,nan,62,Left,Left,3496,392,290,25,nan,nan,0.22
5/10/2025 20:03:35,1.17.0,PRexp,10,3.92,nan,62,Right,Left,3496,393,290,25,nan,nan,0.15
5/10/2025 20:03:37,1.17.0,PRexp,10,3.92,nan,62,Left,Left,3497,393,290,25,nan,nan,0.09
5/10/2025 20:04:18,1.17.0,PRexp,10,3.92,nan,62,Left,Left,3498,393,290,25,nan,nan,0.21
5/10/2025 20:04:20,1.17.0,PRexp,10,3.92,nan,62,Left,Left,3499,393,290,25,nan,nan,0.25
5/10/2025 20:04:29,1.17.0,PRexp,10,3.92,nan,62,Left,Left,3500,393,290,25,nan,nan,0.18
5/10/2025 20:04:32,1.17.0,PRexp,10,3.93,nan,62,Left,Left,3501,393,290,25,nan,nan,0.13
5/10/2025 20:05:07,1.17.0,PRexp,10,3.92,nan,62,Right,Left,3501,394,290,25,nan,nan,0.10
5/10/2025 20:05:18,1.17.0,PRexp,10,3.92,nan,62,Left,Left,3502,394,290,25,nan,nan,0.33
5/10/2025 20:05:19,1.17.0,PRexp,10,3.92,nan,62,Left,Left,3503,394,290,25,nan,nan,0.17
5/10/2025 20:05:21,1.17.0,PRexp,10,3.92,nan,62,Left,Left,3504,394,290,25,nan,nan,0.29
5/10/2025 20:05:23,1.17.0,PRexp,10,3.92,nan,62,Left,Left,3505,394,290,25,nan,nan,0.24
5/10/2025 20:06:27,1.17.0,PRexp,10,3.92,nan,62,Left,Left,3506,394,290,25,nan,nan,0.20
5/10/2025 20:07:27,1.17.0,PRexp,10,3.92,nan,62,Left,Left,3507,394,290,25,nan,nan,0.13
5/10/2025 20:07:57,1.17.0,PRexp,10,3.92,nan,62,Right,Left,3507,395,290,25,nan,nan,0.09
5/10/2025 20:09:27,1.17.0,PRexp,10,3.92,nan,62,Left,Left,3508,395,290,25,nan,nan,0.19
5/10/2025 20:09:36,1.17.0,PRexp,10,3.93,nan,62,Left,Left,3509,395,290,25,nan,nan,0.37
5/10/2025 20:09:40,1.17.0,PRexp,10,3.92,nan,62,Left,Left,3510,395,290,25,nan,nan,0.22
5/10/2025 20:09:54,1.17.0,PRexp,10,3.92,nan,62,Left,Left,3511,395,290,25,nan,nan,0.23
5/10/2025 20:09:59,1.17.0,PRexp,10,3.92,nan,62,Left,Left,3512,395,290,25,nan,nan,0.45
5/10/2025 20:10:01,1.17.0,PRexp,10,3.92,nan,62,Left,Left,3513,395,290,25,nan,nan,0.26
5/10/2025 20:10:02,1.17.0,PRexp,10,3.92,nan,62,Left,Left,3514,395,290,25,nan,nan,0.00
5/10/2025 20:10:06,1.17.0,PRexp,10,3.93,nan,62,Left,Left,3515,395,290,25,nan,nan,0.06
5/10/2025 20:10:31,1.17.0,PRexp,10,3.92,nan,62,Left,Left,3516,395,290,25,nan,nan,0.13
5/10/2025 20:10:36,1.17.0,PRexp,10,3.92,nan,62,Left,Left,3517,395,290,25,nan,nan,0.24
5/10/2025 20:10:38,1.17.0,PRexp,10,3.92,nan,62,Left,Left,3518,395,290,25,nan,nan,0.45
5/10/2025 20:10:40,1.17.0,PRexp,10,3.91,nan,62,Left,Left,3519,395,290,25,nan,nan,0.21
5/10/2025 20:10:44,1.17.0,PRexp,10,3.91,nan,62,Right,Left,3519,396,290,25,nan,nan,0.23
5/10/2025 20:10:47,1.17.0,PRexp,10,3.92,nan,62,Left,Left,3520,396,290,25,nan,nan,0.10
5/10/2025 20:12:14,1.17.0,PRexp,10,3.92,nan,62,Right,Left,3520,397,290,25,nan,nan,0.03
5/10/2025 20:12:16,1.17.0,PRexp,10,3.91,nan,62,Left,Left,3521,397,290,25,nan,nan,0.09
5/10/2025 20:12:22,1.17.0,PRexp,10,3.92,nan,62,Left,Left,3522,397,290,25,nan,nan,0.18
5/10/2025 20:13:24,1.17.0,PRexp,10,3.91,nan,62,Left,Left,3523,397,290,25,nan,nan,0.03
5/10/2025 20:13:28,1.17.0,PRexp,10,3.93,nan,62,Left,Left,3524,397,290,25,nan,nan,0.27
5/10/2025 20:13:31,1.17.0,PRexp,10,3.92,nan,62,Left,Left,3525,397,290,25,nan,nan,0.07
5/10/2025 20:13:35,1.17.0,PRexp,10,3.92,nan,62,Left,Left,3526,397,290,25,nan,nan,0.35
5/10/2025 20:13:39,1.17.0,PRexp,10,3.91,nan,62,Left,Left,3527,397,290,25,nan,nan,0.34
5/10/2025 20:14:15,1.17.0,PRexp,10,3.92,nan,62,Left,Left,3528,397,290,25,nan,nan,0.21
5/10/2025 20:14:47,1.17.0,PRexp,10,3.92,nan,62,Left,Left,3529,397,290,25,nan,nan,0.08
5/10/2025 20:14:54,1.17.0,PRexp,10,3.92,nan,62,Left,Left,3530,397,290,25,nan,nan,0.08
5/10/2025 20:15:01,1.17.0,PRexp,10,3.92,nan,62,Left,Left,3531,397,290,25,nan,nan,0.00
5/10/2025 20:15:03,1.17.0,PRexp,10,3.92,2,62,Pellet,Left,3531,397,291,26,0.06,1426,nan
5/10/2025 20:16:11,1.17.0,PRexp,10,3.92,nan,69,Left,Left,3532,397,291,26,nan,nan,0.06
5/10/2025 20:16:15,1.17.0,PRexp,10,3.92,nan,69,Left,Left,3533,397,291,26,nan,nan,0.26
5/10/2025 20:16:16,1.17.0,PRexp,10,3.93,nan,69,Left,Left,3534,397,291,26,nan,nan,0.00
5/10/2025 20:16:18,1.17.0,PRexp,10,3.92,nan,69,Left,Left,3535,397,291,26,nan,nan,0.20
5/10/2025 20:16:21,1.17.0,PRexp,10,3.92,nan,69,Left,Left,3536,397,291,26,nan,nan,0.65
5/10/2025 20:16:24,1.17.0,PRexp,10,3.92,nan,69,Left,Left,3537,397,291,26,nan,nan,0.63
5/10/2025 20:16:28,1.17.0,PRexp,10,3.92,nan,69,Left,Left,3538,397,291,26,nan,nan,0.41
5/10/2025 20:16:29,1.17.0,PRexp,10,3.92,nan,69,Left,Left,3539,397,291,26,nan,nan,0.17
5/10/2025 20:16:36,1.17.0,PRexp,10,3.91,nan,69,Left,Left,3540,397,291,26,nan,nan,0.22
5/10/2025 20:17:15,1.17.0,PRexp,10,3.92,nan,69,Left,Left,3541,397,291,26,nan,nan,0.34
5/10/2025 20:17:18,1.17.0,PRexp,10,3.92,nan,69,Left,Left,3542,397,291,26,nan,nan,0.38
5/10/2025 20:17:38,1.17.0,PRexp,10,3.92,nan,69,Left,Left,3543,397,291,26,nan,nan,0.02
5/10/2025 20:17:44,1.17.0,PRexp,10,3.91,nan,69,Right,Left,3543,398,291,26,nan,nan,0.18
5/10/2025 20:17:51,1.17.0,PRexp,10,3.91,nan,69,Left,Left,3544,398,291,26,nan,nan,0.00
5/10/2025 20:17:57,1.17.0,PRexp,10,3.91,nan,69,Left,Left,3545,398,291,26,nan,nan,0.19
5/10/2025 20:18:16,1.17.0,PRexp,10,3.92,nan,69,Left,Left,3546,398,291,26,nan,nan,0.00
5/10/2025 20:18:38,1.17.0,PRexp,10,3.92,nan,69,Left,Left,3547,398,291,26,nan,nan,0.13
5/10/2025 20:19:05,1.17.0,PRexp,10,3.92,nan,69,Left,Left,3548,398,291,26,nan,nan,0.03
5/10/2025 20:19:07,1.17.0,PRexp,10,3.92,nan,69,Left,Left,3549,398,291,26,nan,nan,0.28
5/10/2025 20:19:09,1.17.0,PRexp,10,3.92,nan,69,Left,Left,3550,398,291,26,nan,nan,0.19
5/10/2025 20:19:55,1.17.0,PRexp,10,3.92,nan,69,Left,Left,3551,398,291,26,nan,nan,0.28
5/10/2025 20:19:57,1.17.0,PRexp,10,3.92,nan,69,Left,Left,3552,398,291,26,nan,nan,0.38
5/10/2025 20:19:59,1.17.0,PRexp,10,3.92,nan,69,Left,Left,3553,398,291,26,nan,nan,0.17
5/10/2025 20:20:01,1.17.0,PRexp,10,3.92,nan,69,Left,Left,3554,398,291,26,nan,nan,0.30
5/10/2025 20:20:05,1.17.0,PRexp,10,3.92,nan,69,Left,Left,3555,398,291,26,nan,nan,0.52
5/10/2025 20:20:08,1.17.0,PRexp,10,3.92,nan,69,Left,Left,3556,398,291,26,nan,nan,0.50
5/10/2025 20:20:11,1.17.0,PRexp,10,3.92,nan,69,Left,Left,3557,398,291,26,nan,nan,0.09
5/10/2025 20:20:15,1.17.0,PRexp,10,3.91,nan,69,Left,Left,3558,398,291,26,nan,nan,0.91
5/10/2025 20:20:17,1.17.0,PRexp,10,3.92,nan,69,Left,Left,3559,398,291,26,nan,nan,0.62
5/10/2025 20:20:20,1.17.0,PRexp,10,3.92,nan,69,Left,Left,3560,398,291,26,nan,nan,0.39
5/10/2025 20:20:26,1.17.0,PRexp,10,3.92,nan,69,Left,Left,3561,398,291,26,nan,nan,0.45
5/10/2025 20:20:27,1.17.0,PRexp,10,3.92,nan,69,Left,Left,3562,398,291,26,nan,nan,0.00
5/10/2025 20:20:40,1.17.0,PRexp,10,3.93,nan,69,Right,Left,3562,399,291,26,nan,nan,0.25
5/10/2025 20:20:42,1.17.0,PRexp,10,3.92,nan,69,Right,Left,3562,400,291,26,nan,nan,0.27
5/10/2025 20:20:43,1.17.0,PRexp,10,3.92,nan,69,Left,Left,3563,400,291,26,nan,nan,0.00
5/10/2025 20:20:44,1.17.0,PRexp,10,3.92,nan,69,Left,Left,3564,400,291,26,nan,nan,0.00
5/10/2025 20:23:01,1.17.0,PRexp,10,3.92,nan,69,Left,Left,3565,400,291,26,nan,nan,0.35
5/10/2025 20:23:04,1.17.0,PRexp,10,3.92,nan,69,Left,Left,3566,400,291,26,nan,nan,0.33
5/10/2025 20:23:10,1.17.0,PRexp,10,3.92,nan,69,Left,Left,3567,400,291,26,nan,nan,0.23
5/10/2025 20:23:25,1.17.0,PRexp,10,3.92,nan,69,Left,Left,3568,400,291,26,nan,nan,0.08
5/10/2025 20:24:01,1.17.0,PRexp,10,3.92,nan,69,Left,Left,3569,400,291,26,nan,nan,0.12
5/10/2025 20:24:04,1.17.0,PRexp,10,3.91,nan,69,Left,Left,3570,400,291,26,nan,nan,0.10
5/10/2025 20:25:03,1.17.0,PRexp,10,3.92,nan,69,Right,Left,3570,401,291,26,nan,nan,0.10
5/10/2025 20:25:09,1.17.0,PRexp,10,3.93,nan,69,Left,Left,3571,401,291,26,nan,nan,0.13
5/10/2025 20:25:31,1.17.0,PRexp,10,3.91,nan,69,Left,Left,3572,401,291,26,nan,nan,0.04
5/10/2025 20:25:33,1.17.0,PRexp,10,3.91,nan,69,Right,Left,3572,402,291,26,nan,nan,0.07
5/10/2025 20:25:35,1.17.0,PRexp,10,3.92,nan,69,Left,Left,3573,402,291,26,nan,nan,0.25
5/10/2025 20:25:45,1.17.0,PRexp,10,3.92,nan,69,Left,Left,3574,402,291,26,nan,nan,0.10
5/10/2025 20:25:51,1.17.0,PRexp,10,3.91,nan,69,Left,Left,3575,402,291,26,nan,nan,0.23
5/10/2025 20:26:49,1.17.0,PRexp,10,3.92,nan,69,Left,Left,3576,402,291,26,nan,nan,0.25
5/10/2025 20:27:02,1.17.0,PRexp,10,3.92,nan,69,Left,Left,3577,402,291,26,nan,nan,0.19
5/10/2025 20:27:04,1.17.0,PRexp,10,3.91,nan,69,Left,Left,3578,402,291,26,nan,nan,0.13
5/10/2025 20:27:05,1.17.0,PRexp,10,3.92,nan,69,Left,Left,3579,402,291,26,nan,nan,0.17
5/10/2025 20:27:57,1.17.0,PRexp,10,3.92,nan,69,Left,Left,3580,402,291,26,nan,nan,0.14
5/10/2025 20:27:58,1.17.0,PRexp,10,3.92,nan,69,Left,Left,3581,402,291,26,nan,nan,0.00
5/10/2025 20:28:58,1.17.0,PRexp,10,3.92,nan,69,Left,Left,3582,402,291,26,nan,nan,0.31
5/10/2025 20:29:01,1.17.0,PRexp,10,3.92,nan,69,Left,Left,3583,402,291,26,nan,nan,0.76
5/10/2025 20:29:04,1.17.0,PRexp,10,3.92,nan,69,Left,Left,3584,402,291,26,nan,nan,0.53
5/10/2025 20:29:07,1.17.0,PRexp,10,3.91,nan,69,Left,Left,3585,402,291,26,nan,nan,0.51
5/10/2025 20:29:13,1.17.0,PRexp,10,3.92,nan,69,Left,Left,3586,402,291,26,nan,nan,0.10
5/10/2025 20:29:22,1.17.0,PRexp,10,3.92,nan,69,Left,Left,3587,402,291,26,nan,nan,0.04
5/10/2025 20:29:23,1.17.0,PRexp,10,3.92,nan,69,Left,Left,3588,402,291,26,nan,nan,0.19
5/10/2025 20:29:26,1.17.0,PRexp,10,3.91,nan,69,Left,Left,3589,402,291,26,nan,nan,0.41
5/10/2025 20:29:31,1.17.0,PRexp,10,3.92,nan,69,Left,Left,3590,402,291,26,nan,nan,0.76
5/10/2025 20:29:33,1.17.0,PRexp,10,3.92,nan,69,Left,Left,3591,402,291,26,nan,nan,0.57
5/10/2025 20:29:36,1.17.0,PRexp,10,3.92,nan,69,Left,Left,3592,402,291,26,nan,nan,0.01
5/10/2025 20:29:40,1.17.0,PRexp,10,3.93,nan,69,Left,Left,3593,402,291,26,nan,nan,0.38
5/10/2025 20:31:42,1.17.0,PRexp,10,3.92,nan,69,Left,Left,3594,402,291,26,nan,nan,0.05
5/10/2025 20:31:43,1.17.0,PRexp,10,3.91,nan,69,Left,Left,3595,402,291,26,nan,nan,0.26
5/10/2025 20:32:04,1.17.0,PRexp,10,3.92,nan,69,Left,Left,3596,402,291,26,nan,nan,0.15
5/10/2025 20:32:06,1.17.0,PRexp,10,3.91,nan,69,Left,Left,3597,402,291,26,nan,nan,0.08
5/10/2025 20:32:09,1.17.0,PRexp,10,3.92,nan,69,Left,Left,3598,402,291,26,nan,nan,0.19
5/10/2025 20:37:25,1.17.0,PRexp,10,3.91,nan,69,Left,Left,3599,402,291,26,nan,nan,0.04
5/10/2025 20:37:27,1.17.0,PRexp,10,3.92,nan,69,Left,Left,3600,402,291,26,nan,nan,0.21
5/10/2025 20:37:29,1.17.0,PRexp,10,3.92,2,69,Pellet,Left,3600,402,292,27,0.06,1346,nan
5/10/2025 20:38:33,1.17.0,PRexp,10,3.92,nan,77,Left,Left,3601,402,292,27,nan,nan,0.13
5/10/2025 20:39:05,1.17.0,PRexp,10,3.92,nan,77,Left,Left,3602,402,292,27,nan,nan,0.14
5/10/2025 20:39:07,1.17.0,PRexp,10,3.92,nan,77,Left,Left,3603,402,292,27,nan,nan,0.14
5/10/2025 20:39:11,1.17.0,PRexp,10,3.92,nan,77,Left,Left,3604,402,292,27,nan,nan,0.07
5/10/2025 20:40:26,1.17.0,PRexp,10,3.91,nan,77,Left,Left,3605,402,292,27,nan,nan,0.12
5/10/2025 20:40:27,1.17.0,PRexp,10,3.92,nan,77,Left,Left,3606,402,292,27,nan,nan,0.07
5/10/2025 20:41:23,1.17.0,PRexp,10,3.93,nan,77,Left,Left,3607,402,292,27,nan,nan,0.39
5/10/2025 20:41:31,1.17.0,PRexp,10,3.91,nan,77,Left,Left,3608,402,292,27,nan,nan,0.12
5/10/2025 20:41:33,1.17.0,PRexp,10,3.92,nan,77,Left,Left,3609,402,292,27,nan,nan,0.58
5/10/2025 20:41:50,1.17.0,PRexp,10,3.92,nan,77,Left,Left,3610,402,292,27,nan,nan,0.38
5/10/2025 20:41:52,1.17.0,PRexp,10,3.91,nan,77,Left,Left,3611,402,292,27,nan,nan,0.45
5/10/2025 20:41:55,1.17.0,PRexp,10,3.93,nan,77,Right,Left,3611,403,292,27,nan,nan,0.21
5/10/2025 20:41:57,1.17.0,PRexp,10,3.92,nan,77,Left,Left,3612,403,292,27,nan,nan,0.40
5/10/2025 20:42:01,1.17.0,PRexp,10,3.91,nan,77,Left,Left,3613,403,292,27,nan,nan,0.66
5/10/2025 20:42:24,1.17.0,PRexp,10,3.92,nan,77,Left,Left,3614,403,292,27,nan,nan,0.05
5/10/2025 20:43:06,1.17.0,PRexp,10,3.92,nan,77,Left,Left,3615,403,292,27,nan,nan,0.00
5/10/2025 20:43:47,1.17.0,PRexp,10,3.92,nan,77,Left,Left,3616,403,292,27,nan,nan,0.02
5/10/2025 20:44:23,1.17.0,PRexp,10,3.92,nan,77,Left,Left,3617,403,292,27,nan,nan,0.34
5/10/2025 20:44:44,1.17.0,PRexp,10,3.92,nan,77,Left,Left,3618,403,292,27,nan,nan,0.26
5/10/2025 20:44:46,1.17.0,PRexp,10,3.92,nan,77,Left,Left,3619,403,292,27,nan,nan,0.15
5/10/2025 20:45:03,1.17.0,PRexp,10,3.92,nan,77,Left,Left,3620,403,292,27,nan,nan,0.07
5/10/2025 20:45:09,1.17.0,PRexp,10,3.92,nan,77,Left,Left,3621,403,292,27,nan,nan,0.00
5/10/2025 20:45:22,1.17.0,PRexp,10,3.92,nan,77,Left,Left,3622,403,292,27,nan,nan,0.05
5/10/2025 20:45:28,1.17.0,PRexp,10,3.92,nan,77,Left,Left,3623,403,292,27,nan,nan,0.00
5/10/2025 20:46:12,1.17.0,PRexp,10,3.92,nan,77,Left,Left,3624,403,292,27,nan,nan,0.48
5/10/2025 20:46:15,1.17.0,PRexp,10,3.92,nan,77,Left,Left,3625,403,292,27,nan,nan,0.48
5/10/2025 20:46:27,1.17.0,PRexp,10,3.92,nan,77,Left,Left,3626,403,292,27,nan,nan,0.39
5/10/2025 20:46:31,1.17.0,PRexp,10,3.92,nan,77,Left,Left,3627,403,292,27,nan,nan,0.41
5/10/2025 20:46:33,1.17.0,PRexp,10,3.92,nan,77,Left,Left,3628,403,292,27,nan,nan,0.36
5/10/2025 20:47:17,1.17.0,PRexp,10,3.92,nan,77,Left,Left,3629,403,292,27,nan,nan,0.08
5/10/2025 20:47:18,1.17.0,PRexp,10,3.92,nan,77,Left,Left,3630,403,292,27,nan,nan,0.00
5/10/2025 20:47:23,1.17.0,PRexp,10,3.92,nan,77,Right,Left,3630,404,292,27,nan,nan,0.14
5/10/2025 20:47:25,1.17.0,PRexp,10,3.92,nan,77,Left,Left,3631,404,292,27,nan,nan,0.37
5/10/2025 20:49:26,1.17.0,PRexp,10,3.91,nan,77,Left,Left,3632,404,292,27,nan,nan,0.23
5/10/2025 20:49:28,1.17.0,PRexp,10,3.92,nan,77,Left,Left,3633,404,292,27,nan,nan,0.12
5/10/2025 20:49:33,1.17.0,PRexp,10,3.92,nan,77,Left,Left,3634,404,292,27,nan,nan,0.08
5/10/2025 20:49:53,1.17.0,PRexp,10,3.92,nan,77,Right,Left,3634,405,292,27,nan,nan,0.07
5/10/2025 20:49:57,1.17.0,PRexp,10,3.92,nan,77,Left,Left,3635,405,292,27,nan,nan,0.19
5/10/2025 20:50:04,1.17.0,PRexp,10,3.91,nan,77,Left,Left,3636,405,292,27,nan,nan,0.00
5/10/2025 20:50:19,1.17.0,PRexp,10,3.92,nan,77,Left,Left,3637,405,292,27,nan,nan,0.29
5/10/2025 20:50:22,1.17.0,PRexp,10,3.92,nan,77,Left,Left,3638,405,292,27,nan,nan,0.67
5/10/2025 20:50:24,1.17.0,PRexp,10,3.92,nan,77,Left,Left,3639,405,292,27,nan,nan,0.27
5/10/2025 20:50:28,1.17.0,PRexp,10,3.92,nan,77,Left,Left,3640,405,292,27,nan,nan,0.22
5/10/2025 20:51:17,1.17.0,PRexp,10,3.93,nan,77,Left,Left,3641,405,292,27,nan,nan,0.03
5/10/2025 20:51:23,1.17.0,PRexp,10,3.92,nan,77,Left,Left,3642,405,292,27,nan,nan,0.23
5/10/2025 20:51:52,1.17.0,PRexp,10,3.92,nan,77,Left,Left,3643,405,292,27,nan,nan,0.04
5/10/2025 20:51:59,1.17.0,PRexp,10,3.92,nan,77,Left,Left,3644,405,292,27,nan,nan,0.00
5/10/2025 20:52:11,1.17.0,PRexp,10,3.91,nan,77,Left,Left,3645,405,292,27,nan,nan,0.28
5/10/2025 20:53:05,1.17.0,PRexp,10,3.92,nan,77,Left,Left,3646,405,292,27,nan,nan,0.10
5/10/2025 20:53:42,1.17.0,PRexp,10,3.92,nan,77,Left,Left,3647,405,292,27,nan,nan,0.10
5/10/2025 20:53:50,1.17.0,PRexp,10,3.92,nan,77,Left,Left,3648,405,292,27,nan,nan,0.08
5/10/2025 20:53:52,1.17.0,PRexp,10,3.92,nan,77,Left,Left,3649,405,292,27,nan,nan,0.27
5/10/2025 20:53:56,1.17.0,PRexp,10,3.92,nan,77,Left,Left,3650,405,292,27,nan,nan,0.19
5/10/2025 20:54:56,1.17.0,PRexp,10,3.92,nan,77,Right,Left,3650,406,292,27,nan,nan,0.12
5/10/2025 20:54:59,1.17.0,PRexp,10,3.91,nan,77,Left,Left,3651,406,292,27,nan,nan,0.24
5/10/2025 20:55:55,1.17.0,PRexp,10,3.92,nan,77,Left,Left,3652,406,292,27,nan,nan,0.37
5/10/2025 20:55:56,1.17.0,PRexp,10,3.92,nan,77,Left,Left,3653,406,292,27,nan,nan,0.00
5/10/2025 20:55:58,1.17.0,PRexp,10,3.91,nan,77,Left,Left,3654,406,292,27,nan,nan,0.28
5/10/2025 20:56:01,1.17.0,PRexp,10,3.92,nan,77,Left,Left,3655,406,292,27,nan,nan,0.22
5/10/2025 20:56:55,1.17.0,PRexp,10,3.92,nan,77,Left,Left,3656,406,292,27,nan,nan,0.09
5/10/2025 20:56:56,1.17.0,PRexp,10,3.92,nan,77,Left,Left,3657,406,292,27,nan,nan,0.00
5/10/2025 20:56:58,1.17.0,PRexp,10,3.91,nan,77,Left,Left,3658,406,292,27,nan,nan,0.18
5/10/2025 20:57:06,1.17.0,PRexp,10,3.92,nan,77,Left,Left,3659,406,292,27,nan,nan,0.57
5/10/2025 20:57:09,1.17.0,PRexp,10,3.92,nan,77,Left,Left,3660,406,292,27,nan,nan,0.37
5/10/2025 20:58:10,1.17.0,PRexp,10,3.93,nan,77,Right,Left,3660,407,292,27,nan,nan,0.58
5/10/2025 20:58:12,1.17.0,PRexp,10,3.92,nan,77,Left,Left,3661,407,292,27,nan,nan,0.12
5/10/2025 20:58:27,1.17.0,PRexp,10,3.92,nan,77,Left,Left,3662,407,292,27,nan,nan,0.33
5/10/2025 20:58:55,1.17.0,PRexp,10,3.92,nan,77,Left,Left,3663,407,292,27,nan,nan,0.16
5/10/2025 20:58:57,1.17.0,PRexp,10,3.92,nan,77,Left,Left,3664,407,292,27,nan,nan,0.09
5/10/2025 20:59:36,1.17.0,PRexp,10,3.91,nan,77,Left,Left,3665,407,292,27,nan,nan,0.10
5/10/2025 21:00:01,1.17.0,PRexp,10,3.92,nan,77,Left,Left,3666,407,292,27,nan,nan,0.32
5/10/2025 21:00:49,1.17.0,PRexp,10,3.92,nan,77,Left,Left,3667,407,292,27,nan,nan,0.11
5/10/2025 21:00:52,1.17.0,PRexp,10,3.92,nan,77,Left,Left,3668,407,292,27,nan,nan,0.17
5/10/2025 21:00:56,1.17.0,PRexp,10,3.92,nan,77,Left,Left,3669,407,292,27,nan,nan,0.41
5/10/2025 21:01:53,1.17.0,PRexp,10,3.92,nan,77,Left,Left,3670,407,292,27,nan,nan,0.24
5/10/2025 21:02:01,1.17.0,PRexp,10,3.91,nan,77,Left,Left,3671,407,292,27,nan,nan,0.17
5/10/2025 21:02:11,1.17.0,PRexp,10,3.92,nan,77,Left,Left,3672,407,292,27,nan,nan,0.28
5/10/2025 21:02:48,1.17.0,PRexp,10,3.91,nan,77,Left,Left,3673,407,292,27,nan,nan,0.26
5/10/2025 21:02:50,1.17.0,PRexp,10,3.91,nan,77,Left,Left,3674,407,292,27,nan,nan,0.23
5/10/2025 21:02:54,1.17.0,PRexp,10,3.92,nan,77,Left,Left,3675,407,292,27,nan,nan,0.19
5/10/2025 21:03:04,1.17.0,PRexp,10,3.92,nan,77,Left,Left,3676,407,292,27,nan,nan,0.14
5/10/2025 21:03:40,1.17.0,PRexp,10,3.91,nan,77,Left,Left,3677,407,292,27,nan,nan,0.08
5/10/2025 21:03:45,1.17.0,PRexp,10,3.91,3,77,Pellet,Left,3677,407,293,28,0.12,1576,nan
5/10/2025 21:04:43,1.17.0,PRexp,10,3.92,nan,86,Left,Left,3678,407,293,28,nan,nan,0.08
5/10/2025 21:04:52,1.17.0,PRexp,10,3.92,nan,86,Left,Left,3679,407,293,28,nan,nan,0.11
5/10/2025 21:05:06,1.17.0,PRexp,10,3.92,nan,86,Left,Left,3680,407,293,28,nan,nan,0.17
5/10/2025 21:05:08,1.17.0,PRexp,10,3.92,nan,86,Left,Left,3681,407,293,28,nan,nan,0.14
5/10/2025 21:05:52,1.17.0,PRexp,10,3.91,nan,86,Left,Left,3682,407,293,28,nan,nan,0.33
5/10/2025 21:06:03,1.17.0,PRexp,10,3.91,nan,86,Right,Left,3682,408,293,28,nan,nan,0.27
5/10/2025 21:06:05,1.17.0,PRexp,10,3.92,nan,86,Left,Left,3683,408,293,28,nan,nan,0.17
5/10/2025 21:06:08,1.17.0,PRexp,10,3.92,nan,86,Left,Left,3684,408,293,28,nan,nan,0.60
5/10/2025 21:06:11,1.17.0,PRexp,10,3.91,nan,86,Right,Left,3684,409,293,28,nan,nan,0.09
5/10/2025 21:06:12,1.17.0,PRexp,10,3.91,nan,86,Left,Left,3685,409,293,28,nan,nan,0.00
5/10/2025 21:06:15,1.17.0,PRexp,10,3.91,nan,86,Left,Left,3686,409,293,28,nan,nan,0.33
5/10/2025 21:06:19,1.17.0,PRexp,10,3.92,nan,86,Left,Left,3687,409,293,28,nan,nan,0.48
5/10/2025 21:06:22,1.17.0,PRexp,10,3.91,nan,86,Left,Left,3688,409,293,28,nan,nan,0.49
5/10/2025 21:07:10,1.17.0,PRexp,10,3.92,nan,86,Left,Left,3689,409,293,28,nan,nan,0.14
5/10/2025 21:07:55,1.17.0,PRexp,10,3.92,nan,86,Left,Left,3690,409,293,28,nan,nan,0.10
5/10/2025 21:07:57,1.17.0,PRexp,10,3.92,nan,86,Left,Left,3691,409,293,28,nan,nan,0.08
5/10/2025 21:07:59,1.17.0,PRexp,10,3.91,nan,86,Right,Left,3691,410,293,28,nan,nan,0.00
5/10/2025 21:08:00,1.17.0,PRexp,10,3.92,nan,86,Left,Left,3692,410,293,28,nan,nan,0.16
5/10/2025 21:08:03,1.17.0,PRexp,10,3.92,nan,86,Left,Left,3693,410,293,28,nan,nan,0.38
5/10/2025 21:08:05,1.17.0,PRexp,10,3.92,nan,86,Left,Left,3694,410,293,28,nan,nan,0.13
5/10/2025 21:09:08,1.17.0,PRexp,10,3.91,nan,86,Left,Left,3695,410,293,28,nan,nan,0.05
5/10/2025 21:09:13,1.17.0,PRexp,10,3.92,nan,86,Left,Left,3696,410,293,28,nan,nan,0.37
5/10/2025 21:09:14,1.17.0,PRexp,10,3.91,nan,86,Left,Left,3697,410,293,28,nan,nan,0.20
5/10/2025 21:09:18,1.17.0,PRexp,10,3.91,nan,86,Left,Left,3698,410,293,28,nan,nan,0.43
5/10/2025 21:09:24,1.17.0,PRexp,10,3.92,nan,86,Left,Left,3699,410,293,28,nan,nan,0.45
5/10/2025 21:09:51,1.17.0,PRexp,10,3.92,nan,86,Left,Left,3700,410,293,28,nan,nan,0.10
5/10/2025 21:11:15,1.17.0,PRexp,10,3.92,nan,86,Left,Left,3701,410,293,28,nan,nan,0.09
5/10/2025 21:11:30,1.17.0,PRexp,10,3.92,nan,86,Left,Left,3702,410,293,28,nan,nan,0.21
5/10/2025 21:12:15,1.17.0,PRexp,10,3.92,nan,86,Left,Left,3703,410,293,28,nan,nan,0.21
5/10/2025 21:12:18,1.17.0,PRexp,10,3.91,nan,86,Left,Left,3704,410,293,28,nan,nan,0.13
5/10/2025 21:12:23,1.17.0,PRexp,10,3.92,nan,86,Left,Left,3705,410,293,28,nan,nan,0.11
5/10/2025 21:12:25,1.17.0,PRexp,10,3.92,nan,86,Left,Left,3706,410,293,28,nan,nan,0.47
5/10/2025 21:12:29,1.17.0,PRexp,10,3.92,nan,86,Left,Left,3707,410,293,28,nan,nan,0.31
5/10/2025 21:12:47,1.17.0,PRexp,10,3.92,nan,86,Right,Left,3707,411,293,28,nan,nan,0.00
5/10/2025 21:12:54,1.17.0,PRexp,10,3.92,nan,86,Left,Left,3708,411,293,28,nan,nan,0.00
5/10/2025 21:13:17,1.17.0,PRexp,10,3.92,nan,86,Left,Left,3709,411,293,28,nan,nan,0.06
5/10/2025 21:13:19,1.17.0,PRexp,10,3.92,nan,86,Left,Left,3710,411,293,28,nan,nan,0.30
5/10/2025 21:13:25,1.17.0,PRexp,10,3.91,nan,86,Left,Left,3711,411,293,28,nan,nan,0.46
5/10/2025 21:13:27,1.17.0,PRexp,10,3.91,nan,86,Left,Left,3712,411,293,28,nan,nan,0.52
5/10/2025 21:13:29,1.17.0,PRexp,10,3.92,nan,86,Left,Left,3713,411,293,28,nan,nan,0.28
5/10/2025 21:13:31,1.17.0,PRexp,10,3.92,nan,86,Left,Left,3714,411,293,28,nan,nan,0.71
5/10/2025 21:13:34,1.17.0,PRexp,10,3.92,nan,86,Left,Left,3715,411,293,28,nan,nan,0.43
5/10/2025 21:13:42,1.17.0,PRexp,10,3.92,nan,86,Left,Left,3716,411,293,28,nan,nan,0.25
5/10/2025 21:13:44,1.17.0,PRexp,10,3.91,nan,86,Left,Left,3717,411,293,28,nan,nan,0.20
5/10/2025 21:20:47,1.17.0,PRexp,10,3.91,nan,86,Right,Left,3717,412,293,28,nan,nan,0.37
5/10/2025 21:20:50,1.17.0,PRexp,10,3.92,nan,86,Left,Left,3718,412,293,28,nan,nan,0.28
5/10/2025 21:21:59,1.17.0,PRexp,10,3.91,nan,86,Left,Left,3719,412,293,28,nan,nan,0.15
5/10/2025 21:22:03,1.17.0,PRexp,10,3.92,nan,86,Left,Left,3720,412,293,28,nan,nan,0.33
5/10/2025 21:22:05,1.17.0,PRexp,10,3.92,nan,86,Left,Left,3721,412,293,28,nan,nan,0.12
5/10/2025 21:22:13,1.17.0,PRexp,10,3.91,nan,86,Left,Left,3722,412,293,28,nan,nan,0.10
5/10/2025 21:22:23,1.17.0,PRexp,10,3.92,nan,86,Left,Left,3723,412,293,28,nan,nan,0.36
5/10/2025 21:22:53,1.17.0,PRexp,10,3.92,nan,86,Left,Left,3724,412,293,28,nan,nan,0.05
5/10/2025 21:23:02,1.17.0,PRexp,10,3.91,nan,86,Left,Left,3725,412,293,28,nan,nan,0.13
5/10/2025 21:23:11,1.17.0,PRexp,10,3.91,nan,86,Left,Left,3726,412,293,28,nan,nan,0.49
5/10/2025 21:23:13,1.17.0,PRexp,10,3.92,nan,86,Left,Left,3727,412,293,28,nan,nan,0.05
5/10/2025 21:23:18,1.17.0,PRexp,10,3.92,nan,86,Left,Left,3728,412,293,28,nan,nan,0.50
5/10/2025 21:23:21,1.17.0,PRexp,10,3.91,nan,86,Left,Left,3729,412,293,28,nan,nan,0.47
5/10/2025 21:24:59,1.17.0,PRexp,10,3.91,nan,86,Left,Left,3730,412,293,28,nan,nan,0.13
5/10/2025 21:25:03,1.17.0,PRexp,10,3.91,nan,86,Left,Left,3731,412,293,28,nan,nan,0.23
5/10/2025 21:25:07,1.17.0,PRexp,10,3.92,nan,86,Left,Left,3732,412,293,28,nan,nan,0.41
5/10/2025 21:25:09,1.17.0,PRexp,10,3.91,nan,86,Left,Left,3733,412,293,28,nan,nan,0.24
5/10/2025 21:25:14,1.17.0,PRexp,10,3.91,nan,86,Left,Left,3734,412,293,28,nan,nan,0.37
5/10/2025 21:25:17,1.17.0,PRexp,10,3.91,nan,86,Left,Left,3735,412,293,28,nan,nan,0.15
5/10/2025 21:25:20,1.17.0,PRexp,10,3.91,nan,86,Left,Left,3736,412,293,28,nan,nan,0.14
5/10/2025 21:28:33,1.17.0,PRexp,10,3.92,nan,86,Left,Left,3737,412,293,28,nan,nan,0.00
5/10/2025 21:30:23,1.17.0,PRexp,10,3.92,nan,86,Left,Left,3738,412,293,28,nan,nan,0.25
5/10/2025 21:30:30,1.17.0,PRexp,10,3.91,nan,86,Left,Left,3739,412,293,28,nan,nan,0.13
5/10/2025 21:33:38,1.17.0,PRexp,10,3.92,nan,86,Left,Left,3740,412,293,28,nan,nan,0.12
5/10/2025 21:34:00,1.17.0,PRexp,10,3.91,nan,86,Left,Left,3741,412,293,28,nan,nan,0.07
5/10/2025 21:34:04,1.17.0,PRexp,10,3.92,nan,86,Left,Left,3742,412,293,28,nan,nan,0.08
5/10/2025 21:34:07,1.17.0,PRexp,10,3.91,nan,86,Left,Left,3743,412,293,28,nan,nan,0.21
5/10/2025 21:34:08,1.17.0,PRexp,10,3.92,nan,86,Left,Left,3744,412,293,28,nan,nan,0.20
5/10/2025 21:34:11,1.17.0,PRexp,10,3.92,nan,86,Left,Left,3745,412,293,28,nan,nan,0.35
5/10/2025 21:34:17,1.17.0,PRexp,10,3.91,nan,86,Left,Left,3746,412,293,28,nan,nan,0.20
5/10/2025 21:34:22,1.17.0,PRexp,10,3.91,nan,86,Left,Left,3747,412,293,28,nan,nan,0.35
5/10/2025 21:34:25,1.17.0,PRexp,10,3.91,nan,86,Left,Left,3748,412,293,28,nan,nan,0.08
5/10/2025 21:35:25,1.17.0,PRexp,10,3.92,nan,86,Left,Left,3749,412,293,28,nan,nan,0.10
5/10/2025 21:35:27,1.17.0,PRexp,10,3.92,nan,86,Left,Left,3750,412,293,28,nan,nan,0.21
5/10/2025 21:35:48,1.17.0,PRexp,10,3.91,nan,86,Left,Left,3751,412,293,28,nan,nan,0.15
5/10/2025 21:35:50,1.17.0,PRexp,10,3.91,nan,86,Left,Left,3752,412,293,28,nan,nan,0.28
5/10/2025 21:37:30,1.17.0,PRexp,10,3.91,nan,86,Left,Left,3753,412,293,28,nan,nan,0.08
5/10/2025 21:37:32,1.17.0,PRexp,10,3.92,nan,86,Left,Left,3754,412,293,28,nan,nan,0.09
5/10/2025 21:38:51,1.17.0,PRexp,10,3.91,nan,86,Left,Left,3755,412,293,28,nan,nan,0.24
5/10/2025 21:38:53,1.17.0,PRexp,10,3.91,nan,86,Left,Left,3756,412,293,28,nan,nan,0.09
5/10/2025 21:38:58,1.17.0,PRexp,10,3.91,nan,86,Left,Left,3757,412,293,28,nan,nan,0.29
5/10/2025 21:39:18,1.17.0,PRexp,10,3.91,nan,86,Left,Left,3758,412,293,28,nan,nan,0.07
5/10/2025 21:39:21,1.17.0,PRexp,10,3.91,nan,86,Left,Left,3759,412,293,28,nan,nan,0.15
5/10/2025 21:39:40,1.17.0,PRexp,10,3.91,nan,86,Right,Left,3759,413,293,28,nan,nan,0.25
5/10/2025 21:39:52,1.17.0,PRexp,10,3.92,nan,86,Left,Left,3760,413,293,28,nan,nan,0.38
5/10/2025 21:39:54,1.17.0,PRexp,10,3.91,nan,86,Left,Left,3761,413,293,28,nan,nan,0.37
5/10/2025 21:39:56,1.17.0,PRexp,10,3.92,nan,86,Left,Left,3762,413,293,28,nan,nan,0.17
5/10/2025 21:40:00,1.17.0,PRexp,10,3.91,nan,86,Left,Left,3763,413,293,28,nan,nan,0.29
5/10/2025 21:40:02,1.17.0,PRexp,10,3.91,2,86,Pellet,Left,3763,413,294,29,0.06,2177,nan
5/10/2025 21:40:27,1.17.0,PRexp,10,3.92,nan,95,Left,Left,3764,413,294,29,nan,nan,0.21
5/10/2025 21:40:43,1.17.0,PRexp,10,3.92,nan,95,Left,Left,3765,413,294,29,nan,nan,0.30
5/10/2025 21:40:47,1.17.0,PRexp,10,3.92,nan,95,Left,Left,3766,413,294,29,nan,nan,0.47
5/10/2025 21:40:51,1.17.0,PRexp,10,3.92,nan,95,Left,Left,3767,413,294,29,nan,nan,0.44
5/10/2025 21:40:55,1.17.0,PRexp,10,3.92,nan,95,Left,Left,3768,413,294,29,nan,nan,0.37
5/10/2025 21:41:01,1.17.0,PRexp,10,3.91,nan,95,Left,Left,3769,413,294,29,nan,nan,0.47
5/10/2025 21:41:04,1.17.0,PRexp,10,3.91,nan,95,Left,Left,3770,413,294,29,nan,nan,0.54
5/10/2025 21:41:08,1.17.0,PRexp,10,3.91,nan,95,Left,Left,3771,413,294,29,nan,nan,0.47
5/10/2025 21:41:11,1.17.0,PRexp,10,3.91,nan,95,Left,Left,3772,413,294,29,nan,nan,0.79
5/10/2025 21:41:15,1.17.0,PRexp,10,3.92,nan,95,Left,Left,3773,413,294,29,nan,nan,0.30
5/10/2025 21:41:25,1.17.0,PRexp,10,3.91,nan,95,Left,Left,3774,413,294,29,nan,nan,0.49
5/10/2025 21:43:13,1.17.0,PRexp,10,3.91,nan,95,Left,Left,3775,413,294,29,nan,nan,0.33
5/10/2025 21:43:17,1.17.0,PRexp,10,3.91,nan,95,Left,Left,3776,413,294,29,nan,nan,0.12
5/10/2025 21:43:24,1.17.0,PRexp,10,3.91,nan,95,Left,Left,3777,413,294,29,nan,nan,0.39
5/10/2025 21:43:36,1.17.0,PRexp,10,3.92,nan,95,Left,Left,3778,413,294,29,nan,nan,0.23
5/10/2025 21:44:25,1.17.0,PRexp,10,3.91,nan,95,Left,Left,3779,413,294,29,nan,nan,0.00
5/10/2025 21:44:26,1.17.0,PRexp,10,3.91,nan,95,Left,Left,3780,413,294,29,nan,nan,0.00
5/10/2025 21:44:59,1.17.0,PRexp,10,3.92,nan,95,Left,Left,3781,413,294,29,nan,nan,0.32
5/10/2025 21:45:01,1.17.0,PRexp,10,3.92,nan,95,Left,Left,3782,413,294,29,nan,nan,0.18
5/10/2025 21:45:05,1.17.0,PRexp,10,3.91,nan,95,Left,Left,3783,413,294,29,nan,nan,0.42
5/10/2025 21:45:09,1.17.0,PRexp,10,3.91,nan,95,Left,Left,3784,413,294,29,nan,nan,0.44
5/10/2025 21:45:11,1.17.0,PRexp,10,3.92,nan,95,Left,Left,3785,413,294,29,nan,nan,0.42
5/10/2025 21:45:25,1.17.0,PRexp,10,3.92,nan,95,Left,Left,3786,413,294,29,nan,nan,0.08
5/10/2025 21:45:27,1.17.0,PRexp,10,3.92,nan,95,Left,Left,3787,413,294,29,nan,nan,0.28
5/10/2025 21:45:29,1.17.0,PRexp,10,3.91,nan,95,Left,Left,3788,413,294,29,nan,nan,0.20
5/10/2025 21:45:34,1.17.0,PRexp,10,3.91,nan,95,Left,Left,3789,413,294,29,nan,nan,0.05
5/10/2025 21:45:36,1.17.0,PRexp,10,3.92,nan,95,Left,Left,3790,413,294,29,nan,nan,0.11
5/10/2025 21:45:37,1.17.0,PRexp,10,3.92,nan,95,Left,Left,3791,413,294,29,nan,nan,0.00
5/10/2025 21:45:40,1.17.0,PRexp,10,3.92,nan,95,Left,Left,3792,413,294,29,nan,nan,0.42
5/10/2025 21:45:43,1.17.0,PRexp,10,3.92,nan,95,Left,Left,3793,413,294,29,nan,nan,0.40
5/10/2025 21:45:44,1.17.0,PRexp,10,3.91,nan,95,Left,Left,3794,413,294,29,nan,nan,0.29
5/10/2025 21:45:48,1.17.0,PRexp,10,3.91,nan,95,Left,Left,3795,413,294,29,nan,nan,0.78
5/10/2025 21:45:51,1.17.0,PRexp,10,3.92,nan,95,Left,Left,3796,413,294,29,nan,nan,0.47
5/10/2025 21:45:57,1.17.0,PRexp,10,3.91,nan,95,Left,Left,3797,413,294,29,nan,nan,0.07
5/10/2025 21:46:07,1.17.0,PRexp,10,3.91,nan,95,Left,Left,3798,413,294,29,nan,nan,0.12
5/10/2025 21:46:48,1.17.0,PRexp,10,3.92,nan,95,Left,Left,3799,413,294,29,nan,nan,0.12
5/10/2025 21:46:49,1.17.0,PRexp,10,3.91,nan,95,Left,Left,3800,413,294,29,nan,nan,0.00
5/10/2025 21:46:51,1.17.0,PRexp,10,3.91,nan,95,Left,Left,3801,413,294,29,nan,nan,0.51
5/10/2025 21:46:55,1.17.0,PRexp,10,3.91,nan,95,Left,Left,3802,413,294,29,nan,nan,0.87
5/10/2025 21:46:59,1.17.0,PRexp,10,3.91,nan,95,Left,Left,3803,413,294,29,nan,nan,0.41
5/10/2025 21:47:03,1.17.0,PRexp,10,3.91,nan,95,Left,Left,3804,413,294,29,nan,nan,0.42
5/10/2025 21:47:05,1.17.0,PRexp,10,3.91,nan,95,Left,Left,3805,413,294,29,nan,nan,0.47
5/10/2025 21:47:09,1.17.0,PRexp,10,3.91,nan,95,Left,Left,3806,413,294,29,nan,nan,0.41
5/10/2025 21:47:14,1.17.0,PRexp,10,3.91,nan,95,Left,Left,3807,413,294,29,nan,nan,0.09
5/10/2025 21:47:18,1.17.0,PRexp,10,3.91,nan,95,Left,Left,3808,413,294,29,nan,nan,0.00
5/10/2025 21:47:19,1.17.0,PRexp,10,3.92,nan,95,Left,Left,3809,413,294,29,nan,nan,0.01
5/10/2025 21:47:23,1.17.0,PRexp,10,3.92,nan,95,Left,Left,3810,413,294,29,nan,nan,0.12
5/10/2025 21:49:35,1.17.0,PRexp,10,3.92,nan,95,Right,Left,3810,414,294,29,nan,nan,0.20
5/10/2025 21:49:36,1.17.0,PRexp,10,3.91,nan,95,Left,Left,3811,414,294,29,nan,nan,0.00
5/10/2025 21:49:40,1.17.0,PRexp,10,3.92,nan,95,Left,Left,3812,414,294,29,nan,nan,0.14
5/10/2025 21:49:42,1.17.0,PRexp,10,3.92,nan,95,Left,Left,3813,414,294,29,nan,nan,0.54
5/10/2025 21:49:50,1.17.0,PRexp,10,3.91,nan,95,Left,Left,3814,414,294,29,nan,nan,0.55
5/10/2025 21:50:04,1.17.0,PRexp,10,3.91,nan,95,Left,Left,3815,414,294,29,nan,nan,0.42
5/10/2025 21:50:10,1.17.0,PRexp,10,3.92,nan,95,Left,Left,3816,414,294,29,nan,nan,0.00
5/10/2025 22:03:51,1.17.0,PRexp,10,3.91,nan,95,Left,Left,3817,414,294,29,nan,nan,0.09
5/10/2025 22:06:32,1.17.0,PRexp,10,3.92,nan,95,Left,Left,3818,414,294,29,nan,nan,0.09
5/10/2025 22:06:35,1.17.0,PRexp,10,3.91,nan,95,Left,Left,3819,414,294,29,nan,nan,0.09
5/10/2025 22:06:40,1.17.0,PRexp,10,3.92,nan,95,Left,Left,3820,414,294,29,nan,nan,0.12
5/10/2025 22:06:46,1.17.0,PRexp,10,3.92,nan,95,Left,Left,3821,414,294,29,nan,nan,0.42
5/10/2025 22:06:48,1.17.0,PRexp,10,3.92,nan,95,Left,Left,3822,414,294,29,nan,nan,0.27
5/10/2025 22:06:55,1.17.0,PRexp,10,3.91,nan,95,Left,Left,3823,414,294,29,nan,nan,0.39
5/10/2025 22:06:59,1.17.0,PRexp,10,3.92,nan,95,Left,Left,3824,414,294,29,nan,nan,0.22
5/10/2025 22:07:06,1.17.0,PRexp,10,3.91,nan,95,Left,Left,3825,414,294,29,nan,nan,0.39
5/10/2025 22:07:12,1.17.0,PRexp,10,3.92,nan,95,Left,Left,3826,414,294,29,nan,nan,0.27
5/10/2025 22:07:20,1.17.0,PRexp,10,3.92,nan,95,Left,Left,3827,414,294,29,nan,nan,0.22
5/10/2025 22:07:24,1.17.0,PRexp,10,3.92,nan,95,Left,Left,3828,414,294,29,nan,nan,0.38
5/10/2025 22:07:32,1.17.0,PRexp,10,3.91,nan,95,Left,Left,3829,414,294,29,nan,nan,0.70
5/10/2025 22:07:45,1.17.0,PRexp,10,3.91,nan,95,Left,Left,3830,414,294,29,nan,nan,0.19
5/10/2025 22:07:46,1.17.0,PRexp,10,3.91,nan,95,Left,Left,3831,414,294,29,nan,nan,0.00
5/10/2025 22:07:48,1.17.0,PRexp,10,3.91,nan,95,Left,Left,3832,414,294,29,nan,nan,0.30
5/10/2025 22:07:52,1.17.0,PRexp,10,3.92,nan,95,Left,Left,3833,414,294,29,nan,nan,0.30
5/10/2025 22:07:56,1.17.0,PRexp,10,3.92,nan,95,Left,Left,3834,414,294,29,nan,nan,0.31
5/10/2025 22:08:01,1.17.0,PRexp,10,3.91,nan,95,Left,Left,3835,414,294,29,nan,nan,0.40
5/10/2025 22:08:08,1.17.0,PRexp,10,3.91,nan,95,Left,Left,3836,414,294,29,nan,nan,0.66
5/10/2025 22:08:39,1.17.0,PRexp,10,3.91,nan,95,Left,Left,3837,414,294,29,nan,nan,0.34
5/10/2025 22:08:42,1.17.0,PRexp,10,3.91,nan,95,Left,Left,3838,414,294,29,nan,nan,0.39
5/10/2025 22:08:47,1.17.0,PRexp,10,3.92,nan,95,Left,Left,3839,414,294,29,nan,nan,0.28
5/10/2025 22:08:49,1.17.0,PRexp,10,3.92,nan,95,Left,Left,3840,414,294,29,nan,nan,0.21
5/10/2025 22:08:51,1.17.0,PRexp,10,3.92,nan,95,Left,Left,3841,414,294,29,nan,nan,0.54
5/10/2025 22:08:56,1.17.0,PRexp,10,3.91,nan,95,Left,Left,3842,414,294,29,nan,nan,0.28
5/10/2025 22:09:01,1.17.0,PRexp,10,3.92,nan,95,Left,Left,3843,414,294,29,nan,nan,0.76
5/10/2025 22:09:03,1.17.0,PRexp,10,3.91,nan,95,Left,Left,3844,414,294,29,nan,nan,0.27
5/10/2025 22:09:08,1.17.0,PRexp,10,3.91,nan,95,Left,Left,3845,414,294,29,nan,nan,0.64
5/10/2025 22:09:10,1.17.0,PRexp,10,3.91,nan,95,Left,Left,3846,414,294,29,nan,nan,0.27
5/10/2025 22:09:13,1.17.0,PRexp,10,3.91,nan,95,Left,Left,3847,414,294,29,nan,nan,0.29
5/10/2025 22:09:18,1.17.0,PRexp,10,3.92,nan,95,Left,Left,3848,414,294,29,nan,nan,0.42
5/10/2025 22:09:23,1.17.0,PRexp,10,3.91,nan,95,Left,Left,3849,414,294,29,nan,nan,0.65
5/10/2025 22:10:07,1.17.0,PRexp,10,3.92,nan,95,Left,Left,3850,414,294,29,nan,nan,0.13
5/10/2025 22:10:09,1.17.0,PRexp,10,3.92,nan,95,Left,Left,3851,414,294,29,nan,nan,0.17
5/10/2025 22:10:12,1.17.0,PRexp,10,3.92,nan,95,Left,Left,3852,414,294,29,nan,nan,0.11
5/10/2025 22:10:18,1.17.0,PRexp,10,3.91,nan,95,Left,Left,3853,414,294,29,nan,nan,0.54
5/10/2025 22:19:16,1.17.0,PRexp,10,3.91,nan,95,Left,Left,3854,414,294,29,nan,nan,0.27
5/10/2025 22:19:21,1.17.0,PRexp,10,3.92,nan,95,Left,Left,3855,414,294,29,nan,nan,0.21
5/10/2025 22:19:25,1.17.0,PRexp,10,3.92,nan,95,Left,Left,3856,414,294,29,nan,nan,0.16
5/10/2025 22:28:48,1.17.0,PRexp,10,3.92,nan,95,Left,Left,3857,414,294,29,nan,nan,0.03
5/10/2025 22:28:50,1.17.0,PRexp,10,3.91,nan,95,Left,Left,3858,414,294,29,nan,nan,0.23
5/10/2025 22:28:59,1.17.0,PRexp,10,3.91,2,95,Pellet,Left,3858,414,295,30,6.52,2937,nan
5/10/2025 22:29:33,1.17.0,PRexp,10,3.91,nan,106,Left,Left,3859,414,295,30,nan,nan,0.19
5/10/2025 22:29:40,1.17.0,PRexp,10,3.92,nan,106,Left,Left,3860,414,295,30,nan,nan,0.00
5/10/2025 22:29:44,1.17.0,PRexp,10,3.91,nan,106,Left,Left,3861,414,295,30,nan,nan,0.31
5/10/2025 22:29:47,1.17.0,PRexp,10,3.91,nan,106,Left,Left,3862,414,295,30,nan,nan,0.48
5/10/2025 22:29:49,1.17.0,PRexp,10,3.92,nan,106,Left,Left,3863,414,295,30,nan,nan,0.56
5/10/2025 22:29:53,1.17.0,PRexp,10,3.92,nan,106,Left,Left,3864,414,295,30,nan,nan,0.52
5/10/2025 22:29:56,1.17.0,PRexp,10,3.91,nan,106,Left,Left,3865,414,295,30,nan,nan,0.58
5/10/2025 22:30:01,1.17.0,PRexp,10,3.91,nan,106,Left,Left,3866,414,295,30,nan,nan,0.31
5/10/2025 22:30:05,1.17.0,PRexp,10,3.91,nan,106,Left,Left,3867,414,295,30,nan,nan,0.74
5/10/2025 22:30:08,1.17.0,PRexp,10,3.91,nan,106,Left,Left,3868,414,295,30,nan,nan,0.34
5/10/2025 22:30:12,1.17.0,PRexp,10,3.91,nan,106,Left,Left,3869,414,295,30,nan,nan,0.35
5/10/2025 22:30:17,1.17.0,PRexp,10,3.91,nan,106,Left,Left,3870,414,295,30,nan,nan,0.26
5/10/2025 22:30:21,1.17.0,PRexp,10,3.92,nan,106,Left,Left,3871,414,295,30,nan,nan,0.85
5/10/2025 22:30:27,1.17.0,PRexp,10,3.91,nan,106,Left,Left,3872,414,295,30,nan,nan,0.33
5/10/2025 22:30:28,1.17.0,PRexp,10,3.91,nan,106,Left,Left,3873,414,295,30,nan,nan,0.00
5/10/2025 22:30:30,1.17.0,PRexp,10,3.91,nan,106,Left,Left,3874,414,295,30,nan,nan,0.74
5/10/2025 22:30:34,1.17.0,PRexp,10,3.91,nan,106,Left,Left,3875,414,295,30,nan,nan,0.53
5/10/2025 22:30:38,1.17.0,PRexp,10,3.91,nan,106,Left,Left,3876,414,295,30,nan,nan,0.73
5/10/2025 22:30:44,1.17.0,PRexp,10,3.91,nan,106,Left,Left,3877,414,295,30,nan,nan,0.87
5/10/2025 22:30:49,1.17.0,PRexp,10,3.92,nan,106,Left,Left,3878,414,295,30,nan,nan,0.05
5/10/2025 22:44:25,1.17.0,PRexp,10,3.91,nan,106,Left,Left,3879,414,295,30,nan,nan,0.32
5/10/2025 22:44:34,1.17.0,PRexp,10,3.91,nan,106,Left,Left,3880,414,295,30,nan,nan,0.12
5/10/2025 22:56:19,1.17.0,PRexp,10,3.91,nan,106,Left,Left,3881,414,295,30,nan,nan,0.23
5/10/2025 22:56:25,1.17.0,PRexp,10,3.91,nan,106,Left,Left,3882,414,295,30,nan,nan,0.48
5/10/2025 22:56:29,1.17.0,PRexp,10,3.91,nan,106,Left,Left,3883,414,295,30,nan,nan,0.50
5/10/2025 23:08:13,1.17.0,PRexp,10,3.91,nan,106,Left,Left,3884,414,295,30,nan,nan,0.19
5/10/2025 23:08:14,1.17.0,PRexp,10,3.92,nan,106,Left,Left,3885,414,295,30,nan,nan,0.00
5/10/2025 23:08:15,1.17.0,PRexp,10,3.91,nan,106,Left,Left,3886,414,295,30,nan,nan,0.00
5/10/2025 23:19:08,1.17.0,PRexp,10,3.91,nan,106,Left,Left,3887,414,295,30,nan,nan,0.05
5/10/2025 23:19:11,1.17.0,PRexp,10,3.91,nan,106,Left,Left,3888,414,295,30,nan,nan,0.23
5/10/2025 23:19:18,1.17.0,PRexp,10,3.91,nan,106,Left,Left,3889,414,295,30,nan,nan,0.00
5/10/2025 23:19:19,1.17.0,PRexp,10,3.91,nan,106,Left,Left,3890,414,295,30,nan,nan,0.00
5/10/2025 23:19:25,1.17.0,PRexp,10,3.91,nan,106,Left,Left,3891,414,295,30,nan,nan,0.09
5/10/2025 23:19:30,1.17.0,PRexp,10,3.91,nan,106,Left,Left,3892,414,295,30,nan,nan,0.38
5/10/2025 23:19:31,1.17.0,PRexp,10,3.91,nan,106,Left,Left,3893,414,295,30,nan,nan,0.00
5/10/2025 23:19:34,1.17.0,PRexp,10,3.91,nan,106,Left,Left,3894,414,295,30,nan,nan,0.31
5/10/2025 23:24:25,1.17.0,PRexp,10,3.91,nan,106,Left,Left,3895,414,295,30,nan,nan,0.09
5/10/2025 23:24:29,1.17.0,PRexp,10,3.91,nan,106,Left,Left,3896,414,295,30,nan,nan,0.40
5/10/2025 23:24:34,1.17.0,PRexp,10,3.91,nan,106,Left,Left,3897,414,295,30,nan,nan,0.52
5/10/2025 23:24:37,1.17.0,PRexp,10,3.91,nan,106,Left,Left,3898,414,295,30,nan,nan,0.37
5/10/2025 23:24:40,1.17.0,PRexp,10,3.91,nan,106,Left,Left,3899,414,295,30,nan,nan,0.36
5/10/2025 23:24:43,1.17.0,PRexp,10,3.92,nan,106,Left,Left,3900,414,295,30,nan,nan,0.34
5/10/2025 23:24:47,1.17.0,PRexp,10,3.91,nan,106,Left,Left,3901,414,295,30,nan,nan,0.25
5/10/2025 23:24:50,1.17.0,PRexp,10,3.91,nan,106,Left,Left,3902,414,295,30,nan,nan,0.36
5/10/2025 23:24:53,1.17.0,PRexp,10,3.91,nan,106,Left,Left,3903,414,295,30,nan,nan,0.25
5/10/2025 23:25:22,1.17.0,PRexp,10,3.91,nan,106,Right,Left,3903,415,295,30,nan,nan,0.14
5/10/2025 23:25:24,1.17.0,PRexp,10,3.91,nan,106,Left,Left,3904,415,295,30,nan,nan,0.00
5/10/2025 23:25:27,1.17.0,PRexp,10,3.91,nan,106,Left,Left,3905,415,295,30,nan,nan,0.53
5/10/2025 23:25:30,1.17.0,PRexp,10,3.91,nan,106,Left,Left,3906,415,295,30,nan,nan,0.49
5/10/2025 23:25:34,1.17.0,PRexp,10,3.91,nan,106,Left,Left,3907,415,295,30,nan,nan,0.65
5/10/2025 23:25:36,1.17.0,PRexp,10,3.91,nan,106,Left,Left,3908,415,295,30,nan,nan,0.31
5/10/2025 23:25:41,1.17.0,PRexp,10,3.91,nan,106,Left,Left,3909,415,295,30,nan,nan,0.63
5/10/2025 23:25:44,1.17.0,PRexp,10,3.91,nan,106,Left,Left,3910,415,295,30,nan,nan,0.51
5/10/2025 23:25:45,1.17.0,PRexp,10,3.91,nan,106,Left,Left,3911,415,295,30,nan,nan,0.00
5/10/2025 23:26:06,1.17.0,PRexp,10,3.91,nan,106,Left,Left,3912,415,295,30,nan,nan,0.13
5/10/2025 23:26:08,1.17.0,PRexp,10,3.91,nan,106,Left,Left,3913,415,295,30,nan,nan,0.18
5/10/2025 23:27:16,1.17.0,PRexp,10,3.91,nan,106,Left,Left,3914,415,295,30,nan,nan,0.42
5/10/2025 23:27:18,1.17.0,PRexp,10,3.91,nan,106,Left,Left,3915,415,295,30,nan,nan,0.24
5/10/2025 23:27:33,1.17.0,PRexp,10,3.91,nan,106,Left,Left,3916,415,295,30,nan,nan,0.23
5/10/2025 23:28:43,1.17.0,PRexp,10,3.91,nan,106,Right,Left,3916,416,295,30,nan,nan,0.01
5/10/2025 23:28:50,1.17.0,PRexp,10,3.91,nan,106,Left,Left,3917,416,295,30,nan,nan,0.00
5/10/2025 23:29:25,1.17.0,PRexp,10,3.91,nan,106,Left,Left,3918,416,295,30,nan,nan,0.38
5/10/2025 23:29:36,1.17.0,PRexp,10,3.91,nan,106,Right,Left,3918,417,295,30,nan,nan,0.00
5/10/2025 23:29:43,1.17.0,PRexp,10,3.91,nan,106,Left,Left,3919,417,295,30,nan,nan,0.33
5/10/2025 23:29:44,1.17.0,PRexp,10,3.91,nan,106,Left,Left,3920,417,295,30,nan,nan,0.10
5/10/2025 23:30:29,1.17.0,PRexp,10,3.91,nan,106,Left,Left,3921,417,295,30,nan,nan,0.62
5/10/2025 23:30:51,1.17.0,PRexp,10,3.91,nan,106,Left,Left,3922,417,295,30,nan,nan,0.66
5/10/2025 23:31:01,1.17.0,PRexp,10,3.91,nan,106,Left,Left,3923,417,295,30,nan,nan,0.49
5/10/2025 23:31:05,1.17.0,PRexp,10,3.91,nan,106,Left,Left,3924,417,295,30,nan,nan,0.21
5/10/2025 23:31:08,1.17.0,PRexp,10,3.91,nan,106,Left,Left,3925,417,295,30,nan,nan,0.08
5/10/2025 23:32:40,1.17.0,PRexp,10,3.91,nan,106,Left,Left,3926,417,295,30,nan,nan,0.13
5/10/2025 23:32:41,1.17.0,PRexp,10,3.91,nan,106,Left,Left,3927,417,295,30,nan,nan,0.00
5/10/2025 23:32:44,1.17.0,PRexp,10,3.91,nan,106,Left,Left,3928,417,295,30,nan,nan,0.37
5/10/2025 23:32:58,1.17.0,PRexp,10,3.91,nan,106,Left,Left,3929,417,295,30,nan,nan,0.04
5/10/2025 23:33:02,1.17.0,PRexp,10,3.91,nan,106,Left,Left,3930,417,295,30,nan,nan,0.14
5/10/2025 23:34:17,1.17.0,PRexp,10,3.91,nan,106,Left,Left,3931,417,295,30,nan,nan,0.22
5/10/2025 23:34:19,1.17.0,PRexp,10,3.91,nan,106,Right,Left,3931,418,295,30,nan,nan,0.25
5/10/2025 23:34:21,1.17.0,PRexp,10,3.92,nan,106,Left,Left,3932,418,295,30,nan,nan,0.18
5/10/2025 23:34:23,1.17.0,PRexp,10,3.91,nan,106,Left,Left,3933,418,295,30,nan,nan,0.58
5/10/2025 23:34:25,1.17.0,PRexp,10,3.91,nan,106,Left,Left,3934,418,295,30,nan,nan,0.31
5/10/2025 23:37:23,1.17.0,PRexp,10,3.91,nan,106,Left,Left,3935,418,295,30,nan,nan,0.32
5/10/2025 23:37:29,1.17.0,PRexp,10,3.91,nan,106,Left,Left,3936,418,295,30,nan,nan,0.34
5/10/2025 23:37:37,1.17.0,PRexp,10,3.91,nan,106,Left,Left,3937,418,295,30,nan,nan,0.22
5/10/2025 23:37:39,1.17.0,PRexp,10,3.91,nan,106,Left,Left,3938,418,295,30,nan,nan,0.43
5/10/2025 23:38:09,1.17.0,PRexp,10,3.91,nan,106,Right,Left,3938,419,295,30,nan,nan,0.39
5/10/2025 23:38:11,1.17.0,PRexp,10,3.91,nan,106,Left,Left,3939,419,295,30,nan,nan,0.05
5/10/2025 23:39:00,1.17.0,PRexp,10,3.91,nan,106,Left,Left,3940,419,295,30,nan,nan,0.16
5/10/2025 23:39:14,1.17.0,PRexp,10,3.91,nan,106,Left,Left,3941,419,295,30,nan,nan,0.03
5/10/2025 23:39:39,1.17.0,PRexp,10,3.91,nan,106,Right,Left,3941,420,295,30,nan,nan,0.08
5/10/2025 23:39:40,1.17.0,PRexp,10,3.91,nan,106,Left,Left,3942,420,295,30,nan,nan,0.00
5/10/2025 23:39:43,1.17.0,PRexp,10,3.91,nan,106,Left,Left,3943,420,295,30,nan,nan,0.11
5/10/2025 23:40:46,1.17.0,PRexp,10,3.91,nan,106,Left,Left,3944,420,295,30,nan,nan,0.04
5/10/2025 23:41:13,1.17.0,PRexp,10,3.91,nan,106,Left,Left,3945,420,295,30,nan,nan,0.28
5/10/2025 23:41:14,1.17.0,PRexp,10,3.91,nan,106,Left,Left,3946,420,295,30,nan,nan,0.00
5/10/2025 23:41:19,1.17.0,PRexp,10,3.91,nan,106,Left,Left,3947,420,295,30,nan,nan,0.18
5/10/2025 23:41:20,1.17.0,PRexp,10,3.91,nan,106,Left,Left,3948,420,295,30,nan,nan,0.00
5/10/2025 23:41:25,1.17.0,PRexp,10,3.91,nan,106,Left,Left,3949,420,295,30,nan,nan,0.34
5/10/2025 23:43:33,1.17.0,PRexp,10,3.91,nan,106,Left,Left,3950,420,295,30,nan,nan,0.18
5/10/2025 23:44:07,1.17.0,PRexp,10,3.91,nan,106,Left,Left,3951,420,295,30,nan,nan,0.07
5/10/2025 23:45:24,1.17.0,PRexp,10,3.91,nan,106,Left,Left,3952,420,295,30,nan,nan,0.08
5/10/2025 23:45:59,1.17.0,PRexp,10,3.91,nan,106,Left,Left,3953,420,295,30,nan,nan,0.38
5/10/2025 23:46:00,1.17.0,PRexp,10,3.91,nan,106,Left,Left,3954,420,295,30,nan,nan,0.34
5/10/2025 23:46:02,1.17.0,PRexp,10,3.91,nan,106,Left,Left,3955,420,295,30,nan,nan,0.30
5/10/2025 23:46:16,1.17.0,PRexp,10,3.91,nan,106,Left,Left,3956,420,295,30,nan,nan,0.10
5/10/2025 23:47:32,1.17.0,PRexp,10,3.91,nan,106,Left,Left,3957,420,295,30,nan,nan,0.12
5/10/2025 23:47:35,1.17.0,PRexp,10,3.91,nan,106,Left,Left,3958,420,295,30,nan,nan,0.07
5/10/2025 23:49:27,1.17.0,PRexp,10,3.91,nan,106,Left,Left,3959,420,295,30,nan,nan,0.11
5/10/2025 23:49:30,1.17.0,PRexp,10,3.91,nan,106,Left,Left,3960,420,295,30,nan,nan,0.11
5/10/2025 23:49:47,1.17.0,PRexp,10,3.91,nan,106,Left,Left,3961,420,295,30,nan,nan,0.03
5/10/2025 23:49:49,1.17.0,PRexp,10,3.91,nan,106,Left,Left,3962,420,295,30,nan,nan,0.19
5/10/2025 23:49:56,1.17.0,PRexp,10,3.91,nan,106,Left,Left,3963,420,295,30,nan,nan,0.00
5/10/2025 23:51:07,1.17.0,PRexp,10,3.91,nan,106,Left,Left,3964,420,295,30,nan,nan,0.37
5/10/2025 23:51:11,1.17.0,PRexp,10,3.91,2,106,Pellet,Left,3964,420,296,31,0.30,4932,nan
5/10/2025 23:51:41,1.17.0,PRexp,10,3.91,nan,118,Left,Left,3965,420,296,31,nan,nan,0.50
5/10/2025 23:51:42,1.17.0,PRexp,10,3.91,nan,118,Left,Left,3966,420,296,31,nan,nan,0.35
5/10/2025 23:51:46,1.17.0,PRexp,10,3.91,nan,118,Left,Left,3967,420,296,31,nan,nan,0.61
5/10/2025 23:51:48,1.17.0,PRexp,10,3.91,nan,118,Left,Left,3968,420,296,31,nan,nan,0.34
5/10/2025 23:51:51,1.17.0,PRexp,10,3.91,nan,118,Left,Left,3969,420,296,31,nan,nan,0.33
5/10/2025 23:51:55,1.17.0,PRexp,10,3.91,nan,118,Left,Left,3970,420,296,31,nan,nan,0.49
5/10/2025 23:52:01,1.17.0,PRexp,10,3.91,nan,118,Left,Left,3971,420,296,31,nan,nan,0.56
5/10/2025 23:52:05,1.17.0,PRexp,10,3.91,nan,118,Left,Left,3972,420,296,31,nan,nan,0.72
5/10/2025 23:52:09,1.17.0,PRexp,10,3.91,nan,118,Left,Left,3973,420,296,31,nan,nan,0.56
5/10/2025 23:52:14,1.17.0,PRexp,10,3.91,nan,118,Left,Left,3974,420,296,31,nan,nan,0.40
5/10/2025 23:52:16,1.17.0,PRexp,10,3.91,nan,118,Left,Left,3975,420,296,31,nan,nan,0.63
5/10/2025 23:52:22,1.17.0,PRexp,10,3.91,nan,118,Left,Left,3976,420,296,31,nan,nan,0.28
5/10/2025 23:52:23,1.17.0,PRexp,10,3.91,nan,118,Left,Left,3977,420,296,31,nan,nan,0.29
5/10/2025 23:52:25,1.17.0,PRexp,10,3.91,nan,118,Left,Left,3978,420,296,31,nan,nan,0.30
5/10/2025 23:52:27,1.17.0,PRexp,10,3.91,nan,118,Left,Left,3979,420,296,31,nan,nan,0.03
5/10/2025 23:52:28,1.17.0,PRexp,10,3.91,nan,118,Left,Left,3980,420,296,31,nan,nan,0.03
5/10/2025 23:52:30,1.17.0,PRexp,10,3.91,nan,118,Left,Left,3981,420,296,31,nan,nan,0.00
5/10/2025 23:52:32,1.17.0,PRexp,10,3.91,nan,118,Left,Left,3982,420,296,31,nan,nan,0.17
5/10/2025 23:52:33,1.17.0,PRexp,10,3.91,nan,118,Right,Left,3982,421,296,31,nan,nan,0.56
5/10/2025 23:52:36,1.17.0,PRexp,10,3.91,nan,118,Left,Left,3983,421,296,31,nan,nan,0.24
5/10/2025 23:52:40,1.17.0,PRexp,10,3.91,nan,118,Left,Left,3984,421,296,31,nan,nan,0.13
5/10/2025 23:52:41,1.17.0,PRexp,10,3.91,nan,118,Left,Left,3985,421,296,31,nan,nan,0.00
5/10/2025 23:52:56,1.17.0,PRexp,10,3.91,nan,118,Left,Left,3986,421,296,31,nan,nan,0.02
5/10/2025 23:53:08,1.17.0,PRexp,10,3.91,nan,118,Left,Left,3987,421,296,31,nan,nan,0.16
5/10/2025 23:53:28,1.17.0,PRexp,10,3.91,nan,118,Left,Left,3988,421,296,31,nan,nan,0.21
5/10/2025 23:55:22,1.17.0,PRexp,10,3.91,nan,118,Left,Left,3989,421,296,31,nan,nan,0.21
5/10/2025 23:56:11,1.17.0,PRexp,10,3.91,nan,118,Left,Left,3990,421,296,31,nan,nan,0.01
5/10/2025 23:57:10,1.17.0,PRexp,10,3.91,nan,118,Left,Left,3991,421,296,31,nan,nan,0.18
5/10/2025 23:57:25,1.17.0,PRexp,10,3.91,nan,118,Left,Left,3992,421,296,31,nan,nan,0.08
5/10/2025 23:58:14,1.17.0,PRexp,10,3.91,nan,118,Left,Left,3993,421,296,31,nan,nan,0.02
5/10/2025 23:58:54,1.17.0,PRexp,10,3.91,nan,118,Right,Left,3993,422,296,31,nan,nan,0.05
5/10/2025 23:58:57,1.17.0,PRexp,10,3.91,nan,118,Left,Left,3994,422,296,31,nan,nan,0.16
5/10/2025 23:59:04,1.17.0,PRexp,10,3.91,nan,118,Left,Left,3995,422,296,31,nan,nan,0.00
5/10/2025 23:59:47,1.17.0,PRexp,10,3.91,nan,118,Left,Left,3996,422,296,31,nan,nan,0.17
5/11/2025 0:00:05,1.17.0,PRexp,10,3.91,nan,118,Left,Left,3997,422,296,31,nan,nan,0.07
5/11/2025 0:00:28,1.17.0,PRexp,10,3.91,nan,118,Left,Left,3998,422,296,31,nan,nan,0.00
5/11/2025 0:01:22,1.17.0,PRexp,10,3.92,nan,118,Left,Left,3999,422,296,31,nan,nan,0.36
5/11/2025 0:01:57,1.17.0,PRexp,10,3.91,nan,118,Left,Left,4000,422,296,31,nan,nan,0.25
5/11/2025 0:02:01,1.17.0,PRexp,10,3.91,nan,118,Left,Left,4001,422,296,31,nan,nan,0.18
5/11/2025 0:02:04,1.17.0,PRexp,10,3.91,nan,118,Left,Left,4002,422,296,31,nan,nan,0.13
5/11/2025 0:02:30,1.17.0,PRexp,10,3.91,nan,118,Left,Left,4003,422,296,31,nan,nan,0.38
5/11/2025 0:04:26,1.17.0,PRexp,10,3.91,nan,118,Left,Left,4004,422,296,31,nan,nan,0.18
5/11/2025 0:04:28,1.17.0,PRexp,10,3.91,nan,118,Left,Left,4005,422,296,31,nan,nan,0.12
5/11/2025 0:04:30,1.17.0,PRexp,10,3.91,nan,118,Left,Left,4006,422,296,31,nan,nan,0.07
5/11/2025 0:04:36,1.17.0,PRexp,10,3.91,nan,118,Left,Left,4007,422,296,31,nan,nan,0.04
5/11/2025 0:05:23,1.17.0,PRexp,10,3.91,nan,118,Left,Left,4008,422,296,31,nan,nan,0.16
5/11/2025 0:05:26,1.17.0,PRexp,10,3.91,nan,118,Left,Left,4009,422,296,31,nan,nan,0.02
5/11/2025 0:05:33,1.17.0,PRexp,10,3.91,nan,118,Left,Left,4010,422,296,31,nan,nan,0.00
5/11/2025 0:05:46,1.17.0,PRexp,10,3.91,nan,118,Left,Left,4011,422,296,31,nan,nan,0.16
5/11/2025 0:07:34,1.17.0,PRexp,10,3.91,nan,118,Left,Left,4012,422,296,31,nan,nan,0.15
5/11/2025 0:07:36,1.17.0,PRexp,10,3.91,nan,118,Left,Left,4013,422,296,31,nan,nan,0.33
5/11/2025 0:07:40,1.17.0,PRexp,10,3.91,nan,118,Left,Left,4014,422,296,31,nan,nan,0.03
5/11/2025 0:07:41,1.17.0,PRexp,10,3.91,nan,118,Left,Left,4015,422,296,31,nan,nan,0.00
5/11/2025 0:07:47,1.17.0,PRexp,10,3.91,nan,118,Left,Left,4016,422,296,31,nan,nan,0.00
5/11/2025 0:12:04,1.17.0,PRexp,10,3.91,nan,118,Left,Left,4017,422,296,31,nan,nan,0.04
5/11/2025 0:12:54,1.17.0,PRexp,10,3.91,nan,118,Left,Left,4018,422,296,31,nan,nan,0.20
5/11/2025 0:15:32,1.17.0,PRexp,10,3.91,nan,118,Left,Left,4019,422,296,31,nan,nan,0.06
5/11/2025 0:15:34,1.17.0,PRexp,10,3.91,nan,118,Left,Left,4020,422,296,31,nan,nan,0.37
5/11/2025 0:15:37,1.17.0,PRexp,10,3.91,nan,118,Left,Left,4021,422,296,31,nan,nan,0.23
5/11/2025 0:15:53,1.17.0,PRexp,10,3.91,nan,118,Left,Left,4022,422,296,31,nan,nan,0.12
5/11/2025 0:16:07,1.17.0,PRexp,10,3.91,nan,118,Left,Left,4023,422,296,31,nan,nan,0.11
5/11/2025 0:16:10,1.17.0,PRexp,10,3.91,nan,118,Left,Left,4024,422,296,31,nan,nan,0.03
5/11/2025 0:16:52,1.17.0,PRexp,10,3.91,nan,118,Left,Left,4025,422,296,31,nan,nan,0.07
5/11/2025 0:19:18,1.17.0,PRexp,10,3.91,nan,118,Left,Left,4026,422,296,31,nan,nan,0.17
5/11/2025 0:19:27,1.17.0,PRexp,10,3.91,nan,118,Left,Left,4027,422,296,31,nan,nan,0.11
5/11/2025 0:20:00,1.17.0,PRexp,10,3.91,nan,118,Left,Left,4028,422,296,31,nan,nan,0.03
5/11/2025 0:20:02,1.17.0,PRexp,10,3.91,nan,118,Left,Left,4029,422,296,31,nan,nan,0.08
5/11/2025 0:20:05,1.17.0,PRexp,10,3.91,nan,118,Left,Left,4030,422,296,31,nan,nan,0.45
5/11/2025 0:20:34,1.17.0,PRexp,10,3.91,nan,118,Left,Left,4031,422,296,31,nan,nan,0.10
5/11/2025 0:20:50,1.17.0,PRexp,10,3.91,nan,118,Left,Left,4032,422,296,31,nan,nan,0.49
5/11/2025 0:20:53,1.17.0,PRexp,10,3.91,nan,118,Left,Left,4033,422,296,31,nan,nan,0.16
5/11/2025 0:21:13,1.17.0,PRexp,10,3.91,nan,118,Left,Left,4034,422,296,31,nan,nan,0.50
5/11/2025 0:21:20,1.17.0,PRexp,10,3.91,nan,118,Left,Left,4035,422,296,31,nan,nan,0.00
5/11/2025 0:21:24,1.17.0,PRexp,10,3.91,nan,118,Left,Left,4036,422,296,31,nan,nan,0.03
5/11/2025 0:21:31,1.17.0,PRexp,10,3.91,nan,118,Left,Left,4037,422,296,31,nan,nan,0.00
5/11/2025 0:21:32,1.17.0,PRexp,10,3.91,nan,118,Left,Left,4038,422,296,31,nan,nan,0.11
5/11/2025 0:22:13,1.17.0,PRexp,10,3.91,nan,118,Left,Left,4039,422,296,31,nan,nan,0.37
5/11/2025 0:22:38,1.17.0,PRexp,10,3.91,nan,118,Left,Left,4040,422,296,31,nan,nan,0.42
5/11/2025 0:22:41,1.17.0,PRexp,10,3.91,nan,118,Left,Left,4041,422,296,31,nan,nan,0.27
5/11/2025 0:25:02,1.17.0,PRexp,10,3.91,nan,118,Left,Left,4042,422,296,31,nan,nan,0.40
5/11/2025 0:25:05,1.17.0,PRexp,10,3.91,nan,118,Left,Left,4043,422,296,31,nan,nan,0.45
5/11/2025 0:25:09,1.17.0,PRexp,10,3.91,nan,118,Left,Left,4044,422,296,31,nan,nan,0.27
5/11/2025 0:25:16,1.17.0,PRexp,10,3.91,nan,118,Left,Left,4045,422,296,31,nan,nan,0.26
5/11/2025 0:25:20,1.17.0,PRexp,10,3.91,nan,118,Right,Left,4045,423,296,31,nan,nan,0.26
5/11/2025 0:25:21,1.17.0,PRexp,10,3.91,nan,118,Left,Left,4046,423,296,31,nan,nan,0.00
5/11/2025 0:25:28,1.17.0,PRexp,10,3.91,nan,118,Left,Left,4047,423,296,31,nan,nan,0.46
5/11/2025 0:25:33,1.17.0,PRexp,10,3.91,nan,118,Left,Left,4048,423,296,31,nan,nan,0.21
5/11/2025 0:27:20,1.17.0,PRexp,10,3.91,nan,118,Left,Left,4049,423,296,31,nan,nan,0.11
5/11/2025 0:29:00,1.17.0,PRexp,10,3.91,nan,118,Left,Left,4050,423,296,31,nan,nan,0.08
5/11/2025 0:29:25,1.17.0,PRexp,10,3.91,nan,118,Left,Left,4051,423,296,31,nan,nan,0.27
5/11/2025 0:30:20,1.17.0,PRexp,10,3.91,nan,118,Left,Left,4052,423,296,31,nan,nan,0.08
5/11/2025 0:30:38,1.17.0,PRexp,10,3.91,nan,118,Left,Left,4053,423,296,31,nan,nan,0.00
5/11/2025 0:30:42,1.17.0,PRexp,10,3.91,nan,118,Left,Left,4054,423,296,31,nan,nan,0.04
5/11/2025 0:31:15,1.17.0,PRexp,10,3.91,nan,118,Left,Left,4055,423,296,31,nan,nan,0.25
5/11/2025 0:31:19,1.17.0,PRexp,10,3.91,nan,118,Left,Left,4056,423,296,31,nan,nan,0.54
5/11/2025 0:31:25,1.17.0,PRexp,10,3.91,nan,118,Left,Left,4057,423,296,31,nan,nan,0.04
5/11/2025 0:31:30,1.17.0,PRexp,10,3.91,nan,118,Left,Left,4058,423,296,31,nan,nan,0.07
5/11/2025 0:31:34,1.17.0,PRexp,10,3.91,nan,118,Left,Left,4059,423,296,31,nan,nan,0.11
5/11/2025 0:32:32,1.17.0,PRexp,10,3.91,nan,118,Left,Left,4060,423,296,31,nan,nan,0.24
5/11/2025 0:32:34,1.17.0,PRexp,10,3.91,nan,118,Left,Left,4061,423,296,31,nan,nan,0.44
5/11/2025 0:32:37,1.17.0,PRexp,10,3.91,nan,118,Left,Left,4062,423,296,31,nan,nan,0.80
5/11/2025 0:32:40,1.17.0,PRexp,10,3.91,nan,118,Left,Left,4063,423,296,31,nan,nan,0.38
5/11/2025 0:32:44,1.17.0,PRexp,10,3.91,nan,118,Left,Left,4064,423,296,31,nan,nan,0.37
5/11/2025 0:33:37,1.17.0,PRexp,10,3.91,nan,118,Left,Left,4065,423,296,31,nan,nan,0.04
5/11/2025 0:33:44,1.17.0,PRexp,10,3.91,nan,118,Left,Left,4066,423,296,31,nan,nan,0.00
5/11/2025 0:34:41,1.17.0,PRexp,10,3.91,nan,118,Left,Left,4067,423,296,31,nan,nan,0.34
5/11/2025 0:34:43,1.17.0,PRexp,10,3.91,nan,118,Left,Left,4068,423,296,31,nan,nan,0.36
5/11/2025 0:34:48,1.17.0,PRexp,10,3.91,nan,118,Left,Left,4069,423,296,31,nan,nan,0.07
5/11/2025 0:35:16,1.17.0,PRexp,10,3.91,nan,118,Left,Left,4070,423,296,31,nan,nan,0.21
5/11/2025 0:35:18,1.17.0,PRexp,10,3.91,nan,118,Left,Left,4071,423,296,31,nan,nan,0.25
5/11/2025 0:35:35,1.17.0,PRexp,10,3.91,nan,118,Right,Left,4071,424,296,31,nan,nan,0.17
5/11/2025 0:38:39,1.17.0,PRexp,10,3.91,nan,118,Left,Left,4072,424,296,31,nan,nan,0.08
5/11/2025 0:39:50,1.17.0,PRexp,10,3.91,nan,118,Left,Left,4073,424,296,31,nan,nan,0.08
5/11/2025 0:39:52,1.17.0,PRexp,10,3.91,nan,118,Left,Left,4074,424,296,31,nan,nan,0.21
5/11/2025 0:39:55,1.17.0,PRexp,10,3.91,nan,118,Left,Left,4075,424,296,31,nan,nan,0.31
5/11/2025 0:41:30,1.17.0,PRexp,10,3.91,nan,118,Left,Left,4076,424,296,31,nan,nan,0.13
5/11/2025 0:41:34,1.17.0,PRexp,10,3.91,nan,118,Left,Left,4077,424,296,31,nan,nan,0.08
5/11/2025 0:42:20,1.17.0,PRexp,10,3.91,nan,118,Left,Left,4078,424,296,31,nan,nan,0.33
5/11/2025 0:42:22,1.17.0,PRexp,10,3.91,nan,118,Left,Left,4079,424,296,31,nan,nan,0.41
5/11/2025 0:42:26,1.17.0,PRexp,10,3.91,nan,118,Left,Left,4080,424,296,31,nan,nan,0.45
5/11/2025 0:42:31,1.17.0,PRexp,10,3.91,nan,118,Left,Left,4081,424,296,31,nan,nan,0.49
5/11/2025 0:42:32,1.17.0,PRexp,10,3.91,nan,118,Left,Left,4082,424,296,31,nan,nan,0.00
5/11/2025 0:42:35,1.17.0,PRexp,10,3.91,2,118,Pellet,Left,4082,424,297,32,0.42,3084,nan
5/11/2025 0:43:13,1.17.0,PRexp,10,3.91,nan,131,Left,Left,4083,424,297,32,nan,nan,0.37
5/11/2025 0:43:16,1.17.0,PRexp,10,3.91,nan,131,Left,Left,4084,424,297,32,nan,nan,0.51
5/11/2025 0:43:20,1.17.0,PRexp,10,3.91,nan,131,Left,Left,4085,424,297,32,nan,nan,0.56
5/11/2025 0:43:23,1.17.0,PRexp,10,3.91,nan,131,Left,Left,4086,424,297,32,nan,nan,0.35
5/11/2025 0:43:28,1.17.0,PRexp,10,3.91,nan,131,Left,Left,4087,424,297,32,nan,nan,0.62
5/11/2025 0:43:32,1.17.0,PRexp,10,3.91,nan,131,Left,Left,4088,424,297,32,nan,nan,0.14
5/11/2025 0:43:39,1.17.0,PRexp,10,3.91,nan,131,Left,Left,4089,424,297,32,nan,nan,0.00
5/11/2025 0:44:03,1.17.0,PRexp,10,3.91,nan,131,Left,Left,4090,424,297,32,nan,nan,0.31
5/11/2025 0:44:26,1.17.0,PRexp,10,3.91,nan,131,Left,Left,4091,424,297,32,nan,nan,0.29
5/11/2025 0:44:32,1.17.0,PRexp,10,3.91,nan,131,Left,Left,4092,424,297,32,nan,nan,0.44
5/11/2025 0:45:24,1.17.0,PRexp,10,3.91,nan,131,Left,Left,4093,424,297,32,nan,nan,0.22
5/11/2025 0:46:21,1.17.0,PRexp,10,3.91,nan,131,Left,Left,4094,424,297,32,nan,nan,0.39
5/11/2025 0:46:23,1.17.0,PRexp,10,3.91,nan,131,Left,Left,4095,424,297,32,nan,nan,0.20
5/11/2025 0:47:43,1.17.0,PRexp,10,3.91,nan,131,Left,Left,4096,424,297,32,nan,nan,0.07
5/11/2025 0:49:11,1.17.0,PRexp,10,3.91,nan,131,Left,Left,4097,424,297,32,nan,nan,0.17
5/11/2025 0:49:13,1.17.0,PRexp,10,3.91,nan,131,Left,Left,4098,424,297,32,nan,nan,0.39
5/11/2025 0:49:15,1.17.0,PRexp,10,3.91,nan,131,Left,Left,4099,424,297,32,nan,nan,0.28
5/11/2025 0:49:17,1.17.0,PRexp,10,3.91,nan,131,Left,Left,4100,424,297,32,nan,nan,0.33
5/11/2025 0:49:19,1.17.0,PRexp,10,3.91,nan,131,Left,Left,4101,424,297,32,nan,nan,0.20
5/11/2025 0:49:22,1.17.0,PRexp,10,3.91,nan,131,Left,Left,4102,424,297,32,nan,nan,0.14
5/11/2025 0:49:24,1.17.0,PRexp,10,3.91,nan,131,Left,Left,4103,424,297,32,nan,nan,0.32
5/11/2025 0:49:29,1.17.0,PRexp,10,3.91,nan,131,Left,Left,4104,424,297,32,nan,nan,0.34
5/11/2025 0:49:32,1.17.0,PRexp,10,3.91,nan,131,Left,Left,4105,424,297,32,nan,nan,0.20
5/11/2025 0:49:51,1.17.0,PRexp,10,3.91,nan,131,Left,Left,4106,424,297,32,nan,nan,0.27
5/11/2025 0:50:14,1.17.0,PRexp,10,3.91,nan,131,Left,Left,4107,424,297,32,nan,nan,0.23
5/11/2025 0:51:15,1.17.0,PRexp,10,3.91,nan,131,Left,Left,4108,424,297,32,nan,nan,0.34
5/11/2025 0:51:16,1.17.0,PRexp,10,3.91,nan,131,Left,Left,4109,424,297,32,nan,nan,0.23
5/11/2025 0:51:18,1.17.0,PRexp,10,3.91,nan,131,Left,Left,4110,424,297,32,nan,nan,0.15
5/11/2025 0:51:19,1.17.0,PRexp,10,3.91,nan,131,Left,Left,4111,424,297,32,nan,nan,0.22
5/11/2025 0:51:22,1.17.0,PRexp,10,3.91,nan,131,Left,Left,4112,424,297,32,nan,nan,0.46
5/11/2025 0:51:25,1.17.0,PRexp,10,3.91,nan,131,Left,Left,4113,424,297,32,nan,nan,0.48
5/11/2025 0:51:28,1.17.0,PRexp,10,3.91,nan,131,Left,Left,4114,424,297,32,nan,nan,0.31
5/11/2025 0:51:45,1.17.0,PRexp,10,3.91,nan,131,Left,Left,4115,424,297,32,nan,nan,0.23
5/11/2025 0:52:30,1.17.0,PRexp,10,3.91,nan,131,Right,Left,4115,425,297,32,nan,nan,0.26
5/11/2025 0:52:36,1.17.0,PRexp,10,3.91,nan,131,Right,Left,4115,426,297,32,nan,nan,0.18
5/11/2025 0:52:37,1.17.0,PRexp,10,3.91,nan,131,Left,Left,4116,426,297,32,nan,nan,0.00
5/11/2025 0:52:45,1.17.0,PRexp,10,3.91,nan,131,Left,Left,4117,426,297,32,nan,nan,0.41
5/11/2025 0:52:55,1.17.0,PRexp,10,3.91,nan,131,Left,Left,4118,426,297,32,nan,nan,0.22
5/11/2025 0:52:57,1.17.0,PRexp,10,3.91,nan,131,Left,Left,4119,426,297,32,nan,nan,0.37
5/11/2025 0:55:08,1.17.0,PRexp,10,3.91,nan,131,Left,Left,4120,426,297,32,nan,nan,0.05
5/11/2025 0:55:24,1.17.0,PRexp,10,3.91,nan,131,Left,Left,4121,426,297,32,nan,nan,0.26
5/11/2025 0:55:32,1.17.0,PRexp,10,3.91,nan,131,Left,Left,4122,426,297,32,nan,nan,0.23
5/11/2025 0:55:35,1.17.0,PRexp,10,3.91,nan,131,Left,Left,4123,426,297,32,nan,nan,0.24
5/11/2025 0:58:09,1.17.0,PRexp,10,3.91,nan,131,Left,Left,4124,426,297,32,nan,nan,0.12
5/11/2025 0:58:12,1.17.0,PRexp,10,3.91,nan,131,Left,Left,4125,426,297,32,nan,nan,0.32
5/11/2025 0:58:15,1.17.0,PRexp,10,3.91,nan,131,Left,Left,4126,426,297,32,nan,nan,0.56
5/11/2025 0:59:54,1.17.0,PRexp,10,3.91,nan,131,Left,Left,4127,426,297,32,nan,nan,0.30
5/11/2025 0:59:56,1.17.0,PRexp,10,3.91,nan,131,Left,Left,4128,426,297,32,nan,nan,0.32
5/11/2025 0:59:58,1.17.0,PRexp,10,3.91,nan,131,Left,Left,4129,426,297,32,nan,nan,0.29
5/11/2025 1:00:00,1.17.0,PRexp,10,3.91,nan,131,Left,Left,4130,426,297,32,nan,nan,0.36
5/11/2025 1:00:02,1.17.0,PRexp,10,3.91,nan,131,Left,Left,4131,426,297,32,nan,nan,0.03
5/11/2025 1:00:05,1.17.0,PRexp,10,3.91,nan,131,Left,Left,4132,426,297,32,nan,nan,0.43
5/11/2025 1:00:09,1.17.0,PRexp,10,3.91,nan,131,Left,Left,4133,426,297,32,nan,nan,0.64
5/11/2025 1:00:12,1.17.0,PRexp,10,3.91,nan,131,Left,Left,4134,426,297,32,nan,nan,0.27
5/11/2025 1:00:14,1.17.0,PRexp,10,3.91,nan,131,Left,Left,4135,426,297,32,nan,nan,0.30
5/11/2025 1:05:39,1.17.0,PRexp,10,3.91,nan,131,Left,Left,4136,426,297,32,nan,nan,0.01
5/11/2025 1:05:41,1.17.0,PRexp,10,3.91,nan,131,Left,Left,4137,426,297,32,nan,nan,0.41
5/11/2025 1:05:45,1.17.0,PRexp,10,3.91,nan,131,Left,Left,4138,426,297,32,nan,nan,0.35
5/11/2025 1:05:48,1.17.0,PRexp,10,3.91,nan,131,Left,Left,4139,426,297,32,nan,nan,0.40
5/11/2025 1:05:50,1.17.0,PRexp,10,3.91,nan,131,Left,Left,4140,426,297,32,nan,nan,0.28
5/11/2025 1:05:53,1.17.0,PRexp,10,3.91,nan,131,Left,Left,4141,426,297,32,nan,nan,0.16
5/11/2025 1:06:02,1.17.0,PRexp,10,3.91,nan,131,Left,Left,4142,426,297,32,nan,nan,0.22
5/11/2025 1:06:05,1.17.0,PRexp,10,3.91,nan,131,Left,Left,4143,426,297,32,nan,nan,0.11
5/11/2025 1:06:08,1.17.0,PRexp,10,3.91,nan,131,Left,Left,4144,426,297,32,nan,nan,0.49
5/11/2025 1:12:09,1.17.0,PRexp,10,3.91,nan,131,Left,Left,4145,426,297,32,nan,nan,0.12
5/11/2025 1:12:11,1.17.0,PRexp,10,3.91,nan,131,Left,Left,4146,426,297,32,nan,nan,0.22
5/11/2025 1:12:14,1.17.0,PRexp,10,3.91,nan,131,Left,Left,4147,426,297,32,nan,nan,0.10
5/11/2025 1:12:47,1.17.0,PRexp,10,3.91,nan,131,Left,Left,4148,426,297,32,nan,nan,0.02
5/11/2025 1:13:11,1.17.0,PRexp,10,3.91,nan,131,Left,Left,4149,426,297,32,nan,nan,0.04
5/11/2025 1:13:40,1.17.0,PRexp,10,3.91,nan,131,Left,Left,4150,426,297,32,nan,nan,0.10
5/11/2025 1:14:42,1.17.0,PRexp,10,3.91,nan,131,Left,Left,4151,426,297,32,nan,nan,0.03
5/11/2025 1:14:45,1.17.0,PRexp,10,3.91,nan,131,Left,Left,4152,426,297,32,nan,nan,0.36
5/11/2025 1:14:46,1.17.0,PRexp,10,3.91,nan,131,Left,Left,4153,426,297,32,nan,nan,0.00
5/11/2025 1:14:48,1.17.0,PRexp,10,3.91,nan,131,Left,Left,4154,426,297,32,nan,nan,0.10
5/11/2025 1:14:53,1.17.0,PRexp,10,3.91,nan,131,Left,Left,4155,426,297,32,nan,nan,0.13
5/11/2025 1:14:55,1.17.0,PRexp,10,3.91,nan,131,Left,Left,4156,426,297,32,nan,nan,0.20
5/11/2025 1:15:04,1.17.0,PRexp,10,3.91,nan,131,Left,Left,4157,426,297,32,nan,nan,0.32
5/11/2025 1:15:06,1.17.0,PRexp,10,3.91,nan,131,Left,Left,4158,426,297,32,nan,nan,0.33
5/11/2025 1:15:08,1.17.0,PRexp,10,3.91,nan,131,Left,Left,4159,426,297,32,nan,nan,0.21
5/11/2025 1:15:09,1.17.0,PRexp,10,3.91,nan,131,Left,Left,4160,426,297,32,nan,nan,0.00
5/11/2025 1:15:12,1.17.0,PRexp,10,3.91,nan,131,Left,Left,4161,426,297,32,nan,nan,0.20
5/11/2025 1:15:14,1.17.0,PRexp,10,3.91,nan,131,Left,Left,4162,426,297,32,nan,nan,0.09
5/11/2025 1:20:33,1.17.0,PRexp,10,3.91,nan,131,Left,Left,4163,426,297,32,nan,nan,0.35
5/11/2025 1:20:38,1.17.0,PRexp,10,3.91,nan,131,Left,Left,4164,426,297,32,nan,nan,0.29
5/11/2025 1:20:42,1.17.0,PRexp,10,3.91,nan,131,Left,Left,4165,426,297,32,nan,nan,0.14
5/11/2025 1:20:44,1.17.0,PRexp,10,3.91,nan,131,Left,Left,4166,426,297,32,nan,nan,0.13
5/11/2025 1:20:47,1.17.0,PRexp,10,3.91,nan,131,Left,Left,4167,426,297,32,nan,nan,0.31
5/11/2025 1:20:50,1.17.0,PRexp,10,3.91,nan,131,Left,Left,4168,426,297,32,nan,nan,0.08
5/11/2025 1:20:53,1.17.0,PRexp,10,3.91,nan,131,Left,Left,4169,426,297,32,nan,nan,0.32
5/11/2025 1:20:54,1.17.0,PRexp,10,3.91,nan,131,Left,Left,4170,426,297,32,nan,nan,0.10
5/11/2025 1:21:55,1.17.0,PRexp,10,3.91,nan,131,Left,Left,4171,426,297,32,nan,nan,0.10
5/11/2025 1:21:58,1.17.0,PRexp,10,3.91,nan,131,Left,Left,4172,426,297,32,nan,nan,0.21
5/11/2025 1:22:02,1.17.0,PRexp,10,3.91,nan,131,Left,Left,4173,426,297,32,nan,nan,0.21
5/11/2025 1:22:57,1.17.0,PRexp,10,3.91,nan,131,Right,Left,4173,427,297,32,nan,nan,0.01
5/11/2025 1:22:58,1.17.0,PRexp,10,3.91,nan,131,Left,Left,4174,427,297,32,nan,nan,0.00
5/11/2025 1:23:00,1.17.0,PRexp,10,3.91,nan,131,Left,Left,4175,427,297,32,nan,nan,0.23
5/11/2025 1:25:24,1.17.0,PRexp,10,3.91,nan,131,Left,Left,4176,427,297,32,nan,nan,0.10
5/11/2025 1:25:25,1.17.0,PRexp,10,3.91,nan,131,Left,Left,4177,427,297,32,nan,nan,0.10
5/11/2025 1:26:36,1.17.0,PRexp,10,3.91,nan,131,Left,Left,4178,427,297,32,nan,nan,0.33
5/11/2025 1:26:38,1.17.0,PRexp,10,3.91,nan,131,Left,Left,4179,427,297,32,nan,nan,0.35
5/11/2025 1:26:40,1.17.0,PRexp,10,3.91,nan,131,Left,Left,4180,427,297,32,nan,nan,0.22
5/11/2025 1:27:12,1.17.0,PRexp,10,3.91,nan,131,Left,Left,4181,427,297,32,nan,nan,0.05
5/11/2025 1:27:53,1.17.0,PRexp,10,3.91,nan,131,Left,Left,4182,427,297,32,nan,nan,0.43
5/11/2025 1:27:55,1.17.0,PRexp,10,3.91,nan,131,Left,Left,4183,427,297,32,nan,nan,0.19
5/11/2025 1:28:01,1.17.0,PRexp,10,3.91,nan,131,Left,Left,4184,427,297,32,nan,nan,0.02
5/11/2025 1:28:04,1.17.0,PRexp,10,3.91,nan,131,Left,Left,4185,427,297,32,nan,nan,0.60
5/11/2025 1:28:07,1.17.0,PRexp,10,3.91,nan,131,Left,Left,4186,427,297,32,nan,nan,0.43
5/11/2025 1:28:45,1.17.0,PRexp,10,3.91,nan,131,Left,Left,4187,427,297,32,nan,nan,0.40
5/11/2025 1:28:47,1.17.0,PRexp,10,3.91,nan,131,Left,Left,4188,427,297,32,nan,nan,0.37
5/11/2025 1:28:50,1.17.0,PRexp,10,3.91,nan,131,Left,Left,4189,427,297,32,nan,nan,0.26
5/11/2025 1:28:52,1.17.0,PRexp,10,3.91,nan,131,Left,Left,4190,427,297,32,nan,nan,0.16
5/11/2025 1:28:54,1.17.0,PRexp,10,3.91,nan,131,Left,Left,4191,427,297,32,nan,nan,0.47
5/11/2025 1:29:44,1.17.0,PRexp,10,3.91,nan,131,Left,Left,4192,427,297,32,nan,nan,0.24
5/11/2025 1:37:09,1.17.0,PRexp,10,3.91,nan,131,Left,Left,4193,427,297,32,nan,nan,0.34
5/11/2025 1:37:13,1.17.0,PRexp,10,3.91,nan,131,Left,Left,4194,427,297,32,nan,nan,0.11
5/11/2025 1:37:25,1.17.0,PRexp,10,3.91,nan,131,Left,Left,4195,427,297,32,nan,nan,0.08
5/11/2025 1:37:40,1.17.0,PRexp,10,3.91,nan,131,Left,Left,4196,427,297,32,nan,nan,0.22
5/11/2025 1:37:46,1.17.0,PRexp,10,3.91,nan,131,Left,Left,4197,427,297,32,nan,nan,0.09
5/11/2025 1:37:54,1.17.0,PRexp,10,3.91,nan,131,Left,Left,4198,427,297,32,nan,nan,0.22
5/11/2025 1:38:03,1.17.0,PRexp,10,3.91,nan,131,Left,Left,4199,427,297,32,nan,nan,0.09
5/11/2025 1:38:06,1.17.0,PRexp,10,3.91,nan,131,Left,Left,4200,427,297,32,nan,nan,0.50
5/11/2025 1:38:19,1.17.0,PRexp,10,3.90,nan,131,Left,Left,4201,427,297,32,nan,nan,0.50
5/11/2025 1:38:22,1.17.0,PRexp,10,3.91,nan,131,Left,Left,4202,427,297,32,nan,nan,0.57
5/11/2025 1:38:27,1.17.0,PRexp,10,3.91,nan,131,Left,Left,4203,427,297,32,nan,nan,0.41
5/11/2025 1:38:48,1.17.0,PRexp,10,3.91,nan,131,Left,Left,4204,427,297,32,nan,nan,0.31
5/11/2025 1:38:50,1.17.0,PRexp,10,3.91,nan,131,Left,Left,4205,427,297,32,nan,nan,0.26
5/11/2025 1:38:56,1.17.0,PRexp,10,3.91,nan,131,Left,Left,4206,427,297,32,nan,nan,0.58
5/11/2025 1:38:59,1.17.0,PRexp,10,3.91,nan,131,Left,Left,4207,427,297,32,nan,nan,0.38
5/11/2025 1:39:02,1.17.0,PRexp,10,3.90,nan,131,Left,Left,4208,427,297,32,nan,nan,0.66
5/11/2025 1:39:05,1.17.0,PRexp,10,3.91,nan,131,Left,Left,4209,427,297,32,nan,nan,0.23
5/11/2025 1:39:11,1.17.0,PRexp,10,3.91,nan,131,Left,Left,4210,427,297,32,nan,nan,0.26
5/11/2025 1:39:13,1.17.0,PRexp,10,3.91,nan,131,Left,Left,4211,427,297,32,nan,nan,0.39
5/11/2025 1:39:17,1.17.0,PRexp,10,3.91,nan,131,Left,Left,4212,427,297,32,nan,nan,0.07
5/11/2025 1:39:21,1.17.0,PRexp,10,3.91,nan,131,Left,Left,4213,427,297,32,nan,nan,0.30
5/11/2025 1:39:24,1.17.0,PRexp,10,3.91,2,131,Pellet,Left,4213,427,298,33,0.06,3409,nan
5/11/2025 1:39:42,1.17.0,PRexp,10,3.91,nan,145,Left,Left,4214,427,298,33,nan,nan,0.35
5/11/2025 1:39:49,1.17.0,PRexp,10,3.91,nan,145,Left,Left,4215,427,298,33,nan,nan,0.00
5/11/2025 1:39:53,1.17.0,PRexp,10,3.91,nan,145,Left,Left,4216,427,298,33,nan,nan,0.62
5/11/2025 1:39:56,1.17.0,PRexp,10,3.91,nan,145,Left,Left,4217,427,298,33,nan,nan,0.18
5/11/2025 1:40:00,1.17.0,PRexp,10,3.91,nan,145,Left,Left,4218,427,298,33,nan,nan,0.46
5/11/2025 1:40:03,1.17.0,PRexp,10,3.91,nan,145,Left,Left,4219,427,298,33,nan,nan,0.39
5/11/2025 1:40:10,1.17.0,PRexp,10,3.91,nan,145,Left,Left,4220,427,298,33,nan,nan,0.59
5/11/2025 1:40:14,1.17.0,PRexp,10,3.91,nan,145,Left,Left,4221,427,298,33,nan,nan,0.40
5/11/2025 1:40:20,1.17.0,PRexp,10,3.91,nan,145,Left,Left,4222,427,298,33,nan,nan,0.97
5/11/2025 1:40:23,1.17.0,PRexp,10,3.91,nan,145,Left,Left,4223,427,298,33,nan,nan,1.10
5/11/2025 1:40:27,1.17.0,PRexp,10,3.91,nan,145,Left,Left,4224,427,298,33,nan,nan,0.65
5/11/2025 1:40:31,1.17.0,PRexp,10,3.91,nan,145,Left,Left,4225,427,298,33,nan,nan,0.67
5/11/2025 1:40:36,1.17.0,PRexp,10,3.91,nan,145,Left,Left,4226,427,298,33,nan,nan,0.34
5/11/2025 2:22:59,1.17.0,PRexp,10,3.91,nan,1,Left,Left,4227,427,298,0,nan,nan,0.09
5/11/2025 2:23:02,1.17.0,PRexp,10,3.91,2,1,Pellet,Left,4227,427,299,1,0.12,2618,nan
5/11/2025 2:23:35,1.17.0,PRexp,10,3.91,nan,1,Left,Left,4228,427,299,1,nan,nan,0.01
5/11/2025 2:23:54,1.17.0,PRexp,10,3.91,3,1,Pellet,Left,4228,427,300,2,13.86,52,nan
5/11/2025 2:24:25,1.17.0,PRexp,10,3.91,nan,2,Left,Left,4229,427,300,2,nan,nan,0.04
5/11/2025 2:24:28,1.17.0,PRexp,10,3.91,nan,2,Left,Left,4230,427,300,2,nan,nan,0.52
5/11/2025 2:24:44,1.17.0,PRexp,10,3.91,4,2,Pellet,Left,4230,427,301,3,9.78,50,nan
5/11/2025 2:25:13,1.17.0,PRexp,10,3.90,nan,2,Left,Left,4231,427,301,3,nan,nan,0.05
5/11/2025 2:25:16,1.17.0,PRexp,10,3.90,nan,2,Left,Left,4232,427,301,3,nan,nan,0.09
5/11/2025 2:25:20,1.17.0,PRexp,10,3.91,2,2,Pellet,Left,4232,427,302,4,0.18,36,nan
5/11/2025 2:25:54,1.17.0,PRexp,10,3.91,nan,3,Left,Left,4233,427,302,4,nan,nan,0.04
5/11/2025 2:25:56,1.17.0,PRexp,10,3.91,nan,3,Left,Left,4234,427,302,4,nan,nan,0.11
5/11/2025 2:25:58,1.17.0,PRexp,10,3.91,nan,3,Left,Left,4235,427,302,4,nan,nan,0.32
5/11/2025 2:26:01,1.17.0,PRexp,10,3.91,2,3,Pellet,Left,4235,427,303,5,0.06,41,nan
5/11/2025 2:26:34,1.17.0,PRexp,10,3.91,nan,4,Left,Left,4236,427,303,5,nan,nan,0.25
5/11/2025 2:26:38,1.17.0,PRexp,10,3.91,nan,4,Left,Left,4237,427,303,5,nan,nan,0.05
5/11/2025 2:26:40,1.17.0,PRexp,10,3.91,nan,4,Left,Left,4238,427,303,5,nan,nan,0.42
5/11/2025 2:26:44,1.17.0,PRexp,10,3.91,nan,4,Left,Left,4239,427,303,5,nan,nan,0.45
5/11/2025 2:26:46,1.17.0,PRexp,10,3.90,2,4,Pellet,Left,4239,427,304,6,0.18,45,nan
5/11/2025 2:27:20,1.17.0,PRexp,10,3.91,nan,5,Left,Left,4240,427,304,6,nan,nan,0.16
5/11/2025 2:27:23,1.17.0,PRexp,10,3.91,nan,5,Left,Left,4241,427,304,6,nan,nan,0.22
5/11/2025 2:27:26,1.17.0,PRexp,10,3.91,nan,5,Left,Left,4242,427,304,6,nan,nan,0.40
5/11/2025 2:27:32,1.17.0,PRexp,10,3.91,nan,5,Left,Left,4243,427,304,6,nan,nan,0.16
5/11/2025 2:27:34,1.17.0,PRexp,10,3.91,nan,5,Left,Left,4244,427,304,6,nan,nan,0.49
5/11/2025 2:27:39,1.17.0,PRexp,10,3.90,3,5,Pellet,Left,4244,427,305,7,0.24,53,nan
5/11/2025 2:28:12,1.17.0,PRexp,10,3.91,nan,6,Left,Left,4245,427,305,7,nan,nan,0.07
5/11/2025 2:28:16,1.17.0,PRexp,10,3.91,nan,6,Left,Left,4246,427,305,7,nan,nan,0.19
5/11/2025 2:28:20,1.17.0,PRexp,10,3.91,nan,6,Left,Left,4247,427,305,7,nan,nan,0.76
5/11/2025 2:28:23,1.17.0,PRexp,10,3.91,nan,6,Left,Left,4248,427,305,7,nan,nan,0.61
5/11/2025 2:28:27,1.17.0,PRexp,10,3.91,nan,6,Left,Left,4249,427,305,7,nan,nan,0.71
5/11/2025 2:28:31,1.17.0,PRexp,10,3.91,nan,6,Left,Left,4250,427,305,7,nan,nan,1.64
5/11/2025 2:28:56,1.17.0,PRexp,10,3.91,3,6,Pellet,Left,4250,427,306,8,19.79,77,nan
5/11/2025 2:29:24,1.17.0,PRexp,10,3.91,nan,7,Left,Left,4251,427,306,8,nan,nan,0.19
5/11/2025 2:29:27,1.17.0,PRexp,10,3.91,nan,7,Left,Left,4252,427,306,8,nan,nan,0.35
5/11/2025 2:29:30,1.17.0,PRexp,10,3.91,nan,7,Left,Left,4253,427,306,8,nan,nan,0.37
5/11/2025 2:29:33,1.17.0,PRexp,10,3.91,nan,7,Left,Left,4254,427,306,8,nan,nan,0.65
5/11/2025 2:29:35,1.17.0,PRexp,10,3.91,nan,7,Left,Left,4255,427,306,8,nan,nan,0.60
5/11/2025 2:29:39,1.17.0,PRexp,10,3.91,nan,7,Left,Left,4256,427,306,8,nan,nan,0.47
5/11/2025 2:29:41,1.17.0,PRexp,10,3.91,nan,7,Left,Left,4257,427,306,8,nan,nan,0.55
5/11/2025 2:29:59,1.17.0,PRexp,10,3.91,4,7,Pellet,Left,4257,427,307,9,9.48,63,nan
5/11/2025 2:30:30,1.17.0,PRexp,10,3.91,nan,9,Left,Left,4258,427,307,9,nan,nan,0.06
5/11/2025 2:30:34,1.17.0,PRexp,10,3.91,nan,9,Left,Left,4259,427,307,9,nan,nan,0.51
5/11/2025 2:30:39,1.17.0,PRexp,10,3.91,nan,9,Left,Left,4260,427,307,9,nan,nan,0.37
5/11/2025 2:30:43,1.17.0,PRexp,10,3.90,nan,9,Left,Left,4261,427,307,9,nan,nan,0.37
5/11/2025 2:30:46,1.17.0,PRexp,10,3.91,nan,9,Left,Left,4262,427,307,9,nan,nan,0.61
5/11/2025 2:30:49,1.17.0,PRexp,10,3.91,nan,9,Left,Left,4263,427,307,9,nan,nan,0.73
5/11/2025 2:30:51,1.17.0,PRexp,10,3.91,nan,9,Left,Left,4264,427,307,9,nan,nan,0.33
5/11/2025 2:30:56,1.17.0,PRexp,10,3.91,nan,9,Left,Left,4265,427,307,9,nan,nan,1.11
5/11/2025 2:30:57,1.17.0,PRexp,10,3.91,nan,9,Left,Left,4266,427,307,9,nan,nan,0.00
5/11/2025 2:31:13,1.17.0,PRexp,10,3.91,3,9,Pellet,Left,4266,427,308,10,12.01,74,nan
5/11/2025 2:31:59,1.17.0,PRexp,10,3.91,nan,10,Left,Left,4267,427,308,10,nan,nan,0.19
5/11/2025 2:32:05,1.17.0,PRexp,10,3.91,nan,10,Right,Left,4267,428,308,10,nan,nan,0.20
5/11/2025 2:32:07,1.17.0,PRexp,10,3.91,nan,10,Left,Left,4268,428,308,10,nan,nan,0.22
5/11/2025 2:32:11,1.17.0,PRexp,10,3.91,nan,10,Left,Left,4269,428,308,10,nan,nan,0.14
5/11/2025 2:32:15,1.17.0,PRexp,10,3.91,nan,10,Left,Left,4270,428,308,10,nan,nan,0.75
5/11/2025 2:32:18,1.17.0,PRexp,10,3.91,nan,10,Left,Left,4271,428,308,10,nan,nan,0.64
5/11/2025 2:32:21,1.17.0,PRexp,10,3.91,nan,10,Left,Left,4272,428,308,10,nan,nan,0.10
5/11/2025 2:32:26,1.17.0,PRexp,10,3.91,nan,10,Left,Left,4273,428,308,10,nan,nan,0.03
5/11/2025 2:36:43,1.17.0,PRexp,10,3.91,nan,10,Right,Left,4273,429,308,10,nan,nan,0.06
5/11/2025 2:36:44,1.17.0,PRexp,10,3.91,nan,10,Left,Left,4274,429,308,10,nan,nan,0.36
5/11/2025 2:36:48,1.17.0,PRexp,10,3.91,nan,10,Left,Left,4275,429,308,10,nan,nan,0.07
5/11/2025 2:46:58,1.17.0,PRexp,10,3.90,nan,10,Left,Left,4276,429,308,10,nan,nan,0.09
5/11/2025 2:47:01,1.17.0,PRexp,10,3.91,2,10,Pellet,Left,4276,429,309,11,0.42,948,nan
5/11/2025 2:47:33,1.17.0,PRexp,10,3.91,nan,12,Left,Left,4277,429,309,11,nan,nan,0.07
5/11/2025 2:47:47,1.17.0,PRexp,10,3.91,nan,12,Left,Left,4278,429,309,11,nan,nan,0.23
5/11/2025 2:47:52,1.17.0,PRexp,10,3.91,nan,12,Left,Left,4279,429,309,11,nan,nan,0.58
5/11/2025 2:47:57,1.17.0,PRexp,10,3.90,nan,12,Left,Left,4280,429,309,11,nan,nan,0.24
5/11/2025 2:47:59,1.17.0,PRexp,10,3.91,nan,12,Left,Left,4281,429,309,11,nan,nan,0.00
5/11/2025 3:17:41,1.17.0,PRexp,10,3.91,nan,12,Left,Left,4282,429,309,11,nan,nan,0.16
5/11/2025 3:17:46,1.17.0,PRexp,10,3.91,nan,12,Left,Left,4283,429,309,11,nan,nan,0.49
5/11/2025 3:17:55,1.17.0,PRexp,10,3.91,nan,12,Left,Left,4284,429,309,11,nan,nan,0.92
5/11/2025 3:17:57,1.17.0,PRexp,10,3.91,nan,12,Left,Left,4285,429,309,11,nan,nan,0.48
5/11/2025 3:18:00,1.17.0,PRexp,10,3.91,nan,12,Left,Left,4286,429,309,11,nan,nan,0.37
5/11/2025 3:18:03,1.17.0,PRexp,10,3.91,nan,12,Left,Left,4287,429,309,11,nan,nan,0.26
5/11/2025 3:18:05,1.17.0,PRexp,10,3.91,nan,12,Left,Left,4288,429,309,11,nan,nan,0.23
5/11/2025 3:18:12,1.17.0,PRexp,10,3.91,4,12,Pellet,Left,4288,429,310,12,0.06,1871,nan
5/11/2025 3:33:02,1.17.0,PRexp,10,3.91,nan,13,Left,Left,4289,429,310,12,nan,nan,1.16
5/11/2025 3:33:05,1.17.0,PRexp,10,3.91,nan,13,Left,Left,4290,429,310,12,nan,nan,0.35
5/11/2025 3:33:08,1.17.0,PRexp,10,3.91,nan,13,Left,Left,4291,429,310,12,nan,nan,0.28
5/11/2025 3:33:11,1.17.0,PRexp,10,3.91,nan,13,Left,Left,4292,429,310,12,nan,nan,0.42
5/11/2025 3:33:14,1.17.0,PRexp,10,3.91,nan,13,Left,Left,4293,429,310,12,nan,nan,0.21
5/11/2025 3:33:16,1.17.0,PRexp,10,3.90,nan,13,Left,Left,4294,429,310,12,nan,nan,0.32
5/11/2025 3:33:19,1.17.0,PRexp,10,3.91,nan,13,Left,Left,4295,429,310,12,nan,nan,0.02
5/11/2025 3:33:20,1.17.0,PRexp,10,3.91,nan,13,Left,Left,4296,429,310,12,nan,nan,0.00
5/11/2025 3:33:22,1.17.0,PRexp,10,3.91,nan,13,Left,Left,4297,429,310,12,nan,nan,0.00
5/11/2025 3:33:26,1.17.0,PRexp,10,3.91,nan,13,Left,Left,4298,429,310,12,nan,nan,0.12
5/11/2025 3:53:24,1.17.0,PRexp,10,3.91,nan,13,Left,Left,4299,429,310,12,nan,nan,0.08
5/11/2025 3:53:28,1.17.0,PRexp,10,3.91,nan,13,Left,Left,4300,429,310,12,nan,nan,0.33
5/11/2025 3:53:31,1.17.0,PRexp,10,3.90,nan,13,Left,Left,4301,429,310,12,nan,nan,0.31
5/11/2025 3:53:35,1.17.0,PRexp,10,3.91,2,13,Pellet,Left,4301,429,311,13,0.18,2123,nan
5/11/2025 3:54:21,1.17.0,PRexp,10,3.90,nan,15,Left,Left,4302,429,311,13,nan,nan,0.08
5/11/2025 3:54:22,1.17.0,PRexp,10,3.91,nan,15,Left,Left,4303,429,311,13,nan,nan,0.00
5/11/2025 3:54:28,1.17.0,PRexp,10,3.91,nan,15,Left,Left,4304,429,311,13,nan,nan,0.08
5/11/2025 3:54:32,1.17.0,PRexp,10,3.91,nan,15,Left,Left,4305,429,311,13,nan,nan,1.15
5/11/2025 3:54:33,1.17.0,PRexp,10,3.91,nan,15,Left,Left,4306,429,311,13,nan,nan,0.00
5/11/2025 3:54:35,1.17.0,PRexp,10,3.91,nan,15,Left,Left,4307,429,311,13,nan,nan,0.41
5/11/2025 3:54:37,1.17.0,PRexp,10,3.91,nan,15,Left,Left,4308,429,311,13,nan,nan,0.34
5/11/2025 3:54:41,1.17.0,PRexp,10,3.91,nan,15,Left,Left,4309,429,311,13,nan,nan,0.21
5/11/2025 3:54:43,1.17.0,PRexp,10,3.91,nan,15,Left,Left,4310,429,311,13,nan,nan,0.66
5/11/2025 3:54:44,1.17.0,PRexp,10,3.91,nan,15,Left,Left,4311,429,311,13,nan,nan,0.00
5/11/2025 3:54:48,1.17.0,PRexp,10,3.91,nan,15,Left,Left,4312,429,311,13,nan,nan,1.01
5/11/2025 3:54:51,1.17.0,PRexp,10,3.91,nan,15,Left,Left,4313,429,311,13,nan,nan,0.33
5/11/2025 3:54:52,1.17.0,PRexp,10,3.91,nan,15,Left,Left,4314,429,311,13,nan,nan,0.00
5/11/2025 3:54:54,1.17.0,PRexp,10,3.90,nan,15,Left,Left,4315,429,311,13,nan,nan,0.55
5/11/2025 3:54:57,1.17.0,PRexp,10,3.90,nan,15,Left,Left,4316,429,311,13,nan,nan,0.45
5/11/2025 3:55:19,1.17.0,PRexp,10,3.91,4,15,Pellet,Left,4316,429,312,14,15.08,104,nan
5/11/2025 3:56:47,1.17.0,PRexp,10,3.90,nan,17,Left,Left,4317,429,312,14,nan,nan,0.38
5/11/2025 3:56:49,1.17.0,PRexp,10,3.91,nan,17,Left,Left,4318,429,312,14,nan,nan,0.25
5/11/2025 3:57:36,1.17.0,PRexp,10,3.91,nan,17,Left,Left,4319,429,312,14,nan,nan,0.37
5/11/2025 3:57:45,1.17.0,PRexp,10,3.91,nan,17,Left,Left,4320,429,312,14,nan,nan,0.41
5/11/2025 3:58:54,1.17.0,PRexp,10,3.91,nan,17,Left,Left,4321,429,312,14,nan,nan,0.16
5/11/2025 3:59:20,1.17.0,PRexp,10,3.90,nan,17,Left,Left,4322,429,312,14,nan,nan,0.10
5/11/2025 3:59:22,1.17.0,PRexp,10,3.91,nan,17,Left,Left,4323,429,312,14,nan,nan,0.23
5/11/2025 4:00:17,1.17.0,PRexp,10,3.91,nan,17,Left,Left,4324,429,312,14,nan,nan,0.08
5/11/2025 4:00:23,1.17.0,PRexp,10,3.90,nan,17,Left,Left,4325,429,312,14,nan,nan,0.00
5/11/2025 4:00:25,1.17.0,PRexp,10,3.91,nan,17,Left,Left,4326,429,312,14,nan,nan,0.22
5/11/2025 4:00:28,1.17.0,PRexp,10,3.91,nan,17,Left,Left,4327,429,312,14,nan,nan,0.28
5/11/2025 4:00:41,1.17.0,PRexp,10,3.90,nan,17,Left,Left,4328,429,312,14,nan,nan,0.00
5/11/2025 4:00:48,1.17.0,PRexp,10,3.91,nan,17,Left,Left,4329,429,312,14,nan,nan,0.00
5/11/2025 4:00:56,1.17.0,PRexp,10,3.91,nan,17,Right,Left,4329,430,312,14,nan,nan,0.24
5/11/2025 4:00:57,1.17.0,PRexp,10,3.90,nan,17,Left,Left,4330,430,312,14,nan,nan,0.00
5/11/2025 4:01:33,1.17.0,PRexp,10,3.90,nan,17,Left,Left,4331,430,312,14,nan,nan,0.15
5/11/2025 4:01:34,1.17.0,PRexp,10,3.90,nan,17,Left,Left,4332,430,312,14,nan,nan,0.23
5/11/2025 4:01:36,1.17.0,PRexp,10,3.91,nan,17,Left,Left,4333,430,312,14,nan,nan,0.34
5/11/2025 4:01:39,1.17.0,PRexp,10,3.90,2,17,Pellet,Left,4333,430,313,15,0.55,380,nan
5/11/2025 4:02:55,1.17.0,PRexp,10,3.90,nan,20,Left,Left,4334,430,313,15,nan,nan,0.04
5/11/2025 4:02:57,1.17.0,PRexp,10,3.91,nan,20,Left,Left,4335,430,313,15,nan,nan,0.08
5/11/2025 4:03:03,1.17.0,PRexp,10,3.91,nan,20,Left,Left,4336,430,313,15,nan,nan,0.12
5/11/2025 4:03:07,1.17.0,PRexp,10,3.90,nan,20,Left,Left,4337,430,313,15,nan,nan,0.35
5/11/2025 4:03:11,1.17.0,PRexp,10,3.91,nan,20,Left,Left,4338,430,313,15,nan,nan,0.47
5/11/2025 4:03:13,1.17.0,PRexp,10,3.90,nan,20,Left,Left,4339,430,313,15,nan,nan,0.14
5/11/2025 4:03:16,1.17.0,PRexp,10,3.91,nan,20,Left,Left,4340,430,313,15,nan,nan,0.32
5/11/2025 4:03:20,1.17.0,PRexp,10,3.90,nan,20,Left,Left,4341,430,313,15,nan,nan,0.11
5/11/2025 4:03:23,1.17.0,PRexp,10,3.90,nan,20,Left,Left,4342,430,313,15,nan,nan,0.25
5/11/2025 4:04:27,1.17.0,PRexp,10,3.91,nan,20,Left,Left,4343,430,313,15,nan,nan,0.10
5/11/2025 4:05:15,1.17.0,PRexp,10,3.91,nan,20,Left,Left,4344,430,313,15,nan,nan,0.26
5/11/2025 4:05:18,1.17.0,PRexp,10,3.90,nan,20,Left,Left,4345,430,313,15,nan,nan,0.18
5/11/2025 4:05:21,1.17.0,PRexp,10,3.91,nan,20,Left,Left,4346,430,313,15,nan,nan,0.13
5/11/2025 4:05:24,1.17.0,PRexp,10,3.90,nan,20,Left,Left,4347,430,313,15,nan,nan,0.49
5/11/2025 4:05:29,1.17.0,PRexp,10,3.91,nan,20,Left,Left,4348,430,313,15,nan,nan,0.35
5/11/2025 4:05:31,1.17.0,PRexp,10,3.91,nan,20,Right,Left,4348,431,313,15,nan,nan,0.07
5/11/2025 4:06:23,1.17.0,PRexp,10,3.91,nan,20,Left,Left,4349,431,313,15,nan,nan,0.13
5/11/2025 4:06:58,1.17.0,PRexp,10,3.90,nan,20,Left,Left,4350,431,313,15,nan,nan,0.04
5/11/2025 4:07:00,1.17.0,PRexp,10,3.90,nan,20,Left,Left,4351,431,313,15,nan,nan,0.30
5/11/2025 4:07:03,1.17.0,PRexp,10,3.91,nan,20,Left,Left,4352,431,313,15,nan,nan,0.31
5/11/2025 4:07:05,1.17.0,PRexp,10,3.90,nan,20,Left,Left,4353,431,313,15,nan,nan,0.13
5/11/2025 4:07:10,1.17.0,PRexp,10,3.91,2,20,Pellet,Left,4353,431,314,16,0.18,331,nan
5/11/2025 4:09:05,1.17.0,PRexp,10,3.91,nan,22,Left,Left,4354,431,314,16,nan,nan,0.23
5/11/2025 4:09:07,1.17.0,PRexp,10,3.91,nan,22,Left,Left,4355,431,314,16,nan,nan,0.12
5/11/2025 4:09:10,1.17.0,PRexp,10,3.90,nan,22,Left,Left,4356,431,314,16,nan,nan,0.40
5/11/2025 4:09:11,1.17.0,PRexp,10,3.90,nan,22,Left,Left,4357,431,314,16,nan,nan,0.21
5/11/2025 4:09:14,1.17.0,PRexp,10,3.91,nan,22,Left,Left,4358,431,314,16,nan,nan,0.13
5/11/2025 4:09:16,1.17.0,PRexp,10,3.90,nan,22,Left,Left,4359,431,314,16,nan,nan,0.39
5/11/2025 4:09:19,1.17.0,PRexp,10,3.90,nan,22,Left,Left,4360,431,314,16,nan,nan,0.35
5/11/2025 4:09:22,1.17.0,PRexp,10,3.91,nan,22,Left,Left,4361,431,314,16,nan,nan,0.55
5/11/2025 4:09:25,1.17.0,PRexp,10,3.91,nan,22,Left,Left,4362,431,314,16,nan,nan,0.17
5/11/2025 4:09:29,1.17.0,PRexp,10,3.90,nan,22,Left,Left,4363,431,314,16,nan,nan,0.25
5/11/2025 4:09:57,1.17.0,PRexp,10,3.91,nan,22,Left,Left,4364,431,314,16,nan,nan,0.26
5/11/2025 4:09:59,1.17.0,PRexp,10,3.91,nan,22,Left,Left,4365,431,314,16,nan,nan,0.11
5/11/2025 4:10:01,1.17.0,PRexp,10,3.91,nan,22,Left,Left,4366,431,314,16,nan,nan,0.21
5/11/2025 4:10:05,1.17.0,PRexp,10,3.91,nan,22,Left,Left,4367,431,314,16,nan,nan,0.14
5/11/2025 4:14:12,1.17.0,PRexp,10,3.91,nan,22,Left,Left,4368,431,314,16,nan,nan,0.06
5/11/2025 4:14:14,1.17.0,PRexp,10,3.91,nan,22,Left,Left,4369,431,314,16,nan,nan,0.08
5/11/2025 4:14:30,1.17.0,PRexp,10,3.90,nan,22,Left,Left,4370,431,314,16,nan,nan,0.10
5/11/2025 4:14:31,1.17.0,PRexp,10,3.90,nan,22,Left,Left,4371,431,314,16,nan,nan,0.12
5/11/2025 4:14:33,1.17.0,PRexp,10,3.91,nan,22,Left,Left,4372,431,314,16,nan,nan,0.12
5/11/2025 4:14:35,1.17.0,PRexp,10,3.91,nan,22,Left,Left,4373,431,314,16,nan,nan,0.05
5/11/2025 4:14:39,1.17.0,PRexp,10,3.90,nan,22,Left,Left,4374,431,314,16,nan,nan,0.30
5/11/2025 4:14:59,1.17.0,PRexp,10,3.90,nan,22,Left,Left,4375,431,314,16,nan,nan,0.11
5/11/2025 4:15:02,1.17.0,PRexp,10,3.91,2,22,Pellet,Left,4375,431,315,17,0.12,472,nan
5/11/2025 4:15:29,1.17.0,PRexp,10,3.90,nan,25,Left,Left,4376,431,315,17,nan,nan,0.10
5/11/2025 4:15:31,1.17.0,PRexp,10,3.90,nan,25,Left,Left,4377,431,315,17,nan,nan,0.31
5/11/2025 4:15:35,1.17.0,PRexp,10,3.91,nan,25,Left,Left,4378,431,315,17,nan,nan,0.03
5/11/2025 4:15:37,1.17.0,PRexp,10,3.91,nan,25,Left,Left,4379,431,315,17,nan,nan,0.42
5/11/2025 4:15:40,1.17.0,PRexp,10,3.91,nan,25,Left,Left,4380,431,315,17,nan,nan,0.40
5/11/2025 4:15:43,1.17.0,PRexp,10,3.91,nan,25,Left,Left,4381,431,315,17,nan,nan,0.23
5/11/2025 4:15:44,1.17.0,PRexp,10,3.90,nan,25,Left,Left,4382,431,315,17,nan,nan,0.50
5/11/2025 4:15:46,1.17.0,PRexp,10,3.91,nan,25,Left,Left,4383,431,315,17,nan,nan,0.51
5/11/2025 4:15:47,1.17.0,PRexp,10,3.90,nan,25,Left,Left,4384,431,315,17,nan,nan,0.00
5/11/2025 4:15:50,1.17.0,PRexp,10,3.90,nan,25,Left,Left,4385,431,315,17,nan,nan,0.36
5/11/2025 4:15:52,1.17.0,PRexp,10,3.90,nan,25,Left,Left,4386,431,315,17,nan,nan,0.56
5/11/2025 4:15:54,1.17.0,PRexp,10,3.91,nan,25,Left,Left,4387,431,315,17,nan,nan,0.32
5/11/2025 4:15:58,1.17.0,PRexp,10,3.91,nan,25,Left,Left,4388,431,315,17,nan,nan,0.52
5/11/2025 4:16:00,1.17.0,PRexp,10,3.90,nan,25,Left,Left,4389,431,315,17,nan,nan,0.29
5/11/2025 4:16:02,1.17.0,PRexp,10,3.90,nan,25,Left,Left,4390,431,315,17,nan,nan,0.17
5/11/2025 4:16:05,1.17.0,PRexp,10,3.90,nan,25,Right,Left,4390,432,315,17,nan,nan,0.38
5/11/2025 4:16:06,1.17.0,PRexp,10,3.91,nan,25,Left,Left,4391,432,315,17,nan,nan,0.30
5/11/2025 4:16:10,1.17.0,PRexp,10,3.91,nan,25,Left,Left,4392,432,315,17,nan,nan,0.32
5/11/2025 4:16:13,1.17.0,PRexp,10,3.91,nan,25,Left,Left,4393,432,315,17,nan,nan,0.38
5/11/2025 4:16:15,1.17.0,PRexp,10,3.90,nan,25,Left,Left,4394,432,315,17,nan,nan,0.70
5/11/2025 4:16:18,1.17.0,PRexp,10,3.90,nan,25,Left,Left,4395,432,315,17,nan,nan,0.49
5/11/2025 4:16:20,1.17.0,PRexp,10,3.91,nan,25,Left,Left,4396,432,315,17,nan,nan,0.35
5/11/2025 4:20:27,1.17.0,PRexp,10,3.90,nan,25,Left,Left,4397,432,315,17,nan,nan,0.28
5/11/2025 4:21:29,1.17.0,PRexp,10,3.91,nan,25,Left,Left,4398,432,315,17,nan,nan,0.19
5/11/2025 4:23:26,1.17.0,PRexp,10,3.90,nan,25,Right,Left,4398,433,315,17,nan,nan,0.14
5/11/2025 4:23:30,1.17.0,PRexp,10,3.91,nan,25,Left,Left,4399,433,315,17,nan,nan,0.04
5/11/2025 4:23:31,1.17.0,PRexp,10,3.90,nan,25,Left,Left,4400,433,315,17,nan,nan,0.17
5/11/2025 4:23:36,1.17.0,PRexp,10,3.90,3,25,Pellet,Left,4400,433,316,18,0.06,514,nan
5/11/2025 4:24:02,1.17.0,PRexp,10,3.90,nan,28,Left,Left,4401,433,316,18,nan,nan,0.47
5/11/2025 4:24:04,1.17.0,PRexp,10,3.91,nan,28,Left,Left,4402,433,316,18,nan,nan,0.15
5/11/2025 4:24:05,1.17.0,PRexp,10,3.91,nan,28,Left,Left,4403,433,316,18,nan,nan,0.23
5/11/2025 4:24:08,1.17.0,PRexp,10,3.90,nan,28,Left,Left,4404,433,316,18,nan,nan,0.32
5/11/2025 4:24:10,1.17.0,PRexp,10,3.91,nan,28,Left,Left,4405,433,316,18,nan,nan,0.17
5/11/2025 4:24:14,1.17.0,PRexp,10,3.90,nan,28,Left,Left,4406,433,316,18,nan,nan,0.04
5/11/2025 4:27:55,1.17.0,PRexp,10,3.90,nan,28,Left,Left,4407,433,316,18,nan,nan,0.59
5/11/2025 4:27:56,1.17.0,PRexp,10,3.90,nan,28,Left,Left,4408,433,316,18,nan,nan,0.00
5/11/2025 4:27:58,1.17.0,PRexp,10,3.90,nan,28,Left,Left,4409,433,316,18,nan,nan,0.25
5/11/2025 4:27:59,1.17.0,PRexp,10,3.90,nan,28,Left,Left,4410,433,316,18,nan,nan,0.14
5/11/2025 4:28:01,1.17.0,PRexp,10,3.90,nan,28,Left,Left,4411,433,316,18,nan,nan,0.31
5/11/2025 4:28:05,1.17.0,PRexp,10,3.91,nan,28,Left,Left,4412,433,316,18,nan,nan,0.24
5/11/2025 4:28:09,1.17.0,PRexp,10,3.90,nan,28,Left,Left,4413,433,316,18,nan,nan,0.31
5/11/2025 4:28:11,1.17.0,PRexp,10,3.91,nan,28,Left,Left,4414,433,316,18,nan,nan,0.30
5/11/2025 4:28:16,1.17.0,PRexp,10,3.90,nan,28,Left,Left,4415,433,316,18,nan,nan,0.66
5/11/2025 4:28:18,1.17.0,PRexp,10,3.90,nan,28,Left,Left,4416,433,316,18,nan,nan,0.58
5/11/2025 4:28:21,1.17.0,PRexp,10,3.90,nan,28,Left,Left,4417,433,316,18,nan,nan,0.46
5/11/2025 4:28:22,1.17.0,PRexp,10,3.90,nan,28,Left,Left,4418,433,316,18,nan,nan,0.00
5/11/2025 4:28:24,1.17.0,PRexp,10,3.91,nan,28,Left,Left,4419,433,316,18,nan,nan,0.23
5/11/2025 4:28:26,1.17.0,PRexp,10,3.90,nan,28,Left,Left,4420,433,316,18,nan,nan,0.23
5/11/2025 4:28:27,1.17.0,PRexp,10,3.90,nan,28,Left,Left,4421,433,316,18,nan,nan,0.00
5/11/2025 4:55:05,1.17.0,PRexp,10,3.90,nan,28,Left,Left,4422,433,316,18,nan,nan,0.06
5/11/2025 5:02:43,1.17.0,PRexp,10,3.90,nan,28,Left,Left,4423,433,316,18,nan,nan,0.60
5/11/2025 5:02:56,1.17.0,PRexp,10,3.90,nan,28,Left,Left,4424,433,316,18,nan,nan,0.11
5/11/2025 5:03:03,1.17.0,PRexp,10,3.90,nan,28,Left,Left,4425,433,316,18,nan,nan,0.12
5/11/2025 5:03:07,1.17.0,PRexp,10,3.90,nan,28,Left,Left,4426,433,316,18,nan,nan,0.53
5/11/2025 5:03:19,1.17.0,PRexp,10,3.90,nan,28,Left,Left,4427,433,316,18,nan,nan,0.22
5/11/2025 5:03:22,1.17.0,PRexp,10,3.90,nan,28,Left,Left,4428,433,316,18,nan,nan,0.33
5/11/2025 5:03:24,1.17.0,PRexp,10,3.90,2,28,Pellet,Left,4428,433,317,19,0.06,2388,nan
5/11/2025 5:03:57,1.17.0,PRexp,10,3.91,nan,32,Left,Left,4429,433,317,19,nan,nan,0.14
5/11/2025 5:04:00,1.17.0,PRexp,10,3.90,nan,32,Left,Left,4430,433,317,19,nan,nan,0.54
5/11/2025 5:04:04,1.17.0,PRexp,10,3.90,nan,32,Left,Left,4431,433,317,19,nan,nan,1.23
5/11/2025 5:04:06,1.17.0,PRexp,10,3.89,nan,32,Left,Left,4432,433,317,19,nan,nan,0.29
5/11/2025 5:04:09,1.17.0,PRexp,10,3.89,nan,32,Left,Left,4433,433,317,19,nan,nan,0.03
5/11/2025 5:04:10,1.17.0,PRexp,10,3.91,nan,32,Left,Left,4434,433,317,19,nan,nan,0.33
5/11/2025 5:04:12,1.17.0,PRexp,10,3.90,nan,32,Left,Left,4435,433,317,19,nan,nan,0.06
5/11/2025 5:04:14,1.17.0,PRexp,10,3.91,nan,32,Left,Left,4436,433,317,19,nan,nan,0.25
5/11/2025 5:04:18,1.17.0,PRexp,10,3.90,nan,32,Left,Left,4437,433,317,19,nan,nan,0.20
5/11/2025 5:04:20,1.17.0,PRexp,10,3.90,nan,32,Left,Left,4438,433,317,19,nan,nan,0.19
5/11/2025 5:04:24,1.17.0,PRexp,10,3.90,nan,32,Left,Left,4439,433,317,19,nan,nan,0.10
5/11/2025 5:04:25,1.17.0,PRexp,10,3.90,nan,32,Left,Left,4440,433,317,19,nan,nan,0.00
5/11/2025 5:04:27,1.17.0,PRexp,10,3.91,nan,32,Left,Left,4441,433,317,19,nan,nan,0.33
5/11/2025 5:04:31,1.17.0,PRexp,10,3.90,nan,32,Left,Left,4442,433,317,19,nan,nan,0.05
5/11/2025 5:04:34,1.17.0,PRexp,10,3.91,nan,32,Left,Left,4443,433,317,19,nan,nan,0.45
5/11/2025 5:04:37,1.17.0,PRexp,10,3.90,nan,32,Left,Left,4444,433,317,19,nan,nan,0.38
5/11/2025 5:04:39,1.17.0,PRexp,10,3.90,nan,32,Left,Left,4445,433,317,19,nan,nan,0.00
5/11/2025 5:04:44,1.17.0,PRexp,10,3.91,nan,32,Left,Left,4446,433,317,19,nan,nan,0.46
5/11/2025 5:04:46,1.17.0,PRexp,10,3.90,nan,32,Left,Left,4447,433,317,19,nan,nan,0.00
5/11/2025 5:04:50,1.17.0,PRexp,10,3.89,nan,32,Left,Left,4448,433,317,19,nan,nan,0.33
5/11/2025 5:04:53,1.17.0,PRexp,10,3.90,nan,32,Left,Left,4449,433,317,19,nan,nan,0.25
5/11/2025 5:04:56,1.17.0,PRexp,10,3.90,nan,32,Left,Left,4450,433,317,19,nan,nan,0.01
5/11/2025 5:05:01,1.17.0,PRexp,10,3.90,nan,32,Left,Left,4451,433,317,19,nan,nan,0.28
5/11/2025 5:05:07,1.17.0,PRexp,10,3.90,nan,32,Left,Left,4452,433,317,19,nan,nan,0.36
5/11/2025 5:05:09,1.17.0,PRexp,10,3.90,nan,32,Left,Left,4453,433,317,19,nan,nan,0.18
5/11/2025 5:05:11,1.17.0,PRexp,10,3.90,nan,32,Left,Left,4454,433,317,19,nan,nan,0.60
5/11/2025 5:05:13,1.17.0,PRexp,10,3.91,nan,32,Left,Left,4455,433,317,19,nan,nan,0.07
5/11/2025 5:05:30,1.17.0,PRexp,10,3.91,nan,32,Left,Left,4456,433,317,19,nan,nan,0.11
5/11/2025 5:13:20,1.17.0,PRexp,10,3.91,nan,32,Left,Left,4457,433,317,19,nan,nan,1.59
5/11/2025 5:13:22,1.17.0,PRexp,10,3.90,nan,32,Left,Left,4458,433,317,19,nan,nan,0.20
5/11/2025 5:13:26,1.17.0,PRexp,10,3.90,nan,32,Left,Left,4459,433,317,19,nan,nan,0.29
5/11/2025 5:13:30,1.17.0,PRexp,10,3.90,nan,32,Left,Left,4460,433,317,19,nan,nan,0.24
5/11/2025 5:13:33,1.17.0,PRexp,10,3.90,2,32,Pellet,Left,4460,433,318,20,0.06,608,nan
5/11/2025 5:31:23,1.17.0,PRexp,10,3.90,nan,36,Left,Left,4461,433,318,20,nan,nan,0.50
5/11/2025 5:31:27,1.17.0,PRexp,10,3.90,nan,36,Left,Left,4462,433,318,20,nan,nan,0.30
5/11/2025 5:31:29,1.17.0,PRexp,10,3.90,nan,36,Left,Left,4463,433,318,20,nan,nan,0.32
5/11/2025 5:31:34,1.17.0,PRexp,10,3.90,nan,36,Left,Left,4464,433,318,20,nan,nan,0.44
5/11/2025 5:31:39,1.17.0,PRexp,10,3.90,nan,36,Left,Left,4465,433,318,20,nan,nan,0.59
5/11/2025 5:31:44,1.17.0,PRexp,10,3.90,nan,36,Left,Left,4466,433,318,20,nan,nan,0.24
5/11/2025 5:31:49,1.17.0,PRexp,10,3.90,nan,36,Left,Left,4467,433,318,20,nan,nan,0.60
5/11/2025 5:31:51,1.17.0,PRexp,10,3.90,nan,36,Left,Left,4468,433,318,20,nan,nan,0.00
5/11/2025 5:32:44,1.17.0,PRexp,10,3.90,nan,36,Left,Left,4469,433,318,20,nan,nan,1.01
5/11/2025 5:32:47,1.17.0,PRexp,10,3.90,nan,36,Left,Left,4470,433,318,20,nan,nan,0.53
5/11/2025 5:32:51,1.17.0,PRexp,10,3.90,nan,36,Left,Left,4471,433,318,20,nan,nan,1.91
5/11/2025 5:32:55,1.17.0,PRexp,10,3.90,nan,36,Left,Left,4472,433,318,20,nan,nan,0.95
5/11/2025 5:33:03,1.17.0,PRexp,10,3.90,nan,36,Left,Left,4473,433,318,20,nan,nan,0.00
5/11/2025 5:33:09,1.17.0,PRexp,10,3.90,nan,36,Left,Left,4474,433,318,20,nan,nan,0.26
5/11/2025 5:33:14,1.17.0,PRexp,10,3.90,nan,36,Left,Left,4475,433,318,20,nan,nan,0.66
5/11/2025 5:33:23,1.17.0,PRexp,10,3.90,nan,36,Left,Left,4476,433,318,20,nan,nan,1.19
5/11/2025 5:33:26,1.17.0,PRexp,10,3.90,nan,36,Left,Left,4477,433,318,20,nan,nan,0.41
5/11/2025 5:33:31,1.17.0,PRexp,10,3.90,nan,36,Left,Left,4478,433,318,20,nan,nan,0.94
5/11/2025 5:33:35,1.17.0,PRexp,10,3.90,nan,36,Left,Left,4479,433,318,20,nan,nan,0.91
5/11/2025 5:33:41,1.17.0,PRexp,10,3.90,nan,36,Left,Left,4480,433,318,20,nan,nan,0.84
5/11/2025 5:33:44,1.17.0,PRexp,10,3.90,nan,36,Left,Left,4481,433,318,20,nan,nan,0.41
5/11/2025 5:33:52,1.17.0,PRexp,10,3.90,nan,36,Left,Left,4482,433,318,20,nan,nan,2.03
5/11/2025 5:33:59,1.17.0,PRexp,10,3.90,nan,36,Left,Left,4483,433,318,20,nan,nan,2.84
5/11/2025 5:34:04,1.17.0,PRexp,10,3.90,nan,36,Left,Left,4484,433,318,20,nan,nan,0.35
5/11/2025 5:34:10,1.17.0,PRexp,10,3.90,nan,36,Left,Left,4485,433,318,20,nan,nan,0.50
5/11/2025 5:34:13,1.17.0,PRexp,10,3.90,nan,36,Left,Left,4486,433,318,20,nan,nan,0.21
5/11/2025 5:34:17,1.17.0,PRexp,10,3.90,nan,36,Left,Left,4487,433,318,20,nan,nan,0.30
5/11/2025 5:34:22,1.17.0,PRexp,10,3.91,nan,36,Left,Left,4488,433,318,20,nan,nan,0.29
5/11/2025 5:34:27,1.17.0,PRexp,10,3.90,nan,36,Left,Left,4489,433,318,20,nan,nan,0.06
5/11/2025 5:34:33,1.17.0,PRexp,10,3.90,nan,36,Left,Left,4490,433,318,20,nan,nan,0.58
5/11/2025 5:34:37,1.17.0,PRexp,10,3.90,nan,36,Left,Left,4491,433,318,20,nan,nan,0.47
5/11/2025 5:34:41,1.17.0,PRexp,10,3.90,nan,36,Left,Left,4492,433,318,20,nan,nan,0.34
5/11/2025 5:34:45,1.17.0,PRexp,10,3.90,nan,36,Left,Left,4493,433,318,20,nan,nan,0.24
5/11/2025 5:34:52,1.17.0,PRexp,10,3.90,nan,36,Left,Left,4494,433,318,20,nan,nan,0.34
5/11/2025 5:34:53,1.17.0,PRexp,10,3.90,nan,36,Left,Left,4495,433,318,20,nan,nan,0.13
5/11/2025 5:35:19,1.17.0,PRexp,10,3.90,nan,36,Left,Left,4496,433,318,20,nan,nan,0.18
5/11/2025 5:35:27,1.17.0,PRexp,10,3.89,4,36,Pellet,Left,4496,433,319,21,0.06,1314,nan
5/11/2025 5:37:16,1.17.0,PRexp,10,3.90,nan,40,Left,Left,4497,433,319,21,nan,nan,0.13
5/11/2025 5:37:21,1.17.0,PRexp,10,3.90,nan,40,Left,Left,4498,433,319,21,nan,nan,0.57
5/11/2025 5:37:29,1.17.0,PRexp,10,3.90,nan,40,Left,Left,4499,433,319,21,nan,nan,1.04
5/11/2025 5:37:36,1.17.0,PRexp,10,3.90,nan,40,Left,Left,4500,433,319,21,nan,nan,1.42
5/11/2025 5:37:40,1.17.0,PRexp,10,3.90,nan,40,Left,Left,4501,433,319,21,nan,nan,0.45
5/11/2025 5:37:43,1.17.0,PRexp,10,3.90,nan,40,Left,Left,4502,433,319,21,nan,nan,0.50
5/11/2025 5:37:49,1.17.0,PRexp,10,3.90,nan,40,Left,Left,4503,433,319,21,nan,nan,0.50
5/11/2025 5:37:51,1.17.0,PRexp,10,3.90,nan,40,Left,Left,4504,433,319,21,nan,nan,0.23
5/11/2025 5:37:55,1.17.0,PRexp,10,3.90,nan,40,Left,Left,4505,433,319,21,nan,nan,0.10
5/11/2025 5:37:56,1.17.0,PRexp,10,3.90,nan,40,Left,Left,4506,433,319,21,nan,nan,0.00
5/11/2025 5:38:02,1.17.0,PRexp,10,3.90,nan,40,Left,Left,4507,433,319,21,nan,nan,0.29
5/11/2025 5:38:04,1.17.0,PRexp,10,3.90,nan,40,Left,Left,4508,433,319,21,nan,nan,0.58
5/11/2025 5:38:10,1.17.0,PRexp,10,3.90,nan,40,Left,Left,4509,433,319,21,nan,nan,0.78
5/11/2025 5:38:14,1.17.0,PRexp,10,3.90,nan,40,Left,Left,4510,433,319,21,nan,nan,0.54
5/11/2025 5:38:16,1.17.0,PRexp,10,3.90,nan,40,Left,Left,4511,433,319,21,nan,nan,0.39
5/11/2025 5:38:19,1.17.0,PRexp,10,3.89,nan,40,Left,Left,4512,433,319,21,nan,nan,0.26
5/11/2025 5:38:25,1.17.0,PRexp,10,3.90,nan,40,Left,Left,4513,433,319,21,nan,nan,0.29
5/11/2025 5:38:29,1.17.0,PRexp,10,3.90,nan,40,Left,Left,4514,433,319,21,nan,nan,1.74
5/11/2025 5:38:32,1.17.0,PRexp,10,3.90,nan,40,Left,Left,4515,433,319,21,nan,nan,0.00
5/11/2025 5:38:36,1.17.0,PRexp,10,3.90,nan,40,Left,Left,4516,433,319,21,nan,nan,0.24
5/11/2025 5:38:37,1.17.0,PRexp,10,3.90,nan,40,Left,Left,4517,433,319,21,nan,nan,0.00
5/11/2025 5:38:39,1.17.0,PRexp,10,3.90,nan,40,Left,Left,4518,433,319,21,nan,nan,0.45
5/11/2025 5:38:41,1.17.0,PRexp,10,3.89,nan,40,Left,Left,4519,433,319,21,nan,nan,0.18
5/11/2025 5:38:42,1.17.0,PRexp,10,3.90,nan,40,Left,Left,4520,433,319,21,nan,nan,0.00
5/11/2025 5:38:44,1.17.0,PRexp,10,3.89,nan,40,Left,Left,4521,433,319,21,nan,nan,0.00
5/11/2025 5:38:47,1.17.0,PRexp,10,3.90,nan,40,Left,Left,4522,433,319,21,nan,nan,0.99
5/11/2025 5:38:53,1.17.0,PRexp,10,3.90,nan,40,Left,Left,4523,433,319,21,nan,nan,0.25
5/11/2025 5:46:25,1.17.0,PRexp,10,3.90,nan,40,Left,Left,4524,433,319,21,nan,nan,0.35
5/11/2025 5:46:33,1.17.0,PRexp,10,3.90,nan,40,Left,Left,4525,433,319,21,nan,nan,0.12
5/11/2025 5:46:37,1.17.0,PRexp,10,3.90,nan,40,Left,Left,4526,433,319,21,nan,nan,0.11
5/11/2025 5:46:40,1.17.0,PRexp,10,3.90,nan,40,Left,Left,4527,433,319,21,nan,nan,0.34
5/11/2025 5:46:44,1.17.0,PRexp,10,3.90,nan,40,Left,Left,4528,433,319,21,nan,nan,0.35
5/11/2025 5:46:46,1.17.0,PRexp,10,3.89,nan,40,Left,Left,4529,433,319,21,nan,nan,0.28
5/11/2025 5:46:48,1.17.0,PRexp,10,3.90,nan,40,Left,Left,4530,433,319,21,nan,nan,0.27
5/11/2025 5:47:07,1.17.0,PRexp,10,3.90,nan,40,Left,Left,4531,433,319,21,nan,nan,0.19
5/11/2025 5:47:11,1.17.0,PRexp,10,3.90,nan,40,Left,Left,4532,433,319,21,nan,nan,0.10
5/11/2025 5:47:16,1.17.0,PRexp,10,3.90,nan,40,Right,Left,4532,434,319,21,nan,nan,0.17
5/11/2025 5:47:19,1.17.0,PRexp,10,3.90,nan,40,Left,Left,4533,434,319,21,nan,nan,0.41
5/11/2025 5:48:50,1.17.0,PRexp,10,3.90,nan,40,Left,Left,4534,434,319,21,nan,nan,0.00
5/11/2025 5:48:53,1.17.0,PRexp,10,3.90,nan,40,Left,Left,4535,434,319,21,nan,nan,0.32
5/11/2025 5:48:57,1.17.0,PRexp,10,3.90,nan,40,Left,Left,4536,434,319,21,nan,nan,0.21
5/11/2025 5:49:11,1.17.0,PRexp,10,3.90,3,40,Pellet,Left,4536,434,320,22,9.35,824,nan
5/11/2025 5:51:30,1.17.0,PRexp,10,3.90,nan,45,Left,Left,4537,434,320,22,nan,nan,0.40
5/11/2025 5:51:33,1.17.0,PRexp,10,3.90,nan,45,Left,Left,4538,434,320,22,nan,nan,0.11
5/11/2025 5:51:38,1.17.0,PRexp,10,3.90,nan,45,Left,Left,4539,434,320,22,nan,nan,0.27
5/11/2025 5:51:41,1.17.0,PRexp,10,3.90,nan,45,Left,Left,4540,434,320,22,nan,nan,0.19
5/11/2025 5:51:52,1.17.0,PRexp,10,3.90,nan,45,Right,Left,4540,435,320,22,nan,nan,0.17
5/11/2025 5:51:54,1.17.0,PRexp,10,3.90,nan,45,Left,Left,4541,435,320,22,nan,nan,0.13
5/11/2025 5:51:58,1.17.0,PRexp,10,3.90,nan,45,Left,Left,4542,435,320,22,nan,nan,0.07
5/11/2025 5:53:05,1.17.0,PRexp,10,3.89,nan,45,Left,Left,4543,435,320,22,nan,nan,0.00
5/11/2025 5:53:07,1.17.0,PRexp,10,3.90,nan,45,Left,Left,4544,435,320,22,nan,nan,0.39
5/11/2025 5:53:10,1.17.0,PRexp,10,3.90,nan,45,Left,Left,4545,435,320,22,nan,nan,0.41
5/11/2025 5:53:12,1.17.0,PRexp,10,3.90,nan,45,Left,Left,4546,435,320,22,nan,nan,0.28
5/11/2025 5:53:15,1.17.0,PRexp,10,3.89,nan,45,Left,Left,4547,435,320,22,nan,nan,0.23
5/11/2025 5:53:17,1.17.0,PRexp,10,3.90,nan,45,Left,Left,4548,435,320,22,nan,nan,0.22
5/11/2025 5:53:24,1.17.0,PRexp,10,3.90,nan,45,Right,Left,4548,436,320,22,nan,nan,0.13
5/11/2025 5:53:26,1.17.0,PRexp,10,3.90,nan,45,Left,Left,4549,436,320,22,nan,nan,0.00
5/11/2025 5:53:28,1.17.0,PRexp,10,3.90,nan,45,Left,Left,4550,436,320,22,nan,nan,0.37
5/11/2025 5:53:35,1.17.0,PRexp,10,3.90,nan,45,Left,Left,4551,436,320,22,nan,nan,0.00
5/11/2025 5:54:16,1.17.0,PRexp,10,3.90,nan,45,Left,Left,4552,436,320,22,nan,nan,0.03
5/11/2025 5:54:19,1.17.0,PRexp,10,3.89,nan,45,Left,Left,4553,436,320,22,nan,nan,0.39
5/11/2025 5:54:26,1.17.0,PRexp,10,3.90,nan,45,Left,Left,4554,436,320,22,nan,nan,0.00
5/11/2025 5:56:07,1.17.0,PRexp,10,3.90,nan,45,Left,Left,4555,436,320,22,nan,nan,0.18
5/11/2025 5:56:23,1.17.0,PRexp,10,3.90,nan,45,Left,Left,4556,436,320,22,nan,nan,0.53
5/11/2025 5:56:25,1.17.0,PRexp,10,3.90,nan,45,Left,Left,4557,436,320,22,nan,nan,0.28
5/11/2025 5:56:29,1.17.0,PRexp,10,3.90,nan,45,Left,Left,4558,436,320,22,nan,nan,0.46
5/11/2025 5:56:33,1.17.0,PRexp,10,3.89,nan,45,Left,Left,4559,436,320,22,nan,nan,0.06
5/11/2025 5:58:27,1.17.0,PRexp,10,3.90,nan,45,Left,Left,4560,436,320,22,nan,nan,0.19
5/11/2025 5:58:28,1.17.0,PRexp,10,3.90,nan,45,Left,Left,4561,436,320,22,nan,nan,0.14
5/11/2025 6:01:02,1.17.0,PRexp,10,3.89,nan,45,Left,Left,4562,436,320,22,nan,nan,0.07
5/11/2025 6:01:04,1.17.0,PRexp,10,3.89,nan,45,Left,Left,4563,436,320,22,nan,nan,0.19
5/11/2025 6:01:07,1.17.0,PRexp,10,3.90,nan,45,Left,Left,4564,436,320,22,nan,nan,0.17
5/11/2025 6:01:09,1.17.0,PRexp,10,3.90,nan,45,Left,Left,4565,436,320,22,nan,nan,0.25
5/11/2025 6:01:11,1.17.0,PRexp,10,3.90,nan,45,Left,Left,4566,436,320,22,nan,nan,0.14
5/11/2025 6:01:15,1.17.0,PRexp,10,3.90,nan,45,Left,Left,4567,436,320,22,nan,nan,0.09
5/11/2025 6:01:43,1.17.0,PRexp,10,3.90,nan,45,Left,Left,4568,436,320,22,nan,nan,0.03
5/11/2025 6:02:34,1.17.0,PRexp,10,3.90,nan,45,Left,Left,4569,436,320,22,nan,nan,0.08
5/11/2025 6:02:39,1.17.0,PRexp,10,3.90,nan,45,Left,Left,4570,436,320,22,nan,nan,0.14
5/11/2025 6:02:42,1.17.0,PRexp,10,3.90,nan,45,Right,Left,4570,437,320,22,nan,nan,0.06
5/11/2025 6:02:47,1.17.0,PRexp,10,3.90,nan,45,Left,Left,4571,437,320,22,nan,nan,0.59
5/11/2025 6:02:49,1.17.0,PRexp,10,3.90,nan,45,Left,Left,4572,437,320,22,nan,nan,0.31
5/11/2025 6:02:52,1.17.0,PRexp,10,3.90,nan,45,Left,Left,4573,437,320,22,nan,nan,0.31
5/11/2025 6:02:54,1.17.0,PRexp,10,3.90,nan,45,Left,Left,4574,437,320,22,nan,nan,0.09
5/11/2025 6:04:24,1.17.0,PRexp,10,3.90,nan,45,Left,Left,4575,437,320,22,nan,nan,0.24
5/11/2025 6:04:25,1.17.0,PRexp,10,3.90,nan,45,Left,Left,4576,437,320,22,nan,nan,0.17
5/11/2025 6:04:29,1.17.0,PRexp,10,3.90,nan,45,Left,Left,4577,437,320,22,nan,nan,0.32
5/11/2025 6:04:31,1.17.0,PRexp,10,3.90,nan,45,Left,Left,4578,437,320,22,nan,nan,0.17
5/11/2025 6:07:27,1.17.0,PRexp,10,3.90,nan,45,Left,Left,4579,437,320,22,nan,nan,0.07
5/11/2025 6:07:34,1.17.0,PRexp,10,3.89,nan,45,Left,Left,4580,437,320,22,nan,nan,0.02
5/11/2025 6:07:48,1.17.0,PRexp,10,3.89,nan,45,Left,Left,4581,437,320,22,nan,nan,0.06
5/11/2025 6:08:07,1.17.0,PRexp,10,3.90,3,45,Pellet,Left,4581,437,321,23,13.79,1137,nan
5/11/2025 6:09:07,1.17.0,PRexp,10,3.90,nan,50,Left,Left,4582,437,321,23,nan,nan,0.06
5/11/2025 6:09:09,1.17.0,PRexp,10,3.90,nan,50,Left,Left,4583,437,321,23,nan,nan,0.27
5/11/2025 6:09:13,1.17.0,PRexp,10,3.90,nan,50,Left,Left,4584,437,321,23,nan,nan,0.25
5/11/2025 6:09:15,1.17.0,PRexp,10,3.90,nan,50,Left,Left,4585,437,321,23,nan,nan,0.19
5/11/2025 6:09:18,1.17.0,PRexp,10,3.90,nan,50,Left,Left,4586,437,321,23,nan,nan,0.48
5/11/2025 6:09:22,1.17.0,PRexp,10,3.90,nan,50,Left,Left,4587,437,321,23,nan,nan,0.19
5/11/2025 6:10:25,1.17.0,PRexp,10,3.90,nan,50,Left,Left,4588,437,321,23,nan,nan,0.05
5/11/2025 6:10:46,1.17.0,PRexp,10,3.90,nan,50,Left,Left,4589,437,321,23,nan,nan,0.19
5/11/2025 6:10:51,1.17.0,PRexp,10,3.90,nan,50,Left,Left,4590,437,321,23,nan,nan,0.20
5/11/2025 6:10:55,1.17.0,PRexp,10,3.89,nan,50,Left,Left,4591,437,321,23,nan,nan,0.16
5/11/2025 6:11:01,1.17.0,PRexp,10,3.89,nan,50,Left,Left,4592,437,321,23,nan,nan,0.15
5/11/2025 6:11:05,1.17.0,PRexp,10,3.89,nan,50,Left,Left,4593,437,321,23,nan,nan,0.09
5/11/2025 6:11:07,1.17.0,PRexp,10,3.90,nan,50,Left,Left,4594,437,321,23,nan,nan,0.24
5/11/2025 6:11:13,1.17.0,PRexp,10,3.90,nan,50,Left,Left,4595,437,321,23,nan,nan,0.00
5/11/2025 6:11:16,1.17.0,PRexp,10,3.89,nan,50,Right,Left,4595,438,321,23,nan,nan,0.36
5/11/2025 6:11:21,1.17.0,PRexp,10,3.90,nan,50,Left,Left,4596,438,321,23,nan,nan,0.29
5/11/2025 6:11:24,1.17.0,PRexp,10,3.89,nan,50,Left,Left,4597,438,321,23,nan,nan,0.41
5/11/2025 6:12:02,1.17.0,PRexp,10,3.90,nan,50,Right,Left,4597,439,321,23,nan,nan,0.03
5/11/2025 6:14:05,1.17.0,PRexp,10,3.90,nan,50,Left,Left,4598,439,321,23,nan,nan,0.20
5/11/2025 6:14:10,1.17.0,PRexp,10,3.90,nan,50,Left,Left,4599,439,321,23,nan,nan,0.25
5/11/2025 6:14:17,1.17.0,PRexp,10,3.90,nan,50,Left,Left,4600,439,321,23,nan,nan,0.19
5/11/2025 6:14:20,1.17.0,PRexp,10,3.91,nan,50,Left,Left,4601,439,321,23,nan,nan,0.66
5/11/2025 6:14:24,1.17.0,PRexp,10,3.90,nan,50,Left,Left,4602,439,321,23,nan,nan,0.39
5/11/2025 6:14:31,1.17.0,PRexp,10,3.90,nan,50,Left,Left,4603,439,321,23,nan,nan,0.10
5/11/2025 6:16:42,1.17.0,PRexp,10,3.90,nan,50,Left,Left,4604,439,321,23,nan,nan,0.06
5/11/2025 6:16:45,1.17.0,PRexp,10,3.91,nan,50,Left,Left,4605,439,321,23,nan,nan,0.35
5/11/2025 6:16:49,1.17.0,PRexp,10,3.90,nan,50,Left,Left,4606,439,321,23,nan,nan,0.41
5/11/2025 6:16:51,1.17.0,PRexp,10,3.90,nan,50,Left,Left,4607,439,321,23,nan,nan,0.21
5/11/2025 6:16:53,1.17.0,PRexp,10,3.90,nan,50,Left,Left,4608,439,321,23,nan,nan,0.20
5/11/2025 6:16:55,1.17.0,PRexp,10,3.90,nan,50,Left,Left,4609,439,321,23,nan,nan,0.17
5/11/2025 6:16:57,1.17.0,PRexp,10,3.90,nan,50,Left,Left,4610,439,321,23,nan,nan,0.22
5/11/2025 6:16:59,1.17.0,PRexp,10,3.90,nan,50,Left,Left,4611,439,321,23,nan,nan,0.21
5/11/2025 6:17:00,1.17.0,PRexp,10,3.90,nan,50,Left,Left,4612,439,321,23,nan,nan,0.08
5/11/2025 6:21:55,1.17.0,PRexp,10,3.89,nan,50,Left,Left,4613,439,321,23,nan,nan,0.36
5/11/2025 6:21:56,1.17.0,PRexp,10,3.90,nan,50,Left,Left,4614,439,321,23,nan,nan,0.25
5/11/2025 6:22:03,1.17.0,PRexp,10,3.90,nan,50,Left,Left,4615,439,321,23,nan,nan,0.03
5/11/2025 6:22:07,1.17.0,PRexp,10,3.89,nan,50,Left,Left,4616,439,321,23,nan,nan,0.36
5/11/2025 6:22:13,1.17.0,PRexp,10,3.90,nan,50,Left,Left,4617,439,321,23,nan,nan,0.00
5/11/2025 6:22:17,1.17.0,PRexp,10,3.89,nan,50,Left,Left,4618,439,321,23,nan,nan,0.34
5/11/2025 6:22:19,1.17.0,PRexp,10,3.90,nan,50,Left,Left,4619,439,321,23,nan,nan,0.34
5/11/2025 6:22:22,1.17.0,PRexp,10,3.90,nan,50,Left,Left,4620,439,321,23,nan,nan,0.23
5/11/2025 6:22:23,1.17.0,PRexp,10,3.90,nan,50,Left,Left,4621,439,321,23,nan,nan,0.00
5/11/2025 6:22:24,1.17.0,PRexp,10,3.90,nan,50,Left,Left,4622,439,321,23,nan,nan,0.23
5/11/2025 6:22:26,1.17.0,PRexp,10,3.90,nan,50,Left,Left,4623,439,321,23,nan,nan,0.61
5/11/2025 6:22:28,1.17.0,PRexp,10,3.89,nan,50,Left,Left,4624,439,321,23,nan,nan,0.00
5/11/2025 6:22:30,1.17.0,PRexp,10,3.90,nan,50,Left,Left,4625,439,321,23,nan,nan,0.19
5/11/2025 6:24:07,1.17.0,PRexp,10,3.89,nan,50,Left,Left,4626,439,321,23,nan,nan,0.17
5/11/2025 6:25:50,1.17.0,PRexp,10,3.90,nan,50,Left,Left,4627,439,321,23,nan,nan,1.24
5/11/2025 6:25:53,1.17.0,PRexp,10,3.90,nan,50,Left,Left,4628,439,321,23,nan,nan,0.69
5/11/2025 6:25:59,1.17.0,PRexp,10,3.90,nan,50,Left,Left,4629,439,321,23,nan,nan,0.10
5/11/2025 6:26:00,1.17.0,PRexp,10,3.89,nan,50,Left,Left,4630,439,321,23,nan,nan,0.40
5/11/2025 6:26:05,1.17.0,PRexp,10,3.90,nan,50,Left,Left,4631,439,321,23,nan,nan,0.27
5/11/2025 6:26:10,1.17.0,PRexp,10,3.90,2,50,Pellet,Left,4631,439,322,24,0.18,1083,nan
5/11/2025 6:27:06,1.17.0,PRexp,10,3.90,nan,56,Left,Left,4632,439,322,24,nan,nan,0.03
5/11/2025 6:51:07,1.17.0,PRexp,10,3.89,nan,56,Left,Left,4633,439,322,24,nan,nan,0.14
5/11/2025 7:05:36,1.17.0,PRexp,10,3.90,nan,56,Left,Left,4634,439,322,24,nan,nan,0.36
5/11/2025 7:05:46,1.17.0,PRexp,10,3.89,nan,56,Left,Left,4635,439,322,24,nan,nan,0.39
5/11/2025 7:05:53,1.17.0,PRexp,10,3.89,nan,56,Left,Left,4636,439,322,24,nan,nan,0.18
5/11/2025 7:05:58,1.17.0,PRexp,10,3.89,nan,56,Left,Left,4637,439,322,24,nan,nan,0.22
5/11/2025 7:06:01,1.17.0,PRexp,10,3.89,nan,56,Left,Left,4638,439,322,24,nan,nan,0.75
5/11/2025 7:06:05,1.17.0,PRexp,10,3.89,nan,56,Left,Left,4639,439,322,24,nan,nan,0.40
5/11/2025 7:06:08,1.17.0,PRexp,10,3.90,nan,56,Left,Left,4640,439,322,24,nan,nan,0.97
5/11/2025 7:06:09,1.17.0,PRexp,10,3.89,nan,56,Left,Left,4641,439,322,24,nan,nan,0.00
5/11/2025 7:06:13,1.17.0,PRexp,10,3.90,nan,56,Left,Left,4642,439,322,24,nan,nan,0.64
5/11/2025 7:06:16,1.17.0,PRexp,10,3.89,nan,56,Left,Left,4643,439,322,24,nan,nan,0.43
5/11/2025 7:06:28,1.17.0,PRexp,10,3.89,nan,56,Left,Left,4644,439,322,24,nan,nan,0.35
5/11/2025 7:06:32,1.17.0,PRexp,10,3.89,nan,56,Left,Left,4645,439,322,24,nan,nan,0.19
5/11/2025 7:06:37,1.17.0,PRexp,10,3.89,nan,56,Left,Left,4646,439,322,24,nan,nan,0.46
5/11/2025 7:06:38,1.17.0,PRexp,10,3.91,nan,56,Left,Left,4647,439,322,24,nan,nan,0.17
5/11/2025 7:06:42,1.17.0,PRexp,10,3.89,nan,56,Left,Left,4648,439,322,24,nan,nan,0.51
5/11/2025 7:06:47,1.17.0,PRexp,10,3.89,nan,56,Left,Left,4649,439,322,24,nan,nan,0.40
5/11/2025 7:06:49,1.17.0,PRexp,10,3.90,nan,56,Left,Left,4650,439,322,24,nan,nan,0.32
5/11/2025 7:33:14,1.17.0,PRexp,10,3.89,nan,56,Left,Left,4651,439,322,24,nan,nan,0.06
5/11/2025 7:33:26,1.17.0,PRexp,10,3.89,nan,56,Left,Left,4652,439,322,24,nan,nan,0.11
5/11/2025 7:33:27,1.17.0,PRexp,10,3.90,nan,56,Left,Left,4653,439,322,24,nan,nan,0.29
5/11/2025 7:33:34,1.17.0,PRexp,10,3.90,nan,56,Left,Left,4654,439,322,24,nan,nan,0.42
5/11/2025 7:33:36,1.17.0,PRexp,10,3.89,nan,56,Left,Left,4655,439,322,24,nan,nan,0.38
5/11/2025 7:33:40,1.17.0,PRexp,10,3.89,nan,56,Left,Left,4656,439,322,24,nan,nan,0.19
5/11/2025 7:33:44,1.17.0,PRexp,10,3.89,nan,56,Left,Left,4657,439,322,24,nan,nan,0.24
5/11/2025 8:22:07,1.17.0,PRexp,10,3.89,nan,1,Left,Left,4658,439,322,0,nan,nan,0.06
5/11/2025 8:22:10,1.17.0,PRexp,10,3.89,2,1,Pellet,Left,4658,439,323,1,0.30,6960,nan
5/11/2025 8:22:57,1.17.0,PRexp,10,3.89,nan,1,Left,Left,4659,439,323,1,nan,nan,0.23
5/11/2025 8:23:17,1.17.0,PRexp,10,3.89,5,1,Pellet,Left,4659,439,324,2,8.86,67,nan
5/11/2025 8:24:16,1.17.0,PRexp,10,3.89,nan,2,Left,Left,4660,439,324,2,nan,nan,0.28
5/11/2025 8:24:18,1.17.0,PRexp,10,3.89,nan,2,Left,Left,4661,439,324,2,nan,nan,0.14
5/11/2025 8:24:36,1.17.0,PRexp,10,3.89,3,2,Pellet,Left,4661,439,325,3,13.79,79,nan
5/11/2025 8:26:06,1.17.0,PRexp,10,3.89,nan,2,Left,Left,4662,439,325,3,nan,nan,0.02
5/11/2025 8:26:08,1.17.0,PRexp,10,3.89,nan,2,Left,Left,4663,439,325,3,nan,nan,0.40
5/11/2025 8:26:13,1.17.0,PRexp,10,3.90,3,2,Pellet,Left,4663,439,326,4,0.06,97,nan
5/11/2025 8:26:51,1.17.0,PRexp,10,3.89,nan,3,Left,Left,4664,439,326,4,nan,nan,0.51
5/11/2025 8:26:54,1.17.0,PRexp,10,3.89,nan,3,Left,Left,4665,439,326,4,nan,nan,0.68
5/11/2025 8:26:58,1.17.0,PRexp,10,3.89,nan,3,Left,Left,4666,439,326,4,nan,nan,0.20
5/11/2025 8:27:13,1.17.0,PRexp,10,3.89,2,3,Pellet,Left,4666,439,327,5,11.27,60,nan
5/11/2025 8:28:53,1.17.0,PRexp,10,3.89,nan,4,Left,Left,4667,439,327,5,nan,nan,0.04
5/11/2025 8:28:58,1.17.0,PRexp,10,3.89,nan,4,Left,Left,4668,439,327,5,nan,nan,0.10
5/11/2025 8:29:01,1.17.0,PRexp,10,3.89,nan,4,Left,Left,4669,439,327,5,nan,nan,0.91
5/11/2025 8:29:03,1.17.0,PRexp,10,3.89,nan,4,Left,Left,4670,439,327,5,nan,nan,0.39
5/11/2025 8:29:06,1.17.0,PRexp,10,3.89,2,4,Pellet,Left,4670,439,328,6,0.06,112,nan
5/11/2025 8:29:35,1.17.0,PRexp,10,3.89,nan,5,Left,Left,4671,439,328,6,nan,nan,0.15
5/11/2025 8:29:38,1.17.0,PRexp,10,3.89,nan,5,Left,Left,4672,439,328,6,nan,nan,0.24
5/11/2025 8:29:41,1.17.0,PRexp,10,3.90,nan,5,Left,Left,4673,439,328,6,nan,nan,0.51
5/11/2025 8:29:46,1.17.0,PRexp,10,3.89,nan,5,Left,Left,4674,439,328,6,nan,nan,0.22
5/11/2025 8:29:53,1.17.0,PRexp,10,3.89,nan,5,Left,Left,4675,439,328,6,nan,nan,0.60
5/11/2025 8:29:55,1.17.0,PRexp,10,3.89,2,5,Pellet,Left,4675,439,329,7,0.06,50,nan
5/11/2025 8:30:41,1.17.0,PRexp,10,3.89,nan,6,Left,Left,4676,439,329,7,nan,nan,1.16
5/11/2025 8:30:43,1.17.0,PRexp,10,3.89,nan,6,Left,Left,4677,439,329,7,nan,nan,0.61
5/11/2025 8:30:45,1.17.0,PRexp,10,3.89,nan,6,Left,Left,4678,439,329,7,nan,nan,0.52
5/11/2025 8:30:48,1.17.0,PRexp,10,3.89,nan,6,Left,Left,4679,439,329,7,nan,nan,0.41
5/11/2025 8:30:52,1.17.0,PRexp,10,3.89,nan,6,Left,Left,4680,439,329,7,nan,nan,0.33
5/11/2025 8:30:56,1.17.0,PRexp,10,3.89,nan,6,Left,Left,4681,439,329,7,nan,nan,0.32
5/11/2025 8:30:59,1.17.0,PRexp,10,3.89,2,6,Pellet,Left,4681,439,330,8,0.06,63,nan
5/11/2025 8:35:48,1.17.0,PRexp,10,3.89,nan,7,Left,Left,4682,439,330,8,nan,nan,0.03
5/11/2025 8:36:04,1.17.0,PRexp,10,3.89,nan,7,Left,Left,4683,439,330,8,nan,nan,0.20
5/11/2025 8:36:07,1.17.0,PRexp,10,3.89,nan,7,Left,Left,4684,439,330,8,nan,nan,0.20
5/11/2025 8:36:10,1.17.0,PRexp,10,3.89,nan,7,Left,Left,4685,439,330,8,nan,nan,0.24
5/11/2025 8:36:11,1.17.0,PRexp,10,3.89,nan,7,Left,Left,4686,439,330,8,nan,nan,0.23
5/11/2025 8:38:21,1.17.0,PRexp,10,3.89,nan,7,Right,Left,4686,440,330,8,nan,nan,0.32
5/11/2025 8:39:09,1.17.0,PRexp,10,3.89,nan,7,Left,Left,4687,440,330,8,nan,nan,0.14
5/11/2025 8:40:22,1.17.0,PRexp,10,3.89,nan,7,Left,Left,4688,440,330,8,nan,nan,0.19
5/11/2025 8:40:38,1.17.0,PRexp,10,3.89,3,7,Pellet,Left,4688,440,331,9,11.82,580,nan
5/11/2025 8:41:24,1.17.0,PRexp,10,3.88,nan,9,Left,Left,4689,440,331,9,nan,nan,0.08
5/11/2025 8:42:04,1.17.0,PRexp,10,3.89,nan,9,Left,Left,4690,440,331,9,nan,nan,0.41
5/11/2025 8:42:06,1.17.0,PRexp,10,3.89,nan,9,Left,Left,4691,440,331,9,nan,nan,0.25
5/11/2025 8:42:09,1.17.0,PRexp,10,3.89,nan,9,Left,Left,4692,440,331,9,nan,nan,0.25
5/11/2025 8:42:11,1.17.0,PRexp,10,3.89,nan,9,Left,Left,4693,440,331,9,nan,nan,0.20
5/11/2025 8:42:48,1.17.0,PRexp,10,3.89,nan,9,Right,Left,4693,441,331,9,nan,nan,0.12
5/11/2025 8:42:51,1.17.0,PRexp,10,3.89,nan,9,Right,Left,4693,442,331,9,nan,nan,0.01
5/11/2025 8:42:53,1.17.0,PRexp,10,3.89,nan,9,Right,Left,4693,443,331,9,nan,nan,0.00
5/11/2025 8:42:59,1.17.0,PRexp,10,3.89,nan,9,Left,Left,4694,443,331,9,nan,nan,0.30
5/11/2025 8:43:01,1.17.0,PRexp,10,3.89,nan,9,Left,Left,4695,443,331,9,nan,nan,0.31
5/11/2025 8:43:04,1.17.0,PRexp,10,3.89,nan,9,Left,Left,4696,443,331,9,nan,nan,0.41
5/11/2025 8:43:05,1.17.0,PRexp,10,3.89,nan,9,Left,Left,4697,443,331,9,nan,nan,0.00
5/11/2025 8:43:08,1.17.0,PRexp,10,3.89,2,9,Pellet,Left,4697,443,332,10,0.91,150,nan
5/11/2025 8:43:35,1.17.0,PRexp,10,3.89,nan,10,Left,Left,4698,443,332,10,nan,nan,0.12
5/11/2025 8:43:53,1.17.0,PRexp,10,3.89,nan,10,Left,Left,4699,443,332,10,nan,nan,0.09
5/11/2025 8:43:57,1.17.0,PRexp,10,3.89,nan,10,Left,Left,4700,443,332,10,nan,nan,0.36
5/11/2025 8:44:03,1.17.0,PRexp,10,3.89,nan,10,Left,Left,4701,443,332,10,nan,nan,0.11
5/11/2025 8:44:28,1.17.0,PRexp,10,3.89,nan,10,Left,Left,4702,443,332,10,nan,nan,0.08
5/11/2025 8:45:03,1.17.0,PRexp,10,3.89,nan,10,Left,Left,4703,443,332,10,nan,nan,0.04
5/11/2025 8:45:09,1.17.0,PRexp,10,3.90,nan,10,Left,Left,4704,443,332,10,nan,nan,0.04
5/11/2025 8:45:17,1.17.0,PRexp,10,3.89,nan,10,Left,Left,4705,443,332,10,nan,nan,0.32
5/11/2025 8:45:18,1.17.0,PRexp,10,3.90,nan,10,Left,Left,4706,443,332,10,nan,nan,0.17
5/11/2025 8:45:21,1.17.0,PRexp,10,3.89,nan,10,Left,Left,4707,443,332,10,nan,nan,0.22
5/11/2025 8:45:39,1.17.0,PRexp,10,3.89,3,10,Pellet,Left,4707,443,333,11,13.30,151,nan
5/11/2025 8:46:06,1.17.0,PRexp,10,3.90,nan,12,Left,Left,4708,443,333,11,nan,nan,0.30
5/11/2025 8:46:09,1.17.0,PRexp,10,3.88,nan,12,Left,Left,4709,443,333,11,nan,nan,0.25
5/11/2025 8:46:11,1.17.0,PRexp,10,3.89,nan,12,Left,Left,4710,443,333,11,nan,nan,0.19
5/11/2025 8:46:16,1.17.0,PRexp,10,3.89,nan,12,Left,Left,4711,443,333,11,nan,nan,0.22
5/11/2025 8:46:19,1.17.0,PRexp,10,3.89,nan,12,Left,Left,4712,443,333,11,nan,nan,0.69
5/11/2025 8:46:21,1.17.0,PRexp,10,3.89,nan,12,Left,Left,4713,443,333,11,nan,nan,0.12
5/11/2025 8:46:23,1.17.0,PRexp,10,3.89,nan,12,Left,Left,4714,443,333,11,nan,nan,0.72
5/11/2025 8:46:24,1.17.0,PRexp,10,3.89,nan,12,Left,Left,4715,443,333,11,nan,nan,0.09
5/11/2025 8:46:28,1.17.0,PRexp,10,3.89,nan,12,Left,Left,4716,443,333,11,nan,nan,0.07
5/11/2025 8:46:29,1.17.0,PRexp,10,3.89,nan,12,Left,Left,4717,443,333,11,nan,nan,0.00
5/11/2025 8:46:32,1.17.0,PRexp,10,3.89,nan,12,Left,Left,4718,443,333,11,nan,nan,0.15
5/11/2025 8:49:16,1.17.0,PRexp,10,3.89,nan,12,Left,Left,4719,443,333,11,nan,nan,0.17
5/11/2025 8:49:20,1.17.0,PRexp,10,3.89,2,12,Pellet,Left,4719,443,334,12,0.06,221,nan
5/11/2025 8:49:30,1.17.0,PRexp,10,3.89,nan,13,Left,Left,4720,443,334,12,nan,nan,0.19
5/11/2025 8:49:32,1.17.0,PRexp,10,3.89,nan,13,Left,Left,4721,443,334,12,nan,nan,0.39
5/11/2025 9:30:05,1.17.0,PRexp,10,3.89,nan,1,Left,Left,4722,443,334,0,nan,nan,0.61
5/11/2025 9:30:13,1.17.0,PRexp,10,3.88,3,1,Pellet,Left,4722,443,335,1,2.21,2453,nan
5/11/2025 9:31:04,1.17.0,PRexp,10,3.89,nan,1,Left,Left,4723,443,335,1,nan,nan,0.02
5/11/2025 9:31:06,1.17.0,PRexp,10,3.89,2,1,Pellet,Left,4723,443,336,2,0.12,53,nan
5/11/2025 9:31:39,1.17.0,PRexp,10,3.89,nan,2,Left,Left,4724,443,336,2,nan,nan,0.22
5/11/2025 9:31:44,1.17.0,PRexp,10,3.89,nan,2,Left,Left,4725,443,336,2,nan,nan,0.54
5/11/2025 9:31:47,1.17.0,PRexp,10,3.89,2,2,Pellet,Left,4725,443,337,3,0.49,41,nan
5/11/2025 9:33:00,1.17.0,PRexp,10,3.89,nan,2,Left,Left,4726,443,337,3,nan,nan,0.49
5/11/2025 9:33:06,1.17.0,PRexp,10,3.89,nan,2,Left,Left,4727,443,337,3,nan,nan,0.52
5/11/2025 9:33:10,1.17.0,PRexp,10,3.89,2,2,Pellet,Left,4727,443,338,4,0.06,83,nan
5/11/2025 9:33:27,1.17.0,PRexp,10,3.89,nan,3,Left,Left,4728,443,338,4,nan,nan,0.05
5/11/2025 9:33:32,1.17.0,PRexp,10,3.89,nan,3,Left,Left,4729,443,338,4,nan,nan,0.56
5/11/2025 9:33:37,1.17.0,PRexp,10,3.89,nan,3,Left,Left,4730,443,338,4,nan,nan,0.56
5/11/2025 9:33:40,1.17.0,PRexp,10,3.89,2,3,Pellet,Left,4730,443,339,5,0.06,30,nan
5/11/2025 9:57:37,1.17.0,PRexp,10,3.89,nan,4,Left,Left,4731,443,339,5,nan,nan,0.38
5/11/2025 9:57:45,1.17.0,PRexp,10,3.89,nan,4,Left,Left,4732,443,339,5,nan,nan,0.72
5/11/2025 9:57:48,1.17.0,PRexp,10,3.89,nan,4,Left,Left,4733,443,339,5,nan,nan,0.51
5/11/2025 9:57:51,1.17.0,PRexp,10,3.89,nan,4,Left,Left,4734,443,339,5,nan,nan,0.45
5/11/2025 9:57:54,1.17.0,PRexp,10,3.89,2,4,Pellet,Left,4734,443,340,6,0.73,1454,nan
5/11/2025 9:58:40,1.17.0,PRexp,10,3.89,nan,5,Left,Left,4735,443,340,6,nan,nan,1.00
5/11/2025 9:58:43,1.17.0,PRexp,10,3.89,nan,5,Left,Left,4736,443,340,6,nan,nan,0.45
5/11/2025 9:58:47,1.17.0,PRexp,10,3.89,nan,5,Left,Left,4737,443,340,6,nan,nan,1.16
5/11/2025 9:58:50,1.17.0,PRexp,10,3.89,nan,5,Left,Left,4738,443,340,6,nan,nan,0.85
5/11/2025 9:58:53,1.17.0,PRexp,10,3.89,nan,5,Left,Left,4739,443,340,6,nan,nan,0.81
5/11/2025 9:58:56,1.17.0,PRexp,10,3.89,2,5,Pellet,Left,4739,443,341,7,0.06,62,nan
5/11/2025 9:59:04,1.17.0,PRexp,10,3.89,nan,6,Left,Left,4740,443,341,7,nan,nan,0.08
5/11/2025 9:59:07,1.17.0,PRexp,10,3.88,nan,6,Left,Left,4741,443,341,7,nan,nan,0.55
5/11/2025 9:59:12,1.17.0,PRexp,10,3.89,nan,6,Left,Left,4742,443,341,7,nan,nan,1.44
5/11/2025 9:59:15,1.17.0,PRexp,10,3.89,nan,6,Left,Left,4743,443,341,7,nan,nan,0.45
5/11/2025 9:59:19,1.17.0,PRexp,10,3.88,nan,6,Left,Left,4744,443,341,7,nan,nan,0.48
5/11/2025 9:59:23,1.17.0,PRexp,10,3.89,nan,6,Left,Left,4745,443,341,7,nan,nan,0.19
5/11/2025 9:59:25,1.17.0,PRexp,10,3.89,1,6,Pellet,Left,4745,443,342,8,0.12,29,nan
5/11/2025 10:22:50,1.17.0,PRexp,10,3.89,nan,7,Left,Left,4746,443,342,8,nan,nan,0.08
5/11/2025 10:22:53,1.17.0,PRexp,10,3.89,nan,7,Left,Left,4747,443,342,8,nan,nan,0.13
5/11/2025 10:22:56,1.17.0,PRexp,10,3.89,nan,7,Left,Left,4748,443,342,8,nan,nan,0.07
5/11/2025 10:22:59,1.17.0,PRexp,10,3.89,nan,7,Left,Left,4749,443,342,8,nan,nan,0.19
5/11/2025 10:23:04,1.17.0,PRexp,10,3.89,nan,7,Left,Left,4750,443,342,8,nan,nan,0.20
5/11/2025 10:23:06,1.17.0,PRexp,10,3.89,nan,7,Left,Left,4751,443,342,8,nan,nan,0.16
5/11/2025 10:23:09,1.17.0,PRexp,10,3.89,nan,7,Left,Left,4752,443,342,8,nan,nan,0.41
5/11/2025 10:23:14,1.17.0,PRexp,10,3.89,3,7,Pellet,Left,4752,443,343,9,0.06,1429,nan
5/11/2025 10:29:52,1.17.0,PRexp,10,3.89,nan,9,Left,Left,4753,443,343,9,nan,nan,0.47
5/11/2025 10:29:54,1.17.0,PRexp,10,3.89,nan,9,Left,Left,4754,443,343,9,nan,nan,0.39
5/11/2025 10:29:57,1.17.0,PRexp,10,3.89,nan,9,Left,Left,4755,443,343,9,nan,nan,0.46
5/11/2025 10:29:59,1.17.0,PRexp,10,3.89,nan,9,Left,Left,4756,443,343,9,nan,nan,0.35
5/11/2025 10:30:02,1.17.0,PRexp,10,3.89,nan,9,Left,Left,4757,443,343,9,nan,nan,0.10
5/11/2025 10:30:05,1.17.0,PRexp,10,3.89,nan,9,Left,Left,4758,443,343,9,nan,nan,0.55
5/11/2025 10:30:06,1.17.0,PRexp,10,3.89,nan,9,Left,Left,4759,443,343,9,nan,nan,0.16
5/11/2025 10:30:11,1.17.0,PRexp,10,3.89,nan,9,Left,Left,4760,443,343,9,nan,nan,0.28
5/11/2025 10:30:16,1.17.0,PRexp,10,3.88,nan,9,Left,Left,4761,443,343,9,nan,nan,0.35
5/11/2025 10:30:34,1.17.0,PRexp,10,3.89,4,9,Pellet,Left,4761,443,344,10,12.00,440,nan
5/11/2025 10:31:41,1.17.0,PRexp,10,3.89,nan,10,Left,Left,4762,443,344,10,nan,nan,0.15
5/11/2025 10:31:44,1.17.0,PRexp,10,3.89,nan,10,Left,Left,4763,443,344,10,nan,nan,0.17
5/11/2025 10:31:47,1.17.0,PRexp,10,3.89,nan,10,Left,Left,4764,443,344,10,nan,nan,0.08
5/11/2025 10:31:52,1.17.0,PRexp,10,3.89,nan,10,Left,Left,4765,443,344,10,nan,nan,0.20
5/11/2025 10:31:53,1.17.0,PRexp,10,3.89,nan,10,Left,Left,4766,443,344,10,nan,nan,0.14
5/11/2025 10:34:15,1.17.0,PRexp,10,3.89,nan,10,Left,Left,4767,443,344,10,nan,nan,0.29
5/11/2025 10:34:19,1.17.0,PRexp,10,3.89,nan,10,Left,Left,4768,443,344,10,nan,nan,0.35
5/11/2025 10:34:21,1.17.0,PRexp,10,3.89,nan,10,Left,Left,4769,443,344,10,nan,nan,0.16
5/11/2025 10:34:24,1.17.0,PRexp,10,3.89,nan,10,Left,Left,4770,443,344,10,nan,nan,0.33
5/11/2025 10:34:25,1.17.0,PRexp,10,3.89,nan,10,Left,Left,4771,443,344,10,nan,nan,0.18
5/11/2025 10:34:28,1.17.0,PRexp,10,3.89,2,10,Pellet,Left,4771,443,345,11,0.12,234,nan
5/11/2025 10:34:51,1.17.0,PRexp,10,3.89,nan,12,Left,Left,4772,443,345,11,nan,nan,0.06
5/11/2025 10:35:01,1.17.0,PRexp,10,3.88,nan,12,Left,Left,4773,443,345,11,nan,nan,0.24
5/11/2025 10:35:04,1.17.0,PRexp,10,3.89,nan,12,Left,Left,4774,443,345,11,nan,nan,0.30
5/11/2025 10:35:08,1.17.0,PRexp,10,3.89,nan,12,Left,Left,4775,443,345,11,nan,nan,0.89
5/11/2025 10:35:10,1.17.0,PRexp,10,3.89,nan,12,Left,Left,4776,443,345,11,nan,nan,0.57
5/11/2025 10:35:14,1.17.0,PRexp,10,3.89,nan,12,Left,Left,4777,443,345,11,nan,nan,0.96
5/11/2025 10:35:17,1.17.0,PRexp,10,3.89,nan,12,Left,Left,4778,443,345,11,nan,nan,1.01
5/11/2025 10:35:19,1.17.0,PRexp,10,3.89,nan,12,Left,Left,4779,443,345,11,nan,nan,0.54
5/11/2025 10:35:21,1.17.0,PRexp,10,3.89,nan,12,Left,Left,4780,443,345,11,nan,nan,0.27
5/11/2025 10:35:24,1.17.0,PRexp,10,3.89,nan,12,Left,Left,4781,443,345,11,nan,nan,0.65
5/11/2025 10:35:26,1.17.0,PRexp,10,3.89,nan,12,Left,Left,4782,443,345,11,nan,nan,0.81
5/11/2025 10:35:29,1.17.0,PRexp,10,3.89,nan,12,Left,Left,4783,443,345,11,nan,nan,0.54
5/11/2025 10:35:32,1.17.0,PRexp,10,3.89,2,12,Pellet,Left,4783,443,346,12,0.18,64,nan
5/11/2025 10:35:58,1.17.0,PRexp,10,3.89,nan,13,Left,Left,4784,443,346,12,nan,nan,0.09
5/11/2025 10:36:00,1.17.0,PRexp,10,3.89,nan,13,Left,Left,4785,443,346,12,nan,nan,0.85
5/11/2025 10:36:04,1.17.0,PRexp,10,3.89,nan,13,Left,Left,4786,443,346,12,nan,nan,1.08
5/11/2025 10:36:06,1.17.0,PRexp,10,3.89,nan,13,Left,Left,4787,443,346,12,nan,nan,0.19
5/11/2025 10:36:09,1.17.0,PRexp,10,3.89,nan,13,Left,Left,4788,443,346,12,nan,nan,0.37
5/11/2025 10:36:13,1.17.0,PRexp,10,3.89,nan,13,Left,Left,4789,443,346,12,nan,nan,0.34
5/11/2025 10:36:14,1.17.0,PRexp,10,3.89,nan,13,Left,Left,4790,443,346,12,nan,nan,0.00
5/11/2025 10:36:16,1.17.0,PRexp,10,3.89,nan,13,Left,Left,4791,443,346,12,nan,nan,0.23
5/11/2025 10:36:24,1.17.0,PRexp,10,3.89,nan,13,Left,Left,4792,443,346,12,nan,nan,0.21
5/11/2025 10:36:26,1.17.0,PRexp,10,3.89,nan,13,Left,Left,4793,443,346,12,nan,nan,0.18
5/11/2025 11:03:59,1.17.0,PRexp,10,3.89,nan,13,Left,Left,4794,443,346,12,nan,nan,0.72
5/11/2025 11:04:03,1.17.0,PRexp,10,3.89,nan,13,Left,Left,4795,443,346,12,nan,nan,0.15
5/11/2025 11:19:48,1.17.0,PRexp,10,3.89,nan,13,Left,Left,4796,443,346,12,nan,nan,0.55
5/11/2025 11:19:54,1.17.0,PRexp,10,3.89,3,13,Pellet,Left,4796,443,347,13,0.06,2662,nan
5/11/2025 11:20:29,1.17.0,PRexp,10,3.89,nan,15,Left,Left,4797,443,347,13,nan,nan,0.48
5/11/2025 11:20:31,1.17.0,PRexp,10,3.89,nan,15,Left,Left,4798,443,347,13,nan,nan,0.68
5/11/2025 11:20:35,1.17.0,PRexp,10,3.89,nan,15,Left,Left,4799,443,347,13,nan,nan,0.56
5/11/2025 11:20:37,1.17.0,PRexp,10,3.89,nan,15,Left,Left,4800,443,347,13,nan,nan,0.57
5/11/2025 11:20:40,1.17.0,PRexp,10,3.89,nan,15,Left,Left,4801,443,347,13,nan,nan,0.24
5/11/2025 11:20:44,1.17.0,PRexp,10,3.89,nan,15,Left,Left,4802,443,347,13,nan,nan,0.65
5/11/2025 11:20:48,1.17.0,PRexp,10,3.89,nan,15,Left,Left,4803,443,347,13,nan,nan,0.22
5/11/2025 11:20:50,1.17.0,PRexp,10,3.89,nan,15,Left,Left,4804,443,347,13,nan,nan,0.88
5/11/2025 11:20:54,1.17.0,PRexp,10,3.89,nan,15,Left,Left,4805,443,347,13,nan,nan,0.40
5/11/2025 11:20:56,1.17.0,PRexp,10,3.89,nan,15,Left,Left,4806,443,347,13,nan,nan,0.28
5/11/2025 11:20:57,1.17.0,PRexp,10,3.89,nan,15,Left,Left,4807,443,347,13,nan,nan,0.23
5/11/2025 11:21:01,1.17.0,PRexp,10,3.89,nan,15,Left,Left,4808,443,347,13,nan,nan,0.31
5/11/2025 11:21:03,1.17.0,PRexp,10,3.89,nan,15,Left,Left,4809,443,347,13,nan,nan,0.27
5/11/2025 11:21:06,1.17.0,PRexp,10,3.89,nan,15,Left,Left,4810,443,347,13,nan,nan,0.40
5/11/2025 11:21:11,1.17.0,PRexp,10,3.89,nan,15,Left,Left,4811,443,347,13,nan,nan,0.15
5/11/2025 11:21:14,1.17.0,PRexp,10,3.89,2,15,Pellet,Left,4811,443,348,14,0.06,80,nan
5/11/2025 11:21:24,1.17.0,PRexp,10,3.89,nan,17,Left,Left,4812,443,348,14,nan,nan,0.16
5/11/2025 11:21:29,1.17.0,PRexp,10,3.89,nan,17,Left,Left,4813,443,348,14,nan,nan,0.23
5/11/2025 11:21:31,1.17.0,PRexp,10,3.89,nan,17,Left,Left,4814,443,348,14,nan,nan,0.36
5/11/2025 11:21:33,1.17.0,PRexp,10,3.89,nan,17,Left,Left,4815,443,348,14,nan,nan,0.04
5/11/2025 11:21:35,1.17.0,PRexp,10,3.89,nan,17,Left,Left,4816,443,348,14,nan,nan,0.00
5/11/2025 11:21:37,1.17.0,PRexp,10,3.89,nan,17,Left,Left,4817,443,348,14,nan,nan,0.35
5/11/2025 11:21:40,1.17.0,PRexp,10,3.89,nan,17,Left,Left,4818,443,348,14,nan,nan,0.08
5/11/2025 11:21:46,1.17.0,PRexp,10,3.89,nan,17,Left,Left,4819,443,348,14,nan,nan,0.00
5/11/2025 11:53:01,1.17.0,PRexp,10,3.89,nan,1,Left,Left,4820,443,348,0,nan,nan,0.17
5/11/2025 11:53:04,1.17.0,PRexp,10,3.88,2,1,Pellet,Left,4820,443,349,1,0.18,1909,nan
5/11/2025 11:53:35,1.17.0,PRexp,10,3.89,nan,1,Left,Left,4821,443,349,1,nan,nan,0.32
5/11/2025 11:53:37,1.17.0,PRexp,10,3.89,2,1,Pellet,Left,4821,443,350,2,0.06,34,nan
5/11/2025 11:53:47,1.17.0,PRexp,10,3.89,nan,2,Left,Left,4822,443,350,2,nan,nan,0.19
5/11/2025 11:53:50,1.17.0,PRexp,10,3.89,nan,2,Left,Left,4823,443,350,2,nan,nan,0.54
5/11/2025 11:54:08,1.17.0,PRexp,10,3.88,5,2,Pellet,Left,4823,443,351,3,8.92,31,nan
5/11/2025 11:56:53,1.17.0,PRexp,10,3.89,nan,2,Left,Left,4824,443,351,3,nan,nan,0.46
5/11/2025 11:56:55,1.17.0,PRexp,10,3.89,nan,2,Left,Left,4825,443,351,3,nan,nan,0.45
5/11/2025 11:56:58,1.17.0,PRexp,10,3.89,2,2,Pellet,Left,4825,443,352,4,0.06,170,nan
5/11/2025 11:57:30,1.17.0,PRexp,10,3.89,nan,3,Left,Left,4826,443,352,4,nan,nan,1.50
5/11/2025 11:57:33,1.17.0,PRexp,10,3.89,nan,3,Left,Left,4827,443,352,4,nan,nan,0.37
5/11/2025 11:57:36,1.17.0,PRexp,10,3.89,nan,3,Left,Left,4828,443,352,4,nan,nan,0.47
5/11/2025 11:57:39,1.17.0,PRexp,10,3.89,2,3,Pellet,Left,4828,443,353,5,0.18,41,nan
5/11/2025 11:58:07,1.17.0,PRexp,10,3.89,nan,4,Left,Left,4829,443,353,5,nan,nan,0.01
5/11/2025 11:58:09,1.17.0,PRexp,10,3.89,nan,4,Left,Left,4830,443,353,5,nan,nan,0.46
5/11/2025 11:58:11,1.17.0,PRexp,10,3.89,nan,4,Left,Left,4831,443,353,5,nan,nan,0.00
5/11/2025 11:58:14,1.17.0,PRexp,10,3.89,nan,4,Left,Left,4832,443,353,5,nan,nan,0.06
5/11/2025 11:58:29,1.17.0,PRexp,10,3.89,3,4,Pellet,Left,4832,443,354,6,8.74,50,nan
5/11/2025 11:59:33,1.17.0,PRexp,10,3.88,nan,5,Left,Left,4833,443,354,6,nan,nan,0.06
5/11/2025 11:59:35,1.17.0,PRexp,10,3.89,nan,5,Left,Left,4834,443,354,6,nan,nan,0.53
5/11/2025 11:59:37,1.17.0,PRexp,10,3.89,nan,5,Left,Left,4835,443,354,6,nan,nan,0.28
5/11/2025 11:59:38,1.17.0,PRexp,10,3.89,nan,5,Left,Left,4836,443,354,6,nan,nan,0.13
5/11/2025 11:59:40,1.17.0,PRexp,10,3.89,nan,5,Left,Left,4837,443,354,6,nan,nan,0.06
5/11/2025 11:59:43,1.17.0,PRexp,10,3.89,2,5,Pellet,Left,4837,443,355,7,0.12,74,nan
5/11/2025 12:00:13,1.17.0,PRexp,10,3.89,nan,6,Left,Left,4838,443,355,7,nan,nan,1.43
5/11/2025 12:00:15,1.17.0,PRexp,10,3.89,nan,6,Left,Left,4839,443,355,7,nan,nan,0.29
5/11/2025 12:00:18,1.17.0,PRexp,10,3.89,nan,6,Left,Left,4840,443,355,7,nan,nan,0.88
5/11/2025 12:00:21,1.17.0,PRexp,10,3.89,nan,6,Left,Left,4841,443,355,7,nan,nan,0.27
5/11/2025 12:00:26,1.17.0,PRexp,10,3.89,nan,6,Left,Left,4842,443,355,7,nan,nan,1.03
5/11/2025 12:00:27,1.17.0,PRexp,10,3.89,nan,6,Left,Left,4843,443,355,7,nan,nan,0.00
5/11/2025 12:00:46,1.17.0,PRexp,10,3.89,4,6,Pellet,Left,4843,443,356,8,10.03,63,nan
5/11/2025 12:02:07,1.17.0,PRexp,10,3.89,nan,7,Right,Left,4843,444,356,8,nan,nan,0.10
5/11/2025 12:02:09,1.17.0,PRexp,10,3.89,nan,7,Left,Left,4844,444,356,8,nan,nan,0.14
5/11/2025 12:02:15,1.17.0,PRexp,10,3.89,nan,7,Left,Left,4845,444,356,8,nan,nan,0.00
5/11/2025 12:03:35,1.17.0,PRexp,10,3.89,nan,7,Left,Left,4846,444,356,8,nan,nan,0.06
5/11/2025 12:04:45,1.17.0,PRexp,10,3.89,nan,7,Left,Left,4847,444,356,8,nan,nan,0.12
5/11/2025 12:04:48,1.17.0,PRexp,10,3.89,nan,7,Left,Left,4848,444,356,8,nan,nan,0.09
5/11/2025 12:06:15,1.17.0,PRexp,10,3.89,nan,7,Left,Left,4849,444,356,8,nan,nan,0.38
5/11/2025 12:06:20,1.17.0,PRexp,10,3.89,nan,7,Left,Left,4850,444,356,8,nan,nan,0.14
5/11/2025 12:06:23,1.17.0,PRexp,10,3.89,2,7,Pellet,Left,4850,444,357,9,0.06,337,nan
5/11/2025 12:06:50,1.17.0,PRexp,10,3.89,nan,9,Left,Left,4851,444,357,9,nan,nan,0.05
5/11/2025 12:06:51,1.17.0,PRexp,10,3.89,nan,9,Left,Left,4852,444,357,9,nan,nan,0.04
5/11/2025 12:06:54,1.17.0,PRexp,10,3.89,nan,9,Left,Left,4853,444,357,9,nan,nan,0.19
5/11/2025 12:06:57,1.17.0,PRexp,10,3.89,nan,9,Left,Left,4854,444,357,9,nan,nan,0.09
5/11/2025 12:07:00,1.17.0,PRexp,10,3.89,nan,9,Left,Left,4855,444,357,9,nan,nan,0.09
5/11/2025 12:07:03,1.17.0,PRexp,10,3.89,nan,9,Left,Left,4856,444,357,9,nan,nan,0.26
5/11/2025 12:07:05,1.17.0,PRexp,10,3.89,nan,9,Left,Left,4857,444,357,9,nan,nan,0.19
5/11/2025 12:07:09,1.17.0,PRexp,10,3.89,nan,9,Left,Left,4858,444,357,9,nan,nan,0.55
5/11/2025 12:07:11,1.17.0,PRexp,10,3.89,nan,9,Left,Left,4859,444,357,9,nan,nan,0.31
5/11/2025 12:07:16,1.17.0,PRexp,10,3.88,3,9,Pellet,Left,4859,444,358,10,0.49,53,nan
5/11/2025 12:08:22,1.17.0,PRexp,10,3.89,nan,10,Left,Left,4860,444,358,10,nan,nan,0.18
5/11/2025 12:08:24,1.17.0,PRexp,10,3.89,nan,10,Left,Left,4861,444,358,10,nan,nan,0.27
5/11/2025 12:08:36,1.17.0,PRexp,10,3.89,nan,10,Left,Left,4862,444,358,10,nan,nan,0.07
5/11/2025 12:31:01,1.17.0,PRexp,10,3.89,nan,10,Left,Left,4863,444,358,10,nan,nan,0.92
5/11/2025 12:31:03,1.17.0,PRexp,10,3.89,nan,10,Left,Left,4864,444,358,10,nan,nan,0.14
5/11/2025 13:05:05,1.17.0,PRexp,10,3.89,nan,1,Left,Left,4865,444,358,0,nan,nan,0.39
5/11/2025 13:05:08,1.17.0,PRexp,10,3.89,2,1,Pellet,Left,4865,444,359,1,0.92,3472,nan
5/11/2025 13:06:04,1.17.0,PRexp,10,3.88,nan,1,Left,Left,4866,444,359,1,nan,nan,0.21
5/11/2025 13:06:09,1.17.0,PRexp,10,3.89,3,1,Pellet,Left,4866,444,360,2,0.12,61,nan
5/11/2025 13:06:44,1.17.0,PRexp,10,3.89,nan,2,Left,Left,4867,444,360,2,nan,nan,0.21
5/11/2025 13:06:54,1.17.0,PRexp,10,3.88,nan,2,Left,Left,4868,444,360,2,nan,nan,0.16
5/11/2025 13:07:11,1.17.0,PRexp,10,3.88,3,2,Pellet,Left,4868,444,361,3,12.50,62,nan
5/11/2025 13:08:12,1.17.0,PRexp,10,3.89,nan,2,Left,Left,4869,444,361,3,nan,nan,0.33
5/11/2025 13:08:16,1.17.0,PRexp,10,3.89,nan,2,Left,Left,4870,444,361,3,nan,nan,0.25
5/11/2025 13:08:35,1.17.0,PRexp,10,3.89,4,2,Pellet,Left,4870,444,362,4,12.43,84,nan
5/11/2025 13:09:28,1.17.0,PRexp,10,3.89,nan,3,Left,Left,4871,444,362,4,nan,nan,0.08
5/11/2025 13:09:33,1.17.0,PRexp,10,3.89,nan,3,Left,Left,4872,444,362,4,nan,nan,0.22
5/11/2025 13:09:37,1.17.0,PRexp,10,3.89,nan,3,Left,Left,4873,444,362,4,nan,nan,0.75
5/11/2025 13:09:39,1.17.0,PRexp,10,3.88,2,3,Pellet,Left,4873,444,363,5,0.55,64,nan
5/11/2025 13:10:12,1.17.0,PRexp,10,3.88,nan,4,Left,Left,4874,444,363,5,nan,nan,0.06
5/11/2025 13:10:15,1.17.0,PRexp,10,3.89,nan,4,Left,Left,4875,444,363,5,nan,nan,0.23
5/11/2025 13:10:16,1.17.0,PRexp,10,3.89,nan,4,Left,Left,4876,444,363,5,nan,nan,0.48
5/11/2025 13:10:19,1.17.0,PRexp,10,3.88,nan,4,Left,Left,4877,444,363,5,nan,nan,0.26
5/11/2025 13:10:34,1.17.0,PRexp,10,3.89,3,4,Pellet,Left,4877,444,364,6,10.46,55,nan
5/11/2025 13:11:15,1.17.0,PRexp,10,3.89,nan,5,Left,Left,4878,444,364,6,nan,nan,0.25
5/11/2025 13:11:17,1.17.0,PRexp,10,3.88,nan,5,Left,Left,4879,444,364,6,nan,nan,0.46
5/11/2025 13:11:19,1.17.0,PRexp,10,3.89,nan,5,Left,Left,4880,444,364,6,nan,nan,0.02
5/11/2025 13:11:23,1.17.0,PRexp,10,3.89,nan,5,Left,Left,4881,444,364,6,nan,nan,1.15
5/11/2025 13:11:26,1.17.0,PRexp,10,3.88,nan,5,Left,Left,4882,444,364,6,nan,nan,0.57
5/11/2025 13:11:29,1.17.0,PRexp,10,3.89,2,5,Pellet,Left,4882,444,365,7,0.30,55,nan
5/11/2025 13:15:46,1.17.0,PRexp,10,3.89,nan,6,Left,Left,4883,444,365,7,nan,nan,0.10
5/11/2025 13:15:48,1.17.0,PRexp,10,3.89,nan,6,Left,Left,4884,444,365,7,nan,nan,0.21
5/11/2025 13:15:52,1.17.0,PRexp,10,3.89,nan,6,Left,Left,4885,444,365,7,nan,nan,0.81
5/11/2025 13:15:55,1.17.0,PRexp,10,3.89,nan,6,Left,Left,4886,444,365,7,nan,nan,0.23
5/11/2025 13:15:58,1.17.0,PRexp,10,3.88,nan,6,Left,Left,4887,444,365,7,nan,nan,0.25
5/11/2025 13:15:59,1.17.0,PRexp,10,3.88,nan,6,Left,Left,4888,444,365,7,nan,nan,0.00
5/11/2025 13:16:02,1.17.0,PRexp,10,3.88,2,6,Pellet,Left,4888,444,366,8,0.18,273,nan
5/11/2025 13:16:34,1.17.0,PRexp,10,3.88,nan,7,Left,Left,4889,444,366,8,nan,nan,0.44
5/11/2025 13:16:36,1.17.0,PRexp,10,3.88,nan,7,Left,Left,4890,444,366,8,nan,nan,0.30
5/11/2025 13:16:39,1.17.0,PRexp,10,3.88,nan,7,Left,Left,4891,444,366,8,nan,nan,0.53
5/11/2025 13:16:42,1.17.0,PRexp,10,3.89,nan,7,Left,Left,4892,444,366,8,nan,nan,0.06
5/11/2025 13:16:43,1.17.0,PRexp,10,3.89,nan,7,Left,Left,4893,444,366,8,nan,nan,0.08
5/11/2025 13:16:45,1.17.0,PRexp,10,3.89,nan,7,Left,Left,4894,444,366,8,nan,nan,0.27
5/11/2025 13:16:47,1.17.0,PRexp,10,3.88,nan,7,Left,Left,4895,444,366,8,nan,nan,0.42
5/11/2025 13:17:03,1.17.0,PRexp,10,3.89,2,7,Pellet,Left,4895,444,367,9,11.08,61,nan
5/11/2025 13:17:28,1.17.0,PRexp,10,3.89,nan,9,Left,Left,4896,444,367,9,nan,nan,0.12
5/11/2025 13:17:31,1.17.0,PRexp,10,3.89,nan,9,Left,Left,4897,444,367,9,nan,nan,0.08
5/11/2025 13:17:37,1.17.0,PRexp,10,3.89,nan,9,Left,Left,4898,444,367,9,nan,nan,0.45
5/11/2025 13:17:40,1.17.0,PRexp,10,3.88,nan,9,Left,Left,4899,444,367,9,nan,nan,0.37
5/11/2025 13:17:41,1.17.0,PRexp,10,3.89,nan,9,Left,Left,4900,444,367,9,nan,nan,0.00
5/11/2025 13:17:42,1.17.0,PRexp,10,3.89,nan,9,Left,Left,4901,444,367,9,nan,nan,0.30
5/11/2025 13:17:44,1.17.0,PRexp,10,3.88,nan,9,Left,Left,4902,444,367,9,nan,nan,0.26
5/11/2025 13:17:48,1.17.0,PRexp,10,3.88,nan,9,Left,Left,4903,444,367,9,nan,nan,0.26
5/11/2025 13:17:50,1.17.0,PRexp,10,3.88,nan,9,Left,Left,4904,444,367,9,nan,nan,0.39
5/11/2025 13:17:52,1.17.0,PRexp,10,3.88,2,9,Pellet,Left,4904,444,368,10,0.06,49,nan
5/11/2025 14:10:43,1.17.0,PRexp,10,3.87,nan,1,Left,Left,4905,444,368,0,nan,nan,0.38
5/11/2025 14:10:49,1.17.0,PRexp,10,3.89,2,1,Pellet,Left,4905,444,369,1,3.25,3177,nan
5/11/2025 14:15:14,1.17.0,PRexp,10,3.88,nan,1,Left,Left,4906,444,369,1,nan,nan,1.22
5/11/2025 14:15:17,1.17.0,PRexp,10,3.89,2,1,Pellet,Left,4906,444,370,2,0.24,268,nan
5/11/2025 14:15:44,1.17.0,PRexp,10,3.88,nan,2,Left,Left,4907,444,370,2,nan,nan,0.09
5/11/2025 14:15:48,1.17.0,PRexp,10,3.88,nan,2,Left,Left,4908,444,370,2,nan,nan,0.05
5/11/2025 14:15:51,1.17.0,PRexp,10,3.88,2,2,Pellet,Left,4908,444,371,3,0.06,34,nan
5/11/2025 14:16:22,1.17.0,PRexp,10,3.88,nan,2,Left,Left,4909,444,371,3,nan,nan,0.07
5/11/2025 14:16:32,1.17.0,PRexp,10,3.88,nan,2,Left,Left,4910,444,371,3,nan,nan,0.66
5/11/2025 14:16:52,1.17.0,PRexp,10,3.88,3,2,Pellet,Left,4910,444,372,4,13.16,61,nan
5/11/2025 14:17:54,1.17.0,PRexp,10,3.88,nan,3,Left,Left,4911,444,372,4,nan,nan,0.15
5/11/2025 14:17:57,1.17.0,PRexp,10,3.87,nan,3,Left,Left,4912,444,372,4,nan,nan,0.71
5/11/2025 14:18:00,1.17.0,PRexp,10,3.88,nan,3,Left,Left,4913,444,372,4,nan,nan,0.29
5/11/2025 14:18:03,1.17.0,PRexp,10,3.88,2,3,Pellet,Left,4913,444,373,5,0.67,71,nan
5/11/2025 14:18:57,1.17.0,PRexp,10,3.88,nan,4,Left,Left,4914,444,373,5,nan,nan,0.26
5/11/2025 14:19:02,1.17.0,PRexp,10,3.88,nan,4,Left,Left,4915,444,373,5,nan,nan,0.71
5/11/2025 14:19:04,1.17.0,PRexp,10,3.88,nan,4,Left,Left,4916,444,373,5,nan,nan,0.40
5/11/2025 14:19:06,1.17.0,PRexp,10,3.88,nan,4,Left,Left,4917,444,373,5,nan,nan,0.62
5/11/2025 14:19:22,1.17.0,PRexp,10,3.88,3,4,Pellet,Left,4917,444,374,6,9.46,79,nan
5/11/2025 14:25:13,1.17.0,PRexp,10,3.88,nan,5,Left,Left,4918,444,374,6,nan,nan,0.07
5/11/2025 14:25:20,1.17.0,PRexp,10,3.88,nan,5,Left,Left,4919,444,374,6,nan,nan,0.11
5/11/2025 14:26:13,1.17.0,PRexp,10,3.88,nan,5,Left,Left,4920,444,374,6,nan,nan,0.29
5/11/2025 14:26:29,1.17.0,PRexp,10,3.88,nan,5,Left,Left,4921,444,374,6,nan,nan,0.14
5/11/2025 15:05:22,1.17.0,PRexp,10,3.88,nan,1,Left,Left,4922,444,374,0,nan,nan,0.36
5/11/2025 15:05:25,1.17.0,PRexp,10,3.88,2,1,Pellet,Left,4922,444,375,1,0.36,2763,nan
5/11/2025 15:06:11,1.17.0,PRexp,10,3.88,nan,1,Left,Left,4923,444,375,1,nan,nan,0.34
5/11/2025 15:06:14,1.17.0,PRexp,10,3.88,2,1,Pellet,Left,4923,444,376,2,0.12,49,nan
5/11/2025 15:07:07,1.17.0,PRexp,10,3.88,nan,2,Left,Left,4924,444,376,2,nan,nan,0.04
5/11/2025 15:07:10,1.17.0,PRexp,10,3.89,nan,2,Left,Left,4925,444,376,2,nan,nan,0.25
5/11/2025 15:07:13,1.17.0,PRexp,10,3.88,2,2,Pellet,Left,4925,444,377,3,0.12,59,nan
5/11/2025 15:08:06,1.17.0,PRexp,10,3.88,nan,2,Left,Left,4926,444,377,3,nan,nan,0.14
5/11/2025 15:08:14,1.17.0,PRexp,10,3.89,nan,2,Left,Left,4927,444,377,3,nan,nan,0.11
5/11/2025 15:08:16,1.17.0,PRexp,10,3.88,2,2,Pellet,Left,4927,444,378,4,0.30,63,nan
5/11/2025 15:08:54,1.17.0,PRexp,10,3.88,nan,3,Left,Left,4928,444,378,4,nan,nan,1.56
5/11/2025 15:08:57,1.17.0,PRexp,10,3.88,nan,3,Left,Left,4929,444,378,4,nan,nan,0.02
5/11/2025 15:09:01,1.17.0,PRexp,10,3.88,nan,3,Left,Left,4930,444,378,4,nan,nan,0.08
5/11/2025 15:09:04,1.17.0,PRexp,10,3.88,2,3,Pellet,Left,4930,444,379,5,0.12,47,nan
5/11/2025 15:09:41,1.17.0,PRexp,10,3.88,nan,4,Left,Left,4931,444,379,5,nan,nan,0.06
5/11/2025 15:09:45,1.17.0,PRexp,10,3.88,nan,4,Left,Left,4932,444,379,5,nan,nan,2.02
5/11/2025 15:09:49,1.17.0,PRexp,10,3.88,nan,4,Left,Left,4933,444,379,5,nan,nan,0.68
5/11/2025 15:09:51,1.17.0,PRexp,10,3.88,nan,4,Left,Left,4934,444,379,5,nan,nan,0.00
5/11/2025 15:10:10,1.17.0,PRexp,10,3.88,3,4,Pellet,Left,4934,444,380,6,14.84,67,nan
5/11/2025 15:11:19,1.17.0,PRexp,10,3.88,nan,5,Left,Left,4935,444,380,6,nan,nan,0.12
5/11/2025 15:11:26,1.17.0,PRexp,10,3.88,nan,5,Left,Left,4936,444,380,6,nan,nan,0.21
5/11/2025 15:19:03,1.17.0,PRexp,10,3.88,nan,5,Left,Left,4937,444,380,6,nan,nan,0.12
5/11/2025 15:19:05,1.17.0,PRexp,10,3.88,nan,5,Left,Left,4938,444,380,6,nan,nan,0.15
5/11/2025 15:19:09,1.17.0,PRexp,10,3.88,nan,5,Left,Left,4939,444,380,6,nan,nan,0.64
5/11/2025 15:19:14,1.17.0,PRexp,10,3.88,2,5,Pellet,Left,4939,444,381,7,0.18,544,nan
5/11/2025 15:19:48,1.17.0,PRexp,10,3.88,nan,6,Left,Left,4940,444,381,7,nan,nan,0.42
5/11/2025 15:19:51,1.17.0,PRexp,10,3.88,nan,6,Left,Left,4941,444,381,7,nan,nan,0.14
5/11/2025 15:19:53,1.17.0,PRexp,10,3.88,nan,6,Left,Left,4942,444,381,7,nan,nan,0.59
5/11/2025 15:19:56,1.17.0,PRexp,10,3.87,nan,6,Left,Left,4943,444,381,7,nan,nan,1.27
5/11/2025 15:19:59,1.17.0,PRexp,10,3.88,nan,6,Left,Left,4944,444,381,7,nan,nan,0.29
5/11/2025 15:37:38,1.17.0,PRexp,10,3.88,nan,6,Left,Left,4945,444,381,7,nan,nan,0.22
5/11/2025 15:37:41,1.17.0,PRexp,10,3.88,1,6,Pellet,Left,4945,444,382,8,0.85,1107,nan
5/11/2025 15:38:21,1.17.0,PRexp,10,3.88,nan,7,Left,Left,4946,444,382,8,nan,nan,0.57
5/11/2025 15:38:23,1.17.0,PRexp,10,3.88,nan,7,Left,Left,4947,444,382,8,nan,nan,0.49
5/11/2025 15:38:26,1.17.0,PRexp,10,3.88,nan,7,Left,Left,4948,444,382,8,nan,nan,0.03
5/11/2025 15:38:29,1.17.0,PRexp,10,3.89,nan,7,Left,Left,4949,444,382,8,nan,nan,0.21
5/11/2025 15:38:31,1.17.0,PRexp,10,3.88,nan,7,Left,Left,4950,444,382,8,nan,nan,0.05
5/11/2025 15:38:34,1.17.0,PRexp,10,3.89,nan,7,Left,Left,4951,444,382,8,nan,nan,0.36
5/11/2025 15:38:36,1.17.0,PRexp,10,3.88,nan,7,Left,Left,4952,444,382,8,nan,nan,0.32
5/11/2025 15:38:53,1.17.0,PRexp,10,3.88,3,7,Pellet,Left,4952,444,383,9,12.32,72,nan
5/11/2025 16:04:43,1.17.0,PRexp,10,3.88,nan,9,Left,Left,4953,444,383,9,nan,nan,0.18
5/11/2025 16:04:52,1.17.0,PRexp,10,3.88,nan,9,Left,Left,4954,444,383,9,nan,nan,0.32
5/11/2025 16:04:56,1.17.0,PRexp,10,3.88,nan,9,Left,Left,4955,444,383,9,nan,nan,0.30
5/11/2025 16:04:58,1.17.0,PRexp,10,3.88,nan,9,Left,Left,4956,444,383,9,nan,nan,0.50
5/11/2025 16:05:01,1.17.0,PRexp,10,3.88,nan,9,Left,Left,4957,444,383,9,nan,nan,0.22
5/11/2025 16:15:10,1.17.0,PRexp,10,3.88,nan,9,Left,Left,4958,444,383,9,nan,nan,0.21
5/11/2025 16:15:13,1.17.0,PRexp,10,3.88,nan,9,Left,Left,4959,444,383,9,nan,nan,0.11
5/11/2025 16:15:26,1.17.0,PRexp,10,3.87,nan,9,Left,Left,4960,444,383,9,nan,nan,0.00
5/11/2025 16:41:58,1.17.0,PRexp,10,3.88,nan,9,Left,Left,4961,444,383,9,nan,nan,0.24
5/11/2025 16:42:00,1.17.0,PRexp,10,3.88,2,9,Pellet,Left,4961,444,384,10,0.24,3787,nan
5/11/2025 16:42:47,1.17.0,PRexp,10,3.87,nan,10,Left,Left,4962,444,384,10,nan,nan,0.50
5/11/2025 16:42:50,1.17.0,PRexp,10,3.88,nan,10,Left,Left,4963,444,384,10,nan,nan,0.39
5/11/2025 16:42:53,1.17.0,PRexp,10,3.88,nan,10,Left,Left,4964,444,384,10,nan,nan,0.51
5/11/2025 16:42:56,1.17.0,PRexp,10,3.87,nan,10,Left,Left,4965,444,384,10,nan,nan,0.21
5/11/2025 16:42:58,1.17.0,PRexp,10,3.88,nan,10,Left,Left,4966,444,384,10,nan,nan,0.46
5/11/2025 16:43:03,1.17.0,PRexp,10,3.89,nan,10,Left,Left,4967,444,384,10,nan,nan,0.93
5/11/2025 16:43:06,1.17.0,PRexp,10,3.87,nan,10,Left,Left,4968,444,384,10,nan,nan,0.80
5/11/2025 16:43:11,1.17.0,PRexp,10,3.88,nan,10,Left,Left,4969,444,384,10,nan,nan,0.61
5/11/2025 16:43:13,1.17.0,PRexp,10,3.88,nan,10,Left,Left,4970,444,384,10,nan,nan,0.53
5/11/2025 16:43:15,1.17.0,PRexp,10,3.87,nan,10,Left,Left,4971,444,384,10,nan,nan,0.14
5/11/2025 16:43:18,1.17.0,PRexp,10,3.88,2,10,Pellet,Left,4971,444,385,11,0.06,78,nan
5/11/2025 16:44:01,1.17.0,PRexp,10,3.87,nan,12,Left,Left,4972,444,385,11,nan,nan,0.62
5/11/2025 16:44:04,1.17.0,PRexp,10,3.88,nan,12,Left,Left,4973,444,385,11,nan,nan,0.71
5/11/2025 16:44:08,1.17.0,PRexp,10,3.87,nan,12,Left,Left,4974,444,385,11,nan,nan,0.79
5/11/2025 16:44:11,1.17.0,PRexp,10,3.88,nan,12,Left,Left,4975,444,385,11,nan,nan,0.58
5/11/2025 16:44:15,1.17.0,PRexp,10,3.87,nan,12,Left,Left,4976,444,385,11,nan,nan,0.42
5/11/2025 16:44:20,1.17.0,PRexp,10,3.88,nan,12,Left,Left,4977,444,385,11,nan,nan,0.16
5/11/2025 16:44:21,1.17.0,PRexp,10,3.87,nan,12,Left,Left,4978,444,385,11,nan,nan,0.00
5/11/2025 16:44:23,1.17.0,PRexp,10,3.88,nan,12,Left,Left,4979,444,385,11,nan,nan,0.68
5/11/2025 16:44:25,1.17.0,PRexp,10,3.87,nan,12,Left,Left,4980,444,385,11,nan,nan,0.01
5/11/2025 16:44:27,1.17.0,PRexp,10,3.87,nan,12,Left,Left,4981,444,385,11,nan,nan,0.32
5/11/2025 16:44:29,1.17.0,PRexp,10,3.88,nan,12,Left,Left,4982,444,385,11,nan,nan,0.38
5/11/2025 16:44:32,1.17.0,PRexp,10,3.88,nan,12,Left,Left,4983,444,385,11,nan,nan,0.22
5/11/2025 16:44:36,1.17.0,PRexp,10,3.88,2,12,Pellet,Left,4983,444,386,12,0.30,78,nan
5/11/2025 16:45:09,1.17.0,PRexp,10,3.87,nan,13,Left,Left,4984,444,386,12,nan,nan,0.17
5/11/2025 16:45:16,1.17.0,PRexp,10,3.87,nan,13,Left,Left,4985,444,386,12,nan,nan,0.00
5/11/2025 16:45:21,1.17.0,PRexp,10,3.87,nan,13,Left,Left,4986,444,386,12,nan,nan,0.86
5/11/2025 16:45:24,1.17.0,PRexp,10,3.88,nan,13,Left,Left,4987,444,386,12,nan,nan,1.10
5/11/2025 16:45:28,1.17.0,PRexp,10,3.88,nan,13,Left,Left,4988,444,386,12,nan,nan,0.36
5/11/2025 16:45:33,1.17.0,PRexp,10,3.87,nan,13,Left,Left,4989,444,386,12,nan,nan,1.99
5/11/2025 16:45:37,1.17.0,PRexp,10,3.88,nan,13,Left,Left,4990,444,386,12,nan,nan,0.43
5/11/2025 16:45:39,1.17.0,PRexp,10,3.88,nan,13,Left,Left,4991,444,386,12,nan,nan,0.20
5/11/2025 16:45:44,1.17.0,PRexp,10,3.87,nan,13,Left,Left,4992,444,386,12,nan,nan,0.11
5/11/2025 16:45:46,1.17.0,PRexp,10,3.88,nan,13,Left,Left,4993,444,386,12,nan,nan,0.00
5/11/2025 16:45:49,1.17.0,PRexp,10,3.87,nan,13,Left,Left,4994,444,386,12,nan,nan,0.94
5/11/2025 16:45:51,1.17.0,PRexp,10,3.88,nan,13,Left,Left,4995,444,386,12,nan,nan,0.05
5/11/2025 16:45:55,1.17.0,PRexp,10,3.87,nan,13,Left,Left,4996,444,386,12,nan,nan,0.76
5/11/2025 16:45:58,1.17.0,PRexp,10,3.87,2,13,Pellet,Left,4996,444,387,13,0.06,81,nan
5/11/2025 17:00:13,1.17.0,PRexp,10,3.88,nan,15,Left,Left,4997,444,387,13,nan,nan,0.20
5/11/2025 17:00:18,1.17.0,PRexp,10,3.87,nan,15,Left,Left,4998,444,387,13,nan,nan,0.35
5/11/2025 17:00:24,1.17.0,PRexp,10,3.87,nan,15,Left,Left,4999,444,387,13,nan,nan,0.25
5/11/2025 17:00:27,1.17.0,PRexp,10,3.88,nan,15,Left,Left,5000,444,387,13,nan,nan,0.24
5/11/2025 17:00:29,1.17.0,PRexp,10,3.87,nan,15,Left,Left,5001,444,387,13,nan,nan,0.44
5/11/2025 17:00:31,1.17.0,PRexp,10,3.88,nan,15,Left,Left,5002,444,387,13,nan,nan,0.24
5/11/2025 17:00:33,1.17.0,PRexp,10,3.88,nan,15,Left,Left,5003,444,387,13,nan,nan,0.33
5/11/2025 17:00:34,1.17.0,PRexp,10,3.87,nan,15,Left,Left,5004,444,387,13,nan,nan,0.00
5/11/2025 17:00:36,1.17.0,PRexp,10,3.87,nan,15,Left,Left,5005,444,387,13,nan,nan,0.00
5/11/2025 17:00:37,1.17.0,PRexp,10,3.88,nan,15,Left,Left,5006,444,387,13,nan,nan,0.25
5/11/2025 17:00:40,1.17.0,PRexp,10,3.87,nan,15,Left,Left,5007,444,387,13,nan,nan,0.23
5/11/2025 17:00:43,1.17.0,PRexp,10,3.88,nan,15,Left,Left,5008,444,387,13,nan,nan,0.12
5/11/2025 17:03:08,1.17.0,PRexp,10,3.87,nan,15,Left,Left,5009,444,387,13,nan,nan,0.08
5/11/2025 17:03:14,1.17.0,PRexp,10,3.87,nan,15,Left,Left,5010,444,387,13,nan,nan,0.02
5/11/2025 17:03:54,1.17.0,PRexp,10,3.87,nan,15,Right,Left,5010,445,387,13,nan,nan,0.17
5/11/2025 17:03:56,1.17.0,PRexp,10,3.88,nan,15,Left,Left,5011,445,387,13,nan,nan,0.28
5/11/2025 17:04:01,1.17.0,PRexp,10,3.87,3,15,Pellet,Left,5011,445,388,14,0.18,1084,nan
5/11/2025 17:04:34,1.17.0,PRexp,10,3.88,nan,17,Left,Left,5012,445,388,14,nan,nan,0.02
5/11/2025 17:04:36,1.17.0,PRexp,10,3.87,nan,17,Left,Left,5013,445,388,14,nan,nan,0.03
5/11/2025 17:04:45,1.17.0,PRexp,10,3.87,nan,17,Left,Left,5014,445,388,14,nan,nan,0.28
5/11/2025 17:04:46,1.17.0,PRexp,10,3.88,nan,17,Left,Left,5015,445,388,14,nan,nan,0.00
5/11/2025 17:04:48,1.17.0,PRexp,10,3.88,nan,17,Left,Left,5016,445,388,14,nan,nan,0.27
5/11/2025 17:04:51,1.17.0,PRexp,10,3.87,nan,17,Left,Left,5017,445,388,14,nan,nan,0.12
5/11/2025 17:04:54,1.17.0,PRexp,10,3.88,nan,17,Left,Left,5018,445,388,14,nan,nan,0.09
5/11/2025 17:04:56,1.17.0,PRexp,10,3.88,nan,17,Left,Left,5019,445,388,14,nan,nan,0.15
5/11/2025 17:05:41,1.17.0,PRexp,10,3.87,nan,17,Right,Left,5019,446,388,14,nan,nan,0.13
5/11/2025 17:05:43,1.17.0,PRexp,10,3.88,nan,17,Left,Left,5020,446,388,14,nan,nan,0.08
5/11/2025 17:05:44,1.17.0,PRexp,10,3.87,nan,17,Left,Left,5021,446,388,14,nan,nan,0.34
5/11/2025 17:05:47,1.17.0,PRexp,10,3.88,nan,17,Left,Left,5022,446,388,14,nan,nan,0.13
5/11/2025 17:05:50,1.17.0,PRexp,10,3.88,nan,17,Left,Left,5023,446,388,14,nan,nan,0.28
5/11/2025 17:06:38,1.17.0,PRexp,10,3.87,nan,17,Left,Left,5024,446,388,14,nan,nan,0.29
5/11/2025 17:07:54,1.17.0,PRexp,10,3.87,nan,17,Left,Left,5025,446,388,14,nan,nan,0.12
5/11/2025 17:08:01,1.17.0,PRexp,10,3.88,nan,17,Left,Left,5026,446,388,14,nan,nan,0.00
5/11/2025 17:08:22,1.17.0,PRexp,10,3.88,nan,17,Left,Left,5027,446,388,14,nan,nan,0.16
5/11/2025 17:08:25,1.17.0,PRexp,10,3.87,nan,17,Left,Left,5028,446,388,14,nan,nan,0.21
5/11/2025 17:08:27,1.17.0,PRexp,10,3.87,2,17,Pellet,Left,5028,446,389,15,0.06,266,nan
5/11/2025 17:08:50,1.17.0,PRexp,10,3.88,nan,20,Right,Left,5028,447,389,15,nan,nan,0.11
5/11/2025 17:08:53,1.17.0,PRexp,10,3.87,nan,20,Left,Left,5029,447,389,15,nan,nan,0.11
5/11/2025 17:09:02,1.17.0,PRexp,10,3.87,nan,20,Left,Left,5030,447,389,15,nan,nan,0.44
5/11/2025 17:10:25,1.17.0,PRexp,10,3.88,nan,20,Left,Left,5031,447,389,15,nan,nan,0.26
5/11/2025 17:10:27,1.17.0,PRexp,10,3.88,nan,20,Left,Left,5032,447,389,15,nan,nan,0.01
5/11/2025 17:10:30,1.17.0,PRexp,10,3.87,nan,20,Left,Left,5033,447,389,15,nan,nan,0.11
5/11/2025 17:10:40,1.17.0,PRexp,10,3.88,nan,20,Left,Left,5034,447,389,15,nan,nan,0.10
5/11/2025 17:10:42,1.17.0,PRexp,10,3.87,nan,20,Left,Left,5035,447,389,15,nan,nan,0.22
5/11/2025 17:12:33,1.17.0,PRexp,10,3.88,nan,20,Left,Left,5036,447,389,15,nan,nan,0.20
5/11/2025 17:12:39,1.17.0,PRexp,10,3.88,nan,20,Left,Left,5037,447,389,15,nan,nan,0.17
5/11/2025 17:12:40,1.17.0,PRexp,10,3.88,nan,20,Left,Left,5038,447,389,15,nan,nan,0.15
5/11/2025 17:12:44,1.17.0,PRexp,10,3.87,nan,20,Left,Left,5039,447,389,15,nan,nan,0.10
5/11/2025 17:12:47,1.17.0,PRexp,10,3.88,nan,20,Right,Left,5039,448,389,15,nan,nan,0.11
5/11/2025 17:12:51,1.17.0,PRexp,10,3.87,nan,20,Left,Left,5040,448,389,15,nan,nan,0.30
5/11/2025 17:12:54,1.17.0,PRexp,10,3.87,nan,20,Left,Left,5041,448,389,15,nan,nan,0.33
5/11/2025 17:12:56,1.17.0,PRexp,10,3.87,nan,20,Left,Left,5042,448,389,15,nan,nan,0.31
5/11/2025 17:12:58,1.17.0,PRexp,10,3.87,nan,20,Left,Left,5043,448,389,15,nan,nan,0.11
5/11/2025 17:15:35,1.17.0,PRexp,10,3.87,nan,20,Left,Left,5044,448,389,15,nan,nan,0.20
5/11/2025 17:15:37,1.17.0,PRexp,10,3.88,nan,20,Left,Left,5045,448,389,15,nan,nan,0.17
5/11/2025 17:15:39,1.17.0,PRexp,10,3.87,nan,20,Left,Left,5046,448,389,15,nan,nan,0.29
5/11/2025 17:15:41,1.17.0,PRexp,10,3.87,nan,20,Left,Left,5047,448,389,15,nan,nan,0.22
5/11/2025 17:15:44,1.17.0,PRexp,10,3.87,nan,20,Left,Left,5048,448,389,15,nan,nan,0.20
5/11/2025 17:15:46,1.17.0,PRexp,10,3.87,2,20,Pellet,Left,5048,448,390,16,0.12,439,nan
5/11/2025 17:16:51,1.17.0,PRexp,10,3.88,nan,22,Left,Left,5049,448,390,16,nan,nan,0.01
5/11/2025 17:16:53,1.17.0,PRexp,10,3.88,nan,22,Left,Left,5050,448,390,16,nan,nan,0.08
5/11/2025 17:17:40,1.17.0,PRexp,10,3.87,nan,22,Left,Left,5051,448,390,16,nan,nan,0.22
5/11/2025 17:17:41,1.17.0,PRexp,10,3.87,nan,22,Left,Left,5052,448,390,16,nan,nan,0.00
5/11/2025 17:17:43,1.17.0,PRexp,10,3.88,nan,22,Left,Left,5053,448,390,16,nan,nan,0.20
5/11/2025 17:17:44,1.17.0,PRexp,10,3.87,nan,22,Left,Left,5054,448,390,16,nan,nan,0.12
5/11/2025 17:18:38,1.17.0,PRexp,10,3.87,nan,22,Left,Left,5055,448,390,16,nan,nan,0.09
5/11/2025 17:18:50,1.17.0,PRexp,10,3.87,nan,22,Left,Left,5056,448,390,16,nan,nan,0.02
5/11/2025 17:18:51,1.17.0,PRexp,10,3.88,nan,22,Left,Left,5057,448,390,16,nan,nan,0.00
5/11/2025 17:18:52,1.17.0,PRexp,10,3.88,nan,22,Left,Left,5058,448,390,16,nan,nan,0.00
5/11/2025 17:18:56,1.17.0,PRexp,10,3.88,nan,22,Left,Left,5059,448,390,16,nan,nan,0.16
5/11/2025 17:19:01,1.17.0,PRexp,10,3.88,nan,22,Left,Left,5060,448,390,16,nan,nan,0.53
5/11/2025 17:19:12,1.17.0,PRexp,10,3.87,nan,22,Left,Left,5061,448,390,16,nan,nan,0.05
5/11/2025 17:20:14,1.17.0,PRexp,10,3.87,nan,22,Left,Left,5062,448,390,16,nan,nan,0.18
5/11/2025 17:20:16,1.17.0,PRexp,10,3.88,nan,22,Left,Left,5063,448,390,16,nan,nan,0.20
5/11/2025 17:20:19,1.17.0,PRexp,10,3.88,nan,22,Left,Left,5064,448,390,16,nan,nan,0.16
5/11/2025 17:21:23,1.17.0,PRexp,10,3.88,nan,22,Left,Left,5065,448,390,16,nan,nan,0.16
5/11/2025 17:21:25,1.17.0,PRexp,10,3.88,nan,22,Left,Left,5066,448,390,16,nan,nan,0.21
5/11/2025 17:24:35,1.17.0,PRexp,10,3.88,nan,22,Left,Left,5067,448,390,16,nan,nan,0.11
5/11/2025 17:24:37,1.17.0,PRexp,10,3.88,nan,22,Left,Left,5068,448,390,16,nan,nan,0.31
5/11/2025 17:24:39,1.17.0,PRexp,10,3.88,nan,22,Left,Left,5069,448,390,16,nan,nan,0.23
5/11/2025 17:24:41,1.17.0,PRexp,10,3.88,nan,22,Left,Left,5070,448,390,16,nan,nan,0.03
5/11/2025 17:25:00,1.17.0,PRexp,10,3.88,3,22,Pellet,Left,5070,448,391,17,13.91,554,nan
5/11/2025 17:26:06,1.17.0,PRexp,10,3.87,nan,25,Left,Left,5071,448,391,17,nan,nan,0.00
5/11/2025 17:27:32,1.17.0,PRexp,10,3.88,nan,25,Left,Left,5072,448,391,17,nan,nan,0.05
5/11/2025 17:27:33,1.17.0,PRexp,10,3.87,nan,25,Left,Left,5073,448,391,17,nan,nan,0.16
5/11/2025 17:27:41,1.17.0,PRexp,10,3.87,nan,25,Left,Left,5074,448,391,17,nan,nan,0.10
5/11/2025 17:27:43,1.17.0,PRexp,10,3.87,nan,25,Left,Left,5075,448,391,17,nan,nan,0.06
5/11/2025 17:27:45,1.17.0,PRexp,10,3.87,nan,25,Left,Left,5076,448,391,17,nan,nan,0.05
5/11/2025 17:27:47,1.17.0,PRexp,10,3.87,nan,25,Left,Left,5077,448,391,17,nan,nan,0.10
5/11/2025 17:27:53,1.17.0,PRexp,10,3.87,nan,25,Left,Left,5078,448,391,17,nan,nan,0.02
5/11/2025 17:28:03,1.17.0,PRexp,10,3.88,nan,25,Left,Left,5079,448,391,17,nan,nan,0.08
5/11/2025 17:28:08,1.17.0,PRexp,10,3.87,nan,25,Left,Left,5080,448,391,17,nan,nan,0.02
5/11/2025 17:30:03,1.17.0,PRexp,10,3.87,nan,25,Right,Left,5080,449,391,17,nan,nan,0.20
5/11/2025 17:30:05,1.17.0,PRexp,10,3.87,nan,25,Left,Left,5081,449,391,17,nan,nan,0.10
5/11/2025 17:30:06,1.17.0,PRexp,10,3.87,nan,25,Left,Left,5082,449,391,17,nan,nan,0.15
5/11/2025 17:30:08,1.17.0,PRexp,10,3.87,nan,25,Left,Left,5083,449,391,17,nan,nan,0.18
5/11/2025 17:30:10,1.17.0,PRexp,10,3.87,nan,25,Left,Left,5084,449,391,17,nan,nan,0.47
5/11/2025 17:30:12,1.17.0,PRexp,10,3.87,nan,25,Left,Left,5085,449,391,17,nan,nan,0.16
5/11/2025 17:30:15,1.17.0,PRexp,10,3.87,nan,25,Left,Left,5086,449,391,17,nan,nan,0.15
5/11/2025 17:30:16,1.17.0,PRexp,10,3.88,nan,25,Left,Left,5087,449,391,17,nan,nan,0.06
5/11/2025 17:30:17,1.17.0,PRexp,10,3.87,nan,25,Left,Left,5088,449,391,17,nan,nan,0.00
5/11/2025 17:30:20,1.17.0,PRexp,10,3.88,nan,25,Left,Left,5089,449,391,17,nan,nan,0.56
5/11/2025 17:30:22,1.17.0,PRexp,10,3.87,nan,25,Left,Left,5090,449,391,17,nan,nan,0.41
5/11/2025 17:30:25,1.17.0,PRexp,10,3.87,nan,25,Left,Left,5091,449,391,17,nan,nan,0.15
5/11/2025 17:30:27,1.17.0,PRexp,10,3.87,nan,25,Left,Left,5092,449,391,17,nan,nan,0.62
5/11/2025 17:30:31,1.17.0,PRexp,10,3.87,nan,25,Left,Left,5093,449,391,17,nan,nan,0.53
5/11/2025 17:30:59,1.17.0,PRexp,10,3.87,nan,25,Left,Left,5094,449,391,17,nan,nan,0.10
5/11/2025 17:31:25,1.17.0,PRexp,10,3.88,nan,25,Right,Left,5094,450,391,17,nan,nan,0.25
5/11/2025 17:31:32,1.17.0,PRexp,10,3.87,nan,25,Left,Left,5095,450,391,17,nan,nan,0.00
5/11/2025 17:31:54,1.17.0,PRexp,10,3.87,2,25,Pellet,Left,5095,450,392,18,18.36,414,nan
5/11/2025 17:32:20,1.17.0,PRexp,10,3.87,nan,28,Left,Left,5096,450,392,18,nan,nan,0.17
5/11/2025 17:32:34,1.17.0,PRexp,10,3.87,nan,28,Right,Left,5096,451,392,18,nan,nan,0.17
5/11/2025 17:32:46,1.17.0,PRexp,10,3.87,nan,28,Left,Left,5097,451,392,18,nan,nan,0.16
5/11/2025 17:32:48,1.17.0,PRexp,10,3.87,nan,28,Left,Left,5098,451,392,18,nan,nan,0.03
5/11/2025 17:32:53,1.17.0,PRexp,10,3.87,nan,28,Right,Left,5098,452,392,18,nan,nan,0.07
5/11/2025 17:33:39,1.17.0,PRexp,10,3.87,nan,28,Left,Left,5099,452,392,18,nan,nan,0.11
5/11/2025 17:33:41,1.17.0,PRexp,10,3.87,nan,28,Left,Left,5100,452,392,18,nan,nan,0.29
5/11/2025 17:33:42,1.17.0,PRexp,10,3.87,nan,28,Left,Left,5101,452,392,18,nan,nan,0.00
5/11/2025 17:33:44,1.17.0,PRexp,10,3.87,nan,28,Left,Left,5102,452,392,18,nan,nan,0.21
5/11/2025 17:33:47,1.17.0,PRexp,10,3.87,nan,28,Left,Left,5103,452,392,18,nan,nan,0.20
5/11/2025 17:34:31,1.17.0,PRexp,10,3.87,nan,28,Left,Left,5104,452,392,18,nan,nan,0.04
5/11/2025 17:34:54,1.17.0,PRexp,10,3.87,nan,28,Left,Left,5105,452,392,18,nan,nan,0.20
5/11/2025 17:41:47,1.17.0,PRexp,10,3.87,nan,28,Left,Left,5106,452,392,18,nan,nan,0.19
5/11/2025 18:01:51,1.17.0,PRexp,10,3.87,nan,28,Left,Left,5107,452,392,18,nan,nan,0.02
5/11/2025 18:01:58,1.17.0,PRexp,10,3.88,nan,28,Left,Left,5108,452,392,18,nan,nan,0.40
5/11/2025 18:02:01,1.17.0,PRexp,10,3.87,nan,28,Left,Left,5109,452,392,18,nan,nan,0.06
5/11/2025 18:02:05,1.17.0,PRexp,10,3.87,nan,28,Left,Left,5110,452,392,18,nan,nan,0.24
5/11/2025 18:15:13,1.17.0,PRexp,10,3.87,nan,28,Left,Left,5111,452,392,18,nan,nan,1.14
5/11/2025 18:15:16,1.17.0,PRexp,10,3.87,nan,28,Left,Left,5112,452,392,18,nan,nan,0.75
5/11/2025 18:15:25,1.17.0,PRexp,10,3.87,nan,28,Left,Left,5113,452,392,18,nan,nan,0.08
5/11/2025 18:15:26,1.17.0,PRexp,10,3.87,nan,28,Left,Left,5114,452,392,18,nan,nan,0.00
5/11/2025 18:15:29,1.17.0,PRexp,10,3.87,nan,28,Left,Left,5115,452,392,18,nan,nan,0.08
5/11/2025 18:15:38,1.17.0,PRexp,10,3.87,nan,28,Left,Left,5116,452,392,18,nan,nan,0.16
5/11/2025 18:15:40,1.17.0,PRexp,10,3.87,nan,28,Left,Left,5117,452,392,18,nan,nan,0.05
5/11/2025 18:15:45,1.17.0,PRexp,10,3.87,nan,28,Left,Left,5118,452,392,18,nan,nan,0.38
5/11/2025 18:15:49,1.17.0,PRexp,10,3.87,nan,28,Left,Left,5119,452,392,18,nan,nan,0.60
5/11/2025 18:29:28,1.17.0,PRexp,10,3.87,nan,28,Left,Left,5120,452,392,18,nan,nan,0.21
5/11/2025 18:29:32,1.17.0,PRexp,10,3.87,nan,28,Left,Left,5121,452,392,18,nan,nan,0.68
5/11/2025 18:29:36,1.17.0,PRexp,10,3.87,nan,28,Left,Left,5122,452,392,18,nan,nan,1.19
5/11/2025 18:29:40,1.17.0,PRexp,10,3.87,nan,28,Left,Left,5123,452,392,18,nan,nan,1.07
5/11/2025 18:29:43,1.17.0,PRexp,10,3.87,2,28,Pellet,Left,5123,452,393,19,0.24,3469,nan
5/11/2025 18:30:12,1.17.0,PRexp,10,3.87,nan,32,Left,Left,5124,452,393,19,nan,nan,0.03
5/11/2025 18:30:25,1.17.0,PRexp,10,3.87,nan,32,Left,Left,5125,452,393,19,nan,nan,0.03
5/11/2025 18:30:30,1.17.0,PRexp,10,3.87,nan,32,Left,Left,5126,452,393,19,nan,nan,0.13
5/11/2025 18:30:36,1.17.0,PRexp,10,3.87,nan,32,Left,Left,5127,452,393,19,nan,nan,0.76
5/11/2025 18:30:37,1.17.0,PRexp,10,3.87,nan,32,Left,Left,5128,452,393,19,nan,nan,0.46
5/11/2025 18:30:41,1.17.0,PRexp,10,3.87,nan,32,Left,Left,5129,452,393,19,nan,nan,0.81
5/11/2025 18:30:46,1.17.0,PRexp,10,3.87,nan,32,Left,Left,5130,452,393,19,nan,nan,0.08
5/11/2025 18:30:48,1.17.0,PRexp,10,3.87,nan,32,Left,Left,5131,452,393,19,nan,nan,0.13
5/11/2025 18:30:52,1.17.0,PRexp,10,3.87,nan,32,Left,Left,5132,452,393,19,nan,nan,0.31
5/11/2025 18:30:56,1.17.0,PRexp,10,3.87,nan,32,Left,Left,5133,452,393,19,nan,nan,0.36
5/11/2025 18:30:58,1.17.0,PRexp,10,3.87,nan,32,Left,Left,5134,452,393,19,nan,nan,0.34
5/11/2025 18:30:59,1.17.0,PRexp,10,3.87,nan,32,Left,Left,5135,452,393,19,nan,nan,0.03
5/11/2025 18:31:03,1.17.0,PRexp,10,3.87,nan,32,Left,Left,5136,452,393,19,nan,nan,1.07
5/11/2025 18:31:06,1.17.0,PRexp,10,3.87,nan,32,Left,Left,5137,452,393,19,nan,nan,1.48
5/11/2025 18:31:14,1.17.0,PRexp,10,3.87,nan,32,Left,Left,5138,452,393,19,nan,nan,0.02
5/11/2025 18:31:18,1.17.0,PRexp,10,3.88,nan,32,Left,Left,5139,452,393,19,nan,nan,0.01
5/11/2025 18:31:26,1.17.0,PRexp,10,3.87,nan,32,Left,Left,5140,452,393,19,nan,nan,0.65
5/11/2025 18:31:32,1.17.0,PRexp,10,3.87,nan,32,Left,Left,5141,452,393,19,nan,nan,2.12
5/11/2025 18:31:36,1.17.0,PRexp,10,3.87,nan,32,Left,Left,5142,452,393,19,nan,nan,0.25
5/11/2025 18:31:41,1.17.0,PRexp,10,3.87,nan,32,Left,Left,5143,452,393,19,nan,nan,0.50
5/11/2025 18:31:47,1.17.0,PRexp,10,3.87,nan,32,Left,Left,5144,452,393,19,nan,nan,0.11
5/11/2025 18:31:57,1.17.0,PRexp,10,3.87,nan,32,Left,Left,5145,452,393,19,nan,nan,2.43
5/11/2025 18:32:03,1.17.0,PRexp,10,3.87,nan,32,Left,Left,5146,452,393,19,nan,nan,1.50
5/11/2025 18:32:09,1.17.0,PRexp,10,3.88,nan,32,Left,Left,5147,452,393,19,nan,nan,0.86
5/11/2025 18:32:13,1.17.0,PRexp,10,3.87,nan,32,Left,Left,5148,452,393,19,nan,nan,0.46
5/11/2025 18:32:16,1.17.0,PRexp,10,3.87,nan,32,Left,Left,5149,452,393,19,nan,nan,0.07
5/11/2025 18:32:22,1.17.0,PRexp,10,3.87,nan,32,Left,Left,5150,452,393,19,nan,nan,0.24
5/11/2025 18:32:28,1.17.0,PRexp,10,3.87,nan,32,Left,Left,5151,452,393,19,nan,nan,0.00
5/11/2025 18:38:48,1.17.0,PRexp,10,3.87,nan,32,Left,Left,5152,452,393,19,nan,nan,0.14
5/11/2025 18:38:54,1.17.0,PRexp,10,3.87,nan,32,Left,Left,5153,452,393,19,nan,nan,0.08
5/11/2025 18:39:03,1.17.0,PRexp,10,3.87,nan,32,Left,Left,5154,452,393,19,nan,nan,0.37
5/11/2025 18:39:07,1.17.0,PRexp,10,3.87,nan,32,Left,Left,5155,452,393,19,nan,nan,0.02
5/11/2025 18:39:11,1.17.0,PRexp,10,3.87,2,32,Pellet,Left,5155,452,394,20,0.06,568,nan
5/11/2025 18:40:11,1.17.0,PRexp,10,3.87,nan,36,Left,Left,5156,452,394,20,nan,nan,0.37
5/11/2025 18:40:14,1.17.0,PRexp,10,3.87,nan,36,Left,Left,5157,452,394,20,nan,nan,0.14
5/11/2025 18:40:17,1.17.0,PRexp,10,3.87,nan,36,Left,Left,5158,452,394,20,nan,nan,0.24
5/11/2025 18:40:18,1.17.0,PRexp,10,3.87,nan,36,Left,Left,5159,452,394,20,nan,nan,0.00
5/11/2025 18:40:22,1.17.0,PRexp,10,3.88,nan,36,Left,Left,5160,452,394,20,nan,nan,0.79
5/11/2025 18:40:23,1.17.0,PRexp,10,3.87,nan,36,Left,Left,5161,452,394,20,nan,nan,0.00
5/11/2025 18:40:28,1.17.0,PRexp,10,3.87,nan,36,Left,Left,5162,452,394,20,nan,nan,1.33
5/11/2025 18:40:31,1.17.0,PRexp,10,3.87,nan,36,Left,Left,5163,452,394,20,nan,nan,0.64
5/11/2025 18:40:34,1.17.0,PRexp,10,3.87,nan,36,Left,Left,5164,452,394,20,nan,nan,0.32
5/11/2025 18:40:37,1.17.0,PRexp,10,3.87,nan,36,Left,Left,5165,452,394,20,nan,nan,0.65
5/11/2025 18:40:43,1.17.0,PRexp,10,3.87,nan,36,Left,Left,5166,452,394,20,nan,nan,2.42
5/11/2025 18:40:48,1.17.0,PRexp,10,3.87,nan,36,Left,Left,5167,452,394,20,nan,nan,1.02
5/11/2025 18:40:50,1.17.0,PRexp,10,3.87,nan,36,Left,Left,5168,452,394,20,nan,nan,0.00
5/11/2025 18:40:54,1.17.0,PRexp,10,3.87,nan,36,Left,Left,5169,452,394,20,nan,nan,0.72
5/11/2025 18:40:57,1.17.0,PRexp,10,3.87,nan,36,Left,Left,5170,452,394,20,nan,nan,0.11
5/11/2025 18:41:02,1.17.0,PRexp,10,3.87,nan,36,Left,Left,5171,452,394,20,nan,nan,0.33
5/11/2025 18:41:06,1.17.0,PRexp,10,3.87,nan,36,Left,Left,5172,452,394,20,nan,nan,0.24
5/11/2025 18:41:11,1.17.0,PRexp,10,3.87,nan,36,Left,Left,5173,452,394,20,nan,nan,0.02
5/11/2025 18:41:12,1.17.0,PRexp,10,3.87,nan,36,Left,Left,5174,452,394,20,nan,nan,0.21
5/11/2025 18:54:08,1.17.0,PRexp,10,3.87,nan,36,Left,Left,5175,452,394,20,nan,nan,0.12
5/11/2025 18:54:14,1.17.0,PRexp,10,3.87,nan,36,Left,Left,5176,452,394,20,nan,nan,0.30
5/11/2025 18:54:20,1.17.0,PRexp,10,3.87,nan,36,Left,Left,5177,452,394,20,nan,nan,0.16
5/11/2025 18:54:22,1.17.0,PRexp,10,3.87,nan,36,Left,Left,5178,452,394,20,nan,nan,0.59
5/11/2025 18:54:24,1.17.0,PRexp,10,3.87,nan,36,Left,Left,5179,452,394,20,nan,nan,0.43
5/11/2025 18:54:35,1.17.0,PRexp,10,3.87,nan,36,Left,Left,5180,452,394,20,nan,nan,0.40
5/11/2025 18:55:05,1.17.0,PRexp,10,3.87,nan,36,Left,Left,5181,452,394,20,nan,nan,0.52
5/11/2025 18:55:07,1.17.0,PRexp,10,3.88,nan,36,Left,Left,5182,452,394,20,nan,nan,0.25
5/11/2025 18:55:08,1.17.0,PRexp,10,3.87,nan,36,Left,Left,5183,452,394,20,nan,nan,0.00
5/11/2025 18:55:43,1.17.0,PRexp,10,3.87,nan,36,Left,Left,5184,452,394,20,nan,nan,0.22
5/11/2025 18:55:51,1.17.0,PRexp,10,3.87,nan,36,Left,Left,5185,452,394,20,nan,nan,0.14
5/11/2025 18:55:52,1.17.0,PRexp,10,3.87,nan,36,Left,Left,5186,452,394,20,nan,nan,0.03
5/11/2025 18:56:11,1.17.0,PRexp,10,3.87,nan,36,Left,Left,5187,452,394,20,nan,nan,0.20
5/11/2025 18:56:15,1.17.0,PRexp,10,3.87,nan,36,Left,Left,5188,452,394,20,nan,nan,0.25
5/11/2025 18:56:17,1.17.0,PRexp,10,3.87,nan,36,Left,Left,5189,452,394,20,nan,nan,0.25
5/11/2025 18:56:20,1.17.0,PRexp,10,3.87,nan,36,Left,Left,5190,452,394,20,nan,nan,0.16
5/11/2025 18:56:22,1.17.0,PRexp,10,3.87,nan,36,Left,Left,5191,452,394,20,nan,nan,0.31
5/11/2025 18:56:27,1.17.0,PRexp,10,3.87,3,36,Pellet,Left,5191,452,395,21,0.06,1036,nan
5/11/2025 18:57:13,1.17.0,PRexp,10,3.87,nan,40,Right,Left,5191,453,395,21,nan,nan,0.02
5/11/2025 18:57:15,1.17.0,PRexp,10,3.87,nan,40,Left,Left,5192,453,395,21,nan,nan,0.19
5/11/2025 18:57:17,1.17.0,PRexp,10,3.87,nan,40,Left,Left,5193,453,395,21,nan,nan,0.31
5/11/2025 18:57:20,1.17.0,PRexp,10,3.87,nan,40,Left,Left,5194,453,395,21,nan,nan,0.25
5/11/2025 18:57:23,1.17.0,PRexp,10,3.87,nan,40,Left,Left,5195,453,395,21,nan,nan,0.13
5/11/2025 18:57:25,1.17.0,PRexp,10,3.88,nan,40,Left,Left,5196,453,395,21,nan,nan,0.13
5/11/2025 18:57:29,1.17.0,PRexp,10,3.87,nan,40,Left,Left,5197,453,395,21,nan,nan,0.12
5/11/2025 18:58:32,1.17.0,PRexp,10,3.87,nan,40,Left,Left,5198,453,395,21,nan,nan,0.15
5/11/2025 18:59:46,1.17.0,PRexp,10,3.87,nan,40,Left,Left,5199,453,395,21,nan,nan,0.15
5/11/2025 18:59:50,1.17.0,PRexp,10,3.87,nan,40,Left,Left,5200,453,395,21,nan,nan,0.19
5/11/2025 18:59:52,1.17.0,PRexp,10,3.87,nan,40,Left,Left,5201,453,395,21,nan,nan,0.16
5/11/2025 18:59:56,1.17.0,PRexp,10,3.87,nan,40,Left,Left,5202,453,395,21,nan,nan,0.31
5/11/2025 18:59:57,1.17.0,PRexp,10,3.87,nan,40,Left,Left,5203,453,395,21,nan,nan,0.00
5/11/2025 18:59:59,1.17.0,PRexp,10,3.87,nan,40,Left,Left,5204,453,395,21,nan,nan,0.41
5/11/2025 19:00:02,1.17.0,PRexp,10,3.87,nan,40,Left,Left,5205,453,395,21,nan,nan,0.16
5/11/2025 19:00:04,1.17.0,PRexp,10,3.87,nan,40,Left,Left,5206,453,395,21,nan,nan,0.15
5/11/2025 19:00:08,1.17.0,PRexp,10,3.87,nan,40,Left,Left,5207,453,395,21,nan,nan,0.14
5/11/2025 19:00:11,1.17.0,PRexp,10,3.87,nan,40,Left,Left,5208,453,395,21,nan,nan,0.10
5/11/2025 19:01:11,1.17.0,PRexp,10,3.87,nan,40,Left,Left,5209,453,395,21,nan,nan,0.18
5/11/2025 19:01:15,1.17.0,PRexp,10,3.87,nan,40,Left,Left,5210,453,395,21,nan,nan,0.03
5/11/2025 19:01:17,1.17.0,PRexp,10,3.88,nan,40,Left,Left,5211,453,395,21,nan,nan,0.29
5/11/2025 19:01:20,1.17.0,PRexp,10,3.87,nan,40,Left,Left,5212,453,395,21,nan,nan,0.25
5/11/2025 19:01:22,1.17.0,PRexp,10,3.87,nan,40,Left,Left,5213,453,395,21,nan,nan,0.42
5/11/2025 19:01:27,1.17.0,PRexp,10,3.87,nan,40,Left,Left,5214,453,395,21,nan,nan,0.50
5/11/2025 19:01:29,1.17.0,PRexp,10,3.87,nan,40,Left,Left,5215,453,395,21,nan,nan,0.05
5/11/2025 19:01:32,1.17.0,PRexp,10,3.87,nan,40,Left,Left,5216,453,395,21,nan,nan,0.13
5/11/2025 19:01:35,1.17.0,PRexp,10,3.87,nan,40,Left,Left,5217,453,395,21,nan,nan,0.08
5/11/2025 19:04:38,1.17.0,PRexp,10,3.87,nan,40,Left,Left,5218,453,395,21,nan,nan,0.07
5/11/2025 19:04:43,1.17.0,PRexp,10,3.87,nan,40,Left,Left,5219,453,395,21,nan,nan,0.12
5/11/2025 19:04:44,1.17.0,PRexp,10,3.87,nan,40,Left,Left,5220,453,395,21,nan,nan,0.12
5/11/2025 19:04:47,1.17.0,PRexp,10,3.87,nan,40,Left,Left,5221,453,395,21,nan,nan,0.23
5/11/2025 19:04:49,1.17.0,PRexp,10,3.87,nan,40,Left,Left,5222,453,395,21,nan,nan,0.15
5/11/2025 19:04:52,1.17.0,PRexp,10,3.87,nan,40,Left,Left,5223,453,395,21,nan,nan,0.39
5/11/2025 19:04:53,1.17.0,PRexp,10,3.87,nan,40,Left,Left,5224,453,395,21,nan,nan,0.08
5/11/2025 19:05:48,1.17.0,PRexp,10,3.87,nan,40,Left,Left,5225,453,395,21,nan,nan,0.09
5/11/2025 19:05:58,1.17.0,PRexp,10,3.87,nan,40,Right,Left,5225,454,395,21,nan,nan,0.08
5/11/2025 19:06:00,1.17.0,PRexp,10,3.87,nan,40,Left,Left,5226,454,395,21,nan,nan,0.66
5/11/2025 19:06:05,1.17.0,PRexp,10,3.87,nan,40,Left,Left,5227,454,395,21,nan,nan,0.32
5/11/2025 19:06:10,1.17.0,PRexp,10,3.87,nan,40,Left,Left,5228,454,395,21,nan,nan,0.12
5/11/2025 19:06:11,1.17.0,PRexp,10,3.87,nan,40,Left,Left,5229,454,395,21,nan,nan,0.00
5/11/2025 19:06:48,1.17.0,PRexp,10,3.87,nan,40,Right,Left,5229,455,395,21,nan,nan,0.05
5/11/2025 19:07:29,1.17.0,PRexp,10,3.87,nan,40,Right,Left,5229,456,395,21,nan,nan,0.43
5/11/2025 19:07:30,1.17.0,PRexp,10,3.87,nan,40,Right,Left,5229,457,395,21,nan,nan,0.00
5/11/2025 19:07:33,1.17.0,PRexp,10,3.87,nan,40,Left,Left,5230,457,395,21,nan,nan,0.30
5/11/2025 19:07:36,1.17.0,PRexp,10,3.87,nan,40,Left,Left,5231,457,395,21,nan,nan,0.06
5/11/2025 19:07:39,1.17.0,PRexp,10,3.87,2,40,Pellet,Left,5231,457,396,22,0.06,672,nan
5/11/2025 19:08:15,1.17.0,PRexp,10,3.87,nan,45,Left,Left,5232,457,396,22,nan,nan,0.07
5/11/2025 19:08:44,1.17.0,PRexp,10,3.87,nan,45,Left,Left,5233,457,396,22,nan,nan,0.03
5/11/2025 19:08:50,1.17.0,PRexp,10,3.87,nan,45,Left,Left,5234,457,396,22,nan,nan,0.37
5/11/2025 19:08:53,1.17.0,PRexp,10,3.87,nan,45,Left,Left,5235,457,396,22,nan,nan,0.03
5/11/2025 19:10:29,1.17.0,PRexp,10,3.87,nan,45,Left,Left,5236,457,396,22,nan,nan,0.04
5/11/2025 19:13:37,1.17.0,PRexp,10,3.87,nan,45,Left,Left,5237,457,396,22,nan,nan,0.17
5/11/2025 19:13:53,1.17.0,PRexp,10,3.87,nan,45,Left,Left,5238,457,396,22,nan,nan,0.05
5/11/2025 19:13:57,1.17.0,PRexp,10,3.87,nan,45,Left,Left,5239,457,396,22,nan,nan,0.04
5/11/2025 19:13:58,1.17.0,PRexp,10,3.87,nan,45,Left,Left,5240,457,396,22,nan,nan,0.10
5/11/2025 19:14:00,1.17.0,PRexp,10,3.87,nan,45,Left,Left,5241,457,396,22,nan,nan,0.28
5/11/2025 19:14:02,1.17.0,PRexp,10,3.87,nan,45,Left,Left,5242,457,396,22,nan,nan,0.17
5/11/2025 19:14:14,1.17.0,PRexp,10,3.86,nan,45,Left,Left,5243,457,396,22,nan,nan,0.21
5/11/2025 19:14:16,1.17.0,PRexp,10,3.86,nan,45,Left,Left,5244,457,396,22,nan,nan,0.09
5/11/2025 19:14:44,1.17.0,PRexp,10,3.87,nan,45,Left,Left,5245,457,396,22,nan,nan,0.08
5/11/2025 19:15:10,1.17.0,PRexp,10,3.87,nan,45,Right,Left,5245,458,396,22,nan,nan,0.15
5/11/2025 19:15:14,1.17.0,PRexp,10,3.87,nan,45,Left,Left,5246,458,396,22,nan,nan,0.12
5/11/2025 19:16:20,1.17.0,PRexp,10,3.86,nan,45,Left,Left,5247,458,396,22,nan,nan,0.17
5/11/2025 19:16:22,1.17.0,PRexp,10,3.87,nan,45,Left,Left,5248,458,396,22,nan,nan,0.13
5/11/2025 19:17:07,1.17.0,PRexp,10,3.87,nan,45,Left,Left,5249,458,396,22,nan,nan,0.08
5/11/2025 19:17:09,1.17.0,PRexp,10,3.87,nan,45,Left,Left,5250,458,396,22,nan,nan,0.06
5/11/2025 19:17:14,1.17.0,PRexp,10,3.85,nan,45,Left,Left,5251,458,396,22,nan,nan,0.10
5/11/2025 19:18:25,1.17.0,PRexp,10,3.87,nan,45,Right,Left,5251,459,396,22,nan,nan,0.15
5/11/2025 19:18:33,1.17.0,PRexp,10,3.87,nan,45,Left,Left,5252,459,396,22,nan,nan,0.10
5/11/2025 19:18:34,1.17.0,PRexp,10,3.87,nan,45,Left,Left,5253,459,396,22,nan,nan,0.07
5/11/2025 19:18:57,1.17.0,PRexp,10,3.87,nan,45,Left,Left,5254,459,396,22,nan,nan,0.22
5/11/2025 19:19:30,1.17.0,PRexp,10,3.87,nan,45,Left,Left,5255,459,396,22,nan,nan,0.07
5/11/2025 19:19:32,1.17.0,PRexp,10,3.87,nan,45,Left,Left,5256,459,396,22,nan,nan,0.15
5/11/2025 19:19:34,1.17.0,PRexp,10,3.87,nan,45,Left,Left,5257,459,396,22,nan,nan,0.08
5/11/2025 19:19:36,1.17.0,PRexp,10,3.87,nan,45,Left,Left,5258,459,396,22,nan,nan,0.10
5/11/2025 19:19:38,1.17.0,PRexp,10,3.87,nan,45,Left,Left,5259,459,396,22,nan,nan,0.38
5/11/2025 19:19:41,1.17.0,PRexp,10,3.87,nan,45,Left,Left,5260,459,396,22,nan,nan,0.08
5/11/2025 19:20:06,1.17.0,PRexp,10,3.87,nan,45,Right,Left,5260,460,396,22,nan,nan,0.07
5/11/2025 19:20:08,1.17.0,PRexp,10,3.87,nan,45,Left,Left,5261,460,396,22,nan,nan,0.11
5/11/2025 19:20:09,1.17.0,PRexp,10,3.85,nan,45,Left,Left,5262,460,396,22,nan,nan,0.00
5/11/2025 19:20:11,1.17.0,PRexp,10,3.87,nan,45,Left,Left,5263,460,396,22,nan,nan,0.02
5/11/2025 19:20:47,1.17.0,PRexp,10,3.87,nan,45,Left,Left,5264,460,396,22,nan,nan,0.07
5/11/2025 19:20:48,1.17.0,PRexp,10,3.87,nan,45,Left,Left,5265,460,396,22,nan,nan,0.07
5/11/2025 19:21:29,1.17.0,PRexp,10,3.87,nan,45,Left,Left,5266,460,396,22,nan,nan,0.03
5/11/2025 19:21:33,1.17.0,PRexp,10,3.87,nan,45,Left,Left,5267,460,396,22,nan,nan,0.15
5/11/2025 19:21:34,1.17.0,PRexp,10,3.87,nan,45,Left,Left,5268,460,396,22,nan,nan,0.08
5/11/2025 19:21:36,1.17.0,PRexp,10,3.87,nan,45,Left,Left,5269,460,396,22,nan,nan,0.32
5/11/2025 19:21:38,1.17.0,PRexp,10,3.87,nan,45,Left,Left,5270,460,396,22,nan,nan,0.12
5/11/2025 19:21:39,1.17.0,PRexp,10,3.87,nan,45,Left,Left,5271,460,396,22,nan,nan,0.14
5/11/2025 19:21:42,1.17.0,PRexp,10,3.87,nan,45,Left,Left,5272,460,396,22,nan,nan,0.13
5/11/2025 19:21:45,1.17.0,PRexp,10,3.87,nan,45,Left,Left,5273,460,396,22,nan,nan,0.42
5/11/2025 19:21:50,1.17.0,PRexp,10,3.87,nan,45,Left,Left,5274,460,396,22,nan,nan,0.10
5/11/2025 19:21:53,1.17.0,PRexp,10,3.87,nan,45,Left,Left,5275,460,396,22,nan,nan,0.14
5/11/2025 19:22:13,1.17.0,PRexp,10,3.87,nan,45,Left,Left,5276,460,396,22,nan,nan,0.02
5/11/2025 19:22:22,1.17.0,PRexp,10,3.87,5,45,Pellet,Left,5276,460,397,23,0.06,883,nan
5/11/2025 19:22:53,1.17.0,PRexp,10,3.87,nan,50,Left,Left,5277,460,397,23,nan,nan,0.22
5/11/2025 19:23:22,1.17.0,PRexp,10,3.87,nan,50,Left,Left,5278,460,397,23,nan,nan,0.07
5/11/2025 19:23:27,1.17.0,PRexp,10,3.87,nan,50,Left,Left,5279,460,397,23,nan,nan,0.29
5/11/2025 19:23:30,1.17.0,PRexp,10,3.87,nan,50,Left,Left,5280,460,397,23,nan,nan,0.45
5/11/2025 19:23:42,1.17.0,PRexp,10,3.87,nan,50,Left,Left,5281,460,397,23,nan,nan,0.48
5/11/2025 19:23:46,1.17.0,PRexp,10,3.87,nan,50,Left,Left,5282,460,397,23,nan,nan,0.12
5/11/2025 19:23:49,1.17.0,PRexp,10,3.87,nan,50,Left,Left,5283,460,397,23,nan,nan,0.27
5/11/2025 19:23:52,1.17.0,PRexp,10,3.87,nan,50,Left,Left,5284,460,397,23,nan,nan,0.12
5/11/2025 19:23:55,1.17.0,PRexp,10,3.87,nan,50,Left,Left,5285,460,397,23,nan,nan,0.17
5/11/2025 19:25:22,1.17.0,PRexp,10,3.87,nan,50,Right,Left,5285,461,397,23,nan,nan,0.18
5/11/2025 19:25:51,1.17.0,PRexp,10,3.87,nan,50,Left,Left,5286,461,397,23,nan,nan,0.17
5/11/2025 19:25:53,1.17.0,PRexp,10,3.87,nan,50,Left,Left,5287,461,397,23,nan,nan,0.16
5/11/2025 19:25:55,1.17.0,PRexp,10,3.87,nan,50,Left,Left,5288,461,397,23,nan,nan,0.14
5/11/2025 19:25:57,1.17.0,PRexp,10,3.87,nan,50,Left,Left,5289,461,397,23,nan,nan,0.24
5/11/2025 19:26:00,1.17.0,PRexp,10,3.87,nan,50,Left,Left,5290,461,397,23,nan,nan,0.07
5/11/2025 19:26:12,1.17.0,PRexp,10,3.87,nan,50,Left,Left,5291,461,397,23,nan,nan,0.18
5/11/2025 19:27:01,1.17.0,PRexp,10,3.87,nan,50,Right,Left,5291,462,397,23,nan,nan,0.16
5/11/2025 19:27:05,1.17.0,PRexp,10,3.87,nan,50,Right,Left,5291,463,397,23,nan,nan,0.16
5/11/2025 19:27:09,1.17.0,PRexp,10,3.87,nan,50,Left,Left,5292,463,397,23,nan,nan,0.35
5/11/2025 19:27:11,1.17.0,PRexp,10,3.87,nan,50,Left,Left,5293,463,397,23,nan,nan,0.16
5/11/2025 19:27:12,1.17.0,PRexp,10,3.87,nan,50,Left,Left,5294,463,397,23,nan,nan,0.12
5/11/2025 19:27:17,1.17.0,PRexp,10,3.87,nan,50,Left,Left,5295,463,397,23,nan,nan,0.08
5/11/2025 19:27:20,1.17.0,PRexp,10,3.87,nan,50,Left,Left,5296,463,397,23,nan,nan,0.10
5/11/2025 19:27:23,1.17.0,PRexp,10,3.87,nan,50,Right,Left,5296,464,397,23,nan,nan,0.46
5/11/2025 19:27:29,1.17.0,PRexp,10,3.87,nan,50,Left,Left,5297,464,397,23,nan,nan,0.09
5/11/2025 19:27:30,1.17.0,PRexp,10,3.87,nan,50,Left,Left,5298,464,397,23,nan,nan,0.00
5/11/2025 19:27:32,1.17.0,PRexp,10,3.87,nan,50,Left,Left,5299,464,397,23,nan,nan,0.13
5/11/2025 19:27:34,1.17.0,PRexp,10,3.87,nan,50,Left,Left,5300,464,397,23,nan,nan,0.31
5/11/2025 19:27:43,1.17.0,PRexp,10,3.87,nan,50,Right,Left,5300,465,397,23,nan,nan,0.12
5/11/2025 19:27:47,1.17.0,PRexp,10,3.87,nan,50,Left,Left,5301,465,397,23,nan,nan,0.13
5/11/2025 19:27:51,1.17.0,PRexp,10,3.87,nan,50,Left,Left,5302,465,397,23,nan,nan,0.23
5/11/2025 19:28:48,1.17.0,PRexp,10,3.87,nan,50,Left,Left,5303,465,397,23,nan,nan,0.08
5/11/2025 19:29:06,1.17.0,PRexp,10,3.87,nan,50,Left,Left,5304,465,397,23,nan,nan,0.07
5/11/2025 19:32:11,1.17.0,PRexp,10,3.87,nan,50,Left,Left,5305,465,397,23,nan,nan,0.17
5/11/2025 19:32:38,1.17.0,PRexp,10,3.87,nan,50,Left,Left,5306,465,397,23,nan,nan,0.08
5/11/2025 19:36:59,1.17.0,PRexp,10,3.87,nan,50,Left,Left,5307,465,397,23,nan,nan,0.23
5/11/2025 19:37:01,1.17.0,PRexp,10,3.87,nan,50,Left,Left,5308,465,397,23,nan,nan,0.27
5/11/2025 19:37:05,1.17.0,PRexp,10,3.87,nan,50,Left,Left,5309,465,397,23,nan,nan,0.19
5/11/2025 19:37:13,1.17.0,PRexp,10,3.87,nan,50,Left,Left,5310,465,397,23,nan,nan,0.14
5/11/2025 19:38:48,1.17.0,PRexp,10,3.87,nan,50,Left,Left,5311,465,397,23,nan,nan,0.09
5/11/2025 19:40:15,1.17.0,PRexp,10,3.87,nan,50,Left,Left,5312,465,397,23,nan,nan,0.19
5/11/2025 19:40:17,1.17.0,PRexp,10,3.87,nan,50,Left,Left,5313,465,397,23,nan,nan,0.10
5/11/2025 19:40:19,1.17.0,PRexp,10,3.87,nan,50,Left,Left,5314,465,397,23,nan,nan,0.17
5/11/2025 19:40:42,1.17.0,PRexp,10,3.87,nan,50,Left,Left,5315,465,397,23,nan,nan,0.05
5/11/2025 19:40:45,1.17.0,PRexp,10,3.87,nan,50,Left,Left,5316,465,397,23,nan,nan,0.12
5/11/2025 19:41:31,1.17.0,PRexp,10,3.87,nan,50,Right,Left,5316,466,397,23,nan,nan,0.23
5/11/2025 19:41:32,1.17.0,PRexp,10,3.87,nan,50,Left,Left,5317,466,397,23,nan,nan,0.07
5/11/2025 19:41:34,1.17.0,PRexp,10,3.87,nan,50,Left,Left,5318,466,397,23,nan,nan,0.15
5/11/2025 19:41:37,1.17.0,PRexp,10,3.87,nan,50,Left,Left,5319,466,397,23,nan,nan,0.40
5/11/2025 19:42:19,1.17.0,PRexp,10,3.87,nan,50,Left,Left,5320,466,397,23,nan,nan,0.11
5/11/2025 19:42:25,1.17.0,PRexp,10,3.87,nan,50,Left,Left,5321,466,397,23,nan,nan,0.00
5/11/2025 19:42:42,1.17.0,PRexp,10,3.87,nan,50,Left,Left,5322,466,397,23,nan,nan,0.12
5/11/2025 19:44:41,1.17.0,PRexp,10,3.87,nan,50,Left,Left,5323,466,397,23,nan,nan,0.23
5/11/2025 19:44:42,1.17.0,PRexp,10,3.87,nan,50,Right,Left,5323,467,397,23,nan,nan,0.00
5/11/2025 19:44:43,1.17.0,PRexp,10,3.87,nan,50,Left,Left,5324,467,397,23,nan,nan,0.00
5/11/2025 19:45:13,1.17.0,PRexp,10,3.87,nan,50,Left,Left,5325,467,397,23,nan,nan,0.08
5/11/2025 19:45:14,1.17.0,PRexp,10,3.87,nan,50,Left,Left,5326,467,397,23,nan,nan,0.08
5/11/2025 19:45:31,1.17.0,PRexp,10,3.87,4,50,Pellet,Left,5326,467,398,24,11.08,1389,nan
5/11/2025 19:46:08,1.17.0,PRexp,10,3.87,nan,56,Left,Left,5327,467,398,24,nan,nan,0.22
5/11/2025 19:46:21,1.17.0,PRexp,10,3.87,nan,56,Left,Left,5328,467,398,24,nan,nan,0.51
5/11/2025 19:46:25,1.17.0,PRexp,10,3.87,nan,56,Left,Left,5329,467,398,24,nan,nan,0.30
5/11/2025 19:46:27,1.17.0,PRexp,10,3.87,nan,56,Left,Left,5330,467,398,24,nan,nan,0.35
5/11/2025 19:46:29,1.17.0,PRexp,10,3.87,nan,56,Left,Left,5331,467,398,24,nan,nan,0.23
5/11/2025 19:46:47,1.17.0,PRexp,10,3.87,nan,56,Left,Left,5332,467,398,24,nan,nan,0.46
5/11/2025 19:46:49,1.17.0,PRexp,10,3.87,nan,56,Left,Left,5333,467,398,24,nan,nan,0.18
5/11/2025 19:46:52,1.17.0,PRexp,10,3.87,nan,56,Left,Left,5334,467,398,24,nan,nan,0.16
5/11/2025 19:46:53,1.17.0,PRexp,10,3.87,nan,56,Left,Left,5335,467,398,24,nan,nan,0.41
5/11/2025 19:46:56,1.17.0,PRexp,10,3.87,nan,56,Left,Left,5336,467,398,24,nan,nan,0.19
5/11/2025 19:46:59,1.17.0,PRexp,10,3.87,nan,56,Left,Left,5337,467,398,24,nan,nan,0.02
5/11/2025 19:47:46,1.17.0,PRexp,10,3.87,nan,56,Right,Left,5337,468,398,24,nan,nan,0.08
5/11/2025 19:47:49,1.17.0,PRexp,10,3.87,nan,56,Left,Left,5338,468,398,24,nan,nan,0.16
5/11/2025 19:48:35,1.17.0,PRexp,10,3.87,nan,56,Left,Left,5339,468,398,24,nan,nan,0.07
5/11/2025 19:48:37,1.17.0,PRexp,10,3.87,nan,56,Left,Left,5340,468,398,24,nan,nan,0.22
5/11/2025 19:49:18,1.17.0,PRexp,10,3.87,nan,56,Left,Left,5341,468,398,24,nan,nan,0.23
5/11/2025 19:49:21,1.17.0,PRexp,10,3.87,nan,56,Left,Left,5342,468,398,24,nan,nan,0.02
5/11/2025 19:49:25,1.17.0,PRexp,10,3.87,nan,56,Left,Left,5343,468,398,24,nan,nan,0.05
5/11/2025 19:49:27,1.17.0,PRexp,10,3.86,nan,56,Left,Left,5344,468,398,24,nan,nan,0.00
5/11/2025 19:49:31,1.17.0,PRexp,10,3.87,nan,56,Left,Left,5345,468,398,24,nan,nan,0.39
5/11/2025 19:49:34,1.17.0,PRexp,10,3.87,nan,56,Left,Left,5346,468,398,24,nan,nan,0.17
5/11/2025 19:49:40,1.17.0,PRexp,10,3.87,nan,56,Left,Left,5347,468,398,24,nan,nan,0.00
5/11/2025 19:49:47,1.17.0,PRexp,10,3.87,nan,56,Left,Left,5348,468,398,24,nan,nan,0.22
5/11/2025 19:49:48,1.17.0,PRexp,10,3.87,nan,56,Left,Left,5349,468,398,24,nan,nan,0.00
5/11/2025 19:49:49,1.17.0,PRexp,10,3.87,nan,56,Left,Left,5350,468,398,24,nan,nan,0.11
5/11/2025 19:49:55,1.17.0,PRexp,10,3.87,nan,56,Left,Left,5351,468,398,24,nan,nan,0.12
5/11/2025 19:50:56,1.17.0,PRexp,10,3.87,nan,56,Left,Left,5352,468,398,24,nan,nan,0.03
5/11/2025 19:50:59,1.17.0,PRexp,10,3.87,nan,56,Left,Left,5353,468,398,24,nan,nan,0.39
5/11/2025 19:51:02,1.17.0,PRexp,10,3.87,nan,56,Left,Left,5354,468,398,24,nan,nan,0.21
5/11/2025 19:51:03,1.17.0,PRexp,10,3.87,nan,56,Left,Left,5355,468,398,24,nan,nan,0.00
5/11/2025 19:51:06,1.17.0,PRexp,10,3.87,nan,56,Left,Left,5356,468,398,24,nan,nan,0.11
5/11/2025 19:51:08,1.17.0,PRexp,10,3.87,nan,56,Left,Left,5357,468,398,24,nan,nan,0.16
5/11/2025 19:51:39,1.17.0,PRexp,10,3.87,nan,56,Left,Left,5358,468,398,24,nan,nan,0.14
5/11/2025 19:52:13,1.17.0,PRexp,10,3.87,nan,56,Left,Left,5359,468,398,24,nan,nan,0.01
5/11/2025 19:52:15,1.17.0,PRexp,10,3.87,nan,56,Left,Left,5360,468,398,24,nan,nan,0.15
5/11/2025 19:52:16,1.17.0,PRexp,10,3.87,nan,56,Left,Left,5361,468,398,24,nan,nan,0.14
5/11/2025 19:52:57,1.17.0,PRexp,10,3.87,nan,56,Left,Left,5362,468,398,24,nan,nan,0.03
5/11/2025 19:53:04,1.17.0,PRexp,10,3.87,nan,56,Left,Left,5363,468,398,24,nan,nan,0.37
5/11/2025 19:53:12,1.17.0,PRexp,10,3.87,nan,56,Left,Left,5364,468,398,24,nan,nan,0.09
5/11/2025 19:53:47,1.17.0,PRexp,10,3.87,nan,56,Left,Left,5365,468,398,24,nan,nan,0.08
5/11/2025 19:53:55,1.17.0,PRexp,10,3.87,nan,56,Left,Left,5366,468,398,24,nan,nan,0.20
5/11/2025 19:54:09,1.17.0,PRexp,10,3.87,nan,56,Right,Left,5366,469,398,24,nan,nan,0.17
5/11/2025 19:54:13,1.17.0,PRexp,10,3.87,nan,56,Left,Left,5367,469,398,24,nan,nan,0.12
5/11/2025 19:54:54,1.17.0,PRexp,10,3.87,nan,56,Left,Left,5368,469,398,24,nan,nan,0.52
5/11/2025 19:54:57,1.17.0,PRexp,10,3.87,nan,56,Left,Left,5369,469,398,24,nan,nan,0.24
5/11/2025 19:55:00,1.17.0,PRexp,10,3.87,nan,56,Left,Left,5370,469,398,24,nan,nan,0.22
5/11/2025 19:55:54,1.17.0,PRexp,10,3.87,nan,56,Left,Left,5371,469,398,24,nan,nan,0.16
5/11/2025 19:55:56,1.17.0,PRexp,10,3.87,nan,56,Left,Left,5372,469,398,24,nan,nan,0.11
5/11/2025 19:55:59,1.17.0,PRexp,10,3.87,nan,56,Left,Left,5373,469,398,24,nan,nan,0.24
5/11/2025 19:56:02,1.17.0,PRexp,10,3.87,nan,56,Left,Left,5374,469,398,24,nan,nan,0.19
5/11/2025 19:56:03,1.17.0,PRexp,10,3.87,nan,56,Left,Left,5375,469,398,24,nan,nan,0.00
5/11/2025 19:56:13,1.17.0,PRexp,10,3.87,nan,56,Left,Left,5376,469,398,24,nan,nan,0.31
5/11/2025 19:57:43,1.17.0,PRexp,10,3.87,nan,56,Left,Left,5377,469,398,24,nan,nan,0.10
5/11/2025 19:57:45,1.17.0,PRexp,10,3.87,nan,56,Left,Left,5378,469,398,24,nan,nan,0.00
5/11/2025 19:58:16,1.17.0,PRexp,10,3.87,nan,56,Left,Left,5379,469,398,24,nan,nan,0.14
5/11/2025 19:58:23,1.17.0,PRexp,10,3.87,nan,56,Left,Left,5380,469,398,24,nan,nan,0.10
5/11/2025 19:58:25,1.17.0,PRexp,10,3.87,nan,56,Left,Left,5381,469,398,24,nan,nan,0.24
5/11/2025 19:58:47,1.17.0,PRexp,10,3.87,nan,56,Right,Left,5381,470,398,24,nan,nan,0.06
5/11/2025 19:59:23,1.17.0,PRexp,10,3.87,nan,56,Left,Left,5382,470,398,24,nan,nan,0.04
5/11/2025 19:59:25,1.17.0,PRexp,10,3.87,2,56,Pellet,Left,5382,470,399,25,0.12,834,nan
5/11/2025 20:00:15,1.17.0,PRexp,10,3.87,nan,62,Left,Left,5383,470,399,25,nan,nan,0.11
5/11/2025 20:01:15,1.17.0,PRexp,10,3.87,nan,62,Left,Left,5384,470,399,25,nan,nan,0.08
5/11/2025 20:02:01,1.17.0,PRexp,10,3.87,nan,62,Left,Left,5385,470,399,25,nan,nan,0.31
5/11/2025 20:02:23,1.17.0,PRexp,10,3.87,nan,62,Right,Left,5385,471,399,25,nan,nan,0.20
5/11/2025 20:02:27,1.17.0,PRexp,10,3.87,nan,62,Left,Left,5386,471,399,25,nan,nan,0.20
5/11/2025 20:02:29,1.17.0,PRexp,10,3.87,nan,62,Left,Left,5387,471,399,25,nan,nan,0.15
5/11/2025 20:03:22,1.17.0,PRexp,10,3.87,nan,62,Left,Left,5388,471,399,25,nan,nan,0.05
5/11/2025 20:03:31,1.17.0,PRexp,10,3.87,nan,62,Left,Left,5389,471,399,25,nan,nan,0.02
5/11/2025 20:03:53,1.17.0,PRexp,10,3.87,nan,62,Left,Left,5390,471,399,25,nan,nan,0.12
5/11/2025 20:04:11,1.17.0,PRexp,10,3.87,nan,62,Left,Left,5391,471,399,25,nan,nan,0.03
5/11/2025 20:04:14,1.17.0,PRexp,10,3.87,nan,62,Right,Left,5391,472,399,25,nan,nan,0.04
5/11/2025 20:04:16,1.17.0,PRexp,10,3.87,nan,62,Left,Left,5392,472,399,25,nan,nan,0.13
5/11/2025 20:04:27,1.17.0,PRexp,10,3.87,nan,62,Left,Left,5393,472,399,25,nan,nan,0.25
5/11/2025 20:06:07,1.17.0,PRexp,10,3.87,nan,62,Left,Left,5394,472,399,25,nan,nan,0.09
5/11/2025 20:06:09,1.17.0,PRexp,10,3.85,nan,62,Left,Left,5395,472,399,25,nan,nan,0.11
5/11/2025 20:06:12,1.17.0,PRexp,10,3.87,nan,62,Left,Left,5396,472,399,25,nan,nan,0.10
5/11/2025 20:06:14,1.17.0,PRexp,10,3.87,nan,62,Left,Left,5397,472,399,25,nan,nan,0.14
5/11/2025 20:07:50,1.17.0,PRexp,10,3.87,nan,62,Left,Left,5398,472,399,25,nan,nan,0.08
5/11/2025 20:09:15,1.17.0,PRexp,10,3.87,nan,62,Left,Left,5399,472,399,25,nan,nan,0.07
5/11/2025 20:09:17,1.17.0,PRexp,10,3.87,nan,62,Left,Left,5400,472,399,25,nan,nan,0.15
5/11/2025 20:09:20,1.17.0,PRexp,10,3.87,nan,62,Left,Left,5401,472,399,25,nan,nan,0.06
5/11/2025 20:10:00,1.17.0,PRexp,10,3.87,nan,62,Right,Left,5401,473,399,25,nan,nan,0.01
5/11/2025 20:10:03,1.17.0,PRexp,10,3.87,nan,62,Left,Left,5402,473,399,25,nan,nan,0.14
5/11/2025 20:10:06,1.17.0,PRexp,10,3.87,nan,62,Left,Left,5403,473,399,25,nan,nan,0.19
5/11/2025 20:14:07,1.17.0,PRexp,10,3.87,nan,62,Left,Left,5404,473,399,25,nan,nan,0.15
5/11/2025 20:14:08,1.17.0,PRexp,10,3.87,nan,62,Left,Left,5405,473,399,25,nan,nan,0.05
5/11/2025 20:14:10,1.17.0,PRexp,10,3.87,nan,62,Left,Left,5406,473,399,25,nan,nan,0.14
5/11/2025 20:14:17,1.17.0,PRexp,10,3.87,nan,62,Left,Left,5407,473,399,25,nan,nan,0.02
5/11/2025 20:14:19,1.17.0,PRexp,10,3.87,nan,62,Left,Left,5408,473,399,25,nan,nan,0.02
5/11/2025 20:14:23,1.17.0,PRexp,10,3.87,nan,62,Left,Left,5409,473,399,25,nan,nan,0.11
5/11/2025 20:14:25,1.17.0,PRexp,10,3.87,nan,62,Left,Left,5410,473,399,25,nan,nan,0.26
5/11/2025 20:14:34,1.17.0,PRexp,10,3.87,nan,62,Left,Left,5411,473,399,25,nan,nan,0.04
5/11/2025 20:14:36,1.17.0,PRexp,10,3.87,nan,62,Left,Left,5412,473,399,25,nan,nan,0.30
5/11/2025 20:14:38,1.17.0,PRexp,10,3.87,nan,62,Left,Left,5413,473,399,25,nan,nan,0.23
5/11/2025 20:14:40,1.17.0,PRexp,10,3.87,nan,62,Left,Left,5414,473,399,25,nan,nan,0.25
5/11/2025 20:14:50,1.17.0,PRexp,10,3.87,nan,62,Right,Left,5414,474,399,25,nan,nan,0.10
5/11/2025 20:14:51,1.17.0,PRexp,10,3.87,nan,62,Left,Left,5415,474,399,25,nan,nan,0.00
5/11/2025 20:14:53,1.17.0,PRexp,10,3.87,nan,62,Left,Left,5416,474,399,25,nan,nan,0.19
5/11/2025 20:14:56,1.17.0,PRexp,10,3.87,nan,62,Left,Left,5417,474,399,25,nan,nan,0.18
5/11/2025 20:14:57,1.17.0,PRexp,10,3.87,nan,62,Left,Left,5418,474,399,25,nan,nan,0.20
5/11/2025 20:15:01,1.17.0,PRexp,10,3.87,nan,62,Left,Left,5419,474,399,25,nan,nan,0.23
5/11/2025 20:15:02,1.17.0,PRexp,10,3.87,nan,62,Left,Left,5420,474,399,25,nan,nan,0.42
5/11/2025 20:15:05,1.17.0,PRexp,10,3.87,nan,62,Left,Left,5421,474,399,25,nan,nan,0.28
5/11/2025 20:15:07,1.17.0,PRexp,10,3.87,nan,62,Left,Left,5422,474,399,25,nan,nan,0.29
5/11/2025 20:15:51,1.17.0,PRexp,10,3.87,nan,62,Left,Left,5423,474,399,25,nan,nan,0.15
5/11/2025 20:15:53,1.17.0,PRexp,10,3.87,nan,62,Left,Left,5424,474,399,25,nan,nan,0.15
5/11/2025 20:15:56,1.17.0,PRexp,10,3.87,nan,62,Left,Left,5425,474,399,25,nan,nan,0.02
5/11/2025 20:16:03,1.17.0,PRexp,10,3.87,nan,62,Left,Left,5426,474,399,25,nan,nan,0.00
5/11/2025 20:16:31,1.17.0,PRexp,10,3.87,nan,62,Left,Left,5427,474,399,25,nan,nan,0.15
5/11/2025 20:16:34,1.17.0,PRexp,10,3.87,nan,62,Left,Left,5428,474,399,25,nan,nan,0.12
5/11/2025 20:17:14,1.17.0,PRexp,10,3.87,nan,62,Left,Left,5429,474,399,25,nan,nan,0.14
5/11/2025 20:17:15,1.17.0,PRexp,10,3.87,nan,62,Left,Left,5430,474,399,25,nan,nan,0.05
5/11/2025 20:17:17,1.17.0,PRexp,10,3.87,nan,62,Left,Left,5431,474,399,25,nan,nan,0.07
5/11/2025 20:17:20,1.17.0,PRexp,10,3.87,nan,62,Left,Left,5432,474,399,25,nan,nan,0.14
5/11/2025 20:18:33,1.17.0,PRexp,10,3.87,nan,62,Left,Left,5433,474,399,25,nan,nan,0.00
5/11/2025 20:18:35,1.17.0,PRexp,10,3.87,nan,62,Left,Left,5434,474,399,25,nan,nan,0.28
5/11/2025 20:18:38,1.17.0,PRexp,10,3.87,nan,62,Left,Left,5435,474,399,25,nan,nan,0.19
5/11/2025 20:19:58,1.17.0,PRexp,10,3.87,nan,62,Left,Left,5436,474,399,25,nan,nan,0.06
5/11/2025 20:20:00,1.17.0,PRexp,10,3.87,nan,62,Left,Left,5437,474,399,25,nan,nan,0.32
5/11/2025 20:20:04,1.17.0,PRexp,10,3.87,nan,62,Left,Left,5438,474,399,25,nan,nan,0.44
5/11/2025 20:20:39,1.17.0,PRexp,10,3.87,nan,62,Left,Left,5439,474,399,25,nan,nan,0.19
5/11/2025 20:20:41,1.17.0,PRexp,10,3.87,nan,62,Left,Left,5440,474,399,25,nan,nan,0.18
5/11/2025 20:20:46,1.17.0,PRexp,10,3.87,nan,62,Left,Left,5441,474,399,25,nan,nan,0.20
5/11/2025 20:21:07,1.17.0,PRexp,10,3.87,nan,62,Left,Left,5442,474,399,25,nan,nan,0.04
5/11/2025 20:21:20,1.17.0,PRexp,10,3.87,nan,62,Left,Left,5443,474,399,25,nan,nan,0.14
5/11/2025 20:21:52,1.17.0,PRexp,10,3.87,nan,62,Left,Left,5444,474,399,25,nan,nan,0.09
5/11/2025 20:21:59,1.17.0,PRexp,10,3.87,4,62,Pellet,Left,5444,474,400,26,0.18,1354,nan
5/11/2025 20:22:26,1.17.0,PRexp,10,3.87,nan,69,Left,Left,5445,474,400,26,nan,nan,0.04
5/11/2025 20:22:30,1.17.0,PRexp,10,3.87,nan,69,Left,Left,5446,474,400,26,nan,nan,0.30
5/11/2025 20:22:41,1.17.0,PRexp,10,3.87,nan,69,Left,Left,5447,474,400,26,nan,nan,0.07
5/11/2025 20:22:49,1.17.0,PRexp,10,3.87,nan,69,Left,Left,5448,474,400,26,nan,nan,0.06
5/11/2025 20:23:34,1.17.0,PRexp,10,3.87,nan,69,Left,Left,5449,474,400,26,nan,nan,0.08
5/11/2025 20:24:49,1.17.0,PRexp,10,3.87,nan,69,Left,Left,5450,474,400,26,nan,nan,0.06
5/11/2025 20:24:55,1.17.0,PRexp,10,3.87,nan,69,Left,Left,5451,474,400,26,nan,nan,0.16
5/11/2025 20:24:59,1.17.0,PRexp,10,3.87,nan,69,Left,Left,5452,474,400,26,nan,nan,0.14
5/11/2025 20:25:46,1.17.0,PRexp,10,3.87,nan,69,Left,Left,5453,474,400,26,nan,nan,0.08
5/11/2025 20:26:28,1.17.0,PRexp,10,3.87,nan,69,Left,Left,5454,474,400,26,nan,nan,0.02
5/11/2025 20:26:32,1.17.0,PRexp,10,3.87,nan,69,Left,Left,5455,474,400,26,nan,nan,0.02
5/11/2025 20:29:48,1.17.0,PRexp,10,3.87,nan,69,Left,Left,5456,474,400,26,nan,nan,0.02
5/11/2025 20:29:54,1.17.0,PRexp,10,3.87,nan,69,Left,Left,5457,474,400,26,nan,nan,0.06
5/11/2025 20:30:15,1.17.0,PRexp,10,3.87,nan,69,Right,Left,5457,475,400,26,nan,nan,0.13
5/11/2025 20:30:18,1.17.0,PRexp,10,3.87,nan,69,Left,Left,5458,475,400,26,nan,nan,0.14
5/11/2025 20:30:21,1.17.0,PRexp,10,3.87,nan,69,Left,Left,5459,475,400,26,nan,nan,0.13
5/11/2025 20:30:25,1.17.0,PRexp,10,3.87,nan,69,Left,Left,5460,475,400,26,nan,nan,0.11
5/11/2025 20:30:36,1.17.0,PRexp,10,3.87,nan,69,Left,Left,5461,475,400,26,nan,nan,0.03
5/11/2025 20:30:42,1.17.0,PRexp,10,3.87,nan,69,Left,Left,5462,475,400,26,nan,nan,0.07
5/11/2025 20:31:15,1.17.0,PRexp,10,3.87,nan,69,Left,Left,5463,475,400,26,nan,nan,0.21
5/11/2025 20:34:05,1.17.0,PRexp,10,3.86,nan,69,Left,Left,5464,475,400,26,nan,nan,0.06
5/11/2025 20:34:06,1.17.0,PRexp,10,3.87,nan,69,Left,Left,5465,475,400,26,nan,nan,0.08
5/11/2025 20:34:11,1.17.0,PRexp,10,3.87,nan,69,Left,Left,5466,475,400,26,nan,nan,0.02
5/11/2025 20:34:12,1.17.0,PRexp,10,3.85,nan,69,Left,Left,5467,475,400,26,nan,nan,0.18
5/11/2025 20:34:19,1.17.0,PRexp,10,3.87,nan,69,Left,Left,5468,475,400,26,nan,nan,0.03
5/11/2025 20:34:24,1.17.0,PRexp,10,3.87,nan,69,Left,Left,5469,475,400,26,nan,nan,0.08
5/11/2025 20:34:33,1.17.0,PRexp,10,3.86,nan,69,Left,Left,5470,475,400,26,nan,nan,0.40
5/11/2025 20:34:38,1.17.0,PRexp,10,3.87,nan,69,Left,Left,5471,475,400,26,nan,nan,0.34
5/11/2025 20:35:21,1.17.0,PRexp,10,3.87,nan,69,Left,Left,5472,475,400,26,nan,nan,0.00
5/11/2025 20:35:23,1.17.0,PRexp,10,3.87,nan,69,Left,Left,5473,475,400,26,nan,nan,0.53
5/11/2025 20:35:25,1.17.0,PRexp,10,3.87,nan,69,Left,Left,5474,475,400,26,nan,nan,0.26
5/11/2025 20:35:27,1.17.0,PRexp,10,3.87,nan,69,Left,Left,5475,475,400,26,nan,nan,0.18
5/11/2025 20:35:28,1.17.0,PRexp,10,3.87,nan,69,Left,Left,5476,475,400,26,nan,nan,0.24
5/11/2025 20:35:32,1.17.0,PRexp,10,3.87,nan,69,Left,Left,5477,475,400,26,nan,nan,0.09
5/11/2025 20:35:33,1.17.0,PRexp,10,3.87,nan,69,Left,Left,5478,475,400,26,nan,nan,0.00
5/11/2025 20:35:35,1.17.0,PRexp,10,3.87,nan,69,Left,Left,5479,475,400,26,nan,nan,0.02
5/11/2025 20:35:48,1.17.0,PRexp,10,3.87,nan,69,Left,Left,5480,475,400,26,nan,nan,0.00
5/11/2025 20:35:49,1.17.0,PRexp,10,3.87,nan,69,Left,Left,5481,475,400,26,nan,nan,0.05
5/11/2025 20:36:27,1.17.0,PRexp,10,3.87,nan,69,Left,Left,5482,475,400,26,nan,nan,0.04
5/11/2025 20:36:31,1.17.0,PRexp,10,3.87,nan,69,Left,Left,5483,475,400,26,nan,nan,0.34
5/11/2025 20:37:32,1.17.0,PRexp,10,3.87,nan,69,Left,Left,5484,475,400,26,nan,nan,0.24
5/11/2025 20:37:34,1.17.0,PRexp,10,3.87,nan,69,Left,Left,5485,475,400,26,nan,nan,0.13
5/11/2025 20:37:37,1.17.0,PRexp,10,3.87,nan,69,Left,Left,5486,475,400,26,nan,nan,0.03
5/11/2025 20:37:44,1.17.0,PRexp,10,3.87,nan,69,Left,Left,5487,475,400,26,nan,nan,0.00
5/11/2025 20:38:22,1.17.0,PRexp,10,3.87,nan,69,Left,Left,5488,475,400,26,nan,nan,0.15
5/11/2025 20:38:23,1.17.0,PRexp,10,3.87,nan,69,Left,Left,5489,475,400,26,nan,nan,0.00
5/11/2025 20:38:25,1.17.0,PRexp,10,3.87,nan,69,Left,Left,5490,475,400,26,nan,nan,0.04
5/11/2025 20:38:37,1.17.0,PRexp,10,3.87,nan,69,Left,Left,5491,475,400,26,nan,nan,0.51
5/11/2025 20:38:41,1.17.0,PRexp,10,3.87,nan,69,Left,Left,5492,475,400,26,nan,nan,0.13
5/11/2025 20:39:46,1.17.0,PRexp,10,3.87,nan,69,Left,Left,5493,475,400,26,nan,nan,0.13
5/11/2025 20:39:51,1.17.0,PRexp,10,3.87,nan,69,Left,Left,5494,475,400,26,nan,nan,0.30
5/11/2025 20:40:13,1.17.0,PRexp,10,3.87,nan,69,Left,Left,5495,475,400,26,nan,nan,0.08
5/11/2025 20:40:46,1.17.0,PRexp,10,3.87,nan,69,Left,Left,5496,475,400,26,nan,nan,0.07
5/11/2025 20:40:54,1.17.0,PRexp,10,3.87,nan,69,Left,Left,5497,475,400,26,nan,nan,0.16
5/11/2025 20:40:58,1.17.0,PRexp,10,3.87,nan,69,Left,Left,5498,475,400,26,nan,nan,0.34
5/11/2025 20:41:04,1.17.0,PRexp,10,3.87,nan,69,Right,Left,5498,476,400,26,nan,nan,0.44
5/11/2025 20:41:08,1.17.0,PRexp,10,3.87,nan,69,Left,Left,5499,476,400,26,nan,nan,0.23
5/11/2025 20:41:09,1.17.0,PRexp,10,3.87,nan,69,Right,Left,5499,477,400,26,nan,nan,0.00
5/11/2025 20:41:42,1.17.0,PRexp,10,3.87,nan,69,Right,Left,5499,478,400,26,nan,nan,0.30
5/11/2025 20:41:46,1.17.0,PRexp,10,3.87,nan,69,Left,Left,5500,478,400,26,nan,nan,0.35
5/11/2025 20:41:49,1.17.0,PRexp,10,3.87,nan,69,Left,Left,5501,478,400,26,nan,nan,0.04
5/11/2025 20:41:52,1.17.0,PRexp,10,3.87,nan,69,Left,Left,5502,478,400,26,nan,nan,0.14
5/11/2025 20:41:56,1.17.0,PRexp,10,3.87,nan,69,Left,Left,5503,478,400,26,nan,nan,0.43
5/11/2025 20:42:05,1.17.0,PRexp,10,3.87,nan,69,Right,Left,5503,479,400,26,nan,nan,0.03
5/11/2025 20:42:39,1.17.0,PRexp,10,3.87,nan,69,Left,Left,5504,479,400,26,nan,nan,0.08
5/11/2025 20:42:43,1.17.0,PRexp,10,3.87,nan,69,Left,Left,5505,479,400,26,nan,nan,0.10
5/11/2025 20:43:48,1.17.0,PRexp,10,3.87,nan,69,Left,Left,5506,479,400,26,nan,nan,0.12
5/11/2025 20:43:50,1.17.0,PRexp,10,3.87,nan,69,Left,Left,5507,479,400,26,nan,nan,0.16
5/11/2025 20:43:51,1.17.0,PRexp,10,3.87,nan,69,Left,Left,5508,479,400,26,nan,nan,0.08
5/11/2025 20:44:55,1.17.0,PRexp,10,3.87,nan,69,Right,Left,5508,480,400,26,nan,nan,0.06
5/11/2025 20:45:08,1.17.0,PRexp,10,3.87,nan,69,Left,Left,5509,480,400,26,nan,nan,0.07
5/11/2025 20:45:27,1.17.0,PRexp,10,3.87,nan,69,Left,Left,5510,480,400,26,nan,nan,0.21
5/11/2025 20:45:42,1.17.0,PRexp,10,3.87,nan,69,Left,Left,5511,480,400,26,nan,nan,0.08
5/11/2025 20:45:59,1.17.0,PRexp,10,3.87,nan,69,Left,Left,5512,480,400,26,nan,nan,0.05
5/11/2025 20:46:44,1.17.0,PRexp,10,3.87,nan,69,Left,Left,5513,480,400,26,nan,nan,0.17
5/11/2025 20:46:49,1.17.0,PRexp,10,3.87,3,69,Pellet,Left,5513,480,401,27,0.06,1490,nan
5/11/2025 20:48:54,1.17.0,PRexp,10,3.87,nan,77,Left,Left,5514,480,401,27,nan,nan,0.16
5/11/2025 20:48:56,1.17.0,PRexp,10,3.85,nan,77,Left,Left,5515,480,401,27,nan,nan,0.14
5/11/2025 20:49:43,1.17.0,PRexp,10,3.87,nan,77,Left,Left,5516,480,401,27,nan,nan,0.15
5/11/2025 20:50:31,1.17.0,PRexp,10,3.87,nan,77,Left,Left,5517,480,401,27,nan,nan,0.19
5/11/2025 20:50:34,1.17.0,PRexp,10,3.87,nan,77,Left,Left,5518,480,401,27,nan,nan,0.07
5/11/2025 20:50:38,1.17.0,PRexp,10,3.87,nan,77,Left,Left,5519,480,401,27,nan,nan,0.23
5/11/2025 20:50:40,1.17.0,PRexp,10,3.87,nan,77,Left,Left,5520,480,401,27,nan,nan,0.07
5/11/2025 20:50:42,1.17.0,PRexp,10,3.87,nan,77,Left,Left,5521,480,401,27,nan,nan,0.40
5/11/2025 20:50:46,1.17.0,PRexp,10,3.87,nan,77,Left,Left,5522,480,401,27,nan,nan,0.14
5/11/2025 20:51:05,1.17.0,PRexp,10,3.87,nan,77,Left,Left,5523,480,401,27,nan,nan,0.16
5/11/2025 20:51:07,1.17.0,PRexp,10,3.87,nan,77,Left,Left,5524,480,401,27,nan,nan,0.26
5/11/2025 20:51:08,1.17.0,PRexp,10,3.87,nan,77,Left,Left,5525,480,401,27,nan,nan,0.17
5/11/2025 20:51:19,1.17.0,PRexp,10,3.87,nan,77,Left,Left,5526,480,401,27,nan,nan,0.15
5/11/2025 20:52:12,1.17.0,PRexp,10,3.87,nan,77,Left,Left,5527,480,401,27,nan,nan,0.05
5/11/2025 20:52:15,1.17.0,PRexp,10,3.87,nan,77,Left,Left,5528,480,401,27,nan,nan,0.16
5/11/2025 20:52:16,1.17.0,PRexp,10,3.87,nan,77,Left,Left,5529,480,401,27,nan,nan,0.19
5/11/2025 20:52:19,1.17.0,PRexp,10,3.87,nan,77,Left,Left,5530,480,401,27,nan,nan,0.19
5/11/2025 20:52:21,1.17.0,PRexp,10,3.87,nan,77,Left,Left,5531,480,401,27,nan,nan,0.21
5/11/2025 20:52:23,1.17.0,PRexp,10,3.87,nan,77,Left,Left,5532,480,401,27,nan,nan,0.15
5/11/2025 20:52:43,1.17.0,PRexp,10,3.87,nan,77,Left,Left,5533,480,401,27,nan,nan,0.05
5/11/2025 20:53:05,1.17.0,PRexp,10,3.87,nan,77,Left,Left,5534,480,401,27,nan,nan,0.08
5/11/2025 20:53:55,1.17.0,PRexp,10,3.87,nan,77,Left,Left,5535,480,401,27,nan,nan,0.08
5/11/2025 20:53:56,1.17.0,PRexp,10,3.87,nan,77,Left,Left,5536,480,401,27,nan,nan,0.23
5/11/2025 20:53:59,1.17.0,PRexp,10,3.87,nan,77,Left,Left,5537,480,401,27,nan,nan,0.09
5/11/2025 20:54:02,1.17.0,PRexp,10,3.87,nan,77,Left,Left,5538,480,401,27,nan,nan,0.08
5/11/2025 20:54:28,1.17.0,PRexp,10,3.87,nan,77,Left,Left,5539,480,401,27,nan,nan,0.05
5/11/2025 20:54:30,1.17.0,PRexp,10,3.87,nan,77,Left,Left,5540,480,401,27,nan,nan,0.10
5/11/2025 20:54:33,1.17.0,PRexp,10,3.87,nan,77,Left,Left,5541,480,401,27,nan,nan,0.19
5/11/2025 20:55:14,1.17.0,PRexp,10,3.87,nan,77,Left,Left,5542,480,401,27,nan,nan,0.17
5/11/2025 20:55:17,1.17.0,PRexp,10,3.87,nan,77,Left,Left,5543,480,401,27,nan,nan,0.13
5/11/2025 20:55:20,1.17.0,PRexp,10,3.87,nan,77,Left,Left,5544,480,401,27,nan,nan,0.02
5/11/2025 20:55:21,1.17.0,PRexp,10,3.86,nan,77,Left,Left,5545,480,401,27,nan,nan,0.22
5/11/2025 20:55:27,1.17.0,PRexp,10,3.87,nan,77,Left,Left,5546,480,401,27,nan,nan,0.06
5/11/2025 20:55:29,1.17.0,PRexp,10,3.87,nan,77,Left,Left,5547,480,401,27,nan,nan,0.41
5/11/2025 20:55:33,1.17.0,PRexp,10,3.87,nan,77,Left,Left,5548,480,401,27,nan,nan,0.13
5/11/2025 20:56:22,1.17.0,PRexp,10,3.87,nan,77,Left,Left,5549,480,401,27,nan,nan,0.19
5/11/2025 20:56:24,1.17.0,PRexp,10,3.87,nan,77,Left,Left,5550,480,401,27,nan,nan,0.27
5/11/2025 20:56:25,1.17.0,PRexp,10,3.87,nan,77,Left,Left,5551,480,401,27,nan,nan,0.09
5/11/2025 20:56:26,1.17.0,PRexp,10,3.87,nan,77,Left,Left,5552,480,401,27,nan,nan,0.00
5/11/2025 20:56:28,1.17.0,PRexp,10,3.87,nan,77,Left,Left,5553,480,401,27,nan,nan,0.14
5/11/2025 20:56:33,1.17.0,PRexp,10,3.87,nan,77,Left,Left,5554,480,401,27,nan,nan,0.11
5/11/2025 20:56:35,1.17.0,PRexp,10,3.87,nan,77,Left,Left,5555,480,401,27,nan,nan,0.08
5/11/2025 20:56:40,1.17.0,PRexp,10,3.87,nan,77,Left,Left,5556,480,401,27,nan,nan,0.10
5/11/2025 20:56:42,1.17.0,PRexp,10,3.87,nan,77,Left,Left,5557,480,401,27,nan,nan,0.13
5/11/2025 20:56:45,1.17.0,PRexp,10,3.87,nan,77,Left,Left,5558,480,401,27,nan,nan,0.06
5/11/2025 20:57:13,1.17.0,PRexp,10,3.85,nan,77,Left,Left,5559,480,401,27,nan,nan,0.07
5/11/2025 20:57:30,1.17.0,PRexp,10,3.87,nan,77,Left,Left,5560,480,401,27,nan,nan,0.12
5/11/2025 20:57:33,1.17.0,PRexp,10,3.86,nan,77,Left,Left,5561,480,401,27,nan,nan,0.09
5/11/2025 20:57:38,1.17.0,PRexp,10,3.87,nan,77,Left,Left,5562,480,401,27,nan,nan,0.07
5/11/2025 20:57:40,1.17.0,PRexp,10,3.87,nan,77,Left,Left,5563,480,401,27,nan,nan,0.08
5/11/2025 20:58:29,1.17.0,PRexp,10,3.87,nan,77,Left,Left,5564,480,401,27,nan,nan,0.51
5/11/2025 20:58:31,1.17.0,PRexp,10,3.87,nan,77,Left,Left,5565,480,401,27,nan,nan,0.15
5/11/2025 20:59:35,1.17.0,PRexp,10,3.87,nan,77,Left,Left,5566,480,401,27,nan,nan,0.16
5/11/2025 20:59:44,1.17.0,PRexp,10,3.87,nan,77,Left,Left,5567,480,401,27,nan,nan,0.53
5/11/2025 20:59:46,1.17.0,PRexp,10,3.87,nan,77,Left,Left,5568,480,401,27,nan,nan,0.41
5/11/2025 20:59:49,1.17.0,PRexp,10,3.87,nan,77,Left,Left,5569,480,401,27,nan,nan,0.27
5/11/2025 21:02:49,1.17.0,PRexp,10,3.87,nan,77,Left,Left,5570,480,401,27,nan,nan,0.03
5/11/2025 21:02:50,1.17.0,PRexp,10,3.87,nan,77,Left,Left,5571,480,401,27,nan,nan,0.20
5/11/2025 21:02:53,1.17.0,PRexp,10,3.87,nan,77,Left,Left,5572,480,401,27,nan,nan,0.19
5/11/2025 21:02:55,1.17.0,PRexp,10,3.87,nan,77,Left,Left,5573,480,401,27,nan,nan,0.16
5/11/2025 21:02:59,1.17.0,PRexp,10,3.87,nan,77,Left,Left,5574,480,401,27,nan,nan,0.25
5/11/2025 21:03:01,1.17.0,PRexp,10,3.87,nan,77,Left,Left,5575,480,401,27,nan,nan,0.37
5/11/2025 21:03:09,1.17.0,PRexp,10,3.87,nan,77,Left,Left,5576,480,401,27,nan,nan,0.04
5/11/2025 21:03:34,1.17.0,PRexp,10,3.87,nan,77,Left,Left,5577,480,401,27,nan,nan,0.00
5/11/2025 21:03:37,1.17.0,PRexp,10,3.87,nan,77,Left,Left,5578,480,401,27,nan,nan,0.19
5/11/2025 21:03:51,1.17.0,PRexp,10,3.87,nan,77,Left,Left,5579,480,401,27,nan,nan,0.15
5/11/2025 21:04:08,1.17.0,PRexp,10,3.87,nan,77,Left,Left,5580,480,401,27,nan,nan,0.10
5/11/2025 21:04:14,1.17.0,PRexp,10,3.87,nan,77,Left,Left,5581,480,401,27,nan,nan,0.07
5/11/2025 21:04:16,1.17.0,PRexp,10,3.87,nan,77,Left,Left,5582,480,401,27,nan,nan,0.14
5/11/2025 21:04:38,1.17.0,PRexp,10,3.87,nan,77,Left,Left,5583,480,401,27,nan,nan,0.03
5/11/2025 21:05:05,1.17.0,PRexp,10,3.86,nan,77,Left,Left,5584,480,401,27,nan,nan,0.14
5/11/2025 21:05:07,1.17.0,PRexp,10,3.87,nan,77,Left,Left,5585,480,401,27,nan,nan,0.13
5/11/2025 21:05:08,1.17.0,PRexp,10,3.87,nan,77,Left,Left,5586,480,401,27,nan,nan,0.00
5/11/2025 21:05:38,1.17.0,PRexp,10,3.87,nan,77,Left,Left,5587,480,401,27,nan,nan,0.18
5/11/2025 21:05:45,1.17.0,PRexp,10,3.86,nan,77,Left,Left,5588,480,401,27,nan,nan,0.17
5/11/2025 21:05:49,1.17.0,PRexp,10,3.86,nan,77,Left,Left,5589,480,401,27,nan,nan,0.59
5/11/2025 21:05:54,1.17.0,PRexp,10,3.87,nan,77,Left,Left,5590,480,401,27,nan,nan,0.36
5/11/2025 21:05:59,1.17.0,PRexp,10,3.87,3,77,Pellet,Left,5590,480,402,28,0.06,1150,nan
5/11/2025 21:06:34,1.17.0,PRexp,10,3.87,nan,86,Left,Left,5591,480,402,28,nan,nan,0.08
5/11/2025 21:06:37,1.17.0,PRexp,10,3.87,nan,86,Left,Left,5592,480,402,28,nan,nan,0.18
5/11/2025 21:06:39,1.17.0,PRexp,10,3.87,nan,86,Left,Left,5593,480,402,28,nan,nan,0.12
5/11/2025 21:07:09,1.17.0,PRexp,10,3.87,nan,86,Left,Left,5594,480,402,28,nan,nan,0.30
5/11/2025 21:07:11,1.17.0,PRexp,10,3.87,nan,86,Left,Left,5595,480,402,28,nan,nan,0.38
5/11/2025 21:07:52,1.17.0,PRexp,10,3.86,nan,86,Left,Left,5596,480,402,28,nan,nan,0.12
5/11/2025 21:08:21,1.17.0,PRexp,10,3.87,nan,86,Left,Left,5597,480,402,28,nan,nan,0.49
5/11/2025 21:08:23,1.17.0,PRexp,10,3.87,nan,86,Left,Left,5598,480,402,28,nan,nan,0.37
5/11/2025 21:08:27,1.17.0,PRexp,10,3.87,nan,86,Left,Left,5599,480,402,28,nan,nan,0.16
5/11/2025 21:08:29,1.17.0,PRexp,10,3.87,nan,86,Left,Left,5600,480,402,28,nan,nan,0.19
5/11/2025 21:08:32,1.17.0,PRexp,10,3.87,nan,86,Left,Left,5601,480,402,28,nan,nan,0.16
5/11/2025 21:08:35,1.17.0,PRexp,10,3.87,nan,86,Left,Left,5602,480,402,28,nan,nan,0.17
5/11/2025 21:09:27,1.17.0,PRexp,10,3.87,nan,86,Left,Left,5603,480,402,28,nan,nan,0.06
5/11/2025 21:09:51,1.17.0,PRexp,10,3.87,nan,86,Left,Left,5604,480,402,28,nan,nan,0.07
5/11/2025 21:09:52,1.17.0,PRexp,10,3.87,nan,86,Left,Left,5605,480,402,28,nan,nan,0.14
5/11/2025 21:10:25,1.17.0,PRexp,10,3.87,nan,86,Left,Left,5606,480,402,28,nan,nan,0.21
5/11/2025 21:10:28,1.17.0,PRexp,10,3.86,nan,86,Left,Left,5607,480,402,28,nan,nan,0.25
5/11/2025 21:10:32,1.17.0,PRexp,10,3.86,nan,86,Left,Left,5608,480,402,28,nan,nan,0.03
5/11/2025 21:10:34,1.17.0,PRexp,10,3.87,nan,86,Left,Left,5609,480,402,28,nan,nan,0.46
5/11/2025 21:10:38,1.17.0,PRexp,10,3.87,nan,86,Left,Left,5610,480,402,28,nan,nan,0.27
5/11/2025 21:10:40,1.17.0,PRexp,10,3.87,nan,86,Left,Left,5611,480,402,28,nan,nan,0.29
5/11/2025 21:10:43,1.17.0,PRexp,10,3.87,nan,86,Left,Left,5612,480,402,28,nan,nan,0.13
5/11/2025 21:10:46,1.17.0,PRexp,10,3.87,nan,86,Left,Left,5613,480,402,28,nan,nan,0.29
5/11/2025 21:10:48,1.17.0,PRexp,10,3.87,nan,86,Left,Left,5614,480,402,28,nan,nan,0.17
5/11/2025 21:10:51,1.17.0,PRexp,10,3.87,nan,86,Left,Left,5615,480,402,28,nan,nan,0.17
5/11/2025 21:11:29,1.17.0,PRexp,10,3.87,nan,86,Right,Left,5615,481,402,28,nan,nan,0.25
5/11/2025 21:12:16,1.17.0,PRexp,10,3.87,nan,86,Left,Left,5616,481,402,28,nan,nan,0.18
5/11/2025 21:12:18,1.17.0,PRexp,10,3.87,nan,86,Left,Left,5617,481,402,28,nan,nan,0.14
5/11/2025 21:12:20,1.17.0,PRexp,10,3.87,nan,86,Left,Left,5618,481,402,28,nan,nan,0.18
5/11/2025 21:12:23,1.17.0,PRexp,10,3.87,nan,86,Left,Left,5619,481,402,28,nan,nan,0.17
5/11/2025 21:12:25,1.17.0,PRexp,10,3.87,nan,86,Left,Left,5620,481,402,28,nan,nan,0.11
5/11/2025 21:12:32,1.17.0,PRexp,10,3.87,nan,86,Right,Left,5620,482,402,28,nan,nan,0.39
5/11/2025 21:12:33,1.17.0,PRexp,10,3.86,nan,86,Left,Left,5621,482,402,28,nan,nan,0.17
5/11/2025 21:12:35,1.17.0,PRexp,10,3.87,nan,86,Left,Left,5622,482,402,28,nan,nan,0.13
5/11/2025 21:12:38,1.17.0,PRexp,10,3.87,nan,86,Left,Left,5623,482,402,28,nan,nan,0.16
5/11/2025 21:12:39,1.17.0,PRexp,10,3.87,nan,86,Left,Left,5624,482,402,28,nan,nan,0.12
5/11/2025 21:13:18,1.17.0,PRexp,10,3.87,nan,86,Left,Left,5625,482,402,28,nan,nan,0.01
5/11/2025 21:13:20,1.17.0,PRexp,10,3.87,nan,86,Left,Left,5626,482,402,28,nan,nan,0.17
5/11/2025 21:14:05,1.17.0,PRexp,10,3.87,nan,86,Left,Left,5627,482,402,28,nan,nan,0.08
5/11/2025 21:14:07,1.17.0,PRexp,10,3.87,nan,86,Left,Left,5628,482,402,28,nan,nan,0.07
5/11/2025 21:14:29,1.17.0,PRexp,10,3.87,nan,86,Left,Left,5629,482,402,28,nan,nan,0.20
5/11/2025 21:14:34,1.17.0,PRexp,10,3.87,nan,86,Left,Left,5630,482,402,28,nan,nan,0.25
5/11/2025 21:14:36,1.17.0,PRexp,10,3.87,nan,86,Left,Left,5631,482,402,28,nan,nan,0.12
5/11/2025 21:14:40,1.17.0,PRexp,10,3.87,nan,86,Left,Left,5632,482,402,28,nan,nan,0.20
5/11/2025 21:14:43,1.17.0,PRexp,10,3.87,nan,86,Left,Left,5633,482,402,28,nan,nan,0.08
5/11/2025 21:15:28,1.17.0,PRexp,10,3.87,nan,86,Left,Left,5634,482,402,28,nan,nan,0.08
5/11/2025 21:16:09,1.17.0,PRexp,10,3.87,nan,86,Left,Left,5635,482,402,28,nan,nan,0.10
5/11/2025 21:16:12,1.17.0,PRexp,10,3.87,nan,86,Left,Left,5636,482,402,28,nan,nan,0.10
5/11/2025 21:16:15,1.17.0,PRexp,10,3.87,nan,86,Left,Left,5637,482,402,28,nan,nan,0.25
5/11/2025 21:16:18,1.17.0,PRexp,10,3.87,nan,86,Left,Left,5638,482,402,28,nan,nan,0.11
5/11/2025 21:16:42,1.17.0,PRexp,10,3.87,nan,86,Left,Left,5639,482,402,28,nan,nan,0.22
5/11/2025 21:16:44,1.17.0,PRexp,10,3.87,nan,86,Left,Left,5640,482,402,28,nan,nan,0.27
5/11/2025 21:16:46,1.17.0,PRexp,10,3.87,nan,86,Left,Left,5641,482,402,28,nan,nan,0.14
5/11/2025 21:20:38,1.17.0,PRexp,10,3.86,nan,86,Left,Left,5642,482,402,28,nan,nan,0.18
5/11/2025 21:20:40,1.17.0,PRexp,10,3.87,nan,86,Left,Left,5643,482,402,28,nan,nan,0.12
5/11/2025 21:20:44,1.17.0,PRexp,10,3.87,nan,86,Left,Left,5644,482,402,28,nan,nan,0.20
5/11/2025 21:20:47,1.17.0,PRexp,10,3.87,nan,86,Left,Left,5645,482,402,28,nan,nan,0.18
5/11/2025 21:23:34,1.17.0,PRexp,10,3.87,nan,86,Left,Left,5646,482,402,28,nan,nan,0.08
5/11/2025 21:24:20,1.17.0,PRexp,10,3.87,nan,86,Left,Left,5647,482,402,28,nan,nan,0.37
5/11/2025 21:24:22,1.17.0,PRexp,10,3.87,nan,86,Left,Left,5648,482,402,28,nan,nan,0.23
5/11/2025 21:24:24,1.17.0,PRexp,10,3.87,nan,86,Left,Left,5649,482,402,28,nan,nan,0.26
5/11/2025 21:25:05,1.17.0,PRexp,10,3.87,nan,86,Left,Left,5650,482,402,28,nan,nan,0.25
5/11/2025 21:25:08,1.17.0,PRexp,10,3.86,nan,86,Left,Left,5651,482,402,28,nan,nan,0.12
5/11/2025 21:25:25,1.17.0,PRexp,10,3.87,nan,86,Left,Left,5652,482,402,28,nan,nan,0.09
5/11/2025 21:25:28,1.17.0,PRexp,10,3.87,nan,86,Left,Left,5653,482,402,28,nan,nan,0.03
5/11/2025 21:25:44,1.17.0,PRexp,10,3.87,nan,86,Left,Left,5654,482,402,28,nan,nan,0.16
5/11/2025 21:25:46,1.17.0,PRexp,10,3.87,nan,86,Left,Left,5655,482,402,28,nan,nan,0.12
5/11/2025 21:25:49,1.17.0,PRexp,10,3.87,nan,86,Left,Left,5656,482,402,28,nan,nan,0.12
5/11/2025 21:25:51,1.17.0,PRexp,10,3.87,nan,86,Left,Left,5657,482,402,28,nan,nan,0.18
5/11/2025 21:25:55,1.17.0,PRexp,10,3.86,nan,86,Left,Left,5658,482,402,28,nan,nan,0.22
5/11/2025 21:27:02,1.17.0,PRexp,10,3.86,nan,86,Left,Left,5659,482,402,28,nan,nan,0.17
5/11/2025 21:27:03,1.17.0,PRexp,10,3.87,nan,86,Left,Left,5660,482,402,28,nan,nan,0.11
5/11/2025 21:27:05,1.17.0,PRexp,10,3.87,nan,86,Left,Left,5661,482,402,28,nan,nan,0.16
5/11/2025 21:27:07,1.17.0,PRexp,10,3.86,nan,86,Left,Left,5662,482,402,28,nan,nan,0.16
5/11/2025 21:27:10,1.17.0,PRexp,10,3.87,nan,86,Left,Left,5663,482,402,28,nan,nan,0.45
5/11/2025 21:27:12,1.17.0,PRexp,10,3.87,nan,86,Left,Left,5664,482,402,28,nan,nan,0.08
5/11/2025 21:27:15,1.17.0,PRexp,10,3.87,nan,86,Left,Left,5665,482,402,28,nan,nan,0.21
5/11/2025 21:27:17,1.17.0,PRexp,10,3.87,nan,86,Left,Left,5666,482,402,28,nan,nan,0.40
5/11/2025 21:27:18,1.17.0,PRexp,10,3.87,nan,86,Left,Left,5667,482,402,28,nan,nan,0.15
5/11/2025 21:27:21,1.17.0,PRexp,10,3.87,nan,86,Right,Left,5667,483,402,28,nan,nan,0.28
5/11/2025 21:27:26,1.17.0,PRexp,10,3.87,nan,86,Left,Left,5668,483,402,28,nan,nan,0.09
5/11/2025 21:27:28,1.17.0,PRexp,10,3.87,nan,86,Left,Left,5669,483,402,28,nan,nan,0.27
5/11/2025 21:28:55,1.17.0,PRexp,10,3.87,nan,86,Left,Left,5670,483,402,28,nan,nan,0.13
5/11/2025 21:28:57,1.17.0,PRexp,10,3.87,nan,86,Left,Left,5671,483,402,28,nan,nan,0.27
5/11/2025 21:29:03,1.17.0,PRexp,10,3.87,nan,86,Left,Left,5672,483,402,28,nan,nan,0.13
5/11/2025 21:29:13,1.17.0,PRexp,10,3.87,nan,86,Left,Left,5673,483,402,28,nan,nan,0.16
5/11/2025 21:29:15,1.17.0,PRexp,10,3.87,nan,86,Left,Left,5674,483,402,28,nan,nan,0.10
5/11/2025 21:29:18,1.17.0,PRexp,10,3.87,nan,86,Left,Left,5675,483,402,28,nan,nan,0.22
5/11/2025 21:30:47,1.17.0,PRexp,10,3.87,nan,86,Left,Left,5676,483,402,28,nan,nan,0.11
5/11/2025 21:30:50,1.17.0,PRexp,10,3.86,2,86,Pellet,Left,5676,483,403,29,0.67,1491,nan
5/11/2025 21:31:56,1.17.0,PRexp,10,3.86,nan,95,Left,Left,5677,483,403,29,nan,nan,0.12
5/11/2025 21:31:58,1.17.0,PRexp,10,3.87,nan,95,Left,Left,5678,483,403,29,nan,nan,0.17
5/11/2025 21:32:00,1.17.0,PRexp,10,3.87,nan,95,Left,Left,5679,483,403,29,nan,nan,0.22
5/11/2025 21:32:28,1.17.0,PRexp,10,3.87,nan,95,Left,Left,5680,483,403,29,nan,nan,0.14
5/11/2025 21:32:45,1.17.0,PRexp,10,3.87,nan,95,Left,Left,5681,483,403,29,nan,nan,0.39
5/11/2025 21:32:51,1.17.0,PRexp,10,3.87,nan,95,Left,Left,5682,483,403,29,nan,nan,0.17
5/11/2025 21:32:53,1.17.0,PRexp,10,3.87,nan,95,Left,Left,5683,483,403,29,nan,nan,0.34
5/11/2025 21:32:56,1.17.0,PRexp,10,3.86,nan,95,Left,Left,5684,483,403,29,nan,nan,0.28
5/11/2025 21:32:59,1.17.0,PRexp,10,3.87,nan,95,Left,Left,5685,483,403,29,nan,nan,0.45
5/11/2025 21:33:01,1.17.0,PRexp,10,3.87,nan,95,Left,Left,5686,483,403,29,nan,nan,0.04
5/11/2025 21:33:05,1.17.0,PRexp,10,3.87,nan,95,Left,Left,5687,483,403,29,nan,nan,0.15
5/11/2025 21:35:28,1.17.0,PRexp,10,3.87,nan,95,Left,Left,5688,483,403,29,nan,nan,0.06
5/11/2025 21:35:54,1.17.0,PRexp,10,3.87,nan,95,Left,Left,5689,483,403,29,nan,nan,0.07
5/11/2025 21:36:09,1.17.0,PRexp,10,3.87,nan,95,Left,Left,5690,483,403,29,nan,nan,0.13
5/11/2025 21:36:11,1.17.0,PRexp,10,3.86,nan,95,Left,Left,5691,483,403,29,nan,nan,0.11
5/11/2025 21:36:17,1.17.0,PRexp,10,3.85,nan,95,Left,Left,5692,483,403,29,nan,nan,0.19
5/11/2025 21:36:22,1.17.0,PRexp,10,3.87,nan,95,Left,Left,5693,483,403,29,nan,nan,0.15
5/11/2025 21:36:24,1.17.0,PRexp,10,3.87,nan,95,Left,Left,5694,483,403,29,nan,nan,0.13
5/11/2025 21:37:41,1.17.0,PRexp,10,3.85,nan,95,Left,Left,5695,483,403,29,nan,nan,0.31
5/11/2025 21:37:42,1.17.0,PRexp,10,3.87,nan,95,Left,Left,5696,483,403,29,nan,nan,0.16
5/11/2025 21:37:50,1.17.0,PRexp,10,3.87,nan,95,Left,Left,5697,483,403,29,nan,nan,0.39
5/11/2025 21:37:52,1.17.0,PRexp,10,3.87,nan,95,Left,Left,5698,483,403,29,nan,nan,0.27
5/11/2025 21:37:55,1.17.0,PRexp,10,3.87,nan,95,Left,Left,5699,483,403,29,nan,nan,0.20
5/11/2025 21:37:58,1.17.0,PRexp,10,3.87,nan,95,Left,Left,5700,483,403,29,nan,nan,0.13
5/11/2025 21:38:01,1.17.0,PRexp,10,3.86,nan,95,Left,Left,5701,483,403,29,nan,nan,0.20
5/11/2025 21:38:03,1.17.0,PRexp,10,3.87,nan,95,Left,Left,5702,483,403,29,nan,nan,0.17
5/11/2025 21:38:06,1.17.0,PRexp,10,3.87,nan,95,Left,Left,5703,483,403,29,nan,nan,0.07
5/11/2025 21:38:40,1.17.0,PRexp,10,3.87,nan,95,Left,Left,5704,483,403,29,nan,nan,0.08
5/11/2025 21:38:46,1.17.0,PRexp,10,3.87,nan,95,Left,Left,5705,483,403,29,nan,nan,0.00
5/11/2025 21:39:22,1.17.0,PRexp,10,3.87,nan,95,Left,Left,5706,483,403,29,nan,nan,0.14
5/11/2025 21:39:23,1.17.0,PRexp,10,3.87,nan,95,Left,Left,5707,483,403,29,nan,nan,0.14
5/11/2025 21:39:27,1.17.0,PRexp,10,3.87,nan,95,Left,Left,5708,483,403,29,nan,nan,0.22
5/11/2025 21:39:28,1.17.0,PRexp,10,3.87,nan,95,Left,Left,5709,483,403,29,nan,nan,0.00
5/11/2025 21:42:47,1.17.0,PRexp,10,3.87,nan,95,Left,Left,5710,483,403,29,nan,nan,0.27
5/11/2025 21:42:50,1.17.0,PRexp,10,3.87,nan,95,Left,Left,5711,483,403,29,nan,nan,0.07
5/11/2025 21:43:42,1.17.0,PRexp,10,3.87,nan,95,Left,Left,5712,483,403,29,nan,nan,0.16
5/11/2025 21:43:43,1.17.0,PRexp,10,3.87,nan,95,Left,Left,5713,483,403,29,nan,nan,0.00
5/11/2025 21:43:45,1.17.0,PRexp,10,3.87,nan,95,Left,Left,5714,483,403,29,nan,nan,0.09
5/11/2025 21:43:46,1.17.0,PRexp,10,3.87,nan,95,Left,Left,5715,483,403,29,nan,nan,0.18
5/11/2025 21:44:02,1.17.0,PRexp,10,3.87,nan,95,Left,Left,5716,483,403,29,nan,nan,0.16
5/11/2025 21:44:04,1.17.0,PRexp,10,3.87,nan,95,Left,Left,5717,483,403,29,nan,nan,0.07
5/11/2025 21:44:41,1.17.0,PRexp,10,3.87,nan,95,Left,Left,5718,483,403,29,nan,nan,0.09
5/11/2025 21:44:43,1.17.0,PRexp,10,3.87,nan,95,Left,Left,5719,483,403,29,nan,nan,0.28
5/11/2025 21:44:46,1.17.0,PRexp,10,3.86,nan,95,Left,Left,5720,483,403,29,nan,nan,0.13
5/11/2025 21:44:48,1.17.0,PRexp,10,3.87,nan,95,Left,Left,5721,483,403,29,nan,nan,0.11
5/11/2025 21:45:42,1.17.0,PRexp,10,3.87,nan,95,Right,Left,5721,484,403,29,nan,nan,0.22
5/11/2025 21:47:23,1.17.0,PRexp,10,3.87,nan,95,Left,Left,5722,484,403,29,nan,nan,0.23
5/11/2025 21:47:26,1.17.0,PRexp,10,3.87,nan,95,Left,Left,5723,484,403,29,nan,nan,0.33
5/11/2025 21:47:29,1.17.0,PRexp,10,3.87,nan,95,Left,Left,5724,484,403,29,nan,nan,0.45
5/11/2025 21:47:44,1.17.0,PRexp,10,3.87,nan,95,Right,Left,5724,485,403,29,nan,nan,0.10
5/11/2025 21:47:46,1.17.0,PRexp,10,3.87,nan,95,Left,Left,5725,485,403,29,nan,nan,0.21
5/11/2025 21:47:50,1.17.0,PRexp,10,3.87,nan,95,Left,Left,5726,485,403,29,nan,nan,0.13
5/11/2025 21:52:13,1.17.0,PRexp,10,3.85,nan,95,Left,Left,5727,485,403,29,nan,nan,0.14
5/11/2025 21:52:30,1.17.0,PRexp,10,3.87,nan,95,Left,Left,5728,485,403,29,nan,nan,0.02
5/11/2025 21:52:32,1.17.0,PRexp,10,3.87,nan,95,Left,Left,5729,485,403,29,nan,nan,0.17
5/11/2025 21:52:34,1.17.0,PRexp,10,3.87,nan,95,Left,Left,5730,485,403,29,nan,nan,0.13
5/11/2025 21:52:37,1.17.0,PRexp,10,3.86,nan,95,Left,Left,5731,485,403,29,nan,nan,0.18
5/11/2025 21:52:39,1.17.0,PRexp,10,3.87,nan,95,Left,Left,5732,485,403,29,nan,nan,0.14
5/11/2025 21:53:39,1.17.0,PRexp,10,3.86,nan,95,Left,Left,5733,485,403,29,nan,nan,0.16
5/11/2025 21:53:40,1.17.0,PRexp,10,3.87,nan,95,Left,Left,5734,485,403,29,nan,nan,0.26
5/11/2025 21:54:27,1.17.0,PRexp,10,3.87,nan,95,Left,Left,5735,485,403,29,nan,nan,0.18
5/11/2025 21:54:30,1.17.0,PRexp,10,3.86,nan,95,Left,Left,5736,485,403,29,nan,nan,0.16
5/11/2025 21:54:33,1.17.0,PRexp,10,3.87,nan,95,Left,Left,5737,485,403,29,nan,nan,0.32
5/11/2025 21:54:35,1.17.0,PRexp,10,3.87,nan,95,Left,Left,5738,485,403,29,nan,nan,0.04
5/11/2025 21:54:38,1.17.0,PRexp,10,3.87,nan,95,Left,Left,5739,485,403,29,nan,nan,0.20
5/11/2025 21:55:05,1.17.0,PRexp,10,3.86,nan,95,Left,Left,5740,485,403,29,nan,nan,0.05
5/11/2025 21:55:13,1.17.0,PRexp,10,3.87,nan,95,Left,Left,5741,485,403,29,nan,nan,0.02
5/11/2025 21:55:14,1.17.0,PRexp,10,3.86,nan,95,Left,Left,5742,485,403,29,nan,nan,0.04
5/11/2025 21:55:17,1.17.0,PRexp,10,3.87,nan,95,Left,Left,5743,485,403,29,nan,nan,0.02
5/11/2025 21:55:30,1.17.0,PRexp,10,3.86,nan,95,Left,Left,5744,485,403,29,nan,nan,0.05
5/11/2025 21:55:39,1.17.0,PRexp,10,3.86,nan,95,Left,Left,5745,485,403,29,nan,nan,0.17
5/11/2025 21:55:41,1.17.0,PRexp,10,3.87,nan,95,Left,Left,5746,485,403,29,nan,nan,0.20
5/11/2025 21:58:00,1.17.0,PRexp,10,3.87,nan,95,Left,Left,5747,485,403,29,nan,nan,0.08
5/11/2025 21:58:06,1.17.0,PRexp,10,3.86,nan,95,Left,Left,5748,485,403,29,nan,nan,0.00
5/11/2025 21:58:24,1.17.0,PRexp,10,3.87,nan,95,Left,Left,5749,485,403,29,nan,nan,0.09
5/11/2025 21:59:50,1.17.0,PRexp,10,3.87,nan,95,Left,Left,5750,485,403,29,nan,nan,0.02
5/11/2025 21:59:52,1.17.0,PRexp,10,3.87,nan,95,Left,Left,5751,485,403,29,nan,nan,0.14
5/11/2025 21:59:56,1.17.0,PRexp,10,3.86,nan,95,Left,Left,5752,485,403,29,nan,nan,0.14
5/11/2025 21:59:59,1.17.0,PRexp,10,3.87,nan,95,Left,Left,5753,485,403,29,nan,nan,0.48
5/11/2025 22:00:02,1.17.0,PRexp,10,3.87,nan,95,Left,Left,5754,485,403,29,nan,nan,0.31
5/11/2025 22:00:06,1.17.0,PRexp,10,3.87,nan,95,Left,Left,5755,485,403,29,nan,nan,0.48
5/11/2025 22:00:08,1.17.0,PRexp,10,3.86,nan,95,Left,Left,5756,485,403,29,nan,nan,0.19
5/11/2025 22:00:12,1.17.0,PRexp,10,3.87,nan,95,Left,Left,5757,485,403,29,nan,nan,0.28
5/11/2025 22:00:16,1.17.0,PRexp,10,3.87,nan,95,Left,Left,5758,485,403,29,nan,nan,0.37
5/11/2025 22:00:19,1.17.0,PRexp,10,3.87,nan,95,Left,Left,5759,485,403,29,nan,nan,0.10
5/11/2025 22:00:21,1.17.0,PRexp,10,3.86,nan,95,Left,Left,5760,485,403,29,nan,nan,0.04
5/11/2025 22:00:23,1.17.0,PRexp,10,3.87,nan,95,Left,Left,5761,485,403,29,nan,nan,0.21
5/11/2025 22:00:26,1.17.0,PRexp,10,3.86,nan,95,Left,Left,5762,485,403,29,nan,nan,0.16
5/11/2025 22:00:28,1.17.0,PRexp,10,3.87,nan,95,Left,Left,5763,485,403,29,nan,nan,0.03
5/11/2025 22:03:34,1.17.0,PRexp,10,3.87,nan,95,Left,Left,5764,485,403,29,nan,nan,0.32
5/11/2025 22:03:37,1.17.0,PRexp,10,3.87,nan,95,Left,Left,5765,485,403,29,nan,nan,0.31
5/11/2025 22:03:41,1.17.0,PRexp,10,3.87,nan,95,Left,Left,5766,485,403,29,nan,nan,0.38
5/11/2025 22:03:42,1.17.0,PRexp,10,3.87,nan,95,Left,Left,5767,485,403,29,nan,nan,0.25
5/11/2025 22:03:45,1.17.0,PRexp,10,3.87,nan,95,Left,Left,5768,485,403,29,nan,nan,0.43
5/11/2025 22:03:49,1.17.0,PRexp,10,3.87,nan,95,Left,Left,5769,485,403,29,nan,nan,0.14
5/11/2025 22:03:51,1.17.0,PRexp,10,3.87,nan,95,Left,Left,5770,485,403,29,nan,nan,0.15
5/11/2025 22:03:59,1.17.0,PRexp,10,3.87,nan,95,Left,Left,5771,485,403,29,nan,nan,0.10
5/11/2025 22:04:06,1.17.0,PRexp,10,3.86,3,95,Pellet,Left,5771,485,404,30,0.06,1995,nan
5/11/2025 22:04:45,1.17.0,PRexp,10,3.86,nan,106,Left,Left,5772,485,404,30,nan,nan,0.19
5/11/2025 22:04:53,1.17.0,PRexp,10,3.87,nan,106,Left,Left,5773,485,404,30,nan,nan,0.13
5/11/2025 22:04:56,1.17.0,PRexp,10,3.87,nan,106,Left,Left,5774,485,404,30,nan,nan,0.44
5/11/2025 22:04:59,1.17.0,PRexp,10,3.86,nan,106,Left,Left,5775,485,404,30,nan,nan,0.41
5/11/2025 22:05:02,1.17.0,PRexp,10,3.86,nan,106,Left,Left,5776,485,404,30,nan,nan,0.24
5/11/2025 22:05:05,1.17.0,PRexp,10,3.87,nan,106,Left,Left,5777,485,404,30,nan,nan,0.20
5/11/2025 22:05:31,1.17.0,PRexp,10,3.86,nan,106,Left,Left,5778,485,404,30,nan,nan,0.24
5/11/2025 22:06:01,1.17.0,PRexp,10,3.87,nan,106,Left,Left,5779,485,404,30,nan,nan,0.48
5/11/2025 22:06:03,1.17.0,PRexp,10,3.87,nan,106,Left,Left,5780,485,404,30,nan,nan,0.04
5/11/2025 22:06:23,1.17.0,PRexp,10,3.86,nan,106,Left,Left,5781,485,404,30,nan,nan,0.08
5/11/2025 22:06:25,1.17.0,PRexp,10,3.87,nan,106,Left,Left,5782,485,404,30,nan,nan,0.26
5/11/2025 22:06:26,1.17.0,PRexp,10,3.86,nan,106,Left,Left,5783,485,404,30,nan,nan,0.20
5/11/2025 22:07:02,1.17.0,PRexp,10,3.87,nan,106,Left,Left,5784,485,404,30,nan,nan,0.19
5/11/2025 22:07:09,1.17.0,PRexp,10,3.87,nan,106,Left,Left,5785,485,404,30,nan,nan,0.16
5/11/2025 22:07:11,1.17.0,PRexp,10,3.86,nan,106,Left,Left,5786,485,404,30,nan,nan,0.34
5/11/2025 22:07:14,1.17.0,PRexp,10,3.86,nan,106,Left,Left,5787,485,404,30,nan,nan,0.08
5/11/2025 22:07:17,1.17.0,PRexp,10,3.87,nan,106,Left,Left,5788,485,404,30,nan,nan,0.23
5/11/2025 22:07:25,1.17.0,PRexp,10,3.86,nan,106,Left,Left,5789,485,404,30,nan,nan,0.15
5/11/2025 22:07:27,1.17.0,PRexp,10,3.87,nan,106,Left,Left,5790,485,404,30,nan,nan,0.21
5/11/2025 22:08:50,1.17.0,PRexp,10,3.87,nan,106,Left,Left,5791,485,404,30,nan,nan,0.10
5/11/2025 22:09:05,1.17.0,PRexp,10,3.87,nan,106,Left,Left,5792,485,404,30,nan,nan,0.11
5/11/2025 22:09:09,1.17.0,PRexp,10,3.87,nan,106,Left,Left,5793,485,404,30,nan,nan,0.10
5/11/2025 22:09:11,1.17.0,PRexp,10,3.86,nan,106,Left,Left,5794,485,404,30,nan,nan,0.37
5/11/2025 22:09:13,1.17.0,PRexp,10,3.87,nan,106,Left,Left,5795,485,404,30,nan,nan,0.14
5/11/2025 22:09:18,1.17.0,PRexp,10,3.87,nan,106,Left,Left,5796,485,404,30,nan,nan,0.17
5/11/2025 22:10:05,1.17.0,PRexp,10,3.86,nan,106,Left,Left,5797,485,404,30,nan,nan,0.03
5/11/2025 22:10:07,1.17.0,PRexp,10,3.86,nan,106,Left,Left,5798,485,404,30,nan,nan,0.09
5/11/2025 22:11:10,1.17.0,PRexp,10,3.87,nan,106,Left,Left,5799,485,404,30,nan,nan,0.16
5/11/2025 22:11:11,1.17.0,PRexp,10,3.86,nan,106,Left,Left,5800,485,404,30,nan,nan,0.17
5/11/2025 22:11:13,1.17.0,PRexp,10,3.87,nan,106,Left,Left,5801,485,404,30,nan,nan,0.35
5/11/2025 22:11:16,1.17.0,PRexp,10,3.87,nan,106,Left,Left,5802,485,404,30,nan,nan,0.21
5/11/2025 22:11:19,1.17.0,PRexp,10,3.87,nan,106,Left,Left,5803,485,404,30,nan,nan,0.20
5/11/2025 22:12:14,1.17.0,PRexp,10,3.87,nan,106,Left,Left,5804,485,404,30,nan,nan,0.15
5/11/2025 22:12:16,1.17.0,PRexp,10,3.87,nan,106,Left,Left,5805,485,404,30,nan,nan,0.03
5/11/2025 22:12:17,1.17.0,PRexp,10,3.87,nan,106,Left,Left,5806,485,404,30,nan,nan,0.00
5/11/2025 22:12:21,1.17.0,PRexp,10,3.87,nan,106,Left,Left,5807,485,404,30,nan,nan,0.13
5/11/2025 22:12:22,1.17.0,PRexp,10,3.87,nan,106,Left,Left,5808,485,404,30,nan,nan,0.10
5/11/2025 22:13:29,1.17.0,PRexp,10,3.87,nan,106,Left,Left,5809,485,404,30,nan,nan,0.45
5/11/2025 22:14:49,1.17.0,PRexp,10,3.87,nan,106,Left,Left,5810,485,404,30,nan,nan,0.04
5/11/2025 22:14:52,1.17.0,PRexp,10,3.87,nan,106,Left,Left,5811,485,404,30,nan,nan,0.05
5/11/2025 22:15:19,1.17.0,PRexp,10,3.86,nan,106,Left,Left,5812,485,404,30,nan,nan,0.13
5/11/2025 22:15:21,1.17.0,PRexp,10,3.87,nan,106,Left,Left,5813,485,404,30,nan,nan,0.12
5/11/2025 22:15:46,1.17.0,PRexp,10,3.87,nan,106,Left,Left,5814,485,404,30,nan,nan,0.09
5/11/2025 22:15:48,1.17.0,PRexp,10,3.87,nan,106,Left,Left,5815,485,404,30,nan,nan,0.45
5/11/2025 22:15:50,1.17.0,PRexp,10,3.87,nan,106,Left,Left,5816,485,404,30,nan,nan,0.14
5/11/2025 22:15:53,1.17.0,PRexp,10,3.86,nan,106,Left,Left,5817,485,404,30,nan,nan,0.24
5/11/2025 22:15:57,1.17.0,PRexp,10,3.86,nan,106,Left,Left,5818,485,404,30,nan,nan,0.18
5/11/2025 22:16:02,1.17.0,PRexp,10,3.86,nan,106,Left,Left,5819,485,404,30,nan,nan,0.13
5/11/2025 22:16:05,1.17.0,PRexp,10,3.87,nan,106,Left,Left,5820,485,404,30,nan,nan,0.13
5/11/2025 22:18:33,1.17.0,PRexp,10,3.87,nan,106,Left,Left,5821,485,404,30,nan,nan,0.05
5/11/2025 22:18:35,1.17.0,PRexp,10,3.87,nan,106,Left,Left,5822,485,404,30,nan,nan,0.17
5/11/2025 22:18:38,1.17.0,PRexp,10,3.87,nan,106,Left,Left,5823,485,404,30,nan,nan,0.06
5/11/2025 22:18:41,1.17.0,PRexp,10,3.87,nan,106,Left,Left,5824,485,404,30,nan,nan,0.33
5/11/2025 22:18:44,1.17.0,PRexp,10,3.86,nan,106,Left,Left,5825,485,404,30,nan,nan,0.03
5/11/2025 22:18:45,1.17.0,PRexp,10,3.87,nan,106,Left,Left,5826,485,404,30,nan,nan,0.08
5/11/2025 22:18:48,1.17.0,PRexp,10,3.87,nan,106,Left,Left,5827,485,404,30,nan,nan,0.19
5/11/2025 22:19:13,1.17.0,PRexp,10,3.86,nan,106,Left,Left,5828,485,404,30,nan,nan,0.09
5/11/2025 22:20:51,1.17.0,PRexp,10,3.87,nan,106,Left,Left,5829,485,404,30,nan,nan,0.07
5/11/2025 22:21:22,1.17.0,PRexp,10,3.87,nan,106,Left,Left,5830,485,404,30,nan,nan,0.08
5/11/2025 22:21:24,1.17.0,PRexp,10,3.86,nan,106,Left,Left,5831,485,404,30,nan,nan,0.09
5/11/2025 22:21:26,1.17.0,PRexp,10,3.86,nan,106,Left,Left,5832,485,404,30,nan,nan,0.18
5/11/2025 22:21:30,1.17.0,PRexp,10,3.86,nan,106,Left,Left,5833,485,404,30,nan,nan,0.25
5/11/2025 22:21:32,1.17.0,PRexp,10,3.87,nan,106,Left,Left,5834,485,404,30,nan,nan,0.08
5/11/2025 22:21:34,1.17.0,PRexp,10,3.87,nan,106,Left,Left,5835,485,404,30,nan,nan,0.32
5/11/2025 22:21:36,1.17.0,PRexp,10,3.87,nan,106,Left,Left,5836,485,404,30,nan,nan,0.13
5/11/2025 22:21:37,1.17.0,PRexp,10,3.87,nan,106,Left,Left,5837,485,404,30,nan,nan,0.14
5/11/2025 22:22:20,1.17.0,PRexp,10,3.86,nan,106,Left,Left,5838,485,404,30,nan,nan,0.06
5/11/2025 22:22:21,1.17.0,PRexp,10,3.86,nan,106,Left,Left,5839,485,404,30,nan,nan,0.29
5/11/2025 22:22:26,1.17.0,PRexp,10,3.87,nan,106,Left,Left,5840,485,404,30,nan,nan,0.14
5/11/2025 22:22:32,1.17.0,PRexp,10,3.87,nan,106,Left,Left,5841,485,404,30,nan,nan,0.09
5/11/2025 22:23:56,1.17.0,PRexp,10,3.87,nan,106,Left,Left,5842,485,404,30,nan,nan,0.00
5/11/2025 22:24:17,1.17.0,PRexp,10,3.86,nan,106,Left,Left,5843,485,404,30,nan,nan,0.26
5/11/2025 22:24:18,1.17.0,PRexp,10,3.87,nan,106,Left,Left,5844,485,404,30,nan,nan,0.00
5/11/2025 22:27:47,1.17.0,PRexp,10,3.86,nan,106,Left,Left,5845,485,404,30,nan,nan,0.06
5/11/2025 22:27:52,1.17.0,PRexp,10,3.86,nan,106,Left,Left,5846,485,404,30,nan,nan,0.71
5/11/2025 22:27:55,1.17.0,PRexp,10,3.86,nan,106,Left,Left,5847,485,404,30,nan,nan,0.38
5/11/2025 22:27:57,1.17.0,PRexp,10,3.87,nan,106,Left,Left,5848,485,404,30,nan,nan,0.08
5/11/2025 22:28:00,1.17.0,PRexp,10,3.86,nan,106,Left,Left,5849,485,404,30,nan,nan,0.21
5/11/2025 22:28:04,1.17.0,PRexp,10,3.87,nan,106,Left,Left,5850,485,404,30,nan,nan,0.29
5/11/2025 22:28:06,1.17.0,PRexp,10,3.87,nan,106,Left,Left,5851,485,404,30,nan,nan,0.08
5/11/2025 22:28:09,1.17.0,PRexp,10,3.86,nan,106,Left,Left,5852,485,404,30,nan,nan,0.35
5/11/2025 22:28:12,1.17.0,PRexp,10,3.87,nan,106,Left,Left,5853,485,404,30,nan,nan,0.03
5/11/2025 22:28:33,1.17.0,PRexp,10,3.87,nan,106,Left,Left,5854,485,404,30,nan,nan,0.23
5/11/2025 22:28:52,1.17.0,PRexp,10,3.87,nan,106,Right,Left,5854,486,404,30,nan,nan,0.08
5/11/2025 22:28:53,1.17.0,PRexp,10,3.87,nan,106,Left,Left,5855,486,404,30,nan,nan,0.16
5/11/2025 22:28:55,1.17.0,PRexp,10,3.87,nan,106,Left,Left,5856,486,404,30,nan,nan,0.33
5/11/2025 22:28:58,1.17.0,PRexp,10,3.87,nan,106,Left,Left,5857,486,404,30,nan,nan,0.33
5/11/2025 22:29:01,1.17.0,PRexp,10,3.85,nan,106,Right,Left,5857,487,404,30,nan,nan,0.01
5/11/2025 22:29:03,1.17.0,PRexp,10,3.87,nan,106,Left,Left,5858,487,404,30,nan,nan,0.08
5/11/2025 22:29:59,1.17.0,PRexp,10,3.87,nan,106,Left,Left,5859,487,404,30,nan,nan,0.16
5/11/2025 22:30:12,1.17.0,PRexp,10,3.87,nan,106,Left,Left,5860,487,404,30,nan,nan,0.10
5/11/2025 22:30:17,1.17.0,PRexp,10,3.87,nan,106,Left,Left,5861,487,404,30,nan,nan,0.10
5/11/2025 22:31:31,1.17.0,PRexp,10,3.87,nan,106,Left,Left,5862,487,404,30,nan,nan,0.32
5/11/2025 22:31:36,1.17.0,PRexp,10,3.86,nan,106,Left,Left,5863,487,404,30,nan,nan,0.14
5/11/2025 22:31:39,1.17.0,PRexp,10,3.87,nan,106,Left,Left,5864,487,404,30,nan,nan,0.04
5/11/2025 22:31:44,1.17.0,PRexp,10,3.87,nan,106,Left,Left,5865,487,404,30,nan,nan,0.21
5/11/2025 22:31:45,1.17.0,PRexp,10,3.87,nan,106,Left,Left,5866,487,404,30,nan,nan,0.00
5/11/2025 22:31:46,1.17.0,PRexp,10,3.87,nan,106,Left,Left,5867,487,404,30,nan,nan,0.22
5/11/2025 22:31:51,1.17.0,PRexp,10,3.86,nan,106,Right,Left,5867,488,404,30,nan,nan,0.06
5/11/2025 22:31:57,1.17.0,PRexp,10,3.87,nan,106,Left,Left,5868,488,404,30,nan,nan,0.00
5/11/2025 22:34:57,1.17.0,PRexp,10,3.87,nan,106,Left,Left,5869,488,404,30,nan,nan,0.17
5/11/2025 22:35:00,1.17.0,PRexp,10,3.87,nan,106,Left,Left,5870,488,404,30,nan,nan,0.16
5/11/2025 22:35:02,1.17.0,PRexp,10,3.87,nan,106,Left,Left,5871,488,404,30,nan,nan,0.15
5/11/2025 22:35:05,1.17.0,PRexp,10,3.87,nan,106,Left,Left,5872,488,404,30,nan,nan,0.11
5/11/2025 22:35:10,1.17.0,PRexp,10,3.85,nan,106,Left,Left,5873,488,404,30,nan,nan,0.11
5/11/2025 22:35:18,1.17.0,PRexp,10,3.86,nan,106,Left,Left,5874,488,404,30,nan,nan,0.17
5/11/2025 22:35:24,1.17.0,PRexp,10,3.87,nan,106,Left,Left,5875,488,404,30,nan,nan,0.42
5/11/2025 22:35:27,1.17.0,PRexp,10,3.87,nan,106,Left,Left,5876,488,404,30,nan,nan,0.46
5/11/2025 22:35:30,1.17.0,PRexp,10,3.87,nan,106,Left,Left,5877,488,404,30,nan,nan,0.46
5/11/2025 22:35:33,1.17.0,PRexp,10,3.87,2,106,Pellet,Left,5877,488,405,31,0.12,1888,nan
5/11/2025 22:36:05,1.17.0,PRexp,10,3.87,nan,118,Left,Left,5878,488,405,31,nan,nan,0.19
5/11/2025 22:37:46,1.17.0,PRexp,10,3.86,nan,118,Left,Left,5879,488,405,31,nan,nan,0.30
5/11/2025 22:37:48,1.17.0,PRexp,10,3.87,nan,118,Left,Left,5880,488,405,31,nan,nan,0.04
5/11/2025 22:38:16,1.17.0,PRexp,10,3.87,nan,118,Left,Left,5881,488,405,31,nan,nan,0.17
5/11/2025 22:38:19,1.17.0,PRexp,10,3.87,nan,118,Left,Left,5882,488,405,31,nan,nan,0.17
5/11/2025 22:38:22,1.17.0,PRexp,10,3.87,nan,118,Left,Left,5883,488,405,31,nan,nan,0.16
5/11/2025 22:38:25,1.17.0,PRexp,10,3.87,nan,118,Left,Left,5884,488,405,31,nan,nan,0.14
5/11/2025 22:38:26,1.17.0,PRexp,10,3.86,nan,118,Left,Left,5885,488,405,31,nan,nan,0.15
5/11/2025 22:39:00,1.17.0,PRexp,10,3.86,nan,118,Left,Left,5886,488,405,31,nan,nan,0.10
5/11/2025 22:40:15,1.17.0,PRexp,10,3.87,nan,118,Left,Left,5887,488,405,31,nan,nan,0.04
5/11/2025 22:40:16,1.17.0,PRexp,10,3.86,nan,118,Left,Left,5888,488,405,31,nan,nan,0.06
5/11/2025 22:40:19,1.17.0,PRexp,10,3.87,nan,118,Left,Left,5889,488,405,31,nan,nan,0.29
5/11/2025 22:40:22,1.17.0,PRexp,10,3.87,nan,118,Left,Left,5890,488,405,31,nan,nan,0.54
5/11/2025 22:40:24,1.17.0,PRexp,10,3.86,nan,118,Left,Left,5891,488,405,31,nan,nan,0.38
5/11/2025 22:40:28,1.17.0,PRexp,10,3.86,nan,118,Left,Left,5892,488,405,31,nan,nan,0.64
5/11/2025 22:40:33,1.17.0,PRexp,10,3.87,nan,118,Left,Left,5893,488,405,31,nan,nan,0.31
5/11/2025 22:40:36,1.17.0,PRexp,10,3.87,nan,118,Left,Left,5894,488,405,31,nan,nan,0.77
5/11/2025 22:40:38,1.17.0,PRexp,10,3.86,nan,118,Left,Left,5895,488,405,31,nan,nan,0.42
5/11/2025 22:40:41,1.17.0,PRexp,10,3.87,nan,118,Left,Left,5896,488,405,31,nan,nan,0.51
5/11/2025 22:40:44,1.17.0,PRexp,10,3.87,nan,118,Left,Left,5897,488,405,31,nan,nan,0.30
5/11/2025 22:40:48,1.17.0,PRexp,10,3.86,nan,118,Left,Left,5898,488,405,31,nan,nan,0.40
5/11/2025 22:40:49,1.17.0,PRexp,10,3.87,nan,118,Left,Left,5899,488,405,31,nan,nan,0.00
5/11/2025 22:40:51,1.17.0,PRexp,10,3.87,nan,118,Left,Left,5900,488,405,31,nan,nan,0.10
5/11/2025 22:40:55,1.17.0,PRexp,10,3.87,nan,118,Left,Left,5901,488,405,31,nan,nan,0.52
5/11/2025 22:46:42,1.17.0,PRexp,10,3.86,nan,118,Left,Left,5902,488,405,31,nan,nan,0.27
5/11/2025 22:46:45,1.17.0,PRexp,10,3.87,nan,118,Left,Left,5903,488,405,31,nan,nan,0.06
5/11/2025 22:46:49,1.17.0,PRexp,10,3.86,nan,118,Left,Left,5904,488,405,31,nan,nan,0.28
5/11/2025 22:46:51,1.17.0,PRexp,10,3.87,nan,118,Left,Left,5905,488,405,31,nan,nan,0.29
5/11/2025 22:46:53,1.17.0,PRexp,10,3.87,nan,118,Left,Left,5906,488,405,31,nan,nan,1.05
5/11/2025 22:47:00,1.17.0,PRexp,10,3.87,nan,118,Left,Left,5907,488,405,31,nan,nan,0.40
5/11/2025 22:47:03,1.17.0,PRexp,10,3.86,nan,118,Left,Left,5908,488,405,31,nan,nan,0.23
5/11/2025 22:47:35,1.17.0,PRexp,10,3.86,nan,118,Left,Left,5909,488,405,31,nan,nan,0.21
5/11/2025 22:48:23,1.17.0,PRexp,10,3.86,nan,118,Left,Left,5910,488,405,31,nan,nan,0.22
5/11/2025 22:48:28,1.17.0,PRexp,10,3.86,nan,118,Left,Left,5911,488,405,31,nan,nan,0.19
5/11/2025 23:16:59,1.17.0,PRexp,10,3.86,nan,118,Left,Left,5912,488,405,31,nan,nan,0.13
5/11/2025 23:17:01,1.17.0,PRexp,10,3.87,nan,118,Left,Left,5913,488,405,31,nan,nan,0.03
5/11/2025 23:17:05,1.17.0,PRexp,10,3.86,nan,118,Left,Left,5914,488,405,31,nan,nan,0.09
5/11/2025 23:17:09,1.17.0,PRexp,10,3.86,nan,118,Left,Left,5915,488,405,31,nan,nan,0.03
5/11/2025 23:17:13,1.17.0,PRexp,10,3.86,nan,118,Left,Left,5916,488,405,31,nan,nan,0.05
5/11/2025 23:17:17,1.17.0,PRexp,10,3.86,nan,118,Left,Left,5917,488,405,31,nan,nan,0.06
5/11/2025 23:17:20,1.17.0,PRexp,10,3.87,nan,118,Left,Left,5918,488,405,31,nan,nan,0.10
5/11/2025 23:17:23,1.17.0,PRexp,10,3.86,nan,118,Left,Left,5919,488,405,31,nan,nan,0.78
5/11/2025 23:17:26,1.17.0,PRexp,10,3.87,nan,118,Left,Left,5920,488,405,31,nan,nan,0.26
5/11/2025 23:42:32,1.17.0,PRexp,10,3.87,nan,118,Left,Left,5921,488,405,31,nan,nan,0.07
5/11/2025 23:42:36,1.17.0,PRexp,10,3.86,nan,118,Left,Left,5922,488,405,31,nan,nan,0.15
5/11/2025 23:42:40,1.17.0,PRexp,10,3.86,nan,118,Left,Left,5923,488,405,31,nan,nan,0.12
5/11/2025 23:42:44,1.17.0,PRexp,10,3.86,nan,118,Left,Left,5924,488,405,31,nan,nan,0.18
5/11/2025 23:47:37,1.17.0,PRexp,10,3.86,nan,118,Left,Left,5925,488,405,31,nan,nan,0.14
5/11/2025 23:47:39,1.17.0,PRexp,10,3.86,nan,118,Left,Left,5926,488,405,31,nan,nan,0.28
5/11/2025 23:47:41,1.17.0,PRexp,10,3.86,nan,118,Left,Left,5927,488,405,31,nan,nan,0.24
5/11/2025 23:47:45,1.17.0,PRexp,10,3.86,nan,118,Left,Left,5928,488,405,31,nan,nan,0.09
5/11/2025 23:47:49,1.17.0,PRexp,10,3.87,nan,118,Left,Left,5929,488,405,31,nan,nan,0.25
5/11/2025 23:47:50,1.17.0,PRexp,10,3.85,nan,118,Left,Left,5930,488,405,31,nan,nan,0.00
5/11/2025 23:47:53,1.17.0,PRexp,10,3.86,nan,118,Left,Left,5931,488,405,31,nan,nan,0.90
5/11/2025 23:47:57,1.17.0,PRexp,10,3.86,nan,118,Left,Left,5932,488,405,31,nan,nan,0.77
5/11/2025 23:48:00,1.17.0,PRexp,10,3.86,nan,118,Left,Left,5933,488,405,31,nan,nan,0.34
5/11/2025 23:48:02,1.17.0,PRexp,10,3.86,nan,118,Left,Left,5934,488,405,31,nan,nan,0.48
5/11/2025 23:48:05,1.17.0,PRexp,10,3.86,nan,118,Left,Left,5935,488,405,31,nan,nan,0.47
5/11/2025 23:48:08,1.17.0,PRexp,10,3.86,nan,118,Left,Left,5936,488,405,31,nan,nan,0.48
5/11/2025 23:48:10,1.17.0,PRexp,10,3.86,nan,118,Left,Left,5937,488,405,31,nan,nan,0.52
5/11/2025 23:48:14,1.17.0,PRexp,10,3.86,nan,118,Left,Left,5938,488,405,31,nan,nan,0.40
5/11/2025 23:48:15,1.17.0,PRexp,10,3.86,nan,118,Left,Left,5939,488,405,31,nan,nan,0.25
5/11/2025 23:48:17,1.17.0,PRexp,10,3.86,nan,118,Left,Left,5940,488,405,31,nan,nan,0.00
5/11/2025 23:48:18,1.17.0,PRexp,10,3.86,nan,118,Left,Left,5941,488,405,31,nan,nan,0.52
5/11/2025 23:48:21,1.17.0,PRexp,10,3.86,nan,118,Left,Left,5942,488,405,31,nan,nan,0.18
5/11/2025 23:48:22,1.17.0,PRexp,10,3.86,nan,118,Left,Left,5943,488,405,31,nan,nan,0.00
5/11/2025 23:48:28,1.17.0,PRexp,10,3.86,nan,118,Left,Left,5944,488,405,31,nan,nan,0.36
5/11/2025 23:48:32,1.17.0,PRexp,10,3.86,nan,118,Left,Left,5945,488,405,31,nan,nan,1.14
5/11/2025 23:48:33,1.17.0,PRexp,10,3.86,nan,118,Left,Left,5946,488,405,31,nan,nan,0.26
5/11/2025 23:48:38,1.17.0,PRexp,10,3.86,nan,118,Left,Left,5947,488,405,31,nan,nan,0.47
5/11/2025 23:48:40,1.17.0,PRexp,10,3.86,nan,118,Left,Left,5948,488,405,31,nan,nan,0.44
5/11/2025 23:48:45,1.17.0,PRexp,10,3.86,nan,118,Left,Left,5949,488,405,31,nan,nan,0.24
5/11/2025 23:48:46,1.17.0,PRexp,10,3.86,nan,118,Left,Left,5950,488,405,31,nan,nan,0.13
5/11/2025 23:50:07,1.17.0,PRexp,10,3.86,nan,118,Left,Left,5951,488,405,31,nan,nan,0.23
5/11/2025 23:50:09,1.17.0,PRexp,10,3.87,nan,118,Right,Left,5951,489,405,31,nan,nan,0.28
5/11/2025 23:50:12,1.17.0,PRexp,10,3.86,nan,118,Right,Left,5951,490,405,31,nan,nan,0.70
5/11/2025 23:50:15,1.17.0,PRexp,10,3.86,nan,118,Right,Left,5951,491,405,31,nan,nan,0.27
5/11/2025 23:50:20,1.17.0,PRexp,10,3.86,nan,118,Left,Left,5952,491,405,31,nan,nan,0.20
5/11/2025 23:50:27,1.17.0,PRexp,10,3.86,nan,118,Left,Left,5953,491,405,31,nan,nan,0.62
5/11/2025 23:50:28,1.17.0,PRexp,10,3.86,nan,118,Left,Left,5954,491,405,31,nan,nan,0.24
5/11/2025 23:50:31,1.17.0,PRexp,10,3.86,nan,118,Left,Left,5955,491,405,31,nan,nan,0.64
5/11/2025 23:50:48,1.17.0,PRexp,10,3.86,nan,118,Left,Left,5956,491,405,31,nan,nan,0.06
5/11/2025 23:50:51,1.17.0,PRexp,10,3.86,nan,118,Left,Left,5957,491,405,31,nan,nan,0.36
5/11/2025 23:50:56,1.17.0,PRexp,10,3.86,nan,118,Left,Left,5958,491,405,31,nan,nan,0.64
5/11/2025 23:50:59,1.17.0,PRexp,10,3.86,nan,118,Left,Left,5959,491,405,31,nan,nan,0.35
5/11/2025 23:51:00,1.17.0,PRexp,10,3.86,nan,118,Left,Left,5960,491,405,31,nan,nan,0.00
5/11/2025 23:51:04,1.17.0,PRexp,10,3.86,nan,118,Left,Left,5961,491,405,31,nan,nan,0.69
5/11/2025 23:51:33,1.17.0,PRexp,10,3.86,nan,118,Left,Left,5962,491,405,31,nan,nan,0.17
5/11/2025 23:51:45,1.17.0,PRexp,10,3.86,nan,118,Left,Left,5963,491,405,31,nan,nan,0.04
5/11/2025 23:51:47,1.17.0,PRexp,10,3.87,nan,118,Left,Left,5964,491,405,31,nan,nan,0.26
5/11/2025 23:51:50,1.17.0,PRexp,10,3.86,nan,118,Left,Left,5965,491,405,31,nan,nan,0.01
5/11/2025 23:51:53,1.17.0,PRexp,10,3.86,nan,118,Right,Left,5965,492,405,31,nan,nan,0.14
5/11/2025 23:51:55,1.17.0,PRexp,10,3.87,nan,118,Left,Left,5966,492,405,31,nan,nan,0.13
5/11/2025 23:51:59,1.17.0,PRexp,10,3.86,nan,118,Left,Left,5967,492,405,31,nan,nan,0.53
5/11/2025 23:52:02,1.17.0,PRexp,10,3.86,nan,118,Right,Left,5967,493,405,31,nan,nan,0.08
5/11/2025 23:52:14,1.17.0,PRexp,10,3.86,nan,118,Left,Left,5968,493,405,31,nan,nan,0.11
5/11/2025 23:52:17,1.17.0,PRexp,10,3.86,nan,118,Left,Left,5969,493,405,31,nan,nan,0.36
5/11/2025 23:52:18,1.17.0,PRexp,10,3.86,nan,118,Left,Left,5970,493,405,31,nan,nan,0.00
5/11/2025 23:52:19,1.17.0,PRexp,10,3.87,nan,118,Left,Left,5971,493,405,31,nan,nan,0.00
5/11/2025 23:52:22,1.17.0,PRexp,10,3.86,nan,118,Left,Left,5972,493,405,31,nan,nan,0.25
5/11/2025 23:52:23,1.17.0,PRexp,10,3.86,nan,118,Left,Left,5973,493,405,31,nan,nan,0.23
5/11/2025 23:52:26,1.17.0,PRexp,10,3.87,nan,118,Left,Left,5974,493,405,31,nan,nan,0.08
5/11/2025 23:52:30,1.17.0,PRexp,10,3.87,nan,118,Left,Left,5975,493,405,31,nan,nan,0.14
5/11/2025 23:53:19,1.17.0,PRexp,10,3.86,nan,118,Left,Left,5976,493,405,31,nan,nan,0.13
5/11/2025 23:53:22,1.17.0,PRexp,10,3.86,nan,118,Left,Left,5977,493,405,31,nan,nan,0.23
5/11/2025 23:53:25,1.17.0,PRexp,10,3.86,nan,118,Left,Left,5978,493,405,31,nan,nan,0.25
5/11/2025 23:53:27,1.17.0,PRexp,10,3.86,nan,118,Left,Left,5979,493,405,31,nan,nan,0.29
5/11/2025 23:53:33,1.17.0,PRexp,10,3.86,nan,118,Left,Left,5980,493,405,31,nan,nan,0.53
5/11/2025 23:53:36,1.17.0,PRexp,10,3.86,nan,118,Left,Left,5981,493,405,31,nan,nan,0.13
5/11/2025 23:53:39,1.17.0,PRexp,10,3.86,nan,118,Left,Left,5982,493,405,31,nan,nan,0.28
5/11/2025 23:53:40,1.17.0,PRexp,10,3.86,nan,118,Left,Left,5983,493,405,31,nan,nan,0.47
5/11/2025 23:53:43,1.17.0,PRexp,10,3.87,nan,118,Left,Left,5984,493,405,31,nan,nan,0.29
5/11/2025 23:53:46,1.17.0,PRexp,10,3.86,nan,118,Left,Left,5985,493,405,31,nan,nan,0.68
5/11/2025 23:53:49,1.17.0,PRexp,10,3.86,nan,118,Left,Left,5986,493,405,31,nan,nan,0.21
5/11/2025 23:53:51,1.17.0,PRexp,10,3.86,nan,118,Left,Left,5987,493,405,31,nan,nan,0.08
5/11/2025 23:53:58,1.17.0,PRexp,10,3.87,nan,118,Left,Left,5988,493,405,31,nan,nan,0.00
5/11/2025 23:56:15,1.17.0,PRexp,10,3.86,nan,118,Left,Left,5989,493,405,31,nan,nan,0.19
5/11/2025 23:56:18,1.17.0,PRexp,10,3.86,nan,118,Left,Left,5990,493,405,31,nan,nan,0.20
5/11/2025 23:56:22,1.17.0,PRexp,10,3.86,nan,118,Left,Left,5991,493,405,31,nan,nan,0.10
5/11/2025 23:57:11,1.17.0,PRexp,10,3.85,nan,118,Right,Left,5991,494,405,31,nan,nan,0.03
5/11/2025 23:58:11,1.17.0,PRexp,10,3.86,nan,118,Left,Left,5992,494,405,31,nan,nan,0.23
5/11/2025 23:58:13,1.17.0,PRexp,10,3.86,nan,118,Left,Left,5993,494,405,31,nan,nan,0.21
5/11/2025 23:58:17,1.17.0,PRexp,10,3.86,nan,118,Left,Left,5994,494,405,31,nan,nan,0.42
5/11/2025 23:58:20,1.17.0,PRexp,10,3.86,nan,118,Left,Left,5995,494,405,31,nan,nan,0.16
5/11/2025 23:58:28,1.17.0,PRexp,10,3.86,3,118,Pellet,Left,5995,494,406,32,1.22,4975,nan
5/11/2025 23:58:58,1.17.0,PRexp,10,3.86,nan,131,Left,Left,5996,494,406,32,nan,nan,0.04
5/11/2025 23:59:00,1.17.0,PRexp,10,3.87,nan,131,Left,Left,5997,494,406,32,nan,nan,0.09
5/11/2025 23:59:23,1.17.0,PRexp,10,3.86,nan,131,Left,Left,5998,494,406,32,nan,nan,0.13
5/12/2025 0:00:01,1.17.0,PRexp,10,3.86,nan,131,Left,Left,5999,494,406,32,nan,nan,0.24
5/12/2025 0:00:06,1.17.0,PRexp,10,3.86,nan,131,Left,Left,6000,494,406,32,nan,nan,0.22
5/12/2025 0:00:09,1.17.0,PRexp,10,3.86,nan,131,Left,Left,6001,494,406,32,nan,nan,0.10
5/12/2025 0:00:12,1.17.0,PRexp,10,3.86,nan,131,Left,Left,6002,494,406,32,nan,nan,0.19
5/12/2025 0:00:13,1.17.0,PRexp,10,3.85,nan,131,Left,Left,6003,494,406,32,nan,nan,0.00
5/12/2025 0:01:17,1.17.0,PRexp,10,3.86,nan,131,Left,Left,6004,494,406,32,nan,nan,0.26
5/12/2025 0:01:20,1.17.0,PRexp,10,3.87,nan,131,Left,Left,6005,494,406,32,nan,nan,0.24
5/12/2025 0:01:55,1.17.0,PRexp,10,3.86,nan,131,Right,Left,6005,495,406,32,nan,nan,0.35
5/12/2025 0:01:56,1.17.0,PRexp,10,3.86,nan,131,Left,Left,6006,495,406,32,nan,nan,0.22
5/12/2025 0:02:01,1.17.0,PRexp,10,3.86,nan,131,Left,Left,6007,495,406,32,nan,nan,0.23
5/12/2025 0:02:04,1.17.0,PRexp,10,3.86,nan,131,Left,Left,6008,495,406,32,nan,nan,0.18
5/12/2025 0:04:13,1.17.0,PRexp,10,3.86,nan,131,Left,Left,6009,495,406,32,nan,nan,0.22
5/12/2025 0:04:14,1.17.0,PRexp,10,3.86,nan,131,Left,Left,6010,495,406,32,nan,nan,0.14
5/12/2025 0:04:22,1.17.0,PRexp,10,3.86,nan,131,Left,Left,6011,495,406,32,nan,nan,0.14
5/12/2025 0:04:26,1.17.0,PRexp,10,3.86,nan,131,Left,Left,6012,495,406,32,nan,nan,0.17
5/12/2025 0:05:39,1.17.0,PRexp,10,3.86,nan,131,Left,Left,6013,495,406,32,nan,nan,0.15
5/12/2025 0:05:42,1.17.0,PRexp,10,3.86,nan,131,Left,Left,6014,495,406,32,nan,nan,0.14
5/12/2025 0:05:44,1.17.0,PRexp,10,3.86,nan,131,Left,Left,6015,495,406,32,nan,nan,0.19
5/12/2025 0:05:48,1.17.0,PRexp,10,3.86,nan,131,Left,Left,6016,495,406,32,nan,nan,0.41
5/12/2025 0:05:51,1.17.0,PRexp,10,3.87,nan,131,Left,Left,6017,495,406,32,nan,nan,0.16
5/12/2025 0:05:56,1.17.0,PRexp,10,3.86,nan,131,Left,Left,6018,495,406,32,nan,nan,0.07
5/12/2025 0:06:18,1.17.0,PRexp,10,3.86,nan,131,Right,Left,6018,496,406,32,nan,nan,0.07
5/12/2025 0:06:20,1.17.0,PRexp,10,3.86,nan,131,Right,Left,6018,497,406,32,nan,nan,0.18
5/12/2025 0:06:22,1.17.0,PRexp,10,3.86,nan,131,Right,Left,6018,498,406,32,nan,nan,0.14
5/12/2025 0:06:25,1.17.0,PRexp,10,3.86,nan,131,Left,Left,6019,498,406,32,nan,nan,0.13
5/12/2025 0:06:26,1.17.0,PRexp,10,3.86,nan,131,Right,Left,6019,499,406,32,nan,nan,0.00
5/12/2025 0:06:29,1.17.0,PRexp,10,3.86,nan,131,Left,Left,6020,499,406,32,nan,nan,0.22
5/12/2025 0:07:20,1.17.0,PRexp,10,3.86,nan,131,Left,Left,6021,499,406,32,nan,nan,0.14
5/12/2025 0:07:22,1.17.0,PRexp,10,3.86,nan,131,Left,Left,6022,499,406,32,nan,nan,0.14
5/12/2025 0:07:33,1.17.0,PRexp,10,3.86,nan,131,Left,Left,6023,499,406,32,nan,nan,0.17
5/12/2025 0:07:59,1.17.0,PRexp,10,3.87,nan,131,Left,Left,6024,499,406,32,nan,nan,0.08
5/12/2025 0:08:22,1.17.0,PRexp,10,3.86,nan,131,Left,Left,6025,499,406,32,nan,nan,0.04
5/12/2025 0:08:30,1.17.0,PRexp,10,3.85,nan,131,Left,Left,6026,499,406,32,nan,nan,0.42
5/12/2025 0:08:33,1.17.0,PRexp,10,3.86,nan,131,Left,Left,6027,499,406,32,nan,nan,0.09
5/12/2025 0:08:38,1.17.0,PRexp,10,3.87,nan,131,Left,Left,6028,499,406,32,nan,nan,0.58
5/12/2025 0:09:09,1.17.0,PRexp,10,3.86,nan,131,Left,Left,6029,499,406,32,nan,nan,0.19
5/12/2025 0:09:10,1.17.0,PRexp,10,3.85,nan,131,Left,Left,6030,499,406,32,nan,nan,0.00
5/12/2025 0:09:13,1.17.0,PRexp,10,3.86,nan,131,Left,Left,6031,499,406,32,nan,nan,0.33
5/12/2025 0:09:15,1.17.0,PRexp,10,3.85,nan,131,Left,Left,6032,499,406,32,nan,nan,0.21
5/12/2025 0:09:18,1.17.0,PRexp,10,3.86,nan,131,Left,Left,6033,499,406,32,nan,nan,0.27
5/12/2025 0:09:20,1.17.0,PRexp,10,3.86,nan,131,Left,Left,6034,499,406,32,nan,nan,0.21
5/12/2025 0:09:26,1.17.0,PRexp,10,3.86,nan,131,Left,Left,6035,499,406,32,nan,nan,0.29
5/12/2025 0:11:40,1.17.0,PRexp,10,3.86,nan,131,Left,Left,6036,499,406,32,nan,nan,0.02
5/12/2025 0:11:47,1.17.0,PRexp,10,3.86,nan,131,Left,Left,6037,499,406,32,nan,nan,0.10
5/12/2025 0:12:33,1.17.0,PRexp,10,3.86,nan,131,Left,Left,6038,499,406,32,nan,nan,0.01
5/12/2025 0:12:35,1.17.0,PRexp,10,3.86,nan,131,Left,Left,6039,499,406,32,nan,nan,0.28
5/12/2025 0:12:37,1.17.0,PRexp,10,3.86,nan,131,Left,Left,6040,499,406,32,nan,nan,0.15
5/12/2025 0:12:40,1.17.0,PRexp,10,3.86,nan,131,Left,Left,6041,499,406,32,nan,nan,0.43
5/12/2025 0:12:43,1.17.0,PRexp,10,3.86,nan,131,Left,Left,6042,499,406,32,nan,nan,0.10
5/12/2025 0:12:46,1.17.0,PRexp,10,3.85,nan,131,Left,Left,6043,499,406,32,nan,nan,0.19
5/12/2025 0:12:54,1.17.0,PRexp,10,3.86,nan,131,Left,Left,6044,499,406,32,nan,nan,0.04
5/12/2025 0:12:56,1.17.0,PRexp,10,3.86,nan,131,Right,Left,6044,500,406,32,nan,nan,0.37
5/12/2025 0:14:23,1.17.0,PRexp,10,3.86,nan,131,Left,Left,6045,500,406,32,nan,nan,0.17
5/12/2025 0:14:49,1.17.0,PRexp,10,3.86,nan,131,Left,Left,6046,500,406,32,nan,nan,0.12
5/12/2025 0:14:53,1.17.0,PRexp,10,3.87,nan,131,Left,Left,6047,500,406,32,nan,nan,0.16
5/12/2025 0:14:55,1.17.0,PRexp,10,3.86,nan,131,Left,Left,6048,500,406,32,nan,nan,0.51
5/12/2025 0:14:57,1.17.0,PRexp,10,3.86,nan,131,Left,Left,6049,500,406,32,nan,nan,0.12
5/12/2025 0:15:09,1.17.0,PRexp,10,3.86,nan,131,Left,Left,6050,500,406,32,nan,nan,0.02
5/12/2025 0:15:12,1.17.0,PRexp,10,3.86,nan,131,Left,Left,6051,500,406,32,nan,nan,0.03
5/12/2025 0:15:15,1.17.0,PRexp,10,3.86,nan,131,Left,Left,6052,500,406,32,nan,nan,0.55
5/12/2025 0:15:17,1.17.0,PRexp,10,3.86,nan,131,Left,Left,6053,500,406,32,nan,nan,0.12
5/12/2025 0:15:21,1.17.0,PRexp,10,3.86,nan,131,Left,Left,6054,500,406,32,nan,nan,0.04
5/12/2025 0:15:23,1.17.0,PRexp,10,3.86,nan,131,Left,Left,6055,500,406,32,nan,nan,0.09
5/12/2025 0:15:26,1.17.0,PRexp,10,3.86,nan,131,Left,Left,6056,500,406,32,nan,nan,0.51
5/12/2025 0:15:28,1.17.0,PRexp,10,3.86,nan,131,Left,Left,6057,500,406,32,nan,nan,0.19
5/12/2025 0:15:48,1.17.0,PRexp,10,3.86,nan,131,Left,Left,6058,500,406,32,nan,nan,0.23
5/12/2025 0:15:51,1.17.0,PRexp,10,3.87,nan,131,Left,Left,6059,500,406,32,nan,nan,0.50
5/12/2025 0:15:52,1.17.0,PRexp,10,3.86,nan,131,Left,Left,6060,500,406,32,nan,nan,0.00
5/12/2025 0:15:56,1.17.0,PRexp,10,3.86,nan,131,Right,Left,6060,501,406,32,nan,nan,0.23
5/12/2025 0:15:58,1.17.0,PRexp,10,3.87,nan,131,Left,Left,6061,501,406,32,nan,nan,0.23
5/12/2025 0:15:59,1.17.0,PRexp,10,3.86,nan,131,Left,Left,6062,501,406,32,nan,nan,0.00
5/12/2025 0:16:14,1.17.0,PRexp,10,3.86,nan,131,Left,Left,6063,501,406,32,nan,nan,0.01
5/12/2025 0:16:17,1.17.0,PRexp,10,3.86,nan,131,Left,Left,6064,501,406,32,nan,nan,0.10
5/12/2025 0:18:21,1.17.0,PRexp,10,3.86,nan,131,Right,Left,6064,502,406,32,nan,nan,0.09
5/12/2025 0:18:26,1.17.0,PRexp,10,3.86,nan,131,Left,Left,6065,502,406,32,nan,nan,0.04
5/12/2025 0:18:28,1.17.0,PRexp,10,3.86,nan,131,Left,Left,6066,502,406,32,nan,nan,0.19
5/12/2025 0:18:30,1.17.0,PRexp,10,3.86,nan,131,Left,Left,6067,502,406,32,nan,nan,0.20
5/12/2025 0:19:22,1.17.0,PRexp,10,3.86,nan,131,Right,Left,6067,503,406,32,nan,nan,0.26
5/12/2025 0:19:24,1.17.0,PRexp,10,3.86,nan,131,Left,Left,6068,503,406,32,nan,nan,0.39
5/12/2025 0:19:27,1.17.0,PRexp,10,3.87,nan,131,Left,Left,6069,503,406,32,nan,nan,0.05
5/12/2025 0:19:30,1.17.0,PRexp,10,3.86,nan,131,Left,Left,6070,503,406,32,nan,nan,0.09
5/12/2025 0:19:34,1.17.0,PRexp,10,3.85,nan,131,Left,Left,6071,503,406,32,nan,nan,0.46
5/12/2025 0:19:40,1.17.0,PRexp,10,3.86,nan,131,Left,Left,6072,503,406,32,nan,nan,0.45
5/12/2025 0:19:44,1.17.0,PRexp,10,3.86,nan,131,Left,Left,6073,503,406,32,nan,nan,0.10
5/12/2025 0:23:09,1.17.0,PRexp,10,3.86,nan,131,Left,Left,6074,503,406,32,nan,nan,0.11
5/12/2025 0:24:02,1.17.0,PRexp,10,3.86,nan,131,Left,Left,6075,503,406,32,nan,nan,0.08
5/12/2025 0:24:04,1.17.0,PRexp,10,3.86,nan,131,Left,Left,6076,503,406,32,nan,nan,0.11
5/12/2025 0:24:07,1.17.0,PRexp,10,3.87,nan,131,Left,Left,6077,503,406,32,nan,nan,0.33
5/12/2025 0:24:09,1.17.0,PRexp,10,3.86,nan,131,Left,Left,6078,503,406,32,nan,nan,0.07
5/12/2025 0:24:34,1.17.0,PRexp,10,3.86,nan,131,Left,Left,6079,503,406,32,nan,nan,0.04
5/12/2025 0:24:35,1.17.0,PRexp,10,3.86,nan,131,Left,Left,6080,503,406,32,nan,nan,0.00
5/12/2025 0:24:37,1.17.0,PRexp,10,3.86,nan,131,Left,Left,6081,503,406,32,nan,nan,0.23
5/12/2025 0:24:40,1.17.0,PRexp,10,3.86,nan,131,Left,Left,6082,503,406,32,nan,nan,0.53
5/12/2025 0:24:42,1.17.0,PRexp,10,3.86,nan,131,Left,Left,6083,503,406,32,nan,nan,0.33
5/12/2025 0:24:46,1.17.0,PRexp,10,3.86,nan,131,Left,Left,6084,503,406,32,nan,nan,0.37
5/12/2025 0:24:48,1.17.0,PRexp,10,3.86,nan,131,Left,Left,6085,503,406,32,nan,nan,0.13
5/12/2025 0:24:52,1.17.0,PRexp,10,3.86,nan,131,Left,Left,6086,503,406,32,nan,nan,0.18
5/12/2025 0:25:28,1.17.0,PRexp,10,3.86,nan,131,Right,Left,6086,504,406,32,nan,nan,0.00
5/12/2025 0:25:30,1.17.0,PRexp,10,3.85,nan,131,Left,Left,6087,504,406,32,nan,nan,0.11
5/12/2025 0:25:31,1.17.0,PRexp,10,3.86,nan,131,Right,Left,6087,505,406,32,nan,nan,0.00
5/12/2025 0:25:34,1.17.0,PRexp,10,3.86,nan,131,Left,Left,6088,505,406,32,nan,nan,0.22
5/12/2025 0:25:36,1.17.0,PRexp,10,3.87,nan,131,Left,Left,6089,505,406,32,nan,nan,0.24
5/12/2025 0:25:38,1.17.0,PRexp,10,3.86,nan,131,Left,Left,6090,505,406,32,nan,nan,0.38
5/12/2025 0:25:40,1.17.0,PRexp,10,3.86,nan,131,Left,Left,6091,505,406,32,nan,nan,0.42
5/12/2025 0:25:43,1.17.0,PRexp,10,3.86,nan,131,Left,Left,6092,505,406,32,nan,nan,0.20
5/12/2025 0:28:35,1.17.0,PRexp,10,3.86,nan,131,Left,Left,6093,505,406,32,nan,nan,0.12
5/12/2025 0:28:39,1.17.0,PRexp,10,3.86,nan,131,Left,Left,6094,505,406,32,nan,nan,0.13
5/12/2025 0:31:25,1.17.0,PRexp,10,3.86,nan,131,Left,Left,6095,505,406,32,nan,nan,0.10
5/12/2025 0:31:29,1.17.0,PRexp,10,3.86,nan,131,Left,Left,6096,505,406,32,nan,nan,0.16
5/12/2025 0:31:30,1.17.0,PRexp,10,3.87,nan,131,Left,Left,6097,505,406,32,nan,nan,0.00
5/12/2025 0:31:32,1.17.0,PRexp,10,3.86,nan,131,Left,Left,6098,505,406,32,nan,nan,0.24
5/12/2025 0:31:34,1.17.0,PRexp,10,3.86,nan,131,Left,Left,6099,505,406,32,nan,nan,0.26
5/12/2025 0:31:36,1.17.0,PRexp,10,3.86,nan,131,Left,Left,6100,505,406,32,nan,nan,0.09
5/12/2025 0:31:38,1.17.0,PRexp,10,3.86,nan,131,Left,Left,6101,505,406,32,nan,nan,0.16
5/12/2025 0:32:37,1.17.0,PRexp,10,3.86,nan,131,Left,Left,6102,505,406,32,nan,nan,0.05
5/12/2025 0:33:09,1.17.0,PRexp,10,3.86,nan,131,Left,Left,6103,505,406,32,nan,nan,0.17
5/12/2025 0:33:12,1.17.0,PRexp,10,3.86,nan,131,Left,Left,6104,505,406,32,nan,nan,0.28
5/12/2025 0:33:14,1.17.0,PRexp,10,3.86,nan,131,Left,Left,6105,505,406,32,nan,nan,0.06
5/12/2025 0:34:22,1.17.0,PRexp,10,3.86,nan,131,Left,Left,6106,505,406,32,nan,nan,0.10
5/12/2025 0:34:24,1.17.0,PRexp,10,3.86,nan,131,Left,Left,6107,505,406,32,nan,nan,0.15
5/12/2025 0:34:57,1.17.0,PRexp,10,3.86,nan,131,Right,Left,6107,506,406,32,nan,nan,0.15
5/12/2025 0:35:00,1.17.0,PRexp,10,3.86,nan,131,Left,Left,6108,506,406,32,nan,nan,0.35
5/12/2025 0:35:02,1.17.0,PRexp,10,3.86,nan,131,Left,Left,6109,506,406,32,nan,nan,0.39
5/12/2025 0:35:04,1.17.0,PRexp,10,3.86,nan,131,Left,Left,6110,506,406,32,nan,nan,0.24
5/12/2025 0:35:08,1.17.0,PRexp,10,3.86,nan,131,Left,Left,6111,506,406,32,nan,nan,0.21
5/12/2025 0:35:21,1.17.0,PRexp,10,3.86,nan,131,Left,Left,6112,506,406,32,nan,nan,0.14
5/12/2025 0:35:24,1.17.0,PRexp,10,3.86,nan,131,Left,Left,6113,506,406,32,nan,nan,0.17
5/12/2025 0:35:25,1.17.0,PRexp,10,3.86,nan,131,Left,Left,6114,506,406,32,nan,nan,0.11
5/12/2025 0:35:31,1.17.0,PRexp,10,3.86,nan,131,Right,Left,6114,507,406,32,nan,nan,0.05
5/12/2025 0:37:19,1.17.0,PRexp,10,3.86,nan,131,Left,Left,6115,507,406,32,nan,nan,0.16
5/12/2025 0:37:22,1.17.0,PRexp,10,3.85,nan,131,Left,Left,6116,507,406,32,nan,nan,0.21
5/12/2025 0:37:24,1.17.0,PRexp,10,3.86,nan,131,Left,Left,6117,507,406,32,nan,nan,0.17
5/12/2025 0:38:44,1.17.0,PRexp,10,3.86,nan,131,Left,Left,6118,507,406,32,nan,nan,0.15
5/12/2025 0:38:46,1.17.0,PRexp,10,3.86,nan,131,Left,Left,6119,507,406,32,nan,nan,0.10
5/12/2025 0:38:49,1.17.0,PRexp,10,3.86,nan,131,Left,Left,6120,507,406,32,nan,nan,0.17
5/12/2025 0:38:51,1.17.0,PRexp,10,3.86,nan,131,Left,Left,6121,507,406,32,nan,nan,0.22
5/12/2025 0:38:55,1.17.0,PRexp,10,3.86,nan,131,Left,Left,6122,507,406,32,nan,nan,0.17
5/12/2025 0:38:57,1.17.0,PRexp,10,3.86,nan,131,Left,Left,6123,507,406,32,nan,nan,0.14
5/12/2025 0:39:04,1.17.0,PRexp,10,3.86,nan,131,Left,Left,6124,507,406,32,nan,nan,0.13
5/12/2025 0:39:07,1.17.0,PRexp,10,3.86,nan,131,Left,Left,6125,507,406,32,nan,nan,0.04
5/12/2025 0:39:09,1.17.0,PRexp,10,3.86,nan,131,Left,Left,6126,507,406,32,nan,nan,0.15
5/12/2025 0:39:14,1.17.0,PRexp,10,3.86,3,131,Pellet,Left,6126,507,407,33,0.30,2446,nan
5/12/2025 0:40:49,1.17.0,PRexp,10,3.86,nan,145,Left,Left,6127,507,407,33,nan,nan,0.10
5/12/2025 0:41:24,1.17.0,PRexp,10,3.86,nan,145,Left,Left,6128,507,407,33,nan,nan,0.10
5/12/2025 0:41:26,1.17.0,PRexp,10,3.85,nan,145,Left,Left,6129,507,407,33,nan,nan,0.16
5/12/2025 0:41:29,1.17.0,PRexp,10,3.86,nan,145,Left,Left,6130,507,407,33,nan,nan,0.32
5/12/2025 0:41:34,1.17.0,PRexp,10,3.86,nan,145,Left,Left,6131,507,407,33,nan,nan,0.04
5/12/2025 0:41:47,1.17.0,PRexp,10,3.85,nan,145,Left,Left,6132,507,407,33,nan,nan,0.13
5/12/2025 0:45:08,1.17.0,PRexp,10,3.85,nan,145,Left,Left,6133,507,407,33,nan,nan,0.07
5/12/2025 0:45:10,1.17.0,PRexp,10,3.86,nan,145,Left,Left,6134,507,407,33,nan,nan,0.39
5/12/2025 0:45:14,1.17.0,PRexp,10,3.86,nan,145,Left,Left,6135,507,407,33,nan,nan,0.52
5/12/2025 0:45:17,1.17.0,PRexp,10,3.86,nan,145,Left,Left,6136,507,407,33,nan,nan,0.40
5/12/2025 0:45:20,1.17.0,PRexp,10,3.86,nan,145,Left,Left,6137,507,407,33,nan,nan,0.44
5/12/2025 0:45:23,1.17.0,PRexp,10,3.86,nan,145,Left,Left,6138,507,407,33,nan,nan,0.18
5/12/2025 0:46:33,1.17.0,PRexp,10,3.86,nan,145,Left,Left,6139,507,407,33,nan,nan,0.39
5/12/2025 0:46:36,1.17.0,PRexp,10,3.85,nan,145,Left,Left,6140,507,407,33,nan,nan,0.02
5/12/2025 0:46:38,1.17.0,PRexp,10,3.86,nan,145,Left,Left,6141,507,407,33,nan,nan,0.12
5/12/2025 0:46:41,1.17.0,PRexp,10,3.86,nan,145,Left,Left,6142,507,407,33,nan,nan,0.13
5/12/2025 0:47:07,1.17.0,PRexp,10,3.86,nan,145,Left,Left,6143,507,407,33,nan,nan,0.13
5/12/2025 0:47:11,1.17.0,PRexp,10,3.86,nan,145,Left,Left,6144,507,407,33,nan,nan,0.40
5/12/2025 0:47:13,1.17.0,PRexp,10,3.86,nan,145,Left,Left,6145,507,407,33,nan,nan,0.40
5/12/2025 0:47:15,1.17.0,PRexp,10,3.86,nan,145,Left,Left,6146,507,407,33,nan,nan,0.46
5/12/2025 0:47:18,1.17.0,PRexp,10,3.86,nan,145,Left,Left,6147,507,407,33,nan,nan,0.25
5/12/2025 0:47:21,1.17.0,PRexp,10,3.86,nan,145,Left,Left,6148,507,407,33,nan,nan,0.03
5/12/2025 0:47:51,1.17.0,PRexp,10,3.86,nan,145,Left,Left,6149,507,407,33,nan,nan,0.16
5/12/2025 0:47:53,1.17.0,PRexp,10,3.87,nan,145,Left,Left,6150,507,407,33,nan,nan,0.04
5/12/2025 0:48:02,1.17.0,PRexp,10,3.86,nan,145,Left,Left,6151,507,407,33,nan,nan,0.42
5/12/2025 0:48:04,1.17.0,PRexp,10,3.86,nan,145,Left,Left,6152,507,407,33,nan,nan,0.00
5/12/2025 0:48:05,1.17.0,PRexp,10,3.86,nan,145,Left,Left,6153,507,407,33,nan,nan,0.41
5/12/2025 0:48:08,1.17.0,PRexp,10,3.86,nan,145,Left,Left,6154,507,407,33,nan,nan,0.16
5/12/2025 0:48:11,1.17.0,PRexp,10,3.86,nan,145,Left,Left,6155,507,407,33,nan,nan,0.69
5/12/2025 0:48:16,1.17.0,PRexp,10,3.86,nan,145,Left,Left,6156,507,407,33,nan,nan,0.74
5/12/2025 0:48:20,1.17.0,PRexp,10,3.86,nan,145,Left,Left,6157,507,407,33,nan,nan,0.11
5/12/2025 0:48:27,1.17.0,PRexp,10,3.86,nan,145,Left,Left,6158,507,407,33,nan,nan,0.00
5/12/2025 0:48:29,1.17.0,PRexp,10,3.85,nan,145,Left,Left,6159,507,407,33,nan,nan,0.17
5/12/2025 0:50:05,1.17.0,PRexp,10,3.86,nan,145,Left,Left,6160,507,407,33,nan,nan,0.23
5/12/2025 0:50:07,1.17.0,PRexp,10,3.86,nan,145,Left,Left,6161,507,407,33,nan,nan,0.33
5/12/2025 0:50:09,1.17.0,PRexp,10,3.86,nan,145,Left,Left,6162,507,407,33,nan,nan,0.12
5/12/2025 0:50:11,1.17.0,PRexp,10,3.86,nan,145,Left,Left,6163,507,407,33,nan,nan,0.08
5/12/2025 0:50:14,1.17.0,PRexp,10,3.86,nan,145,Left,Left,6164,507,407,33,nan,nan,0.13
5/12/2025 0:50:18,1.17.0,PRexp,10,3.86,nan,145,Right,Left,6164,508,407,33,nan,nan,0.31
5/12/2025 0:50:19,1.17.0,PRexp,10,3.85,nan,145,Left,Left,6165,508,407,33,nan,nan,0.19
5/12/2025 0:50:21,1.17.0,PRexp,10,3.86,nan,145,Left,Left,6166,508,407,33,nan,nan,0.32
5/12/2025 0:51:27,1.17.0,PRexp,10,3.86,nan,145,Left,Left,6167,508,407,33,nan,nan,0.26
5/12/2025 0:51:29,1.17.0,PRexp,10,3.86,nan,145,Left,Left,6168,508,407,33,nan,nan,0.15
5/12/2025 0:51:32,1.17.0,PRexp,10,3.86,nan,145,Left,Left,6169,508,407,33,nan,nan,0.24
5/12/2025 0:51:33,1.17.0,PRexp,10,3.86,nan,145,Left,Left,6170,508,407,33,nan,nan,0.42
5/12/2025 0:51:36,1.17.0,PRexp,10,3.86,nan,145,Left,Left,6171,508,407,33,nan,nan,0.22
5/12/2025 0:51:39,1.17.0,PRexp,10,3.85,nan,145,Left,Left,6172,508,407,33,nan,nan,0.23
5/12/2025 0:51:41,1.17.0,PRexp,10,3.85,nan,145,Left,Left,6173,508,407,33,nan,nan,0.40
5/12/2025 0:52:23,1.17.0,PRexp,10,3.85,nan,145,Right,Left,6173,509,407,33,nan,nan,0.08
5/12/2025 0:52:26,1.17.0,PRexp,10,3.86,nan,145,Left,Left,6174,509,407,33,nan,nan,0.25
5/12/2025 0:52:28,1.17.0,PRexp,10,3.86,nan,145,Left,Left,6175,509,407,33,nan,nan,0.10
5/12/2025 0:52:30,1.17.0,PRexp,10,3.86,nan,145,Left,Left,6176,509,407,33,nan,nan,0.20
5/12/2025 0:52:31,1.17.0,PRexp,10,3.86,nan,145,Left,Left,6177,509,407,33,nan,nan,0.14
5/12/2025 0:52:34,1.17.0,PRexp,10,3.86,nan,145,Left,Left,6178,509,407,33,nan,nan,0.10
5/12/2025 0:52:37,1.17.0,PRexp,10,3.85,nan,145,Left,Left,6179,509,407,33,nan,nan,0.12
5/12/2025 0:52:41,1.17.0,PRexp,10,3.86,nan,145,Left,Left,6180,509,407,33,nan,nan,0.15
5/12/2025 0:53:08,1.17.0,PRexp,10,3.86,nan,145,Left,Left,6181,509,407,33,nan,nan,0.29
5/12/2025 0:53:11,1.17.0,PRexp,10,3.86,nan,145,Left,Left,6182,509,407,33,nan,nan,0.13
5/12/2025 0:53:14,1.17.0,PRexp,10,3.86,nan,145,Left,Left,6183,509,407,33,nan,nan,0.17
5/12/2025 0:53:18,1.17.0,PRexp,10,3.86,nan,145,Left,Left,6184,509,407,33,nan,nan,0.42
5/12/2025 0:53:19,1.17.0,PRexp,10,3.86,nan,145,Left,Left,6185,509,407,33,nan,nan,0.23
5/12/2025 0:53:22,1.17.0,PRexp,10,3.86,nan,145,Left,Left,6186,509,407,33,nan,nan,0.09
5/12/2025 0:53:28,1.17.0,PRexp,10,3.86,nan,145,Left,Left,6187,509,407,33,nan,nan,0.00
5/12/2025 0:53:29,1.17.0,PRexp,10,3.86,nan,145,Left,Left,6188,509,407,33,nan,nan,0.06
5/12/2025 1:36:24,1.17.0,PRexp,10,3.86,nan,1,Left,Left,6189,509,407,0,nan,nan,0.05
5/12/2025 1:36:33,1.17.0,PRexp,10,3.85,5,1,Pellet,Left,6189,509,408,1,0.12,3439,nan
5/12/2025 1:36:55,1.17.0,PRexp,10,3.87,nan,1,Left,Left,6190,509,408,1,nan,nan,0.12
5/12/2025 1:37:00,1.17.0,PRexp,10,3.85,3,1,Pellet,Left,6190,509,409,2,0.06,27,nan
5/12/2025 1:37:26,1.17.0,PRexp,10,3.86,nan,2,Left,Left,6191,509,409,2,nan,nan,0.12
5/12/2025 1:37:31,1.17.0,PRexp,10,3.86,nan,2,Left,Left,6192,509,409,2,nan,nan,0.14
5/12/2025 1:37:57,1.17.0,PRexp,10,3.86,3,2,Pellet,Left,6192,509,410,3,21.70,57,nan
5/12/2025 1:38:41,1.17.0,PRexp,10,3.86,nan,2,Left,Left,6193,509,410,3,nan,nan,0.11
5/12/2025 1:38:45,1.17.0,PRexp,10,3.86,nan,2,Left,Left,6194,509,410,3,nan,nan,0.26
5/12/2025 1:39:00,1.17.0,PRexp,10,3.85,3,2,Pellet,Left,6194,509,411,4,8.18,62,nan
5/12/2025 1:39:32,1.17.0,PRexp,10,3.85,nan,3,Left,Left,6195,509,411,4,nan,nan,0.12
5/12/2025 1:39:34,1.17.0,PRexp,10,3.86,nan,3,Left,Left,6196,509,411,4,nan,nan,0.26
5/12/2025 1:39:37,1.17.0,PRexp,10,3.86,nan,3,Left,Left,6197,509,411,4,nan,nan,0.23
5/12/2025 1:39:52,1.17.0,PRexp,10,3.85,3,3,Pellet,Left,6197,509,412,5,10.33,53,nan
5/12/2025 1:40:26,1.17.0,PRexp,10,3.85,nan,4,Left,Left,6198,509,412,5,nan,nan,0.74
5/12/2025 1:40:28,1.17.0,PRexp,10,3.85,nan,4,Left,Left,6199,509,412,5,nan,nan,0.26
5/12/2025 1:40:31,1.17.0,PRexp,10,3.85,nan,4,Left,Left,6200,509,412,5,nan,nan,0.62
5/12/2025 1:40:34,1.17.0,PRexp,10,3.86,nan,4,Left,Left,6201,509,412,5,nan,nan,0.93
5/12/2025 1:40:38,1.17.0,PRexp,10,3.85,3,4,Pellet,Left,6201,509,413,6,0.06,46,nan
5/12/2025 1:41:03,1.17.0,PRexp,10,3.85,nan,5,Left,Left,6202,509,413,6,nan,nan,0.06
5/12/2025 1:41:06,1.17.0,PRexp,10,3.85,nan,5,Left,Left,6203,509,413,6,nan,nan,0.12
5/12/2025 1:41:09,1.17.0,PRexp,10,3.85,nan,5,Left,Left,6204,509,413,6,nan,nan,0.10
5/12/2025 1:41:12,1.17.0,PRexp,10,3.85,nan,5,Left,Left,6205,509,413,6,nan,nan,0.39
5/12/2025 1:41:22,1.17.0,PRexp,10,3.86,nan,5,Left,Left,6206,509,413,6,nan,nan,0.16
5/12/2025 1:41:38,1.17.0,PRexp,10,3.86,3,5,Pellet,Left,6206,509,414,7,11.01,60,nan
5/12/2025 1:42:39,1.17.0,PRexp,10,3.85,nan,6,Left,Left,6207,509,414,7,nan,nan,0.00
5/12/2025 1:42:43,1.17.0,PRexp,10,3.85,nan,6,Left,Left,6208,509,414,7,nan,nan,0.16
5/12/2025 1:42:45,1.17.0,PRexp,10,3.86,nan,6,Left,Left,6209,509,414,7,nan,nan,0.04
5/12/2025 1:42:49,1.17.0,PRexp,10,3.85,nan,6,Left,Left,6210,509,414,7,nan,nan,0.34
5/12/2025 1:42:53,1.17.0,PRexp,10,3.85,nan,6,Left,Left,6211,509,414,7,nan,nan,0.64
5/12/2025 1:42:57,1.17.0,PRexp,10,3.85,nan,6,Left,Left,6212,509,414,7,nan,nan,0.38
5/12/2025 1:43:14,1.17.0,PRexp,10,3.86,3,6,Pellet,Left,6212,509,415,8,10.15,96,nan
5/12/2025 1:43:49,1.17.0,PRexp,10,3.85,nan,7,Left,Left,6213,509,415,8,nan,nan,0.12
5/12/2025 1:43:52,1.17.0,PRexp,10,3.85,nan,7,Left,Left,6214,509,415,8,nan,nan,0.29
5/12/2025 1:43:55,1.17.0,PRexp,10,3.86,nan,7,Left,Left,6215,509,415,8,nan,nan,0.39
5/12/2025 1:43:59,1.17.0,PRexp,10,3.85,nan,7,Left,Left,6216,509,415,8,nan,nan,0.24
5/12/2025 1:44:02,1.17.0,PRexp,10,3.86,nan,7,Left,Left,6217,509,415,8,nan,nan,0.13
5/12/2025 1:44:08,1.17.0,PRexp,10,3.85,nan,7,Left,Left,6218,509,415,8,nan,nan,0.50
5/12/2025 1:44:13,1.17.0,PRexp,10,3.86,nan,7,Left,Left,6219,509,415,8,nan,nan,1.07
5/12/2025 1:44:27,1.17.0,PRexp,10,3.85,3,7,Pellet,Left,6219,509,416,9,9.47,72,nan
5/12/2025 1:48:06,1.17.0,PRexp,10,3.86,nan,9,Left,Left,6220,509,416,9,nan,nan,0.02
5/12/2025 1:49:04,1.17.0,PRexp,10,3.86,nan,9,Left,Left,6221,509,416,9,nan,nan,0.04
5/12/2025 1:49:07,1.17.0,PRexp,10,3.85,nan,9,Left,Left,6222,509,416,9,nan,nan,0.20
5/12/2025 1:49:14,1.17.0,PRexp,10,3.85,nan,9,Left,Left,6223,509,416,9,nan,nan,0.16
5/12/2025 1:49:17,1.17.0,PRexp,10,3.86,nan,9,Left,Left,6224,509,416,9,nan,nan,0.16
5/12/2025 1:49:19,1.17.0,PRexp,10,3.86,nan,9,Left,Left,6225,509,416,9,nan,nan,0.42
5/12/2025 1:49:21,1.17.0,PRexp,10,3.85,nan,9,Left,Left,6226,509,416,9,nan,nan,0.13
5/12/2025 1:50:37,1.17.0,PRexp,10,3.85,nan,9,Left,Left,6227,509,416,9,nan,nan,0.11
5/12/2025 1:51:19,1.17.0,PRexp,10,3.86,nan,9,Left,Left,6228,509,416,9,nan,nan,0.00
5/12/2025 1:51:22,1.17.0,PRexp,10,3.85,2,9,Pellet,Left,6228,509,417,10,0.06,416,nan
5/12/2025 1:57:49,1.17.0,PRexp,10,3.85,nan,10,Left,Left,6229,509,417,10,nan,nan,0.08
5/12/2025 1:57:51,1.17.0,PRexp,10,3.85,nan,10,Left,Left,6230,509,417,10,nan,nan,0.14
5/12/2025 1:57:55,1.17.0,PRexp,10,3.85,nan,10,Left,Left,6231,509,417,10,nan,nan,0.32
5/12/2025 1:57:58,1.17.0,PRexp,10,3.85,nan,10,Left,Left,6232,509,417,10,nan,nan,0.24
5/12/2025 1:58:02,1.17.0,PRexp,10,3.85,nan,10,Left,Left,6233,509,417,10,nan,nan,1.07
5/12/2025 1:58:04,1.17.0,PRexp,10,3.85,nan,10,Left,Left,6234,509,417,10,nan,nan,0.37
5/12/2025 1:58:08,1.17.0,PRexp,10,3.86,nan,10,Left,Left,6235,509,417,10,nan,nan,0.24
5/12/2025 1:58:12,1.17.0,PRexp,10,3.85,nan,10,Left,Left,6236,509,417,10,nan,nan,0.10
5/12/2025 1:58:14,1.17.0,PRexp,10,3.85,nan,10,Left,Left,6237,509,417,10,nan,nan,0.10
5/12/2025 2:00:10,1.17.0,PRexp,10,3.85,nan,10,Right,Left,6237,510,417,10,nan,nan,0.15
5/12/2025 2:28:56,1.17.0,PRexp,10,3.85,nan,1,Left,Left,6238,510,417,0,nan,nan,0.13
5/12/2025 2:29:03,1.17.0,PRexp,10,3.85,4,1,Pellet,Left,6238,510,418,1,0.12,2261,nan
5/12/2025 2:29:29,1.17.0,PRexp,10,3.86,nan,1,Left,Left,6239,510,418,1,nan,nan,0.51
5/12/2025 2:29:47,1.17.0,PRexp,10,3.85,5,1,Pellet,Left,6239,510,419,2,9.48,44,nan
5/12/2025 2:30:23,1.17.0,PRexp,10,3.85,nan,2,Left,Left,6240,510,419,2,nan,nan,0.14
5/12/2025 2:30:26,1.17.0,PRexp,10,3.85,nan,2,Left,Left,6241,510,419,2,nan,nan,0.94
5/12/2025 2:30:29,1.17.0,PRexp,10,3.85,2,2,Pellet,Left,6241,510,420,3,0.12,42,nan
5/12/2025 2:31:01,1.17.0,PRexp,10,3.85,nan,2,Left,Left,6242,510,420,3,nan,nan,0.18
5/12/2025 2:31:03,1.17.0,PRexp,10,3.85,nan,2,Left,Left,6243,510,420,3,nan,nan,0.06
5/12/2025 2:31:08,1.17.0,PRexp,10,3.85,3,2,Pellet,Left,6243,510,421,4,0.06,38,nan
5/12/2025 2:31:41,1.17.0,PRexp,10,3.85,nan,3,Left,Left,6244,510,421,4,nan,nan,0.37
5/12/2025 2:31:43,1.17.0,PRexp,10,3.86,nan,3,Left,Left,6245,510,421,4,nan,nan,0.28
5/12/2025 2:31:49,1.17.0,PRexp,10,3.86,nan,3,Left,Left,6246,510,421,4,nan,nan,0.42
5/12/2025 2:32:05,1.17.0,PRexp,10,3.85,2,3,Pellet,Left,6246,510,422,5,12.19,58,nan
5/12/2025 2:32:43,1.17.0,PRexp,10,3.85,nan,4,Left,Left,6247,510,422,5,nan,nan,0.57
5/12/2025 2:32:47,1.17.0,PRexp,10,3.86,nan,4,Left,Left,6248,510,422,5,nan,nan,0.15
5/12/2025 2:32:51,1.17.0,PRexp,10,3.85,nan,4,Left,Left,6249,510,422,5,nan,nan,0.25
5/12/2025 2:32:54,1.17.0,PRexp,10,3.85,nan,4,Left,Left,6250,510,422,5,nan,nan,0.66
5/12/2025 2:33:12,1.17.0,PRexp,10,3.85,4,4,Pellet,Left,6250,510,423,6,9.67,67,nan
5/12/2025 2:33:51,1.17.0,PRexp,10,3.86,nan,5,Left,Left,6251,510,423,6,nan,nan,0.20
5/12/2025 2:33:55,1.17.0,PRexp,10,3.85,nan,5,Left,Left,6252,510,423,6,nan,nan,0.52
5/12/2025 2:33:59,1.17.0,PRexp,10,3.85,nan,5,Left,Left,6253,510,423,6,nan,nan,0.66
5/12/2025 2:34:03,1.17.0,PRexp,10,3.85,nan,5,Left,Left,6254,510,423,6,nan,nan,0.26
5/12/2025 2:34:07,1.17.0,PRexp,10,3.85,nan,5,Left,Left,6255,510,423,6,nan,nan,0.49
5/12/2025 2:34:25,1.17.0,PRexp,10,3.85,3,5,Pellet,Left,6255,510,424,7,11.27,73,nan
5/12/2025 2:37:52,1.17.0,PRexp,10,3.85,nan,6,Left,Left,6256,510,424,7,nan,nan,0.06
5/12/2025 2:37:55,1.17.0,PRexp,10,3.85,nan,6,Left,Left,6257,510,424,7,nan,nan,0.08
5/12/2025 2:37:59,1.17.0,PRexp,10,3.85,nan,6,Left,Left,6258,510,424,7,nan,nan,0.04
5/12/2025 2:38:03,1.17.0,PRexp,10,3.85,nan,6,Left,Left,6259,510,424,7,nan,nan,0.02
5/12/2025 2:38:06,1.17.0,PRexp,10,3.85,nan,6,Left,Left,6260,510,424,7,nan,nan,0.46
5/12/2025 2:38:12,1.17.0,PRexp,10,3.85,nan,6,Left,Left,6261,510,424,7,nan,nan,0.31
5/12/2025 2:38:14,1.17.0,PRexp,10,3.85,2,6,Pellet,Left,6261,510,425,8,0.12,229,nan
5/12/2025 2:38:39,1.17.0,PRexp,10,3.85,nan,7,Left,Left,6262,510,425,8,nan,nan,0.10
5/12/2025 3:02:21,1.17.0,PRexp,10,3.85,nan,7,Left,Left,6263,510,425,8,nan,nan,0.34
5/12/2025 3:02:23,1.17.0,PRexp,10,3.85,nan,7,Left,Left,6264,510,425,8,nan,nan,0.12
5/12/2025 3:02:29,1.17.0,PRexp,10,3.85,nan,7,Left,Left,6265,510,425,8,nan,nan,0.20
5/12/2025 3:02:38,1.17.0,PRexp,10,3.85,nan,7,Left,Left,6266,510,425,8,nan,nan,0.39
5/12/2025 3:02:42,1.17.0,PRexp,10,3.85,nan,7,Left,Left,6267,510,425,8,nan,nan,0.53
5/12/2025 3:02:47,1.17.0,PRexp,10,3.86,nan,7,Left,Left,6268,510,425,8,nan,nan,0.12
5/12/2025 3:02:51,1.17.0,PRexp,10,3.85,3,7,Pellet,Left,6268,510,426,9,0.24,1477,nan
5/12/2025 3:03:15,1.17.0,PRexp,10,3.85,nan,9,Left,Left,6269,510,426,9,nan,nan,0.73
5/12/2025 3:03:22,1.17.0,PRexp,10,3.85,nan,9,Left,Left,6270,510,426,9,nan,nan,0.52
5/12/2025 3:03:26,1.17.0,PRexp,10,3.85,nan,9,Left,Left,6271,510,426,9,nan,nan,0.37
5/12/2025 3:03:32,1.17.0,PRexp,10,3.85,nan,9,Left,Left,6272,510,426,9,nan,nan,0.39
5/12/2025 3:03:36,1.17.0,PRexp,10,3.85,nan,9,Left,Left,6273,510,426,9,nan,nan,0.04
5/12/2025 3:03:41,1.17.0,PRexp,10,3.85,nan,9,Left,Left,6274,510,426,9,nan,nan,0.21
5/12/2025 3:03:43,1.17.0,PRexp,10,3.85,nan,9,Left,Left,6275,510,426,9,nan,nan,0.61
5/12/2025 3:03:52,1.17.0,PRexp,10,3.85,nan,9,Left,Left,6276,510,426,9,nan,nan,0.31
5/12/2025 3:03:56,1.17.0,PRexp,10,3.85,nan,9,Left,Left,6277,510,426,9,nan,nan,0.34
5/12/2025 3:04:28,1.17.0,PRexp,10,3.85,3,9,Pellet,Left,6277,510,427,10,26.22,97,nan
5/12/2025 3:30:53,1.17.0,PRexp,10,3.85,nan,10,Left,Left,6278,510,427,10,nan,nan,0.19
5/12/2025 3:30:55,1.17.0,PRexp,10,3.85,nan,10,Left,Left,6279,510,427,10,nan,nan,0.09
5/12/2025 3:30:58,1.17.0,PRexp,10,3.85,nan,10,Left,Left,6280,510,427,10,nan,nan,0.34
5/12/2025 3:31:02,1.17.0,PRexp,10,3.85,nan,10,Left,Left,6281,510,427,10,nan,nan,0.45
5/12/2025 3:31:06,1.17.0,PRexp,10,3.85,nan,10,Left,Left,6282,510,427,10,nan,nan,0.17
5/12/2025 3:31:10,1.17.0,PRexp,10,3.85,nan,10,Left,Left,6283,510,427,10,nan,nan,0.49
5/12/2025 3:31:14,1.17.0,PRexp,10,3.85,nan,10,Left,Left,6284,510,427,10,nan,nan,0.19
5/12/2025 3:31:23,1.17.0,PRexp,10,3.85,nan,10,Left,Left,6285,510,427,10,nan,nan,0.16
5/12/2025 3:51:30,1.17.0,PRexp,10,3.85,nan,10,Left,Left,6286,510,427,10,nan,nan,0.14
5/12/2025 3:51:35,1.17.0,PRexp,10,3.85,nan,10,Left,Left,6287,510,427,10,nan,nan,0.12
5/12/2025 3:51:40,1.17.0,PRexp,10,3.85,3,10,Pellet,Left,6287,510,428,11,0.12,2832,nan
5/12/2025 3:52:06,1.17.0,PRexp,10,3.85,nan,12,Left,Left,6288,510,428,11,nan,nan,0.04
5/12/2025 3:52:10,1.17.0,PRexp,10,3.85,nan,12,Left,Left,6289,510,428,11,nan,nan,0.20
5/12/2025 3:52:13,1.17.0,PRexp,10,3.85,nan,12,Left,Left,6290,510,428,11,nan,nan,0.29
5/12/2025 3:52:17,1.17.0,PRexp,10,3.85,nan,12,Left,Left,6291,510,428,11,nan,nan,0.61
5/12/2025 3:52:20,1.17.0,PRexp,10,3.85,nan,12,Left,Left,6292,510,428,11,nan,nan,0.69
5/12/2025 3:52:21,1.17.0,PRexp,10,3.85,nan,12,Left,Left,6293,510,428,11,nan,nan,0.25
5/12/2025 3:52:25,1.17.0,PRexp,10,3.85,nan,12,Left,Left,6294,510,428,11,nan,nan,0.28
5/12/2025 3:52:28,1.17.0,PRexp,10,3.85,nan,12,Left,Left,6295,510,428,11,nan,nan,0.47
5/12/2025 3:52:37,1.17.0,PRexp,10,3.85,nan,12,Left,Left,6296,510,428,11,nan,nan,0.92
5/12/2025 3:52:42,1.17.0,PRexp,10,3.85,nan,12,Left,Left,6297,510,428,11,nan,nan,0.31
5/12/2025 3:52:44,1.17.0,PRexp,10,3.85,nan,12,Left,Left,6298,510,428,11,nan,nan,0.63
5/12/2025 3:52:48,1.17.0,PRexp,10,3.85,nan,12,Left,Left,6299,510,428,11,nan,nan,0.85
5/12/2025 3:53:05,1.17.0,PRexp,10,3.85,4,12,Pellet,Left,6299,510,429,12,7.57,85,nan
5/12/2025 3:54:38,1.17.0,PRexp,10,3.85,nan,13,Left,Left,6300,510,429,12,nan,nan,0.20
5/12/2025 3:54:42,1.17.0,PRexp,10,3.85,nan,13,Left,Left,6301,510,429,12,nan,nan,0.13
5/12/2025 3:55:59,1.17.0,PRexp,10,3.85,nan,13,Left,Left,6302,510,429,12,nan,nan,0.06
5/12/2025 3:56:08,1.17.0,PRexp,10,3.85,nan,13,Left,Left,6303,510,429,12,nan,nan,0.19
5/12/2025 3:56:10,1.17.0,PRexp,10,3.85,nan,13,Left,Left,6304,510,429,12,nan,nan,0.10
5/12/2025 3:56:13,1.17.0,PRexp,10,3.85,nan,13,Left,Left,6305,510,429,12,nan,nan,0.22
5/12/2025 3:57:14,1.17.0,PRexp,10,3.85,nan,13,Right,Left,6305,511,429,12,nan,nan,0.33
5/12/2025 3:57:16,1.17.0,PRexp,10,3.85,nan,13,Left,Left,6306,511,429,12,nan,nan,0.07
5/12/2025 3:57:17,1.17.0,PRexp,10,3.85,nan,13,Left,Left,6307,511,429,12,nan,nan,0.11
5/12/2025 3:57:25,1.17.0,PRexp,10,3.85,nan,13,Left,Left,6308,511,429,12,nan,nan,0.14
5/12/2025 3:57:28,1.17.0,PRexp,10,3.85,nan,13,Left,Left,6309,511,429,12,nan,nan,0.14
5/12/2025 3:58:41,1.17.0,PRexp,10,3.85,nan,13,Left,Left,6310,511,429,12,nan,nan,0.00
5/12/2025 3:59:06,1.17.0,PRexp,10,3.85,nan,13,Left,Left,6311,511,429,12,nan,nan,0.33
5/12/2025 3:59:08,1.17.0,PRexp,10,3.85,nan,13,Left,Left,6312,511,429,12,nan,nan,0.19
5/12/2025 3:59:11,1.17.0,PRexp,10,3.85,2,13,Pellet,Left,6312,511,430,13,0.18,366,nan
5/12/2025 3:59:55,1.17.0,PRexp,10,3.85,nan,15,Left,Left,6313,511,430,13,nan,nan,0.18
5/12/2025 4:00:00,1.17.0,PRexp,10,3.85,nan,15,Left,Left,6314,511,430,13,nan,nan,0.37
5/12/2025 4:01:22,1.17.0,PRexp,10,3.85,nan,15,Left,Left,6315,511,430,13,nan,nan,0.12
5/12/2025 4:01:26,1.17.0,PRexp,10,3.85,nan,15,Left,Left,6316,511,430,13,nan,nan,0.16
5/12/2025 4:01:30,1.17.0,PRexp,10,3.86,nan,15,Left,Left,6317,511,430,13,nan,nan,0.24
5/12/2025 4:02:01,1.17.0,PRexp,10,3.85,nan,15,Left,Left,6318,511,430,13,nan,nan,0.05
5/12/2025 4:02:03,1.17.0,PRexp,10,3.85,nan,15,Left,Left,6319,511,430,13,nan,nan,0.21
5/12/2025 4:02:40,1.17.0,PRexp,10,3.85,nan,15,Right,Left,6319,512,430,13,nan,nan,0.03
5/12/2025 4:02:45,1.17.0,PRexp,10,3.85,nan,15,Left,Left,6320,512,430,13,nan,nan,0.12
5/12/2025 4:02:49,1.17.0,PRexp,10,3.85,nan,15,Left,Left,6321,512,430,13,nan,nan,0.14
5/12/2025 4:02:52,1.17.0,PRexp,10,3.85,nan,15,Left,Left,6322,512,430,13,nan,nan,0.52
5/12/2025 4:02:56,1.17.0,PRexp,10,3.85,nan,15,Left,Left,6323,512,430,13,nan,nan,0.26
5/12/2025 4:02:59,1.17.0,PRexp,10,3.85,nan,15,Left,Left,6324,512,430,13,nan,nan,0.11
5/12/2025 4:03:02,1.17.0,PRexp,10,3.85,nan,15,Left,Left,6325,512,430,13,nan,nan,0.35
5/12/2025 4:03:05,1.17.0,PRexp,10,3.85,nan,15,Left,Left,6326,512,430,13,nan,nan,0.05
5/12/2025 4:03:08,1.17.0,PRexp,10,3.85,nan,15,Left,Left,6327,512,430,13,nan,nan,0.15
5/12/2025 4:03:11,1.17.0,PRexp,10,3.85,2,15,Pellet,Left,6327,512,431,14,0.12,240,nan
5/12/2025 4:03:52,1.17.0,PRexp,10,3.85,nan,17,Left,Left,6328,512,431,14,nan,nan,0.12
5/12/2025 4:04:00,1.17.0,PRexp,10,3.85,nan,17,Right,Left,6328,513,431,14,nan,nan,0.15
5/12/2025 4:06:29,1.17.0,PRexp,10,3.85,nan,17,Left,Left,6329,513,431,14,nan,nan,0.08
5/12/2025 4:06:31,1.17.0,PRexp,10,3.85,nan,17,Left,Left,6330,513,431,14,nan,nan,0.09
5/12/2025 4:06:32,1.17.0,PRexp,10,3.85,nan,17,Left,Left,6331,513,431,14,nan,nan,0.11
5/12/2025 4:06:34,1.17.0,PRexp,10,3.85,nan,17,Left,Left,6332,513,431,14,nan,nan,0.10
5/12/2025 4:06:37,1.17.0,PRexp,10,3.85,nan,17,Left,Left,6333,513,431,14,nan,nan,0.21
5/12/2025 4:06:43,1.17.0,PRexp,10,3.85,nan,17,Left,Left,6334,513,431,14,nan,nan,0.22
5/12/2025 4:06:45,1.17.0,PRexp,10,3.85,nan,17,Left,Left,6335,513,431,14,nan,nan,0.21
5/12/2025 4:08:34,1.17.0,PRexp,10,3.85,nan,17,Left,Left,6336,513,431,14,nan,nan,0.10
5/12/2025 4:08:36,1.17.0,PRexp,10,3.85,nan,17,Left,Left,6337,513,431,14,nan,nan,0.37
5/12/2025 4:08:40,1.17.0,PRexp,10,3.85,nan,17,Left,Left,6338,513,431,14,nan,nan,0.11
5/12/2025 4:08:42,1.17.0,PRexp,10,3.85,nan,17,Left,Left,6339,513,431,14,nan,nan,0.13
5/12/2025 4:08:45,1.17.0,PRexp,10,3.85,nan,17,Left,Left,6340,513,431,14,nan,nan,0.21
5/12/2025 4:08:46,1.17.0,PRexp,10,3.85,nan,17,Left,Left,6341,513,431,14,nan,nan,0.04
5/12/2025 4:08:49,1.17.0,PRexp,10,3.85,nan,17,Left,Left,6342,513,431,14,nan,nan,0.05
5/12/2025 4:08:51,1.17.0,PRexp,10,3.85,nan,17,Left,Left,6343,513,431,14,nan,nan,0.46
5/12/2025 4:08:54,1.17.0,PRexp,10,3.85,nan,17,Left,Left,6344,513,431,14,nan,nan,0.42
5/12/2025 4:09:13,1.17.0,PRexp,10,3.85,4,17,Pellet,Left,6344,513,432,15,12.43,362,nan
5/12/2025 4:09:47,1.17.0,PRexp,10,3.85,nan,20,Left,Left,6345,513,432,15,nan,nan,0.15
5/12/2025 4:10:23,1.17.0,PRexp,10,3.85,nan,20,Left,Left,6346,513,432,15,nan,nan,0.03
5/12/2025 4:10:47,1.17.0,PRexp,10,3.85,nan,20,Left,Left,6347,513,432,15,nan,nan,0.05
5/12/2025 4:11:09,1.17.0,PRexp,10,3.85,nan,20,Left,Left,6348,513,432,15,nan,nan,0.08
5/12/2025 4:11:11,1.17.0,PRexp,10,3.85,nan,20,Left,Left,6349,513,432,15,nan,nan,0.24
5/12/2025 4:11:14,1.17.0,PRexp,10,3.85,nan,20,Left,Left,6350,513,432,15,nan,nan,0.09
5/12/2025 4:11:16,1.17.0,PRexp,10,3.85,nan,20,Left,Left,6351,513,432,15,nan,nan,0.07
5/12/2025 4:11:19,1.17.0,PRexp,10,3.85,nan,20,Left,Left,6352,513,432,15,nan,nan,0.10
5/12/2025 4:11:23,1.17.0,PRexp,10,3.85,nan,20,Left,Left,6353,513,432,15,nan,nan,0.17
5/12/2025 4:11:28,1.17.0,PRexp,10,3.85,nan,20,Left,Left,6354,513,432,15,nan,nan,0.54
5/12/2025 4:11:30,1.17.0,PRexp,10,3.85,nan,20,Left,Left,6355,513,432,15,nan,nan,0.47
5/12/2025 4:11:34,1.17.0,PRexp,10,3.85,nan,20,Left,Left,6356,513,432,15,nan,nan,0.10
5/12/2025 4:11:37,1.17.0,PRexp,10,3.85,nan,20,Left,Left,6357,513,432,15,nan,nan,0.05
5/12/2025 4:11:40,1.17.0,PRexp,10,3.85,nan,20,Left,Left,6358,513,432,15,nan,nan,0.33
5/12/2025 4:11:42,1.17.0,PRexp,10,3.85,nan,20,Left,Left,6359,513,432,15,nan,nan,0.14
5/12/2025 4:11:45,1.17.0,PRexp,10,3.85,nan,20,Left,Left,6360,513,432,15,nan,nan,0.15
5/12/2025 4:11:46,1.17.0,PRexp,10,3.85,nan,20,Left,Left,6361,513,432,15,nan,nan,0.14
5/12/2025 4:14:07,1.17.0,PRexp,10,3.85,nan,20,Left,Left,6362,513,432,15,nan,nan,0.09
5/12/2025 4:14:21,1.17.0,PRexp,10,3.85,nan,20,Left,Left,6363,513,432,15,nan,nan,0.13
5/12/2025 4:14:23,1.17.0,PRexp,10,3.85,nan,20,Left,Left,6364,513,432,15,nan,nan,0.21
5/12/2025 4:14:38,1.17.0,PRexp,10,3.85,3,20,Pellet,Left,6364,513,433,16,8.18,325,nan
5/12/2025 4:15:22,1.17.0,PRexp,10,3.85,nan,22,Left,Left,6365,513,433,16,nan,nan,0.13
5/12/2025 4:16:11,1.17.0,PRexp,10,3.85,nan,22,Right,Left,6365,514,433,16,nan,nan,0.07
5/12/2025 4:16:16,1.17.0,PRexp,10,3.85,nan,22,Left,Left,6366,514,433,16,nan,nan,0.33
5/12/2025 4:16:17,1.17.0,PRexp,10,3.85,nan,22,Left,Left,6367,514,433,16,nan,nan,0.24
5/12/2025 4:16:19,1.17.0,PRexp,10,3.85,nan,22,Left,Left,6368,514,433,16,nan,nan,0.15
5/12/2025 4:16:20,1.17.0,PRexp,10,3.85,nan,22,Left,Left,6369,514,433,16,nan,nan,0.00
5/12/2025 4:16:23,1.17.0,PRexp,10,3.85,nan,22,Left,Left,6370,514,433,16,nan,nan,0.15
5/12/2025 4:16:26,1.17.0,PRexp,10,3.85,nan,22,Left,Left,6371,514,433,16,nan,nan,0.03
5/12/2025 4:18:06,1.17.0,PRexp,10,3.85,nan,22,Left,Left,6372,514,433,16,nan,nan,0.02
5/12/2025 4:18:09,1.17.0,PRexp,10,3.85,nan,22,Left,Left,6373,514,433,16,nan,nan,0.11
5/12/2025 4:18:13,1.17.0,PRexp,10,3.85,nan,22,Left,Left,6374,514,433,16,nan,nan,0.15
5/12/2025 4:18:16,1.17.0,PRexp,10,3.85,nan,22,Left,Left,6375,514,433,16,nan,nan,0.05
5/12/2025 4:18:20,1.17.0,PRexp,10,3.85,nan,22,Left,Left,6376,514,433,16,nan,nan,0.02
5/12/2025 4:18:22,1.17.0,PRexp,10,3.85,nan,22,Left,Left,6377,514,433,16,nan,nan,0.33
5/12/2025 4:18:26,1.17.0,PRexp,10,3.85,nan,22,Left,Left,6378,514,433,16,nan,nan,0.48
5/12/2025 4:18:28,1.17.0,PRexp,10,3.85,nan,22,Left,Left,6379,514,433,16,nan,nan,0.06
5/12/2025 4:18:30,1.17.0,PRexp,10,3.85,nan,22,Left,Left,6380,514,433,16,nan,nan,0.13
5/12/2025 4:18:34,1.17.0,PRexp,10,3.85,nan,22,Left,Left,6381,514,433,16,nan,nan,0.11
5/12/2025 4:18:40,1.17.0,PRexp,10,3.85,nan,22,Left,Left,6382,514,433,16,nan,nan,0.00
5/12/2025 4:21:24,1.17.0,PRexp,10,3.85,nan,22,Left,Left,6383,514,433,16,nan,nan,0.20
5/12/2025 4:21:26,1.17.0,PRexp,10,3.85,nan,22,Left,Left,6384,514,433,16,nan,nan,0.11
5/12/2025 4:21:28,1.17.0,PRexp,10,3.85,nan,22,Left,Left,6385,514,433,16,nan,nan,0.43
5/12/2025 4:21:45,1.17.0,PRexp,10,3.85,nan,22,Left,Left,6386,514,433,16,nan,nan,0.17
5/12/2025 4:21:50,1.17.0,PRexp,10,3.85,3,22,Pellet,Left,6386,514,434,17,0.61,432,nan
5/12/2025 4:22:11,1.17.0,PRexp,10,3.85,nan,25,Left,Left,6387,514,434,17,nan,nan,0.13
5/12/2025 4:22:17,1.17.0,PRexp,10,3.85,nan,25,Left,Left,6388,514,434,17,nan,nan,0.09
5/12/2025 4:22:21,1.17.0,PRexp,10,3.85,nan,25,Left,Left,6389,514,434,17,nan,nan,0.12
5/12/2025 4:22:23,1.17.0,PRexp,10,3.85,nan,25,Left,Left,6390,514,434,17,nan,nan,0.23
5/12/2025 5:21:25,1.17.0,PRexp,10,3.85,nan,1,Left,Left,6391,514,434,0,nan,nan,0.12
5/12/2025 5:21:30,1.17.0,PRexp,10,3.85,3,1,Pellet,Left,6391,514,435,1,0.12,3580,nan
5/12/2025 5:22:07,1.17.0,PRexp,10,3.85,nan,1,Left,Left,6392,514,435,1,nan,nan,0.04
5/12/2025 5:22:10,1.17.0,PRexp,10,3.85,2,1,Pellet,Left,6392,514,436,2,0.06,40,nan
5/12/2025 5:22:37,1.17.0,PRexp,10,3.85,nan,2,Left,Left,6393,514,436,2,nan,nan,0.01
5/12/2025 5:22:43,1.17.0,PRexp,10,3.85,nan,2,Left,Left,6394,514,436,2,nan,nan,0.42
5/12/2025 5:22:47,1.17.0,PRexp,10,3.85,3,2,Pellet,Left,6394,514,437,3,0.06,37,nan
5/12/2025 5:23:10,1.17.0,PRexp,10,3.85,nan,2,Left,Left,6395,514,437,3,nan,nan,0.29
5/12/2025 5:23:13,1.17.0,PRexp,10,3.85,nan,2,Left,Left,6396,514,437,3,nan,nan,0.48
5/12/2025 5:23:29,1.17.0,PRexp,10,3.85,3,2,Pellet,Left,6396,514,438,4,11.45,42,nan
5/12/2025 5:24:19,1.17.0,PRexp,10,3.85,nan,3,Left,Left,6397,514,438,4,nan,nan,0.13
5/12/2025 5:24:21,1.17.0,PRexp,10,3.85,nan,3,Left,Left,6398,514,438,4,nan,nan,0.33
5/12/2025 5:24:24,1.17.0,PRexp,10,3.85,nan,3,Left,Left,6399,514,438,4,nan,nan,0.19
5/12/2025 5:24:27,1.17.0,PRexp,10,3.85,2,3,Pellet,Left,6399,514,439,5,0.06,58,nan
5/12/2025 5:24:49,1.17.0,PRexp,10,3.85,nan,4,Left,Left,6400,514,439,5,nan,nan,0.02
5/12/2025 5:24:54,1.17.0,PRexp,10,3.85,nan,4,Left,Left,6401,514,439,5,nan,nan,0.22
5/12/2025 5:25:01,1.17.0,PRexp,10,3.85,nan,4,Left,Left,6402,514,439,5,nan,nan,0.40
5/12/2025 5:25:07,1.17.0,PRexp,10,3.85,nan,4,Left,Left,6403,514,439,5,nan,nan,0.91
5/12/2025 5:25:23,1.17.0,PRexp,10,3.85,5,4,Pellet,Left,6403,514,440,6,7.07,56,nan
5/12/2025 5:25:59,1.17.0,PRexp,10,3.85,nan,5,Left,Left,6404,514,440,6,nan,nan,0.06
5/12/2025 5:26:02,1.17.0,PRexp,10,3.85,nan,5,Left,Left,6405,514,440,6,nan,nan,0.25
5/12/2025 5:26:07,1.17.0,PRexp,10,3.84,nan,5,Left,Left,6406,514,440,6,nan,nan,0.39
5/12/2025 5:26:11,1.17.0,PRexp,10,3.85,nan,5,Left,Left,6407,514,440,6,nan,nan,0.95
5/12/2025 5:26:16,1.17.0,PRexp,10,3.85,nan,5,Left,Left,6408,514,440,6,nan,nan,0.26
5/12/2025 5:26:39,1.17.0,PRexp,10,3.85,5,5,Pellet,Left,6408,514,441,7,11.57,76,nan
5/12/2025 5:27:39,1.17.0,PRexp,10,3.84,nan,6,Left,Left,6409,514,441,7,nan,nan,0.05
5/12/2025 5:27:42,1.17.0,PRexp,10,3.85,nan,6,Left,Left,6410,514,441,7,nan,nan,0.19
5/12/2025 5:27:47,1.17.0,PRexp,10,3.85,nan,6,Left,Left,6411,514,441,7,nan,nan,0.14
5/12/2025 5:27:49,1.17.0,PRexp,10,3.85,nan,6,Left,Left,6412,514,441,7,nan,nan,0.08
5/12/2025 5:27:52,1.17.0,PRexp,10,3.85,nan,6,Left,Left,6413,514,441,7,nan,nan,0.52
5/12/2025 5:27:54,1.17.0,PRexp,10,3.85,nan,6,Left,Left,6414,514,441,7,nan,nan,0.39
5/12/2025 5:27:57,1.17.0,PRexp,10,3.85,2,6,Pellet,Left,6414,514,442,8,0.12,78,nan
5/12/2025 5:28:19,1.17.0,PRexp,10,3.85,nan,7,Left,Left,6415,514,442,8,nan,nan,0.09
5/12/2025 5:28:24,1.17.0,PRexp,10,3.85,nan,7,Left,Left,6416,514,442,8,nan,nan,0.07
5/12/2025 5:28:26,1.17.0,PRexp,10,3.85,nan,7,Left,Left,6417,514,442,8,nan,nan,0.52
5/12/2025 5:28:28,1.17.0,PRexp,10,3.83,nan,7,Left,Left,6418,514,442,8,nan,nan,0.36
5/12/2025 5:28:32,1.17.0,PRexp,10,3.85,nan,7,Left,Left,6419,514,442,8,nan,nan,0.06
5/12/2025 5:28:35,1.17.0,PRexp,10,3.85,nan,7,Left,Left,6420,514,442,8,nan,nan,0.65
5/12/2025 5:28:37,1.17.0,PRexp,10,3.85,nan,7,Left,Left,6421,514,442,8,nan,nan,0.14
5/12/2025 5:28:42,1.17.0,PRexp,10,3.85,2,7,Pellet,Left,6421,514,443,9,0.06,45,nan
5/12/2025 5:34:22,1.17.0,PRexp,10,3.85,nan,9,Left,Left,6422,514,443,9,nan,nan,0.25
5/12/2025 5:34:25,1.17.0,PRexp,10,3.85,nan,9,Left,Left,6423,514,443,9,nan,nan,0.07
5/12/2025 5:34:26,1.17.0,PRexp,10,3.85,nan,9,Left,Left,6424,514,443,9,nan,nan,0.19
5/12/2025 5:34:31,1.17.0,PRexp,10,3.85,nan,9,Left,Left,6425,514,443,9,nan,nan,0.03
5/12/2025 5:34:36,1.17.0,PRexp,10,3.85,nan,9,Left,Left,6426,514,443,9,nan,nan,0.06
5/12/2025 5:56:56,1.17.0,PRexp,10,3.85,nan,9,Left,Left,6427,514,443,9,nan,nan,0.08
5/12/2025 5:56:59,1.17.0,PRexp,10,3.85,nan,9,Left,Left,6428,514,443,9,nan,nan,0.22
5/12/2025 5:57:04,1.17.0,PRexp,10,3.85,nan,9,Left,Left,6429,514,443,9,nan,nan,0.09
5/12/2025 5:57:06,1.17.0,PRexp,10,3.85,nan,9,Left,Left,6430,514,443,9,nan,nan,0.45
5/12/2025 5:57:09,1.17.0,PRexp,10,3.85,2,9,Pellet,Left,6430,514,444,10,0.12,1707,nan
5/12/2025 5:57:29,1.17.0,PRexp,10,3.85,nan,10,Left,Left,6431,514,444,10,nan,nan,0.11
5/12/2025 5:57:32,1.17.0,PRexp,10,3.85,nan,10,Left,Left,6432,514,444,10,nan,nan,0.24
5/12/2025 5:57:37,1.17.0,PRexp,10,3.85,nan,10,Left,Left,6433,514,444,10,nan,nan,0.43
5/12/2025 5:57:39,1.17.0,PRexp,10,3.85,nan,10,Left,Left,6434,514,444,10,nan,nan,0.41
5/12/2025 5:57:44,1.17.0,PRexp,10,3.85,nan,10,Left,Left,6435,514,444,10,nan,nan,0.43
5/12/2025 5:57:46,1.17.0,PRexp,10,3.85,nan,10,Left,Left,6436,514,444,10,nan,nan,0.16
5/12/2025 5:57:52,1.17.0,PRexp,10,3.85,nan,10,Left,Left,6437,514,444,10,nan,nan,0.41
5/12/2025 5:57:54,1.17.0,PRexp,10,3.85,nan,10,Left,Left,6438,514,444,10,nan,nan,0.34
5/12/2025 5:57:59,1.17.0,PRexp,10,3.85,nan,10,Left,Left,6439,514,444,10,nan,nan,0.58
5/12/2025 5:58:01,1.17.0,PRexp,10,3.85,nan,10,Left,Left,6440,514,444,10,nan,nan,0.30
5/12/2025 5:58:12,1.17.0,PRexp,10,3.85,6,10,Pellet,Left,6440,514,445,11,0.06,63,nan
5/12/2025 5:58:44,1.17.0,PRexp,10,3.85,nan,12,Left,Left,6441,514,445,11,nan,nan,0.02
5/12/2025 5:59:11,1.17.0,PRexp,10,3.85,nan,12,Right,Left,6441,515,445,11,nan,nan,0.23
5/12/2025 5:59:14,1.17.0,PRexp,10,3.85,nan,12,Right,Left,6441,516,445,11,nan,nan,0.24
5/12/2025 5:59:16,1.17.0,PRexp,10,3.85,nan,12,Right,Left,6441,517,445,11,nan,nan,0.17
5/12/2025 5:59:23,1.17.0,PRexp,10,3.85,nan,12,Left,Left,6442,517,445,11,nan,nan,0.02
5/12/2025 5:59:27,1.17.0,PRexp,10,3.85,nan,12,Left,Left,6443,517,445,11,nan,nan,0.44
5/12/2025 5:59:31,1.17.0,PRexp,10,3.85,nan,12,Left,Left,6444,517,445,11,nan,nan,0.45
5/12/2025 5:59:33,1.17.0,PRexp,10,3.85,nan,12,Left,Left,6445,517,445,11,nan,nan,0.45
5/12/2025 5:59:35,1.17.0,PRexp,10,3.85,nan,12,Left,Left,6446,517,445,11,nan,nan,0.35
5/12/2025 5:59:38,1.17.0,PRexp,10,3.85,nan,12,Left,Left,6447,517,445,11,nan,nan,0.21
5/12/2025 5:59:40,1.17.0,PRexp,10,3.85,nan,12,Left,Left,6448,517,445,11,nan,nan,0.17
5/12/2025 5:59:41,1.17.0,PRexp,10,3.85,nan,12,Left,Left,6449,517,445,11,nan,nan,0.00
5/12/2025 5:59:43,1.17.0,PRexp,10,3.85,nan,12,Left,Left,6450,517,445,11,nan,nan,0.54
5/12/2025 5:59:45,1.17.0,PRexp,10,3.85,nan,12,Left,Left,6451,517,445,11,nan,nan,0.28
5/12/2025 5:59:48,1.17.0,PRexp,10,3.85,nan,12,Left,Left,6452,517,445,11,nan,nan,0.13
5/12/2025 6:00:01,1.17.0,PRexp,10,3.85,4,12,Pellet,Left,6452,517,446,12,6.83,109,nan
5/12/2025 6:05:25,1.17.0,PRexp,10,3.85,nan,13,Left,Left,6453,517,446,12,nan,nan,0.07
5/12/2025 6:05:28,1.17.0,PRexp,10,3.85,nan,13,Left,Left,6454,517,446,12,nan,nan,0.10
5/12/2025 6:05:30,1.17.0,PRexp,10,3.85,nan,13,Left,Left,6455,517,446,12,nan,nan,0.07
5/12/2025 6:05:33,1.17.0,PRexp,10,3.85,nan,13,Left,Left,6456,517,446,12,nan,nan,0.03
5/12/2025 6:05:37,1.17.0,PRexp,10,3.85,nan,13,Left,Left,6457,517,446,12,nan,nan,0.08
5/12/2025 6:05:41,1.17.0,PRexp,10,3.85,nan,13,Left,Left,6458,517,446,12,nan,nan,0.07
5/12/2025 6:05:45,1.17.0,PRexp,10,3.85,nan,13,Left,Left,6459,517,446,12,nan,nan,0.65
5/12/2025 6:05:46,1.17.0,PRexp,10,3.85,nan,13,Left,Left,6460,517,446,12,nan,nan,0.00
5/12/2025 6:05:50,1.17.0,PRexp,10,3.85,nan,13,Left,Left,6461,517,446,12,nan,nan,0.65
5/12/2025 6:05:52,1.17.0,PRexp,10,3.85,nan,13,Left,Left,6462,517,446,12,nan,nan,0.30
5/12/2025 6:05:56,1.17.0,PRexp,10,3.85,nan,13,Left,Left,6463,517,446,12,nan,nan,0.23
5/12/2025 6:05:58,1.17.0,PRexp,10,3.85,nan,13,Left,Left,6464,517,446,12,nan,nan,0.40
5/12/2025 6:06:03,1.17.0,PRexp,10,3.85,nan,13,Left,Left,6465,517,446,12,nan,nan,0.44
5/12/2025 6:06:06,1.17.0,PRexp,10,3.85,2,13,Pellet,Left,6465,517,447,13,0.61,365,nan
5/12/2025 6:07:28,1.17.0,PRexp,10,3.85,nan,15,Left,Left,6466,517,447,13,nan,nan,0.11
5/12/2025 6:07:41,1.17.0,PRexp,10,3.85,nan,15,Left,Left,6467,517,447,13,nan,nan,0.15
5/12/2025 6:07:50,1.17.0,PRexp,10,3.85,nan,15,Left,Left,6468,517,447,13,nan,nan,0.24
5/12/2025 6:07:54,1.17.0,PRexp,10,3.85,nan,15,Left,Left,6469,517,447,13,nan,nan,0.04
5/12/2025 6:10:01,1.17.0,PRexp,10,3.85,nan,15,Left,Left,6470,517,447,13,nan,nan,0.13
5/12/2025 6:10:03,1.17.0,PRexp,10,3.85,nan,15,Left,Left,6471,517,447,13,nan,nan,0.04
5/12/2025 6:10:07,1.17.0,PRexp,10,3.85,nan,15,Left,Left,6472,517,447,13,nan,nan,0.06
5/12/2025 6:10:09,1.17.0,PRexp,10,3.85,nan,15,Left,Left,6473,517,447,13,nan,nan,0.09
5/12/2025 6:10:16,1.17.0,PRexp,10,3.85,nan,15,Left,Left,6474,517,447,13,nan,nan,0.00
5/12/2025 6:10:21,1.17.0,PRexp,10,3.85,nan,15,Left,Left,6475,517,447,13,nan,nan,0.61
5/12/2025 6:10:25,1.17.0,PRexp,10,3.85,nan,15,Left,Left,6476,517,447,13,nan,nan,0.52
5/12/2025 6:10:28,1.17.0,PRexp,10,3.85,nan,15,Left,Left,6477,517,447,13,nan,nan,0.16
5/12/2025 6:10:33,1.17.0,PRexp,10,3.85,nan,15,Left,Left,6478,517,447,13,nan,nan,0.05
5/12/2025 6:10:37,1.17.0,PRexp,10,3.85,nan,15,Left,Left,6479,517,447,13,nan,nan,0.04
5/12/2025 6:10:40,1.17.0,PRexp,10,3.85,nan,15,Left,Left,6480,517,447,13,nan,nan,0.25
5/12/2025 6:10:45,1.17.0,PRexp,10,3.85,3,15,Pellet,Left,6480,517,448,14,0.42,279,nan
5/12/2025 6:19:14,1.17.0,PRexp,10,3.85,nan,17,Left,Left,6481,517,448,14,nan,nan,0.04
5/12/2025 6:19:17,1.17.0,PRexp,10,3.85,nan,17,Left,Left,6482,517,448,14,nan,nan,0.08
5/12/2025 6:19:18,1.17.0,PRexp,10,3.85,nan,17,Left,Left,6483,517,448,14,nan,nan,0.06
5/12/2025 6:19:21,1.17.0,PRexp,10,3.85,nan,17,Left,Left,6484,517,448,14,nan,nan,0.26
5/12/2025 6:19:23,1.17.0,PRexp,10,3.85,nan,17,Left,Left,6485,517,448,14,nan,nan,0.38
5/12/2025 6:19:27,1.17.0,PRexp,10,3.85,nan,17,Left,Left,6486,517,448,14,nan,nan,0.25
5/12/2025 6:19:30,1.17.0,PRexp,10,3.85,nan,17,Left,Left,6487,517,448,14,nan,nan,0.27
5/12/2025 6:19:35,1.17.0,PRexp,10,3.85,nan,17,Left,Left,6488,517,448,14,nan,nan,0.20
5/12/2025 6:19:36,1.17.0,PRexp,10,3.85,nan,17,Left,Left,6489,517,448,14,nan,nan,0.00
5/12/2025 6:19:38,1.17.0,PRexp,10,3.85,nan,17,Left,Left,6490,517,448,14,nan,nan,0.35
5/12/2025 6:19:41,1.17.0,PRexp,10,3.85,nan,17,Left,Left,6491,517,448,14,nan,nan,0.16
5/12/2025 6:58:50,1.17.0,PRexp,10,3.85,nan,1,Left,Left,6492,517,448,0,nan,nan,0.05
5/12/2025 6:58:53,1.17.0,PRexp,10,3.85,2,1,Pellet,Left,6492,517,449,1,0.36,2888,nan
5/12/2025 6:59:15,1.17.0,PRexp,10,3.85,nan,1,Left,Left,6493,517,449,1,nan,nan,0.20
5/12/2025 6:59:20,1.17.0,PRexp,10,3.85,3,1,Pellet,Left,6493,517,450,2,0.18,27,nan
5/12/2025 7:00:12,1.17.0,PRexp,10,3.84,nan,2,Left,Left,6494,517,450,2,nan,nan,0.11
5/12/2025 7:00:19,1.17.0,PRexp,10,3.85,nan,2,Left,Left,6495,517,450,2,nan,nan,0.05
5/12/2025 7:00:36,1.17.0,PRexp,10,3.84,3,2,Pellet,Left,6495,517,451,3,9.97,76,nan
5/12/2025 7:01:24,1.17.0,PRexp,10,3.84,nan,2,Left,Left,6496,517,451,3,nan,nan,0.00
5/12/2025 7:01:28,1.17.0,PRexp,10,3.85,nan,2,Left,Left,6497,517,451,3,nan,nan,0.27
5/12/2025 7:01:31,1.17.0,PRexp,10,3.85,2,2,Pellet,Left,6497,517,452,4,0.06,54,nan
5/12/2025 7:01:52,1.17.0,PRexp,10,3.84,nan,3,Left,Left,6498,517,452,4,nan,nan,0.02
5/12/2025 7:02:01,1.17.0,PRexp,10,3.85,nan,3,Left,Left,6499,517,452,4,nan,nan,0.08
5/12/2025 7:02:03,1.17.0,PRexp,10,3.85,nan,3,Left,Left,6500,517,452,4,nan,nan,0.06
5/12/2025 7:02:06,1.17.0,PRexp,10,3.85,2,3,Pellet,Left,6500,517,453,5,0.12,36,nan
5/12/2025 7:02:27,1.17.0,PRexp,10,3.85,nan,4,Left,Left,6501,517,453,5,nan,nan,0.02
5/12/2025 7:02:34,1.17.0,PRexp,10,3.84,nan,4,Left,Left,6502,517,453,5,nan,nan,0.00
5/12/2025 7:02:37,1.17.0,PRexp,10,3.85,nan,4,Left,Left,6503,517,453,5,nan,nan,0.01
5/12/2025 7:02:39,1.17.0,PRexp,10,3.85,nan,4,Left,Left,6504,517,453,5,nan,nan,0.00
5/12/2025 7:02:42,1.17.0,PRexp,10,3.85,2,4,Pellet,Left,6504,517,454,6,0.18,35,nan
5/12/2025 7:03:11,1.17.0,PRexp,10,3.85,nan,5,Left,Left,6505,517,454,6,nan,nan,0.86
5/12/2025 7:03:15,1.17.0,PRexp,10,3.84,nan,5,Left,Left,6506,517,454,6,nan,nan,0.49
5/12/2025 7:03:20,1.17.0,PRexp,10,3.85,nan,5,Left,Left,6507,517,454,6,nan,nan,0.80
5/12/2025 7:03:24,1.17.0,PRexp,10,3.85,nan,5,Left,Left,6508,517,454,6,nan,nan,0.56
5/12/2025 7:03:27,1.17.0,PRexp,10,3.85,nan,5,Left,Left,6509,517,454,6,nan,nan,0.37
5/12/2025 7:03:39,1.17.0,PRexp,10,3.84,3,5,Pellet,Left,6509,517,455,7,7.62,58,nan
5/12/2025 7:05:01,1.17.0,PRexp,10,3.84,nan,6,Right,Left,6509,518,455,7,nan,nan,0.06
5/12/2025 7:05:03,1.17.0,PRexp,10,3.85,nan,6,Left,Left,6510,518,455,7,nan,nan,0.13
5/12/2025 7:05:05,1.17.0,PRexp,10,3.85,nan,6,Left,Left,6511,518,455,7,nan,nan,0.16
5/12/2025 7:05:06,1.17.0,PRexp,10,3.85,nan,6,Left,Left,6512,518,455,7,nan,nan,0.00
5/12/2025 7:05:09,1.17.0,PRexp,10,3.85,nan,6,Left,Left,6513,518,455,7,nan,nan,0.08
5/12/2025 7:05:12,1.17.0,PRexp,10,3.85,nan,6,Left,Left,6514,518,455,7,nan,nan,0.21
5/12/2025 7:05:15,1.17.0,PRexp,10,3.84,nan,6,Left,Left,6515,518,455,7,nan,nan,0.11
5/12/2025 7:05:20,1.17.0,PRexp,10,3.85,2,6,Pellet,Left,6515,518,456,8,0.36,101,nan
5/12/2025 7:05:37,1.17.0,PRexp,10,3.85,nan,7,Left,Left,6516,518,456,8,nan,nan,0.11
5/12/2025 7:05:41,1.17.0,PRexp,10,3.85,nan,7,Left,Left,6517,518,456,8,nan,nan,0.21
5/12/2025 7:05:45,1.17.0,PRexp,10,3.85,nan,7,Left,Left,6518,518,456,8,nan,nan,0.17
5/12/2025 7:05:47,1.17.0,PRexp,10,3.85,nan,7,Left,Left,6519,518,456,8,nan,nan,0.14
5/12/2025 7:05:50,1.17.0,PRexp,10,3.85,nan,7,Left,Left,6520,518,456,8,nan,nan,0.32
5/12/2025 7:05:53,1.17.0,PRexp,10,3.85,nan,7,Left,Left,6521,518,456,8,nan,nan,0.22
5/12/2025 7:05:54,1.17.0,PRexp,10,3.85,nan,7,Left,Left,6522,518,456,8,nan,nan,0.00
5/12/2025 7:05:57,1.17.0,PRexp,10,3.85,1,7,Pellet,Left,6522,518,457,9,0.73,37,nan
5/12/2025 7:06:18,1.17.0,PRexp,10,3.85,nan,9,Left,Left,6523,518,457,9,nan,nan,0.17
5/12/2025 7:06:19,1.17.0,PRexp,10,3.84,nan,9,Left,Left,6524,518,457,9,nan,nan,0.00
5/12/2025 7:06:21,1.17.0,PRexp,10,3.85,nan,9,Left,Left,6525,518,457,9,nan,nan,0.39
5/12/2025 7:06:24,1.17.0,PRexp,10,3.84,nan,9,Left,Left,6526,518,457,9,nan,nan,0.42
5/12/2025 7:06:26,1.17.0,PRexp,10,3.85,nan,9,Left,Left,6527,518,457,9,nan,nan,0.13
5/12/2025 7:06:29,1.17.0,PRexp,10,3.85,nan,9,Left,Left,6528,518,457,9,nan,nan,0.40
5/12/2025 7:06:32,1.17.0,PRexp,10,3.84,nan,9,Left,Left,6529,518,457,9,nan,nan,0.50
5/12/2025 7:06:35,1.17.0,PRexp,10,3.85,nan,9,Left,Left,6530,518,457,9,nan,nan,0.54
5/12/2025 7:06:37,1.17.0,PRexp,10,3.85,nan,9,Left,Left,6531,518,457,9,nan,nan,0.35
5/12/2025 7:06:42,1.17.0,PRexp,10,3.85,3,9,Pellet,Left,6531,518,458,10,0.06,45,nan
5/12/2025 7:39:57,1.17.0,PRexp,10,3.85,nan,1,Left,Left,6532,518,458,0,nan,nan,0.28
5/12/2025 7:39:59,1.17.0,PRexp,10,3.84,2,1,Pellet,Left,6532,518,459,1,0.18,1997,nan
5/12/2025 7:40:20,1.17.0,PRexp,10,3.85,nan,1,Left,Left,6533,518,459,1,nan,nan,0.05
5/12/2025 7:40:22,1.17.0,PRexp,10,3.85,2,1,Pellet,Left,6533,518,460,2,0.24,23,nan
5/12/2025 7:40:50,1.17.0,PRexp,10,3.85,nan,2,Left,Left,6534,518,460,2,nan,nan,0.38
5/12/2025 7:40:54,1.17.0,PRexp,10,3.84,nan,2,Left,Left,6535,518,460,2,nan,nan,0.35
5/12/2025 7:40:57,1.17.0,PRexp,10,3.84,2,2,Pellet,Left,6535,518,461,3,0.06,35,nan
5/12/2025 7:41:17,1.17.0,PRexp,10,3.84,nan,2,Left,Left,6536,518,461,3,nan,nan,0.14
5/12/2025 7:41:28,1.17.0,PRexp,10,3.85,nan,2,Left,Left,6537,518,461,3,nan,nan,0.11
5/12/2025 7:41:35,1.17.0,PRexp,10,3.84,4,2,Pellet,Left,6537,518,462,4,0.06,38,nan
5/12/2025 7:42:00,1.17.0,PRexp,10,3.85,nan,3,Left,Left,6538,518,462,4,nan,nan,0.61
5/12/2025 7:42:03,1.17.0,PRexp,10,3.84,nan,3,Left,Left,6539,518,462,4,nan,nan,0.76
5/12/2025 7:42:07,1.17.0,PRexp,10,3.84,nan,3,Left,Left,6540,518,462,4,nan,nan,0.27
5/12/2025 7:42:23,1.17.0,PRexp,10,3.84,2,3,Pellet,Left,6540,518,463,5,11.39,48,nan
5/12/2025 7:43:00,1.17.0,PRexp,10,3.85,nan,4,Left,Left,6541,518,463,5,nan,nan,0.30
5/12/2025 7:43:03,1.17.0,PRexp,10,3.84,nan,4,Left,Left,6542,518,463,5,nan,nan,0.85
5/12/2025 7:43:06,1.17.0,PRexp,10,3.85,nan,4,Left,Left,6543,518,463,5,nan,nan,0.65
5/12/2025 7:43:10,1.17.0,PRexp,10,3.85,nan,4,Left,Left,6544,518,463,5,nan,nan,0.61
5/12/2025 7:43:13,1.17.0,PRexp,10,3.85,2,4,Pellet,Left,6544,518,464,6,0.12,50,nan
5/12/2025 7:43:34,1.17.0,PRexp,10,3.85,nan,5,Left,Left,6545,518,464,6,nan,nan,0.06
5/12/2025 7:43:37,1.17.0,PRexp,10,3.84,nan,5,Left,Left,6546,518,464,6,nan,nan,0.94
5/12/2025 7:43:38,1.17.0,PRexp,10,3.84,nan,5,Left,Left,6547,518,464,6,nan,nan,0.41
5/12/2025 7:43:42,1.17.0,PRexp,10,3.85,nan,5,Left,Left,6548,518,464,6,nan,nan,0.74
5/12/2025 7:43:45,1.17.0,PRexp,10,3.84,nan,5,Left,Left,6549,518,464,6,nan,nan,0.76
5/12/2025 7:44:01,1.17.0,PRexp,10,3.85,3,5,Pellet,Left,6549,518,465,7,9.47,48,nan
5/12/2025 8:32:57,1.17.0,PRexp,10,3.84,nan,1,Left,Left,6550,518,465,0,nan,nan,0.01
5/12/2025 8:32:59,1.17.0,PRexp,10,3.84,2,1,Pellet,Left,6550,518,466,1,0.12,2938,nan
5/12/2025 8:33:21,1.17.0,PRexp,10,3.84,nan,1,Left,Left,6551,518,466,1,nan,nan,0.13
5/12/2025 8:33:26,1.17.0,PRexp,10,3.85,3,1,Pellet,Left,6551,518,467,2,0.12,27,nan
5/12/2025 8:33:57,1.17.0,PRexp,10,3.84,nan,2,Left,Left,6552,518,467,2,nan,nan,0.14
5/12/2025 8:33:59,1.17.0,PRexp,10,3.84,nan,2,Left,Left,6553,518,467,2,nan,nan,0.12
5/12/2025 8:34:02,1.17.0,PRexp,10,3.84,2,2,Pellet,Left,6553,518,468,3,0.12,36,nan
5/12/2025 8:34:40,1.17.0,PRexp,10,3.84,nan,2,Left,Left,6554,518,468,3,nan,nan,0.10
5/12/2025 8:34:41,1.17.0,PRexp,10,3.84,nan,2,Left,Left,6555,518,468,3,nan,nan,0.00
5/12/2025 8:34:44,1.17.0,PRexp,10,3.84,2,2,Pellet,Left,6555,518,469,4,0.06,42,nan
5/12/2025 8:35:06,1.17.0,PRexp,10,3.85,nan,3,Left,Left,6556,518,469,4,nan,nan,0.14
5/12/2025 8:35:10,1.17.0,PRexp,10,3.85,nan,3,Left,Left,6557,518,469,4,nan,nan,0.57
5/12/2025 8:35:13,1.17.0,PRexp,10,3.84,nan,3,Left,Left,6558,518,469,4,nan,nan,0.42
5/12/2025 8:35:16,1.17.0,PRexp,10,3.84,2,3,Pellet,Left,6558,518,470,5,0.18,32,nan
5/12/2025 8:35:38,1.17.0,PRexp,10,3.84,nan,4,Left,Left,6559,518,470,5,nan,nan,0.54
5/12/2025 8:35:41,1.17.0,PRexp,10,3.84,nan,4,Left,Left,6560,518,470,5,nan,nan,0.31
5/12/2025 8:35:46,1.17.0,PRexp,10,3.85,nan,4,Left,Left,6561,518,470,5,nan,nan,0.36
5/12/2025 8:35:48,1.17.0,PRexp,10,3.84,nan,4,Left,Left,6562,518,470,5,nan,nan,0.44
5/12/2025 8:36:04,1.17.0,PRexp,10,3.84,4,4,Pellet,Left,6562,518,471,6,7.69,48,nan
5/12/2025 8:39:58,1.17.0,PRexp,10,3.85,nan,5,Left,Left,6563,518,471,6,nan,nan,0.21
5/12/2025 8:46:45,1.17.0,PRexp,10,3.85,nan,5,Left,Left,6564,518,471,6,nan,nan,0.17
5/12/2025 8:46:50,1.17.0,PRexp,10,3.84,nan,5,Left,Left,6565,518,471,6,nan,nan,0.05
5/12/2025 8:46:52,1.17.0,PRexp,10,3.84,nan,5,Left,Left,6566,518,471,6,nan,nan,0.18
5/12/2025 8:46:55,1.17.0,PRexp,10,3.85,nan,5,Left,Left,6567,518,471,6,nan,nan,0.10
5/12/2025 8:46:57,1.17.0,PRexp,10,3.84,2,5,Pellet,Left,6567,518,472,7,0.06,653,nan
5/12/2025 8:48:55,1.17.0,PRexp,10,3.84,nan,6,Left,Left,6568,518,472,7,nan,nan,0.03
5/12/2025 9:29:44,1.17.0,PRexp,10,3.84,nan,1,Left,Left,6569,518,472,0,nan,nan,0.04
5/12/2025 9:29:47,1.17.0,PRexp,10,3.84,2,1,Pellet,Left,6569,518,473,1,0.12,2570,nan
5/12/2025 9:30:20,1.17.0,PRexp,10,3.84,nan,1,Left,Left,6570,518,473,1,nan,nan,0.18
5/12/2025 9:30:28,1.17.0,PRexp,10,3.84,4,1,Pellet,Left,6570,518,474,2,0.06,41,nan
5/12/2025 9:30:54,1.17.0,PRexp,10,3.84,nan,2,Left,Left,6571,518,474,2,nan,nan,0.36
5/12/2025 9:30:55,1.17.0,PRexp,10,3.84,nan,2,Left,Left,6572,518,474,2,nan,nan,0.26
5/12/2025 9:30:58,1.17.0,PRexp,10,3.83,2,2,Pellet,Left,6572,518,475,3,0.12,30,nan
5/12/2025 9:31:26,1.17.0,PRexp,10,3.84,nan,2,Left,Left,6573,518,475,3,nan,nan,0.10
5/12/2025 9:31:28,1.17.0,PRexp,10,3.84,nan,2,Left,Left,6574,518,475,3,nan,nan,0.14
5/12/2025 9:31:32,1.17.0,PRexp,10,3.84,3,2,Pellet,Left,6574,518,476,4,0.24,34,nan
5/12/2025 9:34:49,1.17.0,PRexp,10,3.84,nan,3,Left,Left,6575,518,476,4,nan,nan,0.18
5/12/2025 9:34:51,1.17.0,PRexp,10,3.84,nan,3,Left,Left,6576,518,476,4,nan,nan,0.00
5/12/2025 9:34:53,1.17.0,PRexp,10,3.83,nan,3,Left,Left,6577,518,476,4,nan,nan,0.38
5/12/2025 9:34:57,1.17.0,PRexp,10,3.84,3,3,Pellet,Left,6577,518,477,5,0.06,205,nan
5/12/2025 9:35:30,1.17.0,PRexp,10,3.84,nan,4,Left,Left,6578,518,477,5,nan,nan,0.13
5/12/2025 9:35:34,1.17.0,PRexp,10,3.84,nan,4,Left,Left,6579,518,477,5,nan,nan,0.26
5/12/2025 9:35:36,1.17.0,PRexp,10,3.84,nan,4,Left,Left,6580,518,477,5,nan,nan,0.32
5/12/2025 9:35:39,1.17.0,PRexp,10,3.85,nan,4,Left,Left,6581,518,477,5,nan,nan,0.49
5/12/2025 9:35:44,1.17.0,PRexp,10,3.83,3,4,Pellet,Left,6581,518,478,6,0.24,47,nan
5/12/2025 9:36:09,1.17.0,PRexp,10,3.84,nan,5,Left,Left,6582,518,478,6,nan,nan,0.08
5/12/2025 9:36:11,1.17.0,PRexp,10,3.84,nan,5,Left,Left,6583,518,478,6,nan,nan,0.09
5/12/2025 9:36:14,1.17.0,PRexp,10,3.84,nan,5,Left,Left,6584,518,478,6,nan,nan,0.53
5/12/2025 9:36:16,1.17.0,PRexp,10,3.84,nan,5,Left,Left,6585,518,478,6,nan,nan,0.51
5/12/2025 9:36:21,1.17.0,PRexp,10,3.84,nan,5,Left,Left,6586,518,478,6,nan,nan,0.20
5/12/2025 9:36:24,1.17.0,PRexp,10,3.84,2,5,Pellet,Left,6586,518,479,7,0.06,40,nan
5/12/2025 9:36:44,1.17.0,PRexp,10,3.84,nan,6,Left,Left,6587,518,479,7,nan,nan,0.04
5/12/2025 9:36:48,1.17.0,PRexp,10,3.85,nan,6,Left,Left,6588,518,479,7,nan,nan,0.35
5/12/2025 9:36:50,1.17.0,PRexp,10,3.84,nan,6,Left,Left,6589,518,479,7,nan,nan,0.12
5/12/2025 9:36:54,1.17.0,PRexp,10,3.83,nan,6,Left,Left,6590,518,479,7,nan,nan,0.26
5/12/2025 9:36:55,1.17.0,PRexp,10,3.84,nan,6,Left,Left,6591,518,479,7,nan,nan,0.21
5/12/2025 9:36:57,1.17.0,PRexp,10,3.84,nan,6,Left,Left,6592,518,479,7,nan,nan,0.34
5/12/2025 9:36:59,1.17.0,PRexp,10,3.85,2,6,Pellet,Left,6592,518,480,8,0.06,35,nan
5/12/2025 10:30:25,1.17.0,PRexp,10,3.83,nan,1,Left,Left,6593,518,480,0,nan,nan,0.49
5/12/2025 10:30:28,1.17.0,PRexp,10,3.83,2,1,Pellet,Left,6593,518,481,1,0.61,3209,nan
5/12/2025 10:31:10,1.17.0,PRexp,10,3.83,nan,1,Left,Left,6594,518,481,1,nan,nan,0.00
5/12/2025 10:31:13,1.17.0,PRexp,10,3.84,2,1,Pellet,Left,6594,518,482,2,0.18,45,nan
5/12/2025 10:38:46,1.17.0,PRexp,10,3.84,nan,2,Left,Left,6595,518,482,2,nan,nan,0.23
5/12/2025 10:38:48,1.17.0,PRexp,10,3.84,nan,2,Left,Left,6596,518,482,2,nan,nan,0.32
5/12/2025 10:38:52,1.17.0,PRexp,10,3.84,2,2,Pellet,Left,6596,518,483,3,0.06,459,nan
5/12/2025 10:39:05,1.17.0,PRexp,10,3.84,nan,2,Left,Left,6597,518,483,3,nan,nan,0.18
5/12/2025 10:39:10,1.17.0,PRexp,10,3.84,nan,2,Left,Left,6598,518,483,3,nan,nan,0.02
5/12/2025 10:39:12,1.17.0,PRexp,10,3.84,2,2,Pellet,Left,6598,518,484,4,0.12,20,nan
5/12/2025 10:39:54,1.17.0,PRexp,10,3.83,nan,3,Left,Left,6599,518,484,4,nan,nan,0.06
5/12/2025 10:39:57,1.17.0,PRexp,10,3.84,nan,3,Left,Left,6600,518,484,4,nan,nan,0.23
5/12/2025 10:39:59,1.17.0,PRexp,10,3.84,nan,3,Left,Left,6601,518,484,4,nan,nan,0.30
5/12/2025 10:40:01,1.17.0,PRexp,10,3.84,1,3,Pellet,Left,6601,518,485,5,0.06,49,nan
5/12/2025 10:40:08,1.17.0,PRexp,10,3.84,nan,4,Left,Left,6602,518,485,5,nan,nan,0.01
5/12/2025 10:40:14,1.17.0,PRexp,10,3.83,nan,4,Left,Left,6603,518,485,5,nan,nan,0.30
5/12/2025 10:40:21,1.17.0,PRexp,10,3.84,nan,4,Left,Left,6604,518,485,5,nan,nan,0.00
5/12/2025 10:40:23,1.17.0,PRexp,10,3.83,nan,4,Left,Left,6605,518,485,5,nan,nan,0.37
5/12/2025 10:40:39,1.17.0,PRexp,10,3.84,4,4,Pellet,Left,6605,518,486,6,7.75,38,nan
5/12/2025 10:42:06,1.17.0,PRexp,10,3.83,nan,5,Right,Left,6605,519,486,6,nan,nan,0.08
5/12/2025 10:42:08,1.17.0,PRexp,10,3.84,nan,5,Right,Left,6605,520,486,6,nan,nan,0.02
5/12/2025 10:42:12,1.17.0,PRexp,10,3.83,nan,5,Left,Left,6606,520,486,6,nan,nan,0.03
5/12/2025 10:42:13,1.17.0,PRexp,10,3.83,nan,5,Left,Left,6607,520,486,6,nan,nan,0.26
5/12/2025 10:42:15,1.17.0,PRexp,10,3.84,nan,5,Left,Left,6608,520,486,6,nan,nan,0.29
5/12/2025 10:42:17,1.17.0,PRexp,10,3.84,nan,5,Left,Left,6609,520,486,6,nan,nan,0.24
5/12/2025 10:42:19,1.17.0,PRexp,10,3.84,nan,5,Left,Left,6610,520,486,6,nan,nan,0.29
5/12/2025 10:42:24,1.17.0,PRexp,10,3.83,3,5,Pellet,Left,6610,520,487,7,0.06,105,nan
5/12/2025 10:44:54,1.17.0,PRexp,10,3.84,nan,6,Left,Left,6611,520,487,7,nan,nan,0.00
5/12/2025 10:45:42,1.17.0,PRexp,10,3.84,nan,6,Left,Left,6612,520,487,7,nan,nan,0.20
5/12/2025 10:45:47,1.17.0,PRexp,10,3.83,nan,6,Left,Left,6613,520,487,7,nan,nan,0.28
5/12/2025 10:45:49,1.17.0,PRexp,10,3.84,nan,6,Left,Left,6614,520,487,7,nan,nan,0.01
5/12/2025 10:45:51,1.17.0,PRexp,10,3.84,nan,6,Left,Left,6615,520,487,7,nan,nan,0.49
5/12/2025 10:45:53,1.17.0,PRexp,10,3.84,nan,6,Left,Left,6616,520,487,7,nan,nan,0.19
5/12/2025 10:45:55,1.17.0,PRexp,10,3.83,2,6,Pellet,Left,6616,520,488,8,0.06,211,nan
5/12/2025 10:46:26,1.17.0,PRexp,10,3.84,nan,7,Left,Left,6617,520,488,8,nan,nan,0.11
5/12/2025 10:46:30,1.17.0,PRexp,10,3.84,nan,7,Left,Left,6618,520,488,8,nan,nan,0.60
5/12/2025 10:46:31,1.17.0,PRexp,10,3.84,nan,7,Left,Left,6619,520,488,8,nan,nan,0.64
5/12/2025 10:46:35,1.17.0,PRexp,10,3.84,nan,7,Left,Left,6620,520,488,8,nan,nan,0.29
5/12/2025 10:46:38,1.17.0,PRexp,10,3.83,nan,7,Left,Left,6621,520,488,8,nan,nan,0.25
5/12/2025 10:46:41,1.17.0,PRexp,10,3.84,nan,7,Left,Left,6622,520,488,8,nan,nan,0.02
5/12/2025 10:46:44,1.17.0,PRexp,10,3.83,nan,7,Left,Left,6623,520,488,8,nan,nan,0.54
5/12/2025 10:47:02,1.17.0,PRexp,10,3.83,3,7,Pellet,Left,6623,520,489,9,11.82,67,nan
5/12/2025 11:26:38,1.17.0,PRexp,10,3.83,nan,1,Left,Left,6624,520,489,0,nan,nan,0.19
5/12/2025 11:26:41,1.17.0,PRexp,10,3.84,2,1,Pellet,Left,6624,520,490,1,0.18,2379,nan
5/12/2025 11:27:13,1.17.0,PRexp,10,3.84,nan,1,Left,Left,6625,520,490,1,nan,nan,0.24
5/12/2025 11:27:16,1.17.0,PRexp,10,3.83,2,1,Pellet,Left,6625,520,491,2,0.06,35,nan
5/12/2025 11:27:34,1.17.0,PRexp,10,3.84,nan,2,Left,Left,6626,520,491,2,nan,nan,0.58
5/12/2025 11:27:37,1.17.0,PRexp,10,3.83,nan,2,Left,Left,6627,520,491,2,nan,nan,0.42
5/12/2025 11:27:40,1.17.0,PRexp,10,3.83,2,2,Pellet,Left,6627,520,492,3,0.06,24,nan
5/12/2025 11:28:09,1.17.0,PRexp,10,3.84,nan,2,Left,Left,6628,520,492,3,nan,nan,0.11
5/12/2025 11:28:17,1.17.0,PRexp,10,3.84,nan,2,Left,Left,6629,520,492,3,nan,nan,0.19
5/12/2025 11:28:19,1.17.0,PRexp,10,3.83,2,2,Pellet,Left,6629,520,493,4,0.06,39,nan
5/12/2025 11:28:27,1.17.0,PRexp,10,3.84,nan,3,Left,Left,6630,520,493,4,nan,nan,0.07
5/12/2025 11:28:32,1.17.0,PRexp,10,3.83,nan,3,Left,Left,6631,520,493,4,nan,nan,0.55
5/12/2025 11:28:35,1.17.0,PRexp,10,3.84,nan,3,Left,Left,6632,520,493,4,nan,nan,0.36
5/12/2025 11:28:38,1.17.0,PRexp,10,3.83,2,3,Pellet,Left,6632,520,494,5,0.06,19,nan
5/12/2025 11:30:37,1.17.0,PRexp,10,3.84,nan,4,Left,Left,6633,520,494,5,nan,nan,0.16
5/12/2025 11:30:43,1.17.0,PRexp,10,3.83,nan,4,Left,Left,6634,520,494,5,nan,nan,0.24
5/12/2025 11:30:50,1.17.0,PRexp,10,3.84,nan,4,Left,Left,6635,520,494,5,nan,nan,0.00
5/12/2025 11:30:55,1.17.0,PRexp,10,3.83,nan,4,Left,Left,6636,520,494,5,nan,nan,0.32
5/12/2025 11:31:02,1.17.0,PRexp,10,3.84,4,4,Pellet,Left,6636,520,495,6,0.06,144,nan
5/12/2025 11:31:46,1.17.0,PRexp,10,3.83,nan,5,Left,Left,6637,520,495,6,nan,nan,0.55
5/12/2025 11:31:48,1.17.0,PRexp,10,3.83,nan,5,Left,Left,6638,520,495,6,nan,nan,0.75
5/12/2025 11:31:54,1.17.0,PRexp,10,3.83,nan,5,Left,Left,6639,520,495,6,nan,nan,0.04
5/12/2025 11:31:55,1.17.0,PRexp,10,3.83,nan,5,Left,Left,6640,520,495,6,nan,nan,0.00
5/12/2025 11:31:58,1.17.0,PRexp,10,3.83,nan,5,Left,Left,6641,520,495,6,nan,nan,0.58
5/12/2025 11:32:05,1.17.0,PRexp,10,3.83,4,5,Pellet,Left,6641,520,496,7,0.06,63,nan
5/12/2025 11:32:39,1.17.0,PRexp,10,3.84,nan,6,Left,Left,6642,520,496,7,nan,nan,0.06
5/12/2025 11:32:44,1.17.0,PRexp,10,3.83,nan,6,Left,Left,6643,520,496,7,nan,nan,0.04
5/12/2025 11:32:48,1.17.0,PRexp,10,3.84,nan,6,Left,Left,6644,520,496,7,nan,nan,0.25
5/12/2025 11:32:49,1.17.0,PRexp,10,3.84,nan,6,Left,Left,6645,520,496,7,nan,nan,0.00
5/12/2025 11:32:53,1.17.0,PRexp,10,3.83,nan,6,Left,Left,6646,520,496,7,nan,nan,0.29
5/12/2025 11:32:55,1.17.0,PRexp,10,3.84,nan,6,Left,Left,6647,520,496,7,nan,nan,0.39
5/12/2025 11:33:12,1.17.0,PRexp,10,3.83,3,6,Pellet,Left,6647,520,497,8,10.09,67,nan
5/12/2025 11:33:52,1.17.0,PRexp,10,3.83,nan,7,Left,Left,6648,520,497,8,nan,nan,1.47
5/12/2025 11:33:53,1.17.0,PRexp,10,3.83,nan,7,Left,Left,6649,520,497,8,nan,nan,0.14
5/12/2025 11:33:59,1.17.0,PRexp,10,3.84,nan,7,Left,Left,6650,520,497,8,nan,nan,0.03
5/12/2025 11:34:08,1.17.0,PRexp,10,3.83,nan,7,Left,Left,6651,520,497,8,nan,nan,0.16
5/12/2025 11:34:10,1.17.0,PRexp,10,3.83,nan,7,Left,Left,6652,520,497,8,nan,nan,0.17
5/12/2025 11:34:13,1.17.0,PRexp,10,3.83,nan,7,Left,Left,6653,520,497,8,nan,nan,0.16
5/12/2025 11:59:58,1.17.0,PRexp,10,3.83,nan,7,Left,Left,6654,520,497,8,nan,nan,0.33
5/12/2025 12:00:01,1.17.0,PRexp,10,3.83,2,7,Pellet,Left,6654,520,498,9,0.12,1609,nan
5/12/2025 12:00:39,1.17.0,PRexp,10,3.83,nan,9,Left,Left,6655,520,498,9,nan,nan,0.11
5/12/2025 12:00:41,1.17.0,PRexp,10,3.83,nan,9,Left,Left,6656,520,498,9,nan,nan,0.52
5/12/2025 12:00:47,1.17.0,PRexp,10,3.84,nan,9,Left,Left,6657,520,498,9,nan,nan,0.00
5/12/2025 12:00:49,1.17.0,PRexp,10,3.83,nan,9,Left,Left,6658,520,498,9,nan,nan,0.41
5/12/2025 12:00:55,1.17.0,PRexp,10,3.83,nan,9,Left,Left,6659,520,498,9,nan,nan,1.08
5/12/2025 12:00:58,1.17.0,PRexp,10,3.83,nan,9,Left,Left,6660,520,498,9,nan,nan,0.43
5/12/2025 12:01:01,1.17.0,PRexp,10,3.83,nan,9,Left,Left,6661,520,498,9,nan,nan,0.44
5/12/2025 12:01:03,1.17.0,PRexp,10,3.83,nan,9,Left,Left,6662,520,498,9,nan,nan,0.31
5/12/2025 12:01:06,1.17.0,PRexp,10,3.83,nan,9,Left,Left,6663,520,498,9,nan,nan,0.23
5/12/2025 12:01:25,1.17.0,PRexp,10,3.84,4,9,Pellet,Left,6663,520,499,10,13.12,84,nan
5/12/2025 12:21:33,1.17.0,PRexp,10,3.83,nan,10,Left,Left,6664,520,499,10,nan,nan,0.09
5/12/2025 12:21:39,1.17.0,PRexp,10,3.83,nan,10,Left,Left,6665,520,499,10,nan,nan,0.30
5/12/2025 12:21:44,1.17.0,PRexp,10,3.83,nan,10,Left,Left,6666,520,499,10,nan,nan,0.40
5/12/2025 12:21:48,1.17.0,PRexp,10,3.82,nan,10,Left,Left,6667,520,499,10,nan,nan,0.59
5/12/2025 12:21:52,1.17.0,PRexp,10,3.83,nan,10,Left,Left,6668,520,499,10,nan,nan,0.69
5/12/2025 12:21:56,1.17.0,PRexp,10,3.83,nan,10,Left,Left,6669,520,499,10,nan,nan,1.03
5/12/2025 12:22:00,1.17.0,PRexp,10,3.83,nan,10,Left,Left,6670,520,499,10,nan,nan,0.73
5/12/2025 12:22:02,1.17.0,PRexp,10,3.83,nan,10,Left,Left,6671,520,499,10,nan,nan,0.30
5/12/2025 12:22:06,1.17.0,PRexp,10,3.83,nan,10,Left,Left,6672,520,499,10,nan,nan,1.70
5/12/2025 12:22:16,1.17.0,PRexp,10,3.83,nan,10,Left,Left,6673,520,499,10,nan,nan,0.11
5/12/2025 12:22:24,1.17.0,PRexp,10,3.84,4,10,Pellet,Left,6673,520,500,11,0.30,1259,nan
5/12/2025 12:23:15,1.17.0,PRexp,10,3.83,nan,12,Left,Left,6674,520,500,11,nan,nan,0.16
5/12/2025 12:31:25,1.17.0,PRexp,10,3.84,nan,12,Left,Left,6675,520,500,11,nan,nan,0.60
5/12/2025 12:31:42,1.17.0,PRexp,10,3.83,nan,12,Left,Left,6676,520,500,11,nan,nan,0.13
5/12/2025 12:31:46,1.17.0,PRexp,10,3.83,nan,12,Left,Left,6677,520,500,11,nan,nan,0.31
5/12/2025 12:31:49,1.17.0,PRexp,10,3.83,nan,12,Left,Left,6678,520,500,11,nan,nan,0.43
5/12/2025 12:31:52,1.17.0,PRexp,10,3.83,nan,12,Left,Left,6679,520,500,11,nan,nan,0.76
5/12/2025 12:31:54,1.17.0,PRexp,10,3.83,nan,12,Left,Left,6680,520,500,11,nan,nan,0.47
5/12/2025 12:31:57,1.17.0,PRexp,10,3.83,nan,12,Left,Left,6681,520,500,11,nan,nan,1.31
5/12/2025 12:32:00,1.17.0,PRexp,10,3.83,nan,12,Left,Left,6682,520,500,11,nan,nan,0.18
5/12/2025 12:32:02,1.17.0,PRexp,10,3.83,nan,12,Left,Left,6683,520,500,11,nan,nan,0.06
5/12/2025 12:32:05,1.17.0,PRexp,10,3.83,nan,12,Left,Left,6684,520,500,11,nan,nan,0.47
5/12/2025 12:32:07,1.17.0,PRexp,10,3.83,nan,12,Left,Left,6685,520,500,11,nan,nan,0.25
5/12/2025 12:32:37,1.17.0,PRexp,10,3.83,5,12,Pellet,Left,6685,520,501,12,21.41,613,nan
5/12/2025 12:33:28,1.17.0,PRexp,10,3.83,nan,13,Left,Left,6686,520,501,12,nan,nan,0.05
5/12/2025 12:33:37,1.17.0,PRexp,10,3.83,nan,13,Left,Left,6687,520,501,12,nan,nan,0.17
5/12/2025 12:34:19,1.17.0,PRexp,10,3.84,nan,13,Right,Left,6687,521,501,12,nan,nan,0.18
5/12/2025 12:34:28,1.17.0,PRexp,10,3.84,nan,13,Left,Left,6688,521,501,12,nan,nan,0.18
5/12/2025 12:34:29,1.17.0,PRexp,10,3.84,nan,13,Left,Left,6689,521,501,12,nan,nan,0.06
5/12/2025 12:34:32,1.17.0,PRexp,10,3.83,nan,13,Left,Left,6690,521,501,12,nan,nan,0.13
5/12/2025 12:34:33,1.17.0,PRexp,10,3.83,nan,13,Left,Left,6691,521,501,12,nan,nan,0.00
5/12/2025 12:34:36,1.17.0,PRexp,10,3.83,nan,13,Left,Left,6692,521,501,12,nan,nan,0.20
5/12/2025 12:34:37,1.17.0,PRexp,10,3.83,nan,13,Left,Left,6693,521,501,12,nan,nan,0.07
5/12/2025 12:34:40,1.17.0,PRexp,10,3.83,nan,13,Left,Left,6694,521,501,12,nan,nan,0.25
5/12/2025 12:34:43,1.17.0,PRexp,10,3.84,nan,13,Left,Left,6695,521,501,12,nan,nan,0.32
5/12/2025 12:34:45,1.17.0,PRexp,10,3.83,nan,13,Left,Left,6696,521,501,12,nan,nan,0.16
5/12/2025 12:34:50,1.17.0,PRexp,10,3.83,nan,13,Left,Left,6697,521,501,12,nan,nan,0.08
5/12/2025 12:37:06,1.17.0,PRexp,10,3.84,nan,13,Left,Left,6698,521,501,12,nan,nan,0.05
5/12/2025 12:37:11,1.17.0,PRexp,10,3.83,3,13,Pellet,Left,6698,521,502,13,0.18,274,nan
5/12/2025 12:37:42,1.17.0,PRexp,10,3.83,nan,15,Left,Left,6699,521,502,13,nan,nan,0.09
5/12/2025 12:37:49,1.17.0,PRexp,10,3.83,nan,15,Left,Left,6700,521,502,13,nan,nan,0.00
5/12/2025 12:37:52,1.17.0,PRexp,10,3.84,nan,15,Left,Left,6701,521,502,13,nan,nan,0.37
5/12/2025 12:37:54,1.17.0,PRexp,10,3.83,nan,15,Left,Left,6702,521,502,13,nan,nan,0.47
5/12/2025 12:37:59,1.17.0,PRexp,10,3.83,nan,15,Left,Left,6703,521,502,13,nan,nan,0.17
5/12/2025 12:38:00,1.17.0,PRexp,10,3.83,nan,15,Left,Left,6704,521,502,13,nan,nan,0.07
5/12/2025 12:38:05,1.17.0,PRexp,10,3.83,nan,15,Left,Left,6705,521,502,13,nan,nan,0.27
5/12/2025 12:38:06,1.17.0,PRexp,10,3.83,nan,15,Left,Left,6706,521,502,13,nan,nan,0.00
5/12/2025 12:38:09,1.17.0,PRexp,10,3.83,nan,15,Left,Left,6707,521,502,13,nan,nan,0.07
5/12/2025 12:38:12,1.17.0,PRexp,10,3.83,nan,15,Left,Left,6708,521,502,13,nan,nan,0.39
5/12/2025 12:38:13,1.17.0,PRexp,10,3.83,nan,15,Left,Left,6709,521,502,13,nan,nan,0.02
5/12/2025 12:38:15,1.17.0,PRexp,10,3.83,nan,15,Left,Left,6710,521,502,13,nan,nan,0.51
5/12/2025 12:40:05,1.17.0,PRexp,10,3.83,nan,15,Left,Left,6711,521,502,13,nan,nan,0.14
5/12/2025 12:40:07,1.17.0,PRexp,10,3.83,nan,15,Left,Left,6712,521,502,13,nan,nan,0.21
5/12/2025 12:40:30,1.17.0,PRexp,10,3.83,nan,15,Left,Left,6713,521,502,13,nan,nan,0.19
5/12/2025 12:40:34,1.17.0,PRexp,10,3.83,3,15,Pellet,Left,6713,521,503,14,0.12,203,nan
5/12/2025 12:44:21,1.17.0,PRexp,10,3.83,nan,17,Left,Left,6714,521,503,14,nan,nan,0.30
5/12/2025 12:44:24,1.17.0,PRexp,10,3.83,nan,17,Left,Left,6715,521,503,14,nan,nan,0.11
5/12/2025 12:44:28,1.17.0,PRexp,10,3.83,nan,17,Left,Left,6716,521,503,14,nan,nan,0.25
5/12/2025 12:44:32,1.17.0,PRexp,10,3.84,nan,17,Left,Left,6717,521,503,14,nan,nan,0.18
5/12/2025 12:44:40,1.17.0,PRexp,10,3.83,nan,17,Left,Left,6718,521,503,14,nan,nan,0.16
5/12/2025 12:44:43,1.17.0,PRexp,10,3.83,nan,17,Left,Left,6719,521,503,14,nan,nan,0.44
5/12/2025 12:44:46,1.17.0,PRexp,10,3.83,nan,17,Left,Left,6720,521,503,14,nan,nan,0.34
5/12/2025 12:44:49,1.17.0,PRexp,10,3.83,nan,17,Left,Left,6721,521,503,14,nan,nan,0.25
5/12/2025 12:44:53,1.17.0,PRexp,10,3.83,nan,17,Left,Left,6722,521,503,14,nan,nan,0.12
5/12/2025 13:06:08,1.17.0,PRexp,10,3.83,nan,17,Left,Left,6723,521,503,14,nan,nan,0.05
5/12/2025 13:06:28,1.17.0,PRexp,10,3.83,nan,17,Left,Left,6724,521,503,14,nan,nan,0.18
5/12/2025 13:08:57,1.17.0,PRexp,10,3.83,nan,17,Left,Left,6725,521,503,14,nan,nan,0.13
5/12/2025 13:09:13,1.17.0,PRexp,10,3.83,nan,17,Left,Left,6726,521,503,14,nan,nan,0.11
5/12/2025 13:09:20,1.17.0,PRexp,10,3.83,nan,17,Left,Left,6727,521,503,14,nan,nan,0.00
5/12/2025 13:09:22,1.17.0,PRexp,10,3.83,nan,17,Left,Left,6728,521,503,14,nan,nan,0.39
5/12/2025 13:09:26,1.17.0,PRexp,10,3.83,nan,17,Left,Left,6729,521,503,14,nan,nan,0.22
5/12/2025 13:09:48,1.17.0,PRexp,10,3.83,nan,17,Left,Left,6730,521,503,14,nan,nan,0.22
5/12/2025 13:10:09,1.17.0,PRexp,10,3.83,4,17,Pellet,Left,6730,521,504,15,13.49,1775,nan
5/12/2025 13:11:09,1.17.0,PRexp,10,3.83,nan,20,Left,Left,6731,521,504,15,nan,nan,0.29
5/12/2025 13:11:14,1.17.0,PRexp,10,3.84,nan,20,Left,Left,6732,521,504,15,nan,nan,0.26
5/12/2025 13:11:16,1.17.0,PRexp,10,3.83,nan,20,Left,Left,6733,521,504,15,nan,nan,0.37
5/12/2025 13:11:20,1.17.0,PRexp,10,3.83,nan,20,Left,Left,6734,521,504,15,nan,nan,0.11
5/12/2025 13:11:23,1.17.0,PRexp,10,3.83,nan,20,Left,Left,6735,521,504,15,nan,nan,0.27
5/12/2025 13:11:27,1.17.0,PRexp,10,3.83,nan,20,Left,Left,6736,521,504,15,nan,nan,0.29
5/12/2025 13:11:30,1.17.0,PRexp,10,3.83,nan,20,Left,Left,6737,521,504,15,nan,nan,0.22
5/12/2025 13:11:33,1.17.0,PRexp,10,3.83,nan,20,Left,Left,6738,521,504,15,nan,nan,0.44
5/12/2025 13:11:36,1.17.0,PRexp,10,3.83,nan,20,Left,Left,6739,521,504,15,nan,nan,0.38
5/12/2025 13:11:38,1.17.0,PRexp,10,3.83,nan,20,Left,Left,6740,521,504,15,nan,nan,0.53
5/12/2025 13:11:41,1.17.0,PRexp,10,3.83,nan,20,Left,Left,6741,521,504,15,nan,nan,0.22
5/12/2025 13:11:44,1.17.0,PRexp,10,3.83,nan,20,Left,Left,6742,521,504,15,nan,nan,0.20
5/12/2025 13:11:46,1.17.0,PRexp,10,3.83,nan,20,Left,Left,6743,521,504,15,nan,nan,0.20
5/12/2025 13:11:48,1.17.0,PRexp,10,3.83,nan,20,Left,Left,6744,521,504,15,nan,nan,0.15
5/12/2025 13:12:34,1.17.0,PRexp,10,3.83,nan,20,Left,Left,6745,521,504,15,nan,nan,0.11
5/12/2025 13:12:43,1.17.0,PRexp,10,3.83,nan,20,Left,Left,6746,521,504,15,nan,nan,0.21
5/12/2025 13:12:45,1.17.0,PRexp,10,3.83,nan,20,Left,Left,6747,521,504,15,nan,nan,0.17
5/12/2025 13:12:48,1.17.0,PRexp,10,3.83,nan,20,Left,Left,6748,521,504,15,nan,nan,0.17
5/12/2025 13:12:51,1.17.0,PRexp,10,3.83,nan,20,Left,Left,6749,521,504,15,nan,nan,0.27
5/12/2025 13:12:56,1.17.0,PRexp,10,3.83,nan,20,Left,Left,6750,521,504,15,nan,nan,0.03
5/12/2025 13:13:01,1.17.0,PRexp,10,3.83,3,20,Pellet,Left,6750,521,505,16,0.06,171,nan
5/12/2025 13:13:51,1.17.0,PRexp,10,3.83,nan,22,Right,Left,6750,522,505,16,nan,nan,0.19
5/12/2025 13:14:15,1.17.0,PRexp,10,3.83,nan,22,Left,Left,6751,522,505,16,nan,nan,0.33
5/12/2025 13:14:17,1.17.0,PRexp,10,3.83,nan,22,Left,Left,6752,522,505,16,nan,nan,0.27
5/12/2025 13:14:21,1.17.0,PRexp,10,3.83,nan,22,Left,Left,6753,522,505,16,nan,nan,0.19
5/12/2025 13:14:25,1.17.0,PRexp,10,3.83,nan,22,Left,Left,6754,522,505,16,nan,nan,0.34
5/12/2025 13:14:27,1.17.0,PRexp,10,3.83,nan,22,Left,Left,6755,522,505,16,nan,nan,0.25
5/12/2025 13:14:29,1.17.0,PRexp,10,3.83,nan,22,Left,Left,6756,522,505,16,nan,nan,0.42
5/12/2025 13:14:35,1.17.0,PRexp,10,3.83,nan,22,Left,Left,6757,522,505,16,nan,nan,0.24
5/12/2025 13:14:36,1.17.0,PRexp,10,3.83,nan,22,Left,Left,6758,522,505,16,nan,nan,0.41
5/12/2025 13:14:39,1.17.0,PRexp,10,3.83,nan,22,Left,Left,6759,522,505,16,nan,nan,0.45
5/12/2025 13:14:42,1.17.0,PRexp,10,3.83,nan,22,Left,Left,6760,522,505,16,nan,nan,0.37
5/12/2025 13:14:44,1.17.0,PRexp,10,3.83,nan,22,Left,Left,6761,522,505,16,nan,nan,0.23
5/12/2025 13:14:52,1.17.0,PRexp,10,3.83,nan,22,Left,Left,6762,522,505,16,nan,nan,0.27
5/12/2025 13:14:55,1.17.0,PRexp,10,3.83,nan,22,Left,Left,6763,522,505,16,nan,nan,0.14
5/12/2025 13:14:57,1.17.0,PRexp,10,3.83,nan,22,Left,Left,6764,522,505,16,nan,nan,0.08
5/12/2025 13:15:01,1.17.0,PRexp,10,3.83,nan,22,Left,Left,6765,522,505,16,nan,nan,0.13
5/12/2025 14:15:56,1.17.0,PRexp,10,3.83,nan,1,Left,Left,6766,522,505,0,nan,nan,0.37
5/12/2025 14:16:03,1.17.0,PRexp,10,3.83,3,1,Pellet,Left,6766,522,506,1,0.06,3783,nan
5/12/2025 14:16:51,1.17.0,PRexp,10,3.83,nan,1,Left,Left,6767,522,506,1,nan,nan,0.52
5/12/2025 14:16:54,1.17.0,PRexp,10,3.83,2,1,Pellet,Left,6767,522,507,2,0.24,51,nan
5/12/2025 14:18:41,1.17.0,PRexp,10,3.83,nan,2,Left,Left,6768,522,507,2,nan,nan,0.07
5/12/2025 14:18:54,1.17.0,PRexp,10,3.83,nan,2,Left,Left,6769,522,507,2,nan,nan,0.52
5/12/2025 14:18:59,1.17.0,PRexp,10,3.83,3,2,Pellet,Left,6769,522,508,3,0.06,125,nan
5/12/2025 14:19:28,1.17.0,PRexp,10,3.83,nan,2,Left,Left,6770,522,508,3,nan,nan,0.60
5/12/2025 14:19:33,1.17.0,PRexp,10,3.83,nan,2,Left,Left,6771,522,508,3,nan,nan,0.46
5/12/2025 14:19:35,1.17.0,PRexp,10,3.83,1,2,Pellet,Left,6771,522,509,4,0.06,36,nan
5/12/2025 14:19:46,1.17.0,PRexp,10,3.83,nan,3,Left,Left,6772,522,509,4,nan,nan,0.14
5/12/2025 14:19:53,1.17.0,PRexp,10,3.83,nan,3,Left,Left,6773,522,509,4,nan,nan,0.36
5/12/2025 14:19:56,1.17.0,PRexp,10,3.83,nan,3,Left,Left,6774,522,509,4,nan,nan,0.65
5/12/2025 14:19:58,1.17.0,PRexp,10,3.83,2,3,Pellet,Left,6774,522,510,5,0.06,23,nan
5/12/2025 14:20:22,1.17.0,PRexp,10,3.83,nan,4,Left,Left,6775,522,510,5,nan,nan,0.09
5/12/2025 14:20:28,1.17.0,PRexp,10,3.83,nan,4,Left,Left,6776,522,510,5,nan,nan,1.62
5/12/2025 14:20:31,1.17.0,PRexp,10,3.83,nan,4,Left,Left,6777,522,510,5,nan,nan,0.39
5/12/2025 14:20:36,1.17.0,PRexp,10,3.83,nan,4,Left,Left,6778,522,510,5,nan,nan,0.02
5/12/2025 14:20:51,1.17.0,PRexp,10,3.83,3,4,Pellet,Left,6778,522,511,6,8.55,53,nan
5/12/2025 14:21:46,1.17.0,PRexp,10,3.83,nan,5,Left,Left,6779,522,511,6,nan,nan,0.13
5/12/2025 14:30:55,1.17.0,PRexp,10,3.83,nan,5,Left,Left,6780,522,511,6,nan,nan,0.01
5/12/2025 14:31:01,1.17.0,PRexp,10,3.83,nan,5,Left,Left,6781,522,511,6,nan,nan,0.29
5/12/2025 14:31:03,1.17.0,PRexp,10,3.83,nan,5,Left,Left,6782,522,511,6,nan,nan,0.18
5/12/2025 14:31:13,1.17.0,PRexp,10,3.83,nan,5,Left,Left,6783,522,511,6,nan,nan,0.79
5/12/2025 14:31:16,1.17.0,PRexp,10,3.83,2,5,Pellet,Left,6783,522,512,7,0.06,625,nan
5/12/2025 14:31:45,1.17.0,PRexp,10,3.83,nan,6,Left,Left,6784,522,512,7,nan,nan,0.09
5/12/2025 14:31:50,1.17.0,PRexp,10,3.83,nan,6,Left,Left,6785,522,512,7,nan,nan,0.53
5/12/2025 14:31:52,1.17.0,PRexp,10,3.83,nan,6,Left,Left,6786,522,512,7,nan,nan,0.22
5/12/2025 14:31:55,1.17.0,PRexp,10,3.83,nan,6,Left,Left,6787,522,512,7,nan,nan,0.26
5/12/2025 14:31:58,1.17.0,PRexp,10,3.83,nan,6,Left,Left,6788,522,512,7,nan,nan,0.50
5/12/2025 14:32:02,1.17.0,PRexp,10,3.83,nan,6,Left,Left,6789,522,512,7,nan,nan,0.37
5/12/2025 14:32:20,1.17.0,PRexp,10,3.83,4,6,Pellet,Left,6789,522,513,8,9.11,64,nan
5/12/2025 14:34:35,1.17.0,PRexp,10,3.83,nan,7,Left,Left,6790,522,513,8,nan,nan,0.17
5/12/2025 14:34:38,1.17.0,PRexp,10,3.83,nan,7,Left,Left,6791,522,513,8,nan,nan,0.06
5/12/2025 14:35:23,1.17.0,PRexp,10,3.83,nan,7,Left,Left,6792,522,513,8,nan,nan,0.37
5/12/2025 14:35:27,1.17.0,PRexp,10,3.83,nan,7,Left,Left,6793,522,513,8,nan,nan,0.57
5/12/2025 14:35:30,1.17.0,PRexp,10,3.83,nan,7,Left,Left,6794,522,513,8,nan,nan,0.13
5/12/2025 15:15:14,1.17.0,PRexp,10,3.83,nan,1,Left,Left,6795,522,513,0,nan,nan,0.12
5/12/2025 15:15:19,1.17.0,PRexp,10,3.83,3,1,Pellet,Left,6795,522,514,1,0.06,2579,nan
5/12/2025 15:15:29,1.17.0,PRexp,10,3.82,nan,1,Left,Left,6796,522,514,1,nan,nan,0.21
5/12/2025 15:15:32,1.17.0,PRexp,10,3.83,2,1,Pellet,Left,6796,522,515,2,0.18,13,nan
5/12/2025 15:16:10,1.17.0,PRexp,10,3.83,nan,2,Left,Left,6797,522,515,2,nan,nan,0.41
5/12/2025 15:16:16,1.17.0,PRexp,10,3.83,nan,2,Left,Left,6798,522,515,2,nan,nan,0.29
5/12/2025 15:16:21,1.17.0,PRexp,10,3.83,3,2,Pellet,Left,6798,522,516,3,0.06,49,nan
5/12/2025 15:16:56,1.17.0,PRexp,10,3.83,nan,2,Left,Left,6799,522,516,3,nan,nan,0.09
5/12/2025 15:17:00,1.17.0,PRexp,10,3.83,nan,2,Left,Left,6800,522,516,3,nan,nan,0.15
5/12/2025 15:17:05,1.17.0,PRexp,10,3.83,3,2,Pellet,Left,6800,522,517,4,0.06,44,nan
5/12/2025 15:17:40,1.17.0,PRexp,10,3.83,nan,3,Left,Left,6801,522,517,4,nan,nan,0.07
5/12/2025 15:17:42,1.17.0,PRexp,10,3.83,nan,3,Left,Left,6802,522,517,4,nan,nan,0.00
5/12/2025 15:17:46,1.17.0,PRexp,10,3.83,nan,3,Left,Left,6803,522,517,4,nan,nan,0.85
5/12/2025 15:17:48,1.17.0,PRexp,10,3.83,2,3,Pellet,Left,6803,522,518,5,0.06,43,nan
5/12/2025 15:18:52,1.17.0,PRexp,10,3.83,nan,4,Left,Left,6804,522,518,5,nan,nan,0.22
5/12/2025 15:18:55,1.17.0,PRexp,10,3.83,nan,4,Left,Left,6805,522,518,5,nan,nan,0.43
5/12/2025 15:18:58,1.17.0,PRexp,10,3.83,nan,4,Left,Left,6806,522,518,5,nan,nan,0.56
5/12/2025 15:19:01,1.17.0,PRexp,10,3.83,nan,4,Left,Left,6807,522,518,5,nan,nan,0.49
5/12/2025 15:19:04,1.17.0,PRexp,10,3.83,2,4,Pellet,Left,6807,522,519,6,0.06,76,nan
5/12/2025 15:19:53,1.17.0,PRexp,10,3.83,nan,5,Left,Left,6808,522,519,6,nan,nan,0.39
5/12/2025 15:19:57,1.17.0,PRexp,10,3.83,nan,5,Left,Left,6809,522,519,6,nan,nan,0.94
5/12/2025 15:20:00,1.17.0,PRexp,10,3.83,nan,5,Left,Left,6810,522,519,6,nan,nan,0.68
5/12/2025 15:20:03,1.17.0,PRexp,10,3.83,nan,5,Left,Left,6811,522,519,6,nan,nan,0.53
5/12/2025 15:20:06,1.17.0,PRexp,10,3.83,nan,5,Left,Left,6812,522,519,6,nan,nan,0.67
5/12/2025 15:20:11,1.17.0,PRexp,10,3.83,3,5,Pellet,Left,6812,522,520,7,0.18,67,nan
5/12/2025 15:20:43,1.17.0,PRexp,10,3.83,nan,6,Left,Left,6813,522,520,7,nan,nan,0.06
5/12/2025 15:20:47,1.17.0,PRexp,10,3.83,nan,6,Left,Left,6814,522,520,7,nan,nan,1.07
5/12/2025 15:20:50,1.17.0,PRexp,10,3.83,nan,6,Left,Left,6815,522,520,7,nan,nan,0.39
5/12/2025 15:20:52,1.17.0,PRexp,10,3.83,nan,6,Left,Left,6816,522,520,7,nan,nan,0.00
5/12/2025 15:20:55,1.17.0,PRexp,10,3.83,nan,6,Left,Left,6817,522,520,7,nan,nan,0.83
5/12/2025 15:20:59,1.17.0,PRexp,10,3.83,nan,6,Left,Left,6818,522,520,7,nan,nan,0.65
5/12/2025 15:21:04,1.17.0,PRexp,10,3.83,3,6,Pellet,Left,6818,522,521,8,0.06,53,nan
5/12/2025 15:21:28,1.17.0,PRexp,10,3.83,nan,7,Left,Left,6819,522,521,8,nan,nan,0.21
5/12/2025 15:21:31,1.17.0,PRexp,10,3.83,nan,7,Left,Left,6820,522,521,8,nan,nan,1.52
5/12/2025 15:21:36,1.17.0,PRexp,10,3.83,nan,7,Left,Left,6821,522,521,8,nan,nan,0.76
5/12/2025 15:21:38,1.17.0,PRexp,10,3.83,nan,7,Left,Left,6822,522,521,8,nan,nan,0.47
5/12/2025 15:21:39,1.17.0,PRexp,10,3.83,nan,7,Left,Left,6823,522,521,8,nan,nan,0.00
5/12/2025 15:21:43,1.17.0,PRexp,10,3.83,nan,7,Left,Left,6824,522,521,8,nan,nan,0.95
5/12/2025 15:21:46,1.17.0,PRexp,10,3.83,nan,7,Left,Left,6825,522,521,8,nan,nan,0.46
5/12/2025 15:22:03,1.17.0,PRexp,10,3.83,5,7,Pellet,Left,6825,522,522,9,8.68,59,nan
5/12/2025 15:29:31,1.17.0,PRexp,10,3.83,nan,9,Left,Left,6826,522,522,9,nan,nan,0.16
5/12/2025 15:29:33,1.17.0,PRexp,10,3.83,nan,9,Left,Left,6827,522,522,9,nan,nan,0.14
5/12/2025 15:33:52,1.17.0,PRexp,10,3.83,nan,9,Left,Left,6828,522,522,9,nan,nan,0.49
5/12/2025 15:33:57,1.17.0,PRexp,10,3.82,nan,9,Left,Left,6829,522,522,9,nan,nan,0.25
5/12/2025 15:33:58,1.17.0,PRexp,10,3.83,nan,9,Left,Left,6830,522,522,9,nan,nan,0.32
5/12/2025 15:34:03,1.17.0,PRexp,10,3.83,nan,9,Left,Left,6831,522,522,9,nan,nan,0.14
5/12/2025 15:34:04,1.17.0,PRexp,10,3.82,nan,9,Left,Left,6832,522,522,9,nan,nan,0.29
5/12/2025 15:34:08,1.17.0,PRexp,10,3.83,nan,9,Left,Left,6833,522,522,9,nan,nan,0.13
5/12/2025 15:34:10,1.17.0,PRexp,10,3.83,nan,9,Left,Left,6834,522,522,9,nan,nan,0.24
5/12/2025 15:34:17,1.17.0,PRexp,10,3.83,4,9,Pellet,Left,6834,522,523,10,0.12,734,nan
5/12/2025 15:35:56,1.17.0,PRexp,10,3.83,nan,10,Left,Left,6835,522,523,10,nan,nan,0.20
5/12/2025 15:35:58,1.17.0,PRexp,10,3.83,nan,10,Left,Left,6836,522,523,10,nan,nan,0.16
5/12/2025 15:36:04,1.17.0,PRexp,10,3.83,nan,10,Left,Left,6837,522,523,10,nan,nan,0.04
5/12/2025 15:36:13,1.17.0,PRexp,10,3.82,nan,10,Left,Left,6838,522,523,10,nan,nan,0.23
5/12/2025 15:36:18,1.17.0,PRexp,10,3.83,nan,10,Left,Left,6839,522,523,10,nan,nan,0.19
5/12/2025 15:36:38,1.17.0,PRexp,10,3.83,nan,10,Left,Left,6840,522,523,10,nan,nan,0.34
5/12/2025 15:36:42,1.17.0,PRexp,10,3.83,nan,10,Left,Left,6841,522,523,10,nan,nan,0.28
5/12/2025 15:36:43,1.17.0,PRexp,10,3.83,nan,10,Left,Left,6842,522,523,10,nan,nan,0.27
5/12/2025 15:36:44,1.17.0,PRexp,10,3.83,nan,10,Left,Left,6843,522,523,10,nan,nan,0.16
5/12/2025 15:39:30,1.17.0,PRexp,10,3.83,nan,10,Left,Left,6844,522,523,10,nan,nan,0.13
5/12/2025 15:39:33,1.17.0,PRexp,10,3.83,2,10,Pellet,Left,6844,522,524,11,0.12,316,nan
5/12/2025 16:52:03,1.17.0,PRexp,10,3.82,nan,1,Left,Left,6845,522,524,0,nan,nan,0.11
5/12/2025 16:52:10,1.17.0,PRexp,10,3.82,4,1,Pellet,Left,6845,522,525,1,0.12,4357,nan
5/12/2025 16:52:39,1.17.0,PRexp,10,3.83,nan,1,Left,Left,6846,522,525,1,nan,nan,0.07
5/12/2025 16:52:43,1.17.0,PRexp,10,3.82,3,1,Pellet,Left,6846,522,526,2,0.06,33,nan
5/12/2025 16:53:12,1.17.0,PRexp,10,3.83,nan,2,Left,Left,6847,522,526,2,nan,nan,0.17
5/12/2025 16:53:14,1.17.0,PRexp,10,3.83,nan,2,Left,Left,6848,522,526,2,nan,nan,0.52
5/12/2025 16:53:17,1.17.0,PRexp,10,3.82,2,2,Pellet,Left,6848,522,527,3,0.06,34,nan
5/12/2025 16:53:55,1.17.0,PRexp,10,3.83,nan,2,Left,Left,6849,522,527,3,nan,nan,0.14
5/12/2025 16:53:58,1.17.0,PRexp,10,3.83,nan,2,Left,Left,6850,522,527,3,nan,nan,0.35
5/12/2025 16:54:13,1.17.0,PRexp,10,3.83,5,2,Pellet,Left,6850,522,528,4,4.37,56,nan
5/12/2025 16:54:53,1.17.0,PRexp,10,3.83,nan,3,Left,Left,6851,522,528,4,nan,nan,0.11
5/12/2025 16:54:57,1.17.0,PRexp,10,3.83,nan,3,Left,Left,6852,522,528,4,nan,nan,0.23
5/12/2025 16:54:58,1.17.0,PRexp,10,3.82,nan,3,Left,Left,6853,522,528,4,nan,nan,0.22
5/12/2025 16:55:03,1.17.0,PRexp,10,3.82,3,3,Pellet,Left,6853,522,529,5,0.06,50,nan
5/12/2025 16:55:34,1.17.0,PRexp,10,3.83,nan,4,Left,Left,6854,522,529,5,nan,nan,0.35
5/12/2025 16:55:37,1.17.0,PRexp,10,3.83,nan,4,Left,Left,6855,522,529,5,nan,nan,0.85
5/12/2025 16:55:39,1.17.0,PRexp,10,3.83,nan,4,Left,Left,6856,522,529,5,nan,nan,0.04
5/12/2025 16:55:42,1.17.0,PRexp,10,3.83,nan,4,Left,Left,6857,522,529,5,nan,nan,0.39
5/12/2025 16:55:54,1.17.0,PRexp,10,3.83,5,4,Pellet,Left,6857,522,530,6,3.44,51,nan
5/12/2025 17:12:47,1.17.0,PRexp,10,3.83,nan,5,Left,Left,6858,522,530,6,nan,nan,0.10
5/12/2025 17:12:48,1.17.0,PRexp,10,3.83,nan,5,Left,Left,6859,522,530,6,nan,nan,0.11
5/12/2025 17:12:52,1.17.0,PRexp,10,3.82,nan,5,Left,Left,6860,522,530,6,nan,nan,0.06
5/12/2025 17:13:07,1.17.0,PRexp,10,3.83,nan,5,Left,Left,6861,522,530,6,nan,nan,0.07
5/12/2025 17:13:08,1.17.0,PRexp,10,3.83,nan,5,Left,Left,6862,522,530,6,nan,nan,0.21
5/12/2025 17:13:13,1.17.0,PRexp,10,3.82,3,5,Pellet,Left,6862,522,531,7,0.06,1039,nan
5/12/2025 17:19:23,1.17.0,PRexp,10,3.83,nan,6,Left,Left,6863,522,531,7,nan,nan,0.72
5/12/2025 17:19:26,1.17.0,PRexp,10,3.83,nan,6,Left,Left,6864,522,531,7,nan,nan,0.48
5/12/2025 17:19:28,1.17.0,PRexp,10,3.83,nan,6,Left,Left,6865,522,531,7,nan,nan,1.12
5/12/2025 17:19:30,1.17.0,PRexp,10,3.82,nan,6,Left,Left,6866,522,531,7,nan,nan,0.39
5/12/2025 17:19:35,1.17.0,PRexp,10,3.82,nan,6,Left,Left,6867,522,531,7,nan,nan,0.37
5/12/2025 17:19:38,1.17.0,PRexp,10,3.83,nan,6,Left,Left,6868,522,531,7,nan,nan,0.30
5/12/2025 17:19:40,1.17.0,PRexp,10,3.82,2,6,Pellet,Left,6868,522,532,8,0.06,387,nan
5/12/2025 17:20:05,1.17.0,PRexp,10,3.82,nan,7,Left,Left,6869,522,532,8,nan,nan,0.00
5/12/2025 17:20:08,1.17.0,PRexp,10,3.82,nan,7,Left,Left,6870,522,532,8,nan,nan,0.16
5/12/2025 17:20:11,1.17.0,PRexp,10,3.83,nan,7,Left,Left,6871,522,532,8,nan,nan,0.19
5/12/2025 17:20:13,1.17.0,PRexp,10,3.83,nan,7,Left,Left,6872,522,532,8,nan,nan,0.27
5/12/2025 17:20:17,1.17.0,PRexp,10,3.82,nan,7,Left,Left,6873,522,532,8,nan,nan,0.38
5/12/2025 17:20:18,1.17.0,PRexp,10,3.82,nan,7,Left,Left,6874,522,532,8,nan,nan,0.40
5/12/2025 17:20:22,1.17.0,PRexp,10,3.83,nan,7,Left,Left,6875,522,532,8,nan,nan,0.24
5/12/2025 17:20:24,1.17.0,PRexp,10,3.82,1,7,Pellet,Left,6875,522,533,9,0.06,44,nan
5/12/2025 17:21:38,1.17.0,PRexp,10,3.83,nan,9,Right,Left,6875,523,533,9,nan,nan,0.30
5/12/2025 17:21:45,1.17.0,PRexp,10,3.83,nan,9,Right,Left,6875,524,533,9,nan,nan,0.00
5/12/2025 17:21:49,1.17.0,PRexp,10,3.82,nan,9,Left,Left,6876,524,533,9,nan,nan,0.14
5/12/2025 17:23:44,1.17.0,PRexp,10,3.82,nan,9,Left,Left,6877,524,533,9,nan,nan,0.00
5/12/2025 17:24:03,1.17.0,PRexp,10,3.82,nan,9,Left,Left,6878,524,533,9,nan,nan,0.18
5/12/2025 17:24:06,1.17.0,PRexp,10,3.83,nan,9,Left,Left,6879,524,533,9,nan,nan,0.13
5/12/2025 17:24:08,1.17.0,PRexp,10,3.83,nan,9,Left,Left,6880,524,533,9,nan,nan,0.19
5/12/2025 17:24:11,1.17.0,PRexp,10,3.82,nan,9,Left,Left,6881,524,533,9,nan,nan,0.13
5/12/2025 17:24:13,1.17.0,PRexp,10,3.83,nan,9,Left,Left,6882,524,533,9,nan,nan,0.32
5/12/2025 17:24:17,1.17.0,PRexp,10,3.83,nan,9,Left,Left,6883,524,533,9,nan,nan,0.28
5/12/2025 17:28:19,1.17.0,PRexp,10,3.83,nan,9,Right,Left,6883,525,533,9,nan,nan,0.38
5/12/2025 17:28:22,1.17.0,PRexp,10,3.83,nan,9,Right,Left,6883,526,533,9,nan,nan,0.27
5/12/2025 17:28:23,1.17.0,PRexp,10,3.83,nan,9,Left,Left,6884,526,533,9,nan,nan,0.00
5/12/2025 17:28:45,1.17.0,PRexp,10,3.82,5,9,Pellet,Left,6884,526,534,10,10.78,501,nan
5/12/2025 17:29:13,1.17.0,PRexp,10,3.83,nan,10,Left,Left,6885,526,534,10,nan,nan,0.07
5/12/2025 17:29:17,1.17.0,PRexp,10,3.83,nan,10,Left,Left,6886,526,534,10,nan,nan,0.87
5/12/2025 17:29:19,1.17.0,PRexp,10,3.83,nan,10,Left,Left,6887,526,534,10,nan,nan,0.34
5/12/2025 17:29:24,1.17.0,PRexp,10,3.82,nan,10,Left,Left,6888,526,534,10,nan,nan,0.38
5/12/2025 17:29:32,1.17.0,PRexp,10,3.82,nan,10,Left,Left,6889,526,534,10,nan,nan,0.37
5/12/2025 17:29:36,1.17.0,PRexp,10,3.83,nan,10,Left,Left,6890,526,534,10,nan,nan,0.07
5/12/2025 17:29:37,1.17.0,PRexp,10,3.82,nan,10,Left,Left,6891,526,534,10,nan,nan,0.17
5/12/2025 17:31:04,1.17.0,PRexp,10,3.82,nan,10,Right,Left,6891,527,534,10,nan,nan,0.15
5/12/2025 17:31:08,1.17.0,PRexp,10,3.83,nan,10,Left,Left,6892,527,534,10,nan,nan,0.12
5/12/2025 17:31:09,1.17.0,PRexp,10,3.82,nan,10,Right,Left,6892,528,534,10,nan,nan,0.00
5/12/2025 17:31:12,1.17.0,PRexp,10,3.83,nan,10,Left,Left,6893,528,534,10,nan,nan,0.33
5/12/2025 17:31:41,1.17.0,PRexp,10,3.82,nan,10,Left,Left,6894,528,534,10,nan,nan,0.12
5/12/2025 17:32:05,1.17.0,PRexp,10,3.83,3,10,Pellet,Left,6894,528,535,11,19.85,200,nan
5/12/2025 17:32:37,1.17.0,PRexp,10,3.83,nan,12,Left,Left,6895,528,535,11,nan,nan,0.03
5/12/2025 17:32:41,1.17.0,PRexp,10,3.83,nan,12,Left,Left,6896,528,535,11,nan,nan,0.19
5/12/2025 17:39:23,1.17.0,PRexp,10,3.83,nan,12,Left,Left,6897,528,535,11,nan,nan,0.70
5/12/2025 17:39:25,1.17.0,PRexp,10,3.83,nan,12,Left,Left,6898,528,535,11,nan,nan,0.03
5/12/2025 17:39:29,1.17.0,PRexp,10,3.82,nan,12,Left,Left,6899,528,535,11,nan,nan,0.02
5/12/2025 17:39:32,1.17.0,PRexp,10,3.82,nan,12,Left,Left,6900,528,535,11,nan,nan,0.20
5/12/2025 17:39:35,1.17.0,PRexp,10,3.82,nan,12,Left,Left,6901,528,535,11,nan,nan,0.34
5/12/2025 17:39:37,1.17.0,PRexp,10,3.83,nan,12,Left,Left,6902,528,535,11,nan,nan,0.22
5/12/2025 17:39:39,1.17.0,PRexp,10,3.82,nan,12,Left,Left,6903,528,535,11,nan,nan,0.31
5/12/2025 17:39:43,1.17.0,PRexp,10,3.82,nan,12,Left,Left,6904,528,535,11,nan,nan,0.13
5/12/2025 17:39:45,1.17.0,PRexp,10,3.82,nan,12,Left,Left,6905,528,535,11,nan,nan,0.21
5/12/2025 17:39:48,1.17.0,PRexp,10,3.83,nan,12,Left,Left,6906,528,535,11,nan,nan,0.10
5/12/2025 17:39:52,1.17.0,PRexp,10,3.83,2,12,Pellet,Left,6906,528,536,12,0.06,467,nan
5/12/2025 17:40:24,1.17.0,PRexp,10,3.82,nan,13,Left,Left,6907,528,536,12,nan,nan,0.12
5/12/2025 17:40:25,1.17.0,PRexp,10,3.82,nan,13,Left,Left,6908,528,536,12,nan,nan,0.25
5/12/2025 17:40:31,1.17.0,PRexp,10,3.83,nan,13,Left,Left,6909,528,536,12,nan,nan,0.13
5/12/2025 17:41:18,1.17.0,PRexp,10,3.83,nan,13,Left,Left,6910,528,536,12,nan,nan,0.25
5/12/2025 17:41:24,1.17.0,PRexp,10,3.83,nan,13,Left,Left,6911,528,536,12,nan,nan,0.91
5/12/2025 17:41:26,1.17.0,PRexp,10,3.82,nan,13,Left,Left,6912,528,536,12,nan,nan,0.34
5/12/2025 17:41:30,1.17.0,PRexp,10,3.82,nan,13,Left,Left,6913,528,536,12,nan,nan,0.23
5/12/2025 18:04:19,1.17.0,PRexp,10,3.82,nan,13,Left,Left,6914,528,536,12,nan,nan,0.03
5/12/2025 18:04:26,1.17.0,PRexp,10,3.82,nan,13,Left,Left,6915,528,536,12,nan,nan,0.20
5/12/2025 18:12:49,1.17.0,PRexp,10,3.83,nan,13,Left,Left,6916,528,536,12,nan,nan,0.03
5/12/2025 18:12:52,1.17.0,PRexp,10,3.83,nan,13,Left,Left,6917,528,536,12,nan,nan,0.23
5/12/2025 18:13:02,1.17.0,PRexp,10,3.82,nan,13,Left,Left,6918,528,536,12,nan,nan,0.40
5/12/2025 18:31:51,1.17.0,PRexp,10,3.82,nan,13,Left,Left,6919,528,536,12,nan,nan,0.13
5/12/2025 18:31:55,1.17.0,PRexp,10,3.82,1,13,Pellet,Left,6919,528,537,13,1.65,3123,nan
5/12/2025 18:32:26,1.17.0,PRexp,10,3.82,nan,15,Left,Left,6920,528,537,13,nan,nan,0.53
5/12/2025 18:32:30,1.17.0,PRexp,10,3.83,nan,15,Left,Left,6921,528,537,13,nan,nan,0.31
5/12/2025 18:32:33,1.17.0,PRexp,10,3.82,nan,15,Left,Left,6922,528,537,13,nan,nan,0.35
5/12/2025 18:32:38,1.17.0,PRexp,10,3.82,nan,15,Left,Left,6923,528,537,13,nan,nan,0.50
5/12/2025 18:32:41,1.17.0,PRexp,10,3.82,nan,15,Left,Left,6924,528,537,13,nan,nan,0.89
5/12/2025 18:32:46,1.17.0,PRexp,10,3.82,nan,15,Left,Left,6925,528,537,13,nan,nan,0.01
5/12/2025 18:32:50,1.17.0,PRexp,10,3.82,nan,15,Left,Left,6926,528,537,13,nan,nan,0.37
5/12/2025 18:32:52,1.17.0,PRexp,10,3.82,nan,15,Left,Left,6927,528,537,13,nan,nan,0.20
5/12/2025 18:32:57,1.17.0,PRexp,10,3.82,nan,15,Left,Left,6928,528,537,13,nan,nan,0.04
5/12/2025 18:33:01,1.17.0,PRexp,10,3.82,nan,15,Left,Left,6929,528,537,13,nan,nan,0.75
5/12/2025 18:33:02,1.17.0,PRexp,10,3.82,nan,15,Left,Left,6930,528,537,13,nan,nan,0.30
5/12/2025 18:33:06,1.17.0,PRexp,10,3.82,nan,15,Left,Left,6931,528,537,13,nan,nan,0.18
5/12/2025 18:33:10,1.17.0,PRexp,10,3.82,nan,15,Left,Left,6932,528,537,13,nan,nan,0.61
5/12/2025 18:33:17,1.17.0,PRexp,10,3.82,nan,15,Left,Left,6933,528,537,13,nan,nan,0.82
5/12/2025 18:33:19,1.17.0,PRexp,10,3.82,nan,15,Left,Left,6934,528,537,13,nan,nan,0.00
5/12/2025 18:33:23,1.17.0,PRexp,10,3.82,3,15,Pellet,Left,6934,528,538,14,0.06,88,nan
5/12/2025 18:34:02,1.17.0,PRexp,10,3.82,nan,17,Left,Left,6935,528,538,14,nan,nan,0.05
5/12/2025 18:34:06,1.17.0,PRexp,10,3.82,nan,17,Left,Left,6936,528,538,14,nan,nan,0.42
5/12/2025 18:34:11,1.17.0,PRexp,10,3.82,nan,17,Left,Left,6937,528,538,14,nan,nan,0.05
5/12/2025 18:34:14,1.17.0,PRexp,10,3.83,nan,17,Left,Left,6938,528,538,14,nan,nan,0.72
5/12/2025 18:34:17,1.17.0,PRexp,10,3.82,nan,17,Left,Left,6939,528,538,14,nan,nan,0.61
5/12/2025 18:34:20,1.17.0,PRexp,10,3.82,nan,17,Left,Left,6940,528,538,14,nan,nan,0.34
5/12/2025 18:34:22,1.17.0,PRexp,10,3.82,nan,17,Left,Left,6941,528,538,14,nan,nan,0.02
5/12/2025 18:34:25,1.17.0,PRexp,10,3.82,nan,17,Left,Left,6942,528,538,14,nan,nan,0.25
5/12/2025 18:34:28,1.17.0,PRexp,10,3.82,nan,17,Left,Left,6943,528,538,14,nan,nan,0.13
5/12/2025 18:34:30,1.17.0,PRexp,10,3.82,nan,17,Left,Left,6944,528,538,14,nan,nan,0.52
5/12/2025 18:34:34,1.17.0,PRexp,10,3.83,nan,17,Left,Left,6945,528,538,14,nan,nan,0.62
5/12/2025 18:34:36,1.17.0,PRexp,10,3.82,nan,17,Left,Left,6946,528,538,14,nan,nan,0.00
5/12/2025 18:34:39,1.17.0,PRexp,10,3.82,nan,17,Left,Left,6947,528,538,14,nan,nan,0.34
5/12/2025 18:34:43,1.17.0,PRexp,10,3.82,nan,17,Left,Left,6948,528,538,14,nan,nan,2.25
5/12/2025 18:34:48,1.17.0,PRexp,10,3.82,nan,17,Left,Left,6949,528,538,14,nan,nan,0.02
5/12/2025 18:34:53,1.17.0,PRexp,10,3.82,nan,17,Left,Left,6950,528,538,14,nan,nan,0.32
5/12/2025 18:34:55,1.17.0,PRexp,10,3.82,nan,17,Left,Left,6951,528,538,14,nan,nan,1.47
5/12/2025 18:34:58,1.17.0,PRexp,10,3.82,2,17,Pellet,Left,6951,528,539,15,0.12,95,nan
5/12/2025 18:35:25,1.17.0,PRexp,10,3.82,nan,20,Left,Left,6952,528,539,15,nan,nan,0.02
5/12/2025 18:35:37,1.17.0,PRexp,10,3.82,nan,20,Left,Left,6953,528,539,15,nan,nan,0.70
5/12/2025 18:35:53,1.17.0,PRexp,10,3.82,nan,20,Left,Left,6954,528,539,15,nan,nan,0.82
5/12/2025 18:35:54,1.17.0,PRexp,10,3.82,nan,20,Left,Left,6955,528,539,15,nan,nan,0.00
5/12/2025 18:36:00,1.17.0,PRexp,10,3.82,nan,20,Left,Left,6956,528,539,15,nan,nan,0.10
5/12/2025 18:36:03,1.17.0,PRexp,10,3.82,nan,20,Left,Left,6957,528,539,15,nan,nan,0.21
5/12/2025 18:36:29,1.17.0,PRexp,10,3.82,nan,20,Right,Left,6957,529,539,15,nan,nan,0.25
5/12/2025 18:36:37,1.17.0,PRexp,10,3.83,nan,20,Left,Left,6958,529,539,15,nan,nan,0.46
5/12/2025 18:36:43,1.17.0,PRexp,10,3.82,nan,20,Left,Left,6959,529,539,15,nan,nan,0.00
5/12/2025 18:45:01,1.17.0,PRexp,10,3.82,nan,20,Left,Left,6960,529,539,15,nan,nan,0.09
5/12/2025 18:45:09,1.17.0,PRexp,10,3.82,nan,20,Left,Left,6961,529,539,15,nan,nan,1.17
5/12/2025 18:45:13,1.17.0,PRexp,10,3.82,nan,20,Left,Left,6962,529,539,15,nan,nan,0.93
5/12/2025 18:45:16,1.17.0,PRexp,10,3.82,nan,20,Left,Left,6963,529,539,15,nan,nan,0.12
5/12/2025 18:45:19,1.17.0,PRexp,10,3.82,nan,20,Left,Left,6964,529,539,15,nan,nan,0.08
5/12/2025 18:45:23,1.17.0,PRexp,10,3.82,nan,20,Left,Left,6965,529,539,15,nan,nan,2.58
5/12/2025 18:45:26,1.17.0,PRexp,10,3.82,nan,20,Left,Left,6966,529,539,15,nan,nan,0.30
5/12/2025 18:45:30,1.17.0,PRexp,10,3.82,nan,20,Left,Left,6967,529,539,15,nan,nan,1.48
5/12/2025 18:45:36,1.17.0,PRexp,10,3.83,nan,20,Left,Left,6968,529,539,15,nan,nan,0.39
5/12/2025 18:45:39,1.17.0,PRexp,10,3.82,nan,20,Left,Left,6969,529,539,15,nan,nan,0.58
5/12/2025 18:45:44,1.17.0,PRexp,10,3.83,nan,20,Left,Left,6970,529,539,15,nan,nan,0.55
5/12/2025 18:45:47,1.17.0,PRexp,10,3.82,nan,20,Left,Left,6971,529,539,15,nan,nan,0.35
5/12/2025 18:45:49,1.17.0,PRexp,10,3.82,1,20,Pellet,Left,6971,529,540,16,0.06,651,nan
5/12/2025 18:46:07,1.17.0,PRexp,10,3.82,nan,22,Left,Left,6972,529,540,16,nan,nan,0.11
5/12/2025 18:46:12,1.17.0,PRexp,10,3.82,nan,22,Left,Left,6973,529,540,16,nan,nan,0.26
5/12/2025 18:46:50,1.17.0,PRexp,10,3.82,nan,22,Left,Left,6974,529,540,16,nan,nan,0.06
5/12/2025 19:01:48,1.17.0,PRexp,10,3.82,nan,22,Left,Left,6975,529,540,16,nan,nan,0.12
5/12/2025 19:01:52,1.17.0,PRexp,10,3.82,nan,22,Left,Left,6976,529,540,16,nan,nan,0.05
5/12/2025 19:01:58,1.17.0,PRexp,10,3.82,nan,22,Left,Left,6977,529,540,16,nan,nan,0.00
5/12/2025 19:17:00,1.17.0,PRexp,10,3.82,nan,22,Left,Left,6978,529,540,16,nan,nan,0.24
5/12/2025 19:17:08,1.17.0,PRexp,10,3.82,nan,22,Left,Left,6979,529,540,16,nan,nan,0.51
5/12/2025 19:17:12,1.17.0,PRexp,10,3.82,nan,22,Left,Left,6980,529,540,16,nan,nan,0.26
5/12/2025 19:17:14,1.17.0,PRexp,10,3.82,nan,22,Left,Left,6981,529,540,16,nan,nan,0.57
5/12/2025 19:17:17,1.17.0,PRexp,10,3.82,nan,22,Left,Left,6982,529,540,16,nan,nan,0.37
5/12/2025 19:17:22,1.17.0,PRexp,10,3.82,nan,22,Left,Left,6983,529,540,16,nan,nan,0.22
5/12/2025 19:17:57,1.17.0,PRexp,10,3.82,nan,22,Left,Left,6984,529,540,16,nan,nan,0.09
5/12/2025 19:17:58,1.17.0,PRexp,10,3.82,nan,22,Left,Left,6985,529,540,16,nan,nan,0.23
5/12/2025 19:18:05,1.17.0,PRexp,10,3.82,nan,22,Left,Left,6986,529,540,16,nan,nan,0.21
5/12/2025 19:18:10,1.17.0,PRexp,10,3.82,nan,22,Right,Left,6986,530,540,16,nan,nan,0.01
5/12/2025 19:18:11,1.17.0,PRexp,10,3.82,nan,22,Left,Left,6987,530,540,16,nan,nan,0.25
5/12/2025 19:18:14,1.17.0,PRexp,10,3.82,nan,22,Left,Left,6988,530,540,16,nan,nan,0.37
5/12/2025 19:18:15,1.17.0,PRexp,10,3.83,nan,22,Left,Left,6989,530,540,16,nan,nan,0.23
5/12/2025 19:18:19,1.17.0,PRexp,10,3.83,nan,22,Left,Left,6990,530,540,16,nan,nan,0.09
5/12/2025 19:18:24,1.17.0,PRexp,10,3.83,nan,22,Left,Left,6991,530,540,16,nan,nan,0.16
5/12/2025 19:18:26,1.17.0,PRexp,10,3.82,nan,22,Left,Left,6992,530,540,16,nan,nan,0.03
5/12/2025 19:18:34,1.17.0,PRexp,10,3.82,nan,22,Right,Left,6992,531,540,16,nan,nan,0.25
5/12/2025 19:19:17,1.17.0,PRexp,10,3.83,nan,22,Left,Left,6993,531,540,16,nan,nan,0.02
5/12/2025 19:19:22,1.17.0,PRexp,10,3.82,3,22,Pellet,Left,6993,531,541,17,0.06,2013,nan
5/12/2025 19:20:07,1.17.0,PRexp,10,3.82,nan,25,Left,Left,6994,531,541,17,nan,nan,0.16
5/12/2025 19:20:09,1.17.0,PRexp,10,3.82,nan,25,Left,Left,6995,531,541,17,nan,nan,0.31
5/12/2025 19:20:11,1.17.0,PRexp,10,3.82,nan,25,Left,Left,6996,531,541,17,nan,nan,0.40
5/12/2025 19:20:12,1.17.0,PRexp,10,3.82,nan,25,Left,Left,6997,531,541,17,nan,nan,0.34
5/12/2025 19:20:14,1.17.0,PRexp,10,3.82,nan,25,Left,Left,6998,531,541,17,nan,nan,0.34
5/12/2025 19:20:16,1.17.0,PRexp,10,3.82,nan,25,Left,Left,6999,531,541,17,nan,nan,0.39
5/12/2025 19:20:19,1.17.0,PRexp,10,3.82,nan,25,Left,Left,7000,531,541,17,nan,nan,0.68
5/12/2025 19:20:20,1.17.0,PRexp,10,3.82,nan,25,Left,Left,7001,531,541,17,nan,nan,0.00
5/12/2025 19:20:21,1.17.0,PRexp,10,3.82,nan,25,Left,Left,7002,531,541,17,nan,nan,0.24
5/12/2025 19:20:23,1.17.0,PRexp,10,3.82,nan,25,Left,Left,7003,531,541,17,nan,nan,0.22
5/12/2025 19:20:26,1.17.0,PRexp,10,3.82,nan,25,Left,Left,7004,531,541,17,nan,nan,0.49
5/12/2025 19:20:28,1.17.0,PRexp,10,3.82,nan,25,Left,Left,7005,531,541,17,nan,nan,0.24
5/12/2025 19:20:31,1.17.0,PRexp,10,3.82,nan,25,Left,Left,7006,531,541,17,nan,nan,0.76
5/12/2025 19:21:07,1.17.0,PRexp,10,3.82,nan,25,Left,Left,7007,531,541,17,nan,nan,0.15
5/12/2025 19:21:08,1.17.0,PRexp,10,3.82,nan,25,Left,Left,7008,531,541,17,nan,nan,0.00
5/12/2025 19:21:10,1.17.0,PRexp,10,3.82,nan,25,Left,Left,7009,531,541,17,nan,nan,0.42
5/12/2025 19:21:14,1.17.0,PRexp,10,3.82,nan,25,Left,Left,7010,531,541,17,nan,nan,0.34
5/12/2025 19:21:17,1.17.0,PRexp,10,3.82,nan,25,Left,Left,7011,531,541,17,nan,nan,0.23
5/12/2025 19:21:50,1.17.0,PRexp,10,3.82,nan,25,Left,Left,7012,531,541,17,nan,nan,0.15
5/12/2025 19:21:53,1.17.0,PRexp,10,3.82,nan,25,Left,Left,7013,531,541,17,nan,nan,0.12
5/12/2025 19:22:01,1.17.0,PRexp,10,3.82,nan,25,Left,Left,7014,531,541,17,nan,nan,0.13
5/12/2025 19:22:04,1.17.0,PRexp,10,3.82,nan,25,Left,Left,7015,531,541,17,nan,nan,0.07
5/12/2025 19:23:04,1.17.0,PRexp,10,3.82,nan,25,Left,Left,7016,531,541,17,nan,nan,0.06
5/12/2025 19:23:06,1.17.0,PRexp,10,3.82,nan,25,Left,Left,7017,531,541,17,nan,nan,0.12
5/12/2025 19:23:09,1.17.0,PRexp,10,3.82,nan,25,Left,Left,7018,531,541,17,nan,nan,0.05
5/12/2025 19:23:33,1.17.0,PRexp,10,3.82,6,25,Pellet,Left,7018,531,542,18,13.30,251,nan
5/12/2025 19:27:21,1.17.0,PRexp,10,3.82,nan,28,Left,Left,7019,531,542,18,nan,nan,0.16
5/12/2025 19:27:23,1.17.0,PRexp,10,3.82,nan,28,Left,Left,7020,531,542,18,nan,nan,0.29
5/12/2025 19:27:27,1.17.0,PRexp,10,3.82,nan,28,Left,Left,7021,531,542,18,nan,nan,0.04
5/12/2025 19:27:52,1.17.0,PRexp,10,3.82,nan,28,Left,Left,7022,531,542,18,nan,nan,0.22
5/12/2025 19:27:55,1.17.0,PRexp,10,3.82,nan,28,Left,Left,7023,531,542,18,nan,nan,0.40
5/12/2025 19:27:57,1.17.0,PRexp,10,3.82,nan,28,Left,Left,7024,531,542,18,nan,nan,0.14
5/12/2025 19:28:00,1.17.0,PRexp,10,3.82,nan,28,Left,Left,7025,531,542,18,nan,nan,0.13
5/12/2025 19:29:11,1.17.0,PRexp,10,3.82,nan,28,Left,Left,7026,531,542,18,nan,nan,0.04
5/12/2025 19:29:13,1.17.0,PRexp,10,3.82,nan,28,Left,Left,7027,531,542,18,nan,nan,0.19
5/12/2025 19:29:18,1.17.0,PRexp,10,3.82,nan,28,Left,Left,7028,531,542,18,nan,nan,0.01
5/12/2025 19:29:19,1.17.0,PRexp,10,3.82,nan,28,Left,Left,7029,531,542,18,nan,nan,0.00
5/12/2025 19:29:21,1.17.0,PRexp,10,3.82,nan,28,Left,Left,7030,531,542,18,nan,nan,0.00
5/12/2025 19:29:23,1.17.0,PRexp,10,3.82,nan,28,Left,Left,7031,531,542,18,nan,nan,0.12
5/12/2025 19:29:44,1.17.0,PRexp,10,3.82,nan,28,Left,Left,7032,531,542,18,nan,nan,0.45
5/12/2025 19:29:46,1.17.0,PRexp,10,3.82,nan,28,Left,Left,7033,531,542,18,nan,nan,0.28
5/12/2025 19:29:49,1.17.0,PRexp,10,3.82,nan,28,Left,Left,7034,531,542,18,nan,nan,0.15
5/12/2025 19:29:56,1.17.0,PRexp,10,3.82,nan,28,Left,Left,7035,531,542,18,nan,nan,0.07
5/12/2025 19:29:58,1.17.0,PRexp,10,3.82,nan,28,Left,Left,7036,531,542,18,nan,nan,0.11
5/12/2025 19:31:13,1.17.0,PRexp,10,3.82,nan,28,Left,Left,7037,531,542,18,nan,nan,0.03
5/12/2025 19:33:18,1.17.0,PRexp,10,3.82,nan,28,Left,Left,7038,531,542,18,nan,nan,0.24
5/12/2025 19:33:19,1.17.0,PRexp,10,3.82,nan,28,Left,Left,7039,531,542,18,nan,nan,0.12
5/12/2025 19:33:25,1.17.0,PRexp,10,3.82,nan,28,Left,Left,7040,531,542,18,nan,nan,0.16
5/12/2025 19:33:27,1.17.0,PRexp,10,3.82,nan,28,Left,Left,7041,531,542,18,nan,nan,0.29
5/12/2025 19:33:29,1.17.0,PRexp,10,3.82,nan,28,Left,Left,7042,531,542,18,nan,nan,0.27
5/12/2025 19:33:33,1.17.0,PRexp,10,3.82,nan,28,Left,Left,7043,531,542,18,nan,nan,0.08
5/12/2025 19:33:35,1.17.0,PRexp,10,3.82,nan,28,Left,Left,7044,531,542,18,nan,nan,0.33
5/12/2025 19:33:39,1.17.0,PRexp,10,3.82,nan,28,Left,Left,7045,531,542,18,nan,nan,0.50
5/12/2025 19:34:25,1.17.0,PRexp,10,3.82,nan,28,Right,Left,7045,532,542,18,nan,nan,0.24
5/12/2025 19:34:26,1.17.0,PRexp,10,3.82,nan,28,Left,Left,7046,532,542,18,nan,nan,0.10
5/12/2025 19:34:29,1.17.0,PRexp,10,3.82,2,28,Pellet,Left,7046,532,543,19,0.30,656,nan
5/12/2025 19:35:11,1.17.0,PRexp,10,3.82,nan,32,Left,Left,7047,532,543,19,nan,nan,0.21
5/12/2025 19:35:14,1.17.0,PRexp,10,3.82,nan,32,Left,Left,7048,532,543,19,nan,nan,0.08
5/12/2025 19:35:35,1.17.0,PRexp,10,3.82,nan,32,Left,Left,7049,532,543,19,nan,nan,0.19
5/12/2025 19:35:37,1.17.0,PRexp,10,3.82,nan,32,Left,Left,7050,532,543,19,nan,nan,0.06
5/12/2025 19:35:38,1.17.0,PRexp,10,3.82,nan,32,Left,Left,7051,532,543,19,nan,nan,0.26
5/12/2025 19:35:42,1.17.0,PRexp,10,3.82,nan,32,Left,Left,7052,532,543,19,nan,nan,0.56
5/12/2025 19:35:45,1.17.0,PRexp,10,3.82,nan,32,Left,Left,7053,532,543,19,nan,nan,0.04
5/12/2025 19:35:47,1.17.0,PRexp,10,3.82,nan,32,Left,Left,7054,532,543,19,nan,nan,0.20
5/12/2025 19:35:53,1.17.0,PRexp,10,3.82,nan,32,Left,Left,7055,532,543,19,nan,nan,0.18
5/12/2025 19:36:24,1.17.0,PRexp,10,3.82,nan,32,Right,Left,7055,533,543,19,nan,nan,0.00
5/12/2025 19:36:26,1.17.0,PRexp,10,3.82,nan,32,Left,Left,7056,533,543,19,nan,nan,0.06
5/12/2025 19:36:27,1.17.0,PRexp,10,3.82,nan,32,Right,Left,7056,534,543,19,nan,nan,0.00
5/12/2025 19:36:29,1.17.0,PRexp,10,3.82,nan,32,Left,Left,7057,534,543,19,nan,nan,0.31
5/12/2025 19:36:32,1.17.0,PRexp,10,3.82,nan,32,Left,Left,7058,534,543,19,nan,nan,0.40
5/12/2025 19:37:35,1.17.0,PRexp,10,3.82,nan,32,Left,Left,7059,534,543,19,nan,nan,0.28
5/12/2025 19:38:22,1.17.0,PRexp,10,3.82,nan,32,Left,Left,7060,534,543,19,nan,nan,0.40
5/12/2025 19:38:25,1.17.0,PRexp,10,3.82,nan,32,Left,Left,7061,534,543,19,nan,nan,0.07
5/12/2025 19:38:28,1.17.0,PRexp,10,3.82,nan,32,Left,Left,7062,534,543,19,nan,nan,0.15
5/12/2025 19:39:14,1.17.0,PRexp,10,3.82,nan,32,Left,Left,7063,534,543,19,nan,nan,0.16
5/12/2025 19:39:16,1.17.0,PRexp,10,3.82,nan,32,Left,Left,7064,534,543,19,nan,nan,0.21
5/12/2025 19:40:06,1.17.0,PRexp,10,3.82,nan,32,Right,Left,7064,535,543,19,nan,nan,0.08
5/12/2025 19:40:10,1.17.0,PRexp,10,3.82,nan,32,Left,Left,7065,535,543,19,nan,nan,0.42
5/12/2025 19:40:12,1.17.0,PRexp,10,3.82,nan,32,Left,Left,7066,535,543,19,nan,nan,0.32
5/12/2025 19:40:15,1.17.0,PRexp,10,3.82,nan,32,Left,Left,7067,535,543,19,nan,nan,0.06
5/12/2025 19:40:18,1.17.0,PRexp,10,3.82,nan,32,Left,Left,7068,535,543,19,nan,nan,0.07
5/12/2025 19:40:48,1.17.0,PRexp,10,3.82,nan,32,Left,Left,7069,535,543,19,nan,nan,0.11
5/12/2025 19:40:49,1.17.0,PRexp,10,3.82,nan,32,Left,Left,7070,535,543,19,nan,nan,0.18
5/12/2025 19:40:52,1.17.0,PRexp,10,3.82,nan,32,Left,Left,7071,535,543,19,nan,nan,0.42
5/12/2025 19:40:55,1.17.0,PRexp,10,3.82,nan,32,Left,Left,7072,535,543,19,nan,nan,0.03
5/12/2025 19:40:56,1.17.0,PRexp,10,3.82,nan,32,Left,Left,7073,535,543,19,nan,nan,0.00
5/12/2025 19:41:00,1.17.0,PRexp,10,3.82,nan,32,Left,Left,7074,535,543,19,nan,nan,0.35
5/12/2025 19:41:02,1.17.0,PRexp,10,3.83,nan,32,Left,Left,7075,535,543,19,nan,nan,0.69
5/12/2025 19:41:15,1.17.0,PRexp,10,3.82,nan,32,Left,Left,7076,535,543,19,nan,nan,0.15
5/12/2025 19:41:35,1.17.0,PRexp,10,3.83,nan,32,Right,Left,7076,536,543,19,nan,nan,0.64
5/12/2025 19:41:37,1.17.0,PRexp,10,3.82,nan,32,Right,Left,7076,537,543,19,nan,nan,0.82
5/12/2025 19:41:41,1.17.0,PRexp,10,3.82,nan,32,Right,Left,7076,538,543,19,nan,nan,1.07
5/12/2025 19:41:45,1.17.0,PRexp,10,3.82,nan,32,Left,Left,7077,538,543,19,nan,nan,0.15
5/12/2025 19:41:55,1.17.0,PRexp,10,3.82,nan,32,Left,Left,7078,538,543,19,nan,nan,0.07
5/12/2025 19:41:59,1.17.0,PRexp,10,3.82,2,32,Pellet,Left,7078,538,544,20,0.06,450,nan
5/12/2025 19:45:03,1.17.0,PRexp,10,3.82,nan,36,Left,Left,7079,538,544,20,nan,nan,0.52
5/12/2025 19:45:04,1.17.0,PRexp,10,3.82,nan,36,Left,Left,7080,538,544,20,nan,nan,0.28
5/12/2025 19:45:07,1.17.0,PRexp,10,3.82,nan,36,Left,Left,7081,538,544,20,nan,nan,0.25
5/12/2025 19:45:38,1.17.0,PRexp,10,3.82,nan,36,Right,Left,7081,539,544,20,nan,nan,0.03
5/12/2025 19:45:40,1.17.0,PRexp,10,3.82,nan,36,Left,Left,7082,539,544,20,nan,nan,0.07
5/12/2025 19:45:42,1.17.0,PRexp,10,3.82,nan,36,Left,Left,7083,539,544,20,nan,nan,0.21
5/12/2025 19:45:46,1.17.0,PRexp,10,3.82,nan,36,Left,Left,7084,539,544,20,nan,nan,0.42
5/12/2025 19:46:09,1.17.0,PRexp,10,3.82,nan,36,Left,Left,7085,539,544,20,nan,nan,0.14
5/12/2025 19:46:11,1.17.0,PRexp,10,3.82,nan,36,Left,Left,7086,539,544,20,nan,nan,0.22
5/12/2025 19:46:13,1.17.0,PRexp,10,3.82,nan,36,Left,Left,7087,539,544,20,nan,nan,0.21
5/12/2025 19:46:17,1.17.0,PRexp,10,3.82,nan,36,Left,Left,7088,539,544,20,nan,nan,0.05
5/12/2025 19:47:06,1.17.0,PRexp,10,3.82,nan,36,Left,Left,7089,539,544,20,nan,nan,0.24
5/12/2025 19:47:08,1.17.0,PRexp,10,3.82,nan,36,Left,Left,7090,539,544,20,nan,nan,0.12
5/12/2025 19:47:10,1.17.0,PRexp,10,3.82,nan,36,Left,Left,7091,539,544,20,nan,nan,0.21
5/12/2025 19:47:14,1.17.0,PRexp,10,3.82,nan,36,Left,Left,7092,539,544,20,nan,nan,0.17
5/12/2025 19:47:51,1.17.0,PRexp,10,3.82,nan,36,Left,Left,7093,539,544,20,nan,nan,0.12
5/12/2025 19:48:19,1.17.0,PRexp,10,3.82,nan,36,Right,Left,7093,540,544,20,nan,nan,0.04
5/12/2025 19:48:22,1.17.0,PRexp,10,3.82,nan,36,Left,Left,7094,540,544,20,nan,nan,0.10
5/12/2025 19:49:18,1.17.0,PRexp,10,3.82,nan,36,Left,Left,7095,540,544,20,nan,nan,0.10
5/12/2025 19:49:21,1.17.0,PRexp,10,3.82,nan,36,Left,Left,7096,540,544,20,nan,nan,0.06
5/12/2025 19:50:19,1.17.0,PRexp,10,3.82,nan,36,Left,Left,7097,540,544,20,nan,nan,0.80
5/12/2025 19:50:21,1.17.0,PRexp,10,3.82,nan,36,Left,Left,7098,540,544,20,nan,nan,0.12
5/12/2025 19:51:09,1.17.0,PRexp,10,3.82,nan,36,Left,Left,7099,540,544,20,nan,nan,0.60
5/12/2025 19:51:12,1.17.0,PRexp,10,3.82,nan,36,Left,Left,7100,540,544,20,nan,nan,0.42
5/12/2025 19:51:15,1.17.0,PRexp,10,3.82,nan,36,Left,Left,7101,540,544,20,nan,nan,0.40
5/12/2025 19:51:17,1.17.0,PRexp,10,3.82,nan,36,Left,Left,7102,540,544,20,nan,nan,0.29
5/12/2025 19:51:19,1.17.0,PRexp,10,3.82,nan,36,Left,Left,7103,540,544,20,nan,nan,0.39
5/12/2025 19:51:23,1.17.0,PRexp,10,3.82,nan,36,Left,Left,7104,540,544,20,nan,nan,0.29
5/12/2025 19:51:26,1.17.0,PRexp,10,3.82,nan,36,Left,Left,7105,540,544,20,nan,nan,0.21
5/12/2025 19:51:29,1.17.0,PRexp,10,3.82,nan,36,Left,Left,7106,540,544,20,nan,nan,0.52
5/12/2025 19:52:04,1.17.0,PRexp,10,3.82,nan,36,Left,Left,7107,540,544,20,nan,nan,0.30
5/12/2025 19:52:13,1.17.0,PRexp,10,3.82,nan,36,Left,Left,7108,540,544,20,nan,nan,0.21
5/12/2025 19:53:16,1.17.0,PRexp,10,3.82,nan,36,Left,Left,7109,540,544,20,nan,nan,0.10
5/12/2025 19:53:20,1.17.0,PRexp,10,3.82,nan,36,Left,Left,7110,540,544,20,nan,nan,0.10
5/12/2025 19:53:24,1.17.0,PRexp,10,3.82,nan,36,Left,Left,7111,540,544,20,nan,nan,0.24
5/12/2025 19:53:28,1.17.0,PRexp,10,3.82,nan,36,Left,Left,7112,540,544,20,nan,nan,0.30
5/12/2025 19:58:37,1.17.0,PRexp,10,3.82,nan,36,Left,Left,7113,540,544,20,nan,nan,0.09
5/12/2025 19:58:58,1.17.0,PRexp,10,3.82,nan,36,Left,Left,7114,540,544,20,nan,nan,0.05
5/12/2025 19:59:03,1.17.0,PRexp,10,3.82,3,36,Pellet,Left,7114,540,545,21,0.06,1024,nan
5/12/2025 19:59:32,1.17.0,PRexp,10,3.80,nan,40,Left,Left,7115,540,545,21,nan,nan,0.23
5/12/2025 20:00:22,1.17.0,PRexp,10,3.82,nan,40,Left,Left,7116,540,545,21,nan,nan,0.07
5/12/2025 20:00:26,1.17.0,PRexp,10,3.82,nan,40,Left,Left,7117,540,545,21,nan,nan,0.05
5/12/2025 20:01:25,1.17.0,PRexp,10,3.82,nan,40,Left,Left,7118,540,545,21,nan,nan,0.15
5/12/2025 20:01:27,1.17.0,PRexp,10,3.82,nan,40,Left,Left,7119,540,545,21,nan,nan,0.30
5/12/2025 20:02:11,1.17.0,PRexp,10,3.82,nan,40,Left,Left,7120,540,545,21,nan,nan,0.04
5/12/2025 20:02:13,1.17.0,PRexp,10,3.82,nan,40,Left,Left,7121,540,545,21,nan,nan,0.19
5/12/2025 20:02:19,1.17.0,PRexp,10,3.82,nan,40,Left,Left,7122,540,545,21,nan,nan,0.17
5/12/2025 20:02:26,1.17.0,PRexp,10,3.82,nan,40,Left,Left,7123,540,545,21,nan,nan,0.00
5/12/2025 20:03:04,1.17.0,PRexp,10,3.82,nan,40,Right,Left,7123,541,545,21,nan,nan,0.23
5/12/2025 20:03:05,1.17.0,PRexp,10,3.82,nan,40,Left,Left,7124,541,545,21,nan,nan,0.07
5/12/2025 20:03:09,1.17.0,PRexp,10,3.82,nan,40,Left,Left,7125,541,545,21,nan,nan,0.10
5/12/2025 20:05:05,1.17.0,PRexp,10,3.82,nan,40,Left,Left,7126,541,545,21,nan,nan,0.02
5/12/2025 20:05:07,1.17.0,PRexp,10,3.82,nan,40,Left,Left,7127,541,545,21,nan,nan,0.11
5/12/2025 20:05:09,1.17.0,PRexp,10,3.82,nan,40,Left,Left,7128,541,545,21,nan,nan,0.14
5/12/2025 20:05:39,1.17.0,PRexp,10,3.82,nan,40,Left,Left,7129,541,545,21,nan,nan,0.09
5/12/2025 20:05:42,1.17.0,PRexp,10,3.82,nan,40,Left,Left,7130,541,545,21,nan,nan,0.06
5/12/2025 20:05:46,1.17.0,PRexp,10,3.82,nan,40,Left,Left,7131,541,545,21,nan,nan,0.50
5/12/2025 20:05:48,1.17.0,PRexp,10,3.82,nan,40,Left,Left,7132,541,545,21,nan,nan,0.17
5/12/2025 20:05:51,1.17.0,PRexp,10,3.82,nan,40,Left,Left,7133,541,545,21,nan,nan,0.48
5/12/2025 20:05:53,1.17.0,PRexp,10,3.82,nan,40,Left,Left,7134,541,545,21,nan,nan,0.46
5/12/2025 20:05:55,1.17.0,PRexp,10,3.82,nan,40,Left,Left,7135,541,545,21,nan,nan,0.27
5/12/2025 20:05:57,1.17.0,PRexp,10,3.82,nan,40,Left,Left,7136,541,545,21,nan,nan,0.32
5/12/2025 20:06:44,1.17.0,PRexp,10,3.82,nan,40,Right,Left,7136,542,545,21,nan,nan,0.34
5/12/2025 20:06:45,1.17.0,PRexp,10,3.82,nan,40,Left,Left,7137,542,545,21,nan,nan,0.04
5/12/2025 20:06:48,1.17.0,PRexp,10,3.82,nan,40,Left,Left,7138,542,545,21,nan,nan,0.24
5/12/2025 20:06:52,1.17.0,PRexp,10,3.82,nan,40,Left,Left,7139,542,545,21,nan,nan,0.13
5/12/2025 20:07:42,1.17.0,PRexp,10,3.82,nan,40,Left,Left,7140,542,545,21,nan,nan,0.14
5/12/2025 20:08:29,1.17.0,PRexp,10,3.82,nan,40,Right,Left,7140,543,545,21,nan,nan,0.06
5/12/2025 20:08:33,1.17.0,PRexp,10,3.82,nan,40,Left,Left,7141,543,545,21,nan,nan,0.16
5/12/2025 20:08:33,1.17.0,PRexp,10,3.82,nan,40,Right,Left,7141,544,545,21,nan,nan,0.00
5/12/2025 20:08:35,1.17.0,PRexp,10,3.82,nan,40,Left,Left,7142,544,545,21,nan,nan,0.41
5/12/2025 20:08:39,1.17.0,PRexp,10,3.82,nan,40,Left,Left,7143,544,545,21,nan,nan,0.51
5/12/2025 20:08:41,1.17.0,PRexp,10,3.82,nan,40,Left,Left,7144,544,545,21,nan,nan,0.45
5/12/2025 20:09:47,1.17.0,PRexp,10,3.82,nan,40,Left,Left,7145,544,545,21,nan,nan,0.41
5/12/2025 20:09:50,1.17.0,PRexp,10,3.82,nan,40,Left,Left,7146,544,545,21,nan,nan,0.22
5/12/2025 20:09:57,1.17.0,PRexp,10,3.82,nan,40,Right,Left,7146,545,545,21,nan,nan,0.00
5/12/2025 20:10:22,1.17.0,PRexp,10,3.82,nan,40,Left,Left,7147,545,545,21,nan,nan,0.02
5/12/2025 20:10:26,1.17.0,PRexp,10,3.82,nan,40,Left,Left,7148,545,545,21,nan,nan,0.33
5/12/2025 20:10:29,1.17.0,PRexp,10,3.82,nan,40,Left,Left,7149,545,545,21,nan,nan,0.16
5/12/2025 20:10:32,1.17.0,PRexp,10,3.82,nan,40,Left,Left,7150,545,545,21,nan,nan,0.49
5/12/2025 20:10:35,1.17.0,PRexp,10,3.82,nan,40,Left,Left,7151,545,545,21,nan,nan,0.13
5/12/2025 20:10:49,1.17.0,PRexp,10,3.82,nan,40,Left,Left,7152,545,545,21,nan,nan,0.37
5/12/2025 20:10:50,1.17.0,PRexp,10,3.82,nan,40,Left,Left,7153,545,545,21,nan,nan,0.17
5/12/2025 20:11:18,1.17.0,PRexp,10,3.82,nan,40,Right,Left,7153,546,545,21,nan,nan,0.14
5/12/2025 20:11:20,1.17.0,PRexp,10,3.80,nan,40,Right,Left,7153,547,545,21,nan,nan,0.19
5/12/2025 20:11:22,1.17.0,PRexp,10,3.82,nan,40,Left,Left,7154,547,545,21,nan,nan,0.13
5/12/2025 20:11:26,1.17.0,PRexp,10,3.82,2,40,Pellet,Left,7154,547,546,22,0.06,742,nan
5/12/2025 20:11:49,1.17.0,PRexp,10,3.82,nan,45,Left,Left,7155,547,546,22,nan,nan,0.28
5/12/2025 20:11:52,1.17.0,PRexp,10,3.82,nan,45,Left,Left,7156,547,546,22,nan,nan,0.28
5/12/2025 20:11:56,1.17.0,PRexp,10,3.82,nan,45,Left,Left,7157,547,546,22,nan,nan,0.11
5/12/2025 20:11:57,1.17.0,PRexp,10,3.82,nan,45,Left,Left,7158,547,546,22,nan,nan,0.00
5/12/2025 20:12:03,1.17.0,PRexp,10,3.82,nan,45,Left,Left,7159,547,546,22,nan,nan,0.25
5/12/2025 20:12:05,1.17.0,PRexp,10,3.82,nan,45,Left,Left,7160,547,546,22,nan,nan,0.17
5/12/2025 20:13:37,1.17.0,PRexp,10,3.82,nan,45,Left,Left,7161,547,546,22,nan,nan,0.07
5/12/2025 20:13:39,1.17.0,PRexp,10,3.82,nan,45,Left,Left,7162,547,546,22,nan,nan,0.12
5/12/2025 20:14:05,1.17.0,PRexp,10,3.82,nan,45,Left,Left,7163,547,546,22,nan,nan,0.18
5/12/2025 20:16:18,1.17.0,PRexp,10,3.82,nan,45,Left,Left,7164,547,546,22,nan,nan,0.11
5/12/2025 20:16:41,1.17.0,PRexp,10,3.82,nan,45,Left,Left,7165,547,546,22,nan,nan,0.08
5/12/2025 20:16:44,1.17.0,PRexp,10,3.82,nan,45,Left,Left,7166,547,546,22,nan,nan,0.12
5/12/2025 20:17:53,1.17.0,PRexp,10,3.82,nan,45,Left,Left,7167,547,546,22,nan,nan,0.23
5/12/2025 20:17:54,1.17.0,PRexp,10,3.82,nan,45,Left,Left,7168,547,546,22,nan,nan,0.17
5/12/2025 20:17:57,1.17.0,PRexp,10,3.82,nan,45,Left,Left,7169,547,546,22,nan,nan,0.10
5/12/2025 20:18:25,1.17.0,PRexp,10,3.82,nan,45,Left,Left,7170,547,546,22,nan,nan,0.09
5/12/2025 20:19:26,1.17.0,PRexp,10,3.82,nan,45,Left,Left,7171,547,546,22,nan,nan,0.13
5/12/2025 20:19:27,1.17.0,PRexp,10,3.82,nan,45,Left,Left,7172,547,546,22,nan,nan,0.16
5/12/2025 20:19:28,1.17.0,PRexp,10,3.82,nan,45,Left,Left,7173,547,546,22,nan,nan,0.18
5/12/2025 20:19:31,1.17.0,PRexp,10,3.82,nan,45,Left,Left,7174,547,546,22,nan,nan,0.14
5/12/2025 20:19:54,1.17.0,PRexp,10,3.82,nan,45,Left,Left,7175,547,546,22,nan,nan,0.14
5/12/2025 20:20:00,1.17.0,PRexp,10,3.82,nan,45,Left,Left,7176,547,546,22,nan,nan,0.22
5/12/2025 20:20:02,1.17.0,PRexp,10,3.82,nan,45,Left,Left,7177,547,546,22,nan,nan,0.24
5/12/2025 20:20:05,1.17.0,PRexp,10,3.82,nan,45,Left,Left,7178,547,546,22,nan,nan,0.22
5/12/2025 20:20:07,1.17.0,PRexp,10,3.82,nan,45,Left,Left,7179,547,546,22,nan,nan,0.16
5/12/2025 20:20:11,1.17.0,PRexp,10,3.82,nan,45,Left,Left,7180,547,546,22,nan,nan,0.07
5/12/2025 20:20:13,1.17.0,PRexp,10,3.82,nan,45,Left,Left,7181,547,546,22,nan,nan,0.18
5/12/2025 20:20:26,1.17.0,PRexp,10,3.82,nan,45,Left,Left,7182,547,546,22,nan,nan,0.13
5/12/2025 20:20:28,1.17.0,PRexp,10,3.82,nan,45,Left,Left,7183,547,546,22,nan,nan,0.09
5/12/2025 20:21:21,1.17.0,PRexp,10,3.82,nan,45,Left,Left,7184,547,546,22,nan,nan,0.52
5/12/2025 20:21:23,1.17.0,PRexp,10,3.82,nan,45,Left,Left,7185,547,546,22,nan,nan,0.03
5/12/2025 20:21:27,1.17.0,PRexp,10,3.82,nan,45,Left,Left,7186,547,546,22,nan,nan,0.31
5/12/2025 20:21:31,1.17.0,PRexp,10,3.82,nan,45,Left,Left,7187,547,546,22,nan,nan,0.47
5/12/2025 20:21:35,1.17.0,PRexp,10,3.82,nan,45,Left,Left,7188,547,546,22,nan,nan,0.22
5/12/2025 20:21:37,1.17.0,PRexp,10,3.82,nan,45,Left,Left,7189,547,546,22,nan,nan,0.21
5/12/2025 20:21:38,1.17.0,PRexp,10,3.82,nan,45,Left,Left,7190,547,546,22,nan,nan,0.00
5/12/2025 20:22:21,1.17.0,PRexp,10,3.82,nan,45,Left,Left,7191,547,546,22,nan,nan,0.00
5/12/2025 20:22:23,1.17.0,PRexp,10,3.82,nan,45,Left,Left,7192,547,546,22,nan,nan,0.22
5/12/2025 20:22:26,1.17.0,PRexp,10,3.82,nan,45,Left,Left,7193,547,546,22,nan,nan,0.49
5/12/2025 20:22:52,1.17.0,PRexp,10,3.82,nan,45,Left,Left,7194,547,546,22,nan,nan,0.10
5/12/2025 20:25:05,1.17.0,PRexp,10,3.82,nan,45,Left,Left,7195,547,546,22,nan,nan,0.12
5/12/2025 20:25:55,1.17.0,PRexp,10,3.82,nan,45,Left,Left,7196,547,546,22,nan,nan,0.13
5/12/2025 20:25:58,1.17.0,PRexp,10,3.82,nan,45,Left,Left,7197,547,546,22,nan,nan,0.14
5/12/2025 20:26:01,1.17.0,PRexp,10,3.82,nan,45,Left,Left,7198,547,546,22,nan,nan,0.12
5/12/2025 20:26:08,1.17.0,PRexp,10,3.82,nan,45,Left,Left,7199,547,546,22,nan,nan,0.13
5/12/2025 20:26:11,1.17.0,PRexp,10,3.82,2,45,Pellet,Left,7199,547,547,23,0.06,886,nan
5/12/2025 20:26:59,1.17.0,PRexp,10,3.82,nan,50,Left,Left,7200,547,547,23,nan,nan,0.01
5/12/2025 20:27:03,1.17.0,PRexp,10,3.82,nan,50,Left,Left,7201,547,547,23,nan,nan,0.13
5/12/2025 20:27:07,1.17.0,PRexp,10,3.82,nan,50,Left,Left,7202,547,547,23,nan,nan,0.03
5/12/2025 20:27:09,1.17.0,PRexp,10,3.82,nan,50,Left,Left,7203,547,547,23,nan,nan,0.14
5/12/2025 20:28:10,1.17.0,PRexp,10,3.82,nan,50,Left,Left,7204,547,547,23,nan,nan,0.18
5/12/2025 20:28:26,1.17.0,PRexp,10,3.82,nan,50,Left,Left,7205,547,547,23,nan,nan,0.10
5/12/2025 20:28:30,1.17.0,PRexp,10,3.82,nan,50,Left,Left,7206,547,547,23,nan,nan,0.11
5/12/2025 20:28:35,1.17.0,PRexp,10,3.82,nan,50,Left,Left,7207,547,547,23,nan,nan,0.04
5/12/2025 20:28:37,1.17.0,PRexp,10,3.82,nan,50,Left,Left,7208,547,547,23,nan,nan,0.07
5/12/2025 20:28:39,1.17.0,PRexp,10,3.82,nan,50,Left,Left,7209,547,547,23,nan,nan,0.17
5/12/2025 20:29:21,1.17.0,PRexp,10,3.82,nan,50,Left,Left,7210,547,547,23,nan,nan,0.04
5/12/2025 20:29:23,1.17.0,PRexp,10,3.82,nan,50,Left,Left,7211,547,547,23,nan,nan,0.14
5/12/2025 20:29:25,1.17.0,PRexp,10,3.82,nan,50,Left,Left,7212,547,547,23,nan,nan,0.05
5/12/2025 20:29:48,1.17.0,PRexp,10,3.82,nan,50,Right,Left,7212,548,547,23,nan,nan,0.03
5/12/2025 20:30:32,1.17.0,PRexp,10,3.82,nan,50,Left,Left,7213,548,547,23,nan,nan,0.02
5/12/2025 20:30:34,1.17.0,PRexp,10,3.82,nan,50,Left,Left,7214,548,547,23,nan,nan,0.07
5/12/2025 20:30:41,1.17.0,PRexp,10,3.82,nan,50,Left,Left,7215,548,547,23,nan,nan,0.08
5/12/2025 20:31:17,1.17.0,PRexp,10,3.82,nan,50,Left,Left,7216,548,547,23,nan,nan,0.09
5/12/2025 20:31:18,1.17.0,PRexp,10,3.82,nan,50,Left,Left,7217,548,547,23,nan,nan,0.13
5/12/2025 20:31:20,1.17.0,PRexp,10,3.82,nan,50,Left,Left,7218,548,547,23,nan,nan,0.16
5/12/2025 20:31:23,1.17.0,PRexp,10,3.82,nan,50,Left,Left,7219,548,547,23,nan,nan,0.20
5/12/2025 20:31:24,1.17.0,PRexp,10,3.82,nan,50,Left,Left,7220,548,547,23,nan,nan,0.20
5/12/2025 20:32:22,1.17.0,PRexp,10,3.82,nan,50,Right,Left,7220,549,547,23,nan,nan,0.20
5/12/2025 20:32:25,1.17.0,PRexp,10,3.82,nan,50,Left,Left,7221,549,547,23,nan,nan,0.08
5/12/2025 20:32:29,1.17.0,PRexp,10,3.82,nan,50,Left,Left,7222,549,547,23,nan,nan,0.42
5/12/2025 20:32:49,1.17.0,PRexp,10,3.82,nan,50,Left,Left,7223,549,547,23,nan,nan,0.14
5/12/2025 20:32:51,1.17.0,PRexp,10,3.82,nan,50,Left,Left,7224,549,547,23,nan,nan,0.23
5/12/2025 20:32:54,1.17.0,PRexp,10,3.82,nan,50,Left,Left,7225,549,547,23,nan,nan,0.21
5/12/2025 20:33:16,1.17.0,PRexp,10,3.82,nan,50,Left,Left,7226,549,547,23,nan,nan,0.03
5/12/2025 20:34:56,1.17.0,PRexp,10,3.82,nan,50,Left,Left,7227,549,547,23,nan,nan,0.15
5/12/2025 20:34:57,1.17.0,PRexp,10,3.82,nan,50,Left,Left,7228,549,547,23,nan,nan,0.14
5/12/2025 20:34:59,1.17.0,PRexp,10,3.82,nan,50,Left,Left,7229,549,547,23,nan,nan,0.06
5/12/2025 20:35:18,1.17.0,PRexp,10,3.80,nan,50,Right,Left,7229,550,547,23,nan,nan,0.12
5/12/2025 20:35:23,1.17.0,PRexp,10,3.82,nan,50,Left,Left,7230,550,547,23,nan,nan,0.19
5/12/2025 20:35:28,1.17.0,PRexp,10,3.82,nan,50,Left,Left,7231,550,547,23,nan,nan,0.04
5/12/2025 20:35:52,1.17.0,PRexp,10,3.82,nan,50,Right,Left,7231,551,547,23,nan,nan,0.24
5/12/2025 20:35:54,1.17.0,PRexp,10,3.82,nan,50,Left,Left,7232,551,547,23,nan,nan,0.04
5/12/2025 20:35:55,1.17.0,PRexp,10,3.82,nan,50,Right,Left,7232,552,547,23,nan,nan,0.00
5/12/2025 20:35:57,1.17.0,PRexp,10,3.82,nan,50,Left,Left,7233,552,547,23,nan,nan,0.10
5/12/2025 20:36:01,1.17.0,PRexp,10,3.82,nan,50,Left,Left,7234,552,547,23,nan,nan,0.09
5/12/2025 20:36:02,1.17.0,PRexp,10,3.80,nan,50,Left,Left,7235,552,547,23,nan,nan,0.00
5/12/2025 20:36:06,1.17.0,PRexp,10,3.82,nan,50,Left,Left,7236,552,547,23,nan,nan,0.11
5/12/2025 20:36:17,1.17.0,PRexp,10,3.82,nan,50,Left,Left,7237,552,547,23,nan,nan,0.05
5/12/2025 20:36:46,1.17.0,PRexp,10,3.82,nan,50,Left,Left,7238,552,547,23,nan,nan,0.09
5/12/2025 20:36:51,1.17.0,PRexp,10,3.82,nan,50,Left,Left,7239,552,547,23,nan,nan,0.18
5/12/2025 20:36:55,1.17.0,PRexp,10,3.82,nan,50,Left,Left,7240,552,547,23,nan,nan,0.15
5/12/2025 20:37:34,1.17.0,PRexp,10,3.82,nan,50,Left,Left,7241,552,547,23,nan,nan,0.09
5/12/2025 20:37:59,1.17.0,PRexp,10,3.82,nan,50,Left,Left,7242,552,547,23,nan,nan,0.00
5/12/2025 20:38:00,1.17.0,PRexp,10,3.82,nan,50,Left,Left,7243,552,547,23,nan,nan,0.14
5/12/2025 20:38:03,1.17.0,PRexp,10,3.82,nan,50,Left,Left,7244,552,547,23,nan,nan,0.07
5/12/2025 20:38:30,1.17.0,PRexp,10,3.82,nan,50,Left,Left,7245,552,547,23,nan,nan,0.05
5/12/2025 20:38:32,1.17.0,PRexp,10,3.82,nan,50,Left,Left,7246,552,547,23,nan,nan,0.08
5/12/2025 20:38:34,1.17.0,PRexp,10,3.82,nan,50,Left,Left,7247,552,547,23,nan,nan,0.17
5/12/2025 20:38:36,1.17.0,PRexp,10,3.82,nan,50,Left,Left,7248,552,547,23,nan,nan,0.42
5/12/2025 20:38:40,1.17.0,PRexp,10,3.82,nan,50,Left,Left,7249,552,547,23,nan,nan,0.39
5/12/2025 20:38:45,1.17.0,PRexp,10,3.82,3,50,Pellet,Left,7249,552,548,24,0.06,754,nan
5/12/2025 20:43:58,1.17.0,PRexp,10,3.82,nan,56,Left,Left,7250,552,548,24,nan,nan,0.29
5/12/2025 20:44:00,1.17.0,PRexp,10,3.82,nan,56,Left,Left,7251,552,548,24,nan,nan,0.22
5/12/2025 20:44:41,1.17.0,PRexp,10,3.82,nan,56,Left,Left,7252,552,548,24,nan,nan,0.13
5/12/2025 20:44:43,1.17.0,PRexp,10,3.82,nan,56,Left,Left,7253,552,548,24,nan,nan,0.10
5/12/2025 20:44:47,1.17.0,PRexp,10,3.82,nan,56,Left,Left,7254,552,548,24,nan,nan,0.18
5/12/2025 20:44:50,1.17.0,PRexp,10,3.82,nan,56,Left,Left,7255,552,548,24,nan,nan,0.18
5/12/2025 20:45:13,1.17.0,PRexp,10,3.82,nan,56,Left,Left,7256,552,548,24,nan,nan,0.16
5/12/2025 20:45:35,1.17.0,PRexp,10,3.82,nan,56,Right,Left,7256,553,548,24,nan,nan,0.13
5/12/2025 20:45:36,1.17.0,PRexp,10,3.82,nan,56,Left,Left,7257,553,548,24,nan,nan,0.03
5/12/2025 20:45:39,1.17.0,PRexp,10,3.82,nan,56,Left,Left,7258,553,548,24,nan,nan,0.14
5/12/2025 20:46:49,1.17.0,PRexp,10,3.82,nan,56,Left,Left,7259,553,548,24,nan,nan,0.10
5/12/2025 20:46:50,1.17.0,PRexp,10,3.82,nan,56,Left,Left,7260,553,548,24,nan,nan,0.06
5/12/2025 20:47:16,1.17.0,PRexp,10,3.82,nan,56,Left,Left,7261,553,548,24,nan,nan,0.08
5/12/2025 20:47:19,1.17.0,PRexp,10,3.82,nan,56,Left,Left,7262,553,548,24,nan,nan,0.06
5/12/2025 20:47:20,1.17.0,PRexp,10,3.82,nan,56,Left,Left,7263,553,548,24,nan,nan,0.09
5/12/2025 20:47:44,1.17.0,PRexp,10,3.82,nan,56,Left,Left,7264,553,548,24,nan,nan,0.12
5/12/2025 20:48:11,1.17.0,PRexp,10,3.82,nan,56,Left,Left,7265,553,548,24,nan,nan,0.09
5/12/2025 20:48:13,1.17.0,PRexp,10,3.82,nan,56,Left,Left,7266,553,548,24,nan,nan,0.45
5/12/2025 20:48:40,1.17.0,PRexp,10,3.82,nan,56,Left,Left,7267,553,548,24,nan,nan,0.07
5/12/2025 20:48:59,1.17.0,PRexp,10,3.82,nan,56,Left,Left,7268,553,548,24,nan,nan,0.12
5/12/2025 20:49:01,1.17.0,PRexp,10,3.82,nan,56,Left,Left,7269,553,548,24,nan,nan,0.13
5/12/2025 20:49:03,1.17.0,PRexp,10,3.82,nan,56,Left,Left,7270,553,548,24,nan,nan,0.02
5/12/2025 20:49:06,1.17.0,PRexp,10,3.82,nan,56,Left,Left,7271,553,548,24,nan,nan,0.08
5/12/2025 20:49:55,1.17.0,PRexp,10,3.82,nan,56,Left,Left,7272,553,548,24,nan,nan,0.05
5/12/2025 20:49:59,1.17.0,PRexp,10,3.82,nan,56,Left,Left,7273,553,548,24,nan,nan,0.02
5/12/2025 20:52:11,1.17.0,PRexp,10,3.82,nan,56,Left,Left,7274,553,548,24,nan,nan,0.06
5/12/2025 20:52:14,1.17.0,PRexp,10,3.82,nan,56,Left,Left,7275,553,548,24,nan,nan,0.03
5/12/2025 20:52:20,1.17.0,PRexp,10,3.82,nan,56,Left,Left,7276,553,548,24,nan,nan,0.00
5/12/2025 20:52:26,1.17.0,PRexp,10,3.82,nan,56,Left,Left,7277,553,548,24,nan,nan,0.38
5/12/2025 20:52:34,1.17.0,PRexp,10,3.82,nan,56,Left,Left,7278,553,548,24,nan,nan,0.09
5/12/2025 20:52:37,1.17.0,PRexp,10,3.82,nan,56,Left,Left,7279,553,548,24,nan,nan,0.26
5/12/2025 20:53:49,1.17.0,PRexp,10,3.82,nan,56,Left,Left,7280,553,548,24,nan,nan,0.13
5/12/2025 20:53:55,1.17.0,PRexp,10,3.82,nan,56,Left,Left,7281,553,548,24,nan,nan,0.52
5/12/2025 20:54:30,1.17.0,PRexp,10,3.82,nan,56,Left,Left,7282,553,548,24,nan,nan,0.03
5/12/2025 20:54:46,1.17.0,PRexp,10,3.82,nan,56,Left,Left,7283,553,548,24,nan,nan,0.15
5/12/2025 20:54:48,1.17.0,PRexp,10,3.82,nan,56,Left,Left,7284,553,548,24,nan,nan,0.10
5/12/2025 20:54:59,1.17.0,PRexp,10,3.82,nan,56,Left,Left,7285,553,548,24,nan,nan,0.13
5/12/2025 20:55:01,1.17.0,PRexp,10,3.82,nan,56,Left,Left,7286,553,548,24,nan,nan,0.24
5/12/2025 20:55:07,1.17.0,PRexp,10,3.82,nan,56,Left,Left,7287,553,548,24,nan,nan,0.06
5/12/2025 20:55:24,1.17.0,PRexp,10,3.82,nan,56,Left,Left,7288,553,548,24,nan,nan,0.22
5/12/2025 20:57:23,1.17.0,PRexp,10,3.82,nan,56,Left,Left,7289,553,548,24,nan,nan,0.06
5/12/2025 20:58:08,1.17.0,PRexp,10,3.82,nan,56,Left,Left,7290,553,548,24,nan,nan,0.10
5/12/2025 20:58:10,1.17.0,PRexp,10,3.82,nan,56,Left,Left,7291,553,548,24,nan,nan,0.27
5/12/2025 20:58:12,1.17.0,PRexp,10,3.82,nan,56,Left,Left,7292,553,548,24,nan,nan,0.47
5/12/2025 20:58:14,1.17.0,PRexp,10,3.82,nan,56,Left,Left,7293,553,548,24,nan,nan,0.12
5/12/2025 20:58:17,1.17.0,PRexp,10,3.82,nan,56,Left,Left,7294,553,548,24,nan,nan,0.16
5/12/2025 20:58:18,1.17.0,PRexp,10,3.82,nan,56,Left,Left,7295,553,548,24,nan,nan,0.24
5/12/2025 20:58:46,1.17.0,PRexp,10,3.82,nan,56,Left,Left,7296,553,548,24,nan,nan,0.07
5/12/2025 20:58:48,1.17.0,PRexp,10,3.82,nan,56,Left,Left,7297,553,548,24,nan,nan,0.27
5/12/2025 20:58:51,1.17.0,PRexp,10,3.82,nan,56,Left,Left,7298,553,548,24,nan,nan,0.09
5/12/2025 20:59:03,1.17.0,PRexp,10,3.81,nan,56,Left,Left,7299,553,548,24,nan,nan,0.08
5/12/2025 20:59:53,1.17.0,PRexp,10,3.82,nan,56,Left,Left,7300,553,548,24,nan,nan,0.21
5/12/2025 20:59:55,1.17.0,PRexp,10,3.81,nan,56,Left,Left,7301,553,548,24,nan,nan,0.21
5/12/2025 21:00:06,1.17.0,PRexp,10,3.82,nan,56,Left,Left,7302,553,548,24,nan,nan,0.10
5/12/2025 21:00:42,1.17.0,PRexp,10,3.82,nan,56,Left,Left,7303,553,548,24,nan,nan,0.24
5/12/2025 21:00:46,1.17.0,PRexp,10,3.82,nan,56,Left,Left,7304,553,548,24,nan,nan,0.17
5/12/2025 21:00:49,1.17.0,PRexp,10,3.82,nan,56,Left,Left,7305,553,548,24,nan,nan,0.05
5/12/2025 21:01:04,1.17.0,PRexp,10,3.82,5,56,Pellet,Left,7305,553,549,25,4.86,1339,nan
5/12/2025 21:01:57,1.17.0,PRexp,10,3.82,nan,62,Left,Left,7306,553,549,25,nan,nan,0.11
5/12/2025 21:02:02,1.17.0,PRexp,10,3.82,nan,62,Left,Left,7307,553,549,25,nan,nan,0.18
5/12/2025 21:02:17,1.17.0,PRexp,10,3.82,nan,62,Left,Left,7308,553,549,25,nan,nan,0.09
5/12/2025 21:02:18,1.17.0,PRexp,10,3.82,nan,62,Left,Left,7309,553,549,25,nan,nan,0.16
5/12/2025 21:02:23,1.17.0,PRexp,10,3.82,nan,62,Left,Left,7310,553,549,25,nan,nan,0.25
5/12/2025 21:03:39,1.17.0,PRexp,10,3.82,nan,62,Left,Left,7311,553,549,25,nan,nan,0.16
5/12/2025 21:03:42,1.17.0,PRexp,10,3.82,nan,62,Left,Left,7312,553,549,25,nan,nan,0.15
5/12/2025 21:03:52,1.17.0,PRexp,10,3.82,nan,62,Left,Left,7313,553,549,25,nan,nan,0.03
5/12/2025 21:03:53,1.17.0,PRexp,10,3.82,nan,62,Left,Left,7314,553,549,25,nan,nan,0.45
5/12/2025 21:03:58,1.17.0,PRexp,10,3.82,nan,62,Left,Left,7315,553,549,25,nan,nan,0.47
5/12/2025 21:04:00,1.17.0,PRexp,10,3.82,nan,62,Left,Left,7316,553,549,25,nan,nan,0.31
5/12/2025 21:05:00,1.17.0,PRexp,10,3.82,nan,62,Left,Left,7317,553,549,25,nan,nan,0.29
5/12/2025 21:05:52,1.17.0,PRexp,10,3.82,nan,62,Left,Left,7318,553,549,25,nan,nan,0.17
5/12/2025 21:05:54,1.17.0,PRexp,10,3.82,nan,62,Left,Left,7319,553,549,25,nan,nan,0.40
5/12/2025 21:05:57,1.17.0,PRexp,10,3.82,nan,62,Left,Left,7320,553,549,25,nan,nan,0.23
5/12/2025 21:05:59,1.17.0,PRexp,10,3.82,nan,62,Left,Left,7321,553,549,25,nan,nan,0.23
5/12/2025 21:06:02,1.17.0,PRexp,10,3.82,nan,62,Left,Left,7322,553,549,25,nan,nan,0.40
5/12/2025 21:06:05,1.17.0,PRexp,10,3.82,nan,62,Left,Left,7323,553,549,25,nan,nan,0.18
5/12/2025 21:06:07,1.17.0,PRexp,10,3.80,nan,62,Left,Left,7324,553,549,25,nan,nan,0.33
5/12/2025 21:06:10,1.17.0,PRexp,10,3.82,nan,62,Left,Left,7325,553,549,25,nan,nan,0.19
5/12/2025 21:06:16,1.17.0,PRexp,10,3.82,nan,62,Left,Left,7326,553,549,25,nan,nan,0.11
5/12/2025 21:06:21,1.17.0,PRexp,10,3.82,nan,62,Left,Left,7327,553,549,25,nan,nan,0.44
5/12/2025 21:06:23,1.17.0,PRexp,10,3.82,nan,62,Left,Left,7328,553,549,25,nan,nan,0.17
5/12/2025 21:06:42,1.17.0,PRexp,10,3.82,nan,62,Left,Left,7329,553,549,25,nan,nan,0.15
5/12/2025 21:07:41,1.17.0,PRexp,10,3.82,nan,62,Left,Left,7330,553,549,25,nan,nan,0.09
5/12/2025 21:07:42,1.17.0,PRexp,10,3.82,nan,62,Left,Left,7331,553,549,25,nan,nan,0.14
5/12/2025 21:07:44,1.17.0,PRexp,10,3.82,nan,62,Left,Left,7332,553,549,25,nan,nan,0.22
5/12/2025 21:07:47,1.17.0,PRexp,10,3.82,nan,62,Left,Left,7333,553,549,25,nan,nan,0.18
5/12/2025 21:07:49,1.17.0,PRexp,10,3.82,nan,62,Left,Left,7334,553,549,25,nan,nan,0.21
5/12/2025 21:08:04,1.17.0,PRexp,10,3.81,nan,62,Right,Left,7334,554,549,25,nan,nan,0.17
5/12/2025 21:08:06,1.17.0,PRexp,10,3.82,nan,62,Left,Left,7335,554,549,25,nan,nan,0.13
5/12/2025 21:08:33,1.17.0,PRexp,10,3.82,nan,62,Left,Left,7336,554,549,25,nan,nan,0.09
5/12/2025 21:08:36,1.17.0,PRexp,10,3.82,nan,62,Left,Left,7337,554,549,25,nan,nan,0.09
5/12/2025 21:08:37,1.17.0,PRexp,10,3.82,nan,62,Left,Left,7338,554,549,25,nan,nan,0.41
5/12/2025 21:08:41,1.17.0,PRexp,10,3.80,nan,62,Left,Left,7339,554,549,25,nan,nan,0.53
5/12/2025 21:09:31,1.17.0,PRexp,10,3.82,nan,62,Left,Left,7340,554,549,25,nan,nan,0.08
5/12/2025 21:09:33,1.17.0,PRexp,10,3.81,nan,62,Left,Left,7341,554,549,25,nan,nan,0.23
5/12/2025 21:09:37,1.17.0,PRexp,10,3.82,nan,62,Left,Left,7342,554,549,25,nan,nan,0.25
5/12/2025 21:09:40,1.17.0,PRexp,10,3.82,nan,62,Left,Left,7343,554,549,25,nan,nan,0.35
5/12/2025 21:09:52,1.17.0,PRexp,10,3.82,nan,62,Left,Left,7344,554,549,25,nan,nan,0.14
5/12/2025 21:09:54,1.17.0,PRexp,10,3.82,nan,62,Left,Left,7345,554,549,25,nan,nan,0.26
5/12/2025 21:10:42,1.17.0,PRexp,10,3.82,nan,62,Left,Left,7346,554,549,25,nan,nan,0.12
5/12/2025 21:10:45,1.17.0,PRexp,10,3.82,nan,62,Left,Left,7347,554,549,25,nan,nan,0.24
5/12/2025 21:10:48,1.17.0,PRexp,10,3.82,nan,62,Left,Left,7348,554,549,25,nan,nan,0.55
5/12/2025 21:10:49,1.17.0,PRexp,10,3.82,nan,62,Left,Left,7349,554,549,25,nan,nan,0.00
5/12/2025 21:11:02,1.17.0,PRexp,10,3.80,nan,62,Left,Left,7350,554,549,25,nan,nan,0.00
5/12/2025 21:14:24,1.17.0,PRexp,10,3.82,nan,62,Left,Left,7351,554,549,25,nan,nan,0.27
5/12/2025 21:14:27,1.17.0,PRexp,10,3.82,nan,62,Left,Left,7352,554,549,25,nan,nan,0.18
5/12/2025 21:14:29,1.17.0,PRexp,10,3.82,nan,62,Left,Left,7353,554,549,25,nan,nan,0.23
5/12/2025 21:14:33,1.17.0,PRexp,10,3.82,nan,62,Left,Left,7354,554,549,25,nan,nan,0.09
5/12/2025 21:14:41,1.17.0,PRexp,10,3.82,nan,62,Left,Left,7355,554,549,25,nan,nan,0.10
5/12/2025 21:14:47,1.17.0,PRexp,10,3.82,nan,62,Left,Left,7356,554,549,25,nan,nan,0.00
5/12/2025 21:16:20,1.17.0,PRexp,10,3.82,nan,62,Left,Left,7357,554,549,25,nan,nan,0.24
5/12/2025 21:16:26,1.17.0,PRexp,10,3.82,nan,62,Left,Left,7358,554,549,25,nan,nan,0.29
5/12/2025 21:16:29,1.17.0,PRexp,10,3.82,nan,62,Left,Left,7359,554,549,25,nan,nan,0.17
5/12/2025 21:16:32,1.17.0,PRexp,10,3.82,nan,62,Left,Left,7360,554,549,25,nan,nan,0.19
5/12/2025 21:16:35,1.17.0,PRexp,10,3.82,nan,62,Left,Left,7361,554,549,25,nan,nan,0.85
5/12/2025 21:16:38,1.17.0,PRexp,10,3.82,nan,62,Left,Left,7362,554,549,25,nan,nan,0.44
5/12/2025 21:16:41,1.17.0,PRexp,10,3.82,nan,62,Left,Left,7363,554,549,25,nan,nan,0.20
5/12/2025 21:16:43,1.17.0,PRexp,10,3.82,nan,62,Left,Left,7364,554,549,25,nan,nan,0.47
5/12/2025 21:16:49,1.17.0,PRexp,10,3.81,nan,62,Left,Left,7365,554,549,25,nan,nan,0.26
5/12/2025 21:17:48,1.17.0,PRexp,10,3.82,nan,62,Left,Left,7366,554,549,25,nan,nan,0.18
5/12/2025 21:18:03,1.17.0,PRexp,10,3.82,nan,62,Left,Left,7367,554,549,25,nan,nan,0.09
5/12/2025 21:18:06,1.17.0,PRexp,10,3.82,2,62,Pellet,Left,7367,554,550,26,0.06,1022,nan
5/12/2025 21:18:33,1.17.0,PRexp,10,3.82,nan,69,Left,Left,7368,554,550,26,nan,nan,0.22
5/12/2025 21:18:34,1.17.0,PRexp,10,3.82,nan,69,Left,Left,7369,554,550,26,nan,nan,0.00
5/12/2025 21:19:03,1.17.0,PRexp,10,3.82,nan,69,Left,Left,7370,554,550,26,nan,nan,0.61
5/12/2025 21:19:05,1.17.0,PRexp,10,3.82,nan,69,Left,Left,7371,554,550,26,nan,nan,0.28
5/12/2025 21:19:10,1.17.0,PRexp,10,3.82,nan,69,Left,Left,7372,554,550,26,nan,nan,0.25
5/12/2025 21:19:16,1.17.0,PRexp,10,3.82,nan,69,Left,Left,7373,554,550,26,nan,nan,0.00
5/12/2025 21:19:27,1.17.0,PRexp,10,3.82,nan,69,Left,Left,7374,554,550,26,nan,nan,0.13
5/12/2025 21:20:11,1.17.0,PRexp,10,3.82,nan,69,Left,Left,7375,554,550,26,nan,nan,0.02
5/12/2025 21:20:34,1.17.0,PRexp,10,3.82,nan,69,Left,Left,7376,554,550,26,nan,nan,0.19
5/12/2025 21:20:36,1.17.0,PRexp,10,3.82,nan,69,Left,Left,7377,554,550,26,nan,nan,0.21
5/12/2025 21:20:39,1.17.0,PRexp,10,3.82,nan,69,Left,Left,7378,554,550,26,nan,nan,0.46
5/12/2025 21:22:04,1.17.0,PRexp,10,3.82,nan,69,Left,Left,7379,554,550,26,nan,nan,0.11
5/12/2025 21:22:05,1.17.0,PRexp,10,3.82,nan,69,Left,Left,7380,554,550,26,nan,nan,0.04
5/12/2025 21:22:45,1.17.0,PRexp,10,3.82,nan,69,Left,Left,7381,554,550,26,nan,nan,0.21
5/12/2025 21:22:48,1.17.0,PRexp,10,3.82,nan,69,Left,Left,7382,554,550,26,nan,nan,0.41
5/12/2025 21:22:50,1.17.0,PRexp,10,3.82,nan,69,Left,Left,7383,554,550,26,nan,nan,0.32
5/12/2025 21:22:53,1.17.0,PRexp,10,3.82,nan,69,Left,Left,7384,554,550,26,nan,nan,0.15
5/12/2025 21:23:37,1.17.0,PRexp,10,3.81,nan,69,Left,Left,7385,554,550,26,nan,nan,0.10
5/12/2025 21:23:40,1.17.0,PRexp,10,3.82,nan,69,Left,Left,7386,554,550,26,nan,nan,0.08
5/12/2025 21:23:59,1.17.0,PRexp,10,3.82,nan,69,Left,Left,7387,554,550,26,nan,nan,0.02
5/12/2025 21:24:02,1.17.0,PRexp,10,3.82,nan,69,Left,Left,7388,554,550,26,nan,nan,0.17
5/12/2025 21:24:05,1.17.0,PRexp,10,3.81,nan,69,Left,Left,7389,554,550,26,nan,nan,0.22
5/12/2025 21:24:08,1.17.0,PRexp,10,3.82,nan,69,Left,Left,7390,554,550,26,nan,nan,0.13
5/12/2025 21:24:15,1.17.0,PRexp,10,3.82,nan,69,Left,Left,7391,554,550,26,nan,nan,0.03
5/12/2025 21:24:51,1.17.0,PRexp,10,3.82,nan,69,Left,Left,7392,554,550,26,nan,nan,0.09
5/12/2025 21:24:59,1.17.0,PRexp,10,3.82,nan,69,Left,Left,7393,554,550,26,nan,nan,0.03
5/12/2025 21:25:01,1.17.0,PRexp,10,3.82,nan,69,Left,Left,7394,554,550,26,nan,nan,0.22
5/12/2025 21:25:03,1.17.0,PRexp,10,3.82,nan,69,Left,Left,7395,554,550,26,nan,nan,0.31
5/12/2025 21:25:05,1.17.0,PRexp,10,3.82,nan,69,Left,Left,7396,554,550,26,nan,nan,0.00
5/12/2025 21:25:08,1.17.0,PRexp,10,3.82,nan,69,Left,Left,7397,554,550,26,nan,nan,0.24
5/12/2025 21:25:10,1.17.0,PRexp,10,3.82,nan,69,Left,Left,7398,554,550,26,nan,nan,0.15
5/12/2025 21:25:11,1.17.0,PRexp,10,3.82,nan,69,Left,Left,7399,554,550,26,nan,nan,0.00
5/12/2025 21:25:38,1.17.0,PRexp,10,3.82,nan,69,Left,Left,7400,554,550,26,nan,nan,0.02
5/12/2025 21:26:42,1.17.0,PRexp,10,3.82,nan,69,Left,Left,7401,554,550,26,nan,nan,0.05
5/12/2025 21:26:48,1.17.0,PRexp,10,3.82,nan,69,Left,Left,7402,554,550,26,nan,nan,0.43
5/12/2025 21:27:44,1.17.0,PRexp,10,3.82,nan,69,Left,Left,7403,554,550,26,nan,nan,0.01
5/12/2025 21:28:36,1.17.0,PRexp,10,3.82,nan,69,Left,Left,7404,554,550,26,nan,nan,0.09
5/12/2025 21:28:39,1.17.0,PRexp,10,3.82,nan,69,Left,Left,7405,554,550,26,nan,nan,0.16
5/12/2025 21:28:56,1.17.0,PRexp,10,3.82,nan,69,Left,Left,7406,554,550,26,nan,nan,0.16
5/12/2025 21:28:57,1.17.0,PRexp,10,3.81,nan,69,Left,Left,7407,554,550,26,nan,nan,0.05
5/12/2025 21:29:56,1.17.0,PRexp,10,3.82,nan,69,Left,Left,7408,554,550,26,nan,nan,0.09
5/12/2025 21:29:57,1.17.0,PRexp,10,3.82,nan,69,Left,Left,7409,554,550,26,nan,nan,0.06
5/12/2025 21:30:04,1.17.0,PRexp,10,3.82,nan,69,Left,Left,7410,554,550,26,nan,nan,0.00
5/12/2025 21:31:40,1.17.0,PRexp,10,3.82,nan,69,Left,Left,7411,554,550,26,nan,nan,0.18
5/12/2025 21:31:42,1.17.0,PRexp,10,3.82,nan,69,Left,Left,7412,554,550,26,nan,nan,0.11
5/12/2025 21:31:45,1.17.0,PRexp,10,3.82,nan,69,Left,Left,7413,554,550,26,nan,nan,0.10
5/12/2025 21:31:47,1.17.0,PRexp,10,3.82,nan,69,Left,Left,7414,554,550,26,nan,nan,0.18
5/12/2025 21:31:52,1.17.0,PRexp,10,3.80,nan,69,Left,Left,7415,554,550,26,nan,nan,0.18
5/12/2025 21:31:55,1.17.0,PRexp,10,3.82,nan,69,Left,Left,7416,554,550,26,nan,nan,0.34
5/12/2025 21:31:58,1.17.0,PRexp,10,3.82,nan,69,Left,Left,7417,554,550,26,nan,nan,0.07
5/12/2025 21:32:02,1.17.0,PRexp,10,3.82,nan,69,Right,Left,7417,555,550,26,nan,nan,0.21
5/12/2025 21:32:06,1.17.0,PRexp,10,3.82,nan,69,Left,Left,7418,555,550,26,nan,nan,0.00
5/12/2025 21:33:12,1.17.0,PRexp,10,3.81,nan,69,Left,Left,7419,555,550,26,nan,nan,0.06
5/12/2025 21:33:14,1.17.0,PRexp,10,3.82,nan,69,Left,Left,7420,555,550,26,nan,nan,0.06
5/12/2025 21:33:17,1.17.0,PRexp,10,3.82,nan,69,Left,Left,7421,555,550,26,nan,nan,0.34
5/12/2025 21:33:20,1.17.0,PRexp,10,3.82,nan,69,Left,Left,7422,555,550,26,nan,nan,0.03
5/12/2025 21:34:04,1.17.0,PRexp,10,3.82,nan,69,Left,Left,7423,555,550,26,nan,nan,0.13
5/12/2025 21:34:06,1.17.0,PRexp,10,3.82,nan,69,Left,Left,7424,555,550,26,nan,nan,0.71
5/12/2025 21:34:09,1.17.0,PRexp,10,3.81,nan,69,Left,Left,7425,555,550,26,nan,nan,0.24
5/12/2025 21:36:13,1.17.0,PRexp,10,3.82,nan,69,Left,Left,7426,555,550,26,nan,nan,0.08
5/12/2025 21:36:16,1.17.0,PRexp,10,3.82,nan,69,Left,Left,7427,555,550,26,nan,nan,0.10
5/12/2025 21:36:37,1.17.0,PRexp,10,3.82,nan,69,Left,Left,7428,555,550,26,nan,nan,0.03
5/12/2025 21:36:41,1.17.0,PRexp,10,3.82,nan,69,Left,Left,7429,555,550,26,nan,nan,0.12
5/12/2025 21:37:11,1.17.0,PRexp,10,3.82,nan,69,Left,Left,7430,555,550,26,nan,nan,0.07
5/12/2025 21:37:27,1.17.0,PRexp,10,3.82,nan,69,Left,Left,7431,555,550,26,nan,nan,0.12
5/12/2025 21:38:37,1.17.0,PRexp,10,3.82,nan,69,Left,Left,7432,555,550,26,nan,nan,0.20
5/12/2025 21:38:40,1.17.0,PRexp,10,3.82,nan,69,Left,Left,7433,555,550,26,nan,nan,0.12
5/12/2025 21:38:53,1.17.0,PRexp,10,3.82,nan,69,Left,Left,7434,555,550,26,nan,nan,0.05
5/12/2025 21:39:09,1.17.0,PRexp,10,3.82,nan,69,Left,Left,7435,555,550,26,nan,nan,0.19
5/12/2025 21:39:12,1.17.0,PRexp,10,3.82,nan,69,Right,Left,7435,556,550,26,nan,nan,0.26
5/12/2025 21:39:13,1.17.0,PRexp,10,3.82,nan,69,Left,Left,7436,556,550,26,nan,nan,0.19
5/12/2025 21:39:18,1.17.0,PRexp,10,3.82,3,69,Pellet,Left,7436,556,551,27,0.06,1272,nan
5/12/2025 21:40:06,1.17.0,PRexp,10,3.82,nan,77,Right,Left,7436,557,551,27,nan,nan,0.00
5/12/2025 21:40:09,1.17.0,PRexp,10,3.82,nan,77,Left,Left,7437,557,551,27,nan,nan,0.36
5/12/2025 21:40:12,1.17.0,PRexp,10,3.82,nan,77,Left,Left,7438,557,551,27,nan,nan,0.22
5/12/2025 21:40:13,1.17.0,PRexp,10,3.82,nan,77,Left,Left,7439,557,551,27,nan,nan,0.00
5/12/2025 21:41:08,1.17.0,PRexp,10,3.82,nan,77,Left,Left,7440,557,551,27,nan,nan,0.39
5/12/2025 21:41:10,1.17.0,PRexp,10,3.81,nan,77,Left,Left,7441,557,551,27,nan,nan,0.07
5/12/2025 21:41:12,1.17.0,PRexp,10,3.82,nan,77,Left,Left,7442,557,551,27,nan,nan,0.19
5/12/2025 21:41:39,1.17.0,PRexp,10,3.82,nan,77,Left,Left,7443,557,551,27,nan,nan,0.03
5/12/2025 21:41:42,1.17.0,PRexp,10,3.82,nan,77,Left,Left,7444,557,551,27,nan,nan,0.35
5/12/2025 21:41:44,1.17.0,PRexp,10,3.82,nan,77,Left,Left,7445,557,551,27,nan,nan,0.17
5/12/2025 21:41:48,1.17.0,PRexp,10,3.82,nan,77,Left,Left,7446,557,551,27,nan,nan,0.17
5/12/2025 21:42:06,1.17.0,PRexp,10,3.82,nan,77,Left,Left,7447,557,551,27,nan,nan,0.22
5/12/2025 21:42:28,1.17.0,PRexp,10,3.82,nan,77,Right,Left,7447,558,551,27,nan,nan,0.03
5/12/2025 21:42:30,1.17.0,PRexp,10,3.80,nan,77,Left,Left,7448,558,551,27,nan,nan,0.17
5/12/2025 21:42:33,1.17.0,PRexp,10,3.81,nan,77,Left,Left,7449,558,551,27,nan,nan,0.14
5/12/2025 21:42:49,1.17.0,PRexp,10,3.82,nan,77,Left,Left,7450,558,551,27,nan,nan,0.13
5/12/2025 21:43:11,1.17.0,PRexp,10,3.81,nan,77,Left,Left,7451,558,551,27,nan,nan,0.29
5/12/2025 21:44:33,1.17.0,PRexp,10,3.81,nan,77,Right,Left,7451,559,551,27,nan,nan,0.24
5/12/2025 21:44:35,1.17.0,PRexp,10,3.81,nan,77,Left,Left,7452,559,551,27,nan,nan,0.03
5/12/2025 21:44:36,1.17.0,PRexp,10,3.82,nan,77,Right,Left,7452,560,551,27,nan,nan,0.00
5/12/2025 21:44:42,1.17.0,PRexp,10,3.82,nan,77,Left,Left,7453,560,551,27,nan,nan,0.16
5/12/2025 21:44:45,1.17.0,PRexp,10,3.82,nan,77,Left,Left,7454,560,551,27,nan,nan,0.13
5/12/2025 21:44:49,1.17.0,PRexp,10,3.82,nan,77,Left,Left,7455,560,551,27,nan,nan,0.25
5/12/2025 21:45:24,1.17.0,PRexp,10,3.82,nan,77,Left,Left,7456,560,551,27,nan,nan,0.02
5/12/2025 21:45:30,1.17.0,PRexp,10,3.82,nan,77,Left,Left,7457,560,551,27,nan,nan,0.08
5/12/2025 21:46:14,1.17.0,PRexp,10,3.82,nan,77,Right,Left,7457,561,551,27,nan,nan,0.30
5/12/2025 21:46:17,1.17.0,PRexp,10,3.82,nan,77,Left,Left,7458,561,551,27,nan,nan,0.10
5/12/2025 21:46:47,1.17.0,PRexp,10,3.82,nan,77,Left,Left,7459,561,551,27,nan,nan,0.18
5/12/2025 21:46:50,1.17.0,PRexp,10,3.82,nan,77,Left,Left,7460,561,551,27,nan,nan,0.05
5/12/2025 21:46:53,1.17.0,PRexp,10,3.82,nan,77,Left,Left,7461,561,551,27,nan,nan,0.21
5/12/2025 21:46:59,1.17.0,PRexp,10,3.81,nan,77,Left,Left,7462,561,551,27,nan,nan,0.10
5/12/2025 21:47:25,1.17.0,PRexp,10,3.82,nan,77,Left,Left,7463,561,551,27,nan,nan,0.14
5/12/2025 21:48:03,1.17.0,PRexp,10,3.82,nan,77,Left,Left,7464,561,551,27,nan,nan,0.05
5/12/2025 21:48:07,1.17.0,PRexp,10,3.82,nan,77,Left,Left,7465,561,551,27,nan,nan,0.07
5/12/2025 21:48:09,1.17.0,PRexp,10,3.82,nan,77,Left,Left,7466,561,551,27,nan,nan,0.09
5/12/2025 21:48:13,1.17.0,PRexp,10,3.82,nan,77,Left,Left,7467,561,551,27,nan,nan,0.54
5/12/2025 21:48:17,1.17.0,PRexp,10,3.82,nan,77,Left,Left,7468,561,551,27,nan,nan,0.63
5/12/2025 21:48:21,1.17.0,PRexp,10,3.82,nan,77,Left,Left,7469,561,551,27,nan,nan,0.12
5/12/2025 21:48:23,1.17.0,PRexp,10,3.82,nan,77,Left,Left,7470,561,551,27,nan,nan,0.13
5/12/2025 21:49:07,1.17.0,PRexp,10,3.82,nan,77,Right,Left,7470,562,551,27,nan,nan,0.02
5/12/2025 21:49:09,1.17.0,PRexp,10,3.82,nan,77,Left,Left,7471,562,551,27,nan,nan,0.00
5/12/2025 21:49:12,1.17.0,PRexp,10,3.82,nan,77,Left,Left,7472,562,551,27,nan,nan,0.11
5/12/2025 21:49:14,1.17.0,PRexp,10,3.81,nan,77,Left,Left,7473,562,551,27,nan,nan,0.17
5/12/2025 21:49:16,1.17.0,PRexp,10,3.82,nan,77,Left,Left,7474,562,551,27,nan,nan,0.54
5/12/2025 21:49:20,1.17.0,PRexp,10,3.82,nan,77,Left,Left,7475,562,551,27,nan,nan,0.18
5/12/2025 21:49:54,1.17.0,PRexp,10,3.82,nan,77,Left,Left,7476,562,551,27,nan,nan,0.14
5/12/2025 21:49:56,1.17.0,PRexp,10,3.82,nan,77,Left,Left,7477,562,551,27,nan,nan,0.27
5/12/2025 21:49:57,1.17.0,PRexp,10,3.82,nan,77,Left,Left,7478,562,551,27,nan,nan,0.21
5/12/2025 21:50:02,1.17.0,PRexp,10,3.80,nan,77,Left,Left,7479,562,551,27,nan,nan,0.12
5/12/2025 21:56:07,1.17.0,PRexp,10,3.82,nan,77,Left,Left,7480,562,551,27,nan,nan,0.13
5/12/2025 21:56:12,1.17.0,PRexp,10,3.82,nan,77,Left,Left,7481,562,551,27,nan,nan,0.12
5/12/2025 21:56:14,1.17.0,PRexp,10,3.82,nan,77,Left,Left,7482,562,551,27,nan,nan,0.29
5/12/2025 21:56:16,1.17.0,PRexp,10,3.81,nan,77,Left,Left,7483,562,551,27,nan,nan,0.17
5/12/2025 21:58:02,1.17.0,PRexp,10,3.81,nan,77,Left,Left,7484,562,551,27,nan,nan,0.12
5/12/2025 21:58:06,1.17.0,PRexp,10,3.82,nan,77,Left,Left,7485,562,551,27,nan,nan,0.15
5/12/2025 21:59:01,1.17.0,PRexp,10,3.80,nan,77,Left,Left,7486,562,551,27,nan,nan,0.14
5/12/2025 21:59:07,1.17.0,PRexp,10,3.82,nan,77,Left,Left,7487,562,551,27,nan,nan,0.09
5/12/2025 21:59:58,1.17.0,PRexp,10,3.82,nan,77,Right,Left,7487,563,551,27,nan,nan,0.19
5/12/2025 22:00:00,1.17.0,PRexp,10,3.82,nan,77,Left,Left,7488,563,551,27,nan,nan,0.09
5/12/2025 22:00:01,1.17.0,PRexp,10,3.82,nan,77,Right,Left,7488,564,551,27,nan,nan,0.00
5/12/2025 22:00:06,1.17.0,PRexp,10,3.80,nan,77,Left,Left,7489,564,551,27,nan,nan,0.06
5/12/2025 22:00:08,1.17.0,PRexp,10,3.82,nan,77,Left,Left,7490,564,551,27,nan,nan,0.03
5/12/2025 22:00:11,1.17.0,PRexp,10,3.82,nan,77,Left,Left,7491,564,551,27,nan,nan,0.04
5/12/2025 22:00:15,1.17.0,PRexp,10,3.82,nan,77,Left,Left,7492,564,551,27,nan,nan,0.15
5/12/2025 22:00:19,1.17.0,PRexp,10,3.81,nan,77,Left,Left,7493,564,551,27,nan,nan,0.75
5/12/2025 22:02:02,1.17.0,PRexp,10,3.82,nan,77,Left,Left,7494,564,551,27,nan,nan,0.07
5/12/2025 22:02:03,1.17.0,PRexp,10,3.82,nan,77,Left,Left,7495,564,551,27,nan,nan,0.09
5/12/2025 22:03:45,1.17.0,PRexp,10,3.82,nan,77,Left,Left,7496,564,551,27,nan,nan,0.20
5/12/2025 22:03:47,1.17.0,PRexp,10,3.82,nan,77,Left,Left,7497,564,551,27,nan,nan,0.19
5/12/2025 22:03:49,1.17.0,PRexp,10,3.81,nan,77,Left,Left,7498,564,551,27,nan,nan,0.16
5/12/2025 22:03:53,1.17.0,PRexp,10,3.82,nan,77,Left,Left,7499,564,551,27,nan,nan,0.06
5/12/2025 22:04:28,1.17.0,PRexp,10,3.82,nan,77,Right,Left,7499,565,551,27,nan,nan,0.11
5/12/2025 22:04:30,1.17.0,PRexp,10,3.82,nan,77,Right,Left,7499,566,551,27,nan,nan,0.25
5/12/2025 22:04:32,1.17.0,PRexp,10,3.82,nan,77,Right,Left,7499,567,551,27,nan,nan,0.20
5/12/2025 22:04:35,1.17.0,PRexp,10,3.82,nan,77,Left,Left,7500,567,551,27,nan,nan,0.06
5/12/2025 22:04:39,1.17.0,PRexp,10,3.82,nan,77,Left,Left,7501,567,551,27,nan,nan,0.28
5/12/2025 22:05:23,1.17.0,PRexp,10,3.82,nan,77,Left,Left,7502,567,551,27,nan,nan,0.08
5/12/2025 22:05:29,1.17.0,PRexp,10,3.82,nan,77,Left,Left,7503,567,551,27,nan,nan,0.30
5/12/2025 22:05:30,1.17.0,PRexp,10,3.82,nan,77,Left,Left,7504,567,551,27,nan,nan,0.10
5/12/2025 22:05:33,1.17.0,PRexp,10,3.82,nan,77,Left,Left,7505,567,551,27,nan,nan,0.50
5/12/2025 22:07:16,1.17.0,PRexp,10,3.81,nan,77,Left,Left,7506,567,551,27,nan,nan,0.11
5/12/2025 22:07:38,1.17.0,PRexp,10,3.82,nan,77,Left,Left,7507,567,551,27,nan,nan,0.10
5/12/2025 22:08:02,1.17.0,PRexp,10,3.82,nan,77,Left,Left,7508,567,551,27,nan,nan,0.08
5/12/2025 22:08:04,1.17.0,PRexp,10,3.82,nan,77,Left,Left,7509,567,551,27,nan,nan,0.08
5/12/2025 22:08:05,1.17.0,PRexp,10,3.82,nan,77,Left,Left,7510,567,551,27,nan,nan,0.10
5/12/2025 22:08:08,1.17.0,PRexp,10,3.82,nan,77,Left,Left,7511,567,551,27,nan,nan,0.12
5/12/2025 22:08:11,1.17.0,PRexp,10,3.80,nan,77,Left,Left,7512,567,551,27,nan,nan,0.24
5/12/2025 22:08:14,1.17.0,PRexp,10,3.82,nan,77,Left,Left,7513,567,551,27,nan,nan,0.09
5/12/2025 22:08:30,1.17.0,PRexp,10,3.82,4,77,Pellet,Left,7513,567,552,28,9.54,1752,nan
5/12/2025 22:11:06,1.17.0,PRexp,10,3.82,nan,86,Right,Left,7513,568,552,28,nan,nan,0.39
5/12/2025 22:11:09,1.17.0,PRexp,10,3.82,nan,86,Left,Left,7514,568,552,28,nan,nan,0.22
5/12/2025 22:11:11,1.17.0,PRexp,10,3.82,nan,86,Left,Left,7515,568,552,28,nan,nan,0.28
5/12/2025 22:11:13,1.17.0,PRexp,10,3.82,nan,86,Left,Left,7516,568,552,28,nan,nan,0.08
5/12/2025 22:11:17,1.17.0,PRexp,10,3.82,nan,86,Left,Left,7517,568,552,28,nan,nan,0.42
5/12/2025 22:11:19,1.17.0,PRexp,10,3.82,nan,86,Left,Left,7518,568,552,28,nan,nan,0.44
5/12/2025 22:11:24,1.17.0,PRexp,10,3.82,nan,86,Left,Left,7519,568,552,28,nan,nan,0.21
5/12/2025 22:11:26,1.17.0,PRexp,10,3.82,nan,86,Left,Left,7520,568,552,28,nan,nan,0.50
5/12/2025 22:11:31,1.17.0,PRexp,10,3.82,nan,86,Left,Left,7521,568,552,28,nan,nan,0.38
5/12/2025 22:11:34,1.17.0,PRexp,10,3.82,nan,86,Left,Left,7522,568,552,28,nan,nan,0.48
5/12/2025 22:11:37,1.17.0,PRexp,10,3.80,nan,86,Left,Left,7523,568,552,28,nan,nan,0.01
5/12/2025 22:11:39,1.17.0,PRexp,10,3.82,nan,86,Left,Left,7524,568,552,28,nan,nan,0.50
5/12/2025 22:11:42,1.17.0,PRexp,10,3.82,nan,86,Left,Left,7525,568,552,28,nan,nan,0.71
5/12/2025 22:11:46,1.17.0,PRexp,10,3.82,nan,86,Left,Left,7526,568,552,28,nan,nan,0.55
5/12/2025 22:11:47,1.17.0,PRexp,10,3.82,nan,86,Left,Left,7527,568,552,28,nan,nan,0.13
5/12/2025 22:11:53,1.17.0,PRexp,10,3.82,nan,86,Left,Left,7528,568,552,28,nan,nan,0.25
5/12/2025 22:11:54,1.17.0,PRexp,10,3.82,nan,86,Left,Left,7529,568,552,28,nan,nan,0.37
5/12/2025 22:13:33,1.17.0,PRexp,10,3.82,nan,86,Left,Left,7530,568,552,28,nan,nan,0.12
5/12/2025 22:13:36,1.17.0,PRexp,10,3.82,nan,86,Left,Left,7531,568,552,28,nan,nan,0.23
5/12/2025 22:13:38,1.17.0,PRexp,10,3.82,nan,86,Left,Left,7532,568,552,28,nan,nan,0.23
5/12/2025 22:13:39,1.17.0,PRexp,10,3.82,nan,86,Left,Left,7533,568,552,28,nan,nan,0.17
5/12/2025 22:15:09,1.17.0,PRexp,10,3.82,nan,86,Left,Left,7534,568,552,28,nan,nan,0.11
5/12/2025 22:15:11,1.17.0,PRexp,10,3.82,nan,86,Left,Left,7535,568,552,28,nan,nan,0.31
5/12/2025 22:15:14,1.17.0,PRexp,10,3.81,nan,86,Left,Left,7536,568,552,28,nan,nan,0.44
5/12/2025 22:15:18,1.17.0,PRexp,10,3.82,nan,86,Left,Left,7537,568,552,28,nan,nan,0.09
5/12/2025 22:15:20,1.17.0,PRexp,10,3.82,nan,86,Left,Left,7538,568,552,28,nan,nan,0.11
5/12/2025 22:17:41,1.17.0,PRexp,10,3.82,nan,86,Left,Left,7539,568,552,28,nan,nan,0.23
5/12/2025 22:17:44,1.17.0,PRexp,10,3.82,nan,86,Left,Left,7540,568,552,28,nan,nan,0.25
5/12/2025 22:18:11,1.17.0,PRexp,10,3.82,nan,86,Left,Left,7541,568,552,28,nan,nan,0.07
5/12/2025 22:18:13,1.17.0,PRexp,10,3.82,nan,86,Left,Left,7542,568,552,28,nan,nan,0.25
5/12/2025 22:18:15,1.17.0,PRexp,10,3.80,nan,86,Left,Left,7543,568,552,28,nan,nan,0.47
5/12/2025 22:18:49,1.17.0,PRexp,10,3.82,nan,86,Left,Left,7544,568,552,28,nan,nan,0.14
5/12/2025 22:47:54,1.17.0,PRexp,10,3.82,nan,86,Left,Left,7545,568,552,28,nan,nan,0.19
5/12/2025 22:47:56,1.17.0,PRexp,10,3.82,nan,86,Left,Left,7546,568,552,28,nan,nan,0.23
5/12/2025 22:48:02,1.17.0,PRexp,10,3.82,nan,86,Left,Left,7547,568,552,28,nan,nan,0.08
5/12/2025 22:48:09,1.17.0,PRexp,10,3.81,nan,86,Left,Left,7548,568,552,28,nan,nan,0.16
5/12/2025 22:48:12,1.17.0,PRexp,10,3.82,nan,86,Left,Left,7549,568,552,28,nan,nan,0.03
5/12/2025 22:48:15,1.17.0,PRexp,10,3.81,nan,86,Left,Left,7550,568,552,28,nan,nan,0.11
5/12/2025 22:48:17,1.17.0,PRexp,10,3.82,nan,86,Left,Left,7551,568,552,28,nan,nan,0.55
5/12/2025 22:48:22,1.17.0,PRexp,10,3.82,nan,86,Left,Left,7552,568,552,28,nan,nan,0.23
5/12/2025 22:48:25,1.17.0,PRexp,10,3.82,nan,86,Left,Left,7553,568,552,28,nan,nan,0.26
5/12/2025 22:54:17,1.17.0,PRexp,10,3.82,nan,86,Left,Left,7554,568,552,28,nan,nan,0.16
5/12/2025 22:54:29,1.17.0,PRexp,10,3.81,nan,86,Left,Left,7555,568,552,28,nan,nan,0.00
5/12/2025 22:54:34,1.17.0,PRexp,10,3.82,nan,86,Left,Left,7556,568,552,28,nan,nan,0.62
5/12/2025 22:54:37,1.17.0,PRexp,10,3.81,nan,86,Left,Left,7557,568,552,28,nan,nan,0.44
5/12/2025 22:54:42,1.17.0,PRexp,10,3.81,nan,86,Left,Left,7558,568,552,28,nan,nan,0.14
5/12/2025 22:54:47,1.17.0,PRexp,10,3.81,nan,86,Left,Left,7559,568,552,28,nan,nan,0.96
5/12/2025 22:54:49,1.17.0,PRexp,10,3.82,nan,86,Left,Left,7560,568,552,28,nan,nan,0.16
5/12/2025 23:07:17,1.17.0,PRexp,10,3.81,nan,86,Left,Left,7561,568,552,28,nan,nan,0.36
5/12/2025 23:07:20,1.17.0,PRexp,10,3.82,nan,86,Left,Left,7562,568,552,28,nan,nan,0.17
5/12/2025 23:07:26,1.17.0,PRexp,10,3.82,nan,86,Left,Left,7563,568,552,28,nan,nan,0.00
5/12/2025 23:14:52,1.17.0,PRexp,10,3.81,nan,86,Left,Left,7564,568,552,28,nan,nan,0.88
5/12/2025 23:14:54,1.17.0,PRexp,10,3.81,nan,86,Left,Left,7565,568,552,28,nan,nan,0.00
5/12/2025 23:14:56,1.17.0,PRexp,10,3.82,nan,86,Left,Left,7566,568,552,28,nan,nan,0.10
5/12/2025 23:14:59,1.17.0,PRexp,10,3.82,nan,86,Left,Left,7567,568,552,28,nan,nan,0.06
5/12/2025 23:15:02,1.17.0,PRexp,10,3.82,nan,86,Left,Left,7568,568,552,28,nan,nan,0.26
5/12/2025 23:15:08,1.17.0,PRexp,10,3.82,nan,86,Left,Left,7569,568,552,28,nan,nan,0.60
5/12/2025 23:15:13,1.17.0,PRexp,10,3.81,nan,86,Left,Left,7570,568,552,28,nan,nan,0.04
5/12/2025 23:15:19,1.17.0,PRexp,10,3.81,nan,86,Left,Left,7571,568,552,28,nan,nan,0.44
5/12/2025 23:15:23,1.17.0,PRexp,10,3.82,nan,86,Left,Left,7572,568,552,28,nan,nan,0.22
5/12/2025 23:15:26,1.17.0,PRexp,10,3.82,nan,86,Left,Left,7573,568,552,28,nan,nan,0.23
5/12/2025 23:15:30,1.17.0,PRexp,10,3.81,nan,86,Left,Left,7574,568,552,28,nan,nan,0.43
5/12/2025 23:15:32,1.17.0,PRexp,10,3.81,nan,86,Left,Left,7575,568,552,28,nan,nan,0.39
5/12/2025 23:15:35,1.17.0,PRexp,10,3.82,nan,86,Left,Left,7576,568,552,28,nan,nan,0.22
5/12/2025 23:17:38,1.17.0,PRexp,10,3.82,nan,86,Left,Left,7577,568,552,28,nan,nan,0.26
5/12/2025 23:17:44,1.17.0,PRexp,10,3.82,nan,86,Left,Left,7578,568,552,28,nan,nan,0.27
5/12/2025 23:17:55,1.17.0,PRexp,10,3.82,nan,86,Left,Left,7579,568,552,28,nan,nan,0.75
5/12/2025 23:17:59,1.17.0,PRexp,10,3.81,nan,86,Left,Left,7580,568,552,28,nan,nan,0.37
5/12/2025 23:18:02,1.17.0,PRexp,10,3.82,nan,86,Left,Left,7581,568,552,28,nan,nan,0.47
5/12/2025 23:18:07,1.17.0,PRexp,10,3.82,nan,86,Left,Left,7582,568,552,28,nan,nan,0.23
5/12/2025 23:18:08,1.17.0,PRexp,10,3.82,nan,86,Left,Left,7583,568,552,28,nan,nan,0.00
5/12/2025 23:18:14,1.17.0,PRexp,10,3.82,nan,86,Left,Left,7584,568,552,28,nan,nan,0.51
5/12/2025 23:18:19,1.17.0,PRexp,10,3.82,nan,86,Right,Left,7584,569,552,28,nan,nan,0.33
5/12/2025 23:18:21,1.17.0,PRexp,10,3.81,nan,86,Left,Left,7585,569,552,28,nan,nan,0.44
5/12/2025 23:22:58,1.17.0,PRexp,10,3.81,nan,86,Left,Left,7586,569,552,28,nan,nan,0.13
5/12/2025 23:23:00,1.17.0,PRexp,10,3.82,nan,86,Left,Left,7587,569,552,28,nan,nan,0.23
5/12/2025 23:23:01,1.17.0,PRexp,10,3.81,nan,86,Left,Left,7588,569,552,28,nan,nan,0.14
5/12/2025 23:23:02,1.17.0,PRexp,10,3.81,nan,86,Left,Left,7589,569,552,28,nan,nan,0.10
5/12/2025 23:23:04,1.17.0,PRexp,10,3.81,nan,86,Left,Left,7590,569,552,28,nan,nan,0.11
5/12/2025 23:23:07,1.17.0,PRexp,10,3.82,nan,86,Left,Left,7591,569,552,28,nan,nan,0.13
5/12/2025 23:23:08,1.17.0,PRexp,10,3.82,nan,86,Left,Left,7592,569,552,28,nan,nan,0.25
5/12/2025 23:23:10,1.17.0,PRexp,10,3.81,nan,86,Left,Left,7593,569,552,28,nan,nan,0.14
5/12/2025 23:23:12,1.17.0,PRexp,10,3.81,nan,86,Left,Left,7594,569,552,28,nan,nan,0.23
5/12/2025 23:23:17,1.17.0,PRexp,10,3.81,nan,86,Left,Left,7595,569,552,28,nan,nan,0.13
5/12/2025 23:23:19,1.17.0,PRexp,10,3.81,nan,86,Left,Left,7596,569,552,28,nan,nan,0.00
5/12/2025 23:23:20,1.17.0,PRexp,10,3.82,nan,86,Left,Left,7597,569,552,28,nan,nan,0.00
5/12/2025 23:23:21,1.17.0,PRexp,10,3.81,nan,86,Left,Left,7598,569,552,28,nan,nan,0.00
5/12/2025 23:25:19,1.17.0,PRexp,10,3.82,nan,86,Left,Left,7599,569,552,28,nan,nan,0.19
5/12/2025 23:25:22,1.17.0,PRexp,10,3.81,2,86,Pellet,Left,7599,569,553,29,0.06,4612,nan
5/12/2025 23:26:00,1.17.0,PRexp,10,3.81,nan,95,Left,Left,7600,569,553,29,nan,nan,0.19
5/12/2025 23:26:02,1.17.0,PRexp,10,3.81,nan,95,Left,Left,7601,569,553,29,nan,nan,0.29
5/12/2025 23:26:04,1.17.0,PRexp,10,3.81,nan,95,Left,Left,7602,569,553,29,nan,nan,0.30
5/12/2025 23:26:08,1.17.0,PRexp,10,3.82,nan,95,Left,Left,7603,569,553,29,nan,nan,0.02
5/12/2025 23:26:10,1.17.0,PRexp,10,3.81,nan,95,Left,Left,7604,569,553,29,nan,nan,0.18
5/12/2025 23:26:12,1.17.0,PRexp,10,3.82,nan,95,Left,Left,7605,569,553,29,nan,nan,0.38
5/12/2025 23:26:14,1.17.0,PRexp,10,3.82,nan,95,Left,Left,7606,569,553,29,nan,nan,0.21
5/12/2025 23:26:16,1.17.0,PRexp,10,3.82,nan,95,Left,Left,7607,569,553,29,nan,nan,0.54
5/12/2025 23:26:20,1.17.0,PRexp,10,3.82,nan,95,Left,Left,7608,569,553,29,nan,nan,0.56
5/12/2025 23:26:25,1.17.0,PRexp,10,3.81,nan,95,Left,Left,7609,569,553,29,nan,nan,0.63
5/12/2025 23:26:27,1.17.0,PRexp,10,3.82,nan,95,Left,Left,7610,569,553,29,nan,nan,0.40
5/12/2025 23:26:31,1.17.0,PRexp,10,3.82,nan,95,Left,Left,7611,569,553,29,nan,nan,0.26
5/12/2025 23:26:37,1.17.0,PRexp,10,3.82,nan,95,Left,Left,7612,569,553,29,nan,nan,0.59
5/12/2025 23:26:41,1.17.0,PRexp,10,3.82,nan,95,Left,Left,7613,569,553,29,nan,nan,0.50
5/12/2025 23:26:45,1.17.0,PRexp,10,3.82,nan,95,Right,Left,7613,570,553,29,nan,nan,0.12
5/12/2025 23:26:49,1.17.0,PRexp,10,3.82,nan,95,Right,Left,7613,571,553,29,nan,nan,0.19
5/12/2025 23:27:02,1.17.0,PRexp,10,3.81,nan,95,Left,Left,7614,571,553,29,nan,nan,0.13
5/12/2025 23:27:22,1.17.0,PRexp,10,3.81,nan,95,Left,Left,7615,571,553,29,nan,nan,0.18
5/12/2025 23:27:23,1.17.0,PRexp,10,3.81,nan,95,Left,Left,7616,571,553,29,nan,nan,0.00
5/12/2025 23:27:25,1.17.0,PRexp,10,3.82,nan,95,Left,Left,7617,571,553,29,nan,nan,0.19
5/12/2025 23:27:52,1.17.0,PRexp,10,3.82,nan,95,Left,Left,7618,571,553,29,nan,nan,0.02
5/12/2025 23:27:53,1.17.0,PRexp,10,3.82,nan,95,Left,Left,7619,571,553,29,nan,nan,0.18
5/12/2025 23:28:06,1.17.0,PRexp,10,3.82,nan,95,Left,Left,7620,571,553,29,nan,nan,0.11
5/12/2025 23:28:12,1.17.0,PRexp,10,3.81,nan,95,Left,Left,7621,571,553,29,nan,nan,0.45
5/12/2025 23:28:21,1.17.0,PRexp,10,3.82,nan,95,Left,Left,7622,571,553,29,nan,nan,0.17
5/12/2025 23:28:24,1.17.0,PRexp,10,3.82,nan,95,Left,Left,7623,571,553,29,nan,nan,0.26
5/12/2025 23:28:27,1.17.0,PRexp,10,3.81,nan,95,Left,Left,7624,571,553,29,nan,nan,0.07
5/12/2025 23:28:54,1.17.0,PRexp,10,3.81,nan,95,Left,Left,7625,571,553,29,nan,nan,0.07
5/12/2025 23:29:20,1.17.0,PRexp,10,3.82,nan,95,Left,Left,7626,571,553,29,nan,nan,0.16
5/12/2025 23:30:08,1.17.0,PRexp,10,3.82,nan,95,Right,Left,7626,572,553,29,nan,nan,0.16
5/12/2025 23:30:12,1.17.0,PRexp,10,3.81,nan,95,Left,Left,7627,572,553,29,nan,nan,0.20
5/12/2025 23:30:18,1.17.0,PRexp,10,3.82,nan,95,Left,Left,7628,572,553,29,nan,nan,0.23
5/12/2025 23:30:25,1.17.0,PRexp,10,3.82,nan,95,Left,Left,7629,572,553,29,nan,nan,0.05
5/12/2025 23:30:29,1.17.0,PRexp,10,3.81,nan,95,Left,Left,7630,572,553,29,nan,nan,0.20
5/12/2025 23:30:32,1.17.0,PRexp,10,3.82,nan,95,Left,Left,7631,572,553,29,nan,nan,0.21
5/12/2025 23:31:51,1.17.0,PRexp,10,3.82,nan,95,Right,Left,7631,573,553,29,nan,nan,0.10
5/12/2025 23:32:00,1.17.0,PRexp,10,3.81,nan,95,Left,Left,7632,573,553,29,nan,nan,0.10
5/12/2025 23:32:03,1.17.0,PRexp,10,3.81,nan,95,Left,Left,7633,573,553,29,nan,nan,0.20
5/12/2025 23:32:07,1.17.0,PRexp,10,3.82,nan,95,Left,Left,7634,573,553,29,nan,nan,0.22
5/12/2025 23:32:09,1.17.0,PRexp,10,3.81,nan,95,Right,Left,7634,574,553,29,nan,nan,0.13
5/12/2025 23:32:18,1.17.0,PRexp,10,3.82,nan,95,Left,Left,7635,574,553,29,nan,nan,0.15
5/12/2025 23:32:21,1.17.0,PRexp,10,3.82,nan,95,Left,Left,7636,574,553,29,nan,nan,0.09
5/12/2025 23:32:40,1.17.0,PRexp,10,3.82,nan,95,Left,Left,7637,574,553,29,nan,nan,0.06
5/12/2025 23:34:32,1.17.0,PRexp,10,3.82,nan,95,Left,Left,7638,574,553,29,nan,nan,0.20
5/12/2025 23:34:33,1.17.0,PRexp,10,3.82,nan,95,Left,Left,7639,574,553,29,nan,nan,0.11
5/12/2025 23:34:35,1.17.0,PRexp,10,3.81,nan,95,Left,Left,7640,574,553,29,nan,nan,0.27
5/12/2025 23:34:38,1.17.0,PRexp,10,3.81,nan,95,Left,Left,7641,574,553,29,nan,nan,0.20
5/12/2025 23:34:41,1.17.0,PRexp,10,3.81,nan,95,Left,Left,7642,574,553,29,nan,nan,0.17
5/12/2025 23:34:44,1.17.0,PRexp,10,3.81,nan,95,Left,Left,7643,574,553,29,nan,nan,0.05
5/12/2025 23:34:46,1.17.0,PRexp,10,3.82,nan,95,Left,Left,7644,574,553,29,nan,nan,0.00
5/12/2025 23:34:48,1.17.0,PRexp,10,3.81,nan,95,Left,Left,7645,574,553,29,nan,nan,0.54
5/12/2025 23:36:04,1.17.0,PRexp,10,3.81,nan,95,Left,Left,7646,574,553,29,nan,nan,0.12
5/12/2025 23:36:06,1.17.0,PRexp,10,3.81,nan,95,Left,Left,7647,574,553,29,nan,nan,0.10
5/12/2025 23:36:09,1.17.0,PRexp,10,3.82,nan,95,Left,Left,7648,574,553,29,nan,nan,0.38
5/12/2025 23:36:11,1.17.0,PRexp,10,3.82,nan,95,Left,Left,7649,574,553,29,nan,nan,0.28
5/12/2025 23:36:14,1.17.0,PRexp,10,3.82,nan,95,Left,Left,7650,574,553,29,nan,nan,0.24
5/12/2025 23:36:18,1.17.0,PRexp,10,3.81,nan,95,Left,Left,7651,574,553,29,nan,nan,0.12
5/12/2025 23:36:24,1.17.0,PRexp,10,3.82,nan,95,Left,Left,7652,574,553,29,nan,nan,0.05
5/12/2025 23:36:27,1.17.0,PRexp,10,3.82,nan,95,Left,Left,7653,574,553,29,nan,nan,0.13
5/12/2025 23:36:44,1.17.0,PRexp,10,3.82,nan,95,Right,Left,7653,575,553,29,nan,nan,0.12
5/12/2025 23:37:37,1.17.0,PRexp,10,3.81,nan,95,Left,Left,7654,575,553,29,nan,nan,0.18
5/12/2025 23:37:38,1.17.0,PRexp,10,3.82,nan,95,Left,Left,7655,575,553,29,nan,nan,0.22
5/12/2025 23:37:51,1.17.0,PRexp,10,3.82,nan,95,Left,Left,7656,575,553,29,nan,nan,0.12
5/12/2025 23:38:10,1.17.0,PRexp,10,3.82,nan,95,Left,Left,7657,575,553,29,nan,nan,0.23
5/12/2025 23:38:14,1.17.0,PRexp,10,3.81,nan,95,Left,Left,7658,575,553,29,nan,nan,0.06
5/12/2025 23:38:19,1.17.0,PRexp,10,3.81,nan,95,Left,Left,7659,575,553,29,nan,nan,0.13
5/12/2025 23:38:21,1.17.0,PRexp,10,3.81,nan,95,Left,Left,7660,575,553,29,nan,nan,0.09
5/12/2025 23:38:52,1.17.0,PRexp,10,3.82,nan,95,Left,Left,7661,575,553,29,nan,nan,0.03
5/12/2025 23:39:25,1.17.0,PRexp,10,3.82,nan,95,Left,Left,7662,575,553,29,nan,nan,0.06
5/12/2025 23:39:28,1.17.0,PRexp,10,3.82,nan,95,Left,Left,7663,575,553,29,nan,nan,0.17
5/12/2025 23:39:31,1.17.0,PRexp,10,3.82,nan,95,Right,Left,7663,576,553,29,nan,nan,0.27
5/12/2025 23:39:34,1.17.0,PRexp,10,3.82,nan,95,Left,Left,7664,576,553,29,nan,nan,0.12
5/12/2025 23:39:38,1.17.0,PRexp,10,3.82,nan,95,Left,Left,7665,576,553,29,nan,nan,0.02
5/12/2025 23:41:24,1.17.0,PRexp,10,3.81,nan,95,Left,Left,7666,576,553,29,nan,nan,0.06
5/12/2025 23:41:26,1.17.0,PRexp,10,3.81,nan,95,Left,Left,7667,576,553,29,nan,nan,0.18
5/12/2025 23:41:31,1.17.0,PRexp,10,3.82,nan,95,Left,Left,7668,576,553,29,nan,nan,0.08
5/12/2025 23:41:34,1.17.0,PRexp,10,3.82,nan,95,Left,Left,7669,576,553,29,nan,nan,0.17
5/12/2025 23:41:41,1.17.0,PRexp,10,3.81,nan,95,Left,Left,7670,576,553,29,nan,nan,0.08
5/12/2025 23:41:48,1.17.0,PRexp,10,3.82,nan,95,Left,Left,7671,576,553,29,nan,nan,0.06
5/12/2025 23:41:50,1.17.0,PRexp,10,3.81,nan,95,Left,Left,7672,576,553,29,nan,nan,0.22
5/12/2025 23:41:52,1.17.0,PRexp,10,3.81,nan,95,Left,Left,7673,576,553,29,nan,nan,0.28
5/12/2025 23:41:55,1.17.0,PRexp,10,3.81,nan,95,Left,Left,7674,576,553,29,nan,nan,0.41
5/12/2025 23:41:59,1.17.0,PRexp,10,3.82,nan,95,Left,Left,7675,576,553,29,nan,nan,0.47
5/12/2025 23:42:02,1.17.0,PRexp,10,3.81,nan,95,Left,Left,7676,576,553,29,nan,nan,0.20
5/12/2025 23:42:07,1.17.0,PRexp,10,3.81,nan,95,Left,Left,7677,576,553,29,nan,nan,0.49
5/12/2025 23:42:16,1.17.0,PRexp,10,3.82,nan,95,Right,Left,7677,577,553,29,nan,nan,0.07
5/12/2025 23:42:17,1.17.0,PRexp,10,3.82,nan,95,Left,Left,7678,577,553,29,nan,nan,0.00
5/12/2025 23:42:19,1.17.0,PRexp,10,3.81,nan,95,Left,Left,7679,577,553,29,nan,nan,0.38
5/12/2025 23:42:23,1.17.0,PRexp,10,3.82,nan,95,Left,Left,7680,577,553,29,nan,nan,0.20
5/12/2025 23:42:56,1.17.0,PRexp,10,3.81,nan,95,Left,Left,7681,577,553,29,nan,nan,0.19
5/12/2025 23:43:00,1.17.0,PRexp,10,3.81,nan,95,Left,Left,7682,577,553,29,nan,nan,0.23
5/12/2025 23:43:39,1.17.0,PRexp,10,3.81,nan,95,Left,Left,7683,577,553,29,nan,nan,0.22
5/12/2025 23:43:40,1.17.0,PRexp,10,3.81,nan,95,Left,Left,7684,577,553,29,nan,nan,0.10
5/12/2025 23:43:42,1.17.0,PRexp,10,3.81,nan,95,Left,Left,7685,577,553,29,nan,nan,0.13
5/12/2025 23:44:36,1.17.0,PRexp,10,3.82,nan,95,Left,Left,7686,577,553,29,nan,nan,0.35
5/12/2025 23:44:59,1.17.0,PRexp,10,3.82,nan,95,Left,Left,7687,577,553,29,nan,nan,0.04
5/12/2025 23:46:29,1.17.0,PRexp,10,3.81,nan,95,Left,Left,7688,577,553,29,nan,nan,0.08
5/12/2025 23:47:27,1.17.0,PRexp,10,3.82,nan,95,Left,Left,7689,577,553,29,nan,nan,0.02
5/12/2025 23:47:32,1.17.0,PRexp,10,3.82,nan,95,Left,Left,7690,577,553,29,nan,nan,0.34
5/12/2025 23:47:34,1.17.0,PRexp,10,3.82,nan,95,Left,Left,7691,577,553,29,nan,nan,0.07
5/12/2025 23:47:37,1.17.0,PRexp,10,3.81,nan,95,Left,Left,7692,577,553,29,nan,nan,0.42
5/12/2025 23:47:40,1.17.0,PRexp,10,3.81,nan,95,Left,Left,7693,577,553,29,nan,nan,0.38
5/12/2025 23:47:43,1.17.0,PRexp,10,3.82,nan,95,Left,Left,7694,577,553,29,nan,nan,0.47
5/12/2025 23:47:56,1.17.0,PRexp,10,3.82,4,95,Pellet,Left,7694,577,554,30,4.42,1354,nan
5/12/2025 23:49:39,1.17.0,PRexp,10,3.81,nan,106,Left,Left,7695,577,554,30,nan,nan,0.40
5/12/2025 23:51:17,1.17.0,PRexp,10,3.82,nan,106,Left,Left,7696,577,554,30,nan,nan,0.27
5/12/2025 23:52:36,1.17.0,PRexp,10,3.82,nan,106,Left,Left,7697,577,554,30,nan,nan,0.00
5/12/2025 23:52:37,1.17.0,PRexp,10,3.81,nan,106,Left,Left,7698,577,554,30,nan,nan,0.09
5/12/2025 23:52:40,1.17.0,PRexp,10,3.81,nan,106,Left,Left,7699,577,554,30,nan,nan,0.10
5/12/2025 23:52:41,1.17.0,PRexp,10,3.81,nan,106,Left,Left,7700,577,554,30,nan,nan,0.22
5/12/2025 23:52:43,1.17.0,PRexp,10,3.81,nan,106,Left,Left,7701,577,554,30,nan,nan,0.05
5/12/2025 23:52:48,1.17.0,PRexp,10,3.82,nan,106,Left,Left,7702,577,554,30,nan,nan,0.04
5/12/2025 23:52:54,1.17.0,PRexp,10,3.81,nan,106,Left,Left,7703,577,554,30,nan,nan,0.00
5/12/2025 23:53:25,1.17.0,PRexp,10,3.82,nan,106,Right,Left,7703,578,554,30,nan,nan,0.20
5/12/2025 23:53:27,1.17.0,PRexp,10,3.81,nan,106,Left,Left,7704,578,554,30,nan,nan,0.02
5/12/2025 23:53:30,1.17.0,PRexp,10,3.80,nan,106,Left,Left,7705,578,554,30,nan,nan,0.15
5/12/2025 23:53:32,1.17.0,PRexp,10,3.82,nan,106,Left,Left,7706,578,554,30,nan,nan,0.17
5/12/2025 23:54:19,1.17.0,PRexp,10,3.81,nan,106,Left,Left,7707,578,554,30,nan,nan,0.13
5/12/2025 23:54:21,1.17.0,PRexp,10,3.82,nan,106,Left,Left,7708,578,554,30,nan,nan,0.12
5/12/2025 23:54:47,1.17.0,PRexp,10,3.82,nan,106,Right,Left,7708,579,554,30,nan,nan,0.50
5/12/2025 23:54:49,1.17.0,PRexp,10,3.82,nan,106,Left,Left,7709,579,554,30,nan,nan,0.12
5/12/2025 23:54:50,1.17.0,PRexp,10,3.82,nan,106,Right,Left,7709,580,554,30,nan,nan,0.00
5/12/2025 23:54:52,1.17.0,PRexp,10,3.81,nan,106,Left,Left,7710,580,554,30,nan,nan,0.08
5/12/2025 23:54:56,1.17.0,PRexp,10,3.82,nan,106,Left,Left,7711,580,554,30,nan,nan,0.13
5/12/2025 23:54:59,1.17.0,PRexp,10,3.82,nan,106,Left,Left,7712,580,554,30,nan,nan,0.22
5/12/2025 23:55:03,1.17.0,PRexp,10,3.81,nan,106,Left,Left,7713,580,554,30,nan,nan,0.17
5/12/2025 23:57:28,1.17.0,PRexp,10,3.81,nan,106,Left,Left,7714,580,554,30,nan,nan,0.23
5/12/2025 23:57:30,1.17.0,PRexp,10,3.81,nan,106,Left,Left,7715,580,554,30,nan,nan,0.20
5/12/2025 23:58:01,1.17.0,PRexp,10,3.81,nan,106,Right,Left,7715,581,554,30,nan,nan,0.10
5/12/2025 23:58:02,1.17.0,PRexp,10,3.82,nan,106,Right,Left,7715,582,554,30,nan,nan,0.00
5/12/2025 23:58:04,1.17.0,PRexp,10,3.82,nan,106,Left,Left,7716,582,554,30,nan,nan,0.31
5/12/2025 23:58:07,1.17.0,PRexp,10,3.81,nan,106,Left,Left,7717,582,554,30,nan,nan,0.18
5/12/2025 23:58:11,1.17.0,PRexp,10,3.81,nan,106,Left,Left,7718,582,554,30,nan,nan,0.43
5/12/2025 23:58:15,1.17.0,PRexp,10,3.82,nan,106,Left,Left,7719,582,554,30,nan,nan,0.23
5/12/2025 23:58:19,1.17.0,PRexp,10,3.81,nan,106,Left,Left,7720,582,554,30,nan,nan,0.23
5/12/2025 23:58:20,1.17.0,PRexp,10,3.81,nan,106,Left,Left,7721,582,554,30,nan,nan,0.19
5/13/2025 0:00:12,1.17.0,PRexp,10,3.81,nan,106,Left,Left,7722,582,554,30,nan,nan,0.24
5/13/2025 0:00:22,1.17.0,PRexp,10,3.81,nan,106,Left,Left,7723,582,554,30,nan,nan,0.12
5/13/2025 0:00:27,1.17.0,PRexp,10,3.81,nan,106,Left,Left,7724,582,554,30,nan,nan,0.46
5/13/2025 0:00:32,1.17.0,PRexp,10,3.81,nan,106,Left,Left,7725,582,554,30,nan,nan,0.40
5/13/2025 0:00:34,1.17.0,PRexp,10,3.81,nan,106,Left,Left,7726,582,554,30,nan,nan,0.10
5/13/2025 0:00:36,1.17.0,PRexp,10,3.82,nan,106,Right,Left,7726,583,554,30,nan,nan,0.05
5/13/2025 0:02:13,1.17.0,PRexp,10,3.81,nan,106,Left,Left,7727,583,554,30,nan,nan,0.06
5/13/2025 0:02:58,1.17.0,PRexp,10,3.81,nan,106,Left,Left,7728,583,554,30,nan,nan,0.05
5/13/2025 0:03:04,1.17.0,PRexp,10,3.81,nan,106,Left,Left,7729,583,554,30,nan,nan,0.00
5/13/2025 0:03:12,1.17.0,PRexp,10,3.82,nan,106,Left,Left,7730,583,554,30,nan,nan,0.05
5/13/2025 0:03:15,1.17.0,PRexp,10,3.82,nan,106,Left,Left,7731,583,554,30,nan,nan,0.14
5/13/2025 0:03:20,1.17.0,PRexp,10,3.81,nan,106,Left,Left,7732,583,554,30,nan,nan,0.19
5/13/2025 0:03:24,1.17.0,PRexp,10,3.81,nan,106,Left,Left,7733,583,554,30,nan,nan,0.53
5/13/2025 0:05:09,1.17.0,PRexp,10,3.81,nan,106,Left,Left,7734,583,554,30,nan,nan,0.16
5/13/2025 0:05:16,1.17.0,PRexp,10,3.81,nan,106,Left,Left,7735,583,554,30,nan,nan,0.18
5/13/2025 0:05:25,1.17.0,PRexp,10,3.82,nan,106,Left,Left,7736,583,554,30,nan,nan,0.23
5/13/2025 0:05:27,1.17.0,PRexp,10,3.81,nan,106,Left,Left,7737,583,554,30,nan,nan,0.08
5/13/2025 0:05:30,1.17.0,PRexp,10,3.81,nan,106,Left,Left,7738,583,554,30,nan,nan,0.21
5/13/2025 0:05:33,1.17.0,PRexp,10,3.81,nan,106,Right,Left,7738,584,554,30,nan,nan,0.08
5/13/2025 0:05:35,1.17.0,PRexp,10,3.82,nan,106,Left,Left,7739,584,554,30,nan,nan,0.19
5/13/2025 0:05:36,1.17.0,PRexp,10,3.81,nan,106,Left,Left,7740,584,554,30,nan,nan,0.26
5/13/2025 0:05:40,1.17.0,PRexp,10,3.81,nan,106,Left,Left,7741,584,554,30,nan,nan,0.22
5/13/2025 0:06:04,1.17.0,PRexp,10,3.81,nan,106,Left,Left,7742,584,554,30,nan,nan,0.17
5/13/2025 0:06:59,1.17.0,PRexp,10,3.81,nan,106,Left,Left,7743,584,554,30,nan,nan,0.23
5/13/2025 0:07:01,1.17.0,PRexp,10,3.81,nan,106,Left,Left,7744,584,554,30,nan,nan,0.18
5/13/2025 0:07:03,1.17.0,PRexp,10,3.81,nan,106,Left,Left,7745,584,554,30,nan,nan,0.01
5/13/2025 0:08:47,1.17.0,PRexp,10,3.81,nan,106,Left,Left,7746,584,554,30,nan,nan,0.28
5/13/2025 0:08:48,1.17.0,PRexp,10,3.81,nan,106,Left,Left,7747,584,554,30,nan,nan,0.25
5/13/2025 0:08:51,1.17.0,PRexp,10,3.81,nan,106,Left,Left,7748,584,554,30,nan,nan,0.08
5/13/2025 0:08:53,1.17.0,PRexp,10,3.80,nan,106,Left,Left,7749,584,554,30,nan,nan,0.20
5/13/2025 0:09:25,1.17.0,PRexp,10,3.82,nan,106,Left,Left,7750,584,554,30,nan,nan,0.15
5/13/2025 0:10:33,1.17.0,PRexp,10,3.82,nan,106,Left,Left,7751,584,554,30,nan,nan,0.25
5/13/2025 0:11:10,1.17.0,PRexp,10,3.82,nan,106,Left,Left,7752,584,554,30,nan,nan,0.51
5/13/2025 0:11:12,1.17.0,PRexp,10,3.80,nan,106,Left,Left,7753,584,554,30,nan,nan,0.18
5/13/2025 0:11:14,1.17.0,PRexp,10,3.81,nan,106,Left,Left,7754,584,554,30,nan,nan,0.21
5/13/2025 0:11:16,1.17.0,PRexp,10,3.82,nan,106,Left,Left,7755,584,554,30,nan,nan,0.13
5/13/2025 0:11:18,1.17.0,PRexp,10,3.81,nan,106,Left,Left,7756,584,554,30,nan,nan,0.18
5/13/2025 0:11:21,1.17.0,PRexp,10,3.81,nan,106,Left,Left,7757,584,554,30,nan,nan,0.21
5/13/2025 0:11:24,1.17.0,PRexp,10,3.81,nan,106,Left,Left,7758,584,554,30,nan,nan,0.63
5/13/2025 0:11:27,1.17.0,PRexp,10,3.82,nan,106,Left,Left,7759,584,554,30,nan,nan,0.84
5/13/2025 0:11:34,1.17.0,PRexp,10,3.81,nan,106,Left,Left,7760,584,554,30,nan,nan,0.21
5/13/2025 0:11:58,1.17.0,PRexp,10,3.82,nan,106,Right,Left,7760,585,554,30,nan,nan,0.24
5/13/2025 0:12:00,1.17.0,PRexp,10,3.82,nan,106,Left,Left,7761,585,554,30,nan,nan,0.05
5/13/2025 0:12:05,1.17.0,PRexp,10,3.81,nan,106,Left,Left,7762,585,554,30,nan,nan,0.36
5/13/2025 0:12:07,1.17.0,PRexp,10,3.81,nan,106,Left,Left,7763,585,554,30,nan,nan,0.10
5/13/2025 0:12:10,1.17.0,PRexp,10,3.81,nan,106,Left,Left,7764,585,554,30,nan,nan,0.51
5/13/2025 0:12:13,1.17.0,PRexp,10,3.81,nan,106,Left,Left,7765,585,554,30,nan,nan,0.14
5/13/2025 0:12:16,1.17.0,PRexp,10,3.81,nan,106,Left,Left,7766,585,554,30,nan,nan,0.20
5/13/2025 0:12:19,1.17.0,PRexp,10,3.81,nan,106,Left,Left,7767,585,554,30,nan,nan,0.16
5/13/2025 0:12:21,1.17.0,PRexp,10,3.81,nan,106,Left,Left,7768,585,554,30,nan,nan,0.46
5/13/2025 0:12:25,1.17.0,PRexp,10,3.81,nan,106,Left,Left,7769,585,554,30,nan,nan,0.23
5/13/2025 0:12:26,1.17.0,PRexp,10,3.82,nan,106,Left,Left,7770,585,554,30,nan,nan,0.00
5/13/2025 0:12:30,1.17.0,PRexp,10,3.81,nan,106,Left,Left,7771,585,554,30,nan,nan,0.15
5/13/2025 0:12:33,1.17.0,PRexp,10,3.81,nan,106,Left,Left,7772,585,554,30,nan,nan,0.18
5/13/2025 0:12:35,1.17.0,PRexp,10,3.81,nan,106,Left,Left,7773,585,554,30,nan,nan,0.33
5/13/2025 0:12:39,1.17.0,PRexp,10,3.81,nan,106,Left,Left,7774,585,554,30,nan,nan,0.13
5/13/2025 0:18:43,1.17.0,PRexp,10,3.81,nan,106,Left,Left,7775,585,554,30,nan,nan,0.23
5/13/2025 0:18:46,1.17.0,PRexp,10,3.81,nan,106,Left,Left,7776,585,554,30,nan,nan,0.26
5/13/2025 0:18:48,1.17.0,PRexp,10,3.81,nan,106,Left,Left,7777,585,554,30,nan,nan,0.10
5/13/2025 0:18:49,1.17.0,PRexp,10,3.81,nan,106,Left,Left,7778,585,554,30,nan,nan,0.12
5/13/2025 0:18:52,1.17.0,PRexp,10,3.81,nan,106,Left,Left,7779,585,554,30,nan,nan,0.20
5/13/2025 0:18:54,1.17.0,PRexp,10,3.81,nan,106,Left,Left,7780,585,554,30,nan,nan,0.04
5/13/2025 0:20:57,1.17.0,PRexp,10,3.82,nan,106,Right,Left,7780,586,554,30,nan,nan,0.10
5/13/2025 0:21:00,1.17.0,PRexp,10,3.82,nan,106,Left,Left,7781,586,554,30,nan,nan,0.05
5/13/2025 0:21:03,1.17.0,PRexp,10,3.82,nan,106,Left,Left,7782,586,554,30,nan,nan,0.08
5/13/2025 0:21:04,1.17.0,PRexp,10,3.81,nan,106,Left,Left,7783,586,554,30,nan,nan,0.52
5/13/2025 0:21:08,1.17.0,PRexp,10,3.81,nan,106,Left,Left,7784,586,554,30,nan,nan,0.49
5/13/2025 0:21:14,1.17.0,PRexp,10,3.82,nan,106,Left,Left,7785,586,554,30,nan,nan,0.10
5/13/2025 0:21:19,1.17.0,PRexp,10,3.81,nan,106,Left,Left,7786,586,554,30,nan,nan,0.16
5/13/2025 0:21:22,1.17.0,PRexp,10,3.81,nan,106,Left,Left,7787,586,554,30,nan,nan,0.21
5/13/2025 0:21:25,1.17.0,PRexp,10,3.81,nan,106,Left,Left,7788,586,554,30,nan,nan,0.24
5/13/2025 0:21:28,1.17.0,PRexp,10,3.81,nan,106,Left,Left,7789,586,554,30,nan,nan,0.11
5/13/2025 0:21:44,1.17.0,PRexp,10,3.82,nan,106,Right,Left,7789,587,554,30,nan,nan,0.36
5/13/2025 0:21:46,1.17.0,PRexp,10,3.81,nan,106,Right,Left,7789,588,554,30,nan,nan,0.21
5/13/2025 0:21:48,1.17.0,PRexp,10,3.81,nan,106,Left,Left,7790,588,554,30,nan,nan,0.06
5/13/2025 0:21:51,1.17.0,PRexp,10,3.81,nan,106,Left,Left,7791,588,554,30,nan,nan,0.05
5/13/2025 0:22:00,1.17.0,PRexp,10,3.81,nan,106,Left,Left,7792,588,554,30,nan,nan,0.15
5/13/2025 0:22:01,1.17.0,PRexp,10,3.81,nan,106,Left,Left,7793,588,554,30,nan,nan,0.00
5/13/2025 0:22:02,1.17.0,PRexp,10,3.81,nan,106,Left,Left,7794,588,554,30,nan,nan,0.00
5/13/2025 0:22:04,1.17.0,PRexp,10,3.82,nan,106,Left,Left,7795,588,554,30,nan,nan,0.23
5/13/2025 0:26:13,1.17.0,PRexp,10,3.81,nan,106,Left,Left,7796,588,554,30,nan,nan,0.32
5/13/2025 0:45:23,1.17.0,PRexp,10,3.81,nan,106,Left,Left,7797,588,554,30,nan,nan,0.22
5/13/2025 0:45:26,1.17.0,PRexp,10,3.81,nan,106,Left,Left,7798,588,554,30,nan,nan,0.22
5/13/2025 0:45:32,1.17.0,PRexp,10,3.81,nan,106,Left,Left,7799,588,554,30,nan,nan,0.49
5/13/2025 0:45:36,1.17.0,PRexp,10,3.81,nan,106,Left,Left,7800,588,554,30,nan,nan,0.21
5/13/2025 0:45:40,1.17.0,PRexp,10,3.81,2,106,Pellet,Left,7800,588,555,31,0.06,3464,nan
5/13/2025 0:45:55,1.17.0,PRexp,10,3.81,nan,118,Left,Left,7801,588,555,31,nan,nan,0.27
5/13/2025 0:45:58,1.17.0,PRexp,10,3.81,nan,118,Left,Left,7802,588,555,31,nan,nan,0.73
5/13/2025 0:46:14,1.17.0,PRexp,10,3.81,nan,118,Left,Left,7803,588,555,31,nan,nan,0.19
5/13/2025 0:46:16,1.17.0,PRexp,10,3.81,nan,118,Left,Left,7804,588,555,31,nan,nan,0.07
5/13/2025 0:46:19,1.17.0,PRexp,10,3.81,nan,118,Left,Left,7805,588,555,31,nan,nan,0.13
5/13/2025 0:56:51,1.17.0,PRexp,10,3.81,nan,118,Left,Left,7806,588,555,31,nan,nan,0.12
5/13/2025 0:56:56,1.17.0,PRexp,10,3.81,nan,118,Left,Left,7807,588,555,31,nan,nan,0.09
5/13/2025 0:57:01,1.17.0,PRexp,10,3.81,nan,118,Left,Left,7808,588,555,31,nan,nan,0.54
5/13/2025 0:57:07,1.17.0,PRexp,10,3.81,nan,118,Left,Left,7809,588,555,31,nan,nan,0.68
5/13/2025 0:57:12,1.17.0,PRexp,10,3.81,nan,118,Left,Left,7810,588,555,31,nan,nan,0.14
5/13/2025 0:57:17,1.17.0,PRexp,10,3.81,nan,118,Left,Left,7811,588,555,31,nan,nan,0.71
5/13/2025 0:57:22,1.17.0,PRexp,10,3.80,nan,118,Left,Left,7812,588,555,31,nan,nan,0.75
5/13/2025 0:57:28,1.17.0,PRexp,10,3.81,nan,118,Left,Left,7813,588,555,31,nan,nan,0.03
5/13/2025 0:57:34,1.17.0,PRexp,10,3.81,nan,118,Left,Left,7814,588,555,31,nan,nan,1.44
5/13/2025 0:57:39,1.17.0,PRexp,10,3.81,nan,118,Left,Left,7815,588,555,31,nan,nan,1.43
5/13/2025 1:13:42,1.17.0,PRexp,10,3.81,nan,118,Left,Left,7816,588,555,31,nan,nan,0.14
5/13/2025 1:13:48,1.17.0,PRexp,10,3.81,nan,118,Left,Left,7817,588,555,31,nan,nan,0.13
5/13/2025 1:13:52,1.17.0,PRexp,10,3.80,nan,118,Left,Left,7818,588,555,31,nan,nan,0.23
5/13/2025 1:13:59,1.17.0,PRexp,10,3.80,nan,118,Left,Left,7819,588,555,31,nan,nan,0.55
5/13/2025 1:14:02,1.17.0,PRexp,10,3.80,nan,118,Left,Left,7820,588,555,31,nan,nan,0.54
5/13/2025 1:14:05,1.17.0,PRexp,10,3.81,nan,118,Left,Left,7821,588,555,31,nan,nan,0.28
5/13/2025 1:14:08,1.17.0,PRexp,10,3.81,nan,118,Left,Left,7822,588,555,31,nan,nan,0.03
5/13/2025 1:14:12,1.17.0,PRexp,10,3.81,nan,118,Left,Left,7823,588,555,31,nan,nan,1.43
5/13/2025 1:14:16,1.17.0,PRexp,10,3.81,nan,118,Left,Left,7824,588,555,31,nan,nan,0.28
5/13/2025 1:14:21,1.17.0,PRexp,10,3.81,nan,118,Left,Left,7825,588,555,31,nan,nan,0.74
5/13/2025 1:14:25,1.17.0,PRexp,10,3.81,nan,118,Left,Left,7826,588,555,31,nan,nan,0.69
5/13/2025 1:14:29,1.17.0,PRexp,10,3.81,nan,118,Left,Left,7827,588,555,31,nan,nan,0.42
5/13/2025 1:14:36,1.17.0,PRexp,10,3.81,nan,118,Left,Left,7828,588,555,31,nan,nan,0.54
5/13/2025 1:14:41,1.17.0,PRexp,10,3.81,nan,118,Left,Left,7829,588,555,31,nan,nan,0.32
5/13/2025 1:20:52,1.17.0,PRexp,10,3.81,nan,118,Left,Left,7830,588,555,31,nan,nan,0.35
5/13/2025 1:21:20,1.17.0,PRexp,10,3.81,nan,118,Left,Left,7831,588,555,31,nan,nan,0.07
5/13/2025 1:21:22,1.17.0,PRexp,10,3.81,nan,118,Left,Left,7832,588,555,31,nan,nan,0.23
5/13/2025 1:21:24,1.17.0,PRexp,10,3.80,nan,118,Left,Left,7833,588,555,31,nan,nan,0.13
5/13/2025 1:21:27,1.17.0,PRexp,10,3.80,nan,118,Left,Left,7834,588,555,31,nan,nan,1.06
5/13/2025 1:21:32,1.17.0,PRexp,10,3.81,nan,118,Left,Left,7835,588,555,31,nan,nan,0.72
5/13/2025 1:21:35,1.17.0,PRexp,10,3.80,nan,118,Left,Left,7836,588,555,31,nan,nan,0.67
5/13/2025 1:21:37,1.17.0,PRexp,10,3.81,nan,118,Left,Left,7837,588,555,31,nan,nan,0.59
5/13/2025 1:21:43,1.17.0,PRexp,10,3.81,nan,118,Left,Left,7838,588,555,31,nan,nan,1.08
5/13/2025 1:21:46,1.17.0,PRexp,10,3.81,nan,118,Left,Left,7839,588,555,31,nan,nan,0.37
5/13/2025 1:21:50,1.17.0,PRexp,10,3.81,nan,118,Left,Left,7840,588,555,31,nan,nan,0.36
5/13/2025 1:21:53,1.17.0,PRexp,10,3.81,nan,118,Left,Left,7841,588,555,31,nan,nan,1.00
5/13/2025 1:21:59,1.17.0,PRexp,10,3.81,nan,118,Left,Left,7842,588,555,31,nan,nan,0.41
5/13/2025 1:22:02,1.17.0,PRexp,10,3.82,nan,118,Left,Left,7843,588,555,31,nan,nan,0.46
5/13/2025 1:22:06,1.17.0,PRexp,10,3.81,nan,118,Left,Left,7844,588,555,31,nan,nan,0.14
5/13/2025 1:22:11,1.17.0,PRexp,10,3.81,nan,118,Left,Left,7845,588,555,31,nan,nan,0.10
5/13/2025 1:22:21,1.17.0,PRexp,10,3.81,nan,118,Left,Left,7846,588,555,31,nan,nan,0.19
5/13/2025 1:22:28,1.17.0,PRexp,10,3.81,nan,118,Left,Left,7847,588,555,31,nan,nan,0.00
5/13/2025 1:22:37,1.17.0,PRexp,10,3.81,nan,118,Left,Left,7848,588,555,31,nan,nan,0.07
5/13/2025 1:22:38,1.17.0,PRexp,10,3.80,nan,118,Left,Left,7849,588,555,31,nan,nan,0.05
5/13/2025 1:22:43,1.17.0,PRexp,10,3.81,nan,118,Left,Left,7850,588,555,31,nan,nan,0.17
5/13/2025 1:22:45,1.17.0,PRexp,10,3.81,nan,118,Left,Left,7851,588,555,31,nan,nan,0.54
5/13/2025 1:22:50,1.17.0,PRexp,10,3.80,nan,118,Left,Left,7852,588,555,31,nan,nan,0.09
5/13/2025 1:22:54,1.17.0,PRexp,10,3.81,nan,118,Left,Left,7853,588,555,31,nan,nan,0.11
5/13/2025 1:22:58,1.17.0,PRexp,10,3.81,nan,118,Left,Left,7854,588,555,31,nan,nan,0.19
5/13/2025 1:23:06,1.17.0,PRexp,10,3.81,nan,118,Left,Left,7855,588,555,31,nan,nan,0.08
5/13/2025 1:23:08,1.17.0,PRexp,10,3.82,nan,118,Left,Left,7856,588,555,31,nan,nan,0.27
5/13/2025 1:23:25,1.17.0,PRexp,10,3.80,nan,118,Right,Left,7856,589,555,31,nan,nan,0.28
5/13/2025 1:23:26,1.17.0,PRexp,10,3.81,nan,118,Right,Left,7856,590,555,31,nan,nan,0.00
5/13/2025 1:23:59,1.17.0,PRexp,10,3.81,nan,118,Right,Left,7856,591,555,31,nan,nan,0.02
5/13/2025 1:24:01,1.17.0,PRexp,10,3.81,nan,118,Left,Left,7857,591,555,31,nan,nan,0.08
5/13/2025 1:24:02,1.17.0,PRexp,10,3.81,nan,118,Right,Left,7857,592,555,31,nan,nan,0.00
5/13/2025 1:24:06,1.17.0,PRexp,10,3.81,nan,118,Left,Left,7858,592,555,31,nan,nan,0.38
5/13/2025 1:24:09,1.17.0,PRexp,10,3.81,nan,118,Left,Left,7859,592,555,31,nan,nan,0.39
5/13/2025 1:24:10,1.17.0,PRexp,10,3.81,nan,118,Left,Left,7860,592,555,31,nan,nan,0.00
5/13/2025 1:24:14,1.17.0,PRexp,10,3.82,nan,118,Left,Left,7861,592,555,31,nan,nan,0.18
5/13/2025 1:24:17,1.17.0,PRexp,10,3.81,nan,118,Left,Left,7862,592,555,31,nan,nan,0.52
5/13/2025 1:24:21,1.17.0,PRexp,10,3.81,nan,118,Left,Left,7863,592,555,31,nan,nan,0.26
5/13/2025 1:24:37,1.17.0,PRexp,10,3.81,nan,118,Left,Left,7864,592,555,31,nan,nan,0.07
5/13/2025 1:24:38,1.17.0,PRexp,10,3.81,nan,118,Left,Left,7865,592,555,31,nan,nan,0.00
5/13/2025 1:24:39,1.17.0,PRexp,10,3.81,nan,118,Left,Left,7866,592,555,31,nan,nan,0.08
5/13/2025 1:24:41,1.17.0,PRexp,10,3.81,nan,118,Left,Left,7867,592,555,31,nan,nan,0.20
5/13/2025 1:24:43,1.17.0,PRexp,10,3.81,nan,118,Left,Left,7868,592,555,31,nan,nan,0.19
5/13/2025 1:25:14,1.17.0,PRexp,10,3.80,nan,118,Left,Left,7869,592,555,31,nan,nan,0.10
5/13/2025 1:25:49,1.17.0,PRexp,10,3.81,nan,118,Left,Left,7870,592,555,31,nan,nan,0.07
5/13/2025 1:25:53,1.17.0,PRexp,10,3.81,nan,118,Left,Left,7871,592,555,31,nan,nan,0.26
5/13/2025 1:25:56,1.17.0,PRexp,10,3.81,nan,118,Left,Left,7872,592,555,31,nan,nan,0.54
5/13/2025 1:25:59,1.17.0,PRexp,10,3.81,nan,118,Left,Left,7873,592,555,31,nan,nan,0.25
5/13/2025 1:26:02,1.17.0,PRexp,10,3.81,nan,118,Left,Left,7874,592,555,31,nan,nan,0.37
5/13/2025 1:26:06,1.17.0,PRexp,10,3.82,nan,118,Left,Left,7875,592,555,31,nan,nan,0.17
5/13/2025 1:26:08,1.17.0,PRexp,10,3.81,nan,118,Left,Left,7876,592,555,31,nan,nan,0.10
5/13/2025 1:26:11,1.17.0,PRexp,10,3.81,nan,118,Left,Left,7877,592,555,31,nan,nan,0.08
5/13/2025 1:26:17,1.17.0,PRexp,10,3.80,nan,118,Left,Left,7878,592,555,31,nan,nan,0.52
5/13/2025 1:27:12,1.17.0,PRexp,10,3.81,nan,118,Left,Left,7879,592,555,31,nan,nan,0.18
5/13/2025 1:27:14,1.17.0,PRexp,10,3.81,nan,118,Left,Left,7880,592,555,31,nan,nan,0.40
5/13/2025 1:27:39,1.17.0,PRexp,10,3.80,nan,118,Left,Left,7881,592,555,31,nan,nan,0.14
5/13/2025 1:27:40,1.17.0,PRexp,10,3.81,nan,118,Left,Left,7882,592,555,31,nan,nan,0.09
5/13/2025 1:27:41,1.17.0,PRexp,10,3.82,nan,118,Left,Left,7883,592,555,31,nan,nan,0.16
5/13/2025 1:27:43,1.17.0,PRexp,10,3.81,nan,118,Left,Left,7884,592,555,31,nan,nan,0.12
5/13/2025 1:27:55,1.17.0,PRexp,10,3.81,nan,118,Left,Left,7885,592,555,31,nan,nan,0.11
5/13/2025 1:27:58,1.17.0,PRexp,10,3.80,nan,118,Right,Left,7885,593,555,31,nan,nan,0.18
5/13/2025 1:28:00,1.17.0,PRexp,10,3.81,nan,118,Left,Left,7886,593,555,31,nan,nan,0.18
5/13/2025 1:28:01,1.17.0,PRexp,10,3.81,nan,118,Left,Left,7887,593,555,31,nan,nan,0.12
5/13/2025 1:28:04,1.17.0,PRexp,10,3.81,nan,118,Left,Left,7888,593,555,31,nan,nan,0.23
5/13/2025 1:28:20,1.17.0,PRexp,10,3.81,nan,118,Left,Left,7889,593,555,31,nan,nan,0.16
5/13/2025 1:28:57,1.17.0,PRexp,10,3.81,nan,118,Left,Left,7890,593,555,31,nan,nan,0.06
5/13/2025 1:29:09,1.17.0,PRexp,10,3.81,nan,118,Left,Left,7891,593,555,31,nan,nan,0.06
5/13/2025 1:29:22,1.17.0,PRexp,10,3.81,nan,118,Right,Left,7891,594,555,31,nan,nan,0.21
5/13/2025 1:30:00,1.17.0,PRexp,10,3.81,nan,118,Left,Left,7892,594,555,31,nan,nan,0.11
5/13/2025 1:30:03,1.17.0,PRexp,10,3.80,nan,118,Left,Left,7893,594,555,31,nan,nan,0.05
5/13/2025 1:30:07,1.17.0,PRexp,10,3.81,nan,118,Left,Left,7894,594,555,31,nan,nan,0.12
5/13/2025 1:30:11,1.17.0,PRexp,10,3.81,nan,118,Left,Left,7895,594,555,31,nan,nan,0.24
5/13/2025 1:30:14,1.17.0,PRexp,10,3.81,nan,118,Left,Left,7896,594,555,31,nan,nan,0.37
5/13/2025 1:30:18,1.17.0,PRexp,10,3.80,nan,118,Left,Left,7897,594,555,31,nan,nan,0.28
5/13/2025 1:30:19,1.17.0,PRexp,10,3.81,nan,118,Left,Left,7898,594,555,31,nan,nan,0.15
5/13/2025 1:30:22,1.17.0,PRexp,10,3.80,nan,118,Left,Left,7899,594,555,31,nan,nan,0.35
5/13/2025 1:30:26,1.17.0,PRexp,10,3.81,nan,118,Left,Left,7900,594,555,31,nan,nan,0.41
5/13/2025 1:30:29,1.17.0,PRexp,10,3.81,nan,118,Left,Left,7901,594,555,31,nan,nan,0.10
5/13/2025 1:30:34,1.17.0,PRexp,10,3.81,nan,118,Left,Left,7902,594,555,31,nan,nan,0.15
5/13/2025 1:30:37,1.17.0,PRexp,10,3.81,nan,118,Left,Left,7903,594,555,31,nan,nan,0.22
5/13/2025 1:30:39,1.17.0,PRexp,10,3.81,nan,118,Left,Left,7904,594,555,31,nan,nan,0.18
5/13/2025 1:30:43,1.17.0,PRexp,10,3.81,nan,118,Left,Left,7905,594,555,31,nan,nan,0.17
5/13/2025 1:31:28,1.17.0,PRexp,10,3.81,nan,118,Left,Left,7906,594,555,31,nan,nan,0.39
5/13/2025 1:31:30,1.17.0,PRexp,10,3.80,nan,118,Left,Left,7907,594,555,31,nan,nan,0.09
5/13/2025 1:31:33,1.17.0,PRexp,10,3.80,nan,118,Left,Left,7908,594,555,31,nan,nan,0.45
5/13/2025 1:31:34,1.17.0,PRexp,10,3.81,nan,118,Left,Left,7909,594,555,31,nan,nan,0.17
5/13/2025 1:31:36,1.17.0,PRexp,10,3.81,nan,118,Left,Left,7910,594,555,31,nan,nan,0.00
5/13/2025 1:31:38,1.17.0,PRexp,10,3.81,nan,118,Left,Left,7911,594,555,31,nan,nan,0.20
5/13/2025 1:31:41,1.17.0,PRexp,10,3.80,nan,118,Left,Left,7912,594,555,31,nan,nan,0.17
5/13/2025 1:32:06,1.17.0,PRexp,10,3.80,nan,118,Left,Left,7913,594,555,31,nan,nan,0.16
5/13/2025 1:32:07,1.17.0,PRexp,10,3.80,nan,118,Left,Left,7914,594,555,31,nan,nan,0.00
5/13/2025 1:32:08,1.17.0,PRexp,10,3.80,nan,118,Left,Left,7915,594,555,31,nan,nan,0.00
5/13/2025 1:32:35,1.17.0,PRexp,10,3.81,nan,118,Left,Left,7916,594,555,31,nan,nan,0.41
5/13/2025 1:32:37,1.17.0,PRexp,10,3.81,nan,118,Left,Left,7917,594,555,31,nan,nan,0.28
5/13/2025 1:32:38,1.17.0,PRexp,10,3.81,nan,118,Left,Left,7918,594,555,31,nan,nan,0.18
5/13/2025 1:32:41,1.17.0,PRexp,10,3.81,2,118,Pellet,Left,7918,594,556,32,0.12,2821,nan
5/13/2025 1:33:53,1.17.0,PRexp,10,3.81,nan,131,Left,Left,7919,594,556,32,nan,nan,0.17
5/13/2025 1:33:55,1.17.0,PRexp,10,3.81,nan,131,Left,Left,7920,594,556,32,nan,nan,0.30
5/13/2025 1:33:56,1.17.0,PRexp,10,3.81,nan,131,Left,Left,7921,594,556,32,nan,nan,0.27
5/13/2025 1:34:03,1.17.0,PRexp,10,3.80,nan,131,Left,Left,7922,594,556,32,nan,nan,0.11
5/13/2025 1:34:07,1.17.0,PRexp,10,3.81,nan,131,Left,Left,7923,594,556,32,nan,nan,0.38
5/13/2025 1:34:10,1.17.0,PRexp,10,3.81,nan,131,Left,Left,7924,594,556,32,nan,nan,0.49
5/13/2025 1:34:13,1.17.0,PRexp,10,3.80,nan,131,Left,Left,7925,594,556,32,nan,nan,0.37
5/13/2025 1:34:15,1.17.0,PRexp,10,3.81,nan,131,Left,Left,7926,594,556,32,nan,nan,0.44
5/13/2025 1:34:22,1.17.0,PRexp,10,3.80,nan,131,Left,Left,7927,594,556,32,nan,nan,0.00
5/13/2025 1:36:07,1.17.0,PRexp,10,3.81,nan,131,Right,Left,7927,595,556,32,nan,nan,0.18
5/13/2025 1:36:12,1.17.0,PRexp,10,3.80,nan,131,Right,Left,7927,596,556,32,nan,nan,0.36
5/13/2025 1:36:13,1.17.0,PRexp,10,3.81,nan,131,Left,Left,7928,596,556,32,nan,nan,0.02
5/13/2025 1:36:35,1.17.0,PRexp,10,3.80,nan,131,Left,Left,7929,596,556,32,nan,nan,0.15
5/13/2025 1:37:14,1.17.0,PRexp,10,3.80,nan,131,Left,Left,7930,596,556,32,nan,nan,0.08
5/13/2025 1:37:40,1.17.0,PRexp,10,3.81,nan,131,Left,Left,7931,596,556,32,nan,nan,0.05
5/13/2025 1:37:43,1.17.0,PRexp,10,3.81,nan,131,Left,Left,7932,596,556,32,nan,nan,0.17
5/13/2025 1:37:45,1.17.0,PRexp,10,3.81,nan,131,Left,Left,7933,596,556,32,nan,nan,0.19
5/13/2025 1:37:47,1.17.0,PRexp,10,3.81,nan,131,Left,Left,7934,596,556,32,nan,nan,0.17
5/13/2025 1:37:51,1.17.0,PRexp,10,3.80,nan,131,Left,Left,7935,596,556,32,nan,nan,0.22
5/13/2025 1:38:13,1.17.0,PRexp,10,3.81,nan,131,Left,Left,7936,596,556,32,nan,nan,0.03
5/13/2025 1:38:17,1.17.0,PRexp,10,3.80,nan,131,Left,Left,7937,596,556,32,nan,nan,0.03
5/13/2025 1:38:37,1.17.0,PRexp,10,3.81,nan,131,Left,Left,7938,596,556,32,nan,nan,0.20
5/13/2025 1:39:10,1.17.0,PRexp,10,3.81,nan,131,Right,Left,7938,597,556,32,nan,nan,0.32
5/13/2025 1:39:13,1.17.0,PRexp,10,3.81,nan,131,Right,Left,7938,598,556,32,nan,nan,0.16
5/13/2025 1:39:16,1.17.0,PRexp,10,3.81,nan,131,Left,Left,7939,598,556,32,nan,nan,0.14
5/13/2025 1:39:19,1.17.0,PRexp,10,3.80,nan,131,Left,Left,7940,598,556,32,nan,nan,0.11
5/13/2025 1:39:22,1.17.0,PRexp,10,3.81,nan,131,Left,Left,7941,598,556,32,nan,nan,0.42
5/13/2025 1:39:24,1.17.0,PRexp,10,3.81,nan,131,Left,Left,7942,598,556,32,nan,nan,0.14
5/13/2025 1:39:27,1.17.0,PRexp,10,3.81,nan,131,Left,Left,7943,598,556,32,nan,nan,0.08
5/13/2025 1:39:32,1.17.0,PRexp,10,3.80,nan,131,Left,Left,7944,598,556,32,nan,nan,0.48
5/13/2025 1:39:36,1.17.0,PRexp,10,3.81,nan,131,Left,Left,7945,598,556,32,nan,nan,0.14
5/13/2025 1:39:38,1.17.0,PRexp,10,3.81,nan,131,Left,Left,7946,598,556,32,nan,nan,0.21
5/13/2025 1:40:26,1.17.0,PRexp,10,3.81,nan,131,Left,Left,7947,598,556,32,nan,nan,0.16
5/13/2025 1:40:27,1.17.0,PRexp,10,3.81,nan,131,Left,Left,7948,598,556,32,nan,nan,0.25
5/13/2025 1:40:30,1.17.0,PRexp,10,3.81,nan,131,Left,Left,7949,598,556,32,nan,nan,0.18
5/13/2025 1:40:44,1.17.0,PRexp,10,3.81,nan,131,Left,Left,7950,598,556,32,nan,nan,0.12
5/13/2025 1:41:18,1.17.0,PRexp,10,3.81,nan,131,Left,Left,7951,598,556,32,nan,nan,0.12
5/13/2025 1:41:24,1.17.0,PRexp,10,3.80,nan,131,Left,Left,7952,598,556,32,nan,nan,0.17
5/13/2025 1:41:27,1.17.0,PRexp,10,3.80,nan,131,Left,Left,7953,598,556,32,nan,nan,0.16
5/13/2025 1:41:31,1.17.0,PRexp,10,3.81,nan,131,Left,Left,7954,598,556,32,nan,nan,0.51
5/13/2025 1:41:35,1.17.0,PRexp,10,3.81,nan,131,Left,Left,7955,598,556,32,nan,nan,0.43
5/13/2025 1:41:38,1.17.0,PRexp,10,3.81,nan,131,Left,Left,7956,598,556,32,nan,nan,0.37
5/13/2025 1:41:41,1.17.0,PRexp,10,3.81,nan,131,Left,Left,7957,598,556,32,nan,nan,0.23
5/13/2025 1:41:44,1.17.0,PRexp,10,3.81,nan,131,Left,Left,7958,598,556,32,nan,nan,0.24
5/13/2025 1:41:47,1.17.0,PRexp,10,3.80,nan,131,Left,Left,7959,598,556,32,nan,nan,0.15
5/13/2025 1:41:50,1.17.0,PRexp,10,3.81,nan,131,Left,Left,7960,598,556,32,nan,nan,0.36
5/13/2025 1:42:21,1.17.0,PRexp,10,3.81,nan,131,Right,Left,7960,599,556,32,nan,nan,0.31
5/13/2025 1:42:22,1.17.0,PRexp,10,3.81,nan,131,Right,Left,7960,600,556,32,nan,nan,0.00
5/13/2025 1:42:25,1.17.0,PRexp,10,3.80,nan,131,Right,Left,7960,601,556,32,nan,nan,0.23
5/13/2025 1:42:27,1.17.0,PRexp,10,3.81,nan,131,Left,Left,7961,601,556,32,nan,nan,0.19
5/13/2025 1:42:29,1.17.0,PRexp,10,3.81,nan,131,Left,Left,7962,601,556,32,nan,nan,0.32
5/13/2025 1:42:57,1.17.0,PRexp,10,3.81,nan,131,Left,Left,7963,601,556,32,nan,nan,0.16
5/13/2025 1:43:00,1.17.0,PRexp,10,3.81,nan,131,Left,Left,7964,601,556,32,nan,nan,0.41
5/13/2025 1:43:03,1.17.0,PRexp,10,3.81,nan,131,Left,Left,7965,601,556,32,nan,nan,0.10
5/13/2025 1:43:04,1.17.0,PRexp,10,3.80,nan,131,Left,Left,7966,601,556,32,nan,nan,0.00
5/13/2025 1:43:08,1.17.0,PRexp,10,3.80,nan,131,Left,Left,7967,601,556,32,nan,nan,0.36
5/13/2025 1:43:11,1.17.0,PRexp,10,3.81,nan,131,Left,Left,7968,601,556,32,nan,nan,0.18
5/13/2025 1:43:14,1.17.0,PRexp,10,3.81,nan,131,Left,Left,7969,601,556,32,nan,nan,0.17
5/13/2025 1:43:18,1.17.0,PRexp,10,3.80,nan,131,Left,Left,7970,601,556,32,nan,nan,0.14
5/13/2025 1:45:24,1.17.0,PRexp,10,3.80,nan,131,Left,Left,7971,601,556,32,nan,nan,0.14
5/13/2025 1:45:26,1.17.0,PRexp,10,3.81,nan,131,Left,Left,7972,601,556,32,nan,nan,0.16
5/13/2025 1:46:31,1.17.0,PRexp,10,3.81,nan,131,Left,Left,7973,601,556,32,nan,nan,0.32
5/13/2025 1:46:37,1.17.0,PRexp,10,3.80,nan,131,Left,Left,7974,601,556,32,nan,nan,0.28
5/13/2025 1:46:40,1.17.0,PRexp,10,3.81,nan,131,Left,Left,7975,601,556,32,nan,nan,0.12
5/13/2025 1:46:43,1.17.0,PRexp,10,3.80,nan,131,Left,Left,7976,601,556,32,nan,nan,0.15
5/13/2025 1:46:47,1.17.0,PRexp,10,3.81,nan,131,Left,Left,7977,601,556,32,nan,nan,0.07
5/13/2025 1:47:07,1.17.0,PRexp,10,3.81,nan,131,Left,Left,7978,601,556,32,nan,nan,0.11
5/13/2025 1:47:10,1.17.0,PRexp,10,3.81,nan,131,Left,Left,7979,601,556,32,nan,nan,0.11
5/13/2025 1:47:13,1.17.0,PRexp,10,3.80,nan,131,Left,Left,7980,601,556,32,nan,nan,0.35
5/13/2025 1:48:18,1.17.0,PRexp,10,3.81,nan,131,Left,Left,7981,601,556,32,nan,nan,0.25
5/13/2025 1:48:33,1.17.0,PRexp,10,3.80,nan,131,Left,Left,7982,601,556,32,nan,nan,0.03
5/13/2025 1:48:35,1.17.0,PRexp,10,3.80,nan,131,Left,Left,7983,601,556,32,nan,nan,0.20
5/13/2025 1:48:45,1.17.0,PRexp,10,3.81,nan,131,Left,Left,7984,601,556,32,nan,nan,0.10
5/13/2025 1:48:49,1.17.0,PRexp,10,3.81,nan,131,Left,Left,7985,601,556,32,nan,nan,0.16
5/13/2025 1:48:51,1.17.0,PRexp,10,3.81,nan,131,Left,Left,7986,601,556,32,nan,nan,0.24
5/13/2025 1:48:56,1.17.0,PRexp,10,3.81,nan,131,Left,Left,7987,601,556,32,nan,nan,0.06
5/13/2025 1:48:59,1.17.0,PRexp,10,3.81,nan,131,Left,Left,7988,601,556,32,nan,nan,0.15
5/13/2025 1:49:02,1.17.0,PRexp,10,3.80,nan,131,Left,Left,7989,601,556,32,nan,nan,0.42
5/13/2025 1:49:04,1.17.0,PRexp,10,3.81,nan,131,Left,Left,7990,601,556,32,nan,nan,0.04
5/13/2025 1:49:07,1.17.0,PRexp,10,3.81,nan,131,Left,Left,7991,601,556,32,nan,nan,0.10
5/13/2025 1:49:09,1.17.0,PRexp,10,3.80,nan,131,Left,Left,7992,601,556,32,nan,nan,0.42
5/13/2025 1:49:14,1.17.0,PRexp,10,3.80,nan,131,Left,Left,7993,601,556,32,nan,nan,0.56
5/13/2025 1:49:18,1.17.0,PRexp,10,3.81,nan,131,Left,Left,7994,601,556,32,nan,nan,0.15
5/13/2025 1:49:30,1.17.0,PRexp,10,3.81,nan,131,Left,Left,7995,601,556,32,nan,nan,0.15
5/13/2025 1:49:34,1.17.0,PRexp,10,3.80,nan,131,Right,Left,7995,602,556,32,nan,nan,0.21
5/13/2025 1:49:35,1.17.0,PRexp,10,3.81,nan,131,Left,Left,7996,602,556,32,nan,nan,0.31
5/13/2025 1:49:37,1.17.0,PRexp,10,3.80,nan,131,Left,Left,7997,602,556,32,nan,nan,0.15
5/13/2025 1:50:30,1.17.0,PRexp,10,3.81,nan,131,Left,Left,7998,602,556,32,nan,nan,0.41
5/13/2025 1:51:16,1.17.0,PRexp,10,3.81,nan,131,Left,Left,7999,602,556,32,nan,nan,0.20
5/13/2025 1:51:19,1.17.0,PRexp,10,3.80,nan,131,Left,Left,8000,602,556,32,nan,nan,0.43
5/13/2025 1:51:22,1.17.0,PRexp,10,3.80,nan,131,Left,Left,8001,602,556,32,nan,nan,0.29
5/13/2025 1:51:24,1.17.0,PRexp,10,3.81,nan,131,Left,Left,8002,602,556,32,nan,nan,0.05
5/13/2025 1:51:33,1.17.0,PRexp,10,3.80,nan,131,Left,Left,8003,602,556,32,nan,nan,0.02
5/13/2025 1:51:37,1.17.0,PRexp,10,3.81,nan,131,Left,Left,8004,602,556,32,nan,nan,0.06
5/13/2025 1:51:41,1.17.0,PRexp,10,3.81,nan,131,Left,Left,8005,602,556,32,nan,nan,0.41
5/13/2025 1:51:47,1.17.0,PRexp,10,3.81,nan,131,Left,Left,8006,602,556,32,nan,nan,0.46
5/13/2025 1:51:50,1.17.0,PRexp,10,3.80,nan,131,Left,Left,8007,602,556,32,nan,nan,0.46
5/13/2025 1:51:53,1.17.0,PRexp,10,3.80,nan,131,Left,Left,8008,602,556,32,nan,nan,0.21
5/13/2025 1:51:55,1.17.0,PRexp,10,3.81,nan,131,Left,Left,8009,602,556,32,nan,nan,0.47
5/13/2025 1:52:09,1.17.0,PRexp,10,3.80,nan,131,Left,Left,8010,602,556,32,nan,nan,0.22
5/13/2025 1:54:35,1.17.0,PRexp,10,3.80,nan,131,Left,Left,8011,602,556,32,nan,nan,0.29
5/13/2025 1:54:37,1.17.0,PRexp,10,3.81,nan,131,Left,Left,8012,602,556,32,nan,nan,0.19
5/13/2025 1:54:41,1.17.0,PRexp,10,3.80,nan,131,Left,Left,8013,602,556,32,nan,nan,0.25
5/13/2025 1:54:42,1.17.0,PRexp,10,3.80,nan,131,Left,Left,8014,602,556,32,nan,nan,0.22
5/13/2025 1:54:49,1.17.0,PRexp,10,3.80,nan,131,Right,Left,8014,603,556,32,nan,nan,0.61
5/13/2025 1:54:51,1.17.0,PRexp,10,3.81,nan,131,Left,Left,8015,603,556,32,nan,nan,0.11
5/13/2025 1:54:53,1.17.0,PRexp,10,3.80,nan,131,Left,Left,8016,603,556,32,nan,nan,0.17
5/13/2025 1:54:55,1.17.0,PRexp,10,3.81,nan,131,Left,Left,8017,603,556,32,nan,nan,0.17
5/13/2025 1:55:01,1.17.0,PRexp,10,3.81,nan,131,Left,Left,8018,603,556,32,nan,nan,0.00
5/13/2025 1:55:45,1.17.0,PRexp,10,3.80,nan,131,Left,Left,8019,603,556,32,nan,nan,0.37
5/13/2025 1:55:46,1.17.0,PRexp,10,3.81,nan,131,Left,Left,8020,603,556,32,nan,nan,0.34
5/13/2025 1:55:47,1.17.0,PRexp,10,3.80,nan,131,Left,Left,8021,603,556,32,nan,nan,0.21
5/13/2025 1:55:49,1.17.0,PRexp,10,3.80,nan,131,Left,Left,8022,603,556,32,nan,nan,0.18
5/13/2025 1:55:51,1.17.0,PRexp,10,3.80,nan,131,Left,Left,8023,603,556,32,nan,nan,0.49
5/13/2025 1:55:53,1.17.0,PRexp,10,3.81,nan,131,Left,Left,8024,603,556,32,nan,nan,0.20
5/13/2025 1:55:56,1.17.0,PRexp,10,3.81,nan,131,Left,Left,8025,603,556,32,nan,nan,0.17
5/13/2025 1:55:59,1.17.0,PRexp,10,3.80,nan,131,Left,Left,8026,603,556,32,nan,nan,0.18
5/13/2025 1:56:22,1.17.0,PRexp,10,3.80,nan,131,Left,Left,8027,603,556,32,nan,nan,0.20
5/13/2025 1:56:24,1.17.0,PRexp,10,3.80,nan,131,Left,Left,8028,603,556,32,nan,nan,0.16
5/13/2025 1:56:27,1.17.0,PRexp,10,3.81,nan,131,Left,Left,8029,603,556,32,nan,nan,0.32
5/13/2025 1:56:31,1.17.0,PRexp,10,3.81,nan,131,Left,Left,8030,603,556,32,nan,nan,0.27
5/13/2025 1:56:34,1.17.0,PRexp,10,3.80,nan,131,Left,Left,8031,603,556,32,nan,nan,0.13
5/13/2025 1:57:16,1.17.0,PRexp,10,3.80,nan,131,Left,Left,8032,603,556,32,nan,nan,0.09
5/13/2025 1:58:12,1.17.0,PRexp,10,3.81,nan,131,Left,Left,8033,603,556,32,nan,nan,0.08
5/13/2025 1:58:14,1.17.0,PRexp,10,3.80,nan,131,Left,Left,8034,603,556,32,nan,nan,0.28
5/13/2025 1:59:09,1.17.0,PRexp,10,3.81,nan,131,Left,Left,8035,603,556,32,nan,nan,0.12
5/13/2025 1:59:11,1.17.0,PRexp,10,3.80,nan,131,Left,Left,8036,603,556,32,nan,nan,0.01
5/13/2025 1:59:14,1.17.0,PRexp,10,3.81,nan,131,Left,Left,8037,603,556,32,nan,nan,0.10
5/13/2025 1:59:16,1.17.0,PRexp,10,3.81,nan,131,Left,Left,8038,603,556,32,nan,nan,0.20
5/13/2025 1:59:45,1.17.0,PRexp,10,3.81,nan,131,Left,Left,8039,603,556,32,nan,nan,0.12
5/13/2025 1:59:46,1.17.0,PRexp,10,3.80,nan,131,Left,Left,8040,603,556,32,nan,nan,0.09
5/13/2025 1:59:48,1.17.0,PRexp,10,3.81,nan,131,Left,Left,8041,603,556,32,nan,nan,0.23
5/13/2025 1:59:54,1.17.0,PRexp,10,3.80,nan,131,Left,Left,8042,603,556,32,nan,nan,0.32
5/13/2025 1:59:56,1.17.0,PRexp,10,3.81,nan,131,Left,Left,8043,603,556,32,nan,nan,0.14
5/13/2025 2:00:01,1.17.0,PRexp,10,3.80,nan,131,Left,Left,8044,603,556,32,nan,nan,0.43
5/13/2025 2:00:03,1.17.0,PRexp,10,3.81,nan,131,Left,Left,8045,603,556,32,nan,nan,0.15
5/13/2025 2:00:05,1.17.0,PRexp,10,3.80,nan,131,Left,Left,8046,603,556,32,nan,nan,0.25
5/13/2025 2:00:09,1.17.0,PRexp,10,3.80,nan,131,Left,Left,8047,603,556,32,nan,nan,0.26
5/13/2025 2:00:13,1.17.0,PRexp,10,3.80,nan,131,Left,Left,8048,603,556,32,nan,nan,0.18
5/13/2025 2:00:18,1.17.0,PRexp,10,3.80,nan,131,Left,Left,8049,603,556,32,nan,nan,0.38
5/13/2025 2:00:23,1.17.0,PRexp,10,3.81,3,131,Pellet,Left,8049,603,557,33,0.06,1662,nan
5/13/2025 2:03:08,1.17.0,PRexp,10,3.81,nan,145,Left,Left,8050,603,557,33,nan,nan,0.21
5/13/2025 2:03:10,1.17.0,PRexp,10,3.80,nan,145,Left,Left,8051,603,557,33,nan,nan,0.23
5/13/2025 2:03:15,1.17.0,PRexp,10,3.81,nan,145,Left,Left,8052,603,557,33,nan,nan,0.50
5/13/2025 2:03:59,1.17.0,PRexp,10,3.81,nan,145,Right,Left,8052,604,557,33,nan,nan,0.21
5/13/2025 2:04:00,1.17.0,PRexp,10,3.81,nan,145,Left,Left,8053,604,557,33,nan,nan,0.08
5/13/2025 2:04:03,1.17.0,PRexp,10,3.80,nan,145,Left,Left,8054,604,557,33,nan,nan,0.32
5/13/2025 2:04:05,1.17.0,PRexp,10,3.81,nan,145,Left,Left,8055,604,557,33,nan,nan,0.44
5/13/2025 2:04:10,1.17.0,PRexp,10,3.80,nan,145,Left,Left,8056,604,557,33,nan,nan,0.25
5/13/2025 2:04:17,1.17.0,PRexp,10,3.81,nan,145,Left,Left,8057,604,557,33,nan,nan,0.66
5/13/2025 2:04:21,1.17.0,PRexp,10,3.81,nan,145,Left,Left,8058,604,557,33,nan,nan,0.32
5/13/2025 2:04:23,1.17.0,PRexp,10,3.80,nan,145,Left,Left,8059,604,557,33,nan,nan,0.18
5/13/2025 2:04:52,1.17.0,PRexp,10,3.80,nan,145,Right,Left,8059,605,557,33,nan,nan,0.05
5/13/2025 2:05:31,1.17.0,PRexp,10,3.81,nan,145,Left,Left,8060,605,557,33,nan,nan,0.07
5/13/2025 2:05:33,1.17.0,PRexp,10,3.80,nan,145,Left,Left,8061,605,557,33,nan,nan,0.27
5/13/2025 2:05:37,1.17.0,PRexp,10,3.80,nan,145,Left,Left,8062,605,557,33,nan,nan,0.45
5/13/2025 2:05:39,1.17.0,PRexp,10,3.81,nan,145,Left,Left,8063,605,557,33,nan,nan,0.16
5/13/2025 2:05:42,1.17.0,PRexp,10,3.81,nan,145,Left,Left,8064,605,557,33,nan,nan,0.44
5/13/2025 2:05:44,1.17.0,PRexp,10,3.80,nan,145,Left,Left,8065,605,557,33,nan,nan,0.32
5/13/2025 2:05:47,1.17.0,PRexp,10,3.81,nan,145,Left,Left,8066,605,557,33,nan,nan,0.27
5/13/2025 2:05:49,1.17.0,PRexp,10,3.81,nan,145,Left,Left,8067,605,557,33,nan,nan,0.17
5/13/2025 2:05:54,1.17.0,PRexp,10,3.81,nan,145,Left,Left,8068,605,557,33,nan,nan,0.20
5/13/2025 2:05:56,1.17.0,PRexp,10,3.81,nan,145,Left,Left,8069,605,557,33,nan,nan,0.11
5/13/2025 2:06:00,1.17.0,PRexp,10,3.80,nan,145,Left,Left,8070,605,557,33,nan,nan,0.24
5/13/2025 2:06:13,1.17.0,PRexp,10,3.80,nan,145,Left,Left,8071,605,557,33,nan,nan,0.30
5/13/2025 2:06:44,1.17.0,PRexp,10,3.81,nan,145,Left,Left,8072,605,557,33,nan,nan,0.11
5/13/2025 2:06:46,1.17.0,PRexp,10,3.80,nan,145,Left,Left,8073,605,557,33,nan,nan,0.03
5/13/2025 2:06:52,1.17.0,PRexp,10,3.81,nan,145,Left,Left,8074,605,557,33,nan,nan,0.00
5/13/2025 2:06:57,1.17.0,PRexp,10,3.81,nan,145,Left,Left,8075,605,557,33,nan,nan,0.13
5/13/2025 2:07:02,1.17.0,PRexp,10,3.80,nan,145,Left,Left,8076,605,557,33,nan,nan,0.50
5/13/2025 2:07:03,1.17.0,PRexp,10,3.81,nan,145,Left,Left,8077,605,557,33,nan,nan,0.11
5/13/2025 2:07:05,1.17.0,PRexp,10,3.81,nan,145,Left,Left,8078,605,557,33,nan,nan,0.17
5/13/2025 2:07:07,1.17.0,PRexp,10,3.80,nan,145,Left,Left,8079,605,557,33,nan,nan,0.00
5/13/2025 2:07:11,1.17.0,PRexp,10,3.81,nan,145,Left,Left,8080,605,557,33,nan,nan,0.09
5/13/2025 2:07:15,1.17.0,PRexp,10,3.81,nan,145,Left,Left,8081,605,557,33,nan,nan,0.21
5/13/2025 2:09:34,1.17.0,PRexp,10,3.80,nan,145,Left,Left,8082,605,557,33,nan,nan,0.15
5/13/2025 2:09:38,1.17.0,PRexp,10,3.80,nan,145,Left,Left,8083,605,557,33,nan,nan,0.36
5/13/2025 2:09:42,1.17.0,PRexp,10,3.81,nan,145,Left,Left,8084,605,557,33,nan,nan,0.09
5/13/2025 2:11:38,1.17.0,PRexp,10,3.81,nan,145,Left,Left,8085,605,557,33,nan,nan,0.00
5/13/2025 2:11:41,1.17.0,PRexp,10,3.80,nan,145,Left,Left,8086,605,557,33,nan,nan,0.06
5/13/2025 2:11:46,1.17.0,PRexp,10,3.80,nan,145,Left,Left,8087,605,557,33,nan,nan,0.52
5/13/2025 2:11:48,1.17.0,PRexp,10,3.80,nan,145,Left,Left,8088,605,557,33,nan,nan,0.08
5/13/2025 2:11:52,1.17.0,PRexp,10,3.81,nan,145,Left,Left,8089,605,557,33,nan,nan,0.11
5/13/2025 2:12:10,1.17.0,PRexp,10,3.80,nan,145,Left,Left,8090,605,557,33,nan,nan,0.21
5/13/2025 2:14:05,1.17.0,PRexp,10,3.81,nan,145,Left,Left,8091,605,557,33,nan,nan,0.00
5/13/2025 2:14:08,1.17.0,PRexp,10,3.80,nan,145,Left,Left,8092,605,557,33,nan,nan,0.08
5/13/2025 2:14:15,1.17.0,PRexp,10,3.80,nan,145,Left,Left,8093,605,557,33,nan,nan,0.13
5/13/2025 2:15:42,1.17.0,PRexp,10,3.80,nan,145,Left,Left,8094,605,557,33,nan,nan,0.17
5/13/2025 2:15:44,1.17.0,PRexp,10,3.81,nan,145,Left,Left,8095,605,557,33,nan,nan,0.31
5/13/2025 2:15:46,1.17.0,PRexp,10,3.80,nan,145,Left,Left,8096,605,557,33,nan,nan,0.18
5/13/2025 2:15:48,1.17.0,PRexp,10,3.80,nan,145,Left,Left,8097,605,557,33,nan,nan,0.19
5/13/2025 2:15:51,1.17.0,PRexp,10,3.80,nan,145,Left,Left,8098,605,557,33,nan,nan,0.38
5/13/2025 2:15:57,1.17.0,PRexp,10,3.81,nan,145,Left,Left,8099,605,557,33,nan,nan,0.22
5/13/2025 2:16:00,1.17.0,PRexp,10,3.81,nan,145,Left,Left,8100,605,557,33,nan,nan,0.14
5/13/2025 2:16:04,1.17.0,PRexp,10,3.81,nan,145,Left,Left,8101,605,557,33,nan,nan,0.66
5/13/2025 2:16:07,1.17.0,PRexp,10,3.80,nan,145,Left,Left,8102,605,557,33,nan,nan,0.23
5/13/2025 2:16:43,1.17.0,PRexp,10,3.81,nan,145,Right,Left,8102,606,557,33,nan,nan,0.19
5/13/2025 2:16:45,1.17.0,PRexp,10,3.81,nan,145,Left,Left,8103,606,557,33,nan,nan,0.16
5/13/2025 2:16:46,1.17.0,PRexp,10,3.81,nan,145,Right,Left,8103,607,557,33,nan,nan,0.00
5/13/2025 2:16:48,1.17.0,PRexp,10,3.81,nan,145,Left,Left,8104,607,557,33,nan,nan,0.13
5/13/2025 2:16:52,1.17.0,PRexp,10,3.81,nan,145,Left,Left,8105,607,557,33,nan,nan,0.68
5/13/2025 2:16:55,1.17.0,PRexp,10,3.80,nan,145,Left,Left,8106,607,557,33,nan,nan,0.04
5/13/2025 2:17:11,1.17.0,PRexp,10,3.81,nan,145,Right,Left,8106,608,557,33,nan,nan,0.06
5/13/2025 2:17:40,1.17.0,PRexp,10,3.80,nan,145,Left,Left,8107,608,557,33,nan,nan,0.06
5/13/2025 2:17:41,1.17.0,PRexp,10,3.81,nan,145,Left,Left,8108,608,557,33,nan,nan,0.23
5/13/2025 2:17:44,1.17.0,PRexp,10,3.80,nan,145,Left,Left,8109,608,557,33,nan,nan,0.49
5/13/2025 2:17:47,1.17.0,PRexp,10,3.81,nan,145,Left,Left,8110,608,557,33,nan,nan,0.22
5/13/2025 2:17:51,1.17.0,PRexp,10,3.80,nan,145,Left,Left,8111,608,557,33,nan,nan,0.39
5/13/2025 2:21:54,1.17.0,PRexp,10,3.80,nan,145,Left,Left,8112,608,557,33,nan,nan,0.02
5/13/2025 2:21:56,1.17.0,PRexp,10,3.80,nan,145,Left,Left,8113,608,557,33,nan,nan,0.17
5/13/2025 2:22:00,1.17.0,PRexp,10,3.81,nan,145,Left,Left,8114,608,557,33,nan,nan,0.23
5/13/2025 2:22:02,1.17.0,PRexp,10,3.80,nan,145,Left,Left,8115,608,557,33,nan,nan,0.37
5/13/2025 2:22:05,1.17.0,PRexp,10,3.81,nan,145,Left,Left,8116,608,557,33,nan,nan,0.37
5/13/2025 2:22:07,1.17.0,PRexp,10,3.80,nan,145,Left,Left,8117,608,557,33,nan,nan,0.17
5/13/2025 2:22:09,1.17.0,PRexp,10,3.80,nan,145,Left,Left,8118,608,557,33,nan,nan,0.31
5/13/2025 2:22:12,1.17.0,PRexp,10,3.81,nan,145,Left,Left,8119,608,557,33,nan,nan,0.09
5/13/2025 2:33:25,1.17.0,PRexp,10,3.80,nan,145,Left,Left,8120,608,557,33,nan,nan,0.09
5/13/2025 2:33:34,1.17.0,PRexp,10,3.80,nan,145,Left,Left,8121,608,557,33,nan,nan,0.81
5/13/2025 2:33:38,1.17.0,PRexp,10,3.80,nan,145,Left,Left,8122,608,557,33,nan,nan,0.04
5/13/2025 2:33:45,1.17.0,PRexp,10,3.80,nan,145,Left,Left,8123,608,557,33,nan,nan,0.00
5/13/2025 2:33:50,1.17.0,PRexp,10,3.80,nan,145,Left,Left,8124,608,557,33,nan,nan,1.76
5/13/2025 2:33:54,1.17.0,PRexp,10,3.80,nan,145,Left,Left,8125,608,557,33,nan,nan,0.16
5/13/2025 2:33:59,1.17.0,PRexp,10,3.81,nan,145,Left,Left,8126,608,557,33,nan,nan,0.25
5/13/2025 3:13:13,1.17.0,PRexp,10,3.80,nan,1,Left,Left,8127,608,557,0,nan,nan,0.13
5/13/2025 3:13:32,1.17.0,PRexp,10,3.80,9,1,Pellet,Left,8127,608,558,1,0.85,4389,nan
5/13/2025 3:14:11,1.17.0,PRexp,10,3.80,nan,1,Left,Left,8128,608,558,1,nan,nan,0.42
5/13/2025 3:14:32,1.17.0,PRexp,10,3.80,5,1,Pellet,Left,8128,608,559,2,11.58,59,nan
5/13/2025 3:15:00,1.17.0,PRexp,10,3.80,nan,2,Left,Left,8129,608,559,2,nan,nan,0.03
5/13/2025 3:15:05,1.17.0,PRexp,10,3.80,nan,2,Left,Left,8130,608,559,2,nan,nan,0.51
5/13/2025 3:15:08,1.17.0,PRexp,10,3.80,2,2,Pellet,Left,8130,608,560,3,0.06,37,nan
5/13/2025 3:15:28,1.17.0,PRexp,10,3.80,nan,2,Left,Left,8131,608,560,3,nan,nan,0.03
5/13/2025 3:15:31,1.17.0,PRexp,10,3.80,nan,2,Left,Left,8132,608,560,3,nan,nan,0.28
5/13/2025 3:15:35,1.17.0,PRexp,10,3.80,3,2,Pellet,Left,8132,608,561,4,0.24,27,nan
5/13/2025 3:15:52,1.17.0,PRexp,10,3.80,nan,3,Left,Left,8133,608,561,4,nan,nan,0.07
5/13/2025 3:15:54,1.17.0,PRexp,10,3.80,nan,3,Left,Left,8134,608,561,4,nan,nan,0.28
5/13/2025 3:15:57,1.17.0,PRexp,10,3.81,nan,3,Left,Left,8135,608,561,4,nan,nan,0.55
5/13/2025 3:16:03,1.17.0,PRexp,10,3.80,3,3,Pellet,Left,8135,608,562,5,0.06,28,nan
5/13/2025 3:16:14,1.17.0,PRexp,10,3.80,nan,4,Left,Left,8136,608,562,5,nan,nan,0.20
5/13/2025 3:16:17,1.17.0,PRexp,10,3.80,nan,4,Left,Left,8137,608,562,5,nan,nan,0.43
5/13/2025 3:16:19,1.17.0,PRexp,10,3.81,nan,4,Left,Left,8138,608,562,5,nan,nan,0.00
5/13/2025 3:16:21,1.17.0,PRexp,10,3.80,nan,4,Left,Left,8139,608,562,5,nan,nan,0.46
5/13/2025 3:16:35,1.17.0,PRexp,10,3.80,3,4,Pellet,Left,8139,608,563,6,9.79,32,nan
5/13/2025 3:17:20,1.17.0,PRexp,10,3.81,nan,5,Left,Left,8140,608,563,6,nan,nan,0.07
5/13/2025 3:17:30,1.17.0,PRexp,10,3.80,nan,5,Left,Left,8141,608,563,6,nan,nan,0.11
5/13/2025 3:17:32,1.17.0,PRexp,10,3.81,nan,5,Left,Left,8142,608,563,6,nan,nan,0.00
5/13/2025 3:17:35,1.17.0,PRexp,10,3.80,nan,5,Left,Left,8143,608,563,6,nan,nan,0.07
5/13/2025 3:17:37,1.17.0,PRexp,10,3.80,nan,5,Left,Left,8144,608,563,6,nan,nan,0.48
5/13/2025 3:17:44,1.17.0,PRexp,10,3.80,4,5,Pellet,Left,8144,608,564,7,0.06,69,nan
5/13/2025 3:18:15,1.17.0,PRexp,10,3.80,nan,6,Left,Left,8145,608,564,7,nan,nan,0.74
5/13/2025 3:18:18,1.17.0,PRexp,10,3.80,nan,6,Left,Left,8146,608,564,7,nan,nan,0.29
5/13/2025 3:18:19,1.17.0,PRexp,10,3.80,nan,6,Left,Left,8147,608,564,7,nan,nan,0.00
5/13/2025 3:18:22,1.17.0,PRexp,10,3.80,nan,6,Left,Left,8148,608,564,7,nan,nan,0.58
5/13/2025 3:18:23,1.17.0,PRexp,10,3.80,nan,6,Left,Left,8149,608,564,7,nan,nan,0.00
5/13/2025 3:18:27,1.17.0,PRexp,10,3.80,nan,6,Left,Left,8150,608,564,7,nan,nan,0.66
5/13/2025 3:18:43,1.17.0,PRexp,10,3.80,3,6,Pellet,Left,8150,608,565,8,9.85,59,nan
5/13/2025 3:20:19,1.17.0,PRexp,10,3.81,nan,7,Left,Left,8151,608,565,8,nan,nan,0.12
5/13/2025 3:20:23,1.17.0,PRexp,10,3.80,nan,7,Left,Left,8152,608,565,8,nan,nan,0.27
5/13/2025 3:20:25,1.17.0,PRexp,10,3.80,nan,7,Left,Left,8153,608,565,8,nan,nan,0.45
5/13/2025 3:20:29,1.17.0,PRexp,10,3.80,nan,7,Left,Left,8154,608,565,8,nan,nan,0.60
5/13/2025 3:20:32,1.17.0,PRexp,10,3.80,nan,7,Left,Left,8155,608,565,8,nan,nan,0.81
5/13/2025 3:20:35,1.17.0,PRexp,10,3.80,nan,7,Left,Left,8156,608,565,8,nan,nan,0.22
5/13/2025 3:20:40,1.17.0,PRexp,10,3.80,nan,7,Left,Left,8157,608,565,8,nan,nan,0.41
5/13/2025 3:21:11,1.17.0,PRexp,10,3.80,3,7,Pellet,Left,8157,608,566,9,26.29,148,nan
5/13/2025 3:21:49,1.17.0,PRexp,10,3.80,nan,9,Left,Left,8158,608,566,9,nan,nan,0.14
5/13/2025 3:21:50,1.17.0,PRexp,10,3.80,nan,9,Left,Left,8159,608,566,9,nan,nan,0.00
5/13/2025 3:21:55,1.17.0,PRexp,10,3.80,nan,9,Left,Left,8160,608,566,9,nan,nan,1.60
5/13/2025 3:21:58,1.17.0,PRexp,10,3.80,nan,9,Left,Left,8161,608,566,9,nan,nan,0.87
5/13/2025 3:22:01,1.17.0,PRexp,10,3.81,nan,9,Left,Left,8162,608,566,9,nan,nan,0.76
5/13/2025 3:22:02,1.17.0,PRexp,10,3.80,nan,9,Left,Left,8163,608,566,9,nan,nan,0.00
5/13/2025 3:22:07,1.17.0,PRexp,10,3.80,nan,9,Left,Left,8164,608,566,9,nan,nan,2.04
5/13/2025 3:22:10,1.17.0,PRexp,10,3.80,nan,9,Left,Left,8165,608,566,9,nan,nan,0.93
5/13/2025 3:22:13,1.17.0,PRexp,10,3.80,nan,9,Left,Left,8166,608,566,9,nan,nan,0.61
5/13/2025 3:22:18,1.17.0,PRexp,10,3.80,3,9,Pellet,Left,8166,608,567,10,0.06,67,nan
5/13/2025 3:22:56,1.17.0,PRexp,10,3.80,nan,10,Left,Left,8167,608,567,10,nan,nan,0.70
5/13/2025 3:22:59,1.17.0,PRexp,10,3.80,nan,10,Left,Left,8168,608,567,10,nan,nan,0.24
5/13/2025 3:23:02,1.17.0,PRexp,10,3.80,nan,10,Left,Left,8169,608,567,10,nan,nan,0.60
5/13/2025 3:23:06,1.17.0,PRexp,10,3.80,nan,10,Left,Left,8170,608,567,10,nan,nan,1.09
5/13/2025 3:23:09,1.17.0,PRexp,10,3.80,nan,10,Left,Left,8171,608,567,10,nan,nan,0.79
5/13/2025 3:23:14,1.17.0,PRexp,10,3.80,nan,10,Left,Left,8172,608,567,10,nan,nan,0.42
5/13/2025 3:23:17,1.17.0,PRexp,10,3.80,nan,10,Left,Left,8173,608,567,10,nan,nan,0.44
5/13/2025 3:23:21,1.17.0,PRexp,10,3.80,nan,10,Left,Left,8174,608,567,10,nan,nan,0.25
5/13/2025 3:23:27,1.17.0,PRexp,10,3.80,nan,10,Left,Left,8175,608,567,10,nan,nan,0.40
5/13/2025 3:44:51,1.17.0,PRexp,10,3.80,nan,10,Left,Left,8176,608,567,10,nan,nan,0.16
5/13/2025 3:44:54,1.17.0,PRexp,10,3.80,1,10,Pellet,Left,8176,608,568,11,0.85,1356,nan
5/13/2025 3:45:34,1.17.0,PRexp,10,3.80,nan,12,Left,Left,8177,608,568,11,nan,nan,0.29
5/13/2025 3:45:40,1.17.0,PRexp,10,3.80,nan,12,Left,Left,8178,608,568,11,nan,nan,1.01
5/13/2025 3:45:46,1.17.0,PRexp,10,3.80,nan,12,Left,Left,8179,608,568,11,nan,nan,0.42
5/13/2025 3:45:50,1.17.0,PRexp,10,3.80,nan,12,Left,Left,8180,608,568,11,nan,nan,0.24
5/13/2025 3:45:54,1.17.0,PRexp,10,3.80,nan,12,Left,Left,8181,608,568,11,nan,nan,0.57
5/13/2025 3:45:55,1.17.0,PRexp,10,3.80,nan,12,Left,Left,8182,608,568,11,nan,nan,0.50
5/13/2025 3:45:58,1.17.0,PRexp,10,3.80,nan,12,Left,Left,8183,608,568,11,nan,nan,0.03
5/13/2025 3:45:59,1.17.0,PRexp,10,3.80,nan,12,Left,Left,8184,608,568,11,nan,nan,0.00
5/13/2025 3:46:08,1.17.0,PRexp,10,3.80,nan,12,Left,Left,8185,608,568,11,nan,nan,0.63
5/13/2025 3:46:12,1.17.0,PRexp,10,3.80,nan,12,Left,Left,8186,608,568,11,nan,nan,0.49
5/13/2025 4:01:27,1.17.0,PRexp,10,3.80,nan,12,Left,Left,8187,608,568,11,nan,nan,0.15
5/13/2025 4:01:37,1.17.0,PRexp,10,3.80,nan,12,Left,Left,8188,608,568,11,nan,nan,0.66
5/13/2025 4:01:41,1.17.0,PRexp,10,3.80,2,12,Pellet,Left,8188,608,569,12,0.06,1007,nan
5/13/2025 4:02:25,1.17.0,PRexp,10,3.80,nan,13,Left,Left,8189,608,569,12,nan,nan,0.00
5/13/2025 4:04:45,1.17.0,PRexp,10,3.80,nan,13,Left,Left,8190,608,569,12,nan,nan,0.42
5/13/2025 4:04:48,1.17.0,PRexp,10,3.80,nan,13,Left,Left,8191,608,569,12,nan,nan,0.23
5/13/2025 4:04:53,1.17.0,PRexp,10,3.80,nan,13,Left,Left,8192,608,569,12,nan,nan,0.45
5/13/2025 4:04:55,1.17.0,PRexp,10,3.80,nan,13,Left,Left,8193,608,569,12,nan,nan,0.03
5/13/2025 4:05:00,1.17.0,PRexp,10,3.80,nan,13,Left,Left,8194,608,569,12,nan,nan,0.21
5/13/2025 4:05:04,1.17.0,PRexp,10,3.80,nan,13,Left,Left,8195,608,569,12,nan,nan,0.34
5/13/2025 4:05:09,1.17.0,PRexp,10,3.80,nan,13,Left,Left,8196,608,569,12,nan,nan,0.14
5/13/2025 4:05:13,1.17.0,PRexp,10,3.80,nan,13,Left,Left,8197,608,569,12,nan,nan,0.25
5/13/2025 4:05:15,1.17.0,PRexp,10,3.80,nan,13,Left,Left,8198,608,569,12,nan,nan,0.39
5/13/2025 4:05:19,1.17.0,PRexp,10,3.81,nan,13,Left,Left,8199,608,569,12,nan,nan,0.25
5/13/2025 4:05:22,1.17.0,PRexp,10,3.80,nan,13,Left,Left,8200,608,569,12,nan,nan,0.72
5/13/2025 4:05:26,1.17.0,PRexp,10,3.80,nan,13,Left,Left,8201,608,569,12,nan,nan,0.16
5/13/2025 4:05:49,1.17.0,PRexp,10,3.80,5,13,Pellet,Left,8201,608,570,13,12.75,248,nan
5/13/2025 4:07:08,1.17.0,PRexp,10,3.80,nan,15,Left,Left,8202,608,570,13,nan,nan,0.21
5/13/2025 4:07:17,1.17.0,PRexp,10,3.80,nan,15,Left,Left,8203,608,570,13,nan,nan,0.17
5/13/2025 4:07:20,1.17.0,PRexp,10,3.80,nan,15,Left,Left,8204,608,570,13,nan,nan,0.17
5/13/2025 4:07:22,1.17.0,PRexp,10,3.80,nan,15,Left,Left,8205,608,570,13,nan,nan,0.25
5/13/2025 4:08:39,1.17.0,PRexp,10,3.81,nan,15,Left,Left,8206,608,570,13,nan,nan,0.20
5/13/2025 4:08:41,1.17.0,PRexp,10,3.80,nan,15,Left,Left,8207,608,570,13,nan,nan,0.15
5/13/2025 4:08:43,1.17.0,PRexp,10,3.80,nan,15,Left,Left,8208,608,570,13,nan,nan,0.14
5/13/2025 4:08:46,1.17.0,PRexp,10,3.80,nan,15,Left,Left,8209,608,570,13,nan,nan,0.50
5/13/2025 4:08:49,1.17.0,PRexp,10,3.80,nan,15,Left,Left,8210,608,570,13,nan,nan,0.20
5/13/2025 4:08:53,1.17.0,PRexp,10,3.80,nan,15,Left,Left,8211,608,570,13,nan,nan,0.11
5/13/2025 4:08:54,1.17.0,PRexp,10,3.80,nan,15,Left,Left,8212,608,570,13,nan,nan,0.15
5/13/2025 4:09:01,1.17.0,PRexp,10,3.80,nan,15,Left,Left,8213,608,570,13,nan,nan,0.06
5/13/2025 4:09:04,1.17.0,PRexp,10,3.80,nan,15,Left,Left,8214,608,570,13,nan,nan,0.62
5/13/2025 4:09:12,1.17.0,PRexp,10,3.80,nan,15,Left,Left,8215,608,570,13,nan,nan,0.09
5/13/2025 4:09:14,1.17.0,PRexp,10,3.80,nan,15,Left,Left,8216,608,570,13,nan,nan,0.57
5/13/2025 4:09:28,1.17.0,PRexp,10,3.80,4,15,Pellet,Left,8216,608,571,14,6.09,219,nan
5/13/2025 4:10:52,1.17.0,PRexp,10,3.80,nan,17,Left,Left,8217,608,571,14,nan,nan,0.02
5/13/2025 4:27:55,1.17.0,PRexp,10,3.80,nan,17,Left,Left,8218,608,571,14,nan,nan,0.07
5/13/2025 4:29:02,1.17.0,PRexp,10,3.80,nan,17,Left,Left,8219,608,571,14,nan,nan,0.11
5/13/2025 4:29:11,1.17.0,PRexp,10,3.80,nan,17,Left,Left,8220,608,571,14,nan,nan,0.24
5/13/2025 4:29:13,1.17.0,PRexp,10,3.80,nan,17,Left,Left,8221,608,571,14,nan,nan,0.05
5/13/2025 4:29:21,1.17.0,PRexp,10,3.80,nan,17,Left,Left,8222,608,571,14,nan,nan,0.14
5/13/2025 4:29:28,1.17.0,PRexp,10,3.80,nan,17,Left,Left,8223,608,571,14,nan,nan,0.41
5/13/2025 4:29:35,1.17.0,PRexp,10,3.80,nan,17,Left,Left,8224,608,571,14,nan,nan,0.03
5/13/2025 4:29:37,1.17.0,PRexp,10,3.80,nan,17,Left,Left,8225,608,571,14,nan,nan,0.68
5/13/2025 4:29:42,1.17.0,PRexp,10,3.80,nan,17,Left,Left,8226,608,571,14,nan,nan,0.26
5/13/2025 4:29:44,1.17.0,PRexp,10,3.80,nan,17,Left,Left,8227,608,571,14,nan,nan,0.60
5/13/2025 4:29:50,1.17.0,PRexp,10,3.80,nan,17,Left,Left,8228,608,571,14,nan,nan,0.69
5/13/2025 4:29:56,1.17.0,PRexp,10,3.80,nan,17,Left,Left,8229,608,571,14,nan,nan,0.23
5/13/2025 4:29:58,1.17.0,PRexp,10,3.80,nan,17,Left,Left,8230,608,571,14,nan,nan,0.25
5/13/2025 4:30:01,1.17.0,PRexp,10,3.80,nan,17,Left,Left,8231,608,571,14,nan,nan,0.09
5/13/2025 4:30:07,1.17.0,PRexp,10,3.80,nan,17,Left,Left,8232,608,571,14,nan,nan,0.00
5/13/2025 4:31:02,1.17.0,PRexp,10,3.80,nan,17,Right,Left,8232,609,571,14,nan,nan,0.26
5/13/2025 4:31:06,1.17.0,PRexp,10,3.80,nan,17,Left,Left,8233,609,571,14,nan,nan,0.10
5/13/2025 4:31:13,1.17.0,PRexp,10,3.80,4,17,Pellet,Left,8233,609,572,15,0.24,1305,nan
5/13/2025 4:31:44,1.17.0,PRexp,10,3.80,nan,20,Left,Left,8234,609,572,15,nan,nan,0.01
5/13/2025 4:31:46,1.17.0,PRexp,10,3.80,nan,20,Left,Left,8235,609,572,15,nan,nan,0.11
5/13/2025 4:31:48,1.17.0,PRexp,10,3.80,nan,20,Left,Left,8236,609,572,15,nan,nan,0.07
5/13/2025 4:31:51,1.17.0,PRexp,10,3.80,nan,20,Left,Left,8237,609,572,15,nan,nan,0.29
5/13/2025 4:31:55,1.17.0,PRexp,10,3.80,nan,20,Left,Left,8238,609,572,15,nan,nan,0.43
5/13/2025 4:31:58,1.17.0,PRexp,10,3.80,nan,20,Left,Left,8239,609,572,15,nan,nan,0.24
5/13/2025 4:32:01,1.17.0,PRexp,10,3.80,nan,20,Left,Left,8240,609,572,15,nan,nan,0.52
5/13/2025 4:32:08,1.17.0,PRexp,10,3.80,nan,20,Left,Left,8241,609,572,15,nan,nan,0.10
5/13/2025 4:32:10,1.17.0,PRexp,10,3.80,nan,20,Left,Left,8242,609,572,15,nan,nan,0.17
5/13/2025 4:32:13,1.17.0,PRexp,10,3.80,nan,20,Left,Left,8243,609,572,15,nan,nan,0.23
5/13/2025 4:32:16,1.17.0,PRexp,10,3.80,nan,20,Left,Left,8244,609,572,15,nan,nan,0.21
5/13/2025 4:32:20,1.17.0,PRexp,10,3.80,nan,20,Left,Left,8245,609,572,15,nan,nan,0.53
5/13/2025 4:32:23,1.17.0,PRexp,10,3.80,nan,20,Left,Left,8246,609,572,15,nan,nan,0.08
5/13/2025 4:32:30,1.17.0,PRexp,10,3.80,nan,20,Left,Left,8247,609,572,15,nan,nan,0.15
5/13/2025 4:33:39,1.17.0,PRexp,10,3.80,nan,20,Left,Left,8248,609,572,15,nan,nan,0.08
5/13/2025 4:33:46,1.17.0,PRexp,10,3.80,nan,20,Left,Left,8249,609,572,15,nan,nan,0.03
5/13/2025 4:33:51,1.17.0,PRexp,10,3.80,nan,20,Left,Left,8250,609,572,15,nan,nan,0.15
5/13/2025 4:34:00,1.17.0,PRexp,10,3.80,nan,20,Left,Left,8251,609,572,15,nan,nan,0.16
5/13/2025 4:34:11,1.17.0,PRexp,10,3.80,nan,20,Left,Left,8252,609,572,15,nan,nan,0.11
5/13/2025 4:34:19,1.17.0,PRexp,10,3.80,nan,20,Left,Left,8253,609,572,15,nan,nan,0.49
5/13/2025 4:34:39,1.17.0,PRexp,10,3.80,5,20,Pellet,Left,8253,609,573,16,8.92,205,nan
5/13/2025 4:35:58,1.17.0,PRexp,10,3.80,nan,22,Left,Left,8254,609,573,16,nan,nan,0.07
5/13/2025 4:35:59,1.17.0,PRexp,10,3.80,nan,22,Left,Left,8255,609,573,16,nan,nan,0.00
5/13/2025 4:36:01,1.17.0,PRexp,10,3.80,nan,22,Left,Left,8256,609,573,16,nan,nan,0.24
5/13/2025 4:36:03,1.17.0,PRexp,10,3.80,nan,22,Left,Left,8257,609,573,16,nan,nan,0.45
5/13/2025 4:36:05,1.17.0,PRexp,10,3.80,nan,22,Left,Left,8258,609,573,16,nan,nan,0.20
5/13/2025 4:36:08,1.17.0,PRexp,10,3.80,nan,22,Left,Left,8259,609,573,16,nan,nan,0.35
5/13/2025 4:36:12,1.17.0,PRexp,10,3.80,nan,22,Left,Left,8260,609,573,16,nan,nan,0.20
5/13/2025 4:36:15,1.17.0,PRexp,10,3.80,nan,22,Left,Left,8261,609,573,16,nan,nan,0.28
5/13/2025 4:36:16,1.17.0,PRexp,10,3.80,nan,22,Left,Left,8262,609,573,16,nan,nan,0.00
5/13/2025 4:36:19,1.17.0,PRexp,10,3.80,nan,22,Left,Left,8263,609,573,16,nan,nan,0.15
5/13/2025 4:36:23,1.17.0,PRexp,10,3.80,nan,22,Left,Left,8264,609,573,16,nan,nan,0.24
5/13/2025 4:36:26,1.17.0,PRexp,10,3.80,nan,22,Left,Left,8265,609,573,16,nan,nan,0.33
5/13/2025 4:36:34,1.17.0,PRexp,10,3.80,nan,22,Left,Left,8266,609,573,16,nan,nan,0.01
5/13/2025 4:37:52,1.17.0,PRexp,10,3.80,nan,22,Left,Left,8267,609,573,16,nan,nan,0.20
5/13/2025 4:37:54,1.17.0,PRexp,10,3.80,nan,22,Left,Left,8268,609,573,16,nan,nan,0.15
5/13/2025 4:38:52,1.17.0,PRexp,10,3.80,nan,22,Right,Left,8268,610,573,16,nan,nan,0.23
5/13/2025 4:38:54,1.17.0,PRexp,10,3.80,nan,22,Right,Left,8268,611,573,16,nan,nan,0.17
5/13/2025 4:38:56,1.17.0,PRexp,10,3.80,nan,22,Right,Left,8268,612,573,16,nan,nan,0.17
5/13/2025 4:38:58,1.17.0,PRexp,10,3.80,nan,22,Right,Left,8268,613,573,16,nan,nan,0.20
5/13/2025 4:39:01,1.17.0,PRexp,10,3.80,nan,22,Right,Left,8268,614,573,16,nan,nan,0.20
5/13/2025 4:39:03,1.17.0,PRexp,10,3.80,nan,22,Left,Left,8269,614,573,16,nan,nan,0.08
5/13/2025 4:39:06,1.17.0,PRexp,10,3.80,nan,22,Left,Left,8270,614,573,16,nan,nan,0.32
5/13/2025 4:39:10,1.17.0,PRexp,10,3.80,nan,22,Left,Left,8271,614,573,16,nan,nan,0.61
5/13/2025 4:39:13,1.17.0,PRexp,10,3.80,nan,22,Left,Left,8272,614,573,16,nan,nan,0.24
5/13/2025 4:39:17,1.17.0,PRexp,10,3.80,nan,22,Left,Left,8273,614,573,16,nan,nan,0.10
5/13/2025 4:40:08,1.17.0,PRexp,10,3.80,nan,22,Left,Left,8274,614,573,16,nan,nan,0.08
5/13/2025 4:40:13,1.17.0,PRexp,10,3.80,nan,22,Left,Left,8275,614,573,16,nan,nan,0.12
5/13/2025 4:40:25,1.17.0,PRexp,10,3.80,6,22,Pellet,Left,8275,614,574,17,0.92,347,nan
5/13/2025 4:41:10,1.17.0,PRexp,10,3.80,nan,25,Left,Left,8276,614,574,17,nan,nan,0.07
5/13/2025 4:41:14,1.17.0,PRexp,10,3.80,nan,25,Left,Left,8277,614,574,17,nan,nan,0.19
5/13/2025 4:41:17,1.17.0,PRexp,10,3.80,nan,25,Left,Left,8278,614,574,17,nan,nan,0.35
5/13/2025 4:41:20,1.17.0,PRexp,10,3.80,nan,25,Left,Left,8279,614,574,17,nan,nan,0.37
5/13/2025 4:41:22,1.17.0,PRexp,10,3.80,nan,25,Left,Left,8280,614,574,17,nan,nan,0.28
5/13/2025 4:41:27,1.17.0,PRexp,10,3.80,nan,25,Left,Left,8281,614,574,17,nan,nan,0.38
5/13/2025 4:41:32,1.17.0,PRexp,10,3.80,nan,25,Left,Left,8282,614,574,17,nan,nan,0.22
5/13/2025 4:42:14,1.17.0,PRexp,10,3.80,nan,25,Left,Left,8283,614,574,17,nan,nan,0.00
5/13/2025 4:44:09,1.17.0,PRexp,10,3.80,nan,25,Left,Left,8284,614,574,17,nan,nan,0.08
5/13/2025 4:44:21,1.17.0,PRexp,10,3.80,nan,25,Right,Left,8284,615,574,17,nan,nan,0.31
5/13/2025 4:44:24,1.17.0,PRexp,10,3.80,nan,25,Right,Left,8284,616,574,17,nan,nan,0.18
5/13/2025 4:44:25,1.17.0,PRexp,10,3.80,nan,25,Left,Left,8285,616,574,17,nan,nan,0.05
5/13/2025 4:44:28,1.17.0,PRexp,10,3.80,nan,25,Left,Left,8286,616,574,17,nan,nan,0.09
5/13/2025 4:44:31,1.17.0,PRexp,10,3.80,nan,25,Left,Left,8287,616,574,17,nan,nan,0.42
5/13/2025 4:44:34,1.17.0,PRexp,10,3.80,nan,25,Left,Left,8288,616,574,17,nan,nan,0.20
5/13/2025 4:44:38,1.17.0,PRexp,10,3.80,nan,25,Left,Left,8289,616,574,17,nan,nan,0.30
5/13/2025 4:44:39,1.17.0,PRexp,10,3.80,nan,25,Left,Left,8290,616,574,17,nan,nan,0.21
5/13/2025 4:44:42,1.17.0,PRexp,10,3.80,nan,25,Left,Left,8291,616,574,17,nan,nan,0.23
5/13/2025 4:44:45,1.17.0,PRexp,10,3.80,nan,25,Left,Left,8292,616,574,17,nan,nan,0.46
5/13/2025 4:44:49,1.17.0,PRexp,10,3.80,nan,25,Left,Left,8293,616,574,17,nan,nan,0.39
5/13/2025 4:44:52,1.17.0,PRexp,10,3.80,nan,25,Left,Left,8294,616,574,17,nan,nan,0.10
5/13/2025 4:44:54,1.17.0,PRexp,10,3.80,nan,25,Left,Left,8295,616,574,17,nan,nan,0.09
5/13/2025 4:46:25,1.17.0,PRexp,10,3.80,nan,25,Left,Left,8296,616,574,17,nan,nan,0.00
5/13/2025 4:46:29,1.17.0,PRexp,10,3.80,nan,25,Left,Left,8297,616,574,17,nan,nan,0.21
5/13/2025 4:46:31,1.17.0,PRexp,10,3.80,nan,25,Left,Left,8298,616,574,17,nan,nan,0.16
5/13/2025 4:46:34,1.17.0,PRexp,10,3.80,nan,25,Left,Left,8299,616,574,17,nan,nan,0.07
5/13/2025 4:46:57,1.17.0,PRexp,10,3.80,nan,25,Left,Left,8300,616,574,17,nan,nan,0.25
5/13/2025 4:47:14,1.17.0,PRexp,10,3.80,4,25,Pellet,Left,8300,616,575,18,9.72,409,nan
5/13/2025 4:48:08,1.17.0,PRexp,10,3.80,nan,28,Left,Left,8301,616,575,18,nan,nan,0.37
5/13/2025 4:48:09,1.17.0,PRexp,10,3.80,nan,28,Left,Left,8302,616,575,18,nan,nan,0.00
5/13/2025 4:48:11,1.17.0,PRexp,10,3.80,nan,28,Left,Left,8303,616,575,18,nan,nan,0.12
5/13/2025 4:48:13,1.17.0,PRexp,10,3.80,nan,28,Left,Left,8304,616,575,18,nan,nan,0.25
5/13/2025 4:48:15,1.17.0,PRexp,10,3.80,nan,28,Left,Left,8305,616,575,18,nan,nan,0.15
5/13/2025 4:48:22,1.17.0,PRexp,10,3.80,nan,28,Left,Left,8306,616,575,18,nan,nan,0.00
5/13/2025 4:48:24,1.17.0,PRexp,10,3.80,nan,28,Left,Left,8307,616,575,18,nan,nan,0.18
5/13/2025 4:48:31,1.17.0,PRexp,10,3.80,nan,28,Left,Left,8308,616,575,18,nan,nan,0.00
5/13/2025 4:49:13,1.17.0,PRexp,10,3.80,nan,28,Right,Left,8308,617,575,18,nan,nan,0.21
5/13/2025 4:49:15,1.17.0,PRexp,10,3.80,nan,28,Left,Left,8309,617,575,18,nan,nan,0.12
5/13/2025 4:49:16,1.17.0,PRexp,10,3.80,nan,28,Left,Left,8310,617,575,18,nan,nan,0.26
5/13/2025 4:49:18,1.17.0,PRexp,10,3.80,nan,28,Left,Left,8311,617,575,18,nan,nan,0.17
5/13/2025 4:49:19,1.17.0,PRexp,10,3.80,nan,28,Left,Left,8312,617,575,18,nan,nan,0.45
5/13/2025 4:49:21,1.17.0,PRexp,10,3.80,nan,28,Left,Left,8313,617,575,18,nan,nan,0.19
5/13/2025 4:49:24,1.17.0,PRexp,10,3.80,nan,28,Left,Left,8314,617,575,18,nan,nan,0.18
5/13/2025 4:49:58,1.17.0,PRexp,10,3.80,nan,28,Left,Left,8315,617,575,18,nan,nan,0.05
5/13/2025 4:50:00,1.17.0,PRexp,10,3.80,nan,28,Left,Left,8316,617,575,18,nan,nan,0.13
5/13/2025 4:50:02,1.17.0,PRexp,10,3.80,nan,28,Left,Left,8317,617,575,18,nan,nan,0.37
5/13/2025 4:50:03,1.17.0,PRexp,10,3.80,nan,28,Left,Left,8318,617,575,18,nan,nan,0.23
5/13/2025 4:50:06,1.17.0,PRexp,10,3.80,nan,28,Left,Left,8319,617,575,18,nan,nan,0.21
5/13/2025 4:50:07,1.17.0,PRexp,10,3.80,nan,28,Left,Left,8320,617,575,18,nan,nan,0.19
5/13/2025 4:50:10,1.17.0,PRexp,10,3.80,nan,28,Left,Left,8321,617,575,18,nan,nan,0.57
5/13/2025 4:50:13,1.17.0,PRexp,10,3.80,nan,28,Left,Left,8322,617,575,18,nan,nan,0.20
5/13/2025 4:50:15,1.17.0,PRexp,10,3.80,nan,28,Left,Left,8323,617,575,18,nan,nan,0.43
5/13/2025 4:50:18,1.17.0,PRexp,10,3.80,nan,28,Left,Left,8324,617,575,18,nan,nan,0.18
5/13/2025 4:50:21,1.17.0,PRexp,10,3.80,nan,28,Left,Left,8325,617,575,18,nan,nan,0.11
5/13/2025 4:50:33,1.17.0,PRexp,10,3.80,nan,28,Left,Left,8326,617,575,18,nan,nan,0.00
5/13/2025 4:50:42,1.17.0,PRexp,10,3.80,nan,28,Right,Left,8326,618,575,18,nan,nan,0.30
5/13/2025 4:50:44,1.17.0,PRexp,10,3.80,nan,28,Left,Left,8327,618,575,18,nan,nan,0.06
5/13/2025 4:50:45,1.17.0,PRexp,10,3.80,nan,28,Right,Left,8327,619,575,18,nan,nan,0.00
5/13/2025 4:52:04,1.17.0,PRexp,10,3.80,nan,28,Left,Left,8328,619,575,18,nan,nan,0.00
5/13/2025 4:52:18,1.17.0,PRexp,10,3.80,4,28,Pellet,Left,8328,619,576,19,5.41,303,nan
5/13/2025 4:53:17,1.17.0,PRexp,10,3.80,nan,32,Left,Left,8329,619,576,19,nan,nan,0.05
5/13/2025 4:53:22,1.17.0,PRexp,10,3.80,nan,32,Left,Left,8330,619,576,19,nan,nan,0.29
5/13/2025 4:53:25,1.17.0,PRexp,10,3.80,nan,32,Left,Left,8331,619,576,19,nan,nan,0.39
5/13/2025 4:53:27,1.17.0,PRexp,10,3.80,nan,32,Left,Left,8332,619,576,19,nan,nan,0.24
5/13/2025 4:53:29,1.17.0,PRexp,10,3.80,nan,32,Left,Left,8333,619,576,19,nan,nan,0.41
5/13/2025 4:53:33,1.17.0,PRexp,10,3.80,nan,32,Left,Left,8334,619,576,19,nan,nan,0.52
5/13/2025 4:53:37,1.17.0,PRexp,10,3.80,nan,32,Left,Left,8335,619,576,19,nan,nan,0.50
5/13/2025 4:53:43,1.17.0,PRexp,10,3.80,nan,32,Left,Left,8336,619,576,19,nan,nan,0.00
5/13/2025 5:44:49,1.17.0,PRexp,10,3.80,nan,1,Left,Left,8337,619,576,0,nan,nan,0.11
5/13/2025 5:44:54,1.17.0,PRexp,10,3.80,3,1,Pellet,Left,8337,619,577,1,0.06,3157,nan
5/13/2025 5:45:20,1.17.0,PRexp,10,3.80,nan,1,Left,Left,8338,619,577,1,nan,nan,0.39
5/13/2025 5:45:23,1.17.0,PRexp,10,3.80,2,1,Pellet,Left,8338,619,578,2,0.06,29,nan
5/13/2025 5:45:32,1.17.0,PRexp,10,3.80,nan,2,Left,Left,8339,619,578,2,nan,nan,0.18
5/13/2025 5:45:35,1.17.0,PRexp,10,3.80,nan,2,Left,Left,8340,619,578,2,nan,nan,0.56
5/13/2025 5:45:48,1.17.0,PRexp,10,3.80,4,2,Pellet,Left,8340,619,579,3,6.15,25,nan
5/13/2025 5:46:55,1.17.0,PRexp,10,3.80,nan,2,Left,Left,8341,619,579,3,nan,nan,0.00
5/13/2025 5:46:57,1.17.0,PRexp,10,3.80,nan,2,Left,Left,8342,619,579,3,nan,nan,0.44
5/13/2025 5:47:13,1.17.0,PRexp,10,3.80,3,2,Pellet,Left,8342,619,580,4,9.97,85,nan
5/13/2025 5:47:52,1.17.0,PRexp,10,3.80,nan,3,Left,Left,8343,619,580,4,nan,nan,0.04
5/13/2025 5:47:55,1.17.0,PRexp,10,3.80,nan,3,Left,Left,8344,619,580,4,nan,nan,0.94
5/13/2025 5:47:58,1.17.0,PRexp,10,3.80,nan,3,Left,Left,8345,619,580,4,nan,nan,0.21
5/13/2025 5:48:11,1.17.0,PRexp,10,3.80,3,3,Pellet,Left,8345,619,581,5,8.68,58,nan
5/13/2025 5:48:54,1.17.0,PRexp,10,3.80,nan,4,Left,Left,8346,619,581,5,nan,nan,0.10
5/13/2025 5:48:58,1.17.0,PRexp,10,3.80,nan,4,Left,Left,8347,619,581,5,nan,nan,0.34
5/13/2025 5:49:01,1.17.0,PRexp,10,3.80,nan,4,Left,Left,8348,619,581,5,nan,nan,0.59
5/13/2025 5:49:05,1.17.0,PRexp,10,3.80,nan,4,Left,Left,8349,619,581,5,nan,nan,0.21
5/13/2025 5:49:09,1.17.0,PRexp,10,3.79,3,4,Pellet,Left,8349,619,582,6,0.06,58,nan
5/13/2025 5:49:35,1.17.0,PRexp,10,3.80,nan,5,Left,Left,8350,619,582,6,nan,nan,0.14
5/13/2025 5:49:37,1.17.0,PRexp,10,3.80,nan,5,Left,Left,8351,619,582,6,nan,nan,0.23
5/13/2025 5:49:38,1.17.0,PRexp,10,3.80,nan,5,Left,Left,8352,619,582,6,nan,nan,0.04
5/13/2025 5:49:40,1.17.0,PRexp,10,3.80,nan,5,Left,Left,8353,619,582,6,nan,nan,0.25
5/13/2025 5:49:41,1.17.0,PRexp,10,3.80,nan,5,Left,Left,8354,619,582,6,nan,nan,0.23
5/13/2025 5:49:52,1.17.0,PRexp,10,3.80,4,5,Pellet,Left,8354,619,583,7,4.49,43,nan
5/13/2025 5:50:31,1.17.0,PRexp,10,3.80,nan,6,Left,Left,8355,619,583,7,nan,nan,0.44
5/13/2025 5:50:34,1.17.0,PRexp,10,3.80,nan,6,Left,Left,8356,619,583,7,nan,nan,0.23
5/13/2025 5:50:37,1.17.0,PRexp,10,3.80,nan,6,Left,Left,8357,619,583,7,nan,nan,0.86
5/13/2025 5:50:41,1.17.0,PRexp,10,3.80,nan,6,Left,Left,8358,619,583,7,nan,nan,0.89
5/13/2025 5:50:44,1.17.0,PRexp,10,3.80,nan,6,Left,Left,8359,619,583,7,nan,nan,0.44
5/13/2025 5:50:47,1.17.0,PRexp,10,3.80,nan,6,Left,Left,8360,619,583,7,nan,nan,0.52
5/13/2025 5:50:51,1.17.0,PRexp,10,3.80,2,6,Pellet,Left,8360,619,584,8,0.06,59,nan
5/13/2025 5:51:21,1.17.0,PRexp,10,3.80,nan,7,Left,Left,8361,619,584,8,nan,nan,0.06
5/13/2025 5:51:32,1.17.0,PRexp,10,3.80,nan,7,Left,Left,8362,619,584,8,nan,nan,0.37
5/13/2025 5:51:34,1.17.0,PRexp,10,3.79,nan,7,Left,Left,8363,619,584,8,nan,nan,0.17
5/13/2025 5:51:38,1.17.0,PRexp,10,3.80,nan,7,Left,Left,8364,619,584,8,nan,nan,0.34
5/13/2025 5:51:41,1.17.0,PRexp,10,3.79,nan,7,Left,Left,8365,619,584,8,nan,nan,0.42
5/13/2025 5:51:43,1.17.0,PRexp,10,3.80,nan,7,Left,Left,8366,619,584,8,nan,nan,0.13
5/13/2025 5:51:48,1.17.0,PRexp,10,3.80,nan,7,Left,Left,8367,619,584,8,nan,nan,0.53
5/13/2025 5:52:01,1.17.0,PRexp,10,3.80,2,7,Pellet,Left,8367,619,585,9,9.23,70,nan
5/13/2025 5:53:22,1.17.0,PRexp,10,3.80,nan,9,Right,Left,8367,620,585,9,nan,nan,0.45
5/13/2025 5:53:26,1.17.0,PRexp,10,3.80,nan,9,Left,Left,8368,620,585,9,nan,nan,0.21
5/13/2025 5:53:27,1.17.0,PRexp,10,3.80,nan,9,Right,Left,8368,621,585,9,nan,nan,0.00
5/13/2025 5:53:50,1.17.0,PRexp,10,3.80,nan,9,Left,Left,8369,621,585,9,nan,nan,0.09
5/13/2025 5:53:57,1.17.0,PRexp,10,3.80,nan,9,Right,Left,8369,622,585,9,nan,nan,0.06
5/13/2025 5:53:58,1.17.0,PRexp,10,3.80,nan,9,Left,Left,8370,622,585,9,nan,nan,0.09
5/13/2025 5:54:00,1.17.0,PRexp,10,3.80,nan,9,Left,Left,8371,622,585,9,nan,nan,0.05
5/13/2025 5:54:01,1.17.0,PRexp,10,3.80,nan,9,Left,Left,8372,622,585,9,nan,nan,0.13
5/13/2025 5:54:04,1.17.0,PRexp,10,3.80,nan,9,Left,Left,8373,622,585,9,nan,nan,0.44
5/13/2025 5:54:09,1.17.0,PRexp,10,3.80,nan,9,Left,Left,8374,622,585,9,nan,nan,0.17
5/13/2025 5:54:48,1.17.0,PRexp,10,3.80,nan,9,Left,Left,8375,622,585,9,nan,nan,0.05
5/13/2025 5:54:50,1.17.0,PRexp,10,3.80,nan,9,Left,Left,8376,622,585,9,nan,nan,0.16
5/13/2025 5:54:53,1.17.0,PRexp,10,3.80,2,9,Pellet,Left,8376,622,586,10,0.12,172,nan
5/13/2025 5:55:36,1.17.0,PRexp,10,3.79,nan,10,Right,Left,8376,623,586,10,nan,nan,0.06
5/13/2025 5:55:50,1.17.0,PRexp,10,3.80,nan,10,Left,Left,8377,623,586,10,nan,nan,0.05
5/13/2025 5:55:54,1.17.0,PRexp,10,3.80,nan,10,Left,Left,8378,623,586,10,nan,nan,0.19
5/13/2025 5:56:32,1.17.0,PRexp,10,3.80,nan,10,Right,Left,8378,624,586,10,nan,nan,0.12
5/13/2025 5:56:36,1.17.0,PRexp,10,3.80,nan,10,Left,Left,8379,624,586,10,nan,nan,0.13
5/13/2025 5:58:27,1.17.0,PRexp,10,3.80,nan,10,Left,Left,8380,624,586,10,nan,nan,0.02
5/13/2025 5:58:44,1.17.0,PRexp,10,3.80,nan,10,Left,Left,8381,624,586,10,nan,nan,0.03
5/13/2025 5:58:46,1.17.0,PRexp,10,3.80,nan,10,Left,Left,8382,624,586,10,nan,nan,0.19
5/13/2025 5:58:48,1.17.0,PRexp,10,3.80,nan,10,Left,Left,8383,624,586,10,nan,nan,0.13
5/13/2025 5:58:51,1.17.0,PRexp,10,3.80,nan,10,Left,Left,8384,624,586,10,nan,nan,0.14
5/13/2025 5:59:48,1.17.0,PRexp,10,3.80,nan,10,Left,Left,8385,624,586,10,nan,nan,0.29
5/13/2025 5:59:50,1.17.0,PRexp,10,3.80,nan,10,Left,Left,8386,624,586,10,nan,nan,0.28
5/13/2025 6:00:07,1.17.0,PRexp,10,3.80,4,10,Pellet,Left,8386,624,587,11,8.50,314,nan
5/13/2025 6:00:39,1.17.0,PRexp,10,3.80,nan,12,Right,Left,8386,625,587,11,nan,nan,0.18
5/13/2025 6:00:40,1.17.0,PRexp,10,3.80,nan,12,Right,Left,8386,626,587,11,nan,nan,0.00
5/13/2025 6:00:44,1.17.0,PRexp,10,3.80,nan,12,Left,Left,8387,626,587,11,nan,nan,0.03
5/13/2025 6:00:47,1.17.0,PRexp,10,3.80,nan,12,Left,Left,8388,626,587,11,nan,nan,0.21
5/13/2025 6:00:54,1.17.0,PRexp,10,3.80,nan,12,Left,Left,8389,626,587,11,nan,nan,0.11
5/13/2025 6:00:58,1.17.0,PRexp,10,3.80,nan,12,Left,Left,8390,626,587,11,nan,nan,0.09
5/13/2025 6:01:01,1.17.0,PRexp,10,3.80,nan,12,Left,Left,8391,626,587,11,nan,nan,0.52
5/13/2025 6:01:08,1.17.0,PRexp,10,3.80,nan,12,Left,Left,8392,626,587,11,nan,nan,0.00
5/13/2025 6:01:42,1.17.0,PRexp,10,3.80,nan,12,Right,Left,8392,627,587,11,nan,nan,0.21
5/13/2025 6:01:45,1.17.0,PRexp,10,3.80,nan,12,Right,Left,8392,628,587,11,nan,nan,0.24
5/13/2025 6:01:48,1.17.0,PRexp,10,3.80,nan,12,Right,Left,8392,629,587,11,nan,nan,0.19
5/13/2025 6:01:52,1.17.0,PRexp,10,3.80,nan,12,Left,Left,8393,629,587,11,nan,nan,0.24
5/13/2025 6:01:53,1.17.0,PRexp,10,3.79,nan,12,Right,Left,8393,630,587,11,nan,nan,0.00
5/13/2025 6:01:55,1.17.0,PRexp,10,3.80,nan,12,Left,Left,8394,630,587,11,nan,nan,0.16
5/13/2025 6:01:58,1.17.0,PRexp,10,3.80,nan,12,Left,Left,8395,630,587,11,nan,nan,0.48
5/13/2025 6:02:00,1.17.0,PRexp,10,3.80,nan,12,Left,Left,8396,630,587,11,nan,nan,0.44
5/13/2025 6:02:02,1.17.0,PRexp,10,3.80,nan,12,Left,Left,8397,630,587,11,nan,nan,0.07
5/13/2025 6:02:05,1.17.0,PRexp,10,3.80,nan,12,Left,Left,8398,630,587,11,nan,nan,0.08
5/13/2025 6:02:10,1.17.0,PRexp,10,3.80,3,12,Pellet,Left,8398,630,588,12,0.18,123,nan
5/13/2025 6:02:36,1.17.0,PRexp,10,3.80,nan,13,Left,Left,8399,630,588,12,nan,nan,0.19
5/13/2025 6:02:39,1.17.0,PRexp,10,3.80,nan,13,Left,Left,8400,630,588,12,nan,nan,0.14
5/13/2025 6:04:21,1.17.0,PRexp,10,3.80,nan,13,Left,Left,8401,630,588,12,nan,nan,0.34
5/13/2025 6:04:23,1.17.0,PRexp,10,3.79,nan,13,Left,Left,8402,630,588,12,nan,nan,0.28
5/13/2025 6:04:26,1.17.0,PRexp,10,3.80,nan,13,Left,Left,8403,630,588,12,nan,nan,0.28
5/13/2025 6:04:28,1.17.0,PRexp,10,3.80,nan,13,Left,Left,8404,630,588,12,nan,nan,0.30
5/13/2025 6:04:30,1.17.0,PRexp,10,3.80,nan,13,Left,Left,8405,630,588,12,nan,nan,0.22
5/13/2025 6:29:59,1.17.0,PRexp,10,3.80,nan,13,Left,Left,8406,630,588,12,nan,nan,0.16
5/13/2025 6:30:03,1.17.0,PRexp,10,3.80,nan,13,Left,Left,8407,630,588,12,nan,nan,0.35
5/13/2025 6:30:07,1.17.0,PRexp,10,3.80,nan,13,Left,Left,8408,630,588,12,nan,nan,0.13
5/13/2025 6:50:31,1.17.0,PRexp,10,3.80,nan,13,Left,Left,8409,630,588,12,nan,nan,0.15
5/13/2025 6:50:33,1.17.0,PRexp,10,3.80,nan,13,Left,Left,8410,630,588,12,nan,nan,0.34
5/13/2025 6:50:36,1.17.0,PRexp,10,3.80,nan,13,Left,Left,8411,630,588,12,nan,nan,0.36
5/13/2025 6:50:42,1.17.0,PRexp,10,3.79,3,13,Pellet,Left,8411,630,589,13,0.79,2912,nan
5/13/2025 6:51:23,1.17.0,PRexp,10,3.80,nan,15,Left,Left,8412,630,589,13,nan,nan,0.07
5/13/2025 6:51:26,1.17.0,PRexp,10,3.80,nan,15,Left,Left,8413,630,589,13,nan,nan,0.44
5/13/2025 6:51:29,1.17.0,PRexp,10,3.80,nan,15,Left,Left,8414,630,589,13,nan,nan,0.11
5/13/2025 6:51:30,1.17.0,PRexp,10,3.80,nan,15,Left,Left,8415,630,589,13,nan,nan,0.00
5/13/2025 6:51:35,1.17.0,PRexp,10,3.79,nan,15,Left,Left,8416,630,589,13,nan,nan,0.38
5/13/2025 6:51:38,1.17.0,PRexp,10,3.80,nan,15,Left,Left,8417,630,589,13,nan,nan,0.27
5/13/2025 6:51:40,1.17.0,PRexp,10,3.80,nan,15,Left,Left,8418,630,589,13,nan,nan,0.18
5/13/2025 6:51:46,1.17.0,PRexp,10,3.80,nan,15,Left,Left,8419,630,589,13,nan,nan,0.61
5/13/2025 6:51:48,1.17.0,PRexp,10,3.80,nan,15,Left,Left,8420,630,589,13,nan,nan,0.86
5/13/2025 6:51:52,1.17.0,PRexp,10,3.80,nan,15,Left,Left,8421,630,589,13,nan,nan,0.24
5/13/2025 6:51:56,1.17.0,PRexp,10,3.79,nan,15,Left,Left,8422,630,589,13,nan,nan,0.48
5/13/2025 6:52:00,1.17.0,PRexp,10,3.80,nan,15,Left,Left,8423,630,589,13,nan,nan,1.07
5/13/2025 6:52:02,1.17.0,PRexp,10,3.80,nan,15,Left,Left,8424,630,589,13,nan,nan,0.64
5/13/2025 6:52:05,1.17.0,PRexp,10,3.80,nan,15,Left,Left,8425,630,589,13,nan,nan,0.68
5/13/2025 6:52:10,1.17.0,PRexp,10,3.80,nan,15,Left,Left,8426,630,589,13,nan,nan,0.68
5/13/2025 6:52:17,1.17.0,PRexp,10,3.80,4,15,Pellet,Left,8426,630,590,14,0.06,95,nan
5/13/2025 6:53:06,1.17.0,PRexp,10,3.79,nan,17,Left,Left,8427,630,590,14,nan,nan,0.65
5/13/2025 6:53:10,1.17.0,PRexp,10,3.80,nan,17,Left,Left,8428,630,590,14,nan,nan,0.24
5/13/2025 6:53:13,1.17.0,PRexp,10,3.80,nan,17,Left,Left,8429,630,590,14,nan,nan,0.18
5/13/2025 6:53:17,1.17.0,PRexp,10,3.79,nan,17,Left,Left,8430,630,590,14,nan,nan,0.40
5/13/2025 6:53:23,1.17.0,PRexp,10,3.80,nan,17,Left,Left,8431,630,590,14,nan,nan,1.46
5/13/2025 6:53:27,1.17.0,PRexp,10,3.80,nan,17,Left,Left,8432,630,590,14,nan,nan,0.84
5/13/2025 6:53:31,1.17.0,PRexp,10,3.80,nan,17,Left,Left,8433,630,590,14,nan,nan,0.87
5/13/2025 6:53:37,1.17.0,PRexp,10,3.80,nan,17,Left,Left,8434,630,590,14,nan,nan,0.47
5/13/2025 6:53:41,1.17.0,PRexp,10,3.80,nan,17,Left,Left,8435,630,590,14,nan,nan,0.88
5/13/2025 6:53:45,1.17.0,PRexp,10,3.80,nan,17,Left,Left,8436,630,590,14,nan,nan,0.27
5/13/2025 6:53:49,1.17.0,PRexp,10,3.80,nan,17,Left,Left,8437,630,590,14,nan,nan,0.73
5/13/2025 6:53:52,1.17.0,PRexp,10,3.80,nan,17,Left,Left,8438,630,590,14,nan,nan,0.28
5/13/2025 6:53:56,1.17.0,PRexp,10,3.80,nan,17,Left,Left,8439,630,590,14,nan,nan,0.42
5/13/2025 6:54:02,1.17.0,PRexp,10,3.80,nan,17,Left,Left,8440,630,590,14,nan,nan,0.34
5/13/2025 6:54:06,1.17.0,PRexp,10,3.80,nan,17,Left,Left,8441,630,590,14,nan,nan,0.94
5/13/2025 6:54:10,1.17.0,PRexp,10,3.80,nan,17,Left,Left,8442,630,590,14,nan,nan,0.20
5/13/2025 6:54:14,1.17.0,PRexp,10,3.80,nan,17,Left,Left,8443,630,590,14,nan,nan,0.91
5/13/2025 6:54:34,1.17.0,PRexp,10,3.80,4,17,Pellet,Left,8443,630,591,15,13.30,137,nan
5/13/2025 7:29:54,1.17.0,PRexp,10,3.80,nan,1,Left,Left,8444,630,591,0,nan,nan,0.17
5/13/2025 7:29:59,1.17.0,PRexp,10,3.79,3,1,Pellet,Left,8444,630,592,1,0.36,2125,nan
5/13/2025 7:30:44,1.17.0,PRexp,10,3.79,nan,1,Left,Left,8445,630,592,1,nan,nan,0.25
5/13/2025 7:30:46,1.17.0,PRexp,10,3.79,1,1,Pellet,Left,8445,630,593,2,0.06,47,nan
5/13/2025 7:31:09,1.17.0,PRexp,10,3.80,nan,2,Left,Left,8446,630,593,2,nan,nan,0.32
5/13/2025 7:31:18,1.17.0,PRexp,10,3.79,nan,2,Left,Left,8447,630,593,2,nan,nan,0.98
5/13/2025 7:31:37,1.17.0,PRexp,10,3.80,3,2,Pellet,Left,8447,630,594,3,11.63,50,nan
5/13/2025 7:32:35,1.17.0,PRexp,10,3.79,nan,2,Left,Left,8448,630,594,3,nan,nan,0.09
5/13/2025 7:32:38,1.17.0,PRexp,10,3.79,nan,2,Left,Left,8449,630,594,3,nan,nan,1.25
5/13/2025 7:32:55,1.17.0,PRexp,10,3.79,5,2,Pellet,Left,8449,630,595,4,8.12,79,nan
5/13/2025 7:34:49,1.17.0,PRexp,10,3.80,nan,3,Left,Left,8450,630,595,4,nan,nan,0.39
5/13/2025 7:34:56,1.17.0,PRexp,10,3.80,nan,3,Left,Left,8451,630,595,4,nan,nan,0.26
5/13/2025 7:35:01,1.17.0,PRexp,10,3.80,nan,3,Left,Left,8452,630,595,4,nan,nan,0.31
5/13/2025 7:35:08,1.17.0,PRexp,10,3.79,4,3,Pellet,Left,8452,630,596,5,0.06,132,nan
5/13/2025 7:35:52,1.17.0,PRexp,10,3.80,nan,4,Left,Left,8453,630,596,5,nan,nan,0.11
5/13/2025 7:35:54,1.17.0,PRexp,10,3.80,nan,4,Left,Left,8454,630,596,5,nan,nan,0.00
5/13/2025 7:35:57,1.17.0,PRexp,10,3.79,nan,4,Left,Left,8455,630,596,5,nan,nan,0.27
5/13/2025 7:35:59,1.17.0,PRexp,10,3.80,nan,4,Left,Left,8456,630,596,5,nan,nan,0.55
5/13/2025 7:36:02,1.17.0,PRexp,10,3.80,2,4,Pellet,Left,8456,630,597,6,0.67,55,nan
5/13/2025 7:36:57,1.17.0,PRexp,10,3.79,nan,5,Left,Left,8457,630,597,6,nan,nan,0.41
5/13/2025 7:37:03,1.17.0,PRexp,10,3.79,nan,5,Left,Left,8458,630,597,6,nan,nan,0.19
5/13/2025 7:37:09,1.17.0,PRexp,10,3.80,nan,5,Left,Left,8459,630,597,6,nan,nan,0.00
5/13/2025 7:37:14,1.17.0,PRexp,10,3.80,nan,5,Left,Left,8460,630,597,6,nan,nan,0.19
5/13/2025 7:37:18,1.17.0,PRexp,10,3.80,nan,5,Left,Left,8461,630,597,6,nan,nan,0.24
5/13/2025 7:37:20,1.17.0,PRexp,10,3.80,1,5,Pellet,Left,8461,630,598,7,0.12,78,nan
5/13/2025 7:37:46,1.17.0,PRexp,10,3.80,nan,6,Left,Left,8462,630,598,7,nan,nan,0.60
5/13/2025 7:37:49,1.17.0,PRexp,10,3.80,nan,6,Left,Left,8463,630,598,7,nan,nan,0.43
5/13/2025 7:37:50,1.17.0,PRexp,10,3.79,nan,6,Left,Left,8464,630,598,7,nan,nan,0.18
5/13/2025 7:37:53,1.17.0,PRexp,10,3.80,nan,6,Left,Left,8465,630,598,7,nan,nan,0.61
5/13/2025 7:37:56,1.17.0,PRexp,10,3.80,nan,6,Left,Left,8466,630,598,7,nan,nan,0.51
5/13/2025 7:38:00,1.17.0,PRexp,10,3.79,nan,6,Left,Left,8467,630,598,7,nan,nan,0.47
5/13/2025 7:38:12,1.17.0,PRexp,10,3.80,3,6,Pellet,Left,8467,630,599,8,7.94,52,nan
5/13/2025 7:39:43,1.17.0,PRexp,10,3.80,nan,7,Left,Left,8468,630,599,8,nan,nan,0.16
5/13/2025 7:40:35,1.17.0,PRexp,10,3.80,nan,7,Right,Left,8468,631,599,8,nan,nan,0.22
5/13/2025 7:40:38,1.17.0,PRexp,10,3.79,nan,7,Right,Left,8468,632,599,8,nan,nan,0.15
5/13/2025 7:40:47,1.17.0,PRexp,10,3.80,nan,7,Left,Left,8469,632,599,8,nan,nan,0.25
5/13/2025 7:40:49,1.17.0,PRexp,10,3.79,nan,7,Left,Left,8470,632,599,8,nan,nan,0.20
5/13/2025 7:40:52,1.17.0,PRexp,10,3.79,nan,7,Left,Left,8471,632,599,8,nan,nan,0.23
5/13/2025 7:40:53,1.17.0,PRexp,10,3.80,nan,7,Left,Left,8472,632,599,8,nan,nan,0.20
5/13/2025 7:40:57,1.17.0,PRexp,10,3.79,nan,7,Left,Left,8473,632,599,8,nan,nan,0.29
5/13/2025 7:40:59,1.17.0,PRexp,10,3.79,nan,7,Left,Left,8474,632,599,8,nan,nan,0.34
5/13/2025 7:41:03,1.17.0,PRexp,10,3.79,3,7,Pellet,Left,8474,632,600,9,0.12,171,nan
5/13/2025 7:41:32,1.17.0,PRexp,10,3.80,nan,9,Left,Left,8475,632,600,9,nan,nan,0.14
5/13/2025 7:42:26,1.17.0,PRexp,10,3.79,nan,9,Left,Left,8476,632,600,9,nan,nan,0.15
5/13/2025 7:42:27,1.17.0,PRexp,10,3.78,nan,9,Left,Left,8477,632,600,9,nan,nan,0.17
5/13/2025 7:42:30,1.17.0,PRexp,10,3.79,nan,9,Left,Left,8478,632,600,9,nan,nan,0.20
5/13/2025 7:42:32,1.17.0,PRexp,10,3.79,nan,9,Left,Left,8479,632,600,9,nan,nan,0.19
5/13/2025 7:42:35,1.17.0,PRexp,10,3.79,nan,9,Left,Left,8480,632,600,9,nan,nan,0.13
5/13/2025 7:42:37,1.17.0,PRexp,10,3.80,nan,9,Left,Left,8481,632,600,9,nan,nan,0.17
5/13/2025 7:42:39,1.17.0,PRexp,10,3.80,nan,9,Left,Left,8482,632,600,9,nan,nan,0.17
5/13/2025 7:43:13,1.17.0,PRexp,10,3.80,nan,9,Right,Left,8482,633,600,9,nan,nan,0.39
5/13/2025 7:43:16,1.17.0,PRexp,10,3.79,nan,9,Right,Left,8482,634,600,9,nan,nan,0.27
5/13/2025 7:43:19,1.17.0,PRexp,10,3.79,nan,9,Left,Left,8483,634,600,9,nan,nan,0.04
5/13/2025 7:43:22,1.17.0,PRexp,10,3.79,2,9,Pellet,Left,8483,634,601,10,0.18,139,nan
5/13/2025 7:43:56,1.17.0,PRexp,10,3.80,nan,10,Left,Left,8484,634,601,10,nan,nan,0.09
5/13/2025 7:44:01,1.17.0,PRexp,10,3.79,nan,10,Left,Left,8485,634,601,10,nan,nan,0.27
5/13/2025 7:44:04,1.17.0,PRexp,10,3.80,nan,10,Left,Left,8486,634,601,10,nan,nan,0.03
5/13/2025 7:44:08,1.17.0,PRexp,10,3.79,nan,10,Left,Left,8487,634,601,10,nan,nan,0.52
5/13/2025 7:44:10,1.17.0,PRexp,10,3.79,nan,10,Left,Left,8488,634,601,10,nan,nan,0.39
5/13/2025 7:44:13,1.17.0,PRexp,10,3.80,nan,10,Left,Left,8489,634,601,10,nan,nan,0.33
5/13/2025 7:44:16,1.17.0,PRexp,10,3.80,nan,10,Left,Left,8490,634,601,10,nan,nan,0.37
5/13/2025 7:44:19,1.17.0,PRexp,10,3.79,nan,10,Left,Left,8491,634,601,10,nan,nan,0.22
5/13/2025 7:44:22,1.17.0,PRexp,10,3.79,nan,10,Left,Left,8492,634,601,10,nan,nan,0.22
5/13/2025 7:48:22,1.17.0,PRexp,10,3.79,nan,10,Left,Left,8493,634,601,10,nan,nan,0.15
5/13/2025 7:48:28,1.17.0,PRexp,10,3.80,3,10,Pellet,Left,8493,634,602,11,0.06,306,nan
5/13/2025 7:49:01,1.17.0,PRexp,10,3.80,nan,12,Left,Left,8494,634,602,11,nan,nan,0.11
5/13/2025 7:49:07,1.17.0,PRexp,10,3.80,nan,12,Left,Left,8495,634,602,11,nan,nan,0.15
5/13/2025 7:49:12,1.17.0,PRexp,10,3.79,nan,12,Left,Left,8496,634,602,11,nan,nan,0.59
5/13/2025 8:43:53,1.17.0,PRexp,10,3.79,nan,1,Left,Left,8497,634,602,0,nan,nan,1.23
5/13/2025 8:44:01,1.17.0,PRexp,10,3.79,3,1,Pellet,Left,8497,634,603,1,1.04,3333,nan
5/13/2025 8:44:32,1.17.0,PRexp,10,3.79,nan,1,Left,Left,8498,634,603,1,nan,nan,0.00
5/13/2025 8:44:34,1.17.0,PRexp,10,3.79,2,1,Pellet,Left,8498,634,604,2,0.12,33,nan
5/13/2025 8:45:08,1.17.0,PRexp,10,3.80,nan,2,Left,Left,8499,634,604,2,nan,nan,0.66
5/13/2025 8:45:11,1.17.0,PRexp,10,3.79,nan,2,Left,Left,8500,634,604,2,nan,nan,0.23
5/13/2025 8:45:18,1.17.0,PRexp,10,3.79,4,2,Pellet,Left,8500,634,605,3,0.12,44,nan
5/13/2025 8:45:49,1.17.0,PRexp,10,3.80,nan,2,Left,Left,8501,634,605,3,nan,nan,0.15
5/13/2025 8:45:51,1.17.0,PRexp,10,3.79,nan,2,Left,Left,8502,634,605,3,nan,nan,0.15
5/13/2025 8:45:53,1.17.0,PRexp,10,3.79,1,2,Pellet,Left,8502,634,606,4,0.06,35,nan
5/13/2025 8:46:03,1.17.0,PRexp,10,3.79,nan,3,Left,Left,8503,634,606,4,nan,nan,0.12
5/13/2025 8:46:07,1.17.0,PRexp,10,3.79,nan,3,Left,Left,8504,634,606,4,nan,nan,0.29
5/13/2025 8:46:11,1.17.0,PRexp,10,3.79,nan,3,Left,Left,8505,634,606,4,nan,nan,0.44
5/13/2025 8:46:15,1.17.0,PRexp,10,3.79,2,3,Pellet,Left,8505,634,607,5,0.36,22,nan
5/13/2025 8:46:43,1.17.0,PRexp,10,3.79,nan,4,Left,Left,8506,634,607,5,nan,nan,0.08
5/13/2025 8:46:47,1.17.0,PRexp,10,3.78,nan,4,Left,Left,8507,634,607,5,nan,nan,1.10
5/13/2025 8:46:52,1.17.0,PRexp,10,3.79,nan,4,Left,Left,8508,634,607,5,nan,nan,0.28
5/13/2025 8:46:55,1.17.0,PRexp,10,3.79,nan,4,Left,Left,8509,634,607,5,nan,nan,0.20
5/13/2025 8:47:02,1.17.0,PRexp,10,3.79,4,4,Pellet,Left,8509,634,608,6,0.06,47,nan
5/13/2025 8:47:35,1.17.0,PRexp,10,3.79,nan,5,Left,Left,8510,634,608,6,nan,nan,0.13
5/13/2025 8:47:40,1.17.0,PRexp,10,3.79,nan,5,Left,Left,8511,634,608,6,nan,nan,0.42
5/13/2025 8:47:44,1.17.0,PRexp,10,3.79,nan,5,Left,Left,8512,634,608,6,nan,nan,0.21
5/13/2025 8:47:47,1.17.0,PRexp,10,3.79,nan,5,Left,Left,8513,634,608,6,nan,nan,0.33
5/13/2025 8:47:51,1.17.0,PRexp,10,3.79,nan,5,Left,Left,8514,634,608,6,nan,nan,1.00
5/13/2025 8:47:53,1.17.0,PRexp,10,3.79,1,5,Pellet,Left,8514,634,609,7,0.06,51,nan
5/13/2025 8:48:03,1.17.0,PRexp,10,3.79,nan,6,Left,Left,8515,634,609,7,nan,nan,0.22
5/13/2025 8:48:07,1.17.0,PRexp,10,3.79,nan,6,Left,Left,8516,634,609,7,nan,nan,0.23
5/13/2025 8:48:11,1.17.0,PRexp,10,3.79,nan,6,Left,Left,8517,634,609,7,nan,nan,0.41
5/13/2025 8:48:17,1.17.0,PRexp,10,3.79,nan,6,Left,Left,8518,634,609,7,nan,nan,0.28
5/13/2025 8:48:20,1.17.0,PRexp,10,3.79,nan,6,Left,Left,8519,634,609,7,nan,nan,0.40
5/13/2025 8:48:23,1.17.0,PRexp,10,3.80,nan,6,Left,Left,8520,634,609,7,nan,nan,0.19
5/13/2025 8:48:25,1.17.0,PRexp,10,3.79,1,6,Pellet,Left,8520,634,610,8,0.06,32,nan
5/13/2025 8:48:33,1.17.0,PRexp,10,3.79,nan,7,Left,Left,8521,634,610,8,nan,nan,0.10
5/13/2025 8:48:34,1.17.0,PRexp,10,3.79,nan,7,Left,Left,8522,634,610,8,nan,nan,0.06
5/13/2025 8:48:38,1.17.0,PRexp,10,3.79,nan,7,Left,Left,8523,634,610,8,nan,nan,0.40
5/13/2025 8:49:09,1.17.0,PRexp,10,3.79,nan,7,Left,Left,8524,634,610,8,nan,nan,0.24
5/13/2025 8:49:11,1.17.0,PRexp,10,3.80,nan,7,Left,Left,8525,634,610,8,nan,nan,0.24
5/13/2025 9:25:33,1.17.0,PRexp,10,3.79,nan,1,Left,Left,8526,634,610,0,nan,nan,0.62
5/13/2025 9:25:36,1.17.0,PRexp,10,3.79,1,1,Pellet,Left,8526,634,611,1,0.42,2231,nan
5/13/2025 9:26:11,1.17.0,PRexp,10,3.79,nan,1,Left,Left,8527,634,611,1,nan,nan,0.05
5/13/2025 9:26:13,1.17.0,PRexp,10,3.79,2,1,Pellet,Left,8527,634,612,2,0.06,37,nan
5/13/2025 9:26:26,1.17.0,PRexp,10,3.79,nan,2,Left,Left,8528,634,612,2,nan,nan,0.42
5/13/2025 9:26:27,1.17.0,PRexp,10,3.79,nan,2,Left,Left,8529,634,612,2,nan,nan,0.17
5/13/2025 9:26:29,1.17.0,PRexp,10,3.79,2,2,Pellet,Left,8529,634,613,3,0.42,16,nan
5/13/2025 9:26:57,1.17.0,PRexp,10,3.79,nan,2,Left,Left,8530,634,613,3,nan,nan,0.21
5/13/2025 9:27:00,1.17.0,PRexp,10,3.79,nan,2,Left,Left,8531,634,613,3,nan,nan,0.43
5/13/2025 9:27:07,1.17.0,PRexp,10,3.78,4,2,Pellet,Left,8531,634,614,4,0.12,38,nan
5/13/2025 9:28:05,1.17.0,PRexp,10,3.79,nan,3,Left,Left,8532,634,614,4,nan,nan,0.21
5/13/2025 9:28:07,1.17.0,PRexp,10,3.79,nan,3,Left,Left,8533,634,614,4,nan,nan,0.85
5/13/2025 9:28:10,1.17.0,PRexp,10,3.79,nan,3,Left,Left,8534,634,614,4,nan,nan,0.20
5/13/2025 9:28:29,1.17.0,PRexp,10,3.78,5,3,Pellet,Left,8534,634,615,5,10.84,82,nan
5/13/2025 9:30:37,1.17.0,PRexp,10,3.79,nan,4,Left,Left,8535,634,615,5,nan,nan,0.34
5/13/2025 9:30:39,1.17.0,PRexp,10,3.79,nan,4,Left,Left,8536,634,615,5,nan,nan,0.91
5/13/2025 9:30:43,1.17.0,PRexp,10,3.79,nan,4,Left,Left,8537,634,615,5,nan,nan,1.50
5/13/2025 9:30:47,1.17.0,PRexp,10,3.79,nan,4,Left,Left,8538,634,615,5,nan,nan,0.49
5/13/2025 9:30:50,1.17.0,PRexp,10,3.79,2,4,Pellet,Left,8538,634,616,6,0.06,141,nan
5/13/2025 9:31:20,1.17.0,PRexp,10,3.79,nan,5,Left,Left,8539,634,616,6,nan,nan,0.18
5/13/2025 9:31:22,1.17.0,PRexp,10,3.79,nan,5,Left,Left,8540,634,616,6,nan,nan,0.89
5/13/2025 9:31:25,1.17.0,PRexp,10,3.79,nan,5,Left,Left,8541,634,616,6,nan,nan,0.23
5/13/2025 9:31:26,1.17.0,PRexp,10,3.79,nan,5,Left,Left,8542,634,616,6,nan,nan,0.00
5/13/2025 9:31:30,1.17.0,PRexp,10,3.79,nan,5,Left,Left,8543,634,616,6,nan,nan,0.52
5/13/2025 9:31:54,1.17.0,PRexp,10,3.79,5,5,Pellet,Left,8543,634,617,7,14.91,64,nan
5/13/2025 9:32:30,1.17.0,PRexp,10,3.79,nan,6,Left,Left,8544,634,617,7,nan,nan,0.07
5/13/2025 9:32:33,1.17.0,PRexp,10,3.79,nan,6,Left,Left,8545,634,617,7,nan,nan,0.60
5/13/2025 9:32:35,1.17.0,PRexp,10,3.79,nan,6,Left,Left,8546,634,617,7,nan,nan,0.14
5/13/2025 9:32:40,1.17.0,PRexp,10,3.79,nan,6,Left,Left,8547,634,617,7,nan,nan,0.27
5/13/2025 9:32:42,1.17.0,PRexp,10,3.79,nan,6,Left,Left,8548,634,617,7,nan,nan,0.58
5/13/2025 9:32:44,1.17.0,PRexp,10,3.79,nan,6,Left,Left,8549,634,617,7,nan,nan,0.00
5/13/2025 9:32:49,1.17.0,PRexp,10,3.79,3,6,Pellet,Left,8549,634,618,8,0.06,55,nan
5/13/2025 9:33:22,1.17.0,PRexp,10,3.79,nan,7,Left,Left,8550,634,618,8,nan,nan,0.75
5/13/2025 9:33:23,1.17.0,PRexp,10,3.79,nan,7,Left,Left,8551,634,618,8,nan,nan,0.16
5/13/2025 9:33:30,1.17.0,PRexp,10,3.79,nan,7,Left,Left,8552,634,618,8,nan,nan,0.00
5/13/2025 9:33:34,1.17.0,PRexp,10,3.78,nan,7,Left,Left,8553,634,618,8,nan,nan,0.95
5/13/2025 9:33:35,1.17.0,PRexp,10,3.79,nan,7,Left,Left,8554,634,618,8,nan,nan,0.00
5/13/2025 9:33:39,1.17.0,PRexp,10,3.79,nan,7,Left,Left,8555,634,618,8,nan,nan,0.24
5/13/2025 9:33:40,1.17.0,PRexp,10,3.80,nan,7,Left,Left,8556,634,618,8,nan,nan,0.23
5/13/2025 9:33:45,1.17.0,PRexp,10,3.79,3,7,Pellet,Left,8556,634,619,9,0.06,56,nan
5/13/2025 9:35:36,1.17.0,PRexp,10,3.79,nan,9,Left,Left,8557,634,619,9,nan,nan,0.22
5/13/2025 9:47:25,1.17.0,PRexp,10,3.79,nan,9,Left,Left,8558,634,619,9,nan,nan,0.00
5/13/2025 9:47:31,1.17.0,PRexp,10,3.79,nan,9,Left,Left,8559,634,619,9,nan,nan,0.07
5/13/2025 9:47:33,1.17.0,PRexp,10,3.79,nan,9,Left,Left,8560,634,619,9,nan,nan,0.19
5/13/2025 9:47:37,1.17.0,PRexp,10,3.79,nan,9,Left,Left,8561,634,619,9,nan,nan,0.15
5/13/2025 9:47:40,1.17.0,PRexp,10,3.79,nan,9,Left,Left,8562,634,619,9,nan,nan,0.03
5/13/2025 9:47:44,1.17.0,PRexp,10,3.79,nan,9,Left,Left,8563,634,619,9,nan,nan,0.22
5/13/2025 9:47:49,1.17.0,PRexp,10,3.79,nan,9,Left,Left,8564,634,619,9,nan,nan,0.05
5/13/2025 9:48:45,1.17.0,PRexp,10,3.79,nan,9,Left,Left,8565,634,619,9,nan,nan,0.10
5/13/2025 9:48:53,1.17.0,PRexp,10,3.78,nan,9,LeftWithPellet,Left,8566,634,619,10,nan,nan,0.01
5/13/2025 9:48:59,1.17.0,PRexp,10,3.79,3,9,Pellet,Left,8566,634,620,10,7.23,914,nan
5/13/2025 9:49:47,1.17.0,PRexp,10,3.78,nan,10,Left,Left,8567,634,620,10,nan,nan,0.00
5/13/2025 9:50:56,1.17.0,PRexp,10,3.79,nan,10,Left,Left,8568,634,620,10,nan,nan,0.46
5/13/2025 9:50:59,1.17.0,PRexp,10,3.79,nan,10,Left,Left,8569,634,620,10,nan,nan,0.14
5/13/2025 9:51:01,1.17.0,PRexp,10,3.78,nan,10,Left,Left,8570,634,620,10,nan,nan,0.23
5/13/2025 9:51:07,1.17.0,PRexp,10,3.79,nan,10,Left,Left,8571,634,620,10,nan,nan,0.85
5/13/2025 9:51:10,1.17.0,PRexp,10,3.79,nan,10,Left,Left,8572,634,620,10,nan,nan,0.24
5/13/2025 9:51:14,1.17.0,PRexp,10,3.79,nan,10,Left,Left,8573,634,620,10,nan,nan,0.51
5/13/2025 9:51:18,1.17.0,PRexp,10,3.79,nan,10,Left,Left,8574,634,620,10,nan,nan,0.19
5/13/2025 9:51:24,1.17.0,PRexp,10,3.79,nan,10,Left,Left,8575,634,620,10,nan,nan,0.11
5/13/2025 10:30:52,1.17.0,PRexp,10,3.78,nan,1,Left,Left,8576,634,620,0,nan,nan,0.19
5/13/2025 10:31:02,1.17.0,PRexp,10,3.79,5,1,Pellet,Left,8576,634,621,1,1.90,2523,nan
5/13/2025 10:31:53,1.17.0,PRexp,10,3.79,nan,1,Left,Left,8577,634,621,1,nan,nan,1.12
5/13/2025 10:31:56,1.17.0,PRexp,10,3.78,2,1,Pellet,Left,8577,634,622,2,0.12,54,nan
5/13/2025 10:32:42,1.17.0,PRexp,10,3.78,nan,2,Left,Left,8578,634,622,2,nan,nan,0.17
5/13/2025 10:32:49,1.17.0,PRexp,10,3.78,nan,2,Left,Left,8579,634,622,2,nan,nan,0.16
5/13/2025 10:32:56,1.17.0,PRexp,10,3.78,4,2,Pellet,Left,8579,634,623,3,0.06,60,nan
5/13/2025 10:33:44,1.17.0,PRexp,10,3.79,nan,2,Left,Left,8580,634,623,3,nan,nan,0.15
5/13/2025 10:33:50,1.17.0,PRexp,10,3.78,nan,2,Left,Left,8581,634,623,3,nan,nan,0.60
5/13/2025 10:33:55,1.17.0,PRexp,10,3.78,3,2,Pellet,Left,8581,634,624,4,0.06,59,nan
5/13/2025 10:34:37,1.17.0,PRexp,10,3.78,nan,3,Left,Left,8582,634,624,4,nan,nan,0.31
5/13/2025 10:34:43,1.17.0,PRexp,10,3.79,nan,3,Left,Left,8583,634,624,4,nan,nan,0.53
5/13/2025 10:34:47,1.17.0,PRexp,10,3.79,nan,3,Left,Left,8584,634,624,4,nan,nan,0.18
5/13/2025 10:34:49,1.17.0,PRexp,10,3.78,2,3,Pellet,Left,8584,634,625,5,0.06,54,nan
5/13/2025 10:35:58,1.17.0,PRexp,10,3.79,nan,4,Left,Left,8585,634,625,5,nan,nan,0.16
5/13/2025 10:36:01,1.17.0,PRexp,10,3.78,nan,4,Left,Left,8586,634,625,5,nan,nan,0.10
5/13/2025 10:36:04,1.17.0,PRexp,10,3.78,nan,4,Left,Left,8587,634,625,5,nan,nan,0.28
5/13/2025 10:36:07,1.17.0,PRexp,10,3.79,nan,4,Left,Left,8588,634,625,5,nan,nan,0.60
5/13/2025 10:36:09,1.17.0,PRexp,10,3.78,1,4,Pellet,Left,8588,634,626,6,0.06,80,nan
5/13/2025 10:36:24,1.17.0,PRexp,10,3.79,nan,5,Left,Left,8589,634,626,6,nan,nan,0.13
5/13/2025 10:36:29,1.17.0,PRexp,10,3.79,nan,5,Left,Left,8590,634,626,6,nan,nan,0.46
5/13/2025 10:36:33,1.17.0,PRexp,10,3.78,nan,5,Left,Left,8591,634,626,6,nan,nan,0.12
5/13/2025 10:36:37,1.17.0,PRexp,10,3.79,nan,5,Left,Left,8592,634,626,6,nan,nan,0.24
5/13/2025 10:36:40,1.17.0,PRexp,10,3.78,nan,5,Left,Left,8593,634,626,6,nan,nan,0.75
5/13/2025 10:36:43,1.17.0,PRexp,10,3.78,2,5,Pellet,Left,8593,634,627,7,0.06,34,nan
5/13/2025 10:37:23,1.17.0,PRexp,10,3.79,nan,6,Left,Left,8594,634,627,7,nan,nan,0.12
5/13/2025 10:37:28,1.17.0,PRexp,10,3.79,nan,6,Left,Left,8595,634,627,7,nan,nan,0.16
5/13/2025 10:37:31,1.17.0,PRexp,10,3.78,nan,6,Left,Left,8596,634,627,7,nan,nan,0.61
5/13/2025 10:37:36,1.17.0,PRexp,10,3.79,nan,6,Left,Left,8597,634,627,7,nan,nan,0.98
5/13/2025 10:37:40,1.17.0,PRexp,10,3.78,nan,6,Left,Left,8598,634,627,7,nan,nan,0.67
5/13/2025 10:37:47,1.17.0,PRexp,10,3.78,nan,6,Left,Left,8599,634,627,7,nan,nan,0.28
5/13/2025 10:38:08,1.17.0,PRexp,10,3.79,5,6,Pellet,Left,8599,634,628,8,9.41,84,nan
5/13/2025 10:48:34,1.17.0,PRexp,10,3.78,nan,7,Left,Left,8600,634,628,8,nan,nan,0.28
5/13/2025 10:48:50,1.17.0,PRexp,10,3.78,nan,7,Left,Left,8601,634,628,8,nan,nan,0.07
5/13/2025 11:39:58,1.17.0,PRexp,10,3.78,nan,1,Left,Left,8602,634,628,0,nan,nan,0.07
5/13/2025 11:40:02,1.17.0,PRexp,10,3.78,2,1,Pellet,Left,8602,634,629,1,0.98,3715,nan
5/13/2025 11:40:51,1.17.0,PRexp,10,3.78,nan,1,Left,Left,8603,634,629,1,nan,nan,0.29
5/13/2025 11:40:54,1.17.0,PRexp,10,3.78,2,1,Pellet,Left,8603,634,630,2,0.36,52,nan
5/13/2025 11:41:42,1.17.0,PRexp,10,3.78,nan,2,Left,Left,8604,634,630,2,nan,nan,0.00
5/13/2025 11:41:45,1.17.0,PRexp,10,3.78,nan,2,Left,Left,8605,634,630,2,nan,nan,0.15
5/13/2025 11:41:47,1.17.0,PRexp,10,3.78,1,2,Pellet,Left,8605,634,631,3,0.06,53,nan
5/13/2025 11:42:02,1.17.0,PRexp,10,3.78,nan,2,Left,Left,8606,634,631,3,nan,nan,0.27
5/13/2025 11:42:03,1.17.0,PRexp,10,3.78,nan,2,Left,Left,8607,634,631,3,nan,nan,0.21
5/13/2025 11:42:20,1.17.0,PRexp,10,3.78,4,2,Pellet,Left,8607,634,632,4,10.58,33,nan
5/13/2025 11:43:42,1.17.0,PRexp,10,3.78,nan,3,Left,Left,8608,634,632,4,nan,nan,0.04
5/13/2025 11:43:45,1.17.0,PRexp,10,3.78,nan,3,Left,Left,8609,634,632,4,nan,nan,0.21
5/13/2025 11:43:47,1.17.0,PRexp,10,3.78,nan,3,Left,Left,8610,634,632,4,nan,nan,0.35
5/13/2025 11:43:52,1.17.0,PRexp,10,3.78,3,3,Pellet,Left,8610,634,633,5,0.06,91,nan
5/13/2025 11:44:20,1.17.0,PRexp,10,3.78,nan,4,Left,Left,8611,634,633,5,nan,nan,0.22
5/13/2025 11:44:22,1.17.0,PRexp,10,3.78,nan,4,Left,Left,8612,634,633,5,nan,nan,0.12
5/13/2025 11:44:27,1.17.0,PRexp,10,3.78,nan,4,Left,Left,8613,634,633,5,nan,nan,0.31
5/13/2025 11:44:30,1.17.0,PRexp,10,3.78,nan,4,Left,Left,8614,634,633,5,nan,nan,0.41
5/13/2025 11:44:46,1.17.0,PRexp,10,3.78,3,4,Pellet,Left,8614,634,634,6,9.23,55,nan
5/13/2025 11:45:47,1.17.0,PRexp,10,3.78,nan,5,Left,Left,8615,634,634,6,nan,nan,0.02
5/13/2025 11:45:48,1.17.0,PRexp,10,3.78,nan,5,Left,Left,8616,634,634,6,nan,nan,0.30
5/13/2025 11:45:53,1.17.0,PRexp,10,3.79,nan,5,Left,Left,8617,634,634,6,nan,nan,0.79
5/13/2025 11:45:56,1.17.0,PRexp,10,3.79,nan,5,Left,Left,8618,634,634,6,nan,nan,0.30
5/13/2025 11:45:59,1.17.0,PRexp,10,3.78,nan,5,Left,Left,8619,634,634,6,nan,nan,0.74
5/13/2025 11:46:04,1.17.0,PRexp,10,3.78,3,5,Pellet,Left,8619,634,635,7,0.06,78,nan
5/13/2025 11:46:42,1.17.0,PRexp,10,3.79,nan,6,Left,Left,8620,634,635,7,nan,nan,0.34
5/13/2025 11:46:45,1.17.0,PRexp,10,3.78,nan,6,Left,Left,8621,634,635,7,nan,nan,1.15
5/13/2025 11:46:49,1.17.0,PRexp,10,3.78,nan,6,Left,Left,8622,634,635,7,nan,nan,0.55
5/13/2025 11:46:52,1.17.0,PRexp,10,3.78,nan,6,Left,Left,8623,634,635,7,nan,nan,0.56
5/13/2025 11:46:54,1.17.0,PRexp,10,3.78,nan,6,Left,Left,8624,634,635,7,nan,nan,0.46
5/13/2025 11:46:58,1.17.0,PRexp,10,3.79,nan,6,Left,Left,8625,634,635,7,nan,nan,0.65
5/13/2025 11:47:00,1.17.0,PRexp,10,3.78,2,6,Pellet,Left,8625,634,636,8,0.12,56,nan
5/13/2025 11:47:18,1.17.0,PRexp,10,3.78,nan,7,Left,Left,8626,634,636,8,nan,nan,0.13
5/13/2025 11:47:23,1.17.0,PRexp,10,3.78,nan,7,Left,Left,8627,634,636,8,nan,nan,1.58
5/13/2025 11:47:25,1.17.0,PRexp,10,3.78,nan,7,Left,Left,8628,634,636,8,nan,nan,0.35
5/13/2025 11:47:28,1.17.0,PRexp,10,3.78,nan,7,Left,Left,8629,634,636,8,nan,nan,0.31
5/13/2025 11:47:30,1.17.0,PRexp,10,3.78,nan,7,Left,Left,8630,634,636,8,nan,nan,0.25
5/13/2025 11:47:32,1.17.0,PRexp,10,3.78,nan,7,Left,Left,8631,634,636,8,nan,nan,0.27
5/13/2025 11:47:33,1.17.0,PRexp,10,3.78,nan,7,Left,Left,8632,634,636,8,nan,nan,0.00
5/13/2025 11:47:49,1.17.0,PRexp,10,3.78,3,7,Pellet,Left,8632,634,637,9,11.14,49,nan
5/13/2025 11:48:28,1.17.0,PRexp,10,3.78,nan,9,Left,Left,8633,634,637,9,nan,nan,0.06
5/13/2025 11:48:35,1.17.0,PRexp,10,3.78,nan,9,Left,Left,8634,634,637,9,nan,nan,0.00
5/13/2025 11:48:38,1.17.0,PRexp,10,3.78,nan,9,Left,Left,8635,634,637,9,nan,nan,0.08
5/13/2025 11:59:25,1.17.0,PRexp,10,3.78,nan,9,Right,Left,8635,635,637,9,nan,nan,0.19
5/13/2025 11:59:26,1.17.0,PRexp,10,3.79,nan,9,Right,Left,8635,636,637,9,nan,nan,0.16
5/13/2025 12:00:55,1.17.0,PRexp,10,3.78,nan,9,Left,Left,8636,636,637,9,nan,nan,0.21
5/13/2025 12:00:56,1.17.0,PRexp,10,3.78,nan,9,Left,Left,8637,636,637,9,nan,nan,0.10
5/13/2025 12:00:59,1.17.0,PRexp,10,3.78,nan,9,Left,Left,8638,636,637,9,nan,nan,0.09
5/13/2025 12:01:02,1.17.0,PRexp,10,3.78,nan,9,Left,Left,8639,636,637,9,nan,nan,0.11
5/13/2025 12:01:04,1.17.0,PRexp,10,3.78,nan,9,Left,Left,8640,636,637,9,nan,nan,0.14
5/13/2025 12:01:07,1.17.0,PRexp,10,3.78,nan,9,Left,Left,8641,636,637,9,nan,nan,0.25
5/13/2025 12:01:09,1.17.0,PRexp,10,3.78,2,9,Pellet,Left,8641,636,638,10,0.06,800,nan
5/13/2025 12:01:39,1.17.0,PRexp,10,3.78,nan,10,Left,Left,8642,636,638,10,nan,nan,0.15
5/13/2025 12:01:41,1.17.0,PRexp,10,3.78,nan,10,Left,Left,8643,636,638,10,nan,nan,0.16
5/13/2025 12:02:02,1.17.0,PRexp,10,3.78,nan,10,Right,Left,8643,637,638,10,nan,nan,0.03
5/13/2025 12:02:57,1.17.0,PRexp,10,3.78,nan,10,Left,Left,8644,637,638,10,nan,nan,0.13
5/13/2025 12:03:04,1.17.0,PRexp,10,3.78,nan,10,Left,Left,8645,637,638,10,nan,nan,0.13
5/13/2025 12:03:06,1.17.0,PRexp,10,3.78,nan,10,Left,Left,8646,637,638,10,nan,nan,0.13
5/13/2025 12:03:07,1.17.0,PRexp,10,3.78,nan,10,Left,Left,8647,637,638,10,nan,nan,0.35
5/13/2025 12:03:10,1.17.0,PRexp,10,3.78,nan,10,Left,Left,8648,637,638,10,nan,nan,0.16
5/13/2025 12:03:17,1.17.0,PRexp,10,3.78,nan,10,Left,Left,8649,637,638,10,nan,nan,0.07
5/13/2025 12:03:57,1.17.0,PRexp,10,3.78,nan,10,Left,Left,8650,637,638,10,nan,nan,0.11
5/13/2025 12:05:06,1.17.0,PRexp,10,3.78,nan,10,Left,Left,8651,637,638,10,nan,nan,0.04
5/13/2025 12:05:11,1.17.0,PRexp,10,3.78,2,10,Pellet,Left,8651,637,639,11,0.12,241,nan
5/13/2025 12:07:31,1.17.0,PRexp,10,3.78,nan,12,Right,Left,8651,638,639,11,nan,nan,0.04
5/13/2025 12:07:56,1.17.0,PRexp,10,3.78,nan,12,Left,Left,8652,638,639,11,nan,nan,0.03
5/13/2025 12:08:27,1.17.0,PRexp,10,3.78,nan,12,Left,Left,8653,638,639,11,nan,nan,0.12
5/13/2025 12:08:29,1.17.0,PRexp,10,3.78,nan,12,Left,Left,8654,638,639,11,nan,nan,0.11
5/13/2025 12:08:32,1.17.0,PRexp,10,3.78,nan,12,Left,Left,8655,638,639,11,nan,nan,0.08
5/13/2025 12:08:37,1.17.0,PRexp,10,3.78,nan,12,Left,Left,8656,638,639,11,nan,nan,0.17
5/13/2025 12:08:42,1.17.0,PRexp,10,3.78,nan,12,Left,Left,8657,638,639,11,nan,nan,0.15
5/13/2025 12:09:17,1.17.0,PRexp,10,3.78,nan,12,Left,Left,8658,638,639,11,nan,nan,0.09
5/13/2025 12:12:44,1.17.0,PRexp,10,3.78,nan,12,Left,Left,8659,638,639,11,nan,nan,0.06
5/13/2025 12:17:19,1.17.0,PRexp,10,3.78,nan,12,Left,Left,8660,638,639,11,nan,nan,0.31
5/13/2025 12:17:21,1.17.0,PRexp,10,3.78,nan,12,Left,Left,8661,638,639,11,nan,nan,0.29
5/13/2025 12:17:22,1.17.0,PRexp,10,3.78,nan,12,Left,Left,8662,638,639,11,nan,nan,0.39
5/13/2025 12:17:24,1.17.0,PRexp,10,3.78,nan,12,Left,Left,8663,638,639,11,nan,nan,0.07
5/13/2025 12:17:27,1.17.0,PRexp,10,3.78,2,12,Pellet,Left,8663,638,640,12,0.06,737,nan
5/13/2025 12:18:39,1.17.0,PRexp,10,3.78,nan,13,Left,Left,8664,638,640,12,nan,nan,0.68
5/13/2025 12:18:42,1.17.0,PRexp,10,3.78,nan,13,Left,Left,8665,638,640,12,nan,nan,0.25
5/13/2025 12:18:44,1.17.0,PRexp,10,3.78,nan,13,Left,Left,8666,638,640,12,nan,nan,0.25
5/13/2025 12:18:48,1.17.0,PRexp,10,3.78,nan,13,Left,Left,8667,638,640,12,nan,nan,0.22
