Mouse,Gamma,Delta_Plus,Delta_Omission
FED005_101723_01,0.6209218910157804,0.6180481458418555,-0.1
FED006_101723_01,0.5786931334085121,0.6425332035054845,-0.1
